time,rain,tmax,tmin,rhmax,rhmin
1981-01-01,0.0,,,,
1981-01-02,0.0,,,,
1981-01-03,0.0,,,,
1981-01-04,0.0,,,,
1981-01-05,0.0,,,,
1981-01-06,0.0,,,,
1981-01-07,0.0,,,,
1981-01-08,0.0,,,,
1981-01-09,0.0,,,,
1981-01-10,0.0,,,,
1981-01-11,0.0,,,,
1981-01-12,0.0,,,,
1981-01-13,0.0,,,,
1981-01-14,0.0,,,,
1981-01-15,0.03,,,,
1981-01-16,0.0,,,,
1981-01-17,0.0,,,,
1981-01-18,0.0,,,,
1981-01-19,0.0,,,,
1981-01-20,0.0,,,,
1981-01-21,0.0,,,,
1981-01-22,0.0,,,,
1981-01-23,0.0,,,,
1981-01-24,0.0,,,,
1981-01-25,0.0,,,,
1981-01-26,0.0,,,,
1981-01-27,0.0,,,,
1981-01-28,0.0,,,,
1981-01-29,0.0,,,,
1981-01-30,0.0,,,,
1981-01-31,0.0,,,,
1981-02-01,0.0,,,,
1981-02-02,0.0,,,,
1981-02-03,0.0,,,,
1981-02-04,0.0,,,,
1981-02-05,0.0,,,,
1981-02-06,0.0,,,,
1981-02-07,0.0,,,,
1981-02-08,0.0,,,,
1981-02-09,0.0,,,,
1981-02-10,0.0,,,,
1981-02-11,0.0,,,,
1981-02-12,0.0,,,,
1981-02-13,0.0,,,,
1981-02-14,0.0,,,,
1981-02-15,0.0,,,,
1981-02-16,0.0,,,,
1981-02-17,0.0,,,,
1981-02-18,0.0,,,,
1981-02-19,0.0,,,,
1981-02-20,0.0,,,,
1981-02-21,0.0,,,,
1981-02-22,0.0,,,,
1981-02-23,0.0,,,,
1981-02-24,0.0,,,,
1981-02-25,0.0,,,,
1981-02-26,0.0,,,,
1981-02-27,0.0,,,,
1981-02-28,0.0,,,,
1981-03-01,0.0,,,,
1981-03-02,0.0,,,,
1981-03-03,0.0,,,,
1981-03-04,0.0,,,,
1981-03-05,0.0,,,,
1981-03-06,0.0,,,,
1981-03-07,0.0,,,,
1981-03-08,0.0,,,,
1981-03-09,0.0,,,,
1981-03-10,0.0,,,,
1981-03-11,0.0,,,,
1981-03-12,0.0,,,,
1981-03-13,0.0,,,,
1981-03-14,0.0,,,,
1981-03-15,0.0,,,,
1981-03-16,0.0,,,,
1981-03-17,0.0,,,,
1981-03-18,0.0,,,,
1981-03-19,0.0,,,,
1981-03-20,0.0,,,,
1981-03-21,0.0,,,,
1981-03-22,0.0,,,,
1981-03-23,0.0,,,,
1981-03-24,0.0,,,,
1981-03-25,0.0,,,,
1981-03-26,0.0,,,,
1981-03-27,0.0,,,,
1981-03-28,0.0,,,,
1981-03-29,0.0,,,,
1981-03-30,0.0,,,,
1981-03-31,0.0,,,,
1981-04-01,0.0,,,,
1981-04-02,0.0,,,,
1981-04-03,0.0,,,,
1981-04-04,0.0,,,,
1981-04-05,0.0,,,,
1981-04-06,0.0,,,,
1981-04-07,0.0,,,,
1981-04-08,0.0,,,,
1981-04-09,0.0,,,,
1981-04-10,0.0,,,,
1981-04-11,0.0,,,,
1981-04-12,0.0,,,,
1981-04-13,0.0,,,,
1981-04-14,0.0,,,,
1981-04-15,0.0,,,,
1981-04-16,0.0,,,,
1981-04-17,0.0,,,,
1981-04-18,0.0,,,,
1981-04-19,0.0,,,,
1981-04-20,0.0,,,,
1981-04-21,0.0,,,,
1981-04-22,0.0,,,,
1981-04-23,0.0,,,,
1981-04-24,0.0,,,,
1981-04-25,0.0,,,,
1981-04-26,0.0,,,,
1981-04-27,0.0,,,,
1981-04-28,0.0,,,,
1981-04-29,0.0,,,,
1981-04-30,0.0,,,,
1981-05-01,0.0,,,,
1981-05-02,0.0,,,,
1981-05-03,0.03,,,,
1981-05-04,0.0,,,,
1981-05-05,0.0,,,,
1981-05-06,0.0,,,,
1981-05-07,0.0,,,,
1981-05-08,0.0,,,,
1981-05-09,0.0,,,,
1981-05-10,0.0,,,,
1981-05-11,0.0,,,,
1981-05-12,0.0,,,,
1981-05-13,0.0,,,,
1981-05-14,0.0,,,,
1981-05-15,0.0,,,,
1981-05-16,0.0,,,,
1981-05-17,0.0,,,,
1981-05-18,0.0,,,,
1981-05-19,0.0,,,,
1981-05-20,0.0,,,,
1981-05-21,0.0,,,,
1981-05-22,0.0,,,,
1981-05-23,0.0,,,,
1981-05-24,0.0,,,,
1981-05-25,0.0,,,,
1981-05-26,0.0,,,,
1981-05-27,0.0,,,,
1981-05-28,0.0,,,,
1981-05-29,0.0,,,,
1981-05-30,0.0,,,,
1981-05-31,0.0,,,,
1981-06-01,0.0,,,,
1981-06-02,0.0,,,,
1981-06-03,0.0,,,,
1981-06-04,0.0,,,,
1981-06-05,0.0,,,,
1981-06-06,0.0,,,,
1981-06-07,0.0,,,,
1981-06-08,0.0,,,,
1981-06-09,0.0,,,,
1981-06-10,0.0,,,,
1981-06-11,0.0,,,,
1981-06-12,0.0,,,,
1981-06-13,0.0,,,,
1981-06-14,0.0,,,,
1981-06-15,0.0,,,,
1981-06-16,0.0,,,,
1981-06-17,0.0,,,,
1981-06-18,0.0,,,,
1981-06-19,0.0,,,,
1981-06-20,0.0,,,,
1981-06-21,0.0,,,,
1981-06-22,0.0,,,,
1981-06-23,2.4,,,,
1981-06-24,20.97,,,,
1981-06-25,5.21,,,,
1981-06-26,0.0,,,,
1981-06-27,0.0,,,,
1981-06-28,0.04,,,,
1981-06-29,0.0,,,,
1981-06-30,0.0,,,,
1981-07-01,0.0,,,,
1981-07-02,1.23,,,,
1981-07-03,4.14,,,,
1981-07-04,11.44,,,,
1981-07-05,0.42,,,,
1981-07-06,0.0,,,,
1981-07-07,0.0,,,,
1981-07-08,0.17,,,,
1981-07-09,0.0,,,,
1981-07-10,0.0,,,,
1981-07-11,0.0,,,,
1981-07-12,0.0,,,,
1981-07-13,2.04,,,,
1981-07-14,3.6,,,,
1981-07-15,0.02,,,,
1981-07-16,0.0,,,,
1981-07-17,0.0,,,,
1981-07-18,0.0,,,,
1981-07-19,0.0,,,,
1981-07-20,0.08,,,,
1981-07-21,0.0,,,,
1981-07-22,0.0,,,,
1981-07-23,1.75,,,,
1981-07-24,22.37,,,,
1981-07-25,15.29,,,,
1981-07-26,12.33,,,,
1981-07-27,0.0,,,,
1981-07-28,1.94,,,,
1981-07-29,3.57,,,,
1981-07-30,4.23,,,,
1981-07-31,0.72,,,,
1981-08-01,10.08,,,,
1981-08-02,13.77,,,,
1981-08-03,7.73,,,,
1981-08-04,26.35,,,,
1981-08-05,0.0,,,,
1981-08-06,1.41,,,,
1981-08-07,4.69,,,,
1981-08-08,0.03,,,,
1981-08-09,0.35,,,,
1981-08-10,10.74,,,,
1981-08-11,3.8,,,,
1981-08-12,6.66,,,,
1981-08-13,0.0,,,,
1981-08-14,0.0,,,,
1981-08-15,6.13,,,,
1981-08-16,9.41,,,,
1981-08-17,0.0,,,,
1981-08-18,0.61,,,,
1981-08-19,4.37,,,,
1981-08-20,0.35,,,,
1981-08-21,3.11,,,,
1981-08-22,0.0,,,,
1981-08-23,0.0,,,,
1981-08-24,0.53,,,,
1981-08-25,0.37,,,,
1981-08-26,10.74,,,,
1981-08-27,9.01,,,,
1981-08-28,19.11,,,,
1981-08-29,2.9,,,,
1981-08-30,11.45,,,,
1981-08-31,0.54,,,,
1981-09-01,0.59,,,,
1981-09-02,0.08,,,,
1981-09-03,0.03,,,,
1981-09-04,0.0,,,,
1981-09-05,0.0,,,,
1981-09-06,2.95,,,,
1981-09-07,0.07,,,,
1981-09-08,0.87,,,,
1981-09-09,15.68,,,,
1981-09-10,2.36,,,,
1981-09-11,16.83,,,,
1981-09-12,33.48,,,,
1981-09-13,1.94,,,,
1981-09-14,0.03,,,,
1981-09-15,0.0,,,,
1981-09-16,6.6,,,,
1981-09-17,4.84,,,,
1981-09-18,0.82,,,,
1981-09-19,0.2,,,,
1981-09-20,0.0,,,,
1981-09-21,1.01,,,,
1981-09-22,0.0,,,,
1981-09-23,0.57,,,,
1981-09-24,0.0,,,,
1981-09-25,0.09,,,,
1981-09-26,0.0,,,,
1981-09-27,0.0,,,,
1981-09-28,0.0,,,,
1981-09-29,0.0,,,,
1981-09-30,0.0,,,,
1981-10-01,0.18,,,,
1981-10-02,0.0,,,,
1981-10-03,0.0,,,,
1981-10-04,0.0,,,,
1981-10-05,0.0,,,,
1981-10-06,0.0,,,,
1981-10-07,0.01,,,,
1981-10-08,0.0,,,,
1981-10-09,0.0,,,,
1981-10-10,0.0,,,,
1981-10-11,0.0,,,,
1981-10-12,0.0,,,,
1981-10-13,0.0,,,,
1981-10-14,1.06,,,,
1981-10-15,9.82,,,,
1981-10-16,3.24,,,,
1981-10-17,0.0,,,,
1981-10-18,0.0,,,,
1981-10-19,0.0,,,,
1981-10-20,0.0,,,,
1981-10-21,0.0,,,,
1981-10-22,2.01,,,,
1981-10-23,0.0,,,,
1981-10-24,0.0,,,,
1981-10-25,0.0,,,,
1981-10-26,0.0,,,,
1981-10-27,0.0,,,,
1981-10-28,0.0,,,,
1981-10-29,0.0,,,,
1981-10-30,0.0,,,,
1981-10-31,0.0,,,,
1981-11-01,0.0,,,,
1981-11-02,0.0,,,,
1981-11-03,0.0,,,,
1981-11-04,0.0,,,,
1981-11-05,0.0,,,,
1981-11-06,0.0,,,,
1981-11-07,0.0,,,,
1981-11-08,0.0,,,,
1981-11-09,0.0,,,,
1981-11-10,0.0,,,,
1981-11-11,0.0,,,,
1981-11-12,0.0,,,,
1981-11-13,0.0,,,,
1981-11-14,0.0,,,,
1981-11-15,0.0,,,,
1981-11-16,0.0,,,,
1981-11-17,0.0,,,,
1981-11-18,0.0,,,,
1981-11-19,0.0,,,,
1981-11-20,0.0,,,,
1981-11-21,0.0,,,,
1981-11-22,0.0,,,,
1981-11-23,0.0,,,,
1981-11-24,0.0,,,,
1981-11-25,0.0,,,,
1981-11-26,0.0,,,,
1981-11-27,0.0,,,,
1981-11-28,0.0,,,,
1981-11-29,0.0,,,,
1981-11-30,0.0,,,,
1981-12-01,0.0,,,,
1981-12-02,0.0,,,,
1981-12-03,0.0,,,,
1981-12-04,0.0,,,,
1981-12-05,0.0,,,,
1981-12-06,0.0,,,,
1981-12-07,0.0,,,,
1981-12-08,0.0,,,,
1981-12-09,0.0,,,,
1981-12-10,0.0,,,,
1981-12-11,0.0,,,,
1981-12-12,0.0,,,,
1981-12-13,0.0,,,,
1981-12-14,0.0,,,,
1981-12-15,0.0,,,,
1981-12-16,0.0,,,,
1981-12-17,0.0,,,,
1981-12-18,0.0,,,,
1981-12-19,0.0,,,,
1981-12-20,0.0,,,,
1981-12-21,0.0,,,,
1981-12-22,0.0,,,,
1981-12-23,0.0,,,,
1981-12-24,0.0,,,,
1981-12-25,0.0,,,,
1981-12-26,0.0,,,,
1981-12-27,0.0,,,,
1981-12-28,0.0,,,,
1981-12-29,0.0,,,,
1981-12-30,0.0,,,,
1981-12-31,0.0,,,,
1982-01-01,0.0,,,,
1982-01-02,0.0,,,,
1982-01-03,0.0,,,,
1982-01-04,0.0,,,,
1982-01-05,0.0,,,,
1982-01-06,0.0,,,,
1982-01-07,0.0,,,,
1982-01-08,0.0,,,,
1982-01-09,0.0,,,,
1982-01-10,0.0,,,,
1982-01-11,0.0,,,,
1982-01-12,0.0,,,,
1982-01-13,0.0,,,,
1982-01-14,0.0,,,,
1982-01-15,0.0,,,,
1982-01-16,0.0,,,,
1982-01-17,0.0,,,,
1982-01-18,0.0,,,,
1982-01-19,0.0,,,,
1982-01-20,0.0,,,,
1982-01-21,0.0,,,,
1982-01-22,0.0,,,,
1982-01-23,0.0,,,,
1982-01-24,0.0,,,,
1982-01-25,0.0,,,,
1982-01-26,0.0,,,,
1982-01-27,0.0,,,,
1982-01-28,0.0,,,,
1982-01-29,0.0,,,,
1982-01-30,0.0,,,,
1982-01-31,0.0,,,,
1982-02-01,0.0,,,,
1982-02-02,0.0,,,,
1982-02-03,0.0,,,,
1982-02-04,0.0,,,,
1982-02-05,0.0,,,,
1982-02-06,0.0,,,,
1982-02-07,0.0,,,,
1982-02-08,0.0,,,,
1982-02-09,0.0,,,,
1982-02-10,0.0,,,,
1982-02-11,0.0,,,,
1982-02-12,0.0,,,,
1982-02-13,0.0,,,,
1982-02-14,0.0,,,,
1982-02-15,0.0,,,,
1982-02-16,0.0,,,,
1982-02-17,0.0,,,,
1982-02-18,0.0,,,,
1982-02-19,0.0,,,,
1982-02-20,0.0,,,,
1982-02-21,0.0,,,,
1982-02-22,0.0,,,,
1982-02-23,0.0,,,,
1982-02-24,0.0,,,,
1982-02-25,0.0,,,,
1982-02-26,0.0,,,,
1982-02-27,0.0,,,,
1982-02-28,0.0,,,,
1982-03-01,0.0,,,,
1982-03-02,0.0,,,,
1982-03-03,0.0,,,,
1982-03-04,0.0,,,,
1982-03-05,0.0,,,,
1982-03-06,0.0,,,,
1982-03-07,0.0,,,,
1982-03-08,0.0,,,,
1982-03-09,0.0,,,,
1982-03-10,0.0,,,,
1982-03-11,0.0,,,,
1982-03-12,0.0,,,,
1982-03-13,0.0,,,,
1982-03-14,0.0,,,,
1982-03-15,0.0,,,,
1982-03-16,0.0,,,,
1982-03-17,0.0,,,,
1982-03-18,0.0,,,,
1982-03-19,0.0,,,,
1982-03-20,0.0,,,,
1982-03-21,0.0,,,,
1982-03-22,0.0,,,,
1982-03-23,0.0,,,,
1982-03-24,0.0,,,,
1982-03-25,0.0,,,,
1982-03-26,0.0,,,,
1982-03-27,0.0,,,,
1982-03-28,0.0,,,,
1982-03-29,0.0,,,,
1982-03-30,0.0,,,,
1982-03-31,0.0,,,,
1982-04-01,0.0,,,,
1982-04-02,0.0,,,,
1982-04-03,0.0,,,,
1982-04-04,0.0,,,,
1982-04-05,0.0,,,,
1982-04-06,0.0,,,,
1982-04-07,0.0,,,,
1982-04-08,0.0,,,,
1982-04-09,0.0,,,,
1982-04-10,0.0,,,,
1982-04-11,0.0,,,,
1982-04-12,0.0,,,,
1982-04-13,0.0,,,,
1982-04-14,0.0,,,,
1982-04-15,0.0,,,,
1982-04-16,0.0,,,,
1982-04-17,0.0,,,,
1982-04-18,0.0,,,,
1982-04-19,0.0,,,,
1982-04-20,0.0,,,,
1982-04-21,0.0,,,,
1982-04-22,0.0,,,,
1982-04-23,0.0,,,,
1982-04-24,0.0,,,,
1982-04-25,0.0,,,,
1982-04-26,0.0,,,,
1982-04-27,0.0,,,,
1982-04-28,0.0,,,,
1982-04-29,0.0,,,,
1982-04-30,0.0,,,,
1982-05-01,0.0,,,,
1982-05-02,0.0,,,,
1982-05-03,0.0,,,,
1982-05-04,0.0,,,,
1982-05-05,0.0,,,,
1982-05-06,0.0,,,,
1982-05-07,0.0,,,,
1982-05-08,0.0,,,,
1982-05-09,0.0,,,,
1982-05-10,0.0,,,,
1982-05-11,0.0,,,,
1982-05-12,0.0,,,,
1982-05-13,0.0,,,,
1982-05-14,0.0,,,,
1982-05-15,0.0,,,,
1982-05-16,0.0,,,,
1982-05-17,0.0,,,,
1982-05-18,0.0,,,,
1982-05-19,0.0,,,,
1982-05-20,0.0,,,,
1982-05-21,0.0,,,,
1982-05-22,0.0,,,,
1982-05-23,0.0,,,,
1982-05-24,0.0,,,,
1982-05-25,0.0,,,,
1982-05-26,0.0,,,,
1982-05-27,0.0,,,,
1982-05-28,0.0,,,,
1982-05-29,0.0,,,,
1982-05-30,0.0,,,,
1982-05-31,0.04,,,,
1982-06-01,0.0,,,,
1982-06-02,0.0,,,,
1982-06-03,0.0,,,,
1982-06-04,0.0,,,,
1982-06-05,0.0,,,,
1982-06-06,0.0,,,,
1982-06-07,0.0,,,,
1982-06-08,0.0,,,,
1982-06-09,0.0,,,,
1982-06-10,0.0,,,,
1982-06-11,0.0,,,,
1982-06-12,0.0,,,,
1982-06-13,0.0,,,,
1982-06-14,0.0,,,,
1982-06-15,0.0,,,,
1982-06-16,0.0,,,,
1982-06-17,0.0,,,,
1982-06-18,0.0,,,,
1982-06-19,0.0,,,,
1982-06-20,0.0,,,,
1982-06-21,0.0,,,,
1982-06-22,0.0,,,,
1982-06-23,0.0,,,,
1982-06-24,0.0,,,,
1982-06-25,0.0,,,,
1982-06-26,0.0,,,,
1982-06-27,0.0,,,,
1982-06-28,0.0,,,,
1982-06-29,0.0,,,,
1982-06-30,0.0,,,,
1982-07-01,0.0,,,,
1982-07-02,0.0,,,,
1982-07-03,0.0,,,,
1982-07-04,0.0,,,,
1982-07-05,0.0,,,,
1982-07-06,0.0,,,,
1982-07-07,0.0,,,,
1982-07-08,0.0,,,,
1982-07-09,0.0,,,,
1982-07-10,9.85,,,,
1982-07-11,22.16,,,,
1982-07-12,1.13,,,,
1982-07-13,8.77,,,,
1982-07-14,18.32,,,,
1982-07-15,2.57,,,,
1982-07-16,0.1,,,,
1982-07-17,0.08,,,,
1982-07-18,2.29,,,,
1982-07-19,5.66,,,,
1982-07-20,0.5,,,,
1982-07-21,0.0,,,,
1982-07-22,0.0,,,,
1982-07-23,7.0,,,,
1982-07-24,9.35,,,,
1982-07-25,1.27,,,,
1982-07-26,0.54,,,,
1982-07-27,4.07,,,,
1982-07-28,35.47,,,,
1982-07-29,0.0,,,,
1982-07-30,0.0,,,,
1982-07-31,0.0,,,,
1982-08-01,0.81,,,,
1982-08-02,0.0,,,,
1982-08-03,0.0,,,,
1982-08-04,0.0,,,,
1982-08-05,0.0,,,,
1982-08-06,8.53,,,,
1982-08-07,5.49,,,,
1982-08-08,6.22,,,,
1982-08-09,0.0,,,,
1982-08-10,3.83,,,,
1982-08-11,17.63,,,,
1982-08-12,3.72,,,,
1982-08-13,4.46,,,,
1982-08-14,7.75,,,,
1982-08-15,1.3,,,,
1982-08-16,0.23,,,,
1982-08-17,0.5,,,,
1982-08-18,0.1,,,,
1982-08-19,0.31,,,,
1982-08-20,1.02,,,,
1982-08-21,10.24,,,,
1982-08-22,17.1,,,,
1982-08-23,26.85,,,,
1982-08-24,0.67,,,,
1982-08-25,7.44,,,,
1982-08-26,2.17,,,,
1982-08-27,8.58,,,,
1982-08-28,12.87,,,,
1982-08-29,4.59,,,,
1982-08-30,5.46,,,,
1982-08-31,7.96,,,,
1982-09-01,9.28,,,,
1982-09-02,0.04,,,,
1982-09-03,3.21,,,,
1982-09-04,8.11,,,,
1982-09-05,0.5,,,,
1982-09-06,0.17,,,,
1982-09-07,1.84,,,,
1982-09-08,12.25,,,,
1982-09-09,0.93,,,,
1982-09-10,1.94,,,,
1982-09-11,3.01,,,,
1982-09-12,3.04,,,,
1982-09-13,3.65,,,,
1982-09-14,2.28,,,,
1982-09-15,4.55,,,,
1982-09-16,12.63,,,,
1982-09-17,0.37,,,,
1982-09-18,0.0,,,,
1982-09-19,0.0,,,,
1982-09-20,0.51,,,,
1982-09-21,0.97,,,,
1982-09-22,0.26,,,,
1982-09-23,0.0,,,,
1982-09-24,1.16,,,,
1982-09-25,1.77,,,,
1982-09-26,0.13,,,,
1982-09-27,0.0,,,,
1982-09-28,0.0,,,,
1982-09-29,0.0,,,,
1982-09-30,0.0,,,,
1982-10-01,0.0,,,,
1982-10-02,0.0,,,,
1982-10-03,0.0,,,,
1982-10-04,1.25,,,,
1982-10-05,2.77,,,,
1982-10-06,0.0,,,,
1982-10-07,0.75,,,,
1982-10-08,0.49,,,,
1982-10-09,0.0,,,,
1982-10-10,0.0,,,,
1982-10-11,0.0,,,,
1982-10-12,0.59,,,,
1982-10-13,3.94,,,,
1982-10-14,4.68,,,,
1982-10-15,0.63,,,,
1982-10-16,0.0,,,,
1982-10-17,1.27,,,,
1982-10-18,0.0,,,,
1982-10-19,0.0,,,,
1982-10-20,0.0,,,,
1982-10-21,0.0,,,,
1982-10-22,0.0,,,,
1982-10-23,0.0,,,,
1982-10-24,0.0,,,,
1982-10-25,0.0,,,,
1982-10-26,0.0,,,,
1982-10-27,0.0,,,,
1982-10-28,0.0,,,,
1982-10-29,0.0,,,,
1982-10-30,0.0,,,,
1982-10-31,0.0,,,,
1982-11-01,0.0,,,,
1982-11-02,0.0,,,,
1982-11-03,0.0,,,,
1982-11-04,0.0,,,,
1982-11-05,0.0,,,,
1982-11-06,0.0,,,,
1982-11-07,0.0,,,,
1982-11-08,0.0,,,,
1982-11-09,0.0,,,,
1982-11-10,0.0,,,,
1982-11-11,0.0,,,,
1982-11-12,0.0,,,,
1982-11-13,0.0,,,,
1982-11-14,0.0,,,,
1982-11-15,0.0,,,,
1982-11-16,0.0,,,,
1982-11-17,0.0,,,,
1982-11-18,0.0,,,,
1982-11-19,0.0,,,,
1982-11-20,0.0,,,,
1982-11-21,0.0,,,,
1982-11-22,0.0,,,,
1982-11-23,0.0,,,,
1982-11-24,0.0,,,,
1982-11-25,0.0,,,,
1982-11-26,0.0,,,,
1982-11-27,0.0,,,,
1982-11-28,0.0,,,,
1982-11-29,0.0,,,,
1982-11-30,0.0,,,,
1982-12-01,0.0,,,,
1982-12-02,0.0,,,,
1982-12-03,0.0,,,,
1982-12-04,0.0,,,,
1982-12-05,0.0,,,,
1982-12-06,0.0,,,,
1982-12-07,0.0,,,,
1982-12-08,0.0,,,,
1982-12-09,0.0,,,,
1982-12-10,0.0,,,,
1982-12-11,0.0,,,,
1982-12-12,0.0,,,,
1982-12-13,0.0,,,,
1982-12-14,0.0,,,,
1982-12-15,0.0,,,,
1982-12-16,0.0,,,,
1982-12-17,0.0,,,,
1982-12-18,0.0,,,,
1982-12-19,0.0,,,,
1982-12-20,0.0,,,,
1982-12-21,0.0,,,,
1982-12-22,0.0,,,,
1982-12-23,0.0,,,,
1982-12-24,0.0,,,,
1982-12-25,0.0,,,,
1982-12-26,0.0,,,,
1982-12-27,0.0,,,,
1982-12-28,0.0,,,,
1982-12-29,0.0,,,,
1982-12-30,0.0,,,,
1982-12-31,0.0,,,,
1983-01-01,0.0,,,,
1983-01-02,0.0,,,,
1983-01-03,0.0,,,,
1983-01-04,0.0,,,,
1983-01-05,0.0,,,,
1983-01-06,0.0,,,,
1983-01-07,0.0,,,,
1983-01-08,0.0,,,,
1983-01-09,0.0,,,,
1983-01-10,0.0,,,,
1983-01-11,0.0,,,,
1983-01-12,0.0,,,,
1983-01-13,0.0,,,,
1983-01-14,0.0,,,,
1983-01-15,0.0,,,,
1983-01-16,0.0,,,,
1983-01-17,0.0,,,,
1983-01-18,0.0,,,,
1983-01-19,0.0,,,,
1983-01-20,0.0,,,,
1983-01-21,0.0,,,,
1983-01-22,0.0,,,,
1983-01-23,0.0,,,,
1983-01-24,0.0,,,,
1983-01-25,0.0,,,,
1983-01-26,0.0,,,,
1983-01-27,0.0,,,,
1983-01-28,0.0,,,,
1983-01-29,0.0,,,,
1983-01-30,0.0,,,,
1983-01-31,0.0,,,,
1983-02-01,0.0,,,,
1983-02-02,0.0,,,,
1983-02-03,0.0,,,,
1983-02-04,0.0,,,,
1983-02-05,0.0,,,,
1983-02-06,0.0,,,,
1983-02-07,0.0,,,,
1983-02-08,0.0,,,,
1983-02-09,0.0,,,,
1983-02-10,0.0,,,,
1983-02-11,0.0,,,,
1983-02-12,0.0,,,,
1983-02-13,0.0,,,,
1983-02-14,0.0,,,,
1983-02-15,0.01,,,,
1983-02-16,0.0,,,,
1983-02-17,0.0,,,,
1983-02-18,0.0,,,,
1983-02-19,0.0,,,,
1983-02-20,0.0,,,,
1983-02-21,0.0,,,,
1983-02-22,0.0,,,,
1983-02-23,0.0,,,,
1983-02-24,0.0,,,,
1983-02-25,0.0,,,,
1983-02-26,0.0,,,,
1983-02-27,0.0,,,,
1983-02-28,0.0,,,,
1983-03-01,0.0,,,,
1983-03-02,0.0,,,,
1983-03-03,0.0,,,,
1983-03-04,0.0,,,,
1983-03-05,0.0,,,,
1983-03-06,0.0,,,,
1983-03-07,0.0,,,,
1983-03-08,0.0,,,,
1983-03-09,0.0,,,,
1983-03-10,0.0,,,,
1983-03-11,0.0,,,,
1983-03-12,0.0,,,,
1983-03-13,0.0,,,,
1983-03-14,0.0,,,,
1983-03-15,0.0,,,,
1983-03-16,0.0,,,,
1983-03-17,0.0,,,,
1983-03-18,0.0,,,,
1983-03-19,0.0,,,,
1983-03-20,0.0,,,,
1983-03-21,0.0,,,,
1983-03-22,0.0,,,,
1983-03-23,0.0,,,,
1983-03-24,0.0,,,,
1983-03-25,0.0,,,,
1983-03-26,0.0,,,,
1983-03-27,0.0,,,,
1983-03-28,0.0,,,,
1983-03-29,0.0,,,,
1983-03-30,0.0,,,,
1983-03-31,0.0,,,,
1983-04-01,0.0,,,,
1983-04-02,0.0,,,,
1983-04-03,0.0,,,,
1983-04-04,0.0,,,,
1983-04-05,0.0,,,,
1983-04-06,0.0,,,,
1983-04-07,0.0,,,,
1983-04-08,0.0,,,,
1983-04-09,0.0,,,,
1983-04-10,0.0,,,,
1983-04-11,0.0,,,,
1983-04-12,0.0,,,,
1983-04-13,0.0,,,,
1983-04-14,0.0,,,,
1983-04-15,0.0,,,,
1983-04-16,0.0,,,,
1983-04-17,0.0,,,,
1983-04-18,0.0,,,,
1983-04-19,0.0,,,,
1983-04-20,0.0,,,,
1983-04-21,0.0,,,,
1983-04-22,0.0,,,,
1983-04-23,0.0,,,,
1983-04-24,0.0,,,,
1983-04-25,0.0,,,,
1983-04-26,0.0,,,,
1983-04-27,0.0,,,,
1983-04-28,0.0,,,,
1983-04-29,0.0,,,,
1983-04-30,0.0,,,,
1983-05-01,0.0,,,,
1983-05-02,0.0,,,,
1983-05-03,0.0,,,,
1983-05-04,0.0,,,,
1983-05-05,0.0,,,,
1983-05-06,0.0,,,,
1983-05-07,0.0,,,,
1983-05-08,0.0,,,,
1983-05-09,0.0,,,,
1983-05-10,0.0,,,,
1983-05-11,0.0,,,,
1983-05-12,0.0,,,,
1983-05-13,0.0,,,,
1983-05-14,0.0,,,,
1983-05-15,0.0,,,,
1983-05-16,0.0,,,,
1983-05-17,0.0,,,,
1983-05-18,0.0,,,,
1983-05-19,0.0,,,,
1983-05-20,0.0,,,,
1983-05-21,0.0,,,,
1983-05-22,0.0,,,,
1983-05-23,0.0,,,,
1983-05-24,0.0,,,,
1983-05-25,0.0,,,,
1983-05-26,0.0,,,,
1983-05-27,0.0,,,,
1983-05-28,0.0,,,,
1983-05-29,0.0,,,,
1983-05-30,0.0,,,,
1983-05-31,0.0,,,,
1983-06-01,0.0,,,,
1983-06-02,0.0,,,,
1983-06-03,0.0,,,,
1983-06-04,0.0,,,,
1983-06-05,0.0,,,,
1983-06-06,0.0,,,,
1983-06-07,0.0,,,,
1983-06-08,0.0,,,,
1983-06-09,0.0,,,,
1983-06-10,0.0,,,,
1983-06-11,0.0,,,,
1983-06-12,0.0,,,,
1983-06-13,0.0,,,,
1983-06-14,0.0,,,,
1983-06-15,0.01,,,,
1983-06-16,0.0,,,,
1983-06-17,0.0,,,,
1983-06-18,0.02,,,,
1983-06-19,0.03,,,,
1983-06-20,20.71,,,,
1983-06-21,0.0,,,,
1983-06-22,0.0,,,,
1983-06-23,0.0,,,,
1983-06-24,0.0,,,,
1983-06-25,0.0,,,,
1983-06-26,0.0,,,,
1983-06-27,0.16,,,,
1983-06-28,0.0,,,,
1983-06-29,0.0,,,,
1983-06-30,0.48,,,,
1983-07-01,0.21,,,,
1983-07-02,0.58,,,,
1983-07-03,0.0,,,,
1983-07-04,0.0,,,,
1983-07-05,0.1,,,,
1983-07-06,0.0,,,,
1983-07-07,0.02,,,,
1983-07-08,0.01,,,,
1983-07-09,1.25,,,,
1983-07-10,0.0,,,,
1983-07-11,0.01,,,,
1983-07-12,0.66,,,,
1983-07-13,1.83,,,,
1983-07-14,0.0,,,,
1983-07-15,0.0,,,,
1983-07-16,0.0,,,,
1983-07-17,0.0,,,,
1983-07-18,0.0,,,,
1983-07-19,0.0,,,,
1983-07-20,0.0,,,,
1983-07-21,0.0,,,,
1983-07-22,0.0,,,,
1983-07-23,0.0,,,,
1983-07-24,0.0,,,,
1983-07-25,0.0,,,,
1983-07-26,0.0,,,,
1983-07-27,0.0,,,,
1983-07-28,0.0,,,,
1983-07-29,0.0,,,,
1983-07-30,0.0,,,,
1983-07-31,0.37,,,,
1983-08-01,3.1,,,,
1983-08-02,3.41,,,,
1983-08-03,0.0,,,,
1983-08-04,0.0,,,,
1983-08-05,0.01,,,,
1983-08-06,0.0,,,,
1983-08-07,0.11,,,,
1983-08-08,9.36,,,,
1983-08-09,32.85,,,,
1983-08-10,0.64,,,,
1983-08-11,0.0,,,,
1983-08-12,1.56,,,,
1983-08-13,4.48,,,,
1983-08-14,0.09,,,,
1983-08-15,0.0,,,,
1983-08-16,0.0,,,,
1983-08-17,0.0,,,,
1983-08-18,0.0,,,,
1983-08-19,0.0,,,,
1983-08-20,1.12,,,,
1983-08-21,5.72,,,,
1983-08-22,6.74,,,,
1983-08-23,16.01,,,,
1983-08-24,0.22,,,,
1983-08-25,2.8,,,,
1983-08-26,0.0,,,,
1983-08-27,0.0,,,,
1983-08-28,0.0,,,,
1983-08-29,0.05,,,,
1983-08-30,14.24,,,,
1983-08-31,10.07,,,,
1983-09-01,1.08,,,,
1983-09-02,0.0,,,,
1983-09-03,0.0,,,,
1983-09-04,0.0,,,,
1983-09-05,0.0,,,,
1983-09-06,0.0,,,,
1983-09-07,0.02,,,,
1983-09-08,0.95,,,,
1983-09-09,1.62,,,,
1983-09-10,5.83,,,,
1983-09-11,13.59,,,,
1983-09-12,4.73,,,,
1983-09-13,0.0,,,,
1983-09-14,0.0,,,,
1983-09-15,0.0,,,,
1983-09-16,0.0,,,,
1983-09-17,0.0,,,,
1983-09-18,0.01,,,,
1983-09-19,0.03,,,,
1983-09-20,0.0,,,,
1983-09-21,10.72,,,,
1983-09-22,0.03,,,,
1983-09-23,0.31,,,,
1983-09-24,1.29,,,,
1983-09-25,2.01,,,,
1983-09-26,0.07,,,,
1983-09-27,0.0,,,,
1983-09-28,11.65,,,,
1983-09-29,3.4,,,,
1983-09-30,4.65,,,,
1983-10-01,0.0,,,,
1983-10-02,0.0,,,,
1983-10-03,0.0,,,,
1983-10-04,0.0,,,,
1983-10-05,0.17,,,,
1983-10-06,0.0,,,,
1983-10-07,0.0,,,,
1983-10-08,0.0,,,,
1983-10-09,0.0,,,,
1983-10-10,0.0,,,,
1983-10-11,0.0,,,,
1983-10-12,0.0,,,,
1983-10-13,0.0,,,,
1983-10-14,0.0,,,,
1983-10-15,0.01,,,,
1983-10-16,0.03,,,,
1983-10-17,0.17,,,,
1983-10-18,0.0,,,,
1983-10-19,0.0,,,,
1983-10-20,0.0,,,,
1983-10-21,0.0,,,,
1983-10-22,0.0,,,,
1983-10-23,0.0,,,,
1983-10-24,0.0,,,,
1983-10-25,0.0,,,,
1983-10-26,0.0,,,,
1983-10-27,0.0,,,,
1983-10-28,0.0,,,,
1983-10-29,0.0,,,,
1983-10-30,0.0,,,,
1983-10-31,0.0,,,,
1983-11-01,0.0,,,,
1983-11-02,0.0,,,,
1983-11-03,0.0,,,,
1983-11-04,0.0,,,,
1983-11-05,0.0,,,,
1983-11-06,0.0,,,,
1983-11-07,0.0,,,,
1983-11-08,0.0,,,,
1983-11-09,0.0,,,,
1983-11-10,0.0,,,,
1983-11-11,0.0,,,,
1983-11-12,0.0,,,,
1983-11-13,0.0,,,,
1983-11-14,0.0,,,,
1983-11-15,0.0,,,,
1983-11-16,0.0,,,,
1983-11-17,0.0,,,,
1983-11-18,0.0,,,,
1983-11-19,0.0,,,,
1983-11-20,0.0,,,,
1983-11-21,0.0,,,,
1983-11-22,0.0,,,,
1983-11-23,0.0,,,,
1983-11-24,0.0,,,,
1983-11-25,0.0,,,,
1983-11-26,0.0,,,,
1983-11-27,0.0,,,,
1983-11-28,0.0,,,,
1983-11-29,0.0,,,,
1983-11-30,0.0,,,,
1983-12-01,0.0,,,,
1983-12-02,0.0,,,,
1983-12-03,0.0,,,,
1983-12-04,0.0,,,,
1983-12-05,0.0,,,,
1983-12-06,0.0,,,,
1983-12-07,0.0,,,,
1983-12-08,0.0,,,,
1983-12-09,0.0,,,,
1983-12-10,0.0,,,,
1983-12-11,0.0,,,,
1983-12-12,0.0,,,,
1983-12-13,0.0,,,,
1983-12-14,0.0,,,,
1983-12-15,0.0,,,,
1983-12-16,0.0,,,,
1983-12-17,0.0,,,,
1983-12-18,0.0,,,,
1983-12-19,0.0,,,,
1983-12-20,0.0,,,,
1983-12-21,0.0,,,,
1983-12-22,0.0,,,,
1983-12-23,0.0,,,,
1983-12-24,0.0,,,,
1983-12-25,0.0,,,,
1983-12-26,0.0,,,,
1983-12-27,0.0,,,,
1983-12-28,0.0,,,,
1983-12-29,0.0,,,,
1983-12-30,0.0,,,,
1983-12-31,0.0,,,,
1984-01-01,0.0,,,,
1984-01-02,0.0,,,,
1984-01-03,0.0,,,,
1984-01-04,0.0,,,,
1984-01-05,0.0,,,,
1984-01-06,0.0,,,,
1984-01-07,0.0,,,,
1984-01-08,0.0,,,,
1984-01-09,0.0,,,,
1984-01-10,0.0,,,,
1984-01-11,0.0,,,,
1984-01-12,0.0,,,,
1984-01-13,0.0,,,,
1984-01-14,0.0,,,,
1984-01-15,0.0,,,,
1984-01-16,0.0,,,,
1984-01-17,0.0,,,,
1984-01-18,0.0,,,,
1984-01-19,0.0,,,,
1984-01-20,0.0,,,,
1984-01-21,0.0,,,,
1984-01-22,0.0,,,,
1984-01-23,0.0,,,,
1984-01-24,0.0,,,,
1984-01-25,0.0,,,,
1984-01-26,0.0,,,,
1984-01-27,0.0,,,,
1984-01-28,0.0,,,,
1984-01-29,0.0,,,,
1984-01-30,0.0,,,,
1984-01-31,0.0,,,,
1984-02-01,0.0,,,,
1984-02-02,0.0,,,,
1984-02-03,0.0,,,,
1984-02-04,0.0,,,,
1984-02-05,0.0,,,,
1984-02-06,0.0,,,,
1984-02-07,0.0,,,,
1984-02-08,0.0,,,,
1984-02-09,0.0,,,,
1984-02-10,0.0,,,,
1984-02-11,0.0,,,,
1984-02-12,0.0,,,,
1984-02-13,0.0,,,,
1984-02-14,0.0,,,,
1984-02-15,0.0,,,,
1984-02-16,0.0,,,,
1984-02-17,0.0,,,,
1984-02-18,0.0,,,,
1984-02-19,0.0,,,,
1984-02-20,0.0,,,,
1984-02-21,0.0,,,,
1984-02-22,0.0,,,,
1984-02-23,0.0,,,,
1984-02-24,0.0,,,,
1984-02-25,0.0,,,,
1984-02-26,0.0,,,,
1984-02-27,0.0,,,,
1984-02-28,0.0,,,,
1984-02-29,0.0,,,,
1984-03-01,0.0,,,,
1984-03-02,0.0,,,,
1984-03-03,0.0,,,,
1984-03-04,0.0,,,,
1984-03-05,0.0,,,,
1984-03-06,0.0,,,,
1984-03-07,0.0,,,,
1984-03-08,0.0,,,,
1984-03-09,0.0,,,,
1984-03-10,0.0,,,,
1984-03-11,0.0,,,,
1984-03-12,0.0,,,,
1984-03-13,0.0,,,,
1984-03-14,0.0,,,,
1984-03-15,0.0,,,,
1984-03-16,0.0,,,,
1984-03-17,0.0,,,,
1984-03-18,0.0,,,,
1984-03-19,0.0,,,,
1984-03-20,0.0,,,,
1984-03-21,0.0,,,,
1984-03-22,0.0,,,,
1984-03-23,0.0,,,,
1984-03-24,0.0,,,,
1984-03-25,0.0,,,,
1984-03-26,0.0,,,,
1984-03-27,0.0,,,,
1984-03-28,0.0,,,,
1984-03-29,0.0,,,,
1984-03-30,0.0,,,,
1984-03-31,0.0,,,,
1984-04-01,0.0,,,,
1984-04-02,0.0,,,,
1984-04-03,0.0,,,,
1984-04-04,0.0,,,,
1984-04-05,0.0,,,,
1984-04-06,0.0,,,,
1984-04-07,0.0,,,,
1984-04-08,0.0,,,,
1984-04-09,0.0,,,,
1984-04-10,0.0,,,,
1984-04-11,0.0,,,,
1984-04-12,0.0,,,,
1984-04-13,0.0,,,,
1984-04-14,0.0,,,,
1984-04-15,0.0,,,,
1984-04-16,0.0,,,,
1984-04-17,0.0,,,,
1984-04-18,0.0,,,,
1984-04-19,0.0,,,,
1984-04-20,0.0,,,,
1984-04-21,0.0,,,,
1984-04-22,0.0,,,,
1984-04-23,0.0,,,,
1984-04-24,0.0,,,,
1984-04-25,0.0,,,,
1984-04-26,0.0,,,,
1984-04-27,0.0,,,,
1984-04-28,0.0,,,,
1984-04-29,0.0,,,,
1984-04-30,0.0,,,,
1984-05-01,0.0,,,,
1984-05-02,0.0,,,,
1984-05-03,0.0,,,,
1984-05-04,0.0,,,,
1984-05-05,0.0,,,,
1984-05-06,0.0,,,,
1984-05-07,0.0,,,,
1984-05-08,0.0,,,,
1984-05-09,0.0,,,,
1984-05-10,0.0,,,,
1984-05-11,0.0,,,,
1984-05-12,0.0,,,,
1984-05-13,0.0,,,,
1984-05-14,0.0,,,,
1984-05-15,0.0,,,,
1984-05-16,0.0,,,,
1984-05-17,0.0,,,,
1984-05-18,0.0,,,,
1984-05-19,0.0,,,,
1984-05-20,0.0,,,,
1984-05-21,0.0,,,,
1984-05-22,0.0,,,,
1984-05-23,0.0,,,,
1984-05-24,0.0,,,,
1984-05-25,0.0,,,,
1984-05-26,0.0,,,,
1984-05-27,0.0,,,,
1984-05-28,0.0,,,,
1984-05-29,0.0,,,,
1984-05-30,0.0,,,,
1984-05-31,0.0,,,,
1984-06-01,0.01,,,,
1984-06-02,0.7,,,,
1984-06-03,0.0,,,,
1984-06-04,0.0,,,,
1984-06-05,0.0,,,,
1984-06-06,0.0,,,,
1984-06-07,0.06,,,,
1984-06-08,0.28,,,,
1984-06-09,0.0,,,,
1984-06-10,0.0,,,,
1984-06-11,0.0,,,,
1984-06-12,0.0,,,,
1984-06-13,0.08,,,,
1984-06-14,12.08,,,,
1984-06-15,0.32,,,,
1984-06-16,0.9,,,,
1984-06-17,0.0,,,,
1984-06-18,0.58,,,,
1984-06-19,16.71,,,,
1984-06-20,0.0,,,,
1984-06-21,0.0,,,,
1984-06-22,0.0,,,,
1984-06-23,0.0,,,,
1984-06-24,0.0,,,,
1984-06-25,0.78,,,,
1984-06-26,3.28,,,,
1984-06-27,2.1,,,,
1984-06-28,2.22,,,,
1984-06-29,0.0,,,,
1984-06-30,0.0,,,,
1984-07-01,0.0,,,,
1984-07-02,0.0,,,,
1984-07-03,0.0,,,,
1984-07-04,0.0,,,,
1984-07-05,0.0,,,,
1984-07-06,0.0,,,,
1984-07-07,0.0,,,,
1984-07-08,0.69,,,,
1984-07-09,7.97,,,,
1984-07-10,0.0,,,,
1984-07-11,0.0,,,,
1984-07-12,0.0,,,,
1984-07-13,1.69,,,,
1984-07-14,0.86,,,,
1984-07-15,0.42,,,,
1984-07-16,0.0,,,,
1984-07-17,0.0,,,,
1984-07-18,0.0,,,,
1984-07-19,0.0,,,,
1984-07-20,0.07,,,,
1984-07-21,0.08,,,,
1984-07-22,3.29,,,,
1984-07-23,0.02,,,,
1984-07-24,0.0,,,,
1984-07-25,0.0,,,,
1984-07-26,8.0,,,,
1984-07-27,14.35,,,,
1984-07-28,0.0,,,,
1984-07-29,0.63,,,,
1984-07-30,3.05,,,,
1984-07-31,4.6,,,,
1984-08-01,39.53,,,,
1984-08-02,1.3,,,,
1984-08-03,0.67,,,,
1984-08-04,0.0,,,,
1984-08-05,0.0,,,,
1984-08-06,0.0,,,,
1984-08-07,0.22,,,,
1984-08-08,0.0,,,,
1984-08-09,0.0,,,,
1984-08-10,0.0,,,,
1984-08-11,0.0,,,,
1984-08-12,0.0,,,,
1984-08-13,0.0,,,,
1984-08-14,0.0,,,,
1984-08-15,0.0,,,,
1984-08-16,0.14,,,,
1984-08-17,18.4,,,,
1984-08-18,1.39,,,,
1984-08-19,0.0,,,,
1984-08-20,0.0,,,,
1984-08-21,0.0,,,,
1984-08-22,0.0,,,,
1984-08-23,0.97,,,,
1984-08-24,1.5,,,,
1984-08-25,0.98,,,,
1984-08-26,0.0,,,,
1984-08-27,0.04,,,,
1984-08-28,0.0,,,,
1984-08-29,0.0,,,,
1984-08-30,0.03,,,,
1984-08-31,0.0,,,,
1984-09-01,0.0,,,,
1984-09-02,0.0,,,,
1984-09-03,0.47,,,,
1984-09-04,0.08,,,,
1984-09-05,0.0,,,,
1984-09-06,0.0,,,,
1984-09-07,0.32,,,,
1984-09-08,8.38,,,,
1984-09-09,22.5,,,,
1984-09-10,0.0,,,,
1984-09-11,0.06,,,,
1984-09-12,12.63,,,,
1984-09-13,16.74,,,,
1984-09-14,11.01,,,,
1984-09-15,0.2,,,,
1984-09-16,0.02,,,,
1984-09-17,0.0,,,,
1984-09-18,0.0,,,,
1984-09-19,4.28,,,,
1984-09-20,1.57,,,,
1984-09-21,2.52,,,,
1984-09-22,9.51,,,,
1984-09-23,0.03,,,,
1984-09-24,4.22,,,,
1984-09-25,11.61,,,,
1984-09-26,0.0,,,,
1984-09-27,0.0,,,,
1984-09-28,0.55,,,,
1984-09-29,0.32,,,,
1984-09-30,0.46,,,,
1984-10-01,1.22,,,,
1984-10-02,0.0,,,,
1984-10-03,0.21,,,,
1984-10-04,1.67,,,,
1984-10-05,5.6,,,,
1984-10-06,0.04,,,,
1984-10-07,0.0,,,,
1984-10-08,0.0,,,,
1984-10-09,0.0,,,,
1984-10-10,0.0,,,,
1984-10-11,0.0,,,,
1984-10-12,0.0,,,,
1984-10-13,0.0,,,,
1984-10-14,0.0,,,,
1984-10-15,0.0,,,,
1984-10-16,0.0,,,,
1984-10-17,0.0,,,,
1984-10-18,0.0,,,,
1984-10-19,0.0,,,,
1984-10-20,0.0,,,,
1984-10-21,0.0,,,,
1984-10-22,0.0,,,,
1984-10-23,0.0,,,,
1984-10-24,0.0,,,,
1984-10-25,0.0,,,,
1984-10-26,0.0,,,,
1984-10-27,0.0,,,,
1984-10-28,0.0,,,,
1984-10-29,0.0,,,,
1984-10-30,0.0,,,,
1984-10-31,0.01,,,,
1984-11-01,0.0,,,,
1984-11-02,0.0,,,,
1984-11-03,0.0,,,,
1984-11-04,0.0,,,,
1984-11-05,0.0,,,,
1984-11-06,0.0,,,,
1984-11-07,0.0,,,,
1984-11-08,0.0,,,,
1984-11-09,0.0,,,,
1984-11-10,0.0,,,,
1984-11-11,0.0,,,,
1984-11-12,0.0,,,,
1984-11-13,0.0,,,,
1984-11-14,0.0,,,,
1984-11-15,0.0,,,,
1984-11-16,0.0,,,,
1984-11-17,0.0,,,,
1984-11-18,0.0,,,,
1984-11-19,0.0,,,,
1984-11-20,0.0,,,,
1984-11-21,0.0,,,,
1984-11-22,0.0,,,,
1984-11-23,0.0,,,,
1984-11-24,0.0,,,,
1984-11-25,0.0,,,,
1984-11-26,0.0,,,,
1984-11-27,0.0,,,,
1984-11-28,0.0,,,,
1984-11-29,0.0,,,,
1984-11-30,0.0,,,,
1984-12-01,0.0,,,,
1984-12-02,0.0,,,,
1984-12-03,0.0,,,,
1984-12-04,0.0,,,,
1984-12-05,0.0,,,,
1984-12-06,0.0,,,,
1984-12-07,0.0,,,,
1984-12-08,0.0,,,,
1984-12-09,0.0,,,,
1984-12-10,0.0,,,,
1984-12-11,0.0,,,,
1984-12-12,0.0,,,,
1984-12-13,0.0,,,,
1984-12-14,0.0,,,,
1984-12-15,0.0,,,,
1984-12-16,0.0,,,,
1984-12-17,0.0,,,,
1984-12-18,0.0,,,,
1984-12-19,0.0,,,,
1984-12-20,0.0,,,,
1984-12-21,0.0,,,,
1984-12-22,0.0,,,,
1984-12-23,0.0,,,,
1984-12-24,0.0,,,,
1984-12-25,0.0,,,,
1984-12-26,0.0,,,,
1984-12-27,0.0,,,,
1984-12-28,0.0,,,,
1984-12-29,0.0,,,,
1984-12-30,0.0,,,,
1984-12-31,0.0,,,,
1985-01-01,0.0,,,,
1985-01-02,0.0,,,,
1985-01-03,0.0,,,,
1985-01-04,0.0,,,,
1985-01-05,0.0,,,,
1985-01-06,0.0,,,,
1985-01-07,0.0,,,,
1985-01-08,0.0,,,,
1985-01-09,0.0,,,,
1985-01-10,0.0,,,,
1985-01-11,0.0,,,,
1985-01-12,0.0,,,,
1985-01-13,0.0,,,,
1985-01-14,0.0,,,,
1985-01-15,0.0,,,,
1985-01-16,0.0,,,,
1985-01-17,0.0,,,,
1985-01-18,0.0,,,,
1985-01-19,0.0,,,,
1985-01-20,0.0,,,,
1985-01-21,0.0,,,,
1985-01-22,0.0,,,,
1985-01-23,0.0,,,,
1985-01-24,0.0,,,,
1985-01-25,0.0,,,,
1985-01-26,0.0,,,,
1985-01-27,0.0,,,,
1985-01-28,0.0,,,,
1985-01-29,0.0,,,,
1985-01-30,0.0,,,,
1985-01-31,0.0,,,,
1985-02-01,0.0,,,,
1985-02-02,0.0,,,,
1985-02-03,0.0,,,,
1985-02-04,0.0,,,,
1985-02-05,0.0,,,,
1985-02-06,0.0,,,,
1985-02-07,0.0,,,,
1985-02-08,0.0,,,,
1985-02-09,0.0,,,,
1985-02-10,0.0,,,,
1985-02-11,0.0,,,,
1985-02-12,0.0,,,,
1985-02-13,0.0,,,,
1985-02-14,0.0,,,,
1985-02-15,0.0,,,,
1985-02-16,0.0,,,,
1985-02-17,0.0,,,,
1985-02-18,0.0,,,,
1985-02-19,0.0,,,,
1985-02-20,0.0,,,,
1985-02-21,0.0,,,,
1985-02-22,0.0,,,,
1985-02-23,0.0,,,,
1985-02-24,0.0,,,,
1985-02-25,0.0,,,,
1985-02-26,0.0,,,,
1985-02-27,0.0,,,,
1985-02-28,0.0,,,,
1985-03-01,0.0,,,,
1985-03-02,0.0,,,,
1985-03-03,0.0,,,,
1985-03-04,0.0,,,,
1985-03-05,0.0,,,,
1985-03-06,0.0,,,,
1985-03-07,0.0,,,,
1985-03-08,0.0,,,,
1985-03-09,0.0,,,,
1985-03-10,0.0,,,,
1985-03-11,0.0,,,,
1985-03-12,0.0,,,,
1985-03-13,0.0,,,,
1985-03-14,0.0,,,,
1985-03-15,0.0,,,,
1985-03-16,0.0,,,,
1985-03-17,0.0,,,,
1985-03-18,0.0,,,,
1985-03-19,0.0,,,,
1985-03-20,0.0,,,,
1985-03-21,0.0,,,,
1985-03-22,0.0,,,,
1985-03-23,0.0,,,,
1985-03-24,0.0,,,,
1985-03-25,0.0,,,,
1985-03-26,0.0,,,,
1985-03-27,0.0,,,,
1985-03-28,0.0,,,,
1985-03-29,0.0,,,,
1985-03-30,0.0,,,,
1985-03-31,0.0,,,,
1985-04-01,0.0,,,,
1985-04-02,0.0,,,,
1985-04-03,0.0,,,,
1985-04-04,0.0,,,,
1985-04-05,0.0,,,,
1985-04-06,0.0,,,,
1985-04-07,0.0,,,,
1985-04-08,0.0,,,,
1985-04-09,0.0,,,,
1985-04-10,0.0,,,,
1985-04-11,0.0,,,,
1985-04-12,0.0,,,,
1985-04-13,0.0,,,,
1985-04-14,0.0,,,,
1985-04-15,0.0,,,,
1985-04-16,0.0,,,,
1985-04-17,0.0,,,,
1985-04-18,0.0,,,,
1985-04-19,0.0,,,,
1985-04-20,0.0,,,,
1985-04-21,0.0,,,,
1985-04-22,0.0,,,,
1985-04-23,0.0,,,,
1985-04-24,0.0,,,,
1985-04-25,0.0,,,,
1985-04-26,0.0,,,,
1985-04-27,0.0,,,,
1985-04-28,0.0,,,,
1985-04-29,0.0,,,,
1985-04-30,0.0,,,,
1985-05-01,0.0,,,,
1985-05-02,0.0,,,,
1985-05-03,0.0,,,,
1985-05-04,0.0,,,,
1985-05-05,0.0,,,,
1985-05-06,0.0,,,,
1985-05-07,0.0,,,,
1985-05-08,0.0,,,,
1985-05-09,0.0,,,,
1985-05-10,0.0,,,,
1985-05-11,0.0,,,,
1985-05-12,0.0,,,,
1985-05-13,0.0,,,,
1985-05-14,0.0,,,,
1985-05-15,0.0,,,,
1985-05-16,0.0,,,,
1985-05-17,0.0,,,,
1985-05-18,0.0,,,,
1985-05-19,0.0,,,,
1985-05-20,0.0,,,,
1985-05-21,0.0,,,,
1985-05-22,0.0,,,,
1985-05-23,0.0,,,,
1985-05-24,0.0,,,,
1985-05-25,0.0,,,,
1985-05-26,0.0,,,,
1985-05-27,0.0,,,,
1985-05-28,0.0,,,,
1985-05-29,0.0,,,,
1985-05-30,0.0,,,,
1985-05-31,0.0,,,,
1985-06-01,0.0,,,,
1985-06-02,0.0,,,,
1985-06-03,0.0,,,,
1985-06-04,0.0,,,,
1985-06-05,0.0,,,,
1985-06-06,0.0,,,,
1985-06-07,0.0,,,,
1985-06-08,0.0,,,,
1985-06-09,0.0,,,,
1985-06-10,0.0,,,,
1985-06-11,0.0,,,,
1985-06-12,0.0,,,,
1985-06-13,0.0,,,,
1985-06-14,0.0,,,,
1985-06-15,0.0,,,,
1985-06-16,0.0,,,,
1985-06-17,0.0,,,,
1985-06-18,0.0,,,,
1985-06-19,0.01,,,,
1985-06-20,0.0,,,,
1985-06-21,0.32,,,,
1985-06-22,0.63,,,,
1985-06-23,0.41,,,,
1985-06-24,0.0,,,,
1985-06-25,0.0,,,,
1985-06-26,5.74,,,,
1985-06-27,11.67,,,,
1985-06-28,0.44,,,,
1985-06-29,0.0,,,,
1985-06-30,0.0,,,,
1985-07-01,0.06,,,,
1985-07-02,0.01,,,,
1985-07-03,0.02,,,,
1985-07-04,1.47,,,,
1985-07-05,0.11,,,,
1985-07-06,0.0,,,,
1985-07-07,0.0,,,,
1985-07-08,0.0,,,,
1985-07-09,0.14,,,,
1985-07-10,1.58,,,,
1985-07-11,0.0,,,,
1985-07-12,0.39,,,,
1985-07-13,0.09,,,,
1985-07-14,4.56,,,,
1985-07-15,1.79,,,,
1985-07-16,0.01,,,,
1985-07-17,0.04,,,,
1985-07-18,6.28,,,,
1985-07-19,21.05,,,,
1985-07-20,0.0,,,,
1985-07-21,0.0,,,,
1985-07-22,0.0,,,,
1985-07-23,1.13,,,,
1985-07-24,15.55,,,,
1985-07-25,16.57,,,,
1985-07-26,0.8,,,,
1985-07-27,0.09,,,,
1985-07-28,4.13,,,,
1985-07-29,0.0,,,,
1985-07-30,0.01,,,,
1985-07-31,0.03,,,,
1985-08-01,0.27,,,,
1985-08-02,3.67,,,,
1985-08-03,0.0,,,,
1985-08-04,0.0,,,,
1985-08-05,0.0,,,,
1985-08-06,0.66,,,,
1985-08-07,1.72,,,,
1985-08-08,7.35,,,,
1985-08-09,26.09,,,,
1985-08-10,0.62,,,,
1985-08-11,12.08,,,,
1985-08-12,0.0,,,,
1985-08-13,0.14,,,,
1985-08-14,3.59,,,,
1985-08-15,21.9,,,,
1985-08-16,5.18,,,,
1985-08-17,5.69,,,,
1985-08-18,20.93,,,,
1985-08-19,4.0,,,,
1985-08-20,0.0,,,,
1985-08-21,0.79,,,,
1985-08-22,1.75,,,,
1985-08-23,0.32,,,,
1985-08-24,0.44,,,,
1985-08-25,2.08,,,,
1985-08-26,15.98,,,,
1985-08-27,16.95,,,,
1985-08-28,2.79,,,,
1985-08-29,0.0,,,,
1985-08-30,0.31,,,,
1985-08-31,0.0,,,,
1985-09-01,2.48,,,,
1985-09-02,1.83,,,,
1985-09-03,3.06,,,,
1985-09-04,0.66,,,,
1985-09-05,13.5,,,,
1985-09-06,3.16,,,,
1985-09-07,0.36,,,,
1985-09-08,0.0,,,,
1985-09-09,0.01,,,,
1985-09-10,0.08,,,,
1985-09-11,9.74,,,,
1985-09-12,8.77,,,,
1985-09-13,4.81,,,,
1985-09-14,10.78,,,,
1985-09-15,2.52,,,,
1985-09-16,0.0,,,,
1985-09-17,0.16,,,,
1985-09-18,5.79,,,,
1985-09-19,1.86,,,,
1985-09-20,1.85,,,,
1985-09-21,0.0,,,,
1985-09-22,0.11,,,,
1985-09-23,0.0,,,,
1985-09-24,0.01,,,,
1985-09-25,0.0,,,,
1985-09-26,0.21,,,,
1985-09-27,2.53,,,,
1985-09-28,0.36,,,,
1985-09-29,0.03,,,,
1985-09-30,0.0,,,,
1985-10-01,0.0,,,,
1985-10-02,0.0,,,,
1985-10-03,0.25,,,,
1985-10-04,2.45,,,,
1985-10-05,0.44,,,,
1985-10-06,0.0,,,,
1985-10-07,0.0,,,,
1985-10-08,0.0,,,,
1985-10-09,0.0,,,,
1985-10-10,0.0,,,,
1985-10-11,0.0,,,,
1985-10-12,0.0,,,,
1985-10-13,0.0,,,,
1985-10-14,0.0,,,,
1985-10-15,0.0,,,,
1985-10-16,0.0,,,,
1985-10-17,0.0,,,,
1985-10-18,0.0,,,,
1985-10-19,0.0,,,,
1985-10-20,0.0,,,,
1985-10-21,0.0,,,,
1985-10-22,0.0,,,,
1985-10-23,0.0,,,,
1985-10-24,0.0,,,,
1985-10-25,0.0,,,,
1985-10-26,0.0,,,,
1985-10-27,0.0,,,,
1985-10-28,0.0,,,,
1985-10-29,0.0,,,,
1985-10-30,0.0,,,,
1985-10-31,0.0,,,,
1985-11-01,0.0,,,,
1985-11-02,0.0,,,,
1985-11-03,0.0,,,,
1985-11-04,0.0,,,,
1985-11-05,0.0,,,,
1985-11-06,0.0,,,,
1985-11-07,0.0,,,,
1985-11-08,0.0,,,,
1985-11-09,0.0,,,,
1985-11-10,0.0,,,,
1985-11-11,0.0,,,,
1985-11-12,0.0,,,,
1985-11-13,0.0,,,,
1985-11-14,0.0,,,,
1985-11-15,0.0,,,,
1985-11-16,0.0,,,,
1985-11-17,0.0,,,,
1985-11-18,0.0,,,,
1985-11-19,0.0,,,,
1985-11-20,0.0,,,,
1985-11-21,0.0,,,,
1985-11-22,0.0,,,,
1985-11-23,0.0,,,,
1985-11-24,0.0,,,,
1985-11-25,0.0,,,,
1985-11-26,0.0,,,,
1985-11-27,0.0,,,,
1985-11-28,0.0,,,,
1985-11-29,0.0,,,,
1985-11-30,0.0,,,,
1985-12-01,0.0,,,,
1985-12-02,0.0,,,,
1985-12-03,0.0,,,,
1985-12-04,0.0,,,,
1985-12-05,0.0,,,,
1985-12-06,0.0,,,,
1985-12-07,0.0,,,,
1985-12-08,0.0,,,,
1985-12-09,0.0,,,,
1985-12-10,0.0,,,,
1985-12-11,0.0,,,,
1985-12-12,0.0,,,,
1985-12-13,0.0,,,,
1985-12-14,0.0,,,,
1985-12-15,0.0,,,,
1985-12-16,0.0,,,,
1985-12-17,0.0,,,,
1985-12-18,0.0,,,,
1985-12-19,2.13,,,,
1985-12-20,3.51,,,,
1985-12-21,0.06,,,,
1985-12-22,0.24,,,,
1985-12-23,0.0,,,,
1985-12-24,0.0,,,,
1985-12-25,0.0,,,,
1985-12-26,0.0,,,,
1985-12-27,0.0,,,,
1985-12-28,0.0,,,,
1985-12-29,0.0,,,,
1985-12-30,0.0,,,,
1985-12-31,0.0,,,,
1986-01-01,0.0,,,,
1986-01-02,0.0,,,,
1986-01-03,0.0,,,,
1986-01-04,0.0,,,,
1986-01-05,0.0,,,,
1986-01-06,0.0,,,,
1986-01-07,0.0,,,,
1986-01-08,0.0,,,,
1986-01-09,0.0,,,,
1986-01-10,0.0,,,,
1986-01-11,0.0,,,,
1986-01-12,0.0,,,,
1986-01-13,0.0,,,,
1986-01-14,0.0,,,,
1986-01-15,0.0,,,,
1986-01-16,0.0,,,,
1986-01-17,0.0,,,,
1986-01-18,0.0,,,,
1986-01-19,0.0,,,,
1986-01-20,0.0,,,,
1986-01-21,0.0,,,,
1986-01-22,0.0,,,,
1986-01-23,0.0,,,,
1986-01-24,0.0,,,,
1986-01-25,0.0,,,,
1986-01-26,0.0,,,,
1986-01-27,0.0,,,,
1986-01-28,0.0,,,,
1986-01-29,0.0,,,,
1986-01-30,0.0,,,,
1986-01-31,0.0,,,,
1986-02-01,0.0,,,,
1986-02-02,0.0,,,,
1986-02-03,0.0,,,,
1986-02-04,0.0,,,,
1986-02-05,0.0,,,,
1986-02-06,0.0,,,,
1986-02-07,0.0,,,,
1986-02-08,0.0,,,,
1986-02-09,0.0,,,,
1986-02-10,0.0,,,,
1986-02-11,0.0,,,,
1986-02-12,0.0,,,,
1986-02-13,0.0,,,,
1986-02-14,0.0,,,,
1986-02-15,0.0,,,,
1986-02-16,0.0,,,,
1986-02-17,0.0,,,,
1986-02-18,0.0,,,,
1986-02-19,0.0,,,,
1986-02-20,0.0,,,,
1986-02-21,0.0,,,,
1986-02-22,0.0,,,,
1986-02-23,0.0,,,,
1986-02-24,0.0,,,,
1986-02-25,0.0,,,,
1986-02-26,0.0,,,,
1986-02-27,0.0,,,,
1986-02-28,0.0,,,,
1986-03-01,0.0,,,,
1986-03-02,0.0,,,,
1986-03-03,0.0,,,,
1986-03-04,0.0,,,,
1986-03-05,0.0,,,,
1986-03-06,0.0,,,,
1986-03-07,0.0,,,,
1986-03-08,0.0,,,,
1986-03-09,0.0,,,,
1986-03-10,0.0,,,,
1986-03-11,0.0,,,,
1986-03-12,0.0,,,,
1986-03-13,0.0,,,,
1986-03-14,0.0,,,,
1986-03-15,0.0,,,,
1986-03-16,0.0,,,,
1986-03-17,0.0,,,,
1986-03-18,0.0,,,,
1986-03-19,0.0,,,,
1986-03-20,0.0,,,,
1986-03-21,0.0,,,,
1986-03-22,0.0,,,,
1986-03-23,0.0,,,,
1986-03-24,0.0,,,,
1986-03-25,0.0,,,,
1986-03-26,0.0,,,,
1986-03-27,0.0,,,,
1986-03-28,0.0,,,,
1986-03-29,0.0,,,,
1986-03-30,0.0,,,,
1986-03-31,0.0,,,,
1986-04-01,0.0,,,,
1986-04-02,0.04,,,,
1986-04-03,0.0,,,,
1986-04-04,0.0,,,,
1986-04-05,0.0,,,,
1986-04-06,0.0,,,,
1986-04-07,0.0,,,,
1986-04-08,0.0,,,,
1986-04-09,0.0,,,,
1986-04-10,0.0,,,,
1986-04-11,0.0,,,,
1986-04-12,0.0,,,,
1986-04-13,0.0,,,,
1986-04-14,0.0,,,,
1986-04-15,0.0,,,,
1986-04-16,0.0,,,,
1986-04-17,0.0,,,,
1986-04-18,0.0,,,,
1986-04-19,0.0,,,,
1986-04-20,0.0,,,,
1986-04-21,0.0,,,,
1986-04-22,0.0,,,,
1986-04-23,0.0,,,,
1986-04-24,0.0,,,,
1986-04-25,0.0,,,,
1986-04-26,0.0,,,,
1986-04-27,0.0,,,,
1986-04-28,0.0,,,,
1986-04-29,0.0,,,,
1986-04-30,0.0,,,,
1986-05-01,0.0,,,,
1986-05-02,0.0,,,,
1986-05-03,0.0,,,,
1986-05-04,0.0,,,,
1986-05-05,0.0,,,,
1986-05-06,0.0,,,,
1986-05-07,0.0,,,,
1986-05-08,0.0,,,,
1986-05-09,0.0,,,,
1986-05-10,0.0,,,,
1986-05-11,0.0,,,,
1986-05-12,0.0,,,,
1986-05-13,0.0,,,,
1986-05-14,0.04,,,,
1986-05-15,0.03,,,,
1986-05-16,0.0,,,,
1986-05-17,0.0,,,,
1986-05-18,0.0,,,,
1986-05-19,0.0,,,,
1986-05-20,0.0,,,,
1986-05-21,0.0,,,,
1986-05-22,0.0,,,,
1986-05-23,0.0,,,,
1986-05-24,0.0,,,,
1986-05-25,0.0,,,,
1986-05-26,0.0,,,,
1986-05-27,0.0,,,,
1986-05-28,0.0,,,,
1986-05-29,0.0,,,,
1986-05-30,0.0,,,,
1986-05-31,0.0,,,,
1986-06-01,0.0,,,,
1986-06-02,0.0,,,,
1986-06-03,0.0,,,,
1986-06-04,0.0,,,,
1986-06-05,0.0,,,,
1986-06-06,0.0,,,,
1986-06-07,0.0,,,,
1986-06-08,0.0,,,,
1986-06-09,0.0,,,,
1986-06-10,0.12,,,,
1986-06-11,0.0,,,,
1986-06-12,0.0,,,,
1986-06-13,0.0,,,,
1986-06-14,0.0,,,,
1986-06-15,0.0,,,,
1986-06-16,0.0,,,,
1986-06-17,0.0,,,,
1986-06-18,0.0,,,,
1986-06-19,0.0,,,,
1986-06-20,0.0,,,,
1986-06-21,0.0,,,,
1986-06-22,0.0,,,,
1986-06-23,0.0,,,,
1986-06-24,0.0,,,,
1986-06-25,0.0,,,,
1986-06-26,0.0,,,,
1986-06-27,0.71,,,,
1986-06-28,0.05,,,,
1986-06-29,0.0,,,,
1986-06-30,0.0,,,,
1986-07-01,0.13,,,,
1986-07-02,0.0,,,,
1986-07-03,0.15,,,,
1986-07-04,0.0,,,,
1986-07-05,0.0,,,,
1986-07-06,0.0,,,,
1986-07-07,0.0,,,,
1986-07-08,0.3,,,,
1986-07-09,12.23,,,,
1986-07-10,0.0,,,,
1986-07-11,0.0,,,,
1986-07-12,0.0,,,,
1986-07-13,0.0,,,,
1986-07-14,0.0,,,,
1986-07-15,0.0,,,,
1986-07-16,0.0,,,,
1986-07-17,0.0,,,,
1986-07-18,0.0,,,,
1986-07-19,0.0,,,,
1986-07-20,0.0,,,,
1986-07-21,0.0,,,,
1986-07-22,0.0,,,,
1986-07-23,0.0,,,,
1986-07-24,0.01,,,,
1986-07-25,0.0,,,,
1986-07-26,0.0,,,,
1986-07-27,0.0,,,,
1986-07-28,0.0,,,,
1986-07-29,0.06,,,,
1986-07-30,0.02,,,,
1986-07-31,3.6,,,,
1986-08-01,6.82,,,,
1986-08-02,9.1,,,,
1986-08-03,16.79,,,,
1986-08-04,0.2,,,,
1986-08-05,2.61,,,,
1986-08-06,0.0,,,,
1986-08-07,1.72,,,,
1986-08-08,15.72,,,,
1986-08-09,0.0,,,,
1986-08-10,0.0,,,,
1986-08-11,0.0,,,,
1986-08-12,0.0,,,,
1986-08-13,0.03,,,,
1986-08-14,1.18,,,,
1986-08-15,0.09,,,,
1986-08-16,0.0,,,,
1986-08-17,0.09,,,,
1986-08-18,0.42,,,,
1986-08-19,0.04,,,,
1986-08-20,4.19,,,,
1986-08-21,0.03,,,,
1986-08-22,1.66,,,,
1986-08-23,0.0,,,,
1986-08-24,0.01,,,,
1986-08-25,1.46,,,,
1986-08-26,0.15,,,,
1986-08-27,0.01,,,,
1986-08-28,0.0,,,,
1986-08-29,4.37,,,,
1986-08-30,4.66,,,,
1986-08-31,4.43,,,,
1986-09-01,1.47,,,,
1986-09-02,0.2,,,,
1986-09-03,22.12,,,,
1986-09-04,9.23,,,,
1986-09-05,0.0,,,,
1986-09-06,0.07,,,,
1986-09-07,6.29,,,,
1986-09-08,8.13,,,,
1986-09-09,6.14,,,,
1986-09-10,6.16,,,,
1986-09-11,8.18,,,,
1986-09-12,25.18,,,,
1986-09-13,2.78,,,,
1986-09-14,11.88,,,,
1986-09-15,3.13,,,,
1986-09-16,0.0,,,,
1986-09-17,0.0,,,,
1986-09-18,16.84,,,,
1986-09-19,10.51,,,,
1986-09-20,0.84,,,,
1986-09-21,0.21,,,,
1986-09-22,0.09,,,,
1986-09-23,0.6,,,,
1986-09-24,8.86,,,,
1986-09-25,0.47,,,,
1986-09-26,3.29,,,,
1986-09-27,3.15,,,,
1986-09-28,4.83,,,,
1986-09-29,0.0,,,,
1986-09-30,0.02,,,,
1986-10-01,2.54,,,,
1986-10-02,0.2,,,,
1986-10-03,0.0,,,,
1986-10-04,0.0,,,,
1986-10-05,0.6,,,,
1986-10-06,4.85,,,,
1986-10-07,1.41,,,,
1986-10-08,0.92,,,,
1986-10-09,0.0,,,,
1986-10-10,0.0,,,,
1986-10-11,0.0,,,,
1986-10-12,0.0,,,,
1986-10-13,0.0,,,,
1986-10-14,0.0,,,,
1986-10-15,0.0,,,,
1986-10-16,0.0,,,,
1986-10-17,0.0,,,,
1986-10-18,0.0,,,,
1986-10-19,0.0,,,,
1986-10-20,0.0,,,,
1986-10-21,0.0,,,,
1986-10-22,0.0,,,,
1986-10-23,0.0,,,,
1986-10-24,0.0,,,,
1986-10-25,0.0,,,,
1986-10-26,0.0,,,,
1986-10-27,0.0,,,,
1986-10-28,0.0,,,,
1986-10-29,0.0,,,,
1986-10-30,0.0,,,,
1986-10-31,0.0,,,,
1986-11-01,0.0,,,,
1986-11-02,0.0,,,,
1986-11-03,0.0,,,,
1986-11-04,0.0,,,,
1986-11-05,0.0,,,,
1986-11-06,0.01,,,,
1986-11-07,0.01,,,,
1986-11-08,0.0,,,,
1986-11-09,0.0,,,,
1986-11-10,0.0,,,,
1986-11-11,0.0,,,,
1986-11-12,0.0,,,,
1986-11-13,0.0,,,,
1986-11-14,0.0,,,,
1986-11-15,0.0,,,,
1986-11-16,0.0,,,,
1986-11-17,0.0,,,,
1986-11-18,0.0,,,,
1986-11-19,0.01,,,,
1986-11-20,0.0,,,,
1986-11-21,0.0,,,,
1986-11-22,0.0,,,,
1986-11-23,0.0,,,,
1986-11-24,0.0,,,,
1986-11-25,0.0,,,,
1986-11-26,0.0,,,,
1986-11-27,0.01,,,,
1986-11-28,0.0,,,,
1986-11-29,0.0,,,,
1986-11-30,0.0,,,,
1986-12-01,0.0,,,,
1986-12-02,0.01,,,,
1986-12-03,0.0,,,,
1986-12-04,0.0,,,,
1986-12-05,0.0,,,,
1986-12-06,0.0,,,,
1986-12-07,0.0,,,,
1986-12-08,0.0,,,,
1986-12-09,0.0,,,,
1986-12-10,0.0,,,,
1986-12-11,0.0,,,,
1986-12-12,0.0,,,,
1986-12-13,0.0,,,,
1986-12-14,0.01,,,,
1986-12-15,0.01,,,,
1986-12-16,0.0,,,,
1986-12-17,0.0,,,,
1986-12-18,0.02,,,,
1986-12-19,0.0,,,,
1986-12-20,0.01,,,,
1986-12-21,0.01,,,,
1986-12-22,0.02,,,,
1986-12-23,0.02,,,,
1986-12-24,0.0,,,,
1986-12-25,0.0,,,,
1986-12-26,0.0,,,,
1986-12-27,0.01,,,,
1986-12-28,0.0,,,,
1986-12-29,0.0,,,,
1986-12-30,0.0,,,,
1986-12-31,0.0,,,,
1987-01-01,0.0,,,,
1987-01-02,0.0,,,,
1987-01-03,0.0,,,,
1987-01-04,0.0,,,,
1987-01-05,0.0,,,,
1987-01-06,0.0,,,,
1987-01-07,0.0,,,,
1987-01-08,0.0,,,,
1987-01-09,0.0,,,,
1987-01-10,0.0,,,,
1987-01-11,0.0,,,,
1987-01-12,0.0,,,,
1987-01-13,0.0,,,,
1987-01-14,0.0,,,,
1987-01-15,0.0,,,,
1987-01-16,0.0,,,,
1987-01-17,0.0,,,,
1987-01-18,0.0,,,,
1987-01-19,0.0,,,,
1987-01-20,0.0,,,,
1987-01-21,0.0,,,,
1987-01-22,0.0,,,,
1987-01-23,0.0,,,,
1987-01-24,0.0,,,,
1987-01-25,0.0,,,,
1987-01-26,0.0,,,,
1987-01-27,0.0,,,,
1987-01-28,0.0,,,,
1987-01-29,0.0,,,,
1987-01-30,0.0,,,,
1987-01-31,0.0,,,,
1987-02-01,0.0,,,,
1987-02-02,0.0,,,,
1987-02-03,0.0,,,,
1987-02-04,0.0,,,,
1987-02-05,0.0,,,,
1987-02-06,0.0,,,,
1987-02-07,0.0,,,,
1987-02-08,0.0,,,,
1987-02-09,0.0,,,,
1987-02-10,0.0,,,,
1987-02-11,0.0,,,,
1987-02-12,0.0,,,,
1987-02-13,0.0,,,,
1987-02-14,0.0,,,,
1987-02-15,0.0,,,,
1987-02-16,0.0,,,,
1987-02-17,0.0,,,,
1987-02-18,0.0,,,,
1987-02-19,0.0,,,,
1987-02-20,0.0,,,,
1987-02-21,0.0,,,,
1987-02-22,0.0,,,,
1987-02-23,0.0,,,,
1987-02-24,0.0,,,,
1987-02-25,0.0,,,,
1987-02-26,0.0,,,,
1987-02-27,0.0,,,,
1987-02-28,0.0,,,,
1987-03-01,0.0,,,,
1987-03-02,0.0,,,,
1987-03-03,0.0,,,,
1987-03-04,0.0,,,,
1987-03-05,0.0,,,,
1987-03-06,0.0,,,,
1987-03-07,0.0,,,,
1987-03-08,0.0,,,,
1987-03-09,0.0,,,,
1987-03-10,0.0,,,,
1987-03-11,0.0,,,,
1987-03-12,0.0,,,,
1987-03-13,0.0,,,,
1987-03-14,0.0,,,,
1987-03-15,0.0,,,,
1987-03-16,0.0,,,,
1987-03-17,0.0,,,,
1987-03-18,0.0,,,,
1987-03-19,0.0,,,,
1987-03-20,0.0,,,,
1987-03-21,0.0,,,,
1987-03-22,0.0,,,,
1987-03-23,0.0,,,,
1987-03-24,0.0,,,,
1987-03-25,0.0,,,,
1987-03-26,0.0,,,,
1987-03-27,0.0,,,,
1987-03-28,0.0,,,,
1987-03-29,0.0,,,,
1987-03-30,0.0,,,,
1987-03-31,0.0,,,,
1987-04-01,0.0,,,,
1987-04-02,0.0,,,,
1987-04-03,0.0,,,,
1987-04-04,0.0,,,,
1987-04-05,0.0,,,,
1987-04-06,0.0,,,,
1987-04-07,0.0,,,,
1987-04-08,0.0,,,,
1987-04-09,0.0,,,,
1987-04-10,0.0,,,,
1987-04-11,0.03,,,,
1987-04-12,0.0,,,,
1987-04-13,0.0,,,,
1987-04-14,0.0,,,,
1987-04-15,0.0,,,,
1987-04-16,0.0,,,,
1987-04-17,0.0,,,,
1987-04-18,0.0,,,,
1987-04-19,0.0,,,,
1987-04-20,0.0,,,,
1987-04-21,0.0,,,,
1987-04-22,0.0,,,,
1987-04-23,0.0,,,,
1987-04-24,0.0,,,,
1987-04-25,0.0,,,,
1987-04-26,0.0,,,,
1987-04-27,0.0,,,,
1987-04-28,0.0,,,,
1987-04-29,0.0,,,,
1987-04-30,0.0,,,,
1987-05-01,0.0,,,,
1987-05-02,0.0,,,,
1987-05-03,0.0,,,,
1987-05-04,0.0,,,,
1987-05-05,0.0,,,,
1987-05-06,0.0,,,,
1987-05-07,0.0,,,,
1987-05-08,0.0,,,,
1987-05-09,0.0,,,,
1987-05-10,0.0,,,,
1987-05-11,0.0,,,,
1987-05-12,0.0,,,,
1987-05-13,0.0,,,,
1987-05-14,0.0,,,,
1987-05-15,0.0,,,,
1987-05-16,0.0,,,,
1987-05-17,0.0,,,,
1987-05-18,0.0,,,,
1987-05-19,0.0,,,,
1987-05-20,0.0,,,,
1987-05-21,0.0,,,,
1987-05-22,0.0,,,,
1987-05-23,0.0,,,,
1987-05-24,0.0,,,,
1987-05-25,0.0,,,,
1987-05-26,0.0,,,,
1987-05-27,0.0,,,,
1987-05-28,0.0,,,,
1987-05-29,0.0,,,,
1987-05-30,0.0,,,,
1987-05-31,0.0,,,,
1987-06-01,0.0,,,,
1987-06-02,0.0,,,,
1987-06-03,0.0,,,,
1987-06-04,0.0,,,,
1987-06-05,0.0,,,,
1987-06-06,0.0,,,,
1987-06-07,0.0,,,,
1987-06-08,0.0,,,,
1987-06-09,0.0,,,,
1987-06-10,0.0,,,,
1987-06-11,0.0,,,,
1987-06-12,1.08,,,,
1987-06-13,0.0,,,,
1987-06-14,0.0,,,,
1987-06-15,0.0,,,,
1987-06-16,0.0,,,,
1987-06-17,0.0,,,,
1987-06-18,0.0,,,,
1987-06-19,0.0,,,,
1987-06-20,0.65,,,,
1987-06-21,0.09,,,,
1987-06-22,0.01,,,,
1987-06-23,0.0,,,,
1987-06-24,0.0,,,,
1987-06-25,0.0,,,,
1987-06-26,0.0,,,,
1987-06-27,0.0,,,,
1987-06-28,0.0,,,,
1987-06-29,0.0,,,,
1987-06-30,0.0,,,,
1987-07-01,0.0,,,,
1987-07-02,0.0,,,,
1987-07-03,0.0,,,,
1987-07-04,0.0,,,,
1987-07-05,0.0,,,,
1987-07-06,0.0,,,,
1987-07-07,0.0,,,,
1987-07-08,0.32,,,,
1987-07-09,0.17,,,,
1987-07-10,0.0,,,,
1987-07-11,0.0,,,,
1987-07-12,0.0,,,,
1987-07-13,0.0,,,,
1987-07-14,0.08,,,,
1987-07-15,0.0,,,,
1987-07-16,0.0,,,,
1987-07-17,0.0,,,,
1987-07-18,1.83,,,,
1987-07-19,14.35,,,,
1987-07-20,5.92,,,,
1987-07-21,0.07,,,,
1987-07-22,0.31,,,,
1987-07-23,14.96,,,,
1987-07-24,0.01,,,,
1987-07-25,0.0,,,,
1987-07-26,1.29,,,,
1987-07-27,17.18,,,,
1987-07-28,0.58,,,,
1987-07-29,2.26,,,,
1987-07-30,0.0,,,,
1987-07-31,0.0,,,,
1987-08-01,3.14,,,,
1987-08-02,14.47,,,,
1987-08-03,21.79,,,,
1987-08-04,0.0,,,,
1987-08-05,12.6,,,,
1987-08-06,16.7,,,,
1987-08-07,2.49,,,,
1987-08-08,19.23,,,,
1987-08-09,0.0,,,,
1987-08-10,0.0,,,,
1987-08-11,0.0,,,,
1987-08-12,0.0,,,,
1987-08-13,0.0,,,,
1987-08-14,0.0,,,,
1987-08-15,0.01,,,,
1987-08-16,0.17,,,,
1987-08-17,0.0,,,,
1987-08-18,0.0,,,,
1987-08-19,0.0,,,,
1987-08-20,0.0,,,,
1987-08-21,0.0,,,,
1987-08-22,10.19,,,,
1987-08-23,4.69,,,,
1987-08-24,12.77,,,,
1987-08-25,3.5,,,,
1987-08-26,1.38,,,,
1987-08-27,4.5,,,,
1987-08-28,3.13,,,,
1987-08-29,13.94,,,,
1987-08-30,0.03,,,,
1987-08-31,0.0,,,,
1987-09-01,7.5,,,,
1987-09-02,17.47,,,,
1987-09-03,0.02,,,,
1987-09-04,0.27,,,,
1987-09-05,1.47,,,,
1987-09-06,6.06,,,,
1987-09-07,7.65,,,,
1987-09-08,0.0,,,,
1987-09-09,0.54,,,,
1987-09-10,6.33,,,,
1987-09-11,0.87,,,,
1987-09-12,2.23,,,,
1987-09-13,0.0,,,,
1987-09-14,0.0,,,,
1987-09-15,0.0,,,,
1987-09-16,0.04,,,,
1987-09-17,3.37,,,,
1987-09-18,6.94,,,,
1987-09-19,4.76,,,,
1987-09-20,0.01,,,,
1987-09-21,0.0,,,,
1987-09-22,0.04,,,,
1987-09-23,11.24,,,,
1987-09-24,20.43,,,,
1987-09-25,0.0,,,,
1987-09-26,0.33,,,,
1987-09-27,13.09,,,,
1987-09-28,1.09,,,,
1987-09-29,1.64,,,,
1987-09-30,29.01,,,,
1987-10-01,5.81,,,,
1987-10-02,0.35,,,,
1987-10-03,0.0,,,,
1987-10-04,11.68,,,,
1987-10-05,0.86,,,,
1987-10-06,0.38,,,,
1987-10-07,0.0,,,,
1987-10-08,0.0,,,,
1987-10-09,0.17,,,,
1987-10-10,0.0,,,,
1987-10-11,0.5,,,,
1987-10-12,1.03,,,,
1987-10-13,0.0,,,,
1987-10-14,0.0,,,,
1987-10-15,0.0,,,,
1987-10-16,0.03,,,,
1987-10-17,2.38,,,,
1987-10-18,0.0,,,,
1987-10-19,0.0,,,,
1987-10-20,0.0,,,,
1987-10-21,0.0,,,,
1987-10-22,0.0,,,,
1987-10-23,0.0,,,,
1987-10-24,0.0,,,,
1987-10-25,0.0,,,,
1987-10-26,0.0,,,,
1987-10-27,0.0,,,,
1987-10-28,0.03,,,,
1987-10-29,0.0,,,,
1987-10-30,0.0,,,,
1987-10-31,0.0,,,,
1987-11-01,0.02,,,,
1987-11-02,0.0,,,,
1987-11-03,0.0,,,,
1987-11-04,0.0,,,,
1987-11-05,0.0,,,,
1987-11-06,0.0,,,,
1987-11-07,0.0,,,,
1987-11-08,0.0,,,,
1987-11-09,0.0,,,,
1987-11-10,0.0,,,,
1987-11-11,0.0,,,,
1987-11-12,0.0,,,,
1987-11-13,0.0,,,,
1987-11-14,0.0,,,,
1987-11-15,0.0,,,,
1987-11-16,0.0,,,,
1987-11-17,0.0,,,,
1987-11-18,0.0,,,,
1987-11-19,0.0,,,,
1987-11-20,0.0,,,,
1987-11-21,0.0,,,,
1987-11-22,0.0,,,,
1987-11-23,0.0,,,,
1987-11-24,0.0,,,,
1987-11-25,0.01,,,,
1987-11-26,0.0,,,,
1987-11-27,0.0,,,,
1987-11-28,0.0,,,,
1987-11-29,0.0,,,,
1987-11-30,0.0,,,,
1987-12-01,0.0,,,,
1987-12-02,0.0,,,,
1987-12-03,0.0,,,,
1987-12-04,0.0,,,,
1987-12-05,0.01,,,,
1987-12-06,0.0,,,,
1987-12-07,0.0,,,,
1987-12-08,0.0,,,,
1987-12-09,0.0,,,,
1987-12-10,0.0,,,,
1987-12-11,0.0,,,,
1987-12-12,0.0,,,,
1987-12-13,0.0,,,,
1987-12-14,0.0,,,,
1987-12-15,0.0,,,,
1987-12-16,0.0,,,,
1987-12-17,0.0,,,,
1987-12-18,0.0,,,,
1987-12-19,0.0,,,,
1987-12-20,0.0,,,,
1987-12-21,0.0,,,,
1987-12-22,0.0,,,,
1987-12-23,0.0,,,,
1987-12-24,0.0,,,,
1987-12-25,0.01,,,,
1987-12-26,0.0,,,,
1987-12-27,0.0,,,,
1987-12-28,0.0,,,,
1987-12-29,0.0,,,,
1987-12-30,0.0,,,,
1987-12-31,0.0,,,,
1988-01-01,0.0,,,,
1988-01-02,0.0,,,,
1988-01-03,0.0,,,,
1988-01-04,0.0,,,,
1988-01-05,0.0,,,,
1988-01-06,0.0,,,,
1988-01-07,0.03,,,,
1988-01-08,0.25,,,,
1988-01-09,0.0,,,,
1988-01-10,0.0,,,,
1988-01-11,0.0,,,,
1988-01-12,0.0,,,,
1988-01-13,0.0,,,,
1988-01-14,0.0,,,,
1988-01-15,0.0,,,,
1988-01-16,0.0,,,,
1988-01-17,0.0,,,,
1988-01-18,0.0,,,,
1988-01-19,0.0,,,,
1988-01-20,0.0,,,,
1988-01-21,0.0,,,,
1988-01-22,0.0,,,,
1988-01-23,0.0,,,,
1988-01-24,0.0,,,,
1988-01-25,0.0,,,,
1988-01-26,0.0,,,,
1988-01-27,0.0,,,,
1988-01-28,0.0,,,,
1988-01-29,0.0,,,,
1988-01-30,0.0,,,,
1988-01-31,0.0,,,,
1988-02-01,0.0,,,,
1988-02-02,0.0,,,,
1988-02-03,0.0,,,,
1988-02-04,0.0,,,,
1988-02-05,0.0,,,,
1988-02-06,0.0,,,,
1988-02-07,0.0,,,,
1988-02-08,0.0,,,,
1988-02-09,0.0,,,,
1988-02-10,0.0,,,,
1988-02-11,0.0,,,,
1988-02-12,0.0,,,,
1988-02-13,0.0,,,,
1988-02-14,0.0,,,,
1988-02-15,0.05,,,,
1988-02-16,0.0,,,,
1988-02-17,0.0,,,,
1988-02-18,0.0,,,,
1988-02-19,0.0,,,,
1988-02-20,0.0,,,,
1988-02-21,0.0,,,,
1988-02-22,0.0,,,,
1988-02-23,0.0,,,,
1988-02-24,0.0,,,,
1988-02-25,0.02,,,,
1988-02-26,0.15,,,,
1988-02-27,0.0,,,,
1988-02-28,0.0,,,,
1988-02-29,0.0,,,,
1988-03-01,0.0,,,,
1988-03-02,0.0,,,,
1988-03-03,0.0,,,,
1988-03-04,0.0,,,,
1988-03-05,0.0,,,,
1988-03-06,0.0,,,,
1988-03-07,0.0,,,,
1988-03-08,0.0,,,,
1988-03-09,0.0,,,,
1988-03-10,0.0,,,,
1988-03-11,0.0,,,,
1988-03-12,0.0,,,,
1988-03-13,0.0,,,,
1988-03-14,0.0,,,,
1988-03-15,0.0,,,,
1988-03-16,0.0,,,,
1988-03-17,0.0,,,,
1988-03-18,0.0,,,,
1988-03-19,0.0,,,,
1988-03-20,0.0,,,,
1988-03-21,0.0,,,,
1988-03-22,0.0,,,,
1988-03-23,0.0,,,,
1988-03-24,0.0,,,,
1988-03-25,0.0,,,,
1988-03-26,0.0,,,,
1988-03-27,0.0,,,,
1988-03-28,0.0,,,,
1988-03-29,0.0,,,,
1988-03-30,0.0,,,,
1988-03-31,0.0,,,,
1988-04-01,0.0,,,,
1988-04-02,0.0,,,,
1988-04-03,0.0,,,,
1988-04-04,0.0,,,,
1988-04-05,0.0,,,,
1988-04-06,0.0,,,,
1988-04-07,0.0,,,,
1988-04-08,0.0,,,,
1988-04-09,0.0,,,,
1988-04-10,0.0,,,,
1988-04-11,0.0,,,,
1988-04-12,0.0,,,,
1988-04-13,0.0,,,,
1988-04-14,0.0,,,,
1988-04-15,0.0,,,,
1988-04-16,0.0,,,,
1988-04-17,0.0,,,,
1988-04-18,0.0,,,,
1988-04-19,0.0,,,,
1988-04-20,0.0,,,,
1988-04-21,0.0,,,,
1988-04-22,0.0,,,,
1988-04-23,0.0,,,,
1988-04-24,0.0,,,,
1988-04-25,0.0,,,,
1988-04-26,0.0,,,,
1988-04-27,0.0,,,,
1988-04-28,0.0,,,,
1988-04-29,0.0,,,,
1988-04-30,0.0,,,,
1988-05-01,0.0,,,,
1988-05-02,0.0,,,,
1988-05-03,0.0,,,,
1988-05-04,0.0,,,,
1988-05-05,0.0,,,,
1988-05-06,0.0,,,,
1988-05-07,0.0,,,,
1988-05-08,0.0,,,,
1988-05-09,0.0,,,,
1988-05-10,0.0,,,,
1988-05-11,0.0,,,,
1988-05-12,0.0,,,,
1988-05-13,0.04,,,,
1988-05-14,0.0,,,,
1988-05-15,0.0,,,,
1988-05-16,0.0,,,,
1988-05-17,0.0,,,,
1988-05-18,0.0,,,,
1988-05-19,0.0,,,,
1988-05-20,0.0,,,,
1988-05-21,0.0,,,,
1988-05-22,0.0,,,,
1988-05-23,0.0,,,,
1988-05-24,0.0,,,,
1988-05-25,0.0,,,,
1988-05-26,0.0,,,,
1988-05-27,0.0,,,,
1988-05-28,0.0,,,,
1988-05-29,0.0,,,,
1988-05-30,0.0,,,,
1988-05-31,0.0,,,,
1988-06-01,0.0,,,,
1988-06-02,0.0,,,,
1988-06-03,0.0,,,,
1988-06-04,0.0,,,,
1988-06-05,0.0,,,,
1988-06-06,0.0,,,,
1988-06-07,0.0,,,,
1988-06-08,0.0,,,,
1988-06-09,0.0,,,,
1988-06-10,0.0,,,,
1988-06-11,0.0,,,,
1988-06-12,0.01,,,,
1988-06-13,0.01,,,,
1988-06-14,0.0,,,,
1988-06-15,0.0,,,,
1988-06-16,0.0,,,,
1988-06-17,0.0,,,,
1988-06-18,0.0,,,,
1988-06-19,0.94,,,,
1988-06-20,0.01,,,,
1988-06-21,0.0,,,,
1988-06-22,0.0,,,,
1988-06-23,0.0,,,,
1988-06-24,13.26,,,,
1988-06-25,0.31,,,,
1988-06-26,0.0,,,,
1988-06-27,0.0,,,,
1988-06-28,0.0,,,,
1988-06-29,0.0,,,,
1988-06-30,0.0,,,,
1988-07-01,0.0,,,,
1988-07-02,0.0,,,,
1988-07-03,0.0,,,,
1988-07-04,0.0,,,,
1988-07-05,0.0,,,,
1988-07-06,0.0,,,,
1988-07-07,0.02,,,,
1988-07-08,0.07,,,,
1988-07-09,0.12,,,,
1988-07-10,0.0,,,,
1988-07-11,0.2,,,,
1988-07-12,1.94,,,,
1988-07-13,0.01,,,,
1988-07-14,0.0,,,,
1988-07-15,0.0,,,,
1988-07-16,0.25,,,,
1988-07-17,0.0,,,,
1988-07-18,0.0,,,,
1988-07-19,0.0,,,,
1988-07-20,0.0,,,,
1988-07-21,0.0,,,,
1988-07-22,0.0,,,,
1988-07-23,0.0,,,,
1988-07-24,1.33,,,,
1988-07-25,0.0,,,,
1988-07-26,0.0,,,,
1988-07-27,0.0,,,,
1988-07-28,1.81,,,,
1988-07-29,3.13,,,,
1988-07-30,6.49,,,,
1988-07-31,0.8,,,,
1988-08-01,1.09,,,,
1988-08-02,4.86,,,,
1988-08-03,15.83,,,,
1988-08-04,7.32,,,,
1988-08-05,0.03,,,,
1988-08-06,0.0,,,,
1988-08-07,0.53,,,,
1988-08-08,1.07,,,,
1988-08-09,0.15,,,,
1988-08-10,0.3,,,,
1988-08-11,0.0,,,,
1988-08-12,0.0,,,,
1988-08-13,0.19,,,,
1988-08-14,11.16,,,,
1988-08-15,11.32,,,,
1988-08-16,10.36,,,,
1988-08-17,24.08,,,,
1988-08-18,24.17,,,,
1988-08-19,10.63,,,,
1988-08-20,7.65,,,,
1988-08-21,14.98,,,,
1988-08-22,20.13,,,,
1988-08-23,2.38,,,,
1988-08-24,0.97,,,,
1988-08-25,0.43,,,,
1988-08-26,38.53,,,,
1988-08-27,14.04,,,,
1988-08-28,23.9,,,,
1988-08-29,10.45,,,,
1988-08-30,19.19,,,,
1988-08-31,2.48,,,,
1988-09-01,14.77,,,,
1988-09-02,0.13,,,,
1988-09-03,0.04,,,,
1988-09-04,12.16,,,,
1988-09-05,3.44,,,,
1988-09-06,15.09,,,,
1988-09-07,12.58,,,,
1988-09-08,3.37,,,,
1988-09-09,1.31,,,,
1988-09-10,0.09,,,,
1988-09-11,0.0,,,,
1988-09-12,2.02,,,,
1988-09-13,14.34,,,,
1988-09-14,3.8,,,,
1988-09-15,1.94,,,,
1988-09-16,0.02,,,,
1988-09-17,15.69,,,,
1988-09-18,15.66,,,,
1988-09-19,3.67,,,,
1988-09-20,0.44,,,,
1988-09-21,21.17,,,,
1988-09-22,0.03,,,,
1988-09-23,0.0,,,,
1988-09-24,0.0,,,,
1988-09-25,0.0,,,,
1988-09-26,0.0,,,,
1988-09-27,0.42,,,,
1988-09-28,0.55,,,,
1988-09-29,0.54,,,,
1988-09-30,0.0,,,,
1988-10-01,0.01,,,,
1988-10-02,0.82,,,,
1988-10-03,0.0,,,,
1988-10-04,0.0,,,,
1988-10-05,0.0,,,,
1988-10-06,0.0,,,,
1988-10-07,0.0,,,,
1988-10-08,0.07,,,,
1988-10-09,0.0,,,,
1988-10-10,0.5,,,,
1988-10-11,0.0,,,,
1988-10-12,0.0,,,,
1988-10-13,0.0,,,,
1988-10-14,0.0,,,,
1988-10-15,0.0,,,,
1988-10-16,0.0,,,,
1988-10-17,0.0,,,,
1988-10-18,0.0,,,,
1988-10-19,0.0,,,,
1988-10-20,0.0,,,,
1988-10-21,0.0,,,,
1988-10-22,0.13,,,,
1988-10-23,0.0,,,,
1988-10-24,0.08,,,,
1988-10-25,0.0,,,,
1988-10-26,0.0,,,,
1988-10-27,0.02,,,,
1988-10-28,0.0,,,,
1988-10-29,0.0,,,,
1988-10-30,0.0,,,,
1988-10-31,0.0,,,,
1988-11-01,0.0,,,,
1988-11-02,0.0,,,,
1988-11-03,0.0,,,,
1988-11-04,0.0,,,,
1988-11-05,0.0,,,,
1988-11-06,0.0,,,,
1988-11-07,0.0,,,,
1988-11-08,0.0,,,,
1988-11-09,0.0,,,,
1988-11-10,0.0,,,,
1988-11-11,0.0,,,,
1988-11-12,0.0,,,,
1988-11-13,0.0,,,,
1988-11-14,0.0,,,,
1988-11-15,0.0,,,,
1988-11-16,0.0,,,,
1988-11-17,0.0,,,,
1988-11-18,0.0,,,,
1988-11-19,0.0,,,,
1988-11-20,0.0,,,,
1988-11-21,0.0,,,,
1988-11-22,0.0,,,,
1988-11-23,0.0,,,,
1988-11-24,0.0,,,,
1988-11-25,0.0,,,,
1988-11-26,0.0,,,,
1988-11-27,0.0,,,,
1988-11-28,0.0,,,,
1988-11-29,0.0,,,,
1988-11-30,0.0,,,,
1988-12-01,0.0,,,,
1988-12-02,0.0,,,,
1988-12-03,0.0,,,,
1988-12-04,0.0,,,,
1988-12-05,0.0,,,,
1988-12-06,0.0,,,,
1988-12-07,0.0,,,,
1988-12-08,0.0,,,,
1988-12-09,0.0,,,,
1988-12-10,0.0,,,,
1988-12-11,0.0,,,,
1988-12-12,0.0,,,,
1988-12-13,0.0,,,,
1988-12-14,0.0,,,,
1988-12-15,0.0,,,,
1988-12-16,0.0,,,,
1988-12-17,0.0,,,,
1988-12-18,0.0,,,,
1988-12-19,0.0,,,,
1988-12-20,0.0,,,,
1988-12-21,0.0,,,,
1988-12-22,0.0,,,,
1988-12-23,0.0,,,,
1988-12-24,0.0,,,,
1988-12-25,0.0,,,,
1988-12-26,0.0,,,,
1988-12-27,0.0,,,,
1988-12-28,0.0,,,,
1988-12-29,0.0,,,,
1988-12-30,0.0,,,,
1988-12-31,0.0,,,,
1989-01-01,0.0,,,,
1989-01-02,0.0,,,,
1989-01-03,0.0,,,,
1989-01-04,0.0,,,,
1989-01-05,0.0,,,,
1989-01-06,0.01,,,,
1989-01-07,0.01,,,,
1989-01-08,0.04,,,,
1989-01-09,0.0,,,,
1989-01-10,0.0,,,,
1989-01-11,0.0,,,,
1989-01-12,0.0,,,,
1989-01-13,0.0,,,,
1989-01-14,0.0,,,,
1989-01-15,0.0,,,,
1989-01-16,0.0,,,,
1989-01-17,0.0,,,,
1989-01-18,0.0,,,,
1989-01-19,0.0,,,,
1989-01-20,0.0,,,,
1989-01-21,0.0,,,,
1989-01-22,0.0,,,,
1989-01-23,0.0,,,,
1989-01-24,0.0,,,,
1989-01-25,0.0,,,,
1989-01-26,0.0,,,,
1989-01-27,0.0,,,,
1989-01-28,0.0,,,,
1989-01-29,0.0,,,,
1989-01-30,0.0,,,,
1989-01-31,0.0,,,,
1989-02-01,0.0,,,,
1989-02-02,0.01,,,,
1989-02-03,0.01,,,,
1989-02-04,0.0,,,,
1989-02-05,0.0,,,,
1989-02-06,0.0,,,,
1989-02-07,0.0,,,,
1989-02-08,0.0,,,,
1989-02-09,0.0,,,,
1989-02-10,0.0,,,,
1989-02-11,0.0,,,,
1989-02-12,0.04,,,,
1989-02-13,0.0,,,,
1989-02-14,0.02,,,,
1989-02-15,0.0,,,,
1989-02-16,0.0,,,,
1989-02-17,0.0,,,,
1989-02-18,0.0,,,,
1989-02-19,0.0,,,,
1989-02-20,0.0,,,,
1989-02-21,0.0,,,,
1989-02-22,0.0,,,,
1989-02-23,0.0,,,,
1989-02-24,0.0,,,,
1989-02-25,0.0,,,,
1989-02-26,0.0,,,,
1989-02-27,0.0,,,,
1989-02-28,0.0,,,,
1989-03-01,0.0,,,,
1989-03-02,0.0,,,,
1989-03-03,0.0,,,,
1989-03-04,0.0,,,,
1989-03-05,0.0,,,,
1989-03-06,0.0,,,,
1989-03-07,0.0,,,,
1989-03-08,0.0,,,,
1989-03-09,0.0,,,,
1989-03-10,0.0,,,,
1989-03-11,0.0,,,,
1989-03-12,0.0,,,,
1989-03-13,0.0,,,,
1989-03-14,0.0,,,,
1989-03-15,0.0,,,,
1989-03-16,0.0,,,,
1989-03-17,0.0,,,,
1989-03-18,0.0,,,,
1989-03-19,0.0,,,,
1989-03-20,0.0,,,,
1989-03-21,0.0,,,,
1989-03-22,0.0,,,,
1989-03-23,0.0,,,,
1989-03-24,0.0,,,,
1989-03-25,0.0,,,,
1989-03-26,0.0,,,,
1989-03-27,0.0,,,,
1989-03-28,0.0,,,,
1989-03-29,0.0,,,,
1989-03-30,0.0,,,,
1989-03-31,0.0,,,,
1989-04-01,0.0,,,,
1989-04-02,0.0,,,,
1989-04-03,0.0,,,,
1989-04-04,0.0,,,,
1989-04-05,0.0,,,,
1989-04-06,0.0,,,,
1989-04-07,0.0,,,,
1989-04-08,0.0,,,,
1989-04-09,0.0,,,,
1989-04-10,0.0,,,,
1989-04-11,0.0,,,,
1989-04-12,0.0,,,,
1989-04-13,0.0,,,,
1989-04-14,0.0,,,,
1989-04-15,0.0,,,,
1989-04-16,0.0,,,,
1989-04-17,0.0,,,,
1989-04-18,0.0,,,,
1989-04-19,0.0,,,,
1989-04-20,0.0,,,,
1989-04-21,0.0,,,,
1989-04-22,0.0,,,,
1989-04-23,0.0,,,,
1989-04-24,0.0,,,,
1989-04-25,0.0,,,,
1989-04-26,0.0,,,,
1989-04-27,0.0,,,,
1989-04-28,0.0,,,,
1989-04-29,0.0,,,,
1989-04-30,0.0,,,,
1989-05-01,0.0,,,,
1989-05-02,0.0,,,,
1989-05-03,0.0,,,,
1989-05-04,0.0,,,,
1989-05-05,0.0,,,,
1989-05-06,0.0,,,,
1989-05-07,0.0,,,,
1989-05-08,0.0,,,,
1989-05-09,0.0,,,,
1989-05-10,0.0,,,,
1989-05-11,0.0,,,,
1989-05-12,0.0,,,,
1989-05-13,0.0,,,,
1989-05-14,0.0,,,,
1989-05-15,0.0,,,,
1989-05-16,0.0,,,,
1989-05-17,0.0,,,,
1989-05-18,0.0,,,,
1989-05-19,0.0,,,,
1989-05-20,0.0,,,,
1989-05-21,0.0,,,,
1989-05-22,0.0,,,,
1989-05-23,0.0,,,,
1989-05-24,0.0,,,,
1989-05-25,0.08,,,,
1989-05-26,0.0,,,,
1989-05-27,0.0,,,,
1989-05-28,0.0,,,,
1989-05-29,0.0,,,,
1989-05-30,0.0,,,,
1989-05-31,0.0,,,,
1989-06-01,0.0,,,,
1989-06-02,0.17,,,,
1989-06-03,0.0,,,,
1989-06-04,0.0,,,,
1989-06-05,0.0,,,,
1989-06-06,0.0,,,,
1989-06-07,0.0,,,,
1989-06-08,0.0,,,,
1989-06-09,0.0,,,,
1989-06-10,0.0,,,,
1989-06-11,0.0,,,,
1989-06-12,0.07,,,,
1989-06-13,6.75,,,,
1989-06-14,0.0,,,,
1989-06-15,0.0,,,,
1989-06-16,9.51,,,,
1989-06-17,0.86,,,,
1989-06-18,0.0,,,,
1989-06-19,0.0,,,,
1989-06-20,0.11,,,,
1989-06-21,0.0,,,,
1989-06-22,0.0,,,,
1989-06-23,0.01,,,,
1989-06-24,1.35,,,,
1989-06-25,0.0,,,,
1989-06-26,0.0,,,,
1989-06-27,15.63,,,,
1989-06-28,0.0,,,,
1989-06-29,0.0,,,,
1989-06-30,2.89,,,,
1989-07-01,4.82,,,,
1989-07-02,0.0,,,,
1989-07-03,0.0,,,,
1989-07-04,2.8,,,,
1989-07-05,0.02,,,,
1989-07-06,0.05,,,,
1989-07-07,7.54,,,,
1989-07-08,0.0,,,,
1989-07-09,0.0,,,,
1989-07-10,0.13,,,,
1989-07-11,46.26,,,,
1989-07-12,6.03,,,,
1989-07-13,6.38,,,,
1989-07-14,0.0,,,,
1989-07-15,3.55,,,,
1989-07-16,14.24,,,,
1989-07-17,8.89,,,,
1989-07-18,0.89,,,,
1989-07-19,0.04,,,,
1989-07-20,0.0,,,,
1989-07-21,7.69,,,,
1989-07-22,0.0,,,,
1989-07-23,0.0,,,,
1989-07-24,0.0,,,,
1989-07-25,3.16,,,,
1989-07-26,0.19,,,,
1989-07-27,0.49,,,,
1989-07-28,0.62,,,,
1989-07-29,0.03,,,,
1989-07-30,0.02,,,,
1989-07-31,0.0,,,,
1989-08-01,23.49,,,,
1989-08-02,13.34,,,,
1989-08-03,4.47,,,,
1989-08-04,0.0,,,,
1989-08-05,0.0,,,,
1989-08-06,0.14,,,,
1989-08-07,0.0,,,,
1989-08-08,0.0,,,,
1989-08-09,0.0,,,,
1989-08-10,0.44,,,,
1989-08-11,50.46,,,,
1989-08-12,10.33,,,,
1989-08-13,0.59,,,,
1989-08-14,23.1,,,,
1989-08-15,8.52,,,,
1989-08-16,17.05,,,,
1989-08-17,0.84,,,,
1989-08-18,0.0,,,,
1989-08-19,0.0,,,,
1989-08-20,0.0,,,,
1989-08-21,8.34,,,,
1989-08-22,4.09,,,,
1989-08-23,51.9,,,,
1989-08-24,37.7,,,,
1989-08-25,11.68,,,,
1989-08-26,6.31,,,,
1989-08-27,2.99,,,,
1989-08-28,0.3,,,,
1989-08-29,0.03,,,,
1989-08-30,0.0,,,,
1989-08-31,0.03,,,,
1989-09-01,8.66,,,,
1989-09-02,0.0,,,,
1989-09-03,0.61,,,,
1989-09-04,0.0,,,,
1989-09-05,12.61,,,,
1989-09-06,1.19,,,,
1989-09-07,0.0,,,,
1989-09-08,0.0,,,,
1989-09-09,4.66,,,,
1989-09-10,0.0,,,,
1989-09-11,0.01,,,,
1989-09-12,3.01,,,,
1989-09-13,5.14,,,,
1989-09-14,1.09,,,,
1989-09-15,0.0,,,,
1989-09-16,0.0,,,,
1989-09-17,0.0,,,,
1989-09-18,0.0,,,,
1989-09-19,0.0,,,,
1989-09-20,0.43,,,,
1989-09-21,2.4,,,,
1989-09-22,0.0,,,,
1989-09-23,0.27,,,,
1989-09-24,0.14,,,,
1989-09-25,0.0,,,,
1989-09-26,1.18,,,,
1989-09-27,0.5,,,,
1989-09-28,0.0,,,,
1989-09-29,0.15,,,,
1989-09-30,0.04,,,,
1989-10-01,0.31,,,,
1989-10-02,3.45,,,,
1989-10-03,0.0,,,,
1989-10-04,0.0,,,,
1989-10-05,0.64,,,,
1989-10-06,14.98,,,,
1989-10-07,0.0,,,,
1989-10-08,0.01,,,,
1989-10-09,0.0,,,,
1989-10-10,0.0,,,,
1989-10-11,0.0,,,,
1989-10-12,0.0,,,,
1989-10-13,0.0,,,,
1989-10-14,0.0,,,,
1989-10-15,0.0,,,,
1989-10-16,0.01,,,,
1989-10-17,0.03,,,,
1989-10-18,0.0,,,,
1989-10-19,0.6,,,,
1989-10-20,0.0,,,,
1989-10-21,0.0,,,,
1989-10-22,0.0,,,,
1989-10-23,0.36,,,,
1989-10-24,0.0,,,,
1989-10-25,0.07,,,,
1989-10-26,0.0,,,,
1989-10-27,0.0,,,,
1989-10-28,0.0,,,,
1989-10-29,0.0,,,,
1989-10-30,0.01,,,,
1989-10-31,0.0,,,,
1989-11-01,0.0,,,,
1989-11-02,0.0,,,,
1989-11-03,0.0,,,,
1989-11-04,0.0,,,,
1989-11-05,0.0,,,,
1989-11-06,0.01,,,,
1989-11-07,0.01,,,,
1989-11-08,0.0,,,,
1989-11-09,0.0,,,,
1989-11-10,0.0,,,,
1989-11-11,0.01,,,,
1989-11-12,0.0,,,,
1989-11-13,0.0,,,,
1989-11-14,0.0,,,,
1989-11-15,0.0,,,,
1989-11-16,0.0,,,,
1989-11-17,0.0,,,,
1989-11-18,0.0,,,,
1989-11-19,0.0,,,,
1989-11-20,0.0,,,,
1989-11-21,0.0,,,,
1989-11-22,0.0,,,,
1989-11-23,0.0,,,,
1989-11-24,0.0,,,,
1989-11-25,0.0,,,,
1989-11-26,0.0,,,,
1989-11-27,0.0,,,,
1989-11-28,0.0,,,,
1989-11-29,0.0,,,,
1989-11-30,0.0,,,,
1989-12-01,0.0,,,,
1989-12-02,0.0,,,,
1989-12-03,0.0,,,,
1989-12-04,0.0,,,,
1989-12-05,0.0,,,,
1989-12-06,0.0,,,,
1989-12-07,0.0,,,,
1989-12-08,0.0,,,,
1989-12-09,0.0,,,,
1989-12-10,0.0,,,,
1989-12-11,0.0,,,,
1989-12-12,0.0,,,,
1989-12-13,0.0,,,,
1989-12-14,0.0,,,,
1989-12-15,0.0,,,,
1989-12-16,0.0,,,,
1989-12-17,0.02,,,,
1989-12-18,0.0,,,,
1989-12-19,0.0,,,,
1989-12-20,0.0,,,,
1989-12-21,0.0,,,,
1989-12-22,0.0,,,,
1989-12-23,0.02,,,,
1989-12-24,0.0,,,,
1989-12-25,0.0,,,,
1989-12-26,0.0,,,,
1989-12-27,0.0,,,,
1989-12-28,0.0,,,,
1989-12-29,0.0,,,,
1989-12-30,0.0,,,,
1989-12-31,0.0,,,,
1990-01-01,0.0,,,,
1990-01-02,0.0,,,,
1990-01-03,0.0,,,,
1990-01-04,0.0,,,,
1990-01-05,0.0,,,,
1990-01-06,0.0,,,,
1990-01-07,0.0,,,,
1990-01-08,0.0,,,,
1990-01-09,0.0,,,,
1990-01-10,0.04,,,,
1990-01-11,0.0,,,,
1990-01-12,0.11,,,,
1990-01-13,0.09,,,,
1990-01-14,0.01,,,,
1990-01-15,0.02,,,,
1990-01-16,0.0,,,,
1990-01-17,0.0,,,,
1990-01-18,0.0,,,,
1990-01-19,0.0,,,,
1990-01-20,0.0,,,,
1990-01-21,0.0,,,,
1990-01-22,0.0,,,,
1990-01-23,0.0,,,,
1990-01-24,0.0,,,,
1990-01-25,0.0,,,,
1990-01-26,0.0,,,,
1990-01-27,0.0,,,,
1990-01-28,0.01,,,,
1990-01-29,0.93,,,,
1990-01-30,0.0,,,,
1990-01-31,0.0,,,,
1990-02-01,0.0,,,,
1990-02-02,0.0,,,,
1990-02-03,0.0,,,,
1990-02-04,0.0,,,,
1990-02-05,0.0,,,,
1990-02-06,0.0,,,,
1990-02-07,0.0,,,,
1990-02-08,0.0,,,,
1990-02-09,0.0,,,,
1990-02-10,0.0,,,,
1990-02-11,0.0,,,,
1990-02-12,0.0,,,,
1990-02-13,0.0,,,,
1990-02-14,0.0,,,,
1990-02-15,0.0,,,,
1990-02-16,0.0,,,,
1990-02-17,0.0,,,,
1990-02-18,0.0,,,,
1990-02-19,0.0,,,,
1990-02-20,0.0,,,,
1990-02-21,0.0,,,,
1990-02-22,0.01,,,,
1990-02-23,0.01,,,,
1990-02-24,0.0,,,,
1990-02-25,0.0,,,,
1990-02-26,0.0,,,,
1990-02-27,0.0,,,,
1990-02-28,0.0,,,,
1990-03-01,0.0,,,,
1990-03-02,0.0,,,,
1990-03-03,0.0,,,,
1990-03-04,0.0,,,,
1990-03-05,0.0,,,,
1990-03-06,0.0,,,,
1990-03-07,0.0,,,,
1990-03-08,0.0,,,,
1990-03-09,0.0,,,,
1990-03-10,0.0,,,,
1990-03-11,0.0,,,,
1990-03-12,0.0,,,,
1990-03-13,0.0,,,,
1990-03-14,0.0,,,,
1990-03-15,0.0,,,,
1990-03-16,0.0,,,,
1990-03-17,0.0,,,,
1990-03-18,0.0,,,,
1990-03-19,0.0,,,,
1990-03-20,0.0,,,,
1990-03-21,0.0,,,,
1990-03-22,0.0,,,,
1990-03-23,0.0,,,,
1990-03-24,0.0,,,,
1990-03-25,0.0,,,,
1990-03-26,0.0,,,,
1990-03-27,0.0,,,,
1990-03-28,0.0,,,,
1990-03-29,0.0,,,,
1990-03-30,0.06,,,,
1990-03-31,0.02,,,,
1990-04-01,0.0,,,,
1990-04-02,0.0,,,,
1990-04-03,0.0,,,,
1990-04-04,0.0,,,,
1990-04-05,0.0,,,,
1990-04-06,0.0,,,,
1990-04-07,0.0,,,,
1990-04-08,0.0,,,,
1990-04-09,0.0,,,,
1990-04-10,0.0,,,,
1990-04-11,0.0,,,,
1990-04-12,0.0,,,,
1990-04-13,0.0,,,,
1990-04-14,0.0,,,,
1990-04-15,0.0,,,,
1990-04-16,0.0,,,,
1990-04-17,0.0,,,,
1990-04-18,0.0,,,,
1990-04-19,0.0,,,,
1990-04-20,0.0,,,,
1990-04-21,0.0,,,,
1990-04-22,0.0,,,,
1990-04-23,0.0,,,,
1990-04-24,0.0,,,,
1990-04-25,0.0,,,,
1990-04-26,0.0,,,,
1990-04-27,0.0,,,,
1990-04-28,0.0,,,,
1990-04-29,0.0,,,,
1990-04-30,0.0,,,,
1990-05-01,0.0,,,,
1990-05-02,0.0,,,,
1990-05-03,0.0,,,,
1990-05-04,0.0,,,,
1990-05-05,0.0,,,,
1990-05-06,0.0,,,,
1990-05-07,0.0,,,,
1990-05-08,0.0,,,,
1990-05-09,0.0,,,,
1990-05-10,0.0,,,,
1990-05-11,0.0,,,,
1990-05-12,0.0,,,,
1990-05-13,0.0,,,,
1990-05-14,0.0,,,,
1990-05-15,0.0,,,,
1990-05-16,0.0,,,,
1990-05-17,0.0,,,,
1990-05-18,0.0,,,,
1990-05-19,0.0,,,,
1990-05-20,0.0,,,,
1990-05-21,0.0,,,,
1990-05-22,0.0,,,,
1990-05-23,0.0,,,,
1990-05-24,0.0,,,,
1990-05-25,0.0,,,,
1990-05-26,0.0,,,,
1990-05-27,0.0,,,,
1990-05-28,0.0,,,,
1990-05-29,0.0,,,,
1990-05-30,0.0,,,,
1990-05-31,0.0,,,,
1990-06-01,0.0,,,,
1990-06-02,0.0,,,,
1990-06-03,0.0,,,,
1990-06-04,0.0,,,,
1990-06-05,0.0,,,,
1990-06-06,0.0,,,,
1990-06-07,0.0,,,,
1990-06-08,0.0,,,,
1990-06-09,0.0,,,,
1990-06-10,0.0,,,,
1990-06-11,0.0,,,,
1990-06-12,0.0,,,,
1990-06-13,0.0,,,,
1990-06-14,0.0,,,,
1990-06-15,0.0,,,,
1990-06-16,0.0,,,,
1990-06-17,0.0,,,,
1990-06-18,0.0,,,,
1990-06-19,1.17,,,,
1990-06-20,6.8,,,,
1990-06-21,0.0,,,,
1990-06-22,0.0,,,,
1990-06-23,0.0,,,,
1990-06-24,0.0,,,,
1990-06-25,0.0,,,,
1990-06-26,0.0,,,,
1990-06-27,0.0,,,,
1990-06-28,1.35,,,,
1990-06-29,3.61,,,,
1990-06-30,0.0,,,,
1990-07-01,0.0,,,,
1990-07-02,0.0,,,,
1990-07-03,0.0,,,,
1990-07-04,0.0,,,,
1990-07-05,0.04,,,,
1990-07-06,0.0,,,,
1990-07-07,0.0,,,,
1990-07-08,0.0,,,,
1990-07-09,0.01,,,,
1990-07-10,0.0,,,,
1990-07-11,0.0,,,,
1990-07-12,0.0,,,,
1990-07-13,0.0,,,,
1990-07-14,2.47,,,,
1990-07-15,7.4,,,,
1990-07-16,7.58,,,,
1990-07-17,4.41,,,,
1990-07-18,0.0,,,,
1990-07-19,0.0,,,,
1990-07-20,0.0,,,,
1990-07-21,0.26,,,,
1990-07-22,1.69,,,,
1990-07-23,0.03,,,,
1990-07-24,2.06,,,,
1990-07-25,1.41,,,,
1990-07-26,0.13,,,,
1990-07-27,0.28,,,,
1990-07-28,0.0,,,,
1990-07-29,0.04,,,,
1990-07-30,7.77,,,,
1990-07-31,0.0,,,,
1990-08-01,0.47,,,,
1990-08-02,0.0,,,,
1990-08-03,0.0,,,,
1990-08-04,12.76,,,,
1990-08-05,6.1,,,,
1990-08-06,13.7,,,,
1990-08-07,16.09,,,,
1990-08-08,30.2,,,,
1990-08-09,0.01,,,,
1990-08-10,0.0,,,,
1990-08-11,0.02,,,,
1990-08-12,0.06,,,,
1990-08-13,1.43,,,,
1990-08-14,0.0,,,,
1990-08-15,0.28,,,,
1990-08-16,0.06,,,,
1990-08-17,4.72,,,,
1990-08-18,0.0,,,,
1990-08-19,0.02,,,,
1990-08-20,6.92,,,,
1990-08-21,0.62,,,,
1990-08-22,10.53,,,,
1990-08-23,5.73,,,,
1990-08-24,0.0,,,,
1990-08-25,0.0,,,,
1990-08-26,0.03,,,,
1990-08-27,3.37,,,,
1990-08-28,0.0,,,,
1990-08-29,0.86,,,,
1990-08-30,0.49,,,,
1990-08-31,0.22,,,,
1990-09-01,26.98,,,,
1990-09-02,0.0,,,,
1990-09-03,0.04,,,,
1990-09-04,9.4,,,,
1990-09-05,0.0,,,,
1990-09-06,0.0,,,,
1990-09-07,0.0,,,,
1990-09-08,0.45,,,,
1990-09-09,1.22,,,,
1990-09-10,6.19,,,,
1990-09-11,0.47,,,,
1990-09-12,0.0,,,,
1990-09-13,0.0,,,,
1990-09-14,0.24,,,,
1990-09-15,0.0,,,,
1990-09-16,0.13,,,,
1990-09-17,34.55,,,,
1990-09-18,0.0,,,,
1990-09-19,0.43,,,,
1990-09-20,1.99,,,,
1990-09-21,0.0,,,,
1990-09-22,1.08,,,,
1990-09-23,0.0,,,,
1990-09-24,0.0,,,,
1990-09-25,1.09,,,,
1990-09-26,0.19,,,,
1990-09-27,5.04,,,,
1990-09-28,0.15,,,,
1990-09-29,1.4,,,,
1990-09-30,0.11,,,,
1990-10-01,0.13,,,,
1990-10-02,0.85,,,,
1990-10-03,0.18,,,,
1990-10-04,1.02,,,,
1990-10-05,3.4,,,,
1990-10-06,3.93,,,,
1990-10-07,0.0,,,,
1990-10-08,0.0,,,,
1990-10-09,0.0,,,,
1990-10-10,0.0,,,,
1990-10-11,0.0,,,,
1990-10-12,0.0,,,,
1990-10-13,0.0,,,,
1990-10-14,0.0,,,,
1990-10-15,0.0,,,,
1990-10-16,0.03,,,,
1990-10-17,0.01,,,,
1990-10-18,1.82,,,,
1990-10-19,0.01,,,,
1990-10-20,0.66,,,,
1990-10-21,0.0,,,,
1990-10-22,0.0,,,,
1990-10-23,0.0,,,,
1990-10-24,0.0,,,,
1990-10-25,0.0,,,,
1990-10-26,0.0,,,,
1990-10-27,0.0,,,,
1990-10-28,0.0,,,,
1990-10-29,0.0,,,,
1990-10-30,0.02,,,,
1990-10-31,0.0,,,,
1990-11-01,0.0,,,,
1990-11-02,0.0,,,,
1990-11-03,0.0,,,,
1990-11-04,0.0,,,,
1990-11-05,0.0,,,,
1990-11-06,0.0,,,,
1990-11-07,0.0,,,,
1990-11-08,0.0,,,,
1990-11-09,0.0,,,,
1990-11-10,0.0,,,,
1990-11-11,0.0,,,,
1990-11-12,0.0,,,,
1990-11-13,0.0,,,,
1990-11-14,0.0,,,,
1990-11-15,0.0,,,,
1990-11-16,0.0,,,,
1990-11-17,0.0,,,,
1990-11-18,0.0,,,,
1990-11-19,0.0,,,,
1990-11-20,0.01,,,,
1990-11-21,0.0,,,,
1990-11-22,0.0,,,,
1990-11-23,0.0,,,,
1990-11-24,0.0,,,,
1990-11-25,0.0,,,,
1990-11-26,0.0,,,,
1990-11-27,0.0,,,,
1990-11-28,0.0,,,,
1990-11-29,0.0,,,,
1990-11-30,0.0,,,,
1990-12-01,0.0,,,,
1990-12-02,0.0,,,,
1990-12-03,0.0,,,,
1990-12-04,0.0,,,,
1990-12-05,0.0,,,,
1990-12-06,0.0,,,,
1990-12-07,0.0,,,,
1990-12-08,0.0,,,,
1990-12-09,0.0,,,,
1990-12-10,0.0,,,,
1990-12-11,0.0,,,,
1990-12-12,0.0,,,,
1990-12-13,0.0,,,,
1990-12-14,0.0,,,,
1990-12-15,0.0,,,,
1990-12-16,0.0,,,,
1990-12-17,0.0,,,,
1990-12-18,0.0,,,,
1990-12-19,0.0,,,,
1990-12-20,0.0,,,,
1990-12-21,0.0,,,,
1990-12-22,0.0,,,,
1990-12-23,0.0,,,,
1990-12-24,0.0,,,,
1990-12-25,0.0,,,,
1990-12-26,0.0,,,,
1990-12-27,0.0,,,,
1990-12-28,0.0,,,,
1990-12-29,0.0,,,,
1990-12-30,0.0,,,,
1990-12-31,0.0,,,,
1991-01-01,0.0,35.43,20.12,48.32,14.88
1991-01-02,0.0,34.15,20.04,37.98,9.96
1991-01-03,0.0,34.18,15.99,49.75,12.81
1991-01-04,0.02,34.98,14.08,63.83,10.02
1991-01-05,0.03,33.56,15.89,59.35,10.64
1991-01-06,0.05,33.96,16.53,37.56,11.81
1991-01-07,0.0,31.73,18.59,36.53,12.41
1991-01-08,0.0,31.45,17.32,34.03,15.1
1991-01-09,0.0,30.14,19.28,39.64,17.39
1991-01-10,0.0,33.79,16.9,42.96,14.44
1991-01-11,0.02,33.63,17.62,47.04,16.46
1991-01-12,0.0,35.21,19.65,36.99,13.65
1991-01-13,0.0,35.93,17.55,43.03,12.83
1991-01-14,0.0,32.88,18.98,42.89,16.36
1991-01-15,0.01,27.91,18.87,58.1,20.01
1991-01-16,0.04,27.57,16.67,68.71,23.2
1991-01-17,0.0,31.17,18.53,73.79,32.58
1991-01-18,0.0,35.1,15.81,67.63,24.05
1991-01-19,0.0,32.06,16.89,86.1,29.96
1991-01-20,0.0,29.3,16.58,85.47,35.86
1991-01-21,0.0,29.15,15.46,92.98,36.87
1991-01-22,0.01,29.64,16.36,86.5,39.42
1991-01-23,0.0,25.78,17.52,82.13,50.14
1991-01-24,0.02,26.34,16.99,88.62,47.54
1991-01-25,0.0,30.75,15.65,96.24,27.46
1991-01-26,0.0,35.3,17.81,65.23,28.07
1991-01-27,0.0,34.36,19.97,71.57,23.4
1991-01-28,0.0,38.02,17.67,70.18,16.28
1991-01-29,0.0,37.22,16.95,75.72,15.94
1991-01-30,0.0,37.09,19.28,66.21,15.03
1991-01-31,0.0,37.13,20.7,52.11,16.45
1991-02-01,0.0,35.36,23.38,52.43,16.83
1991-02-02,0.0,32.06,25.07,26.83,11.75
1991-02-03,0.0,32.68,22.73,33.83,18.63
1991-02-04,0.0,32.31,19.95,60.19,10.82
1991-02-05,0.0,33.9,18.73,62.06,13.19
1991-02-06,0.0,33.17,17.95,45.72,13.34
1991-02-07,0.0,35.21,16.3,51.32,13.15
1991-02-08,0.0,34.7,16.15,53.02,12.45
1991-02-09,0.0,35.25,15.3,53.77,11.51
1991-02-10,0.0,34.58,18.66,52.5,9.54
1991-02-11,0.0,34.85,17.61,53.37,10.27
1991-02-12,0.0,34.71,17.87,64.6,19.19
1991-02-13,0.0,31.3,16.69,92.32,24.94
1991-02-14,0.0,28.46,14.13,98.87,36.72
1991-02-15,0.0,30.76,14.13,93.98,19.7
1991-02-16,0.0,31.15,13.9,74.67,19.92
1991-02-17,0.0,32.3,13.4,90.97,15.73
1991-02-18,0.0,31.65,16.42,79.11,24.89
1991-02-19,0.0,31.15,15.14,78.81,23.01
1991-02-20,0.0,31.96,16.53,75.58,14.04
1991-02-21,0.0,35.64,16.45,71.47,14.79
1991-02-22,0.0,38.5,16.75,64.25,14.41
1991-02-23,0.0,38.87,19.45,54.12,11.24
1991-02-24,0.0,38.36,19.73,61.09,17.06
1991-02-25,0.0,36.54,19.83,65.4,9.16
1991-02-26,0.0,34.89,18.93,44.17,10.6
1991-02-27,0.0,35.5,15.13,59.78,10.27
1991-02-28,0.0,36.5,14.93,63.59,9.5
1991-03-01,0.0,36.78,16.29,57.35,7.99
1991-03-02,0.0,36.39,14.41,74.18,7.17
1991-03-03,0.0,37.28,18.15,67.27,10.66
1991-03-04,0.0,35.71,18.91,70.96,17.21
1991-03-05,0.0,33.48,18.73,81.18,27.69
1991-03-06,0.0,31.02,17.12,86.14,33.6
1991-03-07,0.0,31.38,15.29,91.16,26.07
1991-03-08,0.0,32.44,15.01,95.28,26.17
1991-03-09,0.0,35.79,16.54,93.5,22.42
1991-03-10,0.0,36.62,18.41,78.03,20.53
1991-03-11,0.0,36.26,17.36,92.89,24.71
1991-03-12,0.0,38.83,18.44,86.74,16.93
1991-03-13,0.0,37.38,17.22,84.9,18.6
1991-03-14,0.0,34.17,18.0,73.48,21.01
1991-03-15,0.0,34.84,16.56,74.33,15.89
1991-03-16,0.0,35.51,16.9,67.66,17.11
1991-03-17,0.0,39.17,17.68,67.9,13.81
1991-03-18,0.0,39.51,19.61,47.98,7.76
1991-03-19,0.0,40.17,22.13,31.42,7.49
1991-03-20,0.0,39.85,21.22,38.34,6.73
1991-03-21,0.0,38.72,22.91,40.51,7.79
1991-03-22,0.0,38.71,20.77,41.9,8.79
1991-03-23,0.0,37.43,18.01,71.41,13.88
1991-03-24,0.0,36.78,20.48,48.02,13.33
1991-03-25,0.0,35.42,18.8,53.64,10.6
1991-03-26,0.0,33.36,15.99,82.89,24.83
1991-03-27,0.0,32.08,16.1,88.43,29.9
1991-03-28,0.0,32.5,16.25,91.04,24.26
1991-03-29,0.0,33.64,16.43,87.25,22.66
1991-03-30,0.0,34.11,16.31,92.35,21.73
1991-03-31,0.0,30.99,15.25,93.4,30.77
1991-04-01,0.0,31.83,15.7,92.81,27.59
1991-04-02,0.0,34.22,16.0,92.83,25.49
1991-04-03,0.0,37.81,17.13,80.76,13.33
1991-04-04,0.0,38.64,20.31,49.6,8.53
1991-04-05,0.0,39.12,17.94,60.34,7.98
1991-04-06,0.0,39.49,17.4,60.8,7.61
1991-04-07,0.0,40.81,17.6,72.81,10.45
1991-04-08,0.0,41.43,19.42,60.28,9.92
1991-04-09,0.0,35.25,15.7,88.76,26.73
1991-04-10,0.0,34.43,14.87,96.51,27.69
1991-04-11,0.0,38.47,16.3,98.38,20.81
1991-04-12,0.0,39.91,15.1,98.87,16.58
1991-04-13,0.0,41.81,15.3,94.94,11.24
1991-04-14,0.0,40.31,16.54,93.8,12.24
1991-04-15,0.0,37.41,15.96,97.78,20.57
1991-04-16,0.0,35.65,16.53,96.54,22.81
1991-04-17,0.0,35.42,17.48,89.71,26.5
1991-04-18,0.0,36.57,17.31,89.12,19.08
1991-04-19,0.0,38.1,17.32,83.32,16.8
1991-04-20,0.0,38.41,17.08,73.52,15.94
1991-04-21,0.0,37.91,18.26,76.16,19.21
1991-04-22,0.0,37.88,18.05,84.99,19.09
1991-04-23,0.0,42.03,18.03,79.36,15.02
1991-04-24,0.0,42.52,22.11,63.34,15.96
1991-04-25,0.0,44.14,22.07,62.15,12.16
1991-04-26,0.0,42.84,25.94,39.98,7.51
1991-04-27,0.0,39.06,20.55,54.42,14.53
1991-04-28,0.0,36.42,16.88,83.31,19.82
1991-04-29,0.0,33.71,16.1,89.71,27.6
1991-04-30,0.0,38.06,15.63,95.44,21.4
1991-05-01,0.0,36.79,17.56,96.07,21.4
1991-05-02,0.0,38.59,19.37,93.9,26.67
1991-05-03,0.0,38.14,19.44,94.01,26.08
1991-05-04,0.0,36.04,18.64,96.83,24.28
1991-05-05,0.0,35.67,17.86,91.07,23.99
1991-05-06,0.0,34.53,17.68,86.26,31.93
1991-05-07,0.0,34.77,18.11,87.74,27.13
1991-05-08,0.0,33.05,18.32,90.54,34.0
1991-05-09,0.0,35.57,17.92,82.11,24.75
1991-05-10,0.0,38.2,18.95,72.47,15.07
1991-05-11,0.0,38.3,20.13,62.22,14.65
1991-05-12,0.0,37.77,20.19,58.92,15.32
1991-05-13,0.0,35.38,17.91,79.04,24.71
1991-05-14,0.0,38.31,17.68,77.96,22.16
1991-05-15,0.0,40.59,18.42,86.2,13.97
1991-05-16,0.0,43.15,21.98,69.25,7.49
1991-05-17,0.0,41.1,24.31,65.24,14.5
1991-05-18,0.0,39.84,19.65,82.51,20.14
1991-05-19,0.0,39.96,20.25,80.27,17.55
1991-05-20,0.0,35.54,18.92,85.76,28.24
1991-05-21,0.0,33.95,17.35,93.94,30.62
1991-05-22,0.0,35.53,17.44,94.31,27.36
1991-05-23,0.0,33.48,19.17,91.92,40.27
1991-05-24,0.0,32.93,19.54,88.63,43.13
1991-05-25,0.0,34.13,19.31,90.02,40.15
1991-05-26,0.0,32.99,18.59,93.34,37.81
1991-05-27,0.0,34.56,19.0,94.22,30.85
1991-05-28,0.0,33.16,19.06,94.93,37.3
1991-05-29,0.0,31.37,18.7,91.64,39.68
1991-05-30,0.0,32.06,18.82,89.89,41.98
1991-05-31,0.0,36.09,20.76,88.89,39.16
1991-06-01,0.0,35.78,21.21,92.46,32.56
1991-06-02,0.0,37.26,22.99,89.52,28.65
1991-06-03,0.06,35.43,22.79,87.94,41.48
1991-06-04,0.06,37.95,24.11,87.33,38.09
1991-06-05,0.35,35.74,24.41,84.11,40.33
1991-06-06,0.0,40.49,25.42,62.26,26.39
1991-06-07,0.0,41.67,24.91,60.5,19.68
1991-06-08,0.0,37.69,24.33,62.7,29.45
1991-06-09,0.0,38.48,24.67,69.37,31.62
1991-06-10,0.0,36.51,23.87,79.95,33.2
1991-06-11,0.0,39.7,23.6,84.74,33.41
1991-06-12,0.0,35.2,24.12,84.5,38.01
1991-06-13,0.0,37.02,22.43,89.98,34.93
1991-06-14,0.0,34.99,19.91,93.29,30.51
1991-06-15,0.0,35.85,19.35,90.64,31.66
1991-06-16,0.0,35.35,20.7,91.86,34.71
1991-06-17,0.0,39.48,21.83,94.09,26.69
1991-06-18,0.0,36.31,20.55,92.52,33.84
1991-06-19,0.0,34.9,21.79,89.99,38.47
1991-06-20,0.0,34.97,22.45,87.06,39.81
1991-06-21,0.0,32.59,23.15,87.87,46.41
1991-06-22,0.0,32.96,20.59,86.08,41.4
1991-06-23,0.0,35.81,19.45,92.26,31.45
1991-06-24,0.0,36.3,21.07,90.57,31.04
1991-06-25,0.0,37.37,22.2,90.28,36.04
1991-06-26,0.0,36.89,22.02,89.96,38.54
1991-06-27,0.0,35.15,21.16,89.89,36.85
1991-06-28,0.0,35.51,21.03,86.26,36.08
1991-06-29,0.0,35.12,21.29,88.14,34.66
1991-06-30,0.0,36.31,22.0,85.97,36.06
1991-07-01,0.0,34.91,22.3,87.48,44.82
1991-07-02,0.0,35.78,23.79,84.51,38.52
1991-07-03,0.0,33.81,22.23,82.57,43.14
1991-07-04,0.0,32.9,21.46,82.47,43.2
1991-07-05,0.0,35.83,22.72,85.28,40.16
1991-07-06,0.0,36.4,23.18,86.98,38.74
1991-07-07,0.0,37.69,24.93,81.95,37.92
1991-07-08,0.0,35.35,24.71,86.46,45.11
1991-07-09,1.34,37.01,25.19,93.06,45.4
1991-07-10,18.3,37.77,24.15,94.68,41.48
1991-07-11,0.01,33.99,23.38,94.1,49.32
1991-07-12,0.0,33.89,23.5,90.34,53.86
1991-07-13,0.48,35.27,24.32,92.06,49.69
1991-07-14,0.0,34.49,24.55,91.93,48.83
1991-07-15,0.0,33.41,24.16,82.79,46.93
1991-07-16,0.0,32.81,23.03,79.19,51.71
1991-07-17,0.0,34.27,25.04,87.8,45.1
1991-07-18,0.0,35.73,24.79,88.03,47.34
1991-07-19,0.06,34.71,25.17,90.02,52.12
1991-07-20,0.0,36.04,24.35,81.4,40.6
1991-07-21,0.0,33.66,24.85,83.79,46.95
1991-07-22,19.65,34.77,22.87,94.8,46.77
1991-07-23,1.12,31.86,23.67,96.31,60.94
1991-07-24,0.0,32.61,24.77,96.98,58.99
1991-07-25,0.0,32.14,24.31,87.97,51.11
1991-07-26,0.03,33.2,22.13,90.9,46.41
1991-07-27,1.2,32.57,23.23,84.85,53.82
1991-07-28,0.25,33.05,23.91,90.86,54.96
1991-07-29,0.0,33.01,24.01,93.62,57.92
1991-07-30,0.01,32.86,24.35,84.89,49.75
1991-07-31,0.17,34.13,23.88,89.38,50.66
1991-08-01,3.71,33.66,23.96,92.22,54.48
1991-08-02,0.0,34.82,24.08,96.16,51.41
1991-08-03,0.0,36.29,24.55,92.1,38.69
1991-08-04,0.0,34.72,24.24,85.47,45.91
1991-08-05,0.0,34.06,24.53,89.81,51.85
1991-08-06,0.01,35.36,25.28,91.09,46.43
1991-08-07,0.0,34.48,25.33,87.52,51.3
1991-08-08,0.12,32.3,23.94,88.85,54.27
1991-08-09,0.18,35.94,24.82,87.56,45.71
1991-08-10,0.97,35.79,24.7,90.67,48.26
1991-08-11,0.0,35.77,25.15,91.44,48.58
1991-08-12,0.0,35.66,23.19,89.77,42.71
1991-08-13,2.61,34.65,23.43,87.92,46.01
1991-08-14,2.4,34.87,24.08,91.6,48.56
1991-08-15,1.81,35.87,24.84,86.95,51.53
1991-08-16,21.28,31.7,23.11,97.09,66.65
1991-08-17,1.09,32.48,23.43,96.43,64.13
1991-08-18,0.0,33.38,24.23,94.77,57.18
1991-08-19,0.0,33.26,23.83,92.19,50.18
1991-08-20,0.0,33.31,22.83,89.93,52.49
1991-08-21,5.08,35.18,23.67,91.39,49.44
1991-08-22,3.21,35.54,24.05,98.27,53.87
1991-08-23,0.43,32.5,24.42,96.15,65.23
1991-08-24,0.04,33.16,23.45,98.54,60.2
1991-08-25,21.54,34.52,24.04,97.92,54.23
1991-08-26,0.12,32.34,21.54,98.38,61.44
1991-08-27,0.0,33.64,24.31,93.42,55.46
1991-08-28,0.04,33.17,24.19,91.38,53.63
1991-08-29,10.92,34.81,23.76,93.55,51.77
1991-08-30,9.67,33.09,22.38,96.58,58.97
1991-08-31,17.17,32.35,24.03,97.7,62.54
1991-09-01,29.18,31.67,21.34,98.09,68.17
1991-09-02,1.85,31.13,22.06,98.14,67.37
1991-09-03,3.49,32.1,23.39,98.89,58.75
1991-09-04,18.26,32.45,23.34,97.13,63.23
1991-09-05,2.1,32.0,21.53,97.93,69.7
1991-09-06,0.79,34.2,22.83,98.48,60.57
1991-09-07,0.12,33.74,23.18,95.38,58.76
1991-09-08,23.06,33.15,22.21,98.63,66.94
1991-09-09,2.36,32.25,22.65,97.11,63.67
1991-09-10,0.16,32.23,22.95,96.9,61.91
1991-09-11,2.86,30.44,21.98,99.2,65.03
1991-09-12,0.0,33.87,22.4,95.23,59.83
1991-09-13,0.0,34.7,24.56,94.04,55.47
1991-09-14,6.46,32.49,24.6,96.68,62.41
1991-09-15,0.0,33.03,23.51,99.51,59.03
1991-09-16,0.0,33.28,24.03,97.77,60.5
1991-09-17,0.0,35.12,24.42,95.16,50.37
1991-09-18,0.0,35.13,24.06,95.43,51.84
1991-09-19,0.01,35.06,24.84,94.26,53.96
1991-09-20,8.29,33.76,24.34,95.09,53.83
1991-09-21,0.0,32.79,22.11,93.81,55.31
1991-09-22,0.0,34.97,23.27,94.09,56.48
1991-09-23,0.0,36.32,23.75,92.05,48.19
1991-09-24,0.0,36.54,25.95,92.38,48.87
1991-09-25,0.33,35.35,25.83,95.41,51.86
1991-09-26,4.63,35.51,25.4,95.48,54.79
1991-09-27,0.3,31.74,22.05,94.77,60.02
1991-09-28,0.0,35.77,23.57,94.11,46.04
1991-09-29,0.05,37.33,23.83,95.55,38.02
1991-09-30,0.01,38.09,24.87,92.16,31.23
1991-10-01,0.0,38.13,23.62,92.26,34.99
1991-10-02,0.0,37.92,24.34,96.56,32.97
1991-10-03,0.0,36.52,22.99,97.3,41.74
1991-10-04,0.0,37.96,23.14,95.46,29.01
1991-10-05,3.51,36.97,23.31,96.51,36.74
1991-10-06,0.01,34.51,22.94,93.33,45.65
1991-10-07,0.35,32.15,24.33,92.93,60.11
1991-10-08,6.75,30.11,22.81,94.02,65.72
1991-10-09,1.03,30.12,20.98,97.54,68.53
1991-10-10,0.0,31.24,22.37,95.67,68.31
1991-10-11,3.23,33.5,22.52,98.57,60.16
1991-10-12,0.0,33.63,23.44,98.39,59.76
1991-10-13,0.08,32.11,22.74,93.92,54.48
1991-10-14,0.0,34.23,22.83,95.39,45.71
1991-10-15,0.0,36.67,23.38,94.78,43.15
1991-10-16,0.0,36.16,23.64,89.62,26.59
1991-10-17,0.0,35.48,20.52,87.95,24.25
1991-10-18,0.0,35.69,20.32,95.57,24.79
1991-10-19,1.77,32.05,22.47,92.12,56.45
1991-10-20,0.0,35.73,23.14,95.31,44.53
1991-10-21,0.0,38.24,24.1,91.36,18.35
1991-10-22,0.0,38.17,21.32,89.1,23.64
1991-10-23,0.0,36.7,21.2,94.01,30.5
1991-10-24,0.0,35.46,20.53,97.15,32.6
1991-10-25,0.0,35.6,21.73,95.32,33.71
1991-10-26,0.0,37.35,20.88,94.87,23.79
1991-10-27,0.09,36.84,21.57,91.7,30.9
1991-10-28,0.0,39.52,20.64,94.3,21.0
1991-10-29,0.0,38.51,23.41,98.84,24.85
1991-10-30,0.0,39.36,21.46,97.08,14.71
1991-10-31,0.0,38.79,20.18,89.24,17.59
1991-11-01,0.0,37.2,18.3,96.69,30.64
1991-11-02,0.0,37.07,20.43,98.96,30.88
1991-11-03,0.0,39.41,20.15,97.91,17.92
1991-11-04,0.0,39.57,19.56,93.0,15.37
1991-11-05,0.0,38.97,18.76,89.09,15.69
1991-11-06,0.0,38.48,17.0,88.18,15.46
1991-11-07,0.0,39.57,19.56,84.64,14.96
1991-11-08,0.0,40.06,21.29,81.26,13.83
1991-11-09,0.0,39.36,19.65,64.95,10.85
1991-11-10,0.0,38.84,17.71,69.07,13.43
1991-11-11,0.0,38.22,17.07,75.52,15.73
1991-11-12,0.0,38.82,16.93,76.29,9.66
1991-11-13,0.0,38.38,18.25,81.75,12.96
1991-11-14,0.0,36.36,19.54,70.47,11.89
1991-11-15,0.0,37.26,18.45,51.18,13.69
1991-11-16,0.0,35.78,17.39,56.42,15.78
1991-11-17,0.0,36.19,19.29,63.92,15.65
1991-11-18,0.0,37.23,17.01,67.72,14.03
1991-11-19,0.0,37.33,17.63,71.18,13.45
1991-11-20,0.7,31.18,20.18,86.6,31.86
1991-11-21,0.01,35.29,20.54,88.66,27.55
1991-11-22,0.0,37.15,18.88,96.58,21.41
1991-11-23,0.0,37.95,20.15,67.06,13.33
1991-11-24,0.0,37.11,18.88,69.57,17.06
1991-11-25,0.0,33.95,21.14,75.52,18.69
1991-11-26,0.0,36.27,21.8,55.51,14.41
1991-11-27,0.0,33.71,21.39,69.63,21.36
1991-11-28,0.0,33.8,21.06,77.14,27.47
1991-11-29,0.01,33.58,20.59,70.49,27.01
1991-11-30,0.0,34.44,18.91,77.76,24.02
1991-12-01,0.0,37.0,16.32,91.59,13.88
1991-12-02,0.0,37.84,17.06,90.36,13.55
1991-12-03,0.0,37.13,16.53,80.12,17.59
1991-12-04,0.0,35.25,20.77,63.38,14.88
1991-12-05,0.0,33.87,20.53,87.89,27.67
1991-12-06,0.0,32.93,19.97,99.08,47.11
1991-12-07,0.0,33.08,21.16,93.42,54.26
1991-12-08,0.0,33.6,21.79,89.9,46.58
1991-12-09,0.0,34.62,20.68,88.62,35.86
1991-12-10,0.0,34.18,20.72,83.32,31.35
1991-12-11,0.0,33.54,21.0,78.83,30.61
1991-12-12,0.0,34.67,19.04,80.31,28.37
1991-12-13,0.0,36.32,18.23,87.25,17.6
1991-12-14,0.02,36.21,21.55,66.43,15.52
1991-12-15,0.0,36.49,20.61,43.26,13.86
1991-12-16,0.0,35.69,19.55,37.32,13.67
1991-12-17,0.03,32.85,20.94,37.01,19.63
1991-12-18,0.0,32.79,19.64,47.86,21.89
1991-12-19,0.0,33.61,18.63,52.65,20.34
1991-12-20,0.0,34.8,20.11,59.49,16.23
1991-12-21,0.0,31.55,19.43,71.61,21.06
1991-12-22,0.0,34.14,19.22,60.81,15.54
1991-12-23,0.0,34.96,15.2,64.55,15.8
1991-12-24,0.0,34.71,17.14,53.45,10.65
1991-12-25,0.0,33.73,16.15,36.38,10.99
1991-12-26,0.0,33.92,13.98,39.91,9.94
1991-12-27,0.0,33.29,14.98,65.09,13.24
1991-12-28,0.0,33.39,16.55,58.04,15.67
1991-12-29,0.0,33.56,17.01,47.51,17.71
1991-12-30,0.0,32.62,21.36,43.63,21.15
1991-12-31,0.0,34.0,20.33,45.84,15.49
1992-01-01,0.0,34.11,17.6,49.59,15.86
1992-01-02,0.0,33.96,16.58,56.6,14.4
1992-01-03,0.0,35.91,19.12,57.5,14.34
1992-01-04,0.0,35.45,17.08,61.08,17.57
1992-01-05,0.0,35.85,16.85,47.98,14.47
1992-01-06,0.0,37.14,19.39,46.8,8.6
1992-01-07,0.02,34.03,19.24,28.54,9.67
1992-01-08,0.0,34.86,17.0,37.23,14.05
1992-01-09,0.12,35.02,16.88,78.67,17.87
1992-01-10,0.0,35.21,15.23,84.78,23.77
1992-01-11,0.0,33.43,14.86,96.06,20.38
1992-01-12,0.01,34.0,15.42,95.75,20.26
1992-01-13,0.0,33.57,19.63,92.47,14.86
1992-01-14,0.0,36.35,15.14,61.33,15.83
1992-01-15,0.0,34.93,16.6,55.94,18.27
1992-01-16,0.0,35.21,17.41,58.62,14.35
1992-01-17,0.0,35.21,14.23,65.11,15.07
1992-01-18,0.0,35.94,14.32,88.84,17.26
1992-01-19,0.0,32.98,16.82,99.49,28.02
1992-01-20,0.0,29.14,15.83,98.87,46.51
1992-01-21,0.0,31.2,13.64,97.59,30.42
1992-01-22,0.0,32.24,15.33,95.41,24.1
1992-01-23,0.0,31.88,15.57,82.04,21.51
1992-01-24,0.0,34.71,16.31,72.98,28.47
1992-01-25,0.0,36.91,17.96,82.81,26.43
1992-01-26,0.0,35.86,19.19,75.76,30.5
1992-01-27,0.0,35.32,20.25,60.5,29.44
1992-01-28,0.0,35.75,19.33,81.46,27.94
1992-01-29,0.0,34.68,20.28,96.57,40.06
1992-01-30,0.0,33.43,20.07,93.95,46.54
1992-01-31,0.0,32.18,17.91,95.62,44.07
1992-02-01,0.0,30.75,16.35,97.98,42.18
1992-02-02,0.12,29.49,16.16,96.57,39.52
1992-02-03,0.0,31.81,17.89,96.46,43.7
1992-02-04,0.0,31.51,17.4,97.2,40.14
1992-02-05,0.0,31.9,17.66,91.58,38.62
1992-02-06,0.0,32.25,16.97,90.2,35.28
1992-02-07,0.0,34.56,17.07,91.6,30.01
1992-02-08,0.0,35.33,20.5,65.64,26.69
1992-02-09,0.0,35.35,18.81,63.73,27.96
1992-02-10,0.02,34.76,18.17,65.73,28.11
1992-02-11,0.76,29.53,19.87,85.88,36.08
1992-02-12,7.93,20.61,17.71,97.93,74.77
1992-02-13,0.0,25.73,16.41,96.0,61.61
1992-02-14,0.0,28.2,18.39,93.88,52.97
1992-02-15,0.0,35.21,18.54,85.93,30.24
1992-02-16,0.0,37.77,20.9,68.51,14.15
1992-02-17,0.0,36.96,21.03,62.9,13.32
1992-02-18,0.0,37.42,18.75,82.88,18.68
1992-02-19,0.0,36.97,18.2,86.74,30.54
1992-02-20,0.0,36.81,17.93,95.11,20.76
1992-02-21,0.0,36.76,17.84,96.42,21.96
1992-02-22,0.0,35.54,17.72,92.36,27.44
1992-02-23,0.0,32.05,17.73,95.54,33.71
1992-02-24,0.0,33.22,17.25,83.98,29.76
1992-02-25,0.0,36.2,17.51,82.73,25.0
1992-02-26,0.0,36.83,18.32,74.04,21.61
1992-02-27,0.0,35.82,17.72,83.97,25.08
1992-02-28,0.01,31.86,19.34,90.97,28.01
1992-02-29,0.0,29.06,15.12,85.97,30.11
1992-03-01,0.0,31.82,14.37,98.72,18.82
1992-03-02,0.0,32.88,14.74,85.04,20.29
1992-03-03,0.0,33.92,14.93,79.59,21.42
1992-03-04,0.0,33.82,15.74,82.27,25.69
1992-03-05,0.0,35.5,15.63,74.84,19.77
1992-03-06,0.0,36.36,17.46,64.75,13.97
1992-03-07,0.0,37.63,17.9,50.81,12.47
1992-03-08,0.0,39.18,17.57,51.12,16.11
1992-03-09,0.0,38.81,21.32,40.2,17.53
1992-03-10,0.0,38.69,20.69,42.07,18.65
1992-03-11,0.0,38.31,22.01,46.42,15.02
1992-03-12,0.0,35.49,21.53,38.61,10.84
1992-03-13,0.0,34.67,19.86,41.48,15.33
1992-03-14,0.0,34.42,23.09,41.38,17.72
1992-03-15,0.01,33.4,22.93,30.78,12.36
1992-03-16,0.01,32.3,22.15,33.77,13.74
1992-03-17,0.02,36.9,21.12,44.94,8.82
1992-03-18,0.03,34.48,19.12,68.95,11.96
1992-03-19,0.0,35.91,17.46,77.43,16.11
1992-03-20,0.0,35.82,15.59,95.87,23.02
1992-03-21,0.0,37.97,15.42,88.77,10.17
1992-03-22,0.0,37.29,21.79,31.04,8.38
1992-03-23,0.0,36.6,21.58,29.86,10.55
1992-03-24,0.0,37.82,18.8,40.15,12.63
1992-03-25,0.0,36.67,18.07,71.02,16.16
1992-03-26,0.0,38.25,17.81,82.48,18.03
1992-03-27,0.0,39.62,20.85,67.43,17.77
1992-03-28,0.0,39.2,21.61,48.9,16.69
1992-03-29,0.0,40.55,20.68,56.86,13.53
1992-03-30,0.0,38.64,19.67,70.2,16.75
1992-03-31,0.0,34.11,18.48,81.46,34.5
1992-04-01,0.0,34.14,17.06,86.52,27.32
1992-04-02,0.0,34.48,18.07,93.67,34.77
1992-04-03,0.0,35.26,18.19,84.37,33.18
1992-04-04,0.0,36.25,18.24,78.19,26.09
1992-04-05,0.0,34.65,17.76,82.15,26.66
1992-04-06,0.0,36.05,16.98,76.29,17.4
1992-04-07,0.0,36.43,20.68,50.19,19.22
1992-04-08,0.0,38.44,18.88,52.99,11.06
1992-04-09,0.0,36.47,17.35,84.43,21.32
1992-04-10,0.0,34.96,16.06,96.56,25.49
1992-04-11,0.0,34.8,15.39,95.96,24.0
1992-04-12,0.0,35.39,16.04,93.49,25.95
1992-04-13,0.0,38.86,17.25,80.44,23.22
1992-04-14,0.0,42.0,21.58,49.79,11.29
1992-04-15,0.0,41.78,25.35,47.35,10.94
1992-04-16,0.0,39.79,23.29,51.49,15.01
1992-04-17,0.0,39.13,21.13,65.73,21.29
1992-04-18,0.0,40.24,18.48,81.83,20.05
1992-04-19,0.0,38.93,19.6,77.03,24.64
1992-04-20,0.0,37.47,19.0,83.3,28.98
1992-04-21,0.0,35.21,17.82,90.05,32.4
1992-04-22,0.0,33.28,17.41,97.1,36.46
1992-04-23,0.0,33.0,16.36,97.2,33.25
1992-04-24,0.0,33.55,17.41,97.67,28.83
1992-04-25,0.0,40.03,17.58,86.59,19.47
1992-04-26,0.0,42.2,22.18,47.88,14.93
1992-04-27,0.0,40.25,22.06,69.1,18.34
1992-04-28,0.0,35.31,18.13,90.6,29.98
1992-04-29,0.04,33.34,17.89,96.97,37.67
1992-04-30,0.0,32.72,17.52,94.2,32.82
1992-05-01,0.0,31.97,18.23,94.7,36.84
1992-05-02,0.0,34.36,17.89,93.0,30.57
1992-05-03,0.0,35.58,18.58,98.05,22.95
1992-05-04,0.0,36.24,22.34,56.97,26.94
1992-05-05,0.0,32.39,21.49,68.85,25.28
1992-05-06,0.0,36.87,22.99,60.08,20.65
1992-05-07,0.0,41.67,22.56,68.71,16.63
1992-05-08,0.0,43.31,23.95,58.84,13.92
1992-05-09,0.0,43.34,21.45,76.58,11.37
1992-05-10,0.0,41.77,20.1,75.93,14.58
1992-05-11,0.0,38.75,20.29,77.5,20.69
1992-05-12,0.0,38.53,18.55,97.0,24.14
1992-05-13,0.0,40.04,18.6,96.03,21.79
1992-05-14,0.0,37.89,19.64,92.28,30.54
1992-05-15,0.0,36.33,19.09,98.47,36.99
1992-05-16,0.0,34.35,19.54,93.82,40.57
1992-05-17,0.0,34.82,20.08,94.06,39.5
1992-05-18,0.0,34.4,20.56,91.22,37.98
1992-05-19,0.0,36.48,23.39,89.09,33.36
1992-05-20,0.0,35.39,21.76,83.37,35.86
1992-05-21,0.0,35.29,20.09,89.69,34.43
1992-05-22,0.0,35.83,19.58,96.24,30.45
1992-05-23,0.0,35.98,20.06,93.83,34.75
1992-05-24,0.0,37.9,20.99,78.68,30.78
1992-05-25,0.0,35.69,21.03,86.71,37.28
1992-05-26,0.0,36.28,21.05,90.77,40.79
1992-05-27,0.01,32.71,22.36,90.57,45.87
1992-05-28,0.0,35.54,22.32,91.25,34.41
1992-05-29,0.0,39.48,24.11,72.45,23.02
1992-05-30,0.03,37.05,25.86,62.36,33.31
1992-05-31,0.42,34.91,23.01,86.34,38.09
1992-06-01,0.0,37.95,23.69,83.98,32.39
1992-06-02,0.0,40.95,25.14,63.58,20.63
1992-06-03,0.0,37.46,23.08,70.23,31.92
1992-06-04,0.0,36.62,23.16,78.44,34.22
1992-06-05,0.0,41.71,24.08,70.08,17.72
1992-06-06,0.0,39.37,26.99,65.7,24.12
1992-06-07,2.4,36.29,24.61,72.79,38.74
1992-06-08,0.0,34.09,21.84,95.68,49.67
1992-06-09,0.0,34.47,21.12,93.28,48.92
1992-06-10,0.0,35.55,21.89,96.07,40.78
1992-06-11,0.0,39.42,23.34,89.56,33.12
1992-06-12,0.0,38.84,23.79,77.12,25.23
1992-06-13,0.0,35.11,23.1,83.26,43.21
1992-06-14,0.0,35.53,20.43,94.25,36.18
1992-06-15,0.0,36.58,20.46,95.58,30.8
1992-06-16,0.0,37.57,22.32,87.11,24.83
1992-06-17,0.0,37.45,23.0,84.88,28.33
1992-06-18,0.0,36.82,22.21,96.87,38.35
1992-06-19,0.0,36.4,23.41,90.54,43.49
1992-06-20,0.0,36.49,23.93,92.94,39.36
1992-06-21,0.0,35.96,25.01,91.76,42.18
1992-06-22,0.0,37.5,22.08,91.11,35.76
1992-06-23,0.0,37.6,22.72,90.0,32.3
1992-06-24,0.0,35.77,22.89,93.0,41.04
1992-06-25,0.0,35.07,23.35,88.99,44.12
1992-06-26,0.0,34.16,24.23,91.85,51.16
1992-06-27,0.0,35.26,23.68,90.08,44.3
1992-06-28,0.0,37.45,24.54,90.13,42.12
1992-06-29,0.0,37.56,24.51,94.26,43.95
1992-06-30,0.0,36.98,24.83,88.51,33.9
1992-07-01,0.0,34.83,22.95,89.89,46.01
1992-07-02,0.0,36.75,24.37,88.06,41.73
1992-07-03,0.0,35.55,23.52,93.11,38.37
1992-07-04,0.0,34.25,22.9,90.92,39.37
1992-07-05,0.0,36.29,21.41,94.46,37.83
1992-07-06,0.0,35.97,23.09,89.59,33.02
1992-07-07,0.0,34.52,23.37,86.68,44.71
1992-07-08,0.0,34.83,23.33,86.38,41.96
1992-07-09,1.13,35.87,23.99,89.33,41.56
1992-07-10,0.17,32.51,23.08,93.28,49.13
1992-07-11,0.14,35.43,24.88,89.13,45.19
1992-07-12,0.14,34.8,23.72,90.53,49.43
1992-07-13,0.0,34.41,24.83,88.0,43.11
1992-07-14,0.0,35.06,22.35,84.42,40.46
1992-07-15,0.0,34.99,23.73,86.93,46.34
1992-07-16,31.95,35.19,23.83,94.73,45.07
1992-07-17,0.07,32.6,21.67,99.43,61.02
1992-07-18,0.04,33.49,24.09,93.43,57.75
1992-07-19,0.0,34.31,24.69,92.75,49.58
1992-07-20,0.0,33.04,24.01,89.06,50.09
1992-07-21,0.06,34.07,22.89,85.14,45.91
1992-07-22,4.77,35.15,23.82,86.67,46.76
1992-07-23,1.97,32.37,22.63,93.91,56.48
1992-07-24,0.02,33.02,24.17,92.67,57.04
1992-07-25,7.57,33.76,24.58,95.33,53.64
1992-07-26,8.92,29.44,23.47,97.43,74.37
1992-07-27,0.17,31.97,23.93,97.11,62.72
1992-07-28,0.28,33.46,24.18,95.05,54.91
1992-07-29,0.0,33.32,23.29,94.66,54.56
1992-07-30,0.0,34.47,23.48,91.48,54.26
1992-07-31,0.0,34.31,23.13,91.44,50.47
1992-08-01,0.1,34.48,24.17,86.52,49.43
1992-08-02,0.65,33.96,23.53,91.46,54.28
1992-08-03,0.17,34.34,24.34,89.56,55.52
1992-08-04,0.0,33.83,24.73,92.67,52.67
1992-08-05,0.0,34.68,24.96,88.76,33.17
1992-08-06,0.0,33.8,24.74,86.23,51.7
1992-08-07,0.09,34.23,24.44,92.16,49.74
1992-08-08,0.0,35.25,24.36,91.7,46.96
1992-08-09,0.0,36.13,25.01,91.67,50.66
1992-08-10,0.0,35.38,25.26,92.37,47.93
1992-08-11,0.0,35.6,23.69,89.25,44.97
1992-08-12,0.43,36.06,23.75,91.89,46.01
1992-08-13,0.0,35.35,24.03,90.95,47.98
1992-08-14,0.0,34.45,24.89,93.0,50.51
1992-08-15,0.02,36.31,25.21,90.85,42.53
1992-08-16,0.39,35.59,25.62,90.66,53.96
1992-08-17,0.11,35.38,25.42,87.36,47.67
1992-08-18,18.62,36.62,24.53,96.19,46.17
1992-08-19,13.13,32.19,22.27,98.07,68.6
1992-08-20,0.29,33.57,23.18,98.48,60.68
1992-08-21,0.0,34.49,24.62,96.88,53.12
1992-08-22,0.0,34.98,24.22,92.01,52.33
1992-08-23,0.0,34.12,25.14,91.5,54.57
1992-08-24,0.0,34.01,24.65,90.82,53.18
1992-08-25,0.21,32.58,24.89,87.76,55.09
1992-08-26,13.06,34.1,24.37,97.42,54.06
1992-08-27,25.49,32.36,22.8,97.17,66.4
1992-08-28,13.73,32.72,21.11,96.25,62.22
1992-08-29,9.54,32.96,21.04,94.84,60.23
1992-08-30,8.97,31.52,20.55,98.49,69.66
1992-08-31,14.72,32.16,23.98,97.48,65.08
1992-09-01,17.55,31.9,23.28,98.58,67.83
1992-09-02,10.83,30.67,21.45,98.89,73.52
1992-09-03,1.41,32.6,22.93,99.22,66.88
1992-09-04,7.58,32.79,24.9,94.22,63.81
1992-09-05,2.47,31.13,21.18,96.59,64.81
1992-09-06,1.36,32.52,23.75,97.38,63.44
1992-09-07,0.01,32.84,24.16,94.56,61.43
1992-09-08,0.0,33.47,23.0,93.54,56.75
1992-09-09,0.0,32.16,24.11,96.25,62.31
1992-09-10,0.0,34.4,22.26,97.27,52.82
1992-09-11,0.0,32.79,23.93,92.59,58.76
1992-09-12,0.0,34.12,23.36,96.28,55.34
1992-09-13,0.0,33.87,23.49,95.63,54.34
1992-09-14,0.0,35.13,24.02,97.74,52.28
1992-09-15,0.0,35.01,23.96,96.47,45.2
1992-09-16,0.0,35.04,22.78,92.16,47.48
1992-09-17,0.01,32.8,23.51,94.15,59.29
1992-09-18,1.85,31.73,23.78,94.97,64.4
1992-09-19,3.53,33.78,22.51,99.56,57.19
1992-09-20,0.0,33.59,23.76,97.8,55.23
1992-09-21,0.09,34.77,23.77,94.99,53.26
1992-09-22,0.01,36.69,23.56,94.24,39.63
1992-09-23,0.48,36.01,23.18,92.88,47.99
1992-09-24,0.0,37.18,24.74,95.59,44.53
1992-09-25,1.02,35.75,23.94,93.64,50.95
1992-09-26,0.0,36.31,23.08,94.14,47.17
1992-09-27,0.0,36.29,24.04,95.98,45.31
1992-09-28,0.0,38.52,24.17,96.3,35.33
1992-09-29,0.0,36.5,24.85,89.99,46.46
1992-09-30,0.54,36.39,24.17,91.27,45.66
1992-10-01,6.1,36.2,24.27,96.69,47.68
1992-10-02,4.05,34.82,21.71,96.76,49.03
1992-10-03,0.07,30.13,20.8,98.07,70.31
1992-10-04,0.25,34.72,21.14,97.81,51.46
1992-10-05,0.0,35.32,23.34,97.17,43.13
1992-10-06,0.0,36.03,21.97,95.89,45.26
1992-10-07,0.0,36.5,22.72,97.38,40.4
1992-10-08,0.19,36.23,23.31,91.42,31.07
1992-10-09,0.0,36.93,22.78,95.27,27.16
1992-10-10,0.0,37.2,22.66,90.3,24.52
1992-10-11,0.0,37.27,22.06,93.96,27.9
1992-10-12,0.0,36.9,21.86,96.14,29.67
1992-10-13,0.0,36.98,21.81,94.96,30.39
1992-10-14,0.0,37.95,22.32,96.18,28.54
1992-10-15,0.0,37.59,22.66,96.43,28.91
1992-10-16,0.0,35.95,22.22,95.74,38.47
1992-10-17,0.0,38.85,21.9,96.08,21.79
1992-10-18,0.0,39.15,23.08,96.66,26.26
1992-10-19,0.0,38.86,20.8,92.63,23.31
1992-10-20,0.0,40.34,22.85,90.85,21.83
1992-10-21,0.0,42.05,21.29,94.36,15.4
1992-10-22,0.0,39.64,22.97,96.02,21.53
1992-10-23,0.0,37.81,23.43,83.51,19.64
1992-10-24,0.0,34.65,19.83,61.37,19.06
1992-10-25,0.0,37.46,18.52,75.7,17.89
1992-10-26,0.0,38.41,21.04,62.8,19.59
1992-10-27,0.0,37.41,21.22,72.82,23.59
1992-10-28,0.0,39.58,22.27,89.59,14.08
1992-10-29,0.0,39.24,21.6,59.74,14.73
1992-10-30,0.0,36.96,20.46,80.08,21.47
1992-10-31,0.0,36.6,18.14,92.14,24.91
1992-11-01,0.0,36.76,19.56,98.42,25.04
1992-11-02,0.0,35.99,21.08,96.46,29.98
1992-11-03,0.01,37.43,21.71,86.42,21.56
1992-11-04,0.0,38.98,20.13,62.29,16.52
1992-11-05,0.01,38.02,19.7,78.24,23.84
1992-11-06,0.0,37.13,21.41,66.35,11.71
1992-11-07,0.0,35.94,17.5,60.14,12.07
1992-11-08,0.0,35.1,20.02,63.53,14.25
1992-11-09,0.0,35.86,19.6,76.76,14.81
1992-11-10,0.01,36.28,19.25,80.52,16.99
1992-11-11,0.11,33.73,20.84,91.32,32.82
1992-11-12,0.04,34.18,22.23,93.01,35.76
1992-11-13,0.0,37.68,22.7,71.24,18.53
1992-11-14,0.0,36.68,22.24,87.06,23.27
1992-11-15,0.0,36.16,23.19,81.61,17.04
1992-11-16,0.01,36.24,19.87,64.43,13.54
1992-11-17,0.0,37.3,20.09,79.42,14.94
1992-11-18,0.0,37.59,18.48,81.03,15.59
1992-11-19,0.0,34.95,20.95,53.15,13.13
1992-11-20,0.0,33.31,20.27,41.76,15.52
1992-11-21,0.0,35.31,15.46,64.31,18.32
1992-11-22,0.0,36.32,19.06,68.77,16.55
1992-11-23,0.0,37.54,21.75,55.13,14.45
1992-11-24,0.0,37.33,20.42,45.19,12.78
1992-11-25,0.0,36.64,15.8,54.18,14.03
1992-11-26,0.0,36.82,15.86,54.01,14.81
1992-11-27,0.0,36.71,19.93,47.09,17.29
1992-11-28,0.0,35.02,20.51,41.32,17.01
1992-11-29,0.0,33.53,19.87,49.03,16.0
1992-11-30,0.0,34.36,19.77,50.86,13.42
1992-12-01,0.0,34.51,15.58,64.73,15.3
1992-12-02,0.0,34.96,16.68,71.11,15.6
1992-12-03,0.0,34.45,16.13,69.57,14.53
1992-12-04,0.0,34.63,16.28,64.48,13.62
1992-12-05,0.0,35.56,16.7,63.78,14.71
1992-12-06,0.0,35.36,16.92,48.15,13.45
1992-12-07,0.01,35.51,16.39,59.31,14.4
1992-12-08,0.0,33.3,15.31,64.31,14.96
1992-12-09,0.0,33.78,16.96,70.42,18.19
1992-12-10,0.0,34.99,16.58,78.59,14.75
1992-12-11,0.0,31.92,17.5,80.71,29.64
1992-12-12,0.0,32.51,18.04,91.39,21.88
1992-12-13,0.27,33.86,17.99,97.29,24.1
1992-12-14,0.02,29.93,19.78,95.14,40.44
1992-12-15,0.0,35.63,17.03,83.18,20.81
1992-12-16,0.0,37.8,19.47,81.19,17.41
1992-12-17,0.0,38.67,17.5,81.73,15.78
1992-12-18,0.0,38.38,14.66,85.06,11.17
1992-12-19,0.0,37.88,16.25,77.64,14.9
1992-12-20,0.0,36.79,16.08,78.27,20.05
1992-12-21,0.0,34.28,17.83,81.8,19.2
1992-12-22,0.0,34.25,16.87,78.71,22.9
1992-12-23,0.0,30.54,16.31,95.94,33.49
1992-12-24,0.0,29.76,16.06,92.35,32.03
1992-12-25,0.0,29.56,15.64,86.8,30.82
1992-12-26,0.0,32.71,15.93,81.18,23.29
1992-12-27,0.0,34.17,17.81,71.52,17.47
1992-12-28,0.0,34.54,20.19,65.51,16.03
1992-12-29,0.0,32.76,20.14,60.96,19.17
1992-12-30,0.0,31.8,18.86,69.64,22.31
1992-12-31,0.0,32.18,17.79,68.51,22.69
1993-01-01,0.01,28.39,19.3,69.39,35.39
1993-01-02,0.28,27.52,19.03,85.53,44.73
1993-01-03,0.0,30.25,17.53,83.72,28.36
1993-01-04,0.0,30.75,18.95,50.45,25.31
1993-01-05,0.0,28.97,20.1,39.88,19.54
1993-01-06,0.0,31.63,19.02,33.41,15.6
1993-01-07,0.0,29.94,18.31,23.62,10.21
1993-01-08,0.0,30.18,17.02,24.41,8.65
1993-01-09,0.1,27.99,19.79,27.74,13.55
1993-01-10,0.0,30.76,19.79,27.23,11.72
1993-01-11,0.0,31.7,17.96,33.59,9.96
1993-01-12,0.01,31.72,16.81,51.45,13.78
1993-01-13,0.0,31.79,17.47,61.26,15.34
1993-01-14,0.0,34.34,15.97,65.75,13.01
1993-01-15,0.0,34.79,17.01,50.08,14.9
1993-01-16,0.0,34.98,19.16,38.13,15.97
1993-01-17,0.0,34.96,17.16,47.9,15.33
1993-01-18,0.0,34.98,15.02,51.96,10.94
1993-01-19,0.0,34.05,15.01,65.28,17.94
1993-01-20,0.0,31.37,15.69,79.81,24.57
1993-01-21,0.0,31.45,15.97,86.13,26.09
1993-01-22,0.0,34.99,15.94,85.21,18.28
1993-01-23,0.0,36.7,18.53,56.52,16.75
1993-01-24,0.0,38.11,16.46,63.83,13.72
1993-01-25,0.0,38.63,18.98,60.32,10.38
1993-01-26,0.0,38.03,18.63,45.64,10.43
1993-01-27,0.0,35.04,19.9,32.17,14.19
1993-01-28,0.0,30.84,19.71,27.28,16.67
1993-01-29,0.0,31.11,17.28,45.89,18.15
1993-01-30,0.0,31.54,14.23,69.31,17.09
1993-01-31,0.01,30.97,13.56,88.49,19.49
1993-02-01,0.14,30.98,16.53,81.16,21.79
1993-02-02,0.01,30.05,17.12,92.09,37.86
1993-02-03,0.05,30.96,14.78,80.7,30.1
1993-02-04,0.0,30.75,13.85,74.44,25.89
1993-02-05,0.0,32.74,15.06,66.49,18.37
1993-02-06,0.0,32.14,15.74,63.45,17.31
1993-02-07,0.0,33.14,16.42,63.4,16.82
1993-02-08,0.0,35.27,19.86,62.5,18.26
1993-02-09,0.0,38.72,22.3,42.69,14.24
1993-02-10,0.0,39.74,23.25,47.18,8.08
1993-02-11,0.0,39.42,21.81,42.31,10.21
1993-02-12,0.0,39.54,22.73,38.3,9.61
1993-02-13,0.0,39.06,22.85,34.44,11.02
1993-02-14,0.0,37.68,19.99,41.83,11.0
1993-02-15,0.0,37.16,19.1,45.41,16.33
1993-02-16,0.0,37.08,17.61,45.99,13.89
1993-02-17,0.0,36.25,18.5,47.64,16.2
1993-02-18,0.0,34.26,18.36,66.6,21.88
1993-02-19,0.0,33.72,17.14,82.31,22.29
1993-02-20,0.0,34.3,16.59,87.28,25.14
1993-02-21,0.0,30.16,19.34,85.79,31.06
1993-02-22,0.0,28.44,15.36,92.7,36.08
1993-02-23,0.0,28.84,14.11,98.54,30.84
1993-02-24,0.0,32.0,13.81,97.19,26.18
1993-02-25,0.0,36.64,15.91,67.13,18.36
1993-02-26,0.0,37.93,17.61,56.31,17.06
1993-02-27,0.0,37.87,18.31,51.58,15.52
1993-02-28,0.0,33.38,16.76,76.03,22.59
1993-03-01,0.0,31.42,15.5,93.58,30.66
1993-03-02,0.0,33.97,16.03,90.57,26.64
1993-03-03,0.0,31.46,16.3,97.78,36.01
1993-03-04,0.0,31.62,17.16,85.4,30.51
1993-03-05,0.0,33.89,17.38,82.34,32.17
1993-03-06,0.0,35.6,18.87,76.06,20.84
1993-03-07,0.0,36.14,18.32,73.94,18.74
1993-03-08,0.0,34.14,17.22,77.54,22.24
1993-03-09,0.0,35.46,16.4,84.24,18.25
1993-03-10,0.0,34.71,16.49,79.4,21.6
1993-03-11,0.0,34.61,15.73,89.16,20.26
1993-03-12,0.0,37.25,15.6,85.25,16.16
1993-03-13,0.0,38.57,17.39,74.7,17.9
1993-03-14,0.0,40.48,20.42,59.04,11.75
1993-03-15,0.01,36.57,21.2,67.0,17.45
1993-03-16,0.0,32.01,16.57,91.76,29.04
1993-03-17,0.0,33.73,18.82,80.5,34.41
1993-03-18,0.0,35.17,19.49,69.08,26.49
1993-03-19,0.0,37.46,19.69,78.25,22.82
1993-03-20,0.0,40.29,20.79,79.5,19.29
1993-03-21,0.0,39.55,19.73,71.05,16.21
1993-03-22,0.0,40.28,18.01,90.57,7.94
1993-03-23,0.0,39.81,19.29,59.94,7.73
1993-03-24,0.0,41.68,19.2,48.11,6.84
1993-03-25,0.0,41.91,17.76,71.33,11.36
1993-03-26,0.0,39.85,18.46,88.43,20.48
1993-03-27,0.0,40.24,18.22,89.32,18.14
1993-03-28,0.0,39.11,19.32,81.32,14.58
1993-03-29,0.0,36.18,18.07,78.75,21.65
1993-03-30,0.0,35.65,17.15,90.75,23.94
1993-03-31,0.0,35.9,17.15,89.66,26.68
1993-04-01,0.0,35.98,17.73,88.1,25.88
1993-04-02,0.0,37.05,18.21,91.29,16.23
1993-04-03,0.0,35.85,20.83,85.76,29.39
1993-04-04,0.0,35.26,17.68,94.98,25.14
1993-04-05,0.0,36.39,17.51,96.44,20.51
1993-04-06,0.0,38.79,19.23,68.43,17.37
1993-04-07,0.0,40.2,20.2,75.41,15.11
1993-04-08,0.0,39.78,19.58,83.15,19.78
1993-04-09,0.0,42.82,20.79,76.85,6.95
1993-04-10,0.0,43.31,23.78,51.65,6.01
1993-04-11,0.0,42.37,21.3,75.36,14.75
1993-04-12,0.0,38.58,22.78,77.41,23.19
1993-04-13,0.0,33.3,18.84,92.49,30.58
1993-04-14,0.0,34.76,17.23,94.38,25.04
1993-04-15,0.0,37.55,19.81,92.06,23.37
1993-04-16,0.0,39.28,20.65,84.19,25.5
1993-04-17,0.0,39.93,21.55,69.3,18.43
1993-04-18,0.0,38.13,19.88,63.48,19.48
1993-04-19,0.0,38.23,18.39,76.22,16.21
1993-04-20,0.0,34.18,18.2,93.32,26.57
1993-04-21,0.0,33.73,18.01,95.91,34.04
1993-04-22,0.0,30.72,18.33,92.42,39.5
1993-04-23,0.0,32.29,18.45,93.21,32.53
1993-04-24,0.0,34.45,17.81,90.03,32.58
1993-04-25,0.0,36.99,19.28,79.71,24.46
1993-04-26,0.0,36.35,19.87,79.55,22.65
1993-04-27,0.0,38.58,19.23,89.42,17.86
1993-04-28,0.0,36.43,19.43,76.06,24.47
1993-04-29,0.0,37.48,18.57,93.19,23.89
1993-04-30,0.0,39.13,20.64,79.7,22.67
1993-05-01,0.0,38.04,22.42,68.71,27.74
1993-05-02,0.0,35.7,25.82,49.96,26.26
1993-05-03,0.0,35.18,25.44,59.79,28.99
1993-05-04,0.0,35.42,21.89,66.64,25.54
1993-05-05,0.0,37.6,20.44,68.07,19.62
1993-05-06,0.0,40.53,21.91,53.9,17.47
1993-05-07,0.0,41.41,22.73,47.53,14.15
1993-05-08,0.0,34.96,19.8,73.9,26.15
1993-05-09,0.0,35.21,19.12,79.12,29.08
1993-05-10,0.0,36.44,19.47,75.02,26.6
1993-05-11,0.0,36.96,19.8,73.66,25.93
1993-05-12,0.0,40.74,20.92,67.81,23.7
1993-05-13,0.0,37.59,20.87,76.95,30.07
1993-05-14,0.0,38.87,20.03,82.8,24.84
1993-05-15,0.0,37.79,19.96,86.71,30.85
1993-05-16,0.0,40.3,21.14,85.25,24.79
1993-05-17,0.0,37.34,22.82,75.39,30.54
1993-05-18,0.0,37.33,21.76,79.71,31.35
1993-05-19,0.0,37.38,21.1,82.1,32.79
1993-05-20,0.0,37.19,20.9,90.14,33.84
1993-05-21,0.0,38.79,20.35,88.79,24.68
1993-05-22,0.0,40.18,21.06,76.05,23.22
1993-05-23,0.0,33.99,20.58,91.63,38.39
1993-05-24,0.0,35.07,20.09,91.14,35.05
1993-05-25,0.0,34.8,19.0,96.24,32.33
1993-05-26,0.0,36.29,18.79,95.03,26.91
1993-05-27,0.0,41.61,20.49,80.76,15.1
1993-05-28,0.0,43.6,22.77,59.29,11.53
1993-05-29,0.0,42.83,21.59,73.49,13.73
1993-05-30,0.0,41.51,20.69,72.91,20.43
1993-05-31,0.0,41.26,20.84,75.61,19.2
1993-06-01,0.0,37.9,20.84,90.99,32.72
1993-06-02,0.0,36.43,20.94,90.57,33.49
1993-06-03,0.0,37.11,20.52,95.11,34.55
1993-06-04,0.0,35.99,21.28,93.2,39.24
1993-06-05,0.0,35.5,21.68,90.49,38.07
1993-06-06,0.0,34.43,22.68,88.95,37.91
1993-06-07,0.0,37.27,21.83,90.6,34.28
1993-06-08,0.0,36.35,22.1,92.25,29.29
1993-06-09,0.0,37.31,21.58,96.6,31.98
1993-06-10,0.0,39.04,22.98,89.16,27.0
1993-06-11,0.0,42.31,23.64,87.71,22.73
1993-06-12,0.0,37.68,25.38,78.06,33.16
1993-06-13,0.0,35.67,24.59,83.03,39.49
1993-06-14,0.0,34.99,21.46,89.52,36.55
1993-06-15,0.0,32.98,22.02,85.81,44.39
1993-06-16,0.0,37.34,22.0,91.58,33.89
1993-06-17,0.0,38.18,24.05,87.25,27.59
1993-06-18,0.0,36.18,23.8,90.04,30.95
1993-06-19,0.0,38.79,24.0,88.7,35.25
1993-06-20,0.0,37.3,25.19,82.57,33.25
1993-06-21,0.0,35.28,23.61,88.35,41.46
1993-06-22,0.0,35.0,23.56,82.94,44.29
1993-06-23,0.0,34.93,23.82,86.57,40.29
1993-06-24,0.0,37.51,23.72,90.33,40.05
1993-06-25,0.0,36.3,24.0,90.4,38.3
1993-06-26,0.0,37.16,22.63,90.87,41.22
1993-06-27,0.0,37.4,23.64,87.15,36.67
1993-06-28,0.0,35.31,24.32,86.75,45.29
1993-06-29,0.0,33.68,24.3,87.2,50.8
1993-06-30,0.68,37.64,24.36,86.36,38.34
1993-07-01,0.0,36.98,25.4,83.64,36.98
1993-07-02,0.0,35.14,24.25,84.39,40.38
1993-07-03,0.0,35.48,23.49,83.45,39.67
1993-07-04,0.0,37.57,23.32,87.45,32.87
1993-07-05,0.0,37.13,24.39,88.72,37.73
1993-07-06,0.0,36.19,23.39,91.83,42.84
1993-07-07,0.0,34.65,25.48,84.68,47.83
1993-07-08,0.0,35.22,24.35,85.02,43.78
1993-07-09,0.0,35.79,24.61,88.94,48.44
1993-07-10,0.0,35.28,25.35,86.29,47.63
1993-07-11,0.0,34.38,24.23,87.77,42.49
1993-07-12,0.0,34.97,22.7,87.06,45.83
1993-07-13,0.0,37.2,24.13,85.86,40.96
1993-07-14,0.0,35.42,25.57,83.0,40.73
1993-07-15,0.0,32.98,23.85,86.54,43.55
1993-07-16,0.15,33.86,24.0,84.68,38.24
1993-07-17,19.84,36.53,22.69,89.5,39.45
1993-07-18,0.38,33.35,21.21,98.82,53.79
1993-07-19,0.0,35.57,24.05,91.23,46.52
1993-07-20,0.4,36.02,24.44,88.02,46.62
1993-07-21,0.44,35.06,25.21,85.64,48.76
1993-07-22,0.08,34.66,22.64,94.57,50.58
1993-07-23,1.45,33.0,21.96,90.99,51.21
1993-07-24,4.06,34.52,23.2,96.68,49.85
1993-07-25,24.28,30.23,22.51,98.67,68.59
1993-07-26,2.95,32.02,23.07,98.78,63.35
1993-07-27,0.26,32.41,23.2,97.97,53.94
1993-07-28,0.0,34.24,23.39,99.22,54.35
1993-07-29,3.27,31.98,23.58,91.25,57.4
1993-07-30,0.0,33.94,21.92,93.22,47.04
1993-07-31,7.89,33.27,22.9,97.23,57.92
1993-08-01,0.2,34.36,23.57,96.03,52.71
1993-08-02,0.0,33.79,24.64,95.45,54.65
1993-08-03,0.0,34.07,24.51,85.77,51.17
1993-08-04,11.36,34.77,24.16,93.27,49.52
1993-08-05,28.29,32.96,23.28,99.46,63.41
1993-08-06,0.01,32.64,22.31,99.47,62.01
1993-08-07,0.1,35.14,25.38,96.12,54.43
1993-08-08,0.73,35.63,24.77,94.93,52.96
1993-08-09,0.94,34.23,24.51,94.16,57.76
1993-08-10,0.18,34.16,25.45,93.33,56.87
1993-08-11,17.94,34.07,22.92,96.86,53.39
1993-08-12,23.66,32.1,22.54,98.22,65.35
1993-08-13,0.0,33.64,22.89,96.62,58.47
1993-08-14,0.0,32.6,24.21,95.1,58.4
1993-08-15,0.0,33.36,24.84,92.27,58.25
1993-08-16,2.6,31.73,24.46,96.95,64.38
1993-08-17,6.68,33.84,22.47,96.56,60.26
1993-08-18,0.08,33.68,21.68,97.53,56.62
1993-08-19,0.0,35.68,24.76,94.91,52.22
1993-08-20,8.24,34.92,24.73,92.82,54.67
1993-08-21,3.27,32.61,22.75,98.18,64.95
1993-08-22,0.0,33.37,24.44,97.69,62.57
1993-08-23,0.0,33.93,24.34,94.86,61.54
1993-08-24,0.0,33.43,24.65,96.16,52.98
1993-08-25,0.0,34.11,24.25,95.04,51.41
1993-08-26,35.44,34.04,23.81,97.52,53.93
1993-08-27,10.64,31.94,22.1,99.41,65.6
1993-08-28,2.98,32.97,22.3,99.63,60.94
1993-08-29,0.05,31.98,21.74,95.95,63.09
1993-08-30,0.0,33.71,24.37,97.45,57.67
1993-08-31,5.06,34.9,25.08,94.7,52.7
1993-09-01,1.57,33.44,22.85,94.94,56.68
1993-09-02,31.39,33.0,23.63,99.55,65.96
1993-09-03,26.75,29.66,23.01,98.81,82.64
1993-09-04,0.23,30.75,22.78,97.88,72.91
1993-09-05,0.03,32.76,22.89,99.08,60.84
1993-09-06,0.0,33.41,24.13,96.52,61.05
1993-09-07,0.0,34.16,24.75,96.12,63.11
1993-09-08,0.39,33.81,24.59,99.11,59.67
1993-09-09,0.07,35.1,23.59,99.08,53.88
1993-09-10,3.77,32.7,24.41,97.39,64.43
1993-09-11,2.34,34.64,21.3,97.85,51.27
1993-09-12,0.12,34.56,23.65,96.86,58.89
1993-09-13,0.09,33.24,24.57,95.1,57.95
1993-09-14,0.0,35.46,23.37,95.88,51.69
1993-09-15,4.97,34.46,23.44,96.0,55.17
1993-09-16,0.0,33.9,23.2,98.32,53.41
1993-09-17,0.0,35.91,23.68,96.7,52.84
1993-09-18,0.0,36.4,24.31,96.03,52.13
1993-09-19,0.0,36.05,24.81,96.15,55.63
1993-09-20,0.0,36.48,24.73,96.05,47.34
1993-09-21,8.3,35.41,24.47,94.47,51.35
1993-09-22,9.22,31.78,21.21,98.15,64.63
1993-09-23,1.54,30.53,22.7,98.45,69.98
1993-09-24,0.26,32.83,22.83,97.46,56.69
1993-09-25,0.02,35.12,24.31,96.32,42.52
1993-09-26,4.69,28.98,23.12,95.8,73.83
1993-09-27,0.58,32.96,23.34,99.43,62.95
1993-09-28,0.01,33.01,22.33,99.6,53.63
1993-09-29,0.0,36.03,22.99,97.86,45.11
1993-09-30,0.0,35.84,24.17,97.34,42.0
1993-10-01,0.11,36.82,23.46,95.61,34.65
1993-10-02,0.13,36.73,22.85,97.51,46.03
1993-10-03,0.03,36.4,24.41,97.44,48.06
1993-10-04,0.0,36.3,23.28,96.96,45.69
1993-10-05,0.0,36.71,23.69,98.21,41.98
1993-10-06,0.0,37.22,23.69,98.96,44.46
1993-10-07,0.82,36.39,25.11,94.64,46.23
1993-10-08,0.0,35.54,24.26,96.55,49.63
1993-10-09,0.0,39.75,23.48,98.5,29.21
1993-10-10,0.0,39.84,22.35,88.34,21.42
1993-10-11,0.0,37.32,21.89,92.99,37.07
1993-10-12,0.0,34.53,23.46,91.93,48.48
1993-10-13,0.0,36.35,23.51,96.22,39.48
1993-10-14,0.0,35.75,23.53,96.57,47.85
1993-10-15,0.0,38.05,22.93,94.64,27.67
1993-10-16,0.0,36.24,22.26,96.76,46.77
1993-10-17,0.0,38.13,23.76,94.55,38.4
1993-10-18,0.0,38.06,23.26,98.55,40.59
1993-10-19,0.04,36.42,22.83,97.42,45.39
1993-10-20,0.0,37.03,20.8,90.5,38.13
1993-10-21,0.0,39.85,23.1,97.61,18.84
1993-10-22,0.0,39.25,20.97,94.77,17.87
1993-10-23,0.0,35.36,18.53,97.14,34.56
1993-10-24,0.0,35.28,19.06,97.34,32.44
1993-10-25,0.0,35.71,18.89,97.7,32.93
1993-10-26,0.01,35.07,22.39,92.14,43.49
1993-10-27,0.0,34.81,22.34,89.64,44.31
1993-10-28,0.0,34.95,22.43,94.59,51.96
1993-10-29,0.0,31.51,24.39,96.1,66.06
1993-10-30,0.0,35.38,20.92,93.51,39.44
1993-10-31,0.02,33.25,21.54,90.37,41.58
1993-11-01,0.02,35.1,21.44,80.99,30.82
1993-11-02,0.0,36.64,22.13,76.88,27.8
1993-11-03,0.0,36.79,21.28,89.31,26.64
1993-11-04,0.0,37.23,20.53,97.55,29.64
1993-11-05,0.0,37.2,21.9,97.66,33.73
1993-11-06,0.0,38.22,22.35,93.61,19.99
1993-11-07,0.0,37.22,21.58,95.43,23.77
1993-11-08,0.02,35.67,20.86,84.48,23.71
1993-11-09,0.0,36.13,20.78,77.96,26.92
1993-11-10,0.0,36.61,19.74,65.73,22.31
1993-11-11,0.0,34.6,20.62,56.2,22.23
1993-11-12,0.0,32.94,18.11,62.14,19.82
1993-11-13,0.0,32.77,16.26,62.95,19.89
1993-11-14,0.0,33.83,14.71,89.61,24.48
1993-11-15,0.0,34.91,16.94,75.76,24.9
1993-11-16,0.0,36.97,17.69,68.53,18.17
1993-11-17,0.0,37.32,18.57,61.43,19.26
1993-11-18,0.0,33.66,19.33,72.14,26.11
1993-11-19,0.0,33.02,18.76,89.42,30.98
1993-11-20,0.0,35.64,18.0,98.8,29.06
1993-11-21,0.0,34.41,19.69,97.57,30.67
1993-11-22,0.0,35.11,22.54,64.34,25.94
1993-11-23,0.0,32.29,19.8,81.07,37.56
1993-11-24,0.0,30.55,19.27,80.56,39.04
1993-11-25,0.0,30.39,16.97,80.97,32.41
1993-11-26,0.0,34.16,17.78,74.44,27.28
1993-11-27,0.0,34.87,20.13,47.68,21.18
1993-11-28,0.0,35.54,19.39,40.39,22.43
1993-11-29,0.0,35.11,18.99,47.09,16.12
1993-11-30,0.0,33.6,16.69,41.31,11.11
1993-12-01,0.0,32.27,14.08,45.52,15.93
1993-12-02,0.0,33.1,15.51,61.68,17.43
1993-12-03,0.0,33.7,13.28,79.52,14.25
1993-12-04,0.0,34.4,14.27,74.47,14.16
1993-12-05,0.0,34.98,17.94,38.99,10.29
1993-12-06,0.0,35.38,17.98,41.87,10.0
1993-12-07,0.0,35.15,17.75,45.24,10.7
1993-12-08,0.0,35.74,16.7,63.54,12.23
1993-12-09,0.01,33.87,16.38,74.34,18.46
1993-12-10,0.0,30.6,17.69,75.43,25.76
1993-12-11,0.01,33.01,18.1,69.15,24.59
1993-12-12,0.0,37.13,16.87,75.46,15.18
1993-12-13,0.0,38.45,18.92,59.64,10.6
1993-12-14,0.0,35.88,17.1,54.17,9.95
1993-12-15,0.0,35.84,16.74,56.09,11.72
1993-12-16,0.0,32.53,16.38,63.32,21.25
1993-12-17,0.01,33.01,15.08,55.53,18.39
1993-12-18,0.03,32.9,15.69,62.34,16.29
1993-12-19,0.0,32.7,18.0,33.57,13.86
1993-12-20,0.0,31.72,17.15,53.45,13.29
1993-12-21,0.01,30.14,16.51,90.42,26.09
1993-12-22,0.01,33.33,16.9,79.18,16.21
1993-12-23,0.0,34.63,16.61,63.11,14.82
1993-12-24,0.0,34.57,16.81,64.32,17.02
1993-12-25,0.0,35.59,18.12,63.34,13.13
1993-12-26,0.0,33.73,20.5,36.83,14.83
1993-12-27,0.0,32.01,17.88,51.36,13.62
1993-12-28,0.0,32.05,17.51,47.52,12.14
1993-12-29,0.0,32.21,16.18,54.21,12.46
1993-12-30,0.0,31.56,17.85,26.3,13.02
1993-12-31,0.0,31.27,15.73,36.74,15.68
1994-01-01,0.0,32.52,14.91,41.94,14.71
1994-01-02,0.0,32.42,16.46,38.35,17.03
1994-01-03,0.0,31.83,14.8,50.5,11.44
1994-01-04,0.0,32.17,13.26,67.72,12.01
1994-01-05,0.0,31.4,12.76,74.65,13.9
1994-01-06,0.0,30.99,12.88,89.23,12.14
1994-01-07,0.0,30.41,13.5,88.89,13.36
1994-01-08,0.0,31.98,12.73,83.05,13.2
1994-01-09,0.0,32.77,13.64,58.6,15.01
1994-01-10,0.0,32.57,13.87,69.12,11.05
1994-01-11,0.0,31.21,15.02,36.75,10.18
1994-01-12,0.0,33.91,13.39,44.79,10.32
1994-01-13,0.0,35.99,13.27,52.13,9.95
1994-01-14,0.0,36.01,16.41,36.8,9.66
1994-01-15,0.0,39.15,16.79,33.64,10.81
1994-01-16,0.0,32.99,16.5,32.13,12.25
1994-01-17,0.0,29.44,13.62,78.78,17.75
1994-01-18,0.0,26.94,13.6,97.18,33.47
1994-01-19,0.0,29.86,13.0,74.15,22.41
1994-01-20,0.0,30.01,11.12,53.7,21.37
1994-01-21,0.0,27.13,11.32,70.56,20.82
1994-01-22,0.0,28.03,12.2,80.41,19.72
1994-01-23,0.0,28.83,13.57,61.49,20.84
1994-01-24,0.0,30.79,12.63,64.61,13.01
1994-01-25,0.0,28.36,18.65,29.42,15.74
1994-01-26,0.0,28.72,14.87,38.82,15.29
1994-01-27,0.0,33.56,14.59,48.18,14.97
1994-01-28,0.0,34.24,16.3,55.59,14.34
1994-01-29,0.0,35.37,19.31,38.13,14.12
1994-01-30,0.0,35.93,21.51,32.86,9.88
1994-01-31,0.0,34.17,18.42,18.3,6.49
1994-02-01,0.0,33.73,20.14,19.1,8.09
1994-02-02,0.0,34.84,17.54,42.39,11.32
1994-02-03,0.0,33.92,14.91,87.35,14.68
1994-02-04,0.0,32.61,15.86,63.42,11.9
1994-02-05,0.0,34.08,16.1,47.8,13.79
1994-02-06,0.0,33.86,15.96,49.46,17.78
1994-02-07,0.0,36.09,12.78,51.51,10.03
1994-02-08,0.0,36.71,16.31,41.29,7.81
1994-02-09,0.0,35.48,16.0,38.78,7.9
1994-02-10,0.0,36.27,14.84,56.2,6.86
1994-02-11,0.0,34.71,18.14,33.23,10.09
1994-02-12,0.0,33.64,16.55,44.39,11.18
1994-02-13,0.0,33.54,15.9,52.1,14.86
1994-02-14,0.0,36.2,14.46,61.11,8.8
1994-02-15,0.0,35.26,17.22,58.14,13.16
1994-02-16,0.0,34.51,17.59,61.01,12.37
1994-02-17,0.0,35.27,16.63,63.89,12.74
1994-02-18,0.0,35.09,17.91,50.3,15.25
1994-02-19,0.0,36.82,16.57,55.49,12.37
1994-02-20,0.0,38.52,18.89,35.49,12.44
1994-02-21,0.0,39.32,19.92,34.85,6.79
1994-02-22,0.0,39.53,16.1,44.85,5.45
1994-02-23,0.0,39.37,19.27,32.42,6.92
1994-02-24,0.0,42.29,16.37,48.19,7.95
1994-02-25,0.0,38.94,18.5,57.93,11.25
1994-02-26,0.0,36.93,17.9,67.03,16.92
1994-02-27,0.0,36.76,15.36,70.94,19.97
1994-02-28,0.01,36.67,16.2,93.14,17.17
1994-03-01,0.0,32.89,19.41,57.1,13.55
1994-03-02,0.0,34.47,20.5,54.11,14.36
1994-03-03,0.0,35.09,15.89,74.53,17.23
1994-03-04,0.0,36.7,15.33,75.65,13.53
1994-03-05,0.0,37.34,17.17,62.63,10.86
1994-03-06,0.0,35.85,18.34,54.03,14.46
1994-03-07,0.0,32.91,16.99,86.07,26.29
1994-03-08,0.0,28.89,17.8,85.46,37.85
1994-03-09,0.0,31.29,15.05,94.63,37.99
1994-03-10,0.0,35.58,15.96,88.74,22.75
1994-03-11,0.0,37.41,18.9,65.51,18.55
1994-03-12,0.0,38.72,20.72,51.99,16.32
1994-03-13,0.0,34.46,18.93,63.32,21.08
1994-03-14,0.0,31.34,15.56,85.24,22.73
1994-03-15,0.0,33.64,13.93,97.78,20.21
1994-03-16,0.0,38.26,15.27,82.86,11.66
1994-03-17,0.0,40.4,17.3,56.48,8.58
1994-03-18,0.0,41.17,21.46,42.88,7.91
1994-03-19,0.0,41.56,23.88,38.04,8.92
1994-03-20,0.0,40.69,22.31,36.95,11.56
1994-03-21,0.0,38.65,19.88,54.81,12.17
1994-03-22,0.0,36.96,16.31,97.8,16.98
1994-03-23,0.0,37.26,15.53,97.06,17.76
1994-03-24,0.0,38.69,16.34,95.29,11.7
1994-03-25,0.0,38.36,19.58,73.21,15.42
1994-03-26,0.0,39.82,19.69,67.8,15.41
1994-03-27,0.0,41.14,22.0,44.78,9.3
1994-03-28,0.0,40.31,20.23,53.28,11.2
1994-03-29,0.0,38.06,19.89,61.47,18.61
1994-03-30,0.0,37.73,17.96,81.23,18.02
1994-03-31,0.0,36.94,20.45,70.89,21.49
1994-04-01,0.0,39.36,18.88,80.9,19.99
1994-04-02,0.0,41.38,24.39,56.96,7.51
1994-04-03,0.0,40.53,23.11,42.59,8.34
1994-04-04,0.0,41.1,18.5,72.57,10.74
1994-04-05,0.0,38.28,26.25,51.66,10.18
1994-04-06,0.0,38.4,22.84,33.58,10.8
1994-04-07,0.0,39.69,17.92,60.37,7.92
1994-04-08,0.0,38.56,18.68,58.26,12.49
1994-04-09,0.0,37.67,18.65,91.1,20.42
1994-04-10,0.0,37.32,18.8,92.44,26.82
1994-04-11,0.0,35.6,18.67,95.71,18.88
1994-04-12,0.0,33.76,17.27,99.11,31.78
1994-04-13,0.0,33.04,17.09,93.37,29.6
1994-04-14,0.0,32.61,16.35,97.3,28.58
1994-04-15,0.0,34.47,15.71,93.89,22.6
1994-04-16,0.0,35.67,17.48,96.56,21.04
1994-04-17,0.0,34.86,18.07,80.78,21.65
1994-04-18,0.0,34.92,17.7,86.02,24.39
1994-04-19,0.0,34.45,17.95,85.57,27.88
1994-04-20,0.0,32.27,17.5,91.54,29.23
1994-04-21,0.0,36.97,17.31,89.42,21.38
1994-04-22,0.0,38.31,19.36,77.79,19.46
1994-04-23,0.0,37.32,19.14,78.09,23.37
1994-04-24,0.0,41.61,21.27,57.96,13.0
1994-04-25,0.0,40.02,26.89,43.31,15.05
1994-04-26,0.0,37.77,22.93,61.77,25.73
1994-04-27,0.0,37.37,21.94,79.14,21.39
1994-04-28,0.0,35.98,18.39,90.27,29.65
1994-04-29,0.0,33.84,19.25,89.18,30.24
1994-04-30,0.0,33.14,18.46,93.15,29.03
1994-05-01,0.0,37.89,18.59,96.16,22.33
1994-05-02,0.0,40.62,19.08,89.36,17.42
1994-05-03,0.0,42.01,18.82,87.71,10.63
1994-05-04,0.0,40.56,18.52,78.51,12.02
1994-05-05,0.0,39.52,19.17,79.03,15.09
1994-05-06,0.0,38.24,18.37,93.49,22.62
1994-05-07,0.0,35.72,17.69,99.12,29.08
1994-05-08,0.0,36.55,18.33,98.95,24.28
1994-05-09,0.0,36.57,18.67,90.87,19.21
1994-05-10,0.0,36.77,19.93,81.84,23.89
1994-05-11,0.0,33.91,18.14,89.97,29.77
1994-05-12,0.0,33.13,18.13,94.94,32.65
1994-05-13,0.0,34.1,17.79,92.84,29.61
1994-05-14,0.0,33.81,18.74,89.97,31.68
1994-05-15,0.0,35.64,19.05,89.19,24.84
1994-05-16,0.0,37.53,19.47,77.11,23.04
1994-05-17,0.0,41.59,21.24,66.71,13.8
1994-05-18,0.0,39.63,21.68,65.08,23.99
1994-05-19,0.0,39.23,22.92,60.44,20.3
1994-05-20,0.0,42.7,21.58,62.14,13.12
1994-05-21,0.0,37.98,19.08,87.47,28.05
1994-05-22,0.0,39.42,19.61,90.89,23.67
1994-05-23,0.0,39.49,20.3,82.85,23.46
1994-05-24,0.0,37.67,22.33,79.21,28.92
1994-05-25,0.0,35.85,20.19,90.39,34.81
1994-05-26,0.0,35.19,19.83,94.53,36.76
1994-05-27,0.0,34.2,20.03,94.13,42.15
1994-05-28,0.0,34.58,20.94,90.94,36.73
1994-05-29,0.0,36.51,21.55,87.6,35.48
1994-05-30,0.0,35.17,22.66,85.56,42.89
1994-05-31,0.0,37.63,21.63,90.66,31.13
1994-06-01,0.0,37.48,22.02,84.68,31.49
1994-06-02,0.0,36.19,22.47,84.48,38.22
1994-06-03,0.0,36.72,22.38,90.32,40.27
1994-06-04,0.0,35.89,21.25,91.44,40.32
1994-06-05,0.0,34.13,22.18,89.05,46.37
1994-06-06,0.0,34.06,22.06,86.85,44.85
1994-06-07,0.0,34.36,21.71,87.87,34.94
1994-06-08,0.0,35.72,20.38,91.54,35.67
1994-06-09,0.0,34.08,20.55,87.63,39.6
1994-06-10,0.0,36.13,19.82,89.47,34.0
1994-06-11,0.0,37.11,21.5,88.27,40.78
1994-06-12,0.0,35.83,22.38,89.17,42.06
1994-06-13,0.0,35.93,22.05,91.13,38.68
1994-06-14,0.0,39.23,22.15,88.34,33.43
1994-06-15,0.0,35.45,24.31,82.52,39.99
1994-06-16,0.0,34.45,23.42,87.01,49.53
1994-06-17,0.0,36.44,23.7,92.73,43.05
1994-06-18,0.0,36.32,23.54,87.88,37.02
1994-06-19,0.78,36.59,22.22,92.0,37.99
1994-06-20,11.06,38.2,26.25,87.87,34.34
1994-06-21,0.06,35.47,22.35,96.32,44.12
1994-06-22,0.0,33.59,21.36,91.84,48.42
1994-06-23,0.0,33.4,22.35,87.65,43.52
1994-06-24,0.0,34.93,22.35,89.78,46.57
1994-06-25,0.12,36.22,23.93,89.16,43.26
1994-06-26,0.0,36.55,23.91,87.62,40.63
1994-06-27,0.0,37.62,23.47,89.04,27.68
1994-06-28,0.0,33.83,22.58,90.76,43.43
1994-06-29,0.0,35.9,25.2,86.64,35.16
1994-06-30,0.0,36.64,22.93,88.94,35.16
1994-07-01,0.0,34.02,22.96,88.31,44.35
1994-07-02,0.0,33.82,22.86,82.52,42.69
1994-07-03,0.0,34.01,22.89,82.36,44.66
1994-07-04,0.01,35.39,22.01,83.81,43.45
1994-07-05,0.0,35.92,23.19,84.52,43.87
1994-07-06,0.08,37.25,23.35,89.53,37.71
1994-07-07,0.0,35.98,23.05,89.38,40.06
1994-07-08,0.0,34.76,24.25,88.27,43.18
1994-07-09,0.0,35.88,24.67,93.2,44.7
1994-07-10,0.0,36.29,24.73,86.75,43.47
1994-07-11,1.24,33.38,24.22,91.39,57.3
1994-07-12,0.0,35.59,23.08,95.97,46.16
1994-07-13,0.0,34.94,24.25,91.84,46.45
1994-07-14,0.0,34.26,24.09,84.38,44.98
1994-07-15,0.0,35.23,22.9,84.09,43.95
1994-07-16,0.0,35.4,23.66,90.4,45.12
1994-07-17,0.0,32.55,24.12,82.41,47.55
1994-07-18,0.0,36.08,22.82,87.42,40.31
1994-07-19,0.0,35.46,23.87,83.67,47.16
1994-07-20,0.0,35.84,24.38,84.31,42.66
1994-07-21,0.0,36.37,24.41,80.61,40.15
1994-07-22,0.02,35.58,23.49,83.87,44.02
1994-07-23,7.68,35.44,24.08,88.69,48.88
1994-07-24,4.61,32.74,22.33,96.0,57.86
1994-07-25,0.24,32.34,21.77,96.3,59.29
1994-07-26,0.0,34.82,23.17,92.3,50.79
1994-07-27,0.03,35.49,24.2,92.03,51.75
1994-07-28,0.82,33.63,25.4,87.77,58.32
1994-07-29,40.44,28.35,22.55,97.59,77.78
1994-07-30,7.06,32.27,22.95,96.74,63.97
1994-07-31,0.02,34.15,24.24,96.88,57.85
1994-08-01,0.0,34.92,24.12,93.29,51.61
1994-08-02,0.0,33.87,24.39,86.22,49.9
1994-08-03,0.03,33.86,24.51,84.26,53.54
1994-08-04,13.11,35.19,24.82,92.1,52.13
1994-08-05,1.55,34.3,23.77,94.86,59.23
1994-08-06,7.35,32.78,24.11,93.87,60.14
1994-08-07,4.25,32.08,22.57,96.88,64.87
1994-08-08,0.7,33.09,23.62,94.61,56.93
1994-08-09,13.26,27.87,23.77,95.6,81.66
1994-08-10,62.96,33.11,23.81,97.02,58.26
1994-08-11,3.98,31.38,21.87,98.35,67.04
1994-08-12,11.44,31.71,23.87,97.62,68.52
1994-08-13,4.03,32.58,23.52,97.83,62.96
1994-08-14,2.67,31.88,24.66,95.26,66.6
1994-08-15,25.74,31.45,21.46,95.81,63.27
1994-08-16,7.22,30.21,21.83,95.68,69.27
1994-08-17,1.05,31.88,22.76,94.49,61.66
1994-08-18,3.25,32.1,24.6,96.24,64.58
1994-08-19,0.15,32.2,22.9,98.34,62.96
1994-08-20,0.0,35.9,23.42,96.97,56.1
1994-08-21,0.0,32.16,24.58,87.91,58.65
1994-08-22,16.95,33.09,24.29,95.76,63.57
1994-08-23,0.09,33.63,23.78,96.21,57.96
1994-08-24,2.51,33.58,23.27,95.79,58.19
1994-08-25,18.01,31.99,21.74,94.46,63.37
1994-08-26,3.46,31.38,22.55,97.94,68.85
1994-08-27,0.2,32.34,23.78,96.95,63.09
1994-08-28,0.18,33.96,22.55,94.86,58.52
1994-08-29,0.65,34.42,24.67,94.24,51.33
1994-08-30,0.0,34.0,24.84,89.64,57.36
1994-08-31,0.0,32.37,24.54,95.76,56.43
1994-09-01,0.13,33.68,23.06,93.86,57.47
1994-09-02,3.7,34.75,24.15,95.85,51.46
1994-09-03,0.61,32.88,24.45,97.4,61.72
1994-09-04,1.14,32.92,21.79,97.69,60.66
1994-09-05,0.0,33.53,25.23,94.54,59.78
1994-09-06,0.0,33.62,24.76,91.63,56.34
1994-09-07,0.04,33.04,23.76,95.34,55.74
1994-09-08,1.86,34.38,22.17,94.13,51.1
1994-09-09,1.11,35.55,23.63,92.44,51.91
1994-09-10,6.13,33.63,22.5,95.91,63.74
1994-09-11,0.0,35.61,24.62,95.15,53.95
1994-09-12,0.0,33.92,24.48,92.7,58.71
1994-09-13,0.0,33.95,24.53,94.97,56.57
1994-09-14,0.35,34.45,24.96,90.31,55.98
1994-09-15,13.17,34.38,24.36,96.2,56.28
1994-09-16,0.01,32.4,24.56,97.16,67.14
1994-09-17,0.02,34.72,24.27,97.69,56.38
1994-09-18,0.0,34.89,24.6,96.57,53.99
1994-09-19,0.0,33.55,23.72,94.2,58.88
1994-09-20,6.4,34.6,24.08,97.59,54.79
1994-09-21,19.49,26.76,23.09,98.86,85.78
1994-09-22,0.43,31.11,23.03,97.81,62.63
1994-09-23,0.0,32.31,22.55,96.74,58.14
1994-09-24,0.0,32.81,21.6,95.98,53.47
1994-09-25,1.47,34.26,23.46,95.29,51.89
1994-09-26,0.0,30.79,24.42,97.78,66.83
1994-09-27,8.2,32.79,22.82,97.66,64.72
1994-09-28,0.77,32.34,22.65,96.92,62.39
1994-09-29,11.24,32.31,23.91,97.56,66.58
1994-09-30,1.81,31.11,22.94,98.92,68.55
1994-10-01,0.15,33.3,23.45,97.52,61.52
1994-10-02,0.0,35.9,24.56,97.67,48.41
1994-10-03,0.0,36.15,24.01,89.85,31.54
1994-10-04,0.0,36.58,23.15,93.56,40.24
1994-10-05,0.0,35.86,22.68,95.73,43.0
1994-10-06,0.02,33.0,22.14,93.14,58.16
1994-10-07,0.02,32.94,22.84,97.82,53.26
1994-10-08,0.0,32.21,22.04,94.44,50.96
1994-10-09,0.0,32.0,20.63,95.32,45.42
1994-10-10,0.0,32.56,19.6,93.35,45.66
1994-10-11,0.0,35.1,20.75,95.77,41.04
1994-10-12,0.23,34.99,22.56,93.88,53.65
1994-10-13,0.0,35.49,23.79,97.94,55.46
1994-10-14,0.0,38.22,22.56,93.18,25.64
1994-10-15,0.0,38.6,21.26,87.99,26.11
1994-10-16,0.0,36.15,22.22,90.98,40.17
1994-10-17,0.0,34.33,22.89,97.82,37.05
1994-10-18,0.17,36.77,23.39,97.53,36.67
1994-10-19,0.35,36.09,21.33,97.39,39.8
1994-10-20,0.0,35.92,22.01,95.88,34.86
1994-10-21,0.0,37.8,21.19,93.83,33.09
1994-10-22,0.0,35.45,23.02,82.2,41.14
1994-10-23,0.42,35.59,23.51,96.78,47.44
1994-10-24,0.0,34.58,23.26,96.04,50.19
1994-10-25,0.0,37.43,23.0,93.72,34.0
1994-10-26,0.0,38.99,22.84,86.36,29.32
1994-10-27,0.0,38.93,21.45,90.76,28.46
1994-10-28,0.0,35.1,20.53,97.25,38.04
1994-10-29,0.0,33.6,20.62,97.22,40.24
1994-10-30,0.0,33.37,20.63,94.65,41.22
1994-10-31,0.0,35.58,19.07,90.07,25.53
1994-11-01,0.0,37.23,19.71,76.11,23.7
1994-11-02,0.0,36.34,21.64,89.41,23.22
1994-11-03,0.0,35.76,22.81,74.81,27.14
1994-11-04,0.0,35.74,20.07,97.54,31.41
1994-11-05,0.0,38.2,20.12,95.76,29.63
1994-11-06,0.0,37.1,21.57,89.31,33.37
1994-11-07,0.0,37.7,22.98,87.61,32.09
1994-11-08,0.0,39.65,23.14,75.47,21.22
1994-11-09,0.0,39.66,20.62,80.54,26.76
1994-11-10,0.0,39.47,22.33,88.62,26.99
1994-11-11,0.0,39.52,22.9,91.98,24.51
1994-11-12,0.0,39.22,20.95,95.69,20.69
1994-11-13,0.0,39.3,20.55,94.5,14.65
1994-11-14,0.0,37.99,20.02,87.82,15.1
1994-11-15,0.0,36.58,17.18,70.72,14.57
1994-11-16,0.0,35.07,21.45,59.47,18.25
1994-11-17,0.0,35.57,20.58,56.21,18.36
1994-11-18,0.0,35.64,18.02,73.86,17.33
1994-11-19,0.0,36.79,17.88,82.74,16.34
1994-11-20,0.0,38.28,17.12,82.39,16.85
1994-11-21,0.0,39.37,18.87,64.55,14.84
1994-11-22,0.0,35.93,14.91,66.29,10.93
1994-11-23,0.0,37.99,16.69,72.49,12.36
1994-11-24,0.0,37.49,17.08,66.91,13.75
1994-11-25,0.0,36.91,16.53,74.36,15.18
1994-11-26,0.0,35.5,16.64,74.98,21.42
1994-11-27,0.0,36.12,19.42,97.57,23.62
1994-11-28,0.0,35.53,19.22,99.23,26.55
1994-11-29,0.0,36.57,19.95,96.17,20.0
1994-11-30,0.0,37.02,19.11,71.04,15.35
1994-12-01,0.0,37.47,17.2,79.11,13.3
1994-12-02,0.0,36.61,18.0,66.98,11.98
1994-12-03,0.0,37.05,16.94,69.6,13.88
1994-12-04,0.0,35.44,14.53,74.36,11.95
1994-12-05,0.0,34.19,16.8,40.57,16.46
1994-12-06,0.0,34.15,16.66,44.32,17.98
1994-12-07,0.0,33.35,17.08,39.97,16.06
1994-12-08,0.0,31.89,16.65,36.75,17.45
1994-12-09,0.0,32.78,16.03,42.0,14.13
1994-12-10,0.0,33.32,16.68,38.47,12.89
1994-12-11,0.0,32.96,15.1,41.54,12.47
1994-12-12,0.0,33.66,14.6,51.55,16.47
1994-12-13,0.0,34.79,17.61,56.73,17.55
1994-12-14,0.0,37.44,17.73,52.21,16.28
1994-12-15,0.0,34.51,21.68,37.03,16.48
1994-12-16,0.0,34.3,20.42,32.83,14.1
1994-12-17,0.0,34.51,17.64,38.92,14.85
1994-12-18,0.0,35.22,16.42,42.18,14.72
1994-12-19,0.0,34.03,16.81,49.25,13.94
1994-12-20,0.0,34.72,16.03,71.7,16.57
1994-12-21,0.0,30.05,18.59,65.25,24.39
1994-12-22,0.0,34.12,19.57,60.58,26.29
1994-12-23,0.0,35.86,15.78,77.58,19.69
1994-12-24,0.0,36.7,21.44,78.1,19.36
1994-12-25,0.0,36.96,22.17,60.63,16.58
1994-12-26,0.0,31.66,21.15,68.93,29.31
1994-12-27,0.0,34.28,22.66,63.78,19.08
1994-12-28,0.0,32.41,21.65,58.58,15.62
1994-12-29,0.0,33.87,19.88,64.3,6.6
1994-12-30,0.0,34.54,19.6,27.31,7.66
1994-12-31,0.0,34.43,16.66,33.66,7.68
1995-01-01,0.0,35.54,15.64,55.33,8.31
1995-01-02,0.0,36.05,15.02,59.22,10.33
1995-01-03,0.0,34.82,14.81,51.3,11.15
1995-01-04,0.0,35.19,14.47,51.78,12.76
1995-01-05,0.0,35.04,13.82,60.1,12.19
1995-01-06,0.0,33.89,16.52,55.21,13.77
1995-01-07,0.0,28.17,20.11,30.24,15.13
1995-01-08,0.0,31.37,16.43,49.74,12.01
1995-01-09,0.0,31.33,14.61,54.96,17.14
1995-01-10,0.0,29.56,19.45,34.44,19.89
1995-01-11,0.0,27.8,14.85,35.52,19.71
1995-01-12,0.0,30.52,17.52,35.52,16.24
1995-01-13,0.0,32.64,14.72,46.6,17.95
1995-01-14,0.0,33.89,12.75,64.75,15.76
1995-01-15,0.0,34.36,15.71,57.92,13.09
1995-01-16,0.0,31.57,15.3,42.58,9.47
1995-01-17,0.0,31.77,12.49,32.39,7.9
1995-01-18,0.0,32.01,12.02,33.56,9.61
1995-01-19,0.0,33.25,14.78,30.99,9.23
1995-01-20,0.0,33.42,13.98,35.43,9.22
1995-01-21,0.0,32.53,13.81,51.28,9.4
1995-01-22,0.0,34.23,17.23,34.9,12.1
1995-01-23,0.0,34.62,17.03,36.06,9.36
1995-01-24,0.0,31.19,19.1,32.23,12.02
1995-01-25,0.0,33.63,18.92,31.04,13.22
1995-01-26,0.0,34.87,14.96,41.53,12.14
1995-01-27,0.0,34.1,16.58,48.12,12.66
1995-01-28,0.0,33.64,17.94,31.84,13.48
1995-01-29,0.0,34.31,16.81,34.62,13.19
1995-01-30,0.0,33.66,20.5,29.45,7.14
1995-01-31,0.0,33.55,18.52,28.75,8.74
1995-02-01,0.0,34.73,18.85,33.46,9.15
1995-02-02,0.0,35.06,17.81,35.5,10.71
1995-02-03,0.0,33.68,20.35,40.72,12.66
1995-02-04,0.0,34.38,18.34,46.31,13.18
1995-02-05,0.0,37.25,16.49,58.91,9.45
1995-02-06,0.0,36.92,18.4,39.69,9.56
1995-02-07,0.0,34.13,18.94,66.72,12.69
1995-02-08,0.0,35.89,16.51,76.52,11.47
1995-02-09,0.0,36.89,18.69,45.21,10.66
1995-02-10,0.0,32.73,21.16,40.78,8.83
1995-02-11,0.0,31.57,19.94,62.4,12.76
1995-02-12,0.0,32.17,17.24,63.6,16.43
1995-02-13,0.0,33.86,17.35,46.66,10.05
1995-02-14,0.0,33.7,19.39,28.73,9.77
1995-02-15,0.0,33.53,19.05,28.78,10.07
1995-02-16,0.0,37.06,20.26,30.78,8.57
1995-02-17,0.0,38.47,18.85,36.62,9.57
1995-02-18,0.0,39.79,17.33,51.94,7.84
1995-02-19,0.0,40.51,17.63,60.45,10.29
1995-02-20,0.0,40.12,19.58,71.55,9.83
1995-02-21,0.0,39.78,19.65,76.61,10.97
1995-02-22,0.0,41.08,17.92,84.93,8.31
1995-02-23,0.0,40.4,18.93,61.65,9.1
1995-02-24,0.0,38.81,16.63,84.22,9.22
1995-02-25,0.0,38.13,20.71,38.08,11.26
1995-02-26,0.0,34.98,19.8,86.32,22.97
1995-02-27,0.0,31.31,16.39,97.45,32.74
1995-02-28,0.0,31.15,16.42,95.41,26.56
1995-03-01,0.0,33.92,17.61,72.82,12.66
1995-03-02,0.0,35.51,19.31,44.07,10.15
1995-03-03,0.0,35.15,18.72,58.1,12.2
1995-03-04,0.0,37.13,17.48,65.79,9.28
1995-03-05,0.0,36.16,22.08,45.97,10.02
1995-03-06,0.0,37.58,18.94,53.19,11.41
1995-03-07,0.0,38.58,19.69,45.36,10.32
1995-03-08,0.0,38.12,19.53,62.24,13.98
1995-03-09,0.0,35.41,19.34,81.85,19.83
1995-03-10,0.0,32.23,18.7,85.21,24.64
1995-03-11,0.0,30.23,17.07,77.33,29.32
1995-03-12,0.0,30.59,17.08,88.16,30.49
1995-03-13,0.0,30.28,17.49,80.68,32.41
1995-03-14,0.0,32.68,16.4,85.6,26.24
1995-03-15,0.0,30.09,16.47,87.13,34.82
1995-03-16,0.0,33.24,16.61,85.78,24.75
1995-03-17,0.0,35.87,16.42,80.27,18.77
1995-03-18,0.0,36.64,16.94,76.67,17.88
1995-03-19,0.0,35.32,17.31,91.56,19.28
1995-03-20,0.0,34.11,17.59,92.02,22.31
1995-03-21,0.0,34.04,17.33,92.55,25.1
1995-03-22,0.0,35.55,17.58,88.02,24.14
1995-03-23,0.0,33.58,17.55,94.34,28.24
1995-03-24,0.0,33.59,16.25,99.43,30.59
1995-03-25,0.0,36.59,17.15,98.42,22.57
1995-03-26,0.0,35.64,18.18,98.13,21.31
1995-03-27,0.0,33.99,18.58,97.8,27.4
1995-03-28,0.0,33.63,18.25,97.97,29.21
1995-03-29,0.0,34.88,17.83,94.18,27.06
1995-03-30,0.0,33.48,17.85,91.19,29.47
1995-03-31,0.0,33.9,17.47,93.75,27.24
1995-04-01,0.0,33.57,18.3,93.11,29.7
1995-04-02,0.0,33.45,18.42,93.33,29.89
1995-04-03,0.0,31.89,17.63,92.2,29.27
1995-04-04,0.0,32.25,17.6,85.41,25.86
1995-04-05,0.0,34.73,17.24,87.34,24.47
1995-04-06,0.0,34.3,16.83,91.23,25.65
1995-04-07,0.0,33.31,17.58,94.5,27.95
1995-04-08,0.0,33.49,17.79,94.2,28.56
1995-04-09,0.0,32.15,17.55,86.46,26.81
1995-04-10,0.0,32.22,16.45,92.38,27.15
1995-04-11,0.0,35.68,16.69,84.89,21.32
1995-04-12,0.0,37.89,19.92,64.99,18.65
1995-04-13,0.0,37.35,20.54,70.4,18.35
1995-04-14,0.0,33.89,18.91,82.03,23.02
1995-04-15,0.0,33.81,16.81,91.47,25.52
1995-04-16,0.0,35.21,15.92,94.65,24.81
1995-04-17,0.0,35.75,17.48,96.95,27.5
1995-04-18,0.0,34.59,18.53,96.12,24.26
1995-04-19,0.0,35.03,18.72,83.66,24.39
1995-04-20,0.0,35.1,18.74,89.96,23.82
1995-04-21,0.0,30.89,17.81,92.3,30.29
1995-04-22,0.0,36.36,17.26,85.76,16.96
1995-04-23,0.0,39.31,18.54,63.61,11.89
1995-04-24,0.0,39.01,19.78,64.2,12.24
1995-04-25,0.0,38.24,18.82,72.91,14.34
1995-04-26,0.0,38.65,18.73,85.5,20.89
1995-04-27,0.0,38.79,19.6,83.41,14.89
1995-04-28,0.0,40.36,19.41,76.56,16.22
1995-04-29,0.0,41.62,21.1,63.62,12.64
1995-04-30,0.0,41.73,21.43,70.52,11.86
1995-05-01,0.0,38.91,19.44,84.24,19.76
1995-05-02,0.0,36.39,18.61,92.23,27.21
1995-05-03,0.0,37.07,17.14,98.33,22.91
1995-05-04,0.0,36.84,18.27,94.0,20.47
1995-05-05,0.0,37.93,19.25,91.0,22.64
1995-05-06,0.0,36.6,19.29,94.94,26.71
1995-05-07,0.0,35.04,19.19,94.91,28.87
1995-05-08,0.0,35.65,18.77,97.46,26.87
1995-05-09,0.0,36.0,19.2,98.29,28.9
1995-05-10,0.0,37.04,19.15,98.07,26.87
1995-05-11,0.0,35.24,19.6,97.83,30.62
1995-05-12,0.0,37.43,18.81,95.58,26.57
1995-05-13,0.0,35.97,19.83,93.26,31.4
1995-05-14,0.0,39.03,20.06,96.4,25.58
1995-05-15,0.0,40.03,21.41,86.36,30.3
1995-05-16,0.0,41.79,25.39,67.78,24.44
1995-05-17,0.0,43.36,25.5,67.91,18.93
1995-05-18,0.0,35.51,25.18,76.34,40.04
1995-05-19,0.0,38.09,23.78,81.61,33.91
1995-05-20,0.01,38.96,24.3,85.98,28.42
1995-05-21,0.0,35.51,23.8,85.39,36.13
1995-05-22,0.0,33.59,22.17,85.39,38.98
1995-05-23,0.0,35.61,19.71,93.68,29.38
1995-05-24,0.0,36.14,20.63,94.61,31.32
1995-05-25,0.0,37.73,21.74,93.01,31.03
1995-05-26,0.0,39.05,21.95,97.79,28.54
1995-05-27,0.0,39.06,23.28,89.08,27.86
1995-05-28,0.0,38.41,22.75,86.21,28.55
1995-05-29,0.0,37.34,20.16,97.31,28.12
1995-05-30,0.0,35.46,20.68,93.48,32.8
1995-05-31,0.0,34.77,20.37,93.43,34.25
1995-06-01,0.0,34.89,20.79,93.85,32.54
1995-06-02,0.0,37.37,20.23,96.27,30.18
1995-06-03,0.0,37.61,21.19,95.7,29.31
1995-06-04,0.0,35.7,21.56,94.41,32.33
1995-06-05,0.0,36.98,22.17,90.39,29.06
1995-06-06,0.0,37.8,21.54,89.96,25.23
1995-06-07,0.0,35.91,21.61,92.73,28.42
1995-06-08,0.0,37.15,21.3,94.02,26.36
1995-06-09,0.0,38.43,21.35,94.12,26.53
1995-06-10,0.0,36.88,22.05,96.38,32.04
1995-06-11,0.0,37.94,23.0,89.52,35.24
1995-06-12,0.0,35.1,22.73,92.32,38.96
1995-06-13,0.0,35.82,22.16,91.05,36.2
1995-06-14,0.0,34.25,22.5,90.28,40.63
1995-06-15,0.0,38.01,22.33,94.04,32.76
1995-06-16,0.0,39.28,22.62,96.19,30.18
1995-06-17,0.0,39.5,23.4,92.75,30.8
1995-06-18,0.0,37.78,25.21,89.31,29.88
1995-06-19,0.0,38.59,25.86,91.05,30.75
1995-06-20,0.0,41.8,24.74,92.61,27.05
1995-06-21,0.01,43.35,26.51,81.02,15.77
1995-06-22,2.51,38.01,25.13,91.92,38.68
1995-06-23,34.69,35.31,24.23,96.53,50.85
1995-06-24,0.0,32.89,23.56,95.47,61.46
1995-06-25,0.0,34.07,23.68,92.03,51.29
1995-06-26,0.0,35.56,22.8,96.3,31.58
1995-06-27,0.0,34.16,23.03,95.74,42.29
1995-06-28,0.03,35.79,24.04,88.83,39.08
1995-06-29,0.12,34.2,24.28,89.82,50.17
1995-06-30,0.0,35.67,25.03,89.23,43.24
1995-07-01,0.02,38.39,24.84,87.6,36.3
1995-07-02,0.0,36.21,26.21,87.15,45.62
1995-07-03,0.0,35.19,25.28,89.11,47.92
1995-07-04,0.0,35.61,25.12,92.05,50.42
1995-07-05,0.0,43.24,26.16,86.54,16.6
1995-07-06,0.0,36.82,26.61,90.07,40.51
1995-07-07,0.0,35.78,25.72,90.63,49.02
1995-07-08,0.0,34.68,25.83,88.46,54.9
1995-07-09,0.0,35.92,23.7,87.5,39.39
1995-07-10,0.0,36.23,24.21,90.28,41.86
1995-07-11,25.14,37.04,25.11,93.05,43.4
1995-07-12,3.07,32.24,25.44,94.77,62.97
1995-07-13,0.0,34.71,24.29,96.84,51.52
1995-07-14,0.0,34.57,25.07,90.22,46.96
1995-07-15,0.0,35.63,26.23,88.3,51.59
1995-07-16,0.0,36.24,25.25,92.02,45.12
1995-07-17,0.0,33.97,24.85,89.52,46.33
1995-07-18,0.0,35.69,23.01,88.08,37.99
1995-07-19,18.42,35.89,23.93,87.36,44.25
1995-07-20,0.05,32.41,21.99,94.42,58.49
1995-07-21,0.0,32.85,24.24,92.79,54.69
1995-07-22,0.06,34.54,25.47,89.57,51.01
1995-07-23,1.0,32.86,23.74,90.03,57.5
1995-07-24,0.0,35.25,24.14,93.23,52.09
1995-07-25,0.0,35.14,25.85,87.38,50.34
1995-07-26,0.0,34.47,24.57,90.03,52.03
1995-07-27,0.26,33.33,24.4,91.09,52.8
1995-07-28,0.86,33.85,24.65,94.36,58.19
1995-07-29,11.21,31.58,24.43,95.77,67.47
1995-07-30,0.01,32.72,24.23,97.01,54.03
1995-07-31,0.76,33.04,24.19,96.84,49.62
1995-08-01,9.68,35.41,25.1,96.35,49.18
1995-08-02,11.76,32.25,23.91,97.97,65.49
1995-08-03,0.0,31.4,23.51,97.18,69.38
1995-08-04,0.0,33.06,24.75,95.35,63.42
1995-08-05,0.0,32.77,25.91,94.14,63.27
1995-08-06,0.0,34.02,25.07,93.76,54.95
1995-08-07,0.0,34.39,24.18,94.73,55.45
1995-08-08,0.0,34.8,25.25,91.68,53.45
1995-08-09,0.0,33.61,25.49,93.99,58.79
1995-08-10,0.0,34.72,24.25,93.14,53.18
1995-08-11,0.0,35.46,24.19,93.47,46.78
1995-08-12,0.03,36.46,24.15,89.45,44.64
1995-08-13,1.79,32.88,24.65,94.8,61.08
1995-08-14,6.16,32.56,23.5,97.3,65.12
1995-08-15,14.05,33.76,22.15,96.32,58.01
1995-08-16,49.49,33.07,22.79,98.37,61.78
1995-08-17,16.48,28.01,23.01,98.4,80.29
1995-08-18,3.57,32.66,23.14,98.39,62.68
1995-08-19,7.21,33.86,24.5,96.68,61.58
1995-08-20,18.1,33.28,22.14,97.4,65.01
1995-08-21,15.48,32.64,23.21,98.43,67.53
1995-08-22,4.7,32.6,24.05,98.16,58.21
1995-08-23,19.54,32.09,23.77,96.25,69.36
1995-08-24,13.97,29.75,23.01,98.15,79.34
1995-08-25,42.35,31.87,23.52,98.94,71.65
1995-08-26,7.77,32.71,22.99,98.55,64.96
1995-08-27,0.0,32.65,22.67,97.22,63.5
1995-08-28,9.22,32.91,24.77,97.41,65.43
1995-08-29,1.11,30.22,21.28,96.98,68.3
1995-08-30,0.0,33.09,24.58,97.57,64.03
1995-08-31,0.0,32.89,24.43,97.73,64.46
1995-09-01,0.05,33.23,24.94,97.33,68.52
1995-09-02,16.0,31.92,25.04,97.72,70.41
1995-09-03,3.78,33.56,24.61,97.85,63.19
1995-09-04,0.0,33.52,23.07,95.15,58.89
1995-09-05,7.13,34.14,25.44,94.21,57.49
1995-09-06,1.59,33.79,24.6,96.69,60.84
1995-09-07,3.29,33.83,24.49,95.75,59.85
1995-09-08,0.11,33.48,21.98,95.75,59.43
1995-09-09,0.0,33.96,24.1,98.24,58.88
1995-09-10,4.86,34.14,24.63,96.17,58.11
1995-09-11,0.09,30.97,21.81,93.83,63.21
1995-09-12,0.04,33.27,24.26,95.69,59.13
1995-09-13,0.0,35.25,24.5,98.43,53.95
1995-09-14,1.82,35.9,23.81,93.43,55.65
1995-09-15,1.35,35.7,25.22,96.26,51.75
1995-09-16,6.26,35.93,24.16,95.33,53.6
1995-09-17,0.0,35.08,22.51,90.41,54.36
1995-09-18,0.0,32.18,24.98,95.07,57.97
1995-09-19,36.2,33.31,23.95,98.67,58.17
1995-09-20,17.47,30.87,23.32,97.87,74.4
1995-09-21,0.23,32.68,23.57,98.39,64.99
1995-09-22,25.11,34.66,23.88,96.02,57.57
1995-09-23,0.52,29.55,22.5,97.58,71.44
1995-09-24,0.0,34.91,23.2,93.56,53.77
1995-09-25,0.16,34.4,24.29,92.93,46.81
1995-09-26,0.0,33.17,21.64,95.58,51.81
1995-09-27,0.0,33.13,21.83,94.22,54.93
1995-09-28,9.02,33.49,22.2,94.4,57.26
1995-09-29,0.01,34.56,23.4,95.08,55.83
1995-09-30,0.0,35.86,24.22,96.07,48.02
1995-10-01,0.0,36.97,24.06,97.67,33.45
1995-10-02,0.0,38.45,23.48,90.55,31.65
1995-10-03,0.0,37.29,24.41,93.47,44.26
1995-10-04,0.0,37.7,25.26,96.86,37.79
1995-10-05,0.0,37.28,23.66,96.02,39.48
1995-10-06,0.06,35.61,22.83,97.22,44.32
1995-10-07,2.7,35.76,23.12,99.47,48.85
1995-10-08,0.0,32.59,22.11,98.26,57.65
1995-10-09,0.0,35.93,24.46,98.24,46.41
1995-10-10,0.0,37.02,24.0,94.83,50.01
1995-10-11,2.32,36.27,25.75,96.33,49.85
1995-10-12,2.42,34.3,23.12,96.26,57.88
1995-10-13,0.0,34.99,23.22,95.56,44.89
1995-10-14,0.0,38.07,21.73,96.77,29.77
1995-10-15,0.0,38.51,22.25,97.05,28.66
1995-10-16,0.0,37.19,21.96,98.27,39.01
1995-10-17,0.0,36.85,24.05,97.91,37.53
1995-10-18,0.55,36.19,22.83,97.36,46.78
1995-10-19,0.01,37.07,22.53,98.14,25.36
1995-10-20,0.0,36.68,21.3,90.65,21.41
1995-10-21,0.0,36.83,19.69,87.7,21.17
1995-10-22,0.0,36.93,21.17,94.26,26.31
1995-10-23,0.0,37.73,21.99,96.81,29.53
1995-10-24,0.0,38.28,22.73,98.07,28.38
1995-10-25,0.0,36.26,23.66,96.79,18.3
1995-10-26,0.0,38.23,20.14,77.09,14.95
1995-10-27,0.0,37.85,19.23,78.62,16.0
1995-10-28,0.0,37.75,20.34,95.71,22.82
1995-10-29,0.0,35.83,21.66,98.67,36.19
1995-10-30,0.0,35.03,24.23,89.67,27.98
1995-10-31,0.0,36.57,24.81,85.36,35.97
1995-11-01,0.0,38.49,21.84,93.67,29.74
1995-11-02,0.0,39.85,21.05,98.17,11.71
1995-11-03,0.0,39.88,16.98,90.65,14.31
1995-11-04,0.0,38.97,19.54,90.79,15.06
1995-11-05,0.0,39.12,18.56,88.22,17.03
1995-11-06,0.0,38.92,18.17,94.68,21.38
1995-11-07,0.0,38.9,19.58,96.58,16.77
1995-11-08,0.0,37.67,20.07,93.19,17.93
1995-11-09,0.0,37.1,18.37,94.95,18.35
1995-11-10,0.0,35.1,19.94,94.68,31.86
1995-11-11,0.0,34.61,20.61,93.65,36.94
1995-11-12,0.0,38.59,20.07,85.12,17.37
1995-11-13,0.0,40.51,21.02,76.95,12.69
1995-11-14,0.0,40.43,18.25,81.63,9.85
1995-11-15,0.0,39.72,17.65,76.39,10.79
1995-11-16,0.0,38.74,16.89,84.93,20.89
1995-11-17,0.0,36.85,17.96,93.58,15.65
1995-11-18,0.0,40.37,16.35,92.67,12.23
1995-11-19,0.0,39.86,17.46,90.73,11.51
1995-11-20,0.0,38.19,16.08,64.52,8.62
1995-11-21,0.0,38.39,14.48,71.24,7.53
1995-11-22,0.0,38.31,14.18,73.01,10.12
1995-11-23,0.0,37.82,14.89,83.53,11.78
1995-11-24,0.0,38.03,16.8,77.13,14.03
1995-11-25,0.0,37.5,17.53,83.76,16.38
1995-11-26,0.0,36.19,18.86,80.47,17.21
1995-11-27,0.0,37.89,18.08,84.95,17.16
1995-11-28,0.0,35.06,19.5,86.61,23.83
1995-11-29,0.0,33.22,21.63,78.79,26.59
1995-11-30,0.0,35.61,21.15,77.3,22.59
1995-12-01,0.0,27.39,22.22,78.28,38.18
1995-12-02,0.77,28.31,20.08,90.71,51.98
1995-12-03,0.0,28.89,19.15,96.15,50.34
1995-12-04,0.0,30.8,18.21,91.93,34.83
1995-12-05,0.0,31.95,19.45,72.27,26.94
1995-12-06,0.0,32.17,19.41,68.19,23.23
1995-12-07,0.0,32.1,19.84,63.01,22.88
1995-12-08,0.0,30.95,21.08,63.97,24.82
1995-12-09,0.0,30.72,19.45,60.89,28.61
1995-12-10,0.0,32.05,18.75,67.98,36.77
1995-12-11,0.0,31.88,19.78,85.41,41.18
1995-12-12,0.0,34.56,20.68,86.92,39.08
1995-12-13,0.0,31.35,22.89,87.15,43.14
1995-12-14,0.5,26.88,21.6,93.64,60.18
1995-12-15,0.0,28.39,18.82,99.37,62.03
1995-12-16,0.0,31.52,19.64,96.63,46.02
1995-12-17,0.0,33.19,19.88,96.07,44.42
1995-12-18,0.0,31.61,22.22,87.96,45.43
1995-12-19,0.08,32.83,21.35,82.88,36.84
1995-12-20,0.0,34.88,19.4,82.6,26.9
1995-12-21,0.0,34.59,19.02,76.33,24.43
1995-12-22,0.0,33.29,17.63,76.38,20.82
1995-12-23,0.0,31.88,17.29,73.94,21.21
1995-12-24,0.0,31.19,13.7,66.15,17.74
1995-12-25,0.0,33.92,13.13,77.34,16.88
1995-12-26,0.0,34.99,17.5,77.99,17.78
1995-12-27,0.0,36.03,18.79,78.51,15.24
1995-12-28,0.0,33.4,16.96,58.91,12.75
1995-12-29,0.0,35.27,13.51,54.15,12.45
1995-12-30,0.0,37.11,14.85,70.77,8.96
1995-12-31,0.0,37.06,14.01,81.48,9.08
1996-01-01,0.0,37.83,13.87,58.62,12.17
1996-01-02,0.0,38.15,17.03,63.03,15.26
1996-01-03,0.0,37.8,16.5,83.46,10.46
1996-01-04,0.0,37.92,16.83,68.43,12.76
1996-01-05,0.0,38.2,18.02,60.94,12.7
1996-01-06,0.0,36.68,16.55,75.41,14.1
1996-01-07,0.0,37.72,13.51,88.72,11.64
1996-01-08,0.0,38.13,16.41,69.79,10.4
1996-01-09,0.0,37.6,16.7,66.21,13.9
1996-01-10,0.0,36.62,16.12,63.75,11.17
1996-01-11,0.0,33.47,18.38,71.01,17.89
1996-01-12,0.0,33.24,15.97,81.81,15.47
1996-01-13,0.0,34.52,14.81,81.05,14.08
1996-01-14,0.0,35.31,14.69,68.47,16.07
1996-01-15,0.0,32.97,14.59,96.23,21.38
1996-01-16,0.0,28.01,13.58,98.78,43.09
1996-01-17,0.0,29.14,13.07,95.64,33.6
1996-01-18,0.0,31.07,14.0,92.23,30.31
1996-01-19,0.0,33.36,15.96,77.62,23.1
1996-01-20,0.0,32.54,16.38,61.37,19.21
1996-01-21,0.0,35.01,15.53,63.04,21.57
1996-01-22,0.0,35.78,17.02,62.38,19.98
1996-01-23,0.0,33.99,16.07,79.27,27.59
1996-01-24,0.0,34.03,17.66,78.17,30.71
1996-01-25,0.0,33.56,17.18,77.86,22.56
1996-01-26,0.0,35.7,16.25,65.27,23.38
1996-01-27,0.0,35.19,14.08,77.62,28.04
1996-01-28,0.0,35.21,16.79,71.21,25.59
1996-01-29,0.0,39.04,19.67,60.46,20.58
1996-01-30,0.0,40.01,19.31,59.49,19.01
1996-01-31,0.0,40.2,18.72,73.87,14.38
1996-02-01,0.0,40.52,20.19,67.75,15.34
1996-02-02,0.0,38.44,19.6,77.7,21.88
1996-02-03,0.0,30.33,17.82,78.73,32.9
1996-02-04,0.0,33.24,16.21,91.36,22.71
1996-02-05,0.0,37.65,17.65,75.56,16.98
1996-02-06,0.0,39.03,21.18,55.4,11.23
1996-02-07,0.0,37.45,21.23,44.42,9.01
1996-02-08,0.0,37.12,17.81,51.2,9.61
1996-02-09,0.0,37.56,15.84,82.14,11.03
1996-02-10,0.0,37.17,14.98,88.63,13.11
1996-02-11,0.0,35.66,16.8,80.98,14.77
1996-02-12,0.0,34.13,16.48,70.51,15.6
1996-02-13,0.0,35.34,14.53,87.7,14.08
1996-02-14,0.0,36.23,15.81,80.78,12.57
1996-02-15,0.0,35.71,14.91,71.19,10.69
1996-02-16,0.0,34.57,15.73,78.55,18.39
1996-02-17,0.0,32.78,17.77,76.78,20.63
1996-02-18,0.0,33.57,17.61,66.86,24.8
1996-02-19,0.0,35.34,20.8,56.02,10.05
1996-02-20,0.0,38.56,23.22,34.02,5.72
1996-02-21,0.0,40.35,17.53,65.59,8.63
1996-02-22,0.0,41.57,18.59,50.5,10.31
1996-02-23,0.0,41.33,17.93,64.94,11.15
1996-02-24,0.0,37.11,17.35,88.5,25.02
1996-02-25,0.0,35.01,17.45,92.11,28.12
1996-02-26,0.0,36.18,17.49,77.62,16.84
1996-02-27,0.0,35.55,17.92,57.23,13.26
1996-02-28,0.0,36.27,16.53,49.18,10.58
1996-02-29,0.0,37.12,17.19,38.06,10.2
1996-03-01,0.0,37.63,14.1,49.68,9.07
1996-03-02,0.0,37.77,18.93,36.36,10.55
1996-03-03,0.0,31.3,19.21,77.27,22.22
1996-03-04,0.0,30.34,17.17,92.31,33.48
1996-03-05,0.0,32.35,17.2,86.48,31.73
1996-03-06,0.0,30.83,19.12,85.98,40.34
1996-03-07,0.0,30.63,18.05,87.57,35.13
1996-03-08,0.0,29.29,17.33,85.81,35.81
1996-03-09,0.0,26.12,18.52,78.75,40.78
1996-03-10,0.0,29.07,17.82,79.62,32.34
1996-03-11,0.0,28.88,16.81,93.15,33.27
1996-03-12,0.0,29.95,14.6,97.86,29.07
1996-03-13,0.0,31.82,14.11,89.02,20.59
1996-03-14,0.0,32.65,14.15,87.31,19.97
1996-03-15,0.0,35.37,15.29,94.7,19.36
1996-03-16,0.0,37.38,17.16,64.66,14.94
1996-03-17,0.0,38.52,17.93,61.7,16.94
1996-03-18,0.0,40.08,18.42,61.43,13.62
1996-03-19,0.0,41.4,21.6,63.57,16.2
1996-03-20,0.0,39.52,19.35,71.53,18.73
1996-03-21,0.0,39.06,18.61,72.95,23.56
1996-03-22,0.0,37.73,19.22,82.04,24.75
1996-03-23,0.0,37.83,19.15,76.54,22.25
1996-03-24,0.0,38.07,18.38,84.86,23.23
1996-03-25,0.0,36.67,17.41,86.05,25.15
1996-03-26,0.0,41.52,17.95,82.39,12.87
1996-03-27,0.0,39.94,21.41,69.26,20.43
1996-03-28,0.0,39.25,19.88,88.18,23.17
1996-03-29,0.0,41.73,18.45,95.78,15.61
1996-03-30,0.0,42.81,18.99,84.13,12.2
1996-03-31,0.0,44.09,19.65,88.0,10.01
1996-04-01,0.0,39.32,18.44,92.05,20.23
1996-04-02,0.0,40.75,18.65,92.46,15.99
1996-04-03,0.0,42.02,18.12,82.91,8.16
1996-04-04,0.0,41.19,20.32,60.76,11.04
1996-04-05,0.0,40.19,19.11,67.81,12.98
1996-04-06,0.0,42.35,18.93,73.41,9.34
1996-04-07,0.0,42.95,19.49,54.27,12.55
1996-04-08,0.0,40.31,19.38,67.4,13.03
1996-04-09,0.0,37.97,18.39,92.5,21.88
1996-04-10,0.0,36.76,17.21,98.79,26.23
1996-04-11,0.0,34.95,17.84,97.89,29.62
1996-04-12,0.0,33.15,18.86,97.94,39.45
1996-04-13,0.0,31.8,19.84,92.93,36.17
1996-04-14,0.0,32.89,16.07,97.5,29.67
1996-04-15,0.0,37.32,16.85,98.35,21.25
1996-04-16,0.0,39.5,19.15,98.38,17.61
1996-04-17,0.0,40.82,20.2,83.52,15.89
1996-04-18,0.0,39.41,19.85,89.53,20.19
1996-04-19,0.0,36.85,18.72,97.31,23.88
1996-04-20,0.0,34.44,18.08,99.55,26.45
1996-04-21,0.0,31.42,17.47,97.21,45.57
1996-04-22,0.0,33.01,15.95,95.38,33.74
1996-04-23,0.0,34.39,17.57,90.77,30.82
1996-04-24,0.0,35.65,17.71,92.14,25.99
1996-04-25,0.0,36.86,18.57,97.7,24.48
1996-04-26,0.0,37.77,19.51,91.04,22.56
1996-04-27,0.0,38.69,19.68,78.62,21.4
1996-04-28,0.0,37.91,20.13,79.45,22.4
1996-04-29,0.0,38.89,19.08,84.55,17.6
1996-04-30,0.0,41.68,19.88,61.04,10.62
1996-05-01,0.0,42.77,19.63,73.08,11.69
1996-05-02,0.0,43.05,22.23,54.27,12.4
1996-05-03,0.0,43.07,25.56,41.01,11.0
1996-05-04,0.0,43.03,24.95,59.74,11.6
1996-05-05,0.0,43.07,23.33,70.01,17.72
1996-05-06,0.0,43.78,26.06,56.96,11.65
1996-05-07,0.0,42.45,24.53,75.32,15.21
1996-05-08,0.0,36.32,19.71,86.59,29.58
1996-05-09,0.0,33.29,20.38,88.83,35.79
1996-05-10,0.0,38.95,19.98,80.48,19.64
1996-05-11,0.0,41.76,21.85,58.65,13.64
1996-05-12,0.0,43.27,20.82,59.65,10.65
1996-05-13,0.0,37.58,21.03,69.88,25.55
1996-05-14,0.0,38.07,20.3,86.39,24.84
1996-05-15,0.0,35.5,19.61,91.35,31.38
1996-05-16,0.0,36.86,19.51,92.47,27.82
1996-05-17,0.0,36.97,19.82,88.92,27.38
1996-05-18,0.0,36.41,21.55,77.12,28.78
1996-05-19,0.0,36.61,21.36,79.16,30.15
1996-05-20,0.0,38.47,21.16,77.62,27.12
1996-05-21,0.0,38.21,20.66,81.48,23.27
1996-05-22,0.0,37.11,20.37,88.13,26.9
1996-05-23,0.0,34.82,18.98,94.88,35.94
1996-05-24,0.0,33.8,18.65,95.45,35.56
1996-05-25,0.0,36.0,19.21,93.79,29.01
1996-05-26,0.0,39.21,19.6,96.14,21.92
1996-05-27,0.0,36.2,21.72,94.28,38.15
1996-05-28,0.0,35.45,21.94,88.77,45.47
1996-05-29,0.0,36.31,23.26,93.47,33.89
1996-05-30,0.0,36.34,20.9,95.37,26.48
1996-05-31,0.0,38.28,21.47,84.27,24.17
1996-06-01,0.0,39.08,23.46,76.77,23.96
1996-06-02,0.0,36.06,23.64,91.38,48.5
1996-06-03,0.0,37.16,23.86,93.33,40.9
1996-06-04,0.0,35.5,21.77,89.55,39.7
1996-06-05,0.0,33.8,20.0,90.86,33.37
1996-06-06,0.0,34.32,19.85,91.16,36.69
1996-06-07,0.0,35.27,20.63,89.07,33.97
1996-06-08,0.0,35.13,22.35,87.1,40.46
1996-06-09,0.0,35.23,20.75,89.74,33.36
1996-06-10,0.0,34.49,21.68,90.04,41.16
1996-06-11,0.0,34.0,22.36,88.43,46.08
1996-06-12,0.0,37.66,22.6,89.43,36.08
1996-06-13,0.0,36.59,23.0,88.24,40.05
1996-06-14,6.48,39.13,23.01,97.34,35.08
1996-06-15,0.0,36.68,23.3,97.02,38.07
1996-06-16,0.0,37.74,23.75,91.36,32.42
1996-06-17,0.0,38.18,23.67,87.07,39.15
1996-06-18,0.0,40.01,24.86,89.29,31.38
1996-06-19,0.0,37.67,25.32,84.23,36.88
1996-06-20,0.0,37.44,22.53,92.4,34.6
1996-06-21,0.0,36.76,22.87,92.19,34.72
1996-06-22,0.0,36.97,22.46,95.43,33.28
1996-06-23,0.0,36.31,24.76,88.91,44.31
1996-06-24,0.0,36.89,24.22,90.21,36.91
1996-06-25,0.0,36.65,23.47,91.1,35.28
1996-06-26,0.0,33.93,22.41,90.55,45.7
1996-06-27,0.0,36.16,22.19,94.36,31.11
1996-06-28,0.02,36.69,22.47,95.03,42.86
1996-06-29,0.0,36.18,25.14,89.85,37.19
1996-06-30,0.02,35.35,24.17,91.53,46.26
1996-07-01,0.0,36.85,25.04,89.65,40.17
1996-07-02,0.0,35.94,24.28,85.7,42.2
1996-07-03,1.66,37.79,25.23,89.6,39.66
1996-07-04,0.0,35.72,25.65,94.3,42.87
1996-07-05,0.0,36.94,24.51,89.5,40.55
1996-07-06,0.0,35.3,24.38,84.31,41.6
1996-07-07,0.99,36.13,24.25,85.56,43.08
1996-07-08,1.87,36.06,23.43,87.37,43.38
1996-07-09,0.0,36.19,23.41,92.78,44.39
1996-07-10,0.0,37.78,24.28,90.27,40.46
1996-07-11,0.0,33.34,26.01,81.68,50.15
1996-07-12,0.0,34.78,23.07,84.44,34.94
1996-07-13,0.0,35.69,22.56,87.76,43.55
1996-07-14,0.0,35.54,24.17,87.26,45.73
1996-07-15,0.0,35.06,24.15,86.99,49.11
1996-07-16,0.0,36.53,24.35,87.39,33.87
1996-07-17,0.0,37.27,23.83,87.27,39.59
1996-07-18,13.67,29.35,23.01,95.73,70.15
1996-07-19,0.0,36.12,24.66,94.0,44.57
1996-07-20,0.0,36.44,24.81,92.69,37.64
1996-07-21,0.0,36.99,25.51,88.09,39.39
1996-07-22,0.0,35.81,25.39,87.6,48.53
1996-07-23,0.77,35.15,26.46,87.41,51.86
1996-07-24,9.3,33.88,24.7,94.22,54.06
1996-07-25,12.55,32.4,21.73,95.41,63.94
1996-07-26,0.0,35.2,23.45,92.54,51.8
1996-07-27,0.0,35.51,25.1,93.41,44.99
1996-07-28,0.0,34.76,24.71,87.82,46.81
1996-07-29,1.07,33.65,24.29,91.45,55.77
1996-07-30,18.64,33.68,22.98,96.82,59.82
1996-07-31,9.9,29.32,22.1,98.2,78.04
1996-08-01,0.17,32.88,23.91,96.51,63.73
1996-08-02,0.01,32.62,24.5,95.2,61.79
1996-08-03,0.13,34.09,24.65,94.11,55.34
1996-08-04,0.0,33.36,24.69,93.84,60.49
1996-08-05,0.77,34.22,25.04,89.24,52.13
1996-08-06,0.41,32.5,23.9,95.05,62.26
1996-08-07,26.9,35.47,22.82,98.46,52.08
1996-08-08,0.0,34.33,22.66,96.01,53.98
1996-08-09,0.0,35.25,25.29,93.6,52.79
1996-08-10,0.0,34.67,24.86,91.45,56.31
1996-08-11,0.02,32.89,24.92,88.91,57.72
1996-08-12,0.05,33.51,24.61,91.79,49.84
1996-08-13,0.0,34.33,24.9,90.92,47.8
1996-08-14,0.08,33.7,23.79,91.48,45.81
1996-08-15,0.0,35.48,25.01,88.17,46.15
1996-08-16,0.0,32.79,25.02,87.91,57.8
1996-08-17,0.0,35.1,23.73,94.01,47.89
1996-08-18,0.0,34.45,25.36,91.29,49.56
1996-08-19,2.78,34.49,24.41,90.46,54.28
1996-08-20,2.67,34.95,24.04,92.87,50.7
1996-08-21,21.91,27.86,23.32,97.39,78.39
1996-08-22,26.76,32.44,23.37,98.04,67.17
1996-08-23,0.64,32.26,22.87,96.65,66.59
1996-08-24,17.12,28.56,22.18,98.52,76.42
1996-08-25,1.01,33.64,23.09,98.99,63.08
1996-08-26,0.01,32.43,24.95,96.51,63.52
1996-08-27,12.8,33.72,24.47,95.34,56.57
1996-08-28,2.97,33.76,23.71,97.71,61.24
1996-08-29,0.0,31.29,22.11,95.17,64.89
1996-08-30,0.04,33.09,24.49,95.81,61.0
1996-08-31,0.57,34.23,22.3,92.04,54.33
1996-09-01,0.0,34.32,24.87,91.47,53.91
1996-09-02,0.1,35.25,23.92,94.9,49.0
1996-09-03,5.28,31.1,24.45,95.97,65.72
1996-09-04,0.55,32.97,23.85,94.98,61.38
1996-09-05,16.06,34.91,22.78,97.98,52.72
1996-09-06,0.37,33.55,22.17,96.97,57.08
1996-09-07,5.72,33.03,22.69,93.24,56.94
1996-09-08,0.0,32.64,23.12,97.54,61.68
1996-09-09,0.0,34.26,23.95,97.55,57.64
1996-09-10,0.0,35.02,25.35,91.67,52.58
1996-09-11,0.0,34.6,23.46,93.92,49.72
1996-09-12,0.0,33.45,23.1,91.27,51.44
1996-09-13,0.0,33.29,20.75,91.36,47.24
1996-09-14,1.13,33.84,23.29,87.85,50.25
1996-09-15,0.03,33.78,23.99,91.56,52.57
1996-09-16,0.0,36.42,23.26,93.26,43.3
1996-09-17,0.0,37.78,24.9,95.23,39.99
1996-09-18,0.0,37.23,25.34,95.55,45.7
1996-09-19,0.0,35.19,26.03,92.78,53.95
1996-09-20,0.2,35.2,24.61,93.77,50.68
1996-09-21,0.09,36.16,24.0,95.41,48.23
1996-09-22,1.09,36.26,23.59,93.35,46.5
1996-09-23,11.39,34.86,23.44,96.04,49.36
1996-09-24,0.0,34.01,23.52,95.93,57.24
1996-09-25,0.0,36.3,24.52,94.84,43.82
1996-09-26,0.18,37.34,23.57,94.67,40.57
1996-09-27,23.61,37.57,24.59,91.98,42.18
1996-09-28,0.0,32.64,21.11,96.91,61.07
1996-09-29,0.0,34.75,23.96,96.06,53.12
1996-09-30,0.0,34.11,24.35,93.68,56.82
1996-10-01,1.43,33.71,22.54,92.25,50.11
1996-10-02,2.28,32.71,21.77,95.24,58.77
1996-10-03,0.0,34.34,23.31,96.48,52.84
1996-10-04,0.0,35.32,24.77,94.45,47.98
1996-10-05,0.0,35.65,25.13,94.2,51.02
1996-10-06,0.01,36.86,23.93,96.87,48.66
1996-10-07,0.34,35.78,24.85,97.18,52.97
1996-10-08,0.42,36.5,22.28,95.19,42.39
1996-10-09,0.0,35.09,23.59,92.13,50.83
1996-10-10,0.0,36.9,24.26,97.9,42.56
1996-10-11,0.0,37.09,24.71,97.07,46.19
1996-10-12,0.44,37.17,24.54,95.74,47.24
1996-10-13,0.26,38.09,23.57,96.58,33.69
1996-10-14,0.03,38.38,23.01,95.46,31.33
1996-10-15,5.47,35.45,23.18,91.11,50.4
1996-10-16,0.75,32.63,21.96,96.72,59.2
1996-10-17,0.21,33.84,22.38,96.91,55.84
1996-10-18,0.0,35.47,22.77,98.42,41.32
1996-10-19,0.0,36.27,22.53,96.33,39.64
1996-10-20,0.0,37.1,22.87,97.3,39.5
1996-10-21,0.0,38.54,23.72,97.77,27.51
1996-10-22,0.0,37.97,23.82,97.9,30.85
1996-10-23,0.0,38.6,23.99,95.68,19.53
1996-10-24,0.0,38.59,22.53,83.96,19.65
1996-10-25,0.0,37.94,20.55,93.07,32.41
1996-10-26,0.0,36.95,22.49,94.91,41.31
1996-10-27,0.0,40.37,23.08,96.92,16.77
1996-10-28,0.0,40.67,20.22,79.79,11.77
1996-10-29,0.0,39.25,20.08,76.62,12.02
1996-10-30,0.0,39.49,18.92,91.59,15.43
1996-10-31,0.0,38.92,22.37,93.28,27.31
1996-11-01,0.0,39.74,21.07,88.3,10.78
1996-11-02,0.0,37.61,20.1,86.14,27.6
1996-11-03,0.0,38.89,22.16,82.24,15.74
1996-11-04,0.0,37.82,21.68,55.87,13.01
1996-11-05,0.0,37.58,17.91,64.77,16.63
1996-11-06,0.0,38.2,16.53,81.1,14.44
1996-11-07,0.0,36.23,19.51,95.32,27.63
1996-11-08,0.0,31.72,22.17,92.67,53.7
1996-11-09,0.0,36.05,22.3,81.95,18.74
1996-11-10,0.0,37.95,20.26,67.51,17.49
1996-11-11,0.0,36.7,18.92,78.14,24.02
1996-11-12,0.0,36.99,18.94,79.24,23.72
1996-11-13,0.0,36.09,19.25,90.94,25.27
1996-11-14,0.0,35.21,20.0,84.82,19.26
1996-11-15,0.0,34.54,20.07,77.84,22.12
1996-11-16,0.0,33.37,21.27,74.47,26.34
1996-11-17,0.0,36.98,22.5,63.03,15.15
1996-11-18,0.0,34.81,21.68,62.86,18.54
1996-11-19,0.0,34.43,22.41,56.74,22.21
1996-11-20,0.0,35.43,20.23,69.46,19.37
1996-11-21,0.0,38.35,18.3,73.79,13.87
1996-11-22,0.0,38.33,16.24,56.99,13.9
1996-11-23,0.0,38.96,14.76,69.05,12.34
1996-11-24,0.0,39.22,15.81,56.22,10.96
1996-11-25,0.0,38.96,16.38,59.27,10.52
1996-11-26,0.0,38.34,19.27,60.93,9.39
1996-11-27,0.0,37.92,16.64,67.35,10.45
1996-11-28,0.0,37.05,16.61,71.98,9.09
1996-11-29,0.0,36.78,16.34,61.36,8.28
1996-11-30,0.0,36.9,18.13,61.32,8.43
1996-12-01,0.0,34.34,16.96,80.49,17.45
1996-12-02,0.0,34.62,15.95,89.77,15.06
1996-12-03,0.0,34.8,14.68,64.67,11.81
1996-12-04,0.0,34.07,16.63,64.45,12.19
1996-12-05,0.0,32.68,17.1,78.53,16.7
1996-12-06,0.0,30.85,19.31,67.95,19.69
1996-12-07,0.0,32.89,15.69,71.84,15.41
1996-12-08,0.0,31.81,17.47,50.85,19.76
1996-12-09,0.0,32.75,16.06,58.29,17.46
1996-12-10,0.0,33.54,17.65,59.72,18.78
1996-12-11,0.0,35.82,16.77,63.06,17.58
1996-12-12,0.0,36.39,16.99,62.84,15.55
1996-12-13,0.0,38.6,18.64,57.22,14.14
1996-12-14,0.0,38.15,19.95,40.64,15.28
1996-12-15,0.0,37.65,20.39,33.23,7.81
1996-12-16,0.0,37.0,18.13,40.92,8.11
1996-12-17,0.0,36.77,15.02,42.92,9.61
1996-12-18,0.0,36.68,17.59,32.6,10.52
1996-12-19,0.0,36.78,18.21,58.96,10.98
1996-12-20,0.0,34.74,19.56,75.56,23.8
1996-12-21,0.0,31.37,17.73,86.43,35.21
1996-12-22,0.0,30.62,16.16,96.53,38.8
1996-12-23,0.0,30.64,16.49,96.72,38.28
1996-12-24,0.0,32.9,16.62,83.16,26.07
1996-12-25,0.0,34.6,16.66,83.65,14.76
1996-12-26,0.0,37.12,15.83,82.22,10.11
1996-12-27,0.0,35.07,19.96,41.24,10.79
1996-12-28,0.0,32.13,19.5,57.73,15.41
1996-12-29,0.0,32.96,17.53,61.43,15.75
1996-12-30,0.0,34.71,15.22,79.66,16.12
1996-12-31,0.0,33.65,16.38,93.78,27.23
1997-01-01,0.0,31.31,16.3,94.95,32.13
1997-01-02,0.0,32.6,16.71,87.3,25.62
1997-01-03,0.0,34.24,18.91,74.95,24.19
1997-01-04,0.0,30.51,21.36,65.47,37.37
1997-01-05,0.0,34.68,17.85,70.71,23.44
1997-01-06,0.0,36.66,19.04,65.93,19.21
1997-01-07,0.0,36.12,21.19,56.44,18.65
1997-01-08,0.0,36.24,19.72,56.25,16.51
1997-01-09,0.0,36.43,19.68,43.5,16.98
1997-01-10,0.0,34.54,21.27,46.4,17.59
1997-01-11,0.0,30.13,20.09,61.92,26.81
1997-01-12,0.0,34.06,16.95,78.87,24.3
1997-01-13,0.0,32.41,17.46,83.54,25.16
1997-01-14,0.0,29.91,16.75,91.94,39.74
1997-01-15,0.0,30.29,16.23,89.56,34.92
1997-01-16,0.0,34.27,16.86,86.06,19.16
1997-01-17,0.0,36.73,18.77,64.17,14.7
1997-01-18,0.0,37.36,18.89,36.47,9.44
1997-01-19,0.0,38.04,18.89,58.58,9.85
1997-01-20,0.0,31.07,18.65,78.13,24.67
1997-01-21,0.0,27.92,16.37,86.25,37.4
1997-01-22,0.0,27.16,13.93,89.55,29.05
1997-01-23,0.0,30.29,14.27,76.56,16.87
1997-01-24,0.0,32.33,16.36,42.64,16.17
1997-01-25,0.0,35.14,14.44,47.66,14.81
1997-01-26,0.0,37.19,16.71,48.3,11.96
1997-01-27,0.0,36.65,16.92,56.08,11.66
1997-01-28,0.0,37.09,20.75,37.85,10.41
1997-01-29,0.0,37.8,18.63,33.29,9.98
1997-01-30,0.0,38.16,18.66,42.18,9.19
1997-01-31,0.0,38.2,17.56,51.61,9.15
1997-02-01,0.0,37.12,20.18,30.92,8.52
1997-02-02,0.0,37.02,20.46,33.24,9.76
1997-02-03,0.0,36.49,16.74,56.18,9.94
1997-02-04,0.0,36.2,17.22,75.14,16.73
1997-02-05,0.0,37.77,19.34,74.16,9.26
1997-02-06,0.0,38.99,19.39,58.31,8.74
1997-02-07,0.0,39.92,18.12,53.0,8.81
1997-02-08,0.0,39.16,21.5,34.78,9.65
1997-02-09,0.0,38.08,22.02,34.33,8.55
1997-02-10,0.0,37.13,21.06,61.68,15.06
1997-02-11,0.0,38.74,17.67,82.44,11.05
1997-02-12,0.0,39.28,17.18,85.27,10.82
1997-02-13,0.0,39.02,18.05,61.12,9.4
1997-02-14,0.0,37.36,22.88,32.49,16.61
1997-02-15,0.0,38.34,19.7,34.11,11.12
1997-02-16,0.0,38.07,19.88,42.06,11.97
1997-02-17,0.0,36.82,19.16,28.59,7.07
1997-02-18,0.0,37.75,18.18,38.76,9.96
1997-02-19,0.0,38.75,19.85,40.28,11.27
1997-02-20,0.0,39.57,19.85,29.97,7.43
1997-02-21,0.0,40.06,20.1,27.31,6.66
1997-02-22,0.0,38.77,22.16,24.19,10.57
1997-02-23,0.0,38.14,20.0,30.43,9.82
1997-02-24,0.0,38.82,20.12,39.52,10.84
1997-02-25,0.0,39.51,19.49,42.96,9.56
1997-02-26,0.0,38.09,20.69,47.51,11.2
1997-02-27,0.0,37.26,21.65,51.78,10.07
1997-02-28,0.0,38.7,20.53,29.91,7.54
1997-03-01,0.0,39.09,19.17,32.92,8.29
1997-03-02,0.0,40.21,19.62,33.81,9.05
1997-03-03,0.0,40.44,23.64,34.08,9.28
1997-03-04,0.0,39.35,23.43,37.22,11.97
1997-03-05,0.0,37.59,24.22,21.89,10.54
1997-03-06,0.0,37.98,22.09,27.23,12.73
1997-03-07,0.0,37.96,23.26,30.86,16.77
1997-03-08,0.0,39.09,23.37,36.12,9.08
1997-03-09,0.0,33.49,22.98,50.61,16.08
1997-03-10,0.0,36.62,20.95,72.66,18.82
1997-03-11,0.0,38.7,18.09,79.68,15.58
1997-03-12,0.0,38.4,20.65,73.96,13.92
1997-03-13,0.0,36.44,23.27,36.96,11.88
1997-03-14,0.0,35.49,18.57,25.74,10.9
1997-03-15,0.0,32.37,21.7,23.58,12.85
1997-03-16,0.0,35.59,17.86,52.99,14.7
1997-03-17,0.0,36.72,16.84,72.35,7.55
1997-03-18,0.0,37.94,19.48,30.13,6.96
1997-03-19,0.0,39.38,19.16,38.41,7.17
1997-03-20,0.0,39.29,21.23,39.54,9.06
1997-03-21,0.0,38.32,20.1,67.16,14.7
1997-03-22,0.0,36.37,18.27,83.66,21.41
1997-03-23,0.0,31.63,17.43,89.87,29.86
1997-03-24,0.0,31.73,17.48,87.65,29.55
1997-03-25,0.0,32.85,16.94,93.11,29.28
1997-03-26,0.0,32.65,16.53,93.89,32.68
1997-03-27,0.0,32.87,15.34,96.15,24.44
1997-03-28,0.0,31.67,16.05,92.37,33.55
1997-03-29,0.0,30.36,16.73,91.86,35.8
1997-03-30,0.0,30.23,16.07,93.68,39.69
1997-03-31,0.0,33.66,16.31,88.4,30.75
1997-04-01,0.0,33.6,17.93,87.9,32.27
1997-04-02,0.0,33.02,17.82,92.85,35.23
1997-04-03,0.0,30.51,16.96,93.98,38.06
1997-04-04,0.0,30.43,16.25,95.42,39.11
1997-04-05,0.0,33.57,14.78,95.76,31.02
1997-04-06,0.0,33.99,18.31,92.79,32.4
1997-04-07,0.0,36.64,18.15,77.82,21.76
1997-04-08,0.0,36.11,18.02,89.59,23.48
1997-04-09,0.0,37.88,16.73,96.9,22.72
1997-04-10,0.0,41.06,18.45,70.54,18.53
1997-04-11,0.0,39.78,20.0,76.22,23.11
1997-04-12,0.0,38.79,19.47,86.17,23.11
1997-04-13,0.0,37.78,17.68,85.26,23.88
1997-04-14,0.0,37.89,18.45,84.1,23.06
1997-04-15,0.0,36.72,18.88,86.07,24.89
1997-04-16,0.0,33.44,18.36,89.08,30.27
1997-04-17,0.0,34.64,17.85,92.09,34.27
1997-04-18,0.0,33.74,17.16,96.65,34.99
1997-04-19,0.0,32.79,17.55,97.8,36.79
1997-04-20,0.0,35.3,16.35,97.67,35.86
1997-04-21,0.0,36.47,17.56,96.94,28.64
1997-04-22,0.0,39.44,20.01,60.86,22.8
1997-04-23,0.0,40.59,20.01,49.45,15.33
1997-04-24,0.0,40.09,19.59,57.11,16.57
1997-04-25,0.0,40.69,21.07,67.25,18.69
1997-04-26,0.0,42.7,20.67,72.67,16.13
1997-04-27,0.0,43.05,21.7,77.94,14.48
1997-04-28,0.0,40.35,19.12,91.68,21.47
1997-04-29,0.0,37.2,19.19,95.97,29.7
1997-04-30,0.0,38.93,19.59,91.59,20.91
1997-05-01,0.0,36.37,18.56,95.72,27.92
1997-05-02,0.0,38.27,18.92,97.34,24.74
1997-05-03,0.0,41.16,18.97,96.7,14.56
1997-05-04,0.0,38.78,18.78,95.88,23.69
1997-05-05,0.0,37.75,20.17,91.24,29.85
1997-05-06,0.0,38.67,20.69,90.58,29.76
1997-05-07,0.0,37.31,21.03,98.73,32.56
1997-05-08,0.0,35.61,21.21,98.02,35.95
1997-05-09,0.0,38.23,22.17,97.92,32.09
1997-05-10,0.0,38.37,24.73,89.03,31.73
1997-05-11,0.0,38.0,24.48,88.22,32.45
1997-05-12,0.0,41.85,23.02,78.19,18.42
1997-05-13,0.0,39.48,23.31,72.23,27.69
1997-05-14,0.0,39.54,23.3,63.99,18.01
1997-05-15,0.0,38.49,20.83,79.69,26.97
1997-05-16,0.0,36.63,20.24,75.5,29.64
1997-05-17,0.0,37.4,19.47,80.66,30.29
1997-05-18,0.0,40.38,19.87,79.82,22.81
1997-05-19,0.0,40.7,21.31,73.21,25.35
1997-05-20,0.0,39.04,23.8,65.31,24.2
1997-05-21,0.03,37.62,23.38,70.99,32.03
1997-05-22,0.0,41.4,22.7,80.52,19.49
1997-05-23,0.0,42.38,22.95,76.77,17.66
1997-05-24,0.0,39.54,20.72,91.73,24.98
1997-05-25,0.0,38.36,21.47,89.77,27.19
1997-05-26,0.0,35.41,20.67,88.09,33.49
1997-05-27,0.0,36.99,21.02,83.59,33.88
1997-05-28,0.0,40.66,23.28,74.26,23.76
1997-05-29,0.0,38.4,24.57,69.96,27.65
1997-05-30,0.0,37.95,23.36,73.0,31.6
1997-05-31,0.0,38.03,23.45,77.65,33.79
1997-06-01,0.0,37.2,23.36,77.83,34.56
1997-06-02,0.0,36.65,22.89,85.9,32.86
1997-06-03,0.0,35.52,22.41,89.32,39.08
1997-06-04,0.0,37.17,22.52,80.02,37.01
1997-06-05,0.0,36.43,23.87,84.39,37.51
1997-06-06,0.0,37.15,23.88,90.17,39.03
1997-06-07,0.01,40.42,22.94,90.15,26.62
1997-06-08,7.93,35.2,23.62,94.28,48.05
1997-06-09,0.22,35.87,21.71,96.7,45.79
1997-06-10,0.0,35.98,23.61,92.48,41.17
1997-06-11,0.0,33.49,24.27,89.2,50.15
1997-06-12,0.0,33.3,23.81,88.37,48.52
1997-06-13,0.0,35.01,24.32,84.77,43.86
1997-06-14,0.0,36.23,24.09,84.91,35.54
1997-06-15,0.95,37.6,23.14,91.83,37.14
1997-06-16,0.0,37.69,23.0,91.08,36.38
1997-06-17,12.44,35.5,24.6,89.08,49.2
1997-06-18,0.0,32.61,20.26,97.62,53.83
1997-06-19,0.0,33.84,22.61,93.51,50.25
1997-06-20,0.0,35.38,23.82,96.97,43.92
1997-06-21,0.0,37.68,23.95,94.2,36.38
1997-06-22,0.0,37.49,23.95,92.9,41.09
1997-06-23,0.0,35.96,23.39,94.67,50.21
1997-06-24,0.04,36.42,23.77,92.57,46.79
1997-06-25,0.0,37.11,23.53,92.28,45.82
1997-06-26,0.11,34.41,24.86,93.44,55.31
1997-06-27,9.0,36.42,23.58,97.92,48.39
1997-06-28,0.0,35.69,23.94,95.76,49.94
1997-06-29,0.0,35.25,24.62,95.45,43.51
1997-06-30,0.0,36.84,23.87,95.75,48.35
1997-07-01,0.0,36.81,25.06,88.55,46.08
1997-07-02,0.0,34.9,24.48,93.09,47.11
1997-07-03,0.0,37.0,23.78,93.65,43.05
1997-07-04,0.0,36.7,24.71,91.52,41.57
1997-07-05,0.0,35.32,25.23,90.47,50.27
1997-07-06,0.0,37.84,23.95,90.29,43.09
1997-07-07,0.1,34.68,24.14,91.56,56.89
1997-07-08,0.15,35.18,24.89,95.22,53.96
1997-07-09,0.46,34.73,24.69,96.3,56.73
1997-07-10,0.27,32.34,22.62,94.53,63.2
1997-07-11,0.77,34.42,23.07,93.11,57.9
1997-07-12,0.0,36.19,24.78,94.68,49.32
1997-07-13,0.0,37.84,23.52,96.06,41.78
1997-07-14,0.0,36.17,23.3,96.26,49.52
1997-07-15,0.04,35.95,23.14,94.08,50.51
1997-07-16,0.0,35.75,23.17,91.34,46.95
1997-07-17,0.0,35.78,23.59,92.68,49.7
1997-07-18,1.64,34.47,24.44,90.55,53.14
1997-07-19,0.0,33.71,24.61,90.77,55.98
1997-07-20,0.0,35.01,23.56,93.77,51.06
1997-07-21,5.55,34.73,23.63,94.76,47.01
1997-07-22,0.0,34.09,22.61,94.52,51.48
1997-07-23,0.0,36.73,24.31,89.53,34.89
1997-07-24,0.05,35.95,24.15,89.41,47.71
1997-07-25,0.78,36.93,23.8,96.89,44.82
1997-07-26,0.04,34.48,24.27,96.35,56.49
1997-07-27,0.01,33.21,24.38,94.93,59.73
1997-07-28,0.0,33.46,24.28,95.29,60.27
1997-07-29,0.0,35.44,25.27,92.97,54.15
1997-07-30,0.05,34.96,24.51,94.81,50.42
1997-07-31,0.02,33.16,25.43,87.93,47.78
1997-08-01,0.0,33.65,23.06,86.55,46.42
1997-08-02,0.0,33.68,23.96,83.43,45.18
1997-08-03,0.0,34.82,23.21,90.19,46.5
1997-08-04,4.47,36.93,23.03,90.5,42.57
1997-08-05,0.0,35.44,21.94,91.75,48.67
1997-08-06,0.13,36.3,24.32,89.03,41.54
1997-08-07,0.0,38.21,25.56,84.59,38.4
1997-08-08,0.0,36.32,24.4,87.32,46.08
1997-08-09,0.0,34.91,23.54,88.74,46.5
1997-08-10,0.0,34.38,23.82,85.59,49.12
1997-08-11,6.67,36.43,23.39,88.84,44.07
1997-08-12,4.23,35.28,23.15,92.87,52.9
1997-08-13,0.25,36.07,24.97,93.13,52.18
1997-08-14,17.25,35.7,25.13,97.26,52.26
1997-08-15,3.78,34.77,22.76,98.45,61.09
1997-08-16,0.97,34.53,24.69,98.67,60.92
1997-08-17,22.07,34.42,22.4,95.86,58.64
1997-08-18,0.01,33.05,22.54,95.73,61.84
1997-08-19,0.0,33.27,24.2,92.58,62.49
1997-08-20,1.58,32.48,24.83,92.92,62.84
1997-08-21,5.58,33.03,23.16,96.61,62.87
1997-08-22,15.93,34.24,23.92,97.41,58.38
1997-08-23,26.08,33.0,23.13,96.89,64.9
1997-08-24,14.4,31.46,22.8,98.87,73.5
1997-08-25,1.02,31.69,23.44,98.35,68.17
1997-08-26,13.16,30.57,23.6,96.28,68.59
1997-08-27,5.49,30.08,23.71,93.96,72.46
1997-08-28,0.0,33.52,23.57,94.73,58.95
1997-08-29,0.01,34.42,24.05,92.89,57.36
1997-08-30,0.0,33.94,24.84,94.09,62.3
1997-08-31,2.16,34.04,22.73,94.21,57.67
1997-09-01,1.94,34.06,25.28,94.49,59.83
1997-09-02,0.0,35.56,24.85,95.25,49.34
1997-09-03,0.04,35.67,24.19,91.79,50.55
1997-09-04,1.36,34.81,24.95,94.14,57.53
1997-09-05,19.55,29.02,22.67,97.15,78.24
1997-09-06,14.54,33.12,23.56,97.18,62.77
1997-09-07,15.03,33.31,21.18,98.25,64.53
1997-09-08,0.0,33.36,23.5,98.09,65.81
1997-09-09,0.0,34.61,24.35,97.24,60.96
1997-09-10,0.0,33.98,24.9,90.97,61.53
1997-09-11,8.39,34.19,23.68,98.27,58.27
1997-09-12,0.22,29.68,22.99,97.0,73.15
1997-09-13,0.0,34.58,23.07,97.72,55.45
1997-09-14,0.0,36.84,24.53,94.45,50.89
1997-09-15,0.0,33.99,24.11,91.61,56.87
1997-09-16,0.0,36.03,24.81,95.1,54.04
1997-09-17,2.34,35.71,24.77,94.9,52.55
1997-09-18,0.0,34.69,23.06,97.64,52.87
1997-09-19,0.54,34.37,24.28,96.15,57.54
1997-09-20,0.53,31.41,25.24,96.31,70.97
1997-09-21,0.06,34.85,23.77,95.54,56.93
1997-09-22,0.0,35.39,24.7,89.69,50.72
1997-09-23,0.03,35.16,24.2,93.37,54.59
1997-09-24,7.13,37.06,24.21,95.9,49.16
1997-09-25,0.01,34.5,22.14,95.07,53.92
1997-09-26,0.0,33.63,23.34,94.64,55.84
1997-09-27,0.46,35.14,23.3,92.83,54.05
1997-09-28,0.62,34.73,24.45,95.21,54.86
1997-09-29,0.13,34.89,22.7,95.6,50.89
1997-09-30,11.76,35.47,23.5,95.78,51.68
1997-10-01,0.0,35.05,22.54,96.47,53.04
1997-10-02,0.0,35.98,24.44,94.71,46.32
1997-10-03,0.0,36.93,24.61,91.93,44.8
1997-10-04,0.0,38.1,25.13,93.88,38.81
1997-10-05,0.0,37.14,24.94,90.42,42.7
1997-10-06,0.0,35.71,23.81,91.93,40.92
1997-10-07,1.78,34.57,23.39,93.14,54.97
1997-10-08,1.53,35.32,23.56,96.27,53.63
1997-10-09,0.0,35.35,24.34,94.09,46.11
1997-10-10,0.0,37.69,24.78,91.79,38.08
1997-10-11,2.27,38.48,23.68,95.56,36.28
1997-10-12,0.02,36.55,23.13,95.8,40.99
1997-10-13,0.0,37.31,24.31,99.18,36.41
1997-10-14,0.0,38.89,23.9,98.23,28.61
1997-10-15,0.0,37.55,23.26,95.59,29.89
1997-10-16,0.0,35.4,23.91,85.08,37.46
1997-10-17,0.0,34.12,21.96,93.55,37.27
1997-10-18,0.0,34.92,23.28,89.32,40.97
1997-10-19,0.0,36.7,21.95,90.58,41.4
1997-10-20,0.0,37.07,24.1,96.56,39.48
1997-10-21,0.0,39.1,24.02,93.47,25.3
1997-10-22,0.0,39.15,22.1,95.41,23.84
1997-10-23,0.0,40.16,21.76,94.1,17.36
1997-10-24,0.0,39.14,22.29,95.16,25.01
1997-10-25,0.0,38.73,22.47,97.7,32.29
1997-10-26,0.0,39.08,23.72,95.88,30.08
1997-10-27,0.03,41.23,23.47,92.04,19.03
1997-10-28,0.0,41.54,22.16,89.06,19.01
1997-10-29,0.0,41.58,20.79,90.41,16.89
1997-10-30,0.0,38.28,21.68,90.42,30.74
1997-10-31,0.0,38.56,23.41,94.05,25.8
1997-11-01,0.0,36.71,22.8,96.62,41.8
1997-11-02,0.0,39.23,23.78,97.17,21.43
1997-11-03,0.0,40.6,19.94,93.79,16.1
1997-11-04,0.0,39.53,20.8,91.89,25.93
1997-11-05,0.0,39.81,22.26,99.54,25.09
1997-11-06,0.0,40.2,20.2,97.8,17.54
1997-11-07,0.0,37.9,21.38,98.55,29.66
1997-11-08,0.0,38.45,21.57,98.22,29.29
1997-11-09,0.0,40.12,22.17,97.52,26.18
1997-11-10,0.0,41.2,23.27,75.81,17.66
1997-11-11,0.0,40.0,21.0,79.99,22.2
1997-11-12,0.0,38.91,20.1,91.45,23.31
1997-11-13,0.0,38.38,21.84,94.69,27.25
1997-11-14,0.0,39.34,20.63,97.4,25.39
1997-11-15,0.0,37.54,20.45,98.39,35.84
1997-11-16,0.0,37.58,21.29,98.68,27.75
1997-11-17,0.0,39.59,22.53,98.74,19.9
1997-11-18,0.0,40.24,20.78,90.15,15.78
1997-11-19,0.0,39.0,18.81,95.46,19.07
1997-11-20,0.0,36.44,17.33,94.76,22.44
1997-11-21,0.0,36.19,17.36,99.17,26.28
1997-11-22,0.0,38.15,17.74,98.95,21.15
1997-11-23,0.0,38.25,17.39,83.74,16.16
1997-11-24,0.0,36.58,19.59,45.84,17.29
1997-11-25,0.0,35.76,20.52,49.85,22.32
1997-11-26,0.0,36.95,19.44,64.3,18.62
1997-11-27,0.0,35.47,18.32,73.98,23.3
1997-11-28,0.0,34.67,19.03,80.15,28.81
1997-11-29,0.0,37.23,17.36,77.79,24.44
1997-11-30,0.0,38.09,17.53,77.44,16.87
1997-12-01,0.0,38.09,18.78,67.55,16.62
1997-12-02,0.0,37.9,17.3,72.25,15.1
1997-12-03,0.0,33.91,20.18,82.28,23.76
1997-12-04,0.0,34.51,19.37,94.94,25.0
1997-12-05,0.0,35.25,17.26,98.83,24.54
1997-12-06,0.0,36.91,19.22,75.26,16.72
1997-12-07,0.12,32.35,20.99,64.89,29.66
1997-12-08,0.0,34.19,18.06,85.05,26.21
1997-12-09,0.0,34.63,18.29,80.15,20.59
1997-12-10,0.0,32.27,16.51,59.72,20.68
1997-12-11,0.0,31.0,16.35,47.91,17.11
1997-12-12,0.0,34.54,15.73,41.46,14.51
1997-12-13,0.0,35.49,15.95,42.93,16.74
1997-12-14,0.0,36.09,14.95,46.38,10.45
1997-12-15,0.0,34.73,14.2,56.32,13.26
1997-12-16,0.0,34.41,15.17,66.7,13.05
1997-12-17,0.0,34.47,14.13,69.76,15.21
1997-12-18,0.0,34.78,15.34,81.11,21.59
1997-12-19,0.0,34.27,15.07,87.53,22.72
1997-12-20,0.0,34.76,16.62,94.49,19.63
1997-12-21,0.0,36.0,14.58,91.4,21.09
1997-12-22,0.0,35.8,16.95,84.94,21.64
1997-12-23,0.0,35.96,15.93,79.17,12.41
1997-12-24,0.0,36.48,17.05,44.14,14.4
1997-12-25,0.0,33.13,18.63,33.95,16.91
1997-12-26,0.0,31.2,16.47,40.52,22.28
1997-12-27,0.0,32.41,16.65,42.55,20.71
1997-12-28,0.0,32.9,16.55,42.45,16.56
1997-12-29,0.0,32.81,15.79,51.71,16.83
1997-12-30,0.0,32.16,13.43,78.59,15.17
1997-12-31,0.0,31.36,14.27,90.99,16.49
1998-01-01,0.0,27.48,15.75,93.99,34.35
1998-01-02,0.0,29.97,14.84,87.79,22.57
1998-01-03,0.0,33.9,14.99,85.69,27.54
1998-01-04,0.0,32.8,17.03,85.22,24.49
1998-01-05,0.0,34.29,17.16,56.44,16.28
1998-01-06,0.0,35.49,18.26,39.46,14.84
1998-01-07,0.0,35.49,18.7,39.71,15.82
1998-01-08,0.0,35.02,17.74,38.75,16.21
1998-01-09,0.0,35.63,16.29,46.99,17.81
1998-01-10,0.0,35.42,18.61,53.01,17.23
1998-01-11,0.0,35.7,15.88,75.38,18.57
1998-01-12,0.0,34.65,15.89,94.35,21.75
1998-01-13,0.0,37.28,15.73,68.28,12.04
1998-01-14,0.0,36.97,16.84,57.6,10.76
1998-01-15,0.0,35.68,19.96,31.6,10.35
1998-01-16,0.0,34.76,20.72,26.29,13.39
1998-01-17,0.0,34.25,19.12,39.55,13.69
1998-01-18,0.0,34.86,16.52,43.54,13.19
1998-01-19,0.0,35.53,19.39,49.02,9.46
1998-01-20,0.0,36.46,20.96,25.96,10.01
1998-01-21,0.0,36.13,19.23,34.64,10.28
1998-01-22,0.0,36.54,15.92,64.5,9.69
1998-01-23,0.0,37.83,16.93,64.72,9.86
1998-01-24,0.0,36.76,16.39,73.21,10.98
1998-01-25,0.0,36.18,16.44,86.03,15.12
1998-01-26,0.0,33.51,17.24,90.06,25.78
1998-01-27,0.0,29.47,17.47,88.62,37.95
1998-01-28,0.0,29.09,18.26,92.02,41.25
1998-01-29,0.0,30.5,17.21,94.66,40.24
1998-01-30,0.0,30.85,15.38,99.07,45.56
1998-01-31,0.0,32.57,15.73,96.98,36.64
1998-02-01,0.0,34.04,16.22,95.89,29.58
1998-02-02,0.0,34.13,16.78,86.25,26.64
1998-02-03,0.0,34.79,17.84,85.58,23.61
1998-02-04,0.0,38.65,19.42,66.57,15.23
1998-02-05,0.0,41.99,21.95,45.76,14.17
1998-02-06,0.0,39.34,21.42,81.6,22.14
1998-02-07,0.0,36.32,19.64,95.01,31.43
1998-02-08,0.0,38.75,21.37,73.15,24.0
1998-02-09,0.0,39.12,20.93,79.9,24.13
1998-02-10,0.0,38.02,20.21,82.33,25.09
1998-02-11,0.0,36.56,19.97,88.57,30.12
1998-02-12,0.0,35.1,18.39,93.82,33.37
1998-02-13,0.0,35.45,17.74,97.93,29.8
1998-02-14,0.0,38.43,19.3,92.15,18.57
1998-02-15,0.0,41.62,20.74,79.23,11.97
1998-02-16,0.0,37.21,22.24,38.06,13.45
1998-02-17,0.0,37.73,16.75,47.0,15.49
1998-02-18,0.0,40.21,17.16,66.1,15.85
1998-02-19,0.0,40.36,18.23,65.76,13.84
1998-02-20,0.0,39.52,21.2,45.2,14.88
1998-02-21,0.0,38.03,19.11,32.47,12.02
1998-02-22,0.0,37.87,21.33,46.72,14.93
1998-02-23,0.0,37.36,23.48,44.76,11.14
1998-02-24,0.0,35.98,23.05,27.05,10.81
1998-02-25,0.0,37.44,18.25,47.3,13.03
1998-02-26,0.0,39.07,19.72,61.99,13.44
1998-02-27,0.0,40.85,19.93,51.43,11.98
1998-02-28,0.0,41.74,20.08,39.45,13.31
1998-03-01,0.0,41.65,21.32,41.27,13.48
1998-03-02,0.0,40.13,19.73,50.8,8.98
1998-03-03,0.0,37.19,20.99,49.81,7.6
1998-03-04,0.0,37.72,18.71,54.08,9.64
1998-03-05,0.0,39.22,20.87,54.92,10.99
1998-03-06,0.0,39.31,20.42,65.26,11.49
1998-03-07,0.0,39.24,19.93,41.27,11.54
1998-03-08,0.0,39.19,20.97,40.21,11.96
1998-03-09,0.0,38.89,19.69,57.68,11.93
1998-03-10,0.0,38.76,17.41,89.44,15.85
1998-03-11,0.0,41.05,16.66,94.36,13.86
1998-03-12,0.0,41.22,18.73,89.69,10.41
1998-03-13,0.0,39.26,20.45,56.66,15.9
1998-03-14,0.0,36.51,19.57,70.85,18.97
1998-03-15,0.0,35.5,19.93,64.73,18.39
1998-03-16,0.0,33.1,22.14,64.63,17.89
1998-03-17,0.0,38.66,19.21,44.84,14.73
1998-03-18,0.0,40.47,21.32,43.07,14.72
1998-03-19,0.0,40.91,21.93,31.73,11.98
1998-03-20,0.0,40.45,19.53,43.53,10.75
1998-03-21,0.0,42.07,21.98,44.05,9.57
1998-03-22,0.0,39.48,22.55,53.16,14.24
1998-03-23,0.0,33.5,20.05,89.51,27.19
1998-03-24,0.0,33.28,19.7,93.84,29.8
1998-03-25,0.0,37.12,20.93,82.24,27.96
1998-03-26,0.0,38.55,20.7,91.03,23.52
1998-03-27,0.0,32.22,20.38,95.64,42.79
1998-03-28,0.0,33.48,20.36,81.58,32.51
1998-03-29,0.0,34.17,18.73,86.61,35.31
1998-03-30,0.0,38.85,19.18,79.79,25.37
1998-03-31,0.0,41.94,22.69,64.1,18.49
1998-04-01,0.0,43.99,24.0,60.81,11.22
1998-04-02,0.0,42.86,23.22,58.23,14.37
1998-04-03,0.0,40.2,21.5,65.78,21.09
1998-04-04,0.0,36.83,19.85,77.35,24.49
1998-04-05,0.0,39.12,19.26,80.95,23.05
1998-04-06,0.0,40.48,20.48,74.15,19.32
1998-04-07,0.0,38.73,21.0,78.97,21.27
1998-04-08,0.0,34.81,19.29,93.28,32.77
1998-04-09,0.0,35.25,18.69,98.43,30.86
1998-04-10,0.0,39.88,19.11,95.67,22.95
1998-04-11,0.0,39.28,20.75,70.74,20.06
1998-04-12,0.0,38.47,21.25,68.82,23.36
1998-04-13,0.0,37.03,21.09,70.79,22.98
1998-04-14,0.0,38.16,20.43,77.83,19.38
1998-04-15,0.0,33.65,19.86,66.75,28.68
1998-04-16,0.0,38.94,21.58,56.71,16.85
1998-04-17,0.0,35.98,19.96,76.42,27.1
1998-04-18,0.0,34.0,19.59,83.94,27.77
1998-04-19,0.0,34.36,18.78,90.11,33.03
1998-04-20,0.0,34.19,18.64,90.11,30.0
1998-04-21,0.0,36.46,18.26,92.87,26.84
1998-04-22,0.0,39.33,19.87,86.98,20.32
1998-04-23,0.0,42.22,21.56,64.16,17.31
1998-04-24,0.0,41.84,21.62,58.19,18.54
1998-04-25,0.0,40.41,20.71,80.66,23.53
1998-04-26,0.0,37.61,20.31,91.53,33.35
1998-04-27,0.0,42.32,20.71,91.78,23.81
1998-04-28,0.0,39.93,21.01,91.02,24.94
1998-04-29,0.0,41.16,19.4,92.96,21.91
1998-04-30,0.0,36.4,19.15,95.1,36.51
1998-05-01,0.0,36.58,18.12,98.43,31.54
1998-05-02,0.0,37.2,18.44,93.22,26.5
1998-05-03,0.0,37.38,18.78,87.19,27.13
1998-05-04,0.01,37.8,19.33,83.83,27.14
1998-05-05,0.0,36.44,19.3,88.28,25.66
1998-05-06,0.0,35.45,19.79,85.96,24.64
1998-05-07,0.0,36.18,21.54,75.02,26.75
1998-05-08,0.0,40.56,21.59,67.67,21.63
1998-05-09,0.0,40.42,23.71,62.19,20.41
1998-05-10,0.0,40.59,25.31,64.44,23.53
1998-05-11,0.0,37.52,24.15,69.1,31.44
1998-05-12,0.0,37.38,21.07,69.99,24.58
1998-05-13,0.0,36.96,20.48,78.91,28.65
1998-05-14,0.0,35.48,20.55,83.75,36.82
1998-05-15,0.0,37.26,20.46,82.74,29.98
1998-05-16,0.0,37.37,21.2,81.21,31.21
1998-05-17,0.0,39.85,21.3,91.67,29.23
1998-05-18,0.0,41.65,23.37,72.39,21.11
1998-05-19,0.0,39.94,23.18,78.27,26.71
1998-05-20,0.0,36.75,21.88,94.37,31.55
1998-05-21,0.0,35.62,20.83,97.87,32.7
1998-05-22,0.0,35.29,21.05,96.59,35.31
1998-05-23,0.0,37.81,20.56,94.59,28.69
1998-05-24,0.0,37.67,21.79,85.0,31.04
1998-05-25,0.0,36.0,20.63,91.6,30.78
1998-05-26,0.0,36.09,19.81,92.71,33.18
1998-05-27,0.0,38.3,20.89,84.63,31.52
1998-05-28,0.0,41.32,20.93,80.62,25.55
1998-05-29,0.0,39.95,23.2,65.53,22.45
1998-05-30,0.0,38.66,22.35,68.51,26.44
1998-05-31,0.0,38.72,21.83,74.01,25.9
1998-06-01,0.0,37.94,21.79,79.26,25.29
1998-06-02,0.0,34.42,21.62,91.13,42.41
1998-06-03,0.0,36.52,20.63,93.78,35.28
1998-06-04,0.0,34.67,20.01,94.92,33.97
1998-06-05,0.0,35.35,20.07,93.21,33.25
1998-06-06,0.0,35.95,20.65,96.46,31.78
1998-06-07,0.0,36.15,20.96,98.05,31.67
1998-06-08,0.0,36.7,21.86,94.42,34.91
1998-06-09,0.0,36.5,20.39,98.26,29.13
1998-06-10,0.0,35.79,20.54,95.21,35.03
1998-06-11,0.0,34.25,22.01,91.06,45.46
1998-06-12,0.0,33.83,21.35,93.77,36.8
1998-06-13,0.0,35.2,22.7,92.26,37.63
1998-06-14,0.0,38.16,23.74,91.84,27.54
1998-06-15,0.0,40.94,23.38,87.74,26.19
1998-06-16,0.0,38.24,23.86,92.7,40.05
1998-06-17,0.0,36.77,24.09,88.26,45.74
1998-06-18,0.0,38.17,23.64,91.99,38.67
1998-06-19,0.0,39.48,23.7,89.41,30.27
1998-06-20,0.0,34.7,23.9,92.09,51.17
1998-06-21,0.0,34.75,22.78,97.21,55.02
1998-06-22,0.0,37.84,23.63,92.81,47.79
1998-06-23,0.0,38.91,24.03,93.03,36.06
1998-06-24,0.03,36.85,25.72,82.96,49.3
1998-06-25,0.0,37.07,24.9,89.98,42.22
1998-06-26,0.0,35.87,24.78,89.4,44.71
1998-06-27,0.0,36.32,24.85,90.74,42.48
1998-06-28,0.0,34.92,22.23,93.85,36.35
1998-06-29,0.0,34.91,22.0,93.74,43.46
1998-06-30,0.0,35.44,22.67,88.69,43.85
1998-07-01,0.0,35.73,23.75,89.2,45.01
1998-07-02,0.01,37.02,23.75,89.64,39.77
1998-07-03,0.0,37.36,24.39,92.05,29.1
1998-07-04,0.0,39.32,23.12,89.25,27.1
1998-07-05,0.0,35.9,23.95,91.74,38.99
1998-07-06,0.0,33.2,23.67,89.13,46.0
1998-07-07,0.0,33.28,22.91,79.84,43.59
1998-07-08,0.0,35.17,21.05,84.95,41.35
1998-07-09,0.0,36.63,23.65,88.4,43.93
1998-07-10,0.0,37.35,23.98,90.6,40.85
1998-07-11,0.0,35.07,24.03,90.05,35.71
1998-07-12,0.0,32.49,20.24,90.74,43.18
1998-07-13,0.0,32.7,21.03,79.5,43.34
1998-07-14,0.0,33.9,20.75,81.72,40.59
1998-07-15,0.0,34.45,21.0,87.25,43.29
1998-07-16,0.14,36.42,22.51,90.27,42.47
1998-07-17,0.05,36.68,24.37,92.04,40.25
1998-07-18,0.03,36.51,24.57,92.28,48.42
1998-07-19,0.88,36.41,24.94,94.85,50.45
1998-07-20,0.47,36.98,22.69,95.77,38.47
1998-07-21,0.0,36.17,23.25,85.58,39.59
1998-07-22,0.0,35.0,24.19,84.83,47.97
1998-07-23,5.65,34.62,24.14,94.12,51.68
1998-07-24,0.03,34.13,23.95,94.69,53.75
1998-07-25,0.0,32.55,23.04,95.85,62.41
1998-07-26,0.0,35.93,24.33,95.49,46.41
1998-07-27,0.46,34.19,25.94,96.63,54.83
1998-07-28,0.0,33.66,24.36,97.96,55.08
1998-07-29,0.0,33.12,24.31,83.73,49.92
1998-07-30,0.0,36.36,24.41,91.26,44.38
1998-07-31,0.0,34.9,25.77,87.04,53.61
1998-08-01,0.0,34.08,25.18,84.4,46.24
1998-08-02,0.0,34.95,24.85,82.51,46.89
1998-08-03,0.31,35.36,25.34,89.51,50.06
1998-08-04,11.38,34.11,24.7,95.04,58.95
1998-08-05,1.33,34.03,23.41,96.24,56.52
1998-08-06,0.0,35.97,25.21,92.01,48.51
1998-08-07,22.72,36.24,24.36,95.11,48.77
1998-08-08,0.02,33.75,23.28,93.33,61.29
1998-08-09,16.64,35.07,24.28,89.88,54.72
1998-08-10,2.71,30.68,23.85,93.21,73.65
1998-08-11,11.11,33.33,23.53,98.23,62.98
1998-08-12,0.0,32.69,22.84,94.46,61.69
1998-08-13,0.0,32.98,23.93,88.29,52.7
1998-08-14,0.48,33.43,23.72,90.89,52.1
1998-08-15,17.28,34.66,24.73,96.51,54.5
1998-08-16,14.99,29.2,22.5,97.92,76.22
1998-08-17,1.41,29.99,23.45,97.65,73.91
1998-08-18,0.0,33.18,23.08,97.42,64.53
1998-08-19,0.0,31.72,25.26,93.51,61.41
1998-08-20,1.39,32.86,25.27,96.24,66.54
1998-08-21,19.78,30.8,22.61,98.76,73.72
1998-08-22,20.12,31.73,23.36,98.74,70.95
1998-08-23,2.06,31.22,22.0,99.29,72.64
1998-08-24,0.0,34.44,22.8,97.58,59.0
1998-08-25,0.01,33.76,23.39,93.46,59.15
1998-08-26,8.56,33.7,22.79,93.98,60.41
1998-08-27,3.61,30.88,23.2,96.75,69.68
1998-08-28,0.0,33.01,23.15,98.3,63.87
1998-08-29,0.0,33.1,24.66,95.84,65.96
1998-08-30,0.0,33.17,25.28,93.24,63.75
1998-08-31,0.0,33.23,24.71,93.11,59.97
1998-09-01,0.0,34.32,23.33,93.63,52.15
1998-09-02,12.94,34.43,23.74,97.42,61.84
1998-09-03,0.46,34.4,24.87,98.5,64.5
1998-09-04,0.0,32.86,25.86,96.53,70.0
1998-09-05,0.0,34.1,25.31,95.34,61.41
1998-09-06,0.81,35.53,24.87,95.4,57.17
1998-09-07,18.19,33.54,24.7,97.12,58.85
1998-09-08,8.94,30.25,22.92,97.75,71.01
1998-09-09,6.54,31.21,23.38,97.05,65.78
1998-09-10,21.49,30.62,24.12,97.1,76.73
1998-09-11,17.31,29.68,23.08,98.66,75.88
1998-09-12,5.61,30.53,23.33,96.93,74.62
1998-09-13,0.0,33.3,23.33,95.95,61.64
1998-09-14,0.0,35.68,25.63,95.51,65.34
1998-09-15,29.07,33.97,22.1,97.76,62.69
1998-09-16,5.06,28.63,21.93,99.22,85.44
1998-09-17,0.0,33.42,23.4,98.93,61.69
1998-09-18,20.8,33.88,24.14,98.87,64.31
1998-09-19,0.14,33.86,23.49,98.06,60.3
1998-09-20,0.1,35.62,23.75,97.03,57.05
1998-09-21,0.0,33.3,24.16,94.79,60.01
1998-09-22,0.01,34.45,24.52,96.11,58.82
1998-09-23,0.0,34.18,24.32,97.23,60.79
1998-09-24,0.0,36.37,25.07,96.37,42.63
1998-09-25,0.02,32.9,24.9,98.32,66.99
1998-09-26,0.0,32.49,23.8,96.91,62.99
1998-09-27,0.0,34.81,23.43,98.46,60.11
1998-09-28,0.02,36.4,25.77,98.19,51.13
1998-09-29,11.69,35.61,22.88,96.82,49.3
1998-09-30,0.0,34.46,21.93,97.66,56.89
1998-10-01,0.0,35.34,25.08,97.39,59.79
1998-10-02,0.0,33.53,24.5,95.92,64.67
1998-10-03,0.01,34.58,24.59,98.28,55.67
1998-10-04,0.0,35.39,23.45,98.07,56.51
1998-10-05,0.0,35.32,24.21,98.55,50.43
1998-10-06,0.0,35.7,24.75,97.75,52.75
1998-10-07,0.0,35.34,24.69,97.48,53.81
1998-10-08,0.0,39.58,24.83,97.36,24.57
1998-10-09,0.0,37.3,23.25,94.44,36.75
1998-10-10,0.0,34.76,21.56,95.98,47.67
1998-10-11,0.0,34.05,20.87,96.78,54.05
1998-10-12,0.0,35.1,22.21,94.52,43.2
1998-10-13,0.0,36.77,23.66,97.11,39.18
1998-10-14,0.0,39.48,23.41,98.28,18.59
1998-10-15,0.0,39.71,21.76,90.99,20.21
1998-10-16,0.0,39.45,22.32,96.96,21.51
1998-10-17,0.0,38.17,19.81,89.61,28.48
1998-10-18,0.0,38.48,23.3,97.1,25.63
1998-10-19,0.0,38.56,23.11,99.48,34.52
1998-10-20,0.0,37.88,24.74,95.71,46.09
1998-10-21,0.0,39.02,25.25,96.82,27.74
1998-10-22,0.01,39.56,23.5,94.79,32.62
1998-10-23,0.0,38.3,24.59,97.69,34.95
1998-10-24,0.0,39.17,22.36,85.88,19.65
1998-10-25,0.0,39.37,19.51,76.26,16.94
1998-10-26,6.34,39.6,20.35,85.89,28.5
1998-10-27,0.0,38.93,23.8,90.83,32.61
1998-10-28,0.0,39.9,23.07,95.2,19.96
1998-10-29,0.0,40.51,20.61,75.66,14.85
1998-10-30,0.0,38.42,19.19,74.84,34.32
1998-10-31,0.32,35.19,21.77,84.06,45.64
1998-11-01,0.0,37.82,22.31,92.0,27.73
1998-11-02,0.0,39.65,22.69,90.52,20.49
1998-11-03,0.0,39.82,20.85,82.98,14.38
1998-11-04,0.0,39.57,15.89,89.02,15.12
1998-11-05,0.0,39.2,17.8,94.12,23.38
1998-11-06,0.0,38.59,20.47,96.96,28.47
1998-11-07,0.0,36.38,22.25,95.98,36.06
1998-11-08,0.0,37.87,21.04,95.02,26.72
1998-11-09,0.0,40.79,19.23,96.75,23.9
1998-11-10,0.0,39.28,19.6,85.73,19.59
1998-11-11,0.0,39.3,15.5,72.17,18.16
1998-11-12,0.0,39.52,17.26,82.31,21.15
1998-11-13,0.0,38.96,17.55,86.13,23.15
1998-11-14,0.0,37.55,16.12,66.41,23.81
1998-11-15,0.0,35.13,15.85,80.31,20.96
1998-11-16,0.0,37.99,19.14,71.13,23.83
1998-11-17,0.0,39.58,19.87,76.9,20.57
1998-11-18,0.0,39.65,20.76,67.45,18.88
1998-11-19,0.0,38.72,20.91,57.83,20.69
1998-11-20,0.0,39.31,16.71,73.46,17.95
1998-11-21,0.0,38.34,18.88,67.02,20.44
1998-11-22,0.0,37.63,21.91,50.49,21.05
1998-11-23,0.0,38.0,17.82,61.25,20.79
1998-11-24,0.0,37.96,19.16,51.0,22.35
1998-11-25,0.0,35.75,21.27,48.98,23.31
1998-11-26,0.0,36.79,19.79,53.54,20.88
1998-11-27,0.0,36.74,20.23,56.71,17.52
1998-11-28,0.0,36.51,17.18,55.41,17.53
1998-11-29,0.0,35.64,19.99,54.34,18.17
1998-11-30,0.0,35.48,20.47,43.69,20.45
1998-12-01,0.0,35.97,17.88,73.3,17.69
1998-12-02,0.0,36.26,17.86,71.98,20.84
1998-12-03,0.0,36.51,18.87,71.63,23.5
1998-12-04,0.0,36.18,18.34,74.2,24.8
1998-12-05,0.0,37.09,17.71,81.25,23.02
1998-12-06,0.0,36.95,18.85,84.39,25.8
1998-12-07,0.0,35.64,20.97,68.23,28.7
1998-12-08,0.0,34.35,21.87,48.15,23.93
1998-12-09,0.0,32.7,19.75,54.71,29.71
1998-12-10,0.0,31.78,18.41,43.55,24.05
1998-12-11,0.0,29.05,17.29,42.71,22.02
1998-12-12,0.0,32.62,16.2,52.23,16.51
1998-12-13,0.0,33.97,17.55,57.11,17.07
1998-12-14,0.0,35.41,19.16,74.21,21.96
1998-12-15,0.0,36.31,19.8,79.96,19.76
1998-12-16,0.0,36.23,19.2,65.74,21.35
1998-12-17,0.0,34.31,19.44,76.45,25.25
1998-12-18,0.0,37.17,18.07,76.8,20.77
1998-12-19,0.0,38.05,17.09,73.2,19.94
1998-12-20,0.0,33.23,17.73,68.45,22.68
1998-12-21,0.0,31.85,21.71,48.66,16.92
1998-12-22,0.0,34.56,19.93,54.38,17.75
1998-12-23,0.0,33.95,15.62,65.13,16.44
1998-12-24,0.0,35.23,16.81,78.67,14.35
1998-12-25,0.0,33.56,16.4,93.94,21.63
1998-12-26,0.0,33.93,17.43,96.13,22.2
1998-12-27,0.0,34.46,16.35,90.99,12.44
1998-12-28,0.0,25.7,21.12,57.26,19.89
1998-12-29,0.0,29.19,14.14,79.52,30.8
1998-12-30,0.0,30.47,16.05,68.65,23.52
1998-12-31,0.0,29.71,13.84,52.29,15.9
1999-01-01,0.0,29.42,14.29,57.2,23.98
1999-01-02,0.0,30.84,13.47,47.94,13.31
1999-01-03,0.0,32.37,14.39,61.89,18.74
1999-01-04,0.0,34.58,15.77,51.19,15.92
1999-01-05,0.0,30.81,18.01,50.36,19.02
1999-01-06,0.0,27.96,18.54,89.12,29.72
1999-01-07,0.0,28.26,15.54,95.63,42.58
1999-01-08,0.0,29.34,14.91,95.38,45.19
1999-01-09,0.0,30.03,16.32,97.08,42.51
1999-01-10,0.0,29.26,14.8,97.99,32.01
1999-01-11,0.0,30.81,16.68,88.86,22.58
1999-01-12,0.0,28.01,16.01,81.14,31.42
1999-01-13,0.0,26.83,12.94,97.04,36.4
1999-01-14,0.0,27.29,11.91,96.15,31.5
1999-01-15,0.0,29.6,12.03,78.45,20.48
1999-01-16,0.0,32.64,15.08,61.45,20.48
1999-01-17,0.0,33.85,17.65,51.63,16.94
1999-01-18,0.0,33.17,17.02,47.6,17.56
1999-01-19,0.0,32.12,15.64,51.36,17.56
1999-01-20,0.0,32.55,13.76,73.0,22.3
1999-01-21,0.0,31.22,15.49,62.31,14.39
1999-01-22,0.0,31.48,13.37,48.63,14.3
1999-01-23,0.0,31.91,13.18,49.86,15.01
1999-01-24,0.0,32.46,13.43,47.82,16.53
1999-01-25,0.0,34.2,14.82,45.56,15.91
1999-01-26,0.0,32.9,16.87,38.79,17.13
1999-01-27,0.0,31.95,17.66,35.86,16.17
1999-01-28,0.0,30.91,17.91,34.22,12.41
1999-01-29,0.0,33.89,13.6,47.28,9.77
1999-01-30,0.0,35.0,14.12,47.94,11.12
1999-01-31,0.0,35.04,15.04,43.33,11.16
1999-02-01,0.0,35.76,15.18,44.08,11.46
1999-02-02,0.0,34.96,13.58,61.48,11.87
1999-02-03,0.0,35.73,16.35,65.34,11.18
1999-02-04,0.0,33.3,15.96,59.93,12.08
1999-02-05,0.0,31.53,18.52,23.7,11.55
1999-02-06,0.0,31.51,17.43,22.54,12.88
1999-02-07,0.0,31.1,14.58,28.8,14.65
1999-02-08,0.0,33.3,13.39,56.96,15.47
1999-02-09,0.0,35.57,14.45,70.71,15.86
1999-02-10,0.0,36.59,14.48,58.56,12.92
1999-02-11,0.0,36.59,15.38,67.64,13.96
1999-02-12,0.0,36.63,15.86,67.11,12.97
1999-02-13,0.0,34.11,16.1,63.43,14.96
1999-02-14,0.0,32.73,14.19,78.35,16.18
1999-02-15,0.0,31.69,13.93,77.51,16.89
1999-02-16,0.0,31.15,14.84,78.3,19.95
1999-02-17,0.0,32.46,12.55,87.15,18.24
1999-02-18,0.0,33.14,15.0,53.09,17.7
1999-02-19,0.0,32.23,18.24,33.13,15.24
1999-02-20,0.0,31.91,16.71,28.8,13.97
1999-02-21,0.0,32.38,17.07,30.61,15.87
1999-02-22,0.0,33.56,17.13,35.84,15.24
1999-02-23,0.0,35.83,17.27,41.5,14.55
1999-02-24,0.0,37.71,18.68,41.95,14.18
1999-02-25,0.0,37.95,18.07,42.62,13.35
1999-02-26,0.0,37.18,18.8,53.85,14.78
1999-02-27,0.0,36.35,17.83,60.26,10.28
1999-02-28,0.0,35.25,19.53,54.98,11.8
1999-03-01,0.0,35.14,18.56,49.84,15.24
1999-03-02,0.0,33.76,18.01,57.81,18.15
1999-03-03,0.0,35.73,14.78,77.94,12.62
1999-03-04,0.0,36.14,18.19,42.05,15.42
1999-03-05,0.0,36.93,18.59,44.59,17.06
1999-03-06,0.0,35.54,19.28,45.55,19.09
1999-03-07,0.0,37.87,20.32,51.2,15.31
1999-03-08,0.0,37.2,18.55,58.26,13.76
1999-03-09,0.0,35.83,16.47,65.95,21.69
1999-03-10,0.0,33.41,16.03,82.35,29.27
1999-03-11,0.0,33.12,15.69,83.33,26.29
1999-03-12,0.0,33.95,15.28,82.88,23.7
1999-03-13,0.0,33.34,14.78,88.53,26.12
1999-03-14,0.0,33.39,15.8,92.51,24.59
1999-03-15,0.0,35.77,16.22,83.09,17.39
1999-03-16,0.0,37.0,17.46,55.98,16.72
1999-03-17,0.0,38.67,18.67,55.73,18.3
1999-03-18,0.0,38.97,17.71,69.72,16.59
1999-03-19,0.0,36.58,17.43,75.51,22.16
1999-03-20,0.0,37.59,17.68,82.0,23.19
1999-03-21,0.0,38.63,17.61,86.45,24.02
1999-03-22,0.0,37.28,17.27,82.84,26.05
1999-03-23,0.0,34.76,16.61,92.2,30.24
1999-03-24,0.0,34.4,16.98,91.44,31.49
1999-03-25,0.0,33.8,17.11,85.22,32.41
1999-03-26,0.0,32.98,16.52,81.51,26.8
1999-03-27,0.0,36.87,19.02,70.31,15.3
1999-03-28,0.0,37.49,17.59,63.41,17.43
1999-03-29,0.0,38.49,18.32,69.66,13.33
1999-03-30,0.0,38.68,19.05,74.42,14.86
1999-03-31,0.0,36.77,17.46,85.6,20.34
1999-04-01,0.0,36.4,17.64,82.75,21.96
1999-04-02,0.0,38.88,17.32,81.04,17.79
1999-04-03,0.0,41.15,18.7,66.12,13.87
1999-04-04,0.0,40.6,19.69,72.11,17.36
1999-04-05,0.0,39.92,16.77,89.48,17.62
1999-04-06,0.0,38.78,16.24,91.94,22.05
1999-04-07,0.0,41.36,18.8,71.65,8.63
1999-04-08,0.0,40.54,18.55,70.92,9.85
1999-04-09,0.0,38.13,17.89,85.86,15.62
1999-04-10,0.0,36.8,18.31,93.62,22.85
1999-04-11,0.0,40.83,19.96,74.87,20.91
1999-04-12,0.0,39.25,20.82,80.95,20.58
1999-04-13,0.0,36.81,19.64,91.2,26.14
1999-04-14,0.0,32.47,16.84,95.76,35.29
1999-04-15,0.0,31.53,16.09,95.59,34.12
1999-04-16,0.0,33.05,15.98,94.27,28.18
1999-04-17,0.0,36.19,17.13,95.45,25.61
1999-04-18,0.0,40.7,18.98,82.33,17.17
1999-04-19,0.0,40.75,19.49,70.8,14.85
1999-04-20,0.0,39.12,20.04,73.46,17.22
1999-04-21,0.0,37.77,18.03,84.62,23.46
1999-04-22,0.0,40.47,19.28,86.19,20.49
1999-04-23,0.0,41.34,20.42,80.15,21.6
1999-04-24,0.0,40.46,18.91,93.72,26.55
1999-04-25,0.0,34.96,19.11,91.29,34.13
1999-04-26,0.0,33.24,20.28,88.86,39.14
1999-04-27,0.0,33.57,19.58,91.62,36.65
1999-04-28,0.0,32.19,17.92,92.41,38.8
1999-04-29,0.0,33.54,17.57,95.36,30.45
1999-04-30,0.0,34.61,17.85,92.11,26.02
1999-05-01,0.0,35.87,18.26,78.04,27.02
1999-05-02,0.0,39.14,19.37,68.04,17.03
1999-05-03,0.0,42.48,19.68,62.39,11.58
1999-05-04,0.0,41.97,22.18,51.71,14.87
1999-05-05,0.0,38.65,19.03,83.55,22.55
1999-05-06,0.0,38.15,17.65,93.85,21.51
1999-05-07,0.0,40.24,18.49,90.68,18.94
1999-05-08,0.0,35.98,18.42,94.03,31.4
1999-05-09,0.0,35.7,17.72,98.0,31.3
1999-05-10,0.0,35.76,18.6,98.91,32.98
1999-05-11,0.0,37.13,18.55,98.32,29.7
1999-05-12,0.0,37.25,18.18,97.99,36.51
1999-05-13,0.0,34.69,19.26,97.79,36.94
1999-05-14,0.0,34.28,20.81,95.91,41.52
1999-05-15,0.0,34.58,20.32,96.06,40.38
1999-05-16,0.0,33.91,20.72,91.64,41.98
1999-05-17,0.0,35.86,19.67,95.23,36.06
1999-05-18,0.0,36.08,20.88,91.38,32.98
1999-05-19,0.0,36.33,22.41,88.6,34.84
1999-05-20,0.0,39.53,21.59,94.04,27.6
1999-05-21,0.0,36.01,23.34,93.12,44.13
1999-05-22,0.0,39.2,22.52,98.44,31.45
1999-05-23,0.0,40.37,22.33,95.95,29.03
1999-05-24,0.0,39.54,20.93,91.84,27.53
1999-05-25,0.0,35.22,18.62,98.75,36.73
1999-05-26,0.0,34.97,19.03,96.95,36.2
1999-05-27,0.0,36.17,20.28,97.64,28.05
1999-05-28,0.0,38.95,20.5,97.3,35.06
1999-05-29,0.0,36.32,20.57,99.02,43.32
1999-05-30,0.0,38.09,21.58,95.62,34.7
1999-05-31,0.0,37.27,21.88,95.14,35.83
1999-06-01,0.0,37.44,21.93,95.95,36.18
1999-06-02,0.0,37.89,22.75,93.05,35.83
1999-06-03,0.0,37.17,22.52,93.49,38.64
1999-06-04,0.0,35.29,21.31,95.61,44.97
1999-06-05,0.0,35.01,22.5,93.05,46.15
1999-06-06,0.0,34.24,23.61,90.26,43.79
1999-06-07,0.01,38.33,23.32,97.83,34.94
1999-06-08,0.0,36.96,22.59,97.06,40.82
1999-06-09,0.0,39.3,24.05,91.85,36.47
1999-06-10,0.0,35.98,23.47,98.94,42.27
1999-06-11,0.0,37.85,22.54,94.74,37.52
1999-06-12,0.0,36.87,23.49,97.03,41.9
1999-06-13,0.0,37.56,23.7,93.33,40.32
1999-06-14,2.73,38.06,24.5,93.23,37.02
1999-06-15,0.0,38.02,24.43,91.74,33.21
1999-06-16,0.0,39.22,24.58,91.45,38.23
1999-06-17,0.0,36.05,25.14,89.17,43.8
1999-06-18,0.11,34.43,23.66,92.88,48.68
1999-06-19,0.0,36.18,24.13,95.33,39.53
1999-06-20,0.01,39.25,23.16,97.24,40.21
1999-06-21,0.59,36.42,23.53,93.7,49.89
1999-06-22,0.0,36.95,23.52,95.23,46.16
1999-06-23,0.0,34.92,22.23,89.97,47.32
1999-06-24,0.0,35.45,22.92,87.9,50.23
1999-06-25,0.0,35.24,24.07,87.87,44.65
1999-06-26,0.0,36.33,23.17,94.48,43.4
1999-06-27,0.11,35.53,23.96,90.73,49.52
1999-06-28,0.0,35.58,24.04,90.32,43.19
1999-06-29,0.01,33.45,23.29,87.46,47.03
1999-06-30,0.0,35.58,23.61,84.44,47.37
1999-07-01,0.19,35.2,24.33,92.16,45.32
1999-07-02,0.37,36.04,24.51,91.34,44.98
1999-07-03,0.0,32.81,22.3,94.75,56.18
1999-07-04,0.02,36.16,23.94,92.57,51.28
1999-07-05,0.95,34.89,23.89,93.07,46.07
1999-07-06,21.75,35.84,25.66,93.91,49.79
1999-07-07,2.07,30.68,20.91,97.67,70.67
1999-07-08,0.0,33.39,24.21,96.94,58.18
1999-07-09,0.0,32.06,23.79,94.12,58.74
1999-07-10,0.0,34.8,22.98,91.33,50.7
1999-07-11,8.13,35.68,24.92,96.65,55.49
1999-07-12,5.88,32.39,22.09,99.17,63.43
1999-07-13,0.34,33.17,23.76,98.26,60.87
1999-07-14,1.42,34.16,24.27,96.13,60.16
1999-07-15,1.54,34.33,23.94,97.05,55.76
1999-07-16,2.18,32.88,23.74,96.34,59.98
1999-07-17,0.0,33.71,24.44,95.33,50.62
1999-07-18,0.0,30.37,24.33,88.02,60.08
1999-07-19,0.01,33.13,23.8,90.87,52.1
1999-07-20,6.28,34.94,24.98,93.91,49.05
1999-07-21,0.0,33.68,23.73,92.8,54.55
1999-07-22,0.2,33.39,24.37,89.28,50.05
1999-07-23,3.47,33.23,23.93,94.18,54.6
1999-07-24,1.27,33.06,22.39,95.93,57.59
1999-07-25,0.0,33.05,24.22,93.45,55.59
1999-07-26,0.0,33.05,23.19,90.93,54.6
1999-07-27,0.0,35.03,23.22,93.95,48.14
1999-07-28,0.18,35.57,24.24,91.39,48.17
1999-07-29,19.57,29.12,21.36,98.17,79.33
1999-07-30,0.03,32.36,23.94,97.09,48.1
1999-07-31,0.0,32.78,22.07,96.32,50.29
1999-08-01,0.75,33.17,23.68,95.69,56.14
1999-08-02,1.05,34.87,23.78,96.65,51.17
1999-08-03,2.06,34.2,24.94,97.53,55.93
1999-08-04,3.47,35.01,24.55,95.13,54.21
1999-08-05,6.37,34.4,23.93,95.92,57.69
1999-08-06,1.31,32.59,23.03,96.82,61.81
1999-08-07,0.81,32.37,24.07,96.62,64.26
1999-08-08,0.31,31.93,25.0,94.88,58.6
1999-08-09,1.77,33.09,24.61,91.22,61.45
1999-08-10,25.98,29.58,23.73,99.05,75.9
1999-08-11,0.2,30.9,22.08,98.03,68.59
1999-08-12,4.6,30.26,23.57,98.5,67.72
1999-08-13,8.64,33.88,24.3,96.67,62.67
1999-08-14,28.51,33.75,24.56,97.24,62.22
1999-08-15,10.78,32.71,22.37,98.05,63.71
1999-08-16,32.99,28.7,22.88,98.83,82.48
1999-08-17,7.71,32.41,22.98,97.52,64.94
1999-08-18,2.24,31.52,23.13,95.03,68.19
1999-08-19,0.11,29.92,22.89,96.58,70.74
1999-08-20,3.76,31.83,23.16,95.88,64.73
1999-08-21,4.7,30.33,22.35,95.64,72.5
1999-08-22,0.0,32.64,22.62,97.92,65.04
1999-08-23,0.02,32.87,23.46,94.51,60.01
1999-08-24,0.2,31.78,24.41,96.08,69.58
1999-08-25,0.0,31.47,24.24,97.13,64.22
1999-08-26,0.14,32.04,23.39,98.31,62.07
1999-08-27,6.6,33.77,23.06,98.27,57.07
1999-08-28,32.23,34.31,23.38,96.94,55.11
1999-08-29,2.94,30.1,20.83,99.18,75.91
1999-08-30,7.16,31.56,23.08,98.44,68.52
1999-08-31,0.15,32.21,23.95,97.28,61.81
1999-09-01,7.01,28.19,21.32,98.48,75.53
1999-09-02,33.63,33.47,22.31,98.64,60.06
1999-09-03,3.43,32.06,21.9,98.7,65.69
1999-09-04,13.94,33.88,23.74,98.29,59.58
1999-09-05,5.78,32.16,20.95,96.75,64.73
1999-09-06,0.04,33.15,23.45,96.83,61.86
1999-09-07,4.49,32.29,23.51,97.69,67.47
1999-09-08,0.0,32.31,22.87,95.87,63.78
1999-09-09,4.19,33.04,23.9,96.84,60.09
1999-09-10,0.34,32.45,22.65,92.37,59.5
1999-09-11,3.17,33.78,23.98,94.63,59.88
1999-09-12,0.0,33.39,21.52,94.98,55.19
1999-09-13,0.0,33.07,23.86,94.96,56.89
1999-09-14,0.04,33.35,23.67,92.37,53.14
1999-09-15,4.52,33.36,23.73,95.12,56.96
1999-09-16,24.63,33.9,22.89,98.28,58.92
1999-09-17,26.35,26.09,21.72,98.81,91.21
1999-09-18,0.02,32.26,22.12,98.77,67.08
1999-09-19,0.07,33.84,24.11,97.74,59.53
1999-09-20,0.0,33.74,24.22,97.53,59.33
1999-09-21,1.95,32.64,23.35,95.34,62.05
1999-09-22,0.0,34.74,21.43,96.46,50.9
1999-09-23,0.0,35.7,25.05,92.35,45.25
1999-09-24,0.0,33.24,24.56,96.49,59.41
1999-09-25,0.0,34.84,24.27,96.12,56.93
1999-09-26,0.0,33.83,24.33,95.31,54.98
1999-09-27,0.0,32.62,24.22,93.6,61.4
1999-09-28,0.0,33.43,23.61,94.87,54.97
1999-09-29,0.01,34.55,23.44,98.5,54.01
1999-09-30,0.11,33.77,23.62,96.41,51.89
1999-10-01,0.0,36.03,23.38,98.13,53.95
1999-10-02,1.67,35.25,25.13,96.48,55.01
1999-10-03,5.56,36.38,22.07,97.08,45.5
1999-10-04,15.93,34.89,23.36,98.12,53.89
1999-10-05,5.34,31.04,22.0,99.15,68.51
1999-10-06,0.0,32.57,22.43,98.24,63.35
1999-10-07,0.02,33.93,23.73,96.71,48.39
1999-10-08,1.11,35.08,23.71,94.09,53.18
1999-10-09,9.49,31.24,22.66,97.92,75.77
1999-10-10,1.23,31.62,22.17,98.73,69.55
1999-10-11,0.12,33.78,22.13,98.55,60.47
1999-10-12,0.0,33.32,22.84,98.26,61.22
1999-10-13,0.0,36.44,24.31,96.85,47.97
1999-10-14,0.0,35.53,24.33,97.01,55.04
1999-10-15,0.0,34.26,23.75,97.82,57.94
1999-10-16,4.34,35.27,23.47,97.14,52.92
1999-10-17,4.35,32.09,20.93,98.16,61.81
1999-10-18,0.18,31.59,21.83,97.76,69.62
1999-10-19,5.39,32.51,22.42,98.36,62.47
1999-10-20,0.0,33.85,21.84,98.41,47.95
1999-10-21,0.0,36.55,21.14,98.28,38.4
1999-10-22,0.0,37.49,21.18,96.07,31.6
1999-10-23,0.0,38.3,21.13,94.24,31.81
1999-10-24,0.0,38.31,21.25,94.4,30.3
1999-10-25,0.0,36.12,22.35,97.92,42.73
1999-10-26,0.0,33.82,20.85,98.02,45.81
1999-10-27,0.0,33.27,19.95,96.45,45.4
1999-10-28,0.0,33.48,19.39,83.06,39.66
1999-10-29,0.0,34.23,21.61,78.2,38.56
1999-10-30,0.0,38.18,22.13,90.27,22.45
1999-10-31,0.0,37.81,18.55,89.33,26.9
1999-11-01,0.0,37.13,20.63,97.33,31.56
1999-11-02,0.0,38.64,20.28,93.15,19.38
1999-11-03,0.0,38.6,17.22,86.9,20.82
1999-11-04,0.0,36.57,18.61,97.3,32.84
1999-11-05,0.0,34.58,20.65,99.78,39.94
1999-11-06,0.0,37.16,19.48,99.3,32.32
1999-11-07,0.0,37.27,21.61,98.79,32.81
1999-11-08,0.0,37.33,21.22,82.06,17.6
1999-11-09,0.0,36.75,20.25,64.12,15.03
1999-11-10,0.0,37.2,13.9,82.77,17.8
1999-11-11,0.0,36.64,15.75,93.16,23.57
1999-11-12,0.0,36.41,18.05,98.74,26.69
1999-11-13,0.0,37.36,18.83,96.42,23.1
1999-11-14,0.0,36.3,19.55,75.0,26.83
1999-11-15,0.0,34.15,21.53,74.19,32.3
1999-11-16,0.0,34.23,18.77,89.19,29.85
1999-11-17,0.0,33.72,18.22,87.96,29.3
1999-11-18,0.0,34.82,17.91,85.86,29.24
1999-11-19,0.0,33.22,19.48,71.92,30.55
1999-11-20,0.0,35.35,18.17,78.43,31.33
1999-11-21,0.0,34.59,18.76,77.31,35.98
1999-11-22,0.0,35.99,21.29,75.1,34.69
1999-11-23,0.0,37.23,21.05,87.33,32.37
1999-11-24,0.0,38.29,20.38,86.2,30.26
1999-11-25,0.0,38.06,20.15,92.3,29.95
1999-11-26,0.0,36.78,19.79,97.14,35.84
1999-11-27,0.0,36.37,18.41,98.58,27.66
1999-11-28,0.0,36.89,16.83,98.86,24.88
1999-11-29,0.0,37.44,18.27,96.1,18.85
1999-11-30,0.0,36.83,17.25,83.2,23.52
1999-12-01,0.0,35.47,16.82,94.75,27.86
1999-12-02,0.0,34.05,18.22,91.03,31.94
1999-12-03,0.0,37.49,17.53,87.5,22.6
1999-12-04,0.0,37.65,16.31,78.18,16.83
1999-12-05,0.0,37.65,16.17,67.71,17.79
1999-12-06,0.0,37.38,16.31,66.41,19.14
1999-12-07,0.0,37.94,16.8,71.82,19.32
1999-12-08,0.0,37.99,15.4,82.65,19.7
1999-12-09,0.0,37.2,15.48,65.69,19.58
1999-12-10,0.0,36.19,17.35,54.29,20.86
1999-12-11,0.0,37.4,16.08,67.89,15.5
1999-12-12,0.0,37.0,14.82,79.75,21.63
1999-12-13,0.0,36.45,16.7,49.89,13.12
1999-12-14,0.0,35.37,15.85,47.42,13.8
1999-12-15,0.0,35.45,14.31,55.12,13.87
1999-12-16,0.0,35.16,13.75,62.52,15.97
1999-12-17,0.0,35.72,13.99,70.55,16.59
1999-12-18,0.0,33.42,16.59,47.88,17.8
1999-12-19,0.0,29.12,17.24,42.24,18.35
1999-12-20,0.0,29.65,12.53,33.17,17.1
1999-12-21,0.0,30.99,12.33,33.63,16.17
1999-12-22,0.0,32.41,14.99,37.2,14.27
1999-12-23,0.0,31.23,13.7,45.51,15.78
1999-12-24,0.0,31.6,15.92,50.56,17.9
1999-12-25,0.0,26.99,16.12,64.73,24.27
1999-12-26,0.0,28.66,15.17,82.33,31.59
1999-12-27,0.0,33.35,18.27,54.56,15.4
1999-12-28,0.0,33.97,18.62,56.19,13.37
1999-12-29,0.0,33.99,15.9,63.57,13.43
1999-12-30,0.0,32.61,16.01,79.55,15.57
1999-12-31,0.0,30.09,15.63,96.86,41.51
2000-01-01,0.0,30.87,15.1,98.65,35.88
2000-01-02,0.0,32.07,14.71,95.87,20.48
2000-01-03,0.0,33.65,15.37,63.77,26.33
2000-01-04,0.0,31.98,18.78,53.2,35.61
2000-01-05,0.0,31.63,19.21,58.98,33.13
2000-01-06,0.0,31.72,18.83,50.95,21.96
2000-01-07,0.0,32.78,16.38,55.67,20.37
2000-01-08,0.0,31.1,15.22,68.38,26.23
2000-01-09,0.0,31.98,14.02,81.63,18.09
2000-01-10,0.0,33.68,13.69,75.49,23.79
2000-01-11,0.0,34.17,16.9,76.26,28.31
2000-01-12,0.0,33.28,17.06,51.29,24.59
2000-01-13,0.0,33.11,16.23,50.87,15.46
2000-01-14,0.0,31.72,14.7,49.43,13.87
2000-01-15,0.0,31.88,16.35,56.39,15.37
2000-01-16,0.0,34.42,16.3,49.02,15.26
2000-01-17,0.0,35.15,16.44,44.25,12.59
2000-01-18,0.0,36.03,16.66,51.84,13.52
2000-01-19,0.0,35.6,15.8,63.15,12.69
2000-01-20,0.0,36.57,14.84,57.77,13.28
2000-01-21,0.0,35.68,14.38,60.02,12.89
2000-01-22,0.0,35.5,14.28,69.88,16.17
2000-01-23,0.0,37.03,16.79,55.01,16.97
2000-01-24,0.0,33.47,17.81,57.62,19.94
2000-01-25,0.0,32.4,17.01,73.3,25.3
2000-01-26,0.0,31.46,16.13,88.42,29.67
2000-01-27,0.0,35.57,16.41,73.6,24.47
2000-01-28,0.0,33.67,20.58,60.61,28.71
2000-01-29,0.0,36.96,23.07,48.66,22.25
2000-01-30,0.0,39.42,19.23,67.26,17.1
2000-01-31,0.0,39.47,23.15,35.28,15.8
2000-02-01,0.0,35.25,20.41,34.68,14.02
2000-02-02,0.0,35.04,18.68,32.42,17.18
2000-02-03,0.0,34.61,18.74,34.53,18.81
2000-02-04,0.0,34.75,17.3,34.31,12.51
2000-02-05,0.0,35.4,16.62,30.82,12.62
2000-02-06,0.0,33.47,16.88,29.76,15.76
2000-02-07,0.0,34.19,16.97,36.66,15.69
2000-02-08,0.0,33.65,18.95,31.11,16.18
2000-02-09,0.0,33.89,20.46,28.98,17.89
2000-02-10,0.0,34.57,16.46,33.49,17.83
2000-02-11,0.0,35.3,17.88,44.54,18.9
2000-02-12,0.0,35.73,15.61,58.01,15.1
2000-02-13,0.0,37.54,20.04,37.73,13.6
2000-02-14,0.0,36.79,20.59,32.25,16.22
2000-02-15,0.0,35.26,21.93,22.82,9.34
2000-02-16,0.0,37.21,21.08,24.26,12.44
2000-02-17,0.0,37.12,20.71,24.85,13.28
2000-02-18,0.0,36.73,16.53,34.16,14.68
2000-02-19,0.0,36.93,18.37,35.07,15.59
2000-02-20,0.0,36.92,15.81,55.0,16.24
2000-02-21,0.0,36.11,15.24,90.52,18.35
2000-02-22,0.0,33.03,16.42,94.73,31.67
2000-02-23,0.0,29.97,16.94,93.29,36.77
2000-02-24,0.0,29.38,16.11,89.58,36.56
2000-02-25,0.0,33.59,17.06,80.52,26.85
2000-02-26,0.0,34.43,17.54,75.61,28.56
2000-02-27,0.0,37.52,16.99,82.18,24.44
2000-02-28,0.0,35.67,17.1,79.36,24.52
2000-02-29,0.0,36.34,15.93,86.53,20.86
2000-03-01,0.0,35.41,15.09,89.27,24.0
2000-03-02,0.0,34.56,15.91,95.47,19.49
2000-03-03,0.0,35.57,16.42,95.92,27.17
2000-03-04,0.0,36.38,18.22,78.54,22.97
2000-03-05,0.0,37.53,17.49,80.76,21.15
2000-03-06,0.0,38.79,17.74,82.37,22.92
2000-03-07,0.0,41.66,19.12,66.45,17.63
2000-03-08,0.0,41.66,18.91,64.13,10.05
2000-03-09,0.0,42.38,18.74,66.91,10.42
2000-03-10,0.0,41.44,21.65,35.76,15.32
2000-03-11,0.0,40.63,19.57,59.37,18.08
2000-03-12,0.0,40.0,16.86,76.44,18.77
2000-03-13,0.0,40.78,15.39,64.19,15.22
2000-03-14,0.0,40.4,19.9,37.83,10.5
2000-03-15,0.0,40.01,18.53,40.4,11.15
2000-03-16,0.0,39.9,16.77,53.56,12.07
2000-03-17,0.0,39.84,16.54,48.98,13.68
2000-03-18,0.0,40.01,18.62,41.96,9.17
2000-03-19,0.0,39.75,19.43,60.86,9.51
2000-03-20,0.0,37.46,17.1,90.62,20.45
2000-03-21,0.0,35.76,16.37,97.95,20.57
2000-03-22,0.0,37.14,16.36,98.47,20.33
2000-03-23,0.0,38.16,17.77,74.12,20.16
2000-03-24,0.0,37.58,18.07,80.95,25.21
2000-03-25,0.0,35.59,16.9,94.21,29.93
2000-03-26,0.0,37.24,17.19,82.42,19.68
2000-03-27,0.0,36.72,16.74,80.54,18.85
2000-03-28,0.0,36.26,16.98,88.99,26.39
2000-03-29,0.0,36.35,16.75,91.71,26.26
2000-03-30,0.0,37.48,16.42,96.13,21.84
2000-03-31,0.0,40.89,19.21,74.01,21.47
2000-04-01,0.0,38.55,20.25,75.66,25.17
2000-04-02,0.0,35.11,19.47,74.08,29.53
2000-04-03,0.0,33.33,17.77,81.87,30.45
2000-04-04,0.0,35.14,16.92,83.53,29.96
2000-04-05,0.0,38.71,18.38,71.71,23.35
2000-04-06,0.0,37.89,19.62,67.7,26.26
2000-04-07,0.0,35.96,17.25,84.44,27.09
2000-04-08,0.0,35.12,17.48,85.55,27.32
2000-04-09,0.0,35.23,17.86,84.64,32.07
2000-04-10,0.0,38.1,17.88,83.97,21.44
2000-04-11,0.0,41.34,18.04,78.48,17.7
2000-04-12,0.0,42.71,20.7,59.57,10.95
2000-04-13,0.0,42.42,19.45,61.26,14.99
2000-04-14,0.0,44.11,21.53,54.08,12.74
2000-04-15,0.0,44.5,22.68,59.33,13.36
2000-04-16,0.0,39.7,19.06,65.07,21.08
2000-04-17,0.0,40.63,19.69,74.14,20.47
2000-04-18,0.0,36.22,19.75,78.75,31.24
2000-04-19,0.0,39.61,19.13,81.78,24.98
2000-04-20,0.0,39.48,20.25,93.37,23.85
2000-04-21,0.0,43.68,19.91,85.9,12.44
2000-04-22,0.0,43.97,21.78,60.27,9.45
2000-04-23,0.0,43.13,22.92,57.98,13.06
2000-04-24,0.0,37.61,18.24,90.16,28.14
2000-04-25,0.0,36.31,17.92,94.37,31.27
2000-04-26,0.0,36.03,19.19,93.9,32.02
2000-04-27,0.0,39.58,19.85,88.66,25.99
2000-04-28,0.0,42.45,22.69,71.51,16.6
2000-04-29,0.0,39.35,18.71,67.92,21.49
2000-04-30,0.0,35.67,17.29,85.25,27.04
2000-05-01,0.0,35.55,17.13,95.45,22.74
2000-05-02,0.0,33.52,15.85,96.37,28.47
2000-05-03,0.0,32.65,16.51,97.04,29.91
2000-05-04,0.0,34.65,18.81,87.7,24.8
2000-05-05,0.0,35.89,18.47,82.91,27.14
2000-05-06,0.0,36.91,18.26,77.81,26.84
2000-05-07,0.0,37.84,18.33,82.48,25.09
2000-05-08,0.0,35.02,17.89,88.93,32.75
2000-05-09,0.0,36.45,17.78,95.01,28.24
2000-05-10,0.0,37.68,18.27,95.24,25.72
2000-05-11,0.0,34.95,18.51,94.89,32.42
2000-05-12,0.0,34.99,17.15,96.77,32.04
2000-05-13,0.0,36.17,17.16,98.42,30.12
2000-05-14,0.0,36.93,17.73,96.9,28.35
2000-05-15,0.0,36.86,17.34,97.8,32.39
2000-05-16,0.0,35.58,17.96,97.93,30.95
2000-05-17,0.0,36.6,17.44,97.8,28.65
2000-05-18,0.0,37.43,18.48,95.56,24.86
2000-05-19,0.0,36.98,19.13,91.93,31.01
2000-05-20,0.0,33.47,19.01,95.7,42.47
2000-05-21,0.0,31.32,18.38,91.77,37.8
2000-05-22,0.0,31.2,17.51,92.34,36.0
2000-05-23,0.0,34.98,17.49,84.98,23.68
2000-05-24,0.02,36.99,20.07,84.53,29.48
2000-05-25,0.0,39.89,21.2,79.73,24.05
2000-05-26,0.0,40.84,24.01,70.3,18.82
2000-05-27,0.0,36.81,19.98,92.16,29.4
2000-05-28,0.0,33.57,19.02,98.31,42.45
2000-05-29,0.0,36.43,18.69,98.41,33.32
2000-05-30,0.0,38.11,18.92,98.19,32.83
2000-05-31,0.0,38.22,19.4,98.36,31.44
2000-06-01,0.0,35.36,21.12,94.21,43.58
2000-06-02,0.0,37.3,21.44,95.88,37.89
2000-06-03,0.0,36.49,21.18,96.13,38.53
2000-06-04,0.0,36.25,20.0,93.94,35.47
2000-06-05,0.0,34.93,20.08,95.07,32.52
2000-06-06,0.0,36.18,19.83,94.31,25.12
2000-06-07,0.0,35.51,18.04,96.75,29.59
2000-06-08,0.0,33.28,19.44,96.31,36.75
2000-06-09,0.0,33.47,19.6,90.79,43.18
2000-06-10,0.0,36.59,19.77,93.24,38.56
2000-06-11,0.0,37.22,21.31,95.38,37.24
2000-06-12,0.0,33.85,21.33,96.45,42.45
2000-06-13,0.0,35.6,21.53,94.25,41.82
2000-06-14,0.0,34.38,22.27,93.75,47.03
2000-06-15,0.0,35.49,20.37,97.16,40.25
2000-06-16,0.0,33.84,21.36,92.42,46.52
2000-06-17,0.0,34.6,21.11,89.64,39.54
2000-06-18,0.0,35.83,20.96,93.03,42.99
2000-06-19,0.0,35.52,20.38,91.32,43.67
2000-06-20,0.0,35.2,21.52,92.37,42.02
2000-06-21,0.1,36.52,23.24,91.02,41.94
2000-06-22,0.0,36.92,23.31,92.82,39.68
2000-06-23,0.0,38.03,22.77,92.42,37.94
2000-06-24,0.04,36.13,24.19,92.11,44.18
2000-06-25,0.0,35.06,23.98,90.02,45.09
2000-06-26,0.51,37.33,22.73,92.8,37.23
2000-06-27,0.0,37.93,22.33,92.37,34.57
2000-06-28,0.0,36.62,23.27,88.9,37.78
2000-06-29,0.01,35.54,22.65,90.84,42.84
2000-06-30,0.0,37.4,23.78,90.14,41.89
2000-07-01,0.0,35.46,23.34,88.42,46.8
2000-07-02,0.0,35.83,22.3,86.49,44.59
2000-07-03,0.0,36.93,21.7,89.78,44.34
2000-07-04,0.02,35.66,22.76,87.18,45.77
2000-07-05,0.49,33.9,23.25,85.39,49.39
2000-07-06,9.52,37.25,20.7,94.23,42.85
2000-07-07,6.69,33.28,22.0,97.11,58.71
2000-07-08,6.93,30.77,20.3,97.72,65.92
2000-07-09,0.0,33.75,21.73,98.55,58.76
2000-07-10,0.0,32.45,23.01,90.85,59.28
2000-07-11,0.0,32.76,21.9,86.93,55.96
2000-07-12,0.71,33.29,21.38,88.0,52.74
2000-07-13,0.38,34.93,20.99,86.69,48.73
2000-07-14,0.1,36.34,21.99,94.45,49.11
2000-07-15,0.0,34.84,23.93,90.67,51.18
2000-07-16,0.03,33.75,23.27,87.18,54.68
2000-07-17,0.02,35.14,22.24,89.6,51.54
2000-07-18,0.06,33.93,23.14,95.42,57.7
2000-07-19,0.0,32.88,22.34,92.22,51.31
2000-07-20,0.01,33.34,21.92,89.79,50.48
2000-07-21,3.38,33.92,22.11,99.44,52.67
2000-07-22,1.2,30.84,21.66,97.11,71.73
2000-07-23,16.13,34.96,21.02,98.46,56.21
2000-07-24,0.66,34.27,21.69,99.43,62.25
2000-07-25,8.26,33.44,23.73,98.49,62.32
2000-07-26,4.5,32.92,21.75,99.05,63.71
2000-07-27,5.8,29.88,21.41,97.67,72.78
2000-07-28,0.03,32.21,22.05,97.84,63.31
2000-07-29,0.09,32.8,22.62,93.17,61.94
2000-07-30,0.21,33.59,21.83,94.49,61.1
2000-07-31,17.78,31.82,21.83,96.94,69.53
2000-08-01,53.58,25.76,20.62,99.39,85.05
2000-08-02,23.97,31.95,20.71,98.83,67.24
2000-08-03,2.51,34.04,20.88,99.12,64.68
2000-08-04,0.0,32.26,22.29,95.22,64.59
2000-08-05,0.0,33.19,21.69,95.94,61.02
2000-08-06,0.05,33.25,22.37,97.88,58.53
2000-08-07,0.59,33.44,22.22,94.75,60.46
2000-08-08,1.58,34.3,22.13,97.61,58.08
2000-08-09,0.0,33.84,21.85,95.76,60.19
2000-08-10,20.83,33.93,21.61,98.5,61.36
2000-08-11,0.16,32.11,20.86,98.94,68.72
2000-08-12,0.61,34.24,21.55,98.69,58.97
2000-08-13,0.18,33.4,23.88,98.98,63.73
2000-08-14,29.13,31.99,22.5,97.27,67.71
2000-08-15,0.01,32.63,20.43,97.51,63.57
2000-08-16,0.0,32.59,22.46,96.86,64.8
2000-08-17,0.26,32.99,22.64,96.2,63.05
2000-08-18,5.58,32.27,23.12,97.06,68.78
2000-08-19,1.21,33.29,22.96,97.37,63.87
2000-08-20,32.01,32.2,21.26,99.18,65.65
2000-08-21,11.52,30.34,21.19,98.83,72.8
2000-08-22,0.01,31.81,21.5,98.81,67.47
2000-08-23,0.0,32.99,21.77,99.58,67.47
2000-08-24,0.01,33.24,22.8,99.24,67.35
2000-08-25,8.09,34.23,22.81,99.74,60.92
2000-08-26,0.41,33.24,22.32,98.89,65.49
2000-08-27,1.18,31.63,22.91,98.61,68.37
2000-08-28,6.8,32.24,21.1,98.8,69.2
2000-08-29,0.1,34.61,23.17,98.04,64.0
2000-08-30,18.0,30.37,19.66,98.29,55.37
2000-08-31,0.0,34.62,22.74,94.09,61.05
2000-09-01,3.25,33.12,21.45,94.42,62.3
2000-09-02,1.64,34.8,23.28,94.47,59.0
2000-09-03,8.7,34.77,22.89,97.22,59.19
2000-09-04,4.78,33.44,20.63,95.13,60.8
2000-09-05,0.0,34.21,23.02,95.89,60.07
2000-09-06,0.01,34.43,23.32,94.68,59.19
2000-09-07,0.06,35.63,23.23,94.98,56.56
2000-09-08,6.05,33.92,22.59,99.2,65.04
2000-09-09,0.01,32.98,22.99,99.18,64.23
2000-09-10,3.54,34.45,22.93,95.51,55.3
2000-09-11,0.0,31.96,21.08,98.34,65.74
2000-09-12,0.0,34.17,22.57,97.27,58.87
2000-09-13,0.65,33.43,23.72,96.29,61.68
2000-09-14,38.8,33.97,23.17,99.46,61.67
2000-09-15,0.01,33.08,20.81,98.76,63.69
2000-09-16,0.01,33.98,22.4,98.42,61.57
2000-09-17,0.0,33.62,21.94,95.66,60.77
2000-09-18,0.0,34.46,22.59,97.56,57.13
2000-09-19,4.07,29.79,21.3,96.63,72.42
2000-09-20,0.0,34.2,22.1,97.67,58.41
2000-09-21,0.0,34.23,22.3,97.96,56.91
2000-09-22,15.1,34.15,22.9,99.07,60.43
2000-09-23,0.3,30.48,20.43,98.47,69.06
2000-09-24,0.0,33.82,22.31,97.27,57.89
2000-09-25,1.62,35.12,22.92,95.34,54.84
2000-09-26,1.93,34.11,22.58,96.36,59.67
2000-09-27,0.0,31.1,22.17,96.07,67.81
2000-09-28,0.0,34.21,21.96,96.73,56.44
2000-09-29,0.0,35.44,22.45,95.65,51.26
2000-09-30,1.58,36.83,22.25,95.79,49.75
2000-10-01,8.44,35.07,21.35,99.62,52.62
2000-10-02,4.26,32.62,21.23,96.64,60.14
2000-10-03,1.13,33.72,19.91,99.37,55.78
2000-10-04,0.0,33.97,20.51,98.56,54.12
2000-10-05,0.0,34.03,23.41,97.15,52.97
2000-10-06,0.2,35.35,21.79,97.68,47.91
2000-10-07,0.0,36.03,22.24,96.98,44.34
2000-10-08,0.0,36.26,21.07,98.07,37.69
2000-10-09,0.0,36.44,21.05,98.21,38.89
2000-10-10,0.0,36.43,21.91,95.75,45.57
2000-10-11,0.0,38.15,22.19,98.23,44.2
2000-10-12,0.0,36.59,23.12,99.61,54.03
2000-10-13,17.03,33.39,21.38,96.82,63.1
2000-10-14,9.73,27.9,20.52,96.22,79.79
2000-10-15,11.57,29.97,20.71,97.29,69.84
2000-10-16,3.4,27.56,21.14,99.46,79.13
2000-10-17,24.98,32.1,20.86,99.41,59.84
2000-10-18,0.21,28.73,19.45,99.6,66.66
2000-10-19,0.0,32.69,20.22,96.97,46.84
2000-10-20,0.0,35.63,19.96,94.4,32.98
2000-10-21,0.0,36.38,20.61,87.71,29.45
2000-10-22,0.0,36.3,18.25,83.85,29.81
2000-10-23,0.0,35.36,18.28,96.19,31.36
2000-10-24,0.0,34.85,18.06,94.96,32.69
2000-10-25,0.0,34.36,18.54,90.67,36.27
2000-10-26,0.0,34.77,20.1,85.98,34.79
2000-10-27,0.0,38.71,20.77,81.38,31.77
2000-10-28,0.0,39.23,20.72,82.59,31.68
2000-10-29,0.0,37.89,20.38,84.25,30.16
2000-10-30,0.0,35.87,18.94,93.7,35.09
2000-10-31,0.0,35.72,19.88,96.92,40.17
2000-11-01,0.0,36.7,19.74,97.67,38.33
2000-11-02,0.0,37.3,19.1,97.0,31.4
2000-11-03,0.0,37.01,19.21,86.52,23.32
2000-11-04,0.0,35.96,18.01,77.64,23.69
2000-11-05,0.0,38.72,18.9,76.5,20.16
2000-11-06,0.0,39.51,16.07,78.12,15.72
2000-11-07,0.0,37.92,17.2,84.5,24.58
2000-11-08,0.0,36.56,17.81,88.03,26.36
2000-11-09,0.0,36.06,19.34,95.1,31.07
2000-11-10,0.0,36.15,18.29,82.6,26.41
2000-11-11,0.0,34.17,17.46,94.91,33.54
2000-11-12,0.0,32.31,17.87,99.06,45.17
2000-11-13,0.0,34.07,17.8,93.35,39.85
2000-11-14,0.0,35.29,18.47,98.37,39.09
2000-11-15,0.0,33.62,19.34,98.84,44.89
2000-11-16,0.0,37.14,19.74,97.71,30.53
2000-11-17,0.0,37.04,20.42,86.45,23.11
2000-11-18,0.0,38.23,18.86,76.18,21.95
2000-11-19,0.0,37.93,16.73,71.06,22.07
2000-11-20,0.0,37.28,16.82,69.48,21.74
2000-11-21,0.0,37.3,16.91,63.9,20.63
2000-11-22,0.0,35.61,15.89,55.76,18.68
2000-11-23,0.0,35.62,16.92,45.9,16.56
2000-11-24,0.0,35.01,16.12,49.79,17.45
2000-11-25,0.0,35.19,15.9,48.31,22.28
2000-11-26,0.0,36.67,13.38,56.24,22.92
2000-11-27,0.0,37.09,12.75,64.15,24.3
2000-11-28,0.0,37.26,13.56,67.95,22.33
2000-11-29,0.0,37.27,14.52,68.15,19.89
2000-11-30,0.0,38.67,14.39,77.01,19.93
2000-12-01,0.0,37.66,17.26,71.68,20.54
2000-12-02,0.0,37.21,15.55,58.59,11.88
2000-12-03,0.0,34.94,15.0,51.22,14.16
2000-12-04,0.0,36.08,15.28,52.62,15.2
2000-12-05,0.0,36.83,14.56,42.1,16.87
2000-12-06,0.0,37.24,16.13,51.0,17.8
2000-12-07,0.0,38.13,16.05,64.04,17.94
2000-12-08,0.0,37.91,16.71,57.45,19.05
2000-12-09,0.0,37.0,16.16,67.78,16.29
2000-12-10,0.0,37.42,16.07,52.61,17.22
2000-12-11,0.0,37.22,15.7,50.92,20.87
2000-12-12,0.0,36.49,16.29,52.77,20.46
2000-12-13,0.0,35.85,15.55,51.68,24.46
2000-12-14,0.0,36.14,18.5,55.86,24.2
2000-12-15,0.0,36.4,17.56,56.24,26.48
2000-12-16,0.0,36.12,16.38,53.21,23.67
2000-12-17,0.0,35.54,14.62,50.91,17.53
2000-12-18,0.0,34.95,16.41,53.57,15.68
2000-12-19,0.0,34.89,17.18,61.05,16.58
2000-12-20,0.0,30.36,15.51,87.3,22.71
2000-12-21,0.0,31.53,14.69,88.21,25.95
2000-12-22,0.0,31.58,14.08,85.09,28.34
2000-12-23,0.0,31.81,13.52,87.69,30.09
2000-12-24,0.0,31.21,16.77,93.14,32.95
2000-12-25,0.0,32.29,15.81,89.38,29.28
2000-12-26,0.0,32.55,15.7,90.44,28.99
2000-12-27,0.0,33.96,14.88,93.09,24.11
2000-12-28,0.0,34.68,14.76,71.25,25.49
2000-12-29,0.0,34.62,14.8,69.19,26.02
2000-12-30,0.0,34.79,13.48,80.73,28.5
2000-12-31,0.0,36.3,13.23,84.95,30.47
2001-01-01,0.0,35.17,13.07,89.43,17.83
2001-01-02,0.0,34.7,12.52,94.18,19.48
2001-01-03,0.0,35.64,13.25,86.1,16.02
2001-01-04,0.0,37.34,14.0,70.24,11.21
2001-01-05,0.0,35.59,13.36,38.42,11.8
2001-01-06,0.0,35.8,12.81,43.36,13.06
2001-01-07,0.0,35.08,12.21,50.51,14.87
2001-01-08,0.0,35.51,13.34,63.48,16.02
2001-01-09,0.0,36.01,12.73,61.08,17.5
2001-01-10,0.0,36.3,13.68,59.15,15.64
2001-01-11,0.0,35.35,14.28,56.89,14.44
2001-01-12,0.0,35.92,14.43,58.4,11.57
2001-01-13,0.0,34.87,12.79,44.35,11.69
2001-01-14,0.0,33.74,14.47,56.37,20.61
2001-01-15,0.0,33.09,13.97,67.93,23.84
2001-01-16,0.0,35.52,12.95,57.6,18.27
2001-01-17,0.0,35.05,13.84,51.84,14.6
2001-01-18,0.0,35.2,13.25,41.53,15.42
2001-01-19,0.0,33.73,13.62,44.04,18.85
2001-01-20,0.0,36.4,13.19,44.12,17.05
2001-01-21,0.0,37.22,14.65,43.81,16.64
2001-01-22,0.0,36.67,14.08,62.36,18.49
2001-01-23,0.0,35.5,12.06,85.66,11.96
2001-01-24,0.0,35.94,12.15,55.87,10.98
2001-01-25,0.0,33.99,12.02,30.32,12.1
2001-01-26,0.0,33.98,12.67,37.0,14.25
2001-01-27,0.0,33.8,11.95,40.87,15.48
2001-01-28,0.0,34.31,11.41,64.96,12.41
2001-01-29,0.0,33.71,11.49,36.72,8.71
2001-01-30,0.0,31.9,11.1,70.2,15.19
2001-01-31,0.0,33.1,11.15,91.64,20.26
2001-02-01,0.0,34.95,12.94,79.78,12.04
2001-02-02,0.0,33.68,12.67,33.31,10.92
2001-02-03,0.0,34.91,13.82,36.13,10.19
2001-02-04,0.0,34.16,13.28,51.82,15.46
2001-02-05,0.0,33.73,15.09,59.16,17.02
2001-02-06,0.0,34.44,14.0,71.48,17.76
2001-02-07,0.0,37.46,16.43,50.99,15.22
2001-02-08,0.0,37.87,16.61,42.48,16.95
2001-02-09,0.0,36.8,15.05,34.74,15.56
2001-02-10,0.0,37.48,14.62,37.29,17.72
2001-02-11,0.0,37.56,17.22,31.55,16.81
2001-02-12,0.0,37.58,18.44,30.21,5.53
2001-02-13,0.0,36.27,18.64,19.52,6.67
2001-02-14,0.0,34.83,14.97,25.08,10.33
2001-02-15,0.0,34.49,14.47,30.35,11.14
2001-02-16,0.0,35.02,16.86,33.21,11.87
2001-02-17,0.0,35.77,16.04,36.66,12.71
2001-02-18,0.0,36.03,17.56,39.54,14.01
2001-02-19,0.0,35.24,19.12,49.9,19.79
2001-02-20,0.0,34.85,18.58,44.71,17.69
2001-02-21,0.0,37.48,20.25,40.69,11.03
2001-02-22,0.0,40.01,19.2,59.57,8.72
2001-02-23,0.0,40.01,18.96,61.93,13.48
2001-02-24,0.0,36.34,18.98,62.06,23.29
2001-02-25,0.0,35.35,18.39,68.68,26.81
2001-02-26,0.0,37.31,21.12,58.32,19.13
2001-02-27,0.0,38.27,21.59,37.73,10.94
2001-02-28,0.0,38.75,17.88,34.56,11.2
2001-03-01,0.0,36.81,15.22,45.6,12.65
2001-03-02,0.0,37.1,14.05,50.35,8.62
2001-03-03,0.0,37.39,15.92,53.08,8.49
2001-03-04,0.0,38.52,16.98,63.66,12.91
2001-03-05,0.0,39.92,17.54,60.99,12.98
2001-03-06,0.0,40.45,17.63,62.0,16.08
2001-03-07,0.0,41.45,18.87,57.06,11.89
2001-03-08,0.0,41.64,18.14,51.85,10.63
2001-03-09,0.0,41.16,16.7,63.92,6.01
2001-03-10,0.0,40.62,16.39,61.35,7.63
2001-03-11,0.0,39.57,16.95,51.39,8.95
2001-03-12,0.0,35.92,16.68,89.85,22.64
2001-03-13,0.0,30.44,14.99,99.8,42.3
2001-03-14,0.0,31.09,14.53,96.93,32.3
2001-03-15,0.0,31.05,14.37,96.95,34.36
2001-03-16,0.0,30.51,17.2,92.13,38.61
2001-03-17,0.0,33.92,15.95,98.54,32.74
2001-03-18,0.0,37.68,16.0,97.26,19.46
2001-03-19,0.0,39.81,17.89,64.62,15.5
2001-03-20,0.0,40.92,17.82,71.23,15.0
2001-03-21,0.0,41.13,18.68,73.87,15.1
2001-03-22,0.0,41.73,18.51,69.57,11.93
2001-03-23,0.0,38.28,17.55,68.47,21.02
2001-03-24,0.0,34.12,16.17,94.05,30.93
2001-03-25,0.0,32.31,15.34,99.57,40.3
2001-03-26,0.0,33.49,15.38,99.51,38.94
2001-03-27,0.0,31.97,15.99,99.52,41.66
2001-03-28,0.0,37.53,16.98,91.64,25.62
2001-03-29,0.0,37.4,19.17,60.24,19.97
2001-03-30,0.0,38.83,21.24,53.59,20.39
2001-03-31,0.0,38.87,19.52,66.24,21.85
2001-04-01,0.0,39.81,19.42,67.05,15.43
2001-04-02,0.0,37.38,19.47,60.8,23.51
2001-04-03,0.0,33.18,16.3,97.82,35.08
2001-04-04,0.0,32.13,15.85,92.84,33.81
2001-04-05,0.0,37.94,14.71,98.64,26.0
2001-04-06,0.0,42.26,17.74,81.02,12.83
2001-04-07,0.0,42.2,19.02,70.24,15.1
2001-04-08,0.0,42.67,18.93,76.24,20.99
2001-04-09,0.0,41.57,19.08,85.36,21.19
2001-04-10,0.0,44.54,19.05,68.51,14.3
2001-04-11,0.0,44.28,22.59,47.72,12.5
2001-04-12,0.0,41.54,19.9,72.22,19.96
2001-04-13,0.0,37.55,17.87,81.93,32.64
2001-04-14,0.0,34.9,17.6,98.47,38.79
2001-04-15,0.0,33.75,17.18,93.32,38.58
2001-04-16,0.0,35.37,16.92,97.03,34.68
2001-04-17,0.0,34.96,16.42,98.55,35.68
2001-04-18,0.0,33.02,17.32,96.97,38.96
2001-04-19,0.0,32.76,16.15,94.4,37.02
2001-04-20,0.0,34.56,17.09,88.97,32.95
2001-04-21,0.0,36.84,19.54,74.93,30.12
2001-04-22,0.0,35.35,16.89,88.91,30.43
2001-04-23,0.0,37.35,16.97,81.12,23.71
2001-04-24,0.0,39.31,16.26,90.78,26.31
2001-04-25,0.0,40.02,17.77,86.18,31.11
2001-04-26,0.0,39.7,18.05,93.58,18.49
2001-04-27,0.0,43.08,18.7,74.93,12.54
2001-04-28,0.0,41.63,20.13,65.82,20.98
2001-04-29,0.0,35.58,17.9,91.69,32.97
2001-04-30,0.0,33.83,16.57,93.98,36.35
2001-05-01,0.0,35.2,16.71,92.72,34.19
2001-05-02,0.0,34.68,17.34,96.2,35.41
2001-05-03,0.0,35.15,17.56,95.75,34.06
2001-05-04,0.0,37.17,17.49,92.7,28.77
2001-05-05,0.0,40.35,19.0,78.89,21.45
2001-05-06,0.0,41.74,20.26,66.44,20.33
2001-05-07,0.0,43.16,22.08,51.81,15.17
2001-05-08,0.0,42.75,22.97,63.32,15.85
2001-05-09,0.0,40.25,20.07,73.93,23.33
2001-05-10,0.0,41.63,20.18,71.97,20.87
2001-05-11,0.0,43.87,23.31,58.06,13.96
2001-05-12,0.0,40.38,21.0,61.25,18.36
2001-05-13,0.0,37.32,19.2,89.96,30.01
2001-05-14,0.0,38.19,18.56,96.85,33.67
2001-05-15,0.0,39.47,18.72,93.5,27.86
2001-05-16,0.0,38.47,17.8,99.56,26.63
2001-05-17,0.0,38.92,17.77,97.79,30.01
2001-05-18,0.0,37.95,18.5,95.98,37.84
2001-05-19,0.0,37.47,18.54,97.98,41.58
2001-05-20,0.0,38.45,18.61,98.93,34.51
2001-05-21,0.01,38.95,18.3,94.28,30.57
2001-05-22,0.0,39.62,18.1,91.74,26.57
2001-05-23,0.0,38.74,19.14,96.23,28.9
2001-05-24,0.0,38.9,18.24,98.97,30.94
2001-05-25,0.0,38.87,18.49,99.57,33.92
2001-05-26,0.0,39.21,19.5,98.48,32.55
2001-05-27,0.0,38.18,18.23,96.59,29.82
2001-05-28,0.0,37.11,20.14,98.85,34.46
2001-05-29,0.0,36.26,20.1,96.77,34.13
2001-05-30,0.0,35.31,20.34,92.5,39.7
2001-05-31,0.0,35.31,20.91,92.58,41.35
2001-06-01,0.0,36.13,21.56,91.13,40.08
2001-06-02,0.0,35.73,21.29,92.62,44.78
2001-06-03,0.0,37.48,21.66,94.05,37.76
2001-06-04,0.0,38.14,22.07,98.11,30.75
2001-06-05,0.0,37.16,22.05,94.69,35.12
2001-06-06,0.0,37.92,24.15,93.28,37.52
2001-06-07,0.0,33.3,22.58,94.36,46.73
2001-06-08,0.0,34.33,22.64,86.88,46.06
2001-06-09,0.0,36.12,22.79,89.78,45.54
2001-06-10,0.0,35.57,22.68,91.55,46.08
2001-06-11,0.0,36.65,22.82,91.53,40.6
2001-06-12,0.0,37.82,22.46,91.25,34.25
2001-06-13,0.01,36.09,21.76,92.58,42.09
2001-06-14,0.0,35.97,23.32,90.08,47.18
2001-06-15,0.0,36.59,22.57,92.35,34.99
2001-06-16,0.0,34.06,23.52,91.2,51.79
2001-06-17,0.0,35.82,21.95,94.36,43.95
2001-06-18,0.0,35.39,22.61,96.55,45.15
2001-06-19,0.0,35.51,22.03,95.8,41.53
2001-06-20,0.0,37.71,22.06,92.65,37.4
2001-06-21,0.0,35.08,21.85,92.24,42.18
2001-06-22,0.0,36.08,21.36,91.6,39.86
2001-06-23,0.0,37.02,20.93,92.4,34.34
2001-06-24,0.37,37.73,23.29,89.74,38.02
2001-06-25,0.0,35.57,23.16,91.56,43.53
2001-06-26,0.0,37.45,24.54,90.98,39.75
2001-06-27,0.0,34.4,23.97,87.2,44.89
2001-06-28,0.03,36.5,23.49,85.79,41.36
2001-06-29,0.01,36.19,23.17,91.33,43.24
2001-06-30,0.07,35.88,23.88,87.22,43.09
2001-07-01,1.25,34.39,22.54,91.7,48.17
2001-07-02,1.46,36.2,24.25,93.71,48.21
2001-07-03,19.45,36.91,23.53,91.07,45.09
2001-07-04,0.06,31.14,20.24,97.35,60.73
2001-07-05,10.17,33.39,22.94,95.77,56.02
2001-07-06,0.26,34.64,23.68,96.8,54.42
2001-07-07,0.0,36.65,23.64,95.06,47.29
2001-07-08,0.0,36.14,24.69,93.36,48.17
2001-07-09,0.0,36.01,24.75,92.1,48.52
2001-07-10,0.03,32.86,24.15,86.63,57.02
2001-07-11,0.0,36.63,23.99,89.88,44.37
2001-07-12,0.01,34.31,24.31,89.99,45.67
2001-07-13,42.17,35.28,23.98,97.0,52.91
2001-07-14,0.0,31.78,22.71,97.96,63.64
2001-07-15,0.0,32.85,23.75,97.83,61.23
2001-07-16,0.0,32.69,24.66,89.99,57.13
2001-07-17,0.04,32.72,23.62,91.07,51.78
2001-07-18,10.11,34.79,23.66,94.29,54.75
2001-07-19,5.51,27.27,21.49,99.02,82.19
2001-07-20,0.0,32.5,21.7,98.78,63.21
2001-07-21,5.28,34.23,21.78,95.12,57.34
2001-07-22,0.09,32.57,21.33,96.3,63.49
2001-07-23,0.0,33.33,23.58,95.0,41.69
2001-07-24,0.02,33.35,22.36,94.83,51.41
2001-07-25,1.34,34.25,23.74,91.56,52.18
2001-07-26,29.04,32.39,21.03,97.29,61.67
2001-07-27,0.65,32.17,21.71,97.8,63.14
2001-07-28,14.42,32.18,22.82,97.49,64.28
2001-07-29,0.03,33.0,22.81,97.6,62.91
2001-07-30,0.0,31.85,22.97,96.55,64.07
2001-07-31,10.44,31.57,23.74,99.24,69.58
2001-08-01,13.03,30.74,22.46,99.5,71.76
2001-08-02,1.66,30.9,22.58,99.08,73.21
2001-08-03,0.76,32.58,23.9,97.94,65.04
2001-08-04,0.0,33.05,23.98,97.99,59.36
2001-08-05,0.58,33.14,24.06,97.76,62.63
2001-08-06,7.43,32.92,23.95,99.31,64.52
2001-08-07,28.53,34.88,23.72,98.83,63.65
2001-08-08,0.0,33.32,22.54,97.43,62.15
2001-08-09,0.19,33.54,24.83,96.12,63.66
2001-08-10,26.22,33.0,23.81,97.92,56.82
2001-08-11,27.83,33.11,22.22,99.51,60.1
2001-08-12,11.02,32.73,22.54,99.31,68.22
2001-08-13,0.0,33.29,21.25,99.49,62.27
2001-08-14,0.13,31.88,24.71,95.71,65.43
2001-08-15,0.04,33.14,23.41,96.05,61.17
2001-08-16,0.02,33.08,23.36,96.18,63.4
2001-08-17,0.0,36.06,24.04,99.3,55.83
2001-08-18,0.0,34.44,24.41,95.99,64.01
2001-08-19,0.0,34.25,24.19,95.26,57.72
2001-08-20,0.0,34.37,22.83,95.21,52.12
2001-08-21,0.02,34.78,22.4,95.26,50.4
2001-08-22,0.01,34.79,23.87,94.61,52.05
2001-08-23,2.1,33.11,23.95,95.14,63.82
2001-08-24,9.99,34.09,23.82,97.43,60.27
2001-08-25,2.11,33.15,21.71,99.32,62.4
2001-08-26,8.06,33.67,22.72,99.33,62.78
2001-08-27,1.4,32.95,23.5,96.43,62.99
2001-08-28,30.08,33.82,23.62,97.95,59.51
2001-08-29,0.0,32.52,21.28,99.23,65.55
2001-08-30,0.0,34.25,23.41,97.17,60.85
2001-08-31,0.0,33.99,24.3,95.82,59.76
2001-09-01,14.84,33.05,20.85,96.6,66.52
2001-09-02,0.43,34.03,21.45,95.77,63.26
2001-09-03,0.16,35.16,23.11,95.56,58.81
2001-09-04,34.13,33.93,22.74,97.83,56.74
2001-09-05,0.02,32.97,21.35,99.85,58.9
2001-09-06,26.68,33.64,22.57,96.66,61.39
2001-09-07,7.1,30.06,20.72,97.62,68.12
2001-09-08,16.35,33.54,23.28,98.42,62.14
2001-09-09,0.01,31.49,21.74,97.34,70.29
2001-09-10,0.0,34.2,21.84,98.87,59.45
2001-09-11,0.0,35.84,24.09,96.96,56.82
2001-09-12,0.0,35.02,24.68,94.62,56.46
2001-09-13,0.0,34.07,24.55,97.9,65.51
2001-09-14,0.01,34.5,24.98,95.39,61.7
2001-09-15,11.84,34.05,24.42,94.44,57.41
2001-09-16,2.27,32.98,21.72,97.56,57.8
2001-09-17,0.68,32.28,22.71,98.0,65.57
2001-09-18,10.49,32.67,22.15,97.95,66.09
2001-09-19,0.04,34.12,21.76,99.01,54.73
2001-09-20,0.09,32.94,22.31,98.03,56.7
2001-09-21,2.81,32.93,22.85,96.86,52.63
2001-09-22,1.62,32.48,23.51,96.93,65.41
2001-09-23,0.0,32.36,23.15,96.49,63.91
2001-09-24,0.01,34.19,24.29,95.02,56.66
2001-09-25,17.75,34.26,22.44,98.55,56.24
2001-09-26,0.0,33.21,21.95,98.09,60.13
2001-09-27,0.0,34.96,24.31,96.03,59.33
2001-09-28,3.43,34.46,23.68,96.35,57.1
2001-09-29,0.0,35.54,21.77,96.99,47.8
2001-09-30,0.0,35.84,23.96,96.15,55.11
2001-10-01,8.71,34.64,23.58,97.84,53.01
2001-10-02,0.21,35.11,21.05,98.58,49.66
2001-10-03,0.0,36.39,22.93,97.86,42.33
2001-10-04,0.0,36.16,22.4,97.45,44.21
2001-10-05,0.0,36.4,23.39,97.28,46.18
2001-10-06,0.0,36.72,22.52,95.12,48.63
2001-10-07,0.0,36.76,23.08,97.06,46.96
2001-10-08,0.07,37.24,24.15,98.42,48.98
2001-10-09,0.0,38.17,24.6,98.93,42.09
2001-10-10,0.0,36.06,24.24,97.48,52.88
2001-10-11,7.46,29.25,23.35,97.14,77.44
2001-10-12,1.86,33.33,22.23,98.61,64.27
2001-10-13,0.0,35.27,23.91,97.36,50.16
2001-10-14,0.0,36.22,24.49,98.46,54.17
2001-10-15,0.0,36.31,24.02,97.23,51.42
2001-10-16,0.0,35.7,23.32,97.95,49.19
2001-10-17,0.0,37.39,22.76,99.19,42.55
2001-10-18,0.0,37.65,22.8,95.82,42.73
2001-10-19,0.0,38.56,22.74,96.15,32.85
2001-10-20,0.0,38.2,22.61,90.63,32.64
2001-10-21,0.0,38.23,21.49,97.03,35.37
2001-10-22,0.0,36.76,21.91,97.97,46.32
2001-10-23,0.03,36.43,22.0,98.4,44.96
2001-10-24,0.0,37.92,21.46,99.03,38.66
2001-10-25,0.0,36.08,23.71,94.65,48.86
2001-10-26,0.0,37.24,22.99,94.26,38.03
2001-10-27,0.0,37.11,22.76,96.71,37.47
2001-10-28,0.0,36.83,21.5,96.93,34.86
2001-10-29,0.0,39.23,19.74,93.98,23.95
2001-10-30,0.0,39.1,19.56,93.46,20.86
2001-10-31,0.0,37.3,18.62,93.72,27.74
2001-11-01,0.0,35.32,19.21,95.95,50.75
2001-11-02,2.38,34.99,20.53,98.88,40.53
2001-11-03,0.45,36.22,20.05,96.54,30.72
2001-11-04,0.0,37.23,18.28,89.37,30.48
2001-11-05,0.0,38.18,18.15,94.87,25.52
2001-11-06,0.0,39.24,18.78,95.32,22.45
2001-11-07,0.0,38.74,18.41,98.13,21.29
2001-11-08,0.0,39.36,17.89,93.62,15.45
2001-11-09,0.47,39.38,17.79,90.32,18.61
2001-11-10,0.0,38.18,20.35,98.48,30.03
2001-11-11,0.0,36.41,19.14,92.32,28.9
2001-11-12,0.0,36.88,17.23,91.75,22.59
2001-11-13,0.0,37.75,18.25,87.65,20.42
2001-11-14,0.0,37.38,19.02,86.32,22.63
2001-11-15,0.0,38.18,18.48,90.72,24.91
2001-11-16,0.0,38.5,19.6,78.11,22.21
2001-11-17,0.0,39.79,17.92,80.76,21.15
2001-11-18,0.0,40.68,20.29,82.89,17.08
2001-11-19,0.0,39.36,17.78,88.34,12.24
2001-11-20,0.0,36.81,16.32,87.08,21.46
2001-11-21,0.0,34.58,19.29,99.4,29.62
2001-11-22,0.0,33.87,18.24,97.88,39.36
2001-11-23,0.0,34.69,17.57,99.06,35.95
2001-11-24,0.0,34.41,19.64,95.39,33.62
2001-11-25,0.0,33.65,20.44,89.23,39.68
2001-11-26,0.0,32.26,21.06,94.89,49.26
2001-11-27,0.0,31.83,19.93,95.49,50.74
2001-11-28,0.0,33.38,19.0,95.89,38.28
2001-11-29,0.09,33.34,20.96,95.77,27.47
2001-11-30,0.0,33.77,20.68,71.85,30.2
2001-12-01,0.0,34.95,18.87,78.08,27.13
2001-12-02,0.0,35.05,17.99,64.06,22.99
2001-12-03,0.0,36.08,18.58,58.98,20.89
2001-12-04,0.0,35.91,19.35,52.59,19.87
2001-12-05,0.0,31.17,21.0,51.49,25.92
2001-12-06,0.0,33.79,20.43,57.16,25.56
2001-12-07,0.0,39.25,20.3,57.41,16.08
2001-12-08,0.0,38.06,15.82,66.22,19.07
2001-12-09,0.0,37.34,18.38,74.24,18.21
2001-12-10,0.0,36.25,21.38,50.26,15.86
2001-12-11,0.0,33.77,20.49,53.93,19.43
2001-12-12,0.0,37.07,15.43,57.03,14.59
2001-12-13,0.0,35.33,15.04,51.1,17.75
2001-12-14,0.0,34.25,17.71,46.56,17.97
2001-12-15,0.0,36.07,18.07,59.61,17.75
2001-12-16,0.0,37.41,18.31,65.17,20.01
2001-12-17,0.0,36.97,19.29,74.37,16.43
2001-12-18,0.0,38.7,16.37,75.13,15.6
2001-12-19,0.0,40.53,17.95,73.11,13.97
2001-12-20,0.0,39.36,18.75,92.16,18.59
2001-12-21,0.0,37.73,17.18,98.37,23.94
2001-12-22,0.0,36.86,17.6,96.98,26.72
2001-12-23,0.0,36.92,18.79,99.7,31.0
2001-12-24,0.0,36.66,19.81,99.52,33.48
2001-12-25,0.0,38.19,19.77,99.51,24.49
2001-12-26,0.0,40.24,18.13,97.23,13.53
2001-12-27,0.0,36.96,14.71,82.81,13.99
2001-12-28,0.0,37.1,19.13,81.19,26.65
2001-12-29,0.0,38.89,18.61,98.28,19.14
2001-12-30,0.0,35.84,17.88,96.41,33.15
2001-12-31,0.0,34.47,18.58,99.66,39.74
2002-01-01,0.0,33.03,19.1,99.3,43.19
2002-01-02,0.0,34.54,18.28,96.83,29.39
2002-01-03,0.0,37.4,17.23,97.09,19.22
2002-01-04,0.0,37.94,15.37,70.39,17.5
2002-01-05,0.0,35.86,15.9,95.16,24.05
2002-01-06,0.0,31.16,15.38,99.43,40.72
2002-01-07,0.0,32.33,13.77,99.58,38.87
2002-01-08,0.0,31.93,13.45,97.33,39.38
2002-01-09,3.23,26.95,18.03,96.56,69.08
2002-01-10,6.79,23.12,15.5,97.85,77.44
2002-01-11,1.89,25.88,14.56,92.5,56.04
2002-01-12,0.0,31.31,13.89,92.62,39.55
2002-01-13,0.0,33.07,15.53,83.36,25.55
2002-01-14,0.0,34.46,15.38,65.11,21.41
2002-01-15,0.0,35.37,15.15,66.28,19.36
2002-01-16,0.0,35.8,15.2,70.64,18.84
2002-01-17,0.0,35.49,16.35,64.09,20.08
2002-01-18,0.0,33.82,17.56,65.73,17.52
2002-01-19,0.0,32.13,18.76,51.49,16.57
2002-01-20,0.0,34.14,18.63,34.79,18.17
2002-01-21,0.0,30.23,19.91,38.42,18.9
2002-01-22,0.0,32.34,19.53,33.57,20.12
2002-01-23,0.0,35.5,15.64,44.53,16.36
2002-01-24,0.0,36.66,16.8,47.53,15.29
2002-01-25,0.0,37.81,16.38,49.75,14.61
2002-01-26,0.0,37.44,17.13,43.0,15.63
2002-01-27,0.0,37.23,16.58,43.99,14.99
2002-01-28,0.0,38.54,16.65,44.0,10.01
2002-01-29,0.0,37.87,15.27,46.22,9.44
2002-01-30,0.0,36.86,15.98,37.7,9.8
2002-01-31,0.0,37.06,15.58,48.96,11.85
2002-02-01,0.0,37.85,15.98,53.82,13.95
2002-02-02,0.0,35.47,21.04,51.85,17.93
2002-02-03,0.0,31.21,19.17,42.4,20.73
2002-02-04,0.0,34.69,18.15,44.89,16.96
2002-02-05,0.0,34.98,20.07,43.75,15.95
2002-02-06,0.0,34.95,17.04,35.41,13.08
2002-02-07,0.0,35.37,16.04,49.99,12.17
2002-02-08,0.0,36.86,15.52,54.81,12.61
2002-02-09,0.0,36.36,16.94,47.4,14.26
2002-02-10,0.0,32.51,19.2,33.06,15.22
2002-02-11,0.0,36.28,17.51,47.23,12.72
2002-02-12,0.0,38.65,16.56,52.6,11.51
2002-02-13,0.0,39.23,18.15,52.48,9.0
2002-02-14,0.0,38.09,16.87,56.24,12.51
2002-02-15,0.0,37.51,15.36,80.82,13.03
2002-02-16,0.0,36.76,15.82,88.9,17.96
2002-02-17,0.0,34.44,16.47,95.65,28.38
2002-02-18,0.0,31.82,15.7,88.37,30.01
2002-02-19,0.0,35.11,15.14,86.88,20.37
2002-02-20,0.0,35.26,16.5,71.68,23.33
2002-02-21,0.0,34.34,16.41,86.59,33.84
2002-02-22,0.0,33.63,15.04,98.13,35.22
2002-02-23,0.0,34.95,15.85,98.63,28.54
2002-02-24,0.0,37.28,17.52,87.63,21.7
2002-02-25,0.0,40.47,20.01,68.86,12.24
2002-02-26,0.0,35.43,20.45,46.52,14.05
2002-02-27,0.0,36.15,17.41,48.61,12.34
2002-02-28,0.0,36.65,17.13,47.17,14.38
2002-03-01,0.0,35.79,14.03,71.25,17.63
2002-03-02,0.0,36.93,16.2,83.85,14.76
2002-03-03,0.0,34.66,15.34,93.27,24.11
2002-03-04,0.0,34.17,16.71,93.12,24.57
2002-03-05,0.0,35.47,17.85,68.73,20.38
2002-03-06,0.0,37.37,17.53,63.43,16.42
2002-03-07,0.0,37.93,16.87,55.43,14.27
2002-03-08,0.0,37.03,16.46,63.08,17.0
2002-03-09,0.0,36.0,16.66,79.16,21.27
2002-03-10,0.0,35.95,16.03,94.88,25.68
2002-03-11,0.0,35.05,15.61,99.03,25.63
2002-03-12,0.0,33.91,16.64,92.88,28.99
2002-03-13,0.0,32.84,16.22,91.06,33.04
2002-03-14,0.0,35.22,15.75,88.28,25.33
2002-03-15,0.0,36.99,16.53,75.56,25.03
2002-03-16,0.0,35.79,17.77,69.4,21.43
2002-03-17,0.0,36.2,18.46,67.64,20.38
2002-03-18,0.0,37.98,17.65,54.13,14.98
2002-03-19,0.0,40.53,17.93,57.58,7.59
2002-03-20,0.0,41.87,19.61,36.2,7.08
2002-03-21,0.0,42.9,21.09,35.45,7.97
2002-03-22,0.0,41.77,20.76,41.46,7.63
2002-03-23,0.0,40.33,20.49,43.59,9.41
2002-03-24,0.0,39.29,19.22,75.25,16.06
2002-03-25,0.0,38.27,17.74,93.29,18.4
2002-03-26,0.0,31.83,17.15,98.21,32.93
2002-03-27,0.0,32.85,17.08,81.46,29.6
2002-03-28,0.0,34.35,17.14,89.14,31.9
2002-03-29,0.0,35.4,17.87,89.34,28.74
2002-03-30,0.0,35.77,18.86,87.37,24.6
2002-03-31,0.0,31.98,18.71,90.26,35.0
2002-04-01,0.0,31.22,18.7,86.55,38.56
2002-04-02,0.0,34.78,17.33,86.41,27.95
2002-04-03,0.0,37.94,17.43,82.66,20.82
2002-04-04,0.0,37.99,17.48,74.49,17.79
2002-04-05,0.0,36.88,16.74,83.53,20.52
2002-04-06,0.0,32.54,15.72,97.51,34.53
2002-04-07,0.0,30.06,15.35,97.94,37.98
2002-04-08,0.0,31.33,15.17,96.59,34.34
2002-04-09,0.0,32.02,16.66,87.45,31.81
2002-04-10,0.0,32.5,17.4,92.31,32.42
2002-04-11,0.0,32.07,16.71,77.21,28.39
2002-04-12,0.0,33.38,16.05,82.9,29.01
2002-04-13,0.0,31.74,15.65,85.33,29.33
2002-04-14,0.0,35.18,16.14,90.94,24.52
2002-04-15,0.0,37.12,17.28,77.41,23.05
2002-04-16,0.0,38.29,17.73,74.16,23.19
2002-04-17,0.0,37.97,17.96,79.09,22.63
2002-04-18,0.0,39.66,17.86,73.54,18.07
2002-04-19,0.0,38.67,18.34,60.04,17.42
2002-04-20,0.0,38.97,16.95,71.9,18.92
2002-04-21,0.0,37.64,17.56,92.61,25.71
2002-04-22,0.0,36.1,16.2,97.95,26.67
2002-04-23,0.0,38.04,18.11,93.63,24.03
2002-04-24,0.0,43.22,21.6,69.84,8.95
2002-04-25,0.0,39.65,25.66,29.85,9.46
2002-04-26,0.0,40.99,24.04,32.68,12.1
2002-04-27,0.0,41.79,24.0,33.63,11.76
2002-04-28,0.0,40.51,23.77,47.28,15.6
2002-04-29,0.0,38.59,19.24,89.47,19.89
2002-04-30,0.0,35.27,17.93,95.82,33.72
2002-05-01,0.0,36.44,19.48,94.18,22.05
2002-05-02,0.0,36.65,16.54,96.67,26.62
2002-05-03,0.0,34.62,16.34,99.19,30.62
2002-05-04,0.0,33.96,17.51,98.43,31.99
2002-05-05,0.0,34.36,17.41,98.6,32.78
2002-05-06,0.0,34.28,17.07,97.02,30.34
2002-05-07,0.0,36.03,16.4,98.15,25.51
2002-05-08,0.0,33.45,17.81,91.93,33.37
2002-05-09,0.0,35.71,17.81,90.14,20.83
2002-05-10,0.0,40.26,19.62,72.44,17.07
2002-05-11,0.0,42.25,21.51,54.29,14.2
2002-05-12,0.0,41.0,20.29,69.11,19.14
2002-05-13,0.0,40.38,19.13,79.49,21.58
2002-05-14,0.0,42.55,19.15,84.17,20.63
2002-05-15,0.0,42.94,19.57,69.53,18.91
2002-05-16,0.0,38.74,21.32,68.6,25.49
2002-05-17,0.0,40.99,23.42,72.03,26.31
2002-05-18,0.0,41.33,22.87,81.27,24.89
2002-05-19,0.0,38.84,21.77,90.38,33.23
2002-05-20,0.0,38.42,18.67,95.73,34.19
2002-05-21,0.0,37.06,18.67,98.0,38.22
2002-05-22,0.0,39.02,19.58,94.68,32.8
2002-05-23,0.0,40.16,19.88,93.04,27.27
2002-05-24,0.01,41.32,19.75,81.3,22.8
2002-05-25,0.0,39.83,22.61,75.55,30.3
2002-05-26,0.0,41.18,22.57,85.84,24.14
2002-05-27,0.0,42.55,21.5,89.24,22.31
2002-05-28,0.0,42.01,21.75,70.96,19.64
2002-05-29,0.0,37.83,19.96,90.88,24.66
2002-05-30,0.0,38.61,19.09,98.02,29.26
2002-05-31,0.0,37.18,19.01,95.56,32.67
2002-06-01,0.0,37.01,19.3,96.53,32.26
2002-06-02,0.0,41.07,21.86,80.6,22.66
2002-06-03,0.0,39.3,22.44,89.23,32.58
2002-06-04,0.0,36.68,22.13,90.5,33.69
2002-06-05,0.0,34.75,25.29,86.63,49.01
2002-06-06,0.0,37.74,22.8,84.1,38.34
2002-06-07,0.0,38.42,23.18,82.39,31.71
2002-06-08,0.0,41.74,22.21,89.89,21.31
2002-06-09,0.0,37.68,20.91,91.83,33.16
2002-06-10,0.0,36.62,20.71,96.25,35.6
2002-06-11,0.0,35.33,22.03,95.09,39.06
2002-06-12,0.0,35.87,22.83,91.98,42.74
2002-06-13,0.0,37.77,22.83,92.57,36.65
2002-06-14,0.0,34.88,21.79,93.77,42.11
2002-06-15,0.0,35.43,22.0,93.1,40.5
2002-06-16,0.18,35.13,21.44,91.13,39.66
2002-06-17,11.03,35.47,21.64,98.16,46.62
2002-06-18,0.0,33.83,22.73,99.2,55.62
2002-06-19,0.0,32.94,23.19,92.69,47.51
2002-06-20,0.0,33.94,23.31,86.24,45.64
2002-06-21,2.56,35.87,23.0,91.3,44.13
2002-06-22,6.41,31.6,21.33,98.04,65.67
2002-06-23,0.0,34.87,23.67,95.4,50.03
2002-06-24,0.0,34.64,23.54,97.65,52.48
2002-06-25,0.0,32.55,25.26,91.95,54.7
2002-06-26,0.51,33.03,23.81,93.46,52.89
2002-06-27,2.37,35.35,22.95,93.87,46.83
2002-06-28,0.35,36.05,23.39,96.22,50.92
2002-06-29,0.0,37.63,24.39,93.99,36.28
2002-06-30,0.0,36.04,25.41,88.12,46.93
2002-07-01,0.0,35.86,24.67,92.2,40.96
2002-07-02,0.0,35.53,23.45,91.95,46.55
2002-07-03,0.0,36.73,23.87,87.03,41.68
2002-07-04,0.0,38.22,23.7,87.04,32.43
2002-07-05,4.59,36.49,23.44,89.56,40.95
2002-07-06,1.95,34.92,21.66,97.1,51.74
2002-07-07,0.71,35.0,21.62,96.22,47.95
2002-07-08,0.0,36.22,24.84,94.8,42.8
2002-07-09,0.0,36.94,23.91,94.18,32.37
2002-07-10,0.0,34.78,23.23,91.07,44.69
2002-07-11,0.0,36.68,22.86,94.59,40.56
2002-07-12,0.0,36.09,22.57,97.02,40.14
2002-07-13,0.0,36.65,24.23,87.62,40.41
2002-07-14,0.0,38.04,24.2,93.06,39.15
2002-07-15,0.0,35.59,25.09,88.66,48.44
2002-07-16,0.0,35.52,23.18,92.05,47.54
2002-07-17,0.0,34.68,24.13,89.29,45.19
2002-07-18,0.0,34.72,22.82,87.77,47.4
2002-07-19,0.0,36.0,22.68,93.04,38.2
2002-07-20,0.0,34.94,23.45,90.5,43.17
2002-07-21,0.0,37.13,23.32,90.15,37.46
2002-07-22,0.0,37.51,24.53,92.47,40.35
2002-07-23,0.77,34.73,24.57,87.47,45.61
2002-07-24,0.0,36.13,23.84,90.14,45.84
2002-07-25,0.0,35.37,22.32,97.85,52.0
2002-07-26,0.0,32.99,24.37,90.52,48.31
2002-07-27,0.0,34.3,23.77,83.32,47.78
2002-07-28,0.0,34.38,23.47,80.77,41.9
2002-07-29,0.0,33.8,23.14,82.24,44.52
2002-07-30,0.0,34.56,21.81,86.71,42.84
2002-07-31,0.44,35.77,23.67,90.21,45.88
2002-08-01,0.66,36.6,23.66,91.19,47.38
2002-08-02,0.02,35.38,24.42,91.71,44.33
2002-08-03,0.0,34.09,23.94,84.6,45.22
2002-08-04,0.0,32.98,24.56,80.9,49.37
2002-08-05,0.01,35.49,23.05,85.58,36.56
2002-08-06,0.0,36.83,22.84,92.46,44.12
2002-08-07,0.2,34.34,23.44,87.74,51.18
2002-08-08,0.14,34.76,23.34,91.04,48.53
2002-08-09,1.75,34.9,25.02,93.42,49.33
2002-08-10,27.97,34.78,24.08,99.67,52.77
2002-08-11,4.59,33.99,22.06,97.32,58.71
2002-08-12,0.47,36.84,25.12,95.1,48.47
2002-08-13,9.47,31.54,22.02,97.3,69.44
2002-08-14,0.0,34.34,23.17,98.79,59.96
2002-08-15,0.06,34.55,25.24,95.82,58.64
2002-08-16,0.0,32.21,25.18,91.55,56.56
2002-08-17,0.04,33.85,24.59,93.92,54.14
2002-08-18,7.91,35.7,24.57,94.74,50.16
2002-08-19,12.44,33.52,22.91,98.35,60.54
2002-08-20,0.02,33.35,23.41,99.78,62.01
2002-08-21,0.0,33.69,24.59,99.48,55.99
2002-08-22,0.04,33.61,23.7,97.33,51.09
2002-08-23,4.6,33.01,23.59,97.07,58.9
2002-08-24,0.23,33.8,24.39,96.84,56.75
2002-08-25,1.9,36.56,24.58,96.77,50.01
2002-08-26,0.0,36.4,22.94,95.86,48.51
2002-08-27,0.16,34.27,25.51,91.13,55.18
2002-08-28,31.94,33.9,21.86,96.68,63.12
2002-08-29,0.56,29.9,19.94,97.1,76.07
2002-08-30,1.92,34.52,22.79,97.3,59.76
2002-08-31,5.53,32.55,22.35,98.94,67.16
2002-09-01,4.08,29.03,23.74,97.9,74.6
2002-09-02,16.56,34.22,22.75,99.55,59.73
2002-09-03,0.01,36.19,22.17,97.71,55.18
2002-09-04,1.31,35.52,24.8,95.23,55.97
2002-09-05,0.01,34.61,25.43,92.33,57.44
2002-09-06,1.82,33.45,22.95,90.84,59.16
2002-09-07,1.16,35.78,24.01,93.68,51.59
2002-09-08,1.54,29.66,21.95,97.53,71.33
2002-09-09,0.0,33.75,23.81,96.6,58.31
2002-09-10,10.57,34.35,23.48,98.99,59.08
2002-09-11,6.78,30.06,21.09,99.9,77.52
2002-09-12,0.01,35.33,23.27,97.07,58.04
2002-09-13,0.0,32.7,22.56,98.79,62.62
2002-09-14,0.0,33.11,24.6,97.94,61.68
2002-09-15,0.48,33.51,24.14,98.27,64.06
2002-09-16,0.15,34.4,24.49,98.46,57.76
2002-09-17,1.83,36.69,23.63,96.94,49.11
2002-09-18,0.55,33.6,21.72,98.99,55.96
2002-09-19,4.14,37.3,24.69,98.11,48.96
2002-09-20,0.38,34.13,22.76,99.93,57.24
2002-09-21,0.3,33.1,24.51,97.44,63.83
2002-09-22,0.03,34.06,23.48,96.25,53.5
2002-09-23,0.0,34.3,24.3,97.23,61.02
2002-09-24,0.01,34.24,24.16,98.13,59.7
2002-09-25,2.5,36.82,24.07,97.15,50.15
2002-09-26,0.0,37.61,23.65,97.53,45.89
2002-09-27,0.0,34.8,23.49,95.02,56.7
2002-09-28,0.1,34.96,22.77,94.57,55.86
2002-09-29,0.0,35.83,24.01,94.25,53.89
2002-09-30,0.0,35.54,24.73,95.44,51.21
2002-10-01,0.18,36.29,23.7,98.59,46.49
2002-10-02,0.0,36.07,24.21,97.64,47.57
2002-10-03,0.0,37.72,24.19,97.59,38.8
2002-10-04,0.0,34.39,21.71,96.61,44.53
2002-10-05,0.0,34.73,20.6,95.73,43.05
2002-10-06,0.0,35.9,21.45,94.92,43.46
2002-10-07,0.52,35.51,22.14,96.88,46.06
2002-10-08,5.48,36.08,23.94,96.5,50.96
2002-10-09,13.12,34.96,22.46,98.2,51.53
2002-10-10,18.21,32.77,22.97,98.1,58.13
2002-10-11,0.0,30.67,21.96,99.06,70.76
2002-10-12,0.12,32.62,22.7,96.47,57.93
2002-10-13,0.0,35.95,23.47,95.9,39.62
2002-10-14,0.0,37.27,23.48,87.26,32.91
2002-10-15,0.0,36.29,22.89,94.16,40.38
2002-10-16,0.0,38.14,23.69,96.85,29.2
2002-10-17,0.0,37.84,22.71,99.08,35.81
2002-10-18,0.0,36.36,23.68,99.21,42.49
2002-10-19,0.0,35.62,24.04,98.33,44.07
2002-10-20,0.0,37.06,23.15,94.95,32.65
2002-10-21,0.56,38.8,22.59,96.14,35.63
2002-10-22,0.0,39.8,23.98,95.39,23.79
2002-10-23,0.0,38.27,24.48,99.42,36.21
2002-10-24,0.0,37.21,23.64,99.39,39.72
2002-10-25,0.38,36.5,24.15,99.17,42.18
2002-10-26,0.0,32.27,23.84,94.43,56.81
2002-10-27,0.0,35.82,24.11,94.17,39.83
2002-10-28,0.0,39.18,23.69,96.8,22.16
2002-10-29,0.0,36.42,22.9,89.39,34.86
2002-10-30,0.0,37.98,22.18,87.18,25.57
2002-10-31,0.0,38.42,24.26,90.64,23.36
2002-11-01,0.0,38.88,25.09,88.94,19.62
2002-11-02,0.0,37.44,22.28,45.5,14.05
2002-11-03,0.0,38.63,17.64,82.96,15.03
2002-11-04,0.0,38.46,18.52,90.63,20.56
2002-11-05,0.0,37.5,19.35,73.53,18.88
2002-11-06,0.0,38.5,17.2,76.9,19.29
2002-11-07,0.0,36.8,16.88,94.41,20.06
2002-11-08,0.0,38.28,16.01,91.36,14.11
2002-11-09,0.0,36.9,17.92,51.1,14.17
2002-11-10,0.0,36.46,16.43,54.96,15.95
2002-11-11,0.0,36.71,17.17,46.56,10.31
2002-11-12,0.0,37.35,17.72,71.48,14.07
2002-11-13,0.0,38.16,18.32,78.05,12.9
2002-11-14,0.0,38.78,20.2,89.25,18.52
2002-11-15,0.0,35.9,18.68,92.79,29.62
2002-11-16,0.0,31.07,19.17,93.25,40.27
2002-11-17,0.0,34.64,18.66,94.6,33.93
2002-11-18,0.0,36.6,18.98,87.65,24.99
2002-11-19,0.0,36.14,19.02,84.76,25.44
2002-11-20,0.0,36.86,20.39,71.75,21.86
2002-11-21,0.0,37.04,18.49,78.68,21.7
2002-11-22,0.0,39.04,17.84,89.23,21.22
2002-11-23,0.0,36.79,18.69,97.05,33.1
2002-11-24,0.0,38.26,16.39,95.25,24.98
2002-11-25,0.0,33.97,17.83,93.27,29.43
2002-11-26,0.0,33.85,19.96,92.99,26.73
2002-11-27,0.0,37.36,17.06,95.41,23.3
2002-11-28,0.0,37.34,17.43,88.76,23.37
2002-11-29,0.0,37.1,18.7,80.98,22.67
2002-11-30,0.0,36.45,20.42,77.55,23.03
2002-12-01,0.0,35.67,20.76,43.28,21.05
2002-12-02,0.0,33.62,19.61,54.62,18.37
2002-12-03,0.0,34.73,18.61,59.81,16.45
2002-12-04,0.0,35.79,17.0,64.33,16.51
2002-12-05,0.0,30.65,16.48,61.59,21.96
2002-12-06,0.0,33.52,19.99,68.94,26.89
2002-12-07,0.0,31.73,19.83,85.21,34.2
2002-12-08,0.0,31.58,20.73,77.18,28.99
2002-12-09,0.0,30.95,20.64,65.06,27.24
2002-12-10,0.0,33.91,20.2,79.32,31.81
2002-12-11,0.0,34.79,18.94,82.14,28.66
2002-12-12,0.0,35.44,18.19,85.43,27.24
2002-12-13,0.0,36.31,18.03,87.67,30.95
2002-12-14,0.0,36.82,21.68,69.09,23.1
2002-12-15,0.0,38.9,20.63,48.03,18.89
2002-12-16,0.0,38.88,18.02,53.65,17.08
2002-12-17,0.0,39.23,14.86,67.79,18.13
2002-12-18,0.0,40.18,18.15,74.58,19.7
2002-12-19,0.0,39.75,18.77,84.3,19.82
2002-12-20,0.0,38.47,17.02,86.64,12.19
2002-12-21,0.0,37.11,17.11,73.11,9.38
2002-12-22,0.0,37.57,13.87,87.99,10.04
2002-12-23,0.0,38.2,14.36,67.33,9.52
2002-12-24,0.0,36.96,18.17,34.74,11.77
2002-12-25,0.0,36.22,17.67,36.07,12.54
2002-12-26,0.0,35.74,16.58,38.86,14.61
2002-12-27,0.0,35.45,15.07,48.75,14.91
2002-12-28,0.0,35.45,15.57,56.56,15.9
2002-12-29,0.0,34.68,15.61,43.56,16.81
2002-12-30,0.0,35.05,14.81,43.17,9.69
2002-12-31,0.0,35.6,14.77,33.45,8.83
2003-01-01,0.0,35.65,14.47,33.86,7.67
2003-01-02,0.0,34.98,14.91,31.16,8.48
2003-01-03,0.0,36.55,13.35,38.05,9.74
2003-01-04,0.0,36.31,12.62,48.25,10.34
2003-01-05,0.0,34.98,12.52,53.74,11.1
2003-01-06,0.0,34.18,13.49,73.43,9.72
2003-01-07,0.0,33.95,12.62,60.75,10.14
2003-01-08,0.0,33.87,14.14,60.15,13.39
2003-01-09,0.0,34.08,13.76,79.85,17.02
2003-01-10,0.0,30.72,16.74,82.47,27.32
2003-01-11,0.0,30.74,14.66,80.78,23.95
2003-01-12,0.0,30.41,13.66,76.06,25.78
2003-01-13,0.0,31.86,12.65,79.6,23.5
2003-01-14,0.0,33.34,14.31,91.1,21.68
2003-01-15,0.0,30.9,16.31,61.11,20.68
2003-01-16,0.0,29.2,12.84,62.3,22.29
2003-01-17,0.0,30.44,13.58,79.11,26.81
2003-01-18,0.0,32.54,16.07,69.51,31.8
2003-01-19,0.0,33.64,18.17,65.45,26.78
2003-01-20,0.0,34.44,19.8,54.99,19.96
2003-01-21,0.0,34.18,19.04,49.39,18.16
2003-01-22,0.0,34.35,17.95,56.43,17.24
2003-01-23,0.0,35.86,15.07,52.34,14.18
2003-01-24,0.0,36.91,15.87,55.2,16.79
2003-01-25,0.0,38.54,18.19,47.13,15.1
2003-01-26,0.0,35.8,21.13,41.72,14.64
2003-01-27,0.0,30.25,19.8,26.59,8.86
2003-01-28,0.0,32.26,15.9,26.26,9.4
2003-01-29,0.0,31.65,15.7,41.11,10.45
2003-01-30,0.0,32.4,14.46,49.93,12.7
2003-01-31,0.0,33.34,14.91,48.91,9.93
2003-02-01,0.0,32.72,15.31,70.82,18.26
2003-02-02,0.0,35.77,15.41,74.98,17.25
2003-02-03,0.0,38.43,15.28,67.81,12.06
2003-02-04,0.0,38.67,17.08,59.55,9.36
2003-02-05,0.0,38.8,17.36,61.65,10.7
2003-02-06,0.0,39.22,16.76,55.57,12.64
2003-02-07,0.0,37.32,16.83,85.92,20.95
2003-02-08,0.0,30.56,15.56,97.85,35.65
2003-02-09,0.0,28.27,15.98,97.78,42.84
2003-02-10,0.0,29.22,16.29,88.63,34.14
2003-02-11,0.0,25.5,17.08,89.43,53.64
2003-02-12,0.0,30.63,17.43,85.79,38.1
2003-02-13,0.0,29.95,17.74,90.08,39.82
2003-02-14,0.0,30.65,17.15,86.38,28.39
2003-02-15,0.0,32.62,15.27,88.96,23.18
2003-02-16,0.0,34.06,15.09,77.07,14.79
2003-02-17,0.0,34.09,16.25,43.07,17.51
2003-02-18,0.0,35.91,16.58,55.64,17.68
2003-02-19,0.0,36.43,16.26,45.6,17.34
2003-02-20,0.0,36.42,15.92,75.87,22.28
2003-02-21,0.0,33.09,13.3,94.07,22.92
2003-02-22,0.0,34.58,13.92,95.16,23.1
2003-02-23,0.0,31.75,16.56,94.8,30.46
2003-02-24,0.0,32.02,15.91,91.89,29.27
2003-02-25,0.0,32.69,15.57,92.27,31.08
2003-02-26,0.0,35.18,14.75,88.74,23.97
2003-02-27,0.0,39.4,17.3,67.71,10.1
2003-02-28,0.0,39.26,19.68,43.8,17.24
2003-03-01,0.0,40.98,17.17,64.17,14.89
2003-03-02,0.0,38.93,22.96,53.86,11.41
2003-03-03,0.0,38.85,19.9,38.95,12.03
2003-03-04,0.0,39.71,20.69,37.96,15.79
2003-03-05,0.0,38.52,18.89,40.96,11.51
2003-03-06,0.0,38.09,18.32,44.44,11.37
2003-03-07,0.0,39.75,18.37,52.1,8.93
2003-03-08,0.0,40.46,18.29,83.37,13.06
2003-03-09,0.0,39.68,17.91,91.07,18.74
2003-03-10,0.0,40.52,19.57,53.88,8.61
2003-03-11,0.0,39.73,18.01,39.12,9.23
2003-03-12,0.0,37.16,17.61,93.3,23.45
2003-03-13,0.0,35.51,15.41,98.55,31.35
2003-03-14,0.0,37.52,16.22,97.66,18.5
2003-03-15,0.0,39.67,17.64,84.98,18.95
2003-03-16,0.0,34.94,16.86,79.77,21.61
2003-03-17,0.0,35.3,17.46,86.51,30.98
2003-03-18,0.0,37.54,17.28,89.02,24.77
2003-03-19,0.0,39.91,18.66,86.35,22.16
2003-03-20,0.0,36.72,17.09,88.71,25.75
2003-03-21,0.0,28.46,16.67,93.21,37.6
2003-03-22,0.0,32.17,15.24,94.75,29.38
2003-03-23,0.0,34.87,14.9,86.82,24.08
2003-03-24,0.0,37.44,16.14,83.08,16.12
2003-03-25,0.0,38.66,17.72,73.53,18.29
2003-03-26,0.0,39.78,17.92,70.97,14.6
2003-03-27,0.0,38.77,17.84,65.94,14.17
2003-03-28,0.0,40.93,18.46,76.74,17.46
2003-03-29,0.0,41.2,18.51,87.63,15.37
2003-03-30,0.0,40.62,16.53,94.41,16.79
2003-03-31,0.0,41.71,18.86,57.14,12.73
2003-04-01,0.0,42.35,22.15,41.62,11.4
2003-04-02,0.0,42.92,21.41,58.43,13.96
2003-04-03,0.0,39.88,18.19,80.95,13.73
2003-04-04,0.0,37.9,17.01,87.39,20.31
2003-04-05,0.0,34.23,16.91,84.69,28.48
2003-04-06,0.0,33.09,17.24,91.5,35.23
2003-04-07,0.0,31.43,17.45,90.94,36.48
2003-04-08,0.0,31.69,17.01,83.64,33.0
2003-04-09,0.0,33.68,16.38,86.0,29.58
2003-04-10,0.0,35.76,17.04,85.06,23.78
2003-04-11,0.0,39.48,18.04,74.95,19.38
2003-04-12,0.0,42.59,20.53,47.88,11.47
2003-04-13,0.0,36.85,19.63,68.58,21.11
2003-04-14,0.0,36.09,18.66,82.72,22.43
2003-04-15,0.0,37.16,16.45,83.96,18.07
2003-04-16,0.0,38.51,17.01,76.91,16.21
2003-04-17,0.0,38.44,17.86,73.67,20.85
2003-04-18,0.0,39.25,18.73,77.16,17.69
2003-04-19,0.0,39.01,19.0,78.61,20.97
2003-04-20,0.0,38.27,17.91,86.0,23.71
2003-04-21,0.0,36.88,17.16,81.62,24.7
2003-04-22,0.0,38.37,18.32,81.02,22.55
2003-04-23,0.0,40.5,19.79,67.27,19.22
2003-04-24,0.0,40.82,20.81,62.81,18.15
2003-04-25,0.0,41.41,20.85,61.96,16.08
2003-04-26,0.0,41.34,20.32,67.17,19.19
2003-04-27,0.0,42.15,20.95,71.18,20.06
2003-04-28,0.0,37.3,19.31,79.77,24.81
2003-04-29,0.0,37.29,20.68,87.1,28.01
2003-04-30,0.0,39.81,20.49,92.01,22.59
2003-05-01,0.0,41.13,22.96,64.43,20.16
2003-05-02,0.0,39.51,21.08,84.42,23.03
2003-05-03,0.0,36.31,19.89,88.4,31.52
2003-05-04,0.0,38.98,19.83,89.32,26.96
2003-05-05,0.0,40.0,20.34,80.56,23.69
2003-05-06,0.0,35.72,19.87,89.89,31.19
2003-05-07,0.0,36.8,20.31,83.79,30.35
2003-05-08,0.0,37.53,19.97,87.38,29.28
2003-05-09,0.0,37.01,19.29,91.46,31.65
2003-05-10,0.0,35.86,18.97,97.08,32.22
2003-05-11,0.0,36.15,18.72,97.61,31.79
2003-05-12,0.0,34.61,18.76,98.52,34.4
2003-05-13,0.0,36.02,18.52,98.3,29.56
2003-05-14,0.0,36.07,18.3,97.49,29.53
2003-05-15,0.0,36.66,18.32,98.71,28.76
2003-05-16,0.0,35.13,18.6,98.43,33.11
2003-05-17,0.0,36.2,19.34,96.88,27.53
2003-05-18,0.0,36.24,18.77,98.03,25.87
2003-05-19,0.0,38.76,19.49,96.05,25.59
2003-05-20,0.0,41.29,22.57,84.75,20.94
2003-05-21,0.0,38.32,23.24,76.94,29.27
2003-05-22,0.0,34.37,23.82,87.19,42.28
2003-05-23,0.0,37.83,22.17,96.06,27.43
2003-05-24,0.0,37.65,21.75,91.31,29.74
2003-05-25,0.0,36.87,21.86,95.19,35.45
2003-05-26,0.0,39.49,21.85,97.49,20.05
2003-05-27,0.0,38.58,19.91,91.98,19.47
2003-05-28,0.0,34.34,20.23,94.4,33.05
2003-05-29,0.0,32.8,18.62,97.07,37.93
2003-05-30,0.0,33.41,17.84,94.69,35.84
2003-05-31,0.0,34.7,18.7,94.94,33.8
2003-06-01,0.0,35.45,20.08,93.01,33.18
2003-06-02,0.0,36.48,20.73,94.92,28.3
2003-06-03,0.03,35.4,19.71,93.7,33.74
2003-06-04,0.0,36.15,20.68,93.37,33.6
2003-06-05,0.0,35.99,21.02,95.09,35.83
2003-06-06,0.0,36.24,22.22,91.59,38.76
2003-06-07,1.94,38.16,21.84,88.62,34.33
2003-06-08,0.0,37.02,23.41,89.79,37.94
2003-06-09,0.0,36.39,23.02,91.42,35.81
2003-06-10,0.0,35.87,21.01,92.23,37.61
2003-06-11,0.0,36.13,21.34,88.47,32.3
2003-06-12,0.01,35.78,20.36,93.91,27.98
2003-06-13,0.0,36.91,20.39,93.51,29.26
2003-06-14,0.0,37.6,21.28,92.69,28.66
2003-06-15,0.0,37.5,23.45,93.5,37.14
2003-06-16,0.01,37.5,22.72,91.79,33.38
2003-06-17,0.0,34.24,22.76,93.47,47.53
2003-06-18,0.0,35.31,22.51,91.34,40.51
2003-06-19,0.0,35.95,22.77,95.06,35.58
2003-06-20,0.0,34.26,21.43,95.91,41.2
2003-06-21,0.0,34.22,22.61,90.43,46.41
2003-06-22,0.0,33.75,22.08,91.58,49.01
2003-06-23,0.0,34.95,22.14,92.2,38.66
2003-06-24,0.09,35.92,22.8,88.14,38.77
2003-06-25,2.2,34.54,21.76,93.34,44.19
2003-06-26,0.0,35.69,22.34,93.34,37.41
2003-06-27,4.23,35.57,24.01,92.44,45.91
2003-06-28,1.41,33.18,21.55,95.75,51.33
2003-06-29,0.05,32.88,22.32,89.38,54.29
2003-06-30,0.08,34.44,23.76,91.7,51.52
2003-07-01,0.0,33.2,24.08,91.62,53.3
2003-07-02,0.0,33.46,23.08,89.51,50.77
2003-07-03,0.0,34.67,23.72,87.56,48.64
2003-07-04,0.0,36.6,24.19,89.47,41.22
2003-07-05,0.0,35.65,23.75,88.93,41.02
2003-07-06,0.0,34.79,23.91,86.79,43.35
2003-07-07,0.0,34.06,24.23,86.71,46.17
2003-07-08,0.0,35.95,23.63,87.21,45.54
2003-07-09,0.01,33.44,24.81,83.03,52.18
2003-07-10,4.45,34.62,23.71,92.39,46.07
2003-07-11,0.1,34.65,23.67,94.89,55.85
2003-07-12,0.36,33.81,23.38,95.01,53.07
2003-07-13,0.0,35.65,23.43,91.58,44.94
2003-07-14,0.0,34.53,23.7,90.95,48.11
2003-07-15,0.05,35.93,23.91,89.01,43.65
2003-07-16,10.55,35.02,24.56,93.0,48.16
2003-07-17,0.38,31.96,22.91,94.15,61.35
2003-07-18,0.0,34.22,22.94,93.4,47.95
2003-07-19,1.34,35.61,24.25,88.77,44.31
2003-07-20,11.46,34.56,24.56,91.77,50.11
2003-07-21,18.55,33.33,22.56,99.31,57.49
2003-07-22,0.07,31.38,22.51,95.46,64.4
2003-07-23,0.0,33.67,23.58,93.37,53.74
2003-07-24,0.0,34.08,24.69,89.58,50.5
2003-07-25,0.39,33.97,24.38,89.67,52.78
2003-07-26,17.23,32.43,23.54,93.34,61.73
2003-07-27,6.61,35.02,23.54,95.23,53.85
2003-07-28,0.28,35.19,21.96,95.05,55.29
2003-07-29,0.06,34.87,24.84,91.4,53.43
2003-07-30,0.51,33.5,23.64,90.94,57.92
2003-07-31,2.63,33.37,23.77,91.9,58.6
2003-08-01,0.03,33.68,23.78,92.82,55.4
2003-08-02,0.02,34.35,23.19,90.66,52.67
2003-08-03,0.0,34.5,23.7,92.23,50.66
2003-08-04,0.0,34.65,23.47,91.99,51.97
2003-08-05,0.0,34.0,23.52,91.13,54.59
2003-08-06,0.18,34.97,23.48,90.29,48.87
2003-08-07,0.04,35.08,23.44,95.73,52.0
2003-08-08,1.5,31.92,24.85,93.24,67.02
2003-08-09,0.15,32.29,24.32,95.04,65.89
2003-08-10,0.01,31.03,24.19,91.56,66.09
2003-08-11,0.0,32.16,22.29,91.13,55.44
2003-08-12,0.56,35.4,23.15,87.33,44.39
2003-08-13,0.0,35.05,24.18,89.93,46.28
2003-08-14,0.0,35.08,23.98,93.39,47.44
2003-08-15,0.06,32.72,23.68,92.27,57.96
2003-08-16,11.47,31.49,22.73,96.95,65.81
2003-08-17,41.12,34.21,23.63,97.69,58.54
2003-08-18,0.12,31.68,21.18,96.9,69.44
2003-08-19,0.0,32.35,23.58,94.34,61.2
2003-08-20,2.61,34.28,22.99,96.17,58.31
2003-08-21,12.56,33.47,24.63,92.64,63.5
2003-08-22,12.62,30.97,20.52,96.3,72.05
2003-08-23,2.12,30.41,21.91,99.74,76.65
2003-08-24,1.04,32.24,23.91,98.61,65.5
2003-08-25,0.0,30.5,22.39,95.11,70.85
2003-08-26,0.0,33.15,22.47,95.8,60.36
2003-08-27,0.0,34.74,23.65,97.24,56.22
2003-08-28,0.0,33.98,24.68,94.63,60.48
2003-08-29,0.3,33.54,23.05,93.73,59.14
2003-08-30,5.32,34.98,24.43,94.74,56.02
2003-08-31,3.94,33.47,23.77,96.94,64.26
2003-09-01,1.55,34.41,22.62,99.55,56.27
2003-09-02,0.0,34.18,23.35,95.94,60.12
2003-09-03,0.0,34.63,23.94,94.24,57.5
2003-09-04,2.47,32.78,23.58,97.76,61.95
2003-09-05,16.94,28.31,21.29,98.52,83.79
2003-09-06,0.1,32.68,22.15,98.87,67.73
2003-09-07,0.0,32.99,22.23,97.42,52.69
2003-09-08,19.93,32.73,23.52,98.14,62.48
2003-09-09,35.26,29.95,22.74,98.71,77.11
2003-09-10,0.11,31.51,21.66,99.09,72.87
2003-09-11,0.05,34.13,22.68,97.27,62.07
2003-09-12,4.71,34.56,23.36,96.75,63.72
2003-09-13,0.0,34.49,21.28,92.59,52.45
2003-09-14,14.04,33.28,23.19,97.85,63.15
2003-09-15,0.0,33.12,20.83,96.99,58.89
2003-09-16,1.63,35.31,23.66,92.94,54.22
2003-09-17,8.35,30.9,23.5,94.95,72.0
2003-09-18,3.77,31.4,22.35,98.9,69.2
2003-09-19,0.0,34.96,22.56,96.83,54.01
2003-09-20,0.0,34.57,23.78,94.26,59.67
2003-09-21,0.39,34.74,24.13,94.86,53.33
2003-09-22,0.99,33.08,23.22,98.38,61.2
2003-09-23,0.23,32.35,22.22,97.85,64.48
2003-09-24,0.0,33.06,21.7,97.96,62.58
2003-09-25,0.0,36.84,23.54,94.35,50.38
2003-09-26,0.0,37.81,23.88,95.22,46.19
2003-09-27,0.0,34.5,24.58,93.53,60.51
2003-09-28,0.0,36.3,24.95,91.8,50.37
2003-09-29,0.0,36.12,23.59,93.12,49.41
2003-09-30,7.39,36.4,25.12,97.53,52.29
2003-10-01,0.36,31.55,21.0,99.4,70.07
2003-10-02,0.0,34.33,23.21,96.89,58.06
2003-10-03,0.0,35.58,24.29,95.57,48.57
2003-10-04,0.0,36.78,24.29,98.88,48.24
2003-10-05,0.0,33.71,23.23,96.91,55.87
2003-10-06,0.0,34.5,23.2,94.92,51.39
2003-10-07,4.44,35.21,24.42,95.28,48.06
2003-10-08,1.69,34.59,22.71,93.92,52.02
2003-10-09,0.05,36.2,22.47,97.25,45.02
2003-10-10,0.0,36.87,23.4,98.74,49.02
2003-10-11,0.0,37.24,24.04,97.83,44.46
2003-10-12,0.0,37.9,23.82,95.07,44.62
2003-10-13,0.0,36.47,24.84,95.42,50.02
2003-10-14,0.0,37.5,23.08,98.78,45.44
2003-10-15,0.0,37.06,24.14,98.51,46.51
2003-10-16,0.0,36.78,23.45,96.5,45.72
2003-10-17,0.0,37.23,23.99,97.54,44.75
2003-10-18,0.0,37.41,22.88,96.77,38.07
2003-10-19,0.51,36.67,23.9,95.7,40.88
2003-10-20,24.25,34.89,22.52,97.88,49.35
2003-10-21,14.8,30.67,20.99,98.22,68.61
2003-10-22,0.01,31.77,21.32,98.24,71.02
2003-10-23,0.0,33.15,22.05,98.21,57.53
2003-10-24,0.19,33.48,22.78,94.15,54.61
2003-10-25,0.0,33.07,23.04,93.08,52.73
2003-10-26,0.0,33.4,22.34,91.15,48.61
2003-10-27,0.0,34.94,21.92,88.59,39.96
2003-10-28,0.0,36.56,22.69,97.77,45.67
2003-10-29,0.0,37.89,22.77,97.07,40.36
2003-10-30,0.0,36.8,23.54,96.34,44.97
2003-10-31,0.0,34.36,23.61,94.71,50.72
2003-11-01,0.0,33.75,21.45,94.73,44.46
2003-11-02,0.0,34.22,20.01,95.61,45.12
2003-11-03,0.0,36.47,19.78,97.78,36.34
2003-11-04,0.0,36.84,20.91,98.99,39.75
2003-11-05,0.0,39.26,21.55,96.32,20.16
2003-11-06,0.0,37.9,19.86,86.24,21.61
2003-11-07,0.0,37.68,18.0,92.79,22.4
2003-11-08,0.0,36.08,18.5,93.2,32.02
2003-11-09,0.06,35.67,19.45,94.88,37.65
2003-11-10,0.0,35.89,21.36,84.2,39.23
2003-11-11,0.0,37.04,22.33,85.11,34.56
2003-11-12,0.0,38.88,20.28,82.5,26.46
2003-11-13,0.0,38.5,18.51,82.55,24.05
2003-11-14,0.0,36.71,17.78,81.33,22.63
2003-11-15,0.0,36.31,15.24,79.06,22.87
2003-11-16,0.0,37.03,16.96,65.11,24.72
2003-11-17,0.0,36.35,16.11,91.89,27.59
2003-11-18,0.0,36.35,16.0,96.92,27.95
2003-11-19,0.0,33.65,16.15,92.77,30.41
2003-11-20,0.0,31.35,19.03,92.65,37.09
2003-11-21,0.0,35.26,17.26,96.58,31.67
2003-11-22,0.0,34.82,18.84,88.52,32.59
2003-11-23,0.0,31.55,18.11,89.23,38.82
2003-11-24,0.0,34.43,18.15,89.07,35.24
2003-11-25,0.0,35.48,20.3,87.98,33.46
2003-11-26,0.0,35.54,18.83,86.75,36.09
2003-11-27,0.0,36.46,19.37,87.94,32.85
2003-11-28,0.0,37.13,18.08,88.49,28.24
2003-11-29,0.0,37.96,19.26,85.28,24.62
2003-11-30,0.0,38.83,17.74,79.7,26.96
2003-12-01,0.0,37.83,18.44,67.9,27.17
2003-12-02,0.0,35.56,17.18,79.02,29.03
2003-12-03,0.0,34.3,14.87,80.61,25.1
2003-12-04,0.0,32.25,13.93,89.41,33.82
2003-12-05,0.21,33.71,15.1,81.24,26.7
2003-12-06,0.0,32.65,18.77,83.52,34.3
2003-12-07,0.0,32.91,20.11,91.17,34.62
2003-12-08,0.0,37.38,17.67,89.38,23.98
2003-12-09,0.0,37.7,18.38,73.28,19.02
2003-12-10,0.0,39.15,16.98,76.96,22.76
2003-12-11,0.0,36.7,17.37,79.94,29.59
2003-12-12,0.0,35.36,15.4,80.16,31.41
2003-12-13,0.0,36.09,14.7,91.08,32.68
2003-12-14,0.0,34.75,16.59,77.63,29.87
2003-12-15,0.0,34.22,16.05,67.15,19.95
2003-12-16,0.0,35.24,14.44,70.1,21.42
2003-12-17,0.0,35.33,14.96,82.71,22.29
2003-12-18,0.0,35.87,14.82,76.94,19.66
2003-12-19,0.0,36.72,14.83,63.49,20.57
2003-12-20,0.0,36.84,14.98,78.67,21.41
2003-12-21,0.0,35.77,16.62,81.39,25.34
2003-12-22,0.0,34.78,17.28,83.05,23.79
2003-12-23,0.0,34.9,18.26,65.06,15.64
2003-12-24,0.0,36.0,16.44,74.07,13.14
2003-12-25,0.0,36.29,15.85,39.33,14.33
2003-12-26,0.0,34.37,16.35,37.33,15.93
2003-12-27,0.0,32.12,16.35,31.37,18.71
2003-12-28,0.0,30.75,15.03,34.5,21.28
2003-12-29,0.0,29.96,15.47,35.43,20.51
2003-12-30,0.0,33.75,14.74,41.03,16.53
2003-12-31,0.0,35.18,12.16,47.35,16.02
2004-01-01,0.0,34.93,14.86,54.38,16.91
2004-01-02,0.0,34.46,14.54,58.75,18.93
2004-01-03,0.0,34.35,14.97,63.49,18.05
2004-01-04,0.0,33.24,14.89,70.89,20.16
2004-01-05,0.0,33.57,17.93,76.96,20.78
2004-01-06,0.0,36.09,16.82,82.22,15.67
2004-01-07,0.0,31.06,19.38,69.14,25.61
2004-01-08,0.0,31.07,21.48,55.31,20.97
2004-01-09,0.0,28.57,18.17,55.22,30.46
2004-01-10,0.0,33.55,18.13,56.86,23.46
2004-01-11,0.0,35.14,18.66,54.61,17.07
2004-01-12,0.0,32.6,18.83,58.95,18.09
2004-01-13,0.07,26.65,19.44,74.5,42.43
2004-01-14,0.05,30.47,18.37,78.42,22.65
2004-01-15,0.0,33.9,17.02,90.03,27.68
2004-01-16,0.0,34.09,16.09,89.76,28.23
2004-01-17,0.0,34.06,15.83,89.58,28.09
2004-01-18,0.0,34.76,15.74,73.83,22.79
2004-01-19,0.0,33.52,14.35,93.18,25.7
2004-01-20,0.0,32.43,14.41,98.18,24.75
2004-01-21,0.0,33.89,13.44,87.82,16.58
2004-01-22,0.0,32.67,14.83,56.84,15.01
2004-01-23,0.0,32.39,14.42,49.55,12.88
2004-01-24,0.0,32.78,15.06,55.99,13.53
2004-01-25,0.0,32.31,13.01,57.83,13.55
2004-01-26,0.0,33.81,11.15,71.49,11.67
2004-01-27,0.0,35.6,12.76,48.48,10.75
2004-01-28,0.0,35.73,14.7,39.16,8.55
2004-01-29,0.0,35.67,14.36,68.97,8.4
2004-01-30,0.0,33.44,17.49,50.88,10.18
2004-01-31,0.0,33.4,13.94,42.36,12.37
2004-02-01,0.0,35.33,14.39,56.28,12.87
2004-02-02,0.0,36.67,12.6,62.51,12.81
2004-02-03,0.0,37.81,14.8,45.99,14.69
2004-02-04,0.0,37.4,17.43,45.24,15.8
2004-02-05,0.0,35.05,18.0,27.61,15.66
2004-02-06,0.0,34.62,15.53,33.94,19.88
2004-02-07,0.0,35.27,16.08,33.0,21.3
2004-02-08,0.0,35.62,17.39,38.26,16.41
2004-02-09,0.0,35.52,16.69,62.85,12.68
2004-02-10,0.0,33.84,15.94,78.24,20.72
2004-02-11,0.0,32.43,15.15,89.08,25.05
2004-02-12,0.0,32.51,16.61,76.64,28.2
2004-02-13,0.0,34.92,18.45,84.68,21.16
2004-02-14,0.0,34.33,19.94,78.51,26.88
2004-02-15,0.0,39.58,18.21,71.81,18.49
2004-02-16,0.0,40.72,17.22,77.88,13.26
2004-02-17,0.0,40.47,15.96,85.47,12.85
2004-02-18,0.0,37.49,16.54,96.46,24.38
2004-02-19,0.0,30.52,17.11,98.72,43.26
2004-02-20,0.0,30.55,16.33,98.78,43.61
2004-02-21,0.0,31.75,16.26,99.38,38.47
2004-02-22,0.0,32.09,15.91,97.09,38.64
2004-02-23,0.0,33.9,16.91,94.22,34.92
2004-02-24,0.0,33.42,17.46,92.06,33.71
2004-02-25,0.0,35.03,18.92,86.14,31.57
2004-02-26,0.0,36.2,19.05,79.78,30.55
2004-02-27,0.0,35.35,18.01,88.26,36.08
2004-02-28,0.0,34.32,17.8,85.29,35.69
2004-02-29,0.0,34.07,16.79,85.15,29.28
2004-03-01,0.0,34.19,16.35,74.66,16.08
2004-03-02,0.0,36.56,14.35,76.83,15.12
2004-03-03,0.0,38.43,16.81,41.86,14.25
2004-03-04,0.0,36.83,18.67,35.36,16.99
2004-03-05,0.0,33.03,18.33,31.55,15.09
2004-03-06,0.0,35.69,16.53,38.74,21.66
2004-03-07,0.0,37.17,15.87,48.88,21.56
2004-03-08,0.0,38.92,17.2,47.75,11.64
2004-03-09,0.0,38.99,18.95,52.27,11.52
2004-03-10,0.0,38.49,16.65,81.1,16.55
2004-03-11,0.0,40.59,16.82,83.66,15.21
2004-03-12,0.0,41.62,18.4,74.5,12.27
2004-03-13,0.0,40.71,20.16,66.34,16.23
2004-03-14,0.0,40.14,18.66,68.57,15.43
2004-03-15,0.0,38.56,18.41,62.68,14.37
2004-03-16,0.0,39.84,17.8,64.16,16.09
2004-03-17,0.0,42.16,18.58,74.93,17.63
2004-03-18,0.0,42.65,18.07,81.37,7.02
2004-03-19,0.0,40.79,19.73,56.51,8.28
2004-03-20,0.0,41.05,20.32,62.29,10.55
2004-03-21,0.0,38.57,19.5,80.28,27.19
2004-03-22,0.0,35.95,16.62,96.88,28.0
2004-03-23,0.0,33.97,16.6,99.05,31.59
2004-03-24,0.0,34.87,16.84,97.2,30.09
2004-03-25,0.0,35.9,18.32,95.13,27.62
2004-03-26,0.01,34.29,19.46,94.41,34.54
2004-03-27,0.0,33.54,17.97,96.43,32.86
2004-03-28,0.0,32.1,17.6,97.09,38.8
2004-03-29,0.0,31.91,16.82,96.04,35.53
2004-03-30,0.0,34.32,17.3,80.2,28.24
2004-03-31,0.0,35.11,17.94,84.47,31.42
2004-04-01,0.0,36.55,18.8,83.39,29.57
2004-04-02,0.0,38.42,18.77,89.4,27.15
2004-04-03,0.0,39.08,19.28,94.41,22.8
2004-04-04,0.0,38.59,19.62,94.35,28.08
2004-04-05,0.0,42.31,20.67,89.06,24.61
2004-04-06,0.0,40.79,19.63,92.96,28.41
2004-04-07,0.0,38.87,20.08,92.8,31.56
2004-04-08,0.0,37.78,18.27,96.96,24.12
2004-04-09,0.0,36.52,17.96,93.42,31.27
2004-04-10,0.0,34.31,17.25,94.96,34.14
2004-04-11,0.0,35.2,16.58,95.44,30.04
2004-04-12,0.0,35.03,18.79,78.93,30.36
2004-04-13,0.0,35.11,18.0,85.54,31.65
2004-04-14,0.0,28.31,17.29,86.4,44.12
2004-04-15,0.0,32.68,15.47,85.0,30.98
2004-04-16,0.0,35.3,15.81,88.55,27.63
2004-04-17,0.0,33.45,17.07,87.74,30.53
2004-04-18,0.0,35.1,16.22,77.96,21.94
2004-04-19,0.0,39.27,18.15,80.85,14.83
2004-04-20,0.0,38.2,20.18,65.0,25.15
2004-04-21,0.0,39.35,18.24,87.48,26.68
2004-04-22,0.0,40.26,17.84,91.65,22.96
2004-04-23,0.0,37.87,17.15,92.33,28.75
2004-04-24,0.0,37.92,17.39,95.88,27.24
2004-04-25,0.0,36.57,17.48,97.25,32.39
2004-04-26,0.0,33.86,17.08,96.12,32.78
2004-04-27,0.0,34.51,18.19,89.71,32.89
2004-04-28,0.0,32.5,17.61,82.04,34.08
2004-04-29,0.0,34.63,17.52,81.95,29.46
2004-04-30,0.0,37.21,17.77,79.26,27.36
2004-05-01,0.0,37.42,18.17,86.79,24.63
2004-05-02,0.0,38.13,18.49,84.43,24.21
2004-05-03,0.0,37.63,19.25,85.15,25.76
2004-05-04,0.0,37.37,17.85,81.52,24.09
2004-05-05,0.0,39.42,18.33,78.02,20.76
2004-05-06,0.0,41.49,18.96,67.09,12.88
2004-05-07,0.0,40.44,17.74,77.63,20.04
2004-05-08,0.0,38.62,18.04,76.25,24.97
2004-05-09,0.0,39.0,19.63,73.16,24.51
2004-05-10,0.0,38.34,18.21,77.46,24.11
2004-05-11,0.0,38.61,17.72,83.14,24.79
2004-05-12,0.0,39.69,18.02,78.12,23.27
2004-05-13,0.0,39.83,18.65,71.83,21.75
2004-05-14,0.0,37.32,18.27,79.83,27.35
2004-05-15,0.0,36.37,17.36,85.04,25.84
2004-05-16,0.0,35.52,18.58,91.78,28.31
2004-05-17,0.0,36.14,17.71,97.12,25.27
2004-05-18,0.0,36.23,17.62,97.36,22.78
2004-05-19,0.0,41.16,18.11,88.0,18.9
2004-05-20,0.0,44.32,21.66,80.11,11.24
2004-05-21,0.0,38.82,20.57,86.05,27.81
2004-05-22,0.0,40.01,19.77,85.46,23.91
2004-05-23,0.0,42.42,20.17,83.98,19.31
2004-05-24,0.0,35.38,21.6,75.97,31.82
2004-05-25,0.0,36.25,21.44,80.55,31.19
2004-05-26,0.0,38.26,19.3,86.59,27.39
2004-05-27,0.0,39.6,18.79,80.39,20.82
2004-05-28,0.0,35.24,18.62,82.91,31.3
2004-05-29,0.0,36.21,20.79,84.83,36.06
2004-05-30,0.0,36.95,21.64,87.02,28.51
2004-05-31,0.0,39.04,20.5,93.1,27.67
2004-06-01,0.0,40.75,21.24,82.73,23.71
2004-06-02,0.0,34.39,22.21,95.76,47.71
2004-06-03,1.79,34.76,22.44,90.05,44.91
2004-06-04,0.0,34.48,22.3,96.32,49.07
2004-06-05,0.0,37.0,22.01,96.38,36.13
2004-06-06,0.0,35.62,22.09,97.57,47.89
2004-06-07,0.0,35.3,22.45,94.58,46.46
2004-06-08,0.0,36.4,21.29,95.34,42.85
2004-06-09,0.0,37.46,21.94,91.9,37.82
2004-06-10,0.09,36.32,22.35,98.64,39.47
2004-06-11,0.0,37.49,20.85,97.51,32.74
2004-06-12,0.0,36.15,21.57,95.89,41.85
2004-06-13,0.0,34.06,22.43,95.28,46.32
2004-06-14,0.02,35.99,22.17,96.19,43.03
2004-06-15,0.0,36.42,22.58,92.47,34.86
2004-06-16,0.0,35.55,21.44,94.25,40.5
2004-06-17,0.0,36.6,20.91,95.47,37.22
2004-06-18,0.0,35.61,21.4,96.09,49.14
2004-06-19,0.0,38.44,22.96,95.01,41.41
2004-06-20,0.0,36.4,22.49,95.87,41.99
2004-06-21,0.0,36.15,21.08,94.2,37.32
2004-06-22,0.0,36.92,20.6,92.49,42.52
2004-06-23,0.0,38.63,22.55,94.24,28.4
2004-06-24,0.0,42.83,22.3,97.91,20.61
2004-06-25,0.03,36.15,22.99,91.74,41.92
2004-06-26,5.84,37.21,23.73,91.39,42.9
2004-06-27,0.03,34.82,21.73,93.34,50.33
2004-06-28,0.81,35.74,22.43,95.99,44.24
2004-06-29,0.04,35.43,21.61,97.66,42.8
2004-06-30,0.0,36.44,22.8,97.15,39.73
2004-07-01,0.0,34.37,23.82,89.62,47.52
2004-07-02,0.0,36.27,22.19,90.13,45.44
2004-07-03,0.0,34.75,24.0,92.16,49.77
2004-07-04,0.0,36.25,23.12,92.66,44.37
2004-07-05,0.02,36.17,23.47,91.76,45.52
2004-07-06,10.37,32.35,22.99,95.97,59.91
2004-07-07,0.0,35.2,23.9,96.04,45.56
2004-07-08,0.0,35.94,22.82,95.91,48.51
2004-07-09,0.0,35.42,23.59,90.88,49.2
2004-07-10,0.0,36.7,23.19,93.19,44.1
2004-07-11,0.0,35.52,23.8,90.88,48.82
2004-07-12,1.33,33.01,22.6,93.04,51.13
2004-07-13,0.0,33.01,23.47,96.44,54.55
2004-07-14,0.07,35.36,23.49,97.59,48.63
2004-07-15,0.0,33.29,24.3,96.17,49.95
2004-07-16,0.0,35.31,22.13,95.45,45.95
2004-07-17,0.0,33.93,22.22,94.77,53.48
2004-07-18,0.01,34.55,21.98,90.9,51.54
2004-07-19,0.0,34.55,23.12,92.23,48.66
2004-07-20,0.0,36.04,24.07,86.13,46.54
2004-07-21,0.0,33.45,24.42,81.77,44.95
2004-07-22,4.66,35.15,21.57,94.51,43.71
2004-07-23,1.16,30.59,22.99,98.46,54.86
2004-07-24,9.22,28.8,21.77,98.72,79.56
2004-07-25,0.88,32.04,23.55,98.42,61.39
2004-07-26,4.01,32.82,22.47,98.62,57.3
2004-07-27,1.5,31.91,22.66,97.34,58.79
2004-07-28,0.08,32.03,23.63,96.49,61.86
2004-07-29,11.88,32.14,22.39,97.91,67.33
2004-07-30,1.07,35.46,23.69,98.61,54.31
2004-07-31,7.13,33.54,24.16,97.77,59.36
2004-08-01,20.33,32.9,21.64,96.79,59.25
2004-08-02,0.0,32.12,22.76,97.92,65.79
2004-08-03,24.53,27.8,21.02,98.56,75.74
2004-08-04,0.0,33.5,22.4,98.06,58.23
2004-08-05,0.0,33.89,23.39,96.0,56.22
2004-08-06,0.02,33.83,24.19,95.95,61.98
2004-08-07,11.05,34.65,24.49,95.33,57.81
2004-08-08,5.16,34.47,22.38,95.52,59.07
2004-08-09,0.16,33.85,22.98,96.3,57.63
2004-08-10,0.03,35.75,23.78,95.56,51.86
2004-08-11,0.0,39.94,24.79,90.59,37.1
2004-08-12,0.28,36.49,25.14,93.62,53.33
2004-08-13,0.53,33.85,23.34,89.8,50.66
2004-08-14,0.0,32.96,23.83,97.09,65.78
2004-08-15,0.0,33.35,23.48,97.67,65.26
2004-08-16,0.0,35.07,24.23,95.84,57.5
2004-08-17,0.0,33.31,23.8,91.58,59.87
2004-08-18,34.32,34.68,24.19,93.96,55.89
2004-08-19,0.47,33.1,22.01,97.11,63.18
2004-08-20,32.22,33.93,24.4,95.47,65.52
2004-08-21,5.88,31.79,21.48,96.37,71.02
2004-08-22,0.41,34.49,23.13,96.12,62.65
2004-08-23,0.0,34.21,23.04,96.7,66.94
2004-08-24,2.23,34.07,24.12,94.42,60.92
2004-08-25,0.0,33.93,23.12,94.74,56.86
2004-08-26,4.09,34.7,23.87,93.43,56.63
2004-08-27,1.36,33.1,22.64,93.24,70.23
2004-08-28,31.05,31.94,21.33,98.88,77.07
2004-08-29,1.29,31.04,20.21,99.09,66.07
2004-08-30,0.41,30.99,22.36,99.54,75.18
2004-08-31,8.08,31.45,21.83,98.94,72.03
2004-09-01,0.0,34.03,22.33,98.3,62.01
2004-09-02,0.02,33.75,23.94,94.58,61.46
2004-09-03,0.12,30.98,22.0,96.81,67.78
2004-09-04,0.0,34.51,22.45,97.22,57.74
2004-09-05,0.0,36.26,24.04,97.61,57.72
2004-09-06,0.0,34.59,24.28,99.37,58.48
2004-09-07,0.0,35.44,22.54,96.93,53.12
2004-09-08,0.05,35.02,23.64,96.29,55.46
2004-09-09,11.47,34.68,23.5,95.6,59.03
2004-09-10,17.62,33.72,22.36,96.94,63.6
2004-09-11,0.55,34.36,21.35,98.36,57.9
2004-09-12,0.0,34.87,24.86,97.84,61.8
2004-09-13,1.42,35.05,24.62,96.87,60.5
2004-09-14,0.0,34.27,22.74,96.84,62.23
2004-09-15,27.13,35.04,24.53,98.46,60.4
2004-09-16,0.24,29.7,20.85,99.12,75.2
2004-09-17,0.0,33.63,23.49,96.37,66.42
2004-09-18,0.0,34.86,23.26,96.24,62.57
2004-09-19,0.02,34.13,23.89,97.27,63.86
2004-09-20,7.23,33.82,23.73,95.58,60.26
2004-09-21,0.0,33.44,20.91,94.69,62.64
2004-09-22,0.0,29.34,23.24,96.01,74.49
2004-09-23,9.2,34.25,23.53,98.31,58.52
2004-09-24,0.0,34.66,20.66,97.21,57.88
2004-09-25,0.0,33.99,23.53,97.44,58.06
2004-09-26,3.87,34.92,23.35,94.73,56.64
2004-09-27,0.05,34.63,22.57,94.88,61.4
2004-09-28,0.0,35.15,23.55,96.84,55.57
2004-09-29,0.0,34.8,23.04,96.4,53.18
2004-09-30,0.0,36.42,23.47,95.64,47.59
2004-10-01,0.0,36.87,22.72,96.86,48.88
2004-10-02,0.0,36.56,22.14,98.9,47.01
2004-10-03,0.0,37.65,22.83,98.88,44.46
2004-10-04,0.0,38.39,23.04,98.76,47.95
2004-10-05,0.0,39.51,22.49,97.36,41.83
2004-10-06,0.2,36.36,22.97,98.12,56.0
2004-10-07,0.24,33.35,21.38,96.76,62.73
2004-10-08,0.0,35.63,22.84,98.48,53.46
2004-10-09,0.0,33.95,23.33,97.18,57.23
2004-10-10,0.0,38.51,23.24,78.3,25.21
2004-10-11,0.0,37.57,23.49,80.96,35.27
2004-10-12,0.0,37.71,24.31,94.9,38.26
2004-10-13,0.0,38.31,23.85,95.24,40.08
2004-10-14,0.0,38.34,23.94,97.18,37.68
2004-10-15,0.0,40.09,23.51,98.22,33.57
2004-10-16,0.0,37.1,24.23,97.03,51.09
2004-10-17,0.0,38.14,23.32,97.42,34.88
2004-10-18,0.0,37.65,20.89,96.62,31.97
2004-10-19,0.0,37.76,21.46,96.66,30.05
2004-10-20,0.0,40.76,22.67,98.82,23.91
2004-10-21,0.0,39.27,19.96,96.05,33.18
2004-10-22,0.0,37.79,22.22,96.21,45.86
2004-10-23,0.21,37.01,22.42,97.87,47.53
2004-10-24,0.0,34.31,22.27,92.7,50.66
2004-10-25,0.0,38.53,23.64,97.9,34.6
2004-10-26,0.0,40.2,21.9,98.16,26.41
2004-10-27,0.0,40.03,21.58,92.01,28.74
2004-10-28,0.0,38.46,23.73,98.58,43.3
2004-10-29,0.24,37.33,23.52,98.37,45.12
2004-10-30,0.0,38.84,22.04,98.37,28.92
2004-10-31,0.0,37.57,20.56,98.58,37.86
2004-11-01,0.0,37.88,20.75,99.52,36.76
2004-11-02,0.0,37.43,18.23,97.07,28.96
2004-11-03,0.0,37.62,19.15,92.25,32.67
2004-11-04,0.0,36.84,19.28,97.5,35.1
2004-11-05,0.0,35.91,19.16,98.0,44.95
2004-11-06,0.0,35.03,19.56,98.71,46.68
2004-11-07,0.0,34.49,19.57,97.04,48.64
2004-11-08,0.0,35.28,22.4,92.22,42.74
2004-11-09,0.0,36.57,22.32,88.74,39.52
2004-11-10,0.0,35.53,21.61,90.99,36.72
2004-11-11,0.0,38.77,20.14,88.74,30.65
2004-11-12,0.0,35.12,21.28,82.18,40.33
2004-11-13,0.0,35.42,21.14,84.54,36.07
2004-11-14,0.0,37.07,21.29,83.53,27.08
2004-11-15,0.0,37.87,21.14,78.62,24.92
2004-11-16,0.0,37.79,20.98,74.82,29.19
2004-11-17,0.0,37.29,22.09,76.53,30.2
2004-11-18,0.0,37.35,23.29,51.44,19.57
2004-11-19,0.0,35.26,20.82,63.6,18.11
2004-11-20,0.0,36.75,18.41,77.71,17.98
2004-11-21,0.0,38.18,17.09,78.19,17.03
2004-11-22,0.0,39.03,17.55,78.76,20.83
2004-11-23,0.0,39.52,18.74,65.64,16.77
2004-11-24,0.0,39.33,16.72,73.63,18.92
2004-11-25,0.0,39.28,16.32,87.32,20.29
2004-11-26,0.0,38.38,17.74,97.79,21.56
2004-11-27,0.0,38.11,15.86,76.44,20.48
2004-11-28,0.0,37.24,15.81,75.6,19.96
2004-11-29,0.0,37.78,16.7,87.47,18.52
2004-11-30,0.0,34.82,17.07,93.1,27.12
2004-12-01,0.0,33.21,18.01,95.91,38.07
2004-12-02,0.0,33.26,17.93,96.12,41.72
2004-12-03,0.0,32.63,17.69,97.27,43.43
2004-12-04,0.0,35.14,17.07,97.86,30.91
2004-12-05,0.0,35.91,17.06,90.52,25.7
2004-12-06,0.0,36.01,18.09,83.0,23.21
2004-12-07,0.0,34.24,17.98,64.77,22.75
2004-12-08,0.0,32.47,17.64,44.92,22.45
2004-12-09,0.0,34.75,16.6,61.39,17.73
2004-12-10,0.0,35.38,16.29,70.44,21.18
2004-12-11,0.0,34.44,15.57,75.59,21.42
2004-12-12,0.0,35.43,15.31,76.48,22.81
2004-12-13,0.0,32.87,16.18,90.44,30.02
2004-12-14,0.0,29.36,16.83,95.01,49.28
2004-12-15,0.0,30.21,17.51,94.38,53.17
2004-12-16,0.0,30.37,16.97,96.62,47.3
2004-12-17,0.0,31.52,17.68,86.08,38.69
2004-12-18,0.0,35.89,17.33,85.43,28.76
2004-12-19,0.0,35.67,18.27,89.67,32.55
2004-12-20,0.0,36.57,18.14,93.98,31.07
2004-12-21,0.0,35.46,18.34,97.16,34.81
2004-12-22,0.0,34.81,17.75,98.79,35.05
2004-12-23,0.0,36.31,18.22,76.43,23.32
2004-12-24,0.0,34.2,17.96,77.9,29.56
2004-12-25,0.0,32.45,17.14,72.43,24.36
2004-12-26,0.0,31.89,15.93,65.98,21.65
2004-12-27,0.0,31.6,14.91,60.78,23.25
2004-12-28,0.0,31.71,15.84,65.43,20.95
2004-12-29,0.0,34.61,16.67,54.17,18.29
2004-12-30,0.0,32.68,17.02,48.11,14.84
2004-12-31,0.0,33.74,16.91,51.36,10.95
2005-01-01,0.0,32.42,19.01,26.7,15.58
2005-01-02,0.0,31.49,16.51,29.82,15.76
2005-01-03,0.0,30.52,14.81,34.0,16.15
2005-01-04,0.0,30.52,13.17,35.9,12.55
2005-01-05,0.0,32.51,13.08,44.59,14.82
2005-01-06,0.0,33.6,14.9,51.41,13.6
2005-01-07,0.0,32.62,19.01,50.6,18.72
2005-01-08,0.0,32.68,18.06,32.89,13.42
2005-01-09,0.0,33.32,16.12,36.75,17.0
2005-01-10,0.0,33.06,18.26,36.1,14.53
2005-01-11,0.0,32.2,19.97,30.37,18.04
2005-01-12,0.0,32.31,17.25,38.12,17.87
2005-01-13,0.0,30.95,16.55,38.06,18.98
2005-01-14,0.0,33.84,14.73,40.25,12.9
2005-01-15,0.0,33.98,14.49,40.63,13.59
2005-01-16,0.0,34.1,13.87,68.62,18.71
2005-01-17,0.0,32.69,16.66,82.48,23.65
2005-01-18,0.0,35.91,16.76,82.26,16.69
2005-01-19,0.0,34.22,21.63,55.06,12.07
2005-01-20,0.0,34.83,19.14,36.62,14.26
2005-01-21,0.0,36.14,21.03,33.74,15.15
2005-01-22,0.0,35.71,14.47,41.35,13.5
2005-01-23,0.0,35.24,14.92,60.98,21.1
2005-01-24,0.0,34.39,14.1,77.58,25.34
2005-01-25,0.0,33.07,13.82,90.06,27.03
2005-01-26,0.0,32.94,14.29,87.74,15.58
2005-01-27,0.0,32.35,12.69,91.11,20.76
2005-01-28,0.0,31.18,13.19,95.0,26.02
2005-01-29,0.0,32.98,11.97,96.42,20.67
2005-01-30,0.0,32.99,14.09,78.58,22.36
2005-01-31,0.0,32.6,15.34,73.55,21.16
2005-02-01,0.0,32.79,14.52,74.36,23.34
2005-02-02,0.0,34.98,15.07,66.97,15.38
2005-02-03,0.0,34.11,17.56,57.41,19.77
2005-02-04,0.0,33.71,16.98,51.22,21.11
2005-02-05,0.0,32.54,14.59,65.24,17.58
2005-02-06,0.0,32.14,13.85,69.87,23.53
2005-02-07,0.0,31.08,13.18,75.99,12.2
2005-02-08,0.0,30.5,11.2,62.0,14.23
2005-02-09,0.0,32.06,12.47,61.72,14.52
2005-02-10,0.0,33.3,14.44,69.34,11.56
2005-02-11,0.01,34.59,16.14,69.2,15.49
2005-02-12,0.0,28.19,17.45,76.98,31.08
2005-02-13,0.06,33.23,19.1,79.14,31.41
2005-02-14,0.04,30.6,17.59,86.94,46.24
2005-02-15,0.0,32.15,15.46,93.86,38.92
2005-02-16,0.0,33.3,16.83,90.15,32.42
2005-02-17,0.0,33.46,16.58,78.19,28.1
2005-02-18,0.01,32.69,16.43,87.77,33.27
2005-02-19,0.0,33.15,16.51,90.16,34.5
2005-02-20,0.02,32.34,17.55,89.25,40.07
2005-02-21,0.0,31.85,15.96,97.1,43.92
2005-02-22,0.0,32.84,16.86,83.14,32.96
2005-02-23,0.0,32.06,18.23,68.31,33.26
2005-02-24,0.0,31.57,17.22,77.61,35.8
2005-02-25,0.0,31.5,16.67,79.25,38.01
2005-02-26,0.0,31.85,17.52,80.42,41.64
2005-02-27,0.0,33.57,18.64,79.93,37.84
2005-02-28,0.0,33.55,17.46,90.97,34.31
2005-03-01,0.0,30.52,16.94,88.35,36.1
2005-03-02,0.0,33.35,16.78,90.69,34.47
2005-03-03,0.0,33.15,17.03,95.79,38.49
2005-03-04,0.0,34.11,17.27,96.38,36.29
2005-03-05,0.0,31.8,16.95,93.2,42.38
2005-03-06,0.0,33.28,15.61,92.88,33.7
2005-03-07,0.0,37.07,16.07,84.74,23.65
2005-03-08,0.0,37.72,15.87,69.44,19.28
2005-03-09,0.0,40.08,15.99,69.22,12.95
2005-03-10,0.0,40.51,19.87,58.22,13.66
2005-03-11,0.0,39.96,20.37,67.71,12.99
2005-03-12,0.0,37.17,17.47,86.71,22.59
2005-03-13,0.0,33.26,15.64,98.78,37.82
2005-03-14,0.0,36.54,14.75,96.95,31.53
2005-03-15,0.0,39.63,15.51,86.26,16.91
2005-03-16,0.0,40.72,17.79,67.14,17.99
2005-03-17,0.0,41.45,18.96,64.82,17.74
2005-03-18,0.0,40.06,18.24,77.51,19.02
2005-03-19,0.0,42.18,17.41,88.81,11.53
2005-03-20,0.0,41.37,18.86,72.24,14.57
2005-03-21,0.0,40.67,18.18,62.98,8.31
2005-03-22,0.0,40.43,18.12,65.31,15.38
2005-03-23,0.0,39.61,17.76,88.88,21.79
2005-03-24,0.0,38.84,16.8,98.78,21.83
2005-03-25,0.0,38.12,15.53,98.0,28.43
2005-03-26,0.0,40.2,17.11,90.65,19.42
2005-03-27,0.0,42.44,17.49,94.77,18.98
2005-03-28,0.0,40.39,16.24,84.97,17.66
2005-03-29,0.0,42.26,18.06,80.26,10.45
2005-03-30,0.0,42.56,18.31,89.45,11.36
2005-03-31,0.0,43.55,18.51,75.58,11.21
2005-04-01,0.0,41.59,18.66,76.43,16.58
2005-04-02,0.0,40.34,16.99,91.7,22.88
2005-04-03,0.0,38.89,16.38,96.42,25.31
2005-04-04,0.0,39.66,17.43,96.62,20.77
2005-04-05,0.0,41.64,18.28,90.48,15.8
2005-04-06,0.0,42.52,19.01,68.78,11.53
2005-04-07,0.0,43.02,18.75,65.92,13.77
2005-04-08,0.0,42.11,18.02,74.35,18.14
2005-04-09,0.0,41.14,18.77,77.07,18.73
2005-04-10,0.0,41.53,18.52,86.49,18.0
2005-04-11,0.0,41.83,18.63,72.92,17.98
2005-04-12,0.0,40.54,19.68,88.95,20.61
2005-04-13,0.0,36.28,18.36,96.99,30.41
2005-04-14,0.0,34.57,18.24,97.22,30.9
2005-04-15,0.0,34.67,18.12,93.98,30.5
2005-04-16,0.0,35.5,18.19,87.37,27.65
2005-04-17,0.0,34.69,17.43,84.86,23.56
2005-04-18,0.0,35.53,17.09,88.99,25.77
2005-04-19,0.0,35.56,16.67,92.0,29.46
2005-04-20,0.0,37.77,18.58,87.8,24.78
2005-04-21,0.0,39.98,20.19,72.14,21.92
2005-04-22,0.0,40.2,17.79,89.86,21.19
2005-04-23,0.0,36.57,16.82,96.61,29.13
2005-04-24,0.0,34.95,16.96,97.51,32.2
2005-04-25,0.0,34.92,16.47,96.57,29.45
2005-04-26,0.0,36.15,18.22,95.52,27.95
2005-04-27,0.0,40.02,19.85,91.19,22.16
2005-04-28,0.0,41.33,20.04,94.16,23.15
2005-04-29,0.0,43.19,20.75,75.74,21.1
2005-04-30,0.0,40.72,21.59,82.15,28.54
2005-05-01,0.0,38.48,20.78,91.47,33.84
2005-05-02,0.0,39.22,19.2,92.75,31.43
2005-05-03,0.0,38.05,19.32,95.69,29.31
2005-05-04,0.0,35.49,17.88,99.49,33.35
2005-05-05,0.0,37.4,18.32,98.97,32.49
2005-05-06,0.0,36.79,19.53,98.03,27.79
2005-05-07,0.0,36.16,19.79,99.49,30.63
2005-05-08,0.0,38.2,20.05,94.18,34.23
2005-05-09,0.01,39.64,22.08,93.95,28.76
2005-05-10,0.0,37.61,22.25,95.8,35.49
2005-05-11,0.0,38.24,20.96,98.05,33.68
2005-05-12,0.0,38.3,22.72,94.77,34.8
2005-05-13,0.0,40.75,22.96,91.67,28.73
2005-05-14,0.0,41.17,22.82,91.16,29.17
2005-05-15,0.0,41.45,23.04,88.71,25.17
2005-05-16,0.0,37.44,23.77,94.33,39.28
2005-05-17,0.0,39.93,22.59,90.75,28.98
2005-05-18,0.0,37.74,21.75,94.14,31.55
2005-05-19,0.0,38.8,20.98,95.51,31.69
2005-05-20,0.0,40.33,24.13,89.67,28.63
2005-05-21,0.01,38.14,24.71,93.54,31.66
2005-05-22,0.0,35.23,23.18,97.29,42.53
2005-05-23,0.0,36.59,22.74,96.5,39.49
2005-05-24,0.0,36.53,22.98,93.33,33.91
2005-05-25,0.0,35.49,22.83,92.37,41.78
2005-05-26,0.0,36.33,23.26,91.72,38.49
2005-05-27,0.0,35.94,23.09,98.33,41.55
2005-05-28,0.0,36.68,23.6,98.05,40.61
2005-05-29,0.0,37.86,21.96,94.79,40.94
2005-05-30,0.0,39.29,22.29,97.23,35.56
2005-05-31,0.0,39.83,21.07,93.2,27.56
2005-06-01,0.0,36.91,21.1,95.5,35.05
2005-06-02,0.0,37.11,20.69,93.62,32.14
2005-06-03,0.0,35.13,20.97,92.78,35.58
2005-06-04,0.17,35.95,22.13,88.59,37.73
2005-06-05,0.1,36.59,22.65,94.9,45.03
2005-06-06,0.0,35.68,22.93,91.13,47.63
2005-06-07,0.0,38.14,23.74,89.93,37.59
2005-06-08,0.0,38.13,24.21,94.85,38.53
2005-06-09,0.0,39.02,23.98,94.8,37.19
2005-06-10,0.0,37.87,23.69,93.15,39.09
2005-06-11,0.0,38.23,23.01,93.9,36.5
2005-06-12,0.0,36.85,22.21,95.08,44.62
2005-06-13,0.0,37.14,22.39,94.57,42.9
2005-06-14,0.0,35.21,22.66,91.09,47.8
2005-06-15,2.13,39.24,22.85,95.21,36.08
2005-06-16,5.81,37.6,22.62,97.77,44.4
2005-06-17,0.0,37.6,22.81,94.75,36.79
2005-06-18,0.0,39.86,24.12,90.04,25.98
2005-06-19,0.0,37.53,23.79,91.8,37.1
2005-06-20,0.0,36.17,21.61,94.4,40.83
2005-06-21,0.0,34.41,22.51,90.25,46.31
2005-06-22,0.0,35.28,21.16,95.55,38.68
2005-06-23,0.0,37.16,22.38,94.55,37.97
2005-06-24,0.0,36.6,23.24,90.65,43.26
2005-06-25,0.0,35.88,24.06,89.17,44.53
2005-06-26,0.0,35.17,24.19,88.32,47.96
2005-06-27,15.96,37.38,23.67,90.78,46.36
2005-06-28,0.0,34.03,21.92,97.69,59.71
2005-06-29,0.26,34.74,24.27,95.9,53.24
2005-06-30,0.0,35.29,24.24,91.76,50.3
2005-07-01,0.0,36.21,24.54,86.61,51.8
2005-07-02,0.09,36.24,23.93,93.95,46.12
2005-07-03,0.0,33.98,24.07,88.39,53.7
2005-07-04,0.88,35.23,23.09,88.8,46.45
2005-07-05,0.04,36.6,24.75,88.06,46.67
2005-07-06,4.57,31.51,21.72,96.58,61.94
2005-07-07,0.0,34.85,23.45,94.46,52.65
2005-07-08,0.14,34.56,22.45,90.48,43.57
2005-07-09,0.05,35.23,22.36,92.43,45.39
2005-07-10,15.7,35.2,23.15,93.91,46.33
2005-07-11,0.57,32.82,21.67,95.27,68.17
2005-07-12,9.67,32.86,23.83,97.58,62.21
2005-07-13,0.0,31.39,20.78,96.31,64.42
2005-07-14,0.0,33.66,22.78,94.39,60.36
2005-07-15,32.35,32.68,23.85,96.53,66.33
2005-07-16,0.0,30.73,21.47,98.47,78.93
2005-07-17,0.0,33.23,22.45,99.35,69.15
2005-07-18,0.07,32.99,23.71,95.26,64.68
2005-07-19,0.0,32.44,23.59,93.2,63.52
2005-07-20,44.75,29.99,22.29,99.81,75.88
2005-07-21,0.0,32.37,23.76,99.76,68.35
2005-07-22,0.01,33.84,24.86,99.04,58.76
2005-07-23,0.46,35.03,25.67,96.92,59.45
2005-07-24,0.57,33.66,25.1,98.46,66.74
2005-07-25,28.56,29.65,22.41,99.78,81.14
2005-07-26,0.0,33.22,24.43,97.01,63.61
2005-07-27,0.0,33.77,25.58,96.4,63.53
2005-07-28,0.0,34.5,25.36,95.83,64.64
2005-07-29,0.0,33.55,25.15,96.6,68.84
2005-07-30,0.0,34.41,26.02,96.66,68.62
2005-07-31,3.93,34.3,26.22,97.99,63.35
2005-08-01,18.34,32.98,22.16,97.7,70.85
2005-08-02,0.48,34.72,25.2,95.21,64.77
2005-08-03,0.0,35.7,26.04,95.44,58.99
2005-08-04,0.0,35.8,25.61,93.62,55.73
2005-08-05,0.15,36.11,24.87,93.75,48.87
2005-08-06,0.0,35.88,25.1,93.77,51.12
2005-08-07,0.0,36.48,26.31,91.3,55.73
2005-08-08,0.0,34.79,25.56,95.42,54.41
2005-08-09,0.0,34.23,24.13,91.25,57.76
2005-08-10,16.1,35.12,25.06,96.85,54.78
2005-08-11,23.74,31.52,24.04,98.83,77.19
2005-08-12,3.53,31.64,23.96,98.79,68.68
2005-08-13,0.0,33.96,24.18,96.9,62.72
2005-08-14,0.08,34.66,25.73,94.08,60.88
2005-08-15,0.2,34.07,25.43,95.27,58.76
2005-08-16,20.97,29.75,24.69,99.38,78.29
2005-08-17,23.11,30.23,24.01,99.75,81.54
2005-08-18,18.13,31.79,24.35,99.92,76.84
2005-08-19,30.29,29.94,22.38,99.85,85.76
2005-08-20,14.91,31.25,23.52,99.77,78.24
2005-08-21,9.55,31.82,24.06,99.47,76.97
2005-08-22,25.5,28.81,23.14,99.62,88.12
2005-08-23,0.0,32.3,23.75,99.18,74.15
2005-08-24,0.0,34.05,24.67,98.22,68.49
2005-08-25,2.18,34.26,25.43,98.26,69.09
2005-08-26,0.0,33.52,25.16,99.29,70.16
2005-08-27,0.0,32.46,25.11,99.14,74.05
2005-08-28,3.12,32.99,24.7,97.62,69.89
2005-08-29,23.61,33.95,23.54,99.06,64.8
2005-08-30,0.99,30.69,22.12,99.15,82.63
2005-08-31,13.64,33.54,24.39,96.42,68.07
2005-09-01,0.07,32.08,21.39,99.49,65.37
2005-09-02,26.52,29.65,23.56,99.69,76.84
2005-09-03,2.85,31.8,23.78,99.41,74.34
2005-09-04,17.71,29.72,23.08,99.68,80.6
2005-09-05,0.0,32.44,23.45,99.8,71.13
2005-09-06,0.0,33.17,24.86,98.51,65.59
2005-09-07,3.71,34.83,25.26,96.82,62.91
2005-09-08,10.41,31.24,23.77,99.17,69.72
2005-09-09,5.72,32.38,23.65,99.65,65.82
2005-09-10,2.18,31.7,22.41,99.85,69.98
2005-09-11,0.0,34.36,24.01,98.05,63.96
2005-09-12,0.0,36.92,25.71,97.5,60.51
2005-09-13,24.04,36.26,26.32,98.43,62.53
2005-09-14,10.65,32.74,21.33,99.57,65.24
2005-09-15,1.57,32.64,22.93,99.8,69.34
2005-09-16,0.0,32.87,23.23,99.33,72.01
2005-09-17,0.0,34.89,25.55,97.96,62.51
2005-09-18,0.0,34.94,25.06,98.24,59.55
2005-09-19,0.0,35.94,23.99,98.33,60.05
2005-09-20,0.0,35.88,25.14,98.1,52.85
2005-09-21,0.39,35.6,26.21,94.32,58.35
2005-09-22,0.13,33.73,24.75,96.0,63.6
2005-09-23,0.16,34.05,24.31,99.33,60.78
2005-09-24,0.0,35.71,25.0,98.34,61.79
2005-09-25,0.0,35.32,23.73,95.84,57.49
2005-09-26,0.0,33.24,25.08,96.18,61.51
2005-09-27,7.6,34.16,24.15,96.13,60.01
2005-09-28,0.02,33.17,24.01,96.14,57.41
2005-09-29,0.0,33.94,23.09,96.02,53.72
2005-09-30,0.21,34.4,24.31,99.63,57.98
2005-10-01,0.0,36.61,25.41,98.51,54.0
2005-10-02,0.0,36.15,25.99,99.4,51.69
2005-10-03,0.08,36.21,25.12,99.36,51.72
2005-10-04,0.0,36.73,24.97,93.72,42.55
2005-10-05,0.0,35.93,24.92,97.7,51.0
2005-10-06,2.52,34.27,24.08,98.29,53.86
2005-10-07,0.84,35.07,23.22,98.89,52.74
2005-10-08,4.12,35.26,25.01,96.49,49.39
2005-10-09,0.01,33.77,22.22,99.4,59.1
2005-10-10,0.06,34.66,24.7,99.56,61.55
2005-10-11,0.0,34.28,24.95,99.67,60.59
2005-10-12,1.01,36.56,24.2,96.85,52.17
2005-10-13,0.13,28.84,22.5,97.45,72.96
2005-10-14,0.0,36.19,23.0,98.96,55.97
2005-10-15,0.0,37.1,24.73,98.42,45.44
2005-10-16,0.0,37.92,25.92,95.31,42.62
2005-10-17,0.0,38.67,25.54,94.4,32.08
2005-10-18,0.0,39.0,22.79,86.74,32.51
2005-10-19,0.0,37.04,23.09,91.61,42.21
2005-10-20,1.07,30.77,24.01,99.27,76.91
2005-10-21,0.0,37.91,22.85,99.74,46.15
2005-10-22,0.66,39.56,24.33,98.9,39.64
2005-10-23,1.09,36.4,24.26,96.08,56.75
2005-10-24,0.0,32.23,21.5,99.04,66.78
2005-10-25,0.1,35.1,24.39,98.35,55.42
2005-10-26,0.0,35.82,24.69,97.38,54.73
2005-10-27,0.0,35.22,24.13,97.3,56.82
2005-10-28,0.0,37.1,23.54,97.37,47.51
2005-10-29,0.0,36.49,23.78,97.31,44.3
2005-10-30,0.0,36.12,24.49,99.62,34.26
2005-10-31,0.0,38.84,22.01,93.71,32.96
2005-11-01,0.0,38.25,22.37,93.99,33.8
2005-11-02,0.0,36.32,23.08,97.44,44.87
2005-11-03,0.0,36.94,23.17,99.15,43.26
2005-11-04,0.0,38.83,22.21,99.76,27.84
2005-11-05,0.0,38.89,19.58,95.67,23.22
2005-11-06,0.0,39.13,20.9,94.98,22.42
2005-11-07,0.0,37.98,20.97,94.77,31.75
2005-11-08,0.0,39.16,20.61,96.9,27.12
2005-11-09,0.0,38.31,21.11,96.7,21.37
2005-11-10,0.0,38.21,18.26,77.59,23.24
2005-11-11,0.0,37.92,19.04,84.54,25.31
2005-11-12,0.0,36.46,21.66,79.09,28.19
2005-11-13,0.0,32.62,22.37,73.04,29.59
2005-11-14,0.0,32.5,21.46,75.0,41.68
2005-11-15,0.0,33.39,19.37,79.76,33.49
2005-11-16,0.0,35.49,20.24,90.73,39.75
2005-11-17,0.0,34.9,19.17,95.87,36.28
2005-11-18,0.0,35.54,19.24,92.87,39.44
2005-11-19,0.0,35.53,19.52,91.65,39.19
2005-11-20,0.0,35.63,18.81,97.66,37.66
2005-11-21,0.0,35.74,19.92,98.97,35.52
2005-11-22,0.0,36.99,20.02,93.33,34.95
2005-11-23,0.0,36.82,21.06,97.24,37.78
2005-11-24,0.0,37.5,22.13,80.41,30.7
2005-11-25,0.0,36.21,22.32,77.43,26.25
2005-11-26,0.0,35.47,19.02,77.04,28.29
2005-11-27,0.0,37.2,19.42,79.8,25.92
2005-11-28,0.0,37.63,18.49,98.79,28.12
2005-11-29,0.0,37.29,19.53,96.4,30.31
2005-11-30,0.0,32.67,21.03,96.92,46.03
2005-12-01,0.0,33.27,18.13,84.85,26.69
2005-12-02,0.0,35.53,17.64,76.53,25.33
2005-12-03,0.0,37.56,18.69,76.99,21.25
2005-12-04,0.0,38.88,19.81,69.54,18.92
2005-12-05,0.0,38.95,17.57,71.42,20.88
2005-12-06,0.0,37.52,18.47,76.33,20.57
2005-12-07,0.0,35.74,17.19,90.14,27.4
2005-12-08,0.0,36.19,16.98,97.31,30.18
2005-12-09,0.0,33.49,18.36,97.76,36.99
2005-12-10,0.0,33.1,20.67,97.26,46.04
2005-12-11,0.0,34.77,17.5,98.59,36.82
2005-12-12,0.0,35.01,19.11,92.32,32.71
2005-12-13,0.0,36.01,20.29,93.25,23.9
2005-12-14,0.0,35.72,20.19,79.94,18.53
2005-12-15,0.0,35.52,21.13,71.61,20.06
2005-12-16,0.0,37.34,18.27,75.45,19.81
2005-12-17,0.0,38.07,17.51,91.5,22.37
2005-12-18,0.0,39.59,19.56,76.23,19.05
2005-12-19,0.0,39.36,19.61,54.19,15.86
2005-12-20,0.0,38.03,17.92,65.05,18.69
2005-12-21,0.0,37.53,17.13,77.13,20.76
2005-12-22,0.0,36.92,19.73,76.73,23.67
2005-12-23,0.0,33.43,19.88,66.21,28.59
2005-12-24,0.0,35.78,21.71,54.67,25.38
2005-12-25,0.0,38.06,21.75,52.99,21.06
2005-12-26,0.0,36.42,21.68,70.09,21.52
2005-12-27,0.0,37.01,19.45,62.51,20.44
2005-12-28,0.0,37.81,20.67,73.08,20.0
2005-12-29,0.0,33.48,22.43,73.63,33.75
2005-12-30,0.0,31.75,18.02,56.29,31.2
2005-12-31,0.0,32.12,16.28,54.69,29.81
2006-01-01,0.0,31.92,16.73,55.01,34.35
2006-01-02,0.0,33.94,14.17,67.09,19.12
2006-01-03,0.0,34.67,15.67,69.32,17.88
2006-01-04,0.0,34.53,13.96,69.0,19.22
2006-01-05,0.0,33.85,15.52,65.62,16.92
2006-01-06,0.0,32.8,19.4,55.06,19.33
2006-01-07,0.0,30.91,16.52,37.81,18.02
2006-01-08,0.0,29.83,13.39,68.75,23.13
2006-01-09,0.0,31.18,12.9,73.32,24.62
2006-01-10,0.0,34.72,17.51,82.56,21.05
2006-01-11,0.0,32.42,20.71,82.75,28.38
2006-01-12,0.0,33.56,19.43,72.75,22.31
2006-01-13,0.0,33.92,17.36,63.36,20.94
2006-01-14,0.0,33.1,18.11,58.64,31.42
2006-01-15,0.0,32.74,19.64,46.72,21.72
2006-01-16,0.0,30.81,18.09,43.23,25.31
2006-01-17,0.0,27.9,15.84,54.43,27.06
2006-01-18,0.0,26.78,17.14,59.2,33.24
2006-01-19,0.0,29.47,12.73,62.94,32.37
2006-01-20,0.0,32.26,13.99,52.67,27.27
2006-01-21,0.0,33.6,20.19,44.46,30.43
2006-01-22,0.0,37.06,20.33,47.88,24.48
2006-01-23,0.0,35.43,17.28,65.61,25.22
2006-01-24,0.0,34.72,19.88,66.75,18.77
2006-01-25,0.0,33.75,18.64,73.42,17.98
2006-01-26,0.0,33.29,16.99,87.6,24.44
2006-01-27,0.0,31.47,15.33,95.69,37.14
2006-01-28,0.0,30.88,14.56,97.57,36.52
2006-01-29,0.0,32.69,14.41,99.95,32.26
2006-01-30,0.0,31.91,14.67,77.1,31.82
2006-01-31,0.0,33.71,16.03,59.72,24.49
2006-02-01,0.0,35.21,15.71,80.26,23.03
2006-02-02,0.0,32.99,15.22,83.78,23.04
2006-02-03,0.0,35.66,16.23,74.33,11.42
2006-02-04,0.0,37.59,17.43,48.84,21.68
2006-02-05,0.0,38.23,20.32,48.92,24.99
2006-02-06,0.0,38.41,21.73,46.61,20.78
2006-02-07,0.0,38.42,19.13,48.43,14.87
2006-02-08,0.0,36.64,19.96,76.81,15.44
2006-02-09,0.01,30.04,19.65,95.12,38.97
2006-02-10,0.0,31.28,18.56,97.5,46.25
2006-02-11,0.0,28.9,17.32,97.95,47.39
2006-02-12,0.0,27.86,16.36,96.84,47.29
2006-02-13,0.0,31.64,16.48,98.38,33.52
2006-02-14,0.0,31.93,16.52,93.4,30.38
2006-02-15,0.0,31.34,16.97,81.45,31.63
2006-02-16,0.0,32.21,15.29,94.31,31.18
2006-02-17,0.0,33.0,15.34,86.38,30.26
2006-02-18,0.0,35.01,18.82,53.0,30.05
2006-02-19,0.0,36.69,19.86,46.64,26.3
2006-02-20,0.0,36.75,19.59,54.63,17.91
2006-02-21,0.0,36.4,17.32,65.65,21.18
2006-02-22,0.0,36.57,15.66,65.5,19.7
2006-02-23,0.0,37.75,17.32,54.85,21.42
2006-02-24,0.0,37.74,19.34,52.95,20.2
2006-02-25,0.0,37.05,15.34,58.54,14.93
2006-02-26,0.0,37.24,15.03,53.87,9.29
2006-02-27,0.0,38.04,15.99,71.08,17.58
2006-02-28,0.0,35.18,16.39,98.78,29.52
2006-03-01,0.0,31.94,15.24,99.05,36.37
2006-03-02,0.0,34.4,15.07,99.6,37.81
2006-03-03,0.0,37.54,16.33,93.3,33.53
2006-03-04,0.0,38.7,19.9,70.44,26.79
2006-03-05,0.0,39.27,19.42,72.82,17.45
2006-03-06,0.0,41.09,21.27,64.11,15.41
2006-03-07,0.0,39.24,24.58,44.4,17.9
2006-03-08,0.0,38.6,23.95,32.55,14.86
2006-03-09,0.0,38.0,23.37,37.52,16.77
2006-03-10,0.0,40.77,22.44,41.62,15.02
2006-03-11,0.0,41.28,24.4,33.19,10.04
2006-03-12,0.0,41.61,24.02,38.06,13.35
2006-03-13,0.0,41.83,20.44,47.98,10.83
2006-03-14,0.0,41.67,19.03,58.6,11.21
2006-03-15,0.0,41.88,19.41,76.84,9.43
2006-03-16,0.0,41.43,18.86,86.96,15.61
2006-03-17,0.0,37.78,17.65,94.61,26.81
2006-03-18,0.0,36.72,17.26,94.75,26.31
2006-03-19,0.0,35.71,17.71,96.64,32.78
2006-03-20,0.0,34.28,17.37,97.15,36.92
2006-03-21,0.0,36.61,17.85,95.54,30.54
2006-03-22,0.0,39.83,17.45,93.12,22.3
2006-03-23,0.0,42.63,20.71,64.07,15.84
2006-03-24,0.0,42.37,21.82,61.95,17.01
2006-03-25,0.0,42.57,20.04,74.6,19.44
2006-03-26,0.0,43.56,19.33,84.67,16.63
2006-03-27,0.0,42.83,22.05,60.06,16.31
2006-03-28,0.0,42.15,20.85,75.83,17.65
2006-03-29,0.0,35.86,19.99,90.14,34.48
2006-03-30,0.0,35.82,19.18,96.93,30.53
2006-03-31,0.0,40.09,19.08,95.39,27.04
2006-04-01,0.0,41.91,19.87,90.41,19.27
2006-04-02,0.0,41.74,19.34,83.12,15.83
2006-04-03,0.0,41.04,19.32,84.96,19.46
2006-04-04,0.0,41.8,20.12,89.64,22.17
2006-04-05,0.0,41.0,21.11,86.57,22.54
2006-04-06,0.0,35.17,18.99,97.72,36.15
2006-04-07,0.0,35.93,18.34,99.33,32.61
2006-04-08,0.0,37.28,19.29,98.11,27.27
2006-04-09,0.0,36.42,18.85,98.27,32.27
2006-04-10,0.0,36.6,19.32,97.63,27.07
2006-04-11,0.0,37.51,19.37,96.97,32.98
2006-04-12,0.0,39.0,20.24,95.95,28.46
2006-04-13,0.0,36.54,19.9,94.82,39.59
2006-04-14,0.0,36.52,20.18,98.61,34.98
2006-04-15,0.0,38.45,18.61,98.15,32.14
2006-04-16,0.0,39.99,19.41,91.94,30.03
2006-04-17,0.0,39.6,18.63,85.43,22.64
2006-04-18,0.0,35.4,19.25,94.7,34.26
2006-04-19,0.0,36.49,18.5,96.85,29.29
2006-04-20,0.0,36.46,19.46,95.56,29.83
2006-04-21,0.0,37.66,18.96,95.86,30.56
2006-04-22,0.0,35.97,19.03,96.09,33.18
2006-04-23,0.0,34.9,20.35,96.19,34.15
2006-04-24,0.0,38.43,19.73,87.92,26.87
2006-04-25,0.0,40.87,20.77,72.5,18.91
2006-04-26,0.0,40.21,21.49,71.32,22.75
2006-04-27,0.0,39.12,20.1,89.64,29.88
2006-04-28,0.0,35.81,19.97,97.69,32.46
2006-04-29,0.0,33.83,16.67,99.07,45.64
2006-04-30,0.0,31.97,16.78,97.39,43.57
2006-05-01,0.0,31.95,17.71,97.21,41.63
2006-05-02,0.0,33.79,18.89,90.88,39.82
2006-05-03,0.0,34.72,19.8,83.45,41.67
2006-05-04,0.0,36.49,19.43,88.93,37.83
2006-05-05,0.0,40.05,20.66,84.37,27.4
2006-05-06,0.0,42.03,22.03,67.92,21.33
2006-05-07,0.0,39.24,20.43,81.18,28.46
2006-05-08,0.0,38.23,19.66,92.96,32.22
2006-05-09,0.01,35.11,18.75,96.43,31.22
2006-05-10,0.0,35.06,18.93,92.47,31.43
2006-05-11,0.0,38.72,18.84,82.87,27.59
2006-05-12,0.0,36.55,18.41,90.27,35.26
2006-05-13,0.0,36.88,18.45,96.24,31.95
2006-05-14,0.0,39.86,19.42,94.85,25.36
2006-05-15,0.0,35.02,17.64,98.93,28.7
2006-05-16,0.0,35.75,18.33,94.36,28.86
2006-05-17,0.0,38.53,19.43,96.07,23.74
2006-05-18,0.0,42.65,21.05,89.49,20.98
2006-05-19,0.0,41.08,21.27,82.79,22.12
2006-05-20,0.0,35.54,21.62,90.77,37.27
2006-05-21,0.0,35.83,21.04,88.07,39.12
2006-05-22,0.0,35.52,20.4,89.66,37.54
2006-05-23,0.0,35.34,18.75,93.57,34.51
2006-05-24,0.0,35.91,19.6,94.66,37.23
2006-05-25,0.0,37.27,19.83,95.36,35.48
2006-05-26,0.0,36.87,21.8,91.41,36.73
2006-05-27,0.0,36.97,20.91,88.05,31.73
2006-05-28,0.0,38.75,22.17,82.46,29.0
2006-05-29,0.0,42.21,23.5,77.52,20.79
2006-05-30,0.0,41.0,24.4,78.05,29.04
2006-05-31,0.0,37.01,23.66,89.67,37.2
2006-06-01,0.06,39.09,22.14,92.89,34.53
2006-06-02,0.0,38.71,22.97,88.23,35.89
2006-06-03,0.0,38.15,23.63,94.55,39.78
2006-06-04,0.0,39.28,22.92,90.58,38.48
2006-06-05,0.0,40.88,23.03,92.52,24.32
2006-06-06,0.01,39.94,23.08,83.23,37.53
2006-06-07,0.0,37.9,22.41,91.39,40.78
2006-06-08,0.0,37.21,22.73,89.83,44.87
2006-06-09,0.0,37.52,23.04,90.77,32.37
2006-06-10,0.0,37.9,23.21,80.83,42.62
2006-06-11,0.0,38.57,23.44,92.18,40.17
2006-06-12,0.0,36.46,23.95,94.33,40.03
2006-06-13,1.08,37.55,24.64,94.31,37.92
2006-06-14,23.35,36.32,24.09,96.46,44.88
2006-06-15,0.0,33.11,22.37,98.99,57.31
2006-06-16,0.0,35.03,23.2,95.01,44.01
2006-06-17,0.0,36.25,24.91,91.16,45.09
2006-06-18,0.0,36.45,25.18,92.67,44.09
2006-06-19,0.0,36.44,23.92,93.26,39.76
2006-06-20,0.02,38.47,23.12,93.84,32.27
2006-06-21,0.0,36.24,24.01,94.71,40.92
2006-06-22,0.0,35.65,23.63,92.69,41.44
2006-06-23,0.0,36.45,23.84,92.79,34.9
2006-06-24,6.11,38.31,24.93,93.77,40.56
2006-06-25,0.0,36.06,23.41,89.84,49.4
2006-06-26,0.0,36.12,24.66,92.48,46.24
2006-06-27,0.0,38.42,24.98,91.61,38.97
2006-06-28,0.0,38.81,25.27,97.85,37.26
2006-06-29,0.0,36.68,25.12,96.27,47.16
2006-06-30,0.0,36.11,24.56,98.25,48.23
2006-07-01,0.0,35.96,26.24,88.71,44.29
2006-07-02,0.07,37.34,24.82,94.58,41.42
2006-07-03,0.0,35.66,24.58,92.31,52.19
2006-07-04,3.05,36.49,24.88,95.46,50.71
2006-07-05,0.0,36.77,24.24,92.82,41.85
2006-07-06,0.16,34.44,24.77,89.98,54.5
2006-07-07,0.0,36.0,24.6,91.92,49.42
2006-07-08,0.0,35.44,24.71,88.76,48.01
2006-07-09,0.0,34.9,23.71,87.37,46.31
2006-07-10,0.14,37.19,23.6,91.94,43.61
2006-07-11,0.19,36.76,23.57,93.11,39.6
2006-07-12,0.0,36.57,24.29,92.96,46.31
2006-07-13,0.0,36.84,25.7,95.26,48.74
2006-07-14,0.18,34.22,25.84,86.92,49.9
2006-07-15,1.24,35.41,22.8,88.7,48.26
2006-07-16,0.19,34.29,23.04,95.08,57.51
2006-07-17,0.34,38.34,25.95,90.24,39.1
2006-07-18,0.0,37.48,25.72,93.28,40.47
2006-07-19,0.0,35.82,26.47,86.96,50.14
2006-07-20,13.32,35.58,26.09,90.09,49.32
2006-07-21,5.18,31.7,23.79,99.29,73.08
2006-07-22,0.74,30.48,24.26,98.81,75.74
2006-07-23,0.44,33.98,24.58,97.43,52.31
2006-07-24,12.9,35.65,23.6,96.37,54.16
2006-07-25,0.0,35.23,24.09,96.6,57.66
2006-07-26,0.07,36.03,25.95,96.75,54.41
2006-07-27,1.2,35.1,24.97,93.11,56.07
2006-07-28,4.24,31.94,25.7,98.85,75.71
2006-07-29,0.0,33.65,24.79,98.23,67.75
2006-07-30,1.08,34.03,24.51,97.26,58.81
2006-07-31,0.0,35.24,24.96,98.43,53.21
2006-08-01,4.06,35.58,25.44,89.53,56.54
2006-08-02,0.0,32.57,23.15,93.03,65.3
2006-08-03,0.0,35.14,23.37,92.79,51.94
2006-08-04,0.0,36.38,25.09,94.74,52.73
2006-08-05,13.19,33.89,25.56,97.58,65.85
2006-08-06,4.43,32.98,23.87,97.7,68.8
2006-08-07,1.81,33.59,24.05,98.99,68.0
2006-08-08,0.19,33.56,24.29,97.81,68.01
2006-08-09,0.0,34.42,25.8,94.87,53.41
2006-08-10,0.0,33.53,23.58,95.53,55.13
2006-08-11,20.06,35.09,23.82,93.31,55.14
2006-08-12,35.48,33.14,23.71,94.82,66.06
2006-08-13,0.97,34.06,23.88,97.48,62.17
2006-08-14,12.41,30.39,23.63,99.13,75.73
2006-08-15,8.33,32.29,23.6,97.99,73.59
2006-08-16,10.8,33.24,23.44,98.79,71.66
2006-08-17,0.0,34.25,23.68,97.32,60.2
2006-08-18,0.01,34.33,25.63,95.76,59.9
2006-08-19,3.86,34.2,24.58,98.44,61.61
2006-08-20,13.96,34.28,23.65,98.9,66.29
2006-08-21,0.0,33.03,22.95,99.02,64.69
2006-08-22,0.0,33.6,25.15,99.66,62.33
2006-08-23,0.48,33.38,25.32,95.83,58.85
2006-08-24,18.78,32.6,25.32,90.15,65.81
2006-08-25,31.87,31.33,23.49,99.57,77.57
2006-08-26,2.29,31.68,23.48,99.29,67.73
2006-08-27,23.89,32.61,24.24,99.05,73.27
2006-08-28,0.44,32.94,22.98,99.57,70.14
2006-08-29,0.56,31.1,23.5,97.4,72.71
2006-08-30,2.98,34.63,25.21,98.94,63.14
2006-08-31,8.01,30.66,22.23,98.95,73.85
2006-09-01,20.03,33.23,24.31,99.23,69.82
2006-09-02,9.41,30.44,21.81,99.36,83.71
2006-09-03,5.49,30.26,23.26,99.34,82.2
2006-09-04,0.07,33.96,24.47,99.6,69.62
2006-09-05,0.0,33.2,25.09,98.65,66.26
2006-09-06,1.65,33.49,24.46,96.47,67.38
2006-09-07,16.2,33.54,24.17,98.63,64.87
2006-09-08,0.53,31.7,21.82,99.53,67.2
2006-09-09,0.55,33.3,23.84,99.01,63.24
2006-09-10,0.0,33.3,24.84,98.54,67.2
2006-09-11,1.17,30.04,24.21,99.14,78.07
2006-09-12,1.73,31.58,22.56,99.74,70.44
2006-09-13,23.28,32.91,23.18,99.88,67.26
2006-09-14,0.59,30.56,22.61,99.88,75.14
2006-09-15,0.69,31.23,23.49,99.83,76.12
2006-09-16,0.18,32.49,23.95,99.65,68.58
2006-09-17,0.0,34.31,24.12,99.86,64.12
2006-09-18,0.0,32.49,24.15,98.96,70.89
2006-09-19,0.03,33.55,24.77,98.34,63.02
2006-09-20,0.19,34.36,24.49,98.74,61.6
2006-09-21,0.02,34.47,25.07,95.59,61.27
2006-09-22,0.0,34.61,24.65,98.63,56.57
2006-09-23,0.0,35.84,22.7,96.17,53.14
2006-09-24,0.0,35.63,23.81,96.87,48.85
2006-09-25,10.96,36.18,23.92,96.79,53.11
2006-09-26,0.05,32.61,23.27,99.58,66.42
2006-09-27,0.1,33.2,23.54,98.12,54.67
2006-09-28,0.0,34.88,24.57,98.64,63.19
2006-09-29,0.0,34.82,24.75,98.41,60.61
2006-09-30,0.0,35.67,24.88,97.71,52.6
2006-10-01,0.0,37.33,24.91,99.23,51.88
2006-10-02,0.2,36.88,25.33,99.47,49.79
2006-10-03,15.81,36.69,24.31,99.21,50.9
2006-10-04,0.48,30.14,22.78,99.84,78.98
2006-10-05,1.91,35.72,24.68,99.93,57.16
2006-10-06,0.0,36.72,25.19,99.71,55.4
2006-10-07,0.02,36.28,24.17,98.16,46.89
2006-10-08,0.0,35.84,23.88,98.86,56.58
2006-10-09,0.0,33.58,24.21,98.79,49.0
2006-10-10,0.01,34.65,23.72,96.8,59.29
2006-10-11,0.0,36.0,25.07,99.6,53.32
2006-10-12,0.0,36.61,25.83,98.94,44.26
2006-10-13,8.52,34.46,24.46,99.77,55.02
2006-10-14,9.8,29.54,21.88,99.95,86.09
2006-10-15,0.0,33.55,22.87,99.34,69.74
2006-10-16,0.0,37.2,24.3,99.62,48.11
2006-10-17,0.0,35.31,25.02,99.06,53.07
2006-10-18,0.0,36.02,24.5,97.91,48.59
2006-10-19,0.0,38.1,25.51,92.29,31.62
2006-10-20,0.0,37.69,24.71,97.18,46.95
2006-10-21,0.1,39.08,23.9,92.77,34.15
2006-10-22,0.0,36.53,24.93,98.19,45.23
2006-10-23,0.0,35.75,23.07,98.34,44.97
2006-10-24,0.0,37.88,22.97,95.22,40.24
2006-10-25,0.0,36.56,22.49,99.16,41.85
2006-10-26,0.0,35.59,21.12,97.86,48.36
2006-10-27,0.0,34.23,21.84,96.14,53.62
2006-10-28,0.0,35.3,20.94,98.24,53.22
2006-10-29,0.0,34.93,21.62,97.2,49.47
2006-10-30,0.0,35.84,21.49,97.74,41.73
2006-10-31,0.0,36.5,22.48,97.78,36.72
2006-11-01,0.0,39.08,22.66,98.03,32.14
2006-11-02,0.0,37.48,21.65,99.69,38.73
2006-11-03,0.0,37.96,22.09,99.74,40.02
2006-11-04,0.0,39.47,23.28,99.74,26.07
2006-11-05,0.0,38.7,22.47,97.29,38.83
2006-11-06,0.0,39.09,23.52,99.95,32.71
2006-11-07,0.0,40.34,21.77,99.45,22.43
2006-11-08,0.0,39.44,18.5,96.05,27.0
2006-11-09,0.0,37.62,22.58,99.57,43.08
2006-11-10,0.0,38.2,23.65,99.99,35.26
2006-11-11,0.0,37.86,22.93,99.76,39.59
2006-11-12,0.0,40.33,23.22,97.18,27.15
2006-11-13,0.0,39.5,19.58,81.52,22.55
2006-11-14,0.0,38.22,18.39,70.33,20.37
2006-11-15,0.0,36.6,18.54,55.54,19.4
2006-11-16,0.0,36.99,17.42,80.27,21.39
2006-11-17,0.0,37.03,18.42,90.52,27.18
2006-11-18,0.0,38.7,18.74,96.06,33.67
2006-11-19,0.0,38.37,20.04,98.81,33.87
2006-11-20,0.0,38.14,20.97,99.14,25.79
2006-11-21,0.0,38.34,18.64,82.19,22.58
2006-11-22,0.0,37.79,17.05,65.54,22.41
2006-11-23,0.0,37.45,15.24,77.79,20.81
2006-11-24,0.0,37.08,15.94,83.69,19.28
2006-11-25,0.0,36.48,19.8,89.86,24.19
2006-11-26,0.0,37.87,14.81,86.3,11.96
2006-11-27,0.0,38.41,16.91,62.51,13.36
2006-11-28,0.0,38.78,15.13,58.0,12.53
2006-11-29,0.0,37.93,14.59,55.89,15.74
2006-11-30,0.0,36.97,16.36,62.98,14.28
2006-12-01,0.0,36.84,14.08,83.29,15.2
2006-12-02,0.0,33.84,14.32,48.74,21.86
2006-12-03,0.0,34.44,14.94,75.13,18.24
2006-12-04,0.0,36.25,14.89,72.44,14.38
2006-12-05,0.0,35.98,14.73,63.37,14.3
2006-12-06,0.0,31.56,17.46,41.13,23.24
2006-12-07,0.0,33.63,16.77,45.05,16.86
2006-12-08,0.0,33.41,16.78,44.68,19.41
2006-12-09,0.0,33.48,14.01,56.94,18.34
2006-12-10,0.0,33.12,16.61,55.64,16.61
2006-12-11,0.0,28.39,18.03,47.34,27.96
2006-12-12,0.0,30.23,16.85,48.61,28.75
2006-12-13,0.0,28.01,18.99,55.63,34.05
2006-12-14,0.0,34.27,16.8,60.96,31.19
2006-12-15,0.0,35.67,17.53,69.22,27.17
2006-12-16,0.0,37.4,17.74,86.49,30.29
2006-12-17,0.0,37.83,18.54,76.36,29.11
2006-12-18,0.0,33.64,19.36,54.61,21.74
2006-12-19,0.0,32.6,17.67,53.98,21.18
2006-12-20,0.0,32.98,14.26,60.06,21.51
2006-12-21,0.0,33.87,13.77,66.55,20.49
2006-12-22,0.0,35.51,14.79,65.77,23.22
2006-12-23,0.0,35.04,16.98,54.52,18.12
2006-12-24,0.0,37.85,17.37,66.82,16.67
2006-12-25,0.0,37.48,15.81,79.59,17.56
2006-12-26,0.0,37.37,15.16,79.95,19.92
2006-12-27,0.0,36.04,16.51,67.97,22.04
2006-12-28,0.0,34.49,17.14,48.58,23.22
2006-12-29,0.0,35.96,17.57,74.84,18.83
2006-12-30,0.0,35.39,17.96,79.14,22.62
2006-12-31,0.0,33.72,17.57,44.94,13.29
2007-01-01,0.0,31.33,16.92,39.01,14.29
2007-01-02,0.0,31.39,14.97,41.53,16.37
2007-01-03,0.0,31.49,15.88,39.89,17.78
2007-01-04,0.0,31.02,14.86,43.95,15.95
2007-01-05,0.0,31.66,14.04,46.02,16.7
2007-01-06,0.0,31.43,14.6,39.4,12.99
2007-01-07,0.0,31.75,13.91,40.73,17.69
2007-01-08,0.0,34.09,14.96,49.72,16.68
2007-01-09,0.0,35.46,16.85,55.13,21.86
2007-01-10,0.0,35.6,14.86,64.0,23.65
2007-01-11,0.0,35.36,16.99,56.66,25.91
2007-01-12,0.0,35.95,23.09,46.87,27.16
2007-01-13,0.0,36.47,17.39,44.09,17.81
2007-01-14,0.0,35.5,19.59,36.16,16.13
2007-01-15,0.0,34.21,17.87,39.91,18.57
2007-01-16,0.0,34.19,15.31,58.9,26.3
2007-01-17,0.0,35.59,15.84,61.01,29.77
2007-01-18,0.0,35.4,16.91,60.99,24.43
2007-01-19,0.0,35.04,20.8,40.38,22.61
2007-01-20,0.0,34.98,21.67,36.24,18.36
2007-01-21,0.0,35.38,16.73,51.38,15.15
2007-01-22,0.0,36.88,18.56,70.6,16.03
2007-01-23,0.0,35.74,16.19,87.29,24.94
2007-01-24,0.0,35.53,16.98,91.26,27.2
2007-01-25,0.0,34.06,17.77,87.09,29.11
2007-01-26,0.0,33.35,14.1,96.92,28.1
2007-01-27,0.0,33.18,15.56,97.25,32.89
2007-01-28,0.0,32.87,16.3,99.32,37.41
2007-01-29,0.0,32.28,17.05,98.34,39.7
2007-01-30,0.0,34.69,16.67,98.41,35.56
2007-01-31,0.0,32.5,18.88,92.8,37.02
2007-02-01,0.0,36.67,20.07,85.47,32.59
2007-02-02,0.0,35.64,19.07,92.3,34.03
2007-02-03,0.0,38.68,17.72,92.11,24.77
2007-02-04,0.0,40.8,19.28,70.29,14.0
2007-02-05,0.0,37.18,21.08,70.2,18.07
2007-02-06,0.0,32.5,19.01,83.02,33.8
2007-02-07,0.0,30.25,18.9,83.65,34.19
2007-02-08,0.0,33.72,16.21,92.8,26.61
2007-02-09,0.0,36.92,16.69,68.06,18.57
2007-02-10,0.0,37.3,18.84,48.01,16.19
2007-02-11,0.0,37.95,17.65,49.99,16.0
2007-02-12,0.0,39.09,18.39,55.63,17.87
2007-02-13,0.0,39.2,19.18,42.32,18.65
2007-02-14,0.0,39.41,19.62,47.6,20.65
2007-02-15,0.0,39.52,19.58,50.57,15.58
2007-02-16,0.0,39.77,16.28,46.51,9.61
2007-02-17,0.0,39.16,17.11,61.74,11.82
2007-02-18,0.0,37.78,15.97,76.28,21.99
2007-02-19,0.0,36.93,19.32,72.84,22.25
2007-02-20,0.0,33.34,19.13,79.13,32.61
2007-02-21,0.0,35.93,15.88,85.4,30.43
2007-02-22,0.0,35.72,18.22,73.22,25.1
2007-02-23,0.0,36.58,16.71,73.79,15.41
2007-02-24,0.0,36.11,17.01,74.93,18.61
2007-02-25,0.0,35.94,16.74,67.23,18.89
2007-02-26,0.0,36.81,16.14,71.16,18.17
2007-02-27,0.0,37.02,18.2,67.7,18.97
2007-02-28,0.0,38.81,19.54,59.1,15.28
2007-03-01,0.0,38.93,19.75,51.27,14.82
2007-03-02,0.0,39.81,20.6,42.19,11.34
2007-03-03,0.0,40.1,24.08,35.33,14.81
2007-03-04,0.0,40.76,21.82,49.85,16.53
2007-03-05,0.0,40.44,22.05,49.88,17.56
2007-03-06,0.0,40.37,23.03,36.06,17.67
2007-03-07,0.0,40.42,20.86,51.17,10.58
2007-03-08,0.0,40.86,20.08,65.68,13.25
2007-03-09,0.0,40.67,17.19,72.27,16.45
2007-03-10,0.0,40.94,16.66,76.48,13.89
2007-03-11,0.0,38.25,20.3,46.6,15.51
2007-03-12,0.0,37.25,19.62,52.98,21.06
2007-03-13,0.0,38.29,17.44,74.61,17.85
2007-03-14,0.0,33.36,17.87,90.77,38.62
2007-03-15,0.0,30.76,17.13,93.7,45.24
2007-03-16,0.0,33.29,16.25,93.72,33.39
2007-03-17,0.0,37.39,16.07,88.89,26.77
2007-03-18,0.0,36.39,20.52,74.06,27.18
2007-03-19,0.0,32.31,18.61,81.24,35.65
2007-03-20,0.0,31.63,18.01,93.49,37.34
2007-03-21,0.0,28.68,18.3,86.76,38.4
2007-03-22,0.0,35.15,19.06,76.63,31.32
2007-03-23,0.0,39.18,19.93,78.75,22.44
2007-03-24,0.0,39.54,20.37,76.49,20.75
2007-03-25,0.0,37.99,19.95,78.92,36.52
2007-03-26,0.0,40.34,21.2,71.27,21.84
2007-03-27,0.0,40.18,21.33,72.85,18.95
2007-03-28,0.0,38.47,22.11,69.93,22.87
2007-03-29,0.0,37.83,21.37,65.37,21.56
2007-03-30,0.0,38.26,19.69,64.76,17.52
2007-03-31,0.0,38.97,19.77,74.87,25.93
2007-04-01,0.0,37.66,18.19,90.13,21.06
2007-04-02,0.0,36.57,17.41,94.95,23.77
2007-04-03,0.0,39.17,19.37,88.48,16.98
2007-04-04,0.0,42.35,19.92,83.25,15.38
2007-04-05,0.0,43.16,21.31,72.85,14.21
2007-04-06,0.0,41.3,19.68,78.07,21.16
2007-04-07,0.0,42.05,20.77,69.61,13.13
2007-04-08,0.0,40.73,20.26,73.74,18.23
2007-04-09,0.0,38.43,21.08,83.9,19.95
2007-04-10,0.0,38.48,18.14,91.1,24.43
2007-04-11,0.0,34.46,18.93,81.43,31.87
2007-04-12,0.0,38.6,19.63,82.58,22.97
2007-04-13,0.0,40.17,20.42,70.42,21.67
2007-04-14,0.0,41.41,22.36,57.96,18.86
2007-04-15,0.0,39.32,20.67,81.64,27.51
2007-04-16,0.0,36.44,19.3,89.07,26.65
2007-04-17,0.0,34.63,17.92,92.37,28.77
2007-04-18,0.0,36.04,17.26,95.89,29.98
2007-04-19,0.0,39.44,18.6,88.94,23.21
2007-04-20,0.0,39.62,19.22,77.36,20.77
2007-04-21,0.0,37.83,18.71,88.79,29.2
2007-04-22,0.0,36.39,17.3,97.61,28.36
2007-04-23,0.0,38.5,17.88,85.29,17.72
2007-04-24,0.0,36.89,18.36,96.37,25.54
2007-04-25,0.0,34.85,17.78,97.94,37.12
2007-04-26,0.0,33.93,17.42,98.51,37.03
2007-04-27,0.0,34.08,17.58,99.18,35.35
2007-04-28,0.0,36.75,17.58,98.75,30.53
2007-04-29,0.0,37.41,18.15,95.9,27.26
2007-04-30,0.0,38.57,19.17,93.52,24.01
2007-05-01,0.0,36.12,18.35,96.15,29.86
2007-05-02,0.0,35.71,18.37,98.77,34.83
2007-05-03,0.0,38.2,18.75,97.52,27.07
2007-05-04,0.0,39.98,19.57,91.46,24.55
2007-05-05,0.0,41.52,19.71,69.62,21.0
2007-05-06,0.0,41.27,21.4,65.18,16.76
2007-05-07,0.0,43.03,20.59,57.14,13.27
2007-05-08,0.0,43.29,19.65,63.75,14.95
2007-05-09,0.0,41.13,22.43,70.08,21.25
2007-05-10,0.0,42.08,25.24,61.98,14.35
2007-05-11,0.0,43.53,25.16,48.05,12.34
2007-05-12,0.0,40.43,23.13,72.89,25.42
2007-05-13,0.0,39.51,21.27,98.44,26.97
2007-05-14,0.0,40.97,19.61,98.74,23.07
2007-05-15,0.0,40.84,19.67,91.79,22.05
2007-05-16,0.0,38.9,20.02,95.01,27.63
2007-05-17,0.0,38.17,18.79,98.71,29.04
2007-05-18,0.0,37.57,18.91,96.66,22.13
2007-05-19,0.0,37.3,18.53,92.58,27.64
2007-05-20,0.0,35.4,18.99,92.37,37.03
2007-05-21,0.0,36.07,21.76,86.24,28.41
2007-05-22,0.0,35.18,21.25,86.32,36.61
2007-05-23,0.0,35.99,20.02,85.15,30.25
2007-05-24,0.0,35.76,19.38,86.43,27.93
2007-05-25,0.0,35.51,19.92,84.25,27.76
2007-05-26,0.0,35.82,19.68,87.83,33.1
2007-05-27,0.0,36.55,19.88,85.91,27.24
2007-05-28,0.0,38.61,21.32,84.31,28.42
2007-05-29,0.0,39.85,22.0,80.28,27.1
2007-05-30,0.0,40.82,21.48,80.33,23.94
2007-05-31,0.0,36.79,21.44,91.98,35.48
2007-06-01,0.0,32.58,20.78,95.41,51.07
2007-06-02,0.0,35.74,19.33,98.2,36.09
2007-06-03,0.0,33.1,19.4,97.74,38.91
2007-06-04,0.0,33.49,19.43,97.67,38.57
2007-06-05,0.0,34.73,19.31,95.43,36.55
2007-06-06,0.0,33.89,19.57,94.19,40.73
2007-06-07,0.0,34.03,19.16,95.91,44.41
2007-06-08,0.02,35.08,20.44,93.9,30.87
2007-06-09,0.0,41.71,21.91,95.15,19.72
2007-06-10,0.0,36.99,23.98,81.42,39.54
2007-06-11,0.0,40.86,23.64,89.77,27.43
2007-06-12,0.01,41.81,23.54,79.23,16.95
2007-06-13,1.6,35.14,22.29,95.17,39.02
2007-06-14,0.24,34.0,22.5,96.88,52.66
2007-06-15,0.0,37.64,22.15,97.41,33.44
2007-06-16,0.0,41.05,22.73,89.14,27.72
2007-06-17,0.0,35.25,23.94,93.77,46.3
2007-06-18,0.0,37.48,23.47,94.77,38.02
2007-06-19,0.0,37.73,23.81,91.3,41.21
2007-06-20,0.0,36.98,23.67,92.03,44.92
2007-06-21,0.0,36.38,23.19,97.96,44.09
2007-06-22,0.0,37.88,22.85,96.11,40.05
2007-06-23,0.0,35.42,22.66,91.63,40.25
2007-06-24,0.0,35.75,24.94,92.25,46.69
2007-06-25,0.0,35.94,23.85,96.95,43.76
2007-06-26,0.0,34.85,23.06,91.55,44.83
2007-06-27,0.44,35.65,23.71,87.79,39.57
2007-06-28,0.0,35.44,23.86,92.02,43.3
2007-06-29,0.0,37.23,23.16,92.9,38.51
2007-06-30,0.0,37.15,22.26,94.68,32.21
2007-07-01,0.0,33.33,22.68,92.65,46.4
2007-07-02,0.0,34.48,23.04,84.89,44.14
2007-07-03,0.0,34.89,22.56,86.47,45.78
2007-07-04,0.0,34.5,24.07,88.3,50.66
2007-07-05,0.0,36.19,24.7,92.48,44.91
2007-07-06,0.0,36.04,23.94,92.86,44.83
2007-07-07,0.0,34.7,23.11,93.77,41.27
2007-07-08,0.0,34.55,22.8,91.61,48.97
2007-07-09,0.0,35.94,22.43,92.43,42.92
2007-07-10,0.0,36.82,24.95,89.52,43.12
2007-07-11,0.0,35.79,24.93,87.68,44.6
2007-07-12,0.0,35.58,24.32,87.83,44.93
2007-07-13,0.0,36.53,24.33,87.16,45.41
2007-07-14,0.0,36.5,24.75,90.54,40.48
2007-07-15,0.0,34.4,24.66,87.99,45.17
2007-07-16,0.01,33.18,23.36,84.95,46.05
2007-07-17,8.8,36.26,23.61,97.43,46.2
2007-07-18,0.0,32.82,24.06,98.42,62.92
2007-07-19,0.01,32.34,24.34,95.0,55.98
2007-07-20,0.0,35.02,23.5,92.44,46.58
2007-07-21,0.0,34.48,24.75,88.15,50.97
2007-07-22,0.0,34.23,24.73,92.02,54.46
2007-07-23,0.0,35.03,24.95,91.55,51.97
2007-07-24,0.07,34.43,24.24,91.43,51.24
2007-07-25,10.45,34.59,24.38,95.82,52.08
2007-07-26,0.0,31.37,23.65,96.02,61.65
2007-07-27,0.04,33.04,22.42,92.68,52.7
2007-07-28,0.0,34.27,23.07,94.31,52.72
2007-07-29,0.42,34.87,25.26,91.52,48.84
2007-07-30,28.17,34.88,25.32,92.53,51.13
2007-07-31,20.65,29.17,22.28,99.52,81.06
2007-08-01,12.32,32.58,23.87,98.95,67.36
2007-08-02,6.79,31.34,23.6,99.18,69.93
2007-08-03,0.44,31.52,22.61,98.72,69.32
2007-08-04,0.03,33.18,24.25,98.81,62.7
2007-08-05,0.02,33.92,23.8,98.12,62.56
2007-08-06,0.75,32.73,25.68,97.81,66.18
2007-08-07,0.0,32.06,25.41,96.4,62.4
2007-08-08,0.0,32.07,25.42,91.81,61.61
2007-08-09,0.0,32.68,24.94,91.76,51.71
2007-08-10,0.11,34.39,23.56,97.59,56.47
2007-08-11,1.95,34.84,25.4,97.28,57.14
2007-08-12,59.65,33.34,24.89,99.23,57.91
2007-08-13,0.56,30.67,21.67,99.8,74.26
2007-08-14,1.49,31.03,22.55,98.27,65.22
2007-08-15,0.36,33.21,24.21,96.55,62.63
2007-08-16,18.76,33.19,24.3,97.98,63.42
2007-08-17,0.2,33.38,23.44,98.74,65.43
2007-08-18,0.0,33.77,24.97,98.22,61.09
2007-08-19,0.0,32.98,24.8,95.65,59.95
2007-08-20,0.0,33.31,23.8,97.3,57.9
2007-08-21,0.03,31.97,23.67,93.4,55.1
2007-08-22,1.46,34.26,22.57,94.54,57.07
2007-08-23,20.09,32.07,24.41,97.19,62.17
2007-08-24,2.24,30.69,23.56,97.5,67.02
2007-08-25,0.0,32.86,23.77,98.23,56.37
2007-08-26,0.27,32.98,23.94,97.43,58.82
2007-08-27,6.08,32.63,24.14,96.97,62.21
2007-08-28,2.02,32.73,24.68,96.37,62.42
2007-08-29,1.52,30.77,23.7,99.01,70.95
2007-08-30,0.79,29.33,24.17,97.09,76.2
2007-08-31,0.01,31.63,24.71,97.33,67.44
2007-09-01,16.55,33.1,23.64,99.54,57.37
2007-09-02,8.79,30.66,23.56,99.57,73.01
2007-09-03,1.15,31.24,24.01,98.26,72.77
2007-09-04,0.0,33.15,22.68,97.75,62.89
2007-09-05,0.05,33.26,23.84,95.52,62.88
2007-09-06,9.21,35.18,24.04,96.49,56.7
2007-09-07,3.93,33.38,22.73,98.17,64.28
2007-09-08,24.19,29.26,24.12,99.25,85.3
2007-09-09,6.74,30.05,23.74,98.74,77.37
2007-09-10,0.18,32.36,23.19,98.87,62.65
2007-09-11,24.01,34.24,23.37,96.71,59.91
2007-09-12,11.14,32.87,21.46,99.25,61.29
2007-09-13,5.31,31.51,22.26,98.66,73.0
2007-09-14,0.0,33.19,23.24,99.27,59.22
2007-09-15,0.0,34.73,23.46,96.61,61.43
2007-09-16,0.01,36.08,24.65,95.74,53.38
2007-09-17,9.1,35.99,23.86,99.2,58.94
2007-09-18,9.81,33.8,22.37,98.95,58.73
2007-09-19,0.04,31.42,22.18,99.73,71.04
2007-09-20,0.0,33.93,23.48,99.17,64.04
2007-09-21,0.0,35.09,24.26,97.66,62.1
2007-09-22,0.0,36.19,24.52,96.1,55.43
2007-09-23,0.0,35.21,24.04,95.0,58.66
2007-09-24,0.0,33.0,22.71,96.81,55.99
2007-09-25,0.0,35.49,24.09,95.07,55.89
2007-09-26,0.2,34.5,24.8,94.66,57.47
2007-09-27,1.98,33.07,24.54,96.23,63.2
2007-09-28,0.0,33.36,22.64,98.18,55.59
2007-09-29,0.0,35.46,23.27,97.55,49.2
2007-09-30,0.11,36.16,24.33,94.63,56.82
2007-10-01,0.0,35.85,24.15,98.25,55.03
2007-10-02,0.04,36.49,24.41,98.7,54.58
2007-10-03,0.0,35.9,24.25,97.28,55.87
2007-10-04,0.0,34.9,24.12,96.03,56.1
2007-10-05,0.0,37.0,23.95,95.67,43.79
2007-10-06,0.0,37.12,24.38,96.17,47.82
2007-10-07,0.0,37.95,24.25,98.23,46.79
2007-10-08,0.08,37.15,25.31,96.15,50.81
2007-10-09,0.0,37.71,23.96,96.32,38.88
2007-10-10,0.03,35.74,23.63,98.35,55.81
2007-10-11,0.0,33.76,23.82,96.84,57.41
2007-10-12,0.0,33.01,22.05,97.27,49.98
2007-10-13,1.08,34.83,22.99,97.72,51.84
2007-10-14,0.0,36.63,22.99,97.2,42.65
2007-10-15,0.0,38.8,22.54,98.08,30.0
2007-10-16,0.0,39.32,21.73,94.0,30.38
2007-10-17,0.0,38.82,21.88,92.83,37.98
2007-10-18,0.0,39.85,21.81,93.82,27.3
2007-10-19,0.0,37.23,20.92,89.63,29.63
2007-10-20,0.04,35.36,20.53,96.54,41.59
2007-10-21,0.0,35.33,19.67,94.45,37.37
2007-10-22,0.0,36.97,21.55,95.02,32.89
2007-10-23,0.0,37.86,21.97,96.62,27.32
2007-10-24,0.0,38.07,23.24,93.61,37.0
2007-10-25,0.0,39.95,24.24,98.79,34.48
2007-10-26,0.0,40.09,23.83,97.38,26.72
2007-10-27,0.0,37.95,20.55,93.33,31.32
2007-10-28,0.0,37.61,21.35,96.11,29.0
2007-10-29,0.0,37.08,20.99,97.46,30.34
2007-10-30,0.0,38.87,21.91,95.85,26.77
2007-10-31,0.0,38.07,22.92,71.8,23.39
2007-11-01,0.0,36.33,19.84,85.09,37.48
2007-11-02,0.01,34.09,24.03,87.25,44.97
2007-11-03,0.0,37.05,23.03,94.75,33.87
2007-11-04,0.0,38.03,21.67,99.62,33.49
2007-11-05,0.0,38.47,19.57,99.11,26.98
2007-11-06,0.0,39.31,20.6,98.41,17.08
2007-11-07,0.0,38.66,20.72,79.56,14.06
2007-11-08,0.0,37.63,20.33,47.95,9.57
2007-11-09,0.0,37.52,14.78,54.7,10.66
2007-11-10,0.0,37.58,16.3,44.05,10.02
2007-11-11,0.0,38.22,17.35,64.59,14.46
2007-11-12,0.0,38.26,20.56,83.92,16.87
2007-11-13,0.0,35.36,21.05,95.16,31.38
2007-11-14,0.0,37.18,20.54,83.49,18.73
2007-11-15,0.0,36.83,19.57,94.58,26.57
2007-11-16,0.0,36.52,19.16,97.94,27.19
2007-11-17,0.0,37.26,18.64,97.11,26.46
2007-11-18,0.0,37.59,19.1,98.37,22.19
2007-11-19,0.0,38.22,19.8,93.63,17.74
2007-11-20,0.0,40.17,19.06,77.8,14.31
2007-11-21,0.0,39.24,18.98,77.93,10.84
2007-11-22,0.0,38.23,20.19,72.88,13.33
2007-11-23,0.0,38.36,20.7,90.32,21.07
2007-11-24,0.0,38.48,18.91,97.11,23.64
2007-11-25,0.0,36.51,18.44,77.84,26.14
2007-11-26,0.0,34.28,18.04,72.06,26.72
2007-11-27,0.0,32.48,16.81,64.44,28.37
2007-11-28,0.0,32.36,17.06,61.97,29.84
2007-11-29,0.0,33.07,16.08,65.84,29.21
2007-11-30,0.0,32.88,16.9,76.55,27.2
2007-12-01,0.0,32.85,18.4,74.26,27.94
2007-12-02,0.0,34.93,18.06,68.25,22.33
2007-12-03,0.0,34.41,18.91,54.56,26.9
2007-12-04,0.0,31.35,18.67,51.87,18.98
2007-12-05,0.0,29.47,14.0,47.32,19.3
2007-12-06,0.0,30.52,13.2,44.09,16.05
2007-12-07,0.0,32.16,15.58,42.77,17.43
2007-12-08,0.0,32.94,16.29,54.31,20.39
2007-12-09,0.0,33.9,15.63,62.71,19.04
2007-12-10,0.0,35.25,13.07,69.86,17.88
2007-12-11,0.0,34.64,16.47,83.4,23.06
2007-12-12,0.0,36.1,17.54,93.58,24.78
2007-12-13,0.0,37.53,19.45,86.15,20.46
2007-12-14,0.0,36.28,17.86,75.75,15.46
2007-12-15,0.0,32.96,19.21,46.76,12.6
2007-12-16,0.0,32.44,19.05,62.07,12.54
2007-12-17,0.0,35.12,16.71,71.04,16.36
2007-12-18,0.0,35.92,15.81,83.84,13.38
2007-12-19,0.0,35.22,17.49,83.75,20.25
2007-12-20,0.0,33.8,17.53,91.41,25.7
2007-12-21,0.0,34.34,17.89,93.22,24.11
2007-12-22,0.0,37.34,18.35,86.46,19.81
2007-12-23,0.0,38.05,16.96,87.48,22.41
2007-12-24,0.0,37.82,16.21,81.52,21.45
2007-12-25,0.0,35.91,18.12,77.8,20.89
2007-12-26,0.0,36.19,16.67,61.53,21.1
2007-12-27,0.0,35.84,17.05,49.61,19.0
2007-12-28,0.0,35.48,16.0,55.18,18.2
2007-12-29,0.0,34.2,15.4,59.52,20.46
2007-12-30,0.0,31.42,15.04,41.48,18.73
2007-12-31,0.0,30.58,14.4,44.61,18.43
2008-01-01,0.0,29.39,14.15,35.79,17.78
2008-01-02,0.0,31.31,13.19,49.15,16.06
2008-01-03,0.0,31.4,15.41,39.14,11.57
2008-01-04,0.0,32.05,15.64,48.32,15.82
2008-01-05,0.0,31.78,11.94,71.78,14.2
2008-01-06,0.0,31.78,12.84,83.28,21.41
2008-01-07,0.0,30.16,13.55,42.31,14.09
2008-01-08,0.0,30.47,13.03,39.65,15.26
2008-01-09,0.0,31.34,12.6,43.72,15.02
2008-01-10,0.0,31.89,12.93,48.98,20.69
2008-01-11,0.0,32.22,12.91,74.58,23.86
2008-01-12,0.0,33.52,15.59,70.86,21.1
2008-01-13,0.0,33.77,17.54,61.88,26.63
2008-01-14,0.0,33.56,18.33,59.82,28.73
2008-01-15,0.0,33.45,19.62,56.43,18.9
2008-01-16,0.0,33.86,20.59,36.33,20.67
2008-01-17,0.0,32.62,18.67,33.83,15.67
2008-01-18,0.0,33.74,19.08,32.82,16.85
2008-01-19,0.0,34.66,16.47,39.82,14.35
2008-01-20,0.0,35.63,17.52,45.82,20.51
2008-01-21,0.0,36.42,16.1,45.48,11.98
2008-01-22,0.0,35.93,17.23,34.06,11.01
2008-01-23,0.0,36.05,19.56,35.31,13.37
2008-01-24,0.0,35.56,16.53,43.84,12.38
2008-01-25,0.0,34.95,18.12,40.26,14.11
2008-01-26,0.0,36.43,19.07,34.37,11.67
2008-01-27,0.0,35.58,19.32,33.53,12.88
2008-01-28,0.0,34.71,20.83,39.35,12.15
2008-01-29,0.0,35.35,16.25,40.97,8.66
2008-01-30,0.0,36.09,15.84,44.66,11.4
2008-01-31,0.0,35.89,17.63,34.25,11.17
2008-02-01,0.0,36.84,21.63,28.71,9.97
2008-02-02,0.0,36.86,20.25,46.33,10.33
2008-02-03,0.0,36.79,16.71,62.13,10.95
2008-02-04,0.0,36.46,19.35,58.02,12.29
2008-02-05,0.0,37.49,19.12,59.98,12.77
2008-02-06,0.0,37.77,18.75,61.2,12.71
2008-02-07,0.0,37.73,18.89,71.28,11.86
2008-02-08,0.0,34.33,19.79,80.71,25.48
2008-02-09,0.0,31.29,16.69,92.37,32.73
2008-02-10,0.0,30.42,16.18,96.61,33.92
2008-02-11,0.03,30.11,17.11,87.2,33.69
2008-02-12,0.06,29.52,18.2,92.89,40.88
2008-02-13,0.0,32.98,17.68,97.19,35.95
2008-02-14,0.0,33.84,17.6,86.72,30.79
2008-02-15,0.0,36.04,18.5,88.93,25.42
2008-02-16,0.0,37.82,20.14,78.18,20.89
2008-02-17,0.0,40.75,19.49,74.41,10.56
2008-02-18,0.0,40.91,19.86,59.92,8.81
2008-02-19,0.0,40.38,22.63,29.33,6.28
2008-02-20,0.0,40.19,18.23,68.96,4.39
2008-02-21,0.0,39.1,17.68,76.02,8.51
2008-02-22,0.0,39.58,18.22,77.37,10.42
2008-02-23,0.0,38.26,19.19,50.1,13.32
2008-02-24,0.0,36.94,18.21,91.54,22.48
2008-02-25,0.0,36.89,17.93,89.66,24.74
2008-02-26,0.0,37.3,18.46,82.97,17.68
2008-02-27,0.0,37.28,17.87,77.15,17.8
2008-02-28,0.0,38.41,18.18,80.22,18.85
2008-02-29,0.0,40.22,18.62,77.96,9.23
2008-03-01,0.0,40.57,20.35,53.68,6.06
2008-03-02,0.0,39.99,20.66,37.2,8.83
2008-03-03,0.0,40.58,19.75,41.72,8.98
2008-03-04,0.0,40.94,21.8,60.25,10.86
2008-03-05,0.0,39.95,19.1,74.97,13.37
2008-03-06,0.0,39.9,18.47,85.92,13.01
2008-03-07,0.0,41.11,19.86,72.32,9.72
2008-03-08,0.0,41.63,20.15,58.97,11.02
2008-03-09,0.0,40.67,21.33,59.24,16.07
2008-03-10,0.0,35.41,19.51,81.34,24.15
2008-03-11,0.0,35.19,17.25,93.17,25.16
2008-03-12,0.0,36.33,16.76,95.61,25.79
2008-03-13,0.0,34.26,18.02,98.81,33.86
2008-03-14,0.0,33.11,19.2,97.35,40.98
2008-03-15,0.0,37.19,19.49,98.25,27.94
2008-03-16,0.0,39.35,21.5,82.53,20.88
2008-03-17,0.0,42.39,21.01,77.9,9.07
2008-03-18,0.0,39.92,20.48,75.31,22.71
2008-03-19,0.0,39.8,20.43,80.47,21.06
2008-03-20,0.0,39.51,18.83,88.85,23.42
2008-03-21,0.0,34.74,18.25,97.04,27.21
2008-03-22,0.0,35.91,17.28,91.72,22.48
2008-03-23,0.0,34.36,17.4,89.94,26.04
2008-03-24,0.0,33.72,16.89,92.57,27.86
2008-03-25,0.0,34.98,17.73,87.67,30.4
2008-03-26,0.0,34.29,18.7,89.99,26.01
2008-03-27,0.0,38.87,19.68,88.01,20.76
2008-03-28,0.0,38.92,20.61,81.11,19.72
2008-03-29,0.0,39.68,22.07,76.0,23.08
2008-03-30,0.0,41.7,21.04,83.53,20.24
2008-03-31,0.0,43.24,20.31,79.07,13.98
2008-04-01,0.0,42.87,21.35,80.38,15.72
2008-04-02,0.0,38.88,21.72,88.6,27.18
2008-04-03,0.0,37.58,21.56,96.78,34.69
2008-04-04,0.0,39.11,21.58,96.32,25.63
2008-04-05,0.0,38.04,20.63,98.94,27.72
2008-04-06,0.0,38.41,19.37,98.92,22.99
2008-04-07,0.0,38.65,19.13,91.33,20.08
2008-04-08,0.0,41.13,18.96,81.43,12.88
2008-04-09,0.0,40.39,19.1,90.14,17.27
2008-04-10,0.0,40.31,20.67,82.96,18.48
2008-04-11,0.0,38.18,19.91,86.34,25.96
2008-04-12,0.0,39.98,18.66,88.47,20.85
2008-04-13,0.0,42.03,19.65,79.23,13.63
2008-04-14,0.0,40.61,19.77,80.23,16.52
2008-04-15,0.0,38.13,18.2,90.88,23.86
2008-04-16,0.0,38.28,18.02,85.97,21.79
2008-04-17,0.0,36.08,18.06,88.98,29.79
2008-04-18,0.0,34.79,17.56,92.97,34.03
2008-04-19,0.0,36.84,18.13,93.45,30.5
2008-04-20,0.0,37.3,18.58,93.55,28.21
2008-04-21,0.0,39.32,19.18,88.55,24.89
2008-04-22,0.0,41.23,20.32,76.47,22.3
2008-04-23,0.0,41.49,20.21,70.53,15.12
2008-04-24,0.0,40.17,20.74,81.3,22.42
2008-04-25,0.0,39.46,19.35,89.59,24.71
2008-04-26,0.0,36.97,20.5,82.05,31.05
2008-04-27,0.0,40.24,20.65,89.06,18.55
2008-04-28,0.0,40.99,20.94,88.12,15.47
2008-04-29,0.0,39.11,19.36,94.81,18.97
2008-04-30,0.0,38.22,18.2,97.82,18.26
2008-05-01,0.0,36.57,18.38,99.03,22.4
2008-05-02,0.0,36.48,18.94,96.37,21.67
2008-05-03,0.0,38.55,20.29,86.77,20.16
2008-05-04,0.0,44.42,22.66,79.11,11.16
2008-05-05,0.0,40.2,23.51,75.6,18.97
2008-05-06,0.0,37.73,21.89,86.05,30.63
2008-05-07,0.0,36.36,19.89,93.88,28.26
2008-05-08,0.0,34.12,19.18,96.48,31.24
2008-05-09,0.0,35.54,18.88,96.32,29.87
2008-05-10,0.0,38.69,19.64,93.76,20.83
2008-05-11,0.0,40.77,20.98,77.43,20.67
2008-05-12,0.0,40.59,20.96,73.08,16.05
2008-05-13,0.0,41.71,20.19,68.63,16.84
2008-05-14,0.0,38.32,20.86,71.56,24.82
2008-05-15,0.0,37.69,20.6,82.03,25.58
2008-05-16,0.0,35.78,20.04,83.99,25.01
2008-05-17,0.0,36.74,20.57,83.67,29.36
2008-05-18,0.0,38.18,19.66,91.65,26.68
2008-05-19,0.0,39.94,20.03,81.28,22.32
2008-05-20,0.0,36.06,21.2,78.18,30.3
2008-05-21,0.01,37.69,21.69,81.58,35.37
2008-05-22,0.0,39.54,24.15,74.33,29.51
2008-05-23,0.0,41.12,24.79,81.7,21.81
2008-05-24,0.0,42.08,22.41,76.15,13.45
2008-05-25,0.0,37.81,19.95,90.14,24.78
2008-05-26,0.0,36.39,18.57,93.49,28.87
2008-05-27,0.0,37.52,19.73,95.17,28.65
2008-05-28,0.0,42.03,21.51,87.71,16.52
2008-05-29,0.0,42.37,23.85,53.65,16.27
2008-05-30,0.0,42.6,23.32,67.74,14.59
2008-05-31,0.0,37.08,22.01,78.34,32.44
2008-06-01,0.01,36.97,23.29,82.15,39.07
2008-06-02,0.0,38.03,23.17,91.06,29.57
2008-06-03,0.0,39.02,23.07,86.08,26.78
2008-06-04,0.0,42.99,23.81,72.27,16.42
2008-06-05,0.0,36.74,25.11,78.26,34.04
2008-06-06,0.0,37.28,23.65,83.13,33.52
2008-06-07,0.0,36.28,22.81,91.77,37.23
2008-06-08,0.0,37.6,21.0,95.86,32.01
2008-06-09,0.0,41.26,21.84,95.87,23.54
2008-06-10,0.0,41.32,23.23,87.14,18.62
2008-06-11,0.0,40.37,22.12,85.87,22.35
2008-06-12,0.03,35.0,22.9,90.84,34.77
2008-06-13,0.34,32.6,22.53,92.73,46.29
2008-06-14,0.0,39.0,23.17,95.3,30.31
2008-06-15,0.33,36.95,24.53,91.2,37.73
2008-06-16,13.22,33.5,22.14,98.3,58.34
2008-06-17,0.0,34.64,22.81,94.57,37.94
2008-06-18,0.0,39.3,22.44,96.11,27.92
2008-06-19,0.0,35.5,23.85,95.02,45.3
2008-06-20,0.07,35.67,25.27,88.94,47.44
2008-06-21,0.0,35.84,23.8,91.56,33.25
2008-06-22,0.0,35.72,24.19,91.27,42.56
2008-06-23,0.0,35.94,24.64,90.64,47.54
2008-06-24,0.0,34.84,24.52,86.78,44.74
2008-06-25,0.0,34.9,23.96,82.74,45.81
2008-06-26,0.0,35.56,23.84,85.02,48.25
2008-06-27,0.03,35.42,23.67,92.4,48.52
2008-06-28,12.91,32.66,24.14,96.44,57.14
2008-06-29,0.0,33.35,23.58,97.67,57.74
2008-06-30,13.0,34.49,23.63,96.8,52.12
2008-07-01,12.17,32.99,22.76,97.41,57.97
2008-07-02,1.89,31.39,22.46,97.43,66.97
2008-07-03,9.92,34.3,24.22,98.53,57.38
2008-07-04,0.0,34.53,22.75,96.03,55.35
2008-07-05,0.0,34.86,25.19,93.57,48.39
2008-07-06,0.0,33.99,24.01,93.33,54.32
2008-07-07,0.0,35.3,23.87,96.96,41.83
2008-07-08,0.0,35.95,25.23,91.3,47.57
2008-07-09,0.02,35.99,25.19,91.56,44.62
2008-07-10,5.47,36.61,24.62,94.95,48.3
2008-07-11,0.02,34.64,23.8,98.9,55.1
2008-07-12,3.67,35.52,25.56,94.46,53.07
2008-07-13,1.2,35.16,23.77,95.81,52.5
2008-07-14,0.17,35.69,24.65,94.53,53.58
2008-07-15,0.11,35.71,25.38,97.15,55.84
2008-07-16,0.03,34.27,25.83,92.56,53.11
2008-07-17,0.0,33.62,25.07,89.83,58.51
2008-07-18,1.24,33.47,24.45,93.42,57.06
2008-07-19,0.65,34.07,24.8,94.93,59.19
2008-07-20,18.0,29.25,21.41,98.48,76.35
2008-07-21,17.22,31.47,22.94,99.05,61.84
2008-07-22,0.05,31.46,22.42,99.16,67.65
2008-07-23,0.0,32.49,23.68,98.44,60.83
2008-07-24,0.0,34.42,23.98,94.56,48.72
2008-07-25,13.68,34.13,24.52,96.92,53.35
2008-07-26,21.77,32.39,23.16,99.17,67.76
2008-07-27,0.0,33.21,23.38,98.92,60.84
2008-07-28,0.0,33.55,24.31,95.71,54.41
2008-07-29,10.62,32.22,23.4,97.82,61.17
2008-07-30,2.93,29.11,23.15,99.23,79.52
2008-07-31,1.01,32.64,23.05,98.86,64.11
2008-08-01,0.0,34.08,24.83,97.99,53.67
2008-08-02,0.0,33.72,24.27,94.58,57.87
2008-08-03,0.0,33.97,24.33,95.21,57.91
2008-08-04,10.25,30.8,21.93,98.2,69.91
2008-08-05,0.0,32.49,24.02,98.69,66.46
2008-08-06,0.37,32.71,24.62,96.95,62.73
2008-08-07,12.6,34.57,24.49,97.94,56.06
2008-08-08,0.27,34.01,23.38,99.7,57.06
2008-08-09,0.56,33.85,24.82,99.38,59.52
2008-08-10,0.0,32.62,24.68,98.49,62.18
2008-08-11,0.0,33.56,24.94,96.81,61.3
2008-08-12,0.0,34.41,24.4,96.72,58.61
2008-08-13,0.0,34.76,24.68,95.42,52.83
2008-08-14,11.78,35.81,24.1,96.63,52.4
2008-08-15,0.12,33.0,23.82,98.09,64.15
2008-08-16,0.02,33.41,24.41,97.51,62.9
2008-08-17,0.0,33.33,24.15,97.17,58.9
2008-08-18,0.0,34.01,24.11,97.49,59.72
2008-08-19,20.4,31.08,23.59,98.99,76.06
2008-08-20,24.85,32.88,22.98,99.54,67.81
2008-08-21,17.3,30.41,21.8,99.7,75.26
2008-08-22,0.08,32.54,23.0,99.83,68.77
2008-08-23,0.0,32.33,23.93,99.23,67.09
2008-08-24,23.21,31.44,23.6,99.12,75.4
2008-08-25,49.41,29.86,22.82,98.45,75.2
2008-08-26,1.78,30.79,22.88,98.73,71.08
2008-08-27,14.71,29.35,22.21,98.78,77.92
2008-08-28,7.23,33.52,23.44,99.39,59.96
2008-08-29,0.1,31.37,23.7,98.91,69.63
2008-08-30,18.48,32.32,23.45,99.65,64.58
2008-08-31,44.56,32.97,22.27,99.93,64.01
2008-09-01,2.22,32.53,22.21,98.61,68.59
2008-09-02,24.36,33.36,24.68,98.66,66.9
2008-09-03,0.17,30.1,21.12,98.91,72.76
2008-09-04,0.61,31.86,24.27,99.38,67.58
2008-09-05,20.87,34.1,24.54,99.45,59.52
2008-09-06,1.0,32.85,21.37,99.79,62.35
2008-09-07,0.03,33.7,24.57,99.36,61.52
2008-09-08,40.56,34.2,22.36,98.78,60.1
2008-09-09,0.0,33.98,21.06,99.23,62.26
2008-09-10,0.0,34.36,25.06,99.34,61.35
2008-09-11,0.0,34.53,25.19,98.82,62.5
2008-09-12,0.0,34.8,24.79,96.25,50.91
2008-09-13,0.23,33.95,23.91,96.19,61.62
2008-09-14,0.0,35.01,23.97,97.56,54.77
2008-09-15,0.0,34.94,24.68,98.0,58.19
2008-09-16,0.91,34.8,24.76,96.82,55.96
2008-09-17,7.22,32.74,22.87,97.35,65.95
2008-09-18,1.08,32.93,23.93,98.4,62.31
2008-09-19,6.87,34.73,24.28,96.59,55.22
2008-09-20,0.0,34.45,22.6,96.23,59.0
2008-09-21,0.03,34.92,24.68,93.49,55.14
2008-09-22,0.01,35.06,24.9,95.13,56.76
2008-09-23,0.95,36.13,24.41,95.91,51.93
2008-09-24,8.46,36.1,25.18,96.69,51.32
2008-09-25,1.51,34.28,21.72,99.39,52.96
2008-09-26,12.05,31.41,22.46,99.33,68.51
2008-09-27,0.29,32.89,22.34,98.53,60.42
2008-09-28,0.01,35.87,24.63,96.6,53.26
2008-09-29,0.02,36.2,25.01,96.92,55.04
2008-09-30,9.85,31.18,21.81,98.85,66.68
2008-10-01,0.0,36.1,24.44,98.62,52.77
2008-10-02,2.29,34.47,24.54,99.39,57.22
2008-10-03,0.67,31.22,23.47,99.57,70.3
2008-10-04,0.0,32.18,23.34,98.01,66.39
2008-10-05,0.0,34.77,24.29,99.3,53.71
2008-10-06,0.0,36.57,24.65,99.28,49.69
2008-10-07,0.0,36.33,23.27,98.06,49.9
2008-10-08,0.0,35.07,24.86,99.27,55.39
2008-10-09,0.0,35.93,24.6,97.84,54.51
2008-10-10,0.0,34.94,24.72,98.65,55.96
2008-10-11,0.0,34.25,22.19,97.49,53.45
2008-10-12,0.0,35.94,21.76,97.11,35.86
2008-10-13,0.02,36.29,21.89,97.42,44.65
2008-10-14,1.17,37.15,24.11,98.0,44.94
2008-10-15,9.59,35.46,23.36,96.87,50.61
2008-10-16,0.0,32.46,22.01,98.17,59.45
2008-10-17,0.0,37.76,24.0,98.73,39.89
2008-10-18,0.0,37.08,23.95,98.91,46.09
2008-10-19,0.0,37.49,23.97,95.49,34.22
2008-10-20,1.99,33.85,22.91,96.55,53.68
2008-10-21,0.0,32.74,22.06,96.61,60.31
2008-10-22,0.0,34.27,22.23,96.45,51.35
2008-10-23,0.0,36.21,23.19,95.99,44.03
2008-10-24,0.0,39.09,23.39,91.93,29.06
2008-10-25,0.0,38.22,22.82,78.3,28.35
2008-10-26,0.0,36.71,19.85,76.41,23.51
2008-10-27,0.0,34.85,19.1,93.82,31.07
2008-10-28,0.0,34.61,18.92,94.73,36.7
2008-10-29,0.0,34.19,20.19,93.46,45.57
2008-10-30,0.0,35.57,21.14,97.04,38.56
2008-10-31,0.0,35.67,19.15,70.51,32.38
2008-11-01,0.0,36.55,19.71,77.07,34.91
2008-11-02,0.0,35.95,20.11,78.92,34.03
2008-11-03,0.0,36.99,20.89,86.87,31.62
2008-11-04,0.0,39.13,20.01,92.88,25.61
2008-11-05,0.0,38.42,19.37,81.12,30.19
2008-11-06,0.0,39.85,19.63,88.93,18.78
2008-11-07,0.0,39.09,18.36,86.52,24.04
2008-11-08,0.0,37.51,18.83,92.3,29.15
2008-11-09,0.0,37.86,19.27,98.05,24.59
2008-11-10,0.0,36.74,17.78,76.43,15.2
2008-11-11,0.0,36.66,15.63,66.45,16.91
2008-11-12,0.0,37.37,15.79,85.0,16.69
2008-11-13,0.0,37.89,17.88,78.95,18.29
2008-11-14,0.0,37.68,18.39,72.44,18.96
2008-11-15,0.0,38.5,19.58,73.48,18.22
2008-11-16,0.0,39.1,19.31,67.29,13.76
2008-11-17,0.0,39.17,18.83,66.84,14.7
2008-11-18,0.0,38.86,17.34,65.99,8.87
2008-11-19,0.0,38.3,19.43,60.33,13.73
2008-11-20,0.0,35.27,17.52,82.46,24.54
2008-11-21,0.0,36.31,16.48,86.48,21.09
2008-11-22,0.0,36.81,16.76,76.31,21.29
2008-11-23,0.0,36.04,20.07,64.58,21.43
2008-11-24,0.0,37.32,22.04,61.63,21.83
2008-11-25,0.0,37.6,20.64,65.07,19.89
2008-11-26,0.0,37.82,19.51,78.4,21.34
2008-11-27,0.0,37.32,19.97,66.86,22.79
2008-11-28,0.0,36.72,19.23,60.95,20.83
2008-11-29,0.0,36.0,17.96,63.45,21.23
2008-11-30,0.0,35.33,16.63,72.92,24.29
2008-12-01,0.0,36.95,16.43,81.04,19.45
2008-12-02,0.0,37.89,17.67,75.31,16.55
2008-12-03,0.0,35.36,18.63,63.89,20.39
2008-12-04,0.0,33.78,15.02,65.63,18.2
2008-12-05,0.0,32.15,13.73,47.64,16.03
2008-12-06,0.0,32.69,13.87,47.03,10.72
2008-12-07,0.0,33.32,13.3,50.92,18.26
2008-12-08,0.0,34.93,13.6,48.85,17.0
2008-12-09,0.0,34.25,15.95,48.93,15.37
2008-12-10,0.0,34.36,16.06,69.75,20.36
2008-12-11,0.0,35.37,15.43,59.74,12.45
2008-12-12,0.0,33.99,18.0,72.32,19.09
2008-12-13,0.0,32.22,15.44,78.97,18.23
2008-12-14,0.0,32.31,15.27,68.44,18.45
2008-12-15,0.0,32.64,14.67,63.48,13.8
2008-12-16,0.0,32.56,15.66,67.55,21.8
2008-12-17,0.0,32.17,14.34,72.19,21.7
2008-12-18,0.0,32.09,14.93,58.17,18.24
2008-12-19,0.0,33.28,16.59,50.33,15.18
2008-12-20,0.0,34.73,17.37,51.23,17.84
2008-12-21,0.0,36.82,18.89,50.51,16.35
2008-12-22,0.0,37.17,16.74,57.13,13.52
2008-12-23,0.0,35.3,18.48,55.14,15.57
2008-12-24,0.0,35.91,17.18,54.03,14.98
2008-12-25,0.0,33.03,17.31,69.51,19.08
2008-12-26,0.0,33.6,16.81,78.04,25.72
2008-12-27,0.0,32.24,16.77,73.96,29.33
2008-12-28,0.0,34.54,17.36,74.19,21.72
2008-12-29,0.0,38.66,18.15,68.41,13.86
2008-12-30,0.0,38.6,16.65,75.32,12.9
2008-12-31,0.0,39.32,18.13,55.48,10.34
2009-01-01,0.0,39.09,17.57,50.21,10.66
2009-01-02,0.0,38.78,16.94,51.23,10.68
2009-01-03,0.0,37.62,18.14,44.42,13.57
2009-01-04,0.0,36.28,17.79,36.59,11.12
2009-01-05,0.0,35.51,15.55,42.39,12.21
2009-01-06,0.0,33.76,16.55,46.56,15.96
2009-01-07,0.0,29.04,14.21,64.27,21.96
2009-01-08,0.0,29.01,13.44,80.05,22.16
2009-01-09,0.0,30.3,12.81,60.42,21.12
2009-01-10,0.0,30.26,11.66,65.18,16.17
2009-01-11,0.0,29.52,12.31,90.82,30.96
2009-01-12,0.0,28.03,12.88,80.2,24.75
2009-01-13,0.0,30.03,11.92,58.74,17.7
2009-01-14,0.0,30.67,13.68,53.94,19.31
2009-01-15,0.0,31.26,15.31,57.22,14.57
2009-01-16,0.0,29.82,13.63,52.45,12.15
2009-01-17,0.0,27.31,12.98,64.36,25.28
2009-01-18,0.0,27.67,11.62,56.47,23.53
2009-01-19,0.0,28.89,11.9,61.47,18.67
2009-01-20,0.0,29.71,10.87,66.56,17.02
2009-01-21,0.0,30.11,11.46,91.79,28.21
2009-01-22,0.0,29.32,14.33,48.93,11.88
2009-01-23,0.0,30.21,13.75,39.32,10.2
2009-01-24,0.0,29.71,13.11,30.51,11.53
2009-01-25,0.0,27.31,15.68,43.15,16.11
2009-01-26,0.0,32.0,15.38,68.28,20.91
2009-01-27,0.0,33.09,14.61,79.99,26.55
2009-01-28,0.0,32.38,14.48,83.13,28.48
2009-01-29,0.0,33.72,13.6,96.69,26.04
2009-01-30,0.0,34.92,15.45,92.68,26.52
2009-01-31,0.0,34.85,15.92,63.54,18.55
2009-02-01,0.0,33.29,15.01,79.31,19.57
2009-02-02,0.0,29.72,14.86,95.11,40.69
2009-02-03,0.0,30.43,13.95,96.69,37.07
2009-02-04,0.0,30.36,14.62,96.73,44.13
2009-02-05,0.0,32.06,14.67,98.06,39.31
2009-02-06,0.0,28.98,15.81,93.27,36.04
2009-02-07,0.0,30.3,15.52,86.63,24.59
2009-02-08,0.0,32.73,14.98,58.53,15.55
2009-02-09,0.0,35.74,16.51,49.8,14.42
2009-02-10,0.0,38.0,16.24,53.84,14.1
2009-02-11,0.0,39.39,17.91,43.57,13.5
2009-02-12,0.0,39.25,16.93,52.78,13.1
2009-02-13,0.0,36.74,16.67,91.73,19.83
2009-02-14,0.0,31.34,15.16,97.57,37.37
2009-02-15,0.0,29.39,15.47,95.98,38.47
2009-02-16,0.0,29.93,13.98,95.27,35.0
2009-02-17,0.0,31.2,13.31,98.36,25.69
2009-02-18,0.0,33.05,14.15,98.13,22.66
2009-02-19,0.0,33.92,15.19,71.78,14.32
2009-02-20,0.0,33.32,15.43,85.02,14.24
2009-02-21,0.0,33.48,14.75,87.47,17.45
2009-02-22,0.0,36.4,16.3,72.03,21.14
2009-02-23,0.0,34.54,17.3,74.58,28.29
2009-02-24,0.0,32.8,17.08,88.3,35.26
2009-02-25,0.0,30.35,15.82,93.3,38.35
2009-02-26,0.0,29.8,15.0,93.75,33.06
2009-02-27,0.0,30.05,15.85,84.63,35.41
2009-02-28,0.0,32.27,15.36,82.62,23.33
2009-03-01,0.0,35.4,15.77,86.61,18.66
2009-03-02,0.0,36.44,17.11,76.43,15.08
2009-03-03,0.0,35.33,17.38,80.74,19.93
2009-03-04,0.0,35.7,19.12,62.54,13.41
2009-03-05,0.0,36.68,20.43,47.65,10.34
2009-03-06,0.0,36.67,17.71,60.51,13.47
2009-03-07,0.0,35.71,18.73,59.45,16.25
2009-03-08,0.0,36.31,18.72,76.05,18.71
2009-03-09,0.0,33.39,16.58,89.48,25.67
2009-03-10,0.0,30.0,15.0,95.3,32.64
2009-03-11,0.0,29.04,13.53,97.91,37.97
2009-03-12,0.0,29.58,14.48,96.23,35.65
2009-03-13,0.0,32.98,15.26,97.05,25.43
2009-03-14,0.0,34.12,16.46,94.78,26.64
2009-03-15,0.0,32.55,16.76,97.2,35.99
2009-03-16,0.0,33.99,16.8,98.2,30.02
2009-03-17,0.0,33.71,16.07,95.06,24.76
2009-03-18,0.0,32.79,16.69,93.89,27.64
2009-03-19,0.0,33.06,15.88,96.59,31.74
2009-03-20,0.0,34.77,16.39,97.0,26.82
2009-03-21,0.0,36.19,16.44,91.02,24.14
2009-03-22,0.0,36.27,17.64,86.92,24.23
2009-03-23,0.0,37.41,18.0,89.15,21.61
2009-03-24,0.0,36.41,18.54,87.79,24.63
2009-03-25,0.0,34.21,18.22,92.04,29.27
2009-03-26,0.0,33.99,17.85,92.37,29.26
2009-03-27,0.0,34.39,18.02,82.64,25.85
2009-03-28,0.0,32.21,17.48,78.94,30.01
2009-03-29,0.0,33.26,16.61,85.96,26.67
2009-03-30,0.0,36.47,17.56,81.38,21.84
2009-03-31,0.0,37.34,18.97,73.77,19.48
2009-04-01,0.0,35.32,18.19,79.38,20.78
2009-04-02,0.0,37.99,17.55,81.16,21.23
2009-04-03,0.0,39.64,19.29,60.34,17.97
2009-04-04,0.0,38.72,17.89,78.73,19.09
2009-04-05,0.0,39.69,18.75,74.98,17.34
2009-04-06,0.0,38.06,17.59,85.23,22.76
2009-04-07,0.0,35.3,16.54,98.94,25.78
2009-04-08,0.0,32.67,17.04,97.31,33.16
2009-04-09,0.0,32.27,16.83,94.18,31.04
2009-04-10,0.0,33.29,16.21,94.89,26.27
2009-04-11,0.0,35.99,16.73,91.63,16.06
2009-04-12,0.0,35.79,16.97,86.4,20.15
2009-04-13,0.0,34.45,15.96,94.1,25.71
2009-04-14,0.0,35.03,15.58,96.45,24.96
2009-04-15,0.0,34.34,16.01,96.91,23.92
2009-04-16,0.0,35.9,16.32,96.55,22.55
2009-04-17,0.0,38.62,17.69,77.03,13.85
2009-04-18,0.0,40.19,20.19,50.78,9.04
2009-04-19,0.0,40.59,18.65,54.56,8.0
2009-04-20,0.0,40.35,19.21,66.14,15.21
2009-04-21,0.0,40.98,19.48,74.98,17.28
2009-04-22,0.0,41.15,18.25,76.46,17.91
2009-04-23,0.0,41.71,18.82,81.17,16.98
2009-04-24,0.0,42.93,18.59,83.61,16.24
2009-04-25,0.0,42.69,20.08,75.24,18.2
2009-04-26,0.0,42.26,20.08,84.37,13.32
2009-04-27,0.0,41.5,21.84,65.28,14.62
2009-04-28,0.0,41.6,19.11,71.23,17.46
2009-04-29,0.0,43.15,19.56,69.95,12.24
2009-04-30,0.0,42.39,22.05,64.86,18.36
2009-05-01,0.0,42.28,19.92,84.58,19.7
2009-05-02,0.0,41.9,19.84,89.52,21.41
2009-05-03,0.0,43.82,20.01,73.39,11.66
2009-05-04,0.0,43.42,21.61,58.5,10.46
2009-05-05,0.0,40.82,19.28,65.05,10.86
2009-05-06,0.0,37.13,19.42,80.3,26.03
2009-05-07,0.0,33.57,18.28,95.66,38.57
2009-05-08,0.0,34.69,17.34,93.85,28.88
2009-05-09,0.0,36.73,17.43,97.18,25.05
2009-05-10,0.0,36.42,17.92,90.4,20.65
2009-05-11,0.0,37.07,17.9,91.54,26.58
2009-05-12,0.0,37.8,19.35,90.74,26.09
2009-05-13,0.0,37.93,19.88,85.15,26.88
2009-05-14,0.0,39.17,21.79,71.13,29.64
2009-05-15,0.0,38.3,21.8,71.2,28.26
2009-05-16,0.0,37.65,20.75,79.17,29.88
2009-05-17,0.0,35.53,20.83,80.82,25.42
2009-05-18,0.0,38.79,21.12,86.27,23.84
2009-05-19,0.0,39.31,19.09,92.89,24.08
2009-05-20,0.0,38.33,20.08,86.06,27.76
2009-05-21,0.0,38.57,20.81,89.8,27.23
2009-05-22,0.0,43.53,22.14,80.24,12.55
2009-05-23,0.0,40.98,22.69,71.96,20.2
2009-05-24,0.0,37.29,21.03,77.25,29.77
2009-05-25,0.0,36.85,19.71,88.85,28.77
2009-05-26,0.0,37.92,19.58,89.14,28.25
2009-05-27,0.0,39.13,20.73,84.41,26.63
2009-05-28,0.0,37.99,20.64,90.3,29.5
2009-05-29,0.0,35.06,19.55,94.88,33.9
2009-05-30,0.0,34.93,18.42,96.37,35.18
2009-05-31,0.0,34.65,17.78,96.94,33.95
2009-06-01,0.0,37.31,18.9,95.26,27.43
2009-06-02,0.0,39.53,21.45,84.52,31.26
2009-06-03,0.0,41.29,25.98,71.2,22.02
2009-06-04,0.0,40.57,24.62,59.67,22.64
2009-06-05,0.0,38.6,22.43,75.96,25.88
2009-06-06,0.0,36.1,21.22,87.36,36.74
2009-06-07,0.0,36.65,20.02,92.71,31.47
2009-06-08,0.0,38.13,21.5,92.2,25.91
2009-06-09,0.0,37.57,21.46,92.34,28.72
2009-06-10,0.0,41.28,21.53,93.97,24.95
2009-06-11,0.0,43.34,22.51,77.17,11.09
2009-06-12,0.0,38.4,20.48,79.49,26.06
2009-06-13,0.0,36.86,20.14,90.98,32.8
2009-06-14,0.03,36.42,22.15,88.86,33.67
2009-06-15,0.19,35.07,22.69,92.77,38.11
2009-06-16,0.0,36.94,22.75,91.5,38.38
2009-06-17,0.0,36.7,23.2,93.29,39.07
2009-06-18,0.0,37.8,23.73,92.02,36.4
2009-06-19,0.0,36.37,23.81,92.89,40.1
2009-06-20,0.0,36.46,23.47,93.11,42.64
2009-06-21,0.0,35.6,24.65,93.64,48.44
2009-06-22,0.03,35.19,24.36,93.14,50.68
2009-06-23,16.62,36.14,24.6,97.87,46.7
2009-06-24,0.03,33.32,22.71,98.15,60.83
2009-06-25,1.11,33.0,23.02,96.26,52.84
2009-06-26,0.0,35.34,23.66,96.84,45.72
2009-06-27,0.11,34.83,23.8,94.18,49.08
2009-06-28,0.0,35.52,24.17,93.62,47.67
2009-06-29,0.0,35.22,23.95,96.42,47.24
2009-06-30,0.0,35.95,25.18,88.18,44.08
2009-07-01,14.1,36.75,25.65,90.84,42.92
2009-07-02,0.0,35.7,21.06,94.94,47.73
2009-07-03,0.0,35.45,24.44,88.77,46.23
2009-07-04,0.0,37.36,24.27,91.92,43.51
2009-07-05,9.47,29.88,23.27,98.27,72.5
2009-07-06,0.0,34.16,24.17,96.13,46.79
2009-07-07,0.0,33.73,23.17,89.49,53.4
2009-07-08,0.0,34.82,24.55,92.35,46.42
2009-07-09,0.28,36.98,24.77,95.08,42.38
2009-07-10,0.0,36.03,25.19,94.53,45.97
2009-07-11,0.0,34.86,25.23,92.3,50.16
2009-07-12,34.53,36.97,24.92,96.52,46.98
2009-07-13,0.19,32.31,22.65,99.32,69.03
2009-07-14,11.39,34.46,24.74,97.29,52.93
2009-07-15,0.01,32.86,22.07,98.93,61.66
2009-07-16,0.0,34.52,24.82,99.24,56.77
2009-07-17,0.0,34.55,25.77,97.61,58.02
2009-07-18,0.0,33.56,25.15,94.65,58.17
2009-07-19,1.14,33.27,25.22,90.95,53.97
2009-07-20,12.83,31.76,24.48,96.74,69.05
2009-07-21,11.12,31.46,24.46,98.76,73.31
2009-07-22,0.02,33.48,24.55,99.09,63.61
2009-07-23,0.0,34.72,24.66,97.45,55.62
2009-07-24,0.11,34.22,25.16,96.67,59.43
2009-07-25,0.09,33.93,25.7,94.06,59.38
2009-07-26,0.12,33.97,25.27,92.45,57.24
2009-07-27,3.48,33.83,24.42,96.48,54.39
2009-07-28,13.12,32.62,24.63,97.16,66.47
2009-07-29,0.0,32.73,22.39,98.58,63.64
2009-07-30,6.44,34.29,24.89,97.15,57.16
2009-07-31,0.0,33.93,24.38,97.72,58.54
2009-08-01,0.06,34.12,24.78,96.58,57.83
2009-08-02,3.34,34.56,24.7,97.52,59.52
2009-08-03,5.57,32.31,22.83,98.99,65.37
2009-08-04,0.0,33.54,24.74,98.52,63.82
2009-08-05,0.2,33.81,25.1,95.21,56.26
2009-08-06,4.91,34.71,23.83,95.0,52.76
2009-08-07,1.41,32.64,21.85,98.9,62.48
2009-08-08,22.71,33.94,24.38,98.83,62.4
2009-08-09,1.93,31.86,24.02,97.83,69.71
2009-08-10,1.97,33.48,24.36,97.41,61.88
2009-08-11,19.15,34.59,23.8,98.46,58.09
2009-08-12,10.76,33.11,22.34,98.37,61.62
2009-08-13,0.01,32.65,22.03,97.72,64.17
2009-08-14,0.08,33.56,24.4,95.88,61.64
2009-08-15,10.61,33.2,22.7,96.65,63.79
2009-08-16,0.0,33.26,22.98,98.09,61.05
2009-08-17,0.0,34.44,23.28,95.68,59.66
2009-08-18,0.34,34.22,25.04,97.21,57.42
2009-08-19,4.45,31.92,21.66,98.79,64.73
2009-08-20,2.08,34.61,24.49,96.84,56.8
2009-08-21,31.2,34.85,25.35,98.39,59.74
2009-08-22,2.61,32.61,21.75,97.47,64.14
2009-08-23,7.94,32.76,23.37,98.34,65.38
2009-08-24,18.17,33.0,23.54,97.47,64.21
2009-08-25,2.34,31.84,22.08,99.53,68.84
2009-08-26,2.81,32.45,24.47,98.79,65.78
2009-08-27,29.76,34.21,24.82,99.27,61.24
2009-08-28,31.62,31.05,21.93,99.55,69.42
2009-08-29,0.24,32.4,22.59,99.98,67.28
2009-08-30,0.0,33.9,24.07,99.49,64.79
2009-08-31,36.97,32.37,21.98,99.76,71.88
2009-09-01,1.13,32.21,22.78,97.61,68.9
2009-09-02,7.96,33.7,24.1,99.47,63.71
2009-09-03,0.0,31.91,21.84,96.94,69.21
2009-09-04,3.48,32.67,23.66,96.82,65.64
2009-09-05,16.93,31.18,21.05,96.92,67.2
2009-09-06,11.33,32.0,22.75,98.64,71.03
2009-09-07,0.66,32.78,23.08,98.49,65.33
2009-09-08,18.46,30.68,24.02,98.46,75.86
2009-09-09,27.96,30.33,23.75,99.37,80.22
2009-09-10,8.48,31.94,23.32,97.56,72.43
2009-09-11,9.62,33.37,23.62,98.87,65.57
2009-09-12,13.18,32.86,23.92,99.29,66.15
2009-09-13,0.39,32.38,24.21,97.9,68.35
2009-09-14,2.32,32.84,23.69,99.07,67.74
2009-09-15,0.06,33.9,22.86,97.36,61.93
2009-09-16,9.76,31.97,22.45,98.86,73.86
2009-09-17,4.01,32.54,22.14,98.2,63.94
2009-09-18,8.69,31.28,23.11,98.53,68.93
2009-09-19,0.0,32.78,23.83,99.58,68.09
2009-09-20,0.0,33.55,24.5,97.83,63.28
2009-09-21,3.67,34.31,24.7,99.25,60.88
2009-09-22,2.86,33.14,22.56,99.66,61.9
2009-09-23,2.26,32.8,23.19,99.13,62.56
2009-09-24,1.86,33.87,24.71,97.71,59.49
2009-09-25,5.31,30.83,22.17,99.26,70.83
2009-09-26,4.23,34.42,23.91,99.31,60.28
2009-09-27,0.0,34.05,23.41,98.97,58.99
2009-09-28,0.0,35.86,25.31,99.24,59.36
2009-09-29,0.0,37.02,25.92,97.48,55.13
2009-09-30,0.0,34.51,25.15,93.61,53.0
2009-10-01,0.0,36.0,24.36,96.8,52.27
2009-10-02,0.0,36.7,25.3,95.03,52.14
2009-10-03,0.0,36.29,25.78,97.61,53.63
2009-10-04,0.81,37.11,25.05,98.44,53.76
2009-10-05,0.0,38.56,25.26,97.83,45.66
2009-10-06,0.0,36.93,25.36,97.62,52.59
2009-10-07,0.0,35.7,24.86,98.66,58.43
2009-10-08,0.0,37.1,23.67,97.14,54.71
2009-10-09,0.0,37.8,25.13,97.01,49.59
2009-10-10,0.0,38.24,24.88,96.64,43.76
2009-10-11,0.0,38.54,25.0,97.03,37.91
2009-10-12,0.0,38.0,23.49,96.22,37.49
2009-10-13,0.0,35.84,22.74,97.54,49.95
2009-10-14,0.0,36.03,22.73,97.96,47.76
2009-10-15,0.0,36.23,22.64,96.79,43.16
2009-10-16,0.0,38.73,23.35,95.93,32.36
2009-10-17,1.17,36.21,23.46,97.39,46.58
2009-10-18,0.16,31.2,23.88,95.03,64.42
2009-10-19,0.0,35.15,23.1,96.38,50.61
2009-10-20,0.0,37.7,23.31,93.09,34.36
2009-10-21,0.0,38.26,23.44,96.08,33.65
2009-10-22,0.0,38.04,21.77,99.07,28.79
2009-10-23,0.0,39.46,21.34,96.0,24.64
2009-10-24,0.0,39.7,22.23,74.78,20.8
2009-10-25,0.0,35.12,24.09,93.09,48.33
2009-10-26,0.31,36.1,24.81,97.75,49.5
2009-10-27,0.0,34.18,24.14,98.21,59.88
2009-10-28,0.0,38.0,23.55,97.19,36.88
2009-10-29,0.0,38.33,23.71,92.85,27.41
2009-10-30,0.0,37.22,22.05,78.08,24.95
2009-10-31,0.0,37.67,17.63,74.73,19.55
2009-11-01,0.0,38.77,17.74,86.24,19.12
2009-11-02,0.0,34.92,20.67,95.72,38.1
2009-11-03,0.04,30.04,22.28,99.59,69.18
2009-11-04,0.0,36.58,22.8,97.15,40.75
2009-11-05,0.0,39.25,23.73,87.39,29.76
2009-11-06,0.0,38.38,22.0,81.52,23.72
2009-11-07,0.0,36.55,21.19,84.74,26.55
2009-11-08,0.0,37.45,18.99,94.89,25.97
2009-11-09,0.0,38.13,19.64,97.18,25.94
2009-11-10,0.0,37.75,20.3,98.4,30.45
2009-11-11,0.0,36.81,21.9,98.15,38.77
2009-11-12,0.0,36.71,21.71,97.55,34.33
2009-11-13,0.0,38.27,21.66,85.24,22.95
2009-11-14,0.0,38.38,20.16,82.22,16.61
2009-11-15,0.0,36.78,20.01,45.46,10.57
2009-11-16,0.0,37.41,15.12,65.85,12.79
2009-11-17,0.0,37.21,18.48,73.13,18.06
2009-11-18,0.0,33.47,20.66,69.89,31.68
2009-11-19,0.0,37.93,19.84,81.84,22.22
2009-11-20,0.0,36.99,19.72,75.77,11.23
2009-11-21,0.0,37.02,18.15,43.82,13.68
2009-11-22,0.0,38.21,17.84,45.19,11.45
2009-11-23,0.0,36.13,18.23,43.65,12.83
2009-11-24,0.0,36.42,16.38,51.57,13.74
2009-11-25,0.0,37.69,16.7,64.55,19.83
2009-11-26,0.0,36.9,19.63,65.4,20.22
2009-11-27,0.0,36.41,18.97,53.86,24.22
2009-11-28,0.0,35.01,19.65,68.29,23.76
2009-11-29,0.0,35.86,18.12,73.52,22.28
2009-11-30,0.0,34.74,20.78,71.53,25.28
2009-12-01,0.0,32.09,20.99,69.96,33.54
2009-12-02,0.0,35.01,20.91,68.1,29.17
2009-12-03,0.0,36.4,21.37,58.87,21.14
2009-12-04,0.0,35.99,20.87,50.23,18.5
2009-12-05,0.0,37.01,17.39,65.63,19.13
2009-12-06,0.0,37.87,17.09,77.39,19.42
2009-12-07,0.0,35.22,21.52,56.95,16.19
2009-12-08,0.0,30.5,23.26,58.34,19.88
2009-12-09,0.0,35.03,20.22,73.82,29.02
2009-12-10,0.0,33.7,15.21,74.37,14.78
2009-12-11,0.0,34.07,16.3,50.3,17.94
2009-12-12,0.0,29.57,17.02,65.02,20.37
2009-12-13,0.0,30.33,12.95,92.9,31.24
2009-12-14,0.0,30.79,14.95,97.05,36.7
2009-12-15,0.0,32.15,15.76,99.26,32.25
2009-12-16,0.0,34.08,16.16,99.31,22.92
2009-12-17,0.0,37.15,18.69,90.21,18.69
2009-12-18,0.0,35.59,21.15,75.04,21.91
2009-12-19,0.0,38.13,20.18,74.18,18.73
2009-12-20,0.0,38.77,21.26,80.73,21.73
2009-12-21,0.0,36.42,17.85,87.72,23.74
2009-12-22,0.0,36.81,18.39,79.9,21.63
2009-12-23,0.0,37.38,17.92,82.41,23.97
2009-12-24,0.0,36.06,17.19,92.66,25.28
2009-12-25,0.0,34.37,16.39,98.77,28.87
2009-12-26,0.0,36.81,16.68,96.63,15.14
2009-12-27,0.0,38.34,15.97,88.86,7.61
2009-12-28,0.0,38.45,15.95,46.33,9.8
2009-12-29,0.0,38.55,15.97,46.57,9.81
2009-12-30,0.0,38.3,16.13,71.26,15.25
2009-12-31,0.0,37.89,16.92,89.48,17.53
2010-01-01,0.0,37.71,17.42,75.27,15.08
2010-01-02,0.0,38.13,16.16,73.35,16.71
2010-01-03,0.0,37.41,16.52,71.1,15.09
2010-01-04,0.0,36.39,20.61,48.99,12.64
2010-01-05,0.0,36.05,16.15,67.19,14.38
2010-01-06,0.0,35.71,16.83,79.23,17.95
2010-01-07,0.0,34.86,15.78,87.02,24.7
2010-01-08,0.0,33.24,16.21,96.04,29.58
2010-01-09,0.0,33.45,16.08,85.33,30.9
2010-01-10,0.0,34.01,17.98,64.79,23.51
2010-01-11,0.0,34.13,18.9,50.95,16.18
2010-01-12,0.0,35.05,18.03,48.08,16.0
2010-01-13,0.0,35.65,16.4,63.6,17.67
2010-01-14,0.0,36.38,16.18,48.41,17.02
2010-01-15,0.0,37.67,14.42,54.23,18.82
2010-01-16,0.0,38.26,13.64,62.53,10.57
2010-01-17,0.0,37.25,13.6,58.14,13.23
2010-01-18,0.0,35.48,16.97,40.92,14.96
2010-01-19,0.0,36.97,15.45,46.43,16.99
2010-01-20,0.0,36.34,16.34,46.22,19.58
2010-01-21,0.0,36.38,16.31,48.26,15.79
2010-01-22,0.0,36.96,17.59,47.31,20.69
2010-01-23,0.0,37.07,15.85,53.23,9.17
2010-01-24,0.0,36.21,17.25,40.62,12.9
2010-01-25,0.0,34.6,16.95,56.96,17.29
2010-01-26,0.0,33.87,13.84,65.86,19.31
2010-01-27,0.0,32.37,14.65,84.27,18.98
2010-01-28,0.0,34.24,13.01,85.99,21.23
2010-01-29,0.0,34.34,16.82,86.89,23.53
2010-01-30,0.0,36.9,19.13,69.27,15.59
2010-01-31,0.0,36.95,19.86,67.06,16.69
2010-02-01,0.0,36.02,18.92,87.38,21.63
2010-02-02,0.0,35.94,20.27,74.97,25.29
2010-02-03,0.0,36.34,19.32,80.72,24.13
2010-02-04,0.0,38.35,17.78,85.91,19.41
2010-02-05,0.0,42.06,20.01,68.93,11.49
2010-02-06,0.0,41.87,20.99,56.91,11.69
2010-02-07,0.0,38.47,22.78,35.21,12.12
2010-02-08,0.0,38.09,19.74,48.96,13.1
2010-02-09,0.0,37.75,17.4,73.81,16.13
2010-02-10,0.0,37.91,17.3,71.93,16.01
2010-02-11,0.0,37.32,16.74,82.67,18.28
2010-02-12,0.0,34.19,15.54,97.51,28.65
2010-02-13,0.0,32.61,16.75,97.18,33.69
2010-02-14,0.0,31.57,15.47,95.61,39.69
2010-02-15,0.0,31.46,15.59,94.96,37.83
2010-02-16,0.0,32.41,17.33,97.1,39.73
2010-02-17,0.0,34.12,16.61,98.43,33.25
2010-02-18,0.0,33.14,15.62,98.02,34.48
2010-02-19,0.0,33.16,16.57,94.58,24.11
2010-02-20,0.0,35.31,16.44,88.0,19.58
2010-02-21,0.0,36.86,18.3,81.86,24.2
2010-02-22,0.0,39.63,18.6,74.99,17.68
2010-02-23,0.0,42.15,20.26,64.17,13.84
2010-02-24,0.0,42.39,20.44,52.58,13.98
2010-02-25,0.0,42.95,20.84,58.16,14.73
2010-02-26,0.0,41.64,19.36,73.4,20.93
2010-02-27,0.0,40.72,19.07,77.17,18.36
2010-02-28,0.0,39.5,19.86,87.63,24.7
2010-03-01,0.0,39.78,19.85,97.28,23.15
2010-03-02,0.0,33.45,18.31,97.38,33.22
2010-03-03,0.0,36.23,18.11,93.46,26.89
2010-03-04,0.0,38.72,19.49,78.92,22.5
2010-03-05,0.0,37.97,20.59,82.62,25.63
2010-03-06,0.0,37.3,19.25,87.39,23.2
2010-03-07,0.0,39.19,18.85,85.23,21.21
2010-03-08,0.0,40.41,19.13,73.75,20.42
2010-03-09,0.0,40.91,20.4,60.09,13.64
2010-03-10,0.0,40.73,19.66,66.95,13.92
2010-03-11,0.0,40.78,19.44,77.18,16.09
2010-03-12,0.0,41.15,19.42,52.85,14.72
2010-03-13,0.0,41.12,20.67,56.6,17.37
2010-03-14,0.0,39.37,20.07,67.39,19.02
2010-03-15,0.0,39.29,16.27,80.8,19.37
2010-03-16,0.0,40.36,17.94,84.95,16.76
2010-03-17,0.0,41.31,19.68,63.74,13.37
2010-03-18,0.0,38.42,21.15,34.24,12.41
2010-03-19,0.0,38.41,21.31,41.72,12.18
2010-03-20,0.0,40.97,19.74,61.71,11.71
2010-03-21,0.0,39.98,20.8,70.68,16.56
2010-03-22,0.0,37.95,20.36,79.42,28.6
2010-03-23,0.0,40.31,20.84,89.4,22.06
2010-03-24,0.0,37.55,20.46,93.06,26.39
2010-03-25,0.0,37.56,19.66,88.88,25.21
2010-03-26,0.0,39.95,19.32,88.56,22.92
2010-03-27,0.0,41.54,21.07,81.82,16.34
2010-03-28,0.0,44.16,22.58,45.31,6.44
2010-03-29,0.0,44.41,22.36,40.05,8.16
2010-03-30,0.0,44.43,21.67,69.11,6.79
2010-03-31,0.0,41.3,20.15,81.51,20.28
2010-04-01,0.0,40.83,19.39,87.83,16.08
2010-04-02,0.0,41.9,19.72,88.02,16.58
2010-04-03,0.0,40.98,20.21,79.16,16.86
2010-04-04,0.0,37.07,20.21,89.51,26.7
2010-04-05,0.0,34.57,18.95,94.32,32.04
2010-04-06,0.0,35.36,18.16,95.24,27.97
2010-04-07,0.0,37.7,16.98,98.01,25.5
2010-04-08,0.0,39.05,19.75,96.32,20.12
2010-04-09,0.0,38.25,20.13,93.26,23.11
2010-04-10,0.0,33.29,20.09,97.47,39.26
2010-04-11,0.0,33.14,18.98,96.85,37.7
2010-04-12,0.0,33.14,17.92,97.9,38.3
2010-04-13,0.0,35.43,18.83,93.16,30.89
2010-04-14,0.0,34.51,19.93,85.56,33.38
2010-04-15,0.0,35.19,20.33,88.29,34.07
2010-04-16,0.0,36.99,20.29,77.77,29.15
2010-04-17,0.0,37.83,20.25,73.66,30.21
2010-04-18,0.0,39.56,20.69,78.43,25.5
2010-04-19,0.0,35.93,20.92,80.92,28.43
2010-04-20,0.0,39.92,21.28,80.92,22.65
2010-04-21,0.0,41.5,21.96,74.35,20.75
2010-04-22,0.0,41.51,24.83,66.96,21.3
2010-04-23,0.0,40.45,22.54,66.32,22.81
2010-04-24,0.0,37.63,21.01,81.45,27.09
2010-04-25,0.0,38.7,20.28,82.93,24.3
2010-04-26,0.0,38.57,21.11,86.03,29.12
2010-04-27,0.0,37.34,20.79,92.17,31.09
2010-04-28,0.0,35.78,20.53,98.04,32.61
2010-04-29,0.0,35.96,20.37,97.2,33.35
2010-04-30,0.0,34.61,21.25,95.69,39.89
2010-05-01,0.0,34.13,20.45,94.49,39.77
2010-05-02,0.0,34.88,19.91,94.34,37.38
2010-05-03,0.0,35.84,20.26,93.74,33.25
2010-05-04,0.0,37.21,20.85,95.25,26.7
2010-05-05,0.0,36.44,20.67,92.9,32.39
2010-05-06,0.0,36.12,20.3,92.7,31.03
2010-05-07,0.0,33.33,19.48,96.43,40.27
2010-05-08,0.0,33.55,18.85,98.08,43.55
2010-05-09,0.0,36.04,19.77,96.82,33.47
2010-05-10,0.0,34.54,21.45,91.65,36.56
2010-05-11,0.0,38.69,20.85,97.94,29.59
2010-05-12,0.0,38.04,21.52,85.74,32.66
2010-05-13,0.0,36.15,21.64,80.22,37.11
2010-05-14,0.0,40.49,21.34,79.66,27.91
2010-05-15,0.0,38.47,21.25,77.17,27.69
2010-05-16,0.0,32.98,22.43,85.12,39.63
2010-05-17,0.0,40.7,20.93,83.54,18.7
2010-05-18,0.0,43.01,24.37,66.66,18.04
2010-05-19,0.0,43.63,23.59,70.55,15.97
2010-05-20,0.0,42.44,23.21,80.2,19.7
2010-05-21,0.0,41.15,21.07,85.71,23.39
2010-05-22,0.0,39.14,20.31,91.44,25.51
2010-05-23,0.0,39.03,20.8,96.59,27.01
2010-05-24,0.0,36.36,21.61,94.44,39.44
2010-05-25,0.0,36.25,22.52,91.99,42.04
2010-05-26,0.0,38.49,22.24,92.37,32.85
2010-05-27,0.0,43.39,24.84,68.89,19.99
2010-05-28,0.0,40.77,25.5,68.65,25.94
2010-05-29,0.0,38.28,23.43,82.16,34.25
2010-05-30,0.0,38.01,22.16,90.71,33.09
2010-05-31,0.0,35.25,22.6,96.91,37.9
2010-06-01,0.0,35.43,21.34,93.33,37.59
2010-06-02,0.0,35.88,21.48,91.35,36.36
2010-06-03,0.0,35.28,21.67,93.27,40.22
2010-06-04,0.0,36.55,21.16,90.49,34.87
2010-06-05,0.0,37.3,20.72,93.78,30.62
2010-06-06,0.0,38.04,21.67,96.62,35.4
2010-06-07,0.42,35.48,24.07,92.03,45.3
2010-06-08,0.0,35.91,23.48,96.07,50.18
2010-06-09,0.0,36.3,24.34,93.16,44.52
2010-06-10,0.0,36.33,23.06,95.62,41.47
2010-06-11,0.0,36.62,22.86,90.73,41.36
2010-06-12,0.0,36.83,23.74,90.03,46.76
2010-06-13,0.0,37.11,25.08,89.89,41.98
2010-06-14,0.0,35.69,25.02,96.19,38.91
2010-06-15,0.0,36.12,22.42,93.77,34.32
2010-06-16,0.0,35.67,22.2,93.12,37.4
2010-06-17,0.0,36.18,21.38,95.01,37.12
2010-06-18,0.0,36.67,23.29,94.8,38.23
2010-06-19,0.0,39.92,23.89,96.95,34.67
2010-06-20,0.01,36.93,24.76,93.31,41.61
2010-06-21,0.0,34.96,25.78,95.16,54.81
2010-06-22,0.0,37.62,23.12,94.94,41.22
2010-06-23,0.0,37.53,23.11,96.57,43.24
2010-06-24,0.0,35.64,24.86,93.97,51.01
2010-06-25,5.03,32.87,21.97,96.06,54.66
2010-06-26,0.0,35.61,23.9,95.46,40.67
2010-06-27,0.0,39.24,23.91,94.4,35.34
2010-06-28,0.0,36.07,25.15,89.13,49.78
2010-06-29,31.19,38.65,25.47,98.54,42.39
2010-06-30,0.0,35.67,23.41,98.52,48.32
2010-07-01,0.0,36.29,24.87,96.23,47.26
2010-07-02,0.0,35.24,25.18,93.82,49.61
2010-07-03,0.0,34.96,25.55,93.63,54.57
2010-07-04,0.0,34.7,25.08,90.49,51.08
2010-07-05,0.0,36.56,24.44,94.75,47.05
2010-07-06,0.0,36.77,25.46,88.98,44.41
2010-07-07,1.94,34.33,26.11,78.65,53.14
2010-07-08,8.1,36.13,25.7,93.94,51.69
2010-07-09,0.1,32.91,22.22,98.31,60.38
2010-07-10,0.0,33.81,24.61,91.99,58.34
2010-07-11,7.42,33.93,24.02,96.06,53.47
2010-07-12,0.51,33.29,23.89,98.26,63.06
2010-07-13,0.02,32.57,23.77,98.09,65.73
2010-07-14,0.0,33.57,24.03,96.5,60.0
2010-07-15,0.0,33.83,24.03,97.71,62.0
2010-07-16,0.0,33.54,23.44,94.61,57.56
2010-07-17,0.0,33.92,24.17,91.46,57.13
2010-07-18,0.0,33.25,25.33,90.76,59.13
2010-07-19,0.83,36.91,23.43,95.66,45.44
2010-07-20,14.78,28.97,21.22,98.33,73.8
2010-07-21,0.0,31.22,23.94,94.87,69.54
2010-07-22,0.01,33.13,24.31,97.95,59.71
2010-07-23,0.0,32.55,23.96,95.75,60.92
2010-07-24,0.0,32.83,23.71,94.46,56.31
2010-07-25,0.0,33.69,23.96,94.84,58.93
2010-07-26,0.0,35.2,24.29,97.64,53.67
2010-07-27,0.0,33.97,24.92,94.27,58.03
2010-07-28,0.0,35.98,24.72,92.83,47.23
2010-07-29,0.11,33.69,24.05,96.46,58.03
2010-07-30,2.85,33.5,24.74,98.18,60.37
2010-07-31,7.49,33.93,24.8,98.98,62.5
2010-08-01,0.02,34.18,22.48,99.17,63.46
2010-08-02,13.86,35.67,25.49,97.62,57.74
2010-08-03,9.35,33.19,24.28,99.26,71.47
2010-08-04,1.7,32.77,24.16,99.06,71.92
2010-08-05,0.0,34.57,25.62,98.68,61.05
2010-08-06,0.0,33.48,24.94,96.11,62.83
2010-08-07,0.0,33.55,24.23,95.76,57.29
2010-08-08,0.0,33.71,24.03,94.61,55.7
2010-08-09,0.01,33.66,24.12,94.71,57.79
2010-08-10,0.86,33.2,24.85,96.05,62.86
2010-08-11,0.02,34.23,24.19,97.93,58.87
2010-08-12,0.0,34.83,23.98,95.92,58.89
2010-08-13,6.81,33.82,24.17,96.62,59.71
2010-08-14,1.23,33.24,24.83,97.08,61.19
2010-08-15,3.7,32.39,24.7,97.32,68.29
2010-08-16,3.35,31.73,24.34,98.82,72.36
2010-08-17,2.24,33.37,24.2,99.25,64.45
2010-08-18,5.49,29.35,22.33,98.49,81.96
2010-08-19,0.97,32.74,22.81,98.83,58.95
2010-08-20,3.21,33.51,24.03,97.93,60.94
2010-08-21,10.96,34.03,23.88,98.36,62.22
2010-08-22,0.0,33.42,21.74,97.98,67.79
2010-08-23,1.56,33.82,24.92,99.08,65.23
2010-08-24,0.44,33.44,24.58,96.75,65.72
2010-08-25,6.26,31.32,22.73,99.2,69.73
2010-08-26,0.15,32.97,24.59,99.38,69.78
2010-08-27,0.1,33.56,24.16,99.16,68.25
2010-08-28,0.0,34.05,25.51,97.02,68.05
2010-08-29,0.0,34.45,25.57,96.03,64.61
2010-08-30,0.23,34.87,24.91,97.48,60.52
2010-08-31,7.61,34.45,25.16,96.73,62.81
2010-09-01,6.56,33.25,23.84,98.75,66.26
2010-09-02,8.77,34.08,24.65,99.58,65.92
2010-09-03,7.48,31.25,24.35,99.37,73.85
2010-09-04,16.87,29.89,24.15,99.7,82.5
2010-09-05,44.02,33.42,24.3,99.77,70.87
2010-09-06,5.59,30.6,22.94,99.67,78.52
2010-09-07,9.12,29.97,23.8,99.24,78.06
2010-09-08,11.52,28.96,23.88,99.27,82.87
2010-09-09,0.0,32.0,23.64,99.06,67.18
2010-09-10,0.54,33.18,24.75,98.47,67.4
2010-09-11,23.75,27.85,21.75,99.53,82.64
2010-09-12,1.27,32.01,23.44,97.53,66.45
2010-09-13,4.94,31.79,23.77,98.59,72.48
2010-09-14,0.43,32.27,23.17,99.86,68.92
2010-09-15,0.05,35.05,24.79,98.88,60.86
2010-09-16,2.64,33.14,24.17,96.57,67.69
2010-09-17,10.05,33.86,24.67,97.06,64.64
2010-09-18,13.33,33.5,22.35,98.68,64.64
2010-09-19,1.46,31.01,22.04,99.57,71.7
2010-09-20,4.21,28.35,23.61,99.56,83.88
2010-09-21,5.63,31.43,23.13,99.11,73.9
2010-09-22,5.16,33.15,22.04,99.21,65.66
2010-09-23,5.34,33.35,22.51,99.22,61.28
2010-09-24,5.15,32.97,22.35,99.27,62.71
2010-09-25,0.0,34.63,23.59,99.28,61.16
2010-09-26,4.19,33.79,23.15,99.58,62.68
2010-09-27,1.29,34.64,23.29,98.5,62.58
2010-09-28,8.54,36.2,24.35,97.22,57.31
2010-09-29,0.05,34.59,21.86,95.29,61.01
2010-09-30,0.0,36.04,24.76,95.27,50.79
2010-10-01,0.09,33.46,22.79,99.28,63.3
2010-10-02,0.0,33.51,23.14,98.82,62.84
2010-10-03,0.0,35.85,23.38,98.68,55.9
2010-10-04,0.0,37.9,24.7,98.08,53.55
2010-10-05,0.01,36.79,25.88,98.67,57.39
2010-10-06,0.0,36.84,25.12,98.72,47.37
2010-10-07,0.01,34.96,24.08,98.65,54.38
2010-10-08,0.0,34.13,23.12,97.25,54.97
2010-10-09,0.0,34.34,21.91,97.79,54.47
2010-10-10,0.0,35.93,24.03,97.32,48.05
2010-10-11,7.16,36.12,24.98,98.4,54.11
2010-10-12,0.02,31.33,23.41,98.15,74.07
2010-10-13,0.14,34.01,23.52,98.87,62.06
2010-10-14,0.08,34.95,24.18,96.79,60.28
2010-10-15,0.12,33.91,24.55,98.13,57.43
2010-10-16,0.0,31.02,24.14,98.64,79.5
2010-10-17,7.24,32.88,24.1,98.97,70.43
2010-10-18,0.0,32.76,22.77,98.04,68.98
2010-10-19,0.0,34.56,23.61,98.52,56.75
2010-10-20,0.29,35.33,23.55,97.02,57.0
2010-10-21,0.97,30.49,22.23,99.19,72.46
2010-10-22,0.0,34.33,23.42,97.95,60.84
2010-10-23,0.0,37.1,24.74,99.29,48.95
2010-10-24,0.0,38.32,23.36,98.39,36.41
2010-10-25,0.0,36.3,21.84,88.3,39.53
2010-10-26,0.0,35.44,20.46,94.5,38.13
2010-10-27,0.0,37.49,19.56,97.53,28.28
2010-10-28,0.0,38.91,21.51,85.73,33.31
2010-10-29,0.0,34.29,23.91,93.25,49.76
2010-10-30,0.0,37.25,24.64,95.83,26.54
2010-10-31,0.0,38.4,19.71,83.25,17.36
2010-11-01,0.0,37.78,20.24,77.08,20.13
2010-11-02,0.0,37.57,18.79,85.69,21.64
2010-11-03,0.0,37.33,18.45,94.89,28.1
2010-11-04,0.0,38.25,21.3,98.53,32.2
2010-11-05,0.0,38.06,21.48,91.38,22.49
2010-11-06,0.0,36.04,19.8,85.03,19.3
2010-11-07,0.0,36.55,18.21,76.76,17.95
2010-11-08,0.0,36.63,17.82,90.27,21.33
2010-11-09,0.0,35.72,18.57,97.51,31.19
2010-11-10,0.0,34.69,21.98,97.23,42.74
2010-11-11,0.0,36.38,22.45,92.32,33.6
2010-11-12,0.0,38.66,21.23,74.27,22.66
2010-11-13,0.0,37.41,22.57,66.66,22.87
2010-11-14,0.0,35.0,20.21,83.79,32.5
2010-11-15,0.0,33.8,18.92,97.29,43.38
2010-11-16,0.0,34.53,20.26,99.23,41.76
2010-11-17,0.0,37.42,20.98,98.42,29.82
2010-11-18,0.0,39.13,19.34,94.96,21.23
2010-11-19,0.0,38.52,18.45,70.84,21.36
2010-11-20,0.0,38.32,19.26,72.02,24.84
2010-11-21,0.0,37.01,17.64,75.88,24.47
2010-11-22,0.0,38.06,17.65,84.93,24.38
2010-11-23,0.0,38.01,18.25,79.46,21.51
2010-11-24,0.0,38.6,19.53,65.86,15.81
2010-11-25,0.0,38.99,17.86,65.19,15.43
2010-11-26,0.0,37.16,16.56,77.01,20.28
2010-11-27,0.0,36.61,18.14,93.31,26.93
2010-11-28,0.0,38.03,18.27,94.61,21.59
2010-11-29,0.0,37.42,18.88,99.33,31.99
2010-11-30,0.0,35.79,21.83,99.06,37.01
2010-12-01,0.0,37.45,20.72,97.02,31.74
2010-12-02,0.0,38.18,20.21,95.39,24.53
2010-12-03,0.0,39.04,20.07,94.21,22.34
2010-12-04,0.0,38.29,18.01,94.41,28.59
2010-12-05,0.0,37.81,18.96,92.87,28.7
2010-12-06,0.0,37.92,19.33,97.56,24.19
2010-12-07,0.0,37.22,20.15,97.91,28.99
2010-12-08,0.0,36.3,20.44,98.03,30.54
2010-12-09,0.0,32.83,20.91,96.73,38.47
2010-12-10,0.0,33.66,20.57,98.54,39.68
2010-12-11,0.0,33.37,22.02,96.94,38.63
2010-12-12,0.0,33.05,20.67,98.12,38.53
2010-12-13,0.0,35.29,17.55,99.32,19.95
2010-12-14,0.0,36.39,17.0,99.19,15.96
2010-12-15,0.0,35.71,17.25,98.2,26.58
2010-12-16,0.0,34.22,21.4,94.77,18.8
2010-12-17,0.0,33.85,19.11,98.66,33.47
2010-12-18,0.0,32.47,19.31,99.01,43.78
2010-12-19,0.0,34.86,18.76,95.02,30.51
2010-12-20,0.0,36.0,18.62,98.22,25.19
2010-12-21,0.0,35.47,18.95,94.88,30.9
2010-12-22,0.0,34.1,19.64,97.76,40.05
2010-12-23,0.0,34.5,18.16,94.22,34.11
2010-12-24,0.0,35.94,18.15,90.92,26.27
2010-12-25,0.0,35.98,17.7,90.75,24.78
2010-12-26,0.0,36.27,16.71,94.19,24.33
2010-12-27,0.0,36.7,16.86,92.88,22.23
2010-12-28,0.0,36.74,16.52,92.86,19.34
2010-12-29,0.0,35.86,16.38,95.29,19.38
2010-12-30,0.0,33.4,17.83,76.53,22.9
2010-12-31,0.0,33.97,17.83,50.73,22.11
2011-01-01,0.0,34.48,16.56,57.84,17.81
2011-01-02,0.0,35.52,16.38,62.31,18.15
2011-01-03,0.0,36.13,15.78,62.78,19.58
2011-01-04,0.0,35.75,15.08,57.02,13.56
2011-01-05,0.0,35.85,13.89,75.96,14.3
2011-01-06,0.0,35.83,13.32,71.41,15.89
2011-01-07,0.0,36.53,13.78,73.08,15.37
2011-01-08,0.0,36.53,15.92,64.02,15.62
2011-01-09,0.0,33.71,18.55,65.81,18.83
2011-01-10,0.0,32.65,18.49,37.01,16.95
2011-01-11,0.0,33.65,17.42,38.05,15.22
2011-01-12,0.0,33.43,18.31,41.47,16.64
2011-01-13,0.0,33.78,19.36,50.08,13.91
2011-01-14,0.0,32.91,14.0,61.22,11.86
2011-01-15,0.0,34.53,14.86,68.63,14.15
2011-01-16,0.0,35.23,15.06,91.26,16.73
2011-01-17,0.0,34.29,14.55,81.45,16.08
2011-01-18,0.0,30.88,19.29,40.18,21.49
2011-01-19,0.0,30.9,18.07,46.24,15.79
2011-01-20,0.0,33.24,17.62,55.07,14.43
2011-01-21,0.0,34.71,18.1,58.5,19.39
2011-01-22,0.0,33.96,15.57,86.69,21.54
2011-01-23,0.0,31.15,16.58,80.91,31.83
2011-01-24,0.0,30.1,17.13,81.11,34.42
2011-01-25,0.0,31.16,17.92,81.79,36.26
2011-01-26,0.0,31.32,19.28,87.89,39.76
2011-01-27,0.0,30.92,18.04,80.5,38.37
2011-01-28,0.0,34.21,18.07,72.24,31.93
2011-01-29,0.0,36.73,19.69,77.26,30.33
2011-01-30,0.0,34.39,18.19,96.2,37.66
2011-01-31,0.0,32.27,18.66,97.7,46.86
2011-02-01,0.0,31.32,19.22,97.56,51.13
2011-02-02,0.0,31.87,19.82,98.28,45.19
2011-02-03,0.0,32.93,19.62,84.8,38.98
2011-02-04,0.0,31.7,20.71,50.77,28.63
2011-02-05,0.0,32.54,19.41,48.55,30.87
2011-02-06,0.0,33.75,19.4,52.25,18.8
2011-02-07,0.0,34.88,18.18,38.73,21.29
2011-02-08,0.0,33.08,17.99,45.5,21.8
2011-02-09,0.0,30.47,18.73,66.24,28.39
2011-02-10,0.0,31.72,14.74,84.23,28.63
2011-02-11,0.0,31.04,13.51,96.81,27.83
2011-02-12,0.0,33.85,13.7,85.11,11.63
2011-02-13,0.0,32.77,14.15,68.09,14.37
2011-02-14,0.0,33.11,14.65,68.24,21.89
2011-02-15,0.0,34.46,13.83,69.08,16.69
2011-02-16,0.0,35.24,13.11,73.88,24.29
2011-02-17,0.0,35.48,14.88,86.95,32.99
2011-02-18,0.0,35.42,14.82,81.37,35.29
2011-02-19,0.0,36.37,15.07,80.09,28.28
2011-02-20,0.0,38.19,15.06,68.06,19.62
2011-02-21,0.0,40.48,15.68,64.8,16.48
2011-02-22,0.0,40.59,16.98,75.27,16.18
2011-02-23,0.0,39.68,16.48,64.14,18.56
2011-02-24,0.0,39.82,20.33,50.31,21.02
2011-02-25,0.0,38.23,19.14,55.55,15.6
2011-02-26,0.0,36.88,17.83,57.46,17.4
2011-02-27,0.0,34.65,19.7,46.46,24.75
2011-02-28,0.0,36.14,18.56,54.83,25.58
2011-03-01,0.0,37.93,18.0,57.6,24.94
2011-03-02,0.0,37.4,18.81,73.15,30.88
2011-03-03,0.0,35.27,16.97,88.39,38.98
2011-03-04,0.0,33.96,15.62,95.18,42.93
2011-03-05,0.0,34.04,15.62,86.16,32.42
2011-03-06,0.0,32.84,16.89,94.5,42.29
2011-03-07,0.0,32.62,16.63,94.94,30.21
2011-03-08,0.0,33.01,16.53,85.39,31.27
2011-03-09,0.0,34.64,16.63,85.23,30.46
2011-03-10,0.0,35.47,16.93,92.35,31.66
2011-03-11,0.0,34.4,16.64,95.76,36.62
2011-03-12,0.0,34.71,17.34,93.23,40.34
2011-03-13,0.0,32.07,16.37,97.05,45.12
2011-03-14,0.0,31.31,15.97,97.34,44.22
2011-03-15,0.0,31.01,16.22,87.99,42.1
2011-03-16,0.0,35.77,16.39,88.24,34.1
2011-03-17,0.0,37.91,17.61,73.98,32.69
2011-03-18,0.0,39.98,17.89,71.81,20.36
2011-03-19,0.0,40.81,18.47,75.09,23.51
2011-03-20,0.0,39.98,20.18,80.59,27.49
2011-03-21,0.0,39.68,17.94,93.08,32.72
2011-03-22,0.0,39.38,19.3,83.93,36.2
2011-03-23,0.0,36.86,18.61,84.45,31.46
2011-03-24,0.0,36.47,16.89,96.45,31.4
2011-03-25,0.0,37.82,17.42,97.0,33.23
2011-03-26,0.0,39.32,19.06,85.24,31.35
2011-03-27,0.0,39.05,19.26,92.74,36.34
2011-03-28,0.0,42.56,17.51,84.8,18.61
2011-03-29,0.0,42.37,20.05,73.95,21.23
2011-03-30,0.0,41.02,19.43,79.61,27.0
2011-03-31,0.0,37.18,20.28,88.83,36.41
2011-04-01,0.0,37.01,19.07,94.73,38.04
2011-04-02,0.0,40.21,18.75,95.14,27.53
2011-04-03,0.0,40.03,19.06,91.11,24.0
2011-04-04,0.0,40.03,18.4,93.12,25.16
2011-04-05,0.0,38.82,18.44,85.99,28.59
2011-04-06,0.0,36.35,17.16,88.85,27.57
2011-04-07,0.0,39.18,17.46,96.41,22.71
2011-04-08,0.0,39.86,21.09,79.41,27.93
2011-04-09,0.0,43.53,20.87,76.8,14.27
2011-04-10,0.0,41.4,21.57,76.64,21.52
2011-04-11,0.0,40.82,18.24,84.69,17.22
2011-04-12,0.0,40.99,18.81,84.15,17.91
2011-04-13,0.0,37.35,19.46,89.4,27.4
2011-04-14,0.0,36.13,18.26,96.13,29.4
2011-04-15,0.0,35.11,18.87,95.72,37.55
2011-04-16,0.0,36.34,18.62,91.97,35.93
2011-04-17,0.0,37.14,19.46,95.25,30.51
2011-04-18,0.0,37.39,19.56,90.81,32.99
2011-04-19,0.0,34.02,20.24,84.88,38.61
2011-04-20,0.0,33.15,19.19,92.84,39.27
2011-04-21,0.0,34.13,18.56,93.23,39.0
2011-04-22,0.0,35.68,19.46,94.65,37.44
2011-04-23,0.0,37.95,19.06,84.92,30.75
2011-04-24,0.0,38.66,18.87,87.54,33.63
2011-04-25,0.0,39.39,19.44,84.48,32.21
2011-04-26,0.0,36.43,19.73,88.18,24.15
2011-04-27,0.0,36.84,18.42,93.05,28.91
2011-04-28,0.0,35.92,19.34,85.85,30.26
2011-04-29,0.0,34.94,18.93,82.25,30.65
2011-04-30,0.0,33.53,18.26,90.7,33.64
2011-05-01,0.0,33.54,18.19,87.9,32.43
2011-05-02,0.0,35.54,18.42,88.29,32.91
2011-05-03,0.0,37.86,18.69,86.04,27.33
2011-05-04,0.0,40.25,19.61,78.74,21.93
2011-05-05,0.0,40.49,21.36,69.56,22.22
2011-05-06,0.0,37.99,21.0,83.61,30.91
2011-05-07,0.0,36.29,19.0,95.9,35.48
2011-05-08,0.0,35.96,19.4,96.97,32.61
2011-05-09,0.0,32.85,18.67,97.96,39.9
2011-05-10,0.0,34.01,19.56,92.61,36.31
2011-05-11,0.0,33.42,18.29,96.4,36.65
2011-05-12,0.0,32.05,18.12,94.87,37.03
2011-05-13,0.0,33.41,17.78,95.31,39.96
2011-05-14,0.0,34.17,18.9,93.46,37.5
2011-05-15,0.0,36.25,20.29,92.49,37.66
2011-05-16,0.0,38.17,21.46,91.66,35.56
2011-05-17,0.0,39.16,22.56,90.03,33.52
2011-05-18,0.01,38.46,21.79,94.08,33.21
2011-05-19,0.0,38.17,21.13,91.19,33.92
2011-05-20,0.0,38.33,20.74,90.98,33.37
2011-05-21,0.0,37.74,21.21,93.39,35.4
2011-05-22,0.0,35.57,19.86,98.78,37.53
2011-05-23,0.0,36.47,20.3,97.66,35.33
2011-05-24,0.0,37.68,19.21,98.66,32.39
2011-05-25,0.0,37.8,20.63,94.84,37.68
2011-05-26,0.0,36.95,21.12,96.03,39.14
2011-05-27,0.0,35.68,19.83,97.99,44.1
2011-05-28,0.0,36.06,19.81,97.96,42.61
2011-05-29,0.0,35.98,19.73,97.76,45.99
2011-05-30,0.0,36.53,19.89,98.37,44.65
2011-05-31,0.21,34.97,22.39,95.46,50.16
2011-06-01,0.0,36.63,23.0,95.58,49.69
2011-06-02,0.0,37.07,24.73,94.11,41.9
2011-06-03,0.0,39.12,22.31,93.96,32.8
2011-06-04,0.0,37.47,21.47,98.76,40.01
2011-06-05,0.0,35.44,20.92,97.47,38.54
2011-06-06,0.0,33.93,20.32,95.16,43.73
2011-06-07,0.0,34.29,21.18,95.6,41.85
2011-06-08,0.0,36.03,22.38,92.61,41.53
2011-06-09,0.0,37.48,22.17,95.94,38.76
2011-06-10,0.0,38.68,23.54,86.22,38.66
2011-06-11,0.07,43.68,24.19,78.12,22.33
2011-06-12,0.0,40.74,23.65,93.57,25.91
2011-06-13,0.0,36.59,22.24,93.99,39.26
2011-06-14,0.0,35.88,21.99,91.8,39.59
2011-06-15,0.0,37.16,22.16,93.65,35.9
2011-06-16,0.0,36.69,22.56,93.38,41.9
2011-06-17,0.0,38.07,22.73,92.41,39.81
2011-06-18,0.0,37.91,24.79,93.06,42.82
2011-06-19,0.01,33.48,22.88,94.96,50.52
2011-06-20,0.0,33.23,21.78,91.15,53.72
2011-06-21,0.0,34.31,22.2,94.47,51.48
2011-06-22,0.0,34.87,23.08,95.35,48.35
2011-06-23,0.0,35.82,23.16,95.23,42.66
2011-06-24,0.0,35.77,23.31,91.15,48.86
2011-06-25,8.84,30.13,21.3,99.39,65.76
2011-06-26,0.0,34.42,23.54,99.28,54.2
2011-06-27,0.0,35.66,23.99,95.77,49.86
2011-06-28,0.0,35.64,24.17,90.26,43.58
2011-06-29,0.0,35.4,23.61,92.92,47.63
2011-06-30,0.0,34.61,24.26,89.63,49.76
2011-07-01,1.18,36.24,23.83,91.39,48.82
2011-07-02,14.4,36.11,23.9,98.96,51.98
2011-07-03,0.0,34.47,22.34,99.49,58.19
2011-07-04,0.0,33.57,23.51,95.55,56.14
2011-07-05,0.0,34.76,23.59,91.1,52.6
2011-07-06,0.0,34.7,23.81,91.52,51.25
2011-07-07,0.0,32.85,24.07,87.4,56.21
2011-07-08,0.0,35.68,23.71,92.67,42.56
2011-07-09,0.0,33.51,24.48,91.08,51.04
2011-07-10,0.0,33.99,23.3,87.14,51.3
2011-07-11,0.0,34.94,24.53,88.12,50.43
2011-07-12,2.52,34.15,23.41,95.18,54.75
2011-07-13,6.42,32.91,22.67,97.09,62.08
2011-07-14,0.0,35.22,24.12,96.03,48.75
2011-07-15,0.22,34.21,25.17,90.3,55.17
2011-07-16,15.16,36.08,24.11,94.66,51.78
2011-07-17,2.57,30.95,21.91,99.02,69.23
2011-07-18,11.32,34.72,23.96,98.96,60.09
2011-07-19,0.0,33.96,23.36,98.59,58.33
2011-07-20,0.0,33.94,24.55,94.88,51.2
2011-07-21,0.0,34.38,23.19,95.15,55.64
2011-07-22,0.0,34.75,23.68,94.17,55.67
2011-07-23,0.0,35.06,23.57,91.49,46.22
2011-07-24,0.03,36.17,23.53,91.48,49.8
2011-07-25,5.06,35.43,24.96,91.26,52.89
2011-07-26,0.2,32.75,21.65,98.31,63.0
2011-07-27,0.0,32.58,23.95,96.39,64.61
2011-07-28,0.0,33.34,22.93,92.96,54.92
2011-07-29,0.0,35.69,24.2,94.43,52.96
2011-07-30,0.0,34.82,24.95,91.7,54.77
2011-07-31,0.0,35.63,25.05,91.05,53.81
2011-08-01,0.0,35.33,25.35,92.67,51.72
2011-08-02,12.12,32.64,24.33,96.59,56.01
2011-08-03,18.44,34.47,23.06,99.13,60.44
2011-08-04,0.04,34.13,23.02,98.39,59.86
2011-08-05,0.0,33.58,24.57,93.75,63.45
2011-08-06,0.23,34.84,25.06,95.76,54.51
2011-08-07,0.44,34.6,25.47,95.95,54.38
2011-08-08,18.6,33.47,24.55,95.84,64.84
2011-08-09,0.01,31.87,24.34,99.38,70.51
2011-08-10,0.42,34.8,24.35,96.94,60.08
2011-08-11,2.51,35.65,24.36,94.01,53.59
2011-08-12,0.0,35.0,24.37,92.59,56.81
2011-08-13,0.0,32.88,25.12,91.79,62.25
2011-08-14,0.0,33.69,24.59,89.63,53.83
2011-08-15,0.0,34.89,24.05,92.78,54.26
2011-08-16,6.34,35.41,24.4,98.49,57.58
2011-08-17,12.06,31.99,23.04,97.25,68.6
2011-08-18,25.56,33.0,23.12,99.14,62.86
2011-08-19,41.33,31.14,23.61,99.67,73.06
2011-08-20,17.22,28.2,22.94,99.15,88.11
2011-08-21,0.18,30.94,23.37,99.18,71.7
2011-08-22,0.66,32.32,25.11,97.5,68.99
2011-08-23,0.0,32.24,23.33,98.58,66.96
2011-08-24,19.85,32.42,23.27,98.52,69.91
2011-08-25,24.21,28.32,22.63,98.94,87.2
2011-08-26,22.02,29.26,22.81,99.3,85.41
2011-08-27,0.0,33.71,23.26,99.06,63.74
2011-08-28,2.96,34.32,23.49,97.77,58.72
2011-08-29,14.48,33.77,24.83,97.86,67.69
2011-08-30,9.63,32.55,22.19,99.35,71.13
2011-08-31,4.69,33.6,23.96,99.27,66.16
2011-09-01,24.04,34.1,22.57,99.02,65.76
2011-09-02,0.02,32.7,20.89,99.16,66.67
2011-09-03,0.33,33.19,23.65,98.08,67.71
2011-09-04,0.0,34.82,24.27,98.6,63.66
2011-09-05,0.22,34.24,24.54,97.57,66.82
2011-09-06,10.48,35.58,24.12,97.55,59.93
2011-09-07,0.0,33.89,22.32,99.29,64.76
2011-09-08,0.04,34.2,24.49,98.56,64.14
2011-09-09,0.0,33.24,24.07,97.06,62.44
2011-09-10,0.0,33.76,24.13,94.0,57.33
2011-09-11,12.8,35.44,23.73,97.76,55.56
2011-09-12,20.04,34.08,21.5,98.81,62.73
2011-09-13,0.0,30.88,21.27,98.99,67.39
2011-09-14,0.0,32.93,24.27,98.26,67.1
2011-09-15,0.0,34.45,24.24,96.21,59.94
2011-09-16,0.0,34.63,24.38,97.34,57.12
2011-09-17,0.0,34.34,23.32,97.31,56.63
2011-09-18,0.0,35.24,24.58,98.12,59.25
2011-09-19,1.48,34.52,23.94,97.62,61.3
2011-09-20,1.58,30.9,23.72,97.87,73.25
2011-09-21,0.37,34.7,23.99,98.08,60.96
2011-09-22,0.0,35.4,23.5,98.54,58.86
2011-09-23,0.84,31.84,23.65,98.5,66.32
2011-09-24,13.22,32.82,24.0,98.99,70.72
2011-09-25,8.36,32.41,23.56,99.64,65.98
2011-09-26,0.98,34.82,23.42,99.12,61.92
2011-09-27,0.0,35.66,25.01,97.14,56.1
2011-09-28,0.0,35.29,24.88,97.1,58.46
2011-09-29,0.53,35.17,24.61,96.43,56.83
2011-09-30,15.69,31.24,21.19,98.74,65.81
2011-10-01,6.2,29.94,21.67,98.39,72.57
2011-10-02,0.02,30.92,24.74,98.26,72.8
2011-10-03,0.0,34.16,23.04,98.8,57.37
2011-10-04,0.0,36.23,24.36,98.89,54.56
2011-10-05,0.0,37.29,24.65,98.68,47.13
2011-10-06,0.0,38.12,24.95,98.59,42.89
2011-10-07,0.0,38.91,25.13,98.04,41.09
2011-10-08,0.0,37.03,25.39,98.4,47.15
2011-10-09,0.0,35.87,23.85,97.51,51.78
2011-10-10,0.0,37.64,23.77,97.82,42.81
2011-10-11,0.03,39.15,24.51,99.31,29.3
2011-10-12,0.0,38.45,23.08,82.95,35.42
2011-10-13,0.0,36.69,24.06,97.53,44.7
2011-10-14,0.0,36.54,23.32,97.08,46.36
2011-10-15,0.0,37.18,24.32,98.57,47.63
2011-10-16,0.0,38.05,24.93,95.0,42.92
2011-10-17,14.42,36.24,24.74,98.63,53.26
2011-10-18,0.0,34.44,21.91,98.09,50.62
2011-10-19,0.0,37.14,23.82,98.71,23.28
2011-10-20,0.0,37.63,20.06,89.92,21.31
2011-10-21,0.0,37.96,20.88,91.62,25.36
2011-10-22,0.0,35.18,23.23,95.65,42.72
2011-10-23,0.0,34.21,22.76,79.08,36.93
2011-10-24,0.0,36.82,21.63,92.36,33.89
2011-10-25,0.0,37.24,22.1,91.49,37.4
2011-10-26,0.0,37.74,21.99,96.06,36.86
2011-10-27,0.0,39.13,23.32,98.17,34.56
2011-10-28,0.0,40.32,24.15,81.53,31.41
2011-10-29,0.0,39.07,23.0,92.42,35.96
2011-10-30,0.0,38.99,23.4,93.37,34.15
2011-10-31,0.0,38.85,23.47,88.93,28.61
2011-11-01,0.0,38.68,22.78,89.89,31.97
2011-11-02,0.0,35.79,22.22,98.14,41.5
2011-11-03,0.0,39.23,20.9,94.56,29.12
2011-11-04,0.0,35.05,20.77,88.21,34.09
2011-11-05,0.0,38.62,21.58,88.33,27.03
2011-11-06,0.0,39.19,20.04,86.75,27.34
2011-11-07,0.0,38.49,19.76,87.55,29.6
2011-11-08,0.0,38.05,18.53,81.01,28.19
2011-11-09,0.0,36.96,19.66,78.25,26.84
2011-11-10,0.0,38.26,18.93,93.73,28.36
2011-11-11,0.0,37.16,19.57,98.99,32.1
2011-11-12,0.0,36.04,21.16,96.27,36.96
2011-11-13,0.0,37.69,19.74,97.93,31.07
2011-11-14,0.0,39.38,19.2,99.5,24.6
2011-11-15,0.0,39.85,19.08,87.8,22.37
2011-11-16,0.0,39.46,18.06,91.94,19.21
2011-11-17,0.0,39.27,16.97,89.95,22.37
2011-11-18,0.0,38.99,16.64,92.51,26.04
2011-11-19,0.0,39.21,17.59,89.57,25.8
2011-11-20,0.0,37.42,17.2,92.73,33.15
2011-11-21,0.0,37.06,19.2,88.41,32.75
2011-11-22,0.0,37.19,18.27,87.35,19.33
2011-11-23,0.0,36.82,17.49,72.39,24.43
2011-11-24,0.0,35.58,17.29,79.59,24.46
2011-11-25,0.0,35.96,17.24,79.05,22.18
2011-11-26,0.0,36.05,17.48,74.82,22.83
2011-11-27,0.0,34.68,18.4,72.53,27.98
2011-11-28,0.0,36.88,19.32,72.26,26.06
2011-11-29,0.0,36.59,19.05,61.61,26.7
2011-11-30,0.0,37.42,18.21,69.08,17.5
2011-12-01,0.0,36.95,17.45,80.38,20.43
2011-12-02,0.0,37.37,17.95,77.43,18.13
2011-12-03,0.0,37.99,14.59,79.4,12.75
2011-12-04,0.0,36.41,16.28,68.72,17.69
2011-12-05,0.0,35.45,15.67,84.87,21.22
2011-12-06,0.0,35.97,16.36,85.77,17.75
2011-12-07,0.0,35.87,16.75,51.11,16.02
2011-12-08,0.0,36.25,16.75,53.13,18.42
2011-12-09,0.0,36.84,15.89,58.26,17.3
2011-12-10,0.0,36.48,15.89,77.75,18.91
2011-12-11,0.0,36.79,16.98,84.83,12.87
2011-12-12,0.0,36.91,18.79,52.7,12.91
2011-12-13,0.0,35.5,19.38,48.41,14.6
2011-12-14,0.0,34.65,18.82,37.99,15.1
2011-12-15,0.0,33.67,16.98,43.24,18.34
2011-12-16,0.0,31.69,18.33,50.2,21.36
2011-12-17,0.0,34.8,17.01,51.13,17.73
2011-12-18,0.0,34.13,16.06,49.57,20.97
2011-12-19,0.0,33.48,16.47,79.09,22.18
2011-12-20,0.0,34.43,14.84,83.25,14.14
2011-12-21,0.0,34.13,16.87,70.88,11.7
2011-12-22,0.0,32.53,16.28,38.08,13.5
2011-12-23,0.0,32.54,14.07,46.13,14.2
2011-12-24,0.0,32.18,14.26,40.76,14.36
2011-12-25,0.0,33.67,14.85,51.04,14.19
2011-12-26,0.0,33.17,15.23,53.64,17.94
2011-12-27,0.0,32.76,15.02,60.09,18.66
2011-12-28,0.0,34.34,15.59,63.28,17.26
2011-12-29,0.0,31.7,19.53,38.78,21.54
2011-12-30,0.0,28.37,17.08,37.56,25.65
2011-12-31,0.0,26.88,14.95,43.05,23.43
2012-01-01,0.0,27.13,13.91,37.72,18.74
2012-01-02,0.0,30.96,14.75,51.84,15.69
2012-01-03,0.0,33.42,17.3,42.03,15.32
2012-01-04,0.0,34.48,17.13,42.14,13.49
2012-01-05,0.0,33.7,20.31,34.8,16.3
2012-01-06,0.0,34.02,18.45,44.29,17.0
2012-01-07,0.0,34.69,16.27,54.04,17.81
2012-01-08,0.0,35.97,17.61,55.32,15.58
2012-01-09,0.0,36.59,15.94,48.68,14.73
2012-01-10,0.0,36.98,15.6,83.54,16.99
2012-01-11,0.0,38.41,13.58,73.83,15.2
2012-01-12,0.0,39.13,14.27,71.44,15.39
2012-01-13,0.0,38.52,16.17,70.75,14.25
2012-01-14,0.0,37.98,17.46,63.91,15.13
2012-01-15,0.0,36.25,19.06,41.05,18.12
2012-01-16,0.0,35.67,18.89,41.13,23.79
2012-01-17,0.0,36.48,18.55,50.87,22.94
2012-01-18,0.0,35.75,19.38,71.64,29.97
2012-01-19,0.0,31.97,15.68,82.25,36.15
2012-01-20,0.0,26.47,14.86,63.83,40.03
2012-01-21,0.0,25.85,12.59,55.74,29.49
2012-01-22,0.0,27.93,11.82,56.58,29.78
2012-01-23,0.0,30.61,14.04,46.64,24.75
2012-01-24,0.0,33.62,15.98,44.9,25.75
2012-01-25,0.0,32.55,17.0,54.24,30.37
2012-01-26,0.0,32.11,13.73,57.99,16.6
2012-01-27,0.0,32.06,12.11,51.17,19.85
2012-01-28,0.0,33.95,14.64,45.11,12.06
2012-01-29,0.0,34.55,14.87,62.42,12.48
2012-01-30,0.0,34.57,18.89,56.71,15.21
2012-01-31,0.0,35.59,19.5,53.93,14.53
2012-02-01,0.0,33.64,19.31,49.78,14.99
2012-02-02,0.0,34.49,20.83,52.18,20.28
2012-02-03,0.0,36.03,18.98,65.67,16.67
2012-02-04,0.0,34.77,19.17,57.13,17.58
2012-02-05,0.0,29.96,18.35,57.77,25.49
2012-02-06,0.0,32.39,17.99,53.84,17.63
2012-02-07,0.0,30.61,16.56,27.42,9.88
2012-02-08,0.0,32.55,17.22,42.47,14.71
2012-02-09,0.0,32.95,15.83,51.1,13.73
2012-02-10,0.0,34.4,16.65,56.7,19.64
2012-02-11,0.0,33.76,15.82,69.01,19.91
2012-02-12,0.0,30.42,17.78,61.84,23.41
2012-02-13,0.0,32.44,17.11,50.2,17.24
2012-02-14,0.0,32.34,15.78,54.51,21.35
2012-02-15,0.0,29.92,19.19,58.49,25.59
2012-02-16,0.0,32.11,16.69,71.71,33.15
2012-02-17,0.0,30.74,16.23,78.41,31.53
2012-02-18,0.0,30.05,14.74,91.04,31.32
2012-02-19,0.0,32.49,13.32,97.02,23.04
2012-02-20,0.0,34.31,13.39,94.45,18.05
2012-02-21,0.0,34.53,15.34,53.74,16.36
2012-02-22,0.0,33.34,17.74,36.64,18.82
2012-02-23,0.0,32.57,17.27,43.49,20.92
2012-02-24,0.0,34.18,16.5,41.81,21.26
2012-02-25,0.0,36.73,17.87,40.02,15.47
2012-02-26,0.0,38.48,20.35,33.89,13.56
2012-02-27,0.0,39.79,18.12,44.44,15.35
2012-02-28,0.0,36.69,17.69,59.53,23.25
2012-02-29,0.0,36.75,16.45,76.97,24.29
2012-03-01,0.0,39.9,16.67,78.84,17.15
2012-03-02,0.0,37.98,21.75,38.83,17.25
2012-03-03,0.0,37.1,21.45,36.94,17.81
2012-03-04,0.0,36.83,19.44,53.32,11.94
2012-03-05,0.0,37.54,18.06,43.73,10.11
2012-03-06,0.0,39.49,18.67,46.31,13.33
2012-03-07,0.0,39.49,17.84,49.65,13.43
2012-03-08,0.0,39.19,18.05,55.15,13.71
2012-03-09,0.0,39.55,17.68,58.43,11.05
2012-03-10,0.0,38.25,21.6,33.97,10.58
2012-03-11,0.0,38.46,18.94,35.9,11.7
2012-03-12,0.0,38.43,21.58,33.2,10.18
2012-03-13,0.0,37.82,18.77,33.92,10.18
2012-03-14,0.0,40.27,19.36,35.94,9.79
2012-03-15,0.0,41.08,19.06,43.57,10.69
2012-03-16,0.0,41.53,19.04,51.44,10.13
2012-03-17,0.0,41.13,21.76,31.35,8.62
2012-03-18,0.0,41.05,25.32,30.83,11.18
2012-03-19,0.0,41.54,25.0,38.17,10.07
2012-03-20,0.0,40.09,22.47,69.0,16.32
2012-03-21,0.0,34.6,17.42,91.21,29.32
2012-03-22,0.0,32.49,16.29,97.28,31.26
2012-03-23,0.0,34.84,16.03,93.8,24.36
2012-03-24,0.0,32.85,17.32,89.65,36.12
2012-03-25,0.0,32.99,16.34,97.59,35.95
2012-03-26,0.0,32.15,16.03,97.79,36.63
2012-03-27,2.03,30.06,16.25,98.36,40.43
2012-03-28,1.21,23.82,16.21,98.01,73.76
2012-03-29,0.0,30.89,16.74,96.44,49.99
2012-03-30,0.0,34.7,18.6,82.58,35.32
2012-03-31,0.0,34.82,18.03,96.7,33.39
2012-04-01,0.0,33.52,18.64,96.78,34.27
2012-04-02,0.0,32.22,18.24,94.37,34.83
2012-04-03,0.0,32.37,17.36,88.08,36.98
2012-04-04,0.0,31.9,17.03,89.48,33.9
2012-04-05,0.0,35.35,16.48,90.94,30.42
2012-04-06,0.0,36.44,16.61,93.68,28.67
2012-04-07,0.0,36.7,18.08,87.08,25.82
2012-04-08,0.0,34.0,18.11,87.94,27.53
2012-04-09,0.0,37.98,18.7,77.12,20.4
2012-04-10,0.0,38.13,22.27,64.49,23.23
2012-04-11,0.0,33.05,20.61,77.52,41.05
2012-04-12,0.0,35.77,19.01,81.2,33.49
2012-04-13,0.0,37.68,19.51,78.75,27.0
2012-04-14,0.0,38.21,21.46,75.39,25.2
2012-04-15,0.0,39.07,21.66,57.12,21.11
2012-04-16,0.0,39.27,19.9,59.43,13.14
2012-04-17,0.0,37.82,19.48,67.34,18.05
2012-04-18,0.0,32.4,17.07,84.94,28.68
2012-04-19,0.0,32.07,15.71,91.65,32.1
2012-04-20,0.0,34.09,16.57,95.42,30.66
2012-04-21,0.0,35.06,16.98,94.72,29.32
2012-04-22,0.0,38.62,18.14,94.09,24.32
2012-04-23,0.0,40.68,20.73,70.46,19.35
2012-04-24,0.0,37.83,21.14,76.45,27.3
2012-04-25,0.0,35.35,17.91,92.15,34.36
2012-04-26,0.0,35.76,17.39,95.18,28.97
2012-04-27,0.0,36.42,18.04,93.87,26.67
2012-04-28,0.0,38.79,19.19,87.5,19.69
2012-04-29,0.0,39.55,28.07,49.96,17.79
2012-04-30,0.0,41.67,25.47,57.55,16.86
2012-05-01,0.0,40.87,22.33,55.67,15.11
2012-05-02,0.0,40.86,22.57,59.53,17.76
2012-05-03,0.0,39.98,20.41,71.01,21.83
2012-05-04,0.0,42.32,19.58,70.51,15.59
2012-05-05,0.0,41.84,20.18,71.44,18.64
2012-05-06,0.0,42.41,20.34,67.8,15.66
2012-05-07,0.0,43.46,20.49,73.29,16.38
2012-05-08,0.0,43.23,22.78,54.21,16.66
2012-05-09,0.0,37.77,20.14,83.59,27.55
2012-05-10,0.0,36.93,18.29,96.75,32.15
2012-05-11,0.0,38.1,19.44,93.56,26.5
2012-05-12,0.0,37.88,19.46,97.69,27.33
2012-05-13,0.0,39.13,18.99,97.55,27.25
2012-05-14,0.0,34.31,20.23,96.52,40.74
2012-05-15,0.0,34.9,20.69,88.59,38.64
2012-05-16,0.0,35.88,20.16,93.47,36.59
2012-05-17,0.0,36.89,20.47,95.16,32.97
2012-05-18,0.0,37.59,22.72,88.43,34.22
2012-05-19,0.23,35.16,22.32,88.99,42.81
2012-05-20,0.0,40.3,21.22,90.14,29.28
2012-05-21,0.0,36.84,22.86,83.54,33.85
2012-05-22,0.0,36.36,23.53,88.67,40.14
2012-05-23,0.0,37.35,22.75,88.46,34.61
2012-05-24,0.0,36.52,22.28,88.51,37.8
2012-05-25,0.0,35.06,21.66,95.01,42.18
2012-05-26,0.0,36.34,22.24,94.54,35.65
2012-05-27,0.0,38.63,21.73,97.65,31.54
2012-05-28,0.0,40.25,21.68,87.97,19.38
2012-05-29,0.0,37.14,18.96,97.66,29.49
2012-05-30,0.0,38.16,19.0,97.41,25.87
2012-05-31,0.0,39.0,20.12,88.35,24.33
2012-06-01,0.0,37.14,19.85,92.63,34.19
2012-06-02,0.0,33.92,20.72,96.8,46.35
2012-06-03,0.47,37.72,22.1,93.2,39.72
2012-06-04,0.0,39.19,22.84,89.71,35.08
2012-06-05,0.0,39.62,21.62,96.24,31.29
2012-06-06,0.0,36.61,21.51,96.45,37.58
2012-06-07,0.0,37.38,21.04,97.57,31.6
2012-06-08,0.0,37.24,20.71,97.27,34.04
2012-06-09,0.0,38.04,22.42,89.29,37.45
2012-06-10,0.0,38.84,23.69,84.07,37.28
2012-06-11,0.0,38.49,22.76,87.86,36.54
2012-06-12,0.0,35.77,22.94,91.69,45.23
2012-06-13,0.0,34.96,23.98,87.19,46.02
2012-06-14,0.0,37.72,22.79,91.72,38.53
2012-06-15,0.0,37.12,22.81,91.53,37.37
2012-06-16,0.0,38.53,22.74,94.81,38.2
2012-06-17,0.0,36.0,24.44,92.29,42.36
2012-06-18,0.15,34.3,23.31,93.63,47.68
2012-06-19,0.0,36.31,22.89,90.73,41.86
2012-06-20,0.0,36.75,23.84,89.78,44.54
2012-06-21,0.0,38.35,23.68,92.59,33.44
2012-06-22,0.0,39.85,24.08,90.78,33.41
2012-06-23,0.0,35.08,24.69,88.62,47.5
2012-06-24,0.02,35.72,24.91,90.97,49.27
2012-06-25,0.0,34.65,23.78,92.75,49.64
2012-06-26,0.0,36.14,22.22,88.64,43.88
2012-06-27,0.0,37.34,23.18,85.58,39.91
2012-06-28,0.0,36.28,23.62,91.38,47.26
2012-06-29,0.01,35.96,24.57,88.21,44.82
2012-06-30,0.0,36.43,21.81,93.57,43.54
2012-07-01,0.01,35.12,23.87,90.92,50.13
2012-07-02,13.32,36.06,24.17,96.82,47.47
2012-07-03,0.0,32.95,22.8,97.18,58.31
2012-07-04,0.01,35.01,23.84,92.32,53.81
2012-07-05,0.01,34.63,24.98,89.68,55.56
2012-07-06,8.37,36.72,24.14,95.66,45.27
2012-07-07,2.66,34.11,22.59,99.43,57.19
2012-07-08,4.25,31.35,23.75,97.73,69.74
2012-07-09,0.0,33.53,23.4,98.12,59.47
2012-07-10,0.0,33.46,23.5,93.87,48.92
2012-07-11,0.0,33.65,22.82,90.87,50.58
2012-07-12,2.93,34.72,24.54,92.9,55.09
2012-07-13,0.78,34.0,24.0,92.01,58.96
2012-07-14,0.49,34.57,23.69,92.53,54.75
2012-07-15,1.99,32.61,22.09,97.28,60.83
2012-07-16,8.38,34.33,22.78,91.91,57.88
2012-07-17,1.72,34.14,22.44,98.69,59.28
2012-07-18,0.0,34.29,24.21,97.24,57.66
2012-07-19,0.0,34.6,24.37,96.0,57.24
2012-07-20,0.45,34.54,23.98,95.61,56.25
2012-07-21,9.92,30.37,24.04,98.34,76.42
2012-07-22,0.0,31.97,23.71,98.2,70.54
2012-07-23,0.14,31.72,24.38,97.74,65.68
2012-07-24,0.0,33.39,23.83,98.38,63.76
2012-07-25,0.0,33.58,23.61,96.38,57.89
2012-07-26,0.0,35.89,24.17,95.72,50.08
2012-07-27,11.66,36.66,24.92,94.19,52.7
2012-07-28,0.0,33.68,21.56,95.79,56.46
2012-07-29,0.0,35.48,24.5,94.98,52.48
2012-07-30,0.39,35.96,24.3,93.02,49.63
2012-07-31,0.19,34.7,24.78,93.18,54.21
2012-08-01,2.91,32.07,23.57,95.98,64.09
2012-08-02,0.0,34.62,24.02,96.67,53.33
2012-08-03,0.0,33.35,24.35,92.61,60.86
2012-08-04,26.56,29.84,23.97,96.86,76.74
2012-08-05,0.18,32.36,21.62,98.95,65.51
2012-08-06,0.7,33.26,23.63,96.63,59.94
2012-08-07,0.0,33.08,24.03,97.47,63.4
2012-08-08,0.19,32.96,24.35,96.93,61.37
2012-08-09,73.95,31.8,23.83,97.53,61.4
2012-08-10,2.62,31.58,22.56,98.1,68.86
2012-08-11,31.51,33.03,23.55,98.24,67.01
2012-08-12,11.88,32.35,21.81,98.98,63.89
2012-08-13,2.58,32.07,23.79,99.11,67.33
2012-08-14,28.1,31.03,23.65,98.51,73.86
2012-08-15,4.12,32.43,23.63,99.27,69.79
2012-08-16,0.45,33.86,24.19,98.85,65.36
2012-08-17,0.16,31.8,24.25,98.33,69.77
2012-08-18,15.58,28.89,20.99,98.33,74.35
2012-08-19,1.34,33.41,23.39,96.83,66.37
2012-08-20,0.0,33.99,23.36,97.73,62.4
2012-08-21,2.4,33.09,24.56,95.49,64.26
2012-08-22,0.37,32.18,23.61,98.03,65.3
2012-08-23,0.42,31.36,22.91,98.11,65.77
2012-08-24,6.57,32.51,23.47,96.6,66.52
2012-08-25,38.84,32.52,23.72,98.57,67.78
2012-08-26,8.64,31.43,23.12,98.46,71.55
2012-08-27,6.81,32.7,23.54,98.86,66.9
2012-08-28,8.56,32.86,22.56,98.59,65.41
2012-08-29,0.11,30.46,20.95,99.58,71.96
2012-08-30,0.0,33.42,23.97,98.58,62.59
2012-08-31,4.39,32.44,23.82,97.64,69.99
2012-09-01,12.12,32.17,23.55,98.06,67.37
2012-09-02,9.0,30.6,22.68,99.01,70.03
2012-09-03,5.11,32.72,23.43,99.24,64.67
2012-09-04,10.08,33.33,23.68,98.66,64.78
2012-09-05,3.21,32.91,23.4,98.89,63.94
2012-09-06,5.48,33.02,24.68,97.81,62.57
2012-09-07,12.02,32.85,23.88,98.23,66.9
2012-09-08,0.42,32.12,23.06,97.53,66.56
2012-09-09,8.79,34.28,23.63,97.78,60.55
2012-09-10,0.75,34.29,20.66,97.3,64.13
2012-09-11,3.75,34.93,23.92,97.83,59.84
2012-09-12,0.29,33.66,22.88,97.53,63.71
2012-09-13,0.0,34.23,24.38,97.86,62.05
2012-09-14,0.0,34.93,24.21,97.51,59.3
2012-09-15,0.18,32.62,23.86,97.55,63.33
2012-09-16,0.0,35.12,23.4,97.28,57.33
2012-09-17,0.0,35.72,23.61,95.6,54.3
2012-09-18,3.2,32.4,21.98,96.14,65.8
2012-09-19,0.0,31.89,24.03,97.26,68.92
2012-09-20,7.53,33.56,22.97,97.67,64.06
2012-09-21,40.77,33.87,22.03,97.94,60.68
2012-09-22,6.3,28.43,22.27,99.49,81.43
2012-09-23,1.93,31.21,22.93,98.8,70.94
2012-09-24,16.0,31.67,23.16,99.2,70.13
2012-09-25,1.39,33.83,22.19,99.36,62.79
2012-09-26,0.0,34.8,22.59,99.54,61.77
2012-09-27,19.24,34.77,25.04,98.1,63.98
2012-09-28,13.05,32.87,21.45,97.42,60.22
2012-09-29,0.37,30.83,21.56,97.92,66.01
2012-09-30,3.29,33.3,24.17,97.37,64.89
2012-10-01,0.0,33.59,21.36,98.32,56.94
2012-10-02,0.0,36.57,23.79,98.67,43.44
2012-10-03,2.98,35.17,23.03,98.6,59.28
2012-10-04,0.0,33.71,23.18,98.35,59.91
2012-10-05,0.0,32.36,23.53,98.28,63.36
2012-10-06,0.0,35.59,24.01,97.97,55.26
2012-10-07,0.0,36.3,23.83,97.24,56.38
2012-10-08,0.0,36.14,21.6,97.66,46.69
2012-10-09,0.0,35.2,22.85,97.37,58.52
2012-10-10,4.61,35.54,23.78,98.04,55.92
2012-10-11,0.02,34.27,21.89,98.22,58.89
2012-10-12,0.0,35.68,23.99,98.26,57.9
2012-10-13,0.0,35.99,23.92,97.56,52.7
2012-10-14,0.0,35.83,24.01,97.88,56.88
2012-10-15,0.0,36.06,23.11,97.94,51.49
2012-10-16,0.0,36.38,23.55,97.11,47.71
2012-10-17,0.0,36.66,23.52,96.5,45.23
2012-10-18,0.0,35.93,22.99,96.65,50.05
2012-10-19,0.0,34.85,21.59,96.98,52.68
2012-10-20,0.0,35.57,21.79,95.85,45.34
2012-10-21,0.0,32.86,22.07,96.87,56.2
2012-10-22,0.0,36.09,23.47,96.27,48.71
2012-10-23,0.0,37.64,23.51,96.79,43.2
2012-10-24,0.0,39.07,23.62,97.72,37.23
2012-10-25,0.0,39.08,23.28,94.69,30.64
2012-10-26,0.0,39.38,22.84,95.36,27.5
2012-10-27,0.0,38.29,22.26,89.93,31.61
2012-10-28,0.0,36.19,22.08,95.3,38.44
2012-10-29,0.0,36.2,21.86,95.24,35.52
2012-10-30,0.0,37.68,22.38,93.38,33.1
2012-10-31,0.0,37.58,22.63,96.37,36.51
2012-11-01,0.0,37.22,22.14,97.62,39.54
2012-11-02,0.0,38.65,22.34,97.75,36.69
2012-11-03,0.0,40.31,21.44,96.42,22.48
2012-11-04,0.0,38.16,21.44,93.73,38.84
2012-11-05,0.0,37.1,22.48,97.96,44.26
2012-11-06,0.0,37.85,23.02,98.62,37.53
2012-11-07,0.0,37.86,22.05,97.55,35.75
2012-11-08,0.0,37.61,22.14,96.95,29.93
2012-11-09,0.0,37.26,20.78,96.55,35.34
2012-11-10,0.15,38.9,22.01,95.84,35.62
2012-11-11,0.0,38.15,21.73,93.19,23.24
2012-11-12,0.0,37.67,20.99,81.19,23.14
2012-11-13,0.0,37.54,20.5,83.56,25.24
2012-11-14,0.0,36.87,19.27,89.85,25.85
2012-11-15,0.0,37.49,19.32,82.92,30.49
2012-11-16,0.0,36.81,19.83,90.07,30.57
2012-11-17,0.0,38.98,21.0,83.59,25.1
2012-11-18,0.0,38.04,20.62,76.87,25.21
2012-11-19,0.0,38.19,19.03,91.5,27.98
2012-11-20,0.0,36.35,19.77,97.41,31.99
2012-11-21,0.0,34.9,20.51,95.68,34.89
2012-11-22,0.0,35.1,20.22,87.07,31.08
2012-11-23,0.0,34.83,18.68,85.47,33.63
2012-11-24,0.0,33.5,19.48,90.59,36.6
2012-11-25,0.0,33.75,20.15,96.35,42.28
2012-11-26,0.0,33.94,18.52,96.77,39.72
2012-11-27,0.0,32.78,19.93,93.47,40.17
2012-11-28,0.0,35.21,20.8,82.3,34.12
2012-11-29,0.0,34.33,20.83,83.09,34.84
2012-11-30,0.0,34.43,21.64,71.76,30.2
2012-12-01,0.0,28.48,20.28,56.04,31.89
2012-12-02,0.0,31.35,17.67,65.28,33.05
2012-12-03,0.0,27.19,19.65,54.2,30.6
2012-12-04,0.0,24.82,17.85,44.93,26.29
2012-12-05,0.0,29.54,15.29,50.37,20.04
2012-12-06,0.0,32.69,12.6,53.05,18.88
2012-12-07,0.0,35.08,13.11,54.71,15.84
2012-12-08,0.0,36.22,15.23,49.31,16.11
2012-12-09,0.0,36.41,15.75,52.99,15.45
2012-12-10,0.0,37.5,16.9,57.7,16.51
2012-12-11,0.0,37.4,14.29,78.49,19.72
2012-12-12,0.0,32.26,14.98,93.29,34.33
2012-12-13,0.0,30.98,15.06,97.55,34.59
2012-12-14,0.0,33.89,13.63,91.65,22.02
2012-12-15,0.0,34.76,15.02,44.77,14.47
2012-12-16,0.0,33.01,14.77,40.25,14.09
2012-12-17,0.0,34.61,15.38,42.71,15.11
2012-12-18,0.0,35.83,14.79,49.83,16.13
2012-12-19,0.0,37.3,14.5,57.81,17.27
2012-12-20,0.0,37.76,15.48,55.18,21.29
2012-12-21,0.0,36.01,16.29,43.41,15.62
2012-12-22,0.0,36.31,12.67,67.39,17.18
2012-12-23,0.0,37.76,13.78,68.59,17.18
2012-12-24,0.0,36.02,16.45,75.81,20.42
2012-12-25,0.0,36.04,16.6,73.95,16.78
2012-12-26,0.0,36.7,14.96,89.01,18.79
2012-12-27,0.0,34.54,16.17,47.76,17.35
2012-12-28,0.0,35.4,14.65,51.49,16.0
2012-12-29,0.0,32.89,16.54,43.16,18.43
2012-12-30,0.0,28.84,13.94,42.44,22.05
2012-12-31,0.0,31.52,13.52,47.2,16.53
2013-01-01,0.0,31.17,14.99,35.73,14.04
2013-01-02,0.0,33.26,13.74,48.64,13.43
2013-01-03,0.0,32.65,14.85,38.13,14.34
2013-01-04,0.0,33.01,18.4,38.76,14.73
2013-01-05,0.0,29.06,16.38,34.14,17.89
2013-01-06,0.0,30.19,12.79,49.43,19.88
2013-01-07,0.0,31.6,10.76,56.52,16.77
2013-01-08,0.0,33.03,13.13,47.01,14.95
2013-01-09,0.0,34.16,12.86,58.11,17.23
2013-01-10,0.0,34.59,14.59,55.21,16.79
2013-01-11,0.0,35.09,16.18,54.33,13.78
2013-01-12,0.0,37.0,17.21,45.02,13.27
2013-01-13,0.0,38.47,20.16,42.02,14.39
2013-01-14,0.0,36.46,16.98,49.06,13.21
2013-01-15,0.0,35.71,15.76,36.92,10.6
2013-01-16,0.0,34.37,15.17,31.59,10.97
2013-01-17,0.0,32.96,14.48,33.1,10.9
2013-01-18,0.0,33.54,13.54,36.78,9.01
2013-01-19,0.0,33.96,13.57,42.99,7.97
2013-01-20,0.0,33.86,12.68,75.06,12.28
2013-01-21,0.0,35.24,13.12,88.32,14.53
2013-01-22,0.0,33.36,17.4,75.43,20.5
2013-01-23,0.0,31.96,18.19,74.72,26.75
2013-01-24,0.0,33.03,14.77,77.22,21.71
2013-01-25,0.09,26.13,16.78,70.31,36.09
2013-01-26,0.0,30.92,16.79,59.03,20.34
2013-01-27,0.0,33.86,12.54,66.15,14.51
2013-01-28,0.0,34.66,13.13,75.14,13.58
2013-01-29,0.0,35.26,13.44,47.53,15.29
2013-01-30,0.0,35.54,16.47,36.2,13.69
2013-01-31,0.0,37.29,17.49,38.25,13.98
2013-02-01,0.0,38.59,22.83,35.39,14.85
2013-02-02,0.0,37.63,20.74,45.06,16.55
2013-02-03,0.0,35.98,17.68,56.58,16.09
2013-02-04,0.0,37.23,15.98,73.02,15.62
2013-02-05,0.0,38.35,20.05,55.98,21.73
2013-02-06,0.0,37.4,23.65,37.03,17.82
2013-02-07,0.0,37.66,17.73,47.02,11.39
2013-02-08,0.0,37.66,19.48,43.02,9.65
2013-02-09,0.0,35.63,19.55,78.98,25.52
2013-02-10,0.0,33.7,17.48,90.18,34.83
2013-02-11,0.0,37.18,17.77,88.48,24.96
2013-02-12,0.0,39.18,18.39,81.13,14.58
2013-02-13,0.0,39.86,16.98,66.62,13.84
2013-02-14,0.0,39.71,17.91,57.57,13.43
2013-02-15,0.0,37.59,18.49,66.07,17.39
2013-02-16,0.0,34.68,17.2,94.79,27.96
2013-02-17,0.0,37.13,16.58,93.76,14.93
2013-02-18,0.0,38.04,15.75,78.0,15.94
2013-02-19,0.0,33.95,16.19,76.57,20.82
2013-02-20,0.0,35.36,15.04,94.13,22.42
2013-02-21,0.0,36.79,14.72,60.45,18.1
2013-02-22,0.0,38.26,17.35,63.67,18.04
2013-02-23,0.0,38.17,16.86,64.23,16.31
2013-02-24,0.0,39.33,16.57,60.93,16.53
2013-02-25,0.0,38.57,16.14,63.55,17.01
2013-02-26,0.0,35.89,16.86,70.28,23.9
2013-02-27,0.0,33.6,16.07,90.35,30.13
2013-02-28,0.0,34.47,15.92,91.55,29.34
2013-03-01,0.0,37.06,16.18,90.83,19.06
2013-03-02,0.0,36.43,18.53,83.32,21.85
2013-03-03,0.0,38.61,17.4,78.47,20.38
2013-03-04,0.0,33.08,16.48,96.67,34.04
2013-03-05,0.0,34.44,16.84,99.09,27.42
2013-03-06,0.0,35.26,16.59,95.0,30.24
2013-03-07,0.0,39.23,17.23,95.96,23.68
2013-03-08,0.0,40.89,18.78,85.34,20.13
2013-03-09,0.0,40.99,18.94,85.73,20.86
2013-03-10,0.0,41.64,18.26,87.45,18.37
2013-03-11,0.0,42.77,18.8,81.47,14.57
2013-03-12,0.0,41.92,19.64,68.78,15.37
2013-03-13,0.0,41.21,17.76,81.14,17.23
2013-03-14,0.0,41.71,18.2,62.69,14.55
2013-03-15,0.0,40.33,18.15,78.77,15.68
2013-03-16,0.0,37.8,19.59,76.72,22.09
2013-03-17,0.0,37.48,18.39,81.52,24.96
2013-03-18,0.0,35.85,18.99,89.37,32.42
2013-03-19,0.0,33.72,17.87,92.46,37.7
2013-03-20,0.0,38.27,19.1,94.58,28.47
2013-03-21,0.0,39.1,20.53,90.98,31.62
2013-03-22,0.0,39.26,20.14,90.53,28.52
2013-03-23,0.0,35.97,19.17,88.91,37.9
2013-03-24,0.0,40.5,20.12,83.13,25.15
2013-03-25,0.0,41.66,21.64,63.9,20.53
2013-03-26,0.0,38.61,20.7,65.51,20.84
2013-03-27,0.0,36.01,18.64,85.98,29.87
2013-03-28,0.0,37.71,18.24,90.1,21.97
2013-03-29,0.0,41.52,19.6,68.98,12.9
2013-03-30,0.0,42.63,21.18,59.23,12.34
2013-03-31,0.0,40.67,20.75,75.58,17.79
2013-04-01,0.0,37.88,17.51,98.14,27.8
2013-04-02,0.0,35.21,17.81,98.88,29.65
2013-04-03,0.0,35.68,18.54,98.03,29.41
2013-04-04,0.0,34.19,18.33,91.1,29.36
2013-04-05,0.0,36.56,17.66,81.32,18.51
2013-04-06,0.0,40.9,18.15,84.78,16.23
2013-04-07,0.0,38.66,21.23,66.13,19.53
2013-04-08,0.0,31.99,18.74,79.78,28.49
2013-04-09,0.0,34.67,17.19,86.2,23.48
2013-04-10,0.0,36.31,18.03,81.37,20.89
2013-04-11,0.0,38.88,18.91,77.68,19.05
2013-04-12,0.0,40.98,20.18,82.67,19.44
2013-04-13,0.0,40.58,19.23,86.57,23.2
2013-04-14,0.0,41.4,19.33,89.93,21.73
2013-04-15,0.0,43.06,19.33,78.01,13.65
2013-04-16,0.0,43.5,20.56,67.44,11.22
2013-04-17,0.0,38.93,19.49,90.1,23.16
2013-04-18,0.0,35.81,17.13,98.25,30.18
2013-04-19,0.0,32.3,16.8,97.32,37.27
2013-04-20,0.0,32.04,17.03,96.36,37.93
2013-04-21,0.0,34.62,17.63,93.47,32.9
2013-04-22,0.0,37.5,17.81,98.53,27.7
2013-04-23,0.0,37.55,18.88,98.89,28.18
2013-04-24,0.0,34.6,18.25,99.49,40.42
2013-04-25,0.0,36.53,19.84,97.54,32.15
2013-04-26,0.0,37.18,20.22,98.61,34.0
2013-04-27,0.0,39.95,19.63,99.2,26.49
2013-04-28,0.0,39.48,19.71,97.77,23.59
2013-04-29,0.0,37.04,19.89,94.26,26.95
2013-04-30,0.0,34.06,18.88,95.83,31.15
2013-05-01,0.0,35.89,18.29,92.25,25.32
2013-05-02,0.0,37.98,19.12,76.54,18.89
2013-05-03,0.0,39.32,19.58,73.69,17.3
2013-05-04,0.0,39.29,20.11,66.0,15.76
2013-05-05,0.0,40.86,20.47,67.97,14.53
2013-05-06,0.0,42.85,20.45,61.64,11.4
2013-05-07,0.0,42.39,20.43,65.89,13.8
2013-05-08,0.0,41.11,20.26,77.73,17.11
2013-05-09,0.0,42.06,21.45,82.97,17.7
2013-05-10,0.0,40.43,21.02,93.12,24.9
2013-05-11,0.0,36.27,20.06,97.15,30.73
2013-05-12,0.0,37.6,20.6,95.57,31.32
2013-05-13,0.0,39.32,20.55,97.09,26.4
2013-05-14,0.0,37.54,20.91,97.01,37.45
2013-05-15,0.0,39.78,21.49,85.04,22.44
2013-05-16,0.0,36.2,20.11,90.57,30.95
2013-05-17,0.0,34.83,19.51,93.87,31.64
2013-05-18,0.0,37.69,21.07,84.84,24.86
2013-05-19,0.0,39.1,22.71,88.98,26.31
2013-05-20,0.0,39.57,23.47,87.29,30.82
2013-05-21,0.0,40.39,23.43,87.5,29.59
2013-05-22,0.0,36.38,24.39,85.53,41.31
2013-05-23,0.0,42.26,23.91,85.72,24.07
2013-05-24,0.0,39.34,24.48,85.85,36.01
2013-05-25,0.0,40.7,24.25,84.08,29.82
2013-05-26,0.0,38.93,24.4,82.03,32.34
2013-05-27,0.0,39.73,23.85,88.11,27.66
2013-05-28,0.0,38.84,23.01,86.46,31.64
2013-05-29,0.0,38.6,24.06,81.91,34.99
2013-05-30,0.0,42.04,24.21,84.31,28.42
2013-05-31,0.0,42.25,24.61,85.32,24.75
2013-06-01,0.0,36.55,24.81,88.0,45.21
2013-06-02,0.0,36.07,24.22,90.45,44.05
2013-06-03,0.0,35.68,23.23,92.09,32.38
2013-06-04,0.0,34.32,22.85,93.41,42.06
2013-06-05,0.0,36.11,22.94,89.98,40.2
2013-06-06,0.0,37.5,22.85,91.07,39.32
2013-06-07,0.0,38.84,22.61,96.72,35.87
2013-06-08,0.0,36.95,24.76,88.66,43.17
2013-06-09,0.0,37.38,25.32,89.35,37.32
2013-06-10,0.0,39.98,23.69,94.01,31.99
2013-06-11,0.0,35.15,24.23,92.78,49.37
2013-06-12,0.0,38.86,24.1,87.74,34.49
2013-06-13,0.0,37.76,23.87,92.95,38.17
2013-06-14,0.0,36.17,23.7,94.52,45.1
2013-06-15,0.0,36.12,24.47,91.88,45.78
2013-06-16,0.0,36.13,24.17,89.24,41.28
2013-06-17,0.0,37.17,23.75,89.44,36.86
2013-06-18,0.0,35.99,24.51,85.69,41.36
2013-06-19,0.0,36.81,23.69,88.13,37.87
2013-06-20,0.0,38.71,23.44,90.84,36.03
2013-06-21,0.0,37.74,23.95,91.48,39.42
2013-06-22,0.0,36.49,23.07,91.47,41.82
2013-06-23,0.0,36.54,23.26,90.17,41.25
2013-06-24,0.0,38.59,22.99,90.74,35.94
2013-06-25,0.0,35.71,23.86,92.67,43.08
2013-06-26,0.0,36.85,23.32,89.86,38.13
2013-06-27,0.0,35.7,24.15,86.43,43.38
2013-06-28,0.0,34.28,22.61,83.52,42.75
2013-06-29,0.05,35.79,23.71,81.23,42.59
2013-06-30,22.95,37.2,24.74,87.74,41.29
2013-07-01,0.0,34.0,22.99,97.61,55.75
2013-07-02,0.0,34.31,24.71,92.28,52.01
2013-07-03,10.81,35.55,25.49,95.27,50.19
2013-07-04,0.0,34.07,22.73,95.81,54.4
2013-07-05,0.0,34.35,24.76,92.24,48.28
2013-07-06,0.0,34.87,25.46,87.96,48.33
2013-07-07,0.0,36.5,24.86,89.25,42.01
2013-07-08,0.06,36.88,25.41,88.31,43.59
2013-07-09,0.01,36.2,25.06,88.57,45.05
2013-07-10,0.0,34.68,24.62,90.02,48.79
2013-07-11,0.0,33.68,24.78,86.37,48.19
2013-07-12,0.0,35.72,23.08,88.27,38.03
2013-07-13,0.0,37.3,25.3,86.82,41.88
2013-07-14,2.03,38.0,25.04,87.69,42.09
2013-07-15,0.0,37.32,24.93,93.44,38.56
2013-07-16,0.85,35.79,25.17,89.4,51.2
2013-07-17,3.1,34.4,24.6,93.07,61.26
2013-07-18,0.0,34.62,25.3,95.33,52.11
2013-07-19,0.0,34.04,25.09,92.09,53.43
2013-07-20,11.01,36.06,24.88,91.62,51.33
2013-07-21,0.01,32.11,22.81,99.22,68.21
2013-07-22,1.95,34.2,24.6,96.06,57.09
2013-07-23,0.15,32.45,25.49,96.77,66.53
2013-07-24,0.0,34.6,25.54,96.41,59.73
2013-07-25,0.0,33.93,25.98,91.77,55.77
2013-07-26,4.91,34.71,24.94,93.32,56.8
2013-07-27,0.0,32.91,23.97,97.15,55.25
2013-07-28,0.0,34.68,25.5,95.15,52.65
2013-07-29,0.0,33.59,25.59,92.88,50.45
2013-07-30,0.12,32.8,25.87,87.72,55.18
2013-07-31,24.01,29.8,23.97,97.81,79.19
2013-08-01,0.09,30.62,24.06,98.06,67.04
2013-08-02,1.97,31.37,24.7,96.49,68.83
2013-08-03,1.06,31.83,24.54,96.79,69.58
2013-08-04,0.54,34.33,24.26,98.73,59.68
2013-08-05,0.0,33.95,24.46,95.7,58.87
2013-08-06,2.29,34.93,24.83,97.33,55.07
2013-08-07,17.53,31.81,24.14,98.73,70.78
2013-08-08,0.0,33.12,24.25,99.16,68.83
2013-08-09,0.08,32.39,25.28,95.31,67.78
2013-08-10,5.86,32.44,25.2,94.83,68.36
2013-08-11,30.35,32.9,24.62,97.38,65.97
2013-08-12,32.83,32.48,24.32,99.4,69.47
2013-08-13,3.42,30.26,24.8,98.15,76.98
2013-08-14,8.88,30.34,24.35,98.96,72.68
2013-08-15,1.17,32.49,24.34,98.92,66.66
2013-08-16,19.25,30.8,23.22,99.1,74.7
2013-08-17,0.0,31.74,25.16,95.92,64.21
2013-08-18,4.82,31.69,24.47,94.94,69.04
2013-08-19,11.88,29.93,24.55,96.78,76.98
2013-08-20,17.7,28.36,23.66,99.31,79.23
2013-08-21,4.44,30.84,23.73,99.67,71.64
2013-08-22,17.62,33.86,24.42,98.82,62.69
2013-08-23,0.0,31.78,23.29,99.15,68.9
2013-08-24,0.04,33.75,25.08,97.76,63.47
2013-08-25,0.19,30.4,23.99,98.12,73.97
2013-08-26,0.0,33.96,23.91,98.68,61.46
2013-08-27,2.95,33.47,25.42,98.39,66.82
2013-08-28,0.0,33.4,25.86,98.5,64.29
2013-08-29,19.07,34.36,25.3,96.45,60.73
2013-08-30,28.32,30.27,23.7,99.27,77.39
2013-08-31,2.29,28.75,22.25,99.06,77.07
2013-09-01,0.0,33.0,22.77,98.27,61.25
2013-09-02,0.0,33.77,23.98,96.12,62.58
2013-09-03,0.01,34.02,25.25,99.33,64.17
2013-09-04,15.14,32.49,25.11,95.64,65.89
2013-09-05,8.41,31.12,22.33,99.08,69.89
2013-09-06,19.25,28.46,23.74,98.04,81.78
2013-09-07,4.97,30.53,22.1,98.34,71.56
2013-09-08,2.97,31.68,23.83,98.49,68.39
2013-09-09,0.52,31.11,24.06,98.3,70.18
2013-09-10,0.24,32.26,23.37,98.26,65.29
2013-09-11,0.0,34.08,24.4,97.21,61.47
2013-09-12,0.0,33.86,24.91,96.94,62.78
2013-09-13,1.13,35.19,25.24,97.68,57.95
2013-09-14,16.34,31.23,23.54,98.76,73.78
2013-09-15,8.14,28.53,24.11,99.2,84.33
2013-09-16,14.18,32.75,23.85,98.87,64.99
2013-09-17,23.16,33.18,23.5,98.69,65.92
2013-09-18,6.41,34.2,24.61,97.6,64.13
2013-09-19,12.05,32.31,23.58,97.68,73.1
2013-09-20,0.0,30.19,22.75,97.74,73.02
2013-09-21,0.0,34.32,23.91,96.6,60.63
2013-09-22,0.0,35.88,25.24,96.56,55.46
2013-09-23,0.0,35.15,24.19,96.81,59.34
2013-09-24,0.0,34.24,25.73,97.5,63.94
2013-09-25,0.0,35.24,25.59,97.95,60.31
2013-09-26,4.07,36.04,25.77,97.83,59.71
2013-09-27,1.46,33.34,23.32,98.49,63.31
2013-09-28,0.0,32.45,23.51,96.06,62.81
2013-09-29,0.0,34.31,24.52,98.7,64.67
2013-09-30,0.0,35.24,24.23,98.06,61.3
2013-10-01,0.0,35.24,25.75,98.0,62.71
2013-10-02,0.0,36.64,25.16,96.78,53.3
2013-10-03,0.0,36.65,24.46,96.95,41.73
2013-10-04,0.0,34.95,23.31,97.53,51.81
2013-10-05,0.27,36.28,23.27,95.71,48.77
2013-10-06,11.99,36.49,23.38,97.5,51.25
2013-10-07,7.33,32.0,22.32,99.13,66.03
2013-10-08,0.0,34.17,24.07,98.61,63.98
2013-10-09,0.0,33.85,24.77,97.77,60.38
2013-10-10,0.0,34.55,23.24,97.51,51.57
2013-10-11,2.07,35.59,23.02,96.94,49.6
2013-10-12,0.1,34.14,23.41,99.18,56.54
2013-10-13,2.0,35.51,25.11,98.36,58.45
2013-10-14,0.79,35.06,23.61,97.94,57.35
2013-10-15,0.0,36.37,24.57,98.81,54.27
2013-10-16,0.0,35.95,25.04,97.53,55.45
2013-10-17,0.0,35.58,23.99,95.63,55.72
2013-10-18,0.0,33.37,25.09,98.25,61.43
2013-10-19,0.43,36.54,25.94,97.58,42.48
2013-10-20,0.35,37.65,24.82,96.57,46.21
2013-10-21,0.0,35.04,24.25,97.82,57.29
2013-10-22,0.11,34.98,23.87,97.68,54.74
2013-10-23,0.13,34.73,24.0,97.03,59.78
2013-10-24,0.0,37.39,22.51,95.24,42.25
2013-10-25,0.0,37.37,22.85,94.08,38.8
2013-10-26,0.0,33.82,24.21,94.21,53.75
2013-10-27,0.0,35.95,23.02,96.88,41.4
2013-10-28,0.0,33.07,23.44,96.03,56.22
2013-10-29,0.0,31.83,24.28,95.18,58.05
2013-10-30,0.0,35.76,22.98,92.2,36.99
2013-10-31,0.0,34.73,23.5,93.6,38.44
2013-11-01,0.11,34.76,23.41,90.14,31.94
2013-11-02,0.0,32.32,22.4,85.54,46.3
2013-11-03,0.0,34.71,22.57,81.92,36.49
2013-11-04,0.0,37.67,20.13,87.46,29.88
2013-11-05,0.0,38.97,21.04,96.01,28.46
2013-11-06,0.0,39.52,18.91,87.07,21.13
2013-11-07,0.0,38.62,18.86,85.82,24.95
2013-11-08,0.0,38.73,16.96,89.82,20.97
2013-11-09,0.0,38.32,19.56,92.9,26.28
2013-11-10,0.0,39.73,19.3,92.06,14.58
2013-11-11,0.0,39.91,18.75,73.29,14.92
2013-11-12,0.0,39.83,17.95,83.69,18.21
2013-11-13,0.0,37.7,18.13,94.6,26.31
2013-11-14,0.0,37.2,19.52,99.14,27.74
2013-11-15,0.0,37.04,19.4,96.2,25.84
2013-11-16,0.0,33.36,19.76,95.54,44.77
2013-11-17,0.0,32.71,22.25,75.63,33.52
2013-11-18,0.0,32.61,21.44,88.61,36.41
2013-11-19,0.0,34.64,19.78,89.11,22.85
2013-11-20,0.91,31.97,21.68,72.24,25.9
2013-11-21,1.02,25.92,20.0,88.37,45.05
2013-11-22,0.0,32.27,18.49,84.86,32.98
2013-11-23,0.0,32.98,19.28,83.39,31.02
2013-11-24,0.0,35.18,18.56,87.37,31.42
2013-11-25,0.0,35.19,18.1,91.45,29.54
2013-11-26,0.0,33.45,18.6,95.78,38.03
2013-11-27,0.0,33.63,17.91,98.49,39.9
2013-11-28,0.0,35.66,18.69,97.2,30.9
2013-11-29,0.0,38.99,19.4,76.85,19.64
2013-11-30,0.0,39.32,20.26,79.97,18.05
2013-12-01,0.0,37.13,19.73,80.95,32.75
2013-12-02,0.0,38.09,19.67,97.81,29.27
2013-12-03,0.0,37.58,20.9,98.01,30.51
2013-12-04,0.0,38.21,20.75,97.15,29.38
2013-12-05,0.0,37.94,20.52,96.57,26.91
2013-12-06,0.0,38.08,20.42,83.3,20.1
2013-12-07,0.0,38.37,18.77,82.94,19.67
2013-12-08,0.0,37.61,18.74,81.82,23.53
2013-12-09,0.0,36.96,18.15,76.43,19.7
2013-12-10,0.0,36.3,16.75,77.41,21.54
2013-12-11,0.0,34.02,18.11,60.36,16.04
2013-12-12,0.0,34.01,16.05,81.96,18.29
2013-12-13,0.0,31.2,16.26,97.69,39.9
2013-12-14,0.0,31.53,16.71,97.87,25.37
2013-12-15,0.0,30.7,16.67,97.45,28.1
2013-12-16,0.0,31.04,16.02,96.39,30.07
2013-12-17,0.04,32.25,19.05,69.95,24.04
2013-12-18,0.03,31.3,18.79,87.88,29.82
2013-12-19,0.0,30.73,18.1,66.93,17.13
2013-12-20,0.0,31.51,19.6,39.6,18.54
2013-12-21,0.0,32.21,15.43,49.5,16.38
2013-12-22,0.0,32.44,15.52,53.11,18.73
2013-12-23,0.0,31.28,14.46,51.01,17.37
2013-12-24,0.0,31.26,14.61,52.49,20.23
2013-12-25,0.01,32.3,15.93,50.71,19.02
2013-12-26,0.0,30.24,18.64,43.93,17.79
2013-12-27,0.0,34.09,17.61,54.52,18.27
2013-12-28,0.0,35.36,15.61,67.49,19.41
2013-12-29,0.0,34.69,15.89,83.31,21.88
2013-12-30,0.0,30.0,15.51,96.89,34.39
2013-12-31,0.0,31.95,13.32,97.82,25.62
2014-01-01,0.0,32.24,16.14,75.15,17.4
2014-01-02,0.0,33.46,15.85,46.1,18.41
2014-01-03,0.0,33.57,17.12,47.69,17.63
2014-01-04,0.0,34.06,18.99,45.71,15.89
2014-01-05,0.0,32.71,17.8,45.37,15.84
2014-01-06,0.0,33.28,14.38,52.63,15.99
2014-01-07,0.0,32.88,14.75,59.73,16.14
2014-01-08,0.0,34.08,17.25,49.39,17.27
2014-01-09,0.0,31.45,17.78,74.32,29.26
2014-01-10,0.0,29.42,16.41,85.0,39.04
2014-01-11,0.0,31.59,15.98,91.11,31.33
2014-01-12,0.0,34.7,17.21,94.31,25.16
2014-01-13,0.0,39.07,18.49,72.6,14.08
2014-01-14,0.0,38.2,18.95,51.41,12.99
2014-01-15,0.0,37.09,17.95,52.54,15.2
2014-01-16,0.0,34.53,17.23,74.99,18.49
2014-01-17,0.0,32.02,16.32,96.34,31.13
2014-01-18,0.0,32.6,15.09,94.65,31.25
2014-01-19,0.0,32.55,14.85,92.63,25.4
2014-01-20,0.0,33.46,14.17,88.6,18.54
2014-01-21,0.0,33.83,14.67,72.7,19.79
2014-01-22,0.0,32.9,17.13,80.88,21.42
2014-01-23,0.0,32.64,16.95,89.1,19.23
2014-01-24,0.0,32.18,15.77,77.77,25.11
2014-01-25,0.0,28.54,16.53,87.18,33.4
2014-01-26,0.0,32.63,16.97,83.61,28.37
2014-01-27,0.0,35.17,16.47,80.16,21.44
2014-01-28,0.0,36.25,16.11,52.27,18.96
2014-01-29,0.0,35.36,17.86,66.81,24.56
2014-01-30,0.0,34.25,17.89,78.72,26.44
2014-01-31,0.0,33.36,18.21,58.35,18.41
2014-02-01,0.0,31.81,14.64,48.18,16.53
2014-02-02,0.0,33.45,13.99,48.59,13.06
2014-02-03,0.0,34.31,14.44,60.46,15.79
2014-02-04,0.0,34.89,15.03,64.42,18.77
2014-02-05,0.0,35.86,15.69,64.04,11.49
2014-02-06,0.0,36.72,16.49,51.25,11.76
2014-02-07,0.0,36.49,17.51,46.05,11.4
2014-02-08,0.0,37.49,17.65,42.77,9.41
2014-02-09,0.0,36.91,17.09,44.93,8.66
2014-02-10,0.0,37.06,15.04,55.4,10.79
2014-02-11,0.0,36.31,16.52,56.59,9.87
2014-02-12,0.0,37.12,15.94,61.68,9.6
2014-02-13,0.0,37.11,16.49,46.4,9.42
2014-02-14,0.0,37.8,17.44,34.66,8.17
2014-02-15,0.0,35.32,17.2,88.51,16.79
2014-02-16,0.0,27.14,15.1,91.23,24.59
2014-02-17,0.0,27.89,13.31,93.25,27.49
2014-02-18,0.0,31.84,13.33,75.68,16.53
2014-02-19,0.0,32.28,16.36,67.66,17.96
2014-02-20,0.0,34.36,16.38,60.76,14.83
2014-02-21,0.0,36.37,14.75,68.61,11.62
2014-02-22,0.0,36.97,16.83,49.54,12.63
2014-02-23,0.0,37.0,16.75,57.6,13.66
2014-02-24,0.0,36.65,16.39,66.91,11.75
2014-02-25,0.0,36.41,15.55,64.76,10.18
2014-02-26,0.0,36.87,16.67,45.82,9.2
2014-02-27,0.0,36.37,16.81,41.62,8.1
2014-02-28,0.0,34.95,22.88,24.85,10.64
2014-03-01,0.0,35.68,19.99,22.86,9.03
2014-03-02,0.0,35.31,17.85,39.94,11.45
2014-03-03,0.0,36.35,16.22,49.72,9.41
2014-03-04,0.0,37.41,15.2,77.82,9.56
2014-03-05,0.0,35.81,15.91,93.32,21.59
2014-03-06,0.0,33.63,14.88,97.42,24.93
2014-03-07,0.0,30.72,17.37,95.67,31.54
2014-03-08,0.0,28.02,17.3,94.81,40.16
2014-03-09,0.0,32.39,16.09,88.76,30.09
2014-03-10,0.0,31.95,17.14,90.61,31.76
2014-03-11,0.0,30.75,16.48,94.13,35.96
2014-03-12,0.0,33.09,16.02,90.62,28.51
2014-03-13,0.0,36.59,18.17,80.42,19.08
2014-03-14,0.0,40.56,19.75,60.62,10.97
2014-03-15,0.0,41.63,20.76,48.2,9.85
2014-03-16,0.0,42.09,21.95,36.56,9.77
2014-03-17,0.0,40.65,21.23,45.46,11.24
2014-03-18,0.0,39.66,19.13,54.33,11.04
2014-03-19,0.0,39.16,17.97,61.58,11.19
2014-03-20,0.0,39.81,18.88,64.54,10.94
2014-03-21,0.0,40.7,18.68,55.08,9.01
2014-03-22,0.0,39.83,18.75,52.45,11.19
2014-03-23,0.0,35.9,20.07,67.28,15.81
2014-03-24,0.0,38.23,16.89,82.82,15.84
2014-03-25,0.0,39.3,17.32,89.22,15.1
2014-03-26,0.0,40.33,17.75,90.77,13.89
2014-03-27,0.0,40.56,19.14,90.03,10.8
2014-03-28,0.0,36.28,17.86,93.12,25.9
2014-03-29,0.0,33.75,16.94,95.41,21.57
2014-03-30,0.0,34.56,15.58,95.64,24.04
2014-03-31,0.0,36.0,17.29,93.93,22.25
2014-04-01,0.0,35.24,17.68,94.46,23.15
2014-04-02,0.0,34.75,17.14,89.77,25.05
2014-04-03,0.0,36.81,18.2,85.71,22.04
2014-04-04,0.0,41.58,21.15,67.77,14.47
2014-04-05,0.0,42.62,21.86,57.41,14.54
2014-04-06,0.0,40.63,20.97,53.87,13.75
2014-04-07,0.0,33.91,18.17,88.4,25.3
2014-04-08,0.0,32.8,15.52,97.36,30.92
2014-04-09,0.0,33.72,16.19,97.21,31.57
2014-04-10,0.0,34.25,15.52,96.68,28.04
2014-04-11,0.0,36.18,16.03,96.82,26.99
2014-04-12,0.0,32.79,18.07,98.85,30.19
2014-04-13,0.0,37.46,17.99,95.24,24.08
2014-04-14,0.0,39.63,19.71,82.25,23.5
2014-04-15,0.0,40.82,21.52,64.36,20.61
2014-04-16,0.0,42.49,21.48,67.54,14.98
2014-04-17,0.0,43.33,21.07,76.62,13.17
2014-04-18,0.0,44.21,21.04,75.6,11.97
2014-04-19,0.0,43.46,21.61,75.26,13.01
2014-04-20,0.0,42.65,21.22,73.77,15.09
2014-04-21,0.0,42.39,22.0,69.84,18.25
2014-04-22,0.0,42.29,20.88,67.29,18.42
2014-04-23,0.0,42.04,20.28,72.2,18.77
2014-04-24,0.0,39.77,21.73,71.05,23.9
2014-04-25,0.0,44.49,20.86,74.48,12.58
2014-04-26,0.0,44.48,21.7,64.93,9.97
2014-04-27,0.0,41.89,19.58,78.92,15.23
2014-04-28,0.0,40.98,19.15,92.31,21.61
2014-04-29,0.0,39.73,19.9,92.36,25.73
2014-04-30,0.0,36.51,19.51,97.34,30.15
2014-05-01,0.0,35.11,18.55,98.17,34.35
2014-05-02,0.0,34.68,18.7,95.89,31.71
2014-05-03,0.0,35.24,19.13,94.99,31.63
2014-05-04,0.0,32.65,18.95,95.08,38.92
2014-05-05,0.0,32.81,19.17,93.5,35.35
2014-05-06,0.0,33.5,19.4,91.43,34.24
2014-05-07,0.0,35.71,19.23,93.53,29.75
2014-05-08,0.0,36.45,19.27,96.61,31.11
2014-05-09,0.0,37.09,20.33,94.58,31.9
2014-05-10,0.0,38.52,19.86,95.66,26.66
2014-05-11,0.0,38.24,20.12,96.08,30.64
2014-05-12,0.0,35.01,21.27,94.83,41.02
2014-05-13,0.0,37.86,19.93,97.59,26.99
2014-05-14,0.0,35.13,19.77,97.53,36.88
2014-05-15,0.0,35.78,21.0,93.29,36.68
2014-05-16,0.0,37.57,20.4,95.45,34.59
2014-05-17,0.0,36.98,21.12,96.02,33.72
2014-05-18,0.0,35.59,20.65,94.9,33.95
2014-05-19,0.0,35.33,20.32,92.65,40.51
2014-05-20,0.0,36.92,21.54,90.3,35.63
2014-05-21,0.0,35.19,23.52,76.59,35.61
2014-05-22,0.0,40.85,22.18,74.52,22.21
2014-05-23,0.0,38.96,21.89,75.72,26.56
2014-05-24,0.0,39.73,21.57,79.83,25.47
2014-05-25,0.0,37.4,21.01,86.63,32.66
2014-05-26,0.0,34.63,22.92,89.04,40.55
2014-05-27,0.0,36.24,20.95,92.39,38.4
2014-05-28,0.0,43.13,23.13,83.67,20.65
2014-05-29,0.0,44.39,25.89,59.74,11.05
2014-05-30,0.0,40.65,22.94,72.38,23.89
2014-05-31,0.0,39.64,23.96,78.37,31.39
2014-06-01,0.0,36.82,24.72,83.21,40.76
2014-06-02,0.76,38.37,23.52,95.41,39.6
2014-06-03,0.0,36.87,24.15,94.93,35.58
2014-06-04,0.0,37.77,21.81,94.05,34.54
2014-06-05,0.0,37.09,23.55,86.69,34.66
2014-06-06,0.0,37.69,24.7,90.9,35.55
2014-06-07,0.0,38.08,23.72,88.44,37.88
2014-06-08,0.0,39.1,25.36,82.24,39.57
2014-06-09,0.0,37.88,24.17,87.8,34.51
2014-06-10,0.0,36.38,24.07,89.27,44.45
2014-06-11,0.0,36.1,25.63,91.4,47.45
2014-06-12,0.0,35.25,23.61,92.33,47.43
2014-06-13,0.0,38.78,23.57,91.66,31.91
2014-06-14,0.0,38.55,23.76,94.28,32.64
2014-06-15,0.0,37.43,23.8,90.91,34.11
2014-06-16,0.0,36.92,23.61,93.76,39.71
2014-06-17,0.0,39.96,22.44,95.72,33.91
2014-06-18,0.0,37.8,23.83,90.55,40.42
2014-06-19,0.0,38.21,23.07,96.65,34.09
2014-06-20,0.0,37.42,23.2,96.94,41.99
2014-06-21,0.0,38.43,24.19,91.78,40.73
2014-06-22,0.0,39.7,23.85,96.06,34.01
2014-06-23,0.0,38.99,26.27,87.84,41.65
2014-06-24,0.0,37.54,26.58,91.21,47.37
2014-06-25,0.0,36.99,26.0,91.06,43.9
2014-06-26,0.0,36.68,24.21,93.31,39.89
2014-06-27,0.0,37.31,24.43,95.57,39.29
2014-06-28,0.35,36.44,23.63,96.02,39.97
2014-06-29,0.0,35.98,24.52,90.41,43.89
2014-06-30,0.0,37.22,24.1,91.71,44.94
2014-07-01,0.04,34.04,23.97,93.95,50.98
2014-07-02,0.05,35.71,25.19,93.61,49.23
2014-07-03,0.12,36.11,25.12,88.89,46.58
2014-07-04,3.73,34.86,25.78,95.49,54.33
2014-07-05,0.01,36.07,24.97,94.84,49.66
2014-07-06,0.0,37.44,25.34,89.45,38.28
2014-07-07,0.0,36.64,25.91,87.66,47.37
2014-07-08,0.0,36.06,25.53,86.0,45.3
2014-07-09,0.0,35.03,25.86,83.78,47.64
2014-07-10,0.0,35.97,25.8,86.88,47.07
2014-07-11,0.0,37.45,26.16,87.03,42.97
2014-07-12,0.0,38.82,25.52,83.91,37.01
2014-07-13,0.0,37.26,26.49,86.36,46.46
2014-07-14,0.0,37.02,25.74,87.33,38.23
2014-07-15,0.03,36.45,26.21,86.09,46.66
2014-07-16,2.11,36.99,25.56,88.98,46.11
2014-07-17,0.07,34.37,23.78,89.64,52.04
2014-07-18,0.0,35.32,25.54,87.6,39.64
2014-07-19,0.0,35.88,23.1,91.41,39.96
2014-07-20,0.0,36.63,24.56,82.5,41.33
2014-07-21,0.0,37.54,25.73,89.05,42.67
2014-07-22,0.0,35.44,25.66,88.84,47.82
2014-07-23,0.08,35.5,25.69,88.94,50.33
2014-07-24,0.0,35.86,24.98,90.66,46.9
2014-07-25,0.0,36.94,25.17,87.07,45.08
2014-07-26,0.0,37.2,26.08,86.31,46.96
2014-07-27,0.0,37.64,25.99,93.8,34.81
2014-07-28,0.0,39.19,24.8,95.09,38.73
2014-07-29,0.0,36.85,26.86,91.6,48.07
2014-07-30,0.0,35.75,26.45,88.82,46.83
2014-07-31,0.16,36.77,24.42,89.94,42.06
2014-08-01,0.0,37.85,25.34,82.73,42.24
2014-08-02,0.0,37.06,25.64,89.16,42.74
2014-08-03,0.0,36.24,24.7,81.15,44.89
2014-08-04,0.47,35.97,24.32,86.59,46.9
2014-08-05,19.72,36.72,25.6,91.85,47.98
2014-08-06,4.01,31.63,23.68,95.24,65.58
2014-08-07,0.03,34.84,25.47,94.5,58.78
2014-08-08,0.0,35.3,26.03,94.73,55.21
2014-08-09,0.21,35.0,25.71,91.01,53.17
2014-08-10,0.09,36.24,26.13,94.42,53.3
2014-08-11,1.6,33.9,26.05,97.1,61.92
2014-08-12,0.0,34.9,26.3,92.36,54.8
2014-08-13,2.54,35.21,24.38,92.49,52.06
2014-08-14,9.73,33.2,22.33,97.24,62.45
2014-08-15,0.42,31.36,24.42,93.71,67.41
2014-08-16,0.0,33.49,24.98,94.25,58.66
2014-08-17,0.77,34.58,25.28,95.85,56.47
2014-08-18,9.05,30.22,22.57,98.37,74.68
2014-08-19,12.02,30.44,24.99,98.39,76.2
2014-08-20,1.38,33.82,24.24,98.29,61.35
2014-08-21,0.12,34.02,25.1,98.47,57.21
2014-08-22,0.7,35.17,25.3,98.93,58.14
2014-08-23,1.12,31.9,24.69,97.6,67.45
2014-08-24,0.0,33.03,24.35,97.07,63.04
2014-08-25,6.55,34.5,24.89,98.87,58.91
2014-08-26,2.31,34.02,25.83,97.15,65.93
2014-08-27,26.85,35.77,22.43,99.17,58.02
2014-08-28,0.23,33.44,22.55,99.4,68.15
2014-08-29,0.0,33.7,25.59,97.76,64.54
2014-08-30,0.0,34.27,25.4,97.76,61.8
2014-08-31,25.57,33.7,25.15,98.66,64.4
2014-09-01,0.0,33.14,23.34,98.35,66.36
2014-09-02,0.0,33.88,25.18,97.15,59.42
2014-09-03,0.0,34.4,24.79,96.48,59.33
2014-09-04,0.0,32.46,24.67,96.73,62.77
2014-09-05,0.0,34.63,24.89,96.97,58.87
2014-09-06,0.0,33.78,25.76,92.39,62.16
2014-09-07,0.0,35.46,25.94,95.33,60.16
2014-09-08,1.12,33.39,25.28,97.53,61.06
2014-09-09,9.41,34.63,24.72,97.98,59.55
2014-09-10,17.28,35.21,23.47,98.62,61.44
2014-09-11,0.01,34.17,22.6,99.36,62.86
2014-09-12,0.0,31.93,23.32,97.13,71.15
2014-09-13,0.0,34.83,23.44,96.55,53.48
2014-09-14,0.0,34.47,25.79,96.26,62.29
2014-09-15,14.45,33.83,25.27,97.6,62.0
2014-09-16,1.38,32.93,22.77,98.85,67.47
2014-09-17,1.4,32.55,24.1,97.38,60.62
2014-09-18,3.54,33.8,23.98,98.61,60.12
2014-09-19,5.74,29.84,23.18,98.22,76.49
2014-09-20,7.11,31.38,23.17,98.15,69.42
2014-09-21,4.81,33.24,24.03,98.16,63.96
2014-09-22,17.96,30.55,22.46,99.24,76.37
2014-09-23,0.0,33.87,22.6,98.64,64.58
2014-09-24,0.96,32.5,24.82,98.8,67.88
2014-09-25,1.55,33.66,24.93,97.32,63.87
2014-09-26,0.0,33.75,24.97,99.33,61.81
2014-09-27,0.0,35.04,23.99,96.93,59.23
2014-09-28,0.0,35.39,25.08,97.21,56.1
2014-09-29,0.0,35.89,25.33,97.29,59.42
2014-09-30,0.0,35.48,26.0,96.61,59.2
2014-10-01,0.0,35.06,25.06,99.48,54.28
2014-10-02,0.0,36.07,23.93,98.55,45.6
2014-10-03,0.01,35.14,24.83,98.43,53.74
2014-10-04,0.72,35.93,24.98,97.41,56.67
2014-10-05,0.0,36.61,25.71,97.84,53.0
2014-10-06,0.31,36.27,25.99,96.86,56.27
2014-10-07,0.19,34.96,24.66,97.86,60.49
2014-10-08,0.0,34.79,22.93,96.9,57.93
2014-10-09,8.31,36.6,23.51,99.15,51.8
2014-10-10,0.04,35.42,23.81,98.99,55.51
2014-10-11,0.0,36.88,25.05,98.83,50.5
2014-10-12,0.0,35.87,25.79,97.33,56.92
2014-10-13,0.0,36.44,23.61,98.61,53.09
2014-10-14,0.0,37.22,24.35,98.13,46.15
2014-10-15,0.15,36.57,25.0,97.63,48.66
2014-10-16,0.0,37.61,25.17,98.36,43.15
2014-10-17,0.0,37.48,24.92,96.0,43.28
2014-10-18,0.0,38.67,24.09,95.77,37.08
2014-10-19,0.0,37.05,25.2,96.85,47.39
2014-10-20,0.15,37.3,24.16,98.8,46.6
2014-10-21,0.02,35.94,23.7,97.53,40.63
2014-10-22,0.0,39.25,25.04,95.93,36.03
2014-10-23,0.0,37.3,25.54,98.34,47.41
2014-10-24,0.0,37.34,24.9,97.82,43.02
2014-10-25,0.0,37.58,23.65,98.6,34.52
2014-10-26,0.0,38.86,23.15,98.74,29.8
2014-10-27,0.0,36.46,24.43,98.57,44.07
2014-10-28,0.0,39.13,23.6,98.38,27.53
2014-10-29,0.0,36.17,23.52,97.17,37.56
2014-10-30,0.0,35.06,22.28,98.02,46.24
2014-10-31,0.0,35.84,22.07,96.62,44.74
2014-11-01,0.0,36.35,22.17,97.83,41.36
2014-11-02,0.0,37.27,22.67,96.5,35.75
2014-11-03,0.0,37.72,22.11,97.44,35.1
2014-11-04,0.0,37.28,22.63,97.34,35.23
2014-11-05,0.0,37.13,23.16,99.06,39.05
2014-11-06,0.0,37.05,21.6,97.82,38.4
2014-11-07,0.0,39.41,21.45,98.02,27.51
2014-11-08,0.0,40.09,22.77,91.24,22.23
2014-11-09,0.0,38.95,22.98,84.81,22.62
2014-11-10,0.0,38.85,21.08,92.12,21.2
2014-11-11,0.0,37.33,18.22,85.98,20.16
2014-11-12,0.0,38.31,16.39,89.39,19.5
2014-11-13,0.0,38.94,18.7,78.2,17.59
2014-11-14,0.0,40.2,19.74,75.75,15.64
2014-11-15,0.0,40.45,20.31,76.67,13.29
2014-11-16,0.0,39.43,20.55,80.47,18.45
2014-11-17,0.0,36.18,20.72,96.97,31.33
2014-11-18,0.0,35.4,20.72,98.32,36.59
2014-11-19,0.0,34.7,19.8,97.52,38.27
2014-11-20,0.0,31.04,21.85,91.39,47.67
2014-11-21,0.0,34.65,20.22,98.85,39.09
2014-11-22,0.0,32.79,21.3,96.31,47.26
2014-11-23,0.0,29.98,20.92,93.43,49.11
2014-11-24,0.0,32.31,21.02,92.49,36.69
2014-11-25,0.0,36.44,22.04,74.69,31.1
2014-11-26,0.0,37.63,21.57,70.17,24.77
2014-11-27,0.0,34.83,20.7,79.05,30.33
2014-11-28,0.0,33.68,18.51,93.09,34.67
2014-11-29,0.0,31.54,17.46,98.49,51.46
2014-11-30,0.0,32.55,17.15,97.43,47.92
2014-12-01,0.0,30.97,18.2,94.54,49.86
2014-12-02,0.0,31.56,19.83,87.4,44.27
2014-12-03,0.0,33.07,20.67,83.12,38.6
2014-12-04,0.0,36.6,20.5,80.32,30.28
2014-12-05,0.0,37.16,22.24,69.42,29.43
2014-12-06,0.0,36.8,21.95,73.25,28.33
2014-12-07,0.0,34.15,20.15,74.21,31.47
2014-12-08,0.0,35.37,21.37,78.31,30.39
2014-12-09,0.0,37.06,20.65,57.25,20.16
2014-12-10,0.0,36.82,19.77,44.53,17.19
2014-12-11,0.0,35.38,18.36,38.48,14.61
2014-12-12,0.0,31.8,18.09,35.17,13.21
2014-12-13,0.0,31.61,15.94,39.18,12.83
2014-12-14,0.0,32.19,17.75,50.13,11.52
2014-12-15,0.0,31.59,18.7,49.34,14.78
2014-12-16,0.0,31.66,18.76,46.38,18.59
2014-12-17,0.0,32.24,16.25,54.31,16.9
2014-12-18,0.0,34.16,15.64,53.89,13.91
2014-12-19,0.0,34.37,18.59,35.24,12.9
2014-12-20,0.0,33.59,18.11,39.08,15.46
2014-12-21,0.0,33.65,16.89,52.99,15.47
2014-12-22,0.0,33.23,17.34,63.12,18.13
2014-12-23,0.0,30.85,18.77,61.74,22.48
2014-12-24,0.0,38.25,16.73,67.69,15.19
2014-12-25,0.0,39.05,19.81,54.91,12.24
2014-12-26,0.0,38.01,20.12,38.8,12.53
2014-12-27,0.0,33.84,20.05,36.55,16.04
2014-12-28,0.0,29.78,16.35,34.09,14.45
2014-12-29,0.0,29.6,13.88,35.13,14.65
2014-12-30,0.0,31.8,12.08,61.68,12.12
2014-12-31,0.0,32.25,12.32,74.37,13.09
2015-01-01,0.0,31.85,15.86,68.61,15.34
2015-01-02,0.0,31.03,16.88,30.28,12.62
2015-01-03,0.0,31.57,15.83,32.69,14.29
2015-01-04,0.0,31.69,19.28,28.69,11.94
2015-01-05,0.0,31.84,19.44,29.34,13.07
2015-01-06,0.0,33.37,16.28,43.61,11.93
2015-01-07,0.0,33.62,16.49,45.49,11.56
2015-01-08,0.0,30.35,17.57,53.03,12.08
2015-01-09,0.0,32.48,16.31,54.15,13.52
2015-01-10,0.0,34.21,16.51,68.19,15.27
2015-01-11,0.0,30.37,18.2,75.1,15.95
2015-01-12,0.0,32.16,18.4,63.85,15.51
2015-01-13,0.0,31.38,17.67,63.89,18.54
2015-01-14,0.0,34.5,16.68,70.99,15.12
2015-01-15,0.0,34.98,17.49,66.07,13.3
2015-01-16,0.0,34.92,16.08,62.41,13.14
2015-01-17,0.0,35.03,15.69,57.41,13.13
2015-01-18,0.0,34.09,16.38,54.33,15.53
2015-01-19,0.0,34.25,15.49,63.21,13.28
2015-01-20,0.0,33.59,15.15,70.58,18.65
2015-01-21,0.0,31.33,15.15,75.51,23.23
2015-01-22,0.0,30.34,17.49,70.87,25.4
2015-01-23,0.0,35.05,21.26,50.85,19.88
2015-01-24,0.0,33.45,19.57,53.5,19.88
2015-01-25,0.0,34.48,16.35,73.25,17.91
2015-01-26,0.0,34.66,15.91,61.0,10.06
2015-01-27,0.0,33.87,18.15,29.28,9.0
2015-01-28,0.0,32.63,19.84,23.45,9.55
2015-01-29,0.0,33.4,17.84,26.47,8.84
2015-01-30,0.0,33.73,17.57,31.49,10.43
2015-01-31,0.0,34.05,17.28,40.0,11.7
2015-02-01,0.0,32.69,15.89,69.53,16.54
2015-02-02,0.0,31.66,15.73,89.58,33.68
2015-02-03,0.0,32.06,16.22,91.57,31.02
2015-02-04,0.0,32.86,15.62,88.1,26.23
2015-02-05,0.0,33.32,17.36,83.29,24.84
2015-02-06,0.0,36.28,18.07,76.8,21.17
2015-02-07,0.0,37.43,17.89,77.2,16.97
2015-02-08,0.0,35.45,18.2,80.37,24.35
2015-02-09,0.0,32.89,17.34,87.57,29.49
2015-02-10,0.0,33.01,17.08,90.99,31.92
2015-02-11,0.0,32.98,16.6,94.74,32.44
2015-02-12,0.1,34.95,16.62,93.7,28.58
2015-02-13,0.0,34.61,19.04,85.21,25.01
2015-02-14,0.0,34.77,19.77,76.08,19.62
2015-02-15,0.0,36.49,20.55,56.38,16.27
2015-02-16,0.0,37.32,22.63,46.94,15.45
2015-02-17,0.0,36.58,21.8,55.03,23.26
2015-02-18,0.02,34.56,20.13,65.59,25.32
2015-02-19,0.0,31.03,17.85,77.34,30.62
2015-02-20,0.0,28.6,15.14,74.66,27.59
2015-02-21,0.0,29.92,15.23,80.37,23.77
2015-02-22,0.0,32.25,15.01,72.58,19.43
2015-02-23,0.0,35.83,15.58,67.84,16.67
2015-02-24,0.0,38.16,16.38,67.91,16.73
2015-02-25,0.0,37.81,17.53,61.26,14.67
2015-02-26,0.0,37.47,16.49,62.73,11.19
2015-02-27,0.0,34.48,22.69,21.52,8.77
2015-02-28,0.0,34.88,21.29,26.15,10.88
2015-03-01,0.0,36.14,18.04,37.11,12.49
2015-03-02,0.0,37.6,15.94,46.62,10.3
2015-03-03,0.0,37.43,20.45,35.5,12.44
2015-03-04,0.0,39.0,19.52,40.15,10.9
2015-03-05,0.0,37.82,17.91,77.96,15.04
2015-03-06,0.0,37.59,16.97,92.95,16.84
2015-03-07,0.0,37.58,17.34,95.29,21.37
2015-03-08,0.0,33.06,18.03,96.1,37.0
2015-03-09,0.0,28.1,17.26,94.76,45.99
2015-03-10,0.0,31.38,15.5,96.64,32.06
2015-03-11,0.0,35.5,15.93,94.75,24.86
2015-03-12,0.0,39.78,18.7,66.09,15.98
2015-03-13,0.0,42.08,23.33,38.2,11.49
2015-03-14,0.0,40.32,23.6,44.05,13.1
2015-03-15,0.0,39.39,22.15,44.53,11.96
2015-03-16,0.0,36.42,18.47,71.15,24.79
2015-03-17,0.0,36.51,17.87,83.1,28.05
2015-03-18,0.0,35.76,19.53,87.0,27.2
2015-03-19,0.0,35.3,18.45,85.73,28.74
2015-03-20,0.0,33.73,16.89,90.75,30.94
2015-03-21,0.0,32.43,17.31,90.62,32.02
2015-03-22,0.0,29.62,16.8,95.1,42.65
2015-03-23,0.0,29.42,16.31,90.71,41.85
2015-03-24,0.0,31.34,15.19,87.62,23.6
2015-03-25,0.0,33.81,15.31,92.76,18.74
2015-03-26,0.0,37.56,18.88,62.02,14.83
2015-03-27,0.0,40.04,17.62,63.9,11.99
2015-03-28,0.0,41.64,19.26,55.66,10.9
2015-03-29,0.0,39.49,22.78,34.73,9.87
2015-03-30,0.0,38.27,22.68,29.38,9.79
2015-03-31,0.0,39.33,22.83,29.22,10.31
2015-04-01,0.0,40.35,20.24,47.65,9.76
2015-04-02,0.0,40.94,20.97,63.29,12.68
2015-04-03,0.0,40.4,21.89,71.31,13.09
2015-04-04,0.0,35.59,20.82,78.49,28.55
2015-04-05,0.0,35.58,19.19,87.7,30.15
2015-04-06,0.0,35.24,18.75,87.18,31.31
2015-04-07,0.0,36.35,18.19,86.35,27.41
2015-04-08,0.0,38.74,18.86,81.22,21.89
2015-04-09,0.0,39.77,19.64,75.38,18.71
2015-04-10,0.0,42.46,23.32,58.86,15.4
2015-04-11,0.0,43.57,21.32,65.27,12.7
2015-04-12,0.0,43.46,20.41,70.05,14.41
2015-04-13,0.0,41.41,20.81,69.09,16.3
2015-04-14,0.0,34.11,20.67,76.76,35.82
2015-04-15,0.0,37.4,20.1,80.07,28.98
2015-04-16,0.0,36.52,19.96,83.27,31.81
2015-04-17,0.0,35.8,18.98,95.21,34.13
2015-04-18,0.0,35.81,19.18,95.6,30.45
2015-04-19,0.0,36.83,19.37,91.79,26.83
2015-04-20,0.0,35.36,18.56,92.13,35.8
2015-04-21,0.0,35.74,18.99,93.67,33.63
2015-04-22,0.0,36.57,19.52,89.73,31.22
2015-04-23,0.0,40.43,20.7,79.79,22.51
2015-04-24,0.0,41.38,19.48,84.68,21.45
2015-04-25,0.0,38.62,19.5,83.87,26.18
2015-04-26,0.0,37.43,19.69,92.7,31.44
2015-04-27,0.0,34.03,18.83,93.85,42.04
2015-04-28,0.0,34.12,19.24,91.95,40.92
2015-04-29,0.0,37.06,19.96,92.42,32.41
2015-04-30,0.0,38.46,20.52,92.83,25.57
2015-05-01,0.0,36.24,20.84,92.6,39.1
2015-05-02,0.0,35.34,21.8,93.2,37.57
2015-05-03,0.0,37.99,21.55,92.77,31.21
2015-05-04,0.0,38.69,21.56,89.43,25.38
2015-05-05,0.0,39.23,21.32,91.99,20.48
2015-05-06,0.0,37.46,20.39,97.23,32.96
2015-05-07,0.0,34.67,21.06,96.58,37.09
2015-05-08,0.0,37.1,21.16,93.61,34.84
2015-05-09,0.0,36.51,22.44,92.26,34.95
2015-05-10,0.0,34.93,22.14,93.25,39.53
2015-05-11,0.0,34.63,21.52,89.05,41.06
2015-05-12,0.0,36.11,21.01,91.29,37.12
2015-05-13,0.0,36.45,21.5,94.04,34.61
2015-05-14,0.0,37.98,21.7,94.61,31.64
2015-05-15,0.0,38.98,22.47,94.5,29.28
2015-05-16,0.0,36.57,21.77,93.45,38.27
2015-05-17,0.0,35.91,22.47,94.88,38.54
2015-05-18,0.0,37.43,23.71,91.4,33.08
2015-05-19,0.0,35.31,23.06,91.98,41.81
2015-05-20,0.0,36.66,22.36,94.07,37.49
2015-05-21,0.0,38.81,22.38,96.91,31.61
2015-05-22,0.0,37.18,23.31,90.28,32.17
2015-05-23,0.0,38.74,23.44,87.66,23.35
2015-05-24,0.0,38.93,22.72,93.26,23.85
2015-05-25,0.0,38.58,21.72,92.63,24.3
2015-05-26,0.0,40.25,22.78,82.14,18.54
2015-05-27,0.0,38.32,22.7,78.4,24.45
2015-05-28,0.0,39.5,21.12,91.84,23.95
2015-05-29,0.0,38.96,21.86,92.74,28.13
2015-05-30,0.0,37.77,22.92,94.25,36.43
2015-05-31,0.0,38.75,23.22,87.97,32.92
2015-06-01,0.0,39.47,23.39,86.7,33.34
2015-06-02,0.0,35.59,24.71,89.45,43.47
2015-06-03,0.0,37.74,23.21,88.91,30.01
2015-06-04,0.0,35.17,20.86,97.21,37.36
2015-06-05,0.0,33.77,20.09,96.16,41.26
2015-06-06,0.0,35.25,20.94,92.16,39.6
2015-06-07,0.0,37.56,22.19,91.66,30.04
2015-06-08,0.0,39.84,23.07,87.37,31.51
2015-06-09,0.0,35.82,23.74,90.01,45.96
2015-06-10,0.02,36.5,24.7,91.14,41.94
2015-06-11,0.0,38.08,23.72,95.76,37.47
2015-06-12,0.0,39.36,24.12,89.71,36.54
2015-06-13,0.0,35.57,24.64,89.35,44.76
2015-06-14,0.0,34.61,25.01,85.73,46.5
2015-06-15,0.0,35.36,25.33,89.24,44.34
2015-06-16,0.0,35.26,24.76,90.36,46.58
2015-06-17,0.0,35.98,26.03,87.61,45.14
2015-06-18,0.0,35.54,24.46,90.89,43.22
2015-06-19,0.0,34.57,23.35,89.9,47.82
2015-06-20,0.0,34.47,24.09,87.75,47.34
2015-06-21,0.0,36.78,25.16,86.06,41.83
2015-06-22,0.0,37.06,25.3,91.08,38.3
2015-06-23,0.0,37.1,24.46,93.49,40.56
2015-06-24,0.0,36.75,25.32,86.4,39.01
2015-06-25,0.0,35.3,24.83,88.93,46.59
2015-06-26,0.0,35.68,23.41,91.99,40.24
2015-06-27,0.0,35.48,23.62,92.73,42.34
2015-06-28,0.0,35.87,23.67,92.11,43.29
2015-06-29,0.0,37.21,23.98,90.36,40.8
2015-06-30,0.0,37.66,25.39,90.96,41.73
2015-07-01,0.0,36.83,25.91,85.44,41.64
2015-07-02,0.0,38.73,25.65,85.95,40.37
2015-07-03,0.0,37.04,25.96,87.37,39.31
2015-07-04,0.0,36.05,25.26,88.68,47.0
2015-07-05,0.0,34.41,25.77,85.72,52.13
2015-07-06,0.0,37.03,24.58,90.58,45.62
2015-07-07,0.0,36.51,25.52,85.91,45.04
2015-07-08,0.66,36.54,25.85,90.49,45.58
2015-07-09,3.62,31.07,23.68,97.62,69.6
2015-07-10,0.07,33.65,24.38,97.06,60.65
2015-07-11,0.12,35.58,24.87,96.34,53.32
2015-07-12,6.17,36.01,25.73,97.93,51.09
2015-07-13,0.0,35.99,24.92,97.06,49.88
2015-07-14,0.9,36.68,25.39,94.88,48.4
2015-07-15,3.16,33.59,22.82,96.16,58.19
2015-07-16,0.0,36.41,25.51,94.21,46.78
2015-07-17,0.0,35.35,26.35,85.91,49.72
2015-07-18,0.0,36.86,26.56,90.84,51.5
2015-07-19,0.0,34.3,25.43,88.31,52.05
2015-07-20,0.0,36.41,25.35,90.08,46.21
2015-07-21,0.0,34.73,24.56,87.97,47.67
2015-07-22,0.0,34.23,23.92,88.89,47.18
2015-07-23,0.0,35.62,23.28,89.76,42.42
2015-07-24,0.0,35.86,24.85,88.2,48.4
2015-07-25,8.65,35.23,23.94,95.64,54.1
2015-07-26,0.0,33.59,24.11,97.56,60.87
2015-07-27,0.25,34.16,25.43,98.61,62.02
2015-07-28,0.4,32.79,25.01,98.56,67.21
2015-07-29,4.81,31.23,25.33,96.25,74.59
2015-07-30,4.71,30.19,24.65,97.92,77.6
2015-07-31,12.26,30.35,24.54,98.89,78.28
2015-08-01,10.47,31.38,25.32,98.03,75.87
2015-08-02,9.02,30.7,24.12,97.75,77.67
2015-08-03,0.39,33.8,24.33,98.41,65.63
2015-08-04,0.0,34.11,26.08,96.17,51.24
2015-08-05,0.0,33.56,25.44,95.6,60.26
2015-08-06,0.05,33.42,25.93,94.68,65.14
2015-08-07,0.0,33.09,25.99,93.1,59.13
2015-08-08,31.08,35.24,25.16,98.29,53.07
2015-08-09,23.9,31.3,23.32,99.53,75.0
2015-08-10,0.91,32.21,24.36,99.18,69.58
2015-08-11,0.59,33.3,25.38,97.86,67.04
2015-08-12,0.0,33.66,25.47,98.73,62.53
2015-08-13,0.02,34.22,25.48,98.32,65.74
2015-08-14,1.38,33.99,26.2,97.61,65.85
2015-08-15,6.52,33.96,25.61,98.74,65.4
2015-08-16,0.75,34.22,24.04,98.51,64.63
2015-08-17,18.9,29.73,22.45,99.47,79.85
2015-08-18,0.29,31.98,24.32,98.97,70.43
2015-08-19,0.96,33.46,25.48,99.03,65.46
2015-08-20,40.76,32.11,25.6,99.33,71.39
2015-08-21,0.01,33.04,24.53,99.66,69.54
2015-08-22,13.76,33.45,25.13,98.9,64.95
2015-08-23,26.57,32.48,24.49,99.63,73.49
2015-08-24,0.0,33.65,24.52,99.65,68.18
2015-08-25,13.52,34.19,23.64,99.41,67.22
2015-08-26,0.0,32.45,23.04,99.28,67.69
2015-08-27,0.32,33.82,25.01,98.49,65.42
2015-08-28,1.0,32.86,22.29,97.52,68.77
2015-08-29,4.03,32.41,25.43,97.7,62.18
2015-08-30,10.46,31.64,24.78,99.12,67.41
2015-08-31,2.46,31.05,24.41,98.13,73.65
2015-09-01,0.83,30.45,24.92,97.18,77.35
2015-09-02,0.0,33.43,25.01,99.01,68.46
2015-09-03,33.71,34.77,25.81,98.86,60.84
2015-09-04,6.27,33.09,23.39,98.58,68.61
2015-09-05,0.0,32.39,24.29,98.35,70.39
2015-09-06,40.67,32.57,24.0,99.42,72.89
2015-09-07,0.91,31.48,23.53,99.32,74.54
2015-09-08,0.0,31.9,24.49,98.15,72.47
2015-09-09,1.06,33.76,25.18,98.92,62.87
2015-09-10,6.58,30.86,22.67,99.61,73.24
2015-09-11,0.08,34.21,25.02,98.96,65.11
2015-09-12,1.68,34.78,25.13,98.41,61.9
2015-09-13,2.85,31.93,23.35,98.72,69.33
2015-09-14,0.13,34.21,25.11,99.14,65.47
2015-09-15,3.28,33.46,26.05,98.72,68.2
2015-09-16,0.0,33.08,23.38,98.19,63.65
2015-09-17,0.0,34.98,21.82,98.27,59.78
2015-09-18,0.0,33.62,23.3,98.15,63.71
2015-09-19,0.0,35.83,25.1,97.44,59.51
2015-09-20,0.0,35.03,25.85,97.63,60.8
2015-09-21,12.4,32.83,24.71,97.19,68.42
2015-09-22,5.67,32.13,24.59,98.67,69.2
2015-09-23,13.83,32.35,25.01,99.15,65.42
2015-09-24,3.19,29.94,23.61,99.54,81.85
2015-09-25,0.0,34.34,24.64,99.36,64.85
2015-09-26,11.5,35.22,26.0,98.9,62.19
2015-09-27,0.54,33.73,23.23,99.15,61.6
2015-09-28,2.2,31.14,25.16,98.36,76.88
2015-09-29,20.74,32.08,23.78,98.9,67.4
2015-09-30,0.4,31.53,23.27,97.87,70.28
2015-10-01,0.0,34.58,24.4,96.53,59.85
2015-10-02,0.0,35.8,25.97,97.58,59.5
2015-10-03,3.45,34.68,25.95,97.97,63.56
2015-10-04,0.05,34.03,23.16,96.57,66.86
2015-10-05,0.0,37.51,26.03,98.86,56.76
2015-10-06,0.14,33.19,24.94,98.34,65.21
2015-10-07,0.0,31.53,23.43,97.69,67.13
2015-10-08,0.0,34.7,25.19,97.31,59.64
2015-10-09,0.01,35.28,25.81,98.4,59.37
2015-10-10,0.0,36.05,25.81,97.51,49.31
2015-10-11,0.0,35.85,24.53,97.83,45.26
2015-10-12,0.0,36.37,24.78,98.48,45.95
2015-10-13,5.56,35.41,24.74,97.39,55.54
2015-10-14,0.22,33.66,23.97,97.78,63.72
2015-10-15,1.95,32.45,23.92,98.3,65.94
2015-10-16,0.03,34.96,24.34,96.67,58.3
2015-10-17,0.0,35.53,24.75,96.8,51.27
2015-10-18,0.0,36.35,25.82,94.0,48.9
2015-10-19,0.0,36.75,25.57,93.72,48.01
2015-10-20,0.0,32.93,24.21,91.34,56.9
2015-10-21,0.0,31.65,24.97,96.38,59.75
2015-10-22,3.59,34.45,23.87,92.8,53.85
2015-10-23,0.42,32.2,22.31,98.88,64.33
2015-10-24,0.0,35.44,23.17,97.73,54.8
2015-10-25,0.0,34.02,24.14,96.04,57.77
2015-10-26,0.0,32.1,24.49,93.38,55.52
2015-10-27,0.0,33.98,23.93,94.53,51.53
2015-10-28,0.0,36.47,24.07,96.12,45.57
2015-10-29,0.0,37.82,24.03,96.79,43.07
2015-10-30,0.0,36.98,23.47,96.6,45.87
2015-10-31,0.0,35.65,22.82,96.9,53.2
2015-11-01,0.0,36.62,23.6,95.73,49.88
2015-11-02,0.24,35.05,23.51,97.28,55.44
2015-11-03,0.0,33.65,24.72,95.39,57.67
2015-11-04,0.0,39.01,25.13,93.04,31.04
2015-11-05,0.0,39.23,23.88,94.79,28.2
2015-11-06,0.0,38.6,23.5,96.42,29.36
2015-11-07,0.0,38.53,20.72,97.28,27.45
2015-11-08,0.0,37.97,21.49,96.85,31.05
2015-11-09,0.0,37.43,22.26,97.42,34.41
2015-11-10,0.0,37.19,21.29,96.63,27.28
2015-11-11,0.0,36.56,19.96,89.46,29.41
2015-11-12,0.0,34.84,22.34,90.26,35.44
2015-11-13,0.0,34.83,25.05,91.18,33.01
2015-11-14,0.0,37.84,24.22,85.59,25.0
2015-11-15,0.0,37.51,22.5,87.77,21.16
2015-11-16,0.0,36.3,20.91,49.63,14.88
2015-11-17,0.0,34.82,20.64,42.72,17.46
2015-11-18,0.0,36.56,19.49,61.48,17.88
2015-11-19,0.0,35.53,20.37,62.59,18.89
2015-11-20,0.0,36.85,20.48,47.78,18.38
2015-11-21,0.0,36.49,19.64,54.99,16.74
2015-11-22,0.0,36.05,21.13,61.62,18.33
2015-11-23,0.0,36.51,17.87,76.7,19.38
2015-11-24,0.0,35.88,16.79,79.06,17.97
2015-11-25,0.0,36.06,18.54,64.36,17.98
2015-11-26,0.0,36.95,19.69,56.58,17.95
2015-11-27,0.0,34.27,20.05,57.99,19.13
2015-11-28,0.0,36.9,19.78,62.69,17.44
2015-11-29,0.0,34.44,20.33,55.64,14.48
2015-11-30,0.0,34.15,21.14,27.5,13.21
2015-12-01,0.0,32.23,19.26,33.72,14.67
2015-12-02,0.0,37.24,17.73,64.63,14.4
2015-12-03,0.0,37.02,18.27,68.57,13.74
2015-12-04,0.0,36.51,19.76,46.88,16.21
2015-12-05,0.0,35.91,21.23,56.82,15.73
2015-12-06,0.0,36.29,16.86,59.61,15.01
2015-12-07,0.0,35.92,19.59,68.84,14.2
2015-12-08,0.0,35.76,18.79,76.82,15.18
2015-12-09,0.0,36.13,16.25,63.75,15.51
2015-12-10,0.0,35.62,16.44,54.69,15.32
2015-12-11,0.0,33.13,20.95,47.29,17.87
2015-12-12,0.0,34.49,18.12,67.14,14.89
2015-12-13,0.0,34.12,15.85,82.6,16.37
2015-12-14,0.0,34.67,15.11,84.26,15.06
2015-12-15,0.0,36.15,17.74,74.62,16.12
2015-12-16,0.0,36.49,19.39,52.99,11.55
2015-12-17,0.0,35.13,17.98,42.73,11.97
2015-12-18,0.0,36.19,16.81,41.85,11.98
2015-12-19,0.0,35.35,17.79,50.34,12.77
2015-12-20,0.0,33.63,17.98,52.27,14.04
2015-12-21,0.0,35.27,14.59,61.32,14.09
2015-12-22,0.0,35.54,15.13,73.22,18.35
2015-12-23,0.0,35.95,15.39,77.08,15.75
2015-12-24,0.0,33.72,18.63,48.2,16.48
2015-12-25,0.0,34.36,18.92,47.08,15.87
2015-12-26,0.0,32.49,18.95,47.49,17.87
2015-12-27,0.0,30.6,22.04,45.89,19.48
2015-12-28,0.0,31.86,19.14,53.24,21.41
2015-12-29,0.0,32.41,19.18,37.41,15.24
2015-12-30,0.0,32.81,18.24,37.53,16.34
2015-12-31,0.0,33.22,18.15,49.8,17.3
2016-01-01,0.0,35.08,18.07,54.5,16.31
2016-01-02,0.0,32.47,18.15,51.45,18.01
2016-01-03,0.0,30.6,20.97,38.43,21.89
2016-01-04,0.0,35.22,20.5,45.53,21.78
2016-01-05,0.0,35.1,17.44,50.99,22.19
2016-01-06,0.0,33.27,16.52,73.8,24.57
2016-01-07,0.0,34.24,15.61,88.03,21.62
2016-01-08,0.0,34.67,16.08,77.96,24.22
2016-01-09,0.0,35.76,17.19,82.02,23.83
2016-01-10,0.0,37.05,17.87,72.35,19.92
2016-01-11,0.0,37.46,18.41,50.24,14.92
2016-01-12,0.0,38.17,21.08,43.73,16.95
2016-01-13,0.0,40.53,22.16,69.33,12.87
2016-01-14,0.0,39.37,17.47,75.49,10.93
2016-01-15,0.0,38.34,18.74,76.95,11.51
2016-01-16,0.0,38.86,17.49,56.71,11.06
2016-01-17,0.0,38.25,18.92,50.3,10.52
2016-01-18,0.0,38.58,17.03,55.01,12.92
2016-01-19,0.0,38.23,16.27,67.71,13.14
2016-01-20,0.0,36.45,18.25,62.63,14.32
2016-01-21,0.0,37.45,18.05,56.08,12.32
2016-01-22,0.0,37.08,16.2,55.29,11.31
2016-01-23,0.0,37.64,18.92,40.29,13.05
2016-01-24,0.0,36.7,20.02,41.73,13.69
2016-01-25,0.0,38.26,20.67,44.74,11.55
2016-01-26,0.0,35.7,20.68,44.99,14.0
2016-01-27,0.0,35.53,20.76,36.91,13.5
2016-01-28,0.0,37.24,19.43,49.61,16.28
2016-01-29,0.0,37.32,18.25,56.35,14.71
2016-01-30,0.0,36.66,18.95,45.56,13.7
2016-01-31,0.0,36.39,20.56,32.65,11.45
2016-02-01,0.0,34.25,20.11,31.92,12.76
2016-02-02,0.0,32.77,19.16,29.58,14.76
2016-02-03,0.0,35.0,16.94,38.78,11.77
2016-02-04,0.0,36.9,17.75,35.79,9.98
2016-02-05,0.0,37.95,15.41,59.58,10.33
2016-02-06,0.0,38.76,16.89,48.33,10.95
2016-02-07,0.0,39.57,19.58,46.81,10.44
2016-02-08,0.0,38.05,23.24,25.51,11.96
2016-02-09,0.0,35.85,22.76,27.81,12.41
2016-02-10,0.0,35.74,19.39,36.09,14.0
2016-02-11,0.0,38.19,18.09,45.99,12.1
2016-02-12,0.0,37.24,21.43,36.93,11.71
2016-02-13,0.0,37.09,19.0,38.88,11.38
2016-02-14,0.0,37.67,18.95,51.34,10.11
2016-02-15,0.0,36.37,18.37,46.37,12.31
2016-02-16,0.0,34.44,18.63,59.99,17.07
2016-02-17,0.0,33.79,17.7,49.73,15.26
2016-02-18,0.0,35.44,17.23,43.93,9.89
2016-02-19,0.0,31.32,15.7,71.93,16.84
2016-02-20,0.0,26.92,14.74,83.98,25.29
2016-02-21,0.0,32.54,15.28,71.69,17.44
2016-02-22,0.0,35.14,18.45,54.03,13.13
2016-02-23,0.0,39.74,20.57,45.25,8.18
2016-02-24,0.0,40.28,21.18,42.77,10.24
2016-02-25,0.0,41.06,21.6,46.16,9.06
2016-02-26,0.0,41.62,20.73,41.64,9.05
2016-02-27,0.0,39.3,22.19,42.21,10.02
2016-02-28,0.0,34.42,19.8,55.89,17.14
2016-02-29,0.0,33.96,19.34,57.12,18.48
2016-03-01,0.0,34.13,20.73,60.24,21.89
2016-03-02,0.0,37.98,19.58,58.98,16.58
2016-03-03,0.0,39.66,21.04,47.4,10.13
2016-03-04,0.0,39.89,21.57,37.44,10.18
2016-03-05,0.0,40.86,20.88,40.15,11.3
2016-03-06,0.0,39.17,23.64,36.78,13.11
2016-03-07,0.0,38.52,21.91,50.37,18.09
2016-03-08,0.0,37.48,19.83,62.42,20.67
2016-03-09,0.0,36.24,19.53,75.01,22.03
2016-03-10,0.0,33.89,17.84,92.15,31.11
2016-03-11,0.0,33.96,16.42,96.23,26.17
2016-03-12,0.0,35.4,16.43,95.74,24.83
2016-03-13,0.0,33.39,15.81,97.34,24.28
2016-03-14,0.0,32.96,16.32,98.64,27.81
2016-03-15,0.0,35.62,16.95,98.05,26.96
2016-03-16,0.0,38.0,19.71,91.68,24.27
2016-03-17,0.0,38.17,20.95,72.93,19.81
2016-03-18,0.0,37.84,18.7,92.5,19.73
2016-03-19,0.0,39.14,18.1,93.02,15.62
2016-03-20,0.0,37.3,17.39,96.64,23.1
2016-03-21,0.0,35.07,18.82,95.87,27.36
2016-03-22,0.0,36.46,19.68,73.35,17.08
2016-03-23,0.0,35.71,21.44,48.36,13.86
2016-03-24,0.0,32.23,18.9,61.52,15.66
2016-03-25,0.0,35.35,20.35,63.64,14.38
2016-03-26,0.0,37.92,17.37,61.27,9.9
2016-03-27,0.0,38.52,21.47,36.81,9.6
2016-03-28,0.0,39.75,20.57,42.02,8.54
2016-03-29,0.0,37.18,19.3,78.07,18.85
2016-03-30,0.0,32.33,17.79,96.43,29.1
2016-03-31,0.0,31.8,16.9,95.93,26.37
2016-04-01,0.0,34.2,17.15,95.96,28.12
2016-04-02,0.0,33.64,17.91,91.56,29.9
2016-04-03,0.0,34.01,17.86,94.83,28.41
2016-04-04,0.0,36.89,18.73,86.73,25.5
2016-04-05,0.0,38.32,19.95,69.61,18.63
2016-04-06,0.0,34.79,18.72,91.66,25.62
2016-04-07,0.0,32.96,16.91,97.5,32.89
2016-04-08,0.0,31.6,16.66,97.13,33.96
2016-04-09,0.0,33.06,16.91,97.16,31.58
2016-04-10,0.05,33.69,16.2,97.45,27.65
2016-04-11,0.0,36.07,17.12,96.54,23.99
2016-04-12,0.0,39.34,19.01,90.78,19.42
2016-04-13,0.0,42.64,21.7,60.5,12.14
2016-04-14,0.0,44.84,26.86,50.78,10.27
2016-04-15,0.0,44.35,22.76,64.68,12.07
2016-04-16,0.0,43.41,23.61,64.41,15.13
2016-04-17,0.0,44.86,24.55,61.68,13.42
2016-04-18,0.0,44.16,24.91,62.66,15.52
2016-04-19,0.0,41.59,22.05,67.6,21.67
2016-04-20,0.0,43.49,22.7,70.85,17.52
2016-04-21,0.0,44.9,23.47,60.11,13.63
2016-04-22,0.0,45.6,24.86,49.88,11.7
2016-04-23,0.0,38.12,22.68,78.9,24.08
2016-04-24,0.0,34.12,20.61,90.18,41.51
2016-04-25,0.0,33.15,19.76,96.55,40.86
2016-04-26,0.0,33.93,19.47,96.01,39.53
2016-04-27,0.0,34.88,19.62,94.01,36.95
2016-04-28,0.0,34.14,19.57,97.04,35.14
2016-04-29,0.0,34.56,19.08,97.36,33.84
2016-04-30,0.0,36.97,19.88,93.77,30.34
2016-05-01,0.0,39.09,21.77,86.63,24.63
2016-05-02,0.0,38.3,22.27,81.06,28.26
2016-05-03,0.0,37.67,21.53,77.59,30.14
2016-05-04,0.0,36.78,20.94,78.89,27.39
2016-05-05,0.0,34.87,20.65,79.79,33.56
2016-05-06,0.0,34.5,19.56,90.06,34.39
2016-05-07,0.0,34.1,19.89,92.79,34.41
2016-05-08,0.0,34.91,19.68,92.81,29.64
2016-05-09,0.0,36.65,19.36,93.23,27.18
2016-05-10,0.0,37.25,20.23,87.8,25.98
2016-05-11,0.0,37.87,21.52,78.45,26.58
2016-05-12,0.0,37.58,22.62,70.69,28.94
2016-05-13,0.0,38.67,22.46,72.44,23.87
2016-05-14,0.0,38.13,21.59,75.49,30.01
2016-05-15,0.0,38.89,21.71,75.47,25.62
2016-05-16,0.04,34.58,21.7,91.07,32.7
2016-05-17,0.0,34.8,19.54,97.25,30.0
2016-05-18,0.0,38.97,19.8,96.43,25.38
2016-05-19,0.0,38.0,20.27,92.33,28.87
2016-05-20,0.0,35.94,20.36,94.48,32.99
2016-05-21,0.0,34.37,19.41,97.27,31.65
2016-05-22,0.0,34.38,19.15,96.67,33.47
2016-05-23,0.0,35.65,20.08,94.93,31.59
2016-05-24,0.0,33.35,20.82,93.11,33.85
2016-05-25,0.0,33.1,19.83,93.91,35.78
2016-05-26,0.0,34.48,19.61,96.59,37.51
2016-05-27,0.0,37.8,20.97,91.37,28.55
2016-05-28,0.0,37.03,22.33,84.09,28.83
2016-05-29,0.0,38.67,23.23,81.45,26.03
2016-05-30,0.0,42.74,23.69,64.98,19.6
2016-05-31,0.0,37.0,22.5,78.2,38.02
2016-06-01,0.0,38.84,23.29,87.35,33.19
2016-06-02,0.0,37.09,22.98,84.1,26.92
2016-06-03,0.0,39.63,22.22,83.9,31.52
2016-06-04,0.0,36.02,22.57,89.52,29.43
2016-06-05,0.0,38.25,22.37,95.91,29.78
2016-06-06,0.0,36.32,20.64,98.26,34.59
2016-06-07,0.0,37.58,21.01,96.86,36.64
2016-06-08,0.0,37.74,22.08,95.37,31.28
2016-06-09,0.0,35.86,22.1,96.75,45.73
2016-06-10,0.0,33.15,23.58,96.25,51.59
2016-06-11,0.0,33.99,23.49,92.56,46.52
2016-06-12,0.0,34.26,24.04,91.43,47.85
2016-06-13,0.01,35.47,23.39,91.13,41.17
2016-06-14,0.0,37.01,22.39,96.41,35.95
2016-06-15,0.0,35.72,22.91,93.62,42.96
2016-06-16,0.0,33.72,22.23,96.96,43.98
2016-06-17,0.0,34.97,22.28,93.39,43.4
2016-06-18,0.0,37.1,22.7,92.69,35.02
2016-06-19,0.0,38.4,23.81,92.47,31.04
2016-06-20,0.0,38.22,24.74,94.46,30.75
2016-06-21,0.0,37.79,23.21,95.48,32.97
2016-06-22,0.0,33.67,24.51,87.5,44.39
2016-06-23,0.0,34.38,22.84,88.83,41.72
2016-06-24,0.0,36.17,23.66,93.04,41.47
2016-06-25,0.0,35.19,23.96,94.61,51.17
2016-06-26,0.0,38.06,24.56,96.34,42.51
2016-06-27,0.0,38.58,24.46,95.07,38.77
2016-06-28,0.02,35.66,24.8,94.26,43.38
2016-06-29,0.0,37.73,24.14,91.03,37.99
2016-06-30,0.0,33.68,24.83,92.82,53.13
2016-07-01,0.0,36.67,25.03,94.96,38.11
2016-07-02,0.16,35.8,24.56,91.71,47.23
2016-07-03,0.0,36.67,25.44,92.2,47.78
2016-07-04,0.01,36.28,25.16,92.63,44.28
2016-07-05,0.0,37.85,25.55,89.64,36.61
2016-07-06,0.0,36.8,24.38,93.88,40.72
2016-07-07,0.0,35.51,24.49,88.93,47.26
2016-07-08,0.0,36.7,24.58,89.15,43.26
2016-07-09,0.0,36.0,24.56,93.66,45.87
2016-07-10,0.0,35.09,24.71,92.88,45.15
2016-07-11,0.0,34.13,23.58,90.95,43.12
2016-07-12,0.0,33.9,24.16,82.68,49.33
2016-07-13,0.0,35.03,23.78,86.29,43.03
2016-07-14,0.0,36.67,25.63,90.09,43.14
2016-07-15,2.73,34.02,23.04,96.19,54.15
2016-07-16,0.0,35.69,24.52,90.63,43.44
2016-07-17,0.0,37.16,24.57,91.43,39.74
2016-07-18,0.0,35.06,26.03,91.34,51.42
2016-07-19,0.0,35.61,25.65,87.65,49.53
2016-07-20,11.01,32.7,25.63,95.2,63.0
2016-07-21,6.73,30.73,24.9,97.6,71.31
2016-07-22,0.0,32.7,24.58,96.87,63.3
2016-07-23,0.01,32.54,24.8,97.03,62.18
2016-07-24,21.47,30.45,24.43,95.59,66.03
2016-07-25,30.19,30.67,23.87,97.8,75.17
2016-07-26,0.76,31.58,24.11,98.04,69.95
2016-07-27,0.27,33.86,23.52,97.59,56.34
2016-07-28,0.14,34.5,25.13,97.69,55.4
2016-07-29,11.53,33.29,25.86,92.66,60.36
2016-07-30,31.29,33.62,24.81,98.16,61.24
2016-07-31,2.51,31.83,22.72,99.31,72.66
2016-08-01,0.0,33.91,25.09,98.2,62.91
2016-08-02,0.0,33.54,26.02,98.53,63.73
2016-08-03,0.0,33.63,25.53,97.97,63.86
2016-08-04,0.0,32.58,25.28,90.16,57.8
2016-08-05,0.0,33.01,23.81,95.12,57.19
2016-08-06,9.89,32.08,24.81,97.65,73.11
2016-08-07,0.0,33.39,25.27,95.11,60.57
2016-08-08,0.0,33.78,24.69,95.42,57.1
2016-08-09,0.0,34.37,24.31,94.42,50.78
2016-08-10,0.0,33.89,24.64,91.42,56.55
2016-08-11,9.12,33.14,24.99,97.89,63.38
2016-08-12,0.6,32.79,24.83,98.32,66.07
2016-08-13,1.41,34.46,25.9,96.76,62.0
2016-08-14,0.01,34.33,26.0,97.65,61.25
2016-08-15,0.0,33.23,26.48,97.19,68.95
2016-08-16,8.67,30.66,25.48,97.88,79.39
2016-08-17,8.79,29.18,24.07,99.04,81.62
2016-08-18,0.0,34.46,25.11,97.85,60.29
2016-08-19,0.0,34.17,26.15,97.89,59.79
2016-08-20,0.0,33.7,25.82,95.77,62.89
2016-08-21,0.0,34.18,25.42,96.64,59.39
2016-08-22,28.45,34.39,22.9,98.68,61.98
2016-08-23,0.0,33.32,23.32,99.24,64.2
2016-08-24,0.0,32.78,25.24,97.3,66.86
2016-08-25,0.0,33.05,25.27,97.08,63.16
2016-08-26,0.0,33.58,25.58,97.0,61.06
2016-08-27,11.4,34.23,25.02,97.98,62.71
2016-08-28,0.02,33.12,25.09,98.87,70.22
2016-08-29,1.45,32.96,25.79,98.1,70.63
2016-08-30,4.95,30.11,24.11,98.23,75.91
2016-08-31,26.45,33.34,24.38,98.81,65.87
2016-09-01,2.1,32.53,23.0,99.61,68.73
2016-09-02,2.37,31.72,24.75,99.06,74.72
2016-09-03,5.74,32.87,24.12,98.6,70.51
2016-09-04,0.0,33.69,23.67,98.72,67.48
2016-09-05,18.94,35.93,26.1,97.77,61.27
2016-09-06,0.0,33.79,22.76,98.82,66.43
2016-09-07,0.0,33.57,24.73,98.72,67.91
2016-09-08,0.03,34.09,24.96,98.93,67.09
2016-09-09,8.71,34.9,25.23,98.91,65.62
2016-09-10,19.94,33.88,24.81,99.06,66.01
2016-09-11,7.14,32.06,23.45,99.36,74.6
2016-09-12,21.95,31.54,22.79,99.33,72.08
2016-09-13,0.0,31.21,23.1,99.71,73.95
2016-09-14,0.44,33.28,24.12,99.06,65.68
2016-09-15,0.0,32.99,25.58,98.62,71.73
2016-09-16,0.11,34.19,25.47,98.22,68.33
2016-09-17,0.31,32.87,25.37,98.41,70.64
2016-09-18,3.97,32.1,24.88,98.24,66.85
2016-09-19,0.29,33.81,23.49,98.15,66.25
2016-09-20,27.61,29.3,22.76,98.98,81.12
2016-09-21,0.0,34.59,23.87,99.41,64.92
2016-09-22,0.0,34.69,25.36,98.11,66.41
2016-09-23,0.0,35.33,24.24,98.71,57.99
2016-09-24,0.0,35.59,25.63,98.46,59.76
2016-09-25,0.0,35.15,25.78,98.38,61.53
2016-09-26,0.03,33.6,23.23,93.71,60.95
2016-09-27,10.32,35.26,24.68,97.77,57.55
2016-09-28,5.13,30.2,24.07,98.56,78.57
2016-09-29,2.29,33.05,22.54,99.03,68.41
2016-09-30,0.0,34.13,22.53,98.43,63.52
2016-10-01,0.0,36.65,24.75,98.12,55.05
2016-10-02,0.0,36.08,25.25,98.09,51.2
2016-10-03,0.0,36.7,24.6,97.61,50.22
2016-10-04,0.0,37.28,25.02,97.37,52.68
2016-10-05,0.0,36.69,25.41,95.69,53.82
2016-10-06,0.0,35.91,24.72,98.21,52.29
2016-10-07,0.0,36.77,22.96,98.71,39.99
2016-10-08,0.53,36.85,23.4,98.25,51.7
2016-10-09,0.0,38.88,24.27,98.85,48.03
2016-10-10,0.0,37.43,26.34,98.28,50.42
2016-10-11,0.0,36.67,26.7,97.69,58.88
2016-10-12,0.0,38.21,26.22,98.17,49.77
2016-10-13,0.0,38.66,22.11,95.19,34.02
2016-10-14,0.0,37.27,22.1,97.39,37.77
2016-10-15,0.0,36.68,21.87,97.92,41.39
2016-10-16,0.0,36.28,23.47,95.8,49.31
2016-10-17,1.49,37.89,24.29,94.8,47.21
2016-10-18,0.0,38.26,24.39,95.97,43.7
2016-10-19,0.0,35.99,24.39,97.41,58.23
2016-10-20,0.0,37.58,25.86,96.72,46.14
2016-10-21,0.0,37.04,24.51,98.27,46.01
2016-10-22,0.0,37.25,23.88,97.88,46.06
2016-10-23,0.05,37.0,24.19,95.54,45.15
2016-10-24,0.0,36.5,22.96,97.63,43.51
2016-10-25,0.0,35.24,22.58,96.36,45.78
2016-10-26,0.1,35.68,23.7,96.07,48.85
2016-10-27,0.0,37.23,22.94,89.35,40.51
2016-10-28,0.0,39.23,25.0,91.42,37.28
2016-10-29,0.0,38.26,24.98,93.84,45.07
2016-10-30,0.0,36.29,24.4,97.81,53.28
2016-10-31,0.0,36.43,24.35,96.66,51.45
2016-11-01,0.0,36.61,24.27,97.68,41.82
2016-11-02,0.0,35.2,23.21,97.75,46.72
2016-11-03,0.0,37.33,23.54,96.86,41.63
2016-11-04,0.0,32.87,25.41,96.4,54.09
2016-11-05,0.0,36.27,22.74,91.42,45.26
2016-11-06,0.0,36.45,23.89,91.99,38.96
2016-11-07,0.0,36.99,22.54,82.84,37.85
2016-11-08,0.0,38.39,21.87,80.98,30.08
2016-11-09,0.0,37.52,21.51,85.83,29.41
2016-11-10,0.0,38.79,21.57,87.4,25.52
2016-11-11,0.0,36.36,22.27,77.47,31.06
2016-11-12,0.0,35.11,20.43,63.84,23.52
2016-11-13,0.0,35.33,16.32,81.64,21.92
2016-11-14,0.0,35.5,16.89,94.02,27.11
2016-11-15,0.0,34.71,17.23,96.31,29.06
2016-11-16,0.0,35.61,22.07,80.09,30.6
2016-11-17,0.0,36.8,23.0,68.54,28.74
2016-11-18,0.0,37.9,23.24,81.58,30.79
2016-11-19,0.0,39.33,21.54,87.97,24.57
2016-11-20,0.0,38.57,22.54,76.31,22.97
2016-11-21,0.0,38.82,19.79,78.42,21.87
2016-11-22,0.0,38.69,19.68,82.94,25.02
2016-11-23,0.0,38.43,20.98,89.89,28.72
2016-11-24,0.0,35.74,22.59,87.84,36.11
2016-11-25,0.0,38.01,24.43,75.56,29.8
2016-11-26,0.0,35.62,22.96,75.36,35.9
2016-11-27,0.0,32.62,22.51,69.47,39.18
2016-11-28,0.0,35.19,21.2,80.31,37.28
2016-11-29,0.0,33.41,20.64,88.29,41.4
2016-11-30,0.0,36.39,19.91,93.13,31.55
2016-12-01,0.0,40.29,22.11,72.65,26.86
2016-12-02,0.0,41.55,23.0,69.99,23.9
2016-12-03,0.0,40.44,22.0,76.45,24.39
2016-12-04,0.0,39.97,20.73,86.79,29.5
2016-12-05,0.0,39.25,21.67,88.79,26.57
2016-12-06,0.0,40.08,21.62,90.45,27.04
2016-12-07,0.0,39.52,20.31,91.93,24.69
2016-12-08,0.0,38.95,19.46,78.43,21.72
2016-12-09,0.0,37.76,19.99,76.14,20.18
2016-12-10,0.0,35.63,20.34,62.77,24.01
2016-12-11,0.0,34.75,19.18,63.51,23.63
2016-12-12,0.0,35.35,17.24,70.25,23.26
2016-12-13,0.0,34.62,17.17,74.63,20.81
2016-12-14,0.0,32.9,18.12,64.64,22.16
2016-12-15,0.0,31.64,17.03,49.56,16.4
2016-12-16,0.0,31.4,18.12,38.52,16.59
2016-12-17,0.0,30.49,15.67,68.22,22.44
2016-12-18,0.0,30.6,17.74,79.86,28.01
2016-12-19,0.0,31.14,17.7,65.24,23.83
2016-12-20,0.0,32.02,18.61,58.97,21.26
2016-12-21,0.0,32.47,18.85,57.82,18.79
2016-12-22,0.0,32.56,20.42,38.99,19.52
2016-12-23,0.0,32.29,19.66,53.88,25.23
2016-12-24,0.0,32.29,19.0,48.06,22.81
2016-12-25,0.0,33.15,20.16,48.5,22.83
2016-12-26,0.0,35.15,19.93,42.47,15.5
2016-12-27,0.0,35.67,20.72,42.25,18.33
2016-12-28,0.0,35.58,19.27,47.49,17.97
2016-12-29,0.0,34.97,18.74,51.83,16.13
2016-12-30,0.0,35.84,18.71,45.04,17.29
2016-12-31,0.0,35.37,18.77,41.7,15.63
2017-01-01,0.0,36.32,19.78,42.14,17.04
2017-01-02,0.0,35.77,19.4,51.44,21.76
2017-01-03,0.0,36.32,18.64,43.51,17.48
2017-01-04,0.0,34.22,18.38,41.17,16.03
2017-01-05,0.0,33.73,15.04,40.46,12.12
2017-01-06,0.0,34.19,14.66,39.31,13.3
2017-01-07,0.0,36.16,15.77,67.06,13.52
2017-01-08,0.0,36.48,16.8,84.56,18.59
2017-01-09,0.0,35.36,19.72,45.93,13.73
2017-01-10,0.0,33.38,18.72,38.04,11.86
2017-01-11,0.0,32.86,18.54,50.25,13.35
2017-01-12,0.0,32.77,15.31,58.53,14.69
2017-01-13,0.0,33.83,14.41,40.58,15.01
2017-01-14,0.0,31.77,16.95,54.1,19.47
2017-01-15,0.0,33.98,15.18,59.54,21.1
2017-01-16,0.0,35.0,18.16,62.41,18.78
2017-01-17,0.0,34.96,15.54,84.12,18.37
2017-01-18,0.0,33.87,16.09,89.23,24.14
2017-01-19,0.0,36.71,16.14,85.49,20.85
2017-01-20,0.0,34.77,17.74,58.64,21.7
2017-01-21,0.0,33.0,18.99,58.59,25.16
2017-01-22,0.0,30.99,18.27,44.51,19.41
2017-01-23,0.0,31.02,17.18,56.93,26.0
2017-01-24,0.0,32.18,14.28,57.61,21.43
2017-01-25,0.0,34.36,14.39,57.79,17.99
2017-01-26,0.0,35.35,14.79,61.23,13.57
2017-01-27,0.0,36.15,16.85,56.62,12.92
2017-01-28,0.0,36.58,18.53,46.1,13.28
2017-01-29,0.0,35.93,17.83,54.24,11.63
2017-01-30,0.0,35.45,17.2,58.74,15.7
2017-01-31,0.0,34.18,16.6,77.25,21.7
2017-02-01,0.0,33.56,13.84,88.09,19.58
2017-02-02,0.0,32.75,16.31,90.78,19.08
2017-02-03,0.0,33.43,16.16,69.65,16.37
2017-02-04,0.0,34.94,15.32,42.2,13.92
2017-02-05,0.0,34.46,19.41,33.63,11.35
2017-02-06,0.0,35.76,18.13,33.31,13.38
2017-02-07,0.0,37.02,20.08,32.02,11.3
2017-02-08,0.0,36.38,19.02,41.46,11.9
2017-02-09,0.0,35.96,17.15,42.45,9.08
2017-02-10,0.0,39.25,20.0,49.01,9.93
2017-02-11,0.0,33.32,18.32,69.09,15.37
2017-02-12,0.0,32.21,17.77,87.96,25.21
2017-02-13,0.0,33.24,16.99,86.52,23.55
2017-02-14,0.0,34.68,17.75,91.61,23.01
2017-02-15,0.0,36.09,18.05,87.19,19.91
2017-02-16,0.0,34.55,16.23,93.09,25.48
2017-02-17,0.0,36.17,17.37,95.59,24.33
2017-02-18,0.0,35.5,17.29,94.46,24.66
2017-02-19,0.0,35.46,17.67,86.67,22.0
2017-02-20,0.0,34.18,18.06,88.05,29.82
2017-02-21,0.0,33.78,16.91,93.23,26.45
2017-02-22,0.0,33.95,16.79,88.8,25.39
2017-02-23,0.0,35.8,17.59,74.8,19.45
2017-02-24,0.0,36.84,18.5,66.28,18.51
2017-02-25,0.0,37.79,20.0,52.94,16.32
2017-02-26,0.0,38.59,20.34,49.03,15.27
2017-02-27,0.0,38.56,19.03,62.45,18.85
2017-02-28,0.0,37.68,19.34,67.99,21.47
2017-03-01,0.0,38.93,18.84,77.1,17.12
2017-03-02,0.0,40.28,19.54,69.86,15.91
2017-03-03,0.0,38.34,19.5,77.79,20.69
2017-03-04,0.0,39.81,21.42,77.97,16.0
2017-03-05,0.0,38.92,22.47,56.88,13.97
2017-03-06,0.0,39.41,19.44,40.64,13.11
2017-03-07,0.0,40.25,18.77,64.98,13.5
2017-03-08,0.0,41.49,18.18,71.38,12.0
2017-03-09,0.0,41.96,20.14,54.28,10.32
2017-03-10,0.0,42.33,19.35,59.99,9.48
2017-03-11,0.0,41.65,19.66,74.26,10.9
2017-03-12,0.0,41.33,19.31,68.05,11.96
2017-03-13,0.0,41.73,20.1,75.37,11.24
2017-03-14,0.0,36.06,19.9,83.72,18.48
2017-03-15,0.0,37.56,20.6,90.63,23.44
2017-03-16,0.0,36.79,20.72,86.34,22.76
2017-03-17,0.0,35.06,19.41,81.45,28.95
2017-03-18,0.0,32.05,18.18,86.4,32.95
2017-03-19,0.0,33.64,17.55,87.92,29.0
2017-03-20,0.0,35.5,19.7,79.74,22.61
2017-03-21,0.0,38.4,20.38,61.43,17.55
2017-03-22,0.0,39.08,20.22,59.98,16.54
2017-03-23,0.0,37.01,19.21,74.84,22.76
2017-03-24,0.0,37.21,19.67,81.44,25.54
2017-03-25,0.0,36.21,19.7,80.17,25.85
2017-03-26,0.0,37.49,19.96,86.71,24.12
2017-03-27,0.0,40.02,23.07,72.0,20.26
2017-03-28,0.0,41.32,26.01,57.3,16.4
2017-03-29,0.0,43.34,25.38,48.8,14.54
2017-03-30,0.0,41.79,21.27,68.34,17.93
2017-03-31,0.0,39.73,21.25,83.04,25.3
2017-04-01,0.0,41.97,21.36,85.18,18.5
2017-04-02,0.0,42.04,21.43,88.04,17.29
2017-04-03,0.0,40.57,19.52,93.36,16.93
2017-04-04,0.0,42.07,20.57,91.07,15.69
2017-04-05,0.0,43.38,20.51,64.82,12.86
2017-04-06,0.0,41.32,20.79,74.29,13.72
2017-04-07,0.0,38.39,19.5,77.07,22.08
2017-04-08,0.0,36.08,18.87,84.9,24.15
2017-04-09,0.0,36.13,19.75,92.15,23.65
2017-04-10,0.02,39.64,21.54,75.39,15.71
2017-04-11,0.0,42.35,24.36,58.5,11.32
2017-04-12,0.0,40.8,24.54,50.06,10.93
2017-04-13,0.0,42.24,24.09,43.99,10.97
2017-04-14,0.0,42.46,22.98,36.4,9.47
2017-04-15,0.0,42.57,23.2,42.42,11.17
2017-04-16,0.0,42.38,22.43,45.2,12.82
2017-04-17,0.0,40.19,21.11,63.09,18.37
2017-04-18,0.0,39.07,20.45,87.94,23.05
2017-04-19,0.0,37.06,19.85,94.99,28.17
2017-04-20,0.0,36.27,19.35,94.13,29.86
2017-04-21,0.0,35.81,18.96,95.51,32.08
2017-04-22,0.0,37.68,19.12,94.72,25.68
2017-04-23,0.0,37.74,19.45,90.75,26.56
2017-04-24,0.0,36.59,19.32,93.32,28.77
2017-04-25,0.0,37.5,22.35,95.59,27.69
2017-04-26,0.0,39.5,21.34,76.61,23.12
2017-04-27,0.0,38.43,22.67,69.11,21.3
2017-04-28,0.0,39.16,21.63,66.11,23.47
2017-04-29,0.0,38.15,20.84,72.1,25.26
2017-04-30,0.0,38.08,20.44,81.99,27.78
2017-05-01,0.0,39.98,20.75,82.06,23.66
2017-05-02,0.0,37.92,20.89,84.72,26.59
2017-05-03,0.0,35.0,20.41,92.19,32.16
2017-05-04,0.0,34.57,20.09,91.96,32.3
2017-05-05,0.0,35.95,20.56,92.64,33.07
2017-05-06,0.0,38.77,21.31,85.65,28.17
2017-05-07,0.0,41.44,22.64,79.36,25.55
2017-05-08,0.0,35.27,22.86,84.12,40.83
2017-05-09,0.0,37.28,22.6,88.72,38.84
2017-05-10,0.0,36.42,22.47,88.13,35.62
2017-05-11,0.0,35.22,21.93,92.61,36.04
2017-05-12,0.0,37.06,21.15,85.36,30.76
2017-05-13,0.0,36.61,21.76,86.88,37.5
2017-05-14,0.0,36.32,22.16,87.76,36.08
2017-05-15,0.0,39.71,23.57,90.09,31.68
2017-05-16,0.0,38.72,23.99,85.65,32.15
2017-05-17,0.0,35.97,23.4,90.98,44.44
2017-05-18,0.0,34.33,23.31,95.31,48.02
2017-05-19,0.0,35.96,22.7,91.59,41.33
2017-05-20,0.0,35.04,21.67,93.11,40.94
2017-05-21,0.0,37.14,22.16,95.01,33.24
2017-05-22,0.0,35.08,22.73,96.02,35.49
2017-05-23,0.0,36.77,23.48,93.51,40.83
2017-05-24,0.0,36.67,23.62,93.77,41.22
2017-05-25,0.0,39.05,21.65,90.41,31.38
2017-05-26,0.0,37.95,20.65,95.59,38.7
2017-05-27,0.0,37.54,21.88,97.33,35.53
2017-05-28,0.0,37.12,22.57,95.57,30.72
2017-05-29,0.0,39.06,23.24,93.75,36.19
2017-05-30,0.0,39.69,23.84,94.54,31.51
2017-05-31,0.0,39.46,23.32,94.86,29.71
2017-06-01,0.0,38.13,23.0,95.17,35.13
2017-06-02,0.0,38.32,22.27,96.99,36.49
2017-06-03,0.0,38.4,22.03,94.9,34.15
2017-06-04,0.0,37.93,22.87,95.47,37.17
2017-06-05,0.01,36.72,22.87,95.05,42.57
2017-06-06,0.0,37.69,23.7,94.18,38.52
2017-06-07,0.0,37.04,23.98,95.22,35.53
2017-06-08,0.0,37.65,24.42,95.6,31.31
2017-06-09,0.0,37.98,24.75,93.19,28.66
2017-06-10,0.02,38.08,24.72,94.43,38.65
2017-06-11,0.0,36.44,24.74,88.77,45.17
2017-06-12,0.0,35.5,23.68,91.03,42.52
2017-06-13,0.0,36.27,22.52,95.68,39.21
2017-06-14,0.0,36.84,23.0,95.38,42.52
2017-06-15,0.0,39.35,23.62,95.78,34.64
2017-06-16,0.0,38.47,23.77,96.67,39.67
2017-06-17,0.0,35.33,23.43,95.58,38.58
2017-06-18,0.0,37.99,24.58,92.7,42.53
2017-06-19,0.0,38.66,24.97,92.35,35.44
2017-06-20,0.0,35.87,24.57,94.54,45.01
2017-06-21,0.0,33.06,24.77,93.35,50.79
2017-06-22,0.05,33.44,25.59,96.28,60.42
2017-06-23,0.0,37.56,25.93,96.71,44.22
2017-06-24,0.0,37.43,25.96,92.42,41.73
2017-06-25,0.0,35.97,26.49,90.76,47.83
2017-06-26,14.51,33.59,22.56,90.8,49.08
2017-06-27,37.2,28.86,23.69,99.34,77.61
2017-06-28,8.55,33.36,24.52,98.48,62.76
2017-06-29,0.0,34.79,25.02,98.21,60.99
2017-06-30,0.0,33.89,23.86,95.26,65.6
2017-07-01,11.18,31.99,23.9,98.81,55.03
2017-07-02,6.09,33.72,25.23,97.69,61.94
2017-07-03,0.0,34.48,26.02,96.95,61.48
2017-07-04,0.0,33.56,26.03,95.55,49.53
2017-07-05,0.0,35.46,25.41,92.1,55.4
2017-07-06,0.69,34.88,26.07,94.08,55.91
2017-07-07,3.74,34.69,25.35,94.88,59.58
2017-07-08,28.32,35.25,24.55,97.43,60.61
2017-07-09,0.0,33.19,24.71,97.47,70.07
2017-07-10,0.0,33.2,25.3,96.81,67.69
2017-07-11,0.0,33.55,25.03,95.13,64.26
2017-07-12,6.9,33.86,25.5,94.61,64.69
2017-07-13,0.5,34.07,25.72,96.64,64.9
2017-07-14,0.0,33.81,24.51,94.94,60.18
2017-07-15,0.09,34.12,24.63,94.42,60.25
2017-07-16,6.65,33.59,25.2,98.18,65.68
2017-07-17,0.0,33.71,25.65,98.19,67.4
2017-07-18,0.0,34.28,24.59,95.09,60.98
2017-07-19,0.0,34.86,25.46,93.11,56.47
2017-07-20,0.46,34.34,26.38,95.91,62.97
2017-07-21,0.0,32.19,26.07,94.93,69.37
2017-07-22,0.0,32.23,24.75,88.43,54.9
2017-07-23,0.0,34.72,24.31,93.41,51.23
2017-07-24,16.17,34.7,25.01,95.52,57.15
2017-07-25,0.0,33.57,25.0,95.56,61.22
2017-07-26,0.0,33.42,25.26,94.9,62.27
2017-07-27,0.0,33.81,24.41,94.06,58.32
2017-07-28,0.0,36.45,25.07,95.27,54.13
2017-07-29,47.71,36.05,23.95,97.91,59.48
2017-07-30,14.29,32.98,22.81,98.13,72.84
2017-07-31,0.0,30.43,23.77,97.49,76.84
2017-08-01,0.0,33.59,24.36,97.76,66.55
2017-08-02,0.28,33.3,25.57,96.3,67.81
2017-08-03,0.0,32.85,24.31,97.84,65.23
2017-08-04,0.0,33.82,24.95,95.83,66.55
2017-08-05,0.0,32.89,24.16,95.99,57.2
2017-08-06,0.0,33.1,24.07,95.07,58.61
2017-08-07,0.0,33.6,24.91,93.85,60.34
2017-08-08,33.45,32.97,24.72,92.95,59.22
2017-08-09,0.01,32.81,24.53,98.14,63.87
2017-08-10,0.0,33.25,25.55,97.53,61.93
2017-08-11,7.77,33.41,25.81,96.06,57.99
2017-08-12,39.69,32.87,24.28,97.67,67.5
2017-08-13,0.13,31.75,22.96,98.87,72.1
2017-08-14,0.01,33.3,24.66,97.94,65.51
2017-08-15,0.02,34.33,25.84,97.44,60.56
2017-08-16,11.37,34.54,24.12,96.96,60.66
2017-08-17,0.04,32.95,22.84,98.33,68.96
2017-08-18,23.86,30.28,23.62,98.05,77.09
2017-08-19,12.57,32.57,23.73,95.39,68.9
2017-08-20,0.29,29.69,23.06,98.47,77.57
2017-08-21,0.11,32.86,24.54,97.84,69.33
2017-08-22,0.0,32.65,25.35,97.28,67.88
2017-08-23,25.7,33.24,24.43,97.33,63.11
2017-08-24,19.03,28.27,23.77,98.98,84.17
2017-08-25,0.0,32.27,24.43,97.23,71.58
2017-08-26,13.04,28.43,24.34,98.09,88.3
2017-08-27,17.64,33.47,23.36,97.81,61.95
2017-08-28,0.2,32.28,23.88,99.29,68.2
2017-08-29,0.0,32.72,25.11,97.87,68.0
2017-08-30,0.3,33.61,24.8,97.58,66.61
2017-08-31,1.38,31.36,24.22,98.1,70.71
2017-09-01,0.0,33.71,24.15,96.69,61.92
2017-09-02,0.0,33.49,24.25,97.31,60.96
2017-09-03,0.0,33.14,24.62,96.71,62.3
2017-09-04,19.03,34.17,23.61,95.49,60.43
2017-09-05,0.03,31.05,22.41,99.27,69.32
2017-09-06,0.0,34.22,24.42,97.96,64.15
2017-09-07,14.02,34.61,25.31,97.25,63.42
2017-09-08,3.51,31.09,23.67,98.81,73.41
2017-09-09,0.0,34.73,25.02,98.95,61.55
2017-09-10,0.0,34.51,25.36,96.68,63.07
2017-09-11,0.0,33.45,25.79,97.98,63.92
2017-09-12,0.0,35.49,26.28,97.6,56.0
2017-09-13,3.06,36.16,26.05,97.33,56.18
2017-09-14,0.53,34.24,24.69,95.88,61.48
2017-09-15,0.0,34.0,24.96,96.85,59.09
2017-09-16,0.0,33.54,24.04,96.86,60.75
2017-09-17,0.0,34.02,24.21,96.13,57.31
2017-09-18,11.35,35.07,24.04,97.95,57.84
2017-09-19,0.0,34.16,25.03,98.8,63.15
2017-09-20,0.0,35.75,25.89,97.47,63.86
2017-09-21,0.0,36.95,25.89,97.41,49.55
2017-09-22,0.0,35.41,24.05,96.4,44.11
2017-09-23,0.0,34.51,24.19,95.55,53.92
2017-09-24,42.29,33.47,24.58,96.48,61.29
2017-09-25,5.71,28.78,24.42,99.38,83.75
2017-09-26,0.0,33.54,24.58,99.26,64.06
2017-09-27,0.0,35.56,25.25,99.29,55.31
2017-09-28,0.0,37.06,25.2,97.82,50.15
2017-09-29,0.0,37.36,25.76,99.15,47.78
2017-09-30,0.0,35.47,25.1,97.95,53.27
2017-10-01,0.0,36.86,24.91,98.49,52.05
2017-10-02,0.48,36.67,25.11,98.15,56.62
2017-10-03,0.0,34.41,22.73,95.87,52.09
2017-10-04,7.79,29.54,22.75,98.12,71.84
2017-10-05,0.0,35.93,24.59,97.63,54.98
2017-10-06,0.0,38.45,24.81,98.15,34.61
2017-10-07,0.0,39.04,25.3,94.53,28.39
2017-10-08,0.0,37.3,25.64,97.41,49.08
2017-10-09,0.0,36.46,24.78,97.93,52.52
2017-10-10,0.0,38.44,24.44,98.45,39.78
2017-10-11,10.47,37.8,23.45,96.04,47.82
2017-10-12,0.0,34.93,23.25,97.52,54.95
2017-10-13,0.0,36.86,24.8,98.97,54.24
2017-10-14,0.0,37.8,25.05,98.33,46.86
2017-10-15,0.0,38.86,25.56,97.34,44.95
2017-10-16,2.53,35.83,24.81,98.11,54.49
2017-10-17,0.0,35.05,24.92,96.42,62.2
2017-10-18,0.0,39.05,25.08,97.22,35.59
2017-10-19,0.0,40.31,24.72,93.61,33.11
2017-10-20,0.0,39.28,25.06,97.7,39.89
2017-10-21,0.0,40.49,22.76,98.32,26.94
2017-10-22,0.0,41.05,21.91,83.93,21.16
2017-10-23,0.0,41.18,23.17,84.86,24.24
2017-10-24,0.0,39.61,25.08,98.72,34.4
2017-10-25,0.0,39.71,23.44,96.9,25.75
2017-10-26,0.0,39.86,21.9,93.85,29.34
2017-10-27,0.0,39.82,23.68,96.4,32.46
2017-10-28,0.0,41.47,22.94,97.3,27.89
2017-10-29,0.0,40.74,23.75,92.17,34.37
2017-10-30,0.0,39.43,24.0,98.7,38.42
2017-10-31,0.0,39.09,24.07,97.97,41.52
2017-11-01,0.0,39.68,23.17,99.69,36.83
2017-11-02,0.0,41.83,22.79,97.28,24.98
2017-11-03,0.0,41.24,23.07,93.88,26.79
2017-11-04,0.0,40.47,20.87,92.76,25.51
2017-11-05,0.0,38.17,20.93,92.5,30.65
2017-11-06,0.0,37.39,22.66,97.73,44.28
2017-11-07,0.0,34.76,22.72,97.52,50.41
2017-11-08,0.0,34.64,21.3,97.34,45.69
2017-11-09,0.0,38.19,22.43,96.52,36.44
2017-11-10,0.0,38.59,22.8,97.53,42.57
2017-11-11,0.0,39.87,20.91,98.51,37.74
2017-11-12,0.0,39.2,20.98,79.95,31.48
2017-11-13,0.0,36.84,19.27,77.07,35.38
2017-11-14,0.0,37.25,17.24,81.38,19.91
2017-11-15,0.0,37.55,17.08,79.02,22.79
2017-11-16,0.0,37.77,17.05,89.75,21.4
2017-11-17,0.0,35.68,16.52,80.7,25.5
2017-11-18,0.0,36.49,16.23,85.04,20.46
2017-11-19,0.0,36.57,16.4,80.97,19.49
2017-11-20,0.0,37.46,17.67,83.3,20.68
2017-11-21,0.0,37.95,19.15,89.89,19.38
2017-11-22,0.0,35.65,19.5,93.77,25.96
2017-11-23,0.0,36.69,20.97,90.5,26.47
2017-11-24,0.0,37.16,22.31,92.3,25.91
2017-11-25,0.0,37.06,21.07,95.76,24.8
2017-11-26,0.0,39.28,20.25,76.82,18.22
2017-11-27,0.0,39.06,20.41,81.98,17.77
2017-11-28,0.0,38.28,19.73,67.13,20.6
2017-11-29,0.0,36.81,18.98,69.89,24.52
2017-11-30,0.0,38.24,18.94,91.89,30.22
2017-12-01,0.0,38.56,19.46,77.22,23.51
2017-12-02,0.0,36.52,19.34,73.96,26.96
2017-12-03,0.0,36.99,19.2,87.03,29.01
2017-12-04,0.0,37.08,19.37,83.92,29.39
2017-12-05,0.0,37.73,19.85,79.86,25.09
2017-12-06,0.0,35.85,18.76,74.16,25.11
2017-12-07,0.0,34.91,17.52,51.55,23.64
2017-12-08,0.0,34.04,16.77,54.61,25.31
2017-12-09,0.0,33.99,17.09,54.29,25.72
2017-12-10,0.0,34.83,16.82,53.09,21.71
2017-12-11,0.0,34.03,17.6,51.81,22.93
2017-12-12,0.0,31.98,15.86,84.74,30.92
2017-12-13,0.0,30.62,14.51,94.96,31.62
2017-12-14,0.0,29.01,14.83,77.46,33.56
2017-12-15,0.0,31.51,16.15,70.87,21.91
2017-12-16,0.0,32.15,19.05,46.42,23.14
2017-12-17,0.0,32.73,18.46,41.47,19.71
2017-12-18,0.0,32.25,18.03,69.83,21.22
2017-12-19,0.0,33.54,18.74,79.2,21.71
2017-12-20,0.0,31.72,19.66,61.52,22.32
2017-12-21,0.0,30.41,18.7,39.73,21.63
2017-12-22,0.0,27.12,17.75,36.39,21.75
2017-12-23,0.0,26.66,17.01,38.14,22.08
2017-12-24,0.0,27.75,16.21,41.23,22.56
2017-12-25,0.0,31.78,16.92,45.66,20.37
2017-12-26,0.0,32.99,19.13,41.95,19.88
2017-12-27,0.0,33.51,18.86,38.75,21.11
2017-12-28,0.0,32.86,17.14,40.98,20.09
2017-12-29,0.0,33.0,16.48,40.81,19.83
2017-12-30,0.0,35.16,15.58,44.05,18.54
2017-12-31,0.0,35.58,15.92,44.58,17.88
2018-01-01,0.0,34.76,18.65,42.68,18.64
2018-01-02,0.0,33.61,18.31,46.06,19.11
2018-01-03,0.0,33.95,18.43,43.23,18.45
2018-01-04,0.0,34.64,19.15,41.96,18.55
2018-01-05,0.0,34.91,20.61,42.87,18.98
2018-01-06,0.0,34.15,18.43,61.04,19.11
2018-01-07,0.0,30.75,15.78,93.9,29.95
2018-01-08,0.0,32.65,14.01,97.51,24.83
2018-01-09,0.0,33.03,14.08,70.87,22.51
2018-01-10,0.0,33.1,15.83,55.54,24.27
2018-01-11,0.0,34.29,16.04,52.99,17.49
2018-01-12,0.0,35.54,15.55,52.48,12.91
2018-01-13,0.0,35.77,15.08,49.51,12.67
2018-01-14,0.0,35.88,14.28,54.59,15.21
2018-01-15,0.0,35.49,16.92,46.04,11.78
2018-01-16,0.0,31.03,16.28,58.69,22.33
2018-01-17,0.0,28.36,14.37,65.31,22.7
2018-01-18,0.0,30.21,13.28,69.54,18.9
2018-01-19,0.0,31.79,14.11,58.35,17.6
2018-01-20,0.0,33.4,16.88,54.47,19.29
2018-01-21,0.0,33.52,16.65,54.32,18.45
2018-01-22,0.0,33.56,19.53,38.15,18.85
2018-01-23,0.0,35.27,17.95,36.31,15.83
2018-01-24,0.0,36.61,16.63,43.17,14.38
2018-01-25,0.0,36.53,16.89,46.65,14.86
2018-01-26,0.0,34.71,17.94,33.2,11.81
2018-01-27,0.0,34.47,18.32,50.94,13.32
2018-01-28,0.0,33.02,16.84,72.99,20.14
2018-01-29,0.0,32.53,12.81,89.03,17.71
2018-01-30,0.0,31.32,12.89,90.17,18.33
2018-01-31,0.0,30.9,14.29,64.23,16.36
2018-02-01,0.0,29.62,14.22,85.32,22.09
2018-02-02,0.0,29.16,13.8,92.4,23.21
2018-02-03,0.0,29.8,15.31,74.25,21.25
2018-02-04,0.0,31.38,16.06,62.52,22.56
2018-02-05,0.0,32.13,16.51,66.42,19.75
2018-02-06,0.0,32.43,19.42,49.61,18.27
2018-02-07,0.0,31.39,20.1,47.03,20.12
2018-02-08,0.0,29.31,16.9,58.08,24.5
2018-02-09,0.0,30.02,18.48,45.59,22.42
2018-02-10,0.0,30.45,20.17,45.14,18.0
2018-02-11,0.0,31.58,15.69,44.75,14.32
2018-02-12,0.0,33.4,16.63,35.35,14.86
2018-02-13,0.0,36.22,18.4,43.83,11.96
2018-02-14,0.0,36.7,19.53,37.05,11.74
2018-02-15,0.0,34.19,20.94,60.83,13.39
2018-02-16,0.0,33.32,21.03,70.59,26.36
2018-02-17,0.0,33.16,18.29,86.93,38.95
2018-02-18,0.0,35.96,16.83,91.1,24.56
2018-02-19,0.0,35.3,17.27,81.22,29.26
2018-02-20,0.0,35.89,15.75,87.11,26.77
2018-02-21,0.0,33.77,17.4,83.64,33.84
2018-02-22,0.0,31.7,17.02,93.39,36.77
2018-02-23,0.0,28.4,16.56,96.63,43.25
2018-02-24,0.0,29.58,14.75,97.85,38.28
2018-02-25,0.0,30.06,16.59,96.61,42.85
2018-02-26,0.0,30.61,15.39,99.56,34.72
2018-02-27,0.0,33.25,16.28,99.01,36.05
2018-02-28,0.0,32.38,16.68,96.92,36.11
2018-03-01,0.0,34.56,17.23,96.29,32.49
2018-03-02,0.0,35.96,17.75,98.0,33.79
2018-03-03,0.0,37.15,19.42,78.41,24.3
2018-03-04,0.0,37.37,19.51,81.39,27.15
2018-03-05,0.0,40.61,20.42,77.98,21.58
2018-03-06,0.0,32.59,19.52,64.84,17.25
2018-03-07,0.0,32.62,20.16,67.69,18.35
2018-03-08,0.0,30.62,17.04,75.73,19.07
2018-03-09,0.0,31.17,18.87,73.72,18.4
2018-03-10,0.0,31.25,20.54,65.0,19.95
2018-03-11,0.0,32.33,16.03,72.11,19.11
2018-03-12,0.0,33.99,16.96,70.01,15.73
2018-03-13,0.0,37.08,18.95,72.68,15.75
2018-03-14,0.0,36.95,19.67,65.06,15.98
2018-03-15,0.0,33.89,20.84,77.32,25.59
2018-03-16,0.0,32.7,20.89,88.35,32.07
2018-03-17,0.0,33.46,18.21,94.12,27.54
2018-03-18,0.0,36.12,16.94,65.56,19.63
2018-03-19,0.0,35.5,17.3,60.18,16.45
2018-03-20,0.0,39.85,20.11,70.24,19.09
2018-03-21,0.0,38.8,19.37,73.65,20.42
2018-03-22,0.0,38.64,18.3,76.45,16.72
2018-03-23,0.0,37.86,21.41,61.39,13.48
2018-03-24,0.0,36.24,23.61,29.16,11.53
2018-03-25,0.0,38.28,22.76,40.0,12.4
2018-03-26,0.0,38.71,20.07,58.19,13.53
2018-03-27,0.0,37.28,21.42,72.43,20.24
2018-03-28,0.0,39.81,21.19,76.43,20.69
2018-03-29,0.0,37.36,18.96,95.29,28.75
2018-03-30,0.0,34.48,19.23,94.27,29.5
2018-03-31,0.0,37.32,18.79,91.2,21.56
2018-04-01,0.0,37.12,17.33,93.37,23.77
2018-04-02,0.0,33.44,17.92,96.25,32.21
2018-04-03,0.0,35.13,16.57,95.84,29.73
2018-04-04,0.0,36.97,17.92,96.54,26.87
2018-04-05,0.0,38.52,19.64,90.84,27.47
2018-04-06,0.0,40.14,21.3,76.19,23.97
2018-04-07,0.0,38.18,20.4,80.51,26.0
2018-04-08,0.0,36.41,19.72,85.72,30.47
2018-04-09,0.0,37.69,19.0,84.57,25.4
2018-04-10,0.0,39.74,20.7,65.6,15.69
2018-04-11,0.0,39.92,22.77,54.57,14.15
2018-04-12,0.0,39.19,21.1,56.02,15.4
2018-04-13,0.0,38.18,19.35,79.21,21.57
2018-04-14,0.0,38.34,18.51,79.24,21.77
2018-04-15,0.0,38.73,19.36,68.67,20.58
2018-04-16,0.0,37.23,18.98,82.34,25.98
2018-04-17,0.0,36.65,18.6,93.45,26.65
2018-04-18,0.0,34.49,17.21,96.17,31.87
2018-04-19,0.0,31.67,17.25,97.46,37.07
2018-04-20,0.0,32.37,17.95,97.27,38.3
2018-04-21,0.0,34.02,17.39,95.2,29.62
2018-04-22,0.0,32.28,18.91,93.08,31.69
2018-04-23,0.0,33.82,18.28,95.3,31.44
2018-04-24,0.0,36.65,18.92,90.25,26.54
2018-04-25,0.0,38.94,19.27,81.39,20.84
2018-04-26,0.0,39.74,20.18,70.49,18.91
2018-04-27,0.0,39.62,20.96,76.33,24.78
2018-04-28,0.0,38.48,19.41,91.16,24.31
2018-04-29,0.0,39.6,19.45,89.81,22.66
2018-04-30,0.0,39.89,18.44,76.11,18.82
2018-05-01,0.0,39.92,20.75,71.97,17.26
2018-05-02,0.0,41.02,20.86,71.69,15.48
2018-05-03,0.0,39.73,21.54,66.58,17.63
2018-05-04,0.0,38.45,19.68,76.66,19.22
2018-05-05,0.0,35.61,19.3,89.82,26.83
2018-05-06,0.0,36.17,18.66,94.23,25.37
2018-05-07,0.0,35.86,18.86,90.6,26.91
2018-05-08,0.0,36.89,20.13,80.98,24.36
2018-05-09,0.0,37.81,20.08,78.11,22.31
2018-05-10,0.0,38.29,19.23,86.47,22.04
2018-05-11,0.0,36.76,18.61,92.06,30.01
2018-05-12,0.0,36.12,18.59,97.23,29.31
2018-05-13,0.0,36.56,18.13,96.97,27.83
2018-05-14,0.0,35.59,18.95,96.19,30.94
2018-05-15,0.0,35.25,19.58,96.24,35.03
2018-05-16,0.0,34.09,19.6,95.84,34.09
2018-05-17,0.0,35.58,19.01,96.34,31.61
2018-05-18,0.0,34.92,18.82,96.78,31.74
2018-05-19,0.0,34.02,19.31,95.34,33.53
2018-05-20,0.0,35.1,18.97,96.39,29.98
2018-05-21,0.0,35.46,19.52,96.46,31.3
2018-05-22,0.0,35.01,19.89,92.95,30.99
2018-05-23,0.0,37.06,19.99,90.69,30.49
2018-05-24,0.0,37.99,20.58,88.84,29.53
2018-05-25,0.0,35.6,19.78,94.47,31.97
2018-05-26,0.0,35.15,20.02,95.31,32.94
2018-05-27,0.0,35.94,19.36,95.56,33.54
2018-05-28,0.0,39.67,21.09,78.04,26.61
2018-05-29,0.0,34.85,21.06,80.61,37.23
2018-05-30,0.0,35.35,20.99,87.94,33.15
2018-05-31,0.0,34.72,21.76,91.21,32.38
2018-06-01,0.0,37.5,20.79,93.45,32.79
2018-06-02,0.0,35.66,22.49,86.56,37.38
2018-06-03,0.0,35.29,22.48,89.75,35.02
2018-06-04,0.01,36.2,22.33,91.22,36.23
2018-06-05,0.0,37.48,23.35,89.77,31.19
2018-06-06,0.0,38.26,24.02,88.03,34.23
2018-06-07,0.0,36.21,24.92,77.99,39.45
2018-06-08,0.0,39.49,22.89,87.91,29.99
2018-06-09,0.0,39.19,23.18,84.84,28.71
2018-06-10,0.0,37.78,22.52,95.99,37.55
2018-06-11,0.0,36.73,22.27,91.6,31.88
2018-06-12,0.0,38.33,21.89,94.89,32.88
2018-06-13,0.0,37.88,23.74,85.62,32.82
2018-06-14,0.0,34.88,24.75,90.55,44.98
2018-06-15,0.0,37.13,23.97,87.17,38.35
2018-06-16,0.0,36.66,23.44,92.03,35.87
2018-06-17,0.0,35.24,22.99,90.0,35.96
2018-06-18,0.0,32.82,22.46,91.44,43.31
2018-06-19,0.0,35.36,25.07,88.95,34.56
2018-06-20,0.0,34.85,22.81,89.84,40.25
2018-06-21,0.0,32.76,23.07,89.98,49.55
2018-06-22,0.0,36.46,22.89,89.73,42.33
2018-06-23,0.0,36.8,23.48,93.69,44.02
2018-06-24,0.0,35.46,24.56,94.16,39.19
2018-06-25,0.01,36.19,23.03,94.73,40.05
2018-06-26,0.0,37.62,24.68,88.21,39.59
2018-06-27,35.41,31.77,22.84,97.59,51.35
2018-06-28,0.0,33.06,23.23,96.49,56.37
2018-06-29,0.0,34.49,24.04,95.17,48.99
2018-06-30,0.0,34.02,23.79,95.7,46.29
2018-07-01,0.0,33.71,23.29,92.69,44.72
2018-07-02,0.0,36.24,24.16,90.37,39.14
2018-07-03,0.09,35.01,24.29,91.6,46.16
2018-07-04,0.0,35.28,25.02,87.84,48.29
2018-07-05,0.0,37.22,25.48,90.18,41.23
2018-07-06,0.0,35.28,25.05,87.54,49.07
2018-07-07,1.43,35.86,25.98,90.93,43.89
2018-07-08,0.0,34.43,24.68,91.79,55.31
2018-07-09,0.0,34.64,25.26,94.49,53.21
2018-07-10,0.0,33.23,25.51,88.2,53.86
2018-07-11,0.0,35.81,23.86,86.94,49.65
2018-07-12,0.0,34.81,25.78,93.63,51.89
2018-07-13,0.0,35.46,25.21,87.78,42.41
2018-07-14,0.42,37.45,25.15,91.1,43.61
2018-07-15,0.0,35.75,25.89,93.02,47.5
2018-07-16,0.0,33.17,25.44,82.37,50.53
2018-07-17,0.0,34.67,25.08,87.89,45.66
2018-07-18,0.82,35.06,25.78,87.12,46.54
2018-07-19,16.78,28.85,24.52,99.11,74.15
2018-07-20,0.0,33.12,25.28,96.82,58.22
2018-07-21,0.0,35.21,24.61,95.01,40.85
2018-07-22,0.75,36.09,24.1,91.84,42.28
2018-07-23,0.02,33.56,25.54,90.76,56.58
2018-07-24,0.01,33.0,26.43,88.49,60.13
2018-07-25,0.0,34.42,26.07,86.27,49.99
2018-07-26,0.0,33.54,24.47,83.84,47.4
2018-07-27,0.0,33.55,24.35,83.49,47.36
2018-07-28,0.0,34.24,24.9,84.34,48.17
2018-07-29,0.0,35.06,25.29,83.96,45.78
2018-07-30,0.0,36.89,25.75,88.49,45.91
2018-07-31,0.0,34.61,25.71,90.32,53.41
2018-08-01,0.0,33.72,26.31,90.49,57.3
2018-08-02,13.97,34.18,25.62,96.44,54.6
2018-08-03,5.43,31.31,22.4,99.12,57.37
2018-08-04,0.0,34.67,22.61,96.29,62.65
2018-08-05,0.0,33.42,25.99,94.64,61.57
2018-08-06,0.18,33.99,24.18,91.67,54.66
2018-08-07,0.0,34.42,22.61,92.89,48.0
2018-08-08,0.24,35.45,24.77,89.13,46.96
2018-08-09,0.47,34.37,26.15,91.19,55.71
2018-08-10,17.43,33.68,25.59,97.07,60.04
2018-08-11,0.0,33.65,25.45,96.34,44.72
2018-08-12,0.0,34.53,23.44,93.89,46.78
2018-08-13,0.0,32.6,23.89,86.56,52.25
2018-08-14,0.0,35.1,23.41,90.06,40.59
2018-08-15,0.0,35.26,25.11,89.14,45.29
2018-08-16,9.95,36.92,25.48,95.11,42.14
2018-08-17,0.0,35.63,25.69,93.39,47.39
2018-08-18,0.0,34.61,25.68,90.63,50.02
2018-08-19,0.0,35.13,25.2,88.9,45.01
2018-08-20,0.0,35.59,24.15,95.31,39.26
2018-08-21,0.0,34.7,24.18,92.56,46.58
2018-08-22,1.19,35.99,23.84,93.84,43.19
2018-08-23,27.47,36.0,24.78,97.87,49.08
2018-08-24,0.01,32.9,22.68,99.0,65.15
2018-08-25,13.7,35.2,25.71,97.54,58.02
2018-08-26,0.08,32.75,22.76,97.72,61.71
2018-08-27,3.31,33.45,24.93,94.32,63.86
2018-08-28,0.0,33.74,25.45,95.99,60.21
2018-08-29,43.59,33.89,25.93,97.69,61.86
2018-08-30,10.15,31.38,23.52,99.4,72.69
2018-08-31,0.0,32.02,24.26,98.52,64.2
2018-09-01,0.11,33.05,24.86,97.93,59.3
2018-09-02,9.73,33.65,25.1,95.6,60.59
2018-09-03,7.11,34.02,25.03,91.88,58.05
2018-09-04,36.49,32.48,25.16,96.96,67.24
2018-09-05,7.52,31.85,23.37,98.05,68.88
2018-09-06,47.39,30.15,24.56,99.45,75.06
2018-09-07,0.08,29.32,23.94,98.34,77.05
2018-09-08,0.07,30.42,23.86,98.04,70.01
2018-09-09,6.25,32.22,23.43,98.05,64.51
2018-09-10,0.0,32.47,23.89,98.31,63.67
2018-09-11,0.0,33.04,25.48,97.65,61.91
2018-09-12,0.02,34.14,23.35,96.17,67.97
2018-09-13,0.42,32.79,24.83,98.34,64.1
2018-09-14,3.33,31.83,23.95,97.99,66.15
2018-09-15,0.0,34.82,23.94,97.47,56.37
2018-09-16,0.0,35.92,25.59,97.82,58.35
2018-09-17,0.0,35.09,25.99,97.24,56.49
2018-09-18,13.59,29.62,22.72,98.14,74.18
2018-09-19,0.01,35.01,25.72,98.23,66.9
2018-09-20,0.0,33.16,24.59,97.03,58.54
2018-09-21,0.0,35.7,26.84,96.25,55.18
2018-09-22,5.3,34.42,24.17,95.59,56.47
2018-09-23,0.01,34.23,22.62,98.0,54.47
2018-09-24,8.93,34.56,23.73,97.25,57.47
2018-09-25,5.84,32.62,23.41,98.28,68.36
2018-09-26,0.12,31.45,22.68,97.67,68.94
2018-09-27,0.0,35.49,24.45,98.64,58.16
2018-09-28,8.2,34.02,25.22,98.16,64.39
2018-09-29,8.36,31.52,21.85,98.72,65.8
2018-09-30,0.0,32.62,24.06,98.51,66.84
2018-10-01,0.14,33.99,24.86,97.87,64.4
2018-10-02,0.47,32.2,23.54,97.31,66.38
2018-10-03,0.0,35.49,24.7,97.72,57.87
2018-10-04,0.0,35.21,25.58,96.8,59.49
2018-10-05,0.0,36.78,25.16,96.62,58.7
2018-10-06,0.01,35.36,25.35,97.55,62.72
2018-10-07,8.87,35.92,24.27,97.01,61.46
2018-10-08,0.0,34.15,22.92,97.32,66.48
2018-10-09,0.0,34.9,26.03,97.75,64.45
2018-10-10,0.0,35.1,24.8,97.38,55.57
2018-10-11,0.0,36.63,23.68,97.68,46.63
2018-10-12,0.0,37.38,24.2,98.47,44.23
2018-10-13,0.0,35.73,24.05,97.98,48.73
2018-10-14,0.0,34.87,23.43,97.32,54.59
2018-10-15,1.22,36.47,22.84,97.41,48.39
2018-10-16,7.63,28.96,22.46,98.3,73.55
2018-10-17,0.38,34.58,23.78,98.89,55.87
2018-10-18,0.0,37.21,23.46,94.88,40.63
2018-10-19,0.0,35.47,22.97,90.52,38.8
2018-10-20,0.0,34.39,23.83,93.82,48.21
2018-10-21,0.0,34.93,23.66,94.12,44.5
2018-10-22,0.0,36.56,22.97,92.81,32.42
2018-10-23,0.0,38.64,23.8,93.4,37.59
2018-10-24,0.0,38.3,24.15,95.93,36.1
2018-10-25,0.0,39.55,24.95,90.01,34.77
2018-10-26,0.0,37.33,23.5,95.09,43.27
2018-10-27,0.0,36.27,23.67,97.28,43.52
2018-10-28,0.0,36.04,23.97,95.79,43.68
2018-10-29,0.01,36.85,23.48,93.39,36.06
2018-10-30,0.0,36.21,23.75,92.0,33.41
2018-10-31,0.02,37.02,23.12,82.36,35.38
2018-11-01,0.0,37.93,21.67,81.63,35.7
2018-11-02,0.0,37.99,23.63,88.4,33.62
2018-11-03,0.0,38.18,20.78,62.82,24.48
2018-11-04,0.0,35.56,21.0,92.18,33.33
2018-11-05,0.0,34.5,20.71,97.94,39.13
2018-11-06,0.0,35.67,20.93,98.57,37.77
2018-11-07,0.0,33.17,21.81,98.43,39.28
2018-11-08,0.0,38.8,21.72,92.22,24.11
2018-11-09,0.0,40.55,20.84,85.26,21.98
2018-11-10,0.0,39.57,22.14,69.32,20.13
2018-11-11,0.0,39.85,20.68,78.91,20.3
2018-11-12,0.0,35.26,21.34,88.45,32.08
2018-11-13,0.0,33.5,21.23,81.3,32.51
2018-11-14,0.0,33.71,19.79,84.85,31.48
2018-11-15,0.0,31.33,19.85,72.02,34.69
2018-11-16,0.0,34.63,19.4,69.56,24.93
2018-11-17,0.0,34.15,21.65,64.79,28.13
2018-11-18,0.0,31.16,19.86,84.65,45.83
2018-11-19,0.0,33.84,18.09,86.25,36.37
2018-11-20,0.0,34.31,19.06,82.29,34.47
2018-11-21,0.0,36.94,19.7,77.22,29.66
2018-11-22,0.0,36.73,19.99,74.45,26.48
2018-11-23,0.0,30.22,21.1,75.39,39.64
2018-11-24,0.0,32.04,19.98,78.23,32.03
2018-11-25,0.0,33.43,21.55,69.48,30.77
2018-11-26,0.0,35.13,21.37,70.25,24.14
2018-11-27,0.0,37.18,21.23,57.53,20.51
2018-11-28,0.0,38.11,18.21,66.67,17.62
2018-11-29,0.0,37.8,21.06,59.2,15.55
2018-11-30,0.0,37.72,19.35,58.82,16.51
2018-12-01,0.0,37.75,20.26,55.59,14.91
2018-12-02,0.0,37.77,19.26,46.82,15.77
2018-12-03,0.0,37.57,16.63,55.97,14.9
2018-12-04,0.0,37.55,16.11,54.46,15.78
2018-12-05,0.0,38.19,18.29,57.39,16.79
2018-12-06,0.0,38.86,19.62,59.03,14.18
2018-12-07,0.0,38.51,19.38,66.21,16.44
2018-12-08,0.0,37.18,19.64,62.32,14.41
2018-12-09,0.0,36.39,18.3,50.4,13.35
2018-12-10,0.0,37.18,17.98,55.43,13.81
2018-12-11,0.0,35.23,15.96,64.58,17.0
2018-12-12,0.0,35.12,16.5,81.61,15.27
2018-12-13,0.0,36.12,19.11,67.8,13.9
2018-12-14,0.0,36.65,22.1,42.5,15.68
2018-12-15,0.0,33.5,22.78,42.1,16.14
2018-12-16,0.0,35.32,20.3,57.04,19.07
2018-12-17,0.0,35.26,18.12,74.18,19.63
2018-12-18,0.0,35.64,16.96,66.46,19.61
2018-12-19,0.0,35.9,18.38,57.24,12.85
2018-12-20,0.0,36.53,18.73,56.85,14.53
2018-12-21,0.0,36.42,18.56,41.6,14.82
2018-12-22,0.0,36.43,18.63,43.73,16.15
2018-12-23,0.0,35.82,19.55,41.7,16.77
2018-12-24,0.0,35.82,17.96,45.42,14.02
2018-12-25,0.0,35.95,17.08,44.09,13.87
2018-12-26,0.0,35.05,16.95,46.0,15.22
2018-12-27,0.0,34.35,16.81,50.65,17.84
2018-12-28,0.0,34.22,15.19,55.04,15.07
2018-12-29,0.0,32.4,16.57,56.93,17.49
2018-12-30,0.0,35.0,15.71,55.85,15.39
2018-12-31,0.0,35.45,17.7,66.3,15.81
2019-01-01,0.0,38.61,18.36,64.97,19.75
2019-01-02,0.0,37.35,21.56,55.58,15.69
2019-01-03,0.0,34.09,19.3,39.88,14.45
2019-01-04,0.0,30.78,17.03,44.46,17.2
2019-01-05,0.0,33.91,18.88,44.42,18.26
2019-01-06,0.0,34.41,16.92,46.31,17.64
2019-01-07,0.0,32.6,19.38,45.33,16.54
2019-01-08,0.0,36.24,14.36,52.89,15.91
2019-01-09,0.0,36.22,15.52,58.25,15.6
2019-01-10,0.0,32.61,15.77,59.07,16.81
2019-01-11,0.0,33.42,16.01,62.87,16.71
2019-01-12,0.0,35.03,15.51,62.33,16.72
2019-01-13,0.0,37.13,17.12,62.39,16.41
2019-01-14,0.0,37.13,17.55,63.45,17.34
2019-01-15,0.0,35.13,16.81,71.19,22.96
2019-01-16,0.0,34.55,16.53,91.58,24.27
2019-01-17,0.0,35.01,16.97,93.01,17.68
2019-01-18,0.0,30.14,17.83,58.71,23.25
2019-01-19,0.0,29.37,15.62,52.93,24.56
2019-01-20,0.0,31.29,14.92,54.79,19.55
2019-01-21,0.0,31.82,14.89,48.59,11.27
2019-01-22,0.0,30.8,13.37,63.68,16.36
2019-01-23,0.0,31.86,16.48,61.7,18.47
2019-01-24,0.0,32.98,16.27,73.23,22.06
2019-01-25,0.0,34.47,16.56,83.38,21.14
2019-01-26,0.0,35.88,18.5,67.46,12.79
2019-01-27,0.0,36.6,19.14,41.66,13.05
2019-01-28,0.0,35.77,18.95,42.17,11.75
2019-01-29,0.0,34.63,16.85,62.4,18.0
2019-01-30,0.0,34.58,15.68,78.56,20.0
2019-01-31,0.0,34.41,16.77,66.64,18.52
2019-02-01,0.0,34.99,15.05,81.91,19.22
2019-02-02,0.0,34.09,16.08,83.73,22.61
2019-02-03,0.0,34.41,16.41,79.15,22.46
2019-02-04,0.0,33.55,16.41,86.17,25.39
2019-02-05,0.0,34.67,16.2,86.08,26.42
2019-02-06,0.0,36.59,17.07,74.0,15.68
2019-02-07,0.0,36.12,20.17,41.48,11.32
2019-02-08,0.0,34.55,22.17,28.83,12.24
2019-02-09,0.0,37.56,18.47,37.54,11.7
2019-02-10,0.0,38.25,19.74,36.04,11.27
2019-02-11,0.0,39.04,20.71,30.17,10.53
2019-02-12,0.0,38.68,19.67,31.15,9.86
2019-02-13,0.0,37.96,21.3,25.96,9.71
2019-02-14,0.0,38.78,19.4,30.27,10.12
2019-02-15,0.05,38.96,20.35,40.14,11.11
2019-02-16,0.0,32.84,19.35,69.31,25.14
2019-02-17,0.0,34.55,17.75,86.18,20.09
2019-02-18,0.0,33.65,17.06,88.14,22.35
2019-02-19,0.0,33.44,18.44,71.58,19.97
2019-02-20,0.0,35.43,15.65,74.96,16.41
2019-02-21,0.0,37.99,17.68,53.72,14.93
2019-02-22,0.0,39.03,19.74,47.97,12.13
2019-02-23,0.0,38.03,21.88,37.76,11.52
2019-02-24,0.0,35.26,22.3,34.07,14.8
2019-02-25,0.0,34.67,18.79,33.1,11.4
2019-02-26,0.0,34.01,17.67,34.2,10.17
2019-02-27,0.0,32.73,19.83,27.51,11.74
2019-02-28,0.0,33.33,17.67,32.4,9.64
2019-03-01,0.0,32.54,19.01,22.53,11.29
2019-03-02,0.0,33.79,17.34,45.88,12.09
2019-03-03,0.0,34.71,15.28,54.72,12.87
2019-03-04,0.0,38.0,16.03,60.05,12.48
2019-03-05,0.0,37.88,17.25,57.91,13.3
2019-03-06,0.0,36.91,17.74,66.81,13.62
2019-03-07,0.0,36.65,16.56,76.45,11.78
2019-03-08,0.0,36.61,17.96,68.27,15.56
2019-03-09,0.0,35.72,16.32,84.05,16.05
2019-03-10,0.0,37.66,18.4,71.43,15.45
2019-03-11,0.0,39.27,19.63,52.98,9.83
2019-03-12,0.0,38.07,21.21,30.09,11.8
2019-03-13,0.0,37.26,22.91,28.24,11.22
2019-03-14,0.0,37.73,22.0,28.67,10.98
2019-03-15,0.0,38.69,20.4,35.29,11.42
2019-03-16,0.0,38.06,17.94,69.92,16.79
2019-03-17,0.0,38.38,18.56,79.45,21.35
2019-03-18,0.0,40.54,19.0,83.94,11.29
2019-03-19,0.0,41.26,20.06,56.94,11.96
2019-03-20,0.0,39.69,19.43,79.22,15.99
2019-03-21,0.0,36.55,19.17,92.04,25.65
2019-03-22,0.0,31.42,19.23,94.65,39.39
2019-03-23,0.0,30.48,17.56,96.12,35.87
2019-03-24,0.0,31.05,17.13,95.15,35.32
2019-03-25,0.0,30.86,16.87,96.31,36.61
2019-03-26,0.0,31.3,17.69,92.72,34.76
2019-03-27,0.0,32.1,18.16,91.49,33.81
2019-03-28,0.0,32.5,18.82,85.1,34.15
2019-03-29,0.0,34.21,18.97,82.45,29.0
2019-03-30,0.0,33.14,19.46,74.73,31.31
2019-03-31,0.0,35.28,19.18,79.15,29.43
2019-04-01,0.0,36.75,19.52,67.27,24.09
2019-04-02,0.0,35.77,20.62,70.07,23.8
2019-04-03,0.0,34.0,19.68,74.62,33.69
2019-04-04,0.0,33.51,19.05,75.57,32.36
2019-04-05,0.0,34.82,18.58,79.68,25.48
2019-04-06,0.0,36.15,19.67,72.17,25.61
2019-04-07,0.0,38.55,22.07,60.63,15.53
2019-04-08,0.0,40.1,23.14,42.97,14.81
2019-04-09,0.0,40.31,23.67,41.77,11.79
2019-04-10,0.0,38.98,22.27,54.81,17.52
2019-04-11,0.0,37.19,19.84,73.06,20.19
2019-04-12,0.0,37.03,19.76,79.18,19.97
2019-04-13,0.0,37.68,17.27,84.73,18.1
2019-04-14,0.0,38.21,17.96,85.42,22.47
2019-04-15,0.0,38.86,18.73,84.71,18.72
2019-04-16,0.0,39.72,18.72,91.08,18.9
2019-04-17,0.0,36.84,19.4,84.18,22.74
2019-04-18,0.0,38.46,18.58,86.86,20.11
2019-04-19,0.0,39.29,19.64,78.97,20.56
2019-04-20,0.0,37.96,19.96,81.81,22.32
2019-04-21,0.0,36.88,18.9,92.57,23.83
2019-04-22,0.0,33.35,18.53,94.91,29.68
2019-04-23,0.0,34.7,17.75,96.73,28.24
2019-04-24,0.0,38.69,18.08,95.24,19.06
2019-04-25,0.0,40.27,20.63,74.29,17.15
2019-04-26,0.0,42.54,21.6,68.8,14.49
2019-04-27,0.0,41.96,22.97,61.34,17.23
2019-04-28,0.0,41.49,23.01,67.43,19.23
2019-04-29,0.0,40.51,22.78,63.06,18.04
2019-04-30,0.0,37.94,20.67,83.36,21.79
2019-05-01,0.0,31.61,19.4,94.55,41.96
2019-05-02,0.0,32.08,18.84,92.9,38.53
2019-05-03,0.0,31.53,18.49,94.3,34.68
2019-05-04,0.0,34.07,18.52,95.65,29.13
2019-05-05,0.0,38.62,19.45,89.14,23.11
2019-05-06,0.0,42.76,21.44,71.1,16.7
2019-05-07,0.0,42.54,24.62,61.02,18.45
2019-05-08,0.0,43.73,23.15,67.45,15.75
2019-05-09,0.0,39.9,21.48,88.43,27.22
2019-05-10,0.0,36.86,19.85,96.15,34.03
2019-05-11,0.0,37.7,20.38,93.47,28.95
2019-05-12,0.0,36.56,20.52,94.66,27.63
2019-05-13,0.0,34.11,19.6,95.75,31.64
2019-05-14,0.0,34.65,19.25,96.59,31.53
2019-05-15,0.0,32.47,19.7,92.85,39.56
2019-05-16,0.0,33.08,18.53,92.66,35.94
2019-05-17,0.0,33.9,19.43,91.98,33.11
2019-05-18,0.0,33.99,20.12,93.56,33.05
2019-05-19,0.0,33.39,19.6,88.14,30.8
2019-05-20,0.0,35.88,19.57,87.36,30.67
2019-05-21,0.0,38.75,20.29,89.9,22.9
2019-05-22,0.0,36.75,21.17,86.86,27.74
2019-05-23,0.0,36.51,20.16,90.84,30.34
2019-05-24,0.0,37.91,20.36,94.18,27.91
2019-05-25,0.0,36.17,20.61,96.04,31.34
2019-05-26,0.0,34.4,20.54,94.37,30.45
2019-05-27,0.0,35.18,20.66,94.94,30.11
2019-05-28,0.0,37.7,20.55,96.42,25.39
2019-05-29,0.0,37.25,22.02,87.44,26.15
2019-05-30,0.0,40.69,23.5,76.19,17.43
2019-05-31,0.0,37.59,21.53,88.58,29.41
2019-06-01,0.0,37.06,20.69,95.03,30.65
2019-06-02,0.0,36.41,20.48,94.23,33.29
2019-06-03,0.0,36.5,19.88,95.07,28.73
2019-06-04,0.0,34.94,21.47,95.17,37.17
2019-06-05,0.0,34.02,21.92,92.64,38.44
2019-06-06,0.0,35.93,22.06,93.51,38.3
2019-06-07,0.0,35.71,20.61,96.63,30.94
2019-06-08,0.0,36.58,20.15,97.31,30.06
2019-06-09,0.0,39.44,21.21,90.15,28.46
2019-06-10,0.0,36.63,23.82,87.77,36.46
2019-06-11,0.1,36.04,23.96,93.18,40.58
2019-06-12,0.35,35.32,22.2,92.29,38.61
2019-06-13,0.0,36.57,21.68,91.94,30.32
2019-06-14,0.55,36.06,21.14,94.41,33.41
2019-06-15,0.0,37.87,21.98,91.97,29.59
2019-06-16,0.0,38.48,22.76,85.11,30.38
2019-06-17,0.0,40.71,23.4,74.9,26.8
2019-06-18,0.0,35.91,24.83,83.24,39.19
2019-06-19,0.01,38.99,24.45,89.1,31.84
2019-06-20,0.0,36.92,22.64,96.2,39.72
2019-06-21,0.0,39.02,23.51,91.82,33.25
2019-06-22,0.0,36.45,22.97,94.15,39.06
2019-06-23,0.55,34.72,22.14,94.86,40.17
2019-06-24,0.0,35.75,22.54,94.7,35.78
2019-06-25,0.0,39.99,22.62,95.48,27.08
2019-06-26,0.0,38.02,24.18,91.27,38.95
2019-06-27,0.0,37.06,24.79,92.2,40.18
2019-06-28,0.81,34.84,24.9,91.91,40.53
2019-06-29,0.0,37.01,22.94,91.99,38.92
2019-06-30,3.31,33.19,23.1,94.42,48.9
2019-07-01,0.06,34.22,24.3,93.19,47.05
2019-07-02,0.51,37.3,24.38,91.02,40.79
2019-07-03,0.94,38.76,25.12,90.0,37.88
2019-07-04,0.0,36.52,24.6,93.18,41.05
2019-07-05,0.0,33.2,24.17,90.63,46.75
2019-07-06,0.17,34.29,23.93,87.52,49.17
2019-07-07,0.0,36.57,25.04,85.52,40.26
2019-07-08,1.05,35.3,24.47,88.06,46.62
2019-07-09,0.06,36.35,24.73,87.12,41.71
2019-07-10,0.0,34.83,24.2,91.24,44.06
2019-07-11,0.0,34.14,23.64,85.77,45.56
2019-07-12,0.1,36.35,22.73,87.59,38.12
2019-07-13,0.49,37.13,25.29,87.19,42.17
2019-07-14,0.09,35.38,24.19,87.74,44.53
2019-07-15,0.0,34.25,23.27,90.13,41.15
2019-07-16,0.0,35.64,24.76,85.37,43.93
2019-07-17,0.42,34.41,25.44,85.11,46.71
2019-07-18,0.25,33.89,25.37,92.05,51.77
2019-07-19,0.0,34.99,22.85,89.18,45.72
2019-07-20,0.0,35.29,22.82,88.26,46.35
2019-07-21,0.0,37.47,25.2,85.33,44.25
2019-07-22,0.42,36.56,25.48,82.66,41.16
2019-07-23,0.0,37.68,24.13,87.14,37.34
2019-07-24,0.27,36.42,25.82,92.14,45.41
2019-07-25,32.24,31.63,22.9,98.09,69.77
2019-07-26,5.13,34.28,23.79,94.82,52.88
2019-07-27,0.0,35.37,24.51,88.96,51.03
2019-07-28,0.23,35.04,25.49,87.12,51.76
2019-07-29,0.39,34.8,25.65,91.08,52.72
2019-07-30,0.0,36.14,26.34,89.47,51.47
2019-07-31,0.0,35.58,26.51,91.72,46.92
2019-08-01,1.3,36.1,25.27,88.8,48.1
2019-08-02,0.0,35.93,24.78,91.16,42.32
2019-08-03,0.0,36.7,25.2,91.46,44.4
2019-08-04,0.0,36.66,24.42,92.25,43.61
2019-08-05,0.0,35.14,26.57,86.41,51.11
2019-08-06,0.0,34.02,23.43,88.45,49.65
2019-08-07,0.0,33.82,22.52,90.03,49.73
2019-08-08,0.0,35.25,24.61,86.44,50.57
2019-08-09,0.0,36.5,24.98,90.36,47.64
2019-08-10,0.0,36.24,25.28,91.04,48.69
2019-08-11,0.0,35.56,24.83,91.28,54.74
2019-08-12,0.55,35.44,24.63,90.34,52.45
2019-08-13,0.0,36.16,26.3,88.81,50.92
2019-08-14,0.0,35.1,25.46,86.27,50.27
2019-08-15,0.0,34.39,24.93,85.53,52.59
2019-08-16,0.0,36.56,25.72,89.37,47.93
2019-08-17,0.0,34.43,26.5,91.5,56.21
2019-08-18,14.52,33.83,24.8,95.92,59.35
2019-08-19,19.87,32.28,22.73,96.7,64.77
2019-08-20,0.32,35.82,25.24,94.97,57.1
2019-08-21,0.23,32.33,25.83,93.26,61.27
2019-08-22,43.84,30.66,22.99,97.74,73.98
2019-08-23,33.11,31.41,24.25,97.74,69.83
2019-08-24,0.55,33.67,24.83,97.04,59.81
2019-08-25,0.0,32.65,24.95,93.48,60.01
2019-08-26,0.5,31.85,24.8,95.57,66.58
2019-08-27,0.6,34.16,25.63,97.33,60.39
2019-08-28,5.34,34.11,25.83,96.42,62.67
2019-08-29,20.98,32.08,24.56,98.29,70.91
2019-08-30,30.9,30.23,23.52,99.07,76.93
2019-08-31,27.69,31.73,23.99,99.42,69.79
2019-09-01,1.05,31.05,25.23,96.51,73.14
2019-09-02,9.73,32.76,24.38,98.69,65.47
2019-09-03,1.64,34.14,24.32,96.91,61.17
2019-09-04,0.0,34.98,26.52,98.03,63.52
2019-09-05,28.67,34.63,26.36,99.25,76.22
2019-09-06,2.35,33.1,23.84,97.72,61.1
2019-09-07,0.08,31.4,24.55,98.35,77.77
2019-09-08,12.04,33.68,23.39,96.93,64.78
2019-09-09,1.13,34.07,24.37,95.72,65.81
2019-09-10,1.3,34.15,24.62,98.59,66.46
2019-09-11,3.73,34.05,24.73,98.03,62.97
2019-09-12,2.93,35.9,25.31,97.82,63.76
2019-09-13,8.91,33.77,23.69,98.79,64.38
2019-09-14,0.98,34.13,25.01,97.27,66.36
2019-09-15,7.44,34.07,25.62,97.27,66.07
2019-09-16,0.08,33.57,22.24,98.23,66.21
2019-09-17,31.18,34.01,22.21,98.02,65.39
2019-09-18,0.78,34.79,25.71,96.51,62.48
2019-09-19,3.69,31.57,24.14,98.06,70.46
2019-09-20,18.79,31.68,24.47,98.61,71.59
2019-09-21,0.43,32.85,23.71,96.41,62.93
2019-09-22,5.27,32.15,25.49,97.79,68.62
2019-09-23,2.52,33.96,25.41,96.55,58.11
2019-09-24,3.42,31.82,22.57,97.84,71.3
2019-09-25,2.0,33.61,24.8,97.27,64.76
2019-09-26,0.0,33.88,24.73,96.29,63.25
2019-09-27,0.0,34.08,25.07,96.26,63.64
2019-09-28,0.0,34.12,25.01,96.64,61.29
2019-09-29,0.24,32.53,24.64,95.38,61.28
2019-09-30,0.88,35.57,24.55,93.8,52.37
2019-10-01,0.0,36.35,25.86,96.07,49.1
2019-10-02,0.0,36.39,25.01,97.32,55.55
2019-10-03,8.88,34.73,23.46,97.85,64.7
2019-10-04,0.04,30.98,23.75,94.02,67.46
2019-10-05,0.31,31.32,23.66,98.27,74.86
2019-10-06,4.17,35.09,24.81,97.44,58.85
2019-10-07,0.28,32.78,25.4,96.04,65.6
2019-10-08,0.54,36.74,20.9,97.05,64.63
2019-10-09,0.99,30.88,24.9,95.77,75.37
2019-10-10,0.14,35.13,24.68,97.91,57.26
2019-10-11,0.0,36.13,24.61,96.74,49.0
2019-10-12,0.0,37.96,25.11,97.86,38.53
2019-10-13,0.0,35.21,26.86,93.47,56.3
2019-10-14,2.0,32.34,23.78,96.11,64.72
2019-10-15,11.54,33.23,24.28,97.74,66.08
2019-10-16,4.89,34.89,23.68,97.33,66.2
2019-10-17,0.0,36.9,25.54,97.39,57.64
2019-10-18,0.0,36.53,25.92,98.25,57.82
2019-10-19,0.0,36.78,26.18,97.31,55.31
2019-10-20,0.0,36.97,24.65,95.15,44.99
2019-10-21,0.0,36.32,22.86,97.58,44.22
2019-10-22,0.0,35.46,23.16,97.48,40.64
2019-10-23,0.0,36.75,23.5,89.86,39.72
2019-10-24,0.0,34.06,24.38,91.34,56.51
2019-10-25,0.9,34.33,24.83,95.14,62.09
2019-10-26,0.0,36.73,24.94,95.59,51.71
2019-10-27,0.0,37.93,24.66,92.09,31.27
2019-10-28,0.0,37.75,18.08,81.4,17.2
2019-10-29,0.0,37.98,17.93,80.21,16.97
2019-10-30,0.0,38.6,19.75,74.14,17.98
2019-10-31,0.0,37.75,20.67,68.53,19.47
2019-11-01,0.0,39.04,20.27,71.16,21.28
2019-11-02,0.0,38.92,19.95,69.56,20.7
2019-11-03,0.0,37.96,23.71,70.13,34.48
2019-11-04,0.0,39.89,21.37,78.64,20.35
2019-11-05,0.0,40.27,22.63,75.06,22.91
2019-11-06,0.0,39.16,22.7,78.48,27.16
2019-11-07,0.0,36.28,20.26,84.78,29.38
2019-11-08,0.0,36.1,20.22,86.57,34.3
2019-11-09,0.0,36.49,20.54,87.34,34.06
2019-11-10,0.0,37.08,21.51,90.3,30.75
2019-11-11,0.0,38.82,21.81,78.48,25.31
2019-11-12,0.0,38.54,21.73,66.22,22.04
2019-11-13,0.0,37.82,20.09,82.67,23.66
2019-11-14,0.0,36.48,18.65,89.2,29.7
2019-11-15,0.0,36.63,20.71,94.62,29.21
2019-11-16,0.0,34.12,21.45,94.35,45.52
2019-11-17,0.0,37.52,22.37,87.74,27.12
2019-11-18,0.0,36.88,22.62,67.46,23.42
2019-11-19,0.0,37.01,22.19,68.3,23.98
2019-11-20,0.0,36.63,21.67,57.73,24.33
2019-11-21,0.0,36.87,20.21,67.62,22.84
2019-11-22,0.0,37.16,19.72,72.67,23.13
2019-11-23,0.0,36.78,19.05,68.58,22.99
2019-11-24,0.0,38.75,18.89,70.47,23.08
2019-11-25,0.0,38.77,18.98,66.51,21.23
2019-11-26,0.0,38.49,20.0,73.81,26.7
2019-11-27,0.0,36.15,19.34,81.31,32.35
2019-11-28,0.0,35.92,18.69,92.27,28.52
2019-11-29,0.0,36.02,19.3,87.76,30.32
2019-11-30,0.0,37.38,18.88,89.07,25.75
2019-12-01,0.0,38.6,19.42,88.99,24.8
2019-12-02,0.0,38.46,18.87,85.23,21.61
2019-12-03,0.0,36.83,18.92,88.68,26.54
2019-12-04,0.0,35.43,19.22,82.82,26.34
2019-12-05,0.0,32.12,18.64,81.12,35.91
2019-12-06,0.0,31.47,15.92,93.98,40.96
2019-12-07,0.0,32.18,17.67,94.17,28.8
2019-12-08,0.0,32.22,19.57,68.5,30.04
2019-12-09,0.0,33.16,19.56,72.59,24.67
2019-12-10,0.0,36.41,19.9,65.0,19.37
2019-12-11,0.0,33.93,20.42,43.66,24.0
2019-12-12,0.0,34.88,18.33,50.89,21.78
2019-12-13,0.0,36.19,17.76,55.79,21.04
2019-12-14,0.0,37.67,16.37,67.33,17.66
2019-12-15,0.0,38.0,17.02,86.13,18.43
2019-12-16,0.0,33.3,17.92,98.72,34.11
2019-12-17,0.0,34.13,17.4,93.4,22.74
2019-12-18,0.0,36.0,17.34,80.96,21.3
2019-12-19,0.0,36.2,17.71,80.23,25.35
2019-12-20,0.0,36.15,18.17,69.12,20.03
2019-12-21,0.0,35.95,17.94,56.97,18.14
2019-12-22,0.0,37.41,17.76,54.65,16.97
2019-12-23,0.0,38.56,18.36,64.34,18.76
2019-12-24,0.0,38.94,18.44,51.91,18.18
2019-12-25,0.0,37.64,17.69,63.51,21.39
2019-12-26,0.0,37.72,15.31,69.06,18.57
2019-12-27,0.0,37.61,16.08,82.64,22.48
2019-12-28,0.0,37.48,15.69,88.67,15.94
2019-12-29,0.0,36.87,15.27,73.21,16.4
2019-12-30,0.0,35.82,18.57,42.59,16.22
2019-12-31,0.0,34.61,18.81,39.7,18.66
2020-01-01,0.0,33.2,19.07,35.48,17.98
2020-01-02,0.0,32.37,18.15,36.64,20.17
2020-01-03,0.0,31.23,19.43,40.99,20.14
2020-01-04,0.0,31.48,18.94,35.49,15.53
2020-01-05,0.0,30.42,16.07,45.43,19.63
2020-01-06,0.0,30.15,15.22,61.2,20.73
2020-01-07,0.0,29.26,15.56,48.19,20.34
2020-01-08,0.0,29.59,13.99,49.43,19.21
2020-01-09,0.0,29.95,16.3,45.5,21.01
2020-01-10,0.0,30.48,14.84,44.97,17.82
2020-01-11,0.0,32.13,14.99,41.33,17.21
2020-01-12,0.0,32.68,16.94,42.1,14.19
2020-01-13,0.0,34.08,16.66,40.21,13.52
2020-01-14,0.0,32.34,17.06,37.9,16.09
2020-01-15,0.0,34.16,17.2,41.92,13.33
2020-01-16,0.0,35.21,16.88,38.98,14.21
2020-01-17,0.0,34.78,17.15,38.08,15.43
2020-01-18,0.0,34.44,17.8,36.58,15.91
2020-01-19,0.0,35.72,18.94,38.86,16.56
2020-01-20,0.0,36.27,16.93,53.88,14.85
2020-01-21,0.0,35.87,16.3,65.18,16.9
2020-01-22,0.0,34.77,19.63,52.37,18.27
2020-01-23,0.0,34.55,21.46,52.23,20.94
2020-01-24,0.0,38.32,22.57,50.35,21.96
2020-01-25,0.0,39.3,22.07,52.0,18.97
2020-01-26,0.0,36.96,21.01,64.42,18.51
2020-01-27,0.0,39.78,19.56,51.75,14.97
2020-01-28,0.0,39.92,18.88,56.44,11.17
2020-01-29,0.0,39.18,17.33,62.22,11.33
2020-01-30,0.0,39.47,20.39,38.85,11.6
2020-01-31,0.0,39.2,21.18,37.86,13.05
2020-02-01,0.0,38.88,19.39,40.61,14.17
2020-02-02,0.0,38.21,17.53,64.42,17.39
2020-02-03,0.0,38.58,18.67,66.97,21.43
2020-02-04,0.0,38.51,18.92,87.45,14.49
2020-02-05,0.0,38.2,17.51,40.0,11.92
2020-02-06,0.0,38.28,17.86,47.67,12.46
2020-02-07,0.0,38.16,19.13,45.28,13.33
2020-02-08,0.0,37.68,19.31,36.9,15.8
2020-02-09,0.0,36.78,17.91,54.05,14.76
2020-02-10,0.0,37.05,18.43,54.47,14.66
2020-02-11,0.0,38.49,19.56,37.88,11.68
2020-02-12,0.0,38.66,20.29,40.28,15.33
2020-02-13,0.0,38.85,23.27,41.48,14.66
2020-02-14,0.0,39.09,21.86,37.56,13.55
2020-02-15,0.0,38.39,22.0,40.38,16.06
2020-02-16,0.0,39.06,22.51,41.35,15.82
2020-02-17,0.0,39.19,22.55,46.49,13.22
2020-02-18,0.0,39.88,24.85,30.82,11.36
2020-02-19,0.0,40.46,21.09,41.88,12.84
2020-02-20,0.0,38.55,22.35,55.19,16.67
2020-02-21,0.0,37.99,20.36,84.16,22.54
2020-02-22,0.0,35.14,19.63,95.02,32.89
2020-02-23,0.0,34.73,20.24,94.08,30.86
2020-02-24,0.0,39.02,22.6,82.5,16.36
2020-02-25,0.0,39.54,27.95,42.69,13.37
2020-02-26,0.0,40.67,25.83,37.27,15.59
2020-02-27,0.0,40.54,24.05,35.05,13.14
2020-02-28,0.0,40.42,21.47,46.1,12.53
2020-02-29,0.0,39.35,21.08,50.72,13.0
2020-03-01,0.0,39.51,20.87,53.19,11.7
2020-03-02,0.0,40.39,20.41,53.22,12.37
2020-03-03,0.0,41.07,22.05,34.68,12.72
2020-03-04,0.0,42.53,20.67,47.0,13.17
2020-03-05,0.0,43.08,20.12,65.92,13.18
2020-03-06,0.0,42.94,19.94,56.97,13.01
2020-03-07,0.0,42.09,19.25,69.75,16.57
2020-03-08,0.0,41.86,18.54,82.76,16.24
2020-03-09,0.0,42.12,20.55,65.39,15.04
2020-03-10,0.0,42.26,19.49,78.09,11.05
2020-03-11,0.0,41.02,19.82,69.5,13.84
2020-03-12,0.0,41.45,21.64,46.84,13.78
2020-03-13,0.0,40.78,21.43,47.97,12.24
2020-03-14,0.0,39.29,21.8,64.36,15.39
2020-03-15,0.0,35.62,19.42,94.76,26.08
2020-03-16,0.0,36.79,18.99,85.75,18.53
2020-03-17,0.0,38.24,18.55,88.11,27.46
2020-03-18,0.0,34.59,18.93,97.87,27.55
2020-03-19,0.0,35.54,19.01,88.95,21.05
2020-03-20,0.0,37.63,19.06,72.91,19.29
2020-03-21,0.0,40.48,20.37,61.79,17.39
2020-03-22,0.0,36.88,21.69,72.49,24.06
2020-03-23,0.0,31.09,18.93,81.95,34.92
2020-03-24,0.0,32.16,17.28,82.66,27.2
2020-03-25,0.0,37.16,16.83,89.51,21.57
2020-03-26,0.0,35.89,17.99,76.91,24.51
2020-03-27,0.0,34.44,18.99,80.27,29.99
2020-03-28,0.0,35.31,19.03,74.46,27.88
2020-03-29,0.0,39.16,20.41,67.4,20.43
2020-03-30,0.0,41.32,22.23,55.4,19.16
2020-03-31,0.0,42.33,23.64,48.91,14.61
2020-04-01,0.0,43.04,24.23,58.36,18.51
2020-04-02,0.0,41.92,24.09,60.17,22.81
2020-04-03,0.0,40.81,23.77,57.14,20.02
2020-04-04,0.0,37.27,20.26,82.21,27.9
2020-04-05,0.0,37.11,19.63,91.1,32.8
2020-04-06,0.0,41.45,20.04,87.13,20.24
2020-04-07,0.0,43.19,21.83,72.18,19.11
2020-04-08,0.0,43.55,22.28,68.96,15.41
2020-04-09,0.0,44.05,22.44,62.02,14.02
2020-04-10,0.0,45.13,21.92,63.22,16.22
2020-04-11,0.0,40.96,21.18,80.74,25.82
2020-04-12,0.0,39.03,21.45,83.49,30.24
2020-04-13,0.0,38.38,21.58,88.16,28.13
2020-04-14,0.0,35.89,20.9,93.15,28.92
2020-04-15,0.0,36.96,19.94,89.22,25.91
2020-04-16,0.0,37.26,20.45,83.13,25.1
2020-04-17,0.0,36.59,20.22,88.37,22.62
2020-04-18,0.0,30.35,20.34,87.82,37.77
2020-04-19,0.0,36.09,19.46,90.82,24.76
2020-04-20,0.0,38.14,19.52,79.73,20.99
2020-04-21,0.0,40.29,21.7,61.51,14.39
2020-04-22,0.0,37.91,21.21,82.34,25.76
2020-04-23,0.0,33.27,19.86,91.84,33.38
2020-04-24,0.0,33.3,18.96,92.96,32.74
2020-04-25,0.0,35.7,19.89,87.98,26.53
2020-04-26,0.0,36.6,21.85,74.71,25.38
2020-04-27,0.0,40.26,22.28,72.36,21.2
2020-04-28,0.0,41.48,22.59,67.35,21.54
2020-04-29,0.0,41.85,23.3,69.0,23.56
2020-04-30,0.0,43.36,22.91,67.54,16.66
2020-05-01,0.0,43.11,24.07,63.68,18.13
2020-05-02,0.0,41.74,22.77,80.18,21.51
2020-05-03,0.0,41.46,21.81,84.48,18.05
2020-05-04,0.0,42.55,21.57,77.05,17.94
2020-05-05,0.0,43.09,21.02,80.6,17.86
2020-05-06,0.0,39.78,21.34,91.19,26.55
2020-05-07,0.0,38.83,19.91,94.6,25.86
2020-05-08,0.0,38.47,22.3,83.73,27.06
2020-05-09,0.01,37.98,22.33,80.46,28.19
2020-05-10,0.0,34.91,20.98,87.93,38.53
2020-05-11,0.0,36.94,20.71,91.01,35.74
2020-05-12,0.0,37.85,21.91,84.85,34.37
2020-05-13,0.0,39.34,21.6,81.86,27.67
2020-05-14,0.0,38.57,20.98,81.4,31.8
2020-05-15,0.0,38.01,21.52,85.09,32.09
2020-05-16,0.0,39.67,21.32,83.93,28.19
2020-05-17,0.0,39.69,21.64,76.69,29.26
2020-05-18,0.0,38.91,20.61,91.74,29.16
2020-05-19,0.0,35.11,20.66,95.65,32.75
2020-05-20,0.0,35.54,20.56,94.83,34.08
2020-05-21,0.0,37.43,20.5,95.69,31.86
2020-05-22,0.0,39.96,21.12,95.41,27.91
2020-05-23,0.0,39.47,22.22,92.96,29.61
2020-05-24,0.0,38.76,20.46,94.92,30.02
2020-05-25,0.0,38.48,20.91,93.97,31.1
2020-05-26,0.0,38.88,21.44,95.15,32.1
2020-05-27,0.0,39.67,21.71,95.12,29.58
2020-05-28,0.0,38.34,22.79,93.17,34.43
2020-05-29,0.0,41.27,23.82,91.68,25.89
2020-05-30,0.0,38.97,24.0,90.54,29.59
2020-05-31,0.0,37.29,22.23,92.77,31.67
2020-06-01,0.0,36.1,21.8,86.8,34.39
2020-06-02,0.0,38.13,22.11,88.76,30.07
2020-06-03,0.0,39.05,23.4,85.84,23.46
2020-06-04,0.0,36.73,23.25,86.93,34.14
2020-06-05,0.0,35.11,21.51,85.5,34.61
2020-06-06,0.0,37.2,22.7,87.9,38.66
2020-06-07,0.0,37.91,24.4,91.31,33.28
2020-06-08,0.0,36.8,23.8,94.53,42.15
2020-06-09,0.0,37.19,25.19,90.22,41.76
2020-06-10,0.03,36.26,25.0,91.81,44.0
2020-06-11,0.0,37.83,25.85,89.85,42.29
2020-06-12,8.59,36.53,25.72,90.62,44.67
2020-06-13,0.0,31.6,22.7,96.95,62.16
2020-06-14,0.65,38.35,25.09,92.49,43.7
2020-06-15,0.0,36.07,24.53,94.45,49.59
2020-06-16,0.0,35.58,26.62,85.12,51.07
2020-06-17,0.0,37.86,26.92,94.4,41.99
2020-06-18,0.0,37.07,26.55,93.83,49.64
2020-06-19,0.0,35.02,27.08,90.31,52.31
2020-06-20,0.0,35.94,26.03,91.12,50.75
2020-06-21,0.0,37.94,25.29,90.86,38.86
2020-06-22,0.0,36.35,26.4,88.41,43.26
2020-06-23,0.0,36.67,25.93,86.5,46.35
2020-06-24,0.07,39.61,26.58,86.94,35.92
2020-06-25,0.0,38.12,26.06,92.56,36.88
2020-06-26,0.0,37.55,24.99,92.67,40.3
2020-06-27,0.0,36.12,23.45,88.21,41.14
2020-06-28,0.0,34.81,23.31,86.54,41.27
2020-06-29,0.0,36.88,25.31,81.4,42.6
2020-06-30,0.0,36.1,25.38,86.64,47.62
2020-07-01,6.88,37.72,26.0,87.7,42.78
2020-07-02,0.0,38.36,25.61,88.31,45.2
2020-07-03,0.0,37.48,25.51,83.83,40.36
2020-07-04,0.0,37.33,25.53,85.49,43.74
2020-07-05,0.0,34.31,26.62,78.18,54.01
2020-07-06,3.05,37.32,25.53,83.07,50.87
2020-07-07,3.74,36.31,25.45,90.21,53.01
2020-07-08,0.0,35.74,23.79,89.19,47.66
2020-07-09,0.0,34.71,25.91,83.72,50.04
2020-07-10,0.0,35.36,26.06,81.49,49.0
2020-07-11,3.69,35.51,26.85,85.54,49.04
2020-07-12,29.43,30.38,25.82,97.37,69.46
2020-07-13,26.27,31.35,23.72,98.72,62.29
2020-07-14,0.0,31.81,22.47,98.31,68.21
2020-07-15,0.0,33.09,23.69,93.49,52.8
2020-07-16,0.03,33.46,24.09,92.2,59.29
2020-07-17,18.72,32.91,23.43,96.74,63.18
2020-07-18,0.07,32.23,24.07,98.56,67.22
2020-07-19,0.36,34.8,24.55,95.17,57.85
2020-07-20,35.6,35.06,25.68,96.33,56.69
2020-07-21,14.75,31.78,22.62,98.83,65.76
2020-07-22,2.11,33.28,24.95,95.9,65.54
2020-07-23,0.0,33.21,25.74,95.15,61.59
2020-07-24,0.57,34.58,25.02,91.73,57.43
2020-07-25,8.88,31.14,23.12,93.81,66.08
2020-07-26,0.0,32.59,25.69,94.28,64.27
2020-07-27,0.0,34.63,24.65,93.06,56.94
2020-07-28,10.84,35.16,25.63,92.74,56.6
2020-07-29,18.68,32.47,25.0,95.86,64.2
2020-07-30,0.04,31.86,22.64,96.23,64.16
2020-07-31,1.57,32.27,25.34,95.27,67.99
2020-08-01,8.06,34.06,25.05,97.2,61.69
2020-08-02,0.0,34.01,23.25,93.4,60.72
2020-08-03,0.0,33.12,27.17,90.29,63.81
2020-08-04,0.58,32.49,26.08,92.71,68.69
2020-08-05,0.55,33.76,24.72,93.53,64.01
2020-08-06,0.28,33.52,25.74,94.68,63.44
2020-08-07,0.09,33.38,25.36,95.97,64.69
2020-08-08,0.0,35.71,24.62,91.94,53.62
2020-08-09,0.0,35.1,26.6,89.75,63.84
2020-08-10,0.69,34.36,25.93,91.69,59.23
2020-08-11,0.0,34.74,25.23,90.24,52.75
2020-08-12,18.95,34.7,25.61,92.56,58.54
2020-08-13,10.41,33.39,22.76,96.98,64.18
2020-08-14,2.27,33.16,23.17,97.13,67.16
2020-08-15,21.7,34.23,23.07,98.37,67.54
2020-08-16,0.0,33.63,26.95,99.46,61.42
2020-08-17,0.0,33.25,26.16,95.02,68.73
2020-08-18,0.0,34.05,26.48,95.71,66.93
2020-08-19,0.0,33.41,24.97,97.09,65.22
2020-08-20,25.99,35.52,26.04,97.31,56.71
2020-08-21,13.67,32.51,24.32,98.93,73.48
2020-08-22,0.0,32.71,25.36,99.18,69.63
2020-08-23,0.0,34.43,26.1,97.83,68.44
2020-08-24,0.0,34.45,25.8,94.85,61.45
2020-08-25,0.0,32.56,24.53,95.67,61.01
2020-08-26,32.32,32.59,24.45,98.99,70.4
2020-08-27,10.14,32.6,23.86,99.22,68.22
2020-08-28,0.0,33.18,24.77,97.85,67.47
2020-08-29,1.37,32.07,25.71,96.81,74.14
2020-08-30,0.0,33.64,25.85,97.96,66.29
2020-08-31,0.01,34.33,25.91,97.31,63.66
2020-09-01,27.01,30.89,25.64,97.49,70.48
2020-09-02,3.4,31.32,23.53,98.71,75.34
2020-09-03,0.62,32.27,24.63,98.54,65.67
2020-09-04,20.07,31.95,24.38,98.51,70.87
2020-09-05,86.8,30.66,24.69,99.17,80.48
2020-09-06,17.78,29.09,21.89,99.31,87.31
2020-09-07,0.47,30.56,24.06,96.67,81.79
2020-09-08,1.82,33.18,24.5,98.31,71.22
2020-09-09,18.45,31.01,23.26,97.98,68.37
2020-09-10,2.16,33.59,23.96,99.15,70.79
2020-09-11,10.57,32.4,24.99,96.17,68.33
2020-09-12,0.04,32.44,23.16,97.91,75.55
2020-09-13,20.58,33.56,24.38,98.49,65.15
2020-09-14,0.08,31.67,23.11,99.29,68.95
2020-09-15,2.12,33.93,24.48,98.39,64.3
2020-09-16,0.28,34.18,24.69,98.63,68.88
2020-09-17,0.0,33.56,25.46,97.9,73.38
2020-09-18,14.63,34.19,25.84,97.25,64.66
2020-09-19,0.21,32.81,23.36,98.59,74.06
2020-09-20,3.37,34.29,23.4,98.06,70.81
2020-09-21,1.26,31.57,22.1,98.51,60.94
2020-09-22,0.0,34.55,24.12,97.52,64.99
2020-09-23,0.12,35.37,25.37,97.71,65.93
2020-09-24,11.56,32.26,24.8,98.2,67.05
2020-09-25,0.0,34.96,24.06,98.87,68.28
2020-09-26,3.78,33.37,25.35,98.83,72.44
2020-09-27,0.02,34.34,23.67,98.43,66.13
2020-09-28,0.0,34.73,23.49,97.41,58.53
2020-09-29,0.0,36.43,25.21,97.05,59.57
2020-09-30,0.16,37.33,26.36,92.44,58.78
2020-10-01,0.0,36.08,25.36,96.27,58.06
2020-10-02,0.0,35.97,24.3,97.78,47.36
2020-10-03,0.6,32.49,24.21,94.5,49.61
2020-10-04,0.95,35.33,24.0,97.43,56.37
2020-10-05,18.51,36.35,25.04,96.91,57.85
2020-10-06,2.41,37.49,25.11,97.88,63.21
2020-10-07,0.28,36.67,25.64,97.51,64.03
2020-10-08,0.0,37.41,25.31,96.91,64.07
2020-10-09,0.0,38.85,26.18,98.13,58.82
2020-10-10,0.0,38.59,23.0,97.02,59.05
2020-10-11,0.0,35.91,25.37,96.91,55.33
2020-10-12,2.05,35.11,24.26,97.43,57.2
2020-10-13,0.41,31.53,23.96,95.52,70.16
2020-10-14,0.0,34.8,23.91,94.43,58.62
2020-10-15,0.0,36.08,24.93,96.92,54.6
2020-10-16,0.0,37.89,25.2,97.63,49.33
2020-10-17,0.0,37.24,25.73,97.49,53.29
2020-10-18,0.0,37.81,25.38,97.04,45.03
2020-10-19,0.0,39.45,26.27,97.95,37.93
2020-10-20,0.0,39.03,23.16,89.53,35.39
2020-10-21,0.0,38.33,23.22,90.35,34.35
2020-10-22,0.0,38.2,22.25,92.21,37.87
2020-10-23,0.0,38.49,23.36,97.22,39.25
2020-10-24,0.0,39.43,24.0,93.84,37.98
2020-10-25,0.0,39.47,24.05,93.75,37.15
2020-10-26,0.0,39.47,23.66,93.42,28.24
2020-10-27,0.0,39.52,23.16,89.91,24.44
2020-10-28,0.0,39.04,20.12,83.84,27.0
2020-10-29,0.0,39.26,20.47,86.9,23.94
2020-10-30,0.0,38.81,21.83,77.69,24.2
2020-10-31,0.0,38.34,22.44,86.01,33.75
2020-11-01,0.0,39.1,20.94,91.28,23.76
2020-11-02,0.0,39.37,20.04,83.22,26.37
2020-11-03,0.0,39.89,20.15,83.6,27.33
2020-11-04,0.0,38.06,20.99,91.71,39.82
2020-11-05,0.0,36.01,23.75,98.26,50.4
2020-11-06,0.21,37.25,24.42,96.84,49.39
2020-11-07,0.0,38.91,25.01,94.94,39.87
2020-11-08,0.0,40.63,25.25,86.2,31.53
2020-11-09,0.0,40.28,21.33,89.88,26.9
2020-11-10,0.0,38.78,20.95,90.55,35.02
2020-11-11,0.0,39.43,22.45,98.78,22.47
2020-11-12,0.0,39.3,20.23,68.75,17.86
2020-11-13,0.0,38.61,18.28,68.43,18.98
2020-11-14,0.0,38.25,17.3,64.05,15.64
2020-11-15,0.0,38.74,18.2,73.77,20.35
2020-11-16,0.0,38.65,18.23,76.94,19.62
2020-11-17,0.0,38.85,19.98,68.29,19.87
2020-11-18,0.0,38.52,19.51,62.08,18.47
2020-11-19,0.0,37.33,19.29,56.95,18.83
2020-11-20,0.0,38.31,18.08,67.06,19.58
2020-11-21,0.0,38.48,19.52,69.42,23.11
2020-11-22,0.0,38.78,19.76,89.0,26.37
2020-11-23,0.0,37.25,20.12,85.04,20.28
2020-11-24,0.0,37.01,21.85,55.57,20.8
2020-11-25,0.0,32.83,18.61,49.1,22.62
2020-11-26,0.0,34.79,19.08,67.98,17.61
2020-11-27,0.0,33.09,18.11,84.56,21.06
2020-11-28,0.0,33.13,17.17,83.99,24.01
2020-11-29,0.0,33.85,18.97,90.31,30.9
2020-11-30,0.0,32.8,20.08,88.57,37.38
2020-12-01,0.0,35.3,20.72,86.69,33.35
2020-12-02,0.0,35.06,20.04,90.26,37.39
2020-12-03,0.0,34.56,19.77,91.54,35.61
2020-12-04,0.0,35.62,19.75,95.15,35.0
2020-12-05,0.0,35.52,18.58,94.02,33.47
2020-12-06,0.0,35.45,20.09,86.8,25.63
2020-12-07,0.0,35.23,18.52,73.82,26.21
2020-12-08,0.0,35.42,18.42,73.1,29.62
2020-12-09,0.0,35.11,18.21,80.09,28.82
2020-12-10,0.0,35.28,18.4,70.39,21.75
2020-12-11,0.0,36.58,17.99,69.14,21.19
2020-12-12,0.0,37.37,19.49,77.09,22.25
2020-12-13,0.0,36.14,17.36,84.19,22.9
2020-12-14,0.0,35.2,17.17,84.37,22.07
2020-12-15,0.0,35.61,16.92,93.38,26.03
2020-12-16,0.0,34.82,17.06,94.09,27.9
2020-12-17,0.0,35.88,18.46,82.3,23.07
2020-12-18,0.0,33.01,18.83,70.88,25.64
2020-12-19,0.0,33.08,15.68,72.85,24.67
2020-12-20,0.0,33.85,17.24,70.83,22.8
2020-12-21,0.0,34.71,17.43,65.97,22.2
2020-12-22,0.0,34.6,16.48,69.39,22.0
2020-12-23,0.0,33.46,15.13,73.05,23.89
2020-12-24,0.0,33.01,15.1,82.83,26.92
2020-12-25,0.0,33.77,17.3,92.5,31.43
2020-12-26,0.0,34.32,19.62,78.6,28.34
2020-12-27,0.0,36.09,20.24,70.67,26.69
2020-12-28,0.0,36.92,20.91,72.26,26.11
2020-12-29,0.0,36.29,20.83,75.22,28.38
2020-12-30,0.0,36.34,20.16,85.16,32.09
2020-12-31,0.0,37.51,19.83,78.73,30.25
2021-01-01,0.0,37.13,20.31,64.76,24.49
2021-01-02,0.0,35.01,18.54,69.87,25.08
2021-01-03,0.0,35.16,16.64,72.06,24.68
2021-01-04,0.0,37.72,18.51,55.41,19.4
2021-01-05,0.0,37.81,19.13,57.13,21.19
2021-01-06,0.0,39.03,20.72,55.95,18.85
2021-01-07,0.0,38.64,19.54,66.79,19.78
2021-01-08,0.0,35.84,18.69,84.15,31.62
2021-01-09,0.0,31.26,18.86,91.11,40.16
2021-01-10,0.0,30.57,20.24,71.77,31.9
2021-01-11,0.0,29.16,18.24,49.37,25.13
2021-01-12,0.0,31.39,19.19,50.47,25.2
2021-01-13,0.0,33.03,16.69,54.38,21.92
2021-01-14,0.0,35.58,17.94,55.79,18.92
2021-01-15,0.0,35.16,18.59,51.76,19.03
2021-01-16,0.0,32.13,18.32,41.55,18.58
2021-01-17,0.0,31.64,19.87,39.3,16.54
2021-01-18,0.0,31.39,18.32,37.85,19.43
2021-01-19,0.0,34.67,17.64,47.53,13.98
2021-01-20,0.0,36.14,16.67,48.42,14.55
2021-01-21,0.0,38.17,18.4,46.79,12.63
2021-01-22,0.0,35.45,18.98,36.49,11.55
2021-01-23,0.0,35.41,18.54,36.04,13.26
2021-01-24,0.0,36.27,13.36,50.76,10.77
2021-01-25,0.0,37.49,15.26,38.95,9.69
2021-01-26,0.0,38.41,15.6,37.83,9.84
2021-01-27,0.0,38.3,14.48,42.57,10.61
2021-01-28,0.0,37.87,16.12,42.57,11.19
2021-01-29,0.0,36.34,17.45,45.39,14.65
2021-01-30,0.0,38.02,15.79,48.76,10.12
2021-01-31,0.0,36.72,17.23,43.86,11.51
2021-02-01,0.0,36.52,19.63,42.58,16.33
2021-02-02,0.0,38.22,16.97,54.99,13.21
2021-02-03,0.0,37.2,17.88,61.04,14.88
2021-02-04,0.0,33.72,19.38,74.17,27.03
2021-02-05,0.0,26.95,18.13,90.45,44.87
2021-02-06,0.0,25.21,17.4,77.17,39.22
2021-02-07,0.0,32.14,14.66,72.21,20.93
2021-02-08,0.0,32.88,17.43,49.54,18.58
2021-02-09,0.0,33.54,20.3,46.06,16.71
2021-02-10,0.0,34.98,18.23,51.14,15.53
2021-02-11,0.0,37.75,17.39,63.45,17.65
2021-02-12,0.0,38.64,18.02,54.34,14.68
2021-02-13,0.0,37.94,18.45,55.39,14.16
2021-02-14,0.0,38.77,19.69,57.56,13.63
2021-02-15,0.0,38.59,22.31,40.61,11.96
2021-02-16,0.0,38.23,20.08,46.06,13.34
2021-02-17,0.0,32.03,23.86,47.04,22.03
2021-02-18,0.0,35.69,21.41,49.33,22.16
2021-02-19,0.0,34.86,22.15,52.84,21.15
2021-02-20,0.0,35.47,18.42,62.59,21.5
2021-02-21,0.0,35.4,18.14,58.26,17.06
2021-02-22,0.0,39.28,20.36,59.31,13.98
2021-02-23,0.0,39.85,20.66,49.29,15.38
2021-02-24,0.0,40.24,20.13,52.4,15.83
2021-02-25,0.0,39.6,17.86,66.83,15.21
2021-02-26,0.0,35.83,20.78,36.0,16.77
2021-02-27,0.0,33.87,19.27,48.29,16.66
2021-02-28,0.0,32.8,17.55,75.83,21.03
2021-03-01,0.0,34.68,15.88,75.37,22.33
2021-03-02,0.0,38.64,18.7,57.9,18.66
2021-03-03,0.0,40.07,20.08,51.84,16.88
2021-03-04,0.0,38.14,20.22,61.65,20.68
2021-03-05,0.0,38.0,19.04,77.55,24.9
2021-03-06,0.0,39.63,20.71,62.29,18.69
2021-03-07,0.0,38.89,19.58,69.18,19.09
2021-03-08,0.0,36.6,18.62,63.97,17.8
2021-03-09,0.0,35.37,17.43,69.29,18.56
2021-03-10,0.0,35.14,18.14,62.94,18.51
2021-03-11,0.0,35.8,17.03,60.23,14.07
2021-03-12,0.0,37.08,17.57,51.16,13.81
2021-03-13,0.0,38.47,18.76,52.84,15.56
2021-03-14,0.0,40.06,18.29,62.39,15.98
2021-03-15,0.0,39.83,20.1,53.44,14.39
2021-03-16,0.0,38.66,17.28,75.86,19.09
2021-03-17,0.0,36.41,16.99,92.1,28.21
2021-03-18,0.0,37.34,17.31,82.89,26.39
2021-03-19,0.0,33.72,17.06,97.9,36.38
2021-03-20,0.0,36.65,17.0,87.93,26.71
2021-03-21,0.0,35.42,17.75,84.19,29.95
2021-03-22,0.0,36.1,17.79,85.68,26.5
2021-03-23,0.0,36.7,18.0,87.88,25.35
2021-03-24,0.0,38.72,20.0,75.94,23.44
2021-03-25,0.0,39.61,20.01,68.09,23.31
2021-03-26,0.0,38.03,19.32,76.87,28.18
2021-03-27,0.0,37.35,18.83,84.7,28.23
2021-03-28,0.0,36.03,17.86,86.16,29.13
2021-03-29,0.0,36.49,17.51,86.09,33.62
2021-03-30,0.0,32.8,18.35,84.87,42.08
2021-03-31,0.0,35.11,17.85,86.63,35.22
2021-04-01,0.0,39.84,18.29,82.01,27.25
2021-04-02,0.0,42.38,19.99,69.6,25.06
2021-04-03,0.0,40.98,21.02,67.79,24.41
2021-04-04,0.0,42.58,19.56,80.04,16.85
2021-04-05,0.0,44.05,20.1,66.58,12.23
2021-04-06,0.0,41.44,20.04,59.36,21.55
2021-04-07,0.0,39.06,19.57,66.66,18.78
2021-04-08,0.0,42.58,22.0,51.87,16.6
2021-04-09,0.0,41.08,20.28,70.22,22.88
2021-04-10,0.0,40.14,19.53,74.01,22.72
2021-04-11,0.0,40.14,19.51,79.92,26.48
2021-04-12,0.0,43.25,21.73,59.83,14.74
2021-04-13,0.0,42.94,22.05,55.33,14.72
2021-04-14,0.0,41.75,20.06,64.14,15.75
2021-04-15,0.0,37.55,19.9,74.92,30.1
2021-04-16,0.0,37.26,19.41,83.37,31.63
2021-04-17,0.0,39.57,19.67,73.99,22.37
2021-04-18,0.0,40.47,20.69,69.86,19.39
2021-04-19,0.0,40.97,21.05,65.38,21.81
2021-04-20,0.0,37.65,19.69,82.54,27.03
2021-04-21,0.0,34.79,18.64,93.36,36.0
2021-04-22,0.0,35.16,18.62,96.19,37.08
2021-04-23,0.0,37.41,19.04,88.12,26.02
2021-04-24,0.0,35.27,18.51,95.59,31.4
2021-04-25,0.0,34.03,18.31,94.44,33.73
2021-04-26,0.0,36.57,17.98,86.46,25.03
2021-04-27,0.0,34.98,19.39,84.16,32.49
2021-04-28,0.0,35.37,20.7,73.91,32.09
2021-04-29,0.0,36.53,20.03,83.33,28.89
2021-04-30,0.0,35.13,17.89,85.13,35.15
2021-05-01,0.0,35.68,20.15,79.63,35.13
2021-05-02,0.0,34.43,19.89,81.72,31.8
2021-05-03,0.0,32.98,18.62,88.03,33.81
2021-05-04,0.0,33.77,18.73,88.63,32.05
2021-05-05,0.0,34.08,19.4,92.95,35.08
2021-05-06,0.0,37.72,20.1,78.89,27.79
2021-05-07,0.0,36.85,23.08,84.6,41.81
2021-05-08,0.0,36.44,20.96,83.18,28.87
2021-05-09,0.0,33.98,19.22,90.93,38.41
2021-05-10,0.0,36.43,18.59,92.3,30.72
2021-05-11,0.25,39.41,19.68,91.63,28.59
2021-05-12,0.0,37.32,22.06,83.53,36.91
2021-05-13,0.0,39.72,23.46,67.03,25.95
2021-05-14,0.0,43.76,22.51,67.38,13.66
2021-05-15,0.0,40.01,21.79,74.03,21.95
2021-05-16,0.0,37.92,19.92,84.09,26.22
2021-05-17,0.0,38.97,19.87,88.57,27.67
2021-05-18,0.0,43.62,20.85,83.76,17.31
2021-05-19,0.0,40.0,22.85,66.81,26.6
2021-05-20,0.0,37.26,23.24,82.78,36.27
2021-05-21,0.0,35.62,19.73,95.67,33.25
2021-05-22,0.0,33.86,18.72,91.72,39.08
2021-05-23,0.0,35.12,18.46,91.2,37.18
2021-05-24,0.0,35.45,19.21,92.39,38.22
2021-05-25,0.0,36.58,20.71,89.31,40.63
2021-05-26,0.0,38.63,21.52,86.31,31.09
2021-05-27,0.0,37.17,21.15,86.33,36.33
2021-05-28,0.0,36.33,20.01,93.01,32.4
2021-05-29,0.0,35.96,21.26,86.12,32.99
2021-05-30,0.0,36.61,21.22,91.2,40.29
2021-05-31,0.0,35.34,21.81,88.57,43.8
2021-06-01,0.0,35.4,22.39,88.65,43.07
2021-06-02,0.0,35.35,21.2,93.27,40.01
2021-06-03,0.0,37.27,22.02,84.38,34.16
2021-06-04,0.0,38.92,25.12,71.85,34.34
2021-06-05,0.0,35.83,24.54,79.4,46.73
2021-06-06,0.0,38.02,24.05,59.27,37.99
2021-06-07,0.0,37.08,23.12,81.02,40.92
2021-06-08,0.59,40.11,24.4,81.69,38.46
2021-06-09,0.0,39.2,25.1,85.85,41.58
2021-06-10,5.56,38.76,24.47,86.11,40.85
2021-06-11,0.4,33.66,23.1,95.08,52.59
2021-06-12,0.0,37.48,24.82,89.09,49.61
2021-06-13,0.0,37.94,25.29,87.68,42.24
2021-06-14,0.0,34.71,24.76,87.71,54.37
2021-06-15,0.0,37.17,25.02,90.31,45.79
2021-06-16,0.0,37.54,24.56,84.03,43.63
2021-06-17,0.0,37.9,23.26,91.69,48.6
2021-06-18,0.0,35.85,29.59,93.75,37.82
2021-06-19,0.0,37.12,23.09,92.89,39.83
2021-06-20,0.33,37.41,22.33,92.72,37.56
2021-06-21,0.0,36.42,23.68,88.17,44.22
2021-06-22,0.0,37.85,24.67,90.39,44.44
2021-06-23,0.0,37.24,23.91,91.25,42.17
2021-06-24,0.0,37.22,23.65,85.94,34.05
2021-06-25,12.68,38.76,26.4,81.64,43.83
2021-06-26,12.98,29.32,21.64,97.45,74.43
2021-06-27,0.33,35.02,24.11,94.92,48.01
2021-06-28,0.08,37.74,24.68,93.8,41.94
2021-06-29,0.0,36.24,25.45,92.86,51.04
2021-06-30,0.0,34.29,23.98,93.5,53.31
2021-07-01,0.0,34.32,23.51,89.26,51.38
2021-07-02,1.3,36.73,23.95,90.12,46.58
2021-07-03,0.0,34.61,24.62,91.89,50.63
2021-07-04,0.0,33.87,24.64,87.15,50.83
2021-07-05,1.45,36.06,24.15,93.31,52.05
2021-07-06,0.0,36.58,25.58,93.48,49.84
2021-07-07,0.0,39.26,25.37,90.06,43.19
2021-07-08,0.0,36.17,25.68,86.86,46.29
2021-07-09,0.0,38.12,24.84,91.12,52.58
2021-07-10,0.0,33.84,24.2,86.86,58.5
2021-07-11,0.0,34.57,23.31,87.98,51.85
2021-07-12,0.0,34.98,24.17,87.99,45.04
2021-07-13,0.0,35.87,24.44,96.88,57.48
2021-07-14,0.0,36.49,25.25,93.41,56.67
2021-07-15,0.0,36.86,24.93,89.76,49.07
2021-07-16,0.0,38.02,24.81,91.85,53.43
2021-07-17,0.0,35.89,24.11,94.15,55.51
2021-07-18,0.0,37.4,25.54,91.21,52.49
2021-07-19,0.0,35.5,26.28,87.69,52.46
2021-07-20,0.0,37.62,25.39,91.51,50.29
2021-07-21,0.0,37.09,25.79,87.66,52.68
2021-07-22,0.0,35.56,26.16,90.4,52.91
2021-07-23,0.0,34.76,24.78,83.55,50.9
2021-07-24,0.02,35.65,22.74,87.31,51.72
2021-07-25,0.0,34.88,25.26,86.18,55.55
2021-07-26,0.0,35.87,25.19,90.28,55.1
2021-07-27,0.0,36.38,25.24,88.87,52.16
2021-07-28,0.0,36.36,24.81,85.01,52.82
2021-07-29,3.59,36.31,24.72,86.43,49.84
2021-07-30,15.03,36.37,25.6,94.61,56.46
2021-07-31,0.23,30.35,25.38,92.91,75.56
2021-08-01,0.33,34.88,24.14,96.3,58.7
2021-08-02,20.76,33.58,25.19,95.91,66.55
2021-08-03,29.69,28.5,24.2,99.29,87.8
2021-08-04,16.54,32.59,25.54,97.79,75.57
2021-08-05,0.35,32.97,23.55,96.79,68.55
2021-08-06,0.82,34.15,24.79,94.07,65.56
2021-08-07,3.12,31.38,25.56,96.49,71.01
2021-08-08,33.15,33.27,25.41,97.43,64.34
2021-08-09,0.0,32.0,22.25,97.0,71.2
2021-08-10,0.0,35.12,24.56,96.94,61.36
2021-08-11,0.0,34.51,25.26,92.38,48.84
2021-08-12,0.0,35.48,25.4,93.14,56.01
2021-08-13,0.0,34.27,25.66,91.38,59.18
2021-08-14,44.08,34.64,26.3,93.03,59.06
2021-08-15,0.18,30.06,21.98,99.24,80.0
2021-08-16,7.96,33.01,24.25,96.43,68.33
2021-08-17,42.34,32.35,23.98,96.35,66.44
2021-08-18,15.38,31.48,22.5,96.45,71.14
2021-08-19,35.45,29.9,23.92,97.57,73.59
2021-08-20,9.08,31.22,24.11,98.69,72.94
2021-08-21,0.0,32.29,22.71,97.2,67.3
2021-08-22,0.0,33.23,25.7,97.55,69.84
2021-08-23,0.03,33.93,26.0,96.46,66.04
2021-08-24,0.08,33.7,26.18,95.12,62.87
2021-08-25,30.89,33.41,25.73,96.36,67.38
2021-08-26,0.02,33.11,22.94,97.83,66.34
2021-08-27,27.65,33.76,25.55,96.32,53.1
2021-08-28,0.03,31.57,23.45,97.89,61.18
2021-08-29,20.77,34.67,25.91,94.08,60.66
2021-08-30,0.11,33.3,21.48,96.79,66.23
2021-08-31,9.94,33.94,25.27,97.24,62.89
2021-09-01,0.81,32.91,23.22,95.57,63.17
2021-09-02,0.12,34.84,25.14,96.22,61.08
2021-09-03,0.01,34.66,26.47,96.47,65.04
2021-09-04,0.43,35.26,22.79,93.78,59.63
2021-09-05,0.0,32.77,25.14,94.21,62.81
2021-09-06,0.0,34.64,25.23,95.34,57.92
2021-09-07,0.0,33.5,26.79,91.58,63.24
2021-09-08,0.0,35.45,25.02,95.79,57.02
2021-09-09,0.02,36.14,26.48,93.13,54.42
2021-09-10,13.0,31.19,24.16,97.9,80.79
2021-09-11,0.0,32.87,24.82,95.65,65.93
2021-09-12,0.82,35.15,25.71,96.78,61.39
2021-09-13,0.94,34.72,25.37,96.42,62.53
2021-09-14,0.0,35.82,25.23,93.0,60.16
2021-09-15,13.34,35.89,25.41,96.43,59.88
2021-09-16,0.13,31.46,21.52,96.7,67.86
2021-09-17,10.16,33.7,24.75,94.37,63.1
2021-09-18,0.73,33.2,24.58,96.77,71.37
2021-09-19,9.38,30.28,22.16,94.71,72.6
2021-09-20,0.0,34.82,23.51,96.98,59.86
2021-09-21,0.0,36.02,26.16,95.76,56.48
2021-09-22,0.0,35.72,25.99,96.8,58.3
2021-09-23,1.2,36.78,25.75,95.53,56.78
2021-09-24,0.0,34.11,23.77,94.32,61.34
2021-09-25,0.5,35.61,25.33,93.58,54.39
2021-09-26,0.1,35.11,25.19,95.26,48.52
2021-09-27,0.0,37.5,25.06,96.02,45.53
2021-09-28,0.0,37.38,26.19,94.04,50.94
2021-09-29,0.0,35.4,26.81,90.75,54.18
2021-09-30,0.03,35.8,26.19,91.92,53.02
2021-10-01,0.0,36.29,25.66,93.7,48.59
2021-10-02,21.53,36.38,25.85,95.75,51.25
2021-10-03,0.0,35.17,22.8,97.9,59.53
2021-10-04,0.0,35.97,25.94,95.99,54.14
2021-10-05,0.0,30.09,23.43,97.19,70.25
2021-10-06,0.0,36.98,23.17,96.51,52.68
2021-10-07,0.29,36.36,25.4,98.08,55.39
2021-10-08,0.0,34.41,24.08,89.47,59.47
2021-10-09,0.0,34.9,24.9,95.67,63.02
2021-10-10,0.0,36.75,25.4,95.46,52.59
2021-10-11,0.0,37.21,24.08,95.28,41.68
2021-10-12,0.0,36.22,24.37,94.97,44.64
2021-10-13,0.0,36.3,23.84,95.51,44.8
2021-10-14,0.0,37.69,23.89,95.69,37.51
2021-10-15,0.0,38.86,25.26,97.68,39.42
2021-10-16,0.0,38.46,25.54,96.24,47.43
2021-10-17,0.0,37.28,25.69,97.0,46.16
2021-10-18,0.0,32.05,22.89,100.0,76.73
2021-10-19,0.0,38.88,25.94,96.68,40.17
2021-10-20,0.0,41.68,23.04,89.44,14.58
2021-10-21,0.0,38.48,23.33,91.55,35.16
2021-10-22,0.0,38.85,22.39,87.77,20.89
2021-10-23,12.73,37.94,18.82,81.65,28.27
2021-10-24,3.55,35.48,22.73,96.58,50.64
2021-10-25,0.14,32.47,22.31,94.37,64.57
2021-10-26,0.0,35.76,25.15,95.03,53.73
2021-10-27,0.0,36.64,23.34,85.72,38.02
2021-10-28,0.0,34.76,25.14,85.08,44.0
2021-10-29,0.0,35.64,25.01,87.71,38.37
2021-10-30,0.0,35.14,25.29,85.65,38.98
2021-10-31,0.0,36.51,25.26,90.59,37.71
2021-11-01,0.0,36.92,20.65,50.53,20.18
2021-11-02,0.0,35.63,16.76,53.83,19.23
2021-11-03,0.0,36.58,16.22,56.71,19.29
2021-11-04,0.0,35.58,18.16,47.43,17.75
2021-11-05,0.0,35.5,18.24,49.44,16.66
2021-11-06,0.0,35.24,17.55,62.9,21.52
2021-11-07,0.0,35.36,16.92,66.94,19.44
2021-11-08,0.0,30.13,20.7,56.43,26.24
2021-11-09,0.0,29.3,20.74,52.6,26.71
2021-11-10,0.0,34.33,19.81,61.28,28.46
2021-11-11,0.0,36.71,18.94,71.41,23.57
2021-11-12,0.0,36.0,20.81,79.65,29.12
2021-11-13,0.0,35.29,20.37,80.97,29.55
2021-11-14,0.0,35.66,20.14,78.31,29.05
2021-11-15,0.0,35.61,20.58,76.21,28.5
2021-11-16,0.0,35.56,20.07,82.11,30.08
2021-11-17,0.0,36.27,20.31,84.66,25.55
2021-11-18,0.0,37.29,18.75,82.24,20.49
2021-11-19,0.0,32.99,17.58,72.8,20.59
2021-11-20,0.0,38.56,18.68,70.91,19.98
2021-11-21,0.0,37.88,22.77,54.24,19.96
2021-11-22,0.0,37.35,22.18,43.65,17.5
2021-11-23,0.0,35.69,20.12,38.49,18.11
2021-11-24,0.0,35.77,22.27,40.57,17.09
2021-11-25,0.0,36.78,21.5,45.33,16.0
2021-11-26,0.0,34.53,19.08,77.91,29.4
2021-11-27,0.0,31.95,17.61,82.04,33.95
2021-11-28,0.0,33.93,19.95,69.45,30.47
2021-11-29,0.0,34.26,20.22,64.65,29.46
2021-11-30,0.0,37.93,20.04,69.8,18.44
2021-12-01,0.0,35.74,18.85,71.21,24.73
2021-12-02,0.0,37.76,20.73,57.06,18.02
2021-12-03,0.0,37.68,20.61,57.56,17.66
2021-12-04,0.0,38.39,21.7,53.24,17.31
2021-12-05,0.0,38.56,19.99,60.99,15.01
2021-12-06,0.0,37.23,19.93,49.02,14.96
2021-12-07,0.0,37.16,17.07,46.81,15.78
2021-12-08,0.0,37.42,17.88,58.04,18.46
2021-12-09,0.0,38.16,19.63,47.68,17.46
2021-12-10,0.0,37.68,18.91,46.61,20.43
2021-12-11,0.0,38.03,18.07,52.51,19.06
2021-12-12,0.0,38.13,16.12,74.97,21.83
2021-12-13,0.0,37.71,20.18,65.53,16.72
2021-12-14,0.0,37.81,20.11,69.85,16.59
2021-12-15,0.0,36.77,22.23,60.46,16.73
2021-12-16,0.0,33.36,21.31,62.74,25.33
2021-12-17,0.0,34.48,19.51,65.86,27.52
2021-12-18,0.0,36.62,20.5,61.77,27.05
2021-12-19,0.0,31.57,20.59,73.7,35.02
2021-12-20,0.0,34.29,23.16,53.77,27.92
2021-12-21,0.0,29.09,19.94,57.84,38.59
2021-12-22,0.0,29.55,20.1,57.61,36.21
2021-12-23,0.0,33.23,21.71,69.97,36.44
2021-12-24,0.0,37.25,21.76,48.46,20.13
2021-12-25,0.0,36.78,23.57,70.47,18.3
2021-12-26,0.0,35.92,22.11,47.99,27.04
2021-12-27,0.0,37.03,19.33,55.94,25.06
2021-12-28,0.0,37.43,16.67,68.39,20.34
2021-12-29,0.0,37.37,17.01,60.74,22.75
2021-12-30,0.0,36.05,18.49,42.26,20.35
2021-12-31,0.0,37.42,17.41,53.15,22.21
2022-01-01,0.0,36.49,20.63,49.37,21.39
2022-01-02,0.0,36.5,20.61,49.6,21.55
2022-01-03,0.0,35.21,16.68,52.37,20.64
2022-01-04,0.0,36.24,16.04,55.26,20.99
2022-01-05,0.0,35.4,18.08,45.2,18.7
2022-01-06,0.0,35.18,18.19,47.85,18.99
2022-01-07,0.0,34.92,17.51,62.18,22.8
2022-01-08,0.0,35.07,16.9,67.05,20.22
2022-01-09,0.0,29.65,20.66,59.1,27.95
2022-01-10,0.0,29.46,20.62,51.94,25.89
2022-01-11,0.0,34.26,19.78,61.3,27.37
2022-01-12,0.0,36.46,18.97,71.02,24.86
2022-01-13,0.0,36.18,20.92,80.86,29.06
2022-01-14,0.0,35.02,20.54,82.88,31.39
2022-01-15,0.0,35.42,20.06,81.08,30.17
2022-01-16,0.0,35.53,20.5,76.13,28.83
2022-01-17,0.0,35.62,20.12,80.97,29.86
2022-01-18,0.0,36.62,20.35,86.01,23.75
2022-01-19,0.0,37.59,18.69,81.63,19.49
2022-01-20,0.0,33.17,17.71,69.39,19.84
2022-01-21,0.0,38.66,18.72,69.7,18.52
2022-01-22,0.0,37.99,22.93,53.13,20.24
2022-01-23,0.0,37.23,22.33,43.66,18.28
2022-01-24,0.0,35.52,20.07,39.24,18.87
2022-01-25,0.0,35.5,22.3,40.46,17.86
2022-01-26,0.0,36.75,21.62,44.72,15.9
2022-01-27,0.0,34.31,19.03,80.19,30.5
2022-01-28,0.0,31.86,17.85,81.02,34.52
2022-01-29,0.0,33.27,18.67,68.96,33.45
2022-01-30,0.0,34.21,20.25,68.68,30.55
2022-01-31,0.0,38.31,20.05,73.93,17.37
2022-02-01,0.0,39.39,20.59,58.61,18.36
2022-02-02,0.0,38.14,22.89,43.2,16.5
2022-02-03,0.0,39.06,17.1,69.52,17.91
2022-02-04,0.0,38.4,17.09,51.25,16.98
2022-02-05,0.0,38.57,16.84,57.13,18.32
2022-02-06,0.0,38.69,18.01,57.57,17.96
2022-02-07,0.0,39.66,17.3,65.29,17.88
2022-02-08,0.0,39.28,17.52,59.29,17.66
2022-02-09,0.0,38.35,16.51,73.18,18.73
2022-02-10,0.0,37.56,22.08,33.78,16.61
2022-02-11,0.0,36.8,23.69,41.24,21.77
2022-02-12,0.0,36.06,20.44,40.01,19.08
2022-02-13,0.0,34.59,18.25,52.87,20.65
2022-02-14,0.0,35.09,18.35,54.27,18.68
2022-02-15,0.0,35.06,20.43,43.02,19.97
2022-02-16,0.0,34.86,19.23,43.19,15.26
2022-02-17,0.0,35.48,19.51,47.36,22.73
2022-02-18,0.0,35.58,21.2,49.56,20.77
2022-02-19,0.0,35.44,19.05,65.23,21.02
2022-02-20,0.0,37.76,19.77,58.68,19.66
2022-02-21,0.0,37.72,20.58,61.77,22.27
2022-02-22,0.0,36.82,20.66,74.31,29.84
2022-02-23,0.0,35.03,19.25,79.9,31.9
2022-02-24,0.0,34.57,18.36,87.84,36.89
2022-02-25,0.0,33.05,18.24,92.82,41.6
2022-02-26,0.0,30.23,17.83,94.9,50.17
2022-02-27,0.0,32.23,17.12,93.32,32.26
2022-02-28,0.0,31.88,16.03,93.49,29.61
2022-03-01,0.0,31.63,15.44,95.13,31.07
2022-03-02,0.0,35.79,17.05,96.95,25.93
2022-03-03,0.0,37.5,18.89,77.76,19.6
2022-03-04,0.0,35.77,20.7,42.59,19.47
2022-03-05,0.0,35.27,15.34,73.22,18.78
2022-03-06,0.0,38.61,17.95,59.42,18.37
2022-03-07,0.0,36.62,15.75,85.86,18.15
2022-03-08,0.0,39.15,17.47,59.19,17.72
2022-03-09,0.0,36.53,18.66,67.29,25.5
2022-03-10,0.0,37.96,17.83,73.89,19.72
2022-03-11,0.0,39.66,18.9,61.83,16.51
2022-03-12,0.0,40.19,24.96,35.1,15.29
2022-03-13,0.0,40.15,21.54,43.13,15.36
2022-03-14,0.0,38.52,19.1,75.62,22.29
2022-03-15,0.0,32.78,17.66,83.55,31.41
2022-03-16,0.0,35.07,17.71,88.28,26.94
2022-03-17,0.0,36.22,17.41,76.3,25.44
2022-03-18,0.0,36.98,17.59,76.19,24.84
2022-03-19,0.0,36.66,17.6,76.24,26.21
2022-03-20,0.0,35.68,18.21,82.3,32.87
2022-03-21,0.0,35.6,16.75,89.75,30.67
2022-03-22,0.0,37.96,18.74,82.21,29.2
2022-03-23,0.0,37.67,18.45,83.72,29.65
2022-03-24,0.0,36.82,18.25,79.13,29.77
2022-03-25,0.0,35.35,16.97,92.6,31.63
2022-03-26,0.0,36.92,16.65,87.87,28.62
2022-03-27,0.0,33.94,16.96,94.66,34.29
2022-03-28,0.0,34.8,17.5,83.44,34.67
2022-03-29,0.0,37.4,19.29,84.11,33.0
2022-03-30,0.0,37.62,19.33,84.45,32.35
2022-03-31,0.0,37.89,20.44,80.81,32.73
2022-04-01,0.0,40.64,20.55,72.43,21.27
2022-04-02,0.0,37.93,20.22,75.63,24.07
2022-04-03,0.0,41.26,21.9,84.84,19.43
2022-04-04,0.0,32.71,16.86,94.72,40.22
2022-04-05,0.0,32.09,18.64,94.66,39.16
2022-04-06,0.0,37.4,18.19,91.93,27.95
2022-04-07,0.0,42.09,21.72,63.18,19.25
2022-04-08,0.0,42.92,24.42,44.36,20.17
2022-04-09,0.0,42.46,24.8,51.04,18.92
2022-04-10,0.0,38.46,22.17,63.13,26.68
2022-04-11,0.0,36.06,18.33,92.58,32.86
2022-04-12,0.0,34.8,18.41,93.76,39.67
2022-04-13,0.0,34.7,18.24,96.16,38.53
2022-04-14,0.0,37.38,18.56,94.3,33.06
2022-04-15,0.0,35.39,19.12,89.08,33.98
2022-04-16,0.0,35.06,17.85,96.69,29.2
2022-04-17,0.0,35.93,18.36,94.77,28.24
2022-04-18,0.0,36.32,19.02,90.64,24.92
2022-04-19,0.0,37.02,19.65,89.03,34.07
2022-04-20,0.0,37.61,20.73,87.66,30.94
2022-04-21,0.0,39.02,20.42,76.95,30.46
2022-04-22,0.0,41.28,21.92,64.47,19.71
2022-04-23,0.0,41.68,22.19,65.23,19.34
2022-04-24,0.0,41.93,24.15,48.38,20.62
2022-04-25,0.0,41.32,24.24,56.12,19.84
2022-04-26,0.0,34.89,18.3,85.9,33.71
2022-04-27,0.0,37.88,18.87,85.14,29.47
2022-04-28,0.0,39.74,20.31,75.6,29.9
2022-04-29,0.0,39.0,21.18,62.2,26.47
2022-04-30,0.0,40.72,19.1,73.95,18.5
2022-05-01,0.0,39.96,20.67,76.36,26.52
2022-05-02,0.0,39.93,20.26,79.98,25.0
2022-05-03,0.0,35.21,19.68,92.31,35.0
2022-05-04,0.0,36.87,19.43,91.98,30.14
2022-05-05,0.0,39.93,21.49,82.5,21.57
2022-05-06,0.0,41.56,23.34,58.72,16.62
2022-05-07,0.0,41.47,24.5,54.86,19.2
2022-05-08,0.0,37.93,21.5,79.3,30.71
2022-05-09,0.0,35.95,20.9,91.08,34.53
2022-05-10,0.0,38.09,21.45,88.06,32.93
2022-05-11,0.0,39.86,21.22,91.95,31.61
2022-05-12,0.0,41.15,21.14,90.62,25.07
2022-05-13,0.0,38.39,22.33,88.35,36.37
2022-05-14,0.0,42.39,21.81,90.02,24.15
2022-05-15,0.0,43.48,23.66,85.7,18.65
2022-05-16,0.0,42.14,23.66,87.52,26.34
2022-05-17,0.0,40.85,24.64,85.74,29.01
2022-05-18,0.0,39.04,25.21,77.74,36.43
2022-05-19,0.0,41.77,22.06,88.46,26.22
2022-05-20,0.0,37.17,19.6,86.43,31.08
2022-05-21,0.0,35.3,21.52,78.51,36.62
2022-05-22,0.0,37.63,20.75,91.69,40.09
2022-05-23,0.0,36.4,20.82,93.58,37.13
2022-05-24,0.0,35.48,19.81,94.22,37.13
2022-05-25,0.0,35.32,20.57,91.01,37.72
2022-05-26,0.0,36.71,20.83,94.27,36.69
2022-05-27,22.8,36.48,23.63,91.61,45.08
2022-05-28,0.0,34.67,23.67,95.65,52.27
2022-05-29,0.0,39.12,23.92,83.95,31.9
2022-05-30,0.0,39.4,23.75,78.24,30.97
2022-05-31,0.02,38.32,24.02,74.64,33.33
2022-06-01,0.0,39.56,24.26,84.29,35.27
2022-06-02,0.0,37.55,26.09,76.25,39.0
2022-06-03,0.0,40.24,26.52,80.13,31.91
2022-06-04,0.0,39.71,25.02,79.76,33.22
2022-06-05,0.0,37.14,24.34,86.89,43.49
2022-06-06,0.0,37.66,24.0,89.13,36.99
2022-06-07,0.0,35.41,23.54,94.7,47.02
2022-06-08,4.76,37.04,23.72,92.86,42.7
2022-06-09,0.0,35.11,22.46,95.87,48.94
2022-06-10,0.0,35.85,24.14,93.76,44.31
2022-06-11,0.0,35.29,23.42,89.92,47.27
2022-06-12,0.0,36.36,22.71,88.93,50.33
2022-06-13,0.0,35.93,23.78,86.72,45.69
2022-06-14,0.0,36.35,24.72,85.05,46.32
2022-06-15,4.6,31.77,23.62,95.82,60.69
2022-06-16,0.0,35.74,23.87,91.99,39.65
2022-06-17,0.0,37.36,24.52,85.95,40.67
2022-06-18,2.39,35.59,25.08,87.99,49.14
2022-06-19,1.1,33.46,25.31,88.16,55.25
2022-06-20,5.88,30.27,24.86,95.41,66.45
2022-06-21,8.76,34.78,25.2,98.41,55.42
2022-06-22,0.05,35.9,24.76,95.46,49.53
2022-06-23,0.17,35.64,24.72,87.61,51.09
2022-06-24,0.58,37.16,26.01,89.54,50.34
2022-06-25,0.0,35.69,26.66,87.11,51.1
2022-06-26,0.0,36.3,26.15,87.08,43.93
2022-06-27,0.0,37.84,25.14,93.79,41.7
2022-06-28,0.0,34.46,23.75,95.52,53.71
2022-06-29,0.0,37.59,24.84,89.12,42.25
2022-06-30,0.0,36.3,24.96,90.39,49.17
2022-07-01,0.0,36.4,24.9,89.44,38.77
2022-07-02,0.0,34.12,24.18,88.95,50.9
2022-07-03,0.0,36.76,24.36,91.07,41.81
2022-07-04,7.79,35.86,25.15,89.95,49.27
2022-07-05,0.0,34.54,25.68,92.07,56.98
2022-07-06,0.0,35.02,26.33,91.59,54.9
2022-07-07,0.0,33.89,26.16,85.36,53.73
2022-07-08,10.3,35.78,25.45,85.75,52.13
2022-07-09,0.0,34.59,24.2,94.06,57.65
2022-07-10,0.0,35.9,25.13,89.11,51.11
2022-07-11,0.0,35.89,25.12,89.39,51.2
2022-07-12,0.0,36.68,24.83,88.17,51.21
2022-07-13,0.0,35.32,26.01,86.3,52.08
2022-07-14,0.0,36.61,24.55,85.23,44.28
2022-07-15,0.0,36.97,25.09,84.85,47.52
2022-07-16,0.0,35.98,26.16,86.92,51.5
2022-07-17,0.0,34.15,25.74,84.39,46.07
2022-07-18,0.0,35.48,26.08,87.75,49.11
2022-07-19,14.21,36.15,27.02,87.04,52.05
2022-07-20,11.07,35.01,26.12,87.43,51.82
2022-07-21,3.82,34.63,26.61,93.88,60.69
2022-07-22,39.75,32.48,24.83,96.41,65.0
2022-07-23,24.58,30.61,24.73,98.17,78.01
2022-07-24,20.83,27.97,22.69,98.69,87.07
2022-07-25,7.74,33.36,24.05,96.74,62.42
2022-07-26,0.0,32.41,24.96,97.56,66.63
2022-07-27,0.4,32.87,25.92,96.11,66.09
2022-07-28,0.01,32.82,26.13,92.27,63.17
2022-07-29,0.0,32.85,25.8,93.81,62.11
2022-07-30,0.0,32.85,25.79,94.29,60.76
2022-07-31,8.69,28.27,25.16,96.2,81.7
2022-08-01,0.82,32.26,24.37,97.36,63.54
2022-08-02,0.0,33.57,24.78,95.79,59.19
2022-08-03,5.84,31.11,23.47,95.53,73.05
2022-08-04,2.53,32.72,24.27,96.83,64.84
2022-08-05,0.73,32.29,25.34,97.01,65.0
2022-08-06,10.41,34.13,24.95,96.05,61.01
2022-08-07,0.68,34.09,25.21,96.62,64.31
2022-08-08,0.05,34.29,25.1,93.36,63.15
2022-08-09,0.0,34.24,25.86,95.8,65.62
2022-08-10,0.0,34.29,26.67,94.49,60.33
2022-08-11,0.36,34.04,25.48,93.4,60.0
2022-08-12,0.32,32.49,25.6,93.01,63.52
2022-08-13,1.87,31.73,25.72,95.34,66.37
2022-08-14,0.67,33.39,23.88,97.49,66.15
2022-08-15,17.04,33.46,23.9,97.86,65.96
2022-08-16,0.0,33.96,24.6,97.76,64.65
2022-08-17,10.38,34.01,25.24,84.52,64.85
2022-08-18,17.07,32.59,24.47,98.49,68.62
2022-08-19,37.2,30.48,24.53,98.59,74.3
2022-08-20,7.39,30.32,23.87,99.25,78.14
2022-08-21,2.61,31.01,24.36,98.57,74.24
2022-08-22,0.01,33.68,25.28,98.14,65.85
2022-08-23,0.0,33.97,26.07,93.68,61.32
2022-08-24,0.0,31.57,24.78,96.05,71.84
2022-08-25,14.95,32.17,24.48,95.67,65.15
2022-08-26,8.63,31.5,24.85,97.85,74.01
2022-08-27,0.07,33.29,24.67,97.21,66.68
2022-08-28,8.94,34.91,25.39,98.6,60.95
2022-08-29,42.38,34.03,24.99,98.35,68.75
2022-08-30,15.97,28.98,24.29,98.91,82.52
2022-08-31,16.24,28.86,24.31,98.97,84.7
2022-09-01,29.7,29.59,24.22,97.57,79.18
2022-09-02,8.51,31.04,23.22,97.72,74.67
2022-09-03,23.63,29.93,24.4,99.05,80.92
2022-09-04,16.31,31.93,23.83,99.45,71.49
2022-09-05,0.05,32.33,24.62,98.47,71.47
2022-09-06,0.0,33.45,24.29,97.88,66.96
2022-09-07,0.06,33.62,23.27,95.81,63.21
2022-09-08,30.44,33.77,23.18,95.54,62.87
2022-09-09,1.45,32.51,23.2,97.85,63.24
2022-09-10,3.41,33.55,23.87,99.71,65.76
2022-09-11,5.62,34.27,24.05,98.67,65.3
2022-09-12,2.46,33.15,24.82,97.87,68.91
2022-09-13,6.04,34.01,24.88,97.44,65.25
2022-09-14,5.36,32.15,23.52,99.15,67.66
2022-09-15,0.0,35.91,25.42,96.99,56.44
2022-09-16,0.0,35.44,26.39,98.63,60.32
2022-09-17,0.17,34.08,25.98,97.99,65.74
2022-09-18,2.01,33.93,22.89,94.45,60.85
2022-09-19,11.74,34.41,24.83,95.66,61.21
2022-09-20,6.48,34.5,24.97,97.63,60.27
2022-09-21,21.18,34.66,25.45,97.83,64.48
2022-09-22,21.08,29.79,23.13,99.23,80.82
2022-09-23,10.48,30.03,24.22,99.4,78.42
2022-09-24,9.88,33.38,24.53,97.53,64.19
2022-09-25,0.26,32.65,22.85,97.73,66.37
2022-09-26,2.97,33.28,24.79,97.82,64.16
2022-09-27,0.0,33.22,24.47,97.15,62.16
2022-09-28,0.0,34.87,25.19,95.46,61.82
2022-09-29,0.02,33.02,26.2,95.99,65.16
2022-09-30,0.0,33.97,25.43,96.23,65.79
2022-10-01,1.43,34.01,25.29,95.99,64.14
2022-10-02,0.0,34.62,24.48,95.6,61.09
2022-10-03,0.0,33.14,24.48,94.98,64.41
2022-10-04,0.0,35.56,24.56,92.89,56.74
2022-10-05,0.0,35.23,26.29,96.23,57.35
2022-10-06,0.0,35.35,25.75,95.24,58.54
2022-10-07,1.85,35.92,25.26,96.85,56.01
2022-10-08,11.98,34.48,23.7,94.68,61.69
2022-10-09,5.54,29.64,21.9,97.43,73.22
2022-10-10,0.0,33.66,24.33,96.71,60.36
2022-10-11,0.0,35.49,24.61,95.25,56.02
2022-10-12,0.0,36.74,25.84,97.78,53.94
2022-10-13,0.68,35.17,26.39,95.98,56.09
2022-10-14,0.0,34.69,23.29,95.91,57.71
2022-10-15,0.0,35.79,24.96,95.02,54.66
2022-10-16,0.0,34.86,24.56,96.33,50.25
2022-10-17,0.0,36.05,25.07,93.86,53.11
2022-10-18,7.86,36.64,25.79,96.91,55.41
2022-10-19,0.0,35.85,24.25,96.94,60.17
2022-10-20,0.0,34.92,25.09,95.66,60.25
2022-10-21,0.11,35.85,24.57,97.16,57.31
2022-10-22,0.0,36.23,24.86,97.93,56.4
2022-10-23,0.0,36.64,25.2,96.09,55.6
2022-10-24,0.0,32.24,24.04,93.26,61.36
2022-10-25,0.01,34.96,24.05,93.35,53.88
2022-10-26,0.0,38.19,24.63,95.45,38.29
2022-10-27,0.0,39.64,22.45,92.32,32.24
2022-10-28,0.0,39.83,22.23,81.82,27.17
2022-10-29,0.0,38.17,23.75,97.92,39.26
2022-10-30,0.0,38.7,23.91,97.3,28.09
2022-10-31,0.0,37.79,21.35,94.6,32.97
2022-11-01,0.0,39.21,20.65,86.92,19.98
2022-11-02,0.0,39.22,20.26,73.26,19.81
2022-11-03,0.0,39.31,21.23,63.0,17.87
2022-11-04,0.0,38.48,20.17,64.26,18.32
2022-11-05,0.0,38.34,19.18,69.74,17.71
2022-11-06,0.0,37.74,18.18,81.09,19.17
2022-11-07,0.0,37.36,19.15,91.28,24.03
2022-11-08,0.0,35.69,19.61,97.73,35.14
2022-11-09,0.0,38.49,21.77,98.0,29.55
2022-11-10,0.0,37.93,21.39,98.62,28.9
2022-11-11,0.0,38.26,20.62,98.38,21.55
2022-11-12,0.0,37.44,20.15,96.41,15.51
2022-11-13,0.0,36.85,19.16,96.79,23.48
2022-11-14,0.0,34.88,20.48,99.2,36.96
2022-11-15,0.0,34.29,22.05,99.86,41.76
2022-11-16,0.0,36.77,21.85,98.17,40.9
2022-11-17,0.0,37.45,22.44,98.67,32.41
2022-11-18,0.0,37.3,20.53,78.4,18.66
2022-11-19,0.0,37.57,20.6,76.06,19.03
2022-11-20,0.0,36.35,18.43,87.55,23.9
2022-11-21,0.0,38.0,17.9,85.79,17.4
2022-11-22,0.0,37.93,19.29,61.16,15.5
2022-11-23,0.0,36.75,18.63,50.29,16.16
2022-11-24,0.0,33.38,19.37,44.05,17.67
2022-11-25,0.0,34.64,21.34,60.17,19.17
2022-11-26,0.0,36.37,21.59,53.79,17.26
2022-11-27,0.0,36.36,19.89,60.26,16.68
2022-11-28,0.0,36.61,15.94,90.68,19.54
2022-11-29,0.0,37.16,15.91,72.19,19.14
2022-11-30,0.0,37.24,17.92,79.0,17.32
2022-12-01,0.0,35.95,19.44,82.83,19.28
2022-12-02,0.0,34.41,19.21,93.51,30.47
2022-12-03,0.0,33.9,18.06,96.49,31.15
2022-12-04,0.0,33.62,17.77,94.53,35.79
2022-12-05,0.0,36.31,19.61,87.09,34.69
2022-12-06,0.0,37.95,20.11,83.71,26.12
2022-12-07,0.0,37.27,21.9,92.03,30.91
2022-12-08,0.0,37.95,22.27,90.3,29.37
2022-12-09,0.0,40.2,21.32,82.2,21.69
2022-12-10,0.0,40.11,20.6,81.24,22.51
2022-12-11,0.0,40.02,20.66,79.69,21.15
2022-12-12,0.0,38.72,18.5,63.52,11.92
2022-12-13,0.0,38.45,18.55,59.85,9.68
2022-12-14,0.0,38.24,15.51,50.25,10.91
2022-12-15,0.0,38.28,16.13,71.03,13.46
2022-12-16,0.0,37.58,17.23,80.89,17.22
2022-12-17,0.0,37.86,18.04,92.04,16.6
2022-12-18,0.0,37.99,18.49,51.95,12.25
2022-12-19,0.0,38.02,18.12,49.27,12.03
2022-12-20,0.0,36.53,19.53,43.25,15.4
2022-12-21,0.0,35.92,18.16,45.71,16.55
2022-12-22,0.0,35.58,16.68,44.68,15.8
2022-12-23,0.0,34.24,17.24,43.02,17.11
2022-12-24,0.0,35.1,16.24,49.51,19.62
2022-12-25,0.0,34.62,15.73,50.37,16.22
2022-12-26,0.0,34.82,15.22,66.78,17.39
2022-12-27,0.0,32.81,16.85,95.02,40.27
2022-12-28,0.0,31.49,16.91,94.02,36.57
2022-12-29,0.0,31.41,19.3,94.13,45.06
2022-12-30,0.0,31.32,17.63,85.69,41.82
2022-12-31,0.0,35.11,17.16,80.94,21.15
2023-01-01,0.0,36.66,19.7,54.87,14.57
2023-01-02,0.0,35.61,17.97,51.17,15.75
2023-01-03,0.0,36.57,18.07,47.76,16.32
2023-01-04,0.0,35.43,19.82,43.29,18.88
2023-01-05,0.0,34.63,19.4,42.47,18.62
2023-01-06,0.0,34.11,17.08,49.03,18.07
2023-01-07,0.0,30.99,18.64,46.85,21.04
2023-01-08,0.0,30.92,19.52,50.43,24.01
2023-01-09,0.0,28.86,21.12,58.84,37.93
2023-01-10,0.0,33.62,21.29,46.2,23.44
2023-01-11,0.0,35.65,18.97,45.85,16.62
2023-01-12,0.0,34.34,17.56,46.37,16.23
2023-01-13,0.0,35.29,17.73,47.31,16.35
2023-01-14,0.0,36.33,18.82,42.83,18.44
2023-01-15,0.0,37.36,17.69,47.63,16.56
2023-01-16,0.0,36.79,16.63,52.19,19.85
2023-01-17,0.0,37.72,20.06,41.93,19.5
2023-01-18,0.0,36.82,20.4,43.58,19.58
2023-01-19,0.0,36.82,18.32,61.35,18.82
2023-01-20,0.0,33.55,17.36,81.63,30.52
2023-01-21,0.0,30.94,16.52,91.98,37.07
2023-01-22,0.0,31.44,14.96,98.17,38.86
2023-01-23,0.0,33.08,15.54,98.48,34.82
2023-01-24,0.0,32.78,16.57,98.21,40.38
2023-01-25,0.0,33.21,19.03,92.71,47.03
2023-01-26,0.0,36.54,20.42,89.39,31.08
2023-01-27,0.0,38.83,20.19,69.02,20.73
2023-01-28,0.0,36.93,21.37,46.24,18.78
2023-01-29,0.0,32.17,14.91,55.29,17.84
2023-01-30,0.0,32.69,13.66,73.19,21.58
2023-01-31,0.0,35.24,14.93,73.28,21.78
2023-02-01,0.0,,,,
2023-02-02,0.0,,,,
2023-02-03,0.0,,,,
2023-02-04,0.0,,,,
2023-02-05,0.0,,,,
2023-02-06,0.0,,,,
2023-02-07,0.0,,,,
2023-02-08,0.0,,,,
2023-02-09,0.0,,,,
2023-02-10,0.0,,,,
2023-02-11,0.0,,,,
2023-02-12,0.0,,,,
2023-02-13,0.0,,,,
2023-02-14,0.0,,,,
2023-02-15,0.0,,,,
2023-02-16,0.0,,,,
2023-02-17,0.0,,,,
2023-02-18,0.0,,,,
2023-02-19,0.0,,,,
2023-02-20,0.0,,,,
2023-02-21,0.0,,,,
2023-02-22,0.0,,,,
2023-02-23,0.0,,,,
2023-02-24,0.0,,,,
2023-02-25,0.0,,,,
2023-02-26,0.0,,,,
2023-02-27,0.0,,,,
2023-02-28,0.0,,,,
2023-03-01,0.0,,,,
2023-03-02,0.0,,,,
2023-03-03,0.0,,,,
2023-03-04,0.0,,,,
2023-03-05,0.0,,,,
2023-03-06,0.0,,,,
2023-03-07,0.0,,,,
2023-03-08,0.0,,,,
2023-03-09,0.0,,,,
2023-03-10,0.0,,,,
2023-03-11,0.0,,,,
2023-03-12,0.0,,,,
2023-03-13,0.0,,,,
2023-03-14,0.0,,,,
2023-03-15,0.0,,,,
2023-03-16,0.0,,,,
2023-03-17,0.0,,,,
2023-03-18,0.0,,,,
2023-03-19,0.0,,,,
2023-03-20,0.0,,,,
2023-03-21,0.0,,,,
2023-03-22,0.0,,,,
2023-03-23,0.0,,,,
2023-03-24,0.0,,,,
2023-03-25,0.0,,,,
2023-03-26,0.0,,,,
2023-03-27,0.0,,,,
2023-03-28,0.0,,,,
2023-03-29,0.0,,,,
2023-03-30,0.0,,,,
2023-03-31,0.0,,,,
2023-04-01,0.0,,,,
2023-04-02,0.0,,,,
2023-04-03,0.0,,,,
2023-04-04,0.0,,,,
2023-04-05,0.0,,,,
2023-04-06,0.0,,,,
2023-04-07,0.0,,,,
2023-04-08,0.0,,,,
2023-04-09,0.0,,,,
2023-04-10,0.0,,,,
2023-04-11,0.15,,,,
2023-04-12,0.0,,,,
2023-04-13,0.0,,,,
2023-04-14,0.0,,,,
2023-04-15,0.0,,,,
2023-04-16,0.0,,,,
2023-04-17,0.0,,,,
2023-04-18,0.0,,,,
2023-04-19,0.0,,,,
2023-04-20,0.0,,,,
2023-04-21,0.0,,,,
2023-04-22,0.0,,,,
2023-04-23,0.0,,,,
2023-04-24,0.0,,,,
2023-04-25,0.0,,,,
2023-04-26,0.0,,,,
2023-04-27,0.0,,,,
2023-04-28,0.0,,,,
2023-04-29,0.0,,,,
2023-04-30,0.0,,,,
2023-05-03,0.0,,,,
2023-05-04,0.0,,,,
2023-05-05,0.0,,,,
2023-05-06,0.08,,,,
2023-05-07,0.0,,,,
2023-05-08,0.0,,,,
2023-05-09,0.0,,,,
2023-05-10,0.0,,,,
2023-05-11,0.0,,,,
2023-05-12,0.0,,,,
2023-05-13,0.0,,,,
2023-05-14,0.0,,,,
2023-05-15,0.0,,,,
2023-05-16,0.0,,,,
2023-05-17,0.0,,,,
2023-05-18,0.0,,,,
2023-05-19,0.0,,,,
2023-05-20,0.0,,,,
2023-05-21,0.0,,,,
2023-05-22,0.0,,,,
2023-05-23,0.0,,,,
2023-05-24,0.0,,,,
2023-05-25,0.0,,,,
2023-05-26,0.0,,,,
2023-05-27,0.0,,,,
2023-05-28,0.0,,,,
2023-05-29,0.0,,,,
2023-05-30,0.0,,,,
2023-05-31,0.0,,,,
2023-06-01,0.05,,,,
2023-06-02,0.13,,,,
2023-06-03,0.0,,,,
2023-06-04,0.0,,,,
2023-06-05,0.0,,,,
2023-06-06,0.0,,,,
2023-06-07,0.0,,,,
2023-06-08,0.0,,,,
2023-06-09,0.0,,,,
2023-06-10,0.0,,,,
2023-06-11,0.0,,,,
2023-06-12,0.0,,,,
2023-06-13,0.0,,,,
2023-06-14,0.0,,,,
2023-06-15,0.0,,,,
2023-06-16,0.02,,,,
2023-06-17,0.0,,,,
2023-06-18,2.49,,,,
2023-06-19,0.0,,,,
2023-06-20,0.0,,,,
2023-06-21,0.0,,,,
2023-06-22,0.0,,,,
2023-06-23,0.0,,,,
2023-06-24,0.0,,,,
2023-06-25,0.0,,,,
2023-06-26,0.0,,,,
2023-06-27,0.0,,,,
2023-06-28,0.0,,,,
2023-06-29,0.0,,,,
2023-06-30,0.0,,,,
2023-07-01,0.0,,,,
2023-07-02,0.0,,,,
2023-07-03,3.02,,,,
2023-07-04,0.0,,,,
2023-07-05,0.0,,,,
2023-07-06,0.0,,,,
2023-07-07,3.54,,,,
2023-07-08,0.0,,,,
2023-07-09,0.0,,,,
2023-07-10,9.88,,,,
2023-07-11,0.0,,,,
2023-07-12,0.01,,,,
2023-07-13,0.0,,,,
2023-07-14,0.0,,,,
2023-07-15,0.02,,,,
2023-07-16,0.43,,,,
2023-07-17,8.76,,,,
2023-07-18,2.86,,,,
2023-07-19,2.12,,,,
2023-07-20,8.57,,,,
2023-07-21,0.0,,,,
2023-07-22,0.0,,,,
2023-07-23,7.13,,,,
2023-07-24,25.18,,,,
2023-07-25,0.0,,,,
2023-07-26,0.0,,,,
2023-07-27,0.0,,,,
2023-07-28,0.0,,,,
2023-07-29,17.48,,,,
2023-07-30,2.51,,,,
2023-07-31,3.0,,,,
2023-08-01,0.0,,,,
2023-08-02,0.0,,,,
2023-08-03,0.0,,,,
2023-08-04,0.0,,,,
2023-08-05,0.0,,,,
2023-08-06,7.19,,,,
2023-08-07,2.86,,,,
2023-08-08,0.0,,,,
2023-08-09,0.0,,,,
2023-08-10,0.0,,,,
2023-08-11,14.44,,,,
2023-08-12,31.33,,,,
2023-08-13,5.21,,,,
2023-08-14,0.51,,,,
2023-08-15,26.46,,,,
2023-08-16,10.66,,,,
2023-08-17,14.94,,,,
2023-08-18,0.69,,,,
2023-08-19,24.85,,,,
2023-08-20,17.1,,,,
2023-08-21,3.24,,,,
2023-08-22,0.09,,,,
2023-08-23,0.0,,,,
2023-08-24,31.18,,,,
2023-08-25,0.44,,,,
2023-08-26,0.0,,,,
2023-08-27,0.0,,,,
2023-08-28,21.61,,,,
2023-08-29,8.94,,,,
2023-08-30,9.88,,,,
2023-08-31,0.41,,,,
2023-09-01,47.46,,,,
2023-09-02,0.0,,,,
2023-09-03,0.0,,,,
2023-09-04,12.5,,,,
2023-09-05,0.01,,,,
2023-09-06,0.01,,,,
2023-09-07,58.32,,,,
2023-09-08,15.29,,,,
2023-09-09,12.21,,,,
2023-09-10,1.18,,,,
2023-09-11,4.7,,,,
2023-09-12,0.0,,,,
2023-09-13,0.0,,,,
2023-09-14,0.0,,,,
2023-09-15,0.0,,,,
2023-09-16,0.73,,,,
2023-09-17,3.94,,,,
2023-09-18,0.78,,,,
2023-09-19,7.3,,,,
2023-09-20,0.0,,,,
2023-09-21,0.22,,,,
2023-09-22,7.37,,,,
2023-09-23,0.01,,,,
2023-09-24,5.81,,,,
2023-09-25,15.18,,,,
2023-09-26,0.0,,,,
2023-09-27,0.0,,,,
2023-09-28,0.47,,,,
2023-09-29,0.33,,,,
2023-09-30,0.02,,,,
2023-10-01,0.0,,,,
2023-10-02,0.34,,,,
2023-10-03,0.0,,,,
2023-10-04,0.01,,,,
2023-10-05,0.0,,,,
2023-10-06,1.67,,,,
2023-10-07,4.95,,,,
2023-10-08,0.03,,,,
2023-10-09,0.0,,,,
2023-10-10,2.07,,,,
2023-10-11,0.06,,,,
2023-10-12,0.0,,,,
2023-10-13,8.41,,,,
2023-10-14,0.0,,,,
2023-10-15,0.0,,,,
2023-10-16,0.0,,,,
2023-10-17,0.0,,,,
2023-10-18,0.0,,,,
2023-10-19,0.0,,,,
2023-10-20,0.01,,,,
