time,rain,tmax,tmin,rhmax,rhmin
1981-01-01,0.0,,,,
1981-01-02,0.0,,,,
1981-01-03,0.0,,,,
1981-01-04,0.0,,,,
1981-01-05,0.0,,,,
1981-01-06,0.0,,,,
1981-01-07,0.0,,,,
1981-01-08,0.0,,,,
1981-01-09,0.0,,,,
1981-01-10,0.0,,,,
1981-01-11,0.0,,,,
1981-01-12,0.0,,,,
1981-01-13,0.0,,,,
1981-01-14,0.11,,,,
1981-01-15,0.0,,,,
1981-01-16,0.0,,,,
1981-01-17,0.0,,,,
1981-01-18,0.0,,,,
1981-01-19,0.0,,,,
1981-01-20,0.0,,,,
1981-01-21,0.0,,,,
1981-01-22,0.0,,,,
1981-01-23,0.0,,,,
1981-01-24,0.0,,,,
1981-01-25,0.0,,,,
1981-01-26,0.0,,,,
1981-01-27,0.0,,,,
1981-01-28,0.0,,,,
1981-01-29,0.0,,,,
1981-01-30,0.0,,,,
1981-01-31,0.0,,,,
1981-02-01,0.0,,,,
1981-02-02,0.0,,,,
1981-02-03,0.0,,,,
1981-02-04,0.0,,,,
1981-02-05,0.0,,,,
1981-02-06,0.0,,,,
1981-02-07,0.0,,,,
1981-02-08,0.0,,,,
1981-02-09,0.0,,,,
1981-02-10,0.0,,,,
1981-02-11,0.0,,,,
1981-02-12,0.0,,,,
1981-02-13,0.0,,,,
1981-02-14,0.0,,,,
1981-02-15,0.0,,,,
1981-02-16,0.0,,,,
1981-02-17,0.0,,,,
1981-02-18,0.0,,,,
1981-02-19,0.0,,,,
1981-02-20,0.0,,,,
1981-02-21,0.0,,,,
1981-02-22,0.0,,,,
1981-02-23,0.0,,,,
1981-02-24,0.0,,,,
1981-02-25,0.0,,,,
1981-02-26,0.0,,,,
1981-02-27,0.0,,,,
1981-02-28,0.0,,,,
1981-03-01,0.0,,,,
1981-03-02,0.0,,,,
1981-03-03,0.0,,,,
1981-03-04,0.0,,,,
1981-03-05,0.0,,,,
1981-03-06,0.0,,,,
1981-03-07,0.0,,,,
1981-03-08,0.0,,,,
1981-03-09,0.0,,,,
1981-03-10,0.0,,,,
1981-03-11,0.0,,,,
1981-03-12,0.0,,,,
1981-03-13,0.0,,,,
1981-03-14,0.0,,,,
1981-03-15,0.0,,,,
1981-03-16,0.0,,,,
1981-03-17,0.0,,,,
1981-03-18,0.0,,,,
1981-03-19,0.0,,,,
1981-03-20,0.0,,,,
1981-03-21,0.0,,,,
1981-03-22,0.0,,,,
1981-03-23,0.0,,,,
1981-03-24,0.0,,,,
1981-03-25,0.0,,,,
1981-03-26,0.0,,,,
1981-03-27,0.0,,,,
1981-03-28,0.0,,,,
1981-03-29,0.0,,,,
1981-03-30,0.0,,,,
1981-03-31,0.0,,,,
1981-04-01,0.0,,,,
1981-04-02,0.0,,,,
1981-04-03,0.0,,,,
1981-04-04,0.0,,,,
1981-04-05,0.0,,,,
1981-04-06,0.0,,,,
1981-04-07,0.0,,,,
1981-04-08,0.0,,,,
1981-04-09,0.0,,,,
1981-04-10,0.0,,,,
1981-04-11,0.0,,,,
1981-04-12,0.0,,,,
1981-04-13,0.0,,,,
1981-04-14,0.0,,,,
1981-04-15,0.0,,,,
1981-04-16,0.0,,,,
1981-04-17,0.0,,,,
1981-04-18,0.0,,,,
1981-04-19,0.0,,,,
1981-04-20,0.0,,,,
1981-04-21,0.0,,,,
1981-04-22,0.0,,,,
1981-04-23,0.0,,,,
1981-04-24,0.0,,,,
1981-04-25,0.0,,,,
1981-04-26,0.0,,,,
1981-04-27,0.0,,,,
1981-04-28,0.0,,,,
1981-04-29,0.0,,,,
1981-04-30,0.0,,,,
1981-05-01,0.0,,,,
1981-05-02,0.0,,,,
1981-05-03,0.06,,,,
1981-05-04,0.0,,,,
1981-05-05,0.0,,,,
1981-05-06,0.0,,,,
1981-05-07,0.0,,,,
1981-05-08,0.0,,,,
1981-05-09,0.0,,,,
1981-05-10,0.0,,,,
1981-05-11,0.0,,,,
1981-05-12,0.0,,,,
1981-05-13,0.0,,,,
1981-05-14,0.0,,,,
1981-05-15,0.0,,,,
1981-05-16,0.0,,,,
1981-05-17,0.0,,,,
1981-05-18,0.0,,,,
1981-05-19,0.0,,,,
1981-05-20,0.0,,,,
1981-05-21,0.0,,,,
1981-05-22,0.0,,,,
1981-05-23,0.0,,,,
1981-05-24,0.0,,,,
1981-05-25,0.0,,,,
1981-05-26,0.0,,,,
1981-05-27,0.0,,,,
1981-05-28,0.0,,,,
1981-05-29,0.0,,,,
1981-05-30,0.0,,,,
1981-05-31,0.0,,,,
1981-06-01,0.0,,,,
1981-06-02,0.0,,,,
1981-06-03,0.0,,,,
1981-06-04,0.0,,,,
1981-06-05,0.0,,,,
1981-06-06,0.0,,,,
1981-06-07,0.0,,,,
1981-06-08,0.0,,,,
1981-06-09,0.0,,,,
1981-06-10,0.0,,,,
1981-06-11,0.0,,,,
1981-06-12,0.0,,,,
1981-06-13,0.0,,,,
1981-06-14,0.0,,,,
1981-06-15,0.0,,,,
1981-06-16,0.0,,,,
1981-06-17,0.0,,,,
1981-06-18,0.0,,,,
1981-06-19,0.0,,,,
1981-06-20,0.0,,,,
1981-06-21,0.0,,,,
1981-06-22,0.0,,,,
1981-06-23,2.02,,,,
1981-06-24,16.07,,,,
1981-06-25,0.6,,,,
1981-06-26,0.0,,,,
1981-06-27,0.0,,,,
1981-06-28,3.54,,,,
1981-06-29,0.0,,,,
1981-06-30,0.0,,,,
1981-07-01,3.43,,,,
1981-07-02,5.05,,,,
1981-07-03,9.66,,,,
1981-07-04,8.74,,,,
1981-07-05,2.52,,,,
1981-07-06,0.0,,,,
1981-07-07,0.38,,,,
1981-07-08,6.37,,,,
1981-07-09,1.99,,,,
1981-07-10,0.34,,,,
1981-07-11,0.37,,,,
1981-07-12,0.0,,,,
1981-07-13,0.02,,,,
1981-07-14,7.88,,,,
1981-07-15,2.63,,,,
1981-07-16,0.0,,,,
1981-07-17,0.0,,,,
1981-07-18,0.0,,,,
1981-07-19,0.0,,,,
1981-07-20,2.31,,,,
1981-07-21,0.0,,,,
1981-07-22,0.0,,,,
1981-07-23,4.15,,,,
1981-07-24,7.99,,,,
1981-07-25,1.38,,,,
1981-07-26,1.08,,,,
1981-07-27,0.06,,,,
1981-07-28,7.46,,,,
1981-07-29,8.51,,,,
1981-07-30,6.48,,,,
1981-07-31,7.71,,,,
1981-08-01,21.07,,,,
1981-08-02,18.81,,,,
1981-08-03,22.0,,,,
1981-08-04,29.46,,,,
1981-08-05,0.83,,,,
1981-08-06,0.05,,,,
1981-08-07,1.6,,,,
1981-08-08,0.0,,,,
1981-08-09,5.87,,,,
1981-08-10,3.86,,,,
1981-08-11,3.22,,,,
1981-08-12,2.51,,,,
1981-08-13,0.11,,,,
1981-08-14,0.0,,,,
1981-08-15,0.09,,,,
1981-08-16,0.18,,,,
1981-08-17,0.0,,,,
1981-08-18,4.61,,,,
1981-08-19,1.35,,,,
1981-08-20,1.01,,,,
1981-08-21,3.15,,,,
1981-08-22,0.0,,,,
1981-08-23,0.51,,,,
1981-08-24,0.0,,,,
1981-08-25,2.46,,,,
1981-08-26,10.94,,,,
1981-08-27,22.84,,,,
1981-08-28,12.48,,,,
1981-08-29,3.05,,,,
1981-08-30,12.96,,,,
1981-08-31,0.18,,,,
1981-09-01,16.09,,,,
1981-09-02,1.16,,,,
1981-09-03,0.0,,,,
1981-09-04,0.07,,,,
1981-09-05,4.07,,,,
1981-09-06,1.01,,,,
1981-09-07,1.78,,,,
1981-09-08,13.45,,,,
1981-09-09,10.04,,,,
1981-09-10,1.8,,,,
1981-09-11,9.26,,,,
1981-09-12,3.92,,,,
1981-09-13,0.18,,,,
1981-09-14,0.0,,,,
1981-09-15,2.23,,,,
1981-09-16,17.15,,,,
1981-09-17,5.78,,,,
1981-09-18,0.0,,,,
1981-09-19,0.0,,,,
1981-09-20,0.03,,,,
1981-09-21,0.18,,,,
1981-09-22,0.0,,,,
1981-09-23,0.0,,,,
1981-09-24,0.36,,,,
1981-09-25,0.0,,,,
1981-09-26,0.0,,,,
1981-09-27,0.0,,,,
1981-09-28,0.0,,,,
1981-09-29,0.0,,,,
1981-09-30,0.14,,,,
1981-10-01,0.32,,,,
1981-10-02,0.0,,,,
1981-10-03,0.0,,,,
1981-10-04,0.0,,,,
1981-10-05,0.0,,,,
1981-10-06,0.0,,,,
1981-10-07,2.11,,,,
1981-10-08,0.0,,,,
1981-10-09,1.53,,,,
1981-10-10,5.61,,,,
1981-10-11,0.0,,,,
1981-10-12,0.0,,,,
1981-10-13,0.0,,,,
1981-10-14,0.33,,,,
1981-10-15,7.7,,,,
1981-10-16,0.35,,,,
1981-10-17,0.0,,,,
1981-10-18,0.0,,,,
1981-10-19,0.0,,,,
1981-10-20,0.0,,,,
1981-10-21,0.0,,,,
1981-10-22,0.0,,,,
1981-10-23,0.0,,,,
1981-10-24,0.0,,,,
1981-10-25,0.0,,,,
1981-10-26,0.0,,,,
1981-10-27,0.0,,,,
1981-10-28,0.0,,,,
1981-10-29,0.0,,,,
1981-10-30,0.0,,,,
1981-10-31,0.0,,,,
1981-11-01,0.0,,,,
1981-11-02,0.0,,,,
1981-11-03,0.0,,,,
1981-11-04,0.0,,,,
1981-11-05,0.0,,,,
1981-11-06,0.0,,,,
1981-11-07,0.0,,,,
1981-11-08,0.0,,,,
1981-11-09,0.0,,,,
1981-11-10,0.0,,,,
1981-11-11,0.0,,,,
1981-11-12,0.0,,,,
1981-11-13,0.0,,,,
1981-11-14,0.0,,,,
1981-11-15,0.0,,,,
1981-11-16,0.0,,,,
1981-11-17,0.0,,,,
1981-11-18,0.0,,,,
1981-11-19,0.0,,,,
1981-11-20,0.0,,,,
1981-11-21,0.0,,,,
1981-11-22,0.0,,,,
1981-11-23,0.0,,,,
1981-11-24,0.0,,,,
1981-11-25,0.0,,,,
1981-11-26,0.0,,,,
1981-11-27,0.0,,,,
1981-11-28,0.0,,,,
1981-11-29,0.0,,,,
1981-11-30,0.0,,,,
1981-12-01,0.0,,,,
1981-12-02,0.0,,,,
1981-12-03,0.0,,,,
1981-12-04,0.0,,,,
1981-12-05,0.0,,,,
1981-12-06,0.0,,,,
1981-12-07,0.0,,,,
1981-12-08,0.0,,,,
1981-12-09,0.0,,,,
1981-12-10,0.0,,,,
1981-12-11,0.0,,,,
1981-12-12,0.0,,,,
1981-12-13,0.0,,,,
1981-12-14,0.0,,,,
1981-12-15,0.0,,,,
1981-12-16,0.0,,,,
1981-12-17,0.0,,,,
1981-12-18,0.0,,,,
1981-12-19,0.0,,,,
1981-12-20,0.0,,,,
1981-12-21,0.0,,,,
1981-12-22,0.0,,,,
1981-12-23,0.0,,,,
1981-12-24,0.0,,,,
1981-12-25,0.0,,,,
1981-12-26,0.0,,,,
1981-12-27,0.0,,,,
1981-12-28,0.0,,,,
1981-12-29,0.0,,,,
1981-12-30,0.0,,,,
1981-12-31,0.0,,,,
1982-01-01,0.0,,,,
1982-01-02,0.0,,,,
1982-01-03,0.0,,,,
1982-01-04,0.0,,,,
1982-01-05,0.0,,,,
1982-01-06,0.0,,,,
1982-01-07,0.0,,,,
1982-01-08,0.0,,,,
1982-01-09,0.0,,,,
1982-01-10,0.0,,,,
1982-01-11,0.0,,,,
1982-01-12,0.0,,,,
1982-01-13,0.0,,,,
1982-01-14,0.0,,,,
1982-01-15,0.0,,,,
1982-01-16,0.0,,,,
1982-01-17,0.0,,,,
1982-01-18,0.0,,,,
1982-01-19,0.0,,,,
1982-01-20,0.0,,,,
1982-01-21,0.0,,,,
1982-01-22,0.0,,,,
1982-01-23,0.0,,,,
1982-01-24,0.0,,,,
1982-01-25,0.0,,,,
1982-01-26,0.0,,,,
1982-01-27,0.0,,,,
1982-01-28,0.0,,,,
1982-01-29,0.0,,,,
1982-01-30,0.0,,,,
1982-01-31,0.0,,,,
1982-02-01,0.0,,,,
1982-02-02,0.0,,,,
1982-02-03,0.0,,,,
1982-02-04,0.0,,,,
1982-02-05,0.0,,,,
1982-02-06,0.0,,,,
1982-02-07,0.0,,,,
1982-02-08,0.0,,,,
1982-02-09,0.0,,,,
1982-02-10,0.0,,,,
1982-02-11,0.0,,,,
1982-02-12,0.0,,,,
1982-02-13,0.0,,,,
1982-02-14,0.0,,,,
1982-02-15,0.0,,,,
1982-02-16,0.0,,,,
1982-02-17,0.0,,,,
1982-02-18,0.0,,,,
1982-02-19,0.0,,,,
1982-02-20,0.0,,,,
1982-02-21,0.0,,,,
1982-02-22,0.0,,,,
1982-02-23,0.0,,,,
1982-02-24,0.0,,,,
1982-02-25,0.0,,,,
1982-02-26,0.0,,,,
1982-02-27,0.0,,,,
1982-02-28,0.0,,,,
1982-03-01,0.0,,,,
1982-03-02,0.0,,,,
1982-03-03,0.0,,,,
1982-03-04,0.0,,,,
1982-03-05,0.0,,,,
1982-03-06,0.0,,,,
1982-03-07,0.0,,,,
1982-03-08,0.0,,,,
1982-03-09,0.0,,,,
1982-03-10,0.0,,,,
1982-03-11,0.0,,,,
1982-03-12,0.0,,,,
1982-03-13,0.0,,,,
1982-03-14,0.0,,,,
1982-03-15,0.0,,,,
1982-03-16,0.0,,,,
1982-03-17,0.0,,,,
1982-03-18,0.0,,,,
1982-03-19,0.0,,,,
1982-03-20,0.0,,,,
1982-03-21,0.0,,,,
1982-03-22,0.0,,,,
1982-03-23,0.0,,,,
1982-03-24,0.0,,,,
1982-03-25,0.0,,,,
1982-03-26,0.0,,,,
1982-03-27,0.0,,,,
1982-03-28,0.0,,,,
1982-03-29,0.0,,,,
1982-03-30,0.0,,,,
1982-03-31,0.0,,,,
1982-04-01,0.0,,,,
1982-04-02,0.0,,,,
1982-04-03,0.0,,,,
1982-04-04,0.0,,,,
1982-04-05,0.0,,,,
1982-04-06,0.0,,,,
1982-04-07,0.0,,,,
1982-04-08,0.0,,,,
1982-04-09,0.0,,,,
1982-04-10,0.0,,,,
1982-04-11,0.0,,,,
1982-04-12,0.0,,,,
1982-04-13,0.0,,,,
1982-04-14,0.0,,,,
1982-04-15,0.0,,,,
1982-04-16,0.0,,,,
1982-04-17,0.0,,,,
1982-04-18,0.0,,,,
1982-04-19,0.0,,,,
1982-04-20,0.0,,,,
1982-04-21,0.0,,,,
1982-04-22,0.0,,,,
1982-04-23,0.0,,,,
1982-04-24,0.0,,,,
1982-04-25,0.0,,,,
1982-04-26,0.0,,,,
1982-04-27,0.0,,,,
1982-04-28,0.0,,,,
1982-04-29,0.0,,,,
1982-04-30,0.0,,,,
1982-05-01,0.0,,,,
1982-05-02,0.0,,,,
1982-05-03,0.0,,,,
1982-05-04,0.0,,,,
1982-05-05,0.0,,,,
1982-05-06,0.0,,,,
1982-05-07,0.0,,,,
1982-05-08,0.0,,,,
1982-05-09,0.0,,,,
1982-05-10,0.0,,,,
1982-05-11,0.0,,,,
1982-05-12,0.0,,,,
1982-05-13,0.0,,,,
1982-05-14,0.0,,,,
1982-05-15,0.0,,,,
1982-05-16,0.0,,,,
1982-05-17,0.0,,,,
1982-05-18,0.0,,,,
1982-05-19,0.0,,,,
1982-05-20,0.0,,,,
1982-05-21,0.0,,,,
1982-05-22,0.0,,,,
1982-05-23,0.0,,,,
1982-05-24,0.0,,,,
1982-05-25,0.0,,,,
1982-05-26,0.0,,,,
1982-05-27,0.0,,,,
1982-05-28,0.0,,,,
1982-05-29,0.0,,,,
1982-05-30,0.0,,,,
1982-05-31,0.0,,,,
1982-06-01,0.0,,,,
1982-06-02,0.0,,,,
1982-06-03,0.0,,,,
1982-06-04,0.0,,,,
1982-06-05,0.0,,,,
1982-06-06,0.0,,,,
1982-06-07,0.0,,,,
1982-06-08,0.07,,,,
1982-06-09,0.0,,,,
1982-06-10,0.0,,,,
1982-06-11,0.0,,,,
1982-06-12,0.0,,,,
1982-06-13,0.0,,,,
1982-06-14,0.0,,,,
1982-06-15,0.0,,,,
1982-06-16,0.0,,,,
1982-06-17,0.0,,,,
1982-06-18,0.0,,,,
1982-06-19,0.0,,,,
1982-06-20,0.0,,,,
1982-06-21,0.2,,,,
1982-06-22,0.0,,,,
1982-06-23,0.0,,,,
1982-06-24,0.0,,,,
1982-06-25,1.51,,,,
1982-06-26,0.49,,,,
1982-06-27,0.0,,,,
1982-06-28,4.59,,,,
1982-06-29,0.0,,,,
1982-06-30,4.1,,,,
1982-07-01,0.0,,,,
1982-07-02,0.0,,,,
1982-07-03,0.0,,,,
1982-07-04,0.0,,,,
1982-07-05,0.0,,,,
1982-07-06,0.0,,,,
1982-07-07,0.0,,,,
1982-07-08,0.0,,,,
1982-07-09,0.0,,,,
1982-07-10,14.24,,,,
1982-07-11,9.2,,,,
1982-07-12,11.61,,,,
1982-07-13,13.42,,,,
1982-07-14,18.12,,,,
1982-07-15,1.32,,,,
1982-07-16,2.16,,,,
1982-07-17,0.0,,,,
1982-07-18,1.19,,,,
1982-07-19,2.55,,,,
1982-07-20,3.26,,,,
1982-07-21,0.0,,,,
1982-07-22,0.0,,,,
1982-07-23,4.17,,,,
1982-07-24,7.53,,,,
1982-07-25,0.21,,,,
1982-07-26,0.0,,,,
1982-07-27,4.68,,,,
1982-07-28,13.6,,,,
1982-07-29,3.37,,,,
1982-07-30,0.43,,,,
1982-07-31,0.0,,,,
1982-08-01,0.0,,,,
1982-08-02,0.37,,,,
1982-08-03,0.0,,,,
1982-08-04,0.0,,,,
1982-08-05,0.0,,,,
1982-08-06,2.1,,,,
1982-08-07,4.0,,,,
1982-08-08,0.0,,,,
1982-08-09,0.0,,,,
1982-08-10,8.1,,,,
1982-08-11,19.07,,,,
1982-08-12,6.16,,,,
1982-08-13,0.16,,,,
1982-08-14,21.58,,,,
1982-08-15,0.11,,,,
1982-08-16,0.0,,,,
1982-08-17,0.21,,,,
1982-08-18,0.22,,,,
1982-08-19,0.0,,,,
1982-08-20,1.18,,,,
1982-08-21,3.25,,,,
1982-08-22,7.85,,,,
1982-08-23,24.98,,,,
1982-08-24,8.18,,,,
1982-08-25,13.1,,,,
1982-08-26,8.44,,,,
1982-08-27,2.31,,,,
1982-08-28,0.41,,,,
1982-08-29,1.11,,,,
1982-08-30,1.68,,,,
1982-08-31,4.79,,,,
1982-09-01,2.42,,,,
1982-09-02,0.0,,,,
1982-09-03,11.24,,,,
1982-09-04,6.36,,,,
1982-09-05,0.15,,,,
1982-09-06,3.75,,,,
1982-09-07,0.09,,,,
1982-09-08,7.43,,,,
1982-09-09,0.3,,,,
1982-09-10,2.39,,,,
1982-09-11,13.84,,,,
1982-09-12,5.37,,,,
1982-09-13,1.34,,,,
1982-09-14,12.29,,,,
1982-09-15,13.62,,,,
1982-09-16,10.29,,,,
1982-09-17,0.28,,,,
1982-09-18,0.0,,,,
1982-09-19,1.45,,,,
1982-09-20,1.26,,,,
1982-09-21,2.59,,,,
1982-09-22,0.0,,,,
1982-09-23,0.0,,,,
1982-09-24,1.16,,,,
1982-09-25,1.77,,,,
1982-09-26,0.73,,,,
1982-09-27,0.0,,,,
1982-09-28,0.0,,,,
1982-09-29,0.0,,,,
1982-09-30,0.0,,,,
1982-10-01,0.37,,,,
1982-10-02,0.0,,,,
1982-10-03,0.0,,,,
1982-10-04,1.31,,,,
1982-10-05,11.29,,,,
1982-10-06,0.0,,,,
1982-10-07,0.68,,,,
1982-10-08,8.88,,,,
1982-10-09,0.0,,,,
1982-10-10,5.63,,,,
1982-10-11,1.76,,,,
1982-10-12,0.43,,,,
1982-10-13,4.1,,,,
1982-10-14,0.0,,,,
1982-10-15,0.0,,,,
1982-10-16,0.05,,,,
1982-10-17,0.0,,,,
1982-10-18,0.0,,,,
1982-10-19,0.0,,,,
1982-10-20,0.0,,,,
1982-10-21,0.0,,,,
1982-10-22,0.0,,,,
1982-10-23,0.0,,,,
1982-10-24,0.0,,,,
1982-10-25,0.0,,,,
1982-10-26,0.0,,,,
1982-10-27,0.0,,,,
1982-10-28,0.0,,,,
1982-10-29,0.0,,,,
1982-10-30,0.0,,,,
1982-10-31,0.0,,,,
1982-11-01,0.0,,,,
1982-11-02,0.0,,,,
1982-11-03,0.0,,,,
1982-11-04,0.0,,,,
1982-11-05,0.0,,,,
1982-11-06,0.0,,,,
1982-11-07,0.0,,,,
1982-11-08,0.0,,,,
1982-11-09,0.0,,,,
1982-11-10,0.0,,,,
1982-11-11,0.0,,,,
1982-11-12,0.0,,,,
1982-11-13,0.0,,,,
1982-11-14,0.0,,,,
1982-11-15,0.0,,,,
1982-11-16,0.0,,,,
1982-11-17,0.0,,,,
1982-11-18,0.0,,,,
1982-11-19,0.0,,,,
1982-11-20,0.0,,,,
1982-11-21,0.0,,,,
1982-11-22,0.0,,,,
1982-11-23,0.0,,,,
1982-11-24,0.0,,,,
1982-11-25,0.0,,,,
1982-11-26,0.0,,,,
1982-11-27,0.0,,,,
1982-11-28,0.0,,,,
1982-11-29,0.0,,,,
1982-11-30,0.0,,,,
1982-12-01,0.0,,,,
1982-12-02,0.0,,,,
1982-12-03,0.0,,,,
1982-12-04,0.0,,,,
1982-12-05,0.0,,,,
1982-12-06,0.0,,,,
1982-12-07,0.0,,,,
1982-12-08,0.0,,,,
1982-12-09,0.0,,,,
1982-12-10,0.0,,,,
1982-12-11,0.0,,,,
1982-12-12,0.0,,,,
1982-12-13,0.0,,,,
1982-12-14,0.0,,,,
1982-12-15,0.0,,,,
1982-12-16,0.0,,,,
1982-12-17,0.0,,,,
1982-12-18,0.0,,,,
1982-12-19,0.0,,,,
1982-12-20,0.0,,,,
1982-12-21,0.0,,,,
1982-12-22,0.0,,,,
1982-12-23,0.0,,,,
1982-12-24,0.0,,,,
1982-12-25,0.0,,,,
1982-12-26,0.0,,,,
1982-12-27,0.0,,,,
1982-12-28,0.0,,,,
1982-12-29,0.0,,,,
1982-12-30,0.0,,,,
1982-12-31,0.0,,,,
1983-01-01,0.0,,,,
1983-01-02,0.0,,,,
1983-01-03,0.0,,,,
1983-01-04,0.0,,,,
1983-01-05,0.0,,,,
1983-01-06,0.0,,,,
1983-01-07,0.0,,,,
1983-01-08,0.0,,,,
1983-01-09,0.0,,,,
1983-01-10,0.0,,,,
1983-01-11,0.0,,,,
1983-01-12,0.0,,,,
1983-01-13,0.0,,,,
1983-01-14,0.0,,,,
1983-01-15,0.0,,,,
1983-01-16,0.0,,,,
1983-01-17,0.0,,,,
1983-01-18,0.0,,,,
1983-01-19,0.0,,,,
1983-01-20,0.0,,,,
1983-01-21,0.0,,,,
1983-01-22,0.0,,,,
1983-01-23,0.0,,,,
1983-01-24,0.0,,,,
1983-01-25,0.0,,,,
1983-01-26,0.0,,,,
1983-01-27,0.0,,,,
1983-01-28,0.0,,,,
1983-01-29,0.0,,,,
1983-01-30,0.0,,,,
1983-01-31,0.0,,,,
1983-02-01,0.0,,,,
1983-02-02,0.0,,,,
1983-02-03,0.0,,,,
1983-02-04,0.0,,,,
1983-02-05,0.0,,,,
1983-02-06,0.0,,,,
1983-02-07,0.0,,,,
1983-02-08,0.0,,,,
1983-02-09,0.0,,,,
1983-02-10,0.0,,,,
1983-02-11,0.24,,,,
1983-02-12,0.0,,,,
1983-02-13,0.0,,,,
1983-02-14,0.0,,,,
1983-02-15,0.01,,,,
1983-02-16,0.0,,,,
1983-02-17,0.0,,,,
1983-02-18,0.0,,,,
1983-02-19,0.0,,,,
1983-02-20,0.0,,,,
1983-02-21,0.0,,,,
1983-02-22,0.0,,,,
1983-02-23,0.0,,,,
1983-02-24,0.0,,,,
1983-02-25,0.0,,,,
1983-02-26,0.0,,,,
1983-02-27,0.0,,,,
1983-02-28,0.0,,,,
1983-03-01,0.0,,,,
1983-03-02,0.0,,,,
1983-03-03,0.0,,,,
1983-03-04,0.0,,,,
1983-03-05,0.0,,,,
1983-03-06,0.0,,,,
1983-03-07,0.0,,,,
1983-03-08,0.0,,,,
1983-03-09,0.0,,,,
1983-03-10,0.0,,,,
1983-03-11,0.0,,,,
1983-03-12,0.0,,,,
1983-03-13,0.0,,,,
1983-03-14,0.0,,,,
1983-03-15,0.0,,,,
1983-03-16,0.0,,,,
1983-03-17,0.0,,,,
1983-03-18,0.0,,,,
1983-03-19,0.0,,,,
1983-03-20,0.0,,,,
1983-03-21,0.0,,,,
1983-03-22,0.0,,,,
1983-03-23,0.0,,,,
1983-03-24,0.0,,,,
1983-03-25,0.0,,,,
1983-03-26,0.0,,,,
1983-03-27,0.0,,,,
1983-03-28,0.0,,,,
1983-03-29,0.0,,,,
1983-03-30,0.0,,,,
1983-03-31,0.0,,,,
1983-04-01,0.0,,,,
1983-04-02,0.0,,,,
1983-04-03,0.0,,,,
1983-04-04,0.0,,,,
1983-04-05,0.0,,,,
1983-04-06,0.0,,,,
1983-04-07,0.0,,,,
1983-04-08,0.0,,,,
1983-04-09,0.0,,,,
1983-04-10,0.0,,,,
1983-04-11,0.0,,,,
1983-04-12,0.0,,,,
1983-04-13,0.0,,,,
1983-04-14,0.0,,,,
1983-04-15,0.0,,,,
1983-04-16,0.0,,,,
1983-04-17,0.0,,,,
1983-04-18,0.0,,,,
1983-04-19,0.0,,,,
1983-04-20,0.0,,,,
1983-04-21,0.0,,,,
1983-04-22,0.0,,,,
1983-04-23,0.0,,,,
1983-04-24,0.0,,,,
1983-04-25,0.0,,,,
1983-04-26,0.0,,,,
1983-04-27,0.0,,,,
1983-04-28,0.0,,,,
1983-04-29,0.0,,,,
1983-04-30,0.0,,,,
1983-05-01,0.0,,,,
1983-05-02,0.0,,,,
1983-05-03,0.0,,,,
1983-05-04,0.0,,,,
1983-05-05,0.0,,,,
1983-05-06,0.0,,,,
1983-05-07,0.0,,,,
1983-05-08,0.0,,,,
1983-05-09,0.0,,,,
1983-05-10,0.0,,,,
1983-05-11,0.0,,,,
1983-05-12,0.0,,,,
1983-05-13,0.0,,,,
1983-05-14,0.0,,,,
1983-05-15,0.0,,,,
1983-05-16,0.0,,,,
1983-05-17,0.0,,,,
1983-05-18,0.0,,,,
1983-05-19,0.0,,,,
1983-05-20,0.0,,,,
1983-05-21,0.0,,,,
1983-05-22,0.0,,,,
1983-05-23,0.0,,,,
1983-05-24,0.0,,,,
1983-05-25,0.0,,,,
1983-05-26,0.0,,,,
1983-05-27,0.27,,,,
1983-05-28,0.03,,,,
1983-05-29,0.0,,,,
1983-05-30,0.0,,,,
1983-05-31,0.0,,,,
1983-06-01,0.03,,,,
1983-06-02,0.0,,,,
1983-06-03,0.0,,,,
1983-06-04,0.0,,,,
1983-06-05,0.0,,,,
1983-06-06,0.0,,,,
1983-06-07,0.0,,,,
1983-06-08,0.0,,,,
1983-06-09,0.0,,,,
1983-06-10,0.0,,,,
1983-06-11,0.0,,,,
1983-06-12,0.0,,,,
1983-06-13,0.0,,,,
1983-06-14,0.0,,,,
1983-06-15,0.02,,,,
1983-06-16,0.0,,,,
1983-06-17,0.0,,,,
1983-06-18,0.16,,,,
1983-06-19,10.92,,,,
1983-06-20,0.56,,,,
1983-06-21,0.0,,,,
1983-06-22,0.0,,,,
1983-06-23,0.0,,,,
1983-06-24,0.0,,,,
1983-06-25,0.0,,,,
1983-06-26,0.0,,,,
1983-06-27,0.0,,,,
1983-06-28,0.0,,,,
1983-06-29,0.0,,,,
1983-06-30,0.67,,,,
1983-07-01,0.41,,,,
1983-07-02,0.25,,,,
1983-07-03,0.0,,,,
1983-07-04,0.0,,,,
1983-07-05,0.0,,,,
1983-07-06,0.0,,,,
1983-07-07,0.0,,,,
1983-07-08,0.0,,,,
1983-07-09,0.0,,,,
1983-07-10,0.0,,,,
1983-07-11,0.0,,,,
1983-07-12,2.97,,,,
1983-07-13,9.36,,,,
1983-07-14,0.0,,,,
1983-07-15,0.0,,,,
1983-07-16,0.0,,,,
1983-07-17,0.0,,,,
1983-07-18,0.08,,,,
1983-07-19,0.0,,,,
1983-07-20,0.0,,,,
1983-07-21,0.0,,,,
1983-07-22,0.0,,,,
1983-07-23,0.0,,,,
1983-07-24,0.0,,,,
1983-07-25,0.0,,,,
1983-07-26,0.0,,,,
1983-07-27,0.0,,,,
1983-07-28,0.0,,,,
1983-07-29,0.0,,,,
1983-07-30,0.0,,,,
1983-07-31,0.51,,,,
1983-08-01,2.7,,,,
1983-08-02,8.25,,,,
1983-08-03,0.0,,,,
1983-08-04,0.0,,,,
1983-08-05,0.14,,,,
1983-08-06,0.0,,,,
1983-08-07,0.0,,,,
1983-08-08,7.88,,,,
1983-08-09,21.65,,,,
1983-08-10,1.62,,,,
1983-08-11,0.02,,,,
1983-08-12,0.29,,,,
1983-08-13,0.42,,,,
1983-08-14,0.38,,,,
1983-08-15,0.0,,,,
1983-08-16,0.0,,,,
1983-08-17,0.0,,,,
1983-08-18,0.0,,,,
1983-08-19,0.0,,,,
1983-08-20,0.0,,,,
1983-08-21,23.72,,,,
1983-08-22,0.1,,,,
1983-08-23,4.56,,,,
1983-08-24,0.29,,,,
1983-08-25,0.0,,,,
1983-08-26,0.0,,,,
1983-08-27,0.0,,,,
1983-08-28,0.0,,,,
1983-08-29,0.0,,,,
1983-08-30,1.95,,,,
1983-08-31,13.28,,,,
1983-09-01,11.76,,,,
1983-09-02,0.0,,,,
1983-09-03,0.08,,,,
1983-09-04,0.0,,,,
1983-09-05,0.0,,,,
1983-09-06,0.0,,,,
1983-09-07,1.4,,,,
1983-09-08,1.29,,,,
1983-09-09,7.18,,,,
1983-09-10,7.46,,,,
1983-09-11,1.35,,,,
1983-09-12,2.72,,,,
1983-09-13,0.0,,,,
1983-09-14,0.0,,,,
1983-09-15,0.0,,,,
1983-09-16,0.0,,,,
1983-09-17,0.0,,,,
1983-09-18,0.23,,,,
1983-09-19,0.0,,,,
1983-09-20,0.18,,,,
1983-09-21,5.91,,,,
1983-09-22,0.0,,,,
1983-09-23,0.0,,,,
1983-09-24,0.34,,,,
1983-09-25,2.79,,,,
1983-09-26,0.16,,,,
1983-09-27,0.0,,,,
1983-09-28,0.0,,,,
1983-09-29,1.53,,,,
1983-09-30,0.91,,,,
1983-10-01,1.46,,,,
1983-10-02,0.0,,,,
1983-10-03,0.0,,,,
1983-10-04,0.0,,,,
1983-10-05,0.02,,,,
1983-10-06,0.03,,,,
1983-10-07,0.0,,,,
1983-10-08,0.0,,,,
1983-10-09,0.0,,,,
1983-10-10,0.0,,,,
1983-10-11,0.0,,,,
1983-10-12,0.0,,,,
1983-10-13,0.0,,,,
1983-10-14,0.0,,,,
1983-10-15,0.0,,,,
1983-10-16,0.27,,,,
1983-10-17,0.0,,,,
1983-10-18,0.0,,,,
1983-10-19,0.0,,,,
1983-10-20,0.0,,,,
1983-10-21,0.0,,,,
1983-10-22,0.0,,,,
1983-10-23,0.0,,,,
1983-10-24,0.0,,,,
1983-10-25,0.0,,,,
1983-10-26,0.0,,,,
1983-10-27,0.0,,,,
1983-10-28,0.0,,,,
1983-10-29,0.0,,,,
1983-10-30,0.0,,,,
1983-10-31,0.0,,,,
1983-11-01,0.0,,,,
1983-11-02,0.0,,,,
1983-11-03,0.0,,,,
1983-11-04,0.0,,,,
1983-11-05,0.0,,,,
1983-11-06,0.0,,,,
1983-11-07,0.0,,,,
1983-11-08,0.0,,,,
1983-11-09,0.0,,,,
1983-11-10,0.0,,,,
1983-11-11,0.0,,,,
1983-11-12,0.0,,,,
1983-11-13,0.0,,,,
1983-11-14,0.0,,,,
1983-11-15,0.0,,,,
1983-11-16,0.0,,,,
1983-11-17,0.0,,,,
1983-11-18,0.0,,,,
1983-11-19,0.0,,,,
1983-11-20,0.0,,,,
1983-11-21,0.0,,,,
1983-11-22,0.0,,,,
1983-11-23,0.0,,,,
1983-11-24,0.0,,,,
1983-11-25,0.0,,,,
1983-11-26,0.0,,,,
1983-11-27,0.0,,,,
1983-11-28,0.0,,,,
1983-11-29,0.0,,,,
1983-11-30,0.0,,,,
1983-12-01,0.0,,,,
1983-12-02,0.0,,,,
1983-12-03,0.0,,,,
1983-12-04,0.0,,,,
1983-12-05,0.0,,,,
1983-12-06,0.0,,,,
1983-12-07,0.0,,,,
1983-12-08,0.0,,,,
1983-12-09,0.0,,,,
1983-12-10,0.0,,,,
1983-12-11,0.0,,,,
1983-12-12,0.0,,,,
1983-12-13,0.0,,,,
1983-12-14,0.0,,,,
1983-12-15,0.0,,,,
1983-12-16,0.0,,,,
1983-12-17,0.0,,,,
1983-12-18,0.0,,,,
1983-12-19,0.0,,,,
1983-12-20,0.0,,,,
1983-12-21,0.0,,,,
1983-12-22,0.0,,,,
1983-12-23,0.0,,,,
1983-12-24,0.0,,,,
1983-12-25,0.0,,,,
1983-12-26,0.0,,,,
1983-12-27,0.0,,,,
1983-12-28,0.0,,,,
1983-12-29,0.0,,,,
1983-12-30,0.0,,,,
1983-12-31,0.0,,,,
1984-01-01,0.0,,,,
1984-01-02,0.0,,,,
1984-01-03,0.0,,,,
1984-01-04,0.0,,,,
1984-01-05,0.0,,,,
1984-01-06,0.0,,,,
1984-01-07,0.0,,,,
1984-01-08,0.0,,,,
1984-01-09,0.0,,,,
1984-01-10,0.0,,,,
1984-01-11,0.0,,,,
1984-01-12,0.0,,,,
1984-01-13,0.0,,,,
1984-01-14,0.0,,,,
1984-01-15,0.0,,,,
1984-01-16,0.0,,,,
1984-01-17,0.0,,,,
1984-01-18,0.0,,,,
1984-01-19,0.0,,,,
1984-01-20,0.0,,,,
1984-01-21,0.0,,,,
1984-01-22,0.0,,,,
1984-01-23,0.0,,,,
1984-01-24,0.0,,,,
1984-01-25,0.0,,,,
1984-01-26,0.0,,,,
1984-01-27,0.0,,,,
1984-01-28,0.0,,,,
1984-01-29,0.0,,,,
1984-01-30,0.0,,,,
1984-01-31,0.0,,,,
1984-02-01,0.0,,,,
1984-02-02,0.0,,,,
1984-02-03,0.0,,,,
1984-02-04,0.0,,,,
1984-02-05,0.0,,,,
1984-02-06,0.0,,,,
1984-02-07,0.0,,,,
1984-02-08,0.0,,,,
1984-02-09,0.0,,,,
1984-02-10,0.0,,,,
1984-02-11,0.0,,,,
1984-02-12,0.0,,,,
1984-02-13,0.0,,,,
1984-02-14,0.0,,,,
1984-02-15,0.0,,,,
1984-02-16,0.0,,,,
1984-02-17,0.0,,,,
1984-02-18,0.0,,,,
1984-02-19,0.0,,,,
1984-02-20,0.0,,,,
1984-02-21,0.0,,,,
1984-02-22,0.0,,,,
1984-02-23,0.0,,,,
1984-02-24,0.0,,,,
1984-02-25,0.0,,,,
1984-02-26,0.0,,,,
1984-02-27,0.0,,,,
1984-02-28,0.0,,,,
1984-02-29,0.0,,,,
1984-03-01,0.0,,,,
1984-03-02,0.0,,,,
1984-03-03,0.0,,,,
1984-03-04,0.0,,,,
1984-03-05,0.0,,,,
1984-03-06,0.0,,,,
1984-03-07,0.0,,,,
1984-03-08,0.0,,,,
1984-03-09,0.0,,,,
1984-03-10,0.0,,,,
1984-03-11,0.0,,,,
1984-03-12,0.0,,,,
1984-03-13,0.0,,,,
1984-03-14,0.0,,,,
1984-03-15,0.0,,,,
1984-03-16,0.0,,,,
1984-03-17,0.0,,,,
1984-03-18,0.0,,,,
1984-03-19,0.0,,,,
1984-03-20,0.0,,,,
1984-03-21,0.0,,,,
1984-03-22,0.0,,,,
1984-03-23,0.0,,,,
1984-03-24,0.0,,,,
1984-03-25,0.0,,,,
1984-03-26,0.0,,,,
1984-03-27,0.0,,,,
1984-03-28,0.0,,,,
1984-03-29,0.0,,,,
1984-03-30,0.0,,,,
1984-03-31,0.0,,,,
1984-04-01,0.0,,,,
1984-04-02,0.0,,,,
1984-04-03,0.0,,,,
1984-04-04,0.0,,,,
1984-04-05,0.0,,,,
1984-04-06,0.0,,,,
1984-04-07,0.0,,,,
1984-04-08,0.0,,,,
1984-04-09,0.0,,,,
1984-04-10,0.0,,,,
1984-04-11,0.0,,,,
1984-04-12,0.0,,,,
1984-04-13,0.0,,,,
1984-04-14,0.0,,,,
1984-04-15,0.0,,,,
1984-04-16,0.0,,,,
1984-04-17,0.0,,,,
1984-04-18,0.0,,,,
1984-04-19,0.0,,,,
1984-04-20,0.0,,,,
1984-04-21,0.0,,,,
1984-04-22,0.0,,,,
1984-04-23,0.0,,,,
1984-04-24,0.0,,,,
1984-04-25,0.0,,,,
1984-04-26,0.0,,,,
1984-04-27,0.0,,,,
1984-04-28,0.0,,,,
1984-04-29,0.0,,,,
1984-04-30,0.0,,,,
1984-05-01,0.0,,,,
1984-05-02,0.0,,,,
1984-05-03,0.0,,,,
1984-05-04,0.0,,,,
1984-05-05,0.0,,,,
1984-05-06,0.0,,,,
1984-05-07,0.0,,,,
1984-05-08,0.0,,,,
1984-05-09,0.0,,,,
1984-05-10,0.0,,,,
1984-05-11,0.0,,,,
1984-05-12,0.0,,,,
1984-05-13,0.0,,,,
1984-05-14,0.0,,,,
1984-05-15,0.0,,,,
1984-05-16,0.0,,,,
1984-05-17,0.0,,,,
1984-05-18,0.0,,,,
1984-05-19,0.0,,,,
1984-05-20,0.0,,,,
1984-05-21,0.0,,,,
1984-05-22,0.0,,,,
1984-05-23,0.0,,,,
1984-05-24,0.0,,,,
1984-05-25,0.0,,,,
1984-05-26,0.0,,,,
1984-05-27,0.0,,,,
1984-05-28,0.0,,,,
1984-05-29,0.0,,,,
1984-05-30,0.0,,,,
1984-05-31,0.0,,,,
1984-06-01,1.23,,,,
1984-06-02,0.29,,,,
1984-06-03,0.14,,,,
1984-06-04,0.0,,,,
1984-06-05,0.0,,,,
1984-06-06,0.0,,,,
1984-06-07,0.0,,,,
1984-06-08,1.36,,,,
1984-06-09,0.0,,,,
1984-06-10,0.0,,,,
1984-06-11,0.0,,,,
1984-06-12,0.0,,,,
1984-06-13,0.0,,,,
1984-06-14,6.54,,,,
1984-06-15,0.1,,,,
1984-06-16,0.02,,,,
1984-06-17,0.0,,,,
1984-06-18,0.0,,,,
1984-06-19,33.05,,,,
1984-06-20,0.06,,,,
1984-06-21,0.0,,,,
1984-06-22,0.0,,,,
1984-06-23,0.0,,,,
1984-06-24,0.0,,,,
1984-06-25,0.91,,,,
1984-06-26,3.76,,,,
1984-06-27,0.9,,,,
1984-06-28,8.01,,,,
1984-06-29,0.0,,,,
1984-06-30,0.0,,,,
1984-07-01,0.0,,,,
1984-07-02,0.0,,,,
1984-07-03,0.0,,,,
1984-07-04,0.33,,,,
1984-07-05,0.0,,,,
1984-07-06,0.0,,,,
1984-07-07,0.0,,,,
1984-07-08,0.0,,,,
1984-07-09,7.85,,,,
1984-07-10,0.0,,,,
1984-07-11,0.0,,,,
1984-07-12,0.0,,,,
1984-07-13,1.71,,,,
1984-07-14,4.61,,,,
1984-07-15,6.65,,,,
1984-07-16,0.22,,,,
1984-07-17,0.0,,,,
1984-07-18,0.0,,,,
1984-07-19,0.0,,,,
1984-07-20,0.0,,,,
1984-07-21,0.0,,,,
1984-07-22,0.0,,,,
1984-07-23,0.0,,,,
1984-07-24,0.0,,,,
1984-07-25,0.01,,,,
1984-07-26,11.02,,,,
1984-07-27,0.21,,,,
1984-07-28,0.0,,,,
1984-07-29,0.25,,,,
1984-07-30,0.14,,,,
1984-07-31,0.0,,,,
1984-08-01,18.34,,,,
1984-08-02,2.48,,,,
1984-08-03,0.84,,,,
1984-08-04,0.0,,,,
1984-08-05,0.22,,,,
1984-08-06,0.0,,,,
1984-08-07,0.0,,,,
1984-08-08,0.0,,,,
1984-08-09,0.21,,,,
1984-08-10,0.0,,,,
1984-08-11,0.01,,,,
1984-08-12,0.0,,,,
1984-08-13,0.26,,,,
1984-08-14,0.28,,,,
1984-08-15,0.0,,,,
1984-08-16,0.03,,,,
1984-08-17,0.0,,,,
1984-08-18,0.39,,,,
1984-08-19,0.0,,,,
1984-08-20,0.0,,,,
1984-08-21,0.0,,,,
1984-08-22,0.03,,,,
1984-08-23,0.18,,,,
1984-08-24,1.98,,,,
1984-08-25,3.61,,,,
1984-08-26,0.0,,,,
1984-08-27,1.82,,,,
1984-08-28,0.0,,,,
1984-08-29,0.0,,,,
1984-08-30,0.27,,,,
1984-08-31,0.0,,,,
1984-09-01,0.07,,,,
1984-09-02,0.0,,,,
1984-09-03,2.65,,,,
1984-09-04,0.31,,,,
1984-09-05,0.0,,,,
1984-09-06,0.0,,,,
1984-09-07,0.44,,,,
1984-09-08,7.57,,,,
1984-09-09,16.93,,,,
1984-09-10,0.01,,,,
1984-09-11,6.05,,,,
1984-09-12,11.48,,,,
1984-09-13,31.07,,,,
1984-09-14,13.34,,,,
1984-09-15,0.33,,,,
1984-09-16,0.0,,,,
1984-09-17,0.0,,,,
1984-09-18,0.0,,,,
1984-09-19,0.95,,,,
1984-09-20,0.0,,,,
1984-09-21,0.83,,,,
1984-09-22,0.12,,,,
1984-09-23,0.69,,,,
1984-09-24,1.5,,,,
1984-09-25,1.21,,,,
1984-09-26,0.0,,,,
1984-09-27,0.0,,,,
1984-09-28,0.0,,,,
1984-09-29,20.71,,,,
1984-09-30,0.0,,,,
1984-10-01,13.03,,,,
1984-10-02,0.0,,,,
1984-10-03,0.0,,,,
1984-10-04,0.11,,,,
1984-10-05,0.04,,,,
1984-10-06,0.23,,,,
1984-10-07,0.0,,,,
1984-10-08,0.0,,,,
1984-10-09,0.0,,,,
1984-10-10,0.0,,,,
1984-10-11,0.0,,,,
1984-10-12,0.0,,,,
1984-10-13,0.0,,,,
1984-10-14,0.0,,,,
1984-10-15,0.0,,,,
1984-10-16,0.0,,,,
1984-10-17,0.0,,,,
1984-10-18,0.0,,,,
1984-10-19,0.0,,,,
1984-10-20,0.0,,,,
1984-10-21,0.0,,,,
1984-10-22,0.0,,,,
1984-10-23,0.0,,,,
1984-10-24,0.0,,,,
1984-10-25,0.0,,,,
1984-10-26,0.0,,,,
1984-10-27,0.0,,,,
1984-10-28,0.0,,,,
1984-10-29,0.0,,,,
1984-10-30,0.0,,,,
1984-10-31,0.0,,,,
1984-11-01,0.0,,,,
1984-11-02,0.0,,,,
1984-11-03,0.0,,,,
1984-11-04,0.0,,,,
1984-11-05,0.0,,,,
1984-11-06,0.0,,,,
1984-11-07,0.0,,,,
1984-11-08,0.0,,,,
1984-11-09,0.0,,,,
1984-11-10,0.0,,,,
1984-11-11,0.0,,,,
1984-11-12,0.0,,,,
1984-11-13,0.0,,,,
1984-11-14,0.0,,,,
1984-11-15,0.0,,,,
1984-11-16,0.01,,,,
1984-11-17,0.0,,,,
1984-11-18,0.0,,,,
1984-11-19,0.0,,,,
1984-11-20,0.0,,,,
1984-11-21,0.0,,,,
1984-11-22,0.0,,,,
1984-11-23,0.0,,,,
1984-11-24,0.0,,,,
1984-11-25,0.0,,,,
1984-11-26,0.0,,,,
1984-11-27,0.0,,,,
1984-11-28,0.0,,,,
1984-11-29,0.0,,,,
1984-11-30,0.0,,,,
1984-12-01,0.0,,,,
1984-12-02,0.0,,,,
1984-12-03,0.0,,,,
1984-12-04,0.0,,,,
1984-12-05,0.0,,,,
1984-12-06,0.0,,,,
1984-12-07,0.0,,,,
1984-12-08,0.0,,,,
1984-12-09,0.0,,,,
1984-12-10,0.0,,,,
1984-12-11,0.0,,,,
1984-12-12,0.0,,,,
1984-12-13,0.0,,,,
1984-12-14,0.0,,,,
1984-12-15,0.0,,,,
1984-12-16,0.0,,,,
1984-12-17,0.0,,,,
1984-12-18,0.0,,,,
1984-12-19,0.0,,,,
1984-12-20,0.0,,,,
1984-12-21,0.0,,,,
1984-12-22,0.0,,,,
1984-12-23,0.0,,,,
1984-12-24,0.0,,,,
1984-12-25,0.0,,,,
1984-12-26,0.0,,,,
1984-12-27,0.0,,,,
1984-12-28,0.0,,,,
1984-12-29,0.0,,,,
1984-12-30,0.0,,,,
1984-12-31,0.0,,,,
1985-01-01,0.0,,,,
1985-01-02,0.0,,,,
1985-01-03,0.0,,,,
1985-01-04,0.0,,,,
1985-01-05,0.0,,,,
1985-01-06,0.0,,,,
1985-01-07,0.0,,,,
1985-01-08,0.0,,,,
1985-01-09,0.0,,,,
1985-01-10,0.0,,,,
1985-01-11,0.0,,,,
1985-01-12,0.0,,,,
1985-01-13,0.0,,,,
1985-01-14,0.0,,,,
1985-01-15,0.0,,,,
1985-01-16,0.0,,,,
1985-01-17,0.0,,,,
1985-01-18,0.0,,,,
1985-01-19,0.0,,,,
1985-01-20,0.0,,,,
1985-01-21,0.0,,,,
1985-01-22,0.0,,,,
1985-01-23,0.0,,,,
1985-01-24,0.0,,,,
1985-01-25,0.0,,,,
1985-01-26,0.0,,,,
1985-01-27,0.0,,,,
1985-01-28,0.0,,,,
1985-01-29,0.0,,,,
1985-01-30,0.0,,,,
1985-01-31,0.0,,,,
1985-02-01,0.0,,,,
1985-02-02,0.0,,,,
1985-02-03,0.0,,,,
1985-02-04,0.0,,,,
1985-02-05,0.0,,,,
1985-02-06,0.0,,,,
1985-02-07,0.0,,,,
1985-02-08,0.0,,,,
1985-02-09,0.0,,,,
1985-02-10,0.0,,,,
1985-02-11,0.0,,,,
1985-02-12,0.0,,,,
1985-02-13,0.0,,,,
1985-02-14,0.0,,,,
1985-02-15,0.0,,,,
1985-02-16,0.0,,,,
1985-02-17,0.0,,,,
1985-02-18,0.0,,,,
1985-02-19,0.0,,,,
1985-02-20,0.0,,,,
1985-02-21,0.0,,,,
1985-02-22,0.0,,,,
1985-02-23,0.0,,,,
1985-02-24,0.0,,,,
1985-02-25,0.0,,,,
1985-02-26,0.0,,,,
1985-02-27,0.0,,,,
1985-02-28,0.0,,,,
1985-03-01,0.0,,,,
1985-03-02,0.0,,,,
1985-03-03,0.0,,,,
1985-03-04,0.0,,,,
1985-03-05,0.0,,,,
1985-03-06,0.0,,,,
1985-03-07,0.0,,,,
1985-03-08,0.0,,,,
1985-03-09,0.0,,,,
1985-03-10,0.0,,,,
1985-03-11,0.0,,,,
1985-03-12,0.0,,,,
1985-03-13,0.0,,,,
1985-03-14,0.0,,,,
1985-03-15,0.0,,,,
1985-03-16,0.0,,,,
1985-03-17,0.0,,,,
1985-03-18,0.0,,,,
1985-03-19,0.0,,,,
1985-03-20,0.0,,,,
1985-03-21,0.0,,,,
1985-03-22,0.0,,,,
1985-03-23,0.0,,,,
1985-03-24,0.0,,,,
1985-03-25,0.0,,,,
1985-03-26,0.0,,,,
1985-03-27,0.0,,,,
1985-03-28,0.0,,,,
1985-03-29,0.0,,,,
1985-03-30,0.0,,,,
1985-03-31,0.0,,,,
1985-04-01,0.0,,,,
1985-04-02,0.0,,,,
1985-04-03,0.0,,,,
1985-04-04,0.0,,,,
1985-04-05,0.0,,,,
1985-04-06,0.0,,,,
1985-04-07,0.0,,,,
1985-04-08,0.0,,,,
1985-04-09,0.0,,,,
1985-04-10,0.0,,,,
1985-04-11,0.0,,,,
1985-04-12,0.0,,,,
1985-04-13,0.0,,,,
1985-04-14,0.0,,,,
1985-04-15,0.0,,,,
1985-04-16,0.0,,,,
1985-04-17,0.0,,,,
1985-04-18,0.0,,,,
1985-04-19,0.0,,,,
1985-04-20,0.0,,,,
1985-04-21,0.0,,,,
1985-04-22,0.0,,,,
1985-04-23,0.0,,,,
1985-04-24,0.0,,,,
1985-04-25,0.0,,,,
1985-04-26,0.0,,,,
1985-04-27,0.0,,,,
1985-04-28,0.0,,,,
1985-04-29,0.0,,,,
1985-04-30,0.0,,,,
1985-05-01,0.0,,,,
1985-05-02,0.0,,,,
1985-05-03,0.0,,,,
1985-05-04,0.0,,,,
1985-05-05,0.0,,,,
1985-05-06,0.0,,,,
1985-05-07,0.0,,,,
1985-05-08,0.0,,,,
1985-05-09,0.0,,,,
1985-05-10,0.0,,,,
1985-05-11,0.0,,,,
1985-05-12,0.0,,,,
1985-05-13,0.0,,,,
1985-05-14,0.0,,,,
1985-05-15,0.0,,,,
1985-05-16,0.0,,,,
1985-05-17,0.0,,,,
1985-05-18,0.0,,,,
1985-05-19,0.0,,,,
1985-05-20,0.0,,,,
1985-05-21,0.0,,,,
1985-05-22,0.0,,,,
1985-05-23,0.0,,,,
1985-05-24,0.0,,,,
1985-05-25,0.0,,,,
1985-05-26,0.0,,,,
1985-05-27,0.0,,,,
1985-05-28,0.0,,,,
1985-05-29,0.0,,,,
1985-05-30,0.0,,,,
1985-05-31,0.0,,,,
1985-06-01,0.0,,,,
1985-06-02,0.0,,,,
1985-06-03,0.0,,,,
1985-06-04,0.0,,,,
1985-06-05,0.0,,,,
1985-06-06,0.0,,,,
1985-06-07,0.0,,,,
1985-06-08,0.0,,,,
1985-06-09,0.0,,,,
1985-06-10,0.0,,,,
1985-06-11,0.0,,,,
1985-06-12,0.0,,,,
1985-06-13,0.0,,,,
1985-06-14,0.0,,,,
1985-06-15,0.0,,,,
1985-06-16,0.0,,,,
1985-06-17,0.0,,,,
1985-06-18,0.0,,,,
1985-06-19,0.0,,,,
1985-06-20,0.0,,,,
1985-06-21,0.19,,,,
1985-06-22,0.49,,,,
1985-06-23,0.31,,,,
1985-06-24,0.0,,,,
1985-06-25,0.0,,,,
1985-06-26,10.82,,,,
1985-06-27,3.76,,,,
1985-06-28,1.58,,,,
1985-06-29,0.03,,,,
1985-06-30,0.0,,,,
1985-07-01,0.0,,,,
1985-07-02,0.0,,,,
1985-07-03,2.26,,,,
1985-07-04,3.07,,,,
1985-07-05,1.28,,,,
1985-07-06,0.0,,,,
1985-07-07,0.0,,,,
1985-07-08,0.0,,,,
1985-07-09,0.0,,,,
1985-07-10,0.16,,,,
1985-07-11,0.0,,,,
1985-07-12,0.37,,,,
1985-07-13,4.6,,,,
1985-07-14,0.0,,,,
1985-07-15,5.86,,,,
1985-07-16,0.0,,,,
1985-07-17,0.0,,,,
1985-07-18,0.89,,,,
1985-07-19,23.4,,,,
1985-07-20,0.0,,,,
1985-07-21,0.0,,,,
1985-07-22,0.0,,,,
1985-07-23,0.22,,,,
1985-07-24,11.75,,,,
1985-07-25,5.67,,,,
1985-07-26,0.49,,,,
1985-07-27,0.0,,,,
1985-07-28,0.02,,,,
1985-07-29,0.0,,,,
1985-07-30,0.02,,,,
1985-07-31,0.0,,,,
1985-08-01,3.25,,,,
1985-08-02,1.27,,,,
1985-08-03,0.0,,,,
1985-08-04,0.0,,,,
1985-08-05,0.0,,,,
1985-08-06,0.0,,,,
1985-08-07,0.0,,,,
1985-08-08,0.74,,,,
1985-08-09,3.11,,,,
1985-08-10,1.29,,,,
1985-08-11,11.56,,,,
1985-08-12,0.0,,,,
1985-08-13,0.09,,,,
1985-08-14,2.62,,,,
1985-08-15,13.06,,,,
1985-08-16,0.11,,,,
1985-08-17,7.03,,,,
1985-08-18,17.07,,,,
1985-08-19,0.02,,,,
1985-08-20,0.0,,,,
1985-08-21,2.04,,,,
1985-08-22,0.71,,,,
1985-08-23,0.39,,,,
1985-08-24,0.0,,,,
1985-08-25,4.21,,,,
1985-08-26,30.59,,,,
1985-08-27,4.29,,,,
1985-08-28,0.01,,,,
1985-08-29,0.0,,,,
1985-08-30,0.39,,,,
1985-08-31,0.0,,,,
1985-09-01,1.85,,,,
1985-09-02,5.65,,,,
1985-09-03,0.2,,,,
1985-09-04,0.67,,,,
1985-09-05,5.92,,,,
1985-09-06,0.93,,,,
1985-09-07,0.0,,,,
1985-09-08,0.66,,,,
1985-09-09,0.0,,,,
1985-09-10,0.2,,,,
1985-09-11,3.67,,,,
1985-09-12,2.46,,,,
1985-09-13,9.61,,,,
1985-09-14,5.03,,,,
1985-09-15,0.99,,,,
1985-09-16,0.0,,,,
1985-09-17,0.21,,,,
1985-09-18,13.56,,,,
1985-09-19,9.81,,,,
1985-09-20,0.66,,,,
1985-09-21,0.0,,,,
1985-09-22,0.41,,,,
1985-09-23,0.01,,,,
1985-09-24,0.06,,,,
1985-09-25,0.0,,,,
1985-09-26,0.4,,,,
1985-09-27,1.77,,,,
1985-09-28,0.16,,,,
1985-09-29,0.06,,,,
1985-09-30,0.0,,,,
1985-10-01,0.02,,,,
1985-10-02,0.0,,,,
1985-10-03,0.0,,,,
1985-10-04,5.1,,,,
1985-10-05,0.0,,,,
1985-10-06,0.0,,,,
1985-10-07,0.0,,,,
1985-10-08,0.0,,,,
1985-10-09,0.0,,,,
1985-10-10,0.0,,,,
1985-10-11,0.0,,,,
1985-10-12,0.0,,,,
1985-10-13,0.0,,,,
1985-10-14,0.0,,,,
1985-10-15,0.0,,,,
1985-10-16,0.0,,,,
1985-10-17,0.22,,,,
1985-10-18,0.0,,,,
1985-10-19,0.0,,,,
1985-10-20,0.0,,,,
1985-10-21,0.0,,,,
1985-10-22,0.0,,,,
1985-10-23,0.08,,,,
1985-10-24,0.0,,,,
1985-10-25,0.0,,,,
1985-10-26,0.02,,,,
1985-10-27,0.0,,,,
1985-10-28,0.0,,,,
1985-10-29,0.0,,,,
1985-10-30,0.0,,,,
1985-10-31,0.0,,,,
1985-11-01,0.0,,,,
1985-11-02,0.0,,,,
1985-11-03,0.0,,,,
1985-11-04,0.0,,,,
1985-11-05,0.0,,,,
1985-11-06,0.0,,,,
1985-11-07,0.0,,,,
1985-11-08,0.0,,,,
1985-11-09,0.0,,,,
1985-11-10,0.0,,,,
1985-11-11,0.0,,,,
1985-11-12,0.0,,,,
1985-11-13,0.0,,,,
1985-11-14,0.0,,,,
1985-11-15,0.0,,,,
1985-11-16,0.0,,,,
1985-11-17,0.0,,,,
1985-11-18,0.0,,,,
1985-11-19,0.0,,,,
1985-11-20,0.0,,,,
1985-11-21,0.0,,,,
1985-11-22,0.0,,,,
1985-11-23,0.0,,,,
1985-11-24,0.0,,,,
1985-11-25,0.0,,,,
1985-11-26,0.0,,,,
1985-11-27,0.0,,,,
1985-11-28,0.0,,,,
1985-11-29,0.0,,,,
1985-11-30,0.0,,,,
1985-12-01,0.0,,,,
1985-12-02,0.0,,,,
1985-12-03,0.0,,,,
1985-12-04,0.0,,,,
1985-12-05,0.0,,,,
1985-12-06,0.0,,,,
1985-12-07,0.0,,,,
1985-12-08,0.0,,,,
1985-12-09,0.0,,,,
1985-12-10,0.0,,,,
1985-12-11,0.0,,,,
1985-12-12,0.0,,,,
1985-12-13,0.04,,,,
1985-12-14,0.0,,,,
1985-12-15,0.0,,,,
1985-12-16,0.0,,,,
1985-12-17,0.0,,,,
1985-12-18,0.11,,,,
1985-12-19,4.8,,,,
1985-12-20,1.28,,,,
1985-12-21,0.0,,,,
1985-12-22,0.11,,,,
1985-12-23,0.0,,,,
1985-12-24,0.0,,,,
1985-12-25,0.0,,,,
1985-12-26,0.0,,,,
1985-12-27,0.0,,,,
1985-12-28,0.0,,,,
1985-12-29,0.0,,,,
1985-12-30,0.0,,,,
1985-12-31,0.0,,,,
1986-01-01,0.0,,,,
1986-01-02,0.0,,,,
1986-01-03,0.0,,,,
1986-01-04,0.0,,,,
1986-01-05,0.0,,,,
1986-01-06,0.0,,,,
1986-01-07,0.0,,,,
1986-01-08,0.0,,,,
1986-01-09,0.0,,,,
1986-01-10,0.0,,,,
1986-01-11,0.0,,,,
1986-01-12,0.0,,,,
1986-01-13,0.0,,,,
1986-01-14,0.0,,,,
1986-01-15,0.0,,,,
1986-01-16,0.0,,,,
1986-01-17,0.0,,,,
1986-01-18,0.0,,,,
1986-01-19,0.0,,,,
1986-01-20,0.0,,,,
1986-01-21,0.0,,,,
1986-01-22,0.0,,,,
1986-01-23,0.0,,,,
1986-01-24,0.0,,,,
1986-01-25,0.0,,,,
1986-01-26,0.0,,,,
1986-01-27,0.0,,,,
1986-01-28,0.0,,,,
1986-01-29,0.0,,,,
1986-01-30,0.0,,,,
1986-01-31,0.0,,,,
1986-02-01,0.0,,,,
1986-02-02,0.0,,,,
1986-02-03,0.0,,,,
1986-02-04,0.0,,,,
1986-02-05,0.0,,,,
1986-02-06,0.0,,,,
1986-02-07,0.0,,,,
1986-02-08,0.0,,,,
1986-02-09,0.0,,,,
1986-02-10,0.0,,,,
1986-02-11,0.0,,,,
1986-02-12,0.0,,,,
1986-02-13,0.0,,,,
1986-02-14,0.0,,,,
1986-02-15,0.0,,,,
1986-02-16,0.0,,,,
1986-02-17,0.0,,,,
1986-02-18,0.0,,,,
1986-02-19,0.0,,,,
1986-02-20,0.0,,,,
1986-02-21,0.0,,,,
1986-02-22,0.0,,,,
1986-02-23,0.0,,,,
1986-02-24,0.0,,,,
1986-02-25,0.0,,,,
1986-02-26,0.0,,,,
1986-02-27,0.0,,,,
1986-02-28,0.0,,,,
1986-03-01,0.0,,,,
1986-03-02,0.0,,,,
1986-03-03,0.0,,,,
1986-03-04,0.0,,,,
1986-03-05,0.0,,,,
1986-03-06,0.0,,,,
1986-03-07,0.0,,,,
1986-03-08,0.0,,,,
1986-03-09,0.0,,,,
1986-03-10,0.0,,,,
1986-03-11,0.0,,,,
1986-03-12,0.0,,,,
1986-03-13,0.0,,,,
1986-03-14,0.0,,,,
1986-03-15,0.0,,,,
1986-03-16,0.0,,,,
1986-03-17,0.0,,,,
1986-03-18,0.0,,,,
1986-03-19,0.0,,,,
1986-03-20,0.0,,,,
1986-03-21,0.0,,,,
1986-03-22,0.0,,,,
1986-03-23,0.0,,,,
1986-03-24,0.0,,,,
1986-03-25,0.0,,,,
1986-03-26,0.0,,,,
1986-03-27,0.0,,,,
1986-03-28,0.0,,,,
1986-03-29,0.0,,,,
1986-03-30,0.0,,,,
1986-03-31,0.0,,,,
1986-04-01,0.0,,,,
1986-04-02,0.0,,,,
1986-04-03,0.0,,,,
1986-04-04,0.04,,,,
1986-04-05,0.0,,,,
1986-04-06,0.0,,,,
1986-04-07,0.0,,,,
1986-04-08,0.0,,,,
1986-04-09,0.0,,,,
1986-04-10,0.0,,,,
1986-04-11,0.0,,,,
1986-04-12,0.0,,,,
1986-04-13,0.0,,,,
1986-04-14,0.0,,,,
1986-04-15,0.0,,,,
1986-04-16,0.0,,,,
1986-04-17,0.0,,,,
1986-04-18,0.0,,,,
1986-04-19,0.0,,,,
1986-04-20,0.0,,,,
1986-04-21,0.0,,,,
1986-04-22,0.0,,,,
1986-04-23,0.0,,,,
1986-04-24,0.0,,,,
1986-04-25,0.0,,,,
1986-04-26,0.0,,,,
1986-04-27,0.0,,,,
1986-04-28,0.0,,,,
1986-04-29,0.0,,,,
1986-04-30,0.0,,,,
1986-05-01,0.0,,,,
1986-05-02,0.0,,,,
1986-05-03,0.0,,,,
1986-05-04,0.0,,,,
1986-05-05,0.0,,,,
1986-05-06,0.0,,,,
1986-05-07,0.01,,,,
1986-05-08,0.0,,,,
1986-05-09,0.0,,,,
1986-05-10,0.0,,,,
1986-05-11,0.0,,,,
1986-05-12,0.0,,,,
1986-05-13,0.02,,,,
1986-05-14,0.0,,,,
1986-05-15,0.0,,,,
1986-05-16,0.0,,,,
1986-05-17,0.0,,,,
1986-05-18,0.0,,,,
1986-05-19,0.0,,,,
1986-05-20,0.0,,,,
1986-05-21,0.0,,,,
1986-05-22,0.0,,,,
1986-05-23,0.0,,,,
1986-05-24,0.0,,,,
1986-05-25,0.0,,,,
1986-05-26,0.0,,,,
1986-05-27,0.0,,,,
1986-05-28,0.0,,,,
1986-05-29,0.0,,,,
1986-05-30,0.0,,,,
1986-05-31,0.0,,,,
1986-06-01,0.0,,,,
1986-06-02,0.0,,,,
1986-06-03,0.0,,,,
1986-06-04,0.0,,,,
1986-06-05,0.0,,,,
1986-06-06,0.0,,,,
1986-06-07,0.0,,,,
1986-06-08,0.0,,,,
1986-06-09,0.0,,,,
1986-06-10,0.0,,,,
1986-06-11,0.0,,,,
1986-06-12,0.0,,,,
1986-06-13,0.0,,,,
1986-06-14,0.0,,,,
1986-06-15,0.0,,,,
1986-06-16,0.0,,,,
1986-06-17,0.0,,,,
1986-06-18,0.0,,,,
1986-06-19,0.0,,,,
1986-06-20,0.0,,,,
1986-06-21,0.0,,,,
1986-06-22,0.0,,,,
1986-06-23,0.0,,,,
1986-06-24,0.0,,,,
1986-06-25,0.0,,,,
1986-06-26,0.0,,,,
1986-06-27,0.71,,,,
1986-06-28,0.0,,,,
1986-06-29,0.0,,,,
1986-06-30,0.0,,,,
1986-07-01,0.0,,,,
1986-07-02,0.05,,,,
1986-07-03,0.0,,,,
1986-07-04,0.0,,,,
1986-07-05,0.02,,,,
1986-07-06,0.03,,,,
1986-07-07,0.0,,,,
1986-07-08,0.95,,,,
1986-07-09,8.12,,,,
1986-07-10,0.0,,,,
1986-07-11,0.0,,,,
1986-07-12,0.11,,,,
1986-07-13,0.0,,,,
1986-07-14,0.0,,,,
1986-07-15,0.0,,,,
1986-07-16,0.0,,,,
1986-07-17,0.0,,,,
1986-07-18,0.0,,,,
1986-07-19,0.0,,,,
1986-07-20,0.03,,,,
1986-07-21,0.17,,,,
1986-07-22,0.0,,,,
1986-07-23,0.0,,,,
1986-07-24,0.0,,,,
1986-07-25,0.02,,,,
1986-07-26,0.0,,,,
1986-07-27,0.0,,,,
1986-07-28,0.0,,,,
1986-07-29,0.17,,,,
1986-07-30,0.13,,,,
1986-07-31,1.62,,,,
1986-08-01,14.57,,,,
1986-08-02,27.25,,,,
1986-08-03,31.11,,,,
1986-08-04,7.88,,,,
1986-08-05,4.47,,,,
1986-08-06,0.0,,,,
1986-08-07,1.48,,,,
1986-08-08,13.14,,,,
1986-08-09,0.07,,,,
1986-08-10,0.0,,,,
1986-08-11,0.0,,,,
1986-08-12,0.0,,,,
1986-08-13,0.0,,,,
1986-08-14,0.01,,,,
1986-08-15,0.15,,,,
1986-08-16,0.0,,,,
1986-08-17,0.14,,,,
1986-08-18,0.09,,,,
1986-08-19,0.0,,,,
1986-08-20,4.56,,,,
1986-08-21,2.33,,,,
1986-08-22,2.73,,,,
1986-08-23,0.0,,,,
1986-08-24,0.0,,,,
1986-08-25,4.13,,,,
1986-08-26,0.11,,,,
1986-08-27,0.02,,,,
1986-08-28,0.12,,,,
1986-08-29,12.37,,,,
1986-08-30,0.0,,,,
1986-08-31,2.41,,,,
1986-09-01,3.45,,,,
1986-09-02,24.26,,,,
1986-09-03,23.17,,,,
1986-09-04,2.87,,,,
1986-09-05,0.0,,,,
1986-09-06,0.54,,,,
1986-09-07,0.0,,,,
1986-09-08,0.6,,,,
1986-09-09,3.63,,,,
1986-09-10,3.93,,,,
1986-09-11,11.43,,,,
1986-09-12,1.58,,,,
1986-09-13,11.32,,,,
1986-09-14,1.54,,,,
1986-09-15,1.84,,,,
1986-09-16,0.0,,,,
1986-09-17,0.0,,,,
1986-09-18,9.1,,,,
1986-09-19,5.65,,,,
1986-09-20,0.01,,,,
1986-09-21,2.15,,,,
1986-09-22,0.57,,,,
1986-09-23,0.01,,,,
1986-09-24,1.65,,,,
1986-09-25,0.2,,,,
1986-09-26,7.38,,,,
1986-09-27,18.47,,,,
1986-09-28,12.25,,,,
1986-09-29,0.0,,,,
1986-09-30,0.0,,,,
1986-10-01,0.52,,,,
1986-10-02,0.0,,,,
1986-10-03,0.0,,,,
1986-10-04,0.0,,,,
1986-10-05,2.03,,,,
1986-10-06,0.0,,,,
1986-10-07,2.6,,,,
1986-10-08,2.86,,,,
1986-10-09,0.0,,,,
1986-10-10,0.25,,,,
1986-10-11,0.0,,,,
1986-10-12,0.0,,,,
1986-10-13,0.0,,,,
1986-10-14,0.0,,,,
1986-10-15,0.0,,,,
1986-10-16,0.0,,,,
1986-10-17,0.0,,,,
1986-10-18,0.0,,,,
1986-10-19,0.0,,,,
1986-10-20,0.0,,,,
1986-10-21,0.0,,,,
1986-10-22,0.0,,,,
1986-10-23,0.0,,,,
1986-10-24,0.0,,,,
1986-10-25,0.0,,,,
1986-10-26,0.0,,,,
1986-10-27,0.0,,,,
1986-10-28,0.0,,,,
1986-10-29,0.0,,,,
1986-10-30,0.0,,,,
1986-10-31,0.0,,,,
1986-11-01,0.0,,,,
1986-11-02,0.0,,,,
1986-11-03,0.0,,,,
1986-11-04,0.0,,,,
1986-11-05,0.0,,,,
1986-11-06,0.02,,,,
1986-11-07,0.01,,,,
1986-11-08,0.0,,,,
1986-11-09,0.0,,,,
1986-11-10,0.0,,,,
1986-11-11,0.0,,,,
1986-11-12,0.0,,,,
1986-11-13,0.0,,,,
1986-11-14,0.0,,,,
1986-11-15,0.0,,,,
1986-11-16,0.0,,,,
1986-11-17,0.0,,,,
1986-11-18,0.0,,,,
1986-11-19,0.0,,,,
1986-11-20,0.0,,,,
1986-11-21,0.0,,,,
1986-11-22,0.01,,,,
1986-11-23,0.0,,,,
1986-11-24,0.0,,,,
1986-11-25,0.0,,,,
1986-11-26,0.0,,,,
1986-11-27,0.01,,,,
1986-11-28,0.0,,,,
1986-11-29,0.0,,,,
1986-11-30,0.0,,,,
1986-12-01,0.0,,,,
1986-12-02,0.02,,,,
1986-12-03,0.0,,,,
1986-12-04,0.0,,,,
1986-12-05,0.0,,,,
1986-12-06,0.0,,,,
1986-12-07,0.0,,,,
1986-12-08,0.0,,,,
1986-12-09,0.0,,,,
1986-12-10,0.0,,,,
1986-12-11,0.0,,,,
1986-12-12,0.0,,,,
1986-12-13,0.0,,,,
1986-12-14,0.0,,,,
1986-12-15,0.0,,,,
1986-12-16,0.0,,,,
1986-12-17,0.0,,,,
1986-12-18,0.01,,,,
1986-12-19,0.0,,,,
1986-12-20,0.0,,,,
1986-12-21,0.0,,,,
1986-12-22,0.01,,,,
1986-12-23,0.0,,,,
1986-12-24,0.01,,,,
1986-12-25,0.0,,,,
1986-12-26,0.0,,,,
1986-12-27,0.0,,,,
1986-12-28,0.0,,,,
1986-12-29,0.0,,,,
1986-12-30,0.0,,,,
1986-12-31,0.0,,,,
1987-01-01,0.0,,,,
1987-01-02,0.0,,,,
1987-01-03,0.0,,,,
1987-01-04,0.0,,,,
1987-01-05,0.0,,,,
1987-01-06,0.0,,,,
1987-01-07,0.0,,,,
1987-01-08,0.0,,,,
1987-01-09,0.0,,,,
1987-01-10,0.0,,,,
1987-01-11,0.0,,,,
1987-01-12,0.0,,,,
1987-01-13,0.0,,,,
1987-01-14,0.0,,,,
1987-01-15,0.0,,,,
1987-01-16,0.0,,,,
1987-01-17,0.0,,,,
1987-01-18,0.0,,,,
1987-01-19,0.0,,,,
1987-01-20,0.0,,,,
1987-01-21,0.0,,,,
1987-01-22,0.0,,,,
1987-01-23,0.0,,,,
1987-01-24,0.0,,,,
1987-01-25,0.0,,,,
1987-01-26,0.0,,,,
1987-01-27,0.0,,,,
1987-01-28,0.0,,,,
1987-01-29,0.0,,,,
1987-01-30,0.0,,,,
1987-01-31,0.0,,,,
1987-02-01,0.0,,,,
1987-02-02,0.0,,,,
1987-02-03,0.0,,,,
1987-02-04,0.0,,,,
1987-02-05,0.0,,,,
1987-02-06,0.0,,,,
1987-02-07,0.0,,,,
1987-02-08,0.0,,,,
1987-02-09,0.0,,,,
1987-02-10,0.0,,,,
1987-02-11,0.0,,,,
1987-02-12,0.0,,,,
1987-02-13,0.0,,,,
1987-02-14,0.0,,,,
1987-02-15,0.0,,,,
1987-02-16,0.0,,,,
1987-02-17,0.0,,,,
1987-02-18,0.0,,,,
1987-02-19,0.0,,,,
1987-02-20,0.0,,,,
1987-02-21,0.0,,,,
1987-02-22,0.0,,,,
1987-02-23,0.0,,,,
1987-02-24,0.0,,,,
1987-02-25,0.0,,,,
1987-02-26,0.0,,,,
1987-02-27,0.0,,,,
1987-02-28,0.0,,,,
1987-03-01,0.0,,,,
1987-03-02,0.0,,,,
1987-03-03,0.0,,,,
1987-03-04,0.0,,,,
1987-03-05,0.0,,,,
1987-03-06,0.0,,,,
1987-03-07,0.0,,,,
1987-03-08,0.0,,,,
1987-03-09,0.0,,,,
1987-03-10,0.0,,,,
1987-03-11,0.0,,,,
1987-03-12,0.0,,,,
1987-03-13,0.0,,,,
1987-03-14,0.0,,,,
1987-03-15,0.0,,,,
1987-03-16,0.0,,,,
1987-03-17,0.0,,,,
1987-03-18,0.0,,,,
1987-03-19,0.0,,,,
1987-03-20,0.0,,,,
1987-03-21,0.0,,,,
1987-03-22,0.0,,,,
1987-03-23,0.0,,,,
1987-03-24,0.0,,,,
1987-03-25,0.0,,,,
1987-03-26,0.0,,,,
1987-03-27,0.0,,,,
1987-03-28,0.0,,,,
1987-03-29,0.0,,,,
1987-03-30,0.0,,,,
1987-03-31,0.0,,,,
1987-04-01,0.0,,,,
1987-04-02,0.0,,,,
1987-04-03,0.0,,,,
1987-04-04,0.0,,,,
1987-04-05,0.0,,,,
1987-04-06,0.0,,,,
1987-04-07,0.0,,,,
1987-04-08,0.0,,,,
1987-04-09,0.0,,,,
1987-04-10,0.0,,,,
1987-04-11,0.0,,,,
1987-04-12,0.0,,,,
1987-04-13,0.0,,,,
1987-04-14,0.0,,,,
1987-04-15,0.0,,,,
1987-04-16,0.0,,,,
1987-04-17,0.0,,,,
1987-04-18,0.0,,,,
1987-04-19,0.0,,,,
1987-04-20,0.0,,,,
1987-04-21,0.0,,,,
1987-04-22,0.0,,,,
1987-04-23,0.0,,,,
1987-04-24,0.0,,,,
1987-04-25,0.0,,,,
1987-04-26,0.0,,,,
1987-04-27,0.0,,,,
1987-04-28,0.0,,,,
1987-04-29,0.0,,,,
1987-04-30,0.0,,,,
1987-05-01,0.0,,,,
1987-05-02,0.0,,,,
1987-05-03,0.0,,,,
1987-05-04,0.0,,,,
1987-05-05,0.0,,,,
1987-05-06,0.0,,,,
1987-05-07,0.0,,,,
1987-05-08,0.0,,,,
1987-05-09,0.0,,,,
1987-05-10,0.0,,,,
1987-05-11,0.0,,,,
1987-05-12,0.0,,,,
1987-05-13,0.0,,,,
1987-05-14,0.0,,,,
1987-05-15,0.0,,,,
1987-05-16,0.0,,,,
1987-05-17,0.0,,,,
1987-05-18,0.0,,,,
1987-05-19,0.0,,,,
1987-05-20,0.0,,,,
1987-05-21,0.0,,,,
1987-05-22,0.0,,,,
1987-05-23,0.0,,,,
1987-05-24,0.0,,,,
1987-05-25,0.0,,,,
1987-05-26,0.0,,,,
1987-05-27,0.0,,,,
1987-05-28,0.0,,,,
1987-05-29,0.0,,,,
1987-05-30,0.0,,,,
1987-05-31,0.0,,,,
1987-06-01,0.0,,,,
1987-06-02,0.0,,,,
1987-06-03,0.0,,,,
1987-06-04,0.0,,,,
1987-06-05,0.0,,,,
1987-06-06,0.01,,,,
1987-06-07,0.07,,,,
1987-06-08,0.05,,,,
1987-06-09,0.0,,,,
1987-06-10,0.0,,,,
1987-06-11,0.2,,,,
1987-06-12,0.69,,,,
1987-06-13,0.0,,,,
1987-06-14,0.0,,,,
1987-06-15,0.0,,,,
1987-06-16,0.01,,,,
1987-06-17,0.0,,,,
1987-06-18,0.0,,,,
1987-06-19,0.0,,,,
1987-06-20,1.11,,,,
1987-06-21,6.35,,,,
1987-06-22,0.0,,,,
1987-06-23,0.0,,,,
1987-06-24,0.0,,,,
1987-06-25,0.0,,,,
1987-06-26,0.0,,,,
1987-06-27,0.0,,,,
1987-06-28,0.0,,,,
1987-06-29,0.0,,,,
1987-06-30,0.0,,,,
1987-07-01,0.0,,,,
1987-07-02,0.0,,,,
1987-07-03,0.0,,,,
1987-07-04,0.0,,,,
1987-07-05,0.0,,,,
1987-07-06,0.0,,,,
1987-07-07,0.0,,,,
1987-07-08,1.35,,,,
1987-07-09,1.59,,,,
1987-07-10,0.0,,,,
1987-07-11,0.0,,,,
1987-07-12,0.0,,,,
1987-07-13,0.0,,,,
1987-07-14,0.25,,,,
1987-07-15,0.0,,,,
1987-07-16,0.0,,,,
1987-07-17,0.21,,,,
1987-07-18,0.63,,,,
1987-07-19,27.27,,,,
1987-07-20,13.86,,,,
1987-07-21,0.01,,,,
1987-07-22,0.0,,,,
1987-07-23,17.0,,,,
1987-07-24,0.0,,,,
1987-07-25,0.0,,,,
1987-07-26,0.76,,,,
1987-07-27,7.68,,,,
1987-07-28,0.2,,,,
1987-07-29,10.61,,,,
1987-07-30,0.0,,,,
1987-07-31,0.0,,,,
1987-08-01,3.56,,,,
1987-08-02,8.44,,,,
1987-08-03,18.59,,,,
1987-08-04,0.0,,,,
1987-08-05,8.78,,,,
1987-08-06,5.19,,,,
1987-08-07,8.7,,,,
1987-08-08,7.88,,,,
1987-08-09,0.0,,,,
1987-08-10,0.0,,,,
1987-08-11,0.0,,,,
1987-08-12,0.0,,,,
1987-08-13,0.0,,,,
1987-08-14,0.0,,,,
1987-08-15,0.06,,,,
1987-08-16,0.0,,,,
1987-08-17,0.0,,,,
1987-08-18,0.0,,,,
1987-08-19,0.0,,,,
1987-08-20,0.0,,,,
1987-08-21,0.19,,,,
1987-08-22,4.54,,,,
1987-08-23,5.61,,,,
1987-08-24,15.95,,,,
1987-08-25,0.01,,,,
1987-08-26,0.04,,,,
1987-08-27,3.52,,,,
1987-08-28,0.76,,,,
1987-08-29,7.94,,,,
1987-08-30,0.06,,,,
1987-08-31,0.0,,,,
1987-09-01,4.31,,,,
1987-09-02,2.17,,,,
1987-09-03,0.13,,,,
1987-09-04,15.17,,,,
1987-09-05,1.86,,,,
1987-09-06,1.27,,,,
1987-09-07,3.01,,,,
1987-09-08,0.0,,,,
1987-09-09,0.28,,,,
1987-09-10,11.84,,,,
1987-09-11,0.61,,,,
1987-09-12,0.0,,,,
1987-09-13,0.0,,,,
1987-09-14,0.0,,,,
1987-09-15,0.0,,,,
1987-09-16,0.0,,,,
1987-09-17,9.36,,,,
1987-09-18,1.21,,,,
1987-09-19,0.93,,,,
1987-09-20,0.0,,,,
1987-09-21,0.0,,,,
1987-09-22,0.0,,,,
1987-09-23,8.06,,,,
1987-09-24,2.48,,,,
1987-09-25,1.02,,,,
1987-09-26,0.0,,,,
1987-09-27,14.23,,,,
1987-09-28,5.46,,,,
1987-09-29,0.61,,,,
1987-09-30,4.94,,,,
1987-10-01,2.67,,,,
1987-10-02,0.0,,,,
1987-10-03,0.0,,,,
1987-10-04,2.23,,,,
1987-10-05,0.18,,,,
1987-10-06,0.18,,,,
1987-10-07,0.0,,,,
1987-10-08,0.0,,,,
1987-10-09,3.18,,,,
1987-10-10,0.0,,,,
1987-10-11,2.08,,,,
1987-10-12,2.93,,,,
1987-10-13,1.01,,,,
1987-10-14,0.0,,,,
1987-10-15,0.0,,,,
1987-10-16,0.0,,,,
1987-10-17,2.97,,,,
1987-10-18,0.0,,,,
1987-10-19,0.0,,,,
1987-10-20,0.0,,,,
1987-10-21,0.0,,,,
1987-10-22,0.0,,,,
1987-10-23,0.0,,,,
1987-10-24,0.0,,,,
1987-10-25,0.0,,,,
1987-10-26,0.0,,,,
1987-10-27,0.0,,,,
1987-10-28,0.08,,,,
1987-10-29,0.0,,,,
1987-10-30,0.0,,,,
1987-10-31,0.0,,,,
1987-11-01,0.01,,,,
1987-11-02,0.0,,,,
1987-11-03,0.0,,,,
1987-11-04,0.0,,,,
1987-11-05,0.0,,,,
1987-11-06,0.0,,,,
1987-11-07,0.0,,,,
1987-11-08,0.0,,,,
1987-11-09,0.0,,,,
1987-11-10,0.0,,,,
1987-11-11,0.0,,,,
1987-11-12,0.0,,,,
1987-11-13,0.0,,,,
1987-11-14,0.0,,,,
1987-11-15,0.0,,,,
1987-11-16,0.0,,,,
1987-11-17,0.0,,,,
1987-11-18,0.0,,,,
1987-11-19,0.0,,,,
1987-11-20,0.0,,,,
1987-11-21,0.0,,,,
1987-11-22,0.0,,,,
1987-11-23,0.0,,,,
1987-11-24,0.0,,,,
1987-11-25,0.0,,,,
1987-11-26,0.0,,,,
1987-11-27,0.01,,,,
1987-11-28,0.0,,,,
1987-11-29,0.0,,,,
1987-11-30,0.0,,,,
1987-12-01,0.0,,,,
1987-12-02,0.0,,,,
1987-12-03,0.0,,,,
1987-12-04,0.0,,,,
1987-12-05,0.01,,,,
1987-12-06,0.0,,,,
1987-12-07,0.0,,,,
1987-12-08,0.0,,,,
1987-12-09,0.0,,,,
1987-12-10,0.0,,,,
1987-12-11,0.0,,,,
1987-12-12,0.0,,,,
1987-12-13,0.0,,,,
1987-12-14,0.0,,,,
1987-12-15,0.0,,,,
1987-12-16,0.0,,,,
1987-12-17,0.0,,,,
1987-12-18,0.0,,,,
1987-12-19,0.0,,,,
1987-12-20,0.0,,,,
1987-12-21,0.0,,,,
1987-12-22,0.0,,,,
1987-12-23,0.02,,,,
1987-12-24,0.0,,,,
1987-12-25,0.0,,,,
1987-12-26,0.0,,,,
1987-12-27,0.0,,,,
1987-12-28,0.0,,,,
1987-12-29,0.0,,,,
1987-12-30,0.0,,,,
1987-12-31,0.0,,,,
1988-01-01,0.0,,,,
1988-01-02,0.0,,,,
1988-01-03,0.0,,,,
1988-01-04,0.0,,,,
1988-01-05,0.0,,,,
1988-01-06,0.0,,,,
1988-01-07,0.0,,,,
1988-01-08,0.0,,,,
1988-01-09,0.0,,,,
1988-01-10,0.0,,,,
1988-01-11,0.0,,,,
1988-01-12,0.0,,,,
1988-01-13,0.0,,,,
1988-01-14,0.0,,,,
1988-01-15,0.0,,,,
1988-01-16,0.0,,,,
1988-01-17,0.0,,,,
1988-01-18,0.0,,,,
1988-01-19,0.0,,,,
1988-01-20,0.0,,,,
1988-01-21,0.0,,,,
1988-01-22,0.0,,,,
1988-01-23,0.0,,,,
1988-01-24,0.0,,,,
1988-01-25,0.0,,,,
1988-01-26,0.0,,,,
1988-01-27,0.0,,,,
1988-01-28,0.0,,,,
1988-01-29,0.0,,,,
1988-01-30,0.0,,,,
1988-01-31,0.0,,,,
1988-02-01,0.0,,,,
1988-02-02,0.0,,,,
1988-02-03,0.0,,,,
1988-02-04,0.0,,,,
1988-02-05,0.0,,,,
1988-02-06,0.0,,,,
1988-02-07,0.0,,,,
1988-02-08,0.0,,,,
1988-02-09,0.0,,,,
1988-02-10,0.0,,,,
1988-02-11,0.0,,,,
1988-02-12,0.0,,,,
1988-02-13,0.0,,,,
1988-02-14,0.0,,,,
1988-02-15,0.04,,,,
1988-02-16,0.0,,,,
1988-02-17,0.0,,,,
1988-02-18,0.0,,,,
1988-02-19,0.0,,,,
1988-02-20,0.0,,,,
1988-02-21,0.0,,,,
1988-02-22,0.0,,,,
1988-02-23,0.0,,,,
1988-02-24,0.0,,,,
1988-02-25,0.0,,,,
1988-02-26,0.0,,,,
1988-02-27,0.0,,,,
1988-02-28,0.0,,,,
1988-02-29,0.0,,,,
1988-03-01,0.0,,,,
1988-03-02,0.0,,,,
1988-03-03,0.0,,,,
1988-03-04,0.0,,,,
1988-03-05,0.0,,,,
1988-03-06,0.0,,,,
1988-03-07,0.0,,,,
1988-03-08,0.0,,,,
1988-03-09,0.0,,,,
1988-03-10,0.0,,,,
1988-03-11,0.0,,,,
1988-03-12,0.0,,,,
1988-03-13,0.0,,,,
1988-03-14,0.0,,,,
1988-03-15,0.0,,,,
1988-03-16,0.0,,,,
1988-03-17,0.0,,,,
1988-03-18,0.0,,,,
1988-03-19,0.0,,,,
1988-03-20,0.0,,,,
1988-03-21,0.0,,,,
1988-03-22,0.0,,,,
1988-03-23,0.0,,,,
1988-03-24,0.0,,,,
1988-03-25,0.0,,,,
1988-03-26,0.0,,,,
1988-03-27,0.0,,,,
1988-03-28,0.0,,,,
1988-03-29,0.0,,,,
1988-03-30,0.0,,,,
1988-03-31,0.0,,,,
1988-04-01,0.0,,,,
1988-04-02,0.0,,,,
1988-04-03,0.0,,,,
1988-04-04,0.0,,,,
1988-04-05,0.0,,,,
1988-04-06,0.0,,,,
1988-04-07,0.0,,,,
1988-04-08,0.0,,,,
1988-04-09,0.0,,,,
1988-04-10,0.0,,,,
1988-04-11,0.0,,,,
1988-04-12,0.0,,,,
1988-04-13,0.0,,,,
1988-04-14,0.0,,,,
1988-04-15,0.0,,,,
1988-04-16,0.0,,,,
1988-04-17,0.0,,,,
1988-04-18,0.0,,,,
1988-04-19,0.0,,,,
1988-04-20,0.0,,,,
1988-04-21,0.0,,,,
1988-04-22,0.0,,,,
1988-04-23,0.0,,,,
1988-04-24,0.0,,,,
1988-04-25,0.0,,,,
1988-04-26,0.0,,,,
1988-04-27,0.0,,,,
1988-04-28,0.0,,,,
1988-04-29,0.0,,,,
1988-04-30,0.0,,,,
1988-05-01,0.0,,,,
1988-05-02,0.0,,,,
1988-05-03,0.0,,,,
1988-05-04,0.0,,,,
1988-05-05,0.0,,,,
1988-05-06,0.0,,,,
1988-05-07,0.0,,,,
1988-05-08,0.0,,,,
1988-05-09,0.0,,,,
1988-05-10,0.0,,,,
1988-05-11,0.0,,,,
1988-05-12,0.0,,,,
1988-05-13,0.01,,,,
1988-05-14,0.0,,,,
1988-05-15,0.0,,,,
1988-05-16,0.0,,,,
1988-05-17,0.0,,,,
1988-05-18,0.0,,,,
1988-05-19,0.0,,,,
1988-05-20,0.0,,,,
1988-05-21,0.0,,,,
1988-05-22,0.0,,,,
1988-05-23,0.0,,,,
1988-05-24,0.0,,,,
1988-05-25,0.0,,,,
1988-05-26,0.0,,,,
1988-05-27,0.0,,,,
1988-05-28,0.0,,,,
1988-05-29,0.0,,,,
1988-05-30,0.0,,,,
1988-05-31,0.0,,,,
1988-06-01,0.0,,,,
1988-06-02,0.0,,,,
1988-06-03,0.0,,,,
1988-06-04,0.0,,,,
1988-06-05,0.0,,,,
1988-06-06,0.0,,,,
1988-06-07,0.0,,,,
1988-06-08,0.0,,,,
1988-06-09,0.0,,,,
1988-06-10,0.0,,,,
1988-06-11,0.0,,,,
1988-06-12,0.12,,,,
1988-06-13,0.0,,,,
1988-06-14,0.0,,,,
1988-06-15,0.0,,,,
1988-06-16,0.0,,,,
1988-06-17,0.0,,,,
1988-06-18,0.03,,,,
1988-06-19,3.8,,,,
1988-06-20,0.01,,,,
1988-06-21,0.0,,,,
1988-06-22,0.0,,,,
1988-06-23,0.0,,,,
1988-06-24,2.53,,,,
1988-06-25,0.8,,,,
1988-06-26,0.0,,,,
1988-06-27,0.0,,,,
1988-06-28,0.0,,,,
1988-06-29,0.0,,,,
1988-06-30,0.0,,,,
1988-07-01,0.0,,,,
1988-07-02,0.0,,,,
1988-07-03,0.0,,,,
1988-07-04,0.0,,,,
1988-07-05,0.0,,,,
1988-07-06,0.0,,,,
1988-07-07,0.19,,,,
1988-07-08,0.19,,,,
1988-07-09,0.0,,,,
1988-07-10,0.0,,,,
1988-07-11,0.71,,,,
1988-07-12,2.49,,,,
1988-07-13,0.0,,,,
1988-07-14,0.06,,,,
1988-07-15,0.0,,,,
1988-07-16,1.31,,,,
1988-07-17,0.0,,,,
1988-07-18,0.0,,,,
1988-07-19,0.0,,,,
1988-07-20,0.44,,,,
1988-07-21,0.0,,,,
1988-07-22,0.0,,,,
1988-07-23,0.0,,,,
1988-07-24,6.22,,,,
1988-07-25,0.0,,,,
1988-07-26,0.0,,,,
1988-07-27,0.0,,,,
1988-07-28,17.2,,,,
1988-07-29,0.27,,,,
1988-07-30,1.69,,,,
1988-07-31,0.0,,,,
1988-08-01,9.73,,,,
1988-08-02,0.88,,,,
1988-08-03,16.55,,,,
1988-08-04,0.31,,,,
1988-08-05,0.02,,,,
1988-08-06,0.0,,,,
1988-08-07,3.55,,,,
1988-08-08,1.58,,,,
1988-08-09,0.0,,,,
1988-08-10,0.0,,,,
1988-08-11,0.0,,,,
1988-08-12,0.0,,,,
1988-08-13,0.48,,,,
1988-08-14,4.65,,,,
1988-08-15,3.07,,,,
1988-08-16,1.19,,,,
1988-08-17,57.22,,,,
1988-08-18,2.86,,,,
1988-08-19,19.98,,,,
1988-08-20,6.48,,,,
1988-08-21,7.3,,,,
1988-08-22,17.24,,,,
1988-08-23,2.39,,,,
1988-08-24,2.32,,,,
1988-08-25,0.38,,,,
1988-08-26,22.43,,,,
1988-08-27,11.83,,,,
1988-08-28,7.15,,,,
1988-08-29,6.95,,,,
1988-08-30,9.86,,,,
1988-08-31,2.61,,,,
1988-09-01,7.15,,,,
1988-09-02,0.0,,,,
1988-09-03,0.0,,,,
1988-09-04,17.64,,,,
1988-09-05,1.99,,,,
1988-09-06,9.48,,,,
1988-09-07,2.36,,,,
1988-09-08,0.0,,,,
1988-09-09,0.0,,,,
1988-09-10,0.51,,,,
1988-09-11,4.39,,,,
1988-09-12,0.66,,,,
1988-09-13,3.12,,,,
1988-09-14,4.34,,,,
1988-09-15,1.82,,,,
1988-09-16,2.49,,,,
1988-09-17,2.62,,,,
1988-09-18,2.48,,,,
1988-09-19,1.94,,,,
1988-09-20,2.92,,,,
1988-09-21,10.69,,,,
1988-09-22,0.0,,,,
1988-09-23,0.0,,,,
1988-09-24,0.0,,,,
1988-09-25,0.0,,,,
1988-09-26,0.0,,,,
1988-09-27,0.54,,,,
1988-09-28,0.18,,,,
1988-09-29,0.0,,,,
1988-09-30,0.0,,,,
1988-10-01,0.01,,,,
1988-10-02,0.08,,,,
1988-10-03,0.0,,,,
1988-10-04,0.0,,,,
1988-10-05,0.0,,,,
1988-10-06,0.0,,,,
1988-10-07,0.0,,,,
1988-10-08,0.35,,,,
1988-10-09,0.0,,,,
1988-10-10,0.26,,,,
1988-10-11,0.0,,,,
1988-10-12,0.0,,,,
1988-10-13,0.0,,,,
1988-10-14,0.0,,,,
1988-10-15,0.0,,,,
1988-10-16,0.0,,,,
1988-10-17,0.0,,,,
1988-10-18,0.0,,,,
1988-10-19,0.0,,,,
1988-10-20,0.0,,,,
1988-10-21,0.0,,,,
1988-10-22,0.0,,,,
1988-10-23,0.0,,,,
1988-10-24,0.06,,,,
1988-10-25,0.0,,,,
1988-10-26,0.0,,,,
1988-10-27,0.0,,,,
1988-10-28,0.0,,,,
1988-10-29,0.0,,,,
1988-10-30,0.0,,,,
1988-10-31,0.12,,,,
1988-11-01,0.01,,,,
1988-11-02,0.0,,,,
1988-11-03,0.0,,,,
1988-11-04,0.0,,,,
1988-11-05,0.0,,,,
1988-11-06,0.0,,,,
1988-11-07,0.0,,,,
1988-11-08,0.0,,,,
1988-11-09,0.0,,,,
1988-11-10,0.06,,,,
1988-11-11,0.0,,,,
1988-11-12,0.0,,,,
1988-11-13,0.0,,,,
1988-11-14,0.0,,,,
1988-11-15,0.0,,,,
1988-11-16,0.0,,,,
1988-11-17,0.0,,,,
1988-11-18,0.0,,,,
1988-11-19,0.0,,,,
1988-11-20,0.0,,,,
1988-11-21,0.0,,,,
1988-11-22,0.0,,,,
1988-11-23,0.0,,,,
1988-11-24,0.0,,,,
1988-11-25,0.0,,,,
1988-11-26,0.0,,,,
1988-11-27,0.0,,,,
1988-11-28,0.0,,,,
1988-11-29,0.0,,,,
1988-11-30,0.0,,,,
1988-12-01,0.0,,,,
1988-12-02,0.0,,,,
1988-12-03,0.0,,,,
1988-12-04,0.0,,,,
1988-12-05,0.0,,,,
1988-12-06,0.0,,,,
1988-12-07,0.0,,,,
1988-12-08,0.0,,,,
1988-12-09,0.0,,,,
1988-12-10,0.0,,,,
1988-12-11,0.0,,,,
1988-12-12,0.0,,,,
1988-12-13,0.0,,,,
1988-12-14,0.0,,,,
1988-12-15,0.0,,,,
1988-12-16,0.0,,,,
1988-12-17,0.0,,,,
1988-12-18,0.0,,,,
1988-12-19,0.0,,,,
1988-12-20,0.0,,,,
1988-12-21,0.0,,,,
1988-12-22,0.0,,,,
1988-12-23,0.0,,,,
1988-12-24,0.0,,,,
1988-12-25,0.0,,,,
1988-12-26,0.0,,,,
1988-12-27,0.0,,,,
1988-12-28,0.0,,,,
1988-12-29,0.0,,,,
1988-12-30,0.0,,,,
1988-12-31,0.0,,,,
1989-01-01,0.0,,,,
1989-01-02,0.0,,,,
1989-01-03,0.0,,,,
1989-01-04,0.0,,,,
1989-01-05,0.0,,,,
1989-01-06,0.06,,,,
1989-01-07,0.0,,,,
1989-01-08,0.0,,,,
1989-01-09,0.0,,,,
1989-01-10,0.0,,,,
1989-01-11,0.0,,,,
1989-01-12,0.0,,,,
1989-01-13,0.0,,,,
1989-01-14,0.0,,,,
1989-01-15,0.0,,,,
1989-01-16,0.0,,,,
1989-01-17,0.0,,,,
1989-01-18,0.0,,,,
1989-01-19,0.0,,,,
1989-01-20,0.0,,,,
1989-01-21,0.0,,,,
1989-01-22,0.0,,,,
1989-01-23,0.0,,,,
1989-01-24,0.0,,,,
1989-01-25,0.0,,,,
1989-01-26,0.0,,,,
1989-01-27,0.0,,,,
1989-01-28,0.0,,,,
1989-01-29,0.0,,,,
1989-01-30,0.0,,,,
1989-01-31,0.0,,,,
1989-02-01,0.0,,,,
1989-02-02,0.0,,,,
1989-02-03,0.0,,,,
1989-02-04,0.0,,,,
1989-02-05,0.0,,,,
1989-02-06,0.0,,,,
1989-02-07,0.0,,,,
1989-02-08,0.07,,,,
1989-02-09,0.0,,,,
1989-02-10,0.0,,,,
1989-02-11,0.0,,,,
1989-02-12,0.01,,,,
1989-02-13,0.0,,,,
1989-02-14,0.01,,,,
1989-02-15,0.0,,,,
1989-02-16,0.0,,,,
1989-02-17,0.0,,,,
1989-02-18,0.0,,,,
1989-02-19,0.0,,,,
1989-02-20,0.0,,,,
1989-02-21,0.0,,,,
1989-02-22,0.0,,,,
1989-02-23,0.0,,,,
1989-02-24,0.0,,,,
1989-02-25,0.0,,,,
1989-02-26,0.0,,,,
1989-02-27,0.0,,,,
1989-02-28,0.0,,,,
1989-03-01,0.0,,,,
1989-03-02,0.0,,,,
1989-03-03,0.0,,,,
1989-03-04,0.0,,,,
1989-03-05,0.0,,,,
1989-03-06,0.0,,,,
1989-03-07,0.0,,,,
1989-03-08,0.0,,,,
1989-03-09,0.0,,,,
1989-03-10,0.0,,,,
1989-03-11,0.0,,,,
1989-03-12,0.0,,,,
1989-03-13,0.0,,,,
1989-03-14,0.0,,,,
1989-03-15,0.0,,,,
1989-03-16,0.0,,,,
1989-03-17,0.0,,,,
1989-03-18,0.0,,,,
1989-03-19,0.0,,,,
1989-03-20,0.0,,,,
1989-03-21,0.0,,,,
1989-03-22,0.0,,,,
1989-03-23,0.0,,,,
1989-03-24,0.0,,,,
1989-03-25,0.0,,,,
1989-03-26,0.0,,,,
1989-03-27,0.0,,,,
1989-03-28,0.0,,,,
1989-03-29,0.0,,,,
1989-03-30,0.0,,,,
1989-03-31,0.0,,,,
1989-04-01,0.0,,,,
1989-04-02,0.0,,,,
1989-04-03,0.0,,,,
1989-04-04,0.0,,,,
1989-04-05,0.0,,,,
1989-04-06,0.0,,,,
1989-04-07,0.0,,,,
1989-04-08,0.0,,,,
1989-04-09,0.0,,,,
1989-04-10,0.0,,,,
1989-04-11,0.0,,,,
1989-04-12,0.0,,,,
1989-04-13,0.0,,,,
1989-04-14,0.0,,,,
1989-04-15,0.0,,,,
1989-04-16,0.0,,,,
1989-04-17,0.0,,,,
1989-04-18,0.0,,,,
1989-04-19,0.0,,,,
1989-04-20,0.0,,,,
1989-04-21,0.0,,,,
1989-04-22,0.0,,,,
1989-04-23,0.0,,,,
1989-04-24,0.0,,,,
1989-04-25,0.0,,,,
1989-04-26,0.0,,,,
1989-04-27,0.0,,,,
1989-04-28,0.0,,,,
1989-04-29,0.0,,,,
1989-04-30,0.0,,,,
1989-05-01,0.0,,,,
1989-05-02,0.0,,,,
1989-05-03,0.0,,,,
1989-05-04,0.0,,,,
1989-05-05,0.0,,,,
1989-05-06,0.0,,,,
1989-05-07,0.0,,,,
1989-05-08,0.0,,,,
1989-05-09,0.0,,,,
1989-05-10,0.01,,,,
1989-05-11,0.0,,,,
1989-05-12,0.0,,,,
1989-05-13,0.0,,,,
1989-05-14,0.0,,,,
1989-05-15,0.0,,,,
1989-05-16,0.0,,,,
1989-05-17,0.0,,,,
1989-05-18,0.0,,,,
1989-05-19,0.0,,,,
1989-05-20,0.0,,,,
1989-05-21,0.0,,,,
1989-05-22,0.0,,,,
1989-05-23,0.0,,,,
1989-05-24,0.0,,,,
1989-05-25,0.0,,,,
1989-05-26,0.0,,,,
1989-05-27,0.0,,,,
1989-05-28,0.0,,,,
1989-05-29,0.0,,,,
1989-05-30,0.0,,,,
1989-05-31,0.0,,,,
1989-06-01,0.0,,,,
1989-06-02,0.17,,,,
1989-06-03,0.0,,,,
1989-06-04,0.0,,,,
1989-06-05,0.0,,,,
1989-06-06,0.0,,,,
1989-06-07,0.0,,,,
1989-06-08,0.0,,,,
1989-06-09,0.0,,,,
1989-06-10,0.0,,,,
1989-06-11,0.0,,,,
1989-06-12,6.46,,,,
1989-06-13,3.16,,,,
1989-06-14,0.0,,,,
1989-06-15,1.09,,,,
1989-06-16,13.22,,,,
1989-06-17,4.63,,,,
1989-06-18,0.0,,,,
1989-06-19,0.01,,,,
1989-06-20,0.0,,,,
1989-06-21,0.0,,,,
1989-06-22,0.06,,,,
1989-06-23,0.0,,,,
1989-06-24,0.0,,,,
1989-06-25,0.0,,,,
1989-06-26,0.0,,,,
1989-06-27,14.67,,,,
1989-06-28,0.0,,,,
1989-06-29,0.0,,,,
1989-06-30,4.23,,,,
1989-07-01,1.16,,,,
1989-07-02,0.0,,,,
1989-07-03,2.14,,,,
1989-07-04,2.57,,,,
1989-07-05,0.0,,,,
1989-07-06,0.45,,,,
1989-07-07,8.75,,,,
1989-07-08,0.0,,,,
1989-07-09,0.0,,,,
1989-07-10,0.67,,,,
1989-07-11,14.44,,,,
1989-07-12,8.61,,,,
1989-07-13,0.21,,,,
1989-07-14,0.02,,,,
1989-07-15,3.97,,,,
1989-07-16,8.08,,,,
1989-07-17,19.57,,,,
1989-07-18,0.28,,,,
1989-07-19,0.0,,,,
1989-07-20,0.0,,,,
1989-07-21,0.37,,,,
1989-07-22,0.0,,,,
1989-07-23,0.0,,,,
1989-07-24,0.0,,,,
1989-07-25,0.08,,,,
1989-07-26,0.0,,,,
1989-07-27,0.16,,,,
1989-07-28,1.47,,,,
1989-07-29,0.0,,,,
1989-07-30,0.0,,,,
1989-07-31,0.0,,,,
1989-08-01,6.16,,,,
1989-08-02,2.14,,,,
1989-08-03,0.03,,,,
1989-08-04,0.0,,,,
1989-08-05,0.0,,,,
1989-08-06,0.08,,,,
1989-08-07,0.0,,,,
1989-08-08,0.0,,,,
1989-08-09,4.22,,,,
1989-08-10,12.6,,,,
1989-08-11,20.19,,,,
1989-08-12,3.61,,,,
1989-08-13,17.46,,,,
1989-08-14,38.56,,,,
1989-08-15,7.5,,,,
1989-08-16,35.79,,,,
1989-08-17,0.0,,,,
1989-08-18,0.0,,,,
1989-08-19,0.0,,,,
1989-08-20,0.01,,,,
1989-08-21,12.03,,,,
1989-08-22,5.82,,,,
1989-08-23,28.97,,,,
1989-08-24,19.88,,,,
1989-08-25,4.57,,,,
1989-08-26,9.18,,,,
1989-08-27,2.17,,,,
1989-08-28,1.74,,,,
1989-08-29,0.36,,,,
1989-08-30,0.05,,,,
1989-08-31,0.0,,,,
1989-09-01,16.64,,,,
1989-09-02,0.0,,,,
1989-09-03,0.23,,,,
1989-09-04,0.24,,,,
1989-09-05,32.3,,,,
1989-09-06,0.0,,,,
1989-09-07,0.0,,,,
1989-09-08,0.0,,,,
1989-09-09,2.76,,,,
1989-09-10,0.0,,,,
1989-09-11,0.0,,,,
1989-09-12,0.28,,,,
1989-09-13,8.47,,,,
1989-09-14,0.0,,,,
1989-09-15,0.0,,,,
1989-09-16,0.0,,,,
1989-09-17,0.0,,,,
1989-09-18,0.0,,,,
1989-09-19,0.0,,,,
1989-09-20,0.14,,,,
1989-09-21,0.56,,,,
1989-09-22,0.0,,,,
1989-09-23,0.45,,,,
1989-09-24,0.46,,,,
1989-09-25,0.0,,,,
1989-09-26,0.93,,,,
1989-09-27,0.0,,,,
1989-09-28,0.0,,,,
1989-09-29,0.0,,,,
1989-09-30,0.01,,,,
1989-10-01,0.04,,,,
1989-10-02,0.0,,,,
1989-10-03,0.0,,,,
1989-10-04,0.0,,,,
1989-10-05,3.78,,,,
1989-10-06,0.67,,,,
1989-10-07,0.0,,,,
1989-10-08,0.03,,,,
1989-10-09,0.01,,,,
1989-10-10,0.0,,,,
1989-10-11,0.0,,,,
1989-10-12,0.0,,,,
1989-10-13,0.0,,,,
1989-10-14,0.0,,,,
1989-10-15,0.0,,,,
1989-10-16,0.03,,,,
1989-10-17,0.08,,,,
1989-10-18,0.13,,,,
1989-10-19,1.1,,,,
1989-10-20,0.0,,,,
1989-10-21,0.0,,,,
1989-10-22,0.0,,,,
1989-10-23,1.97,,,,
1989-10-24,0.09,,,,
1989-10-25,0.39,,,,
1989-10-26,0.0,,,,
1989-10-27,0.13,,,,
1989-10-28,0.0,,,,
1989-10-29,0.0,,,,
1989-10-30,0.01,,,,
1989-10-31,0.0,,,,
1989-11-01,0.0,,,,
1989-11-02,0.0,,,,
1989-11-03,0.0,,,,
1989-11-04,0.0,,,,
1989-11-05,0.0,,,,
1989-11-06,0.01,,,,
1989-11-07,0.01,,,,
1989-11-08,0.01,,,,
1989-11-09,0.0,,,,
1989-11-10,0.0,,,,
1989-11-11,0.0,,,,
1989-11-12,0.0,,,,
1989-11-13,0.0,,,,
1989-11-14,0.0,,,,
1989-11-15,0.0,,,,
1989-11-16,0.0,,,,
1989-11-17,0.0,,,,
1989-11-18,0.0,,,,
1989-11-19,0.0,,,,
1989-11-20,0.0,,,,
1989-11-21,0.0,,,,
1989-11-22,0.0,,,,
1989-11-23,0.0,,,,
1989-11-24,0.48,,,,
1989-11-25,0.3,,,,
1989-11-26,0.0,,,,
1989-11-27,0.0,,,,
1989-11-28,0.0,,,,
1989-11-29,0.0,,,,
1989-11-30,0.0,,,,
1989-12-01,0.0,,,,
1989-12-02,0.0,,,,
1989-12-03,0.0,,,,
1989-12-04,0.0,,,,
1989-12-05,0.0,,,,
1989-12-06,0.0,,,,
1989-12-07,0.0,,,,
1989-12-08,0.0,,,,
1989-12-09,0.0,,,,
1989-12-10,0.0,,,,
1989-12-11,0.02,,,,
1989-12-12,0.0,,,,
1989-12-13,0.0,,,,
1989-12-14,0.0,,,,
1989-12-15,0.0,,,,
1989-12-16,0.0,,,,
1989-12-17,0.01,,,,
1989-12-18,0.0,,,,
1989-12-19,0.0,,,,
1989-12-20,0.0,,,,
1989-12-21,0.0,,,,
1989-12-22,0.0,,,,
1989-12-23,0.02,,,,
1989-12-24,0.0,,,,
1989-12-25,0.0,,,,
1989-12-26,0.0,,,,
1989-12-27,0.0,,,,
1989-12-28,0.0,,,,
1989-12-29,0.0,,,,
1989-12-30,0.0,,,,
1989-12-31,0.0,,,,
1990-01-01,0.0,,,,
1990-01-02,0.0,,,,
1990-01-03,0.0,,,,
1990-01-04,0.0,,,,
1990-01-05,0.0,,,,
1990-01-06,0.0,,,,
1990-01-07,0.02,,,,
1990-01-08,0.0,,,,
1990-01-09,0.0,,,,
1990-01-10,0.01,,,,
1990-01-11,0.0,,,,
1990-01-12,0.0,,,,
1990-01-13,0.5,,,,
1990-01-14,0.01,,,,
1990-01-15,0.02,,,,
1990-01-16,0.0,,,,
1990-01-17,0.0,,,,
1990-01-18,0.0,,,,
1990-01-19,0.0,,,,
1990-01-20,0.0,,,,
1990-01-21,0.0,,,,
1990-01-22,0.0,,,,
1990-01-23,0.0,,,,
1990-01-24,0.0,,,,
1990-01-25,0.0,,,,
1990-01-26,0.0,,,,
1990-01-27,0.0,,,,
1990-01-28,0.0,,,,
1990-01-29,0.08,,,,
1990-01-30,0.0,,,,
1990-01-31,0.0,,,,
1990-02-01,0.0,,,,
1990-02-02,0.0,,,,
1990-02-03,0.0,,,,
1990-02-04,0.0,,,,
1990-02-05,0.0,,,,
1990-02-06,0.0,,,,
1990-02-07,0.0,,,,
1990-02-08,0.0,,,,
1990-02-09,0.0,,,,
1990-02-10,0.0,,,,
1990-02-11,0.0,,,,
1990-02-12,0.0,,,,
1990-02-13,0.0,,,,
1990-02-14,0.0,,,,
1990-02-15,0.0,,,,
1990-02-16,0.0,,,,
1990-02-17,0.0,,,,
1990-02-18,0.0,,,,
1990-02-19,0.0,,,,
1990-02-20,0.0,,,,
1990-02-21,0.0,,,,
1990-02-22,0.05,,,,
1990-02-23,0.0,,,,
1990-02-24,0.0,,,,
1990-02-25,0.0,,,,
1990-02-26,0.0,,,,
1990-02-27,0.0,,,,
1990-02-28,0.0,,,,
1990-03-01,0.0,,,,
1990-03-02,0.0,,,,
1990-03-03,0.0,,,,
1990-03-04,0.0,,,,
1990-03-05,0.0,,,,
1990-03-06,0.0,,,,
1990-03-07,0.0,,,,
1990-03-08,0.0,,,,
1990-03-09,0.0,,,,
1990-03-10,0.0,,,,
1990-03-11,0.0,,,,
1990-03-12,0.0,,,,
1990-03-13,0.0,,,,
1990-03-14,0.0,,,,
1990-03-15,0.0,,,,
1990-03-16,0.0,,,,
1990-03-17,0.0,,,,
1990-03-18,0.0,,,,
1990-03-19,0.0,,,,
1990-03-20,0.0,,,,
1990-03-21,0.0,,,,
1990-03-22,0.0,,,,
1990-03-23,0.0,,,,
1990-03-24,0.01,,,,
1990-03-25,0.0,,,,
1990-03-26,0.0,,,,
1990-03-27,0.0,,,,
1990-03-28,0.0,,,,
1990-03-29,0.0,,,,
1990-03-30,0.0,,,,
1990-03-31,0.03,,,,
1990-04-01,0.0,,,,
1990-04-02,0.0,,,,
1990-04-03,0.0,,,,
1990-04-04,0.0,,,,
1990-04-05,0.0,,,,
1990-04-06,0.0,,,,
1990-04-07,0.0,,,,
1990-04-08,0.0,,,,
1990-04-09,0.0,,,,
1990-04-10,0.0,,,,
1990-04-11,0.0,,,,
1990-04-12,0.0,,,,
1990-04-13,0.0,,,,
1990-04-14,0.0,,,,
1990-04-15,0.0,,,,
1990-04-16,0.0,,,,
1990-04-17,0.0,,,,
1990-04-18,0.0,,,,
1990-04-19,0.0,,,,
1990-04-20,0.0,,,,
1990-04-21,0.0,,,,
1990-04-22,0.0,,,,
1990-04-23,0.0,,,,
1990-04-24,0.0,,,,
1990-04-25,0.0,,,,
1990-04-26,0.0,,,,
1990-04-27,0.0,,,,
1990-04-28,0.0,,,,
1990-04-29,0.0,,,,
1990-04-30,0.0,,,,
1990-05-01,0.0,,,,
1990-05-02,0.0,,,,
1990-05-03,0.0,,,,
1990-05-04,0.0,,,,
1990-05-05,0.0,,,,
1990-05-06,0.0,,,,
1990-05-07,0.0,,,,
1990-05-08,0.0,,,,
1990-05-09,0.0,,,,
1990-05-10,0.0,,,,
1990-05-11,0.0,,,,
1990-05-12,0.0,,,,
1990-05-13,0.0,,,,
1990-05-14,0.0,,,,
1990-05-15,0.0,,,,
1990-05-16,0.0,,,,
1990-05-17,0.0,,,,
1990-05-18,0.0,,,,
1990-05-19,0.0,,,,
1990-05-20,0.0,,,,
1990-05-21,0.0,,,,
1990-05-22,0.0,,,,
1990-05-23,0.0,,,,
1990-05-24,0.0,,,,
1990-05-25,0.0,,,,
1990-05-26,0.0,,,,
1990-05-27,0.0,,,,
1990-05-28,0.0,,,,
1990-05-29,0.0,,,,
1990-05-30,0.0,,,,
1990-05-31,0.0,,,,
1990-06-01,0.0,,,,
1990-06-02,0.0,,,,
1990-06-03,0.0,,,,
1990-06-04,0.0,,,,
1990-06-05,0.0,,,,
1990-06-06,0.0,,,,
1990-06-07,0.0,,,,
1990-06-08,0.0,,,,
1990-06-09,0.0,,,,
1990-06-10,0.0,,,,
1990-06-11,0.0,,,,
1990-06-12,0.0,,,,
1990-06-13,0.0,,,,
1990-06-14,0.0,,,,
1990-06-15,0.0,,,,
1990-06-16,0.0,,,,
1990-06-17,0.0,,,,
1990-06-18,0.0,,,,
1990-06-19,1.46,,,,
1990-06-20,3.1,,,,
1990-06-21,0.0,,,,
1990-06-22,0.0,,,,
1990-06-23,0.0,,,,
1990-06-24,0.0,,,,
1990-06-25,0.0,,,,
1990-06-26,0.0,,,,
1990-06-27,0.0,,,,
1990-06-28,0.0,,,,
1990-06-29,1.84,,,,
1990-06-30,0.0,,,,
1990-07-01,0.0,,,,
1990-07-02,0.0,,,,
1990-07-03,0.0,,,,
1990-07-04,0.02,,,,
1990-07-05,0.11,,,,
1990-07-06,0.0,,,,
1990-07-07,0.0,,,,
1990-07-08,0.0,,,,
1990-07-09,0.0,,,,
1990-07-10,0.0,,,,
1990-07-11,0.0,,,,
1990-07-12,0.0,,,,
1990-07-13,0.0,,,,
1990-07-14,1.82,,,,
1990-07-15,5.97,,,,
1990-07-16,0.0,,,,
1990-07-17,1.1,,,,
1990-07-18,0.0,,,,
1990-07-19,0.01,,,,
1990-07-20,0.1,,,,
1990-07-21,0.24,,,,
1990-07-22,1.75,,,,
1990-07-23,0.08,,,,
1990-07-24,0.7,,,,
1990-07-25,0.73,,,,
1990-07-26,0.4,,,,
1990-07-27,3.69,,,,
1990-07-28,0.11,,,,
1990-07-29,0.02,,,,
1990-07-30,1.2,,,,
1990-07-31,0.0,,,,
1990-08-01,0.0,,,,
1990-08-02,0.0,,,,
1990-08-03,0.07,,,,
1990-08-04,4.17,,,,
1990-08-05,2.47,,,,
1990-08-06,9.91,,,,
1990-08-07,15.54,,,,
1990-08-08,2.9,,,,
1990-08-09,0.94,,,,
1990-08-10,0.06,,,,
1990-08-11,2.6,,,,
1990-08-12,0.0,,,,
1990-08-13,0.7,,,,
1990-08-14,0.0,,,,
1990-08-15,0.0,,,,
1990-08-16,0.0,,,,
1990-08-17,0.32,,,,
1990-08-18,0.22,,,,
1990-08-19,4.14,,,,
1990-08-20,6.18,,,,
1990-08-21,3.92,,,,
1990-08-22,0.0,,,,
1990-08-23,0.33,,,,
1990-08-24,0.0,,,,
1990-08-25,0.0,,,,
1990-08-26,0.0,,,,
1990-08-27,7.55,,,,
1990-08-28,0.28,,,,
1990-08-29,2.66,,,,
1990-08-30,4.81,,,,
1990-08-31,0.04,,,,
1990-09-01,1.6,,,,
1990-09-02,0.0,,,,
1990-09-03,0.04,,,,
1990-09-04,1.21,,,,
1990-09-05,0.0,,,,
1990-09-06,0.0,,,,
1990-09-07,0.0,,,,
1990-09-08,0.1,,,,
1990-09-09,0.29,,,,
1990-09-10,3.66,,,,
1990-09-11,0.0,,,,
1990-09-12,0.0,,,,
1990-09-13,0.15,,,,
1990-09-14,0.0,,,,
1990-09-15,0.0,,,,
1990-09-16,0.0,,,,
1990-09-17,17.13,,,,
1990-09-18,0.0,,,,
1990-09-19,0.0,,,,
1990-09-20,0.85,,,,
1990-09-21,0.0,,,,
1990-09-22,0.0,,,,
1990-09-23,0.05,,,,
1990-09-24,2.13,,,,
1990-09-25,0.0,,,,
1990-09-26,0.0,,,,
1990-09-27,3.25,,,,
1990-09-28,0.43,,,,
1990-09-29,0.04,,,,
1990-09-30,2.54,,,,
1990-10-01,0.13,,,,
1990-10-02,0.0,,,,
1990-10-03,1.49,,,,
1990-10-04,0.03,,,,
1990-10-05,0.01,,,,
1990-10-06,0.77,,,,
1990-10-07,0.0,,,,
1990-10-08,0.0,,,,
1990-10-09,0.0,,,,
1990-10-10,0.01,,,,
1990-10-11,0.0,,,,
1990-10-12,0.0,,,,
1990-10-13,0.0,,,,
1990-10-14,0.0,,,,
1990-10-15,0.0,,,,
1990-10-16,0.41,,,,
1990-10-17,0.12,,,,
1990-10-18,2.67,,,,
1990-10-19,0.03,,,,
1990-10-20,0.0,,,,
1990-10-21,0.02,,,,
1990-10-22,0.0,,,,
1990-10-23,0.0,,,,
1990-10-24,0.0,,,,
1990-10-25,0.0,,,,
1990-10-26,0.0,,,,
1990-10-27,0.0,,,,
1990-10-28,0.0,,,,
1990-10-29,0.0,,,,
1990-10-30,0.08,,,,
1990-10-31,0.01,,,,
1990-11-01,0.0,,,,
1990-11-02,0.0,,,,
1990-11-03,0.0,,,,
1990-11-04,0.0,,,,
1990-11-05,0.0,,,,
1990-11-06,0.0,,,,
1990-11-07,0.0,,,,
1990-11-08,0.0,,,,
1990-11-09,0.0,,,,
1990-11-10,0.0,,,,
1990-11-11,0.0,,,,
1990-11-12,0.0,,,,
1990-11-13,0.0,,,,
1990-11-14,0.0,,,,
1990-11-15,0.0,,,,
1990-11-16,0.0,,,,
1990-11-17,0.0,,,,
1990-11-18,0.0,,,,
1990-11-19,0.0,,,,
1990-11-20,0.01,,,,
1990-11-21,0.0,,,,
1990-11-22,0.0,,,,
1990-11-23,0.0,,,,
1990-11-24,0.0,,,,
1990-11-25,0.0,,,,
1990-11-26,0.0,,,,
1990-11-27,0.0,,,,
1990-11-28,0.0,,,,
1990-11-29,0.0,,,,
1990-11-30,0.0,,,,
1990-12-01,0.0,,,,
1990-12-02,0.01,,,,
1990-12-03,0.0,,,,
1990-12-04,0.0,,,,
1990-12-05,0.0,,,,
1990-12-06,0.0,,,,
1990-12-07,0.0,,,,
1990-12-08,0.0,,,,
1990-12-09,0.0,,,,
1990-12-10,0.0,,,,
1990-12-11,0.0,,,,
1990-12-12,0.0,,,,
1990-12-13,0.0,,,,
1990-12-14,0.0,,,,
1990-12-15,0.0,,,,
1990-12-16,0.0,,,,
1990-12-17,0.0,,,,
1990-12-18,0.0,,,,
1990-12-19,0.0,,,,
1990-12-20,0.0,,,,
1990-12-21,0.0,,,,
1990-12-22,0.0,,,,
1990-12-23,0.0,,,,
1990-12-24,0.0,,,,
1990-12-25,0.0,,,,
1990-12-26,0.0,,,,
1990-12-27,0.0,,,,
1990-12-28,0.0,,,,
1990-12-29,0.0,,,,
1990-12-30,0.0,,,,
1990-12-31,0.0,,,,
1991-01-01,0.0,36.24,18.71,30.77,12.17
1991-01-02,0.0,34.66,18.68,22.62,11.21
1991-01-03,0.0,34.25,16.51,28.9,11.97
1991-01-04,0.0,34.81,15.56,34.17,12.84
1991-01-05,0.01,34.37,16.65,32.01,13.3
1991-01-06,0.01,34.31,16.52,31.19,14.24
1991-01-07,0.0,32.59,17.47,39.13,16.41
1991-01-08,0.0,31.59,16.9,36.13,19.51
1991-01-09,0.0,28.32,17.88,33.21,22.06
1991-01-10,0.0,34.58,17.95,40.01,18.36
1991-01-11,0.01,35.38,18.65,35.95,17.55
1991-01-12,0.01,35.94,18.68,30.34,14.76
1991-01-13,0.0,35.97,18.48,29.99,14.43
1991-01-14,0.0,34.4,18.45,27.71,12.94
1991-01-15,0.0,31.52,18.86,24.56,14.91
1991-01-16,0.01,30.18,17.33,34.37,18.31
1991-01-17,0.0,31.49,18.74,45.87,28.16
1991-01-18,0.0,37.68,19.32,40.19,20.04
1991-01-19,0.0,35.39,18.28,52.31,21.69
1991-01-20,0.0,30.56,16.76,76.87,35.83
1991-01-21,0.0,30.93,17.38,73.65,33.94
1991-01-22,0.0,31.18,18.04,67.5,34.45
1991-01-23,0.0,28.7,18.05,73.77,46.79
1991-01-24,0.06,28.21,17.75,81.64,45.19
1991-01-25,0.0,32.4,16.68,81.21,29.09
1991-01-26,0.0,36.43,18.26,47.67,22.78
1991-01-27,0.0,36.73,20.44,46.91,18.84
1991-01-28,0.0,38.42,18.55,45.64,17.3
1991-01-29,0.0,38.08,19.64,39.79,14.48
1991-01-30,0.0,37.59,19.63,32.34,11.28
1991-01-31,0.0,37.81,20.78,26.9,11.28
1991-02-01,0.0,37.99,22.71,23.11,13.15
1991-02-02,0.0,35.63,22.6,22.93,9.52
1991-02-03,0.0,32.27,21.62,18.17,10.69
1991-02-04,0.0,32.0,18.15,35.54,12.72
1991-02-05,0.0,33.38,17.45,38.31,11.59
1991-02-06,0.0,33.77,17.0,33.94,13.71
1991-02-07,0.0,36.07,17.32,29.53,12.06
1991-02-08,0.0,35.65,17.66,24.08,11.05
1991-02-09,0.0,36.32,17.2,24.13,9.36
1991-02-10,0.0,35.71,18.45,22.15,9.84
1991-02-11,0.01,36.42,19.79,24.19,10.47
1991-02-12,0.0,37.52,19.32,26.03,10.27
1991-02-13,0.0,36.0,18.47,46.1,13.3
1991-02-14,0.0,30.37,16.48,77.96,36.33
1991-02-15,0.0,31.64,14.38,84.27,22.67
1991-02-16,0.0,32.96,14.73,54.44,18.76
1991-02-17,0.07,33.58,14.65,46.83,13.85
1991-02-18,0.0,34.15,16.91,49.95,17.85
1991-02-19,0.0,33.45,17.89,44.31,17.47
1991-02-20,0.0,33.02,16.7,51.89,13.94
1991-02-21,0.0,35.92,19.21,40.46,16.48
1991-02-22,0.0,39.37,19.44,35.66,13.5
1991-02-23,0.0,39.97,20.58,25.23,9.46
1991-02-24,0.0,40.22,21.26,23.69,9.43
1991-02-25,0.0,36.71,20.92,22.88,9.53
1991-02-26,0.0,34.99,17.02,22.39,9.93
1991-02-27,0.0,35.48,15.56,27.15,10.22
1991-02-28,0.0,36.75,16.51,26.86,10.47
1991-03-01,0.0,37.04,17.52,25.85,7.11
1991-03-02,0.0,36.87,17.23,23.96,7.43
1991-03-03,0.0,39.04,19.27,26.65,8.16
1991-03-04,0.0,38.28,20.21,39.89,9.96
1991-03-05,0.0,36.22,19.19,73.03,20.04
1991-03-06,0.0,34.67,18.21,74.27,24.53
1991-03-07,0.0,33.08,16.09,77.92,28.73
1991-03-08,0.0,33.5,16.47,93.71,29.49
1991-03-09,0.0,38.25,18.58,71.85,22.22
1991-03-10,0.0,40.86,20.54,69.99,16.71
1991-03-11,0.0,40.83,19.86,68.0,16.86
1991-03-12,0.0,40.95,21.62,40.1,10.93
1991-03-13,0.0,39.46,19.79,60.98,11.69
1991-03-14,0.0,35.87,19.44,46.6,18.48
1991-03-15,0.0,35.6,17.16,45.57,16.12
1991-03-16,0.0,37.73,18.16,38.07,12.25
1991-03-17,0.0,39.4,19.63,28.29,10.69
1991-03-18,0.0,40.08,21.22,26.3,10.08
1991-03-19,0.0,40.02,21.17,22.54,7.99
1991-03-20,0.0,39.98,21.47,21.39,6.91
1991-03-21,0.0,39.41,22.09,22.16,7.99
1991-03-22,0.0,40.37,21.65,19.94,8.56
1991-03-23,0.0,39.09,19.52,30.78,8.32
1991-03-24,0.0,36.75,20.18,35.17,12.95
1991-03-25,0.0,38.22,19.36,29.21,11.32
1991-03-26,0.0,37.39,17.92,38.79,13.64
1991-03-27,0.0,37.55,18.36,45.22,16.38
1991-03-28,0.0,35.19,18.21,69.2,22.82
1991-03-29,0.0,35.4,17.15,68.5,24.31
1991-03-30,0.0,37.85,18.29,67.3,16.0
1991-03-31,0.0,34.43,16.49,76.52,25.96
1991-04-01,0.0,35.44,17.61,76.89,19.57
1991-04-02,0.0,36.5,17.45,80.09,16.17
1991-04-03,0.0,39.75,19.81,41.67,12.92
1991-04-04,0.0,38.68,21.22,29.88,10.14
1991-04-05,0.0,38.93,19.26,26.15,7.98
1991-04-06,0.0,40.68,19.52,34.11,9.32
1991-04-07,0.0,42.55,20.95,29.34,7.56
1991-04-08,0.0,42.85,21.83,22.72,7.29
1991-04-09,0.0,40.56,20.14,46.9,10.43
1991-04-10,0.0,38.47,18.68,67.82,17.15
1991-04-11,0.0,41.09,19.11,70.79,9.16
1991-04-12,0.0,42.37,19.36,65.22,8.48
1991-04-13,0.0,43.31,21.78,29.25,6.85
1991-04-14,0.0,43.34,21.14,38.44,8.09
1991-04-15,0.0,40.53,20.17,50.57,12.32
1991-04-16,0.0,38.81,19.7,62.18,19.74
1991-04-17,0.0,38.62,20.18,65.29,23.25
1991-04-18,0.0,37.8,20.71,65.07,23.93
1991-04-19,0.0,40.34,20.43,58.32,17.93
1991-04-20,0.0,41.04,21.68,53.16,16.67
1991-04-21,0.0,39.64,21.57,57.27,18.45
1991-04-22,0.0,39.44,20.08,72.38,16.91
1991-04-23,0.0,44.46,22.14,54.55,11.57
1991-04-24,0.0,45.32,26.05,30.53,13.26
1991-04-25,0.0,45.74,25.74,38.09,9.39
1991-04-26,0.0,42.41,25.19,18.23,7.06
1991-04-27,0.0,41.85,22.67,27.17,10.5
1991-04-28,0.0,39.82,20.18,62.3,15.24
1991-04-29,0.0,37.84,19.83,65.53,23.24
1991-04-30,0.0,39.53,19.14,79.34,19.75
1991-05-01,0.0,42.55,20.9,66.67,17.89
1991-05-02,0.0,45.1,24.34,47.98,11.88
1991-05-03,0.0,43.2,22.91,48.15,11.49
1991-05-04,0.0,41.51,21.37,65.03,17.4
1991-05-05,0.0,39.45,20.47,72.26,21.91
1991-05-06,0.02,39.13,20.52,67.95,20.5
1991-05-07,0.0,38.92,20.49,64.3,19.55
1991-05-08,0.0,38.12,20.59,62.29,20.68
1991-05-09,0.0,39.33,20.35,64.02,14.77
1991-05-10,0.0,39.98,22.71,38.23,12.65
1991-05-11,0.0,39.99,23.12,31.55,10.85
1991-05-12,0.0,39.52,22.41,27.23,12.19
1991-05-13,0.0,39.43,21.25,38.28,11.59
1991-05-14,0.0,41.4,20.23,45.61,10.49
1991-05-15,0.0,43.37,22.24,43.26,9.15
1991-05-16,0.0,44.16,25.2,23.61,8.5
1991-05-17,0.0,43.7,26.67,22.77,8.4
1991-05-18,0.0,42.12,21.75,45.35,7.44
1991-05-19,0.0,42.49,22.41,32.49,8.04
1991-05-20,0.0,38.92,21.41,57.27,14.43
1991-05-21,0.0,38.67,19.42,77.88,22.24
1991-05-22,0.0,40.8,20.76,69.25,18.75
1991-05-23,0.0,41.24,22.42,63.73,22.41
1991-05-24,0.0,39.13,23.37,68.4,28.07
1991-05-25,0.0,39.4,21.95,70.83,27.39
1991-05-26,0.0,38.2,21.08,73.76,27.65
1991-05-27,0.0,38.27,20.18,81.84,26.87
1991-05-28,0.0,37.61,20.95,75.75,27.02
1991-05-29,0.0,36.6,20.65,70.43,25.95
1991-05-30,0.0,39.89,20.31,65.56,19.62
1991-05-31,0.0,40.34,23.18,67.73,25.83
1991-06-01,0.0,38.12,24.1,76.23,29.23
1991-06-02,0.0,39.52,24.7,72.03,26.17
1991-06-03,0.01,38.35,24.59,72.17,31.83
1991-06-04,0.0,39.6,26.16,76.33,25.44
1991-06-05,0.0,39.79,28.04,46.17,23.3
1991-06-06,0.0,42.21,27.07,44.36,17.84
1991-06-07,0.0,44.37,27.56,44.04,13.35
1991-06-08,0.0,42.2,27.06,50.73,17.74
1991-06-09,0.0,41.42,25.47,69.62,26.2
1991-06-10,0.0,40.59,25.39,77.74,26.25
1991-06-11,0.0,41.71,24.99,76.47,23.32
1991-06-12,0.0,39.75,25.47,70.12,28.78
1991-06-13,0.0,40.44,24.74,77.71,19.46
1991-06-14,0.0,37.55,21.73,72.62,24.36
1991-06-15,0.0,38.1,20.79,72.97,20.7
1991-06-16,0.0,38.97,23.09,69.45,25.88
1991-06-17,0.0,40.31,23.35,80.61,21.83
1991-06-18,0.0,38.67,22.66,71.58,27.71
1991-06-19,0.0,39.97,24.0,77.43,27.29
1991-06-20,0.0,38.86,24.58,74.97,33.01
1991-06-21,0.0,37.11,24.44,82.02,36.49
1991-06-22,0.0,36.56,21.63,75.48,28.52
1991-06-23,0.0,38.51,21.09,75.03,23.02
1991-06-24,0.0,38.71,23.72,75.59,28.27
1991-06-25,0.0,40.5,23.69,76.58,25.79
1991-06-26,0.0,40.35,23.88,77.27,23.13
1991-06-27,0.0,39.22,23.22,73.59,23.38
1991-06-28,0.0,38.3,22.57,68.71,27.12
1991-06-29,0.0,37.73,22.31,79.7,26.59
1991-06-30,0.0,39.25,22.51,80.85,25.49
1991-07-01,0.0,37.91,24.93,64.78,31.23
1991-07-02,0.0,38.81,24.86,71.21,28.92
1991-07-03,0.0,37.75,24.56,67.34,32.24
1991-07-04,0.0,35.61,24.26,68.96,33.26
1991-07-05,0.0,38.93,25.06,67.28,31.04
1991-07-06,0.0,36.88,24.98,74.75,33.52
1991-07-07,0.0,43.39,26.28,65.25,17.8
1991-07-08,1.04,39.86,26.34,72.73,32.37
1991-07-09,7.1,36.24,26.06,94.98,46.02
1991-07-10,5.93,30.62,24.14,99.39,73.94
1991-07-11,0.18,30.88,22.05,98.91,63.64
1991-07-12,0.0,30.3,23.46,98.77,70.87
1991-07-13,2.19,33.58,23.8,98.49,62.59
1991-07-14,0.0,33.67,23.25,99.2,54.56
1991-07-15,0.0,35.25,23.01,85.49,44.87
1991-07-16,2.55,34.14,23.61,80.86,50.93
1991-07-17,0.05,32.03,24.78,96.27,59.59
1991-07-18,0.0,35.61,23.79,97.13,48.81
1991-07-19,0.0,36.04,23.85,87.93,44.52
1991-07-20,0.0,36.42,23.61,81.17,42.17
1991-07-21,0.01,35.68,24.24,84.95,46.4
1991-07-22,3.74,34.8,25.36,84.27,51.13
1991-07-23,0.86,36.46,24.22,97.58,45.85
1991-07-24,0.0,35.31,24.91,89.8,48.03
1991-07-25,0.0,36.39,23.97,83.4,39.38
1991-07-26,0.23,35.78,23.32,83.58,39.98
1991-07-27,0.0,35.45,24.45,73.99,45.38
1991-07-28,0.0,35.53,24.13,89.84,43.21
1991-07-29,0.0,37.5,24.92,83.26,38.33
1991-07-30,0.05,37.75,24.7,75.82,37.84
1991-07-31,1.11,35.73,24.81,85.7,44.1
1991-08-01,11.08,37.03,24.69,86.81,43.91
1991-08-02,0.01,38.65,24.48,86.8,38.19
1991-08-03,0.0,39.08,25.71,77.81,33.25
1991-08-04,0.0,38.62,25.62,71.67,35.98
1991-08-05,0.0,38.75,25.22,74.66,37.7
1991-08-06,0.0,38.57,24.59,82.7,40.17
1991-08-07,0.0,38.1,25.08,81.5,40.25
1991-08-08,0.05,36.81,23.92,82.68,42.9
1991-08-09,0.34,37.06,25.6,83.12,46.23
1991-08-10,0.8,36.28,24.77,89.12,44.26
1991-08-11,0.0,38.37,25.21,83.44,35.94
1991-08-12,0.0,38.01,24.81,72.48,33.75
1991-08-13,13.99,35.01,24.92,76.81,44.67
1991-08-14,0.79,37.21,24.4,82.71,43.0
1991-08-15,8.38,38.52,24.14,91.92,37.94
1991-08-16,9.16,36.68,23.82,96.29,48.55
1991-08-17,1.82,35.72,23.35,94.8,50.62
1991-08-18,0.0,37.1,24.47,85.17,44.09
1991-08-19,0.0,38.73,24.59,82.59,35.53
1991-08-20,0.13,38.29,24.88,67.57,37.56
1991-08-21,0.12,38.09,25.02,88.14,40.44
1991-08-22,0.42,36.54,25.83,97.54,48.19
1991-08-23,0.43,32.86,23.46,97.56,62.39
1991-08-24,0.0,35.07,23.61,97.59,51.25
1991-08-25,4.71,32.45,23.43,99.46,62.88
1991-08-26,1.65,32.03,23.41,98.66,59.11
1991-08-27,0.0,34.71,21.64,90.5,48.62
1991-08-28,0.0,35.03,23.64,85.62,48.53
1991-08-29,5.07,36.16,24.73,98.62,49.52
1991-08-30,4.26,30.6,23.74,98.88,73.99
1991-08-31,12.9,31.82,23.79,99.39,67.76
1991-09-01,15.45,30.69,22.83,99.47,78.94
1991-09-02,5.75,31.12,23.2,99.63,69.66
1991-09-03,6.8,33.07,22.83,99.52,60.35
1991-09-04,0.35,31.88,23.57,99.63,67.89
1991-09-05,2.52,32.07,23.12,99.3,71.67
1991-09-06,1.35,33.73,23.44,99.57,61.53
1991-09-07,0.03,33.67,23.33,99.0,64.61
1991-09-08,5.11,32.08,23.49,99.86,71.24
1991-09-09,0.58,32.92,23.18,97.69,60.92
1991-09-10,0.14,34.97,23.29,97.69,54.32
1991-09-11,6.7,34.03,23.75,95.99,57.43
1991-09-12,0.01,36.49,23.46,87.57,43.94
1991-09-13,0.0,36.3,23.97,87.95,45.73
1991-09-14,0.0,35.33,23.86,91.35,49.15
1991-09-15,0.0,33.3,23.8,94.24,62.72
1991-09-16,0.0,35.65,23.75,97.3,42.93
1991-09-17,0.0,38.12,24.07,79.26,33.68
1991-09-18,0.0,36.77,24.41,87.64,43.91
1991-09-19,0.0,36.33,24.88,85.72,47.91
1991-09-20,10.42,35.15,24.26,82.28,49.05
1991-09-21,0.0,35.75,24.05,87.88,48.88
1991-09-22,0.0,36.92,25.16,86.6,41.05
1991-09-23,0.0,39.48,24.85,75.69,25.01
1991-09-24,0.0,39.09,25.11,63.51,26.66
1991-09-25,0.0,37.19,25.21,84.99,38.72
1991-09-26,8.64,37.93,25.21,90.84,43.18
1991-09-27,0.0,33.74,23.26,94.26,49.06
1991-09-28,0.0,37.82,24.02,83.96,27.6
1991-09-29,0.0,40.83,24.46,72.04,16.81
1991-09-30,0.0,41.62,25.66,47.18,19.19
1991-10-01,0.0,41.15,25.35,56.73,23.02
1991-10-02,0.0,40.94,24.41,82.66,21.81
1991-10-03,0.0,40.14,24.18,59.22,19.93
1991-10-04,0.0,41.14,23.39,78.13,14.02
1991-10-05,0.06,40.94,24.62,60.63,20.76
1991-10-06,0.0,37.52,25.26,89.41,38.75
1991-10-07,4.68,34.29,24.23,95.75,53.12
1991-10-08,9.79,31.16,23.63,98.63,63.31
1991-10-09,4.94,33.36,21.24,99.26,59.81
1991-10-10,0.28,34.92,21.55,99.02,48.14
1991-10-11,0.0,33.44,23.06,99.48,55.92
1991-10-12,0.0,35.83,22.65,99.47,50.33
1991-10-13,0.0,37.15,22.92,98.67,36.33
1991-10-14,0.0,38.01,22.89,83.07,29.95
1991-10-15,0.0,40.38,23.08,77.0,21.56
1991-10-16,0.0,40.16,25.6,51.24,19.7
1991-10-17,0.0,38.61,22.55,46.74,17.06
1991-10-18,1.23,38.95,21.54,47.28,17.16
1991-10-19,3.01,36.84,24.43,63.18,33.29
1991-10-20,0.0,40.1,24.62,86.04,24.44
1991-10-21,0.0,41.03,24.92,49.56,12.0
1991-10-22,0.0,40.49,24.81,35.64,13.29
1991-10-23,0.0,39.23,23.55,60.32,20.92
1991-10-24,0.0,37.58,21.26,71.89,22.83
1991-10-25,0.0,37.53,21.76,80.01,22.33
1991-10-26,0.0,39.05,21.85,75.07,18.26
1991-10-27,0.05,40.96,23.02,68.9,14.12
1991-10-28,0.0,41.82,23.96,48.03,12.43
1991-10-29,0.0,41.15,23.61,81.44,9.84
1991-10-30,0.0,41.22,23.09,36.65,10.39
1991-10-31,0.0,40.26,23.76,39.56,15.1
1991-11-01,0.0,39.33,20.24,67.52,21.99
1991-11-02,0.0,40.26,20.79,83.38,19.35
1991-11-03,0.0,41.35,21.63,59.4,15.68
1991-11-04,0.0,40.71,22.16,42.09,15.22
1991-11-05,0.0,39.63,20.76,41.69,14.18
1991-11-06,0.0,40.26,20.88,40.41,14.22
1991-11-07,0.0,41.24,21.55,37.8,13.24
1991-11-08,0.0,41.41,22.42,36.33,9.53
1991-11-09,0.0,40.07,21.25,34.37,10.45
1991-11-10,0.0,38.97,19.6,31.61,9.74
1991-11-11,0.0,38.57,19.14,28.53,9.1
1991-11-12,0.0,39.26,18.65,29.78,8.75
1991-11-13,0.0,38.76,19.24,28.97,9.95
1991-11-14,0.0,36.75,19.52,34.4,12.18
1991-11-15,0.0,37.38,18.66,33.41,13.76
1991-11-16,0.0,35.69,18.39,34.68,13.8
1991-11-17,0.0,35.88,19.07,28.72,11.62
1991-11-18,0.0,38.59,19.52,33.27,11.43
1991-11-19,0.0,38.98,20.15,30.69,11.04
1991-11-20,0.04,35.91,20.58,27.88,13.02
1991-11-21,0.0,38.55,20.24,47.66,14.16
1991-11-22,0.0,38.46,19.84,39.71,11.55
1991-11-23,0.0,38.39,20.04,35.15,11.73
1991-11-24,0.0,38.8,20.19,33.11,12.36
1991-11-25,0.0,37.85,21.07,36.94,13.77
1991-11-26,0.0,37.87,20.72,29.12,14.86
1991-11-27,0.0,36.78,20.57,45.96,18.1
1991-11-28,0.0,33.73,19.53,64.23,25.95
1991-11-29,0.01,35.48,20.02,52.05,21.29
1991-11-30,0.0,35.72,19.13,47.55,19.5
1991-12-01,0.0,37.3,17.81,47.4,15.74
1991-12-02,0.0,38.15,18.74,38.49,13.75
1991-12-03,0.0,37.89,18.65,35.92,14.45
1991-12-04,0.0,36.22,19.62,28.7,14.82
1991-12-05,0.0,36.01,20.36,47.37,20.38
1991-12-06,0.0,35.53,18.81,97.87,48.12
1991-12-07,0.0,30.65,18.68,96.83,87.7
1991-12-08,0.0,32.59,18.06,98.51,56.56
1991-12-09,0.0,32.94,17.9,95.33,42.64
1991-12-10,0.0,33.11,18.12,86.87,36.5
1991-12-11,0.0,33.45,17.86,88.93,35.78
1991-12-12,0.0,32.92,18.27,73.81,28.56
1991-12-13,0.0,37.04,18.84,51.39,14.64
1991-12-14,0.0,37.57,20.3,34.77,16.59
1991-12-15,0.0,37.28,19.39,33.12,16.94
1991-12-16,0.0,37.13,18.4,38.88,15.41
1991-12-17,0.0,34.46,18.64,37.85,21.95
1991-12-18,0.0,32.84,17.54,42.23,23.31
1991-12-19,0.0,34.58,17.14,41.08,21.34
1991-12-20,0.0,36.24,18.59,33.41,15.67
1991-12-21,0.0,31.87,19.1,33.92,20.94
1991-12-22,0.0,36.13,18.58,34.05,17.83
1991-12-23,0.0,36.42,18.3,34.94,16.4
1991-12-24,0.0,35.19,17.59,29.37,13.3
1991-12-25,0.0,33.27,15.44,22.25,10.26
1991-12-26,0.0,32.59,14.4,27.31,9.49
1991-12-27,0.0,34.51,15.92,20.87,9.94
1991-12-28,0.0,35.77,17.56,29.11,13.89
1991-12-29,0.0,35.5,17.93,32.07,15.1
1991-12-30,0.0,35.04,18.72,30.02,15.42
1991-12-31,0.0,33.42,18.79,28.47,13.49
1992-01-01,0.0,34.44,17.59,27.25,11.91
1992-01-02,0.0,35.29,17.86,25.95,9.6
1992-01-03,0.0,37.22,19.92,23.81,12.26
1992-01-04,0.0,36.44,18.51,28.98,12.94
1992-01-05,0.0,37.13,19.3,23.09,10.33
1992-01-06,0.02,36.61,19.3,23.56,9.1
1992-01-07,0.0,34.39,17.93,18.76,8.17
1992-01-08,0.0,35.13,16.9,21.29,9.51
1992-01-09,0.04,35.26,17.1,25.35,11.44
1992-01-10,0.0,34.77,16.01,27.93,10.98
1992-01-11,0.0,33.85,15.6,35.59,12.54
1992-01-12,0.01,35.64,16.14,33.88,14.25
1992-01-13,0.0,34.63,21.12,26.48,13.61
1992-01-14,0.0,35.63,17.72,26.29,14.45
1992-01-15,0.0,35.35,17.52,39.37,17.91
1992-01-16,0.0,35.25,16.35,30.22,14.02
1992-01-17,0.0,35.9,16.42,31.94,13.74
1992-01-18,0.0,36.6,16.91,34.92,12.62
1992-01-19,0.0,34.71,16.93,53.81,17.07
1992-01-20,0.0,29.73,16.42,87.75,46.66
1992-01-21,0.0,31.83,14.56,99.39,33.39
1992-01-22,0.0,33.19,14.8,65.67,19.08
1992-01-23,0.0,33.19,15.17,42.22,22.94
1992-01-24,0.0,36.32,17.59,73.03,35.28
1992-01-25,0.0,38.4,21.15,57.83,23.56
1992-01-26,0.0,36.89,21.04,55.96,27.67
1992-01-27,0.0,36.5,19.95,51.86,21.89
1992-01-28,0.0,35.79,20.5,37.37,21.44
1992-01-29,0.0,38.27,21.13,46.76,21.51
1992-01-30,0.0,36.12,19.87,87.76,38.24
1992-01-31,0.0,34.76,18.93,88.18,40.43
1992-02-01,0.0,32.18,18.1,90.24,42.5
1992-02-02,0.0,31.01,15.7,97.2,33.84
1992-02-03,0.0,32.37,18.06,79.26,38.59
1992-02-04,0.0,33.69,18.34,88.32,37.54
1992-02-05,0.0,33.96,17.74,84.63,32.7
1992-02-06,0.0,34.13,17.69,74.05,25.83
1992-02-07,0.0,35.93,17.64,50.27,21.43
1992-02-08,0.0,36.19,21.03,40.79,21.4
1992-02-09,0.0,35.65,19.41,41.89,19.68
1992-02-10,0.0,35.51,18.35,41.28,20.39
1992-02-11,0.21,31.42,20.45,41.19,23.22
1992-02-12,4.71,26.05,16.32,99.31,34.94
1992-02-13,0.09,23.51,15.42,99.32,93.11
1992-02-14,0.0,28.52,15.91,98.68,53.09
1992-02-15,0.0,36.31,18.75,73.44,26.04
1992-02-16,0.0,38.43,20.19,50.59,16.14
1992-02-17,0.0,38.11,21.09,40.1,14.93
1992-02-18,0.0,38.49,20.07,43.77,11.88
1992-02-19,0.0,40.08,19.71,38.71,11.07
1992-02-20,0.0,39.28,19.73,45.72,10.09
1992-02-21,0.0,38.36,18.85,49.51,13.0
1992-02-22,0.0,38.63,19.02,53.76,15.47
1992-02-23,0.0,36.38,18.9,64.42,20.76
1992-02-24,0.0,34.95,17.92,63.67,22.9
1992-02-25,0.0,37.67,18.59,49.52,15.03
1992-02-26,0.0,38.36,19.4,34.19,12.97
1992-02-27,0.0,37.47,19.36,37.76,13.8
1992-02-28,0.01,36.02,18.09,62.29,13.27
1992-02-29,0.0,30.73,15.49,75.44,24.05
1992-03-01,0.0,33.02,14.42,62.69,17.95
1992-03-02,0.0,34.83,16.43,52.36,18.6
1992-03-03,0.0,35.34,17.18,56.84,18.61
1992-03-04,0.0,34.91,17.76,53.97,19.12
1992-03-05,0.0,35.52,16.74,44.48,16.71
1992-03-06,0.0,36.98,17.82,35.42,12.56
1992-03-07,0.0,38.21,18.41,32.4,12.18
1992-03-08,0.0,39.17,19.87,26.5,11.38
1992-03-09,0.0,38.77,21.08,30.29,12.53
1992-03-10,0.0,39.08,20.83,29.08,13.39
1992-03-11,0.0,38.23,21.16,29.7,12.07
1992-03-12,0.0,35.61,20.19,30.48,11.52
1992-03-13,0.0,35.45,18.2,34.41,14.19
1992-03-14,0.0,34.61,20.57,27.04,12.37
1992-03-15,0.0,35.4,20.72,20.87,10.32
1992-03-16,0.0,34.02,21.34,20.54,9.16
1992-03-17,0.0,36.28,21.2,18.6,8.85
1992-03-18,0.0,36.89,21.6,23.48,7.08
1992-03-19,0.0,38.41,19.55,47.61,14.68
1992-03-20,0.0,38.38,18.49,38.49,11.3
1992-03-21,0.0,38.78,19.39,28.66,9.37
1992-03-22,0.0,37.93,20.78,20.43,9.99
1992-03-23,0.0,37.04,20.55,26.73,11.02
1992-03-24,0.0,37.79,19.92,23.01,10.39
1992-03-25,0.0,39.14,19.72,31.41,10.72
1992-03-26,0.0,40.59,20.26,37.26,10.87
1992-03-27,0.0,40.66,22.24,28.57,12.32
1992-03-28,0.0,39.76,22.65,23.16,10.87
1992-03-29,0.0,41.01,22.06,38.67,11.7
1992-03-30,0.0,41.85,23.4,32.93,12.26
1992-03-31,0.0,38.18,21.25,56.1,24.2
1992-04-01,0.0,38.63,20.14,63.85,18.34
1992-04-02,0.0,37.36,19.96,62.88,25.33
1992-04-03,0.0,39.24,20.64,59.62,22.72
1992-04-04,0.0,39.31,20.56,52.16,13.36
1992-04-05,0.0,36.69,20.19,59.54,19.06
1992-04-06,0.0,35.63,20.07,45.05,16.86
1992-04-07,0.0,37.53,20.99,28.85,12.3
1992-04-08,0.0,39.64,20.56,21.93,7.88
1992-04-09,0.0,38.62,19.85,43.06,10.82
1992-04-10,0.0,37.13,17.63,80.07,20.21
1992-04-11,0.0,36.93,17.98,78.86,20.36
1992-04-12,0.0,38.81,19.11,70.33,22.1
1992-04-13,0.0,41.63,20.88,59.42,16.62
1992-04-14,0.0,43.3,24.17,37.11,10.04
1992-04-15,0.0,42.52,25.61,22.4,7.27
1992-04-16,0.0,41.52,23.95,16.71,6.04
1992-04-17,0.0,41.81,23.38,33.07,6.78
1992-04-18,0.0,42.14,21.03,53.24,10.88
1992-04-19,0.0,41.92,21.95,53.76,12.22
1992-04-20,0.0,40.86,21.02,61.18,17.21
1992-04-21,0.0,38.23,19.73,61.09,20.27
1992-04-22,0.0,37.34,19.28,62.3,24.68
1992-04-23,0.0,37.16,20.11,63.6,25.58
1992-04-24,0.0,36.98,20.11,75.2,26.36
1992-04-25,0.0,42.67,20.68,67.12,11.42
1992-04-26,0.0,45.14,25.19,25.3,10.68
1992-04-27,0.0,44.29,25.26,27.69,9.01
1992-04-28,0.0,41.07,22.3,51.31,15.77
1992-04-29,0.0,38.04,20.2,72.11,25.9
1992-04-30,0.0,37.42,19.77,72.27,23.46
1992-05-01,0.0,36.76,20.65,61.6,22.59
1992-05-02,0.0,37.61,20.76,70.16,26.19
1992-05-03,0.0,38.82,20.4,68.03,22.73
1992-05-04,0.0,39.67,21.76,58.14,14.66
1992-05-05,0.0,40.3,22.61,47.86,11.89
1992-05-06,0.0,38.89,22.86,47.26,14.04
1992-05-07,0.07,44.32,24.79,43.28,11.58
1992-05-08,0.0,45.07,27.32,33.96,10.03
1992-05-09,0.0,44.44,25.83,36.2,11.91
1992-05-10,0.0,43.22,23.83,41.25,11.35
1992-05-11,0.0,41.94,23.02,43.27,12.77
1992-05-12,0.0,40.63,20.65,75.79,17.54
1992-05-13,0.0,42.34,20.94,71.99,14.77
1992-05-14,0.0,41.22,22.66,66.31,18.21
1992-05-15,0.0,39.88,21.21,77.63,22.88
1992-05-16,0.0,37.63,20.49,88.65,34.05
1992-05-17,0.0,40.02,22.61,79.58,26.25
1992-05-18,0.0,39.49,23.18,72.99,30.62
1992-05-19,0.0,39.61,24.02,79.93,33.14
1992-05-20,0.0,38.99,22.96,76.6,28.77
1992-05-21,0.0,38.02,22.99,69.01,27.75
1992-05-22,0.0,39.74,22.25,69.0,23.89
1992-05-23,0.0,40.34,21.24,73.31,20.53
1992-05-24,0.0,42.39,22.55,56.21,16.31
1992-05-25,0.0,37.38,22.54,72.25,30.51
1992-05-26,0.0,39.22,24.15,70.07,29.02
1992-05-27,0.0,37.92,23.69,79.46,31.67
1992-05-28,0.0,39.38,21.54,76.66,21.53
1992-05-29,0.25,42.57,24.22,53.41,13.14
1992-05-30,0.98,42.06,27.51,46.47,19.1
1992-05-31,0.55,37.79,23.35,90.11,34.02
1992-06-01,0.0,40.84,24.24,67.65,17.59
1992-06-02,0.0,42.22,26.13,46.52,15.87
1992-06-03,0.0,41.68,26.29,52.86,20.35
1992-06-04,0.0,40.08,24.66,77.13,25.33
1992-06-05,0.0,42.82,25.01,59.17,12.64
1992-06-06,6.0,39.86,26.69,51.56,20.59
1992-06-07,0.49,39.03,26.82,64.89,33.46
1992-06-08,0.15,38.71,24.11,96.3,36.55
1992-06-09,0.0,38.27,23.38,91.4,40.61
1992-06-10,0.0,38.22,22.97,95.42,33.59
1992-06-11,0.0,41.98,23.38,76.68,16.9
1992-06-12,0.0,42.14,26.44,39.69,14.39
1992-06-13,0.0,38.77,23.61,72.41,25.33
1992-06-14,0.0,38.07,22.01,69.66,24.28
1992-06-15,0.0,38.3,22.68,82.75,25.42
1992-06-16,0.0,37.68,23.29,70.09,23.18
1992-06-17,0.0,39.84,24.64,63.96,23.65
1992-06-18,0.0,40.12,24.18,78.43,25.29
1992-06-19,0.0,39.96,24.64,78.24,29.99
1992-06-20,0.0,39.33,25.67,79.24,33.91
1992-06-21,0.0,38.19,25.41,82.38,33.74
1992-06-22,0.0,39.78,24.23,76.3,23.27
1992-06-23,0.0,41.78,23.84,71.65,17.35
1992-06-24,0.0,39.61,24.6,79.06,27.69
1992-06-25,0.0,39.61,24.97,81.98,29.37
1992-06-26,0.06,38.83,25.03,82.28,33.78
1992-06-27,0.12,39.31,24.83,86.69,29.82
1992-06-28,0.0,39.71,25.47,90.45,33.71
1992-06-29,0.01,39.46,24.32,97.16,35.27
1992-06-30,0.0,38.96,23.77,93.18,27.41
1992-07-01,0.0,38.24,23.34,75.57,29.68
1992-07-02,0.0,38.51,25.0,74.29,34.35
1992-07-03,0.0,37.58,24.12,84.92,29.44
1992-07-04,0.0,37.55,23.18,69.57,26.7
1992-07-05,0.0,38.15,23.65,66.63,27.97
1992-07-06,0.0,36.16,25.03,70.91,32.94
1992-07-07,0.0,36.97,23.63,75.79,34.85
1992-07-08,0.0,38.06,24.79,81.32,35.84
1992-07-09,8.57,37.96,24.84,83.47,35.26
1992-07-10,0.25,35.9,22.83,86.8,37.3
1992-07-11,0.06,38.09,25.36,73.21,33.34
1992-07-12,0.67,37.51,24.16,87.67,38.88
1992-07-13,0.0,37.27,24.23,82.41,30.66
1992-07-14,0.0,36.91,23.0,71.76,31.16
1992-07-15,20.93,37.5,24.69,76.34,37.6
1992-07-16,3.15,33.28,22.12,99.51,58.29
1992-07-17,0.0,35.26,22.51,98.43,44.2
1992-07-18,0.0,35.54,24.08,82.98,49.33
1992-07-19,0.0,36.51,24.45,89.85,40.78
1992-07-20,0.0,36.03,24.33,82.92,39.31
1992-07-21,5.59,36.44,23.28,75.9,36.31
1992-07-22,11.81,36.71,24.52,75.91,39.67
1992-07-23,0.3,36.08,23.82,81.18,40.73
1992-07-24,0.0,35.2,24.63,80.98,44.27
1992-07-25,0.58,36.61,24.71,86.16,42.72
1992-07-26,0.13,31.16,23.49,98.61,69.46
1992-07-27,0.66,32.62,22.32,98.74,60.92
1992-07-28,0.04,35.39,24.45,95.59,44.22
1992-07-29,0.02,35.58,24.2,85.14,40.41
1992-07-30,0.0,37.26,24.34,78.66,38.98
1992-07-31,0.0,36.85,24.66,80.96,38.41
1992-08-01,0.26,37.32,24.86,74.07,38.58
1992-08-02,4.23,36.59,24.96,78.25,40.92
1992-08-03,0.0,36.82,24.26,91.34,40.95
1992-08-04,0.0,36.23,25.57,82.53,45.05
1992-08-05,0.0,39.02,25.16,82.36,28.32
1992-08-06,0.2,37.91,24.6,75.78,36.6
1992-08-07,0.07,36.51,25.09,84.37,44.76
1992-08-08,0.0,36.06,24.61,96.54,42.37
1992-08-09,0.11,37.22,25.59,82.73,44.75
1992-08-10,0.0,36.43,24.94,92.44,49.48
1992-08-11,0.55,36.28,23.66,88.62,43.63
1992-08-12,0.0,36.51,24.08,81.08,43.4
1992-08-13,0.03,33.83,23.44,97.22,56.72
1992-08-14,0.0,35.46,23.31,88.72,45.18
1992-08-15,2.02,36.4,24.61,85.11,43.77
1992-08-16,6.0,36.98,25.32,83.46,42.96
1992-08-17,5.94,34.68,23.7,95.32,52.86
1992-08-18,4.21,33.81,23.8,98.43,56.82
1992-08-19,1.8,31.09,23.19,99.19,68.9
1992-08-20,0.29,33.06,22.8,99.82,61.38
1992-08-21,0.0,35.18,23.58,95.93,50.83
1992-08-22,0.0,35.17,24.29,80.86,48.6
1992-08-23,0.0,35.41,24.89,87.59,50.76
1992-08-24,0.07,35.75,24.32,84.81,46.07
1992-08-25,0.0,33.17,24.54,96.96,57.2
1992-08-26,11.25,32.83,23.37,97.93,59.15
1992-08-27,17.92,34.98,22.78,96.51,52.09
1992-08-28,2.73,32.94,23.16,98.31,61.15
1992-08-29,15.26,32.97,22.88,98.93,61.16
1992-08-30,10.09,32.17,22.83,99.73,63.78
1992-08-31,3.53,30.58,23.37,99.35,74.25
1992-09-01,17.17,31.65,22.87,99.81,71.52
1992-09-02,7.82,31.47,22.57,99.76,70.95
1992-09-03,4.79,35.33,22.98,99.25,52.63
1992-09-04,0.71,36.59,24.41,89.47,44.92
1992-09-05,0.47,32.61,23.24,96.7,59.43
1992-09-06,0.48,35.74,24.1,89.23,47.93
1992-09-07,0.88,36.29,24.97,86.4,45.22
1992-09-08,0.0,35.02,24.0,82.94,50.0
1992-09-09,0.0,34.22,23.39,98.26,51.19
1992-09-10,0.08,32.7,22.58,99.0,62.14
1992-09-11,1.02,33.94,22.24,97.74,47.66
1992-09-12,0.0,36.8,23.27,78.55,39.7
1992-09-13,0.02,35.28,24.37,94.85,51.49
1992-09-14,0.0,34.76,23.23,98.62,51.64
1992-09-15,0.0,36.32,23.36,82.52,40.14
1992-09-16,0.0,37.47,23.65,74.93,35.79
1992-09-17,10.38,35.82,24.46,79.3,45.8
1992-09-18,0.16,34.73,23.52,91.07,51.18
1992-09-19,0.06,34.22,24.02,94.32,57.53
1992-09-20,0.0,35.93,23.33,98.16,46.24
1992-09-21,1.65,36.89,23.58,86.05,40.88
1992-09-22,0.0,38.85,24.87,78.66,32.02
1992-09-23,0.0,39.55,25.4,77.31,29.36
1992-09-24,0.0,39.41,25.48,74.84,26.77
1992-09-25,0.03,38.06,25.31,77.82,34.52
1992-09-26,0.0,40.47,24.93,70.05,21.38
1992-09-27,0.0,39.7,24.97,69.74,27.4
1992-09-28,0.0,41.14,25.25,78.0,21.56
1992-09-29,0.06,41.26,25.72,66.59,21.25
1992-09-30,0.01,39.08,24.56,76.07,24.84
1992-10-01,17.49,38.95,24.33,92.14,34.87
1992-10-02,12.21,35.06,24.28,94.8,52.44
1992-10-03,0.0,33.11,22.38,99.48,60.93
1992-10-04,0.0,38.05,23.51,98.71,37.3
1992-10-05,0.0,38.21,23.22,87.88,30.06
1992-10-06,0.04,37.69,22.87,88.31,32.74
1992-10-07,0.0,39.51,23.95,85.43,28.08
1992-10-08,0.0,39.32,23.55,81.12,18.85
1992-10-09,0.0,39.76,23.26,61.63,17.57
1992-10-10,0.0,39.9,23.07,66.44,18.11
1992-10-11,0.0,39.9,22.57,68.34,17.67
1992-10-12,0.0,39.08,22.1,79.37,22.01
1992-10-13,0.0,39.91,22.7,81.33,20.83
1992-10-14,0.0,40.27,23.06,74.74,18.41
1992-10-15,0.0,40.45,23.72,67.2,18.46
1992-10-16,0.0,39.46,22.61,78.68,22.24
1992-10-17,0.0,40.89,22.64,60.29,17.0
1992-10-18,0.0,41.57,24.3,64.95,17.81
1992-10-19,0.01,41.76,24.82,56.09,16.37
1992-10-20,0.0,42.78,25.11,50.28,12.11
1992-10-21,0.0,43.21,25.06,47.35,11.63
1992-10-22,0.0,41.76,25.07,70.13,13.15
1992-10-23,0.0,39.7,25.03,46.61,15.89
1992-10-24,0.0,35.87,20.52,41.87,17.09
1992-10-25,0.0,38.21,20.31,39.47,14.59
1992-10-26,0.0,39.98,23.21,33.95,14.42
1992-10-27,0.0,40.24,24.56,39.13,20.4
1992-10-28,0.14,41.07,24.7,49.37,13.41
1992-10-29,0.01,40.53,24.53,33.85,14.11
1992-10-30,0.0,39.46,22.7,40.7,15.39
1992-10-31,0.0,37.35,20.79,67.2,20.66
1992-11-01,0.0,39.6,20.04,71.2,17.9
1992-11-02,0.01,39.87,21.49,80.3,14.37
1992-11-03,0.0,39.67,22.52,42.29,15.55
1992-11-04,0.0,40.37,21.0,33.04,13.1
1992-11-05,0.01,38.96,21.64,35.69,15.31
1992-11-06,0.0,37.39,20.12,23.95,9.62
1992-11-07,0.0,37.13,19.19,30.04,12.72
1992-11-08,0.0,35.99,18.18,32.83,12.81
1992-11-09,0.0,36.84,18.71,36.41,14.69
1992-11-10,0.0,38.39,19.8,35.14,17.71
1992-11-11,0.03,36.92,21.35,59.96,25.5
1992-11-12,0.02,37.22,21.28,93.66,23.26
1992-11-13,0.0,39.58,21.19,46.34,14.29
1992-11-14,0.0,38.41,22.35,66.26,14.26
1992-11-15,0.0,37.81,22.41,34.91,15.28
1992-11-16,0.0,37.2,19.61,30.58,12.75
1992-11-17,0.0,37.42,19.61,34.7,14.19
1992-11-18,0.0,38.29,19.12,48.61,15.79
1992-11-19,0.0,33.68,19.54,28.79,15.12
1992-11-20,0.0,34.28,17.36,38.51,16.49
1992-11-21,0.0,36.06,16.63,38.93,14.28
1992-11-22,0.0,37.94,19.21,33.46,13.4
1992-11-23,0.0,37.7,21.41,28.96,11.84
1992-11-24,0.0,37.52,19.88,28.45,12.16
1992-11-25,0.0,36.86,18.68,31.62,12.4
1992-11-26,0.0,37.07,18.53,37.16,14.74
1992-11-27,0.0,37.61,20.08,32.69,13.49
1992-11-28,0.0,36.71,20.01,28.38,12.84
1992-11-29,0.01,34.77,19.37,31.2,14.58
1992-11-30,0.0,35.21,18.29,35.59,14.14
1992-12-01,0.0,35.1,16.07,36.31,15.15
1992-12-02,0.0,35.99,17.13,35.0,14.23
1992-12-03,0.0,35.06,16.26,32.57,14.06
1992-12-04,0.0,35.3,15.91,32.95,13.89
1992-12-05,0.0,35.82,17.11,34.08,14.46
1992-12-06,0.0,35.57,16.31,34.37,14.32
1992-12-07,0.01,35.77,16.44,34.62,14.48
1992-12-08,0.0,34.7,16.63,34.68,14.46
1992-12-09,0.0,35.59,17.06,31.37,13.29
1992-12-10,0.0,36.19,16.91,28.24,11.4
1992-12-11,0.0,34.49,17.26,36.45,15.61
1992-12-12,0.0,33.71,18.43,54.41,21.64
1992-12-13,0.0,34.38,17.27,76.2,21.22
1992-12-14,0.0,32.8,19.43,60.42,22.88
1992-12-15,0.0,39.08,19.13,48.44,12.46
1992-12-16,0.0,39.36,19.83,35.93,14.73
1992-12-17,0.0,39.01,19.4,37.72,15.16
1992-12-18,0.0,38.59,18.51,41.19,13.23
1992-12-19,0.0,38.38,18.52,37.14,12.3
1992-12-20,0.0,38.39,18.61,39.37,11.27
1992-12-21,0.0,36.1,17.87,38.05,15.93
1992-12-22,0.0,36.66,17.11,45.74,14.81
1992-12-23,0.0,34.11,17.23,41.64,18.78
1992-12-24,0.0,31.02,16.08,69.31,31.47
1992-12-25,0.0,33.14,18.54,49.68,24.88
1992-12-26,0.0,34.75,17.15,48.24,19.43
1992-12-27,0.0,35.24,17.56,39.97,18.5
1992-12-28,0.0,35.53,18.8,37.78,18.28
1992-12-29,0.0,34.85,20.28,35.93,19.99
1992-12-30,0.0,33.75,19.36,44.03,25.57
1992-12-31,0.0,34.2,18.72,49.37,24.94
1993-01-01,0.0,34.18,19.79,56.42,29.22
1993-01-02,0.01,33.45,20.09,54.77,27.85
1993-01-03,0.0,34.04,18.85,52.62,28.93
1993-01-04,0.0,33.03,19.8,46.82,25.92
1993-01-05,0.0,32.89,19.95,41.31,19.82
1993-01-06,0.0,32.1,17.31,27.21,14.81
1993-01-07,0.0,28.82,15.83,22.78,10.84
1993-01-08,0.0,29.26,14.85,20.36,13.04
1993-01-09,0.01,28.01,17.07,31.79,16.19
1993-01-10,0.0,30.81,16.96,34.2,12.28
1993-01-11,0.0,33.27,17.35,28.19,12.21
1993-01-12,0.01,33.53,16.31,28.54,13.69
1993-01-13,0.0,33.67,16.59,31.8,13.97
1993-01-14,0.0,35.0,17.29,35.05,14.44
1993-01-15,0.0,35.52,17.68,30.55,14.4
1993-01-16,0.0,35.89,18.7,24.93,12.41
1993-01-17,0.0,36.35,17.74,36.9,12.96
1993-01-18,0.0,35.69,16.35,32.49,13.7
1993-01-19,0.0,35.8,16.35,35.13,14.23
1993-01-20,0.0,33.86,16.38,41.77,17.28
1993-01-21,0.0,33.75,16.25,52.91,18.82
1993-01-22,0.0,37.27,17.81,35.07,14.1
1993-01-23,0.0,38.27,19.02,29.55,12.24
1993-01-24,0.0,38.75,19.05,25.47,9.46
1993-01-25,0.0,39.2,19.51,24.99,9.69
1993-01-26,0.0,38.72,19.8,26.0,12.37
1993-01-27,0.0,35.7,19.18,27.03,14.99
1993-01-28,0.0,31.71,16.66,26.46,14.61
1993-01-29,0.0,31.85,14.54,30.47,13.27
1993-01-30,0.0,32.62,14.32,29.61,12.2
1993-01-31,0.0,32.92,14.61,32.29,10.48
1993-02-01,0.0,32.83,16.47,26.95,12.89
1993-02-02,0.02,29.05,15.72,99.32,21.63
1993-02-03,0.01,30.4,13.65,98.56,32.12
1993-02-04,0.0,31.79,14.91,55.8,24.03
1993-02-05,0.0,33.49,16.09,46.1,22.01
1993-02-06,0.0,32.04,16.28,41.03,20.24
1993-02-07,0.07,32.97,16.98,37.83,19.53
1993-02-08,0.0,37.06,19.5,32.73,14.92
1993-02-09,0.0,40.22,22.46,28.32,9.01
1993-02-10,0.0,40.07,22.56,17.93,5.49
1993-02-11,0.0,39.97,21.97,16.54,8.48
1993-02-12,0.06,39.59,22.75,20.46,10.67
1993-02-13,0.0,39.59,22.2,26.11,12.07
1993-02-14,0.0,38.02,20.27,29.57,12.99
1993-02-15,0.0,37.35,18.78,26.14,12.51
1993-02-16,0.0,37.08,18.62,28.04,12.98
1993-02-17,0.0,38.1,19.08,27.18,11.98
1993-02-18,0.0,38.22,20.66,26.72,11.7
1993-02-19,0.0,35.17,17.91,65.02,20.71
1993-02-20,0.0,35.74,18.62,64.56,22.81
1993-02-21,0.0,35.38,19.19,71.51,29.75
1993-02-22,0.0,31.53,17.0,80.68,28.25
1993-02-23,0.0,30.56,14.52,94.03,28.31
1993-02-24,0.0,33.43,14.39,75.59,19.57
1993-02-25,0.0,37.12,17.41,36.76,16.45
1993-02-26,0.0,38.55,19.9,29.53,14.95
1993-02-27,0.0,38.52,19.6,29.31,12.39
1993-02-28,0.0,36.52,18.63,35.34,15.97
1993-03-01,0.0,34.34,16.59,69.35,20.53
1993-03-02,0.0,37.29,17.15,55.01,17.54
1993-03-03,0.0,33.86,18.52,74.32,33.92
1993-03-04,0.0,33.9,18.83,70.13,24.71
1993-03-05,0.0,36.33,19.12,49.6,22.01
1993-03-06,0.0,37.52,19.84,61.33,17.87
1993-03-07,0.0,37.18,20.12,49.37,18.8
1993-03-08,0.0,36.62,19.44,48.35,19.22
1993-03-09,0.0,38.46,18.53,52.81,14.46
1993-03-10,0.0,36.52,18.38,44.07,13.7
1993-03-11,0.0,36.63,17.41,59.3,14.22
1993-03-12,0.0,38.58,18.29,43.9,13.13
1993-03-13,0.0,39.76,19.37,38.32,10.64
1993-03-14,0.0,40.15,20.81,24.46,8.84
1993-03-15,0.0,40.09,21.41,25.2,8.67
1993-03-16,0.0,33.87,18.55,66.48,28.44
1993-03-17,0.0,38.79,20.85,51.23,22.23
1993-03-18,0.0,36.29,20.52,67.14,30.87
1993-03-19,0.0,40.93,20.8,65.73,10.08
1993-03-20,0.0,42.97,23.03,34.69,9.87
1993-03-21,0.0,41.05,23.27,22.78,8.58
1993-03-22,0.0,41.58,21.83,24.54,6.39
1993-03-23,0.0,41.16,21.33,17.27,6.93
1993-03-24,0.0,42.3,22.08,20.6,7.4
1993-03-25,0.0,42.71,23.03,29.58,8.31
1993-03-26,0.0,42.26,21.11,64.02,11.78
1993-03-27,0.0,42.19,20.73,52.67,10.12
1993-03-28,0.0,41.91,21.5,38.5,10.76
1993-03-29,0.0,38.87,19.98,55.76,16.64
1993-03-30,0.0,37.23,18.46,68.14,17.1
1993-03-31,0.0,39.06,19.25,49.48,13.02
1993-04-01,0.0,40.57,19.59,52.15,11.48
1993-04-02,0.0,40.43,19.48,64.2,9.94
1993-04-03,0.0,41.19,22.98,38.93,11.26
1993-04-04,0.0,38.11,20.57,67.69,17.78
1993-04-05,0.0,39.25,20.63,63.56,19.37
1993-04-06,0.0,42.18,21.49,51.99,13.73
1993-04-07,0.0,42.78,22.13,52.73,11.07
1993-04-08,0.0,43.62,23.42,44.98,10.08
1993-04-09,0.0,44.61,23.86,43.42,5.71
1993-04-10,0.0,44.46,25.6,18.77,6.32
1993-04-11,0.0,43.73,22.62,33.75,8.53
1993-04-12,0.0,42.67,23.35,39.48,10.19
1993-04-13,0.0,37.59,20.01,57.97,20.74
1993-04-14,0.0,37.34,18.58,66.41,20.89
1993-04-15,0.0,40.81,21.79,63.22,16.79
1993-04-16,0.0,43.43,23.69,49.74,15.12
1993-04-17,0.0,41.88,24.03,43.9,16.96
1993-04-18,0.0,41.6,23.35,41.37,15.22
1993-04-19,0.0,40.66,20.84,45.95,12.74
1993-04-20,0.0,38.4,20.4,52.92,20.98
1993-04-21,0.0,37.92,19.47,72.1,26.91
1993-04-22,0.0,35.87,20.2,66.92,28.51
1993-04-23,0.0,35.9,19.6,72.08,30.59
1993-04-24,0.0,38.98,19.95,64.01,21.63
1993-04-25,0.0,41.75,21.29,59.43,13.38
1993-04-26,0.0,40.67,21.94,47.6,13.64
1993-04-27,0.0,41.96,20.67,63.45,13.67
1993-04-28,0.0,40.23,20.74,58.01,21.0
1993-04-29,0.0,40.09,20.09,68.22,21.05
1993-04-30,0.0,43.0,22.76,59.61,19.86
1993-05-01,0.0,43.45,24.66,53.83,17.35
1993-05-02,0.0,40.68,26.56,42.68,20.26
1993-05-03,0.0,39.23,24.18,60.69,23.59
1993-05-04,0.0,36.96,21.92,70.56,27.27
1993-05-05,0.0,38.97,22.07,39.45,17.32
1993-05-06,0.0,42.51,23.82,30.91,12.08
1993-05-07,0.0,43.98,25.0,27.05,9.55
1993-05-08,0.0,40.85,23.96,39.52,14.89
1993-05-09,0.0,38.88,20.86,71.1,25.37
1993-05-10,0.0,41.58,21.36,59.68,18.36
1993-05-11,0.0,41.34,21.57,64.72,17.84
1993-05-12,0.0,44.56,23.26,53.06,13.89
1993-05-13,0.0,42.72,23.7,55.4,17.59
1993-05-14,0.0,41.56,22.09,64.76,18.27
1993-05-15,0.0,40.69,21.94,77.22,22.92
1993-05-16,0.0,42.6,23.25,63.43,18.29
1993-05-17,0.0,43.49,23.83,59.9,16.41
1993-05-18,0.0,41.02,23.47,70.15,24.31
1993-05-19,0.0,41.24,22.45,74.04,23.21
1993-05-20,0.0,40.9,22.3,78.85,23.28
1993-05-21,0.0,44.03,22.36,64.51,12.87
1993-05-22,0.0,44.63,24.79,49.64,16.38
1993-05-23,0.0,41.24,23.0,61.68,18.19
1993-05-24,0.0,38.88,21.17,73.1,23.9
1993-05-25,0.01,38.87,20.95,74.0,21.86
1993-05-26,0.0,39.1,20.51,75.52,22.0
1993-05-27,0.0,42.62,21.72,67.05,14.03
1993-05-28,0.04,44.5,25.58,35.51,13.2
1993-05-29,0.0,44.79,24.56,48.4,12.1
1993-05-30,0.0,43.95,24.24,52.64,12.22
1993-05-31,0.0,43.9,23.18,55.27,10.26
1993-06-01,0.0,41.08,23.39,58.14,16.94
1993-06-02,0.0,39.96,22.51,67.51,21.08
1993-06-03,0.0,39.92,22.26,71.6,21.2
1993-06-04,0.0,38.08,23.62,69.87,28.05
1993-06-05,0.0,38.49,24.08,71.78,29.93
1993-06-06,0.0,37.7,24.17,74.53,32.81
1993-06-07,0.0,38.36,24.08,78.35,30.82
1993-06-08,0.0,38.23,23.59,69.91,25.35
1993-06-09,0.0,39.45,23.75,64.78,24.92
1993-06-10,0.0,39.72,24.8,75.04,26.49
1993-06-11,0.0,43.15,24.35,73.62,16.8
1993-06-12,0.0,41.1,25.62,72.06,26.13
1993-06-13,0.0,39.65,25.33,73.69,23.69
1993-06-14,0.0,38.57,22.67,75.96,25.9
1993-06-15,0.0,39.39,21.9,78.71,23.23
1993-06-16,0.0,39.57,23.22,78.27,28.04
1993-06-17,0.0,39.75,25.48,80.19,27.03
1993-06-18,0.0,38.97,23.85,85.83,30.63
1993-06-19,0.0,39.56,25.55,70.05,35.18
1993-06-20,0.0,39.17,24.66,86.03,29.8
1993-06-21,0.0,38.44,23.31,82.82,30.42
1993-06-22,0.0,38.53,23.13,80.86,31.21
1993-06-23,0.0,38.64,23.89,86.88,31.83
1993-06-24,0.0,39.38,24.62,85.3,32.73
1993-06-25,0.0,38.47,24.1,84.49,29.0
1993-06-26,0.0,40.61,23.74,76.06,25.99
1993-06-27,0.0,39.64,24.78,81.21,33.11
1993-06-28,0.0,38.26,24.49,95.68,41.35
1993-06-29,0.1,38.12,24.75,94.85,38.54
1993-06-30,0.1,39.04,24.12,95.88,32.17
1993-07-01,0.0,39.82,25.91,64.45,24.77
1993-07-02,0.0,38.01,24.54,73.33,32.15
1993-07-03,0.0,38.04,24.71,78.02,32.9
1993-07-04,0.0,38.83,24.11,69.87,22.41
1993-07-05,0.0,40.6,25.28,66.65,21.85
1993-07-06,0.0,39.93,26.2,65.97,27.85
1993-07-07,0.0,37.8,26.11,75.28,37.28
1993-07-08,0.0,38.53,24.91,81.69,35.46
1993-07-09,0.0,36.9,24.17,94.91,46.61
1993-07-10,0.04,37.58,24.74,81.22,33.19
1993-07-11,0.0,37.2,24.22,75.94,33.58
1993-07-12,0.0,37.95,23.98,76.51,32.76
1993-07-13,0.0,38.96,25.93,75.88,35.6
1993-07-14,0.0,37.55,25.99,72.73,32.79
1993-07-15,0.0,36.62,23.49,79.69,34.54
1993-07-16,0.77,37.46,23.34,78.66,34.51
1993-07-17,14.67,34.41,23.4,97.78,57.58
1993-07-18,0.0,32.38,22.85,98.69,60.57
1993-07-19,0.0,33.05,22.39,95.93,54.51
1993-07-20,0.53,34.99,24.07,84.36,47.77
1993-07-21,0.24,35.92,24.66,85.46,44.14
1993-07-22,0.0,36.81,24.32,85.81,38.56
1993-07-23,10.19,36.28,24.59,80.81,42.12
1993-07-24,6.94,35.62,24.46,94.6,49.42
1993-07-25,7.06,30.4,23.33,99.87,72.09
1993-07-26,1.43,32.14,22.7,98.25,55.34
1993-07-27,0.24,34.92,22.6,86.58,44.21
1993-07-28,0.01,36.43,24.71,80.09,45.21
1993-07-29,5.41,35.4,24.56,85.99,48.35
1993-07-30,0.01,36.2,23.58,96.01,45.67
1993-07-31,5.25,36.12,25.03,91.98,46.45
1993-08-01,0.0,37.66,25.06,84.52,38.8
1993-08-02,0.0,36.5,24.64,78.59,42.61
1993-08-03,0.0,37.38,24.03,83.68,39.39
1993-08-04,5.6,38.51,24.97,84.18,36.8
1993-08-05,2.34,34.93,24.38,99.88,58.81
1993-08-06,0.02,32.1,23.47,99.32,66.45
1993-08-07,0.2,35.41,24.26,99.17,54.59
1993-08-08,0.0,36.54,25.25,91.14,48.8
1993-08-09,3.34,35.96,26.21,86.81,51.04
1993-08-10,2.46,36.1,26.41,92.55,49.12
1993-08-11,24.55,33.07,23.8,99.07,62.62
1993-08-12,24.19,30.56,23.28,99.78,74.87
1993-08-13,0.0,32.04,22.97,99.52,66.24
1993-08-14,0.0,33.22,22.23,95.64,56.24
1993-08-15,0.01,34.24,23.24,90.75,53.92
1993-08-16,7.33,30.94,24.45,90.6,66.63
1993-08-17,2.64,33.77,23.19,95.37,57.58
1993-08-18,0.0,35.7,23.43,92.45,49.03
1993-08-19,0.0,35.65,24.29,84.81,47.68
1993-08-20,4.26,35.47,25.31,85.94,54.39
1993-08-21,0.0,34.71,24.63,98.17,55.37
1993-08-22,0.0,34.21,23.75,98.72,59.33
1993-08-23,0.0,32.22,23.67,98.54,66.6
1993-08-24,0.0,33.69,23.89,99.33,53.5
1993-08-25,0.17,33.29,24.45,87.6,59.23
1993-08-26,13.35,32.4,23.93,98.3,60.72
1993-08-27,7.0,32.67,22.81,99.9,60.62
1993-08-28,14.64,32.01,23.27,99.71,69.42
1993-08-29,0.0,30.58,23.01,99.49,76.44
1993-08-30,0.0,32.97,23.46,99.82,61.08
1993-08-31,1.75,35.36,23.62,97.94,47.03
1993-09-01,0.0,35.15,23.85,94.37,55.19
1993-09-02,23.51,31.83,23.81,99.73,67.63
1993-09-03,7.95,32.56,23.05,99.75,65.48
1993-09-04,0.0,32.93,22.61,97.99,59.26
1993-09-05,2.35,36.15,22.55,95.46,44.54
1993-09-06,0.0,36.8,24.18,85.27,41.79
1993-09-07,0.53,36.66,25.28,82.7,49.84
1993-09-08,0.18,36.18,23.93,93.98,46.85
1993-09-09,0.01,33.52,24.01,99.41,62.04
1993-09-10,2.83,34.26,23.24,99.73,56.22
1993-09-11,0.01,37.0,23.01,90.43,40.83
1993-09-12,0.03,37.04,24.52,88.56,46.14
1993-09-13,0.0,37.4,24.9,86.41,43.06
1993-09-14,0.0,37.55,23.81,82.07,37.56
1993-09-15,3.53,36.71,24.39,79.5,45.03
1993-09-16,0.0,37.53,24.23,84.37,32.14
1993-09-17,0.0,39.68,24.49,69.41,24.79
1993-09-18,0.0,40.14,25.85,64.82,32.13
1993-09-19,0.0,38.93,25.9,86.29,38.58
1993-09-20,0.0,39.55,25.18,84.11,33.35
1993-09-21,13.95,38.7,25.39,73.51,37.99
1993-09-22,21.9,34.8,23.67,99.73,55.84
1993-09-23,1.07,30.94,22.23,99.68,70.28
1993-09-24,0.0,33.39,22.46,99.49,54.8
1993-09-25,0.0,38.03,23.58,85.44,28.18
1993-09-26,6.24,35.39,24.16,78.36,47.42
1993-09-27,1.33,36.16,24.81,89.94,47.36
1993-09-28,0.0,36.78,24.59,83.47,30.27
1993-09-29,0.0,38.08,24.26,62.2,26.61
1993-09-30,0.0,38.13,24.2,74.3,23.96
1993-10-01,0.0,40.73,22.94,72.84,17.25
1993-10-02,0.0,40.14,24.87,56.23,24.6
1993-10-03,1.33,39.09,25.61,94.43,37.12
1993-10-04,0.0,39.68,23.69,90.26,27.53
1993-10-05,0.0,41.12,23.58,85.14,18.18
1993-10-06,0.0,39.93,24.41,74.93,27.78
1993-10-07,0.0,39.79,25.17,91.39,31.59
1993-10-08,0.0,40.04,24.89,87.92,20.69
1993-10-09,0.0,42.59,23.03,80.26,12.64
1993-10-10,0.05,43.43,25.14,40.12,12.2
1993-10-11,0.37,42.11,25.1,52.57,18.03
1993-10-12,0.0,39.26,24.2,77.16,30.97
1993-10-13,0.0,38.26,24.95,75.75,28.92
1993-10-14,0.0,39.02,23.46,74.71,27.65
1993-10-15,0.0,40.6,24.34,76.83,20.07
1993-10-16,0.0,39.27,24.21,77.38,30.48
1993-10-17,0.0,40.78,24.38,68.74,18.24
1993-10-18,0.0,41.42,23.37,72.63,17.15
1993-10-19,1.05,38.79,23.7,89.79,31.76
1993-10-20,0.0,40.01,23.65,86.68,17.06
1993-10-21,0.0,41.63,23.76,41.19,12.85
1993-10-22,0.0,40.83,22.5,57.98,11.91
1993-10-23,0.0,36.57,20.55,72.63,21.97
1993-10-24,0.0,36.36,19.9,77.58,24.23
1993-10-25,0.0,37.83,20.9,68.34,19.11
1993-10-26,0.0,36.62,21.82,73.87,24.77
1993-10-27,0.0,35.73,21.28,76.13,28.79
1993-10-28,0.0,36.47,23.44,81.65,35.37
1993-10-29,0.0,35.14,23.6,83.61,40.03
1993-10-30,0.0,35.42,21.6,84.31,37.81
1993-10-31,0.05,34.65,22.52,83.19,32.83
1993-11-01,0.0,36.55,20.02,72.34,27.9
1993-11-02,0.0,38.24,21.82,62.78,24.98
1993-11-03,0.0,39.68,21.47,71.51,20.25
1993-11-04,0.0,38.93,21.11,81.12,24.71
1993-11-05,0.0,40.98,21.23,76.82,18.69
1993-11-06,0.0,39.89,20.75,89.25,17.41
1993-11-07,0.0,40.12,22.14,50.15,18.72
1993-11-08,0.0,38.19,22.72,48.84,22.71
1993-11-09,0.0,38.08,20.88,51.93,22.47
1993-11-10,0.0,37.86,20.44,47.39,21.83
1993-11-11,0.0,35.22,19.89,46.17,22.52
1993-11-12,0.0,32.77,17.34,49.41,19.62
1993-11-13,0.0,33.06,15.31,59.36,24.22
1993-11-14,0.0,34.61,15.8,72.69,25.36
1993-11-15,0.0,35.67,17.48,63.37,21.51
1993-11-16,0.0,38.26,19.3,48.34,16.13
1993-11-17,0.0,38.88,20.02,37.74,13.89
1993-11-18,0.0,37.55,20.61,34.73,15.38
1993-11-19,0.0,35.96,18.85,57.07,18.67
1993-11-20,0.0,36.68,17.92,68.09,17.52
1993-11-21,0.0,37.76,20.39,52.29,17.95
1993-11-22,0.0,37.43,21.36,39.37,17.99
1993-11-23,0.0,33.86,19.12,65.79,26.85
1993-11-24,0.0,30.75,17.93,86.54,35.5
1993-11-25,0.0,31.82,16.92,68.38,26.5
1993-11-26,0.0,34.63,17.79,50.34,22.45
1993-11-27,0.0,34.89,18.82,44.49,20.41
1993-11-28,0.0,35.17,18.54,35.44,15.42
1993-11-29,0.0,32.97,17.85,30.07,12.98
1993-11-30,0.0,32.43,14.77,32.63,12.55
1993-12-01,0.0,32.43,14.29,36.07,17.96
1993-12-02,0.0,32.99,14.92,40.98,16.01
1993-12-03,0.0,34.55,14.07,43.33,16.6
1993-12-04,0.0,33.28,16.45,43.1,19.14
1993-12-05,0.0,32.52,17.26,31.49,11.55
1993-12-06,0.0,34.44,18.01,22.2,10.93
1993-12-07,0.0,32.64,16.42,30.12,14.98
1993-12-08,0.0,34.94,16.68,36.98,13.92
1993-12-09,0.0,37.14,18.09,31.39,12.29
1993-12-10,0.0,33.08,17.47,65.22,24.95
1993-12-11,0.01,36.36,19.52,51.17,19.31
1993-12-12,0.0,38.86,18.47,42.16,14.27
1993-12-13,0.0,38.33,19.63,34.84,13.56
1993-12-14,0.0,36.81,18.33,36.6,14.62
1993-12-15,0.0,36.76,18.05,32.41,14.41
1993-12-16,0.0,32.99,16.64,50.62,24.91
1993-12-17,0.0,31.83,15.19,48.31,22.08
1993-12-18,0.01,33.26,17.09,40.12,17.5
1993-12-19,0.0,31.9,16.52,35.02,15.21
1993-12-20,0.0,32.61,16.32,35.21,15.92
1993-12-21,0.01,32.57,17.12,39.82,16.06
1993-12-22,0.0,36.17,20.5,26.83,14.24
1993-12-23,0.0,35.98,18.21,47.38,16.58
1993-12-24,0.0,36.49,17.81,47.01,18.73
1993-12-25,0.0,36.27,19.76,41.34,17.08
1993-12-26,0.0,35.04,18.73,34.46,17.25
1993-12-27,0.0,32.83,17.27,33.8,16.39
1993-12-28,0.0,33.21,16.44,31.75,14.38
1993-12-29,0.0,32.49,15.63,32.36,14.84
1993-12-30,0.0,30.53,15.79,33.68,15.92
1993-12-31,0.0,30.06,14.46,35.32,15.49
1994-01-01,0.0,31.29,14.08,31.6,13.61
1994-01-02,0.0,31.64,16.26,28.34,15.43
1994-01-03,0.0,32.11,15.11,31.33,12.18
1994-01-04,0.0,32.3,14.52,30.17,12.03
1994-01-05,0.0,31.79,13.87,28.41,11.99
1994-01-06,0.0,30.84,13.56,31.25,11.06
1994-01-07,0.0,30.22,12.74,42.28,13.49
1994-01-08,0.0,29.59,13.12,49.45,16.91
1994-01-09,0.0,32.85,17.22,38.93,19.27
1994-01-10,0.0,33.16,15.39,56.78,16.86
1994-01-11,0.0,29.39,14.3,26.74,13.7
1994-01-12,0.0,32.48,14.53,26.92,11.52
1994-01-13,0.0,34.75,15.98,26.96,11.28
1994-01-14,0.0,35.93,16.67,25.74,10.12
1994-01-15,0.0,33.11,16.13,23.99,11.37
1994-01-16,0.0,33.32,14.95,25.26,12.32
1994-01-17,0.0,29.9,13.65,34.73,14.61
1994-01-18,0.0,28.04,12.47,76.62,34.13
1994-01-19,0.0,26.26,12.43,52.76,27.12
1994-01-20,0.0,26.46,10.6,58.99,23.54
1994-01-21,0.0,27.98,11.57,58.44,22.85
1994-01-22,0.0,28.78,12.27,59.82,21.4
1994-01-23,0.0,29.33,13.17,44.98,20.98
1994-01-24,0.0,31.33,12.96,43.17,16.96
1994-01-25,0.0,29.04,15.58,32.95,17.26
1994-01-26,0.0,29.87,13.89,32.3,15.54
1994-01-27,0.0,32.56,14.75,33.85,15.45
1994-01-28,0.0,32.81,16.33,36.93,17.72
1994-01-29,0.0,34.18,17.13,32.69,14.22
1994-01-30,0.0,35.92,19.16,29.18,10.97
1994-01-31,0.0,34.25,17.56,17.23,6.15
1994-02-01,0.0,32.98,16.4,14.96,7.75
1994-02-02,0.0,34.68,17.25,22.33,9.18
1994-02-03,0.0,33.78,16.35,24.89,8.72
1994-02-04,0.0,33.04,15.38,24.83,9.89
1994-02-05,0.0,33.97,15.67,25.29,10.09
1994-02-06,0.0,32.63,15.08,50.14,18.96
1994-02-07,0.0,35.2,14.92,40.99,12.8
1994-02-08,0.0,33.29,16.1,25.68,8.27
1994-02-09,0.0,34.06,17.12,16.74,7.04
1994-02-10,0.0,36.14,16.47,15.9,6.19
1994-02-11,0.0,35.09,17.48,23.6,7.38
1994-02-12,0.0,33.98,17.3,21.33,9.55
1994-02-13,0.0,35.47,16.82,21.19,8.08
1994-02-14,0.0,37.63,17.13,20.64,7.94
1994-02-15,0.0,38.17,19.7,18.73,7.15
1994-02-16,0.0,36.18,18.75,17.51,5.35
1994-02-17,0.0,34.51,17.9,28.27,7.98
1994-02-18,0.0,34.04,16.41,41.89,15.38
1994-02-19,0.0,34.56,16.94,33.28,11.76
1994-02-20,0.0,36.58,18.31,23.63,11.0
1994-02-21,0.0,39.44,17.71,24.39,8.98
1994-02-22,0.0,39.36,18.76,21.71,7.67
1994-02-23,0.01,39.21,19.02,16.23,7.28
1994-02-24,0.0,39.69,18.66,20.53,7.84
1994-02-25,0.0,39.43,19.42,19.45,7.02
1994-02-26,0.0,37.85,19.41,33.76,9.82
1994-02-27,0.0,34.4,17.66,36.67,14.24
1994-02-28,0.0,37.31,18.05,38.03,10.94
1994-03-01,0.0,35.81,19.69,38.18,14.49
1994-03-02,0.0,32.96,17.96,39.45,15.59
1994-03-03,0.0,36.15,16.52,41.96,11.67
1994-03-04,0.0,36.84,17.43,29.56,9.42
1994-03-05,0.0,37.28,18.35,26.99,10.22
1994-03-06,0.0,36.78,19.47,26.42,11.34
1994-03-07,0.0,34.94,18.14,52.19,14.51
1994-03-08,0.0,31.24,19.48,60.96,29.52
1994-03-09,0.0,34.29,16.95,90.24,29.97
1994-03-10,0.0,36.23,18.49,67.42,22.93
1994-03-11,0.0,38.53,21.22,36.73,15.11
1994-03-12,0.0,40.21,22.77,28.22,13.63
1994-03-13,0.0,37.16,20.27,35.37,15.15
1994-03-14,0.0,33.26,16.49,52.52,18.09
1994-03-15,0.0,35.13,15.87,60.32,15.69
1994-03-16,0.0,38.41,18.33,30.52,9.86
1994-03-17,0.0,40.1,20.26,21.7,9.94
1994-03-18,0.0,41.03,23.33,21.13,8.67
1994-03-19,0.0,41.35,24.21,19.74,9.48
1994-03-20,0.0,40.75,23.31,22.53,11.11
1994-03-21,0.0,39.66,21.55,28.3,10.59
1994-03-22,0.0,39.31,19.36,47.9,7.72
1994-03-23,0.0,40.2,18.77,41.03,7.68
1994-03-24,0.0,39.72,20.47,33.27,8.22
1994-03-25,0.0,39.66,23.02,26.01,10.13
1994-03-26,0.0,40.15,23.36,30.73,13.65
1994-03-27,0.0,41.23,24.23,26.24,13.84
1994-03-28,0.0,41.87,23.05,27.04,11.09
1994-03-29,0.0,41.21,21.92,36.54,12.51
1994-03-30,0.0,39.88,20.43,51.71,13.95
1994-03-31,0.0,41.75,22.73,41.31,10.04
1994-04-01,0.0,43.03,21.03,58.81,8.89
1994-04-02,0.0,41.74,24.99,19.33,6.56
1994-04-03,0.0,41.18,22.56,20.56,6.84
1994-04-04,0.0,41.54,22.22,29.23,12.26
1994-04-05,0.0,39.38,23.05,19.9,6.95
1994-04-06,0.0,38.99,20.38,20.54,10.06
1994-04-07,0.0,40.79,20.74,28.56,9.83
1994-04-08,0.0,42.09,20.61,32.01,9.72
1994-04-09,0.0,41.1,20.73,45.08,10.41
1994-04-10,0.0,41.53,20.61,42.29,9.26
1994-04-11,0.0,40.37,20.54,50.22,13.31
1994-04-12,0.0,37.21,18.89,69.92,26.29
1994-04-13,0.0,36.35,18.92,73.16,25.18
1994-04-14,0.0,35.58,18.23,65.22,22.14
1994-04-15,0.0,36.19,16.9,69.21,20.61
1994-04-16,0.0,36.56,18.57,71.8,22.62
1994-04-17,0.0,37.54,18.7,59.86,20.14
1994-04-18,0.0,37.33,19.23,67.16,23.83
1994-04-19,0.0,37.08,20.33,61.9,23.43
1994-04-20,0.0,36.0,19.45,70.52,26.39
1994-04-21,0.0,39.33,19.54,77.17,18.5
1994-04-22,0.0,41.96,21.44,47.35,12.52
1994-04-23,0.0,41.15,21.02,61.17,11.29
1994-04-24,0.0,43.4,22.89,51.73,10.25
1994-04-25,0.0,42.09,26.72,28.63,14.0
1994-04-26,0.0,43.83,24.78,45.56,12.46
1994-04-27,0.0,40.91,22.51,58.68,19.67
1994-04-28,0.0,38.95,20.16,68.39,19.17
1994-04-29,0.0,38.47,19.96,67.71,24.33
1994-04-30,0.0,37.79,20.21,69.49,22.93
1994-05-01,0.0,40.18,19.98,76.78,14.75
1994-05-02,0.0,41.68,21.2,67.43,8.61
1994-05-03,0.0,42.25,21.72,58.77,7.53
1994-05-04,0.0,41.82,22.4,40.87,7.4
1994-05-05,0.0,41.54,21.99,45.84,7.71
1994-05-06,0.0,40.81,20.59,58.76,11.57
1994-05-07,0.0,38.88,19.77,69.78,20.08
1994-05-08,0.0,38.12,19.35,79.46,21.87
1994-05-09,0.0,41.07,20.53,62.05,12.17
1994-05-10,0.0,41.98,22.61,50.6,13.1
1994-05-11,0.0,39.31,20.81,58.75,17.17
1994-05-12,0.0,36.51,19.15,72.79,26.04
1994-05-13,0.0,37.7,20.68,67.31,24.41
1994-05-14,0.0,36.91,21.4,65.87,27.11
1994-05-15,0.0,38.6,21.95,59.67,18.54
1994-05-16,0.0,41.34,20.77,68.22,12.26
1994-05-17,0.0,44.43,24.08,40.36,10.77
1994-05-18,0.0,44.2,25.67,35.45,14.06
1994-05-19,0.0,44.01,24.36,48.3,10.27
1994-05-20,0.0,44.76,25.05,20.26,6.96
1994-05-21,0.0,40.35,22.32,62.35,13.59
1994-05-22,0.0,42.87,22.53,51.85,12.66
1994-05-23,0.0,44.28,23.53,54.1,12.28
1994-05-24,0.0,41.66,24.08,54.62,18.2
1994-05-25,0.0,38.67,22.0,67.78,27.61
1994-05-26,0.0,40.62,21.65,71.85,23.1
1994-05-27,0.0,39.16,22.45,77.67,30.62
1994-05-28,0.0,38.42,21.42,84.75,30.85
1994-05-29,0.0,39.69,21.85,78.76,30.49
1994-05-30,0.0,38.65,23.68,76.11,33.07
1994-05-31,0.0,40.42,23.01,73.56,22.94
1994-06-01,0.0,41.31,23.23,66.27,19.54
1994-06-02,0.0,40.49,24.44,65.42,25.07
1994-06-03,0.0,39.29,23.53,79.13,26.52
1994-06-04,0.0,38.79,23.09,77.53,30.8
1994-06-05,0.0,37.83,24.25,73.98,35.01
1994-06-06,0.0,37.5,23.84,83.02,34.38
1994-06-07,0.0,37.53,22.9,80.3,28.14
1994-06-08,0.0,37.44,21.99,78.89,30.23
1994-06-09,0.0,36.75,21.17,81.77,31.68
1994-06-10,0.0,37.51,20.8,85.02,25.53
1994-06-11,0.28,39.14,22.99,78.0,30.74
1994-06-12,0.0,38.59,24.64,76.51,32.17
1994-06-13,0.0,39.19,23.48,85.42,32.01
1994-06-14,0.0,40.9,24.53,69.45,25.58
1994-06-15,0.0,40.66,25.06,64.85,20.12
1994-06-16,0.0,38.69,23.77,87.64,36.05
1994-06-17,0.0,38.4,25.16,87.13,37.15
1994-06-18,0.0,39.59,24.54,83.51,25.83
1994-06-19,2.72,39.9,24.65,73.89,28.73
1994-06-20,3.52,40.54,26.25,82.06,33.5
1994-06-21,1.53,39.47,23.76,97.19,25.3
1994-06-22,0.0,39.58,22.75,78.73,25.07
1994-06-23,0.0,37.83,23.19,86.6,34.01
1994-06-24,0.0,36.39,23.37,85.36,42.61
1994-06-25,0.04,38.03,22.74,96.69,35.2
1994-06-26,0.0,38.7,24.75,80.44,32.53
1994-06-27,0.0,39.15,23.98,76.34,26.21
1994-06-28,0.0,37.46,23.17,78.88,33.14
1994-06-29,0.0,38.59,23.95,77.78,30.1
1994-06-30,0.0,38.76,24.89,78.06,33.12
1994-07-01,0.0,37.02,24.28,75.02,34.25
1994-07-02,0.0,36.6,24.09,76.23,34.18
1994-07-03,0.0,36.48,22.94,74.02,33.63
1994-07-04,0.09,36.9,23.53,72.14,33.16
1994-07-05,0.55,37.56,24.7,68.31,31.76
1994-07-06,0.0,38.64,24.95,69.03,26.96
1994-07-07,0.0,37.44,23.95,67.13,34.18
1994-07-08,0.0,36.88,24.22,81.84,34.67
1994-07-09,0.15,36.88,25.14,87.54,40.05
1994-07-10,0.24,37.84,24.48,80.54,33.25
1994-07-11,8.16,35.36,23.97,81.66,41.63
1994-07-12,0.0,37.43,24.7,85.04,37.09
1994-07-13,0.0,37.59,24.97,79.1,31.62
1994-07-14,0.0,37.14,24.02,74.13,32.96
1994-07-15,0.0,37.9,25.02,72.62,34.41
1994-07-16,0.0,37.77,24.8,84.23,37.55
1994-07-17,0.0,36.57,24.38,76.26,34.3
1994-07-18,0.07,38.37,24.29,73.57,31.65
1994-07-19,0.0,38.64,25.69,77.69,36.31
1994-07-20,0.0,35.84,23.98,94.29,44.23
1994-07-21,0.0,36.98,23.4,78.78,35.25
1994-07-22,1.93,37.41,25.4,71.71,36.0
1994-07-23,27.86,37.28,24.94,97.62,41.58
1994-07-24,0.94,32.62,22.54,99.8,62.2
1994-07-25,0.0,33.2,22.89,96.58,54.86
1994-07-26,0.0,35.99,24.03,81.78,42.34
1994-07-27,0.01,36.63,25.1,81.79,45.71
1994-07-28,23.85,34.98,25.23,90.22,51.03
1994-07-29,2.42,34.8,24.46,91.08,50.33
1994-07-30,0.0,35.47,24.67,91.48,44.63
1994-07-31,0.0,38.32,26.29,84.98,37.93
1994-08-01,0.0,39.09,25.8,77.27,33.78
1994-08-02,0.0,37.89,25.29,73.42,35.54
1994-08-03,0.0,38.43,24.41,77.58,34.53
1994-08-04,1.87,39.41,25.36,77.38,32.71
1994-08-05,0.0,37.34,25.37,76.86,44.02
1994-08-06,14.46,36.28,24.33,92.89,47.17
1994-08-07,7.57,33.9,23.28,96.64,57.29
1994-08-08,10.71,34.35,23.58,88.83,50.26
1994-08-09,13.04,33.59,24.85,82.85,55.09
1994-08-10,19.36,36.08,23.75,96.8,47.05
1994-08-11,0.51,31.46,23.28,99.45,68.33
1994-08-12,4.23,30.57,23.52,99.0,73.28
1994-08-13,0.15,31.67,23.27,99.45,67.27
1994-08-14,4.23,32.72,23.71,98.47,60.71
1994-08-15,21.25,33.56,23.46,88.88,55.34
1994-08-16,16.26,33.87,23.6,95.2,56.49
1994-08-17,0.54,32.75,22.66,97.0,59.14
1994-08-18,6.05,32.6,23.84,96.32,64.93
1994-08-19,0.01,33.81,23.78,91.14,56.41
1994-08-20,0.0,34.29,23.45,92.17,49.89
1994-08-21,0.0,36.94,23.4,84.98,37.21
1994-08-22,4.11,33.44,24.47,81.64,54.05
1994-08-23,0.0,35.41,24.47,90.88,48.72
1994-08-24,14.07,36.75,25.12,86.51,46.09
1994-08-25,14.32,36.26,24.24,87.95,45.27
1994-08-26,2.23,35.22,24.93,85.0,51.96
1994-08-27,0.49,35.88,24.0,93.98,47.94
1994-08-28,0.21,37.51,24.27,87.65,39.61
1994-08-29,0.0,37.93,25.82,74.81,34.48
1994-08-30,0.0,35.9,25.99,73.9,48.12
1994-08-31,0.17,35.93,23.9,89.61,43.81
1994-09-01,2.88,36.63,24.26,85.79,40.16
1994-09-02,0.43,33.98,24.06,95.25,60.39
1994-09-03,0.13,36.37,23.29,98.27,47.0
1994-09-04,0.47,38.41,24.57,89.05,37.23
1994-09-05,0.0,37.53,25.99,77.01,42.87
1994-09-06,0.0,36.92,24.61,85.54,42.58
1994-09-07,0.4,37.58,23.88,85.43,38.36
1994-09-08,0.0,37.08,23.9,73.49,37.46
1994-09-09,6.14,39.09,25.12,70.15,33.14
1994-09-10,0.01,38.38,25.14,75.2,34.34
1994-09-11,0.0,38.47,25.71,71.36,37.71
1994-09-12,0.0,37.82,24.41,80.43,38.33
1994-09-13,0.33,37.88,25.11,75.91,37.15
1994-09-14,1.24,37.64,25.73,75.55,41.97
1994-09-15,3.28,36.58,24.99,89.01,43.67
1994-09-16,0.0,37.81,25.55,83.38,40.18
1994-09-17,0.0,40.25,26.35,82.63,29.33
1994-09-18,0.0,39.95,25.37,76.56,25.02
1994-09-19,0.15,38.75,24.7,70.41,29.69
1994-09-20,0.0,37.08,25.72,72.99,42.52
1994-09-21,3.97,32.9,23.34,96.41,55.67
1994-09-22,0.0,31.98,23.15,92.26,57.85
1994-09-23,0.0,35.3,22.84,91.55,43.38
1994-09-24,0.0,37.18,22.94,78.6,34.99
1994-09-25,0.0,37.02,24.49,72.75,39.76
1994-09-26,1.35,34.61,24.87,92.75,49.24
1994-09-27,0.02,37.36,24.0,87.57,41.15
1994-09-28,11.55,33.24,23.03,98.64,69.06
1994-09-29,0.93,30.96,23.12,98.82,71.92
1994-09-30,0.2,31.41,22.28,99.6,61.52
1994-10-01,0.04,36.42,23.12,98.93,42.79
1994-10-02,0.0,39.22,24.91,80.94,25.1
1994-10-03,0.0,39.56,24.79,56.28,20.92
1994-10-04,0.0,39.49,24.3,48.95,21.3
1994-10-05,0.0,39.08,24.15,72.03,25.09
1994-10-06,0.35,37.09,24.07,75.69,34.1
1994-10-07,0.0,37.03,24.57,83.81,37.13
1994-10-08,0.0,35.47,23.3,94.76,41.84
1994-10-09,0.0,34.26,21.07,85.62,32.99
1994-10-10,0.0,35.32,20.42,85.8,29.3
1994-10-11,0.0,37.9,21.27,85.62,31.2
1994-10-12,0.05,36.48,24.19,96.38,54.97
1994-10-13,0.0,38.62,23.55,97.84,27.17
1994-10-14,0.0,40.99,25.01,47.45,20.94
1994-10-15,0.0,41.03,24.88,46.9,17.2
1994-10-16,0.0,40.39,24.67,54.86,22.35
1994-10-17,0.08,40.01,24.36,72.49,23.51
1994-10-18,0.33,40.08,24.22,78.47,24.74
1994-10-19,0.0,40.61,24.07,72.54,22.31
1994-10-20,0.0,39.63,23.49,62.45,16.26
1994-10-21,0.0,40.05,23.98,56.45,23.1
1994-10-22,0.0,36.44,23.23,95.79,49.23
1994-10-23,2.34,33.06,22.7,99.22,64.54
1994-10-24,0.0,34.84,22.94,99.07,44.78
1994-10-25,0.0,38.83,22.98,65.72,24.56
1994-10-26,0.0,39.9,24.42,54.1,18.92
1994-10-27,0.0,39.77,23.98,54.09,18.83
1994-10-28,0.0,36.96,22.92,76.0,23.31
1994-10-29,0.0,36.15,21.33,78.29,29.8
1994-10-30,0.0,35.98,21.72,79.77,29.64
1994-10-31,0.0,36.43,21.12,66.88,22.58
1994-11-01,0.0,39.03,20.96,50.15,20.25
1994-11-02,0.0,39.06,21.71,47.72,18.1
1994-11-03,0.0,39.05,21.08,52.57,19.26
1994-11-04,0.0,39.38,20.88,51.82,18.07
1994-11-05,0.0,40.34,20.93,61.76,19.1
1994-11-06,0.0,40.21,22.12,44.23,18.43
1994-11-07,0.0,39.8,22.64,41.73,19.99
1994-11-08,0.0,41.19,22.11,43.91,16.5
1994-11-09,0.0,41.92,22.66,42.81,18.9
1994-11-10,0.0,41.43,23.06,72.69,21.54
1994-11-11,0.0,41.72,22.3,64.91,14.76
1994-11-12,0.0,41.23,22.55,54.69,15.4
1994-11-13,0.0,40.74,22.04,51.71,14.96
1994-11-14,0.0,39.3,22.24,47.1,11.86
1994-11-15,0.0,38.87,19.5,33.72,12.41
1994-11-16,0.0,37.43,20.92,35.29,15.52
1994-11-17,0.0,36.0,21.06,41.69,17.15
1994-11-18,0.0,36.26,18.63,45.11,16.35
1994-11-19,0.0,37.73,18.44,45.89,14.75
1994-11-20,0.0,39.28,19.87,42.46,14.02
1994-11-21,0.0,40.09,21.48,36.36,11.12
1994-11-22,0.0,38.17,19.05,32.71,9.47
1994-11-23,0.0,38.22,18.3,31.35,10.74
1994-11-24,0.0,38.16,18.91,31.0,10.5
1994-11-25,0.0,37.86,20.01,31.77,11.58
1994-11-26,0.0,37.96,19.63,34.63,13.62
1994-11-27,0.0,38.16,20.99,39.47,17.99
1994-11-28,0.0,38.33,20.28,63.18,16.17
1994-11-29,0.0,38.17,20.44,52.91,13.51
1994-11-30,0.0,38.11,19.61,33.47,11.74
1994-12-01,0.0,37.95,19.12,30.47,12.47
1994-12-02,0.0,37.46,18.78,27.46,11.15
1994-12-03,0.0,37.39,17.41,29.12,11.54
1994-12-04,0.0,36.05,17.8,31.71,11.58
1994-12-05,0.0,33.9,16.93,35.08,17.92
1994-12-06,0.0,34.19,16.28,42.01,19.0
1994-12-07,0.0,34.02,16.45,37.7,15.14
1994-12-08,0.0,32.58,15.81,30.02,15.16
1994-12-09,0.0,33.06,15.1,35.11,15.89
1994-12-10,0.0,33.28,15.67,31.96,14.3
1994-12-11,0.0,32.79,15.02,26.32,12.59
1994-12-12,0.0,33.85,14.94,31.4,15.82
1994-12-13,0.0,35.98,17.22,33.05,15.76
1994-12-14,0.0,37.91,18.57,32.05,15.73
1994-12-15,0.0,34.58,19.4,28.04,15.18
1994-12-16,0.0,33.39,16.81,29.24,14.36
1994-12-17,0.0,34.22,15.83,31.41,15.05
1994-12-18,0.0,35.19,16.31,31.69,14.17
1994-12-19,0.0,34.63,16.55,31.03,13.04
1994-12-20,0.0,35.19,16.21,32.23,13.59
1994-12-21,0.0,34.89,18.56,29.95,14.67
1994-12-22,0.0,34.86,19.17,35.93,18.46
1994-12-23,0.0,37.12,17.53,43.39,18.92
1994-12-24,0.0,38.25,21.25,47.07,20.06
1994-12-25,0.0,38.75,21.0,28.68,11.79
1994-12-26,0.0,35.96,20.56,29.29,11.81
1994-12-27,0.0,35.72,21.87,24.48,12.99
1994-12-28,0.0,32.81,19.33,24.52,8.75
1994-12-29,0.0,33.91,18.49,25.37,7.11
1994-12-30,0.0,33.51,17.1,17.56,5.46
1994-12-31,0.0,33.94,15.35,17.59,6.8
1995-01-01,0.0,35.01,15.83,21.77,8.02
1995-01-02,0.0,35.08,15.99,25.71,11.58
1995-01-03,0.0,31.72,15.55,24.73,10.21
1995-01-04,0.0,32.16,15.13,22.55,10.69
1995-01-05,0.0,33.13,14.73,25.05,9.39
1995-01-06,0.0,33.0,15.71,26.51,11.97
1995-01-07,0.0,28.5,16.09,41.56,11.24
1995-01-08,0.0,30.82,14.18,46.64,9.09
1995-01-09,0.0,32.09,14.3,32.61,11.98
1995-01-10,0.0,29.35,15.86,30.79,15.45
1995-01-11,0.0,28.03,12.92,33.07,15.99
1995-01-12,0.0,30.38,14.65,25.78,12.47
1995-01-13,0.0,32.47,14.43,27.65,11.65
1995-01-14,0.0,33.98,14.64,27.52,9.64
1995-01-15,0.0,33.42,15.19,25.18,9.69
1995-01-16,0.0,29.16,13.82,24.63,11.15
1995-01-17,0.0,30.51,15.27,18.86,8.29
1995-01-18,0.0,30.28,12.26,21.27,10.04
1995-01-19,0.0,30.92,13.82,20.5,9.63
1995-01-20,0.0,31.02,13.82,21.48,9.07
1995-01-21,0.0,32.79,13.74,22.07,8.53
1995-01-22,0.0,32.12,15.45,23.62,12.5
1995-01-23,0.0,34.66,15.52,24.24,10.13
1995-01-24,0.0,32.25,16.94,21.99,11.82
1995-01-25,0.0,33.93,17.4,24.01,12.98
1995-01-26,0.0,35.2,17.15,22.88,11.77
1995-01-27,0.0,34.43,16.28,25.64,11.7
1995-01-28,0.0,33.34,16.4,24.66,11.46
1995-01-29,0.0,34.07,16.73,22.14,9.82
1995-01-30,0.0,32.68,16.78,19.29,8.44
1995-01-31,0.0,32.54,15.22,22.24,11.17
1995-02-01,0.0,34.82,17.77,19.78,10.05
1995-02-02,0.0,36.13,18.47,20.31,11.37
1995-02-03,0.0,34.97,18.77,26.51,14.69
1995-02-04,0.0,36.62,19.18,30.91,15.33
1995-02-05,0.0,37.81,18.77,30.77,13.51
1995-02-06,0.0,37.22,18.26,26.54,13.07
1995-02-07,0.0,36.41,19.49,27.35,13.12
1995-02-08,0.0,37.03,19.62,29.42,12.86
1995-02-09,0.0,37.15,19.57,24.33,10.26
1995-02-10,0.0,32.78,20.69,18.86,10.09
1995-02-11,0.0,32.58,18.38,53.83,15.81
1995-02-12,0.0,32.32,16.06,47.11,19.4
1995-02-13,0.0,34.48,18.03,33.99,13.5
1995-02-14,0.0,34.3,18.03,28.59,12.3
1995-02-15,0.0,35.31,18.07,25.8,10.01
1995-02-16,0.0,37.06,19.94,23.09,8.99
1995-02-17,0.0,38.96,20.38,21.0,8.95
1995-02-18,0.0,39.89,20.25,21.96,8.06
1995-02-19,0.0,41.4,20.55,22.26,7.71
1995-02-20,0.0,41.48,20.97,22.73,7.72
1995-02-21,0.0,41.61,21.46,23.59,8.03
1995-02-22,0.0,41.6,21.26,24.0,7.17
1995-02-23,0.0,39.91,21.06,20.88,8.12
1995-02-24,0.0,38.91,20.76,22.4,8.28
1995-02-25,0.0,38.41,19.52,17.88,7.8
1995-02-26,0.0,37.54,18.96,31.57,10.31
1995-02-27,0.0,34.7,17.38,62.74,20.53
1995-02-28,0.0,35.22,16.65,71.43,19.78
1995-03-01,0.0,35.43,18.45,37.94,15.34
1995-03-02,0.0,36.88,18.54,25.41,10.37
1995-03-03,0.0,36.25,19.83,21.35,9.23
1995-03-04,0.0,38.2,19.17,21.74,9.66
1995-03-05,0.0,37.88,20.51,22.2,10.46
1995-03-06,0.0,39.0,19.66,19.63,8.69
1995-03-07,0.0,39.69,20.8,17.9,8.19
1995-03-08,0.0,40.35,20.99,20.22,7.76
1995-03-09,0.0,39.57,21.57,26.22,7.88
1995-03-10,0.0,35.15,19.43,54.47,23.61
1995-03-11,0.0,31.87,17.88,60.66,25.22
1995-03-12,0.0,33.26,17.07,89.62,30.88
1995-03-13,0.0,31.99,17.99,69.79,31.52
1995-03-14,0.0,34.96,18.25,69.0,26.29
1995-03-15,0.0,33.73,18.04,67.05,28.56
1995-03-16,0.0,35.32,17.19,83.68,23.43
1995-03-17,0.0,37.82,19.29,46.34,21.67
1995-03-18,0.0,40.5,20.24,37.36,16.35
1995-03-19,0.0,39.49,20.11,51.36,17.15
1995-03-20,0.0,36.04,20.15,74.9,30.1
1995-03-21,0.0,36.44,19.52,67.3,22.72
1995-03-22,0.0,36.96,18.63,73.61,20.94
1995-03-23,0.0,37.88,19.05,72.32,23.01
1995-03-24,0.0,36.43,18.12,76.63,27.39
1995-03-25,0.0,38.46,19.06,71.09,22.11
1995-03-26,0.0,37.85,19.99,72.01,22.38
1995-03-27,0.0,37.8,21.51,60.82,25.46
1995-03-28,0.0,36.65,20.67,69.65,25.17
1995-03-29,0.0,38.4,19.09,63.81,20.14
1995-03-30,0.0,36.51,18.91,69.0,25.42
1995-03-31,0.0,37.08,19.22,59.65,24.24
1995-04-01,0.0,36.89,19.64,66.68,23.41
1995-04-02,0.0,37.21,20.04,69.95,24.39
1995-04-03,0.0,35.96,19.21,70.32,23.99
1995-04-04,0.0,36.25,19.22,57.74,22.21
1995-04-05,0.0,36.08,18.31,68.91,25.74
1995-04-06,0.0,36.49,18.04,72.41,24.04
1995-04-07,0.0,37.47,19.52,68.19,23.49
1995-04-08,0.0,36.52,19.9,68.02,23.02
1995-04-09,0.0,35.52,18.03,66.49,23.58
1995-04-10,0.0,34.86,17.13,78.65,23.11
1995-04-11,0.0,37.7,18.68,68.56,16.79
1995-04-12,0.0,41.26,21.52,44.03,12.98
1995-04-13,0.0,41.35,22.01,44.51,15.2
1995-04-14,0.0,38.86,20.98,55.35,18.64
1995-04-15,0.0,37.84,19.21,63.15,15.86
1995-04-16,0.0,38.35,18.8,62.6,15.25
1995-04-17,0.0,38.79,19.75,64.3,18.79
1995-04-18,0.0,38.08,19.68,66.54,18.23
1995-04-19,0.0,38.21,19.55,61.54,19.98
1995-04-20,0.0,38.28,20.27,58.27,18.91
1995-04-21,0.0,35.55,18.76,75.35,22.24
1995-04-22,0.0,38.22,18.62,65.08,15.82
1995-04-23,0.0,39.72,19.88,33.48,12.84
1995-04-24,0.0,42.32,21.91,23.89,9.5
1995-04-25,0.0,42.53,21.88,32.35,8.78
1995-04-26,0.0,42.25,22.18,33.39,10.44
1995-04-27,0.0,42.32,22.01,40.36,11.24
1995-04-28,0.0,43.49,23.22,37.65,10.89
1995-04-29,0.0,44.28,23.39,32.99,8.09
1995-04-30,0.0,43.77,22.53,35.54,8.08
1995-05-01,0.0,42.41,22.28,46.59,11.37
1995-05-02,0.0,40.14,20.97,60.22,18.66
1995-05-03,0.0,39.46,18.99,74.62,18.52
1995-05-04,0.0,38.71,20.12,62.03,18.53
1995-05-05,0.0,40.36,20.59,56.82,15.75
1995-05-06,0.0,39.95,21.04,67.09,20.61
1995-05-07,0.0,39.07,19.66,75.21,22.72
1995-05-08,0.0,38.91,20.26,78.62,21.51
1995-05-09,0.0,39.8,20.6,74.65,21.64
1995-05-10,0.0,40.04,20.89,69.3,20.65
1995-05-11,0.0,39.53,20.97,70.53,21.28
1995-05-12,0.0,40.75,21.17,70.16,20.13
1995-05-13,0.0,40.09,21.77,69.18,23.66
1995-05-14,0.06,41.79,22.41,72.46,19.66
1995-05-15,0.13,44.36,23.87,58.18,21.34
1995-05-16,0.0,45.5,26.25,58.04,13.73
1995-05-17,0.0,46.86,26.65,45.25,11.66
1995-05-18,0.0,42.18,25.91,65.02,22.85
1995-05-19,0.0,43.22,24.65,58.16,18.36
1995-05-20,0.03,43.4,24.31,68.06,19.54
1995-05-21,0.0,40.23,24.14,67.86,25.36
1995-05-22,0.0,37.43,22.17,73.36,28.63
1995-05-23,0.0,38.05,21.17,73.07,24.39
1995-05-24,0.0,38.5,22.31,73.77,28.42
1995-05-25,0.0,40.63,23.12,71.88,22.35
1995-05-26,0.0,42.81,23.29,76.68,19.96
1995-05-27,0.0,43.47,24.89,60.81,19.5
1995-05-28,0.0,41.45,23.47,72.16,19.0
1995-05-29,0.0,38.88,21.26,75.48,23.82
1995-05-30,0.0,38.66,21.1,70.98,23.39
1995-05-31,0.0,38.21,20.43,71.71,24.61
1995-06-01,0.0,38.28,20.99,69.84,21.81
1995-06-02,0.0,38.56,22.34,74.12,25.06
1995-06-03,0.0,38.94,22.37,78.27,24.25
1995-06-04,0.0,39.26,22.25,73.27,21.65
1995-06-05,0.0,39.69,23.28,64.66,18.4
1995-06-06,0.0,40.63,23.13,56.27,16.35
1995-06-07,0.0,38.9,22.72,68.71,23.87
1995-06-08,0.0,39.43,22.88,69.9,21.36
1995-06-09,0.0,40.35,23.67,64.7,20.18
1995-06-10,0.0,39.86,23.87,69.55,24.78
1995-06-11,0.0,41.23,25.24,66.57,25.43
1995-06-12,0.0,39.17,24.76,72.24,29.09
1995-06-13,0.0,39.7,24.28,72.71,28.35
1995-06-14,0.0,38.47,24.68,75.94,32.56
1995-06-15,0.0,40.38,25.07,82.88,29.75
1995-06-16,0.0,41.27,24.5,79.0,24.32
1995-06-17,0.0,42.95,25.22,71.53,20.68
1995-06-18,0.0,40.98,26.69,78.99,28.93
1995-06-19,0.0,40.53,26.68,83.55,29.73
1995-06-20,0.0,43.47,25.45,88.97,14.76
1995-06-21,0.0,45.17,27.53,46.76,12.68
1995-06-22,6.16,40.53,26.76,87.78,36.17
1995-06-23,14.31,35.87,23.03,99.63,60.0
1995-06-24,0.0,33.48,22.21,98.99,64.1
1995-06-25,0.0,34.57,23.47,96.75,43.85
1995-06-26,0.0,38.59,22.9,72.69,20.04
1995-06-27,0.03,37.41,23.16,83.5,31.42
1995-06-28,0.0,38.29,24.32,75.1,31.79
1995-06-29,0.0,37.64,24.38,78.39,36.77
1995-06-30,0.0,39.19,25.22,79.13,32.1
1995-07-01,0.07,43.49,25.22,66.39,13.47
1995-07-02,0.0,38.94,27.5,74.52,26.43
1995-07-03,0.0,38.63,26.23,80.49,35.36
1995-07-04,0.0,36.62,25.88,91.66,44.72
1995-07-05,0.0,43.47,25.54,76.13,14.67
1995-07-06,0.0,37.9,27.41,78.27,38.83
1995-07-07,0.0,38.59,26.6,96.08,40.52
1995-07-08,0.0,35.12,24.21,98.78,40.76
1995-07-09,0.0,38.55,22.71,80.58,29.47
1995-07-10,0.01,38.46,25.56,77.1,34.56
1995-07-11,3.56,36.1,26.25,97.3,47.52
1995-07-12,0.77,30.96,23.89,98.17,72.02
1995-07-13,0.0,32.62,23.46,97.69,64.14
1995-07-14,0.0,34.3,23.45,98.01,48.87
1995-07-15,0.0,35.13,24.08,86.72,53.14
1995-07-16,0.0,36.22,25.86,91.54,50.11
1995-07-17,0.0,35.55,24.75,81.51,34.27
1995-07-18,3.69,37.34,24.32,72.7,31.22
1995-07-19,5.23,38.71,25.01,77.33,34.35
1995-07-20,0.0,36.28,23.7,90.05,42.05
1995-07-21,0.0,35.6,23.96,81.59,39.06
1995-07-22,0.0,35.8,25.57,73.83,46.4
1995-07-23,0.95,36.12,24.99,88.51,46.33
1995-07-24,0.0,38.61,24.92,88.68,37.05
1995-07-25,0.47,38.54,25.69,82.64,35.06
1995-07-26,0.0,37.0,24.85,85.38,42.78
1995-07-27,1.33,33.13,24.37,97.6,60.76
1995-07-28,0.49,30.88,23.57,98.91,72.16
1995-07-29,12.29,29.87,23.54,99.71,77.47
1995-07-30,0.23,30.94,23.32,99.44,72.89
1995-07-31,0.6,31.63,23.32,99.45,63.99
1995-08-01,3.54,34.79,23.73,90.37,55.88
1995-08-02,2.41,33.15,24.97,96.73,61.81
1995-08-03,0.0,33.21,23.81,95.37,59.04
1995-08-04,0.0,34.02,24.34,94.87,55.69
1995-08-05,0.97,36.57,24.67,88.71,44.84
1995-08-06,0.01,36.3,26.12,88.85,44.47
1995-08-07,0.0,36.46,25.71,82.69,45.2
1995-08-08,0.0,37.87,25.53,85.9,40.31
1995-08-09,0.0,37.42,25.56,79.68,40.78
1995-08-10,0.0,37.82,24.87,82.37,37.46
1995-08-11,4.47,38.22,25.44,82.29,38.1
1995-08-12,2.27,37.71,24.4,86.21,40.71
1995-08-13,0.65,34.49,25.26,96.6,59.94
1995-08-14,2.78,33.2,23.09,99.21,61.85
1995-08-15,7.69,32.06,23.24,99.68,70.06
1995-08-16,14.0,31.63,24.1,99.44,68.61
1995-08-17,1.78,27.9,23.03,99.47,80.69
1995-08-18,6.6,32.69,22.56,99.93,64.46
1995-08-19,4.95,35.22,24.56,95.19,57.57
1995-08-20,0.11,32.12,23.99,99.13,70.19
1995-08-21,4.27,32.17,24.28,99.13,72.49
1995-08-22,6.43,33.56,24.2,99.66,59.99
1995-08-23,8.62,32.65,24.39,98.95,68.28
1995-08-24,11.47,30.58,23.59,99.2,71.11
1995-08-25,16.87,29.03,22.96,99.28,83.04
1995-08-26,14.71,32.36,23.36,99.35,64.14
1995-08-27,0.0,33.1,24.07,92.33,63.67
1995-08-28,19.35,32.24,24.23,99.14,71.04
1995-08-29,0.24,31.57,23.11,99.57,69.37
1995-08-30,0.04,32.59,23.79,99.44,65.93
1995-08-31,0.01,33.33,24.35,99.42,64.85
1995-09-01,0.25,32.05,24.6,99.62,72.95
1995-09-02,5.47,30.68,23.95,98.99,75.44
1995-09-03,0.6,31.96,23.23,98.83,69.13
1995-09-04,0.0,33.03,23.4,98.9,66.77
1995-09-05,0.05,32.88,24.25,98.96,64.03
1995-09-06,0.0,32.63,23.76,98.84,67.57
1995-09-07,1.46,32.01,23.79,98.91,69.94
1995-09-08,1.18,32.81,23.36,98.14,65.41
1995-09-09,0.0,33.02,24.05,98.98,68.64
1995-09-10,11.41,33.82,24.18,99.32,61.62
1995-09-11,0.2,29.64,22.78,99.28,78.21
1995-09-12,0.0,31.75,23.77,99.01,69.69
1995-09-13,0.0,33.44,24.16,98.94,67.41
1995-09-14,0.02,33.36,23.8,98.59,66.46
1995-09-15,0.79,33.96,24.26,99.56,61.85
1995-09-16,5.58,34.62,24.18,97.73,57.93
1995-09-17,0.02,33.79,23.38,94.32,53.92
1995-09-18,0.49,33.59,23.44,94.55,49.65
1995-09-19,4.96,32.64,24.0,93.07,64.44
1995-09-20,5.18,31.03,23.14,99.38,71.1
1995-09-21,4.05,31.13,22.97,99.25,70.47
1995-09-22,6.84,34.37,23.39,99.13,61.3
1995-09-23,1.18,32.25,23.25,99.21,66.0
1995-09-24,0.0,35.57,23.23,94.73,41.41
1995-09-25,0.42,35.5,23.72,85.68,32.46
1995-09-26,0.07,33.74,21.72,76.17,39.85
1995-09-27,0.0,34.3,22.33,84.8,44.45
1995-09-28,0.0,34.68,22.71,78.04,40.36
1995-09-29,0.0,36.35,24.04,71.06,39.04
1995-09-30,0.0,37.78,24.3,78.88,30.32
1995-10-01,0.0,39.38,23.96,83.81,18.5
1995-10-02,0.0,39.95,24.6,46.56,16.37
1995-10-03,0.0,39.61,24.17,63.81,21.0
1995-10-04,0.16,39.3,24.27,98.0,26.43
1995-10-05,0.0,40.23,24.06,80.74,23.45
1995-10-06,0.0,38.53,23.68,83.2,31.05
1995-10-07,0.0,38.33,24.53,92.51,36.76
1995-10-08,0.0,37.69,23.88,97.8,34.83
1995-10-09,0.0,40.84,24.36,85.1,23.69
1995-10-10,0.0,39.56,25.05,86.47,33.64
1995-10-11,0.3,38.57,25.58,97.32,41.38
1995-10-12,0.01,36.69,23.18,97.45,40.76
1995-10-13,0.0,39.75,22.79,87.64,18.6
1995-10-14,0.0,41.08,23.1,53.88,18.11
1995-10-15,0.0,42.1,24.51,48.84,17.21
1995-10-16,0.0,41.6,24.3,52.84,16.0
1995-10-17,0.0,39.17,23.68,76.68,24.35
1995-10-18,0.0,39.64,24.12,81.93,25.14
1995-10-19,0.0,39.65,23.7,86.51,12.87
1995-10-20,0.0,38.08,22.33,40.11,14.53
1995-10-21,0.0,38.68,21.67,43.06,15.98
1995-10-22,0.0,39.35,22.58,42.67,15.74
1995-10-23,0.0,40.68,24.22,55.42,16.41
1995-10-24,0.0,41.21,25.02,53.78,17.59
1995-10-25,0.0,39.99,25.01,49.33,12.99
1995-10-26,0.0,38.74,22.56,36.72,12.21
1995-10-27,0.0,38.47,21.17,33.19,12.26
1995-10-28,0.0,39.43,22.23,37.8,13.91
1995-10-29,0.0,39.51,23.01,57.97,16.25
1995-10-30,0.0,37.88,24.01,73.09,19.42
1995-10-31,0.0,39.97,24.75,48.77,19.15
1995-11-01,0.0,40.63,21.84,78.12,18.4
1995-11-02,0.54,40.86,22.33,36.41,9.59
1995-11-03,0.0,40.16,20.64,33.3,10.04
1995-11-04,0.0,40.07,21.07,42.5,12.67
1995-11-05,0.0,40.12,21.12,39.7,14.69
1995-11-06,0.0,40.15,20.69,51.2,15.6
1995-11-07,0.0,40.05,21.03,41.9,13.77
1995-11-08,0.0,38.97,21.31,35.14,12.98
1995-11-09,0.0,38.58,20.71,39.52,14.45
1995-11-10,0.0,37.58,21.0,49.93,19.78
1995-11-11,0.0,36.57,20.15,77.05,22.53
1995-11-12,0.0,39.6,20.7,62.08,12.16
1995-11-13,0.0,41.11,21.55,34.72,10.99
1995-11-14,0.0,40.44,21.34,35.52,11.41
1995-11-15,0.0,39.71,21.1,37.93,12.82
1995-11-16,0.0,39.72,21.1,43.77,17.75
1995-11-17,0.0,39.5,20.42,42.15,14.62
1995-11-18,0.0,39.76,19.38,41.04,13.13
1995-11-19,0.0,39.46,20.66,35.57,9.45
1995-11-20,0.0,37.35,18.98,31.51,10.64
1995-11-21,0.0,37.94,18.6,31.81,8.01
1995-11-22,0.0,37.91,18.17,28.36,8.75
1995-11-23,0.0,38.26,18.31,38.57,12.58
1995-11-24,0.0,38.18,19.42,43.11,15.08
1995-11-25,0.0,37.84,20.04,38.4,15.15
1995-11-26,0.0,37.88,19.78,40.33,15.68
1995-11-27,0.0,38.1,19.46,39.3,14.89
1995-11-28,0.0,37.91,20.49,38.72,15.31
1995-11-29,0.0,34.26,21.24,58.15,21.17
1995-11-30,0.0,37.4,19.62,50.28,19.06
1995-12-01,0.0,32.88,21.23,51.71,28.47
1995-12-02,0.0,30.11,19.08,77.11,48.27
1995-12-03,0.0,31.79,18.06,85.89,44.84
1995-12-04,0.0,32.55,17.82,87.27,30.41
1995-12-05,0.0,33.25,17.73,45.03,22.38
1995-12-06,0.0,34.33,17.77,38.26,19.33
1995-12-07,0.0,34.23,18.57,34.05,15.69
1995-12-08,0.0,33.05,19.42,45.01,22.2
1995-12-09,0.0,33.26,18.19,42.51,21.8
1995-12-10,0.0,33.71,17.79,52.91,27.21
1995-12-11,0.0,34.07,19.04,69.35,29.41
1995-12-12,0.0,36.9,20.66,55.15,26.82
1995-12-13,0.0,35.83,21.92,46.92,28.59
1995-12-14,0.0,31.31,20.38,72.2,38.95
1995-12-15,0.0,32.49,18.12,93.33,50.53
1995-12-16,0.0,34.34,18.74,99.13,38.77
1995-12-17,0.0,35.38,19.52,77.55,36.18
1995-12-18,0.0,34.74,20.35,71.57,34.3
1995-12-19,0.35,35.18,19.59,63.38,30.15
1995-12-20,0.0,36.31,19.2,55.26,23.99
1995-12-21,0.0,35.4,18.44,48.99,20.01
1995-12-22,0.0,34.03,17.64,43.13,17.04
1995-12-23,0.0,32.12,16.02,42.1,19.72
1995-12-24,0.0,31.67,14.33,44.95,15.48
1995-12-25,0.0,35.12,14.22,43.41,16.24
1995-12-26,0.0,37.91,17.99,40.42,18.39
1995-12-27,0.0,37.66,20.24,36.88,14.65
1995-12-28,0.0,34.83,18.23,35.69,14.63
1995-12-29,0.0,34.32,15.46,38.14,15.23
1995-12-30,0.0,34.0,15.48,33.6,10.09
1995-12-31,0.0,36.03,15.32,29.86,8.68
1996-01-01,0.0,37.39,17.8,24.61,9.42
1996-01-02,0.0,35.01,18.82,40.68,12.52
1996-01-03,0.0,37.0,18.11,39.45,12.77
1996-01-04,0.0,38.29,19.52,36.79,14.48
1996-01-05,0.0,38.41,19.94,34.77,13.39
1996-01-06,0.0,37.71,18.18,34.49,12.27
1996-01-07,0.0,37.96,17.61,36.16,12.85
1996-01-08,0.0,37.19,17.63,35.84,13.18
1996-01-09,0.0,36.76,17.02,32.0,10.66
1996-01-10,0.0,34.64,16.41,29.01,10.68
1996-01-11,0.0,32.68,16.64,51.28,16.89
1996-01-12,0.0,32.78,14.94,53.47,17.0
1996-01-13,0.0,33.87,14.85,41.34,12.96
1996-01-14,0.0,35.12,16.42,36.27,15.48
1996-01-15,0.0,33.92,15.69,45.63,15.63
1996-01-16,0.0,30.1,14.54,98.48,40.92
1996-01-17,0.0,30.44,13.97,97.57,37.51
1996-01-18,0.0,32.35,14.72,69.84,30.61
1996-01-19,0.0,33.76,16.87,51.29,25.17
1996-01-20,0.0,32.69,16.31,39.87,19.64
1996-01-21,0.0,35.23,15.9,45.74,20.34
1996-01-22,0.0,37.19,17.91,43.94,18.91
1996-01-23,0.0,36.0,18.05,45.18,18.8
1996-01-24,0.0,35.92,17.97,54.91,25.21
1996-01-25,0.0,33.48,17.74,64.51,27.42
1996-01-26,0.0,36.38,16.7,42.3,20.17
1996-01-27,0.0,36.71,17.59,39.21,18.41
1996-01-28,0.0,34.45,17.55,65.74,23.62
1996-01-29,0.0,38.71,19.95,46.93,17.25
1996-01-30,0.0,41.05,20.93,34.93,16.22
1996-01-31,0.0,41.1,21.24,43.65,16.85
1996-02-01,0.0,41.11,22.28,44.39,18.83
1996-02-02,0.0,40.78,22.44,53.44,18.88
1996-02-03,0.0,34.26,19.72,68.93,30.61
1996-02-04,0.0,33.23,17.05,69.84,28.25
1996-02-05,0.0,38.07,18.97,56.21,21.82
1996-02-06,0.0,37.78,21.24,46.05,17.56
1996-02-07,0.0,35.55,19.76,32.84,11.89
1996-02-08,0.0,36.6,17.94,30.99,10.63
1996-02-09,0.0,37.63,17.73,33.56,11.6
1996-02-10,0.0,38.1,17.85,37.57,11.96
1996-02-11,0.0,36.1,18.74,43.32,19.03
1996-02-12,0.0,34.87,17.45,53.89,22.8
1996-02-13,0.0,37.31,17.43,47.07,13.65
1996-02-14,0.0,36.91,18.71,35.8,14.23
1996-02-15,0.0,37.48,18.12,32.85,13.14
1996-02-16,0.0,38.18,18.96,42.93,12.71
1996-02-17,0.0,35.74,20.29,50.49,17.39
1996-02-18,0.0,35.76,18.96,76.3,22.11
1996-02-19,0.0,38.78,21.74,38.84,7.09
1996-02-20,0.0,38.42,21.5,16.51,6.73
1996-02-21,0.0,40.92,21.01,20.41,7.04
1996-02-22,0.0,42.35,21.62,21.23,7.36
1996-02-23,0.0,43.1,21.85,27.99,7.37
1996-02-24,0.0,39.56,20.36,41.49,12.88
1996-02-25,0.0,36.04,18.57,88.08,28.31
1996-02-26,0.0,36.96,17.76,71.68,17.98
1996-02-27,0.0,34.14,18.69,42.42,17.9
1996-02-28,0.0,36.47,17.27,30.37,11.48
1996-02-29,0.0,37.21,18.21,30.02,12.21
1996-03-01,0.0,38.26,18.31,25.51,8.66
1996-03-02,0.0,39.77,20.15,19.83,9.62
1996-03-03,0.0,36.37,21.49,41.65,10.35
1996-03-04,0.0,33.61,19.44,71.9,29.91
1996-03-05,0.0,35.31,19.98,70.61,25.84
1996-03-06,0.0,33.17,20.08,73.98,34.55
1996-03-07,0.0,32.48,18.94,84.13,33.13
1996-03-08,0.0,30.36,16.66,94.05,39.17
1996-03-09,0.0,28.47,18.27,91.1,47.68
1996-03-10,0.0,28.05,16.94,93.65,43.07
1996-03-11,0.0,30.43,17.32,79.31,30.78
1996-03-12,0.0,30.74,15.54,95.24,24.19
1996-03-13,0.0,32.89,14.88,51.35,20.74
1996-03-14,0.0,33.69,15.8,67.02,18.23
1996-03-15,0.0,36.59,17.01,53.96,14.68
1996-03-16,0.0,38.31,19.93,36.61,14.56
1996-03-17,0.0,39.68,21.05,31.3,13.19
1996-03-18,0.0,41.4,21.22,33.29,11.37
1996-03-19,0.0,42.27,22.62,30.35,12.36
1996-03-20,0.0,41.81,22.41,43.72,15.97
1996-03-21,0.0,40.1,20.54,62.31,20.7
1996-03-22,0.0,38.98,21.44,64.2,23.77
1996-03-23,0.0,39.35,20.3,65.09,20.33
1996-03-24,0.0,40.2,20.48,73.98,18.85
1996-03-25,0.0,40.94,19.96,65.24,17.31
1996-03-26,0.0,43.28,21.45,57.27,10.58
1996-03-27,0.0,44.03,24.31,42.93,12.87
1996-03-28,0.0,43.04,22.63,58.53,9.53
1996-03-29,0.0,42.87,20.87,60.15,4.92
1996-03-30,0.0,44.21,21.86,42.71,5.05
1996-03-31,0.0,44.47,23.84,19.61,5.31
1996-04-01,0.0,42.16,21.45,68.29,11.79
1996-04-02,0.0,42.76,20.96,62.94,7.36
1996-04-03,0.0,43.72,21.47,43.18,6.96
1996-04-04,0.0,43.97,23.41,27.07,6.02
1996-04-05,0.0,42.82,21.75,47.15,8.02
1996-04-06,0.0,43.47,23.06,34.71,8.87
1996-04-07,0.0,43.54,23.61,27.66,9.86
1996-04-08,0.0,43.22,21.97,30.57,7.53
1996-04-09,0.0,42.31,21.28,50.97,12.16
1996-04-10,0.0,42.22,20.7,61.64,11.96
1996-04-11,0.0,40.54,20.77,74.57,17.76
1996-04-12,0.0,37.11,21.6,73.3,30.12
1996-04-13,0.0,36.22,19.68,95.01,27.39
1996-04-14,0.0,35.68,18.58,71.66,20.6
1996-04-15,0.0,40.12,18.4,82.06,15.28
1996-04-16,0.0,42.69,21.1,64.86,8.58
1996-04-17,0.0,43.43,22.61,27.27,8.05
1996-04-18,0.0,43.23,22.2,42.9,10.63
1996-04-19,0.0,42.27,21.44,54.7,15.22
1996-04-20,0.0,37.11,19.0,76.42,23.26
1996-04-21,0.0,36.55,19.23,61.87,28.87
1996-04-22,0.0,35.7,18.31,78.83,25.53
1996-04-23,0.0,37.68,18.47,79.61,22.57
1996-04-24,0.0,38.59,19.93,71.09,20.79
1996-04-25,0.0,40.53,20.49,71.9,19.31
1996-04-26,0.0,40.9,21.1,64.26,20.1
1996-04-27,0.0,40.25,21.76,59.08,20.73
1996-04-28,0.0,41.29,21.87,53.34,16.27
1996-04-29,0.0,42.24,21.93,60.86,11.63
1996-04-30,0.0,43.21,22.28,38.82,9.18
1996-05-01,0.0,43.93,24.54,30.89,9.38
1996-05-02,0.0,43.97,25.55,35.99,12.97
1996-05-03,0.0,43.63,25.85,29.88,9.56
1996-05-04,0.0,43.62,25.31,25.69,10.68
1996-05-05,0.0,44.28,26.59,32.74,13.37
1996-05-06,0.0,45.48,26.1,34.81,11.3
1996-05-07,0.0,45.3,26.56,40.6,10.04
1996-05-08,0.0,41.02,23.12,60.21,18.0
1996-05-09,0.0,38.43,22.25,72.89,25.68
1996-05-10,0.0,42.42,22.18,61.63,12.21
1996-05-11,0.0,43.57,24.21,28.47,9.39
1996-05-12,0.0,44.92,25.25,22.65,8.95
1996-05-13,0.0,43.29,26.38,34.48,11.21
1996-05-14,0.0,42.7,22.64,54.13,12.99
1996-05-15,0.0,39.12,21.38,77.61,23.92
1996-05-16,0.0,39.89,21.87,70.22,22.78
1996-05-17,0.0,41.98,21.7,71.7,17.22
1996-05-18,0.0,43.45,23.72,62.78,15.25
1996-05-19,0.0,42.8,23.47,62.89,15.59
1996-05-20,0.0,44.03,24.3,56.6,14.63
1996-05-21,0.0,43.76,22.98,53.48,12.6
1996-05-22,0.0,42.23,23.14,49.11,14.6
1996-05-23,0.0,38.8,21.38,67.89,26.68
1996-05-24,0.0,38.56,21.55,71.13,25.2
1996-05-25,0.0,37.43,22.41,65.71,24.48
1996-05-26,0.0,40.52,23.27,64.97,21.47
1996-05-27,0.93,41.8,24.32,65.82,26.01
1996-05-28,0.0,40.4,25.0,72.38,31.33
1996-05-29,0.0,39.41,23.58,91.5,29.02
1996-05-30,0.0,38.16,22.15,74.72,24.14
1996-05-31,0.0,40.13,22.15,70.88,20.09
1996-06-01,0.0,44.39,24.74,54.11,11.3
1996-06-02,0.0,40.32,26.5,67.65,17.89
1996-06-03,0.0,39.11,25.86,88.07,36.64
1996-06-04,0.0,36.72,22.97,78.43,32.63
1996-06-05,0.0,36.07,21.91,67.65,24.01
1996-06-06,0.0,38.47,20.85,66.49,25.79
1996-06-07,0.0,37.36,23.5,73.73,26.64
1996-06-08,0.0,37.21,23.17,75.98,34.4
1996-06-09,0.0,37.25,23.03,72.95,28.36
1996-06-10,0.0,37.46,22.84,75.43,31.7
1996-06-11,0.0,38.28,23.2,79.9,33.0
1996-06-12,0.0,40.07,25.05,78.34,31.33
1996-06-13,0.02,39.86,24.67,78.98,28.69
1996-06-14,0.09,40.11,25.91,81.36,31.33
1996-06-15,0.0,37.12,23.28,96.52,42.96
1996-06-16,0.0,40.41,24.36,76.74,24.14
1996-06-17,0.0,41.71,25.26,68.0,23.57
1996-06-18,0.0,41.63,26.5,81.78,28.49
1996-06-19,0.0,40.95,25.63,83.66,25.48
1996-06-20,0.0,40.13,24.38,72.93,26.37
1996-06-21,0.0,38.98,23.72,78.14,29.8
1996-06-22,0.0,38.78,23.42,83.02,31.1
1996-06-23,0.0,38.8,24.94,77.13,34.99
1996-06-24,0.0,38.69,25.22,80.89,34.72
1996-06-25,0.0,37.88,24.42,82.56,26.94
1996-06-26,0.0,37.18,22.87,71.53,29.89
1996-06-27,0.0,38.1,22.23,73.22,22.23
1996-06-28,0.21,42.52,23.04,77.07,20.92
1996-06-29,2.72,39.34,26.44,84.07,31.88
1996-06-30,0.0,36.0,23.95,98.7,50.02
1996-07-01,0.0,37.27,24.36,87.56,37.32
1996-07-02,0.0,37.89,23.93,73.03,33.02
1996-07-03,0.01,38.41,25.66,75.87,34.81
1996-07-04,0.0,39.46,25.85,83.87,29.03
1996-07-05,0.0,40.29,26.11,63.92,25.35
1996-07-06,0.0,37.84,24.75,69.45,29.8
1996-07-07,9.93,37.11,25.0,75.0,35.79
1996-07-08,2.0,37.91,23.98,77.3,32.17
1996-07-09,0.0,38.92,25.06,71.51,31.62
1996-07-10,0.0,39.28,25.55,72.98,31.85
1996-07-11,0.0,36.99,26.17,70.68,36.18
1996-07-12,0.0,37.03,23.92,76.62,31.44
1996-07-13,0.0,38.1,23.7,78.11,34.36
1996-07-14,0.0,37.74,24.83,80.12,36.0
1996-07-15,0.0,37.75,23.61,85.03,34.02
1996-07-16,0.0,39.19,24.23,73.85,26.88
1996-07-17,0.0,39.57,25.14,73.3,28.89
1996-07-18,9.47,37.02,25.3,79.32,40.45
1996-07-19,0.0,39.26,25.67,75.5,31.21
1996-07-20,0.0,39.02,25.65,76.17,31.82
1996-07-21,0.0,38.82,25.98,71.32,30.59
1996-07-22,0.0,37.47,25.84,81.12,42.81
1996-07-23,0.1,37.39,26.47,86.94,44.08
1996-07-24,0.79,35.91,25.55,90.25,48.02
1996-07-25,7.87,35.82,23.63,94.03,43.14
1996-07-26,0.01,39.01,25.57,81.71,33.28
1996-07-27,0.0,36.62,23.94,97.3,43.16
1996-07-28,0.0,35.73,24.86,86.34,47.07
1996-07-29,15.72,35.95,25.03,88.22,45.21
1996-07-30,17.19,35.76,25.4,90.33,45.46
1996-07-31,0.86,32.81,25.48,94.68,59.19
1996-08-01,1.13,34.12,23.87,99.31,58.25
1996-08-02,0.18,35.94,24.39,96.04,46.88
1996-08-03,0.0,37.43,24.55,90.33,39.77
1996-08-04,0.0,37.44,25.47,84.2,40.45
1996-08-05,0.1,37.14,24.69,83.14,37.48
1996-08-06,0.05,35.93,24.89,89.79,47.55
1996-08-07,1.7,37.76,23.79,99.64,42.26
1996-08-08,0.0,33.15,22.86,99.95,56.82
1996-08-09,0.0,36.2,23.77,85.79,43.34
1996-08-10,0.0,36.27,24.93,81.58,44.62
1996-08-11,0.08,35.99,24.23,81.17,43.64
1996-08-12,0.02,35.65,25.76,83.6,47.77
1996-08-13,1.18,37.21,25.11,85.91,42.22
1996-08-14,1.31,35.1,23.66,97.45,50.45
1996-08-15,0.02,35.89,23.72,87.44,44.29
1996-08-16,0.6,35.42,24.29,77.74,47.74
1996-08-17,0.0,36.45,25.41,84.09,45.19
1996-08-18,0.0,37.52,25.53,83.61,41.34
1996-08-19,0.7,36.02,25.17,85.3,46.87
1996-08-20,0.61,36.76,25.9,80.66,42.59
1996-08-21,26.64,33.8,24.54,99.96,54.87
1996-08-22,2.61,31.68,23.54,99.86,73.69
1996-08-23,0.26,32.06,23.82,99.18,68.43
1996-08-24,7.01,32.92,23.13,99.51,68.75
1996-08-25,0.8,33.5,23.68,99.88,63.58
1996-08-26,0.0,30.86,24.67,98.53,73.41
1996-08-27,11.72,32.56,24.12,98.46,65.53
1996-08-28,8.33,34.2,23.96,99.15,57.9
1996-08-29,0.0,35.21,24.29,88.99,53.16
1996-08-30,1.21,34.81,24.48,87.39,56.41
1996-08-31,0.0,35.91,24.32,88.25,46.12
1996-09-01,0.0,37.62,24.66,89.95,39.07
1996-09-02,0.19,37.51,24.17,72.98,36.58
1996-09-03,6.65,35.1,24.39,87.27,49.6
1996-09-04,1.18,36.48,24.23,88.51,44.27
1996-09-05,7.61,37.45,24.2,95.5,44.27
1996-09-06,13.23,37.93,24.39,90.59,40.31
1996-09-07,1.32,36.95,24.23,82.11,43.39
1996-09-08,0.0,36.26,24.07,87.33,47.24
1996-09-09,0.0,38.68,24.86,85.53,40.88
1996-09-10,0.0,39.6,25.78,76.98,27.35
1996-09-11,0.0,37.88,23.72,67.65,29.51
1996-09-12,0.0,36.87,24.17,73.05,38.79
1996-09-13,0.0,36.87,22.58,78.05,35.82
1996-09-14,0.0,36.87,24.14,72.36,36.05
1996-09-15,0.04,36.61,24.27,84.4,42.83
1996-09-16,0.0,38.34,24.56,76.89,36.47
1996-09-17,0.0,39.0,25.23,87.11,35.84
1996-09-18,0.0,42.02,26.76,78.25,27.93
1996-09-19,0.0,38.54,26.31,81.09,41.93
1996-09-20,1.94,35.33,24.69,95.36,52.87
1996-09-21,2.98,36.17,23.53,96.18,46.91
1996-09-22,0.0,38.73,23.34,88.2,34.94
1996-09-23,1.25,37.8,24.91,82.82,39.7
1996-09-24,0.0,36.69,23.95,96.46,45.59
1996-09-25,0.0,41.61,24.51,81.18,23.05
1996-09-26,6.79,41.26,25.64,58.91,22.42
1996-09-27,1.62,36.21,24.78,92.86,51.13
1996-09-28,0.86,37.94,23.29,94.51,36.25
1996-09-29,0.04,38.89,24.71,76.25,34.64
1996-09-30,0.0,38.74,26.25,71.98,33.59
1996-10-01,2.34,36.51,23.89,98.84,45.88
1996-10-02,0.96,30.32,21.71,99.33,74.63
1996-10-03,0.0,32.76,22.41,99.17,66.07
1996-10-04,0.0,35.88,23.43,98.31,45.42
1996-10-05,0.0,38.23,23.9,85.44,35.8
1996-10-06,1.05,38.91,24.46,90.53,33.52
1996-10-07,1.46,38.97,24.93,87.25,37.26
1996-10-08,0.68,36.55,25.01,98.74,45.47
1996-10-09,0.0,37.27,23.06,98.95,43.08
1996-10-10,0.0,38.98,23.92,92.99,30.45
1996-10-11,0.0,38.7,24.45,90.07,33.15
1996-10-12,0.3,39.53,24.78,90.65,27.93
1996-10-13,2.21,39.16,24.29,85.19,23.82
1996-10-14,3.05,40.54,23.91,63.17,23.47
1996-10-15,3.13,36.97,25.59,95.51,39.32
1996-10-16,0.45,38.49,25.07,87.03,30.45
1996-10-17,0.73,39.65,24.16,84.15,23.87
1996-10-18,0.0,38.5,23.46,64.99,25.13
1996-10-19,0.0,38.44,22.51,72.87,24.44
1996-10-20,0.0,39.37,23.54,75.42,20.34
1996-10-21,0.0,41.16,23.61,72.27,18.28
1996-10-22,0.0,41.16,25.04,75.95,17.61
1996-10-23,0.0,40.92,24.0,51.43,11.14
1996-10-24,0.0,40.82,22.54,53.07,11.04
1996-10-25,0.0,41.33,23.64,48.91,16.32
1996-10-26,0.24,39.39,23.78,76.8,15.91
1996-10-27,0.0,41.97,23.42,54.04,9.87
1996-10-28,0.0,41.68,23.81,32.19,9.24
1996-10-29,0.0,40.68,22.84,31.59,9.5
1996-10-30,0.02,40.84,22.44,34.44,11.3
1996-10-31,0.0,41.01,24.41,39.93,13.55
1996-11-01,0.0,40.85,23.02,46.36,8.94
1996-11-02,0.0,40.08,21.62,29.54,13.33
1996-11-03,0.0,40.32,22.44,57.06,11.39
1996-11-04,0.0,38.75,20.66,23.73,9.59
1996-11-05,0.0,38.68,19.36,34.16,12.14
1996-11-06,0.0,39.29,19.37,37.68,12.18
1996-11-07,0.0,38.87,21.82,54.34,20.62
1996-11-08,0.0,36.51,21.71,75.64,19.47
1996-11-09,0.0,38.11,22.33,30.6,11.35
1996-11-10,0.0,38.59,20.35,34.59,12.33
1996-11-11,0.0,38.15,19.46,36.9,13.75
1996-11-12,0.0,38.54,20.29,33.28,13.29
1996-11-13,0.0,37.29,19.32,48.45,15.19
1996-11-14,0.0,35.96,18.96,70.15,15.59
1996-11-15,0.0,36.7,19.06,55.86,15.37
1996-11-16,0.0,35.71,19.77,53.99,20.01
1996-11-17,0.0,37.96,20.25,47.4,14.27
1996-11-18,0.0,36.11,19.8,50.17,16.96
1996-11-19,0.0,37.91,20.64,40.14,14.84
1996-11-20,0.0,38.39,19.9,38.86,10.45
1996-11-21,0.0,38.53,20.16,27.07,8.11
1996-11-22,0.0,38.47,18.67,26.47,9.11
1996-11-23,0.0,36.79,17.71,32.1,9.61
1996-11-24,0.0,38.26,18.89,25.47,7.5
1996-11-25,0.0,38.94,18.84,25.8,7.5
1996-11-26,0.0,37.3,20.01,25.47,9.56
1996-11-27,0.0,37.65,18.13,26.16,7.99
1996-11-28,0.0,36.77,17.86,24.84,8.16
1996-11-29,0.0,36.06,17.26,25.51,8.24
1996-11-30,0.0,36.27,17.72,28.59,10.8
1996-12-01,0.0,35.81,16.85,43.39,16.01
1996-12-02,0.0,36.11,16.5,54.56,14.77
1996-12-03,0.0,35.93,16.72,32.36,12.21
1996-12-04,0.0,35.28,16.56,31.17,11.49
1996-12-05,0.0,35.27,16.9,26.64,11.22
1996-12-06,0.0,34.06,18.11,26.48,11.78
1996-12-07,0.0,34.17,16.49,31.8,15.58
1996-12-08,0.0,32.72,16.59,44.74,22.42
1996-12-09,0.0,32.99,15.38,40.92,17.87
1996-12-10,0.0,34.14,16.89,42.96,18.77
1996-12-11,0.0,36.9,17.48,39.21,16.52
1996-12-12,0.0,38.32,18.47,32.33,11.47
1996-12-13,0.0,38.99,18.86,29.74,12.02
1996-12-14,0.0,38.46,19.9,36.01,15.77
1996-12-15,0.0,34.33,17.95,23.64,9.45
1996-12-16,0.0,35.89,18.53,19.15,6.97
1996-12-17,0.0,35.32,15.54,19.75,9.07
1996-12-18,0.0,34.87,16.46,22.45,11.06
1996-12-19,0.0,35.91,16.98,24.37,9.97
1996-12-20,0.0,35.43,17.76,43.06,13.69
1996-12-21,0.0,32.32,16.03,84.88,39.15
1996-12-22,0.0,31.26,15.26,98.38,41.34
1996-12-23,0.0,31.81,16.15,99.0,40.98
1996-12-24,0.0,34.27,16.38,70.49,28.28
1996-12-25,0.0,37.01,18.69,52.68,13.07
1996-12-26,0.0,38.26,18.71,32.29,10.11
1996-12-27,0.0,36.16,19.06,25.04,11.3
1996-12-28,0.0,34.67,19.46,23.61,12.92
1996-12-29,0.0,35.35,18.81,33.94,16.17
1996-12-30,0.0,36.17,18.1,43.39,15.86
1996-12-31,0.0,37.9,19.11,43.31,15.43
1997-01-01,0.0,33.46,17.68,76.6,28.2
1997-01-02,0.0,33.89,17.61,52.77,22.34
1997-01-03,0.0,36.2,19.46,44.99,18.81
1997-01-04,0.0,35.21,20.15,46.4,26.11
1997-01-05,0.0,36.76,18.65,47.97,23.96
1997-01-06,0.0,37.68,19.78,47.03,21.88
1997-01-07,0.0,38.55,21.48,40.2,19.03
1997-01-08,0.0,37.0,20.65,38.53,18.39
1997-01-09,0.0,37.77,20.81,28.78,14.77
1997-01-10,0.0,34.2,20.22,32.85,17.77
1997-01-11,0.01,35.93,19.74,34.16,18.59
1997-01-12,0.0,38.07,20.32,38.64,18.8
1997-01-13,0.0,33.15,18.28,72.11,37.89
1997-01-14,0.0,32.27,18.67,71.06,41.63
1997-01-15,0.0,31.81,16.17,88.5,37.4
1997-01-16,0.0,34.81,17.02,63.59,24.6
1997-01-17,0.0,36.67,18.44,47.75,19.98
1997-01-18,0.0,36.19,18.46,34.62,14.87
1997-01-19,0.0,37.62,18.33,31.85,13.1
1997-01-20,0.0,34.38,18.05,37.25,17.26
1997-01-21,0.0,29.63,16.28,89.26,34.95
1997-01-22,0.0,27.82,13.1,96.82,37.96
1997-01-23,0.0,31.16,14.55,57.36,22.6
1997-01-24,0.0,31.96,15.3,42.8,20.74
1997-01-25,0.0,34.84,14.95,40.9,15.97
1997-01-26,0.0,37.35,17.53,30.9,15.21
1997-01-27,0.0,38.48,19.53,27.47,13.27
1997-01-28,0.0,35.84,18.07,24.09,9.5
1997-01-29,0.0,35.58,17.16,27.34,11.66
1997-01-30,0.0,37.59,17.74,21.78,8.86
1997-01-31,0.0,37.58,18.9,24.12,10.05
1997-02-01,0.0,36.86,19.04,23.05,10.89
1997-02-02,0.0,36.68,18.75,20.37,9.82
1997-02-03,0.0,37.46,18.64,21.47,7.34
1997-02-04,0.0,38.43,19.15,32.72,6.33
1997-02-05,0.0,38.67,20.19,22.73,7.04
1997-02-06,0.0,39.69,21.09,20.21,6.74
1997-02-07,0.0,39.22,20.32,19.88,7.84
1997-02-08,0.0,39.21,20.44,18.02,8.06
1997-02-09,0.0,38.14,20.31,23.51,8.87
1997-02-10,0.0,38.7,20.69,27.86,8.05
1997-02-11,0.0,39.52,19.78,28.02,6.22
1997-02-12,0.0,39.37,20.11,22.02,6.37
1997-02-13,0.0,39.38,20.53,17.09,7.26
1997-02-14,0.0,36.37,20.61,24.01,11.94
1997-02-15,0.0,37.47,18.52,23.82,10.82
1997-02-16,0.0,38.25,20.01,22.37,7.78
1997-02-17,0.0,37.36,18.64,14.83,6.82
1997-02-18,0.0,37.99,18.48,16.26,7.04
1997-02-19,0.0,38.85,19.68,16.36,6.7
1997-02-20,0.0,39.12,19.73,15.7,6.54
1997-02-21,0.0,39.27,19.47,16.73,6.32
1997-02-22,0.0,39.15,20.41,18.61,8.08
1997-02-23,0.0,38.26,19.29,18.51,8.1
1997-02-24,0.0,38.97,19.65,21.19,8.27
1997-02-25,0.0,39.49,20.39,20.99,8.16
1997-02-26,0.0,38.86,20.53,20.32,7.95
1997-02-27,0.0,38.14,20.45,22.14,8.3
1997-02-28,0.0,38.83,19.98,17.29,6.81
1997-03-01,0.0,39.14,20.73,16.17,5.61
1997-03-02,0.0,40.06,20.59,15.93,6.45
1997-03-03,0.0,40.2,21.76,19.3,7.1
1997-03-04,0.0,39.29,22.07,17.85,6.0
1997-03-05,0.0,37.87,20.58,14.62,6.91
1997-03-06,0.0,37.54,19.29,17.05,7.93
1997-03-07,0.0,37.72,20.3,18.86,8.87
1997-03-08,0.0,38.83,22.31,17.14,7.99
1997-03-09,0.0,36.51,23.16,22.93,9.32
1997-03-10,0.0,38.59,21.72,58.99,17.82
1997-03-11,0.0,39.71,20.75,67.24,15.45
1997-03-12,0.0,38.93,22.37,30.89,12.12
1997-03-13,0.0,35.98,20.06,23.32,8.82
1997-03-14,0.0,35.11,16.88,20.02,7.52
1997-03-15,0.0,33.65,18.19,21.16,10.79
1997-03-16,0.0,35.88,17.37,26.14,10.48
1997-03-17,0.0,37.67,18.48,25.35,7.93
1997-03-18,0.0,38.79,19.96,16.14,6.87
1997-03-19,0.0,39.23,21.28,16.94,7.33
1997-03-20,0.0,40.85,22.36,17.97,8.13
1997-03-21,0.0,41.06,21.38,23.68,9.78
1997-03-22,0.0,39.06,20.27,42.96,13.83
1997-03-23,0.0,34.89,19.24,62.82,21.2
1997-03-24,0.0,34.62,17.07,86.07,20.66
1997-03-25,0.0,34.84,17.36,79.34,20.88
1997-03-26,0.0,35.17,17.35,77.38,21.97
1997-03-27,0.0,34.97,17.88,77.88,24.57
1997-03-28,0.0,34.93,16.9,71.73,24.58
1997-03-29,0.0,33.47,18.1,75.99,32.34
1997-03-30,0.0,33.4,17.06,84.78,29.78
1997-03-31,0.0,35.68,16.75,83.67,26.64
1997-04-01,0.0,37.29,19.73,72.6,26.69
1997-04-02,0.0,37.96,19.91,80.92,27.58
1997-04-03,0.0,34.85,19.44,87.07,31.65
1997-04-04,0.0,33.88,18.11,87.18,31.82
1997-04-05,0.0,35.8,17.35,87.2,28.19
1997-04-06,0.0,36.41,19.36,82.56,28.91
1997-04-07,0.0,38.98,20.21,70.03,20.99
1997-04-08,0.0,40.05,20.79,57.91,16.38
1997-04-09,0.0,41.0,20.34,50.02,14.89
1997-04-10,0.0,43.15,22.24,38.27,12.75
1997-04-11,0.0,43.55,22.9,34.32,12.61
1997-04-12,0.0,41.86,22.17,50.2,16.0
1997-04-13,0.0,38.77,20.26,59.07,19.99
1997-04-14,0.0,40.78,20.4,52.43,15.03
1997-04-15,0.0,39.6,21.22,56.52,18.86
1997-04-16,0.0,36.91,20.14,70.97,24.31
1997-04-17,0.0,37.59,18.79,75.11,26.62
1997-04-18,0.0,37.52,19.52,67.19,24.47
1997-04-19,0.0,37.29,20.05,74.78,27.66
1997-04-20,0.0,38.49,18.32,79.07,23.65
1997-04-21,0.0,40.16,20.52,62.89,14.98
1997-04-22,0.0,40.63,21.95,28.61,13.81
1997-04-23,0.0,41.51,22.25,26.86,12.76
1997-04-24,0.0,41.9,22.5,30.0,13.02
1997-04-25,0.0,43.42,23.08,28.26,11.55
1997-04-26,0.0,44.3,23.14,28.68,9.85
1997-04-27,0.0,43.78,25.17,26.91,10.78
1997-04-28,0.0,43.31,22.93,62.94,13.32
1997-04-29,0.0,41.88,22.17,74.89,17.34
1997-04-30,0.0,43.12,21.98,56.69,9.42
1997-05-01,0.0,40.25,20.82,70.18,13.51
1997-05-02,0.0,41.24,20.55,74.86,14.2
1997-05-03,0.0,43.17,21.25,69.21,8.99
1997-05-04,0.0,42.92,21.8,51.66,10.76
1997-05-05,0.0,42.39,22.42,55.03,12.73
1997-05-06,0.0,42.45,22.19,64.39,13.76
1997-05-07,0.0,40.9,22.51,86.33,24.87
1997-05-08,0.0,40.48,22.87,84.32,28.5
1997-05-09,0.05,40.83,24.27,79.29,28.37
1997-05-10,0.0,40.9,25.33,69.03,16.93
1997-05-11,0.0,40.09,25.83,52.96,18.55
1997-05-12,0.0,43.93,25.64,39.62,11.85
1997-05-13,0.0,44.21,25.29,37.06,12.91
1997-05-14,0.0,42.2,25.42,43.51,14.65
1997-05-15,0.0,42.86,23.51,47.34,17.1
1997-05-16,0.0,42.26,23.8,48.1,14.08
1997-05-17,0.0,42.42,22.95,52.45,16.35
1997-05-18,0.0,43.36,23.6,48.63,17.09
1997-05-19,0.0,44.31,25.27,39.76,16.95
1997-05-20,0.0,42.74,25.19,48.75,18.49
1997-05-21,0.06,42.78,26.02,49.92,19.73
1997-05-22,0.0,43.05,24.36,64.68,18.95
1997-05-23,0.0,44.97,25.79,44.65,15.6
1997-05-24,0.0,44.0,24.06,60.52,17.46
1997-05-25,0.0,42.46,23.61,61.66,19.03
1997-05-26,0.0,40.02,22.84,65.48,26.01
1997-05-27,0.0,42.82,23.29,67.21,20.17
1997-05-28,0.0,44.37,25.53,57.76,17.68
1997-05-29,0.0,43.54,25.49,57.17,20.45
1997-05-30,0.0,43.09,25.77,59.78,23.87
1997-05-31,0.0,40.64,24.31,79.04,32.43
1997-06-01,0.0,41.66,26.51,61.96,23.68
1997-06-02,0.0,40.6,25.28,77.23,26.07
1997-06-03,0.0,40.8,25.03,72.74,24.78
1997-06-04,0.0,42.4,25.33,66.25,21.36
1997-06-05,0.01,40.67,26.09,78.31,30.91
1997-06-06,0.0,40.09,25.38,85.32,28.58
1997-06-07,0.0,43.63,25.03,74.94,18.99
1997-06-08,5.27,39.6,26.83,78.68,37.68
1997-06-09,0.9,40.63,23.98,92.23,25.15
1997-06-10,0.0,41.95,24.8,68.2,21.09
1997-06-11,0.0,38.67,26.16,82.67,36.98
1997-06-12,0.0,38.12,25.27,83.81,36.43
1997-06-13,0.0,37.96,24.29,83.26,37.14
1997-06-14,0.0,38.79,24.21,78.9,29.92
1997-06-15,0.13,39.62,24.92,80.65,26.21
1997-06-16,0.0,42.18,26.08,71.47,26.18
1997-06-17,22.58,39.8,25.6,89.37,36.48
1997-06-18,0.28,34.7,22.7,98.84,59.04
1997-06-19,0.0,36.15,22.7,99.31,41.97
1997-06-20,0.0,38.32,23.84,85.65,29.87
1997-06-21,0.0,41.4,23.72,80.02,19.23
1997-06-22,0.0,40.88,25.73,77.38,27.4
1997-06-23,0.0,41.06,25.39,83.36,25.32
1997-06-24,0.47,41.47,25.4,80.92,21.52
1997-06-25,0.0,40.37,25.27,86.4,27.73
1997-06-26,0.69,38.84,24.88,89.69,40.72
1997-06-27,0.1,37.86,24.54,97.42,46.17
1997-06-28,0.0,33.91,23.43,97.0,68.56
1997-06-29,0.0,35.61,23.38,96.81,46.24
1997-06-30,0.0,36.04,23.37,88.33,44.54
1997-07-01,0.03,37.46,25.1,85.6,42.66
1997-07-02,0.0,37.59,25.34,82.31,31.45
1997-07-03,0.0,39.34,23.77,75.13,29.55
1997-07-04,0.0,38.7,26.08,77.53,36.36
1997-07-05,0.0,38.86,26.04,79.75,32.27
1997-07-06,0.0,39.97,24.59,78.33,27.18
1997-07-07,0.19,37.93,25.19,77.01,42.61
1997-07-08,0.0,35.67,24.9,97.63,50.72
1997-07-09,1.0,32.66,24.1,99.17,69.83
1997-07-10,0.0,30.65,21.96,99.1,64.41
1997-07-11,0.0,33.38,22.38,92.14,57.05
1997-07-12,0.0,36.75,24.84,78.17,36.9
1997-07-13,0.0,38.09,23.98,78.92,32.86
1997-07-14,0.0,38.87,24.46,79.53,28.91
1997-07-15,0.0,38.9,23.98,75.27,30.03
1997-07-16,0.0,37.41,24.23,75.68,33.7
1997-07-17,0.0,37.76,24.9,74.17,38.68
1997-07-18,0.0,37.68,24.21,93.11,39.54
1997-07-19,0.0,37.38,24.97,84.36,41.66
1997-07-20,1.27,36.76,25.39,96.19,44.89
1997-07-21,2.33,32.49,23.97,99.5,65.22
1997-07-22,0.0,33.81,22.87,99.15,55.5
1997-07-23,0.0,36.3,23.75,86.0,39.93
1997-07-24,0.15,35.65,23.9,83.08,46.82
1997-07-25,2.92,35.62,25.07,88.28,53.85
1997-07-26,0.0,32.23,23.71,97.68,68.18
1997-07-27,0.03,31.68,23.81,98.69,65.78
1997-07-28,0.0,32.22,22.68,98.39,67.34
1997-07-29,0.0,34.09,24.77,96.91,59.97
1997-07-30,0.0,34.35,25.19,94.2,55.33
1997-07-31,0.0,33.85,24.09,88.15,50.56
1997-08-01,0.0,34.29,22.66,80.99,45.53
1997-08-02,0.0,34.07,24.46,77.09,47.92
1997-08-03,2.31,36.61,24.32,84.27,44.06
1997-08-04,0.34,38.72,25.24,76.96,38.58
1997-08-05,0.0,38.85,24.08,77.49,36.22
1997-08-06,0.0,39.49,25.48,77.8,32.76
1997-08-07,0.0,43.12,25.86,68.85,19.63
1997-08-08,0.0,38.63,26.18,68.08,36.23
1997-08-09,0.0,36.84,24.06,82.53,40.2
1997-08-10,0.42,37.66,24.84,72.0,35.51
1997-08-11,0.09,38.08,25.04,69.16,31.84
1997-08-12,0.0,39.68,26.16,66.37,30.03
1997-08-13,0.01,38.82,26.0,76.78,37.98
1997-08-14,0.17,34.25,24.13,96.81,60.2
1997-08-15,4.1,34.61,23.97,97.01,57.43
1997-08-16,0.19,34.55,24.54,96.44,60.7
1997-08-17,3.54,32.82,24.17,97.85,65.35
1997-08-18,0.0,34.63,23.39,94.95,52.96
1997-08-19,0.0,35.35,24.11,84.01,48.55
1997-08-20,1.11,34.0,25.08,83.62,56.47
1997-08-21,1.84,34.05,25.28,90.77,56.03
1997-08-22,21.91,34.84,23.97,96.01,52.92
1997-08-23,32.85,31.04,23.89,99.36,73.86
1997-08-24,12.85,30.47,23.69,99.36,74.81
1997-08-25,1.14,30.85,23.84,99.13,74.53
1997-08-26,7.95,31.67,23.75,99.5,67.15
1997-08-27,1.48,31.84,23.15,99.32,66.04
1997-08-28,0.01,34.05,23.02,98.25,52.67
1997-08-29,0.0,33.92,25.65,98.64,58.39
1997-08-30,1.27,34.34,24.9,98.94,60.78
1997-08-31,0.71,33.86,23.43,99.55,60.15
1997-09-01,0.87,36.19,24.87,89.38,49.02
1997-09-02,0.0,36.33,24.24,87.81,45.32
1997-09-03,0.0,38.52,25.03,72.53,37.88
1997-09-04,0.75,36.56,26.15,79.71,47.78
1997-09-05,2.03,33.14,24.5,98.12,60.42
1997-09-06,18.29,32.79,23.08,99.7,63.57
1997-09-07,0.04,35.69,23.12,97.86,53.64
1997-09-08,0.0,36.17,24.91,93.46,48.29
1997-09-09,0.0,38.01,25.57,80.82,37.84
1997-09-10,0.0,37.09,24.9,80.52,41.92
1997-09-11,3.64,36.28,24.48,91.5,46.03
1997-09-12,0.61,32.1,24.21,99.08,64.27
1997-09-13,0.0,33.9,23.03,98.88,53.48
1997-09-14,0.0,39.14,24.71,80.24,33.5
1997-09-15,0.0,38.57,25.38,82.16,39.3
1997-09-16,0.0,38.29,25.27,80.53,41.38
1997-09-17,5.91,38.5,26.28,75.89,37.88
1997-09-18,0.0,35.81,25.2,93.08,51.1
1997-09-19,0.0,37.16,24.02,96.26,42.7
1997-09-20,0.0,36.82,25.72,87.01,44.6
1997-09-21,0.0,39.46,25.54,84.73,38.04
1997-09-22,0.0,39.48,26.3,75.18,36.47
1997-09-23,0.0,38.9,25.99,81.49,40.97
1997-09-24,9.76,38.66,24.45,97.22,36.77
1997-09-25,0.0,39.21,24.27,77.61,29.75
1997-09-26,0.0,38.42,25.09,64.63,36.12
1997-09-27,0.03,38.41,25.54,82.73,37.63
1997-09-28,0.19,37.42,24.88,81.89,42.06
1997-09-29,1.29,38.48,25.29,80.18,37.08
1997-09-30,1.91,38.39,25.25,76.71,35.36
1997-10-01,0.0,39.6,24.94,76.52,30.37
1997-10-02,0.0,40.71,25.49,75.41,29.13
1997-10-03,0.0,42.12,25.66,73.76,27.45
1997-10-04,0.0,41.04,25.73,79.24,25.75
1997-10-05,0.0,42.71,26.23,63.55,22.43
1997-10-06,0.0,40.01,25.28,65.01,25.52
1997-10-07,0.0,38.07,24.1,98.03,43.91
1997-10-08,0.97,32.31,22.78,98.11,74.2
1997-10-09,0.0,32.98,22.76,98.13,67.8
1997-10-10,0.0,36.64,23.4,93.8,43.61
1997-10-11,2.75,40.5,24.98,90.45,32.88
1997-10-12,0.0,36.94,25.2,97.37,50.88
1997-10-13,0.0,38.16,23.59,99.6,32.51
1997-10-14,0.0,40.67,24.49,80.05,20.72
1997-10-15,0.0,40.38,24.68,59.57,20.4
1997-10-16,0.0,36.3,23.15,68.15,26.96
1997-10-17,0.0,36.29,23.16,71.31,33.02
1997-10-18,0.0,37.15,25.09,72.35,35.76
1997-10-19,0.0,39.53,23.91,85.41,29.61
1997-10-20,0.0,40.88,25.85,65.97,24.0
1997-10-21,0.0,41.79,25.25,68.83,19.31
1997-10-22,0.0,42.34,25.72,55.67,15.14
1997-10-23,0.0,42.33,25.25,49.65,13.47
1997-10-24,0.0,42.21,24.69,57.19,15.28
1997-10-25,0.0,42.05,24.67,74.32,15.23
1997-10-26,0.0,42.82,24.97,67.29,14.64
1997-10-27,0.02,43.14,26.11,44.23,13.41
1997-10-28,0.0,43.31,26.12,48.68,12.97
1997-10-29,0.0,42.81,25.82,48.3,13.85
1997-10-30,0.0,41.66,25.6,43.75,13.86
1997-10-31,0.0,42.08,25.34,46.16,11.33
1997-11-01,0.0,41.63,23.21,68.58,16.52
1997-11-02,0.0,41.86,23.76,46.06,10.58
1997-11-03,0.0,41.52,22.33,32.7,9.69
1997-11-04,0.0,41.48,21.92,27.05,9.19
1997-11-05,0.0,42.02,22.23,46.6,12.36
1997-11-06,0.0,42.08,21.91,40.32,12.68
1997-11-07,0.0,40.7,22.02,55.01,16.87
1997-11-08,0.0,40.52,21.8,74.73,23.66
1997-11-09,0.0,42.17,24.05,70.39,17.12
1997-11-10,0.0,42.18,23.25,38.57,14.26
1997-11-11,0.0,41.74,22.76,34.75,13.5
1997-11-12,0.0,41.82,22.03,37.25,13.28
1997-11-13,0.0,40.69,21.91,44.68,17.09
1997-11-14,0.0,41.24,21.37,45.97,16.47
1997-11-15,0.0,40.7,21.9,50.76,17.82
1997-11-16,0.0,39.82,20.94,69.63,16.05
1997-11-17,0.0,41.65,21.96,42.34,11.15
1997-11-18,0.0,41.34,21.95,35.34,12.67
1997-11-19,0.0,40.5,21.15,47.49,14.58
1997-11-20,0.0,37.64,19.29,47.31,17.89
1997-11-21,0.0,38.16,19.5,62.98,17.65
1997-11-22,0.0,39.51,19.91,41.57,13.43
1997-11-23,0.0,38.99,20.24,37.12,12.17
1997-11-24,0.0,37.22,19.84,32.8,13.51
1997-11-25,0.0,37.28,19.53,31.53,11.83
1997-11-26,0.0,36.88,18.1,28.62,10.02
1997-11-27,0.0,36.07,17.77,26.71,9.38
1997-11-28,0.0,35.12,19.02,42.66,13.67
1997-11-29,0.0,37.55,19.25,50.41,16.85
1997-11-30,0.0,38.98,19.85,42.29,14.37
1997-12-01,0.0,38.25,19.29,38.31,15.48
1997-12-02,0.0,37.82,18.05,40.38,14.8
1997-12-03,0.0,37.12,19.29,37.22,15.86
1997-12-04,0.0,37.81,19.17,42.1,15.3
1997-12-05,0.0,36.52,17.37,53.2,13.67
1997-12-06,0.0,37.99,18.49,30.31,11.91
1997-12-07,0.0,35.03,19.07,43.98,19.99
1997-12-08,0.0,34.82,17.34,56.45,24.2
1997-12-09,0.0,33.57,17.67,41.28,18.23
1997-12-10,0.0,32.32,15.91,36.14,13.62
1997-12-11,0.0,31.94,16.12,25.55,14.54
1997-12-12,0.0,33.12,15.93,28.55,12.86
1997-12-13,0.0,35.53,15.76,25.93,11.34
1997-12-14,0.0,36.07,16.66,26.51,11.14
1997-12-15,0.0,36.04,16.59,28.28,10.76
1997-12-16,0.0,36.08,16.96,27.03,10.52
1997-12-17,0.0,35.97,16.72,25.37,10.87
1997-12-18,0.0,35.29,16.28,24.08,10.61
1997-12-19,0.0,34.72,16.43,30.38,10.94
1997-12-20,0.0,34.97,15.94,33.58,9.44
1997-12-21,0.0,35.81,15.77,44.65,13.01
1997-12-22,0.0,35.27,16.78,54.33,22.12
1997-12-23,0.0,34.95,16.14,50.83,17.44
1997-12-24,0.0,35.48,17.21,33.55,12.83
1997-12-25,0.0,32.64,16.82,36.86,17.67
1997-12-26,0.0,31.24,15.1,44.17,21.02
1997-12-27,0.0,32.26,14.98,43.02,16.69
1997-12-28,0.0,32.21,14.93,36.01,16.82
1997-12-29,0.0,32.6,14.84,37.56,17.66
1997-12-30,0.0,32.9,14.83,42.41,14.34
1997-12-31,0.0,32.6,13.92,39.43,14.87
1998-01-01,0.0,30.95,14.54,38.69,18.66
1998-01-02,0.0,32.58,14.61,56.69,15.82
1998-01-03,0.0,35.61,16.79,54.15,18.64
1998-01-04,0.0,34.39,18.95,42.68,17.85
1998-01-05,0.0,33.47,17.82,27.02,12.46
1998-01-06,0.0,36.11,18.45,24.11,11.62
1998-01-07,0.0,36.0,18.73,25.69,11.53
1998-01-08,0.0,35.22,17.56,27.11,11.08
1998-01-09,0.0,35.23,16.5,27.39,13.29
1998-01-10,0.0,35.17,18.8,26.88,13.43
1998-01-11,0.0,37.26,18.41,30.16,12.62
1998-01-12,0.0,37.2,17.34,36.24,10.82
1998-01-13,0.0,38.07,18.18,26.56,9.86
1998-01-14,0.0,37.0,18.41,23.75,9.01
1998-01-15,0.0,35.96,18.35,22.33,10.78
1998-01-16,0.0,35.09,18.14,21.06,10.42
1998-01-17,0.0,33.38,16.54,28.32,14.58
1998-01-18,0.0,34.04,15.51,29.55,12.03
1998-01-19,0.0,34.91,17.01,25.17,9.77
1998-01-20,0.0,35.12,18.1,21.74,9.7
1998-01-21,0.0,35.93,18.01,22.19,8.97
1998-01-22,0.0,36.38,16.78,23.45,8.41
1998-01-23,0.0,37.75,17.35,20.87,7.03
1998-01-24,0.0,38.22,17.96,21.75,6.63
1998-01-25,0.0,37.01,17.82,24.59,7.78
1998-01-26,0.0,35.85,17.79,32.71,9.48
1998-01-27,0.0,31.28,17.59,65.71,29.46
1998-01-28,0.0,29.22,17.23,84.45,43.03
1998-01-29,0.0,30.87,17.29,91.43,42.93
1998-01-30,0.0,33.02,15.84,85.48,36.68
1998-01-31,0.0,33.62,16.38,90.45,36.02
1998-02-01,0.0,35.89,18.76,74.78,31.56
1998-02-02,0.0,33.16,18.4,89.03,36.93
1998-02-03,0.0,36.2,21.41,57.52,26.04
1998-02-04,0.0,40.99,21.16,47.29,15.09
1998-02-05,0.0,42.5,23.04,39.1,14.38
1998-02-06,0.0,41.21,23.69,46.61,18.58
1998-02-07,0.0,39.98,21.88,79.76,22.01
1998-02-08,0.0,42.2,24.02,36.46,15.19
1998-02-09,0.0,42.21,23.15,35.54,13.84
1998-02-10,0.0,39.72,22.36,48.87,17.3
1998-02-11,0.0,39.64,22.29,55.68,22.34
1998-02-12,0.0,38.86,20.68,64.83,24.99
1998-02-13,0.0,38.56,19.56,72.03,20.68
1998-02-14,0.0,42.55,20.37,71.89,12.89
1998-02-15,0.0,42.43,24.01,29.05,12.95
1998-02-16,0.0,37.39,22.68,29.01,14.33
1998-02-17,0.0,38.85,18.77,31.05,13.33
1998-02-18,0.0,41.02,20.89,25.53,10.42
1998-02-19,0.0,40.69,21.56,19.34,8.3
1998-02-20,0.0,39.47,21.08,20.69,8.79
1998-02-21,0.0,38.39,19.18,23.16,10.15
1998-02-22,0.0,39.58,20.67,24.92,9.38
1998-02-23,0.0,36.9,23.02,22.47,8.75
1998-02-24,0.0,38.93,21.64,14.64,7.49
1998-02-25,0.0,40.5,21.35,20.55,9.8
1998-02-26,0.0,41.02,22.33,25.61,8.78
1998-02-27,0.0,41.86,21.71,20.06,7.57
1998-02-28,0.0,41.83,21.66,17.58,7.16
1998-03-01,0.0,41.58,21.89,19.71,8.23
1998-03-02,0.0,39.64,20.93,19.25,8.67
1998-03-03,0.0,37.34,19.82,19.06,8.89
1998-03-04,0.0,37.81,19.93,23.33,8.48
1998-03-05,0.0,39.44,22.87,17.23,7.69
1998-03-06,0.0,41.05,22.95,18.49,7.79
1998-03-07,0.0,40.44,21.47,16.33,6.79
1998-03-08,0.0,40.68,21.28,14.8,7.21
1998-03-09,0.0,40.95,20.6,21.36,6.43
1998-03-10,0.0,40.01,19.42,35.24,8.14
1998-03-11,0.0,42.44,20.38,32.19,5.85
1998-03-12,0.0,42.04,22.22,21.92,5.48
1998-03-13,0.0,40.93,22.34,24.0,10.17
1998-03-14,0.0,38.1,20.49,35.71,13.51
1998-03-15,0.0,38.82,21.34,30.82,13.66
1998-03-16,0.0,35.55,23.53,28.17,13.92
1998-03-17,0.0,39.61,22.03,24.32,11.69
1998-03-18,0.0,41.35,22.03,22.19,10.18
1998-03-19,0.0,41.8,23.02,20.19,9.08
1998-03-20,0.0,40.98,22.04,20.47,8.53
1998-03-21,0.0,42.82,22.25,17.69,8.06
1998-03-22,0.0,43.67,23.71,20.29,9.4
1998-03-23,0.0,39.38,21.89,49.96,20.6
1998-03-24,0.0,36.93,22.04,70.28,28.57
1998-03-25,0.0,39.76,20.61,71.19,19.67
1998-03-26,0.0,41.92,21.21,76.97,15.28
1998-03-27,0.0,37.58,20.62,85.81,33.93
1998-03-28,0.0,36.36,20.94,63.63,34.38
1998-03-29,0.0,36.75,19.21,85.34,31.29
1998-03-30,0.0,42.27,20.99,66.63,19.15
1998-03-31,0.0,45.0,25.31,39.98,12.09
1998-04-01,0.0,45.31,25.77,33.07,10.22
1998-04-02,0.0,44.6,25.73,32.31,13.53
1998-04-03,0.0,43.84,24.13,33.79,13.35
1998-04-04,0.0,42.22,22.38,44.68,15.47
1998-04-05,0.0,42.77,21.62,54.14,14.84
1998-04-06,0.0,44.61,23.27,41.06,11.83
1998-04-07,0.0,43.7,24.18,43.06,14.67
1998-04-08,0.0,40.26,22.47,56.05,22.7
1998-04-09,0.0,40.15,21.39,70.37,22.95
1998-04-10,0.0,43.27,21.87,64.84,15.44
1998-04-11,0.0,43.07,23.3,35.97,12.2
1998-04-12,0.0,42.95,22.74,26.62,11.05
1998-04-13,0.0,40.35,23.74,41.27,18.17
1998-04-14,0.0,41.77,22.49,52.82,14.19
1998-04-15,0.0,39.58,23.15,39.34,17.84
1998-04-16,0.0,41.67,22.65,53.34,16.07
1998-04-17,0.0,40.71,23.04,50.44,19.17
1998-04-18,0.0,38.73,20.68,69.93,23.98
1998-04-19,0.0,39.99,21.39,63.03,20.37
1998-04-20,0.0,39.21,21.26,58.61,21.54
1998-04-21,0.0,41.3,21.49,59.4,15.33
1998-04-22,0.0,42.93,23.09,44.93,10.98
1998-04-23,0.0,44.57,24.65,25.26,9.76
1998-04-24,0.0,45.04,25.97,23.08,10.33
1998-04-25,0.0,46.03,24.91,28.85,9.62
1998-04-26,0.0,44.26,24.28,46.45,14.72
1998-04-27,0.0,46.67,24.23,52.8,9.58
1998-04-28,0.0,44.35,24.59,51.7,12.03
1998-04-29,0.0,45.03,23.42,51.88,9.15
1998-04-30,0.0,39.92,21.98,59.32,17.59
1998-05-01,0.0,40.24,20.95,72.34,20.39
1998-05-02,0.0,40.43,21.2,64.24,18.24
1998-05-03,0.0,40.84,21.51,63.09,16.21
1998-05-04,0.0,42.32,22.19,45.8,13.07
1998-05-05,0.0,39.93,21.66,57.42,18.57
1998-05-06,0.0,39.29,20.29,65.62,18.01
1998-05-07,0.0,37.91,22.46,54.73,19.98
1998-05-08,0.0,42.94,23.24,46.34,13.91
1998-05-09,0.0,44.13,24.01,46.28,14.28
1998-05-10,0.0,43.4,26.97,42.12,18.23
1998-05-11,0.0,43.5,26.21,47.75,17.39
1998-05-12,0.0,42.81,23.94,52.47,17.79
1998-05-13,0.0,42.3,22.85,58.06,19.96
1998-05-14,0.0,43.27,23.17,61.03,18.48
1998-05-15,0.0,42.89,22.9,65.89,19.11
1998-05-16,0.0,43.06,24.1,55.05,19.65
1998-05-17,0.0,42.65,23.29,65.32,21.37
1998-05-18,0.0,46.17,26.35,52.3,15.22
1998-05-19,0.0,42.45,25.3,61.28,23.71
1998-05-20,0.0,41.59,25.05,66.38,23.79
1998-05-21,0.0,38.28,23.45,69.4,28.48
1998-05-22,0.0,39.38,24.11,66.58,26.58
1998-05-23,0.0,39.57,23.96,62.21,23.28
1998-05-24,0.0,42.0,23.42,59.85,19.27
1998-05-25,0.0,40.53,22.04,60.17,21.08
1998-05-26,0.0,40.09,22.08,62.26,20.56
1998-05-27,0.0,42.86,23.17,54.45,14.26
1998-05-28,0.0,44.73,25.24,41.6,14.58
1998-05-29,0.0,44.81,25.95,31.39,14.35
1998-05-30,0.0,44.24,25.45,35.34,12.65
1998-05-31,0.0,44.57,24.12,46.87,13.22
1998-06-01,0.0,41.84,25.62,46.3,12.26
1998-06-02,0.0,40.66,24.86,54.4,20.85
1998-06-03,0.0,40.99,23.38,71.42,19.5
1998-06-04,0.0,38.06,23.04,71.47,23.63
1998-06-05,0.0,36.74,22.65,67.68,25.13
1998-06-06,0.0,38.14,23.72,74.34,25.57
1998-06-07,0.0,38.84,24.28,66.76,24.27
1998-06-08,0.0,39.39,24.54,62.28,21.85
1998-06-09,0.0,39.39,24.67,71.56,24.26
1998-06-10,0.0,39.97,24.56,68.47,22.86
1998-06-11,0.0,39.0,24.12,72.88,29.4
1998-06-12,0.0,39.47,25.41,73.79,29.43
1998-06-13,0.0,40.96,25.88,74.16,27.63
1998-06-14,0.0,43.01,26.76,68.49,20.83
1998-06-15,0.0,44.44,26.24,60.64,14.8
1998-06-16,0.0,41.33,25.46,76.47,26.66
1998-06-17,0.0,39.23,26.39,77.62,34.1
1998-06-18,0.0,36.94,25.1,83.51,36.39
1998-06-19,0.0,41.65,22.61,80.54,21.82
1998-06-20,0.0,40.33,25.08,62.15,27.94
1998-06-21,0.28,38.89,24.34,83.36,37.3
1998-06-22,0.0,39.86,24.57,91.64,36.01
1998-06-23,0.0,42.22,26.37,73.4,22.55
1998-06-24,0.0,42.21,26.67,63.58,27.7
1998-06-25,0.0,37.46,26.97,82.36,44.17
1998-06-26,0.0,39.62,25.31,88.38,37.81
1998-06-27,0.0,38.71,25.5,92.19,33.52
1998-06-28,0.0,38.05,23.52,75.19,30.48
1998-06-29,0.0,39.2,23.08,80.54,28.19
1998-06-30,0.0,39.67,23.64,78.37,30.74
1998-07-01,0.0,38.86,25.82,72.41,32.46
1998-07-02,0.0,38.55,25.97,78.1,34.72
1998-07-03,0.0,39.18,24.3,77.62,19.68
1998-07-04,0.0,41.99,24.14,65.25,17.88
1998-07-05,0.0,38.53,26.38,69.85,31.49
1998-07-06,0.0,36.61,25.25,72.43,33.25
1998-07-07,0.0,36.59,23.56,69.22,32.53
1998-07-08,0.0,37.33,24.26,67.61,32.43
1998-07-09,0.0,39.37,25.91,72.87,33.12
1998-07-10,0.0,39.13,25.11,77.74,31.18
1998-07-11,0.0,37.63,25.43,74.25,27.71
1998-07-12,0.0,35.94,22.55,71.81,28.94
1998-07-13,0.0,36.15,23.47,62.92,29.38
1998-07-14,0.0,36.7,23.46,66.46,28.32
1998-07-15,0.0,36.86,23.1,74.23,29.49
1998-07-16,0.0,38.34,25.58,73.39,34.1
1998-07-17,0.0,39.24,25.67,76.13,34.7
1998-07-18,0.02,38.48,25.11,80.43,37.73
1998-07-19,2.29,35.59,24.23,96.17,52.11
1998-07-20,0.09,35.79,23.69,95.42,45.13
1998-07-21,0.19,37.03,24.25,87.52,39.15
1998-07-22,1.24,35.44,24.43,85.82,45.53
1998-07-23,7.82,34.38,24.91,99.27,56.46
1998-07-24,4.66,32.09,24.0,98.74,67.77
1998-07-25,0.0,31.75,23.71,98.07,72.29
1998-07-26,0.0,32.81,24.45,98.55,67.37
1998-07-27,0.01,32.12,25.27,96.9,68.22
1998-07-28,0.0,31.53,24.06,98.52,65.35
1998-07-29,0.0,32.84,23.16,93.24,57.98
1998-07-30,0.0,34.87,25.35,90.0,53.78
1998-07-31,0.0,35.23,24.94,90.06,52.74
1998-08-01,0.08,36.25,24.38,87.97,40.54
1998-08-02,0.0,37.25,24.24,80.09,39.81
1998-08-03,0.5,37.37,25.62,80.13,42.43
1998-08-04,13.69,33.74,24.99,94.42,60.79
1998-08-05,0.88,32.33,23.86,98.72,72.08
1998-08-06,0.0,33.47,24.73,98.75,63.51
1998-08-07,17.66,34.8,24.36,98.3,55.25
1998-08-08,0.0,36.24,24.85,84.95,46.41
1998-08-09,2.72,35.84,25.03,76.29,47.64
1998-08-10,1.1,34.12,25.69,87.48,55.05
1998-08-11,14.19,36.22,24.45,88.42,48.42
1998-08-12,0.0,37.26,25.32,87.26,44.85
1998-08-13,0.0,36.24,24.57,83.31,43.08
1998-08-14,0.49,35.81,25.27,86.76,48.14
1998-08-15,2.01,34.97,23.59,98.08,52.62
1998-08-16,8.07,32.78,23.45,99.14,66.95
1998-08-17,0.0,31.94,23.51,98.68,64.91
1998-08-18,0.0,34.87,23.67,96.75,52.45
1998-08-19,0.0,35.75,25.32,86.85,52.81
1998-08-20,0.38,34.57,25.69,97.52,58.64
1998-08-21,12.7,31.15,23.7,98.89,71.95
1998-08-22,5.93,32.57,23.01,98.91,64.8
1998-08-23,0.0,33.82,23.89,97.81,58.71
1998-08-24,0.0,36.93,24.58,91.1,45.43
1998-08-25,0.0,38.46,25.31,73.96,34.03
1998-08-26,4.92,37.51,25.78,77.08,46.52
1998-08-27,3.26,35.03,25.68,89.76,51.82
1998-08-28,0.01,35.25,23.79,95.05,54.08
1998-08-29,0.0,36.52,24.84,93.07,50.64
1998-08-30,0.0,36.14,24.88,86.13,49.39
1998-08-31,0.0,36.84,25.04,87.24,46.84
1998-09-01,1.73,38.52,25.05,79.39,37.52
1998-09-02,0.74,34.35,23.88,98.24,61.58
1998-09-03,0.59,33.27,24.4,98.37,69.09
1998-09-04,0.0,34.09,24.4,97.83,59.53
1998-09-05,0.0,36.85,24.36,93.19,47.69
1998-09-06,1.99,38.43,25.66,95.89,41.62
1998-09-07,18.52,31.51,24.7,98.77,74.83
1998-09-08,15.2,29.8,23.55,99.14,77.51
1998-09-09,3.58,29.29,22.75,99.39,76.83
1998-09-10,1.21,32.65,23.06,99.32,66.32
1998-09-11,9.86,31.79,23.57,99.23,67.83
1998-09-12,1.77,32.26,22.61,99.24,65.66
1998-09-13,0.0,35.34,23.45,98.06,53.49
1998-09-14,0.06,37.39,25.37,86.25,51.06
1998-09-15,15.61,35.03,25.25,94.97,60.42
1998-09-16,16.7,32.15,23.69,99.01,71.56
1998-09-17,0.0,32.64,23.8,99.38,67.79
1998-09-18,3.17,31.27,23.89,98.84,75.73
1998-09-19,0.0,33.97,23.24,99.07,56.99
1998-09-20,0.28,36.26,23.93,94.83,50.84
1998-09-21,0.0,35.9,24.96,93.26,48.5
1998-09-22,0.0,36.55,24.51,84.05,45.83
1998-09-23,0.0,37.52,25.53,87.0,42.03
1998-09-24,0.0,38.32,24.6,83.21,32.19
1998-09-25,0.71,35.87,25.84,83.98,50.36
1998-09-26,0.0,34.4,24.52,90.15,55.16
1998-09-27,0.01,34.8,24.46,98.82,55.84
1998-09-28,4.21,35.3,23.75,97.24,45.15
1998-09-29,5.05,37.84,24.43,82.44,39.94
1998-09-30,0.0,38.06,25.59,82.13,39.87
1998-10-01,0.0,39.52,25.13,93.45,38.72
1998-10-02,0.0,39.29,24.95,95.5,41.37
1998-10-03,1.13,39.04,24.44,97.34,41.88
1998-10-04,0.0,38.16,25.56,98.59,49.49
1998-10-05,0.0,40.03,23.21,98.84,34.17
1998-10-06,0.0,39.38,24.97,98.24,44.18
1998-10-07,0.0,41.58,25.32,98.74,24.82
1998-10-08,0.0,42.63,26.29,66.9,17.61
1998-10-09,0.0,40.16,24.04,46.88,18.87
1998-10-10,0.0,37.03,21.87,81.28,32.56
1998-10-11,0.0,38.45,23.27,86.53,42.42
1998-10-12,0.0,39.83,23.86,95.69,29.57
1998-10-13,0.0,41.23,24.63,78.29,18.62
1998-10-14,0.0,41.77,25.41,35.54,10.14
1998-10-15,0.0,42.27,24.82,38.24,11.94
1998-10-16,0.0,41.81,24.77,79.41,16.98
1998-10-17,0.0,42.27,24.97,70.99,20.14
1998-10-18,0.0,42.98,25.31,73.31,13.48
1998-10-19,0.0,42.31,24.87,74.85,18.6
1998-10-20,0.04,41.76,25.87,75.79,28.48
1998-10-21,0.0,42.93,25.58,85.15,12.94
1998-10-22,0.0,41.82,25.53,55.56,18.3
1998-10-23,0.0,41.87,25.15,81.81,17.1
1998-10-24,0.0,40.47,24.27,42.27,14.34
1998-10-25,0.0,40.99,23.36,35.54,12.57
1998-10-26,4.16,41.8,24.86,43.68,16.87
1998-10-27,0.0,42.13,26.25,49.29,15.9
1998-10-28,0.0,42.08,25.45,53.38,12.85
1998-10-29,0.0,40.2,22.76,32.71,11.97
1998-10-30,0.0,39.87,22.96,51.02,18.69
1998-10-31,0.0,36.18,25.06,95.12,43.39
1998-11-01,0.0,40.59,21.52,98.51,20.85
1998-11-02,0.0,41.68,22.62,38.46,11.4
1998-11-03,0.0,41.27,21.62,25.95,10.01
1998-11-04,0.0,41.22,21.58,47.11,14.25
1998-11-05,0.0,41.66,22.01,43.04,16.59
1998-11-06,0.0,41.88,22.51,45.39,14.41
1998-11-07,0.0,39.68,20.87,54.77,15.78
1998-11-08,0.0,40.59,20.18,73.96,11.28
1998-11-09,0.0,41.82,22.02,28.17,8.8
1998-11-10,0.0,40.63,21.13,22.16,6.88
1998-11-11,0.0,40.46,20.01,25.13,9.64
1998-11-12,0.0,39.81,20.8,28.43,9.97
1998-11-13,0.0,39.27,20.33,30.52,10.82
1998-11-14,0.0,37.83,19.61,26.03,11.8
1998-11-15,0.0,38.44,19.87,27.85,11.83
1998-11-16,0.0,39.01,21.55,27.54,11.7
1998-11-17,0.0,41.06,21.53,26.85,9.96
1998-11-18,0.0,40.93,22.35,25.68,9.79
1998-11-19,0.0,40.63,22.09,23.27,8.79
1998-11-20,0.0,40.05,21.34,21.78,8.32
1998-11-21,0.0,39.14,20.97,21.16,8.0
1998-11-22,0.0,37.53,21.14,22.26,11.75
1998-11-23,0.0,38.58,19.97,30.09,12.85
1998-11-24,0.0,38.41,20.16,30.94,11.95
1998-11-25,0.0,37.1,20.64,28.18,11.12
1998-11-26,0.0,37.38,19.03,23.48,9.08
1998-11-27,0.0,36.96,19.93,22.48,9.49
1998-11-28,0.0,36.75,19.16,22.54,10.18
1998-11-29,0.0,35.44,18.92,22.95,10.66
1998-11-30,0.0,36.02,19.35,20.87,8.72
1998-12-01,0.0,37.64,19.05,32.19,14.47
1998-12-02,0.0,38.09,19.7,44.73,22.44
1998-12-03,0.0,38.14,19.27,43.96,21.73
1998-12-04,0.0,37.85,18.85,45.16,21.95
1998-12-05,0.0,38.89,19.45,47.52,21.97
1998-12-06,0.0,38.87,20.35,44.37,20.35
1998-12-07,0.0,37.79,20.05,40.36,19.0
1998-12-08,0.0,35.68,20.29,38.1,20.15
1998-12-09,0.0,33.11,18.55,52.12,25.37
1998-12-10,0.0,30.59,16.46,31.09,19.91
1998-12-11,0.0,29.98,15.32,36.64,22.22
1998-12-12,0.0,32.93,15.93,36.51,18.79
1998-12-13,0.0,34.14,17.53,33.28,17.52
1998-12-14,0.0,36.95,18.19,65.44,21.55
1998-12-15,0.0,37.36,19.44,38.36,16.31
1998-12-16,0.0,38.56,19.24,37.7,16.42
1998-12-17,0.0,37.53,19.5,41.09,19.94
1998-12-18,0.0,39.07,19.24,40.34,15.57
1998-12-19,0.0,39.0,19.94,35.58,16.39
1998-12-20,0.0,36.61,19.67,34.69,17.62
1998-12-21,0.0,34.67,19.62,36.2,16.94
1998-12-22,0.0,35.56,19.65,34.52,15.93
1998-12-23,0.0,35.37,17.1,38.4,16.02
1998-12-24,0.0,36.22,17.21,37.57,13.87
1998-12-25,0.0,37.5,17.97,40.72,13.93
1998-12-26,0.0,37.65,18.25,36.4,14.07
1998-12-27,0.0,35.57,17.94,31.67,11.4
1998-12-28,0.0,29.17,18.66,56.16,23.18
1998-12-29,0.0,30.73,15.39,83.03,32.95
1998-12-30,0.0,31.18,15.04,58.45,24.98
1998-12-31,0.0,30.19,13.77,46.54,18.23
1999-01-01,0.0,30.41,13.32,56.9,21.88
1999-01-02,0.0,31.14,12.95,37.73,14.93
1999-01-03,0.0,33.17,15.06,66.61,24.84
1999-01-04,0.0,33.88,16.43,44.54,16.01
1999-01-05,0.0,33.5,19.58,28.1,14.8
1999-01-06,0.0,33.62,18.13,46.81,15.68
1999-01-07,0.0,32.68,17.74,70.27,29.98
1999-01-08,0.0,30.74,16.37,94.89,45.97
1999-01-09,0.0,32.4,17.76,87.26,47.32
1999-01-10,0.0,31.16,15.62,92.99,32.83
1999-01-11,0.0,31.73,15.07,80.71,26.55
1999-01-12,0.0,28.53,14.44,71.58,30.64
1999-01-13,0.0,28.62,13.27,91.72,31.0
1999-01-14,0.0,28.77,13.06,98.89,32.93
1999-01-15,0.0,29.66,12.47,53.52,23.27
1999-01-16,0.0,32.43,14.39,42.44,22.15
1999-01-17,0.0,33.81,16.47,37.61,17.82
1999-01-18,0.0,32.42,16.45,32.28,20.1
1999-01-19,0.0,31.18,14.22,38.21,19.29
1999-01-20,0.0,32.58,14.21,47.38,16.54
1999-01-21,0.0,32.24,15.47,43.49,14.76
1999-01-22,0.0,31.13,13.28,38.88,17.79
1999-01-23,0.0,30.51,13.09,40.61,16.53
1999-01-24,0.0,32.3,13.95,34.5,16.23
1999-01-25,0.0,33.56,15.42,40.32,16.43
1999-01-26,0.0,33.32,16.35,31.66,14.29
1999-01-27,0.0,31.27,15.79,34.24,16.25
1999-01-28,0.0,31.18,14.7,32.1,14.27
1999-01-29,0.0,33.24,14.72,29.3,11.06
1999-01-30,0.0,31.79,14.69,28.2,12.01
1999-01-31,0.0,35.05,16.11,21.26,9.9
1999-02-01,0.0,35.89,18.24,18.8,8.47
1999-02-02,0.0,35.51,17.03,25.26,10.16
1999-02-03,0.0,35.54,18.63,24.62,10.53
1999-02-04,0.0,33.97,20.02,32.65,12.17
1999-02-05,0.0,31.57,17.27,17.03,7.79
1999-02-06,0.0,31.18,15.84,15.88,8.62
1999-02-07,0.0,30.61,13.9,16.17,8.49
1999-02-08,0.0,33.75,14.3,25.46,8.51
1999-02-09,0.0,35.83,16.39,23.53,7.85
1999-02-10,0.0,36.89,17.41,24.48,8.76
1999-02-11,0.0,36.49,18.13,35.29,12.02
1999-02-12,0.0,36.66,18.43,35.15,14.77
1999-02-13,0.02,34.52,17.72,32.1,16.66
1999-02-14,0.0,34.11,16.72,39.79,15.14
1999-02-15,0.0,32.63,15.95,39.71,16.57
1999-02-16,0.0,31.64,16.32,42.56,17.93
1999-02-17,0.0,33.28,15.67,31.9,13.96
1999-02-18,0.0,34.04,15.36,32.06,14.15
1999-02-19,0.0,32.51,16.35,30.89,14.68
1999-02-20,0.0,31.79,15.46,26.05,13.45
1999-02-21,0.0,33.24,16.03,26.71,14.09
1999-02-22,0.0,34.37,16.9,27.82,12.86
1999-02-23,0.0,36.61,17.58,27.47,12.83
1999-02-24,0.0,38.95,19.1,24.57,11.11
1999-02-25,0.0,40.17,20.96,21.74,12.65
1999-02-26,0.0,38.76,19.75,20.72,9.93
1999-02-27,0.0,36.94,19.11,23.44,11.29
1999-02-28,0.0,32.4,20.74,34.45,17.15
1999-03-01,0.0,35.98,19.36,40.28,16.6
1999-03-02,0.0,36.34,19.3,39.98,16.96
1999-03-03,0.0,36.16,17.56,33.0,10.72
1999-03-04,0.0,36.63,17.96,27.36,13.98
1999-03-05,0.0,37.91,18.99,26.39,11.59
1999-03-06,0.0,37.23,21.05,20.86,10.93
1999-03-07,0.0,38.74,20.58,21.39,10.53
1999-03-08,0.0,38.96,20.48,24.44,11.85
1999-03-09,0.0,36.53,18.7,57.86,20.36
1999-03-10,0.0,33.88,16.92,69.78,25.84
1999-03-11,0.0,35.12,17.44,71.08,23.98
1999-03-12,0.0,36.4,17.43,60.33,16.3
1999-03-13,0.0,35.26,16.18,72.88,18.58
1999-03-14,0.0,35.39,17.11,77.3,19.21
1999-03-15,0.0,37.56,18.56,52.58,15.22
1999-03-16,0.0,38.4,19.35,29.52,12.19
1999-03-17,0.0,39.78,20.82,26.61,12.7
1999-03-18,0.0,42.11,21.69,28.0,12.51
1999-03-19,0.0,40.05,19.44,51.26,13.43
1999-03-20,0.0,40.46,20.52,52.85,15.1
1999-03-21,0.0,41.34,20.84,54.12,15.81
1999-03-22,0.0,42.32,20.35,54.73,14.18
1999-03-23,0.0,38.82,19.8,57.86,17.93
1999-03-24,0.0,37.49,19.59,60.96,22.41
1999-03-25,0.0,36.99,18.74,71.99,26.46
1999-03-26,0.0,35.08,19.26,65.61,22.82
1999-03-27,0.0,36.98,19.24,36.32,15.35
1999-03-28,0.0,38.43,19.1,34.73,14.37
1999-03-29,0.0,41.34,20.92,30.16,10.15
1999-03-30,0.0,42.72,21.75,28.62,7.47
1999-03-31,0.0,38.38,20.12,40.64,13.7
1999-04-01,0.0,38.89,19.64,53.7,17.27
1999-04-02,0.0,40.65,19.71,55.9,13.84
1999-04-03,0.0,44.32,22.28,41.74,9.4
1999-04-04,0.0,43.51,22.57,42.18,11.52
1999-04-05,0.0,42.26,21.47,44.24,12.75
1999-04-06,0.0,43.78,21.75,42.12,8.74
1999-04-07,0.0,43.19,23.38,20.27,6.64
1999-04-08,0.0,43.59,23.25,20.68,6.74
1999-04-09,0.0,41.59,21.98,40.17,11.49
1999-04-10,0.01,38.62,22.88,51.8,20.67
1999-04-11,0.0,42.38,23.16,49.09,20.3
1999-04-12,0.0,43.92,24.87,54.73,18.14
1999-04-13,0.0,41.71,22.78,59.62,20.05
1999-04-14,0.0,36.1,19.13,70.16,28.91
1999-04-15,0.0,34.49,18.33,79.22,31.64
1999-04-16,0.0,37.65,18.75,72.72,25.06
1999-04-17,0.0,40.17,19.26,73.46,16.06
1999-04-18,0.0,43.15,22.48,46.55,12.71
1999-04-19,0.0,42.75,23.9,34.19,13.25
1999-04-20,0.0,41.96,23.84,25.11,11.16
1999-04-21,0.0,41.85,21.53,35.75,10.86
1999-04-22,0.0,44.55,22.55,38.44,8.5
1999-04-23,0.0,46.5,23.75,31.48,7.97
1999-04-24,0.0,45.61,23.67,35.48,10.55
1999-04-25,0.0,42.37,22.66,47.81,16.78
1999-04-26,0.0,39.54,21.55,61.56,24.93
1999-04-27,0.0,38.76,21.08,75.75,28.59
1999-04-28,0.0,37.2,19.77,68.57,29.09
1999-04-29,0.0,37.1,19.6,70.31,26.43
1999-04-30,0.0,39.65,21.64,63.19,18.4
1999-05-01,0.0,40.35,23.13,47.24,12.8
1999-05-02,0.0,42.99,22.74,45.35,11.19
1999-05-03,0.0,43.21,24.24,27.16,10.77
1999-05-04,0.0,44.17,24.61,26.14,11.1
1999-05-05,0.0,42.15,23.2,44.55,14.9
1999-05-06,0.0,41.17,21.35,56.84,13.95
1999-05-07,0.0,42.56,21.6,55.06,13.31
1999-05-08,0.0,40.03,22.0,58.93,23.33
1999-05-09,0.0,38.94,21.27,62.4,26.09
1999-05-10,0.0,39.41,20.91,66.53,21.61
1999-05-11,0.0,40.54,20.73,61.72,17.67
1999-05-12,0.0,42.54,21.58,56.1,16.79
1999-05-13,0.0,39.4,22.13,77.44,29.99
1999-05-14,0.0,40.6,22.67,74.23,26.93
1999-05-15,0.0,39.14,21.96,72.74,27.47
1999-05-16,0.0,38.87,21.9,72.35,29.73
1999-05-17,0.0,38.56,21.14,78.36,28.69
1999-05-18,0.0,41.28,23.72,66.17,24.11
1999-05-19,0.0,41.87,24.65,64.04,20.99
1999-05-20,0.0,41.22,23.49,71.21,21.71
1999-05-21,0.0,42.21,23.54,54.11,20.1
1999-05-22,0.0,41.73,25.09,75.56,30.42
1999-05-23,0.0,42.43,22.97,92.25,18.01
1999-05-24,0.0,43.22,23.23,61.59,11.29
1999-05-25,0.0,38.26,20.97,62.54,26.56
1999-05-26,0.0,38.16,21.3,70.51,24.28
1999-05-27,0.0,38.71,21.39,66.99,24.67
1999-05-28,0.0,42.79,21.74,74.4,19.24
1999-05-29,0.0,40.45,23.22,68.61,30.11
1999-05-30,0.0,41.76,24.96,71.9,29.6
1999-05-31,0.0,42.27,25.17,70.42,26.45
1999-06-01,0.0,40.21,24.5,62.51,22.66
1999-06-02,0.0,41.45,25.18,65.0,24.82
1999-06-03,0.0,41.26,26.55,72.96,25.61
1999-06-04,0.0,40.6,24.08,76.4,26.77
1999-06-05,0.03,39.7,24.62,75.96,33.83
1999-06-06,0.0,38.16,25.47,81.28,36.59
1999-06-07,0.0,40.51,25.95,79.75,25.15
1999-06-08,0.0,37.36,24.92,71.22,31.43
1999-06-09,0.0,40.89,25.95,73.12,28.63
1999-06-10,0.0,39.65,25.38,83.58,29.74
1999-06-11,0.0,39.43,24.5,85.82,33.2
1999-06-12,0.0,40.72,25.77,81.72,27.45
1999-06-13,0.0,38.09,25.8,75.78,34.26
1999-06-14,0.0,36.42,24.25,98.07,43.42
1999-06-15,0.0,40.41,24.86,92.07,24.17
1999-06-16,0.0,42.61,23.41,83.97,16.92
1999-06-17,0.0,39.59,25.55,83.28,34.66
1999-06-18,0.02,37.91,23.13,99.31,38.23
1999-06-19,0.03,40.12,24.41,79.98,24.4
1999-06-20,0.0,42.49,25.08,70.2,22.61
1999-06-21,2.42,39.37,26.38,81.63,35.83
1999-06-22,0.0,39.42,24.79,99.37,40.24
1999-06-23,0.0,38.41,22.72,94.82,32.03
1999-06-24,0.0,38.91,24.13,74.2,35.39
1999-06-25,0.0,36.94,24.37,89.73,45.07
1999-06-26,0.0,38.6,24.42,91.41,37.35
1999-06-27,0.03,37.08,23.24,98.51,40.9
1999-06-28,1.38,39.61,24.76,85.96,27.68
1999-06-29,0.0,38.73,23.7,73.64,38.7
1999-06-30,0.0,35.25,23.08,98.58,60.33
1999-07-01,1.06,37.75,24.25,90.43,38.32
1999-07-02,4.62,38.15,24.68,79.06,32.51
1999-07-03,0.0,38.14,25.5,65.17,33.33
1999-07-04,0.0,39.55,25.25,71.26,31.76
1999-07-05,1.39,36.17,24.64,84.31,38.82
1999-07-06,5.53,37.5,25.56,80.3,40.88
1999-07-07,0.1,35.13,24.5,92.5,46.12
1999-07-08,0.0,37.47,25.05,79.14,33.82
1999-07-09,0.0,37.73,24.31,72.98,33.14
1999-07-10,0.0,38.03,24.72,72.25,32.63
1999-07-11,7.19,39.14,25.91,79.41,37.0
1999-07-12,4.28,34.56,24.56,99.79,60.11
1999-07-13,0.94,33.94,22.9,99.63,53.19
1999-07-14,0.04,38.28,24.65,97.04,36.53
1999-07-15,2.57,34.41,24.89,99.6,58.46
1999-07-16,1.19,31.68,23.82,99.51,69.26
1999-07-17,0.0,32.41,23.09,99.25,62.42
1999-07-18,0.0,33.77,23.3,90.59,50.02
1999-07-19,0.0,36.63,24.16,91.99,43.85
1999-07-20,0.13,32.29,24.27,99.65,70.15
1999-07-21,0.0,33.57,23.56,99.49,60.24
1999-07-22,1.25,36.18,23.66,92.4,43.5
1999-07-23,0.61,34.96,24.74,96.89,51.38
1999-07-24,0.0,34.28,23.48,99.41,51.68
1999-07-25,0.0,36.8,24.05,94.56,41.48
1999-07-26,0.0,36.99,24.13,81.01,37.46
1999-07-27,0.0,38.01,25.32,82.96,39.95
1999-07-28,0.0,37.61,25.02,92.05,40.04
1999-07-29,17.22,33.81,23.42,99.95,61.0
1999-07-30,0.0,35.55,23.05,99.35,41.02
1999-07-31,0.0,36.86,23.61,82.78,41.94
1999-08-01,4.2,36.77,25.1,91.25,42.58
1999-08-02,3.01,38.49,25.43,78.91,37.01
1999-08-03,1.14,36.61,25.38,85.48,47.54
1999-08-04,0.26,34.29,24.11,99.95,62.69
1999-08-05,0.34,33.6,24.3,99.57,60.89
1999-08-06,0.07,32.85,23.25,99.63,58.87
1999-08-07,0.35,34.35,23.61,88.57,53.69
1999-08-08,1.6,35.16,25.35,89.36,45.29
1999-08-09,2.31,36.82,24.21,78.72,41.16
1999-08-10,3.09,32.68,24.64,96.18,64.14
1999-08-11,0.27,32.91,23.15,97.32,56.25
1999-08-12,2.78,33.6,23.42,95.38,49.28
1999-08-13,10.78,37.3,24.94,99.71,43.99
1999-08-14,27.12,32.78,23.6,99.99,66.84
1999-08-15,0.71,32.55,23.66,99.74,65.84
1999-08-16,34.82,31.9,23.76,99.78,68.81
1999-08-17,5.04,32.78,23.54,97.69,62.63
1999-08-18,0.27,31.56,23.82,99.65,71.86
1999-08-19,0.04,31.54,21.68,95.43,61.87
1999-08-20,7.92,34.4,23.49,88.77,51.46
1999-08-21,7.01,34.47,24.19,91.47,54.82
1999-08-22,0.0,33.05,23.8,98.04,63.72
1999-08-23,0.03,32.71,23.43,95.89,66.76
1999-08-24,0.0,30.01,23.57,98.86,73.21
1999-08-25,1.63,31.27,23.76,99.07,66.37
1999-08-26,0.0,30.12,23.38,99.71,71.33
1999-08-27,2.72,29.0,23.05,99.86,83.08
1999-08-28,26.46,31.69,23.04,99.63,70.16
1999-08-29,4.75,29.82,23.54,99.95,78.17
1999-08-30,5.28,29.88,23.1,99.75,72.92
1999-08-31,7.88,30.96,22.96,99.75,72.55
1999-09-01,5.57,31.72,22.42,99.91,69.13
1999-09-02,0.24,32.23,23.03,99.89,68.12
1999-09-03,6.84,33.49,23.29,99.91,58.28
1999-09-04,6.69,34.5,23.82,99.8,59.31
1999-09-05,5.63,32.32,23.01,99.93,67.37
1999-09-06,0.01,35.06,22.42,95.99,54.38
1999-09-07,0.51,32.77,24.27,99.57,66.65
1999-09-08,0.0,30.99,23.05,99.47,73.11
1999-09-09,9.64,33.25,22.8,99.72,60.41
1999-09-10,0.01,33.54,23.38,98.66,58.16
1999-09-11,1.48,34.75,23.02,98.13,49.06
1999-09-12,0.0,35.72,24.24,87.67,49.89
1999-09-13,0.0,35.62,24.25,89.16,47.09
1999-09-14,16.76,35.53,23.73,91.31,48.98
1999-09-15,2.81,30.82,23.64,99.58,74.79
1999-09-16,6.42,31.92,22.73,99.72,70.29
1999-09-17,3.48,31.08,23.36,99.85,77.36
1999-09-18,0.0,32.41,23.14,99.78,69.55
1999-09-19,0.0,32.76,23.65,99.76,68.0
1999-09-20,0.0,32.19,23.69,99.75,72.41
1999-09-21,2.63,32.83,23.05,99.33,63.1
1999-09-22,0.0,35.52,23.08,97.9,46.44
1999-09-23,0.0,37.07,24.44,80.58,33.87
1999-09-24,0.0,34.86,24.68,86.39,47.0
1999-09-25,0.0,36.35,23.94,97.11,47.6
1999-09-26,0.0,36.1,24.58,87.15,47.56
1999-09-27,0.64,34.33,24.26,89.93,56.97
1999-09-28,0.0,35.96,23.62,93.83,45.77
1999-09-29,0.02,35.21,25.26,96.84,51.88
1999-09-30,1.16,33.4,23.31,99.64,57.68
1999-10-01,0.0,36.88,24.16,98.96,52.69
1999-10-02,5.57,38.14,23.18,98.19,39.32
1999-10-03,6.82,37.98,23.93,99.32,44.48
1999-10-04,9.33,34.49,22.75,98.49,60.5
1999-10-05,0.66,29.71,22.19,99.34,78.46
1999-10-06,0.0,32.67,21.39,99.0,60.1
1999-10-07,0.14,39.29,23.53,98.87,27.14
1999-10-08,0.52,38.5,24.53,83.1,34.87
1999-10-09,6.71,34.72,23.21,98.58,55.0
1999-10-10,0.22,31.14,21.44,98.97,73.64
1999-10-11,0.0,34.66,21.78,99.15,56.07
1999-10-12,0.0,38.1,23.0,98.8,37.23
1999-10-13,0.0,39.61,24.27,88.9,32.9
1999-10-14,0.0,38.98,24.97,89.16,39.28
1999-10-15,1.86,38.18,24.37,96.95,44.12
1999-10-16,6.89,36.49,23.38,99.47,52.53
1999-10-17,2.71,32.68,22.09,99.07,70.06
1999-10-18,8.04,32.92,22.51,99.21,63.95
1999-10-19,0.03,35.78,21.98,99.83,53.38
1999-10-20,0.0,38.07,21.95,99.3,27.94
1999-10-21,0.0,39.63,23.87,62.42,23.06
1999-10-22,0.0,40.43,24.52,60.59,22.72
1999-10-23,0.0,41.2,25.14,62.6,16.61
1999-10-24,0.0,41.03,24.52,39.93,15.31
1999-10-25,0.0,39.9,23.55,72.6,16.64
1999-10-26,0.0,36.47,21.54,82.69,30.79
1999-10-27,0.0,35.51,21.0,82.15,32.94
1999-10-28,0.0,36.23,22.2,66.01,27.49
1999-10-29,0.0,37.36,22.61,54.85,23.44
1999-10-30,0.0,40.05,22.67,71.28,12.01
1999-10-31,0.0,38.81,22.75,45.96,13.2
1999-11-01,0.0,40.52,22.12,85.65,19.28
1999-11-02,0.0,40.45,22.21,50.66,13.04
1999-11-03,0.0,40.37,21.36,41.04,13.9
1999-11-04,0.0,40.25,21.7,73.24,21.56
1999-11-05,0.0,39.11,21.79,89.28,30.63
1999-11-06,0.0,40.61,22.52,79.78,18.99
1999-11-07,0.0,40.77,22.78,54.08,17.17
1999-11-08,0.0,38.65,21.86,36.28,14.72
1999-11-09,0.0,38.68,21.0,33.06,11.64
1999-11-10,0.0,39.27,19.83,39.94,14.21
1999-11-11,0.0,39.35,20.82,55.73,21.94
1999-11-12,0.0,39.59,20.99,65.82,21.46
1999-11-13,0.0,39.94,20.79,50.2,13.88
1999-11-14,0.0,39.53,20.29,38.19,14.25
1999-11-15,0.0,36.47,20.49,65.17,20.85
1999-11-16,0.0,37.23,19.55,60.3,20.99
1999-11-17,0.0,35.37,19.11,54.41,23.1
1999-11-18,0.0,36.64,20.44,50.35,24.43
1999-11-19,0.0,36.59,19.83,50.71,26.09
1999-11-20,0.0,38.47,20.55,57.49,26.64
1999-11-21,0.06,38.88,20.92,65.09,27.51
1999-11-22,0.0,39.19,21.64,57.53,28.62
1999-11-23,0.0,40.08,22.49,56.58,24.65
1999-11-24,0.0,40.24,23.07,60.24,24.06
1999-11-25,0.0,40.17,22.81,59.98,20.74
1999-11-26,0.0,39.69,22.01,61.71,18.51
1999-11-27,0.0,39.14,20.45,47.22,14.9
1999-11-28,0.0,39.72,20.59,48.71,18.23
1999-11-29,0.0,39.91,21.3,49.65,15.73
1999-11-30,0.0,39.22,20.61,47.2,19.08
1999-12-01,0.0,37.4,18.81,66.31,25.49
1999-12-02,0.0,38.35,18.91,57.79,25.22
1999-12-03,0.0,39.56,20.45,49.28,18.27
1999-12-04,0.0,37.24,19.21,39.59,18.29
1999-12-05,0.0,38.28,18.82,45.25,19.53
1999-12-06,0.0,37.13,18.28,44.88,18.91
1999-12-07,0.0,38.08,18.18,47.26,18.36
1999-12-08,0.0,38.39,18.54,46.65,19.27
1999-12-09,0.0,36.04,18.38,45.24,22.05
1999-12-10,0.0,35.36,17.34,43.27,19.58
1999-12-11,0.0,35.64,16.96,38.75,20.0
1999-12-12,0.0,34.93,17.01,42.16,20.71
1999-12-13,0.0,33.92,16.86,38.99,20.96
1999-12-14,0.0,32.8,16.49,40.94,20.14
1999-12-15,0.0,35.12,16.25,41.2,19.41
1999-12-16,0.0,35.3,16.38,42.28,19.46
1999-12-17,0.0,35.07,16.42,41.36,18.27
1999-12-18,0.0,32.7,15.97,35.53,21.56
1999-12-19,0.0,28.83,15.7,45.76,19.27
1999-12-20,0.0,28.71,12.5,28.96,18.22
1999-12-21,0.0,30.66,13.11,36.2,21.09
1999-12-22,0.0,32.17,14.87,37.98,18.08
1999-12-23,0.0,31.57,14.65,32.34,16.47
1999-12-24,0.0,31.55,14.94,38.12,20.1
1999-12-25,0.0,27.56,15.73,55.81,27.97
1999-12-26,0.0,29.1,15.52,84.7,42.55
1999-12-27,0.0,34.97,19.28,42.9,20.02
1999-12-28,0.0,32.86,18.62,57.6,21.63
1999-12-29,0.0,36.68,19.26,36.87,18.27
1999-12-30,0.0,33.46,17.86,27.14,14.64
1999-12-31,0.0,31.72,17.77,68.66,20.07
2000-01-01,0.0,32.26,16.41,75.87,25.3
2000-01-02,0.0,33.46,17.46,59.29,26.24
2000-01-03,0.0,35.36,18.42,45.25,16.83
2000-01-04,0.0,31.41,20.71,50.05,21.83
2000-01-05,0.0,30.19,18.25,81.27,37.94
2000-01-06,0.0,30.86,16.85,66.43,21.92
2000-01-07,0.0,33.52,17.38,29.66,19.1
2000-01-08,0.0,32.45,17.0,34.18,14.48
2000-01-09,0.0,33.76,16.23,36.2,17.21
2000-01-10,0.0,35.78,16.68,58.69,36.39
2000-01-11,0.0,34.43,19.16,64.4,33.84
2000-01-12,0.0,34.1,17.44,49.07,25.55
2000-01-13,0.0,33.3,16.97,36.73,17.0
2000-01-14,0.0,32.34,15.84,31.85,17.08
2000-01-15,0.0,32.89,15.52,39.16,16.66
2000-01-16,0.0,34.2,16.33,26.43,13.18
2000-01-17,0.0,35.63,17.34,19.65,8.12
2000-01-18,0.0,37.34,18.01,20.98,10.98
2000-01-19,0.0,37.38,18.38,27.97,15.15
2000-01-20,0.0,36.95,17.47,30.37,14.55
2000-01-21,0.0,37.85,17.49,23.18,13.09
2000-01-22,0.0,36.93,17.38,23.49,12.38
2000-01-23,0.0,37.73,18.75,25.13,14.46
2000-01-24,0.0,36.74,18.89,27.05,11.5
2000-01-25,0.0,32.11,17.81,43.38,19.67
2000-01-26,0.0,35.25,17.07,42.96,15.54
2000-01-27,0.0,36.78,17.36,38.65,11.75
2000-01-28,0.0,37.86,19.57,29.26,14.08
2000-01-29,0.0,39.93,19.99,32.7,13.64
2000-01-30,0.0,41.25,20.52,30.35,11.34
2000-01-31,0.0,40.71,21.61,24.84,13.15
2000-02-01,0.0,36.13,20.18,29.87,13.15
2000-02-02,0.0,35.58,19.02,23.78,10.1
2000-02-03,0.0,34.37,17.24,16.43,8.71
2000-02-04,0.0,34.16,15.92,19.45,7.94
2000-02-05,0.0,34.94,16.54,21.33,9.53
2000-02-06,0.0,33.68,16.7,23.42,12.03
2000-02-07,0.0,33.65,17.91,24.54,10.69
2000-02-08,0.0,34.98,18.4,20.47,11.4
2000-02-09,0.0,34.48,19.04,23.53,11.47
2000-02-10,0.0,34.06,16.78,22.59,11.6
2000-02-11,0.0,35.63,17.77,21.69,10.82
2000-02-12,0.0,36.99,18.44,22.82,9.08
2000-02-13,0.0,37.64,20.35,15.93,8.47
2000-02-14,0.0,37.76,20.31,18.06,7.23
2000-02-15,0.0,37.3,19.98,9.81,4.96
2000-02-16,0.0,36.75,19.9,11.04,5.91
2000-02-17,0.0,36.41,18.82,16.31,8.25
2000-02-18,0.0,36.92,17.56,18.44,7.51
2000-02-19,0.0,37.8,18.59,15.85,7.06
2000-02-20,0.0,38.47,18.39,16.44,7.32
2000-02-21,0.0,39.64,18.51,22.54,7.28
2000-02-22,0.0,38.06,20.2,38.11,13.4
2000-02-23,0.0,35.46,19.21,62.06,26.37
2000-02-24,0.0,31.88,19.33,65.99,32.48
2000-02-25,0.0,34.43,19.22,57.3,24.89
2000-02-26,0.0,38.76,17.93,57.01,11.16
2000-02-27,0.0,41.12,19.26,46.14,8.39
2000-02-28,0.0,36.38,18.76,55.15,16.48
2000-02-29,0.0,40.62,19.35,43.73,12.35
2000-03-01,0.0,40.03,20.24,55.98,16.36
2000-03-02,0.0,38.54,19.96,61.19,21.53
2000-03-03,0.0,38.7,19.53,62.16,18.54
2000-03-04,0.0,39.72,19.78,63.13,11.06
2000-03-05,0.0,39.22,19.28,63.0,12.59
2000-03-06,0.0,40.82,19.86,53.25,6.45
2000-03-07,0.0,43.03,21.6,14.3,5.53
2000-03-08,0.0,42.45,22.09,14.67,5.8
2000-03-09,0.0,42.77,22.47,35.65,5.76
2000-03-10,0.0,42.08,22.23,17.34,7.11
2000-03-11,0.0,41.28,21.99,19.48,7.8
2000-03-12,0.0,41.18,21.21,20.19,8.21
2000-03-13,0.0,41.86,21.41,18.68,6.7
2000-03-14,0.0,41.46,21.73,12.71,5.97
2000-03-15,0.0,40.49,20.88,12.59,5.44
2000-03-16,0.0,40.82,20.62,13.84,6.12
2000-03-17,0.0,41.44,20.85,12.79,5.69
2000-03-18,0.0,41.65,21.66,13.2,5.56
2000-03-19,0.0,41.51,21.91,18.07,7.16
2000-03-20,0.0,41.02,20.98,28.11,7.88
2000-03-21,0.0,39.98,19.9,53.58,12.66
2000-03-22,0.0,39.97,19.42,56.51,12.2
2000-03-23,0.0,41.77,20.15,41.98,7.3
2000-03-24,0.0,41.61,20.19,44.18,8.01
2000-03-25,0.0,41.43,20.17,43.98,10.29
2000-03-26,0.0,39.94,21.06,29.14,12.48
2000-03-27,0.0,39.46,20.04,42.48,12.28
2000-03-28,0.0,40.06,19.94,51.74,15.93
2000-03-29,0.0,40.92,20.18,52.56,17.47
2000-03-30,0.0,40.05,20.05,66.73,20.01
2000-03-31,0.0,43.8,22.07,54.44,16.23
2000-04-01,0.0,44.0,23.7,54.39,15.13
2000-04-02,0.0,38.04,20.43,70.31,27.66
2000-04-03,0.0,37.47,19.81,72.12,24.26
2000-04-04,0.0,38.28,18.77,73.9,20.41
2000-04-05,0.0,42.42,22.22,42.58,14.99
2000-04-06,0.0,43.9,23.65,36.11,12.47
2000-04-07,0.0,38.38,21.15,61.06,24.49
2000-04-08,0.0,39.18,19.97,70.74,20.68
2000-04-09,0.0,40.39,20.22,61.84,19.38
2000-04-10,0.0,41.62,20.72,58.65,14.21
2000-04-11,0.0,42.55,21.41,57.2,12.67
2000-04-12,0.0,44.29,23.51,28.26,9.43
2000-04-13,0.0,44.13,22.96,32.99,8.98
2000-04-14,0.0,45.21,25.39,26.87,10.57
2000-04-15,0.0,45.42,25.24,26.52,10.47
2000-04-16,0.0,43.24,23.13,46.19,14.84
2000-04-17,0.0,45.03,24.68,41.57,13.05
2000-04-18,0.0,42.66,24.63,49.42,17.7
2000-04-19,0.0,44.15,23.5,57.05,13.49
2000-04-20,0.0,43.98,22.5,67.08,9.42
2000-04-21,0.0,46.15,24.52,34.69,6.36
2000-04-22,0.0,45.42,26.84,19.39,7.3
2000-04-23,0.0,45.1,25.08,16.68,5.85
2000-04-24,0.0,41.56,22.15,44.78,11.19
2000-04-25,0.0,38.56,22.04,57.42,23.97
2000-04-26,0.0,38.58,22.31,68.15,22.75
2000-04-27,0.0,45.0,21.82,62.91,9.56
2000-04-28,0.0,44.76,25.06,33.8,10.99
2000-04-29,0.0,43.5,23.43,24.3,8.99
2000-04-30,0.0,38.62,20.61,57.62,15.56
2000-05-01,0.0,38.96,19.75,60.18,15.4
2000-05-02,0.0,36.97,18.53,75.37,23.46
2000-05-03,0.0,37.39,20.5,64.67,23.18
2000-05-04,0.0,37.21,21.35,66.42,23.05
2000-05-05,0.0,40.48,21.31,54.53,17.88
2000-05-06,0.0,41.39,21.61,54.8,17.88
2000-05-07,0.0,42.26,22.31,55.07,15.25
2000-05-08,0.0,40.7,22.42,55.19,18.28
2000-05-09,0.0,39.32,21.38,58.9,19.39
2000-05-10,0.0,42.41,21.51,54.35,12.65
2000-05-11,0.0,38.53,21.16,59.0,23.98
2000-05-12,0.0,38.63,20.95,69.33,25.35
2000-05-13,0.0,40.3,22.23,63.77,21.99
2000-05-14,0.0,40.06,20.99,60.61,19.46
2000-05-15,0.0,39.89,21.08,60.83,22.79
2000-05-16,0.0,38.59,21.02,71.18,26.76
2000-05-17,0.0,38.48,20.3,70.64,25.87
2000-05-18,0.0,40.5,21.5,68.91,21.93
2000-05-19,0.0,42.88,22.34,61.54,18.43
2000-05-20,0.0,40.08,21.73,66.64,22.32
2000-05-21,0.0,37.07,22.0,69.49,27.37
2000-05-22,0.0,37.04,20.8,63.25,28.37
2000-05-23,0.0,35.99,21.3,57.71,24.87
2000-05-24,0.0,40.99,21.83,72.21,21.43
2000-05-25,0.0,42.88,24.07,58.23,18.72
2000-05-26,0.0,43.55,26.63,48.08,16.58
2000-05-27,0.0,42.22,23.33,67.2,16.25
2000-05-28,0.0,39.05,22.32,68.73,27.78
2000-05-29,0.0,39.94,21.86,70.93,22.42
2000-05-30,0.0,41.83,22.28,68.35,17.59
2000-05-31,0.0,42.58,22.3,68.56,14.8
2000-06-01,0.0,40.01,24.53,70.06,24.26
2000-06-02,0.0,39.03,24.87,80.73,33.77
2000-06-03,0.0,39.77,24.04,80.01,26.13
2000-06-04,0.0,39.65,23.09,66.49,23.04
2000-06-05,0.0,37.57,21.57,70.35,22.54
2000-06-06,0.0,37.14,20.65,63.53,22.83
2000-06-07,0.0,37.51,20.8,71.31,25.64
2000-06-08,0.0,38.11,21.54,72.24,24.36
2000-06-09,0.0,38.14,22.99,69.94,31.13
2000-06-10,0.0,36.54,24.5,73.64,37.31
2000-06-11,0.0,38.98,24.45,79.32,28.19
2000-06-12,0.0,40.06,25.02,72.43,31.35
2000-06-13,0.01,39.18,25.34,77.27,32.82
2000-06-14,0.0,39.92,25.36,76.4,29.48
2000-06-15,0.0,40.45,23.94,68.65,23.1
2000-06-16,0.0,38.53,23.23,71.69,31.34
2000-06-17,0.0,38.37,23.22,76.48,33.67
2000-06-18,0.0,38.86,23.59,82.17,35.12
2000-06-19,0.0,39.61,25.65,72.98,31.87
2000-06-20,0.0,40.08,24.09,74.43,28.49
2000-06-21,0.02,38.79,25.1,89.04,42.06
2000-06-22,0.0,38.37,22.78,99.05,39.9
2000-06-23,0.0,38.62,23.68,91.61,39.44
2000-06-24,0.0,38.99,24.04,97.61,38.76
2000-06-25,0.09,37.51,23.14,97.91,45.82
2000-06-26,0.0,34.66,21.8,98.97,57.41
2000-06-27,0.0,38.12,22.21,98.97,38.52
2000-06-28,0.0,39.62,24.13,76.17,31.03
2000-06-29,0.3,39.23,24.88,81.1,36.15
2000-06-30,0.0,39.46,24.8,88.05,32.38
2000-07-01,0.0,38.51,25.35,69.93,32.51
2000-07-02,0.0,38.57,25.1,75.19,33.74
2000-07-03,0.0,38.65,24.22,80.99,33.43
2000-07-04,0.0,38.04,24.04,80.38,32.09
2000-07-05,0.0,37.77,24.2,78.06,35.07
2000-07-06,16.82,38.46,24.8,74.26,34.58
2000-07-07,20.49,34.92,25.17,98.31,50.23
2000-07-08,5.19,29.9,22.97,99.43,76.02
2000-07-09,0.0,32.75,23.05,99.21,64.29
2000-07-10,0.0,32.09,23.02,97.16,63.44
2000-07-11,0.0,33.0,22.71,92.6,57.78
2000-07-12,1.62,33.59,23.07,91.58,49.93
2000-07-13,1.26,35.63,23.49,79.22,46.35
2000-07-14,0.04,36.74,24.88,80.51,41.82
2000-07-15,0.0,36.72,25.76,73.65,40.48
2000-07-16,0.14,34.49,24.36,88.25,53.46
2000-07-17,0.07,35.5,24.85,95.08,53.14
2000-07-18,0.0,33.85,25.13,97.79,60.16
2000-07-19,0.0,31.32,22.31,99.13,62.94
2000-07-20,0.0,33.51,21.85,93.61,53.28
2000-07-21,0.64,32.91,24.6,94.68,59.89
2000-07-22,0.92,29.11,22.79,99.85,77.36
2000-07-23,2.4,32.9,23.27,99.88,65.38
2000-07-24,1.64,33.17,23.67,99.76,66.14
2000-07-25,6.42,32.61,24.08,99.63,68.17
2000-07-26,3.84,30.83,23.87,99.63,72.78
2000-07-27,25.27,27.49,22.74,99.7,86.94
2000-07-28,3.37,30.54,22.88,99.82,75.9
2000-07-29,1.67,30.77,22.39,99.2,69.85
2000-07-30,0.2,31.5,22.74,99.47,71.07
2000-07-31,3.49,29.95,22.78,99.54,72.53
2000-08-01,3.41,26.37,21.85,99.93,89.11
2000-08-02,18.13,31.83,21.94,99.82,67.44
2000-08-03,0.15,32.3,22.42,99.64,65.37
2000-08-04,5.95,30.88,22.56,99.29,66.99
2000-08-05,0.0,29.97,22.31,99.45,76.64
2000-08-06,0.0,31.43,22.75,99.61,63.18
2000-08-07,0.0,32.21,21.81,94.94,63.41
2000-08-08,1.18,32.63,22.72,99.71,65.9
2000-08-09,2.73,32.44,23.81,99.37,69.18
2000-08-10,1.16,31.26,23.75,99.84,71.62
2000-08-11,0.0,32.3,23.19,99.61,64.83
2000-08-12,0.95,32.96,22.44,95.79,63.39
2000-08-13,0.06,33.06,23.99,99.21,65.89
2000-08-14,31.34,31.53,23.15,99.76,69.26
2000-08-15,0.0,32.69,23.14,99.63,61.21
2000-08-16,0.0,32.63,23.69,97.78,63.23
2000-08-17,0.14,32.33,23.06,98.95,63.13
2000-08-18,4.05,33.49,23.72,96.37,61.19
2000-08-19,7.43,33.83,24.71,91.98,60.79
2000-08-20,23.42,33.42,23.94,99.83,60.68
2000-08-21,6.61,30.9,22.66,99.89,70.35
2000-08-22,0.22,32.84,22.26,99.98,60.81
2000-08-23,0.0,33.35,23.78,99.2,64.2
2000-08-24,0.0,35.3,24.5,95.01,56.07
2000-08-25,4.37,34.02,25.07,90.02,59.32
2000-08-26,0.33,34.46,24.44,96.82,53.78
2000-08-27,0.06,34.04,25.2,91.14,56.95
2000-08-28,1.03,35.79,24.99,87.87,53.27
2000-08-29,0.22,36.14,25.21,92.14,52.98
2000-08-30,7.39,35.29,24.8,90.62,50.13
2000-08-31,0.55,36.54,24.59,74.96,43.78
2000-09-01,0.02,37.65,24.85,73.01,39.17
2000-09-02,0.53,38.83,25.54,69.55,34.99
2000-09-03,20.52,37.95,25.15,86.22,41.68
2000-09-04,3.0,38.51,24.64,82.83,32.45
2000-09-05,0.0,39.37,24.84,77.11,33.29
2000-09-06,0.0,37.99,25.14,81.06,45.6
2000-09-07,0.0,37.51,25.36,88.92,44.54
2000-09-08,0.1,36.23,24.73,95.35,49.85
2000-09-09,0.01,35.52,23.12,98.27,50.08
2000-09-10,0.1,37.17,24.0,82.52,44.66
2000-09-11,0.0,36.2,23.64,93.63,44.81
2000-09-12,0.0,37.13,25.07,84.16,46.35
2000-09-13,0.0,36.74,24.37,86.66,46.14
2000-09-14,19.76,36.46,24.51,98.42,50.38
2000-09-15,0.59,33.51,22.73,99.98,65.4
2000-09-16,3.96,34.57,23.47,99.7,62.3
2000-09-17,0.0,35.34,23.3,97.52,54.22
2000-09-18,0.22,37.15,23.87,94.98,45.45
2000-09-19,2.24,37.62,24.29,92.4,41.93
2000-09-20,0.0,37.69,23.58,83.54,42.45
2000-09-21,0.25,36.39,24.31,94.54,45.86
2000-09-22,19.5,33.49,24.81,99.92,63.04
2000-09-23,0.0,31.5,22.56,99.96,73.51
2000-09-24,0.0,35.21,22.73,99.85,48.39
2000-09-25,1.14,37.83,23.71,82.84,37.84
2000-09-26,0.02,33.87,24.93,93.45,59.75
2000-09-27,0.0,30.67,23.05,96.2,68.12
2000-09-28,0.0,35.23,21.95,97.48,43.83
2000-09-29,0.0,38.27,23.25,82.05,35.29
2000-09-30,3.81,37.57,23.42,84.66,37.59
2000-10-01,7.75,38.93,24.66,99.97,45.7
2000-10-02,2.28,33.37,22.07,99.63,62.44
2000-10-03,12.6,33.71,23.0,100.0,65.88
2000-10-04,0.0,36.0,21.7,99.94,44.63
2000-10-05,0.0,38.22,23.32,88.33,35.63
2000-10-06,0.04,37.96,23.04,98.3,35.75
2000-10-07,0.0,39.39,23.3,82.73,14.47
2000-10-08,0.0,38.16,22.14,73.33,18.73
2000-10-09,0.0,39.06,22.44,78.26,22.82
2000-10-10,0.0,40.68,23.66,72.22,17.67
2000-10-11,0.0,40.94,23.93,74.99,22.78
2000-10-12,0.04,38.11,24.26,92.47,40.89
2000-10-13,12.53,35.46,23.28,99.57,54.97
2000-10-14,13.26,26.94,21.7,99.61,93.21
2000-10-15,13.27,29.88,20.74,99.72,74.52
2000-10-16,1.2,28.56,21.72,99.91,84.48
2000-10-17,0.4,30.97,21.06,99.9,64.73
2000-10-18,13.27,35.68,22.75,92.77,40.39
2000-10-19,0.0,35.68,22.65,79.68,31.89
2000-10-20,0.0,37.64,23.18,50.51,18.52
2000-10-21,0.0,37.62,22.5,33.88,15.65
2000-10-22,0.0,37.2,21.47,36.8,15.25
2000-10-23,0.0,36.39,20.37,41.3,15.47
2000-10-24,0.0,36.1,20.45,50.92,18.56
2000-10-25,0.0,36.88,21.23,45.93,20.82
2000-10-26,0.0,39.64,23.98,44.28,18.86
2000-10-27,0.0,40.94,24.55,41.33,18.95
2000-10-28,0.0,41.34,25.28,43.87,15.27
2000-10-29,0.0,40.67,24.53,70.23,18.94
2000-10-30,0.0,39.95,23.48,58.43,18.36
2000-10-31,0.0,39.21,22.83,70.16,23.42
2000-11-01,0.0,40.4,21.8,75.53,24.17
2000-11-02,0.0,40.93,22.75,60.52,15.8
2000-11-03,0.0,39.65,21.8,37.7,15.62
2000-11-04,0.0,39.49,20.82,31.23,10.52
2000-11-05,0.0,41.05,21.16,30.58,11.0
2000-11-06,0.0,41.56,21.43,24.05,8.97
2000-11-07,0.0,40.82,21.61,33.93,12.82
2000-11-08,0.0,40.13,21.44,52.86,18.68
2000-11-09,0.0,39.88,21.61,78.49,18.97
2000-11-10,0.0,39.44,20.21,59.6,14.41
2000-11-11,0.0,37.04,19.28,74.28,22.08
2000-11-12,0.0,34.95,18.93,72.33,31.15
2000-11-13,0.0,36.93,19.84,73.53,32.78
2000-11-14,0.0,38.4,20.47,77.32,26.89
2000-11-15,0.0,38.26,20.31,83.27,22.09
2000-11-16,0.0,38.13,21.2,67.88,20.22
2000-11-17,0.0,40.32,23.02,42.29,17.76
2000-11-18,0.0,39.36,21.07,38.77,17.22
2000-11-19,0.0,39.45,20.35,33.86,15.19
2000-11-20,0.0,38.25,19.69,33.9,14.08
2000-11-21,0.0,38.28,20.12,27.2,12.46
2000-11-22,0.0,35.82,18.76,21.17,6.93
2000-11-23,0.0,36.22,18.44,17.33,7.1
2000-11-24,0.0,35.78,17.83,21.6,7.78
2000-11-25,0.0,35.05,17.53,18.98,8.17
2000-11-26,0.0,35.84,17.62,21.19,8.87
2000-11-27,0.0,35.84,17.29,27.66,10.4
2000-11-28,0.0,36.11,17.27,28.12,9.98
2000-11-29,0.0,38.47,18.32,29.73,11.27
2000-11-30,0.0,39.44,19.79,30.12,10.32
2000-12-01,0.0,39.15,19.2,25.45,11.03
2000-12-02,0.0,37.29,17.72,23.71,9.65
2000-12-03,0.0,36.32,16.79,19.09,8.87
2000-12-04,0.0,36.65,17.32,25.07,11.95
2000-12-05,0.0,35.98,17.33,27.2,14.04
2000-12-06,0.0,37.32,18.2,29.11,12.88
2000-12-07,0.0,38.42,18.1,23.57,11.95
2000-12-08,0.0,37.83,18.3,21.42,10.33
2000-12-09,0.0,37.23,17.65,25.15,10.61
2000-12-10,0.0,37.29,17.16,26.42,12.0
2000-12-11,0.0,37.23,17.42,26.44,11.2
2000-12-12,0.0,36.35,17.6,24.76,13.64
2000-12-13,0.0,35.89,16.92,31.48,15.35
2000-12-14,0.0,36.94,17.73,35.27,14.44
2000-12-15,0.0,36.95,17.91,25.76,11.77
2000-12-16,0.0,36.67,17.4,29.24,12.64
2000-12-17,0.0,36.63,17.62,28.51,12.74
2000-12-18,0.0,36.0,17.23,31.92,13.99
2000-12-19,0.0,36.07,17.93,30.63,13.18
2000-12-20,0.0,31.12,15.47,42.15,17.12
2000-12-21,0.0,30.08,14.27,48.67,19.92
2000-12-22,0.0,31.63,16.55,38.25,21.1
2000-12-23,0.0,32.14,14.64,40.93,17.58
2000-12-24,0.0,33.18,15.6,39.05,16.07
2000-12-25,0.0,33.68,16.36,32.31,15.43
2000-12-26,0.0,34.73,17.51,29.44,13.56
2000-12-27,0.0,34.83,16.46,39.63,15.43
2000-12-28,0.0,34.81,16.62,39.04,19.53
2000-12-29,0.0,34.24,15.9,53.36,23.84
2000-12-30,0.0,34.58,14.89,52.99,20.26
2000-12-31,0.0,36.38,16.21,43.73,17.15
2001-01-01,0.0,36.28,17.37,33.22,14.62
2001-01-02,0.0,36.03,16.69,28.51,12.04
2001-01-03,0.0,35.8,16.78,28.57,12.68
2001-01-04,0.0,37.83,18.03,24.89,9.53
2001-01-05,0.0,33.09,16.75,23.16,12.09
2001-01-06,0.0,35.97,16.51,22.71,9.61
2001-01-07,0.0,34.65,15.47,20.74,10.0
2001-01-08,0.0,32.84,15.93,21.91,10.91
2001-01-09,0.0,35.96,17.04,22.08,11.9
2001-01-10,0.0,35.04,17.06,25.11,10.62
2001-01-11,0.0,36.31,17.08,21.24,8.26
2001-01-12,0.0,35.09,16.8,22.58,9.92
2001-01-13,0.0,34.15,16.41,22.08,10.48
2001-01-14,0.0,31.46,15.62,47.22,17.19
2001-01-15,0.0,33.91,15.33,50.13,22.45
2001-01-16,0.0,35.87,16.88,44.51,18.39
2001-01-17,0.0,33.71,16.51,28.04,12.94
2001-01-18,0.0,34.33,14.89,24.86,12.02
2001-01-19,0.0,31.75,15.05,28.68,14.0
2001-01-20,0.0,34.81,15.65,25.24,12.17
2001-01-21,0.0,36.98,17.0,24.66,10.56
2001-01-22,0.0,34.73,16.07,21.2,10.26
2001-01-23,0.0,36.16,15.84,24.93,9.5
2001-01-24,0.0,36.37,16.14,22.67,8.52
2001-01-25,0.0,33.71,15.64,15.52,8.9
2001-01-26,0.0,33.4,13.88,25.38,10.88
2001-01-27,0.0,34.38,14.46,24.78,9.38
2001-01-28,0.0,34.97,14.56,27.66,8.87
2001-01-29,0.0,33.53,14.56,20.62,8.22
2001-01-30,0.0,32.73,14.11,40.55,13.37
2001-01-31,0.0,34.89,15.02,45.47,12.42
2001-02-01,0.0,35.84,16.93,26.25,7.71
2001-02-02,0.0,30.84,15.45,19.94,9.46
2001-02-03,0.0,34.45,16.96,17.89,7.43
2001-02-04,0.0,35.25,15.81,19.27,8.62
2001-02-05,0.0,35.57,16.91,21.29,8.93
2001-02-06,0.0,36.37,17.51,20.26,9.55
2001-02-07,0.0,38.8,18.89,20.43,9.0
2001-02-08,0.0,38.84,19.6,17.54,7.91
2001-02-09,0.0,37.33,18.68,16.52,7.55
2001-02-10,0.0,37.7,17.63,15.47,7.0
2001-02-11,0.0,36.53,18.16,15.93,7.95
2001-02-12,0.0,36.9,18.16,15.93,6.27
2001-02-13,0.0,35.58,17.25,13.0,5.97
2001-02-14,0.0,34.35,15.56,18.25,8.4
2001-02-15,0.0,34.57,15.76,20.02,9.23
2001-02-16,0.0,36.42,17.02,21.12,9.71
2001-02-17,0.0,37.58,18.51,18.36,7.88
2001-02-18,0.0,37.7,19.8,15.9,8.03
2001-02-19,0.0,37.44,21.5,16.33,8.3
2001-02-20,0.0,38.86,21.91,13.29,6.49
2001-02-21,0.0,41.56,22.59,14.83,6.7
2001-02-22,0.0,42.39,22.13,18.98,6.67
2001-02-23,0.0,42.16,21.95,16.19,7.06
2001-02-24,0.0,38.87,20.81,42.13,15.55
2001-02-25,0.0,39.88,21.93,34.59,14.07
2001-02-26,0.0,39.75,22.6,31.28,16.16
2001-02-27,0.0,40.83,23.07,28.82,11.89
2001-02-28,0.0,37.97,20.26,25.85,10.44
2001-03-01,0.0,35.76,17.47,32.17,11.94
2001-03-02,0.0,37.58,17.62,23.66,9.39
2001-03-03,0.0,39.28,19.12,20.03,8.29
2001-03-04,0.0,42.04,20.88,17.55,7.62
2001-03-05,0.0,42.95,21.82,18.07,6.46
2001-03-06,0.0,42.79,22.22,19.63,6.18
2001-03-07,0.0,43.88,22.71,18.45,7.72
2001-03-08,0.0,42.48,22.78,18.03,5.14
2001-03-09,0.0,41.15,20.61,18.21,6.16
2001-03-10,0.0,41.38,21.02,24.82,8.47
2001-03-11,0.0,42.05,21.46,21.08,6.43
2001-03-12,0.0,40.72,20.85,22.98,8.16
2001-03-13,0.0,34.36,17.65,79.02,16.06
2001-03-14,0.0,33.76,16.5,66.45,27.16
2001-03-15,0.0,34.19,16.22,84.13,28.01
2001-03-16,0.0,34.7,17.3,77.74,29.77
2001-03-17,0.0,37.37,17.97,90.94,21.78
2001-03-18,0.0,41.84,19.81,53.17,11.81
2001-03-19,0.0,42.74,22.28,27.85,11.61
2001-03-20,0.0,43.53,23.45,30.31,12.65
2001-03-21,0.0,43.87,23.6,29.92,11.3
2001-03-22,0.0,43.62,24.03,26.16,8.29
2001-03-23,0.0,42.86,22.33,22.06,8.66
2001-03-24,0.0,38.52,19.59,57.45,18.04
2001-03-25,0.0,37.01,18.91,65.22,26.02
2001-03-26,0.0,40.18,20.29,61.96,13.86
2001-03-27,0.0,39.93,20.17,58.67,19.0
2001-03-28,0.0,41.8,20.41,56.49,11.4
2001-03-29,0.0,39.78,22.56,28.43,12.17
2001-03-30,0.0,41.2,21.53,30.11,10.64
2001-03-31,0.0,42.55,21.78,28.29,9.07
2001-04-01,0.0,42.82,22.73,31.01,8.85
2001-04-02,0.0,41.91,22.37,32.31,12.05
2001-04-03,0.0,36.09,18.39,78.01,26.76
2001-04-04,0.0,36.7,18.57,65.92,23.65
2001-04-05,0.0,41.54,18.35,78.31,8.66
2001-04-06,0.0,43.38,22.74,16.92,6.28
2001-04-07,0.0,44.78,23.05,21.47,7.02
2001-04-08,0.0,46.08,24.98,25.16,9.79
2001-04-09,0.0,45.25,24.01,44.43,7.99
2001-04-10,0.0,45.66,25.03,18.26,6.67
2001-04-11,0.0,45.38,25.29,15.71,6.95
2001-04-12,0.0,44.98,24.03,25.88,7.14
2001-04-13,0.0,41.41,22.01,40.45,13.35
2001-04-14,0.0,38.13,20.23,54.88,22.52
2001-04-15,0.0,37.3,19.33,59.52,25.71
2001-04-16,0.0,38.52,20.36,60.27,25.6
2001-04-17,0.0,38.53,21.5,59.58,26.55
2001-04-18,0.0,36.5,19.8,73.7,30.74
2001-04-19,0.0,36.51,19.35,63.83,23.36
2001-04-20,0.0,35.66,19.51,64.59,18.96
2001-04-21,0.0,41.66,23.13,42.67,14.51
2001-04-22,0.0,36.63,19.88,60.49,17.74
2001-04-23,0.0,38.1,19.87,39.5,12.61
2001-04-24,0.0,40.98,20.16,30.81,10.94
2001-04-25,0.0,43.35,21.76,27.37,9.17
2001-04-26,0.0,43.24,22.03,39.43,8.17
2001-04-27,0.0,44.88,22.71,41.27,11.19
2001-04-28,0.0,45.26,24.21,33.26,10.07
2001-04-29,0.0,40.4,22.2,53.94,21.81
2001-04-30,0.0,38.0,19.98,59.44,20.32
2001-05-01,0.0,37.78,19.04,66.62,20.22
2001-05-02,0.0,37.28,20.6,71.93,27.39
2001-05-03,0.0,38.73,21.86,63.28,22.53
2001-05-04,0.0,41.9,21.49,56.01,11.95
2001-05-05,0.26,43.77,23.83,35.11,10.88
2001-05-06,0.0,45.14,25.12,29.1,10.97
2001-05-07,0.0,45.57,27.66,28.32,9.06
2001-05-08,0.0,43.0,26.28,26.81,7.91
2001-05-09,0.0,43.82,23.21,51.81,11.69
2001-05-10,0.0,44.24,24.08,48.48,13.57
2001-05-11,0.0,45.23,26.58,33.9,10.96
2001-05-12,0.0,45.12,25.55,22.04,7.87
2001-05-13,0.0,38.89,21.75,63.2,19.68
2001-05-14,0.0,40.39,20.78,71.06,18.43
2001-05-15,0.0,42.91,21.86,57.9,12.07
2001-05-16,0.0,39.93,21.55,56.59,18.52
2001-05-17,0.0,38.9,20.4,74.29,22.94
2001-05-18,0.0,38.43,21.51,74.97,30.5
2001-05-19,0.0,40.01,23.23,64.2,24.0
2001-05-20,0.0,40.81,22.93,68.4,21.32
2001-05-21,0.0,41.24,22.53,61.31,23.82
2001-05-22,0.0,41.55,22.07,68.93,17.1
2001-05-23,0.0,41.12,22.14,62.13,18.07
2001-05-24,0.0,39.45,21.66,66.56,21.14
2001-05-25,0.0,41.13,22.01,60.26,20.16
2001-05-26,0.0,40.98,21.89,70.43,19.31
2001-05-27,0.0,40.7,21.79,54.88,18.43
2001-05-28,0.0,40.56,22.61,62.49,24.21
2001-05-29,0.0,40.05,22.23,73.78,26.34
2001-05-30,0.0,40.71,23.94,65.73,27.03
2001-05-31,0.0,39.82,23.22,74.4,26.24
2001-06-01,0.0,41.0,23.14,67.07,18.61
2001-06-02,0.0,40.41,24.08,63.69,25.12
2001-06-03,0.0,39.78,24.0,80.6,26.96
2001-06-04,0.0,40.67,23.18,79.98,19.85
2001-06-05,0.0,40.57,23.25,74.81,22.46
2001-06-06,0.0,38.91,25.68,81.55,36.19
2001-06-07,0.0,37.66,24.55,84.97,36.55
2001-06-08,0.0,38.95,24.58,80.74,38.5
2001-06-09,0.0,37.06,22.78,99.3,42.49
2001-06-10,0.0,38.28,24.7,96.37,39.91
2001-06-11,0.0,40.76,23.14,91.33,18.21
2001-06-12,0.0,41.91,24.59,65.24,17.87
2001-06-13,0.0,39.53,23.35,76.57,23.89
2001-06-14,0.0,38.39,24.34,72.07,25.25
2001-06-15,0.0,39.31,23.35,69.13,24.05
2001-06-16,0.0,41.06,24.67,72.9,25.24
2001-06-17,0.0,39.38,24.52,92.82,37.2
2001-06-18,0.0,38.77,24.12,99.08,40.12
2001-06-19,0.0,38.77,24.19,87.77,31.54
2001-06-20,0.0,38.16,24.03,75.85,29.84
2001-06-21,0.0,39.36,22.96,79.24,28.42
2001-06-22,0.0,38.63,23.32,84.74,30.39
2001-06-23,0.0,38.7,24.26,77.89,28.72
2001-06-24,0.0,39.16,24.39,71.52,27.54
2001-06-25,0.44,39.68,25.11,76.8,36.66
2001-06-26,0.0,39.76,24.22,98.94,32.53
2001-06-27,0.0,38.95,23.84,84.45,34.85
2001-06-28,0.87,39.21,24.18,83.2,37.46
2001-06-29,0.25,39.33,23.53,99.4,39.05
2001-06-30,0.0,37.3,22.95,99.11,45.41
2001-07-01,0.03,36.55,23.51,98.23,43.74
2001-07-02,3.58,38.15,25.3,82.59,40.11
2001-07-03,7.21,37.2,24.17,94.59,41.89
2001-07-04,4.9,37.13,24.31,83.23,36.19
2001-07-05,0.0,36.5,25.18,83.79,43.1
2001-07-06,0.0,37.15,24.81,96.97,43.51
2001-07-07,0.0,37.16,23.92,99.35,43.25
2001-07-08,0.02,39.07,24.54,85.11,33.23
2001-07-09,0.01,37.3,26.17,87.96,45.03
2001-07-10,0.02,33.8,23.54,99.74,48.23
2001-07-11,0.0,40.52,23.77,72.58,24.78
2001-07-12,0.02,38.53,25.46,72.22,35.4
2001-07-13,13.28,35.45,24.99,99.89,53.9
2001-07-14,0.0,30.99,22.73,99.61,73.51
2001-07-15,0.0,31.02,22.94,99.44,68.39
2001-07-16,0.0,33.86,22.61,94.27,52.03
2001-07-17,0.0,32.63,24.29,88.19,57.86
2001-07-18,2.8,35.47,24.59,97.36,51.95
2001-07-19,7.2,30.59,23.34,99.92,74.77
2001-07-20,0.0,32.09,22.72,99.71,66.02
2001-07-21,0.75,33.82,23.22,94.63,59.6
2001-07-22,0.0,34.38,24.51,91.35,56.26
2001-07-23,0.0,34.24,24.31,79.19,46.45
2001-07-24,0.08,34.87,23.17,81.49,49.52
2001-07-25,0.13,35.88,25.04,94.56,48.04
2001-07-26,22.39,36.48,25.36,91.56,48.0
2001-07-27,1.1,34.27,24.08,97.7,52.79
2001-07-28,3.81,34.48,24.18,95.81,53.35
2001-07-29,0.03,35.19,23.54,99.24,51.77
2001-07-30,0.0,37.31,24.28,94.41,42.28
2001-07-31,0.55,37.19,24.88,83.06,43.15
2001-08-01,6.52,35.49,25.29,94.88,52.4
2001-08-02,0.36,31.57,22.56,98.74,65.65
2001-08-03,1.2,33.59,23.15,99.56,61.63
2001-08-04,0.0,34.21,24.49,98.34,56.44
2001-08-05,0.51,35.44,24.99,90.17,53.5
2001-08-06,0.0,32.39,23.68,99.88,69.87
2001-08-07,21.84,33.05,23.98,99.77,67.3
2001-08-08,0.0,33.22,23.49,99.26,64.28
2001-08-09,1.53,32.39,23.74,98.14,65.22
2001-08-10,2.76,32.17,23.59,99.42,68.04
2001-08-11,0.02,30.84,23.54,99.74,74.4
2001-08-12,7.47,32.55,23.69,99.68,66.53
2001-08-13,0.0,34.09,23.58,99.71,57.97
2001-08-14,0.87,32.94,24.65,90.75,58.08
2001-08-15,11.86,31.23,23.97,96.41,68.71
2001-08-16,0.0,34.75,23.45,93.19,55.43
2001-08-17,0.0,34.0,24.66,99.77,63.7
2001-08-18,0.0,33.41,24.27,99.17,62.42
2001-08-19,0.0,36.06,23.92,92.26,47.3
2001-08-20,0.0,36.43,24.74,79.45,43.06
2001-08-21,0.05,35.86,24.05,76.8,40.5
2001-08-22,0.02,37.7,24.9,73.27,39.35
2001-08-23,0.05,36.92,26.38,88.31,48.02
2001-08-24,24.1,36.92,24.7,98.44,49.13
2001-08-25,0.64,32.69,23.56,99.72,68.99
2001-08-26,2.34,31.5,24.37,99.63,69.67
2001-08-27,2.28,31.38,23.94,99.54,72.13
2001-08-28,1.5,33.61,23.1,99.33,60.37
2001-08-29,0.0,33.81,23.59,98.62,58.81
2001-08-30,0.0,36.12,23.62,84.97,48.91
2001-08-31,0.0,36.26,25.67,83.28,47.74
2001-09-01,21.65,38.98,24.79,81.84,39.62
2001-09-02,2.36,39.36,24.63,86.58,36.59
2001-09-03,0.24,37.43,25.32,87.32,43.84
2001-09-04,27.07,35.09,25.1,98.88,55.66
2001-09-05,0.09,38.11,22.98,96.16,35.54
2001-09-06,16.52,38.51,25.13,91.81,38.57
2001-09-07,0.42,38.15,24.91,84.22,41.1
2001-09-08,4.64,33.26,23.24,99.66,69.5
2001-09-09,0.1,30.69,22.28,99.6,74.97
2001-09-10,0.05,33.49,22.74,99.59,60.99
2001-09-11,0.12,36.73,23.76,96.27,43.31
2001-09-12,0.0,37.11,24.73,93.66,45.86
2001-09-13,0.0,37.49,26.31,87.68,48.31
2001-09-14,0.0,35.8,23.95,95.83,51.28
2001-09-15,17.98,37.19,24.61,88.51,44.79
2001-09-16,2.93,34.11,23.28,99.72,57.6
2001-09-17,4.21,32.4,22.23,99.64,63.64
2001-09-18,11.48,35.36,23.11,97.36,55.05
2001-09-19,0.0,33.11,23.16,99.7,67.1
2001-09-20,0.64,34.92,23.39,99.86,57.61
2001-09-21,0.0,34.17,23.96,99.38,57.62
2001-09-22,0.0,33.04,23.32,99.66,63.03
2001-09-23,0.0,33.89,22.15,99.64,51.29
2001-09-24,1.17,36.91,24.03,85.74,44.85
2001-09-25,0.0,34.93,24.34,99.68,54.8
2001-09-26,0.0,34.5,22.74,99.69,53.09
2001-09-27,0.0,36.9,24.35,82.62,47.72
2001-09-28,0.83,36.73,24.87,90.98,48.99
2001-09-29,0.0,38.61,24.55,86.52,31.85
2001-09-30,0.0,37.22,24.95,85.09,43.08
2001-10-01,5.49,37.9,24.69,99.45,47.98
2001-10-02,0.0,34.1,22.3,99.67,57.25
2001-10-03,0.0,40.68,23.02,92.84,18.12
2001-10-04,0.0,40.32,23.95,59.97,18.82
2001-10-05,0.0,40.02,25.06,78.4,29.37
2001-10-06,0.0,39.48,24.44,97.19,37.73
2001-10-07,0.0,41.35,25.29,83.71,30.35
2001-10-08,0.0,41.27,25.41,82.3,22.11
2001-10-09,0.0,42.76,24.51,69.49,18.92
2001-10-10,0.0,39.84,25.15,74.95,34.89
2001-10-11,7.3,34.35,22.65,99.47,69.08
2001-10-12,3.4,30.93,21.98,99.69,78.9
2001-10-13,0.0,34.54,21.82,99.4,49.01
2001-10-14,0.0,37.98,23.25,93.77,40.62
2001-10-15,0.0,39.07,24.86,97.84,37.58
2001-10-16,0.0,39.06,25.32,94.31,25.69
2001-10-17,0.0,40.76,23.95,62.06,15.56
2001-10-18,0.0,40.94,25.71,57.62,23.98
2001-10-19,0.0,41.84,26.26,50.41,18.17
2001-10-20,0.0,42.46,26.25,40.44,12.9
2001-10-21,0.0,42.71,25.31,34.3,12.9
2001-10-22,0.0,40.33,24.29,63.04,24.71
2001-10-23,0.0,40.31,24.68,70.65,21.37
2001-10-24,0.0,42.03,23.56,64.25,11.08
2001-10-25,0.0,41.81,25.45,28.65,13.94
2001-10-26,0.0,41.05,24.39,63.03,17.58
2001-10-27,0.0,40.81,24.14,75.46,9.88
2001-10-28,0.0,41.23,23.27,51.09,10.0
2001-10-29,0.0,41.96,23.93,26.49,11.22
2001-10-30,0.0,40.71,24.24,32.34,9.06
2001-10-31,0.0,40.28,23.99,43.48,13.85
2001-11-01,0.0,38.46,21.98,93.19,42.52
2001-11-02,0.0,37.2,21.61,99.46,34.06
2001-11-03,1.81,39.34,22.02,40.24,11.58
2001-11-04,0.0,40.21,20.2,32.5,12.68
2001-11-05,0.0,40.85,21.78,43.04,14.0
2001-11-06,0.0,41.5,22.11,31.99,10.07
2001-11-07,0.0,41.4,21.1,29.18,9.44
2001-11-08,0.0,41.63,21.01,29.3,8.83
2001-11-09,0.0,41.74,21.2,27.54,9.59
2001-11-10,0.0,40.81,21.07,40.75,11.75
2001-11-11,0.0,38.48,20.31,51.41,18.55
2001-11-12,0.0,37.91,19.46,49.86,17.26
2001-11-13,0.0,39.21,20.03,43.12,16.98
2001-11-14,0.0,39.6,20.41,37.99,15.81
2001-11-15,0.0,40.29,20.77,39.5,15.59
2001-11-16,0.0,41.32,21.5,37.15,13.71
2001-11-17,0.0,41.68,21.37,33.98,11.17
2001-11-18,0.0,42.38,22.38,32.84,11.76
2001-11-19,0.0,40.12,20.76,26.54,8.0
2001-11-20,0.0,40.12,21.38,33.17,10.11
2001-11-21,0.0,34.61,18.97,70.58,18.62
2001-11-22,0.0,35.48,18.97,68.64,25.09
2001-11-23,0.0,34.99,18.17,74.4,24.89
2001-11-24,0.0,36.06,19.28,72.39,23.1
2001-11-25,0.0,36.87,20.14,73.5,23.08
2001-11-26,0.0,35.81,21.88,72.83,31.57
2001-11-27,0.18,32.93,19.7,87.17,39.2
2001-11-28,0.0,35.13,19.33,71.1,20.43
2001-11-29,0.05,37.51,20.63,49.41,21.74
2001-11-30,0.0,36.05,20.8,52.44,21.96
2001-12-01,0.0,36.81,20.21,42.44,22.83
2001-12-02,0.0,35.92,20.36,36.83,18.54
2001-12-03,0.0,36.37,19.73,32.85,14.9
2001-12-04,0.0,35.84,19.16,23.61,14.68
2001-12-05,0.0,32.81,19.83,27.8,17.53
2001-12-06,0.0,38.36,20.08,36.34,15.02
2001-12-07,0.0,39.55,20.75,32.48,15.73
2001-12-08,0.0,40.35,21.26,33.02,15.2
2001-12-09,0.0,38.69,20.3,29.21,13.37
2001-12-10,0.0,37.57,20.55,31.33,12.23
2001-12-11,0.0,37.18,21.63,25.47,13.61
2001-12-12,0.0,38.33,19.6,26.08,13.75
2001-12-13,0.0,36.17,18.36,30.36,14.74
2001-12-14,0.0,36.47,18.05,32.96,17.8
2001-12-15,0.0,37.6,19.44,34.36,15.69
2001-12-16,0.0,37.69,18.64,33.64,15.27
2001-12-17,0.0,37.16,20.39,29.48,15.4
2001-12-18,0.0,40.1,19.66,31.63,14.04
2001-12-19,0.0,40.87,20.7,34.49,15.09
2001-12-20,0.0,41.09,21.2,32.84,14.89
2001-12-21,0.0,40.27,20.24,47.26,17.68
2001-12-22,0.0,39.48,19.46,52.23,18.15
2001-12-23,0.0,40.25,20.43,54.7,15.85
2001-12-24,0.0,38.52,19.11,76.65,17.33
2001-12-25,0.0,41.35,19.64,39.37,12.72
2001-12-26,0.0,41.61,21.1,24.97,7.77
2001-12-27,0.0,40.67,20.04,23.45,8.59
2001-12-28,0.0,38.78,21.79,32.14,13.34
2001-12-29,0.0,39.6,21.88,36.04,10.1
2001-12-30,0.0,38.93,20.08,42.28,15.55
2001-12-31,0.0,37.99,18.7,34.61,8.05
2002-01-01,0.0,33.25,17.73,99.51,22.25
2002-01-02,0.0,34.74,17.72,93.03,19.12
2002-01-03,0.0,38.09,18.22,42.64,12.84
2002-01-04,0.0,37.5,18.28,24.31,8.96
2002-01-05,0.0,37.84,18.17,23.58,10.11
2002-01-06,0.0,32.1,15.93,97.2,30.44
2002-01-07,0.0,32.24,15.13,99.89,44.83
2002-01-08,0.0,32.99,16.55,96.75,42.63
2002-01-09,0.03,29.91,18.17,99.86,51.91
2002-01-10,0.41,22.12,14.87,99.85,88.94
2002-01-11,2.26,21.74,13.49,99.95,78.97
2002-01-12,0.0,29.66,13.74,99.13,55.94
2002-01-13,0.0,34.19,16.27,80.43,20.62
2002-01-14,0.0,33.92,16.2,40.78,18.29
2002-01-15,0.0,35.04,16.74,36.99,16.15
2002-01-16,0.0,35.39,17.39,32.67,15.12
2002-01-17,0.0,36.1,18.04,32.18,16.0
2002-01-18,0.0,35.4,18.71,28.33,14.46
2002-01-19,0.0,32.12,19.81,24.8,16.19
2002-01-20,0.0,32.86,18.66,28.7,17.77
2002-01-21,0.0,31.18,19.97,23.5,15.04
2002-01-22,0.0,31.89,18.27,22.27,15.22
2002-01-23,0.0,35.24,17.96,27.08,13.31
2002-01-24,0.0,35.04,17.56,25.38,13.95
2002-01-25,0.0,38.04,19.05,24.13,11.36
2002-01-26,0.0,36.95,18.44,20.58,11.38
2002-01-27,0.0,35.93,18.05,20.3,8.38
2002-01-28,0.0,36.77,17.4,16.61,8.65
2002-01-29,0.0,36.18,17.46,14.49,6.43
2002-01-30,0.0,35.83,17.06,18.31,9.09
2002-01-31,0.0,36.57,17.03,22.32,9.93
2002-02-01,0.0,37.05,18.02,23.78,9.75
2002-02-02,0.0,37.01,20.99,20.05,9.87
2002-02-03,0.0,34.44,20.62,18.2,10.51
2002-02-04,0.0,35.18,19.84,20.45,11.02
2002-02-05,0.0,33.59,19.38,21.23,12.07
2002-02-06,0.0,34.37,17.74,23.7,11.53
2002-02-07,0.0,35.07,16.1,25.07,10.65
2002-02-08,0.0,36.74,17.16,26.09,8.98
2002-02-09,0.0,36.2,18.02,17.27,8.03
2002-02-10,0.0,34.2,18.1,21.62,9.1
2002-02-11,0.0,35.85,17.77,20.31,8.31
2002-02-12,0.0,39.29,19.01,17.94,7.24
2002-02-13,0.0,40.27,20.95,18.83,7.35
2002-02-14,0.0,39.24,19.75,22.47,8.91
2002-02-15,0.0,39.48,19.29,22.1,8.26
2002-02-16,0.0,38.1,18.85,30.76,9.82
2002-02-17,0.0,34.91,17.67,62.5,18.29
2002-02-18,0.0,33.47,16.87,61.69,21.82
2002-02-19,0.0,35.83,17.67,42.7,18.07
2002-02-20,0.0,37.63,19.61,34.13,13.84
2002-02-21,0.0,39.41,20.85,30.54,12.75
2002-02-22,0.0,33.68,17.53,70.02,29.17
2002-02-23,0.0,38.14,22.1,49.82,21.12
2002-02-24,0.02,39.06,18.93,68.75,12.92
2002-02-25,0.0,41.47,21.83,24.89,10.57
2002-02-26,0.0,36.31,21.35,21.5,8.9
2002-02-27,0.0,36.47,19.35,20.65,7.67
2002-02-28,0.0,37.52,18.47,16.07,6.63
2002-03-01,0.0,38.23,18.13,15.6,6.45
2002-03-02,0.0,38.48,18.83,18.84,6.69
2002-03-03,0.0,36.53,19.05,36.42,9.11
2002-03-04,0.0,37.11,18.99,68.38,16.96
2002-03-05,0.0,38.37,19.95,44.79,16.69
2002-03-06,0.0,38.07,19.75,36.32,15.46
2002-03-07,0.0,38.9,19.56,32.39,12.96
2002-03-08,0.0,38.99,19.35,23.76,10.0
2002-03-09,0.0,37.93,19.23,34.36,12.96
2002-03-10,0.0,39.36,19.57,34.3,13.6
2002-03-11,0.0,36.96,18.33,62.22,18.79
2002-03-12,0.0,34.51,17.74,72.04,25.36
2002-03-13,0.0,34.97,17.96,56.3,20.89
2002-03-14,0.0,37.26,17.83,49.46,16.9
2002-03-15,0.0,38.31,19.59,35.57,14.63
2002-03-16,0.0,37.67,19.98,30.2,14.12
2002-03-17,0.0,36.57,19.87,31.4,12.38
2002-03-18,0.0,38.41,18.59,32.21,10.47
2002-03-19,0.0,40.85,20.29,21.3,7.85
2002-03-20,0.0,42.76,22.15,22.99,7.1
2002-03-21,0.0,43.45,23.35,17.76,7.52
2002-03-22,0.0,42.75,22.67,17.67,8.11
2002-03-23,0.0,42.32,23.16,19.41,8.74
2002-03-24,0.0,41.84,21.89,35.37,9.64
2002-03-25,0.0,39.95,20.6,50.28,11.91
2002-03-26,0.0,35.11,19.4,66.12,24.79
2002-03-27,0.0,36.45,19.23,57.52,21.9
2002-03-28,0.0,33.83,19.16,72.09,29.89
2002-03-29,0.0,38.53,20.73,61.79,21.15
2002-03-30,0.0,37.14,19.13,67.4,20.3
2002-03-31,0.0,33.82,19.03,74.71,31.07
2002-04-01,0.0,33.85,19.98,66.27,24.31
2002-04-02,0.0,37.05,19.13,81.61,20.21
2002-04-03,0.0,38.81,20.45,47.34,15.12
2002-04-04,0.0,39.18,19.99,34.32,14.44
2002-04-05,0.0,39.71,19.78,46.52,14.6
2002-04-06,0.0,37.18,18.53,68.84,22.11
2002-04-07,0.0,34.23,16.31,92.03,30.02
2002-04-08,0.0,35.22,17.52,82.05,29.99
2002-04-09,0.0,35.68,19.52,69.6,25.78
2002-04-10,0.0,35.52,19.28,66.22,23.92
2002-04-11,0.0,34.86,18.61,68.16,20.04
2002-04-12,0.0,36.29,18.19,68.63,21.11
2002-04-13,0.0,34.96,17.82,74.44,24.72
2002-04-14,0.0,38.22,17.41,75.98,15.82
2002-04-15,0.0,41.15,20.65,35.33,13.36
2002-04-16,0.0,41.92,21.44,29.44,10.39
2002-04-17,0.0,42.36,21.58,38.74,11.18
2002-04-18,0.0,41.71,21.83,38.2,13.88
2002-04-19,0.0,40.49,21.31,32.57,11.23
2002-04-20,0.0,41.79,20.63,31.19,10.75
2002-04-21,0.0,41.0,20.57,44.13,11.29
2002-04-22,0.0,38.69,19.75,62.59,17.97
2002-04-23,0.0,40.5,20.91,64.9,16.47
2002-04-24,0.0,44.97,24.21,40.58,7.81
2002-04-25,0.0,40.15,25.9,13.61,7.49
2002-04-26,0.0,43.33,24.44,15.45,7.73
2002-04-27,0.0,44.41,24.59,16.95,6.93
2002-04-28,0.0,43.26,24.78,18.48,7.79
2002-04-29,0.0,43.31,23.37,38.82,12.26
2002-04-30,0.0,40.1,20.85,53.68,19.73
2002-05-01,0.0,39.9,20.41,67.4,13.47
2002-05-02,0.0,40.86,20.24,59.28,11.82
2002-05-03,0.0,37.76,19.94,61.1,20.97
2002-05-04,0.0,36.75,19.61,69.34,27.95
2002-05-05,0.0,38.0,19.73,70.84,22.77
2002-05-06,0.0,38.42,19.53,65.11,15.6
2002-05-07,0.0,37.94,18.82,66.5,16.94
2002-05-08,0.0,36.72,19.36,71.76,24.4
2002-05-09,0.0,38.85,21.03,64.24,20.36
2002-05-10,0.0,43.45,23.02,42.41,13.21
2002-05-11,0.0,43.94,25.0,28.66,10.72
2002-05-12,0.0,44.45,24.55,23.57,9.56
2002-05-13,0.0,44.48,23.89,35.48,11.33
2002-05-14,0.0,45.6,23.31,39.56,9.81
2002-05-15,0.0,46.52,25.61,40.45,10.3
2002-05-16,0.0,40.43,24.94,66.66,29.04
2002-05-17,0.0,46.28,23.51,64.97,8.22
2002-05-18,0.0,44.41,26.14,45.15,15.95
2002-05-19,0.0,41.41,24.76,73.48,30.88
2002-05-20,0.0,40.25,23.05,71.0,22.03
2002-05-21,0.0,38.78,20.28,76.68,25.57
2002-05-22,0.0,40.2,21.31,70.6,18.51
2002-05-23,0.0,43.29,22.21,60.36,13.83
2002-05-24,0.04,43.19,24.22,44.81,18.6
2002-05-25,0.0,43.83,24.86,67.08,14.02
2002-05-26,0.0,44.52,25.35,54.79,14.28
2002-05-27,0.0,45.64,25.97,43.76,11.43
2002-05-28,0.0,45.54,26.0,42.01,11.44
2002-05-29,0.0,42.23,23.28,50.87,16.13
2002-05-30,0.0,41.16,21.86,58.93,17.67
2002-05-31,0.0,42.34,22.48,55.67,14.6
2002-06-01,0.0,44.11,23.65,56.65,12.38
2002-06-02,0.0,44.37,26.35,44.79,13.74
2002-06-03,0.0,42.32,25.53,68.98,22.28
2002-06-04,0.0,40.54,25.07,71.65,27.88
2002-06-05,0.0,37.06,25.51,98.78,46.96
2002-06-06,0.0,37.36,22.22,98.36,39.21
2002-06-07,0.0,40.59,23.05,67.82,18.95
2002-06-08,0.0,44.1,25.46,51.11,12.59
2002-06-09,0.0,41.02,25.59,49.2,18.16
2002-06-10,0.0,39.01,22.84,73.63,27.35
2002-06-11,0.0,38.86,23.37,72.68,25.27
2002-06-12,0.98,40.39,24.26,65.9,26.48
2002-06-13,0.0,38.3,25.15,75.37,33.64
2002-06-14,0.0,38.53,22.72,77.53,30.13
2002-06-15,0.0,39.73,23.26,72.99,21.15
2002-06-16,0.23,38.44,22.3,78.2,27.15
2002-06-17,1.12,40.16,24.74,67.29,32.93
2002-06-18,0.0,38.47,24.02,96.45,39.17
2002-06-19,0.0,39.26,24.18,82.79,28.01
2002-06-20,0.0,38.97,24.14,78.27,33.49
2002-06-21,14.16,39.09,25.17,83.7,40.17
2002-06-22,0.85,38.67,23.21,98.62,37.69
2002-06-23,0.0,41.39,25.6,68.06,27.83
2002-06-24,0.0,38.37,24.44,85.13,39.81
2002-06-25,0.0,37.72,24.46,98.98,40.3
2002-06-26,0.72,38.47,24.35,91.19,37.37
2002-06-27,0.86,38.54,24.74,85.66,36.57
2002-06-28,0.94,39.58,25.31,79.21,29.03
2002-06-29,0.0,41.43,25.68,74.08,21.06
2002-06-30,0.0,41.2,25.15,65.94,27.54
2002-07-01,0.0,38.8,25.97,77.26,34.49
2002-07-02,0.0,36.75,24.66,92.33,43.78
2002-07-03,0.0,36.2,23.55,91.87,40.73
2002-07-04,0.0,42.21,23.88,65.62,14.91
2002-07-05,9.04,39.75,25.55,55.73,25.4
2002-07-06,5.53,39.17,25.75,83.91,38.77
2002-07-07,4.07,37.94,24.57,94.9,42.03
2002-07-08,0.0,37.76,24.38,87.44,34.86
2002-07-09,0.0,40.02,25.15,71.11,23.62
2002-07-10,0.0,38.59,24.93,65.54,26.46
2002-07-11,0.0,39.63,24.47,66.84,25.38
2002-07-12,0.0,38.89,24.14,68.84,27.65
2002-07-13,0.0,39.67,26.04,61.74,30.92
2002-07-14,0.0,39.76,25.79,72.73,34.13
2002-07-15,0.0,37.86,25.39,81.79,39.07
2002-07-16,0.0,37.27,24.57,80.42,35.92
2002-07-17,0.0,37.4,24.32,74.72,32.32
2002-07-18,0.0,37.51,24.76,63.2,33.31
2002-07-19,0.0,36.65,24.96,65.01,28.18
2002-07-20,0.0,38.32,24.28,65.28,29.23
2002-07-21,0.0,39.44,26.04,63.69,29.54
2002-07-22,0.42,40.26,26.48,70.56,30.05
2002-07-23,0.65,39.33,26.14,68.28,28.33
2002-07-24,3.38,39.71,25.82,73.04,30.33
2002-07-25,0.0,38.48,26.5,81.45,39.64
2002-07-26,0.0,36.92,24.61,80.43,34.05
2002-07-27,0.0,37.95,23.07,77.01,30.27
2002-07-28,0.0,37.4,24.43,70.95,33.15
2002-07-29,0.0,37.77,24.07,71.76,31.27
2002-07-30,0.0,37.08,24.1,66.68,30.3
2002-07-31,0.0,38.72,25.5,65.12,28.22
2002-08-01,0.07,39.08,26.02,66.49,32.89
2002-08-02,0.0,38.31,26.04,69.42,34.13
2002-08-03,0.0,34.22,25.23,71.56,37.82
2002-08-04,0.01,37.33,24.39,74.69,34.11
2002-08-05,0.0,38.88,24.74,72.67,29.96
2002-08-06,0.0,40.1,25.66,72.11,29.89
2002-08-07,0.0,38.68,26.92,64.57,36.27
2002-08-08,0.14,39.69,26.58,71.44,30.3
2002-08-09,0.0,37.04,27.09,75.56,38.22
2002-08-10,24.09,38.59,24.7,92.6,40.31
2002-08-11,0.65,37.92,24.67,85.92,41.24
2002-08-12,0.0,40.36,26.17,72.48,33.88
2002-08-13,19.87,37.84,26.59,84.15,39.88
2002-08-14,0.0,37.78,26.05,90.17,41.18
2002-08-15,0.08,38.52,26.74,80.29,39.64
2002-08-16,0.0,38.91,26.55,71.73,36.98
2002-08-17,0.0,38.62,25.94,84.61,34.57
2002-08-18,16.98,39.67,26.37,79.89,35.04
2002-08-19,5.85,36.53,25.88,94.56,50.62
2002-08-20,0.0,35.37,24.14,97.89,53.74
2002-08-21,0.84,37.29,24.72,92.5,44.0
2002-08-22,0.06,37.08,24.37,92.06,43.02
2002-08-23,2.14,39.09,26.12,72.2,40.02
2002-08-24,0.11,38.23,26.09,82.37,39.64
2002-08-25,26.25,38.34,25.91,99.86,42.65
2002-08-26,0.0,32.88,23.41,99.93,55.72
2002-08-27,0.0,36.43,24.23,93.3,49.09
2002-08-28,17.1,36.35,25.12,88.29,46.95
2002-08-29,0.44,33.52,24.01,90.24,57.03
2002-08-30,3.54,38.57,25.02,82.36,37.94
2002-08-31,6.76,36.13,26.46,90.43,50.23
2002-09-01,2.58,33.42,23.57,99.73,58.4
2002-09-02,1.68,38.63,23.77,87.84,38.5
2002-09-03,0.0,40.59,25.43,79.57,32.16
2002-09-04,0.0,40.25,26.24,72.88,34.73
2002-09-05,1.2,40.11,26.8,73.64,32.7
2002-09-06,1.62,38.0,25.86,78.42,39.86
2002-09-07,4.42,39.23,25.43,77.29,36.01
2002-09-08,0.25,37.74,25.18,82.25,43.79
2002-09-09,1.53,33.51,23.73,98.79,62.76
2002-09-10,16.8,33.2,24.2,97.31,68.65
2002-09-11,0.57,34.39,23.71,98.01,56.95
2002-09-12,0.0,37.16,23.57,93.32,45.25
2002-09-13,0.0,36.04,25.4,97.83,51.83
2002-09-14,0.02,31.69,23.54,99.33,69.91
2002-09-15,0.0,30.88,23.81,98.76,74.52
2002-09-16,0.0,34.06,23.74,97.6,61.85
2002-09-17,4.15,34.91,24.12,98.59,58.36
2002-09-18,0.61,34.73,24.32,97.46,57.99
2002-09-19,2.36,35.89,23.53,94.22,49.31
2002-09-20,0.0,35.64,24.78,91.2,54.48
2002-09-21,0.0,34.84,23.73,96.85,54.34
2002-09-22,0.0,36.71,24.35,91.35,45.64
2002-09-23,0.0,37.39,23.9,86.67,44.12
2002-09-24,0.0,36.42,24.61,88.5,45.66
2002-09-25,0.07,37.82,25.54,90.65,45.1
2002-09-26,0.0,34.66,24.88,96.56,59.8
2002-09-27,0.0,35.91,25.08,96.26,54.43
2002-09-28,0.13,37.04,24.4,92.08,48.14
2002-09-29,0.0,38.59,25.11,88.01,42.13
2002-09-30,0.04,37.4,25.32,89.17,49.12
2002-10-01,1.14,38.17,23.7,99.78,45.72
2002-10-02,0.0,38.37,23.96,98.75,45.21
2002-10-03,0.0,39.25,23.92,95.86,34.5
2002-10-04,0.0,37.66,23.57,82.79,34.66
2002-10-05,0.0,37.43,23.42,82.06,36.69
2002-10-06,0.0,38.64,23.89,77.66,29.24
2002-10-07,1.35,39.65,24.36,74.24,33.23
2002-10-08,0.01,38.76,24.21,99.6,40.95
2002-10-09,0.21,34.13,22.93,99.73,63.21
2002-10-10,7.35,31.2,22.87,99.73,77.63
2002-10-11,3.32,30.65,22.72,99.88,80.93
2002-10-12,0.66,31.55,22.51,99.73,73.87
2002-10-13,0.0,37.21,22.09,99.5,31.23
2002-10-14,0.0,40.51,24.23,61.18,21.99
2002-10-15,0.0,39.49,24.73,68.22,24.33
2002-10-16,0.0,39.6,24.14,76.55,21.6
2002-10-17,0.0,40.88,24.25,67.43,21.47
2002-10-18,0.0,39.92,24.67,76.06,29.02
2002-10-19,0.0,38.99,24.46,81.45,28.63
2002-10-20,0.0,39.48,23.62,77.19,21.21
2002-10-21,0.02,42.43,25.39,55.61,19.91
2002-10-22,0.0,41.88,25.61,65.32,20.0
2002-10-23,0.0,40.69,25.12,84.72,23.12
2002-10-24,0.0,40.74,24.97,85.42,23.93
2002-10-25,0.01,40.05,25.12,77.36,28.38
2002-10-26,0.0,39.3,24.69,82.61,25.92
2002-10-27,0.0,41.03,24.13,70.96,11.26
2002-10-28,0.01,41.31,25.57,24.12,8.53
2002-10-29,0.0,41.08,25.07,24.35,11.03
2002-10-30,0.0,41.46,25.35,32.43,7.86
2002-10-31,0.0,41.71,25.59,25.24,9.81
2002-11-01,0.0,40.33,24.27,45.22,11.48
2002-11-02,0.0,39.41,21.64,28.92,11.82
2002-11-03,0.0,40.62,20.94,27.6,11.18
2002-11-04,0.0,39.75,20.76,30.27,11.73
2002-11-05,0.0,39.12,20.07,28.89,12.19
2002-11-06,0.0,39.83,20.07,27.68,10.74
2002-11-07,0.0,39.81,20.2,25.67,10.31
2002-11-08,0.0,39.17,20.37,28.38,12.1
2002-11-09,0.0,37.71,19.42,31.63,10.5
2002-11-10,0.0,37.34,18.44,28.87,10.1
2002-11-11,0.0,37.28,17.65,23.66,9.01
2002-11-12,0.0,39.0,18.86,26.65,9.81
2002-11-13,0.0,40.4,20.49,23.36,8.42
2002-11-14,0.0,41.05,20.9,20.84,8.5
2002-11-15,0.0,38.97,20.34,29.18,11.65
2002-11-16,0.0,33.95,18.12,60.24,23.47
2002-11-17,0.0,36.23,18.38,78.84,24.81
2002-11-18,0.0,39.07,19.63,53.04,20.9
2002-11-19,0.0,39.14,20.85,45.49,18.66
2002-11-20,0.0,38.88,20.78,35.25,15.06
2002-11-21,0.08,39.07,19.55,34.04,13.95
2002-11-22,0.0,40.88,20.14,29.24,13.74
2002-11-23,0.0,39.59,20.82,48.87,15.43
2002-11-24,0.0,40.71,21.39,39.32,14.26
2002-11-25,0.0,39.37,20.95,44.65,13.04
2002-11-26,0.0,36.75,20.99,38.28,16.55
2002-11-27,0.0,39.06,19.82,39.52,15.01
2002-11-28,0.0,39.18,20.17,41.13,14.88
2002-11-29,0.0,38.53,21.07,41.56,17.89
2002-11-30,0.0,38.18,22.22,37.64,16.63
2002-12-01,0.0,36.02,19.28,25.73,12.38
2002-12-02,0.0,34.09,17.72,35.57,18.16
2002-12-03,0.0,35.28,17.06,39.67,16.21
2002-12-04,0.0,35.9,17.14,28.66,13.23
2002-12-05,0.0,32.63,17.12,24.28,14.9
2002-12-06,0.0,36.23,19.52,37.12,20.14
2002-12-07,0.0,34.77,19.78,48.81,30.3
2002-12-08,0.0,36.67,20.96,43.96,22.94
2002-12-09,0.0,34.75,20.72,40.85,25.52
2002-12-10,0.0,33.76,19.93,78.71,35.68
2002-12-11,0.0,36.92,18.36,74.48,21.71
2002-12-12,0.0,37.73,20.26,53.7,21.84
2002-12-13,0.0,39.39,20.3,40.33,20.37
2002-12-14,0.0,38.73,21.25,33.12,19.41
2002-12-15,0.0,39.12,20.4,34.65,14.58
2002-12-16,0.0,38.49,19.15,28.83,12.94
2002-12-17,0.0,37.98,18.65,31.73,16.96
2002-12-18,0.0,41.27,20.16,35.49,16.59
2002-12-19,0.0,40.7,21.06,31.2,12.01
2002-12-20,0.0,38.94,19.79,24.87,9.7
2002-12-21,0.0,37.54,17.58,23.48,9.31
2002-12-22,0.0,38.57,17.61,27.3,9.3
2002-12-23,0.0,38.44,17.94,26.49,8.72
2002-12-24,0.0,37.91,18.71,28.68,13.22
2002-12-25,0.0,36.9,18.02,32.71,11.96
2002-12-26,0.0,35.58,17.06,30.16,12.79
2002-12-27,0.0,35.29,16.2,31.47,14.16
2002-12-28,0.0,36.03,16.37,32.39,12.42
2002-12-29,0.0,35.45,16.28,22.42,8.91
2002-12-30,0.0,34.24,15.31,16.59,6.76
2002-12-31,0.0,35.64,14.92,16.81,6.42
2003-01-01,0.0,35.02,16.37,14.71,6.05
2003-01-02,0.0,33.35,14.96,15.69,7.63
2003-01-03,0.0,36.01,15.44,18.16,7.92
2003-01-04,0.0,36.76,16.55,19.34,7.43
2003-01-05,0.0,35.05,15.95,19.49,7.08
2003-01-06,0.0,35.04,15.81,21.64,7.11
2003-01-07,0.0,33.55,14.56,20.15,8.01
2003-01-08,0.0,30.59,14.25,22.82,10.49
2003-01-09,0.0,35.05,17.32,35.89,15.9
2003-01-10,0.0,31.5,15.81,60.54,29.01
2003-01-11,0.0,30.86,14.59,62.41,27.02
2003-01-12,0.0,31.23,14.32,61.42,23.68
2003-01-13,0.0,34.26,15.41,39.86,16.61
2003-01-14,0.0,36.2,16.97,27.87,13.21
2003-01-15,0.0,32.98,16.92,28.9,16.04
2003-01-16,0.0,31.98,14.77,39.29,18.9
2003-01-17,0.0,34.03,14.63,34.79,17.59
2003-01-18,0.0,34.17,16.94,48.95,25.47
2003-01-19,0.0,34.84,17.82,43.26,24.04
2003-01-20,0.0,32.66,20.2,38.21,22.82
2003-01-21,0.0,35.6,18.96,42.83,17.46
2003-01-22,0.0,35.57,17.32,52.45,15.31
2003-01-23,0.0,36.84,16.66,37.98,13.34
2003-01-24,0.0,37.54,17.35,30.13,18.8
2003-01-25,0.0,39.01,20.54,31.38,16.25
2003-01-26,0.0,36.19,21.03,20.56,12.48
2003-01-27,0.0,30.66,16.97,17.47,9.96
2003-01-28,0.0,33.23,16.09,16.68,6.6
2003-01-29,0.0,32.31,15.45,17.95,9.39
2003-01-30,0.0,33.98,16.26,24.06,9.78
2003-01-31,0.0,34.88,15.79,23.24,9.37
2003-02-01,0.0,34.43,16.64,26.95,11.79
2003-02-02,0.0,36.89,17.54,29.4,9.63
2003-02-03,0.0,39.25,19.29,20.55,8.37
2003-02-04,0.0,38.28,19.75,24.57,9.64
2003-02-05,0.0,37.07,19.39,22.92,7.2
2003-02-06,0.0,38.48,19.19,17.05,8.61
2003-02-07,0.0,39.89,20.08,21.73,9.02
2003-02-08,0.0,33.66,17.79,53.92,20.6
2003-02-09,0.0,33.46,19.07,60.45,32.97
2003-02-10,0.01,33.6,17.08,73.12,24.37
2003-02-11,0.0,36.02,19.25,54.39,22.86
2003-02-12,0.0,37.64,19.95,54.86,18.02
2003-02-13,0.0,32.49,20.61,69.4,40.37
2003-02-14,0.0,31.87,17.6,68.68,24.23
2003-02-15,0.0,33.97,16.89,63.59,20.62
2003-02-16,0.0,32.93,16.57,49.11,14.05
2003-02-17,0.0,33.73,15.09,34.72,13.86
2003-02-18,0.0,35.88,17.11,34.84,14.07
2003-02-19,0.0,37.09,17.92,27.39,12.0
2003-02-20,0.0,38.05,18.24,21.14,9.05
2003-02-21,0.0,36.25,17.6,29.27,10.24
2003-02-22,0.0,33.64,16.74,66.3,18.92
2003-02-23,0.0,35.84,18.91,59.25,18.34
2003-02-24,0.0,33.56,17.77,67.51,24.15
2003-02-25,0.0,34.87,16.22,89.92,22.46
2003-02-26,0.0,37.42,17.74,51.75,15.77
2003-02-27,0.0,40.04,19.53,31.63,10.83
2003-02-28,0.0,40.21,20.59,32.92,14.15
2003-03-01,0.0,41.25,21.13,36.57,14.79
2003-03-02,0.0,38.54,21.84,24.21,8.62
2003-03-03,0.0,39.1,20.03,23.91,10.37
2003-03-04,0.0,39.67,20.24,22.72,9.16
2003-03-05,0.0,39.9,21.04,18.09,7.99
2003-03-06,0.0,40.13,20.94,16.84,7.58
2003-03-07,0.0,42.23,21.21,18.29,7.27
2003-03-08,0.0,42.69,22.77,16.82,8.08
2003-03-09,0.0,42.62,23.45,28.99,8.12
2003-03-10,0.0,40.92,22.82,17.32,8.2
2003-03-11,0.0,40.71,20.62,15.23,6.85
2003-03-12,0.0,41.1,19.83,24.19,7.77
2003-03-13,0.0,39.16,19.13,46.46,13.24
2003-03-14,0.0,40.25,19.9,55.07,11.89
2003-03-15,0.0,43.7,21.26,37.29,10.29
2003-03-16,0.0,40.59,19.38,67.08,11.11
2003-03-17,0.0,38.52,18.93,65.78,17.47
2003-03-18,0.0,40.72,19.82,64.5,12.7
2003-03-19,0.0,42.57,21.56,42.36,12.02
2003-03-20,0.0,40.31,20.38,44.14,13.01
2003-03-21,0.0,33.98,17.55,77.95,31.75
2003-03-22,0.0,35.07,16.8,83.56,19.67
2003-03-23,0.0,38.56,17.88,45.83,14.4
2003-03-24,0.0,40.54,19.87,33.72,10.56
2003-03-25,0.0,42.56,21.26,27.78,10.02
2003-03-26,0.0,42.17,20.96,32.67,10.49
2003-03-27,0.0,42.27,21.39,29.84,9.6
2003-03-28,0.0,43.74,22.11,33.14,10.68
2003-03-29,0.0,43.78,22.81,31.98,9.71
2003-03-30,0.0,42.46,21.75,49.4,12.3
2003-03-31,0.0,42.66,22.33,37.02,9.74
2003-04-01,0.0,43.38,23.26,31.18,8.95
2003-04-02,0.0,44.75,23.3,23.99,7.16
2003-04-03,0.0,43.15,22.76,31.44,8.71
2003-04-04,0.0,40.34,20.06,63.92,12.05
2003-04-05,0.0,39.14,19.73,52.87,15.81
2003-04-06,0.0,38.32,19.37,70.68,20.55
2003-04-07,0.0,34.64,19.96,74.78,30.07
2003-04-08,0.0,35.46,19.81,65.65,25.82
2003-04-09,0.0,36.09,19.3,80.53,26.88
2003-04-10,0.0,39.38,18.99,65.3,13.92
2003-04-11,0.0,42.79,22.12,29.76,11.2
2003-04-12,0.0,45.29,24.8,22.68,10.05
2003-04-13,0.0,42.22,23.66,32.77,11.08
2003-04-14,0.0,39.54,22.37,46.76,14.87
2003-04-15,0.0,39.24,19.46,60.36,12.57
2003-04-16,0.0,40.62,20.44,33.41,11.88
2003-04-17,0.0,42.28,21.12,33.23,11.29
2003-04-18,0.0,43.35,21.68,42.62,11.44
2003-04-19,0.0,44.28,22.71,47.38,11.74
2003-04-20,0.0,42.75,22.54,52.2,14.49
2003-04-21,0.0,39.13,21.58,50.92,21.47
2003-04-22,0.0,41.86,20.87,52.13,15.14
2003-04-23,0.0,43.55,22.47,43.29,13.37
2003-04-24,0.0,44.97,23.78,40.89,11.93
2003-04-25,0.0,45.25,23.31,48.86,11.01
2003-04-26,0.0,45.96,24.64,41.11,12.78
2003-04-27,0.0,46.19,24.66,53.64,13.19
2003-04-28,0.0,43.98,24.27,51.04,17.32
2003-04-29,0.0,42.13,23.54,66.52,20.61
2003-04-30,0.0,42.36,22.4,53.22,17.45
2003-05-01,0.0,44.39,22.8,59.08,10.73
2003-05-02,0.0,42.32,23.49,64.25,19.97
2003-05-03,0.0,42.08,22.66,63.45,15.86
2003-05-04,0.0,45.55,22.49,55.94,10.49
2003-05-05,0.0,43.86,24.08,43.84,13.56
2003-05-06,0.0,40.92,22.4,69.36,22.38
2003-05-07,0.0,42.59,21.93,67.02,13.95
2003-05-08,0.0,41.28,21.92,51.6,13.48
2003-05-09,0.0,41.6,21.74,53.43,14.47
2003-05-10,0.0,38.91,21.85,57.45,19.08
2003-05-11,0.0,41.86,21.81,61.76,17.88
2003-05-12,0.0,41.71,21.71,69.0,19.24
2003-05-13,0.0,41.42,21.38,72.06,20.72
2003-05-14,0.0,39.64,20.94,75.61,22.86
2003-05-15,0.0,39.48,21.06,72.7,22.36
2003-05-16,0.0,39.21,21.19,70.63,25.15
2003-05-17,0.0,38.24,21.71,67.95,27.27
2003-05-18,0.0,38.7,22.79,65.28,27.45
2003-05-19,0.0,41.03,21.93,64.71,18.4
2003-05-20,0.0,45.76,23.46,59.62,13.23
2003-05-21,0.0,42.33,26.05,50.12,21.71
2003-05-22,0.0,38.52,23.95,84.45,31.02
2003-05-23,0.0,40.65,24.21,83.84,20.86
2003-05-24,0.0,40.56,22.08,72.88,21.53
2003-05-25,0.0,41.43,22.58,81.75,21.68
2003-05-26,0.0,42.55,23.34,82.22,12.46
2003-05-27,0.0,40.62,22.02,53.32,16.53
2003-05-28,0.0,37.37,20.37,66.06,23.66
2003-05-29,0.0,36.17,21.89,64.66,29.51
2003-05-30,0.0,36.23,20.21,67.53,26.46
2003-05-31,0.0,38.27,21.05,61.71,22.83
2003-06-01,0.0,38.56,24.64,52.39,22.08
2003-06-02,0.0,38.51,23.08,67.72,26.41
2003-06-03,0.0,38.32,23.71,74.52,27.67
2003-06-04,0.0,39.47,23.79,65.35,21.92
2003-06-05,0.0,40.15,23.9,66.63,22.58
2003-06-06,0.0,40.32,24.03,70.62,25.22
2003-06-07,9.18,41.66,26.62,56.71,23.16
2003-06-08,0.0,40.99,25.28,73.18,25.5
2003-06-09,0.0,38.75,24.15,78.88,27.94
2003-06-10,0.0,40.94,24.0,64.94,23.96
2003-06-11,0.0,38.42,23.55,66.58,26.29
2003-06-12,0.0,38.03,22.11,69.98,23.83
2003-06-13,0.0,39.57,23.27,65.67,21.62
2003-06-14,0.0,38.22,24.04,73.57,26.33
2003-06-15,0.42,42.09,26.25,72.45,28.08
2003-06-16,0.02,39.82,25.34,84.85,33.37
2003-06-17,0.0,39.95,25.1,77.04,31.32
2003-06-18,0.0,39.6,24.93,79.5,31.95
2003-06-19,0.0,38.96,24.7,78.95,29.36
2003-06-20,0.0,38.96,24.14,72.27,29.48
2003-06-21,0.0,39.98,24.3,75.99,27.7
2003-06-22,0.0,38.98,25.34,79.69,36.58
2003-06-23,0.0,39.66,25.53,77.82,32.31
2003-06-24,0.1,38.58,24.33,93.42,40.06
2003-06-25,0.0,38.25,22.86,93.66,35.67
2003-06-26,0.0,39.32,24.95,75.46,32.41
2003-06-27,23.61,39.63,25.04,88.76,36.12
2003-06-28,0.24,35.6,22.46,99.17,72.49
2003-06-29,0.0,31.68,23.24,98.69,77.78
2003-06-30,0.01,33.35,21.92,99.04,69.35
2003-07-01,0.0,30.57,23.14,98.84,71.91
2003-07-02,0.0,31.07,22.67,99.25,66.8
2003-07-03,0.0,33.05,22.73,93.23,59.76
2003-07-04,0.19,36.07,24.34,86.82,47.79
2003-07-05,0.0,38.04,24.26,83.46,35.08
2003-07-06,0.0,38.4,24.98,74.37,33.06
2003-07-07,0.0,37.99,24.76,75.98,37.94
2003-07-08,0.0,38.51,23.99,88.95,34.57
2003-07-09,0.0,37.72,24.72,77.8,38.12
2003-07-10,0.15,37.44,25.25,79.82,39.29
2003-07-11,8.41,37.48,25.48,91.85,40.68
2003-07-12,0.63,36.87,22.96,99.52,40.64
2003-07-13,0.0,38.17,24.21,76.98,36.37
2003-07-14,0.0,37.85,25.54,77.76,42.79
2003-07-15,0.11,37.08,25.66,87.58,43.09
2003-07-16,3.46,35.18,24.65,99.62,52.43
2003-07-17,0.27,31.36,23.06,99.65,71.06
2003-07-18,0.0,32.51,22.74,98.89,63.15
2003-07-19,0.0,35.1,24.16,94.68,52.99
2003-07-20,5.39,35.76,24.66,90.34,47.13
2003-07-21,11.53,35.77,25.52,91.73,46.36
2003-07-22,0.0,37.34,24.56,89.09,39.96
2003-07-23,0.0,37.8,25.36,88.01,40.33
2003-07-24,0.0,38.57,25.76,83.88,36.96
2003-07-25,0.0,37.77,25.55,79.63,39.05
2003-07-26,9.76,33.79,24.09,99.99,66.55
2003-07-27,17.36,34.69,23.46,99.79,55.54
2003-07-28,0.04,37.77,23.81,92.92,36.63
2003-07-29,0.05,38.73,25.65,73.79,35.33
2003-07-30,0.09,38.77,24.99,79.47,39.22
2003-07-31,0.0,37.42,25.02,93.44,44.7
2003-08-01,0.0,34.46,24.32,92.33,54.5
2003-08-02,0.0,37.6,24.5,86.71,41.43
2003-08-03,0.08,36.55,24.62,73.75,38.03
2003-08-04,0.0,39.31,25.92,70.37,34.44
2003-08-05,0.0,39.44,25.09,72.87,34.87
2003-08-06,0.12,39.42,25.17,74.9,34.69
2003-08-07,0.25,38.71,25.47,96.36,40.82
2003-08-08,19.28,31.21,23.6,99.66,69.81
2003-08-09,0.75,28.65,22.79,99.71,84.67
2003-08-10,0.6,31.73,23.57,99.38,64.67
2003-08-11,0.0,32.21,22.71,98.96,56.9
2003-08-12,1.09,34.69,23.76,87.39,48.95
2003-08-13,0.61,34.48,25.31,99.69,53.65
2003-08-14,4.12,31.28,24.61,99.41,71.07
2003-08-15,0.33,31.41,23.18,99.27,66.76
2003-08-16,21.79,34.01,23.43,98.63,56.8
2003-08-17,28.27,34.67,24.49,91.27,53.67
2003-08-18,5.48,34.05,23.61,95.26,57.99
2003-08-19,0.0,34.39,24.61,90.99,57.4
2003-08-20,0.47,35.54,23.48,92.02,48.58
2003-08-21,26.65,35.44,25.11,83.07,55.04
2003-08-22,22.12,36.67,24.59,89.75,52.28
2003-08-23,0.01,32.19,24.2,99.85,68.83
2003-08-24,1.27,33.37,23.34,99.7,60.61
2003-08-25,0.01,34.9,23.73,89.58,54.58
2003-08-26,0.0,35.33,23.77,92.85,48.66
2003-08-27,0.0,36.53,24.75,90.46,47.58
2003-08-28,0.0,34.67,24.27,94.35,52.14
2003-08-29,0.0,36.84,24.26,71.57,41.86
2003-08-30,3.21,36.14,25.34,80.04,48.73
2003-08-31,0.14,37.3,25.13,84.47,45.26
2003-09-01,0.0,33.38,22.94,99.99,67.27
2003-09-02,0.0,35.78,23.73,99.27,50.18
2003-09-03,0.37,36.98,25.15,83.59,45.49
2003-09-04,20.68,34.46,24.05,93.49,58.43
2003-09-05,16.09,31.62,22.26,99.77,71.92
2003-09-06,0.35,34.57,23.26,99.78,57.57
2003-09-07,0.0,36.77,24.16,96.45,45.59
2003-09-08,10.66,33.67,24.25,99.81,56.5
2003-09-09,22.34,29.61,22.41,99.87,79.76
2003-09-10,0.0,32.02,22.49,99.91,66.84
2003-09-11,0.0,33.99,23.07,95.95,58.09
2003-09-12,3.38,36.2,23.36,91.08,46.28
2003-09-13,0.0,37.64,24.71,82.84,44.77
2003-09-14,2.66,35.02,25.0,90.84,55.85
2003-09-15,0.0,35.64,22.82,93.6,43.39
2003-09-16,0.36,37.41,24.21,77.29,36.56
2003-09-17,20.2,36.2,25.36,87.05,46.44
2003-09-18,2.3,36.88,24.78,86.56,43.95
2003-09-19,0.0,37.99,24.17,81.42,35.17
2003-09-20,0.0,39.73,25.45,75.56,33.09
2003-09-21,0.6,39.58,26.54,73.1,35.16
2003-09-22,0.93,35.89,25.33,98.85,50.37
2003-09-23,5.85,33.38,22.72,99.71,60.56
2003-09-24,0.0,37.27,23.84,90.2,43.26
2003-09-25,0.0,39.82,24.66,81.11,28.84
2003-09-26,0.0,41.38,26.96,64.83,27.29
2003-09-27,0.0,41.03,27.58,62.47,28.95
2003-09-28,0.0,39.76,26.15,69.19,28.7
2003-09-29,0.0,40.38,25.65,63.38,26.0
2003-09-30,3.14,39.39,27.01,64.78,34.95
2003-10-01,0.03,34.32,23.75,99.89,59.94
2003-10-02,0.0,33.26,22.46,98.69,63.56
2003-10-03,0.0,39.47,23.54,98.16,30.93
2003-10-04,0.0,39.4,24.41,83.18,32.94
2003-10-05,0.0,38.85,25.23,87.22,39.23
2003-10-06,0.0,36.28,24.77,98.24,50.09
2003-10-07,6.04,32.88,23.26,98.97,72.29
2003-10-08,1.06,34.67,22.75,98.04,52.55
2003-10-09,0.34,40.0,23.95,87.28,24.71
2003-10-10,0.0,40.58,25.11,79.3,30.26
2003-10-11,0.0,40.52,25.39,83.89,32.06
2003-10-12,0.0,41.43,25.92,84.45,26.23
2003-10-13,0.0,40.56,26.09,83.97,29.85
2003-10-14,0.0,41.02,24.71,84.41,22.68
2003-10-15,0.0,40.28,24.67,89.93,30.18
2003-10-16,0.0,40.0,24.81,89.37,33.75
2003-10-17,0.0,40.8,25.47,81.72,30.36
2003-10-18,0.0,39.17,25.05,78.22,35.57
2003-10-19,2.54,38.06,24.76,90.34,41.54
2003-10-20,16.31,35.48,24.12,98.8,53.19
2003-10-21,7.68,31.87,21.62,99.7,67.01
2003-10-22,2.37,30.66,22.29,99.71,75.98
2003-10-23,0.0,34.18,22.3,99.7,55.84
2003-10-24,0.0,35.15,22.64,94.34,40.69
2003-10-25,0.0,36.4,22.19,84.17,33.05
2003-10-26,0.0,35.59,21.91,82.07,30.36
2003-10-27,0.0,38.46,22.36,69.33,23.41
2003-10-28,0.0,40.03,23.65,73.47,26.83
2003-10-29,0.0,41.52,25.61,63.08,23.11
2003-10-30,0.0,40.96,26.17,74.71,27.53
2003-10-31,0.0,40.73,25.58,69.35,21.77
2003-11-01,0.0,39.42,21.5,66.21,23.83
2003-11-02,0.0,37.84,19.76,69.91,24.69
2003-11-03,0.0,39.59,20.03,76.6,23.61
2003-11-04,0.0,41.58,22.75,59.85,23.7
2003-11-05,0.0,42.06,23.28,43.26,11.23
2003-11-06,0.0,39.51,20.61,27.75,10.26
2003-11-07,0.0,40.42,21.15,24.34,10.61
2003-11-08,0.0,40.07,20.84,28.61,12.13
2003-11-09,0.0,39.82,21.54,60.96,22.75
2003-11-10,0.0,41.0,22.03,45.88,16.66
2003-11-11,0.0,41.02,22.2,36.35,15.49
2003-11-12,0.0,41.39,22.19,36.44,13.89
2003-11-13,0.0,40.02,21.17,33.71,14.31
2003-11-14,0.0,37.86,19.72,33.0,12.77
2003-11-15,0.0,37.69,18.6,38.88,14.33
2003-11-16,0.0,38.39,18.8,36.56,14.9
2003-11-17,0.0,38.59,18.9,33.66,14.32
2003-11-18,0.0,38.5,19.24,33.08,14.72
2003-11-19,0.0,37.81,19.19,41.12,17.73
2003-11-20,0.0,36.51,20.28,47.11,17.45
2003-11-21,0.0,37.44,20.23,52.18,19.3
2003-11-22,0.0,36.27,19.68,64.9,22.6
2003-11-23,0.0,34.71,18.81,61.81,24.37
2003-11-24,0.0,36.19,19.29,55.61,23.55
2003-11-25,0.0,37.05,19.16,56.85,23.56
2003-11-26,0.0,38.57,19.65,54.02,23.81
2003-11-27,0.0,38.64,20.39,48.74,20.79
2003-11-28,0.0,38.81,20.45,44.88,18.11
2003-11-29,0.0,40.73,22.9,38.27,16.16
2003-11-30,0.0,40.08,21.66,38.43,16.08
2003-12-01,0.0,39.16,20.33,38.94,16.04
2003-12-02,0.0,36.75,18.7,30.88,15.31
2003-12-03,0.0,34.61,16.21,33.57,15.89
2003-12-04,0.0,33.64,15.5,54.66,21.35
2003-12-05,0.0,33.41,18.17,44.33,19.3
2003-12-06,0.0,37.0,19.01,32.79,15.57
2003-12-07,0.0,39.48,19.64,31.65,13.91
2003-12-08,0.0,39.03,19.79,25.27,9.2
2003-12-09,0.0,39.26,19.4,25.8,11.27
2003-12-10,0.0,39.43,19.76,34.07,15.09
2003-12-11,0.0,37.56,19.39,47.84,19.67
2003-12-12,0.0,35.5,16.98,52.4,22.91
2003-12-13,0.0,36.6,17.64,54.25,19.9
2003-12-14,0.0,35.23,16.76,33.43,15.61
2003-12-15,0.0,32.53,15.6,30.39,14.33
2003-12-16,0.0,34.45,16.28,32.44,14.55
2003-12-17,0.0,36.64,17.28,37.86,14.6
2003-12-18,0.0,37.68,17.51,28.9,12.34
2003-12-19,0.0,37.59,17.92,30.0,14.09
2003-12-20,0.0,37.89,17.96,31.74,13.0
2003-12-21,0.0,36.48,18.98,27.75,14.47
2003-12-22,0.0,36.97,19.19,27.96,11.08
2003-12-23,0.0,35.39,19.07,24.34,11.3
2003-12-24,0.0,36.67,17.52,24.75,9.44
2003-12-25,0.0,36.99,17.28,25.82,10.31
2003-12-26,0.0,32.26,17.06,24.99,7.34
2003-12-27,0.0,31.95,16.85,14.75,9.4
2003-12-28,0.0,29.65,14.25,23.06,12.97
2003-12-29,0.0,31.26,14.69,19.85,8.21
2003-12-30,0.0,32.04,16.32,18.81,9.21
2003-12-31,0.0,36.4,16.02,19.26,9.14
2004-01-01,0.0,36.47,17.72,20.06,9.54
2004-01-02,0.0,36.51,17.61,23.98,12.14
2004-01-03,0.0,36.83,18.11,29.55,11.89
2004-01-04,0.0,35.14,17.68,32.32,14.64
2004-01-05,0.0,37.03,18.61,29.13,12.94
2004-01-06,0.0,38.34,19.61,24.43,10.63
2004-01-07,0.0,33.54,20.08,35.52,14.2
2004-01-08,0.0,31.79,17.89,55.44,12.55
2004-01-09,0.0,30.19,18.15,75.67,17.7
2004-01-10,0.0,33.43,16.04,88.56,27.48
2004-01-11,0.0,36.4,18.06,44.16,14.37
2004-01-12,0.0,35.34,20.48,28.29,15.03
2004-01-13,0.05,35.55,21.29,25.41,16.47
2004-01-14,0.0,35.31,19.85,28.35,12.24
2004-01-15,0.0,33.29,16.16,86.34,18.7
2004-01-16,0.0,35.44,17.19,57.21,20.29
2004-01-17,0.0,35.43,17.82,62.2,27.18
2004-01-18,0.0,36.19,17.72,62.03,22.51
2004-01-19,0.0,35.65,17.12,46.78,18.97
2004-01-20,0.0,34.48,15.13,54.57,16.54
2004-01-21,0.0,34.81,15.75,33.65,15.09
2004-01-22,0.0,31.21,15.79,26.83,8.4
2004-01-23,0.0,31.27,15.5,16.7,9.48
2004-01-24,0.0,33.12,15.35,19.41,9.65
2004-01-25,0.0,32.8,15.0,19.6,9.66
2004-01-26,0.0,33.71,13.87,27.63,10.32
2004-01-27,0.0,36.0,15.62,19.35,8.5
2004-01-28,0.0,37.14,17.1,17.44,7.95
2004-01-29,0.0,36.38,17.05,18.81,6.96
2004-01-30,0.0,35.36,17.34,17.86,7.95
2004-01-31,0.0,32.42,15.0,33.1,15.25
2004-02-01,0.0,34.12,15.4,51.71,16.83
2004-02-02,0.0,35.11,16.58,34.71,13.72
2004-02-03,0.0,37.16,17.45,28.95,10.82
2004-02-04,0.0,38.76,19.97,20.7,7.96
2004-02-05,0.0,35.01,17.57,12.13,7.71
2004-02-06,0.0,34.94,15.95,19.37,8.74
2004-02-07,0.0,35.37,16.22,17.87,9.51
2004-02-08,0.0,36.41,17.68,20.16,9.45
2004-02-09,0.0,37.68,18.62,21.8,9.24
2004-02-10,0.0,37.0,19.04,24.7,8.88
2004-02-11,0.0,32.3,16.25,63.62,17.3
2004-02-12,0.0,37.93,20.61,27.72,9.95
2004-02-13,0.01,37.63,19.27,40.81,9.56
2004-02-14,0.0,38.7,21.31,35.84,11.23
2004-02-15,0.0,41.65,21.47,26.04,9.9
2004-02-16,0.0,42.46,22.19,27.66,10.66
2004-02-17,0.0,42.99,22.26,23.51,9.63
2004-02-18,0.0,41.14,19.97,49.85,13.5
2004-02-19,0.0,35.0,19.29,81.44,43.62
2004-02-20,0.0,34.33,18.26,96.34,40.53
2004-02-21,0.0,34.04,17.47,98.39,37.21
2004-02-22,0.0,34.65,17.64,81.41,32.19
2004-02-23,0.0,37.04,18.5,75.12,30.82
2004-02-24,0.0,34.28,19.86,69.93,31.68
2004-02-25,0.0,36.89,20.61,58.35,27.41
2004-02-26,0.0,37.01,19.2,66.89,21.95
2004-02-27,0.0,37.5,18.97,65.63,26.22
2004-02-28,0.0,35.82,17.11,79.92,24.74
2004-02-29,0.0,35.84,17.84,58.62,20.96
2004-03-01,0.0,34.84,17.55,41.65,14.11
2004-03-02,0.0,37.08,17.22,28.66,8.98
2004-03-03,0.0,38.26,18.48,20.94,8.42
2004-03-04,0.0,36.38,19.33,20.62,8.12
2004-03-05,0.0,33.53,16.45,16.21,8.15
2004-03-06,0.0,36.01,15.75,26.94,8.99
2004-03-07,0.0,38.05,17.35,23.11,7.75
2004-03-08,0.0,39.69,18.91,14.67,5.67
2004-03-09,0.0,40.87,20.63,13.19,5.85
2004-03-10,0.0,40.95,20.2,20.46,6.22
2004-03-11,0.0,42.11,20.88,16.95,6.6
2004-03-12,0.0,43.25,22.71,17.36,6.48
2004-03-13,0.0,42.48,22.47,17.52,6.66
2004-03-14,0.0,40.05,21.92,23.83,9.82
2004-03-15,0.0,39.01,19.8,29.56,10.44
2004-03-16,0.0,41.96,20.04,22.5,8.58
2004-03-17,0.0,43.72,22.27,18.48,6.24
2004-03-18,0.0,44.03,23.94,17.74,5.59
2004-03-19,0.0,42.14,23.37,17.03,5.32
2004-03-20,0.0,42.21,22.12,15.54,6.07
2004-03-21,0.0,41.69,23.5,21.29,6.79
2004-03-22,0.0,40.59,20.57,45.67,13.21
2004-03-23,0.0,37.2,19.9,61.91,23.76
2004-03-24,0.0,37.96,19.38,65.42,22.15
2004-03-25,0.0,38.79,20.89,60.2,22.65
2004-03-26,0.01,37.2,21.74,73.89,36.03
2004-03-27,0.0,37.49,20.76,76.26,24.35
2004-03-28,0.0,35.49,19.42,69.8,33.67
2004-03-29,0.0,34.86,17.82,83.61,24.3
2004-03-30,0.0,37.12,19.21,67.79,18.24
2004-03-31,0.0,41.32,20.65,36.89,14.39
2004-04-01,0.0,40.84,22.13,43.26,13.79
2004-04-02,0.0,41.95,22.71,40.3,16.13
2004-04-03,0.0,44.75,23.7,44.51,14.5
2004-04-04,0.0,45.8,22.6,56.32,11.8
2004-04-05,0.0,45.88,23.61,52.57,10.68
2004-04-06,0.0,45.11,25.2,35.27,10.42
2004-04-07,0.0,43.99,23.39,44.3,12.44
2004-04-08,0.0,40.45,21.39,61.35,18.11
2004-04-09,0.0,39.03,20.27,60.61,19.85
2004-04-10,0.0,38.19,19.06,67.48,20.72
2004-04-11,0.0,37.42,18.46,73.5,24.17
2004-04-12,0.0,40.67,21.73,50.99,14.86
2004-04-13,0.0,40.48,22.71,48.88,16.49
2004-04-14,0.0,36.14,19.84,69.07,24.79
2004-04-15,0.0,35.07,18.07,69.56,14.61
2004-04-16,0.0,39.05,18.98,35.78,13.32
2004-04-17,0.0,37.59,20.18,55.72,22.23
2004-04-18,0.0,38.15,20.01,54.35,17.6
2004-04-19,0.0,42.43,21.21,41.44,11.04
2004-04-20,0.0,40.82,23.09,27.58,11.44
2004-04-21,0.0,42.32,20.15,54.14,9.85
2004-04-22,0.0,45.47,22.05,42.54,9.6
2004-04-23,0.0,44.2,22.4,52.92,14.23
2004-04-24,0.0,42.93,21.76,60.32,14.77
2004-04-25,0.0,42.9,21.5,60.34,14.21
2004-04-26,0.0,39.7,20.48,64.25,22.51
2004-04-27,0.0,39.78,22.81,53.46,21.45
2004-04-28,0.0,36.75,20.57,61.5,27.56
2004-04-29,0.0,36.97,20.07,60.04,25.57
2004-04-30,0.0,39.21,19.73,65.3,18.06
2004-05-01,0.0,39.87,20.59,61.24,15.88
2004-05-02,0.0,39.81,21.46,48.7,16.42
2004-05-03,0.0,40.47,22.62,61.27,18.15
2004-05-04,0.0,41.01,21.45,58.06,12.95
2004-05-05,0.0,42.82,21.78,45.3,10.72
2004-05-06,0.0,43.31,23.91,24.2,9.68
2004-05-07,0.0,43.79,22.97,30.13,9.17
2004-05-08,0.0,43.44,22.47,37.48,9.95
2004-05-09,0.0,43.52,23.07,42.06,14.08
2004-05-10,0.0,42.65,22.26,46.15,11.63
2004-05-11,0.0,43.19,22.92,43.18,12.66
2004-05-12,0.0,43.41,23.08,36.89,13.25
2004-05-13,0.0,42.75,23.25,32.27,11.4
2004-05-14,0.0,42.15,23.05,31.16,11.62
2004-05-15,0.0,40.95,21.7,46.52,13.66
2004-05-16,0.0,39.24,22.22,54.6,18.02
2004-05-17,0.0,39.8,20.79,60.18,18.32
2004-05-18,0.0,40.46,21.5,59.82,18.56
2004-05-19,0.0,45.22,21.64,59.87,9.67
2004-05-20,0.0,46.28,26.06,36.46,8.74
2004-05-21,0.0,41.61,23.66,69.46,21.21
2004-05-22,0.0,44.42,22.83,67.27,14.37
2004-05-23,0.0,44.73,23.65,58.87,15.44
2004-05-24,0.0,44.01,26.72,40.11,16.48
2004-05-25,0.0,43.17,23.8,63.66,18.76
2004-05-26,0.0,43.61,23.22,58.43,16.43
2004-05-27,0.0,43.32,23.26,55.86,14.47
2004-05-28,0.0,40.8,23.26,46.87,19.99
2004-05-29,0.0,35.96,22.75,66.96,34.11
2004-05-30,0.0,39.78,22.98,74.92,22.53
2004-05-31,0.0,44.03,22.36,65.91,14.17
2004-06-01,0.0,42.8,26.82,43.69,16.21
2004-06-02,0.0,39.23,25.61,78.52,32.69
2004-06-03,0.08,39.84,25.21,84.95,33.17
2004-06-04,0.0,36.23,22.74,98.03,49.62
2004-06-05,0.0,40.04,22.24,92.34,22.99
2004-06-06,0.0,40.24,24.18,64.74,28.01
2004-06-07,0.0,39.2,24.53,79.81,33.55
2004-06-08,0.0,40.2,23.4,78.65,25.56
2004-06-09,1.31,36.94,24.92,83.76,37.28
2004-06-10,0.22,33.94,22.32,99.87,45.93
2004-06-11,0.0,39.57,22.82,77.59,26.3
2004-06-12,0.0,39.08,23.86,73.19,32.19
2004-06-13,0.0,37.93,24.24,81.35,35.99
2004-06-14,0.46,38.2,24.32,77.17,33.0
2004-06-15,0.0,38.45,24.22,66.26,25.34
2004-06-16,0.0,38.11,22.34,59.54,24.84
2004-06-17,0.0,39.62,23.26,70.13,24.36
2004-06-18,0.0,39.89,23.46,75.22,21.49
2004-06-19,0.0,41.83,24.27,69.14,20.42
2004-06-20,0.0,39.3,23.25,80.9,26.01
2004-06-21,0.0,37.81,21.48,68.13,26.1
2004-06-22,0.0,38.91,22.52,76.51,29.0
2004-06-23,0.0,40.6,23.72,80.85,17.61
2004-06-24,0.0,43.17,23.75,65.49,11.16
2004-06-25,4.2,39.99,25.95,64.2,18.98
2004-06-26,20.06,39.16,24.95,92.98,40.73
2004-06-27,0.04,38.8,23.45,99.07,31.31
2004-06-28,8.69,38.87,23.54,77.56,31.26
2004-06-29,0.06,40.45,24.77,78.58,31.11
2004-06-30,0.0,39.55,25.3,77.5,31.13
2004-07-01,0.01,38.19,24.7,68.18,33.08
2004-07-02,0.0,39.53,25.97,70.33,32.02
2004-07-03,0.0,38.38,23.94,87.48,33.56
2004-07-04,0.0,38.92,25.26,76.01,31.32
2004-07-05,0.06,39.49,25.43,71.41,33.44
2004-07-06,1.1,37.55,24.55,84.39,39.98
2004-07-07,0.0,39.75,24.99,77.89,21.63
2004-07-08,0.03,39.65,24.54,71.79,26.4
2004-07-09,0.0,39.56,25.98,87.33,38.0
2004-07-10,0.06,34.96,23.79,96.89,54.94
2004-07-11,0.26,34.32,22.89,99.09,49.39
2004-07-12,0.76,36.21,23.02,77.41,37.42
2004-07-13,0.0,33.63,24.02,95.32,55.06
2004-07-14,0.04,36.07,23.61,98.28,48.78
2004-07-15,0.0,36.04,24.48,84.53,38.11
2004-07-16,0.0,36.9,24.76,74.61,40.16
2004-07-17,0.3,36.51,23.97,79.42,38.66
2004-07-18,0.02,37.8,24.34,78.59,38.43
2004-07-19,0.0,39.87,25.91,79.53,32.64
2004-07-20,0.0,38.27,25.76,81.51,36.98
2004-07-21,0.31,36.83,24.38,84.35,34.76
2004-07-22,0.0,38.17,24.45,76.79,35.89
2004-07-23,10.58,35.4,24.35,99.81,47.84
2004-07-24,16.66,29.57,23.25,99.95,79.1
2004-07-25,16.91,28.2,23.02,99.84,84.55
2004-07-26,7.41,30.39,22.5,99.75,71.31
2004-07-27,11.53,29.75,22.58,99.61,72.2
2004-07-28,0.0,30.82,22.82,99.54,72.66
2004-07-29,0.0,32.43,23.19,99.77,70.16
2004-07-30,0.94,32.89,23.98,99.74,65.38
2004-07-31,6.09,31.79,24.02,99.75,75.9
2004-08-01,7.6,30.47,23.47,99.55,78.17
2004-08-02,0.0,32.11,23.0,99.67,66.53
2004-08-03,25.31,32.27,22.54,99.93,63.41
2004-08-04,0.0,34.69,23.58,88.61,52.44
2004-08-05,0.0,35.47,24.56,82.45,50.9
2004-08-06,0.12,34.88,25.49,92.52,55.56
2004-08-07,2.15,32.12,24.21,96.19,69.78
2004-08-08,9.53,33.5,23.86,95.01,60.19
2004-08-09,0.01,35.37,23.88,93.58,48.25
2004-08-10,0.0,37.38,24.96,79.6,36.95
2004-08-11,0.0,42.3,25.56,68.22,21.8
2004-08-12,1.94,37.77,26.63,79.8,43.31
2004-08-13,34.08,35.65,25.13,99.16,49.2
2004-08-14,0.0,31.49,22.95,99.65,70.71
2004-08-15,0.0,30.87,22.78,99.87,69.52
2004-08-16,0.0,34.38,22.78,97.8,53.39
2004-08-17,0.0,34.82,24.3,83.71,50.17
2004-08-18,21.27,35.0,24.89,85.77,52.33
2004-08-19,0.36,32.89,24.28,96.24,66.88
2004-08-20,35.25,32.65,25.02,99.51,68.73
2004-08-21,2.16,33.27,23.38,99.2,56.5
2004-08-22,0.0,35.08,23.16,89.25,49.07
2004-08-23,0.0,36.84,25.07,83.57,45.52
2004-08-24,7.24,36.29,25.12,96.79,51.72
2004-08-25,0.99,33.45,23.5,96.52,58.26
2004-08-26,4.29,30.07,23.86,99.94,75.73
2004-08-27,0.51,33.18,23.0,99.98,62.32
2004-08-28,31.48,33.51,23.57,99.82,63.91
2004-08-29,2.31,32.92,23.15,99.8,63.38
2004-08-30,5.21,34.13,23.3,93.98,55.83
2004-08-31,2.34,33.29,24.45,92.71,60.9
2004-09-01,0.0,37.69,23.96,89.18,42.19
2004-09-02,1.2,36.7,24.95,84.82,48.29
2004-09-03,1.47,35.46,24.08,88.29,52.24
2004-09-04,0.0,35.63,23.93,95.84,53.33
2004-09-05,0.0,38.45,25.58,81.78,42.89
2004-09-06,0.0,38.9,25.29,88.48,39.45
2004-09-07,0.0,38.05,23.84,84.72,38.26
2004-09-08,0.0,38.38,25.58,78.63,37.58
2004-09-09,9.47,38.62,25.69,74.14,38.64
2004-09-10,10.46,38.34,24.74,88.35,38.8
2004-09-11,0.0,41.25,26.33,76.07,27.91
2004-09-12,0.0,40.87,26.06,69.81,28.55
2004-09-13,6.96,40.05,25.53,74.92,32.43
2004-09-14,0.0,39.73,25.99,73.49,36.29
2004-09-15,46.98,35.89,25.3,99.84,52.93
2004-09-16,2.94,31.62,22.76,99.9,66.52
2004-09-17,0.0,37.38,23.22,93.91,38.42
2004-09-18,0.0,40.78,25.35,72.72,23.14
2004-09-19,0.26,37.37,25.36,76.3,39.74
2004-09-20,8.13,36.75,24.75,79.46,43.08
2004-09-21,0.14,36.29,24.31,83.07,42.68
2004-09-22,0.0,36.27,25.59,78.03,47.82
2004-09-23,3.94,37.99,25.09,84.97,40.79
2004-09-24,0.0,39.03,25.01,87.48,39.25
2004-09-25,0.0,36.73,23.78,94.21,41.31
2004-09-26,9.06,39.13,24.51,76.64,37.42
2004-09-27,0.56,40.71,26.08,73.1,27.75
2004-09-28,0.2,39.91,25.37,66.01,21.33
2004-09-29,0.0,39.07,24.51,63.26,23.34
2004-09-30,0.0,39.1,24.41,64.03,22.79
2004-10-01,0.0,41.23,23.36,71.96,18.19
2004-10-02,0.0,42.64,24.53,60.4,16.78
2004-10-03,0.0,43.12,25.41,65.96,18.57
2004-10-04,0.0,43.73,24.89,72.91,11.49
2004-10-05,0.0,43.55,25.41,57.74,15.46
2004-10-06,0.69,41.04,25.2,84.74,32.91
2004-10-07,0.0,37.73,24.84,94.88,44.69
2004-10-08,0.0,40.32,23.73,99.69,29.24
2004-10-09,0.0,41.37,23.41,80.62,15.85
2004-10-10,0.0,43.28,25.02,39.69,12.01
2004-10-11,0.0,43.21,25.82,37.98,13.38
2004-10-12,0.0,42.12,24.8,72.55,19.22
2004-10-13,0.0,41.45,24.92,84.12,21.88
2004-10-14,0.0,42.79,25.12,76.17,12.23
2004-10-15,0.0,43.93,26.15,48.81,11.75
2004-10-16,0.0,41.85,25.56,71.75,21.1
2004-10-17,0.0,41.0,24.71,77.52,16.5
2004-10-18,0.0,40.3,23.51,66.15,19.57
2004-10-19,0.0,41.03,24.03,64.55,17.81
2004-10-20,0.0,43.34,23.68,67.42,8.26
2004-10-21,0.0,43.89,26.19,25.6,11.1
2004-10-22,0.22,40.64,24.41,84.02,21.36
2004-10-23,0.02,40.5,24.39,80.16,22.22
2004-10-24,0.0,38.37,23.8,79.93,23.8
2004-10-25,0.0,41.65,24.03,65.99,10.95
2004-10-26,0.0,43.27,24.52,23.89,7.53
2004-10-27,0.0,42.59,25.35,38.57,10.5
2004-10-28,0.0,41.07,24.64,85.24,20.43
2004-10-29,0.01,40.56,24.58,81.4,20.07
2004-10-30,0.0,41.29,23.8,46.82,9.07
2004-10-31,0.0,38.95,22.41,71.59,19.02
2004-11-01,0.0,40.31,21.01,77.97,22.45
2004-11-02,0.0,39.93,21.09,51.91,19.33
2004-11-03,0.0,39.88,20.45,43.07,16.71
2004-11-04,0.0,40.09,20.55,46.58,15.16
2004-11-05,0.0,38.21,19.84,72.83,21.44
2004-11-06,0.0,36.82,19.98,72.36,29.34
2004-11-07,0.0,36.96,20.83,72.69,28.4
2004-11-08,0.0,38.01,20.8,65.58,22.69
2004-11-09,0.0,39.82,22.08,45.6,18.24
2004-11-10,0.0,40.17,21.37,44.72,14.93
2004-11-11,0.0,40.44,23.36,47.85,17.22
2004-11-12,0.0,38.43,22.21,53.85,27.8
2004-11-13,0.0,38.45,21.7,70.41,25.33
2004-11-14,0.0,39.38,21.75,47.94,20.5
2004-11-15,0.0,39.34,21.12,43.37,18.57
2004-11-16,0.0,39.78,21.82,36.04,15.61
2004-11-17,0.0,38.34,21.95,29.93,15.11
2004-11-18,0.0,39.17,22.15,30.9,11.72
2004-11-19,0.0,37.34,21.3,27.62,13.8
2004-11-20,0.0,38.24,19.93,36.7,15.23
2004-11-21,0.0,39.47,20.77,45.75,15.4
2004-11-22,0.0,40.33,20.88,41.03,13.07
2004-11-23,0.0,40.36,21.05,35.73,11.22
2004-11-24,0.0,40.57,21.07,32.49,11.93
2004-11-25,0.0,41.2,21.44,33.81,12.16
2004-11-26,0.0,40.8,20.99,40.4,14.62
2004-11-27,0.0,39.21,19.93,31.49,12.36
2004-11-28,0.0,38.12,19.0,37.58,14.15
2004-11-29,0.0,39.23,19.5,37.48,13.19
2004-11-30,0.0,35.19,19.15,45.3,18.06
2004-12-01,0.0,34.36,19.37,53.24,34.57
2004-12-02,0.0,34.72,17.84,87.6,34.68
2004-12-03,0.0,34.03,17.6,82.74,36.69
2004-12-04,0.0,37.96,18.71,56.25,19.07
2004-12-05,0.0,38.43,19.66,40.92,18.65
2004-12-06,0.0,38.05,19.19,40.45,19.88
2004-12-07,0.0,34.75,18.72,44.0,22.06
2004-12-08,0.0,33.95,17.17,35.73,14.64
2004-12-09,0.0,35.09,17.04,26.7,12.67
2004-12-10,0.0,35.83,17.46,28.17,11.77
2004-12-11,0.0,35.1,17.44,29.0,12.9
2004-12-12,0.0,33.9,16.71,26.67,10.75
2004-12-13,0.0,36.34,18.73,17.8,9.21
2004-12-14,0.0,32.41,17.67,82.64,22.51
2004-12-15,0.0,33.06,17.91,98.1,49.38
2004-12-16,0.0,33.61,17.86,83.76,41.33
2004-12-17,0.0,33.58,18.86,65.22,34.46
2004-12-18,0.0,38.88,20.31,49.49,25.43
2004-12-19,0.0,37.14,20.65,53.66,26.48
2004-12-20,0.0,39.36,20.19,54.17,22.46
2004-12-21,0.0,39.09,19.84,53.02,22.56
2004-12-22,0.0,39.36,19.79,52.44,19.88
2004-12-23,0.0,38.85,19.85,39.45,17.17
2004-12-24,0.0,36.87,19.39,45.45,23.05
2004-12-25,0.0,34.65,17.72,42.82,20.68
2004-12-26,0.0,31.67,16.12,35.52,19.14
2004-12-27,0.0,31.9,15.05,39.67,20.96
2004-12-28,0.0,30.87,15.17,51.09,21.96
2004-12-29,0.0,36.23,16.9,36.39,17.69
2004-12-30,0.0,31.84,17.35,30.16,13.5
2004-12-31,0.0,32.49,17.02,17.86,7.05
2005-01-01,0.0,32.32,17.09,25.06,10.15
2005-01-02,0.0,31.07,15.19,25.38,13.68
2005-01-03,0.0,31.05,14.77,30.78,15.06
2005-01-04,0.0,30.42,14.3,29.9,15.43
2005-01-05,0.0,32.81,14.44,31.03,14.6
2005-01-06,0.0,35.19,16.58,30.24,16.31
2005-01-07,0.0,35.4,19.64,32.18,17.73
2005-01-08,0.0,36.06,20.18,24.49,12.02
2005-01-09,0.0,35.91,17.73,23.67,10.7
2005-01-10,0.0,33.89,18.63,24.89,12.73
2005-01-11,0.0,33.42,18.77,24.76,14.63
2005-01-12,0.0,33.26,18.23,25.38,12.5
2005-01-13,0.0,33.34,18.22,22.8,12.18
2005-01-14,0.0,35.73,17.38,27.72,12.72
2005-01-15,0.0,35.04,17.17,33.56,14.73
2005-01-16,0.0,35.07,17.27,32.8,15.57
2005-01-17,0.0,37.17,19.84,28.22,11.47
2005-01-18,0.0,38.69,19.45,37.81,10.84
2005-01-19,0.0,37.04,21.52,28.88,8.65
2005-01-20,0.0,36.8,19.95,22.28,10.39
2005-01-21,0.0,37.36,20.58,19.77,7.59
2005-01-22,0.0,36.54,17.34,14.6,7.66
2005-01-23,0.0,37.23,17.71,22.28,11.16
2005-01-24,0.0,36.92,17.14,23.45,12.04
2005-01-25,0.0,35.66,16.55,34.42,12.44
2005-01-26,0.0,34.38,15.54,41.5,11.0
2005-01-27,0.0,33.06,14.88,38.44,12.55
2005-01-28,0.0,32.72,14.27,45.75,14.91
2005-01-29,0.0,34.73,14.88,53.82,17.48
2005-01-30,0.0,36.67,16.91,43.37,17.21
2005-01-31,0.0,35.57,16.49,31.96,16.03
2005-02-01,0.0,34.72,17.2,32.6,16.22
2005-02-02,0.0,37.31,18.16,29.76,14.33
2005-02-03,0.0,33.93,18.93,27.29,16.24
2005-02-04,0.0,33.89,17.14,28.86,12.84
2005-02-05,0.0,33.08,15.78,20.72,9.89
2005-02-06,0.0,33.37,15.09,28.69,11.36
2005-02-07,0.0,32.2,15.39,21.22,10.21
2005-02-08,0.0,30.73,12.85,30.45,12.98
2005-02-09,0.0,32.83,13.9,43.57,14.64
2005-02-10,0.0,35.02,16.0,35.43,13.77
2005-02-11,0.0,37.38,17.82,30.38,12.55
2005-02-12,0.0,34.87,18.75,51.72,15.28
2005-02-13,0.0,36.84,20.96,42.81,20.7
2005-02-14,0.03,37.92,21.2,58.06,22.02
2005-02-15,0.0,34.85,19.23,77.85,28.9
2005-02-16,0.0,33.58,18.04,79.41,32.14
2005-02-17,0.0,36.24,18.69,57.27,18.53
2005-02-18,0.0,36.2,19.38,44.86,19.01
2005-02-19,0.0,36.93,19.24,57.73,23.19
2005-02-20,0.27,34.8,18.17,80.46,26.43
2005-02-21,0.0,36.53,18.43,64.41,25.13
2005-02-22,0.03,35.02,18.71,75.74,28.68
2005-02-23,0.0,35.72,20.08,58.68,27.85
2005-02-24,0.0,31.44,18.87,87.6,35.18
2005-02-25,0.0,31.83,17.35,83.72,32.64
2005-02-26,0.0,34.46,16.76,93.22,30.49
2005-02-27,0.0,37.47,20.67,53.9,27.94
2005-02-28,0.0,35.66,20.58,62.23,24.13
2005-03-01,0.0,31.78,18.03,97.56,39.11
2005-03-02,0.0,37.6,18.83,82.6,30.28
2005-03-03,0.0,31.31,16.74,98.28,50.17
2005-03-04,0.0,34.29,18.45,98.6,44.1
2005-03-05,0.0,33.87,18.45,79.67,31.93
2005-03-06,0.0,34.33,17.0,78.82,24.86
2005-03-07,0.0,37.76,19.41,41.51,19.39
2005-03-08,0.0,39.22,19.11,35.8,12.82
2005-03-09,0.0,40.87,20.03,19.28,9.31
2005-03-10,0.0,40.64,22.04,28.17,11.67
2005-03-11,0.0,41.1,21.15,20.55,8.92
2005-03-12,0.0,39.58,20.5,23.37,9.89
2005-03-13,0.0,34.78,17.52,66.17,21.81
2005-03-14,0.0,37.71,18.67,63.08,18.92
2005-03-15,0.0,40.07,20.04,34.69,12.75
2005-03-16,0.0,41.35,20.96,35.27,14.07
2005-03-17,0.0,42.01,21.81,30.44,10.54
2005-03-18,0.0,42.87,21.81,24.12,8.26
2005-03-19,0.0,42.97,21.89,24.28,7.37
2005-03-20,0.0,42.16,21.97,23.63,8.28
2005-03-21,0.0,41.73,21.17,23.74,8.92
2005-03-22,0.0,42.04,21.52,22.1,8.34
2005-03-23,0.0,42.13,20.85,33.25,8.23
2005-03-24,0.0,42.37,20.62,45.59,8.1
2005-03-25,0.0,41.22,19.32,63.61,10.67
2005-03-26,0.0,42.91,20.62,46.91,7.87
2005-03-27,0.0,44.26,21.55,41.05,7.24
2005-03-28,0.0,44.23,22.9,28.09,6.82
2005-03-29,0.0,44.5,23.24,32.19,6.78
2005-03-30,0.0,44.56,23.47,28.52,8.15
2005-03-31,0.0,44.89,23.56,21.38,4.81
2005-04-01,0.0,44.24,21.76,41.55,7.59
2005-04-02,0.0,43.86,21.78,48.56,8.96
2005-04-03,0.0,43.13,21.61,55.51,11.46
2005-04-04,0.0,43.7,21.24,56.95,9.9
2005-04-05,0.0,45.1,21.63,48.19,8.76
2005-04-06,0.0,44.88,23.28,45.22,9.85
2005-04-07,0.0,45.47,23.61,38.46,10.77
2005-04-08,0.0,44.89,23.29,46.48,11.19
2005-04-09,0.0,43.33,23.35,45.12,13.03
2005-04-10,0.0,43.69,22.25,48.2,12.77
2005-04-11,0.0,43.59,22.01,42.4,12.28
2005-04-12,0.0,44.74,23.18,46.49,12.39
2005-04-13,0.0,40.88,22.55,55.67,19.05
2005-04-14,0.0,37.71,20.93,79.05,20.71
2005-04-15,0.0,38.6,19.54,66.51,18.43
2005-04-16,0.0,39.43,20.62,66.35,12.44
2005-04-17,0.0,37.63,20.24,52.79,15.23
2005-04-18,0.0,39.07,19.55,48.81,12.75
2005-04-19,0.0,40.11,19.0,70.15,14.03
2005-04-20,0.0,42.63,21.84,50.69,9.95
2005-04-21,0.0,44.04,23.54,33.85,10.13
2005-04-22,0.0,44.25,22.43,42.39,10.28
2005-04-23,0.0,40.76,20.37,65.47,19.78
2005-04-24,0.0,38.99,20.01,77.47,25.0
2005-04-25,0.01,39.21,20.51,70.54,24.04
2005-04-26,0.0,39.78,22.04,66.41,22.96
2005-04-27,0.0,43.89,23.05,60.73,16.27
2005-04-28,0.0,46.12,22.68,64.76,12.23
2005-04-29,0.0,44.93,24.69,49.97,17.67
2005-04-30,0.0,44.62,24.79,64.48,21.38
2005-05-01,0.0,43.39,23.81,73.42,17.0
2005-05-02,0.0,44.22,23.32,54.12,12.46
2005-05-03,0.0,43.35,23.64,48.56,12.01
2005-05-04,0.0,38.56,20.62,75.62,25.12
2005-05-05,0.0,39.32,20.77,75.59,26.22
2005-05-06,0.0,40.27,21.93,76.24,22.37
2005-05-07,0.0,42.74,21.02,80.71,17.7
2005-05-08,0.0,38.14,24.49,65.56,34.06
2005-05-09,0.0,44.29,24.94,71.79,25.78
2005-05-10,0.0,41.64,22.76,94.75,31.33
2005-05-11,0.0,37.24,23.16,99.35,49.88
2005-05-12,0.05,35.82,21.62,99.3,61.84
2005-05-13,0.0,42.16,24.0,83.93,33.1
2005-05-14,0.0,44.57,24.58,64.29,19.4
2005-05-15,0.0,42.75,24.63,70.48,26.73
2005-05-16,0.0,39.58,24.87,87.29,43.95
2005-05-17,0.0,42.16,23.9,87.6,30.48
2005-05-18,0.0,41.22,23.94,82.15,31.72
2005-05-19,0.0,42.87,23.76,75.89,31.22
2005-05-20,0.0,44.53,23.79,88.74,20.13
2005-05-21,0.0,41.06,24.39,84.06,29.09
2005-05-22,0.0,41.34,23.43,80.69,31.16
2005-05-23,0.0,41.02,24.66,85.8,35.83
2005-05-24,0.0,39.43,24.51,84.3,27.65
2005-05-25,0.0,39.27,24.17,55.37,24.67
2005-05-26,0.0,40.78,23.91,69.94,25.81
2005-05-27,0.0,40.86,24.01,81.95,34.3
2005-05-28,0.0,40.49,23.99,93.12,30.44
2005-05-29,0.0,41.2,23.41,77.77,24.57
2005-05-30,0.0,43.11,23.54,86.43,17.35
2005-05-31,0.0,43.85,24.13,49.15,13.35
2005-06-01,0.0,40.05,23.86,70.79,22.1
2005-06-02,0.0,39.51,23.11,74.85,23.18
2005-06-03,0.0,38.37,23.64,68.1,25.42
2005-06-04,0.27,39.21,24.78,63.15,26.31
2005-06-05,0.0,38.58,24.9,71.36,30.69
2005-06-06,0.0,39.57,25.56,74.81,34.63
2005-06-07,0.0,41.71,24.98,83.61,28.9
2005-06-08,0.0,41.01,25.92,76.84,28.51
2005-06-09,0.0,42.9,25.16,83.3,23.12
2005-06-10,0.0,40.11,24.84,82.06,31.09
2005-06-11,0.0,40.8,25.14,75.53,31.66
2005-06-12,0.0,39.8,24.46,75.26,32.31
2005-06-13,0.0,39.01,24.93,68.44,27.96
2005-06-14,0.0,39.33,24.14,66.86,25.4
2005-06-15,1.0,40.88,26.09,71.35,30.15
2005-06-16,8.97,40.33,24.8,86.94,35.12
2005-06-17,0.0,40.88,25.67,86.34,23.79
2005-06-18,0.0,42.8,25.11,75.91,15.17
2005-06-19,0.0,39.97,24.71,75.29,23.97
2005-06-20,0.0,38.25,23.49,76.09,35.49
2005-06-21,0.0,37.84,24.42,82.42,36.49
2005-06-22,0.0,37.09,23.24,78.6,33.46
2005-06-23,0.0,39.33,23.55,75.7,30.08
2005-06-24,0.0,38.76,25.4,75.2,38.09
2005-06-25,0.0,37.72,25.19,89.33,40.24
2005-06-26,0.0,37.82,24.24,91.47,41.77
2005-06-27,23.23,39.18,25.63,92.13,42.63
2005-06-28,0.0,32.74,22.63,98.99,76.46
2005-06-29,0.0,32.51,23.05,98.22,76.73
2005-06-30,0.0,33.66,23.19,98.56,69.29
2005-07-01,0.0,35.58,24.89,85.73,54.23
2005-07-02,0.0,35.13,24.2,80.41,46.58
2005-07-03,0.48,35.35,23.65,82.78,44.94
2005-07-04,0.0,37.52,25.14,80.61,38.87
2005-07-05,3.36,39.71,25.65,81.25,34.61
2005-07-06,0.77,37.37,23.96,85.91,33.14
2005-07-07,0.0,38.36,26.0,70.87,35.94
2005-07-08,2.7,38.01,24.1,77.99,30.86
2005-07-09,5.54,38.0,24.62,64.43,29.53
2005-07-10,5.9,39.0,25.35,60.17,27.28
2005-07-11,12.92,38.4,25.2,80.54,37.7
2005-07-12,18.63,36.0,25.49,99.82,48.91
2005-07-13,0.0,33.13,22.73,99.9,52.89
2005-07-14,0.0,36.91,23.18,83.73,41.44
2005-07-15,57.17,38.42,25.54,81.88,38.23
2005-07-16,0.0,32.74,23.05,99.79,79.92
2005-07-17,0.0,31.08,22.73,99.67,73.39
2005-07-18,0.0,31.2,21.95,99.62,66.9
2005-07-19,0.32,31.86,23.18,99.28,64.63
2005-07-20,16.26,29.46,24.1,99.92,72.77
2005-07-21,0.0,31.46,22.98,99.81,72.48
2005-07-22,0.0,32.55,23.52,99.73,67.3
2005-07-23,6.83,33.79,24.34,99.68,63.02
2005-07-24,19.68,32.75,24.7,99.82,70.71
2005-07-25,8.56,32.85,24.32,99.8,66.77
2005-07-26,0.03,34.13,24.02,96.43,57.22
2005-07-27,0.0,35.09,25.18,84.32,52.73
2005-07-28,0.0,34.78,24.9,88.56,56.26
2005-07-29,0.0,34.63,24.79,86.07,54.6
2005-07-30,0.0,35.94,24.49,88.77,51.31
2005-07-31,17.88,35.56,25.49,90.1,54.56
2005-08-01,2.87,35.94,24.87,92.31,50.94
2005-08-02,0.4,35.1,24.65,99.11,56.77
2005-08-03,0.0,34.94,24.35,99.94,52.94
2005-08-04,0.0,37.94,24.5,84.77,37.61
2005-08-05,0.0,39.27,25.19,66.56,31.24
2005-08-06,0.0,38.85,26.03,66.76,37.6
2005-08-07,0.0,38.56,26.06,77.55,40.19
2005-08-08,0.0,38.89,24.54,82.05,37.17
2005-08-09,0.06,39.27,24.78,75.12,37.0
2005-08-10,25.23,36.01,24.62,88.32,54.82
2005-08-11,19.28,33.59,24.26,99.22,61.03
2005-08-12,3.01,31.88,23.39,99.82,67.52
2005-08-13,0.0,34.35,23.62,99.51,55.04
2005-08-14,0.01,37.35,24.59,86.13,43.07
2005-08-15,3.36,37.74,26.2,96.96,47.42
2005-08-16,9.7,31.02,23.85,99.85,70.53
2005-08-17,6.33,31.56,23.12,99.85,67.2
2005-08-18,22.09,35.94,23.92,91.25,49.06
2005-08-19,15.58,32.56,24.81,99.79,67.82
2005-08-20,0.89,29.57,23.3,99.75,78.45
2005-08-21,1.67,32.26,22.9,99.95,64.73
2005-08-22,6.34,31.59,23.76,99.77,73.15
2005-08-23,0.0,32.81,23.3,99.97,65.21
2005-08-24,0.0,34.36,23.84,99.96,57.71
2005-08-25,0.0,32.52,25.37,95.85,68.06
2005-08-26,0.0,31.77,24.3,99.6,73.86
2005-08-27,0.0,32.6,23.1,99.99,64.73
2005-08-28,2.54,34.41,23.91,91.04,56.54
2005-08-29,12.16,32.18,24.93,93.84,66.87
2005-08-30,1.46,33.73,23.33,100.0,61.97
2005-08-31,9.51,35.43,24.42,82.56,52.26
2005-09-01,0.0,33.05,23.26,98.98,66.4
2005-09-02,0.33,31.58,23.02,99.85,73.38
2005-09-03,6.44,32.5,22.9,99.96,68.18
2005-09-04,0.12,30.47,23.17,99.3,78.53
2005-09-05,0.0,33.31,23.23,99.68,62.86
2005-09-06,0.0,35.69,24.09,95.45,54.22
2005-09-07,1.15,36.84,24.28,89.67,48.72
2005-09-08,3.08,32.79,24.27,97.24,62.96
2005-09-09,6.09,32.69,22.64,99.45,63.7
2005-09-10,3.99,35.32,23.42,97.14,51.65
2005-09-11,0.0,36.29,24.55,88.29,45.24
2005-09-12,0.0,38.71,24.45,85.86,37.1
2005-09-13,12.95,38.06,27.02,80.16,46.74
2005-09-14,12.93,33.64,24.55,99.5,69.33
2005-09-15,2.55,32.02,23.37,99.57,72.06
2005-09-16,0.0,33.95,22.91,99.53,55.11
2005-09-17,0.0,36.87,23.46,91.17,48.38
2005-09-18,0.0,36.94,25.61,89.36,48.69
2005-09-19,0.16,38.16,25.36,85.91,38.41
2005-09-20,0.0,39.83,25.31,79.02,27.12
2005-09-21,0.67,36.88,25.53,76.3,38.46
2005-09-22,0.65,36.24,26.07,88.05,52.5
2005-09-23,0.0,32.31,23.19,99.67,68.19
2005-09-24,0.0,35.22,23.83,99.77,57.79
2005-09-25,0.0,37.15,23.86,91.59,46.05
2005-09-26,0.0,35.76,24.38,82.16,50.94
2005-09-27,8.05,32.17,23.63,99.61,63.5
2005-09-28,15.51,28.33,22.88,99.45,85.97
2005-09-29,0.03,29.04,22.68,99.56,82.93
2005-09-30,0.2,32.17,23.25,99.46,70.35
2005-10-01,0.0,32.84,22.99,99.69,74.71
2005-10-02,0.0,34.11,23.38,99.59,63.21
2005-10-03,0.0,36.41,23.07,99.84,48.05
2005-10-04,0.0,37.98,24.06,87.39,37.72
2005-10-05,0.08,37.47,23.24,95.47,42.67
2005-10-06,0.34,33.47,23.46,99.62,67.2
2005-10-07,0.0,33.47,22.7,99.71,70.44
2005-10-08,5.65,31.61,22.83,99.52,79.17
2005-10-09,0.0,31.45,22.28,99.71,75.19
2005-10-10,0.25,32.6,22.36,99.79,67.79
2005-10-11,0.0,35.0,22.65,99.84,56.22
2005-10-12,3.04,36.06,23.27,99.57,52.56
2005-10-13,0.0,35.07,23.23,99.56,52.48
2005-10-14,0.0,38.39,23.05,99.55,31.99
2005-10-15,0.0,40.21,24.41,78.51,24.35
2005-10-16,0.0,40.55,26.27,64.03,23.57
2005-10-17,0.0,40.19,25.5,62.8,21.47
2005-10-18,0.0,40.51,25.21,47.24,20.85
2005-10-19,0.0,39.17,25.63,57.8,25.96
2005-10-20,1.54,35.32,24.48,99.92,53.27
2005-10-21,0.0,38.79,23.66,94.28,27.15
2005-10-22,1.58,40.76,24.36,68.13,23.67
2005-10-23,2.33,39.3,25.13,84.04,34.94
2005-10-24,0.0,36.59,24.73,98.17,45.28
2005-10-25,0.03,35.72,22.78,97.81,41.73
2005-10-26,0.19,38.34,23.43,88.49,27.51
2005-10-27,0.0,37.79,24.74,88.29,32.27
2005-10-28,0.0,38.65,23.66,82.38,23.45
2005-10-29,0.0,39.08,24.29,66.49,23.39
2005-10-30,0.0,37.69,24.18,58.42,15.67
2005-10-31,0.0,39.18,23.44,34.18,14.24
2005-11-01,0.0,40.51,21.73,38.84,17.35
2005-11-02,0.0,39.1,22.07,89.11,33.12
2005-11-03,0.0,39.88,22.22,96.29,23.96
2005-11-04,0.0,40.68,22.24,54.38,12.92
2005-11-05,0.0,40.29,21.18,32.08,12.67
2005-11-06,0.0,40.42,21.25,33.69,12.5
2005-11-07,0.0,40.68,21.32,43.77,12.87
2005-11-08,0.0,41.48,22.06,32.83,15.78
2005-11-09,0.0,39.55,21.65,37.61,11.17
2005-11-10,0.0,39.66,20.37,31.18,11.41
2005-11-11,0.0,39.53,20.24,30.37,12.26
2005-11-12,0.0,38.85,21.04,30.84,13.35
2005-11-13,0.0,35.88,20.71,32.53,15.18
2005-11-14,0.0,35.73,18.8,50.55,23.74
2005-11-15,0.0,35.95,19.62,60.84,24.64
2005-11-16,0.0,37.2,20.0,48.89,19.99
2005-11-17,0.0,36.67,20.17,56.84,23.0
2005-11-18,0.0,37.9,19.43,57.78,17.82
2005-11-19,0.0,36.11,19.03,65.24,19.79
2005-11-20,0.0,35.19,18.8,65.31,22.6
2005-11-21,0.0,35.31,18.87,69.16,24.89
2005-11-22,0.0,35.77,19.11,67.48,23.96
2005-11-23,0.0,37.12,19.91,74.08,21.99
2005-11-24,0.0,38.62,20.34,74.34,21.81
2005-11-25,0.0,38.85,21.66,60.13,23.99
2005-11-26,0.0,36.86,19.96,54.24,24.31
2005-11-27,0.0,38.19,20.62,47.69,20.58
2005-11-28,0.0,39.3,20.43,44.98,16.81
2005-11-29,0.0,38.64,20.47,47.13,20.62
2005-11-30,0.0,33.45,19.04,96.68,36.98
2005-12-01,0.0,33.6,16.93,61.54,25.2
2005-12-02,0.0,35.49,17.07,48.02,22.02
2005-12-03,0.0,38.29,18.52,41.91,18.79
2005-12-04,0.0,38.93,19.21,38.4,17.08
2005-12-05,0.0,39.97,19.73,38.71,16.72
2005-12-06,0.0,39.01,19.68,43.27,21.14
2005-12-07,0.0,37.63,18.3,41.23,16.87
2005-12-08,0.0,37.63,18.07,39.78,17.02
2005-12-09,0.0,36.53,17.99,74.62,25.44
2005-12-10,0.0,34.8,19.66,70.18,29.58
2005-12-11,0.0,34.64,18.83,75.49,32.85
2005-12-12,0.0,36.58,18.6,62.85,21.96
2005-12-13,0.0,38.78,20.05,39.18,18.09
2005-12-14,0.0,37.94,20.61,34.03,15.8
2005-12-15,0.0,37.89,20.92,32.08,16.25
2005-12-16,0.0,39.41,20.99,31.85,13.76
2005-12-17,0.0,40.93,22.28,29.48,11.23
2005-12-18,0.0,41.11,21.4,31.67,10.78
2005-12-19,0.0,40.65,20.95,29.68,14.47
2005-12-20,0.0,39.75,20.52,33.52,14.82
2005-12-21,0.0,38.99,19.69,40.56,17.85
2005-12-22,0.0,38.56,20.52,36.39,12.86
2005-12-23,0.0,36.72,21.14,32.75,16.9
2005-12-24,0.0,36.8,20.66,48.22,20.37
2005-12-25,0.0,38.89,21.18,33.6,15.14
2005-12-26,0.0,37.35,21.09,31.3,15.2
2005-12-27,0.0,38.94,20.59,28.35,13.79
2005-12-28,0.0,38.31,20.66,28.86,12.91
2005-12-29,0.0,33.87,19.91,44.34,20.15
2005-12-30,0.0,30.67,15.91,50.28,24.42
2005-12-31,0.0,32.54,14.61,48.39,17.49
2006-01-01,0.0,30.55,15.53,50.39,26.96
2006-01-02,0.0,32.7,15.25,48.32,18.91
2006-01-03,0.0,33.55,15.31,40.31,16.04
2006-01-04,0.0,34.71,15.66,36.9,14.34
2006-01-05,0.0,34.43,16.88,33.94,14.27
2006-01-06,0.0,33.21,17.46,26.29,12.95
2006-01-07,0.0,30.29,16.43,20.59,11.28
2006-01-08,0.0,30.98,13.62,31.64,14.48
2006-01-09,0.0,32.51,14.44,44.85,19.22
2006-01-10,0.0,36.62,17.68,36.19,12.56
2006-01-11,0.0,33.53,17.58,84.9,32.14
2006-01-12,0.0,35.25,17.63,48.11,9.76
2006-01-13,0.0,36.22,19.45,22.13,10.33
2006-01-14,0.0,35.52,18.87,46.02,18.31
2006-01-15,0.0,33.44,18.42,40.68,18.63
2006-01-16,0.0,31.17,16.51,30.21,16.13
2006-01-17,0.0,28.51,14.43,31.6,17.99
2006-01-18,0.0,27.98,15.18,53.39,28.82
2006-01-19,0.0,30.98,13.32,49.93,19.66
2006-01-20,0.0,32.29,14.41,34.11,17.06
2006-01-21,0.0,35.61,19.2,28.0,13.07
2006-01-22,0.0,36.9,20.1,18.14,10.58
2006-01-23,0.0,37.22,19.41,28.45,14.6
2006-01-24,0.0,39.15,20.02,23.26,12.16
2006-01-25,0.0,37.48,19.82,25.57,13.52
2006-01-26,0.0,35.71,19.26,33.91,15.78
2006-01-27,0.0,34.16,17.5,46.13,21.56
2006-01-28,0.0,30.83,15.6,91.99,34.91
2006-01-29,0.0,33.47,15.23,91.16,26.88
2006-01-30,0.0,30.94,15.18,46.94,19.4
2006-01-31,0.0,33.68,16.84,25.0,11.0
2006-02-01,0.0,36.64,18.04,21.57,9.84
2006-02-02,0.0,35.08,19.11,25.41,11.78
2006-02-03,0.0,37.23,20.11,19.96,8.6
2006-02-04,0.0,38.86,20.77,23.75,11.78
2006-02-05,0.0,39.41,21.52,27.95,14.24
2006-02-06,0.0,39.74,22.08,23.24,11.9
2006-02-07,0.0,40.06,22.56,23.03,11.69
2006-02-08,0.0,40.32,23.19,23.57,9.46
2006-02-09,0.0,36.37,21.51,57.28,16.15
2006-02-10,0.0,32.89,19.63,79.87,39.55
2006-02-11,0.0,31.25,17.83,84.63,38.58
2006-02-12,0.0,30.67,16.75,93.1,34.89
2006-02-13,0.0,33.43,16.27,89.23,24.99
2006-02-14,0.0,32.98,17.04,63.24,26.38
2006-02-15,0.0,33.32,16.41,44.07,21.47
2006-02-16,0.0,33.76,15.91,61.65,20.13
2006-02-17,0.0,34.29,16.39,49.72,17.77
2006-02-18,0.0,36.24,18.15,37.61,18.28
2006-02-19,0.0,36.63,18.96,28.89,14.57
2006-02-20,0.0,36.28,18.44,38.47,16.09
2006-02-21,0.0,36.86,18.89,38.41,14.99
2006-02-22,0.0,33.94,16.84,33.89,13.62
2006-02-23,0.0,35.48,17.6,37.04,14.85
2006-02-24,0.0,36.76,17.74,30.16,11.37
2006-02-25,0.0,36.42,17.06,21.97,8.64
2006-02-26,0.0,37.08,17.34,24.8,9.13
2006-02-27,0.0,38.22,18.18,26.2,8.63
2006-02-28,0.0,37.6,17.75,49.44,10.8
2006-03-01,0.0,32.27,15.83,87.3,24.89
2006-03-02,0.0,35.68,16.0,77.42,17.81
2006-03-03,0.0,38.74,18.8,48.52,17.04
2006-03-04,0.0,39.59,20.63,33.92,14.07
2006-03-05,0.0,39.45,21.3,28.95,11.84
2006-03-06,0.0,41.28,21.8,28.38,10.12
2006-03-07,0.0,39.09,21.88,27.81,11.17
2006-03-08,0.0,37.14,20.34,19.64,5.93
2006-03-09,0.0,37.63,18.66,13.81,6.54
2006-03-10,0.0,40.17,19.33,13.91,5.67
2006-03-11,0.0,41.2,21.3,10.39,4.29
2006-03-12,0.0,42.3,22.46,10.64,4.49
2006-03-13,0.0,42.63,22.29,10.25,4.57
2006-03-14,0.0,42.79,22.61,13.61,5.77
2006-03-15,0.0,43.54,22.47,20.11,5.32
2006-03-16,0.0,43.37,22.92,27.92,6.44
2006-03-17,0.0,42.11,21.01,41.13,7.74
2006-03-18,0.0,38.43,19.47,48.99,12.9
2006-03-19,0.0,37.21,18.68,69.24,19.76
2006-03-20,0.0,36.22,18.38,75.53,21.81
2006-03-21,0.0,38.45,19.02,57.75,13.79
2006-03-22,0.0,42.0,20.35,35.84,12.12
2006-03-23,0.0,43.55,22.69,26.34,9.62
2006-03-24,0.0,43.74,24.46,21.17,9.18
2006-03-25,0.0,45.24,24.13,30.75,6.7
2006-03-26,0.0,44.83,24.68,25.42,6.41
2006-03-27,0.0,43.67,24.23,14.8,5.3
2006-03-28,0.0,43.78,22.07,21.53,6.21
2006-03-29,0.0,39.3,21.26,42.76,15.02
2006-03-30,0.0,40.32,21.57,62.05,21.71
2006-03-31,0.0,42.7,21.74,61.7,11.31
2006-04-01,0.0,43.98,22.23,39.42,6.97
2006-04-02,0.0,44.74,23.98,17.49,6.0
2006-04-03,0.0,44.33,22.61,26.41,7.03
2006-04-04,0.0,44.61,22.06,45.52,7.16
2006-04-05,0.0,43.34,22.58,44.61,8.6
2006-04-06,0.0,41.62,21.57,56.97,14.43
2006-04-07,0.0,40.29,20.02,71.14,19.28
2006-04-08,0.0,39.93,20.21,78.53,21.8
2006-04-09,0.0,39.7,21.15,66.2,22.21
2006-04-10,0.0,39.62,20.09,74.47,20.46
2006-04-11,0.0,42.16,20.09,75.53,17.77
2006-04-12,0.0,42.73,21.95,73.88,19.51
2006-04-13,0.0,40.47,22.92,67.18,29.83
2006-04-14,0.0,38.76,21.37,82.47,28.09
2006-04-15,0.0,42.68,20.88,64.59,12.7
2006-04-16,0.0,45.1,22.92,56.39,10.2
2006-04-17,0.0,44.1,23.91,45.64,13.29
2006-04-18,0.0,41.47,21.61,58.41,16.46
2006-04-19,0.0,39.34,20.81,65.3,23.17
2006-04-20,0.0,41.23,21.6,58.98,18.09
2006-04-21,0.0,41.34,20.65,61.28,14.44
2006-04-22,0.0,38.2,21.26,64.94,23.35
2006-04-23,0.0,40.29,22.06,59.36,19.85
2006-04-24,0.0,41.4,21.95,58.37,15.36
2006-04-25,0.0,41.98,23.52,29.57,10.64
2006-04-26,0.0,42.55,23.73,29.05,12.62
2006-04-27,0.0,43.63,22.45,47.17,12.33
2006-04-28,0.0,40.66,21.89,52.17,17.72
2006-04-29,0.0,36.97,19.48,68.26,27.05
2006-04-30,0.0,37.0,19.83,67.4,26.47
2006-05-01,0.0,34.83,20.46,65.18,27.07
2006-05-02,0.0,36.03,20.31,62.28,24.99
2006-05-03,0.0,37.13,20.05,71.93,24.71
2006-05-04,0.0,40.67,21.4,67.4,16.8
2006-05-05,0.0,44.89,24.04,42.98,12.58
2006-05-06,0.0,43.45,25.45,29.35,13.32
2006-05-07,0.0,43.97,25.05,26.95,10.12
2006-05-08,0.0,41.05,22.85,49.5,14.62
2006-05-09,0.0,38.7,21.03,62.28,21.57
2006-05-10,0.0,40.16,21.02,62.6,17.39
2006-05-11,0.0,41.15,20.6,64.43,16.7
2006-05-12,0.0,40.26,21.47,62.06,22.64
2006-05-13,0.0,40.16,21.03,68.86,19.93
2006-05-14,0.0,41.11,21.38,59.75,14.67
2006-05-15,0.0,38.05,20.22,70.87,22.46
2006-05-16,0.0,38.86,21.54,68.83,20.49
2006-05-17,0.0,39.01,20.71,75.34,22.05
2006-05-18,0.0,47.0,22.76,66.11,8.62
2006-05-19,0.0,44.35,26.69,41.86,14.56
2006-05-20,0.0,39.68,23.18,82.04,32.99
2006-05-21,0.0,39.2,22.18,82.87,30.72
2006-05-22,0.0,38.23,21.12,75.31,28.12
2006-05-23,0.0,40.16,22.78,61.35,23.02
2006-05-24,0.0,40.41,23.13,70.84,27.71
2006-05-25,0.0,41.08,23.28,70.9,25.34
2006-05-26,0.0,41.03,24.66,64.94,26.29
2006-05-27,0.0,41.07,24.51,56.11,17.59
2006-05-28,0.0,43.33,24.53,50.96,16.1
2006-05-29,0.0,45.46,26.02,46.86,14.35
2006-05-30,0.0,44.76,26.21,54.4,18.95
2006-05-31,0.0,43.45,25.04,62.75,21.36
2006-06-01,0.0,43.25,24.41,60.57,17.96
2006-06-02,0.0,42.08,26.33,52.0,22.57
2006-06-03,0.0,41.94,25.45,74.16,22.01
2006-06-04,0.0,44.0,25.38,61.13,16.05
2006-06-05,0.0,44.15,25.72,58.05,15.72
2006-06-06,0.0,42.78,25.78,66.51,19.01
2006-06-07,0.0,40.25,24.24,73.78,23.33
2006-06-08,0.0,40.4,25.12,70.11,32.71
2006-06-09,0.0,39.39,23.85,83.94,25.94
2006-06-10,0.0,39.06,23.97,71.85,30.59
2006-06-11,0.0,40.09,25.29,74.08,32.87
2006-06-12,0.0,40.04,25.81,74.83,31.73
2006-06-13,0.0,40.82,24.57,75.1,27.45
2006-06-14,9.47,40.11,24.3,92.21,36.07
2006-06-15,0.0,35.14,22.19,99.68,48.13
2006-06-16,0.0,40.62,23.41,69.23,20.05
2006-06-17,0.0,37.86,24.87,69.17,35.38
2006-06-18,0.0,39.39,25.03,85.75,38.59
2006-06-19,0.0,39.83,22.91,81.26,21.77
2006-06-20,0.0,41.68,24.22,65.67,20.56
2006-06-21,0.07,39.56,24.64,75.02,30.46
2006-06-22,0.0,37.2,23.49,90.84,38.64
2006-06-23,0.0,39.75,24.09,76.97,28.51
2006-06-24,2.72,41.9,25.59,74.73,27.54
2006-06-25,0.0,40.96,24.66,85.55,30.19
2006-06-26,0.03,39.77,25.98,74.04,32.86
2006-06-27,0.0,41.13,25.69,80.47,31.87
2006-06-28,0.0,41.93,25.42,83.18,23.3
2006-06-29,0.0,40.89,24.36,87.38,26.45
2006-06-30,0.0,40.01,24.43,83.33,32.58
2006-07-01,0.0,40.39,26.86,67.39,28.91
2006-07-02,2.61,41.07,26.81,70.93,30.25
2006-07-03,0.0,36.57,23.89,97.72,51.55
2006-07-04,0.05,32.93,23.9,99.08,62.64
2006-07-05,0.0,34.97,22.71,96.97,43.39
2006-07-06,0.0,35.92,23.55,79.48,41.11
2006-07-07,0.0,38.08,25.02,78.45,36.44
2006-07-08,0.0,38.06,25.28,75.44,38.34
2006-07-09,0.0,37.72,24.45,74.01,35.04
2006-07-10,0.0,39.85,26.08,64.37,26.86
2006-07-11,3.45,38.6,24.53,67.77,30.22
2006-07-12,0.0,40.2,26.54,65.24,32.29
2006-07-13,0.0,38.38,25.44,84.36,38.18
2006-07-14,0.68,37.91,24.69,84.69,33.4
2006-07-15,6.43,36.65,24.15,73.82,36.61
2006-07-16,0.36,37.47,25.07,84.99,41.1
2006-07-17,0.24,36.4,25.09,99.11,48.75
2006-07-18,0.0,39.97,25.01,90.02,30.43
2006-07-19,0.0,39.27,25.8,79.75,37.22
2006-07-20,35.67,38.12,26.12,84.76,41.74
2006-07-21,1.61,36.58,26.1,86.87,41.79
2006-07-22,1.22,35.29,23.74,93.8,48.83
2006-07-23,1.59,35.29,24.09,96.9,48.31
2006-07-24,3.66,37.86,24.65,81.35,38.48
2006-07-25,0.0,38.24,26.35,99.71,44.07
2006-07-26,0.0,33.97,24.15,99.65,63.98
2006-07-27,0.12,30.96,24.94,99.38,71.07
2006-07-28,1.6,32.39,23.92,99.55,65.68
2006-07-29,1.66,32.35,23.45,99.48,66.57
2006-07-30,0.0,31.67,23.3,99.92,66.81
2006-07-31,0.0,33.14,24.14,99.81,62.63
2006-08-01,7.99,36.81,24.08,94.59,42.79
2006-08-02,0.0,35.44,25.1,80.63,43.75
2006-08-03,0.0,36.65,24.46,67.54,39.64
2006-08-04,0.0,38.56,26.21,74.94,42.72
2006-08-05,0.56,37.04,26.04,88.6,47.13
2006-08-06,2.55,31.89,23.96,99.43,74.54
2006-08-07,7.14,33.18,23.05,99.72,60.91
2006-08-08,0.0,31.82,24.12,98.78,70.53
2006-08-09,0.0,34.53,23.77,92.77,48.01
2006-08-10,0.04,34.76,23.36,76.35,42.99
2006-08-11,17.12,36.47,24.28,74.93,40.95
2006-08-12,2.8,36.48,26.05,78.4,43.74
2006-08-13,2.81,38.65,26.18,81.11,37.13
2006-08-14,10.26,36.01,25.55,89.52,49.11
2006-08-15,1.98,35.33,25.04,98.94,54.08
2006-08-16,3.99,38.31,24.89,90.22,41.56
2006-08-17,0.0,39.87,25.85,85.15,34.1
2006-08-18,0.0,39.97,26.41,73.63,37.23
2006-08-19,7.06,36.32,25.61,99.97,52.75
2006-08-20,0.0,33.49,23.9,99.76,64.88
2006-08-21,0.0,33.82,22.95,99.7,58.57
2006-08-22,0.0,35.85,24.98,99.85,52.16
2006-08-23,1.97,33.12,24.44,99.39,55.84
2006-08-24,38.6,35.21,24.66,85.31,43.81
2006-08-25,0.84,33.09,25.17,93.11,58.98
2006-08-26,5.91,29.99,24.26,99.88,76.32
2006-08-27,11.42,30.27,23.15,99.76,76.12
2006-08-28,3.73,32.71,23.46,99.96,65.68
2006-08-29,1.1,32.98,23.83,97.15,62.14
2006-08-30,6.64,35.46,24.71,99.72,56.01
2006-08-31,0.92,32.1,23.72,99.79,70.67
2006-09-01,8.53,32.11,23.28,99.81,70.01
2006-09-02,14.59,30.94,22.5,99.78,73.88
2006-09-03,0.0,28.26,22.37,99.85,83.57
2006-09-04,0.0,33.95,22.68,99.83,62.21
2006-09-05,0.0,35.12,24.0,97.56,56.02
2006-09-06,0.01,33.76,23.77,99.75,60.67
2006-09-07,13.11,30.82,23.14,99.81,77.26
2006-09-08,0.0,30.84,22.66,99.89,70.37
2006-09-09,0.24,33.0,22.82,99.99,61.69
2006-09-10,0.0,33.65,23.04,99.74,60.97
2006-09-11,1.41,33.13,23.85,96.92,63.62
2006-09-12,2.97,33.34,22.48,99.58,60.13
2006-09-13,24.23,35.13,23.11,100.0,52.41
2006-09-14,8.82,29.42,22.79,99.9,81.53
2006-09-15,8.63,30.01,22.97,99.9,74.45
2006-09-16,0.27,31.98,23.0,99.93,67.13
2006-09-17,0.0,32.04,23.91,100.0,75.22
2006-09-18,0.0,33.15,23.68,99.79,63.52
2006-09-19,1.73,32.77,23.81,99.86,67.24
2006-09-20,0.0,32.11,24.18,99.87,72.3
2006-09-21,0.0,33.05,23.26,99.65,65.11
2006-09-22,0.16,33.55,23.3,96.97,55.46
2006-09-23,0.0,36.7,23.58,95.99,39.7
2006-09-24,0.0,35.95,23.66,80.16,36.54
2006-09-25,5.12,37.38,24.43,75.97,42.51
2006-09-26,0.98,35.52,24.13,93.65,50.66
2006-09-27,1.01,35.14,23.87,95.92,49.85
2006-09-28,0.01,35.25,24.0,94.99,55.75
2006-09-29,0.0,35.47,23.85,99.78,51.09
2006-09-30,0.0,37.53,24.28,89.31,41.23
2006-10-01,0.0,39.76,24.24,97.81,33.63
2006-10-02,0.0,39.24,24.49,99.83,37.43
2006-10-03,6.08,39.9,25.07,96.1,38.52
2006-10-04,0.33,36.35,25.05,99.91,51.07
2006-10-05,0.07,34.92,23.17,99.99,61.7
2006-10-06,0.0,40.77,24.47,95.03,24.19
2006-10-07,0.0,39.32,24.12,84.57,30.66
2006-10-08,0.0,38.88,24.57,86.87,39.69
2006-10-09,0.0,39.13,24.29,86.43,30.96
2006-10-10,0.0,38.3,25.48,85.84,36.82
2006-10-11,0.0,39.77,27.01,75.12,19.81
2006-10-12,0.0,36.83,26.36,67.46,26.71
2006-10-13,0.29,37.06,24.91,98.57,45.61
2006-10-14,0.57,35.65,24.77,89.71,47.37
2006-10-15,0.0,40.34,24.65,94.34,29.79
2006-10-16,0.0,41.47,25.37,73.96,25.51
2006-10-17,0.0,40.02,25.04,82.99,30.75
2006-10-18,0.0,39.34,24.75,83.23,24.33
2006-10-19,0.0,41.04,25.56,62.0,23.59
2006-10-20,0.0,41.47,25.73,88.7,26.5
2006-10-21,0.0,42.34,26.6,79.92,26.24
2006-10-22,0.0,41.38,26.39,80.06,26.84
2006-10-23,0.0,39.53,23.95,78.97,25.14
2006-10-24,0.0,41.22,23.73,69.57,20.23
2006-10-25,0.0,39.76,23.67,74.43,21.13
2006-10-26,0.0,38.53,22.76,56.07,24.6
2006-10-27,0.0,38.13,22.41,75.63,28.58
2006-10-28,0.0,37.87,22.21,83.91,30.57
2006-10-29,0.0,38.81,22.81,81.57,24.76
2006-10-30,0.0,38.62,22.8,71.33,19.48
2006-10-31,0.0,39.15,24.28,75.63,26.26
2006-11-01,0.0,41.75,21.95,87.42,17.91
2006-11-02,0.0,41.09,22.66,75.28,28.04
2006-11-03,0.0,41.22,22.43,86.8,27.55
2006-11-04,0.0,42.45,22.98,67.09,17.0
2006-11-05,0.0,42.1,23.93,60.47,21.59
2006-11-06,0.0,41.98,22.93,87.96,11.7
2006-11-07,0.0,42.37,22.55,33.15,10.74
2006-11-08,0.0,41.84,23.01,32.81,14.82
2006-11-09,0.0,41.41,22.75,70.99,22.28
2006-11-10,0.0,41.65,22.97,78.71,23.86
2006-11-11,0.0,41.7,23.55,72.99,24.79
2006-11-12,0.0,41.62,23.15,47.35,14.17
2006-11-13,0.0,40.71,21.96,40.43,16.01
2006-11-14,0.0,38.61,20.78,37.43,13.29
2006-11-15,0.0,36.99,18.46,29.31,11.75
2006-11-16,0.0,37.98,18.32,33.22,12.86
2006-11-17,0.0,39.56,19.75,33.16,14.13
2006-11-18,0.0,41.88,21.81,36.37,16.46
2006-11-19,0.0,41.34,22.49,51.28,11.66
2006-11-20,0.0,40.45,21.4,25.69,10.9
2006-11-21,0.0,39.39,20.49,28.14,11.19
2006-11-22,0.0,38.45,19.54,26.89,10.89
2006-11-23,0.0,38.3,18.73,29.21,10.58
2006-11-24,0.0,38.14,18.82,27.77,10.27
2006-11-25,0.0,37.06,20.86,24.77,10.71
2006-11-26,0.0,39.01,18.42,28.56,10.12
2006-11-27,0.0,38.8,19.24,26.74,9.85
2006-11-28,0.0,38.94,18.96,24.6,7.79
2006-11-29,0.0,36.01,18.59,31.7,12.8
2006-11-30,0.0,36.9,17.78,29.71,11.01
2006-12-01,0.0,36.33,16.98,32.81,14.28
2006-12-02,0.0,34.47,16.15,37.45,17.78
2006-12-03,0.0,34.8,15.92,40.63,16.37
2006-12-04,0.0,36.7,16.35,33.04,13.7
2006-12-05,0.0,36.61,17.6,26.39,9.5
2006-12-06,0.0,32.89,16.59,30.83,17.48
2006-12-07,0.0,33.73,16.28,37.82,18.18
2006-12-08,0.0,33.53,16.01,38.33,16.45
2006-12-09,0.0,33.81,16.24,32.16,15.31
2006-12-10,0.0,32.38,16.16,29.81,12.42
2006-12-11,0.0,30.12,16.0,47.49,21.86
2006-12-12,0.0,31.0,15.91,41.63,24.98
2006-12-13,0.0,31.37,15.88,56.36,26.01
2006-12-14,0.0,34.86,17.26,55.03,22.07
2006-12-15,0.0,38.53,19.1,40.48,16.38
2006-12-16,0.0,39.4,19.89,31.03,14.04
2006-12-17,0.0,36.97,19.33,36.77,17.74
2006-12-18,0.0,32.63,17.6,33.39,18.7
2006-12-19,0.0,31.93,14.56,37.29,16.83
2006-12-20,0.0,32.4,14.19,43.85,19.3
2006-12-21,0.0,33.1,14.73,44.73,19.27
2006-12-22,0.0,34.44,15.71,40.56,17.52
2006-12-23,0.0,34.17,17.16,35.98,16.24
2006-12-24,0.0,37.96,17.91,34.52,13.0
2006-12-25,0.0,38.18,18.24,31.23,12.08
2006-12-26,0.0,37.67,18.49,27.23,12.52
2006-12-27,0.0,34.41,17.65,29.71,12.2
2006-12-28,0.0,32.68,15.95,20.33,11.77
2006-12-29,0.0,34.87,16.67,27.06,12.29
2006-12-30,0.0,34.19,17.59,26.87,11.95
2006-12-31,0.0,34.39,16.79,23.23,11.9
2007-01-01,0.0,31.47,16.37,35.45,17.16
2007-01-02,0.0,31.32,14.19,39.47,15.54
2007-01-03,0.0,32.15,15.14,27.54,15.14
2007-01-04,0.0,31.3,14.93,38.94,17.23
2007-01-05,0.0,30.98,14.09,39.43,17.12
2007-01-06,0.0,30.99,14.65,35.87,14.86
2007-01-07,0.0,31.75,13.91,34.77,16.74
2007-01-08,0.0,33.56,15.67,33.33,15.04
2007-01-09,0.0,36.16,18.61,29.28,13.66
2007-01-10,0.0,38.75,20.54,26.56,12.62
2007-01-11,0.0,37.53,20.76,22.36,12.15
2007-01-12,0.0,36.77,22.3,24.98,14.23
2007-01-13,0.0,36.69,19.92,26.48,13.54
2007-01-14,0.0,36.11,19.11,25.25,12.62
2007-01-15,0.0,34.47,17.02,30.58,13.47
2007-01-16,0.0,34.47,15.85,30.89,13.64
2007-01-17,0.0,35.84,16.16,32.45,14.79
2007-01-18,0.0,36.0,18.64,29.13,15.91
2007-01-19,0.0,36.54,19.29,25.85,12.92
2007-01-20,0.0,37.36,19.56,25.5,11.61
2007-01-21,0.0,37.29,18.75,25.31,10.62
2007-01-22,0.0,36.51,19.35,26.16,11.34
2007-01-23,0.0,38.78,19.67,27.51,11.48
2007-01-24,0.0,38.3,19.17,31.76,9.51
2007-01-25,0.0,33.88,18.53,53.76,12.52
2007-01-26,0.0,35.17,18.84,53.9,23.88
2007-01-27,0.0,34.48,17.28,60.08,29.2
2007-01-28,0.0,33.06,16.68,87.18,39.57
2007-01-29,0.0,32.09,17.81,95.48,45.99
2007-01-30,0.0,37.77,18.08,79.01,23.97
2007-01-31,0.0,37.41,20.46,48.77,18.04
2007-02-01,0.0,39.25,19.84,47.37,14.52
2007-02-02,0.0,37.81,20.3,49.23,14.09
2007-02-03,0.0,40.87,21.74,30.8,12.25
2007-02-04,0.0,41.82,22.51,31.2,11.75
2007-02-05,0.0,38.55,22.06,38.74,15.26
2007-02-06,0.0,34.72,20.14,40.72,19.9
2007-02-07,0.0,32.03,19.63,57.99,27.34
2007-02-08,0.0,34.79,18.17,52.81,20.63
2007-02-09,0.0,37.14,17.39,45.54,15.16
2007-02-10,0.0,37.34,19.44,33.35,12.34
2007-02-11,0.0,37.98,19.11,34.86,11.67
2007-02-12,0.0,38.49,19.36,30.13,12.42
2007-02-13,0.0,38.92,19.58,23.34,10.53
2007-02-14,0.0,38.76,20.29,23.7,11.08
2007-02-15,0.0,39.2,20.62,20.91,9.54
2007-02-16,0.0,40.99,20.6,20.7,8.99
2007-02-17,0.0,40.31,19.78,22.73,8.34
2007-02-18,0.0,38.52,19.51,24.58,11.3
2007-02-19,0.0,38.14,21.41,29.47,11.89
2007-02-20,0.0,33.51,20.36,30.61,14.47
2007-02-21,0.0,35.61,17.6,42.18,17.18
2007-02-22,0.0,35.16,16.75,32.68,13.27
2007-02-23,0.0,36.24,17.31,30.69,14.21
2007-02-24,0.0,36.83,17.98,37.22,13.79
2007-02-25,0.0,36.43,17.64,32.31,12.5
2007-02-26,0.0,37.38,17.9,31.18,12.06
2007-02-27,0.0,37.74,18.24,29.45,12.25
2007-02-28,0.0,38.98,19.31,26.5,11.14
2007-03-01,0.0,38.94,20.39,22.43,10.2
2007-03-02,0.0,40.3,20.82,24.0,8.81
2007-03-03,0.0,40.49,21.98,19.68,8.95
2007-03-04,0.0,41.31,22.84,17.54,8.85
2007-03-05,0.0,41.52,22.8,17.3,7.9
2007-03-06,0.0,41.28,22.37,16.35,7.87
2007-03-07,0.0,40.98,21.4,18.27,7.47
2007-03-08,0.0,41.21,20.94,19.25,6.42
2007-03-09,0.0,40.99,19.92,21.06,6.31
2007-03-10,0.0,41.05,20.61,22.39,6.87
2007-03-11,0.0,38.71,19.84,26.56,10.77
2007-03-12,0.0,38.12,19.35,29.6,12.55
2007-03-13,0.0,40.15,19.66,29.36,11.72
2007-03-14,0.0,37.1,19.06,43.73,15.46
2007-03-15,0.0,33.2,17.16,77.58,27.77
2007-03-16,0.0,34.71,16.42,84.79,21.97
2007-03-17,0.0,39.19,18.82,42.96,11.84
2007-03-18,0.0,40.07,21.55,23.98,10.21
2007-03-19,0.0,35.53,19.6,59.9,20.58
2007-03-20,0.0,34.46,19.8,61.52,30.33
2007-03-21,0.0,30.39,20.33,62.82,35.68
2007-03-22,0.0,38.83,20.06,52.73,20.77
2007-03-23,0.0,41.75,22.65,41.37,17.4
2007-03-24,0.0,42.11,23.12,41.68,14.76
2007-03-25,0.0,41.53,23.26,40.9,18.09
2007-03-26,0.0,42.81,23.58,43.68,15.85
2007-03-27,0.0,41.63,23.63,41.61,18.77
2007-03-28,0.0,39.54,22.65,46.82,20.55
2007-03-29,0.0,38.27,21.88,35.32,17.25
2007-03-30,0.0,39.76,21.37,33.76,15.41
2007-03-31,0.0,41.96,21.8,27.48,12.24
2007-04-01,0.0,41.33,21.02,47.25,12.91
2007-04-02,0.0,39.99,20.92,53.79,16.07
2007-04-03,0.0,42.4,22.03,47.13,14.73
2007-04-04,0.0,45.23,22.4,45.71,9.66
2007-04-05,0.0,45.08,24.63,27.84,9.05
2007-04-06,0.0,42.8,22.87,60.04,12.75
2007-04-07,0.0,43.72,23.52,36.68,10.07
2007-04-08,0.0,43.54,23.18,36.16,11.38
2007-04-09,0.0,41.94,23.35,52.38,16.85
2007-04-10,0.0,40.14,21.46,63.08,18.87
2007-04-11,0.0,36.3,22.22,62.3,24.0
2007-04-12,0.0,41.2,22.72,42.02,15.11
2007-04-13,0.0,44.0,23.48,36.08,15.47
2007-04-14,0.0,44.3,24.57,28.71,11.21
2007-04-15,0.0,42.99,23.09,42.22,13.78
2007-04-16,0.0,39.63,20.46,63.93,19.84
2007-04-17,0.0,37.58,20.62,67.99,24.46
2007-04-18,0.0,39.22,20.09,72.11,19.29
2007-04-19,0.0,41.7,20.93,58.79,15.51
2007-04-20,0.0,41.96,21.9,47.76,12.52
2007-04-21,0.0,40.25,21.59,54.85,16.29
2007-04-22,0.0,39.95,20.2,72.04,18.37
2007-04-23,0.0,40.71,21.73,52.08,15.8
2007-04-24,0.0,40.68,21.54,61.07,17.0
2007-04-25,0.0,38.39,20.85,76.66,25.08
2007-04-26,0.0,37.93,20.5,79.71,26.4
2007-04-27,0.0,37.71,19.96,82.16,27.99
2007-04-28,0.0,40.7,21.24,71.82,20.76
2007-04-29,0.0,41.22,21.18,58.91,15.76
2007-04-30,0.0,41.59,21.05,56.39,13.06
2007-05-01,0.0,40.24,21.24,62.75,17.89
2007-05-02,0.0,40.96,20.9,71.97,19.05
2007-05-03,0.0,42.97,21.53,65.37,15.0
2007-05-04,0.0,43.69,22.89,52.63,14.18
2007-05-05,0.0,43.31,24.47,44.14,14.93
2007-05-06,0.0,42.8,24.76,32.88,12.55
2007-05-07,0.0,43.44,24.21,26.19,11.42
2007-05-08,0.0,44.62,24.94,23.05,8.67
2007-05-09,0.0,43.8,24.44,53.57,11.98
2007-05-10,0.0,43.23,26.55,27.67,10.64
2007-05-11,0.0,44.52,25.81,21.24,9.68
2007-05-12,0.0,41.99,25.26,41.58,13.66
2007-05-13,0.0,41.55,22.82,73.49,20.82
2007-05-14,0.0,42.82,23.48,73.17,16.5
2007-05-15,0.0,42.06,23.42,64.4,20.6
2007-05-16,0.0,41.06,23.85,73.93,22.05
2007-05-17,0.0,41.53,21.67,74.59,17.22
2007-05-18,0.0,41.41,20.9,70.08,14.8
2007-05-19,0.0,40.07,21.09,63.01,18.96
2007-05-20,0.0,38.97,23.76,59.57,25.87
2007-05-21,0.0,35.63,24.51,57.04,28.65
2007-05-22,0.0,38.46,23.71,69.1,23.18
2007-05-23,0.0,40.46,22.15,67.64,19.28
2007-05-24,0.0,38.43,21.63,59.13,21.88
2007-05-25,0.0,38.5,22.07,67.02,22.51
2007-05-26,0.0,40.77,23.5,58.57,20.62
2007-05-27,0.0,43.41,23.46,58.63,16.83
2007-05-28,0.0,43.97,24.22,57.17,16.47
2007-05-29,0.0,43.41,23.86,75.81,21.32
2007-05-30,0.0,45.45,25.59,63.98,17.37
2007-05-31,0.0,41.43,24.3,68.14,21.07
2007-06-01,0.0,39.19,23.71,65.84,25.29
2007-06-02,0.0,38.61,22.56,71.0,24.09
2007-06-03,0.0,36.91,21.56,66.67,28.11
2007-06-04,0.0,36.72,20.55,78.52,27.9
2007-06-05,0.0,37.27,21.03,77.14,27.55
2007-06-06,0.0,36.86,21.69,76.53,30.22
2007-06-07,0.0,36.81,22.37,72.12,29.34
2007-06-08,0.0,38.16,22.31,72.93,24.44
2007-06-09,0.0,43.91,22.83,68.58,14.86
2007-06-10,0.0,41.84,26.35,66.94,25.13
2007-06-11,0.0,43.37,25.77,75.8,15.24
2007-06-12,0.08,43.16,26.69,38.89,13.87
2007-06-13,1.59,38.27,24.91,76.91,26.46
2007-06-14,0.01,38.16,23.82,88.92,37.45
2007-06-15,0.0,40.89,24.13,71.27,22.32
2007-06-16,0.0,44.17,24.38,67.51,17.9
2007-06-17,0.0,39.87,25.91,79.62,33.84
2007-06-18,0.0,40.48,25.77,84.43,31.49
2007-06-19,0.0,40.03,24.92,80.28,31.48
2007-06-20,0.0,40.43,24.07,75.07,30.16
2007-06-21,0.0,41.13,24.32,82.76,26.17
2007-06-22,0.0,41.42,24.7,77.99,26.17
2007-06-23,0.0,39.09,24.66,89.24,37.05
2007-06-24,0.0,36.15,23.14,96.21,51.92
2007-06-25,0.0,38.35,23.8,95.63,39.64
2007-06-26,0.0,38.72,24.32,82.56,36.14
2007-06-27,0.05,38.83,25.08,80.63,37.2
2007-06-28,0.0,38.41,24.59,91.27,42.86
2007-06-29,0.04,39.13,23.85,93.86,34.61
2007-06-30,0.0,39.22,23.19,81.21,28.57
2007-07-01,0.0,35.77,23.09,70.87,35.41
2007-07-02,0.0,36.69,23.34,80.54,35.55
2007-07-03,0.0,33.75,24.63,82.38,50.44
2007-07-04,0.01,36.43,24.48,84.19,42.8
2007-07-05,0.05,38.52,25.17,83.64,37.58
2007-07-06,0.0,37.21,23.79,95.86,43.12
2007-07-07,0.0,37.46,24.05,79.31,30.81
2007-07-08,0.0,37.83,23.22,74.08,33.88
2007-07-09,0.4,38.37,25.05,85.93,35.42
2007-07-10,0.01,38.28,25.68,83.12,39.53
2007-07-11,0.0,37.48,25.06,83.59,38.45
2007-07-12,0.0,38.13,24.9,78.62,36.38
2007-07-13,0.0,38.17,26.12,74.58,37.44
2007-07-14,0.0,38.27,25.97,76.79,38.09
2007-07-15,0.0,36.72,25.56,78.29,33.46
2007-07-16,0.0,36.02,23.26,84.55,36.26
2007-07-17,1.22,35.16,25.38,92.39,46.33
2007-07-18,0.05,30.73,24.24,97.09,74.3
2007-07-19,0.01,31.41,22.48,96.9,65.41
2007-07-20,0.0,32.95,21.76,97.83,58.21
2007-07-21,0.0,34.55,24.76,89.61,53.46
2007-07-22,0.0,33.71,24.83,90.73,54.66
2007-07-23,1.62,32.9,24.65,96.63,62.48
2007-07-24,0.0,32.37,23.55,96.72,66.29
2007-07-25,6.26,31.31,23.82,99.2,71.06
2007-07-26,0.0,30.87,22.7,99.2,68.13
2007-07-27,0.0,30.76,20.72,98.58,60.29
2007-07-28,0.0,33.59,23.04,90.59,54.8
2007-07-29,1.72,33.63,25.73,96.95,58.36
2007-07-30,22.68,31.72,24.25,96.92,70.03
2007-07-31,12.71,27.8,23.39,99.65,86.77
2007-08-01,38.34,31.75,23.97,99.59,69.32
2007-08-02,22.51,31.19,23.42,99.81,68.71
2007-08-03,0.09,30.88,23.17,99.76,71.39
2007-08-04,0.0,33.04,23.86,99.49,63.22
2007-08-05,0.03,32.86,23.93,98.32,65.03
2007-08-06,0.58,31.7,24.22,98.47,69.13
2007-08-07,4.58,29.77,24.41,97.24,78.44
2007-08-08,0.0,30.27,23.98,97.33,71.9
2007-08-09,0.0,31.4,23.78,96.79,62.36
2007-08-10,0.0,33.34,22.91,97.58,61.93
2007-08-11,1.86,32.22,24.95,96.97,70.99
2007-08-12,5.04,31.82,23.13,99.57,65.28
2007-08-13,0.0,30.65,23.29,99.35,73.96
2007-08-14,5.47,32.0,22.92,98.59,66.64
2007-08-15,0.1,32.21,23.97,98.72,67.98
2007-08-16,1.07,30.57,23.59,99.19,73.49
2007-08-17,0.05,32.92,23.53,98.74,64.55
2007-08-18,0.0,32.74,24.38,98.56,65.55
2007-08-19,0.0,33.25,23.83,98.6,60.53
2007-08-20,0.0,33.5,23.55,91.01,59.62
2007-08-21,0.0,32.51,22.97,90.95,56.97
2007-08-22,0.05,34.14,23.11,84.63,54.93
2007-08-23,9.2,31.42,23.68,98.48,67.08
2007-08-24,1.55,30.2,22.95,99.17,74.42
2007-08-25,0.0,32.41,23.18,98.63,60.08
2007-08-26,0.18,33.04,22.98,98.71,62.33
2007-08-27,2.87,30.7,23.64,97.82,70.7
2007-08-28,1.84,29.5,23.62,98.27,77.85
2007-08-29,1.06,31.15,23.27,99.01,67.8
2007-08-30,1.96,28.25,22.85,98.65,81.98
2007-08-31,6.51,31.39,23.4,98.64,67.45
2007-09-01,38.77,31.49,21.55,98.2,64.14
2007-09-02,3.5,29.86,23.0,99.23,76.34
2007-09-03,3.96,31.51,22.91,99.26,68.46
2007-09-04,0.0,32.14,22.73,98.78,68.58
2007-09-05,0.01,32.48,23.3,99.24,66.63
2007-09-06,0.58,33.47,23.72,99.12,66.92
2007-09-07,7.98,32.89,23.95,98.5,64.23
2007-09-08,26.98,30.33,23.38,99.84,77.51
2007-09-09,2.23,31.58,23.33,99.54,70.09
2007-09-10,0.06,32.99,23.12,99.6,64.46
2007-09-11,17.68,31.52,23.83,99.48,74.96
2007-09-12,0.0,31.37,23.01,99.6,71.47
2007-09-13,2.86,31.03,23.21,99.24,71.43
2007-09-14,0.0,32.6,22.79,99.43,62.45
2007-09-15,0.0,35.35,23.04,93.55,50.97
2007-09-16,0.0,35.28,23.88,89.79,53.26
2007-09-17,0.92,33.93,24.72,97.73,65.09
2007-09-18,10.01,33.44,23.41,98.81,62.27
2007-09-19,0.11,32.54,23.07,99.57,65.58
2007-09-20,0.0,34.41,23.48,98.01,57.16
2007-09-21,0.0,37.37,24.99,87.72,43.62
2007-09-22,0.0,38.65,25.67,79.89,37.53
2007-09-23,0.06,37.32,25.37,82.35,44.53
2007-09-24,0.0,36.0,24.09,85.89,43.13
2007-09-25,0.0,37.51,25.15,80.67,42.65
2007-09-26,0.32,34.41,25.29,97.76,50.75
2007-09-27,0.0,31.26,23.45,97.54,69.83
2007-09-28,0.0,33.16,22.19,98.76,48.94
2007-09-29,0.0,37.18,23.3,79.87,35.91
2007-09-30,1.78,38.17,25.75,72.97,38.08
2007-10-01,0.0,39.89,25.03,87.18,34.99
2007-10-02,0.0,39.4,24.66,90.82,36.74
2007-10-03,0.0,38.97,24.4,89.42,39.63
2007-10-04,0.0,38.04,24.39,89.34,41.85
2007-10-05,0.0,38.52,23.52,91.53,38.09
2007-10-06,0.0,40.36,23.88,84.92,27.43
2007-10-07,0.0,40.83,24.59,78.17,24.79
2007-10-08,1.26,38.6,25.19,99.85,41.81
2007-10-09,0.0,33.73,22.0,99.3,60.41
2007-10-10,0.07,36.55,22.8,99.18,43.53
2007-10-11,0.0,37.15,24.09,89.14,43.82
2007-10-12,0.0,35.22,24.03,95.5,46.6
2007-10-13,1.71,37.11,24.26,85.87,37.83
2007-10-14,0.0,38.73,24.49,68.8,21.63
2007-10-15,0.0,41.13,23.65,73.06,18.53
2007-10-16,0.0,41.8,24.98,51.58,18.82
2007-10-17,0.0,41.22,25.06,76.82,26.0
2007-10-18,0.0,41.71,25.31,82.58,23.42
2007-10-19,0.0,40.52,24.72,69.42,20.57
2007-10-20,0.0,36.95,22.2,78.88,28.75
2007-10-21,0.0,36.33,21.39,81.96,30.4
2007-10-22,0.0,37.76,22.41,82.64,29.28
2007-10-23,0.0,39.66,23.52,71.19,25.25
2007-10-24,0.0,41.14,25.69,68.53,23.06
2007-10-25,0.0,41.95,25.73,71.6,21.3
2007-10-26,0.0,42.01,25.77,68.41,16.42
2007-10-27,0.0,40.15,24.04,50.26,18.8
2007-10-28,0.0,39.24,21.99,72.02,20.65
2007-10-29,0.0,39.6,23.84,51.87,21.45
2007-10-30,0.0,40.85,24.49,54.76,19.13
2007-10-31,0.0,40.01,25.28,39.51,17.24
2007-11-01,0.44,39.98,22.72,47.14,24.01
2007-11-02,0.19,39.54,23.88,68.08,23.04
2007-11-03,0.0,41.07,22.57,60.83,18.4
2007-11-04,0.0,40.73,21.84,74.73,19.87
2007-11-05,0.0,40.6,20.99,75.76,19.1
2007-11-06,0.0,40.33,22.68,61.81,13.4
2007-11-07,0.0,39.16,22.29,38.75,14.74
2007-11-08,0.0,37.24,19.56,34.96,11.43
2007-11-09,0.0,36.9,18.04,33.25,13.05
2007-11-10,0.0,36.22,17.57,33.71,14.8
2007-11-11,0.0,39.04,18.97,39.31,16.22
2007-11-12,0.0,39.97,21.73,39.58,17.68
2007-11-13,0.0,39.18,22.76,61.13,22.62
2007-11-14,0.0,39.55,22.03,35.29,13.33
2007-11-15,0.0,36.63,19.61,64.6,16.79
2007-11-16,0.0,37.6,18.89,68.81,23.42
2007-11-17,0.0,38.82,19.39,72.57,20.61
2007-11-18,0.0,38.35,19.85,76.0,18.93
2007-11-19,0.0,39.95,20.75,65.39,16.08
2007-11-20,0.0,40.77,21.65,37.15,13.54
2007-11-21,0.0,38.81,21.7,30.01,11.59
2007-11-22,0.0,37.6,20.69,32.5,12.93
2007-11-23,0.0,38.05,20.86,55.5,17.1
2007-11-24,0.0,37.94,19.95,63.59,21.16
2007-11-25,0.0,35.81,19.07,55.4,24.65
2007-11-26,0.0,33.35,17.71,51.35,23.26
2007-11-27,0.0,32.33,16.58,46.91,21.84
2007-11-28,0.0,32.29,16.37,47.19,23.7
2007-11-29,0.0,33.42,15.84,47.33,21.33
2007-11-30,0.0,34.48,17.44,38.94,18.14
2007-12-01,0.0,33.89,17.53,41.67,20.23
2007-12-02,0.0,35.43,19.47,35.84,21.18
2007-12-03,0.0,34.64,18.99,32.41,17.02
2007-12-04,0.0,31.53,16.26,35.23,18.11
2007-12-05,0.0,29.48,13.44,38.29,19.18
2007-12-06,0.0,30.8,13.15,39.04,20.96
2007-12-07,0.0,32.59,14.34,43.54,20.99
2007-12-08,0.0,33.51,16.12,54.17,22.81
2007-12-09,0.0,33.88,16.33,50.7,24.2
2007-12-10,0.0,36.19,16.03,48.16,21.13
2007-12-11,0.0,38.25,19.26,42.9,19.83
2007-12-12,0.0,39.25,20.29,44.66,19.24
2007-12-13,0.0,39.31,20.01,49.38,15.54
2007-12-14,0.0,36.82,19.69,35.93,16.45
2007-12-15,0.0,34.25,18.53,28.06,13.34
2007-12-16,0.0,32.73,18.45,25.11,13.45
2007-12-17,0.0,35.79,17.72,34.28,15.35
2007-12-18,0.0,36.36,17.77,40.08,14.28
2007-12-19,0.0,37.81,19.35,29.46,14.45
2007-12-20,0.0,33.28,16.93,68.93,24.2
2007-12-21,0.0,35.61,19.76,49.69,20.48
2007-12-22,0.0,37.83,18.86,47.84,17.34
2007-12-23,0.0,38.74,18.91,40.15,14.32
2007-12-24,0.0,36.98,18.15,34.26,14.69
2007-12-25,0.0,36.28,17.92,33.83,14.04
2007-12-26,0.0,35.11,17.08,39.81,17.79
2007-12-27,0.0,33.37,16.82,40.65,21.54
2007-12-28,0.0,33.09,16.17,40.3,20.15
2007-12-29,0.0,31.56,15.44,39.75,20.39
2007-12-30,0.0,29.96,14.77,46.69,25.07
2007-12-31,0.0,29.43,14.12,39.55,22.64
2008-01-01,0.0,29.45,14.07,38.38,21.74
2008-01-02,0.0,30.93,14.54,41.41,20.98
2008-01-03,0.0,31.32,15.84,32.67,15.63
2008-01-04,0.0,31.38,15.25,26.76,13.76
2008-01-05,0.0,31.76,12.84,32.13,16.53
2008-01-06,0.0,32.38,15.13,67.92,23.03
2008-01-07,0.0,30.0,14.0,37.87,18.6
2008-01-08,0.0,30.3,13.27,42.24,17.69
2008-01-09,0.0,30.53,13.2,40.17,16.48
2008-01-10,0.0,31.6,13.61,49.63,25.65
2008-01-11,0.0,32.79,15.27,58.89,24.78
2008-01-12,0.0,33.19,15.98,48.98,21.85
2008-01-13,0.0,34.2,17.31,45.77,22.27
2008-01-14,0.0,34.84,18.16,42.95,21.02
2008-01-15,0.0,33.95,18.97,42.96,22.38
2008-01-16,0.0,34.0,18.84,37.26,19.31
2008-01-17,0.0,33.27,17.16,30.42,16.9
2008-01-18,0.0,34.0,17.3,29.92,15.49
2008-01-19,0.0,33.93,16.03,28.61,14.51
2008-01-20,0.0,35.07,16.61,28.36,13.52
2008-01-21,0.0,35.08,16.67,25.37,13.06
2008-01-22,0.0,34.77,17.09,26.93,13.67
2008-01-23,0.0,35.09,17.87,28.14,15.06
2008-01-24,0.0,35.23,17.72,28.92,14.43
2008-01-25,0.0,34.35,18.16,27.5,14.03
2008-01-26,0.0,35.88,17.94,29.28,13.12
2008-01-27,0.0,35.14,17.98,29.33,13.47
2008-01-28,0.0,34.56,18.79,26.22,13.92
2008-01-29,0.0,35.86,17.23,28.44,12.86
2008-01-30,0.0,35.64,16.94,29.83,14.02
2008-01-31,0.0,35.79,17.56,28.77,13.37
2008-02-01,0.0,36.67,19.13,25.3,12.05
2008-02-02,0.0,37.49,19.29,23.47,10.87
2008-02-03,0.0,36.24,19.45,24.54,11.71
2008-02-04,0.0,36.64,19.51,26.01,12.11
2008-02-05,0.0,38.82,19.63,30.42,11.58
2008-02-06,0.0,38.7,20.02,27.66,10.98
2008-02-07,0.0,39.67,20.74,26.6,11.16
2008-02-08,0.0,38.21,20.1,53.53,17.14
2008-02-09,0.0,32.94,18.97,72.19,31.88
2008-02-10,0.0,31.0,16.99,82.98,37.71
2008-02-11,0.0,29.71,16.98,79.27,36.79
2008-02-12,0.39,29.24,18.91,81.42,43.92
2008-02-13,0.0,34.72,18.39,86.29,27.46
2008-02-14,0.0,35.66,17.83,82.28,26.53
2008-02-15,0.0,38.54,20.1,58.69,11.82
2008-02-16,0.0,41.11,21.79,25.49,9.06
2008-02-17,0.0,41.21,21.91,23.72,10.67
2008-02-18,0.0,41.52,22.32,25.08,8.88
2008-02-19,0.0,40.73,22.46,22.39,10.37
2008-02-20,0.0,40.03,21.08,30.69,9.85
2008-02-21,0.0,39.36,20.88,27.68,11.6
2008-02-22,0.0,39.95,20.41,26.29,10.62
2008-02-23,0.0,40.01,20.63,24.28,8.92
2008-02-24,0.0,38.87,19.43,39.85,10.37
2008-02-25,0.0,36.84,18.39,71.55,17.95
2008-02-26,0.0,37.55,19.3,47.04,18.05
2008-02-27,0.0,38.09,18.81,42.27,17.12
2008-02-28,0.0,41.01,20.02,36.16,13.85
2008-02-29,0.0,41.08,21.03,26.07,9.06
2008-03-01,0.0,40.31,21.75,25.73,8.68
2008-03-02,0.0,39.87,20.94,23.18,9.46
2008-03-03,0.0,40.88,21.06,25.95,9.91
2008-03-04,0.0,41.46,22.27,25.29,9.58
2008-03-05,0.0,42.01,22.16,25.35,9.6
2008-03-06,0.0,42.13,21.63,29.53,9.16
2008-03-07,0.0,42.42,22.55,25.02,9.37
2008-03-08,0.0,42.87,22.59,25.78,9.72
2008-03-09,0.0,41.22,22.24,39.71,12.42
2008-03-10,0.0,38.81,20.73,41.93,12.64
2008-03-11,0.0,38.34,18.68,65.48,13.67
2008-03-12,0.0,40.88,20.25,38.03,11.24
2008-03-13,0.0,38.54,20.05,66.1,23.94
2008-03-14,0.0,37.42,20.79,86.5,36.26
2008-03-15,0.0,39.69,20.94,81.89,23.44
2008-03-16,0.0,42.85,22.29,63.8,12.12
2008-03-17,0.0,44.1,23.69,43.65,8.49
2008-03-18,0.0,42.48,23.79,33.54,12.57
2008-03-19,0.0,43.36,22.38,49.09,9.54
2008-03-20,0.0,41.3,21.08,55.73,14.92
2008-03-21,0.0,37.27,19.26,70.38,23.38
2008-03-22,0.0,39.14,18.85,63.16,15.83
2008-03-23,0.0,37.86,18.8,51.66,14.94
2008-03-24,0.0,35.46,17.16,73.64,20.0
2008-03-25,0.0,36.35,18.05,65.37,24.83
2008-03-26,0.0,36.57,19.79,68.65,24.94
2008-03-27,0.0,42.59,20.91,65.77,12.72
2008-03-28,0.0,43.33,22.01,56.35,14.51
2008-03-29,0.0,45.07,23.47,49.92,12.96
2008-03-30,0.0,45.68,24.41,50.48,12.96
2008-03-31,0.0,45.36,24.95,43.49,10.42
2008-04-01,0.0,45.84,25.28,43.12,9.99
2008-04-02,0.0,44.17,24.19,45.88,14.73
2008-04-03,0.0,42.64,23.96,68.85,15.89
2008-04-04,0.0,42.94,23.28,66.4,11.75
2008-04-05,0.0,41.63,21.69,75.32,12.26
2008-04-06,0.0,41.49,20.68,80.1,11.77
2008-04-07,0.0,41.43,20.43,71.15,11.12
2008-04-08,0.0,43.66,21.92,49.34,6.71
2008-04-09,0.0,44.19,22.07,43.28,6.71
2008-04-10,0.0,43.33,22.67,41.73,6.99
2008-04-11,0.0,42.76,22.07,59.8,9.54
2008-04-12,0.0,43.26,22.59,50.95,8.12
2008-04-13,0.0,44.22,22.54,48.41,9.45
2008-04-14,0.0,44.71,22.95,36.36,10.03
2008-04-15,0.0,41.02,21.24,57.51,16.17
2008-04-16,0.0,39.6,19.49,69.3,14.34
2008-04-17,0.0,39.98,19.52,78.92,17.82
2008-04-18,0.0,39.85,20.05,72.03,20.52
2008-04-19,0.0,40.98,20.39,74.85,17.63
2008-04-20,0.0,42.36,21.63,67.13,15.54
2008-04-21,0.0,44.91,22.51,60.64,11.75
2008-04-22,0.0,46.25,24.24,40.47,11.18
2008-04-23,0.0,46.69,25.31,32.53,10.81
2008-04-24,0.0,46.29,24.28,38.32,9.22
2008-04-25,0.0,44.09,22.3,57.1,13.37
2008-04-26,0.0,43.4,24.63,47.77,17.82
2008-04-27,0.0,43.99,22.92,60.68,9.55
2008-04-28,0.0,44.88,23.53,40.93,9.41
2008-04-29,0.0,41.95,22.56,49.64,13.79
2008-04-30,0.0,40.59,20.82,65.24,15.41
2008-05-01,0.0,39.72,20.62,67.15,17.12
2008-05-02,0.0,38.32,20.4,77.36,19.36
2008-05-03,0.0,40.09,20.88,68.1,16.33
2008-05-04,0.0,47.54,24.03,50.98,8.77
2008-05-05,0.0,44.48,26.52,42.62,12.78
2008-05-06,0.0,42.62,24.26,63.76,18.2
2008-05-07,0.0,40.39,22.37,63.66,21.24
2008-05-08,0.0,38.36,21.01,74.96,26.64
2008-05-09,0.0,39.77,21.77,68.67,19.08
2008-05-10,0.0,42.52,21.97,70.72,14.19
2008-05-11,0.0,43.63,23.67,43.83,12.51
2008-05-12,0.0,43.88,23.96,37.52,11.13
2008-05-13,0.0,44.14,24.55,31.18,10.47
2008-05-14,0.0,42.91,25.27,33.82,13.91
2008-05-15,0.0,39.83,22.6,53.33,16.88
2008-05-16,0.0,36.61,22.44,66.06,22.29
2008-05-17,0.0,39.23,22.69,54.85,19.74
2008-05-18,0.0,41.64,22.39,69.37,17.99
2008-05-19,0.0,43.72,22.47,64.37,15.76
2008-05-20,0.0,41.63,24.3,57.24,20.96
2008-05-21,0.05,41.11,23.15,71.44,23.75
2008-05-22,0.0,42.86,25.56,58.12,15.45
2008-05-23,0.0,44.33,25.35,56.76,11.33
2008-05-24,0.0,43.16,25.73,32.99,10.23
2008-05-25,0.0,40.74,21.99,54.77,15.9
2008-05-26,0.0,39.08,20.7,78.16,20.48
2008-05-27,0.0,40.86,21.81,73.88,18.18
2008-05-28,0.0,43.84,23.58,57.6,13.63
2008-05-29,0.0,45.05,26.4,24.26,9.69
2008-05-30,0.0,45.57,26.44,31.04,9.99
2008-05-31,0.0,40.27,24.53,82.81,29.69
2008-06-01,0.0,38.09,24.27,79.39,38.43
2008-06-02,0.0,37.24,23.49,90.94,34.54
2008-06-03,0.0,42.41,23.9,69.06,17.87
2008-06-04,0.0,44.08,27.6,39.92,14.2
2008-06-05,1.25,40.26,26.13,75.41,31.59
2008-06-06,0.0,40.08,24.91,84.62,28.77
2008-06-07,0.0,40.45,23.62,66.11,17.81
2008-06-08,0.0,41.74,22.65,72.16,17.87
2008-06-09,0.0,43.81,24.42,69.05,13.9
2008-06-10,0.0,43.05,25.6,44.75,10.52
2008-06-11,0.0,43.51,24.81,49.88,12.0
2008-06-12,0.02,39.69,25.6,68.51,28.74
2008-06-13,0.08,36.99,22.59,96.31,40.64
2008-06-14,0.21,41.2,25.38,81.84,19.16
2008-06-15,2.13,41.13,25.53,66.2,29.2
2008-06-16,1.55,37.19,24.33,95.47,42.24
2008-06-17,0.0,39.38,23.9,80.52,21.21
2008-06-18,0.0,43.1,23.1,83.85,14.26
2008-06-19,0.0,40.38,26.54,65.91,25.41
2008-06-20,0.02,40.02,26.0,86.55,34.9
2008-06-21,0.0,39.25,24.2,87.78,29.38
2008-06-22,0.0,38.73,24.49,77.51,36.71
2008-06-23,0.0,39.56,25.46,95.56,39.2
2008-06-24,0.0,37.71,24.72,92.6,38.61
2008-06-25,0.0,38.53,24.32,84.0,33.73
2008-06-26,0.0,38.6,24.54,84.71,38.69
2008-06-27,4.08,34.61,22.96,96.98,61.48
2008-06-28,11.22,30.17,22.92,99.43,84.92
2008-06-29,0.0,30.78,22.27,99.08,79.14
2008-06-30,23.83,33.05,22.57,97.97,67.04
2008-07-01,7.21,32.68,22.76,90.52,60.65
2008-07-02,0.76,32.0,24.09,99.15,65.85
2008-07-03,0.04,34.23,24.46,93.81,55.58
2008-07-04,0.0,35.19,24.36,93.93,50.37
2008-07-05,0.0,35.39,24.67,79.57,43.59
2008-07-06,0.0,34.85,23.65,81.97,47.85
2008-07-07,0.0,35.88,24.04,90.11,43.38
2008-07-08,0.0,37.1,25.36,83.07,40.22
2008-07-09,0.05,37.98,24.91,80.8,35.79
2008-07-10,2.85,38.34,25.31,82.29,39.65
2008-07-11,0.02,38.35,25.09,85.69,38.64
2008-07-12,16.02,37.75,26.24,90.16,41.46
2008-07-13,0.0,35.9,23.98,94.35,49.1
2008-07-14,0.0,36.31,23.78,94.44,46.61
2008-07-15,0.34,37.27,25.25,94.79,45.66
2008-07-16,0.0,38.48,25.63,85.12,34.2
2008-07-17,0.05,37.01,25.78,81.14,44.15
2008-07-18,1.22,36.6,25.43,87.37,42.84
2008-07-19,4.51,37.02,25.12,84.62,41.54
2008-07-20,28.35,33.85,24.48,90.62,51.25
2008-07-21,15.25,33.23,24.13,98.94,55.61
2008-07-22,0.88,32.33,22.87,98.58,62.33
2008-07-23,0.0,33.4,23.49,98.6,56.52
2008-07-24,0.0,34.63,23.76,89.01,52.11
2008-07-25,5.92,34.02,24.44,93.04,56.91
2008-07-26,2.14,33.71,23.82,95.97,59.01
2008-07-27,0.0,36.18,25.12,95.44,46.27
2008-07-28,0.0,36.08,24.93,86.93,43.58
2008-07-29,9.58,33.96,23.91,91.03,50.89
2008-07-30,3.18,33.77,24.69,89.47,54.84
2008-07-31,2.43,37.12,23.79,92.51,41.86
2008-08-01,0.0,38.32,25.2,85.61,36.55
2008-08-02,0.0,37.87,25.44,70.99,39.26
2008-08-03,0.0,37.95,24.83,81.84,39.41
2008-08-04,10.96,36.88,25.11,83.87,43.4
2008-08-05,0.0,35.99,23.6,99.27,49.79
2008-08-06,1.55,32.98,24.17,98.6,63.89
2008-08-07,10.55,34.71,23.9,98.9,52.06
2008-08-08,0.0,32.93,24.77,96.84,60.79
2008-08-09,0.0,33.84,23.51,98.96,59.12
2008-08-10,0.0,35.58,23.64,93.7,51.38
2008-08-11,0.0,33.08,24.29,98.43,63.63
2008-08-12,0.0,34.89,24.26,96.72,54.2
2008-08-13,0.0,36.63,24.81,87.07,40.36
2008-08-14,6.14,36.97,25.09,76.39,44.19
2008-08-15,0.22,35.62,25.13,86.28,48.21
2008-08-16,0.0,36.07,23.99,90.85,47.93
2008-08-17,0.0,34.46,24.29,87.5,52.82
2008-08-18,11.33,34.52,24.77,94.73,56.77
2008-08-19,19.34,29.86,23.97,98.7,79.48
2008-08-20,6.43,30.06,23.05,99.62,74.45
2008-08-21,4.57,30.81,22.79,98.97,74.03
2008-08-22,0.0,32.62,23.28,99.59,63.2
2008-08-23,2.64,34.19,24.09,96.73,59.61
2008-08-24,18.88,31.5,24.19,99.33,72.78
2008-08-25,0.03,30.1,23.11,99.31,71.2
2008-08-26,2.45,29.63,22.23,98.98,73.34
2008-08-27,10.39,31.43,22.35,99.89,67.2
2008-08-28,22.91,31.96,23.27,99.47,66.73
2008-08-29,0.09,31.19,22.96,99.7,66.76
2008-08-30,16.48,33.25,23.21,93.97,59.95
2008-08-31,10.75,32.58,23.18,97.24,64.25
2008-09-01,0.0,34.42,23.73,99.44,58.81
2008-09-02,23.87,36.06,23.49,98.55,52.49
2008-09-03,2.28,31.14,22.59,99.27,72.63
2008-09-04,0.0,32.21,23.3,99.33,65.11
2008-09-05,11.87,36.54,23.91,95.11,47.63
2008-09-06,1.0,37.76,23.87,90.71,44.29
2008-09-07,0.0,37.24,25.13,90.69,45.93
2008-09-08,18.19,37.03,23.69,92.51,49.0
2008-09-09,0.0,35.34,23.25,98.67,54.77
2008-09-10,0.0,35.83,24.25,97.45,52.0
2008-09-11,0.0,39.73,24.33,92.17,34.15
2008-09-12,0.0,38.84,25.36,71.57,33.17
2008-09-13,0.44,35.58,24.67,77.15,50.75
2008-09-14,0.0,32.8,24.65,94.81,62.25
2008-09-15,0.14,35.92,23.78,97.71,47.2
2008-09-16,0.81,37.73,25.02,85.0,43.14
2008-09-17,6.62,36.0,24.32,98.81,50.62
2008-09-18,0.49,31.42,22.78,98.83,67.23
2008-09-19,13.82,36.38,23.48,96.77,46.12
2008-09-20,0.0,36.93,24.47,84.28,41.13
2008-09-21,0.0,37.38,25.02,74.79,41.2
2008-09-22,0.0,37.48,25.07,79.09,41.91
2008-09-23,0.96,37.97,25.35,82.0,39.78
2008-09-24,3.1,37.6,25.79,76.48,44.37
2008-09-25,23.6,34.2,24.36,94.16,56.9
2008-09-26,12.72,34.82,23.96,89.97,54.44
2008-09-27,0.92,35.98,23.77,91.19,48.91
2008-09-28,0.09,38.99,25.46,79.8,37.61
2008-09-29,2.31,40.13,26.55,75.89,36.06
2008-09-30,1.87,37.46,25.88,82.0,44.87
2008-10-01,0.0,39.68,24.48,97.54,38.66
2008-10-02,3.76,38.72,24.84,99.7,39.59
2008-10-03,0.23,34.66,23.25,99.34,57.81
2008-10-04,0.0,31.84,21.9,98.81,67.23
2008-10-05,0.0,39.18,22.34,99.36,29.42
2008-10-06,0.76,41.0,25.53,83.38,30.48
2008-10-07,0.0,41.08,25.6,87.85,26.92
2008-10-08,0.0,39.68,25.09,90.32,35.52
2008-10-09,0.0,38.59,25.16,95.67,40.63
2008-10-10,0.0,38.3,24.87,92.49,37.58
2008-10-11,0.0,37.94,20.95,98.22,25.8
2008-10-12,0.0,40.47,22.24,67.24,16.8
2008-10-13,0.0,40.16,24.09,60.48,26.47
2008-10-14,0.57,40.52,25.69,80.12,28.79
2008-10-15,0.41,40.99,25.07,85.75,26.74
2008-10-16,0.0,39.85,24.83,89.5,26.65
2008-10-17,0.0,42.31,25.5,71.41,17.57
2008-10-18,0.0,42.5,25.14,78.83,22.38
2008-10-19,0.0,42.6,25.59,69.71,16.98
2008-10-20,1.6,38.18,24.15,70.43,30.55
2008-10-21,0.05,34.39,22.69,98.81,51.87
2008-10-22,0.2,37.66,22.51,98.9,31.48
2008-10-23,0.0,40.44,24.3,76.11,21.86
2008-10-24,0.0,41.61,24.96,65.68,17.56
2008-10-25,0.0,40.46,24.65,44.53,17.66
2008-10-26,0.0,39.65,23.49,39.86,15.83
2008-10-27,0.0,38.12,21.47,60.73,20.27
2008-10-28,0.0,38.38,21.18,61.83,19.22
2008-10-29,0.0,37.78,21.72,71.86,27.33
2008-10-30,0.0,37.87,22.24,89.78,28.13
2008-10-31,0.0,36.76,21.77,44.25,19.96
2008-11-01,0.0,39.05,20.39,47.82,20.03
2008-11-02,0.0,39.12,21.17,50.9,21.12
2008-11-03,0.0,40.41,22.65,52.53,22.4
2008-11-04,0.0,41.6,21.73,58.57,17.33
2008-11-05,0.0,41.57,22.33,47.07,13.11
2008-11-06,0.0,41.55,21.66,35.82,12.26
2008-11-07,0.0,41.96,21.91,39.08,14.58
2008-11-08,0.0,41.71,21.66,49.2,17.22
2008-11-09,0.0,40.09,21.81,44.46,14.61
2008-11-10,0.0,37.95,18.62,30.1,11.65
2008-11-11,0.0,38.5,17.86,33.04,13.31
2008-11-12,0.0,39.27,18.69,34.65,13.25
2008-11-13,0.0,40.05,20.12,36.17,14.23
2008-11-14,0.0,39.45,21.28,35.32,14.61
2008-11-15,0.0,40.62,21.74,40.7,10.47
2008-11-16,0.0,40.84,21.12,25.28,10.1
2008-11-17,0.0,40.78,21.24,29.25,10.35
2008-11-18,0.0,40.33,21.09,25.08,8.27
2008-11-19,0.0,39.06,21.53,29.15,11.68
2008-11-20,0.0,37.01,19.54,41.0,14.77
2008-11-21,0.0,37.12,18.62,50.83,16.99
2008-11-22,0.0,38.69,19.21,41.37,16.3
2008-11-23,0.0,37.87,21.38,38.12,16.05
2008-11-24,0.0,39.3,22.09,38.42,15.56
2008-11-25,0.0,39.05,20.73,41.5,17.02
2008-11-26,0.0,39.51,20.44,49.46,20.38
2008-11-27,0.0,38.93,21.27,51.87,20.47
2008-11-28,0.0,37.43,19.88,47.8,21.25
2008-11-29,0.0,37.23,18.8,51.1,20.32
2008-11-30,0.0,37.48,18.1,46.85,18.74
2008-12-01,0.0,38.44,18.25,46.84,19.29
2008-12-02,0.0,39.7,19.41,39.37,16.13
2008-12-03,0.0,34.6,19.02,44.15,19.65
2008-12-04,0.0,33.86,15.92,44.32,16.65
2008-12-05,0.0,29.71,13.92,27.65,12.28
2008-12-06,0.0,32.07,13.99,24.43,10.81
2008-12-07,0.0,33.43,13.92,33.69,14.1
2008-12-08,0.0,34.51,14.79,30.01,12.46
2008-12-09,0.0,34.26,15.84,27.47,11.3
2008-12-10,0.0,34.26,16.82,26.94,12.71
2008-12-11,0.0,35.78,17.33,31.79,12.76
2008-12-12,0.0,35.41,17.9,44.26,18.3
2008-12-13,0.0,32.93,15.77,44.04,19.6
2008-12-14,0.0,32.19,15.78,46.16,19.22
2008-12-15,0.0,32.64,14.95,44.49,14.56
2008-12-16,0.0,32.32,15.08,57.28,23.23
2008-12-17,0.0,32.5,15.04,69.05,26.23
2008-12-18,0.0,32.3,15.3,47.76,22.19
2008-12-19,0.0,32.11,15.86,40.11,20.23
2008-12-20,0.0,33.67,15.39,71.57,22.56
2008-12-21,0.0,36.96,19.22,36.93,18.16
2008-12-22,0.0,37.37,19.17,32.42,12.22
2008-12-23,0.0,38.17,19.8,28.75,12.47
2008-12-24,0.0,38.24,18.36,30.45,12.5
2008-12-25,0.0,35.79,18.58,33.87,13.91
2008-12-26,0.0,34.98,17.61,41.13,16.76
2008-12-27,0.0,34.41,19.23,48.81,23.22
2008-12-28,0.0,36.23,19.2,40.12,15.62
2008-12-29,0.0,40.29,19.39,33.69,12.8
2008-12-30,0.0,40.13,19.42,30.93,11.52
2008-12-31,0.0,38.72,19.39,27.31,13.1
2009-01-01,0.0,38.44,20.29,29.68,12.47
2009-01-02,0.0,37.96,19.78,33.53,13.67
2009-01-03,0.0,37.3,19.01,33.97,15.52
2009-01-04,0.0,36.33,18.17,34.13,13.53
2009-01-05,0.0,35.59,17.12,32.64,14.07
2009-01-06,0.0,33.52,16.63,42.42,20.02
2009-01-07,0.0,29.42,14.17,53.15,24.4
2009-01-08,0.0,29.17,13.16,63.35,25.11
2009-01-09,0.0,30.35,12.41,49.37,19.35
2009-01-10,0.01,31.46,13.18,39.83,14.98
2009-01-11,0.0,30.28,12.64,52.92,23.51
2009-01-12,0.0,29.4,13.96,69.35,22.8
2009-01-13,0.0,30.12,12.12,53.56,18.74
2009-01-14,0.0,30.63,14.33,47.43,21.89
2009-01-15,0.0,31.56,14.69,38.85,17.12
2009-01-16,0.0,30.09,13.97,35.06,15.82
2009-01-17,0.0,27.82,13.06,60.24,26.18
2009-01-18,0.0,27.82,11.05,59.92,26.44
2009-01-19,0.0,29.44,12.98,68.09,19.36
2009-01-20,0.0,30.0,12.16,43.29,16.59
2009-01-21,0.0,30.19,12.46,64.52,26.43
2009-01-22,0.0,29.86,12.98,47.4,15.99
2009-01-23,0.0,30.28,12.98,30.07,9.05
2009-01-24,0.0,28.35,11.98,22.05,9.25
2009-01-25,0.0,27.52,15.51,54.28,12.83
2009-01-26,0.0,31.2,15.0,57.23,23.02
2009-01-27,0.0,34.56,16.43,61.73,26.44
2009-01-28,0.0,35.04,15.85,54.17,22.3
2009-01-29,0.0,36.26,15.58,48.92,17.68
2009-01-30,0.0,38.45,17.22,47.14,16.28
2009-01-31,0.0,35.7,17.82,30.93,12.6
2009-02-01,0.0,34.84,17.23,26.43,11.48
2009-02-02,0.0,31.06,15.81,55.01,18.4
2009-02-03,0.0,30.92,14.09,92.52,34.13
2009-02-04,0.0,32.42,15.76,88.48,30.89
2009-02-05,0.0,33.43,15.81,77.05,23.52
2009-02-06,0.0,30.21,17.38,71.77,29.03
2009-02-07,0.0,31.95,16.5,65.41,22.3
2009-02-08,0.0,32.32,15.52,40.82,16.45
2009-02-09,0.0,35.25,15.81,35.88,13.89
2009-02-10,0.0,37.02,17.83,26.77,9.52
2009-02-11,0.0,38.21,18.03,19.28,7.58
2009-02-12,0.0,39.84,18.85,19.39,7.96
2009-02-13,0.0,39.94,18.93,25.52,8.19
2009-02-14,0.0,33.28,17.25,75.11,30.48
2009-02-15,0.0,32.22,17.45,73.33,23.31
2009-02-16,0.0,31.79,13.65,83.14,23.27
2009-02-17,0.0,33.46,14.13,73.18,19.23
2009-02-18,0.0,35.79,15.5,61.09,13.67
2009-02-19,0.0,33.01,18.41,33.28,15.55
2009-02-20,0.0,35.83,17.73,38.27,11.73
2009-02-21,0.0,35.09,16.4,53.76,12.15
2009-02-22,0.0,39.7,20.25,29.78,12.34
2009-02-23,0.0,41.97,21.3,34.98,16.68
2009-02-24,0.0,39.92,19.64,58.23,15.81
2009-02-25,0.0,34.79,17.2,73.37,29.05
2009-02-26,0.0,32.64,17.17,67.74,22.9
2009-02-27,0.0,32.23,17.12,72.55,29.27
2009-02-28,0.0,34.06,17.77,62.09,19.1
2009-03-01,0.0,37.18,18.3,41.94,16.05
2009-03-02,0.0,38.31,19.04,33.75,12.5
2009-03-03,0.0,38.06,19.13,40.83,11.38
2009-03-04,0.0,35.93,20.35,40.56,16.66
2009-03-05,0.0,35.72,20.32,27.04,13.4
2009-03-06,0.0,36.81,19.14,35.23,13.21
2009-03-07,0.0,36.81,19.26,40.42,15.38
2009-03-08,0.0,39.81,20.99,40.5,16.46
2009-03-09,0.0,35.2,18.58,78.8,26.92
2009-03-10,0.0,33.25,17.63,70.04,29.7
2009-03-11,0.0,32.01,16.27,73.64,32.14
2009-03-12,0.0,32.31,16.23,79.3,31.81
2009-03-13,0.0,33.94,16.24,81.22,27.5
2009-03-14,0.0,36.77,17.92,77.0,24.75
2009-03-15,0.0,36.42,19.12,76.39,31.95
2009-03-16,0.0,37.1,19.98,75.41,30.13
2009-03-17,0.0,36.54,18.44,71.09,21.92
2009-03-18,0.0,34.57,17.51,74.86,26.84
2009-03-19,0.0,35.0,17.8,86.71,30.87
2009-03-20,0.0,36.85,17.31,91.77,23.83
2009-03-21,0.0,39.16,18.9,78.68,17.99
2009-03-22,0.0,39.11,19.84,69.43,18.3
2009-03-23,0.0,39.6,20.47,58.88,16.59
2009-03-24,0.0,37.99,20.46,55.02,21.26
2009-03-25,0.0,35.83,20.58,60.57,24.08
2009-03-26,0.0,35.82,19.76,64.44,26.86
2009-03-27,0.0,34.11,17.91,89.19,33.6
2009-03-28,0.0,34.09,19.71,60.46,22.98
2009-03-29,0.0,34.99,17.76,80.76,24.56
2009-03-30,0.0,38.21,19.54,59.06,17.26
2009-03-31,0.0,40.02,21.12,39.97,15.52
2009-04-01,0.0,39.38,20.17,50.64,13.88
2009-04-02,0.0,41.47,20.19,47.16,12.48
2009-04-03,0.0,41.33,21.77,32.17,13.17
2009-04-04,0.0,41.83,20.55,37.7,9.85
2009-04-05,0.0,43.5,21.61,30.98,7.76
2009-04-06,0.0,41.31,20.03,50.5,14.83
2009-04-07,0.0,37.71,18.79,68.64,18.3
2009-04-08,0.0,36.7,19.25,72.94,26.18
2009-04-09,0.0,35.32,18.7,69.97,26.5
2009-04-10,0.0,36.87,18.66,69.48,23.15
2009-04-11,0.0,39.47,18.6,64.54,12.93
2009-04-12,0.0,38.74,19.32,59.21,14.54
2009-04-13,0.0,37.96,18.09,74.18,19.8
2009-04-14,0.0,39.42,17.41,76.46,14.38
2009-04-15,0.0,38.2,18.1,71.6,16.21
2009-04-16,0.0,40.01,18.96,67.32,13.11
2009-04-17,0.0,41.6,20.85,43.26,12.21
2009-04-18,0.0,41.33,22.52,27.89,10.93
2009-04-19,0.0,41.68,21.64,24.93,8.79
2009-04-20,0.0,42.58,22.06,31.12,10.56
2009-04-21,0.0,44.8,23.04,37.1,9.38
2009-04-22,0.0,44.86,23.4,42.21,9.57
2009-04-23,0.0,45.16,22.73,42.34,7.18
2009-04-24,0.0,45.67,23.85,33.58,7.75
2009-04-25,0.0,45.57,24.07,42.15,9.25
2009-04-26,0.0,45.01,23.13,47.54,7.75
2009-04-27,0.0,45.31,24.24,25.94,9.38
2009-04-28,0.0,45.22,23.68,32.84,10.05
2009-04-29,0.0,44.83,24.29,35.78,11.6
2009-04-30,0.0,45.21,25.57,26.09,10.42
2009-05-01,0.0,45.17,23.17,60.98,11.06
2009-05-02,0.0,45.12,23.31,46.05,9.33
2009-05-03,0.0,45.58,23.77,36.7,5.97
2009-05-04,0.0,45.26,24.92,29.11,8.17
2009-05-05,0.0,44.04,23.67,33.25,9.98
2009-05-06,0.0,41.81,21.62,54.25,11.57
2009-05-07,0.0,38.43,20.85,70.39,23.9
2009-05-08,0.0,38.37,19.46,73.18,23.63
2009-05-09,0.0,39.76,19.83,71.79,19.73
2009-05-10,0.0,38.76,19.33,76.57,19.22
2009-05-11,0.0,40.42,19.28,69.28,16.3
2009-05-12,0.0,41.06,21.13,66.11,15.34
2009-05-13,0.0,36.78,22.17,61.75,29.61
2009-05-14,0.0,42.15,24.65,67.94,26.66
2009-05-15,0.0,43.41,23.33,67.41,24.26
2009-05-16,0.04,39.97,22.34,83.76,23.32
2009-05-17,0.11,38.84,22.91,54.31,21.6
2009-05-18,0.0,42.12,23.35,54.25,17.42
2009-05-19,0.0,42.07,22.25,64.82,16.62
2009-05-20,0.0,42.69,23.0,59.78,18.08
2009-05-21,0.0,42.84,23.75,66.43,15.18
2009-05-22,0.0,46.08,23.8,53.43,8.36
2009-05-23,0.0,45.64,27.06,38.26,12.94
2009-05-24,0.0,43.4,24.06,53.87,16.56
2009-05-25,0.0,43.47,21.8,66.55,14.31
2009-05-26,0.0,42.86,22.3,62.03,15.66
2009-05-27,0.0,43.66,24.11,57.99,17.68
2009-05-28,0.0,44.65,22.97,59.59,13.39
2009-05-29,0.0,40.35,21.31,68.48,22.49
2009-05-30,0.0,38.84,20.42,70.43,26.66
2009-05-31,0.0,38.74,21.05,71.69,28.3
2009-06-01,0.0,39.17,23.26,64.02,25.3
2009-06-02,0.0,42.11,24.43,65.48,21.94
2009-06-03,0.0,44.28,29.18,46.44,17.31
2009-06-04,0.0,44.86,28.17,50.89,14.42
2009-06-05,0.0,41.64,24.76,69.48,19.48
2009-06-06,0.0,38.47,22.34,70.59,29.83
2009-06-07,0.0,37.41,22.03,82.99,29.14
2009-06-08,0.0,39.66,23.73,66.63,22.95
2009-06-09,0.0,37.81,23.51,72.88,31.19
2009-06-10,0.0,43.53,24.7,69.57,17.64
2009-06-11,0.0,44.14,25.68,62.25,10.4
2009-06-12,0.0,42.34,26.15,51.66,18.61
2009-06-13,0.21,39.69,24.78,68.25,25.97
2009-06-14,0.0,39.54,24.72,66.74,28.78
2009-06-15,0.15,36.67,24.25,76.79,34.01
2009-06-16,0.0,39.15,25.41,72.16,32.44
2009-06-17,0.0,38.71,24.87,84.19,35.23
2009-06-18,0.0,39.68,24.64,82.15,31.17
2009-06-19,0.0,39.58,23.55,90.04,33.82
2009-06-20,0.0,39.03,25.21,84.84,38.48
2009-06-21,0.0,39.31,25.66,84.25,38.06
2009-06-22,0.0,38.52,25.32,90.22,41.61
2009-06-23,4.09,34.87,23.0,97.71,65.13
2009-06-24,0.04,31.12,22.67,97.89,82.14
2009-06-25,0.68,30.02,21.82,97.44,70.95
2009-06-26,0.0,34.11,21.5,98.39,54.56
2009-06-27,0.05,35.89,23.18,94.09,46.61
2009-06-28,0.0,36.53,24.07,89.82,43.59
2009-06-29,0.0,37.33,24.49,94.68,40.79
2009-06-30,0.0,40.9,25.4,86.91,26.93
2009-07-01,9.98,39.49,25.98,70.64,33.13
2009-07-02,0.0,38.2,24.56,93.26,40.38
2009-07-03,0.0,39.14,24.65,82.16,34.84
2009-07-04,0.93,38.85,24.65,84.85,38.36
2009-07-05,2.13,35.3,23.96,95.8,46.82
2009-07-06,0.0,38.7,25.35,80.13,28.64
2009-07-07,0.03,38.18,24.22,72.01,34.33
2009-07-08,0.0,38.13,25.17,81.51,33.88
2009-07-09,0.0,35.49,24.15,95.95,55.58
2009-07-10,0.0,36.66,24.27,96.25,45.28
2009-07-11,0.09,36.66,24.13,87.82,41.46
2009-07-12,14.5,38.11,25.89,87.82,42.08
2009-07-13,0.03,32.07,23.38,98.38,69.93
2009-07-14,2.1,32.72,23.62,97.56,62.04
2009-07-15,2.71,32.84,22.53,96.36,62.99
2009-07-16,0.0,32.11,24.33,96.76,68.4
2009-07-17,0.0,33.4,24.09,96.61,63.46
2009-07-18,0.0,34.12,23.82,90.22,53.19
2009-07-19,0.37,34.77,24.51,87.74,50.56
2009-07-20,1.65,32.31,24.28,97.61,63.94
2009-07-21,39.58,30.17,22.81,99.26,79.14
2009-07-22,0.0,32.16,23.93,99.09,71.52
2009-07-23,0.0,33.4,23.43,96.85,62.78
2009-07-24,1.43,32.49,23.57,97.08,65.83
2009-07-25,0.42,33.07,23.46,96.74,64.09
2009-07-26,4.86,33.22,23.72,95.2,60.86
2009-07-27,0.27,32.09,23.39,98.42,65.99
2009-07-28,18.4,30.69,23.83,98.28,73.88
2009-07-29,0.0,32.14,22.41,98.59,69.32
2009-07-30,2.68,31.21,23.84,99.35,72.34
2009-07-31,0.0,32.19,22.75,99.42,66.91
2009-08-01,0.02,33.63,22.95,98.38,60.28
2009-08-02,0.0,34.19,24.05,94.48,60.19
2009-08-03,9.73,33.12,24.04,98.36,64.49
2009-08-04,0.0,33.94,24.28,98.94,61.69
2009-08-05,1.6,34.48,25.08,92.71,58.18
2009-08-06,9.96,33.61,23.43,96.34,61.94
2009-08-07,0.21,32.8,23.89,97.93,66.09
2009-08-08,2.6,32.41,23.59,98.66,67.8
2009-08-09,0.0,31.86,23.08,98.38,68.65
2009-08-10,5.49,32.69,23.62,98.86,65.95
2009-08-11,26.78,33.62,24.06,98.6,65.81
2009-08-12,1.8,31.45,23.57,99.62,74.18
2009-08-13,0.01,31.52,23.22,99.3,68.66
2009-08-14,0.03,32.98,23.5,98.88,61.75
2009-08-15,4.67,31.95,23.91,97.9,68.65
2009-08-16,0.0,32.58,23.11,98.4,68.57
2009-08-17,0.01,33.33,23.08,98.02,67.03
2009-08-18,3.15,32.95,24.1,99.03,65.92
2009-08-19,5.85,32.09,22.68,99.79,63.51
2009-08-20,2.26,34.77,24.29,94.82,57.18
2009-08-21,19.82,34.33,24.66,97.17,62.21
2009-08-22,2.56,31.44,23.21,99.24,72.06
2009-08-23,17.26,30.25,23.39,99.19,77.16
2009-08-24,29.35,31.29,23.26,99.43,72.46
2009-08-25,0.01,31.74,23.17,99.72,71.54
2009-08-26,3.59,31.95,23.69,99.5,68.3
2009-08-27,57.73,31.66,24.26,99.45,74.72
2009-08-28,11.55,29.9,22.64,99.6,77.55
2009-08-29,0.0,32.38,23.31,99.58,67.06
2009-08-30,0.01,33.02,22.93,99.56,65.83
2009-08-31,21.47,30.73,23.05,99.72,73.85
2009-09-01,0.23,30.83,22.72,99.38,73.7
2009-09-02,7.28,32.82,23.21,99.59,69.07
2009-09-03,0.0,31.71,23.28,99.01,71.37
2009-09-04,6.35,32.28,22.88,99.29,65.08
2009-09-05,19.14,33.44,22.13,99.83,61.77
2009-09-06,2.16,31.65,22.99,98.84,68.42
2009-09-07,0.72,32.88,22.89,99.88,64.36
2009-09-08,13.53,29.88,22.67,99.25,80.15
2009-09-09,0.81,29.38,22.81,99.37,80.21
2009-09-10,0.25,31.03,23.15,99.23,73.32
2009-09-11,2.65,32.05,24.0,99.09,73.2
2009-09-12,0.64,31.81,23.51,99.32,69.98
2009-09-13,0.01,31.21,23.12,99.22,74.28
2009-09-14,2.96,32.45,23.11,99.35,68.97
2009-09-15,0.0,31.06,23.49,98.99,77.38
2009-09-16,5.66,31.33,23.25,98.82,73.59
2009-09-17,8.01,31.89,23.06,99.21,67.8
2009-09-18,0.43,29.17,22.79,99.39,79.35
2009-09-19,0.0,31.82,22.62,99.36,65.44
2009-09-20,0.0,33.1,22.74,99.35,64.55
2009-09-21,5.55,33.28,23.4,99.43,64.5
2009-09-22,0.32,30.53,22.51,99.41,72.82
2009-09-23,0.08,32.01,22.53,99.23,65.23
2009-09-24,2.09,32.87,23.8,96.84,65.91
2009-09-25,3.0,32.31,23.05,99.19,68.58
2009-09-26,2.93,33.73,23.35,99.44,62.34
2009-09-27,0.0,33.86,23.67,99.11,64.13
2009-09-28,0.0,36.58,23.56,98.81,46.52
2009-09-29,0.0,37.39,25.54,80.85,46.2
2009-09-30,0.0,36.2,24.58,91.24,44.22
2009-10-01,0.0,37.23,24.11,94.23,46.47
2009-10-02,0.0,38.7,24.91,95.77,41.67
2009-10-03,0.0,38.6,24.5,97.89,37.8
2009-10-04,0.0,38.5,24.1,98.32,42.11
2009-10-05,0.0,39.85,24.64,93.58,32.3
2009-10-06,0.0,38.88,24.35,91.29,38.03
2009-10-07,0.02,38.11,24.28,99.47,46.76
2009-10-08,0.0,37.05,24.34,97.56,52.78
2009-10-09,0.0,38.65,23.27,95.67,37.32
2009-10-10,0.0,39.23,23.93,96.13,33.27
2009-10-11,0.0,39.39,24.19,92.65,31.07
2009-10-12,0.0,39.01,23.24,86.03,30.39
2009-10-13,0.0,37.16,22.78,87.5,36.31
2009-10-14,0.0,37.0,22.82,92.48,40.81
2009-10-15,0.0,37.75,23.11,84.43,29.86
2009-10-16,0.0,39.57,23.01,80.0,24.73
2009-10-17,1.03,35.27,24.09,96.62,37.28
2009-10-18,0.0,32.55,22.44,98.55,65.79
2009-10-19,0.0,34.82,21.75,98.99,45.47
2009-10-20,0.0,39.1,22.98,80.19,25.86
2009-10-21,0.0,39.23,23.37,69.94,21.85
2009-10-22,0.0,39.89,23.17,60.59,19.45
2009-10-23,0.0,40.83,23.0,59.27,18.25
2009-10-24,0.0,40.51,24.91,62.27,24.33
2009-10-25,0.0,36.19,24.59,96.15,47.77
2009-10-26,0.0,36.91,24.04,95.08,41.59
2009-10-27,0.0,38.06,24.02,94.41,35.65
2009-10-28,0.0,40.25,24.12,87.69,25.64
2009-10-29,0.0,39.46,24.43,80.06,16.15
2009-10-30,0.0,36.43,22.43,37.69,13.65
2009-10-31,0.0,37.88,20.21,38.5,12.83
2009-11-01,0.0,40.11,19.75,47.46,17.69
2009-11-02,0.0,38.21,22.33,68.26,33.76
2009-11-03,0.0,34.8,21.79,97.47,49.99
2009-11-04,0.0,39.25,22.2,94.29,30.26
2009-11-05,0.0,40.41,23.38,61.45,23.53
2009-11-06,0.0,39.17,22.69,46.42,20.17
2009-11-07,0.0,37.21,19.99,54.96,23.21
2009-11-08,0.0,38.77,19.15,61.32,21.06
2009-11-09,0.0,39.96,20.25,50.4,20.26
2009-11-10,0.0,40.28,21.1,61.8,22.67
2009-11-11,0.0,37.95,21.21,93.52,30.17
2009-11-12,0.0,37.39,20.9,71.19,25.07
2009-11-13,0.0,39.6,21.16,71.27,18.44
2009-11-14,0.0,38.14,22.01,38.28,13.15
2009-11-15,0.0,36.57,19.52,27.1,10.47
2009-11-16,0.0,37.27,17.61,28.48,11.73
2009-11-17,0.0,37.49,19.44,31.1,13.7
2009-11-18,0.0,35.51,21.52,42.44,17.63
2009-11-19,0.0,39.3,20.22,53.92,14.94
2009-11-20,0.0,36.52,20.3,30.41,12.61
2009-11-21,0.0,36.81,18.61,31.66,13.24
2009-11-22,0.0,36.9,18.21,29.97,12.82
2009-11-23,0.0,35.54,17.71,34.52,13.37
2009-11-24,0.0,36.39,16.92,40.0,13.45
2009-11-25,0.0,37.16,17.87,38.89,15.41
2009-11-26,0.0,35.65,19.59,36.96,17.25
2009-11-27,0.0,36.11,19.83,34.55,14.5
2009-11-28,0.0,33.83,19.58,35.16,17.8
2009-11-29,0.0,34.65,19.51,40.8,15.45
2009-11-30,0.0,36.09,20.81,33.21,14.94
2009-12-01,0.0,35.74,20.85,35.24,20.52
2009-12-02,0.0,35.72,20.86,37.3,14.64
2009-12-03,0.0,36.61,20.72,33.73,14.07
2009-12-04,0.0,36.19,19.36,31.51,13.66
2009-12-05,0.0,38.26,18.61,36.85,13.38
2009-12-06,0.0,38.03,19.18,38.16,14.68
2009-12-07,0.0,37.26,20.09,31.49,12.85
2009-12-08,0.58,31.99,19.11,78.32,16.17
2009-12-09,0.0,34.61,17.05,81.0,28.09
2009-12-10,0.0,34.34,16.64,65.0,12.26
2009-12-11,0.0,32.09,16.33,29.64,13.11
2009-12-12,0.0,30.29,15.55,33.24,13.2
2009-12-13,0.0,31.64,13.59,51.6,15.3
2009-12-14,0.0,32.22,14.41,93.3,29.78
2009-12-15,0.0,33.04,15.26,88.71,32.84
2009-12-16,0.0,33.64,15.81,83.37,25.27
2009-12-17,0.0,38.68,19.24,47.61,20.49
2009-12-18,0.0,36.76,20.52,56.1,17.17
2009-12-19,0.0,38.77,20.28,47.18,18.75
2009-12-20,0.0,39.19,21.37,49.81,20.69
2009-12-21,0.0,35.61,19.13,68.53,26.06
2009-12-22,0.0,36.35,18.66,61.2,27.22
2009-12-23,0.0,36.65,18.07,61.55,23.03
2009-12-24,0.0,35.6,17.45,74.65,27.64
2009-12-25,0.0,33.12,16.38,80.35,32.7
2009-12-26,0.0,34.79,16.83,76.49,18.18
2009-12-27,0.0,37.19,17.65,36.02,12.8
2009-12-28,0.0,36.53,16.93,29.67,13.09
2009-12-29,0.0,36.49,16.62,40.61,14.8
2009-12-30,0.0,37.36,17.48,37.0,12.78
2009-12-31,0.0,37.12,17.26,36.16,14.93
2010-01-01,0.0,37.68,18.64,33.36,15.3
2010-01-02,0.0,38.7,19.3,39.19,15.14
2010-01-03,0.0,37.34,18.52,32.39,12.87
2010-01-04,0.0,36.55,19.31,30.13,11.59
2010-01-05,0.0,36.78,17.24,26.23,10.05
2010-01-06,0.0,36.07,17.54,26.92,11.85
2010-01-07,0.0,34.64,16.35,41.43,16.35
2010-01-08,0.0,34.39,16.94,54.21,21.46
2010-01-09,0.0,34.65,16.89,59.22,24.28
2010-01-10,0.0,34.11,17.83,56.49,23.73
2010-01-11,0.0,33.23,17.71,38.77,17.61
2010-01-12,0.0,34.56,17.54,35.31,15.67
2010-01-13,0.0,35.69,16.61,34.03,13.15
2010-01-14,0.0,33.29,15.57,31.53,14.16
2010-01-15,0.0,36.11,16.44,25.17,10.64
2010-01-16,0.0,37.44,15.81,27.22,9.39
2010-01-17,0.0,37.27,16.77,25.28,11.83
2010-01-18,0.0,33.14,16.05,19.67,9.68
2010-01-19,0.0,36.18,16.52,25.68,11.58
2010-01-20,0.0,36.17,16.17,30.68,13.97
2010-01-21,0.0,35.99,16.82,27.94,11.47
2010-01-22,0.0,36.48,17.13,27.81,12.37
2010-01-23,0.0,37.24,17.55,27.68,10.41
2010-01-24,0.0,36.09,17.98,24.36,10.84
2010-01-25,0.0,34.47,17.27,32.68,13.87
2010-01-26,0.0,34.01,14.85,38.82,14.77
2010-01-27,0.0,35.12,15.36,38.76,14.97
2010-01-28,0.0,36.39,15.75,36.01,12.24
2010-01-29,0.0,36.94,17.82,38.63,12.51
2010-01-30,0.0,38.92,19.76,29.89,11.05
2010-01-31,0.0,39.85,21.97,23.16,9.01
2010-02-01,0.0,39.1,21.42,30.66,11.64
2010-02-02,0.0,38.58,22.17,37.93,14.02
2010-02-03,0.0,38.04,20.46,62.86,19.11
2010-02-04,0.0,39.16,20.02,61.85,17.56
2010-02-05,0.0,42.67,21.43,45.97,11.9
2010-02-06,0.0,42.2,23.52,27.73,11.18
2010-02-07,0.0,39.2,22.21,25.67,13.2
2010-02-08,0.0,38.89,19.9,31.05,9.9
2010-02-09,0.0,39.51,19.05,28.49,11.25
2010-02-10,0.0,39.61,19.19,33.14,12.24
2010-02-11,0.0,38.73,19.22,37.17,14.8
2010-02-12,0.0,37.22,17.58,58.73,19.84
2010-02-13,0.0,32.89,16.12,91.06,35.42
2010-02-14,0.0,32.4,16.82,84.19,42.04
2010-02-15,0.0,33.93,16.85,97.41,38.33
2010-02-16,0.0,34.39,17.45,98.31,36.89
2010-02-17,0.0,35.61,17.14,91.37,35.04
2010-02-18,0.0,34.04,18.3,94.31,36.9
2010-02-19,0.0,33.55,17.04,95.53,28.7
2010-02-20,0.0,36.21,18.12,57.96,20.63
2010-02-21,0.0,38.45,18.84,56.53,18.48
2010-02-22,0.0,41.23,19.96,48.13,14.04
2010-02-23,0.0,42.83,22.55,35.33,13.24
2010-02-24,0.0,42.88,22.9,32.71,12.38
2010-02-25,0.0,43.13,22.46,31.3,11.72
2010-02-26,0.0,43.13,22.88,33.22,13.96
2010-02-27,0.0,43.4,22.78,45.25,11.94
2010-02-28,0.0,39.67,20.96,56.68,18.53
2010-03-01,0.0,42.54,21.9,63.8,14.88
2010-03-02,0.0,35.93,19.89,81.63,26.1
2010-03-03,0.0,39.01,19.04,67.09,16.24
2010-03-04,0.0,41.85,20.88,48.84,14.47
2010-03-05,0.0,40.36,21.86,49.35,13.71
2010-03-06,0.0,39.36,20.65,58.97,15.21
2010-03-07,0.0,40.22,20.5,42.52,15.8
2010-03-08,0.0,40.65,21.47,45.56,17.27
2010-03-09,0.0,40.08,21.36,41.16,14.72
2010-03-10,0.0,40.48,20.83,49.93,16.33
2010-03-11,0.0,40.52,21.25,48.64,14.21
2010-03-12,0.0,40.7,20.73,28.37,10.4
2010-03-13,0.0,40.89,22.32,34.9,13.36
2010-03-14,0.0,39.6,21.02,38.18,13.53
2010-03-15,0.0,40.7,19.38,42.25,12.71
2010-03-16,0.0,42.43,20.81,39.56,11.81
2010-03-17,0.0,41.34,22.31,23.45,7.61
2010-03-18,0.0,38.77,20.05,19.31,7.92
2010-03-19,0.0,39.45,19.86,26.59,9.93
2010-03-20,0.0,42.42,20.84,28.34,8.89
2010-03-21,0.0,43.31,22.44,38.29,10.2
2010-03-22,0.0,42.26,23.2,47.37,17.03
2010-03-23,0.0,43.78,22.95,51.67,10.62
2010-03-24,0.0,41.16,21.46,62.01,12.93
2010-03-25,0.0,40.39,19.98,67.4,13.78
2010-03-26,0.0,42.76,20.77,58.52,7.79
2010-03-27,0.0,44.88,22.7,29.04,6.62
2010-03-28,0.0,44.21,25.38,25.11,4.17
2010-03-29,0.0,44.97,22.69,12.58,4.43
2010-03-30,0.0,44.87,23.55,19.94,5.01
2010-03-31,0.0,42.3,22.04,50.6,14.2
2010-04-01,0.01,44.37,21.95,45.51,6.29
2010-04-02,0.0,45.5,22.52,37.94,6.53
2010-04-03,0.0,44.79,22.77,33.62,7.24
2010-04-04,0.0,41.55,22.46,45.73,13.42
2010-04-05,0.0,38.18,19.27,73.09,24.96
2010-04-06,0.0,38.51,19.09,78.71,21.6
2010-04-07,0.0,41.5,19.66,65.88,17.17
2010-04-08,0.0,43.15,20.85,66.41,12.84
2010-04-09,0.0,40.94,20.94,62.29,21.31
2010-04-10,0.0,38.12,21.6,66.26,27.41
2010-04-11,0.0,37.76,19.79,73.89,30.27
2010-04-12,0.0,37.21,20.01,71.78,27.19
2010-04-13,0.0,38.29,21.25,70.07,26.37
2010-04-14,0.0,38.55,21.57,63.55,25.17
2010-04-15,0.0,38.56,21.94,71.13,27.97
2010-04-16,0.0,40.23,20.61,66.75,22.69
2010-04-17,0.0,41.73,21.53,61.16,21.04
2010-04-18,0.0,43.83,22.56,58.03,18.55
2010-04-19,0.0,40.07,22.88,59.23,23.0
2010-04-20,0.0,42.99,23.3,61.04,19.45
2010-04-21,0.0,43.74,24.76,50.4,17.1
2010-04-22,0.0,45.18,27.54,50.4,21.23
2010-04-23,0.0,43.96,24.63,60.57,19.88
2010-04-24,0.0,41.39,23.42,57.04,23.22
2010-04-25,0.0,42.65,22.52,61.77,16.85
2010-04-26,0.0,44.02,23.59,60.37,17.2
2010-04-27,0.0,42.48,23.05,57.57,18.53
2010-04-28,0.0,39.99,22.17,73.34,28.17
2010-04-29,0.0,39.17,22.52,74.62,30.34
2010-04-30,0.0,39.93,23.14,72.65,28.57
2010-05-01,0.0,38.45,22.37,73.72,27.1
2010-05-02,0.0,38.43,20.82,74.18,24.84
2010-05-03,0.0,39.7,22.42,62.76,21.6
2010-05-04,0.0,40.86,23.1,69.74,18.91
2010-05-05,0.0,41.66,21.96,63.68,18.79
2010-05-06,0.0,40.26,22.02,62.43,19.1
2010-05-07,0.0,37.92,22.23,61.81,27.7
2010-05-08,0.0,38.48,21.86,69.53,27.24
2010-05-09,0.0,38.91,22.26,68.77,25.72
2010-05-10,0.0,40.3,23.04,64.24,21.57
2010-05-11,0.0,42.39,22.59,71.32,19.23
2010-05-12,0.0,43.93,23.27,59.5,15.59
2010-05-13,0.0,44.09,24.65,53.94,15.57
2010-05-14,0.0,45.06,24.94,46.93,14.79
2010-05-15,0.0,42.97,25.1,43.02,17.93
2010-05-16,0.0,43.05,24.95,50.83,14.39
2010-05-17,0.0,44.58,24.19,52.33,11.22
2010-05-18,0.0,45.68,27.21,28.68,11.6
2010-05-19,0.0,45.65,26.58,50.79,13.57
2010-05-20,0.0,45.98,26.54,36.35,10.44
2010-05-21,0.0,45.55,24.26,46.88,10.54
2010-05-22,0.0,43.2,24.54,47.03,17.08
2010-05-23,0.0,42.5,24.23,68.14,21.48
2010-05-24,0.0,40.67,24.77,67.01,26.86
2010-05-25,0.0,41.13,25.71,63.6,28.46
2010-05-26,0.0,43.3,25.28,63.74,21.98
2010-05-27,0.0,46.68,27.49,48.91,12.27
2010-05-28,0.0,45.3,27.94,48.02,17.61
2010-05-29,0.0,42.0,25.46,77.14,29.47
2010-05-30,0.0,41.92,25.25,74.94,25.68
2010-05-31,0.0,36.85,22.32,92.54,33.09
2010-06-01,0.0,38.88,23.97,69.45,25.75
2010-06-02,0.0,39.16,23.89,68.2,27.26
2010-06-03,0.0,38.41,24.01,67.3,30.64
2010-06-04,0.0,38.51,23.34,68.17,23.91
2010-06-05,0.0,39.12,21.82,72.32,25.6
2010-06-06,0.0,40.52,23.23,79.34,25.03
2010-06-07,0.07,38.79,25.36,80.38,35.22
2010-06-08,0.0,38.56,25.39,86.07,40.58
2010-06-09,0.0,39.14,24.63,82.28,32.74
2010-06-10,0.0,39.87,24.99,75.7,25.32
2010-06-11,0.0,40.4,24.22,72.76,26.16
2010-06-12,0.97,40.4,25.59,80.01,32.3
2010-06-13,0.03,39.38,26.12,88.13,39.58
2010-06-14,0.0,38.17,24.02,94.36,27.05
2010-06-15,0.0,38.47,22.96,63.24,23.49
2010-06-16,0.0,38.39,23.64,67.22,25.65
2010-06-17,0.0,38.98,24.1,66.95,23.71
2010-06-18,0.0,39.38,24.02,70.29,25.13
2010-06-19,2.2,42.54,25.57,70.75,25.06
2010-06-20,0.0,40.94,26.06,84.1,32.44
2010-06-21,0.0,37.52,24.21,95.3,58.01
2010-06-22,0.0,35.3,22.04,95.32,45.97
2010-06-23,0.6,36.55,22.91,91.11,46.14
2010-06-24,1.99,38.23,24.21,92.17,42.04
2010-06-25,1.57,34.18,22.95,97.0,65.08
2010-06-26,0.0,37.48,22.94,97.4,34.15
2010-06-27,0.0,39.3,23.24,81.78,28.63
2010-06-28,0.0,38.23,25.85,79.92,46.03
2010-06-29,18.64,39.73,24.91,97.33,40.31
2010-06-30,0.0,40.99,25.41,89.48,32.22
2010-07-01,0.0,42.48,26.55,65.16,22.52
2010-07-02,0.0,39.92,26.12,79.3,35.56
2010-07-03,0.0,34.32,24.63,95.32,63.42
2010-07-04,0.32,30.98,23.88,95.48,70.7
2010-07-05,0.0,34.99,23.99,96.78,59.25
2010-07-06,0.0,39.11,24.08,89.3,34.07
2010-07-07,13.04,35.0,24.67,79.87,48.27
2010-07-08,19.86,36.17,26.34,93.34,52.46
2010-07-09,0.0,36.52,24.29,99.15,49.05
2010-07-10,0.04,34.3,22.88,95.9,50.76
2010-07-11,1.19,34.09,23.3,90.31,53.89
2010-07-12,3.01,34.82,24.6,97.48,54.7
2010-07-13,2.06,27.92,23.35,99.05,83.06
2010-07-14,0.0,32.56,22.93,98.88,64.78
2010-07-15,0.96,33.63,24.14,97.47,64.88
2010-07-16,0.0,32.71,23.23,95.9,56.31
2010-07-17,0.0,32.66,21.9,87.87,58.36
2010-07-18,0.0,33.01,24.32,93.68,61.08
2010-07-19,20.13,37.36,24.69,91.9,40.15
2010-07-20,9.29,34.6,24.04,95.74,49.55
2010-07-21,0.0,33.8,24.49,92.05,54.55
2010-07-22,0.0,33.23,24.5,97.74,57.67
2010-07-23,0.0,35.82,24.36,89.63,41.96
2010-07-24,0.0,35.09,23.48,88.51,44.92
2010-07-25,0.0,33.3,24.89,90.17,54.69
2010-07-26,0.22,36.87,23.93,95.48,43.93
2010-07-27,0.0,34.13,23.89,96.69,56.22
2010-07-28,0.0,36.78,23.25,95.82,39.36
2010-07-29,0.96,35.36,25.12,81.23,52.03
2010-07-30,4.65,35.46,24.76,97.82,50.33
2010-07-31,0.49,32.58,24.13,97.84,69.22
2010-08-01,0.0,34.36,23.06,98.25,57.58
2010-08-02,0.1,36.02,25.4,95.06,52.42
2010-08-03,12.19,32.49,24.46,98.55,71.44
2010-08-04,0.0,29.75,23.72,99.19,81.46
2010-08-05,0.0,32.38,24.25,98.41,67.62
2010-08-06,0.0,32.43,23.67,98.29,63.05
2010-08-07,0.0,34.7,23.99,89.05,52.96
2010-08-08,0.0,34.83,24.47,87.22,52.08
2010-08-09,12.98,33.36,24.58,91.86,57.08
2010-08-10,0.44,31.16,23.07,99.27,75.43
2010-08-11,1.4,33.01,23.42,99.13,63.2
2010-08-12,0.0,33.81,22.59,95.38,54.18
2010-08-13,25.5,32.86,24.26,97.56,65.17
2010-08-14,11.9,31.37,23.78,99.25,71.73
2010-08-15,0.0,30.09,23.61,99.24,75.29
2010-08-16,7.42,30.65,23.74,99.31,77.19
2010-08-17,0.93,33.01,23.38,99.36,63.89
2010-08-18,8.5,29.87,23.2,99.51,78.15
2010-08-19,0.06,31.89,23.26,99.62,70.73
2010-08-20,2.77,31.99,23.73,98.71,66.24
2010-08-21,30.8,33.48,22.99,99.56,60.8
2010-08-22,0.0,32.91,22.93,98.76,65.32
2010-08-23,3.57,33.09,23.85,99.38,64.96
2010-08-24,11.79,33.22,23.9,98.61,62.42
2010-08-25,10.49,33.33,23.33,99.3,61.82
2010-08-26,0.07,32.76,23.56,99.36,65.92
2010-08-27,0.0,33.28,23.99,95.63,65.03
2010-08-28,0.0,33.24,24.06,98.7,62.8
2010-08-29,0.0,34.54,24.14,96.39,59.83
2010-08-30,0.74,35.16,24.3,96.62,56.4
2010-08-31,6.85,33.43,25.63,99.35,67.71
2010-09-01,0.74,31.64,23.27,98.75,74.92
2010-09-02,16.97,29.92,23.62,99.49,81.45
2010-09-03,7.55,31.08,23.13,99.31,70.96
2010-09-04,52.57,31.35,22.93,99.66,71.55
2010-09-05,10.83,30.63,23.12,99.48,76.02
2010-09-06,3.87,31.42,22.93,99.33,73.06
2010-09-07,18.53,30.03,23.23,99.71,76.83
2010-09-08,3.23,29.88,22.36,99.5,73.14
2010-09-09,1.4,31.47,22.31,99.53,70.2
2010-09-10,6.74,30.74,23.21,99.27,77.49
2010-09-11,17.25,28.3,22.83,99.6,87.03
2010-09-12,0.2,31.48,22.6,99.09,68.28
2010-09-13,0.48,32.35,23.42,99.55,65.33
2010-09-14,0.22,32.31,22.87,99.66,66.12
2010-09-15,0.0,33.62,23.47,99.21,67.99
2010-09-16,3.93,31.94,23.86,98.91,71.88
2010-09-17,10.05,31.94,23.38,99.21,71.78
2010-09-18,21.57,31.26,23.18,99.39,74.87
2010-09-19,36.28,30.34,22.95,99.45,78.39
2010-09-20,20.44,29.7,22.95,99.49,79.33
2010-09-21,4.43,31.75,22.69,99.58,70.75
2010-09-22,0.8,32.25,22.48,98.92,69.58
2010-09-23,13.8,32.16,23.03,99.69,69.28
2010-09-24,0.57,31.97,23.0,99.41,71.43
2010-09-25,0.0,32.78,23.4,98.9,70.51
2010-09-26,2.9,33.47,23.47,98.82,65.31
2010-09-27,1.62,33.38,22.64,99.47,62.67
2010-09-28,3.35,34.75,23.79,98.48,58.0
2010-09-29,0.14,35.3,22.88,95.64,49.04
2010-09-30,9.43,35.79,24.58,84.02,49.39
2010-10-01,0.21,31.97,22.62,99.52,73.31
2010-10-02,0.0,34.58,22.26,99.37,53.11
2010-10-03,0.0,38.56,23.47,99.05,39.28
2010-10-04,0.0,40.05,24.93,88.68,30.92
2010-10-05,0.0,39.53,24.53,88.79,35.6
2010-10-06,0.0,38.18,24.64,99.46,40.86
2010-10-07,0.0,36.68,23.52,87.24,44.42
2010-10-08,0.0,34.64,21.61,98.31,45.99
2010-10-09,0.0,34.41,21.11,95.99,41.18
2010-10-10,0.0,37.13,22.33,88.78,37.69
2010-10-11,0.82,38.5,24.29,90.62,38.49
2010-10-12,0.01,35.39,24.28,97.91,52.2
2010-10-13,0.0,36.02,22.61,98.69,49.54
2010-10-14,0.0,37.3,23.78,97.42,42.2
2010-10-15,0.0,36.65,24.12,94.85,45.56
2010-10-16,0.0,32.86,23.27,98.74,68.84
2010-10-17,24.56,30.11,22.45,99.29,82.96
2010-10-18,0.0,31.72,22.1,99.19,76.51
2010-10-19,0.0,32.72,22.2,98.21,60.61
2010-10-20,6.05,37.33,22.63,92.52,38.22
2010-10-21,0.0,35.67,23.34,94.07,49.18
2010-10-22,0.0,34.75,23.6,99.81,59.71
2010-10-23,0.0,38.47,22.76,98.79,28.95
2010-10-24,0.0,40.22,24.78,60.86,24.64
2010-10-25,0.0,37.79,23.91,61.07,26.99
2010-10-26,0.0,36.88,21.01,64.84,24.89
2010-10-27,0.0,38.98,21.52,52.97,19.57
2010-10-28,0.03,39.78,24.26,52.0,23.58
2010-10-29,0.0,36.28,24.38,86.61,39.82
2010-10-30,0.0,38.38,24.79,73.72,17.12
2010-10-31,0.0,38.51,23.24,38.14,12.44
2010-11-01,0.0,37.61,19.65,33.22,10.54
2010-11-02,0.0,38.16,18.8,36.13,11.07
2010-11-03,0.0,38.11,20.18,51.71,19.33
2010-11-04,0.0,40.6,21.26,52.41,21.36
2010-11-05,0.0,38.85,22.26,51.75,17.79
2010-11-06,0.0,36.94,19.35,40.08,14.48
2010-11-07,0.0,37.1,18.88,45.23,15.79
2010-11-08,0.0,38.48,19.3,48.04,17.78
2010-11-09,0.0,38.42,19.9,55.77,21.75
2010-11-10,0.0,37.14,21.08,82.44,26.58
2010-11-11,0.0,37.85,21.56,56.6,24.28
2010-11-12,0.0,39.18,21.56,50.46,22.48
2010-11-13,0.0,37.71,21.19,51.98,20.58
2010-11-14,0.0,34.99,19.65,54.71,24.15
2010-11-15,0.0,35.69,18.37,83.81,29.25
2010-11-16,0.0,37.14,19.29,81.88,22.77
2010-11-17,0.0,39.21,19.37,79.6,18.5
2010-11-18,0.0,39.72,20.79,39.1,16.02
2010-11-19,0.0,38.91,19.73,41.51,14.26
2010-11-20,0.0,38.74,19.38,36.44,12.74
2010-11-21,0.0,38.75,19.1,34.47,14.19
2010-11-22,0.0,38.84,19.24,37.0,14.45
2010-11-23,0.0,39.26,19.35,37.82,14.67
2010-11-24,0.0,39.68,20.25,42.53,13.82
2010-11-25,0.0,40.0,20.36,35.94,12.66
2010-11-26,0.0,38.11,19.42,40.57,15.77
2010-11-27,0.0,36.2,18.56,60.67,22.28
2010-11-28,0.0,38.59,19.2,63.07,16.66
2010-11-29,0.0,39.21,19.8,72.01,22.79
2010-11-30,0.0,35.98,20.42,97.3,38.41
2010-12-01,0.0,37.44,18.99,90.21,27.38
2010-12-02,0.0,38.74,19.4,67.75,18.25
2010-12-03,0.0,39.6,19.43,64.81,17.8
2010-12-04,0.0,39.96,19.87,56.04,21.4
2010-12-05,0.0,39.8,20.15,53.56,17.03
2010-12-06,0.0,39.56,18.67,48.56,15.31
2010-12-07,0.0,38.26,18.65,77.02,19.17
2010-12-08,0.0,36.62,18.01,91.33,24.69
2010-12-09,0.0,32.82,18.29,91.73,36.77
2010-12-10,0.0,35.79,18.33,85.95,30.63
2010-12-11,0.0,36.58,18.83,59.94,16.06
2010-12-12,0.0,34.11,18.2,80.52,19.53
2010-12-13,0.0,35.85,16.02,73.19,14.24
2010-12-14,0.0,38.15,17.3,36.03,11.39
2010-12-15,0.0,37.36,18.31,35.97,13.98
2010-12-16,0.0,36.02,19.58,45.33,15.65
2010-12-17,0.0,36.61,19.5,42.68,17.53
2010-12-18,0.0,33.02,17.74,72.87,24.61
2010-12-19,0.0,35.57,19.87,62.64,25.65
2010-12-20,0.0,37.67,18.8,49.13,17.77
2010-12-21,0.0,34.81,17.8,82.35,25.82
2010-12-22,0.0,34.24,18.29,74.48,32.62
2010-12-23,0.0,33.52,17.27,70.93,31.8
2010-12-24,0.0,37.23,19.3,58.03,21.47
2010-12-25,0.0,35.02,17.13,63.25,26.59
2010-12-26,0.0,36.34,16.38,58.69,20.97
2010-12-27,0.0,36.74,16.52,51.13,18.67
2010-12-28,0.0,38.09,17.25,43.66,15.21
2010-12-29,0.0,37.2,17.28,42.63,16.27
2010-12-30,0.0,33.42,18.78,37.05,17.19
2010-12-31,0.0,33.94,18.25,31.0,13.98
2011-01-01,0.0,35.09,17.52,30.69,12.95
2011-01-02,0.0,35.93,16.7,29.32,14.27
2011-01-03,0.0,36.17,17.12,34.41,15.11
2011-01-04,0.0,32.62,15.42,34.19,15.98
2011-01-05,0.0,32.7,17.04,32.61,14.59
2011-01-06,0.0,35.45,15.3,33.33,13.22
2011-01-07,0.0,34.72,15.17,36.54,14.94
2011-01-08,0.0,36.28,16.13,33.53,13.59
2011-01-09,0.0,35.45,17.54,29.68,13.62
2011-01-10,0.0,34.56,17.43,28.71,13.48
2011-01-11,0.0,34.58,16.26,30.13,12.58
2011-01-12,0.0,33.75,17.42,23.49,11.47
2011-01-13,0.0,32.78,17.69,25.43,12.52
2011-01-14,0.0,33.3,15.16,31.66,11.59
2011-01-15,0.0,35.28,15.01,31.42,12.21
2011-01-16,0.0,36.42,15.88,32.66,14.76
2011-01-17,0.0,34.25,17.11,33.72,14.7
2011-01-18,0.0,31.99,17.52,32.61,19.22
2011-01-19,0.0,33.31,17.17,39.09,14.46
2011-01-20,0.0,35.17,17.09,31.25,13.02
2011-01-21,0.0,37.54,18.99,28.11,12.52
2011-01-22,0.0,34.96,16.67,54.87,14.7
2011-01-23,0.0,32.4,16.24,48.93,19.95
2011-01-24,0.0,31.57,15.97,74.42,31.91
2011-01-25,0.0,32.81,17.19,74.14,37.79
2011-01-26,0.0,32.94,18.32,78.66,36.37
2011-01-27,0.0,30.9,17.09,80.19,43.04
2011-01-28,0.0,35.75,19.03,62.4,31.12
2011-01-29,0.0,39.92,20.23,60.13,22.47
2011-01-30,0.0,36.47,18.2,70.91,29.61
2011-01-31,0.0,33.21,17.36,97.29,43.35
2011-02-01,0.0,34.05,20.17,76.78,45.65
2011-02-02,0.0,34.71,20.18,65.45,35.18
2011-02-03,0.0,32.07,19.38,78.55,39.78
2011-02-04,0.0,32.45,18.84,44.06,15.88
2011-02-05,0.0,31.78,18.02,23.35,14.69
2011-02-06,0.0,32.94,17.17,26.47,13.95
2011-02-07,0.0,34.55,16.82,28.31,14.81
2011-02-08,0.0,33.42,17.41,32.89,14.89
2011-02-09,0.0,34.36,18.91,29.36,15.74
2011-02-10,0.0,33.47,15.72,31.89,12.03
2011-02-11,0.0,32.38,13.62,40.27,10.5
2011-02-12,0.0,33.89,14.46,29.9,11.1
2011-02-13,0.0,32.39,14.47,24.98,8.73
2011-02-14,0.0,33.12,14.01,43.97,12.43
2011-02-15,0.0,33.9,13.93,27.95,8.96
2011-02-16,0.0,34.92,13.89,32.06,10.56
2011-02-17,0.0,35.84,16.02,47.5,17.59
2011-02-18,0.0,36.34,16.66,52.18,18.17
2011-02-19,0.0,37.78,16.89,42.87,13.5
2011-02-20,0.0,39.92,17.9,31.95,10.83
2011-02-21,0.0,41.12,18.86,25.58,8.75
2011-02-22,0.0,41.55,19.59,24.1,7.28
2011-02-23,0.0,40.31,19.54,22.64,8.33
2011-02-24,0.0,39.68,19.56,21.69,9.66
2011-02-25,0.0,38.72,18.85,26.86,9.95
2011-02-26,0.0,36.88,18.09,26.85,9.63
2011-02-27,0.0,34.99,17.61,20.22,12.07
2011-02-28,0.0,36.69,17.12,30.12,11.62
2011-03-01,0.0,38.62,18.36,22.9,8.79
2011-03-02,0.0,38.56,19.47,22.84,11.32
2011-03-03,0.0,36.15,18.46,36.11,14.47
2011-03-04,0.0,35.0,16.84,44.52,16.57
2011-03-05,0.0,36.63,17.05,34.19,12.52
2011-03-06,0.0,36.15,17.69,51.21,20.91
2011-03-07,0.0,34.45,17.92,69.28,24.26
2011-03-08,0.0,34.74,17.43,71.05,19.85
2011-03-09,0.0,37.31,17.99,55.19,14.48
2011-03-10,0.0,37.58,18.66,58.09,17.43
2011-03-11,0.0,36.33,18.17,61.5,20.12
2011-03-12,0.0,35.68,17.92,71.18,27.66
2011-03-13,0.0,34.74,17.19,70.76,26.11
2011-03-14,0.0,33.5,16.84,72.82,28.6
2011-03-15,0.0,32.48,16.55,75.07,24.73
2011-03-16,0.0,37.77,18.34,42.94,15.79
2011-03-17,0.0,38.61,19.41,37.93,13.93
2011-03-18,0.0,42.49,20.69,30.47,14.71
2011-03-19,0.0,42.8,21.69,30.34,14.3
2011-03-20,0.0,42.4,21.43,41.52,12.88
2011-03-21,0.0,42.94,21.23,45.41,12.12
2011-03-22,0.0,42.59,21.55,48.88,13.61
2011-03-23,0.0,38.87,20.54,49.13,18.11
2011-03-24,0.0,39.64,19.36,57.05,15.63
2011-03-25,0.0,40.7,19.48,61.57,13.75
2011-03-26,0.0,42.79,21.32,44.17,12.95
2011-03-27,0.0,43.53,21.51,43.97,12.85
2011-03-28,0.0,44.32,22.13,41.37,10.74
2011-03-29,0.0,44.47,23.88,30.68,11.08
2011-03-30,0.0,43.6,23.35,47.07,17.39
2011-03-31,0.0,40.71,22.32,58.26,22.12
2011-04-01,0.0,43.89,22.13,52.26,15.86
2011-04-02,0.0,44.8,21.99,62.07,7.59
2011-04-03,0.0,44.1,23.19,28.33,7.76
2011-04-04,0.0,42.92,21.67,44.75,10.49
2011-04-05,0.0,42.29,21.23,46.82,12.0
2011-04-06,0.0,40.87,19.61,47.53,12.88
2011-04-07,0.0,42.06,19.45,52.15,10.76
2011-04-08,0.0,44.59,21.86,50.05,11.77
2011-04-09,0.0,45.61,25.21,30.83,7.15
2011-04-10,0.0,43.55,24.16,44.06,6.65
2011-04-11,0.0,43.38,20.93,34.67,6.53
2011-04-12,0.0,44.23,21.49,35.25,7.87
2011-04-13,0.0,41.79,21.35,47.45,14.33
2011-04-14,0.0,40.02,20.58,58.16,17.65
2011-04-15,0.0,38.55,19.71,66.88,22.98
2011-04-16,0.0,39.54,19.96,62.84,21.41
2011-04-17,0.0,41.05,20.94,61.85,20.72
2011-04-18,0.0,38.9,21.35,65.24,23.6
2011-04-19,0.0,40.72,21.12,67.58,22.42
2011-04-20,0.0,38.26,21.46,64.46,27.57
2011-04-21,0.0,37.26,20.23,66.51,25.66
2011-04-22,0.0,39.87,22.26,65.26,17.96
2011-04-23,0.0,41.45,21.01,51.83,13.03
2011-04-24,0.0,41.69,21.08,48.89,13.52
2011-04-25,0.0,43.18,22.58,34.33,13.07
2011-04-26,0.0,41.76,21.99,49.32,14.78
2011-04-27,0.0,38.66,19.75,68.89,24.9
2011-04-28,0.0,38.77,21.04,68.08,24.63
2011-04-29,0.0,38.56,20.8,61.08,22.89
2011-04-30,0.0,37.19,20.57,71.4,25.24
2011-05-01,0.0,35.61,18.86,66.56,24.85
2011-05-02,0.0,37.25,19.08,82.28,28.01
2011-05-03,0.0,40.5,21.01,70.44,19.44
2011-05-04,0.0,43.95,22.43,59.8,16.13
2011-05-05,0.0,43.68,24.38,49.29,16.31
2011-05-06,0.0,42.85,23.83,53.07,18.22
2011-05-07,0.0,38.87,21.3,73.18,27.96
2011-05-08,0.0,38.74,20.61,77.64,26.13
2011-05-09,0.0,36.01,20.33,73.4,31.49
2011-05-10,0.0,38.7,22.01,62.48,24.75
2011-05-11,0.0,38.68,21.89,64.85,24.15
2011-05-12,0.0,36.92,19.6,73.76,28.38
2011-05-13,0.0,37.56,19.99,69.96,25.38
2011-05-14,0.0,38.4,20.99,70.51,24.22
2011-05-15,0.0,40.84,22.21,66.74,27.48
2011-05-16,0.0,41.03,25.54,65.86,28.81
2011-05-17,0.0,42.77,25.11,71.13,26.52
2011-05-18,0.0,44.62,23.32,76.83,20.89
2011-05-19,0.0,44.44,23.85,73.05,19.84
2011-05-20,0.0,43.16,23.33,64.46,18.86
2011-05-21,0.0,42.65,22.79,70.68,19.61
2011-05-22,0.0,39.78,21.8,75.63,23.96
2011-05-23,0.0,38.99,20.16,87.19,29.71
2011-05-24,0.0,40.1,21.09,80.31,25.69
2011-05-25,0.0,43.01,23.24,70.67,19.69
2011-05-26,0.0,41.53,23.44,73.99,21.28
2011-05-27,0.0,39.94,21.77,81.48,26.87
2011-05-28,0.0,40.65,22.38,74.69,25.87
2011-05-29,0.0,40.67,21.41,82.07,26.0
2011-05-30,0.0,41.1,21.4,82.04,25.94
2011-05-31,1.09,40.18,24.97,76.56,34.05
2011-06-01,0.0,36.93,25.48,89.34,45.2
2011-06-02,0.0,40.71,24.32,89.94,19.55
2011-06-03,0.0,42.92,24.58,58.27,13.37
2011-06-04,0.0,40.33,23.64,78.72,20.65
2011-06-05,0.0,37.65,22.27,80.15,28.88
2011-06-06,0.0,36.91,21.78,74.18,29.11
2011-06-07,0.0,36.09,23.96,71.06,33.34
2011-06-08,0.0,38.07,24.4,67.76,31.4
2011-06-09,0.0,40.59,24.71,73.14,25.36
2011-06-10,0.0,43.88,24.73,68.29,16.93
2011-06-11,0.02,44.39,28.23,48.4,14.87
2011-06-12,0.0,43.8,27.01,53.91,13.97
2011-06-13,0.0,40.13,24.38,62.19,23.58
2011-06-14,0.0,34.59,24.36,72.02,41.34
2011-06-15,0.0,39.27,23.49,80.95,29.11
2011-06-16,0.0,39.49,23.28,80.78,28.33
2011-06-17,0.0,40.65,25.65,76.5,30.15
2011-06-18,0.0,39.72,25.69,78.72,33.37
2011-06-19,0.0,36.9,23.76,81.59,37.31
2011-06-20,0.0,37.75,23.68,82.03,36.04
2011-06-21,0.0,38.44,25.58,84.1,40.01
2011-06-22,0.0,38.49,23.97,92.92,37.57
2011-06-23,0.0,38.37,23.88,84.12,34.91
2011-06-24,0.0,38.62,24.36,83.36,36.16
2011-06-25,11.72,33.79,23.72,99.83,60.04
2011-06-26,0.0,33.3,22.7,97.97,62.27
2011-06-27,0.0,34.76,22.51,98.58,53.18
2011-06-28,0.0,37.94,24.38,88.34,39.84
2011-06-29,0.0,38.26,24.17,88.75,37.01
2011-06-30,0.01,36.87,23.64,88.29,43.23
2011-07-01,0.47,37.72,24.75,83.13,37.66
2011-07-02,4.92,36.64,24.79,96.07,48.5
2011-07-03,0.0,38.27,23.69,94.9,35.86
2011-07-04,0.0,39.0,25.04,73.43,32.47
2011-07-05,0.03,37.15,25.56,80.27,41.9
2011-07-06,0.0,37.89,25.42,85.22,38.89
2011-07-07,0.0,37.33,23.95,77.05,35.78
2011-07-08,0.0,38.76,25.65,70.22,30.13
2011-07-09,0.0,37.4,24.74,76.63,35.5
2011-07-10,0.0,37.84,23.84,79.19,34.77
2011-07-11,0.0,37.32,24.94,82.13,38.87
2011-07-12,0.01,34.5,23.71,95.8,54.34
2011-07-13,1.5,34.49,23.92,97.9,56.26
2011-07-14,0.0,35.11,23.55,97.52,46.93
2011-07-15,0.03,36.25,23.62,92.14,45.64
2011-07-16,19.51,37.85,25.54,85.02,41.78
2011-07-17,1.03,33.31,23.96,99.51,60.03
2011-07-18,0.07,33.1,23.59,98.83,63.59
2011-07-19,0.0,33.3,24.07,97.15,62.88
2011-07-20,0.0,33.55,23.97,94.75,55.97
2011-07-21,0.0,35.23,23.61,84.75,48.31
2011-07-22,0.0,36.74,24.1,83.7,42.38
2011-07-23,0.0,37.67,23.7,73.51,26.78
2011-07-24,0.13,40.63,24.54,70.79,27.63
2011-07-25,9.96,38.4,26.26,75.74,37.85
2011-07-26,0.02,34.81,24.21,97.35,54.21
2011-07-27,0.02,32.51,23.46,97.98,63.22
2011-07-28,0.0,32.01,22.5,97.56,62.01
2011-07-29,0.01,36.91,24.6,92.78,45.56
2011-07-30,0.0,37.63,24.81,85.39,40.17
2011-07-31,0.4,37.8,25.94,87.65,43.24
2011-08-01,0.07,33.79,24.47,97.25,59.33
2011-08-02,7.44,31.16,23.97,97.73,73.25
2011-08-03,10.09,33.5,23.18,98.46,64.31
2011-08-04,0.0,34.4,23.62,96.56,57.75
2011-08-05,0.0,35.04,23.81,91.52,54.7
2011-08-06,0.19,35.7,24.97,91.0,52.31
2011-08-07,5.15,35.81,25.63,89.46,50.08
2011-08-08,28.05,36.78,25.14,89.12,44.09
2011-08-09,0.0,33.85,23.9,99.57,63.01
2011-08-10,0.02,35.48,24.1,98.6,54.87
2011-08-11,2.59,36.0,24.05,92.17,51.21
2011-08-12,0.0,35.79,24.84,91.57,53.85
2011-08-13,0.0,34.41,25.09,85.56,54.44
2011-08-14,0.0,35.11,24.86,85.34,50.36
2011-08-15,0.0,35.87,24.42,93.1,48.51
2011-08-16,22.82,36.83,25.92,99.55,48.67
2011-08-17,27.04,29.04,23.56,99.33,81.54
2011-08-18,29.99,30.87,23.06,99.59,74.28
2011-08-19,3.16,30.29,23.26,99.56,73.17
2011-08-20,24.15,30.93,23.04,99.6,73.06
2011-08-21,0.17,31.42,23.4,99.79,67.73
2011-08-22,0.21,32.56,23.36,97.34,60.54
2011-08-23,0.0,32.2,23.64,99.68,65.46
2011-08-24,7.86,33.0,23.63,98.92,64.94
2011-08-25,24.32,28.2,23.36,99.74,83.5
2011-08-26,13.05,29.82,22.55,99.8,77.03
2011-08-27,0.0,33.35,23.25,98.95,61.56
2011-08-28,0.06,33.65,24.19,98.39,63.18
2011-08-29,17.46,32.54,24.47,99.29,67.43
2011-08-30,0.28,31.73,23.3,99.31,74.82
2011-08-31,0.23,33.31,23.75,99.67,63.58
2011-09-01,35.63,31.82,23.94,99.12,74.3
2011-09-02,0.07,33.22,22.34,99.65,65.1
2011-09-03,0.03,33.42,23.01,99.51,62.72
2011-09-04,0.0,34.83,23.68,99.35,57.83
2011-09-05,0.01,35.18,23.76,99.55,56.2
2011-09-06,2.68,36.38,24.05,95.74,52.07
2011-09-07,0.08,33.52,23.98,98.98,68.88
2011-09-08,0.04,33.16,23.57,99.79,63.25
2011-09-09,0.0,34.8,23.34,96.53,51.72
2011-09-10,0.0,35.21,23.17,90.98,51.43
2011-09-11,7.7,33.58,24.08,99.08,64.16
2011-09-12,17.92,31.58,23.34,98.58,74.95
2011-09-13,0.01,32.21,23.01,99.59,68.89
2011-09-14,0.0,32.4,23.92,99.62,72.18
2011-09-15,0.0,32.71,23.89,99.77,69.43
2011-09-16,2.7,33.1,23.52,99.89,65.2
2011-09-17,0.0,33.35,23.76,99.66,67.45
2011-09-18,0.0,34.38,24.09,99.0,60.7
2011-09-19,1.24,33.81,23.93,99.01,66.16
2011-09-20,1.95,31.96,23.85,99.33,67.14
2011-09-21,2.79,34.49,23.42,99.51,57.2
2011-09-22,0.0,36.68,23.84,94.29,53.04
2011-09-23,9.89,34.27,23.78,96.88,60.16
2011-09-24,1.65,32.13,23.67,99.54,75.08
2011-09-25,0.15,32.72,23.12,99.51,65.94
2011-09-26,0.0,33.51,23.91,99.29,67.19
2011-09-27,0.0,33.98,24.03,98.95,64.52
2011-09-28,0.0,34.7,23.67,99.55,57.64
2011-09-29,18.28,35.53,23.4,96.83,54.55
2011-09-30,12.11,30.85,22.85,99.6,74.82
2011-10-01,21.74,29.59,21.75,99.59,80.9
2011-10-02,0.0,30.59,22.47,99.41,77.52
2011-10-03,0.02,32.53,22.08,99.39,67.95
2011-10-04,0.0,35.86,23.02,99.31,51.17
2011-10-05,0.0,38.11,23.53,99.02,41.47
2011-10-06,0.0,39.41,25.6,84.01,34.77
2011-10-07,0.0,40.24,25.37,82.52,32.01
2011-10-08,0.0,38.33,24.92,92.04,39.56
2011-10-09,0.0,37.52,23.97,92.92,43.71
2011-10-10,0.0,39.43,24.36,89.38,27.26
2011-10-11,0.0,40.88,24.92,69.34,21.13
2011-10-12,0.0,40.36,24.6,52.27,21.21
2011-10-13,0.0,38.58,23.91,93.35,29.44
2011-10-14,0.0,37.72,23.71,83.3,30.46
2011-10-15,0.0,39.04,25.38,69.95,33.79
2011-10-16,0.02,39.49,26.78,79.82,35.93
2011-10-17,10.73,36.69,25.86,99.8,43.64
2011-10-18,0.0,37.35,22.41,98.15,29.45
2011-10-19,0.0,38.61,23.67,47.99,16.12
2011-10-20,0.0,38.94,21.94,43.9,14.59
2011-10-21,0.0,39.87,23.06,43.02,16.09
2011-10-22,0.0,37.72,23.43,79.75,25.62
2011-10-23,0.0,37.0,22.58,51.82,23.69
2011-10-24,0.0,38.89,22.45,61.4,21.62
2011-10-25,0.0,39.35,22.95,70.95,22.44
2011-10-26,0.0,40.81,24.68,51.15,23.46
2011-10-27,0.0,41.58,25.22,62.83,20.72
2011-10-28,0.0,42.58,26.17,52.34,17.73
2011-10-29,0.0,41.59,26.66,51.8,21.65
2011-10-30,0.0,41.04,25.14,81.36,24.32
2011-10-31,0.0,40.37,24.59,82.11,19.1
2011-11-01,0.0,41.61,23.02,62.64,22.66
2011-11-02,0.0,39.75,23.14,66.26,23.19
2011-11-03,0.0,40.69,22.96,68.49,17.0
2011-11-04,0.0,40.49,22.34,57.07,16.56
2011-11-05,0.0,39.66,21.6,50.73,19.44
2011-11-06,0.0,40.01,20.94,56.33,21.37
2011-11-07,0.0,39.32,20.36,48.85,19.64
2011-11-08,0.0,39.21,19.38,41.46,15.41
2011-11-09,0.0,39.02,19.9,37.4,14.47
2011-11-10,0.0,40.3,19.82,37.78,14.22
2011-11-11,0.0,40.08,19.85,58.97,14.49
2011-11-12,0.0,37.14,19.71,87.33,25.32
2011-11-13,0.0,38.93,19.0,75.73,20.53
2011-11-14,0.0,40.81,20.0,68.55,17.48
2011-11-15,0.0,40.53,21.6,40.67,12.82
2011-11-16,0.0,40.39,19.58,37.72,12.66
2011-11-17,0.0,40.23,20.47,36.38,13.15
2011-11-18,0.0,40.7,20.05,38.71,12.33
2011-11-19,0.0,40.48,20.14,39.57,12.39
2011-11-20,0.0,38.85,19.27,45.06,15.49
2011-11-21,0.0,38.4,19.77,43.67,16.02
2011-11-22,0.0,38.26,19.42,48.38,17.73
2011-11-23,0.0,37.06,18.55,49.8,18.99
2011-11-24,0.0,36.22,18.07,50.0,18.78
2011-11-25,0.0,35.96,17.78,48.27,17.77
2011-11-26,0.0,35.98,18.16,43.08,16.49
2011-11-27,0.0,35.74,18.84,42.41,17.88
2011-11-28,0.0,37.24,19.56,37.31,15.02
2011-11-29,0.0,36.1,19.79,35.08,14.2
2011-11-30,0.0,38.07,18.76,36.9,11.41
2011-12-01,0.0,37.89,18.58,35.34,14.9
2011-12-02,0.0,38.32,19.0,33.8,11.19
2011-12-03,0.0,37.88,17.96,39.38,11.8
2011-12-04,0.0,35.97,17.12,33.51,14.79
2011-12-05,0.0,36.39,16.45,49.89,17.69
2011-12-06,0.0,35.69,17.08,47.45,17.02
2011-12-07,0.0,36.14,16.87,39.88,15.4
2011-12-08,0.0,35.9,16.81,35.32,15.71
2011-12-09,0.0,36.07,16.65,36.21,13.46
2011-12-10,0.0,36.7,17.11,33.6,11.64
2011-12-11,0.0,36.32,17.14,30.64,10.95
2011-12-12,0.0,37.05,17.58,29.07,10.97
2011-12-13,0.0,36.3,18.79,26.41,12.3
2011-12-14,0.0,35.14,18.62,28.15,12.23
2011-12-15,0.0,33.64,16.97,25.76,14.0
2011-12-16,0.0,32.96,17.91,28.83,13.85
2011-12-17,0.0,35.45,17.14,26.14,11.37
2011-12-18,0.0,34.88,15.94,31.84,14.11
2011-12-19,0.0,34.53,15.91,32.65,12.55
2011-12-20,0.0,35.01,15.34,32.15,12.15
2011-12-21,0.0,33.88,18.05,27.93,11.56
2011-12-22,0.0,30.86,15.23,29.62,11.67
2011-12-23,0.0,31.67,13.56,28.01,13.75
2011-12-24,0.0,30.43,13.92,36.16,14.17
2011-12-25,0.0,33.47,14.48,28.58,12.6
2011-12-26,0.0,32.58,15.92,39.73,17.73
2011-12-27,0.0,32.94,15.17,40.1,17.21
2011-12-28,0.0,34.69,15.71,37.61,14.72
2011-12-29,0.0,31.59,16.71,33.81,15.74
2011-12-30,0.0,29.11,15.67,30.55,17.61
2011-12-31,0.0,27.92,13.68,37.27,18.02
2012-01-01,0.0,28.04,13.49,31.34,15.18
2012-01-02,0.0,31.47,14.28,38.66,15.22
2012-01-03,0.0,33.78,16.74,27.26,12.94
2012-01-04,0.0,34.84,17.85,25.28,10.67
2012-01-05,0.0,34.27,19.18,24.84,13.51
2012-01-06,0.0,34.9,18.06,33.32,15.51
2012-01-07,0.0,35.52,16.61,34.53,15.55
2012-01-08,0.0,33.87,18.1,29.63,13.02
2012-01-09,0.0,36.45,17.44,22.61,9.28
2012-01-10,0.0,37.04,18.05,27.96,9.4
2012-01-11,0.0,38.08,17.75,26.92,8.84
2012-01-12,0.0,38.77,17.71,29.09,10.34
2012-01-13,0.0,38.36,18.41,27.93,9.35
2012-01-14,0.0,36.98,19.11,22.22,9.11
2012-01-15,0.0,36.88,18.52,21.64,9.15
2012-01-16,0.0,35.99,18.19,18.85,9.54
2012-01-17,0.0,38.06,19.27,26.96,13.43
2012-01-18,0.0,35.9,19.02,39.27,18.32
2012-01-19,0.0,32.01,16.34,51.05,20.13
2012-01-20,0.0,27.02,13.41,53.3,24.67
2012-01-21,0.0,26.85,11.64,57.19,24.06
2012-01-22,0.0,29.22,11.65,47.61,20.25
2012-01-23,0.0,30.91,13.32,43.63,18.77
2012-01-24,0.0,32.54,15.33,35.79,18.23
2012-01-25,0.0,32.82,16.13,37.83,17.06
2012-01-26,0.0,32.17,14.25,34.53,13.58
2012-01-27,0.0,32.13,13.0,36.69,14.07
2012-01-28,0.0,34.85,15.13,29.59,11.75
2012-01-29,0.0,35.71,16.45,32.1,11.93
2012-01-30,0.0,35.11,19.01,26.65,12.25
2012-01-31,0.0,36.52,19.29,25.85,10.26
2012-02-01,0.0,36.49,20.81,25.98,11.63
2012-02-02,0.0,36.81,20.47,32.84,18.02
2012-02-03,0.0,37.73,20.48,41.1,13.63
2012-02-04,0.0,35.14,19.61,33.15,15.61
2012-02-05,0.0,30.9,17.99,35.51,15.19
2012-02-06,0.0,32.81,18.62,32.63,12.85
2012-02-07,0.0,30.23,15.01,15.04,7.35
2012-02-08,0.0,29.96,17.56,23.8,10.15
2012-02-09,0.0,33.05,15.91,23.81,9.6
2012-02-10,0.0,34.24,18.24,30.4,12.62
2012-02-11,0.0,33.9,16.19,37.64,12.5
2012-02-12,0.0,32.5,18.19,27.74,14.28
2012-02-13,0.0,33.35,18.35,24.72,12.62
2012-02-14,0.0,34.55,17.46,28.2,13.14
2012-02-15,0.0,32.39,19.42,26.59,15.36
2012-02-16,0.0,35.26,19.1,32.74,17.72
2012-02-17,0.0,33.3,17.85,43.74,20.34
2012-02-18,0.0,32.6,16.82,56.96,22.6
2012-02-19,0.0,34.68,14.99,77.14,11.99
2012-02-20,0.0,35.13,15.75,42.23,15.29
2012-02-21,0.0,35.17,17.03,34.23,13.12
2012-02-22,0.0,33.78,16.96,22.21,11.6
2012-02-23,0.0,33.59,16.44,23.67,11.58
2012-02-24,0.0,35.06,16.7,24.54,11.0
2012-02-25,0.0,35.82,17.6,20.46,9.14
2012-02-26,0.0,37.54,18.71,17.77,7.33
2012-02-27,0.0,41.19,19.48,17.0,7.21
2012-02-28,0.0,40.17,20.02,22.49,9.19
2012-02-29,0.0,39.83,18.86,34.91,9.59
2012-03-01,0.0,40.38,20.57,24.81,8.58
2012-03-02,0.0,37.94,20.62,19.71,9.47
2012-03-03,0.0,37.31,19.43,18.6,7.75
2012-03-04,0.0,36.84,18.43,19.74,7.63
2012-03-05,0.0,37.93,18.0,22.97,9.69
2012-03-06,0.0,40.0,19.76,24.88,10.03
2012-03-07,0.0,40.99,20.45,24.48,10.02
2012-03-08,0.0,40.98,20.45,21.57,9.07
2012-03-09,0.0,38.99,20.99,21.3,9.75
2012-03-10,0.0,37.21,20.01,21.46,9.68
2012-03-11,0.0,38.7,19.7,20.16,9.36
2012-03-12,0.0,38.35,20.19,20.87,10.68
2012-03-13,0.0,38.88,18.55,23.0,10.16
2012-03-14,0.0,40.27,19.66,25.46,11.09
2012-03-15,0.0,41.53,21.6,23.2,10.36
2012-03-16,0.0,42.11,21.97,23.31,10.59
2012-03-17,0.0,42.48,23.15,24.12,9.32
2012-03-18,0.0,42.29,24.92,23.77,10.96
2012-03-19,0.0,43.16,25.01,26.55,10.19
2012-03-20,0.0,42.41,23.59,30.72,11.24
2012-03-21,0.0,38.27,20.39,55.72,21.17
2012-03-22,0.0,35.05,18.29,77.04,30.34
2012-03-23,0.0,36.08,18.13,60.66,20.46
2012-03-24,0.0,36.53,19.5,62.04,21.21
2012-03-25,0.0,36.1,17.92,73.87,28.62
2012-03-26,0.0,36.33,18.21,74.53,25.31
2012-03-27,3.39,34.46,18.47,78.04,29.94
2012-03-28,2.3,29.22,16.49,98.88,68.76
2012-03-29,0.0,29.12,16.49,98.81,76.47
2012-03-30,0.0,38.56,19.42,94.92,27.04
2012-03-31,0.0,37.89,20.02,72.67,29.1
2012-04-01,0.0,38.09,20.74,67.86,24.51
2012-04-02,0.0,37.04,19.6,73.38,21.02
2012-04-03,0.0,35.73,18.42,77.84,23.02
2012-04-04,0.0,35.11,18.74,70.77,20.25
2012-04-05,0.0,39.45,20.27,51.9,16.03
2012-04-06,0.0,40.28,19.62,58.34,15.84
2012-04-07,0.0,39.78,21.5,57.92,16.57
2012-04-08,0.0,37.55,20.71,63.28,23.29
2012-04-09,0.0,40.83,21.34,54.18,17.4
2012-04-10,0.0,42.75,23.21,47.54,20.09
2012-04-11,0.0,38.56,23.18,73.32,32.23
2012-04-12,0.0,38.28,22.13,85.21,32.63
2012-04-13,0.0,40.4,22.6,48.31,25.42
2012-04-14,0.0,38.33,23.57,48.25,22.54
2012-04-15,0.0,42.23,24.36,37.49,15.03
2012-04-16,0.0,40.14,21.52,30.45,11.34
2012-04-17,0.0,39.54,22.36,42.66,17.24
2012-04-18,0.0,36.54,19.61,64.11,24.74
2012-04-19,0.0,36.48,18.53,57.66,24.57
2012-04-20,0.0,38.02,18.84,68.37,24.66
2012-04-21,0.0,38.49,19.51,69.78,24.72
2012-04-22,0.0,42.11,21.53,62.63,19.54
2012-04-23,0.0,44.79,23.79,53.19,17.78
2012-04-24,0.0,43.36,24.25,47.25,18.88
2012-04-25,0.0,39.67,20.71,68.78,24.75
2012-04-26,0.0,40.23,20.83,63.96,20.87
2012-04-27,0.0,39.54,20.65,62.18,18.05
2012-04-28,0.0,43.1,21.42,63.63,14.02
2012-04-29,0.0,42.82,27.42,42.14,17.18
2012-04-30,0.0,43.62,26.04,59.66,18.55
2012-05-01,0.0,43.31,26.06,33.25,13.26
2012-05-02,0.0,43.47,25.49,35.04,15.02
2012-05-03,0.0,44.08,24.75,47.61,13.12
2012-05-04,0.0,45.02,24.51,38.72,11.09
2012-05-05,0.0,45.33,25.0,32.3,11.35
2012-05-06,0.0,45.62,25.25,35.55,10.86
2012-05-07,0.0,46.35,25.48,34.63,11.14
2012-05-08,0.0,45.98,25.7,32.77,11.41
2012-05-09,0.0,41.98,22.73,53.45,16.44
2012-05-10,0.0,40.41,21.5,72.85,23.56
2012-05-11,0.0,40.46,22.4,78.33,26.11
2012-05-12,0.0,40.72,21.57,80.43,23.26
2012-05-13,0.0,42.93,21.01,80.63,18.59
2012-05-14,0.0,39.38,22.51,80.04,29.66
2012-05-15,0.0,39.19,21.95,76.33,26.9
2012-05-16,0.0,40.22,21.61,80.22,23.72
2012-05-17,0.0,40.5,22.41,76.47,26.52
2012-05-18,0.0,41.59,25.44,68.73,29.5
2012-05-19,0.0,38.91,24.37,77.51,34.29
2012-05-20,0.0,45.1,23.05,78.24,13.44
2012-05-21,0.0,40.75,25.37,63.09,24.23
2012-05-22,0.0,39.37,23.56,92.58,36.69
2012-05-23,0.0,39.59,23.62,76.72,25.94
2012-05-24,0.0,43.03,23.29,70.29,21.8
2012-05-25,0.0,40.08,23.82,76.33,32.36
2012-05-26,0.0,40.32,24.04,80.44,30.34
2012-05-27,0.0,43.76,23.19,83.06,15.43
2012-05-28,0.0,42.3,25.05,46.26,10.72
2012-05-29,0.0,39.7,20.64,68.11,15.09
2012-05-30,0.0,40.98,19.97,82.78,16.25
2012-05-31,0.0,42.62,22.3,57.83,13.75
2012-06-01,0.0,42.31,23.19,61.28,18.01
2012-06-02,0.27,39.78,23.24,72.6,27.72
2012-06-03,0.41,41.08,24.63,67.42,28.26
2012-06-04,0.0,41.91,25.34,72.48,26.38
2012-06-05,0.0,38.12,22.17,96.2,45.44
2012-06-06,0.0,38.95,21.84,82.04,28.15
2012-06-07,0.0,39.23,22.16,76.32,23.29
2012-06-08,0.0,40.7,22.92,72.95,22.55
2012-06-09,0.0,41.1,25.27,69.93,27.91
2012-06-10,0.0,42.15,26.61,72.15,27.33
2012-06-11,0.0,42.9,24.35,68.02,18.08
2012-06-12,0.0,38.42,24.36,80.98,34.88
2012-06-13,0.0,38.22,25.28,79.91,38.76
2012-06-14,0.0,39.01,24.31,89.58,34.41
2012-06-15,0.02,39.64,24.59,76.93,27.03
2012-06-16,0.0,41.94,25.14,66.18,21.18
2012-06-17,0.0,39.87,25.78,84.3,32.4
2012-06-18,0.0,38.13,24.7,90.07,34.57
2012-06-19,0.58,39.3,23.44,84.2,32.94
2012-06-20,0.0,36.57,24.37,89.83,37.45
2012-06-21,0.0,40.83,24.16,84.35,24.31
2012-06-22,0.0,44.4,24.92,69.65,17.84
2012-06-23,0.0,39.53,26.09,76.89,34.44
2012-06-24,0.03,36.94,24.65,97.9,46.14
2012-06-25,0.0,36.99,23.7,97.77,42.89
2012-06-26,0.48,37.78,22.96,83.2,31.37
2012-06-27,0.0,38.56,24.38,72.46,30.58
2012-06-28,0.0,38.35,23.51,87.11,35.48
2012-06-29,3.01,38.02,24.65,86.45,38.66
2012-06-30,0.0,38.41,23.61,95.93,37.23
2012-07-01,0.0,37.84,24.67,82.36,38.35
2012-07-02,11.58,37.09,24.11,94.99,43.43
2012-07-03,0.04,33.98,23.67,98.7,55.84
2012-07-04,0.0,36.64,23.95,94.48,44.6
2012-07-05,0.0,37.19,24.74,87.27,43.53
2012-07-06,12.49,38.53,24.03,90.93,35.53
2012-07-07,0.81,34.39,23.6,88.94,53.55
2012-07-08,4.08,36.39,24.22,97.05,47.62
2012-07-09,0.0,34.11,23.51,99.27,60.25
2012-07-10,0.0,34.58,22.8,97.19,45.47
2012-07-11,0.51,36.08,23.1,91.12,43.43
2012-07-12,0.35,37.34,25.88,82.47,42.96
2012-07-13,0.41,34.15,23.67,97.63,65.53
2012-07-14,5.53,33.76,23.39,96.49,58.45
2012-07-15,1.54,33.32,23.4,93.35,58.89
2012-07-16,12.92,34.63,23.98,92.1,53.42
2012-07-17,1.39,33.11,22.99,99.74,62.59
2012-07-18,0.0,34.65,24.47,98.27,52.63
2012-07-19,1.3,36.1,24.72,90.49,47.96
2012-07-20,0.0,35.37,24.42,86.56,46.17
2012-07-21,15.71,31.43,24.3,97.83,69.01
2012-07-22,0.0,32.19,23.16,98.97,64.02
2012-07-23,4.03,34.25,24.39,98.66,58.24
2012-07-24,0.0,31.78,23.76,99.92,70.4
2012-07-25,0.0,32.63,23.88,98.72,61.89
2012-07-26,0.0,34.67,24.12,96.42,59.02
2012-07-27,31.06,34.22,24.75,98.38,63.18
2012-07-28,0.0,32.23,23.35,99.57,63.72
2012-07-29,0.0,34.75,23.81,97.73,55.78
2012-07-30,0.21,35.35,24.53,91.6,54.11
2012-07-31,0.0,33.59,24.02,98.91,62.57
2012-08-01,11.52,31.19,23.55,98.92,71.19
2012-08-02,0.0,32.03,23.94,99.04,69.91
2012-08-03,0.0,32.45,23.43,97.8,64.48
2012-08-04,41.24,33.24,23.74,98.86,64.28
2012-08-05,0.0,34.72,23.64,90.81,51.52
2012-08-06,0.25,34.62,24.57,89.11,54.39
2012-08-07,0.0,34.94,24.34,94.81,53.54
2012-08-08,0.0,35.53,24.91,91.49,48.72
2012-08-09,21.65,33.91,23.54,84.3,50.79
2012-08-10,1.63,34.53,23.88,90.1,52.17
2012-08-11,22.62,35.88,23.95,91.19,50.0
2012-08-12,9.97,33.13,23.42,99.45,62.96
2012-08-13,4.73,32.41,23.52,99.13,65.94
2012-08-14,2.69,30.91,23.2,99.31,75.55
2012-08-15,0.14,31.91,22.89,99.28,69.12
2012-08-16,0.02,33.78,24.2,99.58,62.12
2012-08-17,6.57,29.98,23.99,98.49,75.8
2012-08-18,11.74,29.47,22.69,99.43,76.03
2012-08-19,0.0,33.17,23.68,99.19,63.88
2012-08-20,0.0,33.82,22.93,98.15,60.69
2012-08-21,1.08,32.35,24.16,96.9,63.78
2012-08-22,4.17,30.97,24.13,99.14,73.18
2012-08-23,1.4,32.15,22.66,99.7,66.55
2012-08-24,2.18,33.94,23.87,96.5,57.48
2012-08-25,17.37,31.8,23.38,99.32,69.58
2012-08-26,5.82,29.95,23.45,99.39,80.83
2012-08-27,3.01,32.57,23.34,99.23,65.79
2012-08-28,5.69,33.49,23.57,98.94,64.16
2012-08-29,0.0,32.98,22.95,98.75,61.78
2012-08-30,0.0,33.55,23.61,96.63,58.1
2012-08-31,1.01,33.73,24.14,93.37,61.28
2012-09-01,10.5,32.15,23.77,98.91,68.34
2012-09-02,22.55,29.22,22.77,99.52,79.5
2012-09-03,0.01,32.34,22.86,99.47,67.1
2012-09-04,5.67,33.75,23.3,99.51,61.26
2012-09-05,1.05,31.49,23.08,99.45,72.27
2012-09-06,4.49,32.86,23.24,98.91,62.08
2012-09-07,2.35,33.27,23.29,94.33,63.16
2012-09-08,0.23,32.31,23.25,99.16,65.33
2012-09-09,0.56,35.69,23.27,98.58,50.9
2012-09-10,0.1,34.2,23.96,98.55,65.88
2012-09-11,0.0,33.69,23.59,98.63,65.18
2012-09-12,0.0,32.65,23.72,97.57,70.59
2012-09-13,0.0,33.74,23.75,98.7,61.48
2012-09-14,0.0,36.06,23.82,97.91,51.72
2012-09-15,0.33,35.94,24.21,93.57,52.23
2012-09-16,0.0,36.57,24.47,92.65,44.11
2012-09-17,6.24,37.59,23.49,83.75,40.78
2012-09-18,6.07,34.65,23.95,94.32,56.37
2012-09-19,0.0,31.55,23.61,98.42,66.5
2012-09-20,4.33,33.03,22.71,98.75,62.37
2012-09-21,8.29,35.16,23.11,93.24,50.89
2012-09-22,1.42,32.53,23.47,98.46,60.8
2012-09-23,14.97,31.47,23.02,99.12,70.22
2012-09-24,0.0,32.19,23.18,99.41,65.58
2012-09-25,0.55,32.48,22.65,99.32,66.36
2012-09-26,0.0,33.89,23.58,99.06,63.55
2012-09-27,23.83,34.74,24.03,98.1,61.02
2012-09-28,5.3,33.55,23.08,99.43,64.62
2012-09-29,0.17,30.19,22.78,99.01,73.59
2012-09-30,12.05,33.16,23.25,98.97,63.4
2012-10-01,0.0,35.33,21.98,99.51,47.5
2012-10-02,0.0,39.48,24.41,77.68,33.85
2012-10-03,4.66,36.42,24.66,99.28,53.08
2012-10-04,0.0,32.9,22.37,99.21,71.35
2012-10-05,0.01,32.27,22.51,98.32,74.45
2012-10-06,0.0,34.52,22.86,98.9,55.17
2012-10-07,0.0,38.19,23.01,98.55,40.14
2012-10-08,0.0,35.93,23.44,98.11,50.15
2012-10-09,0.0,34.76,22.67,98.84,59.46
2012-10-10,2.52,36.6,23.64,99.53,48.25
2012-10-11,0.03,34.12,23.36,98.67,63.66
2012-10-12,0.0,33.96,23.08,98.02,65.67
2012-10-13,0.0,37.21,22.46,98.66,41.1
2012-10-14,0.0,38.27,23.46,97.6,38.57
2012-10-15,0.0,37.56,23.24,96.41,38.98
2012-10-16,0.0,38.33,23.38,89.18,36.22
2012-10-17,0.0,37.57,23.33,88.22,33.78
2012-10-18,0.0,36.11,22.7,88.35,34.33
2012-10-19,0.0,34.36,21.39,84.39,38.14
2012-10-20,11.78,36.78,21.44,83.78,32.58
2012-10-21,0.0,35.19,23.2,76.71,37.51
2012-10-22,0.0,38.57,24.57,82.26,35.64
2012-10-23,0.0,38.04,23.56,90.36,37.73
2012-10-24,0.0,40.59,25.25,80.57,27.49
2012-10-25,0.0,40.59,24.77,72.58,24.76
2012-10-26,0.0,41.07,25.23,54.39,19.62
2012-10-27,0.0,40.68,24.35,53.55,21.67
2012-10-28,0.0,40.04,23.58,74.63,25.81
2012-10-29,0.0,39.31,24.46,64.37,21.96
2012-10-30,0.0,40.6,24.23,55.29,19.7
2012-10-31,0.0,39.53,24.01,86.02,26.63
2012-11-01,0.0,40.5,21.76,81.38,27.73
2012-11-02,0.0,41.32,21.95,82.66,24.97
2012-11-03,0.0,42.39,23.08,53.58,19.18
2012-11-04,0.0,40.75,22.73,86.61,30.41
2012-11-05,0.0,40.05,22.89,97.92,32.09
2012-11-06,0.0,40.56,22.46,99.33,27.44
2012-11-07,0.0,40.92,22.33,79.96,24.35
2012-11-08,0.0,39.97,21.8,75.21,22.12
2012-11-09,0.0,40.48,21.79,68.82,26.25
2012-11-10,0.54,41.51,23.24,84.84,31.97
2012-11-11,0.0,38.19,22.62,91.51,23.41
2012-11-12,0.0,39.28,21.17,49.01,20.93
2012-11-13,0.0,39.73,21.76,47.22,22.51
2012-11-14,0.0,38.6,20.49,49.94,18.79
2012-11-15,0.0,38.87,20.4,42.31,16.95
2012-11-16,0.0,40.32,20.78,53.86,20.34
2012-11-17,0.0,41.02,20.72,66.22,18.72
2012-11-18,0.0,38.96,21.66,50.45,22.17
2012-11-19,0.0,40.42,21.6,58.14,23.37
2012-11-20,0.0,40.02,21.47,64.83,23.17
2012-11-21,0.0,37.6,20.96,65.69,25.22
2012-11-22,0.0,38.27,19.64,67.94,20.36
2012-11-23,0.0,38.73,19.8,51.95,22.13
2012-11-24,0.0,35.6,19.91,64.64,29.54
2012-11-25,0.0,35.0,19.97,83.24,40.03
2012-11-26,0.0,34.85,19.71,92.45,38.3
2012-11-27,0.0,34.19,19.26,78.25,34.58
2012-11-28,0.0,36.19,20.46,66.15,27.04
2012-11-29,0.0,35.41,20.74,76.3,29.92
2012-11-30,0.0,33.1,21.68,54.26,30.25
2012-12-01,0.0,29.49,19.25,49.29,35.42
2012-12-02,0.0,30.91,17.22,68.09,37.79
2012-12-03,0.0,27.16,16.71,87.36,39.84
2012-12-04,0.0,24.19,15.05,82.95,42.52
2012-12-05,0.0,25.62,13.36,81.56,38.3
2012-12-06,0.0,33.5,13.83,53.65,17.74
2012-12-07,0.0,35.1,15.27,34.51,14.29
2012-12-08,0.0,36.44,16.03,27.92,10.61
2012-12-09,0.0,34.84,16.15,29.77,12.2
2012-12-10,0.0,36.76,17.16,31.37,14.04
2012-12-11,0.0,37.09,16.54,34.17,12.5
2012-12-12,0.0,34.74,16.8,41.35,14.07
2012-12-13,0.0,33.04,15.05,81.68,20.47
2012-12-14,0.0,34.81,15.69,40.22,15.73
2012-12-15,0.0,35.07,15.59,28.93,11.53
2012-12-16,0.0,32.89,15.55,29.02,11.21
2012-12-17,0.0,31.97,14.99,28.45,12.24
2012-12-18,0.0,36.34,17.38,25.27,11.36
2012-12-19,0.0,37.63,16.77,30.5,12.8
2012-12-20,0.0,38.44,18.39,32.17,10.41
2012-12-21,0.0,36.5,17.62,27.59,12.19
2012-12-22,0.0,36.61,16.43,34.47,11.66
2012-12-23,0.0,37.99,17.04,32.78,12.02
2012-12-24,0.0,36.06,18.71,34.94,12.8
2012-12-25,0.0,37.15,18.27,31.92,12.69
2012-12-26,0.0,36.69,17.23,33.52,12.75
2012-12-27,0.0,35.06,16.54,36.21,14.84
2012-12-28,0.0,35.72,15.24,42.26,11.71
2012-12-29,0.0,31.63,15.7,32.22,15.04
2012-12-30,0.0,29.46,14.07,34.75,17.13
2012-12-31,0.0,30.73,14.06,39.38,16.71
2013-01-01,0.0,31.83,14.81,34.92,15.77
2013-01-02,0.0,33.6,15.54,32.18,14.74
2013-01-03,0.0,32.47,15.29,30.11,14.54
2013-01-04,0.0,32.14,17.25,26.03,14.05
2013-01-05,0.0,28.91,15.1,32.19,19.9
2013-01-06,0.0,30.44,14.78,38.94,21.06
2013-01-07,0.0,31.79,12.65,46.74,17.08
2013-01-08,0.0,32.99,13.66,35.71,15.11
2013-01-09,0.0,34.02,14.82,37.52,16.43
2013-01-10,0.0,36.5,16.4,37.65,15.09
2013-01-11,0.0,36.79,18.11,33.21,13.64
2013-01-12,0.0,38.13,18.93,27.94,11.02
2013-01-13,0.0,38.02,17.62,34.31,11.71
2013-01-14,0.0,36.45,17.59,28.65,10.57
2013-01-15,0.0,33.24,15.62,22.73,9.06
2013-01-16,0.0,32.46,14.98,19.54,9.04
2013-01-17,0.0,30.6,14.17,23.56,10.26
2013-01-18,0.0,30.69,14.22,20.89,8.66
2013-01-19,0.0,31.8,13.57,18.0,6.35
2013-01-20,0.0,34.06,13.89,24.48,7.41
2013-01-21,0.0,35.05,15.24,49.27,10.64
2013-01-22,0.0,34.23,17.96,53.49,22.9
2013-01-23,0.0,31.31,19.04,52.13,27.41
2013-01-24,0.0,33.88,16.27,53.56,21.38
2013-01-25,0.21,32.05,17.82,39.66,23.53
2013-01-26,0.0,33.9,19.71,35.45,17.36
2013-01-27,0.0,34.51,16.03,40.67,17.96
2013-01-28,0.0,34.96,15.96,64.81,16.54
2013-01-29,0.0,36.42,15.78,25.96,15.22
2013-01-30,0.0,36.27,17.2,27.39,11.4
2013-01-31,0.0,38.08,19.16,27.82,13.27
2013-02-01,0.0,38.77,21.34,24.11,9.32
2013-02-02,0.0,38.08,20.29,22.06,10.16
2013-02-03,0.0,36.97,19.17,23.94,10.06
2013-02-04,0.0,37.21,19.2,24.77,9.87
2013-02-05,0.0,38.33,20.35,20.97,9.17
2013-02-06,0.0,36.78,20.78,20.0,9.23
2013-02-07,0.0,37.42,18.23,19.87,6.92
2013-02-08,0.0,38.98,20.16,15.73,7.15
2013-02-09,0.0,37.32,20.64,21.93,9.21
2013-02-10,0.0,37.04,19.34,43.79,12.29
2013-02-11,0.0,39.95,19.55,49.94,8.8
2013-02-12,0.0,40.41,20.81,22.94,10.06
2013-02-13,0.0,40.29,19.6,28.59,10.11
2013-02-14,0.0,40.79,20.23,22.82,7.99
2013-02-15,0.0,39.98,19.53,21.03,7.38
2013-02-16,0.0,37.97,18.77,48.39,9.95
2013-02-17,0.0,39.17,17.93,54.95,11.7
2013-02-18,0.0,39.75,19.62,31.82,9.8
2013-02-19,0.0,37.02,18.2,25.19,10.44
2013-02-20,0.0,34.78,16.55,51.49,16.94
2013-02-21,0.0,36.83,16.58,36.71,12.54
2013-02-22,0.0,37.18,17.37,42.43,15.0
2013-02-23,0.0,38.63,18.57,30.09,10.51
2013-02-24,0.0,39.88,19.04,27.37,8.96
2013-02-25,0.0,39.96,19.28,29.23,10.06
2013-02-26,0.0,38.0,18.82,40.24,13.4
2013-02-27,0.0,34.34,17.37,66.62,25.52
2013-02-28,0.0,36.06,20.2,52.64,21.72
2013-03-01,0.0,38.15,18.77,56.15,16.11
2013-03-02,0.0,37.91,20.48,51.56,18.64
2013-03-03,0.0,39.54,19.57,57.27,17.05
2013-03-04,0.0,35.82,19.59,64.78,29.63
2013-03-05,0.0,34.96,17.77,92.93,30.65
2013-03-06,0.0,35.96,18.62,92.19,29.51
2013-03-07,0.0,41.82,20.01,63.51,16.45
2013-03-08,0.0,43.77,22.43,47.05,14.61
2013-03-09,0.0,44.1,22.23,50.16,12.74
2013-03-10,0.0,44.13,22.15,50.81,12.6
2013-03-11,0.0,43.65,22.87,38.86,13.1
2013-03-12,0.0,42.92,23.12,36.8,14.44
2013-03-13,0.0,43.02,22.23,38.13,12.01
2013-03-14,0.0,43.59,22.34,25.33,10.29
2013-03-15,0.0,43.01,22.23,30.25,11.55
2013-03-16,0.0,40.68,21.96,46.42,19.35
2013-03-17,0.0,38.63,19.86,53.46,23.72
2013-03-18,0.0,36.94,19.28,75.64,32.08
2013-03-19,0.0,36.85,19.21,68.65,25.59
2013-03-20,0.0,41.02,20.58,75.71,17.41
2013-03-21,0.0,44.13,22.34,52.29,14.62
2013-03-22,0.0,41.97,21.58,65.62,16.14
2013-03-23,0.0,41.17,22.57,58.96,19.97
2013-03-24,0.0,43.12,23.2,47.97,16.09
2013-03-25,0.0,41.62,23.4,29.09,14.35
2013-03-26,0.0,41.21,22.35,30.6,14.1
2013-03-27,0.0,37.56,20.63,51.82,18.8
2013-03-28,0.0,41.76,19.55,58.96,11.65
2013-03-29,0.0,43.35,22.0,28.71,10.63
2013-03-30,0.0,43.84,23.78,28.95,11.11
2013-03-31,0.0,44.09,22.37,29.1,8.86
2013-04-01,0.0,43.99,21.22,46.52,10.55
2013-04-02,0.0,41.01,20.28,64.96,16.47
2013-04-03,0.0,38.36,18.84,79.84,23.1
2013-04-04,0.0,36.88,19.74,67.15,22.71
2013-04-05,0.0,39.27,18.88,50.57,12.71
2013-04-06,0.0,42.95,20.87,34.5,10.71
2013-04-07,0.0,43.03,22.97,28.09,12.28
2013-04-08,0.0,36.78,21.69,56.27,24.64
2013-04-09,0.0,37.06,19.55,62.2,17.96
2013-04-10,0.0,39.27,20.12,48.73,13.16
2013-04-11,0.0,42.3,21.3,51.48,15.08
2013-04-12,0.0,44.46,22.33,57.04,12.02
2013-04-13,0.0,45.32,22.51,51.0,11.1
2013-04-14,0.0,44.41,22.46,46.37,9.82
2013-04-15,0.0,45.92,23.92,32.23,9.5
2013-04-16,0.0,46.01,25.02,25.47,9.71
2013-04-17,0.0,43.51,23.49,41.72,16.42
2013-04-18,0.0,39.34,20.25,67.77,26.45
2013-04-19,0.0,38.54,20.54,74.5,29.28
2013-04-20,0.0,37.51,19.94,77.87,29.82
2013-04-21,0.0,38.86,19.27,73.86,26.24
2013-04-22,0.0,39.7,20.03,73.92,27.33
2013-04-23,0.0,41.45,20.19,75.72,18.79
2013-04-24,0.0,40.14,20.57,72.89,25.7
2013-04-25,0.0,39.92,20.18,83.49,25.02
2013-04-26,0.0,41.17,21.03,79.75,21.75
2013-04-27,0.0,42.93,21.34,70.34,17.76
2013-04-28,0.0,41.67,21.92,63.26,19.51
2013-04-29,0.0,40.2,21.5,61.58,20.92
2013-04-30,0.0,38.9,19.94,72.41,18.01
2013-05-01,0.0,38.7,19.51,72.56,16.31
2013-05-02,0.0,40.84,20.46,55.93,12.42
2013-05-03,0.0,42.04,22.25,36.01,11.92
2013-05-04,0.0,42.04,22.66,31.49,11.45
2013-05-05,0.0,42.8,22.95,31.69,10.84
2013-05-06,0.0,45.3,24.6,23.33,9.22
2013-05-07,0.0,45.52,24.98,28.9,8.98
2013-05-08,0.0,45.75,24.31,39.37,8.94
2013-05-09,0.0,46.1,24.62,45.3,9.56
2013-05-10,0.0,44.43,23.62,64.52,14.23
2013-05-11,0.0,39.74,21.84,82.76,26.06
2013-05-12,0.0,40.46,21.67,75.92,23.89
2013-05-13,0.0,42.17,22.31,83.3,20.87
2013-05-14,0.0,42.73,22.76,76.17,20.66
2013-05-15,0.0,44.66,25.07,56.84,12.28
2013-05-16,0.0,40.62,22.81,55.09,18.38
2013-05-17,0.0,37.27,21.23,76.55,25.91
2013-05-18,0.0,41.45,22.45,64.15,16.49
2013-05-19,0.0,43.69,24.63,55.19,17.84
2013-05-20,0.0,45.11,26.61,45.0,17.87
2013-05-21,0.0,44.29,27.04,56.14,19.47
2013-05-22,0.0,42.74,25.9,74.13,30.45
2013-05-23,0.0,45.76,25.92,79.58,15.68
2013-05-24,0.0,43.97,26.22,71.49,23.82
2013-05-25,0.0,44.36,25.48,71.68,21.59
2013-05-26,0.0,43.97,25.34,74.3,21.6
2013-05-27,0.0,43.83,24.79,80.98,17.35
2013-05-28,0.0,44.74,24.47,64.93,14.82
2013-05-29,0.0,41.39,24.75,71.26,25.64
2013-05-30,0.0,45.5,25.18,72.03,11.33
2013-05-31,0.0,45.1,27.25,37.54,12.85
2013-06-01,0.0,40.6,26.64,80.73,23.89
2013-06-02,0.0,38.41,24.8,89.52,30.11
2013-06-03,0.0,39.05,22.85,66.87,26.08
2013-06-04,0.0,37.79,22.38,70.69,27.81
2013-06-05,0.0,39.28,24.44,67.57,29.29
2013-06-06,0.0,40.66,23.94,71.57,24.63
2013-06-07,0.0,42.21,23.81,77.23,23.99
2013-06-08,0.0,38.56,25.89,84.12,39.35
2013-06-09,0.0,39.57,25.96,80.56,27.91
2013-06-10,0.0,43.13,24.29,70.41,19.78
2013-06-11,1.64,39.47,24.98,77.65,35.81
2013-06-12,0.0,39.63,24.4,88.67,32.79
2013-06-13,0.0,41.15,24.68,85.78,21.32
2013-06-14,0.0,40.41,24.43,71.3,28.17
2013-06-15,0.0,39.42,25.24,84.02,31.72
2013-06-16,0.0,38.69,24.93,78.3,33.35
2013-06-17,0.0,38.88,23.52,85.74,31.33
2013-06-18,0.0,39.43,25.66,74.62,34.52
2013-06-19,0.0,39.54,24.58,80.77,28.07
2013-06-20,0.0,42.15,23.13,85.16,18.67
2013-06-21,0.0,40.98,24.42,73.46,22.06
2013-06-22,0.0,39.99,23.17,80.92,27.21
2013-06-23,0.0,40.01,23.9,83.21,25.7
2013-06-24,0.0,41.11,23.72,78.45,22.67
2013-06-25,0.0,40.01,23.56,84.87,24.61
2013-06-26,0.0,39.35,22.93,84.34,27.63
2013-06-27,0.0,38.66,23.98,82.55,35.92
2013-06-28,0.0,37.11,23.38,80.55,34.18
2013-06-29,0.02,39.32,24.59,68.3,27.44
2013-06-30,12.19,38.91,25.3,76.88,30.45
2013-07-01,0.0,37.65,25.18,83.5,39.41
2013-07-02,0.0,33.26,23.53,95.33,56.42
2013-07-03,6.37,35.97,24.27,96.89,52.14
2013-07-04,0.18,37.22,22.97,87.77,38.77
2013-07-05,0.0,36.34,24.13,84.73,44.5
2013-07-06,0.0,37.11,24.65,87.9,41.78
2013-07-07,0.0,37.77,25.21,83.72,39.29
2013-07-08,0.0,37.8,25.38,81.54,41.75
2013-07-09,0.0,36.37,24.73,90.31,45.11
2013-07-10,7.98,34.05,24.16,95.13,52.07
2013-07-11,0.0,34.95,22.78,91.15,37.16
2013-07-12,0.04,37.58,23.4,77.93,30.81
2013-07-13,0.0,39.91,26.54,69.78,31.18
2013-07-14,0.29,40.29,26.07,83.24,29.35
2013-07-15,0.0,40.86,25.15,77.53,23.25
2013-07-16,0.86,38.93,25.83,76.08,35.43
2013-07-17,0.0,37.12,26.06,94.78,49.07
2013-07-18,0.0,32.9,24.4,97.01,61.7
2013-07-19,0.0,33.23,22.82,95.74,58.39
2013-07-20,24.46,35.32,25.05,88.39,56.19
2013-07-21,0.1,31.74,23.72,99.07,78.71
2013-07-22,0.0,32.9,23.91,98.17,66.77
2013-07-23,0.0,31.91,24.09,97.19,67.98
2013-07-24,0.0,32.96,23.66,97.09,64.54
2013-07-25,0.0,33.11,23.63,96.16,60.44
2013-07-26,1.36,34.27,24.17,94.68,59.3
2013-07-27,0.0,32.12,24.71,96.32,69.62
2013-07-28,1.82,32.45,23.37,98.14,67.44
2013-07-29,0.0,33.12,23.83,97.21,57.11
2013-07-30,0.0,34.05,24.14,89.01,54.2
2013-07-31,15.66,33.57,25.32,96.48,58.62
2013-08-01,3.26,33.07,23.97,99.42,60.72
2013-08-02,7.96,30.09,23.09,98.79,74.7
2013-08-03,0.38,30.67,23.13,99.06,73.34
2013-08-04,0.0,33.67,23.42,98.65,62.34
2013-08-05,0.0,33.49,23.4,98.26,61.95
2013-08-06,3.77,34.11,24.58,92.71,60.47
2013-08-07,0.42,33.72,24.54,98.03,61.05
2013-08-08,0.0,33.19,24.2,98.73,67.97
2013-08-09,1.63,32.18,23.76,97.89,67.57
2013-08-10,0.04,32.89,24.17,97.23,61.89
2013-08-11,26.86,34.28,24.44,93.14,57.66
2013-08-12,19.68,33.39,24.41,93.54,59.58
2013-08-13,0.02,33.98,24.27,96.05,58.81
2013-08-14,3.49,32.9,24.46,98.42,57.16
2013-08-15,0.0,32.56,22.99,98.87,63.2
2013-08-16,20.12,32.67,23.36,98.16,61.98
2013-08-17,0.0,34.43,24.72,87.4,52.48
2013-08-18,1.44,33.75,25.6,85.22,58.09
2013-08-19,11.12,32.51,24.9,91.03,64.16
2013-08-20,0.13,29.43,23.01,99.44,75.92
2013-08-21,0.0,31.68,22.66,99.74,64.32
2013-08-22,22.36,35.77,23.48,97.03,51.25
2013-08-23,0.0,36.41,24.94,94.82,49.5
2013-08-24,0.9,36.68,25.34,99.6,52.79
2013-08-25,0.0,32.41,23.97,98.87,67.82
2013-08-26,0.0,33.28,23.92,99.07,64.62
2013-08-27,1.49,31.25,24.78,98.9,75.02
2013-08-28,0.0,34.13,24.02,98.77,55.18
2013-08-29,2.12,33.76,23.61,89.88,49.87
2013-08-30,0.35,31.07,23.44,99.4,67.53
2013-08-31,0.91,31.21,22.57,93.49,63.14
2013-09-01,0.0,35.24,21.93,95.33,49.43
2013-09-02,0.0,37.04,24.42,88.31,47.28
2013-09-03,0.0,35.96,25.5,94.25,54.75
2013-09-04,15.92,32.33,23.66,96.07,65.3
2013-09-05,0.0,31.68,22.93,99.27,68.13
2013-09-06,19.38,31.24,22.98,98.65,69.78
2013-09-07,2.01,30.12,22.36,98.46,72.4
2013-09-08,0.04,30.25,23.14,98.91,72.89
2013-09-09,0.02,30.3,23.06,98.53,73.84
2013-09-10,1.27,32.31,21.51,98.63,64.66
2013-09-11,0.0,34.37,22.96,98.02,54.97
2013-09-12,0.0,35.26,23.18,97.61,55.79
2013-09-13,2.77,35.88,23.54,97.23,53.3
2013-09-14,17.12,30.56,23.47,99.14,76.48
2013-09-15,1.86,29.75,22.74,99.41,78.06
2013-09-16,2.82,30.95,23.11,98.46,70.75
2013-09-17,1.8,32.2,23.21,98.93,67.26
2013-09-18,1.1,33.07,23.72,98.07,67.92
2013-09-19,19.56,32.98,24.01,97.8,69.21
2013-09-20,0.15,31.89,22.8,98.23,68.41
2013-09-21,0.0,33.63,23.02,98.54,61.38
2013-09-22,0.0,35.25,23.51,98.08,49.79
2013-09-23,0.0,34.58,23.93,98.68,60.41
2013-09-24,0.0,36.07,24.31,98.72,50.68
2013-09-25,0.0,35.64,23.7,97.66,54.77
2013-09-26,5.06,33.66,24.23,98.31,68.02
2013-09-27,2.34,32.51,23.06,98.36,65.21
2013-09-28,0.51,32.33,22.44,98.37,65.36
2013-09-29,0.0,36.27,23.36,99.02,45.7
2013-09-30,0.0,37.11,23.81,92.05,46.77
2013-10-01,0.0,37.3,24.57,98.64,49.12
2013-10-02,0.0,39.79,23.89,99.61,29.44
2013-10-03,0.0,39.8,23.98,81.16,27.0
2013-10-04,0.0,38.1,23.65,74.13,31.97
2013-10-05,0.0,39.28,24.65,80.84,33.53
2013-10-06,9.65,39.71,24.89,87.64,37.7
2013-10-07,0.73,35.83,24.34,99.51,54.63
2013-10-08,0.0,34.47,22.65,98.68,61.78
2013-10-09,0.0,37.05,22.87,99.19,36.04
2013-10-10,0.0,37.48,22.27,89.28,31.67
2013-10-11,1.63,38.71,23.75,77.39,33.66
2013-10-12,0.39,36.71,24.36,99.02,46.75
2013-10-13,1.32,38.95,24.2,98.41,37.41
2013-10-14,0.18,39.56,24.06,96.12,31.98
2013-10-15,0.0,39.07,24.04,94.53,36.01
2013-10-16,0.0,39.38,25.0,90.32,33.29
2013-10-17,0.0,39.24,25.19,81.85,36.54
2013-10-18,0.0,35.31,24.59,98.87,52.98
2013-10-19,0.0,38.96,23.0,97.01,22.49
2013-10-20,0.0,39.74,24.11,75.17,32.17
2013-10-21,0.0,38.83,24.33,98.07,40.35
2013-10-22,0.08,34.97,23.32,97.71,58.64
2013-10-23,0.15,33.16,22.14,96.82,63.15
2013-10-24,0.0,38.25,22.17,98.41,23.75
2013-10-25,0.0,40.3,24.69,53.52,19.89
2013-10-26,0.0,37.43,23.91,71.6,28.48
2013-10-27,0.0,37.26,23.08,96.15,40.22
2013-10-28,0.0,33.05,23.77,96.27,61.35
2013-10-29,0.0,36.67,22.47,97.38,32.27
2013-10-30,0.0,37.77,23.51,51.55,22.11
2013-10-31,0.0,34.7,24.3,52.49,25.15
2013-11-01,0.07,36.03,22.22,51.51,26.83
2013-11-02,0.0,35.55,22.37,74.14,36.14
2013-11-03,0.0,37.1,21.05,71.34,27.4
2013-11-04,0.0,40.7,20.83,52.39,17.24
2013-11-05,0.0,41.49,22.0,46.52,17.57
2013-11-06,0.0,40.97,21.77,38.61,15.52
2013-11-07,0.0,40.72,21.22,38.23,15.51
2013-11-08,0.0,40.32,20.8,39.15,15.23
2013-11-09,0.0,40.69,21.51,39.01,15.56
2013-11-10,0.0,41.43,21.5,41.08,14.44
2013-11-11,0.0,41.34,21.58,40.7,15.6
2013-11-12,0.0,40.98,21.01,41.46,15.18
2013-11-13,0.0,40.28,21.03,45.07,18.31
2013-11-14,0.0,39.94,20.62,59.69,19.25
2013-11-15,0.0,39.68,21.13,48.37,20.59
2013-11-16,0.0,38.78,21.22,53.58,19.81
2013-11-17,0.0,35.61,22.05,44.57,20.67
2013-11-18,0.0,34.99,21.21,56.9,23.83
2013-11-19,0.0,35.98,21.21,53.36,23.48
2013-11-20,0.1,34.8,20.59,39.91,18.59
2013-11-21,0.05,30.26,18.3,77.34,26.57
2013-11-22,0.0,34.03,18.3,57.88,18.41
2013-11-23,0.0,36.03,20.24,44.34,19.84
2013-11-24,0.0,37.3,19.83,45.52,18.66
2013-11-25,0.0,36.54,18.59,59.23,20.64
2013-11-26,0.0,34.06,17.84,82.16,28.6
2013-11-27,0.0,36.41,17.99,78.01,27.5
2013-11-28,0.0,36.21,18.58,84.69,26.48
2013-11-29,0.0,40.31,20.54,52.76,19.96
2013-11-30,0.0,40.78,22.46,45.73,16.03
2013-12-01,0.0,40.89,21.46,40.94,19.85
2013-12-02,0.0,40.21,21.59,75.04,27.23
2013-12-03,0.0,41.19,20.86,81.0,21.67
2013-12-04,0.0,41.4,21.59,56.73,22.49
2013-12-05,0.0,40.28,22.51,49.16,22.03
2013-12-06,0.0,39.8,21.52,45.92,21.04
2013-12-07,0.0,38.93,21.11,47.2,20.16
2013-12-08,0.0,38.16,20.17,46.05,17.21
2013-12-09,0.0,37.46,18.79,40.33,16.19
2013-12-10,0.0,36.2,18.4,46.56,19.17
2013-12-11,0.0,34.23,16.78,42.54,14.94
2013-12-12,0.0,35.25,16.42,43.41,18.0
2013-12-13,0.0,32.75,16.42,62.6,25.33
2013-12-14,0.0,33.19,15.5,69.45,21.42
2013-12-15,0.0,32.6,14.83,65.89,22.09
2013-12-16,0.0,33.51,15.57,62.04,25.13
2013-12-17,0.15,34.12,19.37,51.85,17.91
2013-12-18,0.01,33.74,15.98,78.23,18.75
2013-12-19,0.0,32.97,17.65,38.4,14.08
2013-12-20,0.0,31.86,18.02,35.76,16.98
2013-12-21,0.0,31.89,14.14,38.72,14.65
2013-12-22,0.0,32.4,14.84,44.07,17.82
2013-12-23,0.0,29.92,13.83,38.76,19.2
2013-12-24,0.0,31.26,14.29,47.33,19.24
2013-12-25,0.0,31.17,14.89,37.25,17.33
2013-12-26,0.0,28.43,17.47,52.89,20.98
2013-12-27,0.0,35.16,17.39,48.58,15.22
2013-12-28,0.0,36.12,17.0,38.13,13.27
2013-12-29,0.0,34.45,16.7,63.59,22.68
2013-12-30,0.0,32.12,15.63,69.57,28.02
2013-12-31,0.0,34.09,13.63,75.2,20.89
2014-01-01,0.0,34.63,15.98,40.21,16.46
2014-01-02,0.0,33.51,15.63,45.92,20.81
2014-01-03,0.0,34.71,16.75,45.1,19.24
2014-01-04,0.0,34.43,16.48,40.28,16.12
2014-01-05,0.0,34.72,16.71,37.99,14.52
2014-01-06,0.0,35.38,16.38,35.88,12.69
2014-01-07,0.0,35.02,17.49,33.33,14.02
2014-01-08,0.0,37.31,18.94,30.5,13.58
2014-01-09,0.0,34.38,20.22,52.38,18.32
2014-01-10,0.0,29.85,17.11,81.18,35.67
2014-01-11,0.0,30.61,15.05,63.15,27.68
2014-01-12,0.0,35.96,17.8,48.51,19.83
2014-01-13,0.0,40.91,19.79,39.93,12.07
2014-01-14,0.0,40.35,20.26,32.34,11.42
2014-01-15,0.0,37.04,18.39,38.28,15.1
2014-01-16,0.0,35.25,16.91,38.89,16.98
2014-01-17,0.0,32.98,14.92,90.1,21.74
2014-01-18,0.0,33.05,15.42,74.14,28.24
2014-01-19,0.0,32.5,14.9,64.25,24.82
2014-01-20,0.0,34.3,15.35,50.46,21.78
2014-01-21,0.0,33.93,15.96,54.81,23.99
2014-01-22,0.0,33.5,15.72,66.46,25.37
2014-01-23,0.0,34.06,14.91,56.67,20.32
2014-01-24,0.0,32.84,15.35,54.68,25.21
2014-01-25,0.0,31.9,14.68,62.87,27.14
2014-01-26,0.0,37.96,18.26,50.25,16.75
2014-01-27,0.0,37.83,19.78,32.7,14.84
2014-01-28,0.0,37.62,19.25,26.53,14.36
2014-01-29,0.0,39.24,19.91,35.17,15.17
2014-01-30,0.0,35.35,19.24,41.89,19.99
2014-01-31,0.0,31.08,15.75,50.64,19.51
2014-02-01,0.0,32.19,13.73,50.0,14.56
2014-02-02,0.0,34.09,15.21,40.02,11.17
2014-02-03,0.0,35.04,15.82,28.73,11.05
2014-02-04,0.0,35.24,16.22,33.95,12.09
2014-02-05,0.0,36.54,16.9,33.39,11.38
2014-02-06,0.0,38.05,18.63,25.24,9.75
2014-02-07,0.0,38.61,19.19,24.97,10.04
2014-02-08,0.0,38.21,19.42,23.46,9.84
2014-02-09,0.0,37.42,18.29,23.24,9.18
2014-02-10,0.0,36.73,16.7,26.3,9.58
2014-02-11,0.0,35.47,17.4,30.6,12.47
2014-02-12,0.0,36.31,16.6,41.79,12.95
2014-02-13,0.0,36.07,18.14,30.16,10.09
2014-02-14,0.0,36.28,16.24,20.75,8.27
2014-02-15,0.0,36.59,17.75,29.49,9.28
2014-02-16,0.0,29.19,15.34,81.42,25.08
2014-02-17,0.0,29.02,12.89,61.52,27.27
2014-02-18,0.0,32.39,13.51,61.39,20.61
2014-02-19,0.0,32.39,16.27,49.21,21.79
2014-02-20,0.0,34.6,17.81,43.15,15.82
2014-02-21,0.0,37.27,18.17,34.47,12.82
2014-02-22,0.0,38.13,19.63,29.08,12.11
2014-02-23,0.0,38.48,18.88,30.21,11.54
2014-02-24,0.0,37.85,18.55,27.76,10.17
2014-02-25,0.0,36.95,17.73,25.46,10.27
2014-02-26,0.0,37.51,17.67,25.22,10.33
2014-02-27,0.0,36.61,18.14,20.4,7.67
2014-02-28,0.0,35.25,19.85,20.41,7.99
2014-03-01,0.0,35.43,17.59,24.01,10.94
2014-03-02,0.0,35.65,16.82,27.49,10.11
2014-03-03,0.0,36.51,17.49,22.12,7.66
2014-03-04,0.0,38.42,18.25,20.38,6.61
2014-03-05,0.0,39.31,18.37,37.24,10.26
2014-03-06,0.0,38.14,18.32,53.78,14.92
2014-03-07,0.0,34.57,17.4,79.53,26.69
2014-03-08,0.0,32.9,19.19,67.61,31.65
2014-03-09,0.0,34.79,17.22,67.42,19.67
2014-03-10,0.0,34.84,18.56,67.27,26.8
2014-03-11,0.0,33.71,18.03,74.91,28.09
2014-03-12,0.0,36.38,18.72,67.6,17.87
2014-03-13,0.0,40.1,19.96,42.74,12.97
2014-03-14,0.0,42.03,21.57,29.67,12.43
2014-03-15,0.0,42.77,22.43,25.58,10.05
2014-03-16,0.0,42.87,23.39,20.08,8.67
2014-03-17,0.0,41.15,22.02,20.6,8.02
2014-03-18,0.0,39.68,20.99,20.92,8.83
2014-03-19,0.0,39.97,20.03,24.15,8.75
2014-03-20,0.0,41.21,20.84,22.39,7.89
2014-03-21,0.0,41.64,20.95,21.23,8.22
2014-03-22,0.0,41.04,21.27,19.04,8.57
2014-03-23,0.0,38.76,21.4,24.01,10.7
2014-03-24,0.0,41.07,20.12,37.0,10.33
2014-03-25,0.0,42.59,20.86,31.73,10.21
2014-03-26,0.0,42.67,21.8,31.57,9.75
2014-03-27,0.0,43.41,22.32,25.83,8.01
2014-03-28,0.0,41.56,21.07,42.53,14.17
2014-03-29,0.0,35.67,18.27,65.4,19.67
2014-03-30,0.0,37.49,17.1,64.72,16.97
2014-03-31,0.0,40.24,19.48,56.23,14.94
2014-04-01,0.0,38.54,19.81,59.63,22.68
2014-04-02,0.0,36.88,18.78,66.11,21.33
2014-04-03,0.0,39.63,19.53,62.58,15.98
2014-04-04,0.0,43.86,23.31,40.92,14.49
2014-04-05,0.0,45.1,24.15,32.7,13.54
2014-04-06,0.0,42.63,22.67,36.05,10.28
2014-04-07,0.0,38.49,20.94,48.18,19.01
2014-04-08,0.0,36.27,17.37,60.68,22.95
2014-04-09,0.0,36.48,17.73,84.37,27.41
2014-04-10,0.0,36.52,17.67,70.28,22.55
2014-04-11,0.0,37.82,19.17,70.9,23.69
2014-04-12,0.0,37.34,20.08,71.13,27.23
2014-04-13,0.0,39.06,19.41,69.28,24.27
2014-04-14,0.0,41.03,20.61,61.11,18.77
2014-04-15,0.0,43.71,22.04,56.69,12.25
2014-04-16,0.0,45.27,24.12,41.67,9.45
2014-04-17,0.0,44.96,23.69,54.18,12.48
2014-04-18,0.0,47.08,25.31,50.35,10.32
2014-04-19,0.0,44.99,23.98,63.53,11.88
2014-04-20,0.0,45.1,23.69,53.08,9.47
2014-04-21,0.0,44.82,24.25,43.34,12.24
2014-04-22,0.0,45.07,24.59,37.9,14.19
2014-04-23,0.0,46.1,25.18,34.4,13.13
2014-04-24,0.0,44.51,24.75,39.38,15.02
2014-04-25,0.0,46.87,24.99,40.86,10.4
2014-04-26,0.0,46.11,24.93,27.13,9.02
2014-04-27,0.0,43.28,23.09,43.7,12.69
2014-04-28,0.0,43.56,21.87,50.82,10.6
2014-04-29,0.0,43.74,22.42,53.91,12.54
2014-04-30,0.0,42.59,21.68,62.25,16.08
2014-05-01,0.0,40.15,20.14,75.96,23.47
2014-05-02,0.0,38.69,19.91,73.04,24.17
2014-05-03,0.0,39.52,20.38,71.81,25.25
2014-05-04,0.0,37.65,22.02,73.03,33.65
2014-05-05,0.0,36.44,20.48,75.92,32.47
2014-05-06,0.0,36.59,20.55,77.82,27.86
2014-05-07,0.0,39.03,21.19,71.3,23.72
2014-05-08,0.0,40.27,20.96,84.65,18.12
2014-05-09,0.0,41.46,22.52,69.82,19.7
2014-05-10,0.0,44.05,23.01,69.41,18.51
2014-05-11,0.0,42.92,22.92,67.18,22.92
2014-05-12,0.0,40.93,24.09,63.2,26.51
2014-05-13,0.0,40.81,23.73,68.4,24.16
2014-05-14,0.0,39.45,22.09,80.22,31.18
2014-05-15,0.0,40.86,23.16,67.91,25.32
2014-05-16,0.0,42.27,23.41,65.57,22.18
2014-05-17,0.0,41.6,23.65,72.86,23.13
2014-05-18,0.0,40.81,22.81,61.86,22.95
2014-05-19,0.0,39.66,23.0,73.59,33.17
2014-05-20,0.0,39.66,23.45,70.36,30.76
2014-05-21,0.0,36.77,20.8,90.09,28.28
2014-05-22,0.0,44.21,23.82,48.52,14.13
2014-05-23,0.0,43.77,24.62,45.14,14.88
2014-05-24,0.0,44.87,24.24,50.98,13.66
2014-05-25,0.0,43.71,25.58,43.66,18.24
2014-05-26,0.0,40.05,23.98,55.89,23.19
2014-05-27,0.0,41.2,23.98,67.5,22.39
2014-05-28,0.0,44.63,25.95,53.06,15.81
2014-05-29,0.0,45.48,26.85,26.91,8.72
2014-05-30,0.0,44.55,26.55,38.86,14.08
2014-05-31,0.0,45.34,27.36,50.39,15.92
2014-06-01,0.0,39.86,25.24,70.67,29.75
2014-06-02,0.21,40.55,25.55,73.44,28.84
2014-06-03,0.0,40.96,25.31,73.51,18.5
2014-06-04,0.0,42.33,24.21,58.83,19.76
2014-06-05,0.0,39.92,25.36,68.18,26.29
2014-06-06,0.0,39.27,25.93,75.7,31.94
2014-06-07,0.02,39.44,24.6,71.98,34.43
2014-06-08,0.0,41.45,25.64,85.2,31.85
2014-06-09,0.0,42.59,24.17,81.1,19.61
2014-06-10,0.0,40.56,25.75,78.16,31.46
2014-06-11,0.0,39.86,26.44,82.49,35.4
2014-06-12,0.0,39.4,23.43,80.71,27.87
2014-06-13,0.0,39.66,22.98,69.28,22.43
2014-06-14,0.0,40.21,24.22,66.63,24.04
2014-06-15,0.0,38.84,24.77,67.3,30.09
2014-06-16,0.0,41.57,23.14,76.36,19.92
2014-06-17,0.0,42.82,23.82,69.57,20.05
2014-06-18,0.0,40.13,25.55,68.84,30.98
2014-06-19,0.0,40.73,23.62,74.03,22.05
2014-06-20,0.0,40.85,23.73,79.89,26.8
2014-06-21,0.0,40.65,24.34,92.2,30.5
2014-06-22,0.0,43.01,24.09,78.34,16.19
2014-06-23,0.0,41.35,26.71,80.51,33.97
2014-06-24,0.0,37.8,24.19,94.43,59.06
2014-06-25,0.0,39.31,24.05,93.58,30.41
2014-06-26,0.0,40.81,24.51,75.75,22.74
2014-06-27,0.0,39.67,23.79,82.81,28.24
2014-06-28,0.0,39.44,23.47,79.4,31.03
2014-06-29,0.03,38.51,23.78,81.24,35.64
2014-06-30,0.0,39.54,24.96,90.85,38.54
2014-07-01,3.05,35.57,23.71,98.46,70.67
2014-07-02,0.0,33.72,23.07,98.8,60.99
2014-07-03,0.19,35.01,24.33,95.55,55.21
2014-07-04,0.0,30.41,24.23,98.02,73.33
2014-07-05,0.0,31.87,24.07,97.81,70.32
2014-07-06,0.0,32.27,22.11,98.07,55.38
2014-07-07,0.0,34.64,22.61,91.49,52.78
2014-07-08,0.13,33.62,24.75,97.4,59.47
2014-07-09,0.75,32.2,24.09,96.67,65.67
2014-07-10,0.41,33.72,24.68,96.67,59.86
2014-07-11,0.0,34.56,24.46,96.36,53.87
2014-07-12,0.0,35.63,24.53,79.64,43.9
2014-07-13,0.0,40.49,25.51,78.02,33.66
2014-07-14,0.0,37.7,26.07,79.19,39.69
2014-07-15,2.4,36.2,25.99,86.54,51.19
2014-07-16,19.69,35.69,24.62,91.36,45.71
2014-07-17,0.14,32.41,23.08,79.68,43.57
2014-07-18,0.0,35.96,23.97,78.8,38.33
2014-07-19,1.56,36.12,24.49,77.11,39.95
2014-07-20,0.0,37.66,24.98,78.53,40.75
2014-07-21,0.0,38.09,25.77,78.87,37.07
2014-07-22,0.0,36.9,25.89,73.39,41.45
2014-07-23,1.17,35.79,25.69,91.5,50.36
2014-07-24,0.0,37.1,23.97,93.26,42.17
2014-07-25,0.0,38.44,24.85,73.56,38.3
2014-07-26,0.0,38.58,25.63,83.03,39.2
2014-07-27,0.0,40.54,24.88,83.56,22.24
2014-07-28,0.0,40.1,25.77,72.73,30.3
2014-07-29,0.08,40.03,27.45,78.71,35.64
2014-07-30,0.0,38.42,25.45,88.46,36.43
2014-07-31,0.07,38.25,24.22,80.49,35.76
2014-08-01,0.23,38.67,24.72,84.13,37.48
2014-08-02,0.0,38.67,24.85,82.67,34.11
2014-08-03,0.0,37.86,24.73,71.57,32.99
2014-08-04,16.3,38.42,25.44,76.63,38.55
2014-08-05,33.84,33.62,23.04,99.4,67.17
2014-08-06,9.48,31.44,22.48,99.77,71.27
2014-08-07,0.0,34.18,23.79,97.64,59.68
2014-08-08,0.0,36.15,25.14,93.08,50.02
2014-08-09,1.86,35.92,24.78,85.2,47.68
2014-08-10,0.0,35.14,24.93,95.12,55.4
2014-08-11,1.56,35.13,24.5,89.78,50.77
2014-08-12,0.11,35.24,24.37,98.21,52.04
2014-08-13,0.76,36.18,24.12,83.4,49.1
2014-08-14,23.51,33.24,24.4,99.35,65.45
2014-08-15,0.0,31.44,23.32,97.57,64.53
2014-08-16,0.0,33.0,23.2,98.09,61.59
2014-08-17,2.03,33.03,23.74,99.21,67.32
2014-08-18,5.98,31.34,23.43,99.2,69.54
2014-08-19,22.36,31.08,23.59,99.16,72.04
2014-08-20,4.93,32.49,23.18,99.33,65.68
2014-08-21,0.0,31.55,23.81,98.84,74.27
2014-08-22,2.21,33.41,24.77,98.66,65.52
2014-08-23,7.62,31.73,23.39,98.95,69.73
2014-08-24,0.0,30.6,23.22,98.82,76.41
2014-08-25,0.0,32.98,23.58,98.71,62.86
2014-08-26,0.0,32.69,24.53,98.53,69.62
2014-08-27,20.94,33.83,23.6,99.41,67.4
2014-08-28,0.0,33.14,23.49,99.14,64.41
2014-08-29,0.14,32.92,24.2,98.75,66.1
2014-08-30,0.0,32.98,24.29,99.13,68.27
2014-08-31,10.01,31.95,23.82,98.62,72.18
2014-09-01,0.0,32.99,23.09,99.16,65.79
2014-09-02,0.0,34.96,23.63,98.16,54.03
2014-09-03,0.0,36.23,23.82,88.08,46.78
2014-09-04,0.0,33.73,23.91,95.57,56.38
2014-09-05,0.0,36.45,24.49,92.23,48.72
2014-09-06,0.0,36.9,24.38,87.48,49.16
2014-09-07,0.0,36.67,24.92,86.94,51.33
2014-09-08,0.13,35.46,25.06,90.56,50.19
2014-09-09,0.05,35.66,24.94,97.9,56.73
2014-09-10,2.7,32.42,23.75,98.56,71.41
2014-09-11,0.41,32.43,23.75,98.85,71.29
2014-09-12,1.05,32.44,23.42,99.15,65.73
2014-09-13,0.0,34.13,22.94,99.0,59.22
2014-09-14,0.04,34.96,24.37,97.0,58.64
2014-09-15,10.32,33.64,24.05,99.07,65.33
2014-09-16,1.48,31.79,23.4,99.21,73.69
2014-09-17,0.02,32.41,23.76,98.44,71.22
2014-09-18,12.19,33.31,23.65,98.72,68.31
2014-09-19,5.23,29.88,22.89,99.43,78.53
2014-09-20,1.78,29.56,21.91,98.34,76.51
2014-09-21,0.0,32.57,22.02,98.69,65.83
2014-09-22,11.12,32.38,22.65,98.87,68.51
2014-09-23,0.05,31.96,22.68,98.89,72.36
2014-09-24,0.04,33.35,22.82,98.6,63.23
2014-09-25,4.9,32.39,23.82,98.58,71.33
2014-09-26,0.01,33.27,23.4,99.41,67.03
2014-09-27,0.0,33.26,23.73,99.02,67.89
2014-09-28,0.0,34.37,23.41,98.12,60.02
2014-09-29,0.0,34.87,23.76,99.05,60.52
2014-09-30,0.0,33.81,24.58,99.05,66.29
2014-10-01,0.0,34.56,22.96,99.39,50.89
2014-10-02,0.0,36.53,22.15,88.32,38.32
2014-10-03,0.93,33.37,23.99,97.85,64.58
2014-10-04,0.0,33.82,23.32,98.69,68.75
2014-10-05,0.0,34.72,23.62,98.06,64.35
2014-10-06,6.41,34.39,23.7,96.93,70.61
2014-10-07,0.11,33.37,23.25,98.48,73.26
2014-10-08,0.0,33.43,23.07,97.86,69.82
2014-10-09,4.25,34.41,23.07,97.68,64.02
2014-10-10,0.15,35.29,23.02,98.29,56.58
2014-10-11,0.0,35.56,23.34,99.36,59.2
2014-10-12,0.0,36.24,23.6,97.01,53.55
2014-10-13,0.0,37.77,23.74,99.52,44.93
2014-10-14,5.55,38.79,23.92,95.17,41.14
2014-10-15,0.01,36.79,23.43,98.71,50.61
2014-10-16,0.0,38.64,24.71,98.72,40.42
2014-10-17,0.0,38.83,23.93,93.1,32.22
2014-10-18,0.0,39.75,24.43,79.0,34.32
2014-10-19,0.0,38.22,24.57,98.59,43.48
2014-10-20,0.06,36.81,23.66,98.36,48.49
2014-10-21,0.26,39.28,24.0,83.32,38.28
2014-10-22,0.0,41.26,25.97,79.73,23.59
2014-10-23,0.0,39.38,25.01,90.69,34.41
2014-10-24,0.0,38.88,24.6,98.13,33.51
2014-10-25,0.0,37.01,24.06,99.81,43.41
2014-10-26,0.0,37.08,23.25,97.27,46.83
2014-10-27,0.0,34.95,22.98,97.15,58.54
2014-10-28,0.0,36.02,22.76,99.24,33.31
2014-10-29,0.0,36.74,23.51,83.26,32.37
2014-10-30,0.0,35.2,22.0,84.89,38.03
2014-10-31,0.0,35.44,22.28,80.91,37.39
2014-11-01,0.0,38.3,20.37,94.65,32.09
2014-11-02,0.0,39.12,20.89,82.47,27.87
2014-11-03,0.0,38.97,21.53,84.11,29.57
2014-11-04,0.0,40.24,22.69,77.67,29.73
2014-11-05,0.0,39.09,21.76,81.8,28.47
2014-11-06,0.0,38.35,20.21,81.17,28.03
2014-11-07,0.0,40.55,20.67,63.64,21.61
2014-11-08,0.0,41.2,23.07,53.24,18.02
2014-11-09,0.0,40.68,23.04,47.17,18.91
2014-11-10,0.0,39.52,20.93,51.18,15.63
2014-11-11,0.0,37.46,18.85,50.49,15.6
2014-11-12,0.0,38.86,19.02,54.15,17.64
2014-11-13,0.0,40.24,20.09,46.32,16.94
2014-11-14,0.0,41.15,21.32,39.85,15.36
2014-11-15,0.0,41.02,22.07,38.26,13.86
2014-11-16,0.0,40.45,22.37,32.19,12.98
2014-11-17,0.0,39.15,20.78,48.4,17.58
2014-11-18,0.0,37.17,19.44,82.25,29.67
2014-11-19,0.0,33.92,19.6,84.17,35.39
2014-11-20,0.0,32.11,20.06,88.61,42.3
2014-11-21,0.0,35.5,19.07,93.42,36.28
2014-11-22,0.0,34.07,20.06,91.08,41.13
2014-11-23,0.0,34.17,20.57,84.31,39.68
2014-11-24,0.0,35.7,19.87,67.94,29.84
2014-11-25,0.0,37.56,21.57,60.51,26.42
2014-11-26,0.0,38.06,21.0,58.09,24.57
2014-11-27,0.0,34.58,19.37,54.87,25.76
2014-11-28,0.0,34.42,18.15,62.45,26.24
2014-11-29,0.0,31.31,16.45,92.8,33.96
2014-11-30,0.0,33.42,17.12,97.58,39.47
2014-12-01,0.0,33.25,17.15,83.85,38.89
2014-12-02,3.43,32.62,18.65,72.8,35.97
2014-12-03,0.0,34.34,20.22,63.27,34.42
2014-12-04,0.0,38.04,20.71,63.48,30.76
2014-12-05,0.0,38.52,21.32,54.45,28.26
2014-12-06,0.0,38.26,20.6,53.23,25.04
2014-12-07,0.0,37.29,19.6,49.17,26.7
2014-12-08,0.0,38.65,21.54,42.61,17.77
2014-12-09,0.0,36.63,20.21,36.04,16.7
2014-12-10,0.0,34.54,19.04,34.42,13.37
2014-12-11,0.0,34.68,16.81,25.35,12.21
2014-12-12,0.0,30.13,16.41,31.93,13.8
2014-12-13,0.0,31.56,13.95,34.36,15.24
2014-12-14,0.0,33.56,16.07,33.4,12.81
2014-12-15,0.0,30.95,17.25,30.98,17.12
2014-12-16,0.0,31.63,17.58,42.96,19.3
2014-12-17,0.0,32.8,15.52,47.73,18.0
2014-12-18,0.0,34.47,16.12,40.75,15.88
2014-12-19,0.0,32.71,16.44,26.68,15.35
2014-12-20,0.0,32.99,16.07,40.26,18.48
2014-12-21,0.0,33.49,15.81,40.26,16.18
2014-12-22,0.0,35.71,17.44,35.07,15.7
2014-12-23,0.0,36.04,19.77,29.86,15.25
2014-12-24,0.0,40.08,19.31,29.67,13.27
2014-12-25,0.0,39.86,21.54,31.64,13.35
2014-12-26,0.0,38.57,19.72,30.67,13.52
2014-12-27,0.0,34.65,18.32,33.79,16.27
2014-12-28,0.0,29.35,14.69,34.53,17.73
2014-12-29,0.0,29.67,12.15,38.57,16.41
2014-12-30,0.0,30.03,11.66,41.51,17.07
2014-12-31,0.0,32.16,13.63,40.9,17.09
2015-01-01,0.0,31.64,16.24,36.53,13.84
2015-01-02,0.0,31.65,15.4,26.01,11.66
2015-01-03,0.0,32.97,15.68,27.42,12.65
2015-01-04,0.0,32.78,17.89,24.77,10.3
2015-01-05,0.0,33.07,18.11,22.05,10.82
2015-01-06,0.0,33.76,16.27,27.47,12.25
2015-01-07,0.0,34.41,16.82,23.12,10.05
2015-01-08,0.0,32.37,17.42,22.75,12.1
2015-01-09,0.0,34.43,16.01,32.05,12.58
2015-01-10,0.0,37.14,18.71,26.27,13.19
2015-01-11,0.0,34.56,19.54,25.14,12.97
2015-01-12,0.0,34.59,18.56,25.21,13.74
2015-01-13,0.0,33.89,18.28,27.25,15.6
2015-01-14,0.0,36.93,18.52,27.89,10.59
2015-01-15,0.0,36.67,18.46,25.25,10.41
2015-01-16,0.0,36.92,18.67,25.63,11.41
2015-01-17,0.0,36.63,19.28,29.73,11.4
2015-01-18,0.0,33.52,16.91,39.78,17.07
2015-01-19,0.0,33.12,16.49,37.7,15.66
2015-01-20,0.0,33.16,15.69,37.76,16.05
2015-01-21,0.0,31.77,15.8,60.87,23.01
2015-01-22,0.0,32.11,16.9,44.87,18.64
2015-01-23,0.0,35.58,19.11,32.13,15.11
2015-01-24,0.0,35.47,18.79,30.93,12.91
2015-01-25,0.0,36.05,17.43,27.76,11.37
2015-01-26,0.0,34.44,17.5,24.55,10.09
2015-01-27,0.0,32.71,16.28,18.64,7.39
2015-01-28,0.0,32.82,17.18,16.06,8.34
2015-01-29,0.0,32.91,16.87,21.14,9.32
2015-01-30,0.0,34.62,16.78,22.92,10.59
2015-01-31,0.0,34.6,17.2,23.65,10.37
2015-02-01,0.0,32.95,16.08,33.55,12.64
2015-02-02,0.0,34.06,17.76,38.79,16.3
2015-02-03,0.0,35.09,18.5,69.76,24.35
2015-02-04,0.0,34.33,17.39,55.5,20.12
2015-02-05,0.0,36.77,18.61,45.58,18.86
2015-02-06,0.0,37.44,19.4,41.21,15.91
2015-02-07,0.0,40.91,20.37,31.67,10.41
2015-02-08,0.0,39.47,20.38,36.72,13.41
2015-02-09,0.0,34.3,17.83,67.82,26.13
2015-02-10,0.0,35.3,18.61,63.21,26.54
2015-02-11,0.0,35.81,18.62,60.07,25.61
2015-02-12,0.0,38.01,19.45,56.47,17.34
2015-02-13,0.0,37.64,19.3,44.57,15.42
2015-02-14,0.0,36.67,21.13,41.46,16.49
2015-02-15,0.0,37.65,20.43,35.09,14.38
2015-02-16,0.0,38.62,20.85,30.41,13.28
2015-02-17,0.0,38.8,21.53,29.03,13.96
2015-02-18,0.0,37.89,21.31,36.75,19.03
2015-02-19,0.0,33.78,19.89,52.26,26.34
2015-02-20,0.0,30.27,16.02,57.11,24.83
2015-02-21,0.0,30.79,14.82,58.21,21.7
2015-02-22,0.0,33.09,15.12,47.96,16.85
2015-02-23,0.0,36.46,16.76,32.87,14.99
2015-02-24,0.0,38.79,18.25,31.12,11.57
2015-02-25,0.0,38.96,19.02,24.3,9.69
2015-02-26,0.0,38.2,19.42,28.82,11.52
2015-02-27,0.0,35.05,19.92,25.3,8.89
2015-02-28,0.0,35.24,18.08,20.33,9.5
2015-03-01,0.0,36.99,17.97,24.25,9.57
2015-03-02,0.0,37.96,17.94,23.78,9.69
2015-03-03,0.0,38.02,20.02,28.54,11.73
2015-03-04,0.0,39.79,19.56,26.42,11.18
2015-03-05,0.0,40.9,19.93,28.4,9.24
2015-03-06,0.0,40.09,19.54,42.02,10.13
2015-03-07,0.0,42.3,19.9,48.2,10.75
2015-03-08,0.0,37.41,19.63,66.87,23.22
2015-03-09,0.0,33.26,19.15,77.22,36.72
2015-03-10,0.0,33.9,17.56,78.35,25.49
2015-03-11,0.0,37.65,18.32,62.78,25.91
2015-03-12,0.0,41.77,21.44,43.87,10.64
2015-03-13,0.0,42.78,23.53,29.71,11.63
2015-03-14,0.0,41.47,24.68,28.15,10.92
2015-03-15,0.0,40.25,23.88,21.89,9.03
2015-03-16,0.0,40.88,21.62,28.82,10.59
2015-03-17,0.0,40.24,20.03,47.8,16.15
2015-03-18,0.0,36.87,21.12,81.13,18.53
2015-03-19,0.0,34.25,18.2,91.21,24.57
2015-03-20,0.0,37.19,19.16,39.99,15.69
2015-03-21,0.0,34.08,20.05,57.35,21.09
2015-03-22,0.0,33.64,18.9,67.78,30.51
2015-03-23,0.0,32.76,18.33,69.75,26.6
2015-03-24,0.0,34.01,16.83,81.88,19.67
2015-03-25,0.0,36.02,16.8,56.8,17.0
2015-03-26,0.0,37.0,19.98,38.1,15.13
2015-03-27,0.0,41.24,22.39,31.91,11.81
2015-03-28,0.0,42.87,23.5,28.41,10.58
2015-03-29,0.0,39.98,23.8,21.06,9.48
2015-03-30,0.0,39.11,20.85,27.12,8.38
2015-03-31,0.0,40.05,20.63,23.41,8.16
2015-04-01,0.0,42.05,21.21,20.61,7.54
2015-04-02,0.0,43.9,22.31,21.29,7.94
2015-04-03,0.0,43.94,23.29,22.89,8.13
2015-04-04,0.0,43.6,22.63,40.59,9.57
2015-04-05,0.0,42.24,20.79,62.35,11.6
2015-04-06,0.0,40.96,20.62,62.86,14.84
2015-04-07,0.0,40.96,20.57,52.85,13.66
2015-04-08,0.0,42.87,21.17,49.9,10.42
2015-04-09,0.0,43.98,23.83,36.92,10.1
2015-04-10,0.0,45.49,26.56,31.08,9.02
2015-04-11,0.0,45.51,25.34,28.27,9.86
2015-04-12,0.0,45.96,24.77,37.38,8.29
2015-04-13,0.0,44.85,24.28,41.15,9.62
2015-04-14,0.0,39.66,23.71,62.88,27.83
2015-04-15,0.0,43.92,23.28,59.84,17.16
2015-04-16,0.0,42.91,22.6,55.72,17.19
2015-04-17,0.0,40.26,20.91,70.03,25.43
2015-04-18,0.0,40.91,21.29,67.1,19.46
2015-04-19,0.0,40.99,20.62,66.82,18.1
2015-04-20,0.0,40.71,20.19,66.71,20.79
2015-04-21,0.0,41.28,21.06,65.32,19.04
2015-04-22,0.0,42.65,21.0,66.15,13.72
2015-04-23,0.0,45.01,22.56,47.6,8.21
2015-04-24,0.0,44.76,22.44,51.21,7.8
2015-04-25,0.0,41.97,22.31,54.29,17.11
2015-04-26,0.0,40.07,21.2,67.39,23.86
2015-04-27,0.0,39.33,20.97,63.29,27.52
2015-04-28,0.0,39.74,20.67,82.11,29.07
2015-04-29,0.0,41.94,22.39,74.74,26.81
2015-04-30,0.0,43.01,23.06,63.03,14.43
2015-05-01,0.0,42.33,23.55,55.82,17.85
2015-05-02,0.0,41.04,22.72,67.81,20.09
2015-05-03,0.0,42.48,22.7,66.02,13.35
2015-05-04,0.0,43.28,23.67,45.85,9.21
2015-05-05,0.0,43.36,24.41,43.65,11.78
2015-05-06,0.0,40.27,22.1,69.29,24.93
2015-05-07,0.0,39.0,22.16,86.49,31.77
2015-05-08,0.0,43.49,23.47,70.08,24.38
2015-05-09,0.0,40.73,24.07,77.91,35.13
2015-05-10,0.0,39.32,22.02,90.34,34.05
2015-05-11,0.0,40.06,23.13,77.12,31.93
2015-05-12,0.0,40.78,22.66,77.11,26.99
2015-05-13,0.0,40.26,22.34,78.2,26.78
2015-05-14,0.0,41.97,23.38,72.35,21.51
2015-05-15,0.0,43.07,23.79,69.43,20.47
2015-05-16,0.0,42.07,23.73,69.61,26.14
2015-05-17,0.0,41.27,24.34,81.15,32.25
2015-05-18,0.0,41.4,24.71,81.41,29.09
2015-05-19,0.0,40.19,24.64,74.09,30.36
2015-05-20,0.0,41.86,23.19,73.48,21.64
2015-05-21,0.0,42.67,23.47,72.07,20.39
2015-05-22,0.0,42.38,24.13,68.07,16.43
2015-05-23,0.0,42.07,24.43,52.45,12.14
2015-05-24,0.0,42.61,23.48,58.54,14.47
2015-05-25,0.0,42.99,23.7,50.0,11.08
2015-05-26,0.0,43.67,24.36,36.46,10.41
2015-05-27,0.0,42.69,24.29,38.82,10.95
2015-05-28,0.0,41.47,22.08,68.47,13.66
2015-05-29,0.0,43.59,22.88,64.72,12.62
2015-05-30,0.0,42.74,23.08,82.85,20.77
2015-05-31,0.0,44.22,24.54,70.04,16.46
2015-06-01,0.0,43.02,26.24,71.68,21.56
2015-06-02,0.0,39.49,24.57,88.72,33.57
2015-06-03,0.0,41.24,24.1,59.47,14.19
2015-06-04,0.0,37.31,21.31,73.32,26.21
2015-06-05,0.0,37.31,21.68,74.62,26.16
2015-06-06,0.0,37.92,23.03,73.16,29.52
2015-06-07,0.0,40.01,23.94,68.3,22.75
2015-06-08,0.0,44.17,23.4,73.19,17.44
2015-06-09,0.0,39.68,24.92,80.09,34.52
2015-06-10,0.0,39.57,25.69,80.46,34.59
2015-06-11,0.0,40.58,25.27,84.62,30.99
2015-06-12,0.0,42.1,25.26,76.12,28.16
2015-06-13,0.0,40.77,25.91,71.53,26.36
2015-06-14,0.0,40.34,25.15,76.75,31.61
2015-06-15,0.0,39.84,26.48,86.09,33.98
2015-06-16,0.0,39.78,26.33,89.81,37.02
2015-06-17,0.0,38.01,24.54,94.12,39.42
2015-06-18,0.0,39.06,23.7,87.8,29.41
2015-06-19,0.0,37.99,23.95,85.29,37.46
2015-06-20,0.0,38.39,24.0,86.93,37.98
2015-06-21,0.0,39.77,25.04,91.49,37.13
2015-06-22,0.0,38.6,23.95,95.55,37.78
2015-06-23,0.0,39.31,23.55,91.22,35.02
2015-06-24,0.0,38.64,24.51,89.87,38.01
2015-06-25,0.0,37.98,25.08,90.6,40.21
2015-06-26,0.0,39.35,22.99,90.56,28.32
2015-06-27,0.0,39.83,23.15,86.9,27.04
2015-06-28,0.0,38.32,23.29,88.1,36.0
2015-06-29,0.0,39.33,24.98,89.22,35.4
2015-06-30,0.0,37.14,23.37,94.39,51.22
2015-07-01,0.0,37.93,25.01,86.27,39.88
2015-07-02,0.26,39.43,25.25,80.97,33.65
2015-07-03,0.0,39.58,25.53,79.76,32.3
2015-07-04,0.0,38.55,25.63,74.01,35.25
2015-07-05,0.0,38.64,25.35,81.17,36.35
2015-07-06,0.0,39.21,25.6,80.58,35.98
2015-07-07,8.66,38.48,24.94,84.56,35.46
2015-07-08,6.71,35.67,24.27,96.67,57.71
2015-07-09,0.0,31.86,25.09,96.05,67.45
2015-07-10,0.76,33.33,24.67,97.04,61.08
2015-07-11,0.04,35.72,24.87,97.09,49.97
2015-07-12,9.04,35.06,25.66,95.87,53.38
2015-07-13,0.0,35.78,24.58,95.0,51.6
2015-07-14,4.68,36.52,24.6,90.41,47.82
2015-07-15,0.51,37.54,24.07,84.44,38.22
2015-07-16,0.0,39.1,25.88,77.83,33.87
2015-07-17,0.0,37.95,26.13,80.27,40.03
2015-07-18,0.0,39.57,26.75,84.82,38.22
2015-07-19,0.0,38.82,25.3,84.74,29.81
2015-07-20,0.0,38.74,24.32,78.33,33.66
2015-07-21,0.0,38.11,24.92,76.24,37.52
2015-07-22,0.0,37.31,23.88,80.92,35.18
2015-07-23,0.0,37.81,24.52,76.68,33.73
2015-07-24,0.0,37.85,25.48,81.54,42.25
2015-07-25,5.95,34.78,25.13,96.7,60.23
2015-07-26,0.0,31.97,24.06,96.49,69.98
2015-07-27,0.0,32.79,24.24,96.52,66.91
2015-07-28,0.0,31.1,23.73,97.55,72.57
2015-07-29,1.47,30.94,24.09,96.25,73.3
2015-07-30,1.54,30.45,24.05,97.02,76.78
2015-07-31,10.05,30.26,23.7,98.55,73.61
2015-08-01,31.44,30.07,23.94,98.9,75.44
2015-08-02,2.34,32.15,23.19,99.18,67.8
2015-08-03,0.0,33.44,24.06,98.84,63.75
2015-08-04,0.0,33.91,23.88,93.94,55.09
2015-08-05,0.01,34.27,24.42,95.4,59.18
2015-08-06,0.04,33.17,25.3,95.71,62.12
2015-08-07,0.0,34.34,24.95,95.23,52.15
2015-08-08,40.06,33.95,24.03,87.65,57.51
2015-08-09,14.96,30.2,23.98,99.09,76.05
2015-08-10,0.0,32.03,23.92,98.55,68.66
2015-08-11,0.1,33.08,24.17,98.62,66.79
2015-08-12,5.91,30.65,24.4,98.51,75.35
2015-08-13,0.0,32.07,24.33,97.76,70.29
2015-08-14,0.15,33.19,25.01,97.19,69.94
2015-08-15,6.4,34.22,25.0,97.85,65.11
2015-08-16,8.64,32.74,24.88,97.56,72.09
2015-08-17,22.62,29.45,24.02,99.43,79.61
2015-08-18,0.0,31.31,23.98,99.22,73.06
2015-08-19,16.96,31.86,24.75,98.83,74.52
2015-08-20,22.53,29.32,23.97,99.57,84.56
2015-08-21,3.54,31.24,24.1,98.86,76.16
2015-08-22,0.09,32.64,24.8,98.67,68.52
2015-08-23,2.67,30.14,23.84,98.8,73.73
2015-08-24,0.0,32.86,23.2,99.09,65.23
2015-08-25,20.56,33.43,24.0,99.16,70.05
2015-08-26,0.0,30.99,24.04,98.74,74.73
2015-08-27,3.89,33.0,24.09,99.08,63.0
2015-08-28,0.04,33.33,23.39,97.84,65.64
2015-08-29,0.0,33.19,24.36,98.77,66.69
2015-08-30,4.72,31.91,24.21,98.89,64.5
2015-08-31,8.84,31.32,22.84,99.27,69.73
2015-09-01,15.23,29.04,23.01,99.19,81.51
2015-09-02,0.0,31.24,23.66,99.31,75.81
2015-09-03,16.93,32.8,24.62,99.15,70.93
2015-09-04,14.26,32.14,24.32,99.2,75.61
2015-09-05,0.07,32.28,23.79,99.19,71.19
2015-09-06,6.56,31.58,23.55,99.3,74.82
2015-09-07,6.74,29.86,23.25,99.71,79.73
2015-09-08,0.0,31.21,23.34,98.7,74.89
2015-09-09,3.43,32.98,23.97,98.76,67.67
2015-09-10,1.04,31.71,24.12,98.98,74.82
2015-09-11,5.23,33.14,24.44,98.95,66.83
2015-09-12,5.81,32.24,23.75,99.11,72.47
2015-09-13,0.15,31.54,23.83,98.22,75.7
2015-09-14,0.12,33.24,24.33,98.62,67.2
2015-09-15,6.13,33.15,24.38,98.94,66.15
2015-09-16,0.0,32.59,23.46,98.12,69.76
2015-09-17,0.0,33.4,23.61,98.8,67.63
2015-09-18,0.0,33.47,23.0,98.8,56.52
2015-09-19,0.0,35.01,23.91,82.63,54.59
2015-09-20,0.98,32.46,24.38,97.27,70.39
2015-09-21,1.81,29.95,24.04,98.02,79.78
2015-09-22,0.61,30.86,23.39,98.86,73.28
2015-09-23,0.0,31.31,23.24,98.11,73.72
2015-09-24,2.07,31.8,22.93,98.78,73.06
2015-09-25,0.0,33.28,23.81,99.03,70.34
2015-09-26,14.44,33.37,24.41,98.63,69.89
2015-09-27,0.0,31.99,23.81,98.54,73.32
2015-09-28,4.91,29.74,23.53,99.03,78.95
2015-09-29,5.92,31.4,23.36,98.79,72.61
2015-09-30,0.12,30.96,23.45,98.51,74.12
2015-10-01,0.0,33.49,23.34,97.21,68.08
2015-10-02,0.0,34.24,23.96,97.65,68.21
2015-10-03,0.42,34.1,24.26,97.05,70.55
2015-10-04,0.09,34.06,23.6,98.18,71.44
2015-10-05,0.0,35.13,24.48,98.79,67.44
2015-10-06,6.25,32.88,23.93,97.98,74.64
2015-10-07,0.0,29.88,22.47,98.46,78.15
2015-10-08,0.0,33.14,22.61,97.51,67.95
2015-10-09,0.0,33.93,23.15,98.02,68.73
2015-10-10,0.0,33.9,23.46,97.88,58.22
2015-10-11,0.0,34.13,22.85,97.79,64.07
2015-10-12,0.0,34.38,23.45,98.34,64.84
2015-10-13,0.36,32.41,23.73,97.15,74.17
2015-10-14,0.84,31.76,23.2,96.32,73.0
2015-10-15,0.93,32.3,22.98,98.5,73.32
2015-10-16,0.0,33.24,22.96,98.28,71.02
2015-10-17,0.0,33.45,22.18,96.94,57.58
2015-10-18,0.0,35.36,22.92,94.55,57.52
2015-10-19,0.23,33.56,23.72,95.21,69.05
2015-10-20,1.28,32.03,23.08,93.91,70.67
2015-10-21,0.12,29.52,22.27,96.91,80.5
2015-10-22,3.86,32.22,22.17,97.11,70.18
2015-10-23,0.0,31.12,22.45,97.72,76.74
2015-10-24,1.24,32.97,22.51,97.43,68.38
2015-10-25,0.0,32.4,22.71,95.63,68.32
2015-10-26,0.01,32.15,22.44,94.45,58.37
2015-10-27,0.0,32.0,21.76,95.09,60.43
2015-10-28,0.0,34.28,22.68,95.97,52.26
2015-10-29,0.0,34.34,22.76,95.68,54.71
2015-10-30,0.02,34.3,22.84,95.8,55.55
2015-10-31,0.0,33.74,22.84,96.37,64.24
2015-11-01,0.0,34.88,21.45,94.72,68.8
2015-11-02,0.0,32.97,21.7,96.08,81.5
2015-11-03,0.0,32.24,21.67,94.56,77.17
2015-11-04,0.0,35.76,22.01,95.98,61.82
2015-11-05,0.0,35.74,21.9,91.76,49.82
2015-11-06,0.0,35.55,21.07,86.58,51.57
2015-11-07,0.0,35.92,21.27,88.8,46.67
2015-11-08,0.0,35.88,20.53,86.46,43.52
2015-11-09,0.0,36.04,20.89,87.77,39.62
2015-11-10,0.0,35.91,20.71,79.34,37.39
2015-11-11,0.0,35.47,20.13,86.22,42.4
2015-11-12,0.0,34.04,20.93,90.89,56.98
2015-11-13,0.0,34.32,21.22,89.79,55.82
2015-11-14,0.0,36.61,22.82,77.28,41.87
2015-11-15,0.0,35.83,22.45,84.8,34.14
2015-11-16,0.0,34.39,18.84,56.88,24.4
2015-11-17,0.0,32.9,17.77,57.29,28.59
2015-11-18,0.0,34.39,17.67,65.08,29.7
2015-11-19,0.0,33.3,18.71,63.8,29.25
2015-11-20,0.0,34.77,18.34,59.23,26.35
2015-11-21,0.0,35.41,18.7,54.79,23.72
2015-11-22,0.0,32.73,20.16,53.03,28.68
2015-11-23,0.0,35.78,18.22,55.81,23.73
2015-11-24,0.0,34.78,17.62,59.72,27.04
2015-11-25,0.0,34.05,18.22,57.75,27.12
2015-11-26,0.0,34.79,19.75,52.39,25.6
2015-11-27,0.0,35.36,19.12,54.83,24.82
2015-11-28,0.0,36.28,20.29,53.76,24.44
2015-11-29,0.0,34.43,19.33,40.95,15.7
2015-11-30,0.0,32.8,18.73,30.7,16.04
2015-12-01,0.0,32.88,17.52,35.53,20.52
2015-12-02,0.0,34.08,16.84,48.13,24.73
2015-12-03,0.0,36.37,18.78,51.78,23.53
2015-12-04,0.0,36.3,18.43,47.9,26.7
2015-12-05,0.0,35.6,18.42,49.07,22.91
2015-12-06,0.0,34.88,16.93,49.06,22.8
2015-12-07,0.0,35.55,17.73,51.98,23.19
2015-12-08,0.0,35.69,18.58,60.52,24.15
2015-12-09,0.0,35.5,17.24,49.01,21.78
2015-12-10,0.0,35.5,17.81,48.74,21.16
2015-12-11,0.0,33.99,19.54,38.26,20.49
2015-12-12,0.0,34.41,17.92,41.56,19.86
2015-12-13,0.0,34.16,17.32,42.76,19.04
2015-12-14,0.0,34.84,17.37,46.64,21.65
2015-12-15,0.0,36.39,19.04,52.83,20.14
2015-12-16,0.0,35.49,18.88,37.78,18.97
2015-12-17,0.0,31.5,16.66,45.83,22.29
2015-12-18,0.0,33.87,15.1,45.3,20.98
2015-12-19,0.0,34.8,16.56,42.91,19.66
2015-12-20,0.0,33.21,15.87,41.47,22.19
2015-12-21,0.0,34.85,16.19,45.54,20.32
2015-12-22,0.0,35.73,16.91,52.28,22.02
2015-12-23,0.0,35.74,17.41,48.78,21.49
2015-12-24,0.0,34.13,17.85,40.71,19.58
2015-12-25,0.0,35.76,18.88,37.06,18.91
2015-12-26,0.0,34.69,18.88,35.36,16.82
2015-12-27,0.0,33.68,20.46,35.42,17.47
2015-12-28,0.0,30.08,16.56,80.91,37.78
2015-12-29,0.0,31.41,17.98,40.66,21.38
2015-12-30,0.0,33.57,17.11,37.87,19.57
2015-12-31,0.0,33.95,17.29,40.53,20.95
2016-01-01,0.0,35.0,18.84,40.46,21.21
2016-01-02,0.0,33.82,19.04,38.89,22.09
2016-01-03,0.05,33.07,19.92,36.67,23.69
2016-01-04,0.0,34.25,19.6,49.41,19.2
2016-01-05,0.0,30.37,16.12,85.48,48.18
2016-01-06,0.0,32.9,15.83,89.75,35.57
2016-01-07,0.0,33.72,16.66,78.54,33.71
2016-01-08,0.0,35.28,17.62,71.35,27.27
2016-01-09,0.0,36.68,18.21,64.68,26.48
2016-01-10,0.0,37.7,19.43,62.28,28.34
2016-01-11,0.0,37.82,19.91,57.89,22.38
2016-01-12,0.0,38.06,20.53,40.17,19.25
2016-01-13,0.0,39.45,22.22,36.91,16.95
2016-01-14,0.0,39.3,20.97,37.12,13.51
2016-01-15,0.0,38.59,20.27,32.3,14.56
2016-01-16,0.0,38.37,18.66,32.19,14.2
2016-01-17,0.0,37.9,18.69,31.78,14.88
2016-01-18,0.0,38.1,18.59,36.23,15.98
2016-01-19,0.0,38.09,18.79,37.47,16.7
2016-01-20,0.0,38.62,18.96,35.87,14.32
2016-01-21,0.0,38.28,21.59,33.55,13.93
2016-01-22,0.0,37.84,19.68,39.64,13.45
2016-01-23,0.0,37.76,19.23,30.0,15.42
2016-01-24,0.0,37.1,19.74,31.44,14.1
2016-01-25,0.0,37.64,19.36,29.64,12.65
2016-01-26,0.0,36.15,20.55,28.14,14.18
2016-01-27,0.0,36.56,20.42,23.79,15.46
2016-01-28,0.0,37.15,19.79,43.2,20.48
2016-01-29,0.0,36.89,18.27,51.5,19.84
2016-01-30,0.0,36.68,18.6,43.28,14.94
2016-01-31,0.0,36.61,18.63,30.11,14.07
2016-02-01,0.0,33.79,19.21,30.56,15.67
2016-02-02,0.0,32.03,17.15,33.17,15.67
2016-02-03,0.0,34.24,16.94,35.09,15.9
2016-02-04,0.0,36.39,17.63,31.31,14.35
2016-02-05,0.0,37.7,18.67,29.23,12.94
2016-02-06,0.0,38.4,19.5,28.51,12.05
2016-02-07,0.0,38.73,20.2,28.08,10.55
2016-02-08,0.0,37.8,21.6,24.55,11.56
2016-02-09,0.0,36.45,20.52,25.97,13.91
2016-02-10,0.0,35.53,18.9,34.34,14.12
2016-02-11,0.0,37.67,19.15,30.98,11.8
2016-02-12,0.0,37.24,20.17,28.81,11.54
2016-02-13,0.0,36.42,18.57,31.87,11.09
2016-02-14,0.0,38.5,19.6,27.72,11.11
2016-02-15,0.0,35.93,18.58,28.21,12.83
2016-02-16,0.0,33.87,18.1,50.61,19.94
2016-02-17,0.0,31.42,16.41,44.48,20.59
2016-02-18,0.0,34.03,16.67,38.71,14.35
2016-02-19,0.0,32.15,15.52,26.73,12.94
2016-02-20,0.0,28.76,15.68,52.23,18.74
2016-02-21,0.0,33.91,16.4,41.46,18.69
2016-02-22,0.0,36.05,19.18,35.61,14.73
2016-02-23,0.0,39.41,20.18,29.93,12.14
2016-02-24,0.0,38.76,20.92,27.81,13.2
2016-02-25,0.0,40.85,21.64,27.01,11.07
2016-02-26,0.0,40.99,21.68,24.49,11.2
2016-02-27,0.0,39.24,21.78,25.46,10.67
2016-02-28,0.0,34.05,19.79,37.85,12.84
2016-02-29,0.0,33.58,18.88,50.61,24.34
2016-03-01,0.0,35.38,21.22,47.44,23.54
2016-03-02,0.0,39.68,21.71,40.38,17.68
2016-03-03,0.0,39.36,21.63,25.88,9.33
2016-03-04,0.0,39.66,21.44,21.79,9.1
2016-03-05,0.0,41.7,23.0,21.16,9.27
2016-03-06,0.0,39.98,23.5,23.35,11.65
2016-03-07,0.0,40.01,22.33,42.24,17.27
2016-03-08,0.0,38.91,21.12,41.15,18.09
2016-03-09,0.0,38.44,21.17,41.01,18.29
2016-03-10,0.0,38.32,19.97,51.79,19.7
2016-03-11,0.0,36.41,18.22,68.89,19.76
2016-03-12,0.0,37.92,18.56,46.71,15.73
2016-03-13,0.0,36.73,18.33,55.52,20.37
2016-03-14,0.0,34.55,17.21,89.0,33.89
2016-03-15,0.0,36.37,18.56,88.36,36.44
2016-03-16,0.0,41.51,21.7,72.05,15.19
2016-03-17,0.0,41.67,21.39,49.25,14.64
2016-03-18,0.0,41.06,20.59,50.81,13.23
2016-03-19,0.0,41.92,20.37,46.1,8.8
2016-03-20,0.0,38.16,19.76,60.03,12.95
2016-03-21,0.0,38.45,19.4,66.66,15.93
2016-03-22,0.0,37.22,21.48,41.13,18.54
2016-03-23,0.0,36.63,21.56,32.85,16.06
2016-03-24,0.0,35.3,20.06,34.31,15.26
2016-03-25,0.0,35.7,20.54,41.75,19.7
2016-03-26,0.0,38.47,19.96,32.86,12.6
2016-03-27,0.0,38.98,20.87,26.16,12.39
2016-03-28,0.0,40.46,20.94,23.67,11.49
2016-03-29,0.0,41.31,21.12,27.71,11.57
2016-03-30,0.0,35.47,18.69,65.45,27.53
2016-03-31,0.0,34.13,17.4,74.22,24.72
2016-04-01,0.0,36.51,17.96,81.54,21.64
2016-04-02,0.0,38.07,20.15,57.56,23.66
2016-04-03,0.0,36.26,18.89,70.62,25.89
2016-04-04,0.0,41.42,21.33,58.71,15.99
2016-04-05,0.0,40.91,22.77,38.03,15.79
2016-04-06,0.0,38.88,20.94,60.81,19.94
2016-04-07,0.0,36.8,18.66,86.66,27.25
2016-04-08,0.0,33.62,18.73,79.66,34.89
2016-04-09,0.0,35.98,18.36,81.4,29.39
2016-04-10,0.0,35.7,17.75,83.31,29.87
2016-04-11,0.0,36.53,18.86,84.68,30.86
2016-04-12,0.0,42.13,21.28,63.44,16.53
2016-04-13,0.0,45.01,23.69,43.15,12.3
2016-04-14,0.0,46.12,27.24,27.65,11.34
2016-04-15,0.0,45.06,26.52,40.64,15.59
2016-04-16,0.0,44.86,26.82,53.57,18.65
2016-04-17,0.0,45.63,27.63,44.56,18.58
2016-04-18,0.0,45.37,27.97,40.7,20.37
2016-04-19,0.0,44.78,24.67,60.59,20.63
2016-04-20,0.0,46.34,26.28,44.78,17.87
2016-04-21,0.0,46.6,26.67,40.94,14.1
2016-04-22,0.0,47.71,27.65,38.39,10.52
2016-04-23,0.0,42.18,25.35,51.65,22.41
2016-04-24,0.0,37.92,22.12,66.21,34.93
2016-04-25,0.0,39.3,22.28,77.29,31.87
2016-04-26,0.0,39.85,21.93,73.58,29.15
2016-04-27,0.0,39.96,22.66,62.78,28.39
2016-04-28,0.0,38.96,22.11,75.27,28.53
2016-04-29,0.0,39.28,21.17,71.05,24.19
2016-04-30,0.0,41.46,22.26,60.36,21.79
2016-05-01,0.0,44.68,24.56,54.1,15.01
2016-05-02,0.0,44.01,24.57,48.88,18.46
2016-05-03,0.0,41.15,24.61,60.46,24.62
2016-05-04,0.0,40.68,22.91,62.8,22.61
2016-05-05,0.0,40.4,23.0,56.49,21.85
2016-05-06,0.0,39.96,22.67,61.43,22.36
2016-05-07,0.0,39.09,22.04,68.49,26.47
2016-05-08,0.0,38.99,23.15,67.59,27.68
2016-05-09,0.0,40.56,22.72,60.08,23.79
2016-05-10,0.0,40.1,22.76,66.24,23.47
2016-05-11,0.0,40.55,23.22,65.43,26.24
2016-05-12,0.0,42.25,24.15,66.2,21.45
2016-05-13,0.0,44.16,24.29,62.21,16.51
2016-05-14,0.0,44.42,24.73,48.7,18.71
2016-05-15,0.0,42.91,24.07,60.57,19.46
2016-05-16,0.0,39.65,23.0,67.48,24.98
2016-05-17,0.0,40.71,20.58,73.22,19.49
2016-05-18,0.0,43.4,21.43,74.98,16.48
2016-05-19,0.0,40.92,23.2,65.45,26.4
2016-05-20,0.0,39.51,21.59,73.44,25.07
2016-05-21,0.0,37.84,20.46,77.42,27.93
2016-05-22,0.0,38.32,21.39,68.01,27.03
2016-05-23,0.0,40.46,23.64,65.02,22.32
2016-05-24,0.0,38.97,22.8,65.47,26.62
2016-05-25,0.0,39.61,21.34,67.81,23.84
2016-05-26,0.0,38.79,21.17,73.05,28.53
2016-05-27,0.21,39.55,21.78,84.07,29.44
2016-05-28,0.0,40.74,23.76,69.3,25.58
2016-05-29,0.0,44.36,24.1,63.42,15.67
2016-05-30,0.0,45.52,27.39,35.11,14.14
2016-05-31,0.0,41.39,25.18,78.16,30.71
2016-06-01,0.04,40.7,23.78,92.63,34.26
2016-06-02,0.0,39.8,23.9,82.02,26.72
2016-06-03,0.0,43.53,25.02,65.31,24.3
2016-06-04,0.0,38.83,25.02,85.05,36.51
2016-06-05,0.0,40.35,24.5,92.6,24.64
2016-06-06,0.0,39.6,22.26,72.31,25.0
2016-06-07,0.02,41.44,23.22,66.93,22.15
2016-06-08,0.0,41.7,23.37,72.34,24.19
2016-06-09,0.0,41.59,24.41,66.22,21.55
2016-06-10,0.0,38.23,23.95,81.1,35.39
2016-06-11,0.0,37.98,24.25,77.48,33.32
2016-06-12,0.0,36.77,23.79,86.2,43.11
2016-06-13,0.0,37.56,22.06,96.46,36.37
2016-06-14,0.0,39.95,24.51,71.59,26.95
2016-06-15,0.0,38.92,24.08,73.61,33.27
2016-06-16,0.0,36.65,22.7,89.29,38.94
2016-06-17,0.0,37.37,21.56,90.21,34.74
2016-06-18,0.0,37.66,23.48,77.32,34.5
2016-06-19,0.0,40.03,25.04,82.72,33.57
2016-06-20,0.0,40.95,24.07,86.97,22.32
2016-06-21,0.0,39.37,23.12,75.9,24.28
2016-06-22,0.0,37.34,24.51,85.26,38.31
2016-06-23,0.0,37.69,23.15,89.99,38.45
2016-06-24,0.0,33.09,23.29,90.78,52.51
2016-06-25,0.0,36.91,22.14,97.16,45.35
2016-06-26,0.0,37.54,23.62,92.24,42.66
2016-06-27,0.19,39.43,24.34,90.95,38.76
2016-06-28,0.01,38.89,23.31,96.8,36.64
2016-06-29,0.0,39.03,24.76,82.26,38.9
2016-06-30,0.4,39.18,24.64,98.12,41.58
2016-07-01,0.0,36.79,24.0,96.46,47.91
2016-07-02,3.3,37.8,24.02,89.8,41.08
2016-07-03,0.0,34.23,24.33,96.1,61.87
2016-07-04,0.01,33.52,24.0,94.77,61.94
2016-07-05,0.0,34.61,23.01,95.56,55.34
2016-07-06,0.0,35.99,22.72,89.03,40.41
2016-07-07,0.0,36.23,23.51,81.75,42.46
2016-07-08,0.0,37.46,25.45,81.32,43.14
2016-07-09,0.0,36.32,23.78,96.81,46.81
2016-07-10,0.0,33.63,22.67,97.16,53.62
2016-07-11,0.0,34.43,22.76,85.13,41.23
2016-07-12,0.0,36.36,24.23,78.99,40.35
2016-07-13,0.0,35.85,24.63,84.01,41.41
2016-07-14,9.94,37.51,26.85,75.09,40.58
2016-07-15,1.47,34.61,23.9,88.37,43.34
2016-07-16,0.0,38.9,24.29,73.9,31.57
2016-07-17,0.0,39.53,25.4,72.89,33.12
2016-07-18,0.01,38.23,25.85,78.57,41.65
2016-07-19,0.0,36.92,25.92,95.18,47.23
2016-07-20,24.77,30.34,24.85,97.2,77.47
2016-07-21,6.72,28.22,23.57,98.35,84.74
2016-07-22,0.0,30.52,23.69,98.16,73.63
2016-07-23,4.02,30.76,24.0,97.48,74.62
2016-07-24,24.07,29.58,23.43,99.26,79.46
2016-07-25,19.16,30.27,23.2,99.02,76.31
2016-07-26,15.82,29.77,23.73,99.36,77.04
2016-07-27,0.2,31.35,22.8,99.43,75.44
2016-07-28,0.0,31.86,24.45,97.8,70.28
2016-07-29,15.66,30.71,24.49,99.09,75.36
2016-07-30,30.01,30.64,24.21,99.36,78.17
2016-07-31,1.75,32.44,24.08,99.09,74.5
2016-08-01,0.0,32.48,24.44,98.73,68.54
2016-08-02,0.0,32.84,24.79,98.23,67.03
2016-08-03,0.0,33.4,24.45,98.52,64.48
2016-08-04,0.0,32.36,23.54,96.3,62.09
2016-08-05,0.24,31.09,23.27,96.64,68.02
2016-08-06,2.8,32.95,23.56,97.32,61.51
2016-08-07,0.0,34.1,24.47,95.1,58.34
2016-08-08,0.0,34.15,24.04,92.46,54.19
2016-08-09,0.0,34.4,23.2,89.65,52.59
2016-08-10,1.26,34.81,24.3,88.86,50.24
2016-08-11,4.98,30.08,23.72,99.34,73.49
2016-08-12,0.08,31.66,23.68,98.34,68.93
2016-08-13,0.15,32.86,23.55,97.73,68.13
2016-08-14,0.53,33.43,24.46,98.62,63.42
2016-08-15,1.91,32.28,24.52,98.0,66.29
2016-08-16,12.76,30.05,24.0,98.4,79.35
2016-08-17,5.14,29.95,23.91,98.83,80.5
2016-08-18,0.0,32.67,24.39,99.22,67.9
2016-08-19,0.0,32.58,24.71,98.48,66.25
2016-08-20,0.03,30.86,24.32,97.46,75.1
2016-08-21,0.0,32.49,24.0,97.59,63.82
2016-08-22,13.22,34.23,24.47,97.84,61.65
2016-08-23,0.0,32.04,24.1,98.05,73.28
2016-08-24,0.0,32.98,23.86,98.21,66.7
2016-08-25,0.0,32.73,24.24,98.32,66.23
2016-08-26,0.01,31.32,24.43,98.44,71.95
2016-08-27,10.52,31.92,24.2,99.0,71.79
2016-08-28,0.0,31.91,24.44,98.39,73.36
2016-08-29,6.62,32.68,24.42,97.78,68.62
2016-08-30,0.02,30.14,23.38,97.69,76.45
2016-08-31,43.37,31.85,23.83,99.61,70.47
2016-09-01,0.39,28.19,23.39,99.67,83.05
2016-09-02,1.68,31.27,22.94,99.55,74.7
2016-09-03,11.87,32.43,23.95,99.55,76.33
2016-09-04,0.0,32.74,23.82,98.9,67.14
2016-09-05,15.36,33.88,24.06,99.5,67.41
2016-09-06,0.0,31.85,23.98,99.33,72.62
2016-09-07,0.0,32.51,23.69,99.1,68.9
2016-09-08,0.0,32.01,23.88,99.02,74.64
2016-09-09,3.58,32.23,24.41,99.19,75.46
2016-09-10,13.55,31.38,23.9,99.18,71.28
2016-09-11,11.39,30.66,23.29,99.3,73.37
2016-09-12,3.67,30.36,23.1,99.34,76.8
2016-09-13,0.2,31.06,23.33,98.64,70.45
2016-09-14,0.83,31.95,22.19,98.76,69.61
2016-09-15,0.0,32.83,23.35,98.64,65.55
2016-09-16,0.0,30.98,23.37,98.98,72.91
2016-09-17,2.52,28.88,23.2,98.91,79.9
2016-09-18,9.88,31.52,23.38,97.71,67.04
2016-09-19,0.96,31.27,23.21,98.45,73.2
2016-09-20,4.18,30.75,23.1,98.39,73.74
2016-09-21,0.0,32.97,23.09,99.37,62.6
2016-09-22,0.07,32.46,23.67,98.42,68.38
2016-09-23,0.0,32.75,24.0,98.22,66.46
2016-09-24,0.0,32.54,24.11,98.67,69.14
2016-09-25,2.98,32.65,23.97,98.45,67.16
2016-09-26,0.02,32.42,22.79,98.65,63.64
2016-09-27,1.73,32.19,23.68,98.28,67.31
2016-09-28,3.22,30.88,23.69,98.59,71.01
2016-09-29,4.29,31.82,23.62,98.99,71.95
2016-09-30,0.0,32.19,23.67,98.77,69.02
2016-10-01,0.0,33.65,23.21,98.47,67.26
2016-10-02,0.0,33.14,22.78,98.75,62.42
2016-10-03,0.0,33.76,22.37,98.2,62.25
2016-10-04,0.0,33.43,23.8,98.16,68.95
2016-10-05,0.0,32.71,23.53,97.29,72.59
2016-10-06,0.0,32.55,22.71,97.15,66.14
2016-10-07,0.0,33.7,22.41,98.11,58.71
2016-10-08,0.21,33.56,23.45,98.54,67.4
2016-10-09,0.0,34.58,23.83,98.99,61.43
2016-10-10,0.0,33.43,23.6,98.08,66.37
2016-10-11,0.0,32.16,23.7,97.98,74.81
2016-10-12,0.0,33.78,23.25,97.68,62.68
2016-10-13,0.0,33.37,22.78,95.6,53.55
2016-10-14,0.0,33.19,21.77,96.38,47.19
2016-10-15,0.0,32.41,21.36,97.94,55.47
2016-10-16,0.0,29.78,22.83,97.2,76.57
2016-10-17,4.87,31.29,22.34,96.2,73.05
2016-10-18,0.0,32.53,22.84,94.21,66.56
2016-10-19,0.0,31.23,22.45,93.82,74.97
2016-10-20,0.0,32.66,23.03,97.68,66.25
2016-10-21,0.0,32.87,22.15,98.11,56.52
2016-10-22,0.0,33.01,22.02,97.71,57.76
2016-10-23,0.02,32.0,22.33,97.06,64.01
2016-10-24,0.0,30.04,20.87,94.8,61.34
2016-10-25,0.0,31.48,21.61,98.28,59.6
2016-10-26,0.11,29.6,20.83,94.01,60.92
2016-10-27,0.0,30.18,20.73,91.65,63.36
2016-10-28,0.0,31.41,21.17,92.78,61.88
2016-10-29,0.0,32.11,22.91,90.57,67.28
2016-10-30,0.0,31.82,22.73,95.88,69.06
2016-10-31,0.0,31.41,22.45,97.7,70.26
2016-11-01,0.0,31.58,20.72,98.03,76.92
2016-11-02,0.0,30.51,20.5,95.59,81.5
2016-11-03,0.0,31.62,20.47,93.23,78.75
2016-11-04,0.0,28.03,20.08,92.31,83.73
2016-11-05,0.0,28.27,19.48,92.43,80.63
2016-11-06,0.0,28.06,18.76,91.84,79.24
2016-11-07,0.0,30.2,19.08,88.56,71.14
2016-11-08,0.0,31.54,18.74,88.01,67.03
2016-11-09,0.0,30.59,18.3,89.23,63.15
2016-11-10,0.0,29.87,17.82,88.23,60.23
2016-11-11,0.0,29.16,17.61,90.16,62.98
2016-11-12,0.0,25.97,15.08,86.26,59.95
2016-11-13,0.0,26.76,14.17,87.27,59.2
2016-11-14,0.0,29.82,16.04,91.11,62.95
2016-11-15,0.0,30.68,17.77,91.9,63.48
2016-11-16,0.0,30.17,20.04,87.55,76.73
2016-11-17,0.0,31.44,19.61,86.8,60.84
2016-11-18,0.0,31.88,19.8,88.53,58.4
2016-11-19,0.0,31.12,20.05,93.05,61.43
2016-11-20,0.0,30.15,17.8,86.59,53.07
2016-11-21,0.0,30.28,18.34,88.88,55.14
2016-11-22,0.0,31.76,18.79,89.98,58.4
2016-11-23,0.0,31.99,19.08,92.31,57.1
2016-11-24,0.0,32.2,19.74,90.5,54.5
2016-11-25,0.0,31.68,18.85,87.63,52.38
2016-11-26,0.0,32.64,18.62,87.93,47.7
2016-11-27,0.0,31.71,17.85,76.0,46.65
2016-11-28,0.0,31.1,18.36,85.49,51.12
2016-11-29,0.0,31.4,18.95,90.9,52.76
2016-11-30,0.0,30.62,18.74,91.3,52.07
2016-12-01,0.0,34.05,18.96,88.86,58.56
2016-12-02,0.0,36.67,20.01,78.35,36.51
2016-12-03,0.0,37.87,21.63,75.97,41.25
2016-12-04,0.0,38.89,21.97,83.82,37.31
2016-12-05,0.0,38.45,21.15,73.43,32.97
2016-12-06,0.0,38.95,21.64,80.48,30.84
2016-12-07,0.0,38.24,21.49,79.28,28.0
2016-12-08,0.0,37.05,19.59,65.27,27.07
2016-12-09,0.0,35.15,18.8,64.19,30.26
2016-12-10,0.0,32.44,17.24,66.45,34.74
2016-12-11,0.0,32.82,16.92,63.06,31.82
2016-12-12,0.0,34.61,17.18,60.72,28.62
2016-12-13,0.0,34.14,16.66,57.99,25.96
2016-12-14,0.0,32.34,16.05,53.25,27.15
2016-12-15,0.0,29.39,15.66,52.59,27.27
2016-12-16,0.0,29.11,14.72,51.26,26.78
2016-12-17,0.0,28.6,13.48,73.28,31.41
2016-12-18,0.0,30.01,15.3,71.24,37.95
2016-12-19,0.0,29.64,15.52,64.43,31.59
2016-12-20,0.0,30.11,16.42,55.09,29.19
2016-12-21,0.0,30.85,16.79,52.59,27.4
2016-12-22,0.0,31.99,17.0,47.13,20.4
2016-12-23,0.0,31.52,15.8,45.68,20.94
2016-12-24,0.0,32.49,16.21,43.33,21.08
2016-12-25,0.0,33.54,16.87,44.32,22.46
2016-12-26,0.0,34.14,17.82,46.69,24.21
2016-12-27,0.0,34.88,18.15,47.41,24.12
2016-12-28,0.0,34.19,17.65,50.3,26.94
2016-12-29,0.0,33.79,17.73,49.55,22.3
2016-12-30,0.0,34.38,17.15,46.09,20.71
2016-12-31,0.0,33.57,16.57,41.21,22.6
2017-01-01,0.0,34.38,17.77,48.39,24.04
2017-01-02,0.0,35.14,18.54,44.19,22.32
2017-01-03,0.0,34.45,17.34,46.04,22.82
2017-01-04,0.0,31.97,16.65,37.84,18.0
2017-01-05,0.0,31.31,14.04,41.07,17.76
2017-01-06,0.0,30.83,14.39,39.75,22.74
2017-01-07,0.0,35.5,16.21,46.21,20.18
2017-01-08,0.0,36.48,18.47,47.93,19.89
2017-01-09,0.0,33.17,19.31,38.45,18.54
2017-01-10,0.0,33.38,18.8,34.9,17.43
2017-01-11,0.0,31.47,17.62,35.09,17.15
2017-01-12,0.0,31.62,14.39,40.8,17.63
2017-01-13,0.0,32.01,14.42,33.67,15.97
2017-01-14,0.0,29.88,15.44,41.99,20.82
2017-01-15,0.0,33.43,16.05,43.15,23.48
2017-01-16,0.0,34.95,17.38,42.92,22.48
2017-01-17,0.0,36.41,17.92,40.47,21.48
2017-01-18,0.0,36.68,19.03,45.55,24.52
2017-01-19,0.0,36.98,18.16,44.42,21.77
2017-01-20,0.0,33.83,17.96,33.93,19.44
2017-01-21,0.0,33.44,17.51,44.94,25.0
2017-01-22,0.0,29.11,15.64,35.62,21.56
2017-01-23,0.0,30.93,14.56,57.93,27.72
2017-01-24,0.0,30.89,14.13,49.31,24.71
2017-01-25,0.0,33.33,14.58,45.34,18.5
2017-01-26,0.0,34.48,15.74,32.03,16.48
2017-01-27,0.0,34.36,16.84,26.55,14.68
2017-01-28,0.0,33.48,16.99,28.38,15.61
2017-01-29,0.0,33.51,16.97,27.42,12.93
2017-01-30,0.0,34.96,17.5,25.19,12.74
2017-01-31,0.0,34.85,17.13,29.48,13.64
2017-02-01,0.0,33.37,14.84,39.45,15.27
2017-02-02,0.0,31.62,15.67,56.85,18.31
2017-02-03,0.0,32.57,14.9,44.63,18.53
2017-02-04,0.0,33.92,15.44,37.61,16.61
2017-02-05,0.0,33.93,17.07,35.55,16.41
2017-02-06,0.0,34.45,16.45,32.6,15.18
2017-02-07,0.0,36.38,18.68,27.27,12.45
2017-02-08,0.0,35.51,18.26,27.77,13.51
2017-02-09,0.0,35.13,17.21,28.96,13.38
2017-02-10,0.0,36.95,18.51,28.02,12.04
2017-02-11,0.0,35.29,18.63,31.44,14.15
2017-02-12,0.0,32.23,18.39,49.69,18.87
2017-02-13,0.0,33.14,17.91,70.29,23.34
2017-02-14,0.0,36.27,19.13,56.6,19.77
2017-02-15,0.0,38.08,19.75,54.77,17.58
2017-02-16,0.0,36.42,17.92,65.87,22.19
2017-02-17,0.0,36.61,19.15,60.45,24.13
2017-02-18,0.0,38.06,19.5,61.82,23.85
2017-02-19,0.0,38.72,20.85,54.21,19.69
2017-02-20,0.0,37.54,19.74,54.08,22.31
2017-02-21,0.0,34.68,18.11,64.06,23.35
2017-02-22,0.0,36.57,17.91,59.24,19.13
2017-02-23,0.0,35.99,18.86,37.85,20.6
2017-02-24,0.0,37.24,20.78,42.66,22.09
2017-02-25,0.0,37.89,21.12,49.4,24.13
2017-02-26,0.0,38.58,21.19,53.55,24.19
2017-02-27,0.0,40.27,21.06,55.53,21.7
2017-02-28,0.0,39.93,20.89,47.11,19.72
2017-03-01,0.0,40.65,20.66,47.75,15.75
2017-03-02,0.0,41.86,22.12,46.19,14.6
2017-03-03,0.0,41.18,21.57,58.54,14.55
2017-03-04,0.0,39.72,21.87,49.11,18.1
2017-03-05,0.0,36.66,21.69,44.46,18.22
2017-03-06,0.0,39.94,20.78,33.59,15.02
2017-03-07,0.0,42.29,21.17,32.75,14.03
2017-03-08,0.0,42.46,22.69,32.45,10.09
2017-03-09,0.0,42.26,22.4,26.69,10.25
2017-03-10,0.0,42.71,22.5,24.8,10.85
2017-03-11,0.0,42.66,22.33,30.85,11.21
2017-03-12,0.0,42.27,22.42,30.03,11.82
2017-03-13,0.0,42.65,22.55,29.83,10.65
2017-03-14,0.0,41.69,22.39,27.47,11.38
2017-03-15,0.0,39.16,21.33,48.99,18.92
2017-03-16,0.0,41.04,21.11,52.89,12.15
2017-03-17,0.0,37.33,22.17,51.53,18.26
2017-03-18,0.0,34.56,19.37,70.59,28.8
2017-03-19,0.0,34.89,17.9,67.47,21.39
2017-03-20,0.0,37.56,19.4,59.04,17.67
2017-03-21,0.0,39.59,21.24,36.47,16.3
2017-03-22,0.0,41.37,22.44,39.22,17.5
2017-03-23,0.0,38.55,21.11,51.09,21.28
2017-03-24,0.0,40.33,20.4,59.27,20.04
2017-03-25,0.0,37.43,20.89,75.07,31.44
2017-03-26,0.0,39.33,20.37,74.22,25.35
2017-03-27,0.0,40.96,22.64,56.96,21.18
2017-03-28,0.0,43.09,25.65,47.15,18.61
2017-03-29,0.0,44.34,27.29,39.19,15.68
2017-03-30,0.0,42.95,24.56,45.59,17.87
2017-03-31,0.0,40.55,22.48,68.72,30.59
2017-04-01,0.0,44.21,24.12,58.69,16.49
2017-04-02,0.0,43.96,25.79,35.4,9.62
2017-04-03,0.0,41.48,21.25,55.57,9.06
2017-04-04,0.0,43.16,21.5,31.58,9.49
2017-04-05,0.0,44.59,23.51,32.66,10.04
2017-04-06,0.0,42.0,23.28,35.96,11.54
2017-04-07,0.0,40.37,21.3,42.24,14.17
2017-04-08,0.0,37.16,19.04,60.6,20.92
2017-04-09,0.0,37.24,19.8,61.96,23.56
2017-04-10,0.0,41.29,21.44,59.1,13.38
2017-04-11,0.0,43.47,24.9,34.4,11.37
2017-04-12,0.0,41.82,26.94,25.85,10.61
2017-04-13,0.0,43.03,25.3,21.61,9.86
2017-04-14,0.0,42.86,24.93,25.65,10.26
2017-04-15,0.0,42.78,24.61,27.91,11.35
2017-04-16,0.0,43.96,24.23,21.88,9.01
2017-04-17,0.0,42.39,23.19,29.76,12.62
2017-04-18,0.0,41.31,21.66,58.13,18.09
2017-04-19,0.0,38.89,20.98,68.07,27.76
2017-04-20,0.0,38.31,20.26,72.05,25.99
2017-04-21,0.0,39.72,20.34,68.48,19.24
2017-04-22,0.0,40.97,20.95,65.82,17.23
2017-04-23,0.0,41.41,21.43,57.17,15.98
2017-04-24,0.0,40.75,20.88,62.16,16.41
2017-04-25,0.0,40.22,21.13,68.59,19.9
2017-04-26,0.0,41.11,21.2,59.07,18.36
2017-04-27,0.0,40.69,23.52,51.79,17.33
2017-04-28,0.0,40.55,22.52,58.28,21.47
2017-04-29,0.0,38.89,22.06,56.73,22.61
2017-04-30,0.0,40.85,21.83,65.01,17.83
2017-05-01,0.0,42.99,23.07,58.61,17.72
2017-05-02,0.0,40.37,22.44,65.95,25.73
2017-05-03,0.0,39.34,21.19,68.0,22.34
2017-05-04,0.0,38.43,21.62,62.04,25.04
2017-05-05,0.0,40.06,20.88,63.51,21.47
2017-05-06,0.0,43.74,22.11,60.7,15.82
2017-05-07,0.0,44.51,24.5,56.55,17.1
2017-05-08,0.0,41.28,24.57,61.66,28.27
2017-05-09,0.0,39.66,23.63,82.84,37.21
2017-05-10,0.0,39.43,24.87,79.15,35.84
2017-05-11,0.0,41.45,23.58,77.19,22.84
2017-05-12,0.0,43.75,22.07,70.53,15.62
2017-05-13,0.0,41.7,23.1,65.54,25.58
2017-05-14,0.0,39.32,24.21,68.89,36.01
2017-05-15,0.0,42.01,24.49,82.56,28.47
2017-05-16,0.0,43.12,24.23,72.45,18.2
2017-05-17,0.0,41.0,23.66,76.91,31.27
2017-05-18,0.0,39.9,24.2,86.26,35.93
2017-05-19,0.0,39.89,23.48,88.54,35.06
2017-05-20,0.0,39.16,22.34,84.58,30.22
2017-05-21,0.0,41.22,23.32,70.43,24.26
2017-05-22,0.0,40.6,23.88,66.07,27.04
2017-05-23,0.0,40.61,23.17,77.72,30.96
2017-05-24,0.0,40.79,23.88,81.7,30.7
2017-05-25,0.0,44.13,23.81,72.85,18.44
2017-05-26,0.0,40.69,22.62,81.37,30.5
2017-05-27,0.0,40.83,22.99,76.04,29.51
2017-05-28,0.0,39.27,23.58,76.71,30.87
2017-05-29,0.0,40.94,23.36,71.33,30.67
2017-05-30,0.0,41.32,24.95,84.51,35.02
2017-05-31,0.0,39.72,25.15,88.23,33.81
2017-06-01,0.0,40.28,23.95,75.4,23.07
2017-06-02,0.0,40.38,23.0,76.85,19.02
2017-06-03,0.0,40.28,22.68,78.83,21.54
2017-06-04,0.0,39.14,22.08,86.41,29.01
2017-06-05,0.0,40.11,24.68,73.82,29.58
2017-06-06,0.0,39.82,24.47,78.15,30.42
2017-06-07,0.0,40.2,24.68,71.71,29.12
2017-06-08,0.0,39.46,24.48,92.29,35.42
2017-06-09,0.0,40.06,23.8,96.03,32.53
2017-06-10,0.0,40.27,24.96,95.0,33.0
2017-06-11,0.0,38.55,23.48,94.24,39.62
2017-06-12,0.0,38.37,24.53,89.12,34.98
2017-06-13,0.0,39.55,22.65,83.36,29.9
2017-06-14,0.0,39.23,23.48,80.13,26.99
2017-06-15,0.0,42.29,23.56,82.02,18.34
2017-06-16,0.28,40.48,24.23,81.43,27.78
2017-06-17,0.0,38.96,24.25,80.69,30.37
2017-06-18,0.0,39.95,25.44,72.77,31.65
2017-06-19,0.0,40.57,24.55,74.5,28.52
2017-06-20,0.0,39.24,25.13,70.03,29.99
2017-06-21,0.0,37.34,23.79,83.55,39.6
2017-06-22,0.0,36.51,24.38,97.35,46.92
2017-06-23,0.0,34.67,24.17,96.61,66.22
2017-06-24,0.0,38.1,23.17,95.63,43.23
2017-06-25,0.0,39.59,25.83,88.84,38.69
2017-06-26,65.06,36.79,24.41,95.6,49.47
2017-06-27,7.94,29.07,22.64,97.67,86.65
2017-06-28,7.91,31.0,23.25,98.41,85.9
2017-06-29,0.49,31.28,23.48,98.65,85.62
2017-06-30,11.38,32.19,24.36,96.28,76.92
2017-07-01,2.38,31.2,23.28,97.65,69.76
2017-07-02,0.4,31.43,23.0,97.85,71.63
2017-07-03,0.0,32.8,24.22,98.07,66.76
2017-07-04,0.0,31.28,24.28,95.99,61.73
2017-07-05,0.0,32.74,22.14,97.38,58.69
2017-07-06,0.02,32.36,23.9,98.65,66.95
2017-07-07,3.52,31.53,24.48,97.29,73.05
2017-07-08,11.91,31.16,24.59,97.57,78.57
2017-07-09,0.0,31.77,24.45,96.36,73.62
2017-07-10,0.0,31.26,22.8,96.68,64.7
2017-07-11,0.0,32.3,23.13,96.55,63.56
2017-07-12,0.13,31.75,24.35,96.83,68.32
2017-07-13,0.04,31.26,24.14,97.03,72.77
2017-07-14,0.0,30.29,23.62,96.85,70.05
2017-07-15,0.9,31.51,23.13,96.29,65.44
2017-07-16,0.15,31.48,24.12,95.85,70.96
2017-07-17,0.0,30.77,24.15,96.35,77.67
2017-07-18,0.0,32.75,23.61,96.7,63.52
2017-07-19,0.0,32.21,24.14,96.93,70.66
2017-07-20,0.83,31.55,25.06,96.89,71.65
2017-07-21,0.04,30.34,24.42,97.13,74.53
2017-07-22,0.0,31.27,22.77,96.27,63.8
2017-07-23,0.0,33.29,22.6,97.06,59.5
2017-07-24,3.34,33.63,23.52,93.97,59.44
2017-07-25,0.0,32.84,24.26,97.22,65.64
2017-07-26,0.0,32.76,24.35,97.45,65.16
2017-07-27,0.0,33.51,24.1,95.6,58.9
2017-07-28,0.0,34.44,24.75,92.35,60.69
2017-07-29,35.11,30.65,24.42,97.64,73.32
2017-07-30,0.66,29.92,23.71,99.69,83.36
2017-07-31,0.0,30.43,22.93,99.3,74.05
2017-08-01,1.95,33.82,23.84,99.03,59.74
2017-08-02,0.02,33.65,23.26,97.5,61.61
2017-08-03,0.0,32.43,24.14,96.69,65.44
2017-08-04,0.0,32.93,24.37,96.74,63.21
2017-08-05,0.0,32.94,23.38,97.56,59.92
2017-08-06,0.0,32.23,22.22,96.58,61.73
2017-08-07,0.0,30.57,23.78,95.58,74.33
2017-08-08,17.28,33.03,23.88,96.51,59.74
2017-08-09,0.25,30.8,23.9,98.39,75.23
2017-08-10,0.02,32.7,24.13,97.39,64.51
2017-08-11,3.42,31.06,24.34,97.27,72.94
2017-08-12,41.58,30.35,24.33,98.84,79.45
2017-08-13,2.14,31.01,23.62,99.09,72.73
2017-08-14,7.15,32.83,23.11,99.42,65.48
2017-08-15,0.0,33.82,24.34,98.12,64.15
2017-08-16,1.56,33.75,23.65,97.74,61.11
2017-08-17,0.65,33.11,24.23,96.74,65.2
2017-08-18,22.71,30.21,23.35,99.68,75.67
2017-08-19,18.81,32.74,23.16,97.88,64.53
2017-08-20,0.53,29.53,23.36,99.63,77.37
2017-08-21,0.0,32.37,23.87,99.29,68.31
2017-08-22,0.0,32.25,24.51,98.05,71.06
2017-08-23,9.09,31.43,24.49,98.21,69.65
2017-08-24,1.19,28.1,22.94,99.56,84.98
2017-08-25,0.0,32.41,23.65,99.19,68.0
2017-08-26,52.09,28.05,22.79,99.71,89.27
2017-08-27,3.85,32.44,23.14,99.36,68.64
2017-08-28,0.2,32.04,24.05,99.04,68.75
2017-08-29,0.0,31.21,24.06,98.24,73.23
2017-08-30,0.0,32.66,23.83,98.71,68.39
2017-08-31,0.9,32.23,23.5,98.33,65.5
2017-09-01,0.0,32.92,22.27,99.01,61.8
2017-09-02,0.0,32.69,22.32,98.33,62.5
2017-09-03,0.0,32.5,22.73,97.64,65.04
2017-09-04,5.39,33.42,23.57,98.49,62.26
2017-09-05,0.01,32.01,23.03,99.06,73.84
2017-09-06,0.0,33.44,24.17,99.43,68.31
2017-09-07,26.19,32.81,24.08,99.31,72.95
2017-09-08,11.6,32.18,23.15,99.74,72.03
2017-09-09,0.0,31.97,24.39,99.38,75.84
2017-09-10,0.0,32.28,23.99,97.81,71.26
2017-09-11,0.0,32.83,23.8,98.79,67.01
2017-09-12,0.0,34.04,24.24,98.41,64.48
2017-09-13,0.0,32.44,25.03,97.33,73.14
2017-09-14,0.0,32.18,23.95,96.55,71.08
2017-09-15,0.0,32.43,23.71,99.06,66.98
2017-09-16,0.0,32.86,22.75,98.54,64.58
2017-09-17,0.0,33.09,23.03,95.88,64.49
2017-09-18,32.26,32.56,23.95,99.47,70.37
2017-09-19,0.0,32.77,23.18,99.31,69.02
2017-09-20,0.0,33.72,24.61,98.28,63.23
2017-09-21,0.0,34.49,22.91,95.82,44.87
2017-09-22,0.0,32.14,22.49,91.72,56.09
2017-09-23,0.09,33.37,23.12,90.46,56.74
2017-09-24,25.18,30.01,23.76,99.42,80.8
2017-09-25,2.73,29.72,23.09,99.58,78.18
2017-09-26,0.0,32.35,23.83,98.99,68.44
2017-09-27,0.0,34.3,23.5,99.27,61.4
2017-09-28,0.0,34.33,24.27,99.22,63.97
2017-09-29,0.0,33.65,24.21,99.32,67.64
2017-09-30,0.0,33.69,23.68,99.02,65.67
2017-10-01,0.0,34.42,23.61,99.26,70.27
2017-10-02,3.34,34.55,23.88,97.18,69.8
2017-10-03,0.0,33.56,22.09,97.84,63.99
2017-10-04,4.0,30.56,21.81,99.06,75.3
2017-10-05,0.0,33.5,22.6,99.09,67.8
2017-10-06,0.0,34.49,22.62,97.8,52.39
2017-10-07,0.0,35.96,22.33,95.95,49.34
2017-10-08,0.0,33.84,23.3,98.61,69.17
2017-10-09,0.0,35.05,23.23,99.08,56.5
2017-10-10,0.0,34.83,22.17,99.08,47.22
2017-10-11,13.01,36.06,23.02,98.3,55.74
2017-10-12,0.0,33.52,22.81,99.28,70.08
2017-10-13,0.0,34.43,23.08,99.25,66.15
2017-10-14,0.0,36.01,23.32,97.72,50.82
2017-10-15,0.0,36.1,24.02,98.17,59.93
2017-10-16,0.0,33.82,23.69,97.13,69.88
2017-10-17,0.0,33.45,22.71,95.6,66.53
2017-10-18,0.0,37.02,23.22,97.54,44.85
2017-10-19,0.0,37.69,24.54,85.2,41.53
2017-10-20,0.0,37.67,23.89,91.53,43.8
2017-10-21,0.0,38.0,24.0,96.52,35.85
2017-10-22,0.0,38.5,23.83,66.54,26.1
2017-10-23,0.0,38.85,24.16,63.52,33.07
2017-10-24,0.0,38.45,23.95,91.95,34.09
2017-10-25,0.0,38.19,23.32,77.77,25.41
2017-10-26,0.0,38.57,22.9,64.61,28.92
2017-10-27,0.0,39.43,23.21,78.93,30.16
2017-10-28,0.0,40.54,24.02,88.27,24.02
2017-10-29,0.0,39.24,23.97,89.69,30.93
2017-10-30,0.0,39.13,24.44,99.78,32.53
2017-10-31,0.0,39.61,24.02,88.28,27.51
2017-11-01,0.0,41.41,22.52,72.69,23.71
2017-11-02,0.0,41.51,22.76,65.96,19.81
2017-11-03,0.0,40.75,22.62,74.8,23.49
2017-11-04,0.0,40.37,21.37,82.27,14.8
2017-11-05,0.0,38.31,20.72,48.74,16.89
2017-11-06,0.0,37.42,20.14,86.07,24.89
2017-11-07,0.0,35.97,20.82,91.31,37.65
2017-11-08,0.0,34.89,20.61,93.79,38.65
2017-11-09,0.0,39.35,21.14,74.84,23.39
2017-11-10,0.0,38.96,21.55,79.88,28.52
2017-11-11,0.0,39.98,22.36,80.49,21.15
2017-11-12,0.0,36.88,20.55,42.61,19.37
2017-11-13,0.0,34.47,18.28,42.06,19.9
2017-11-14,0.0,35.82,18.05,48.18,20.35
2017-11-15,0.0,36.52,18.23,51.03,21.32
2017-11-16,0.0,36.82,19.09,52.18,21.93
2017-11-17,0.0,34.9,19.72,40.63,20.53
2017-11-18,0.0,36.3,19.3,46.05,15.58
2017-11-19,0.0,35.93,17.27,33.91,14.42
2017-11-20,0.0,36.41,19.58,34.82,15.17
2017-11-21,0.0,37.62,19.56,33.7,13.69
2017-11-22,0.0,36.97,19.54,40.35,13.73
2017-11-23,0.0,37.12,19.6,39.31,15.98
2017-11-24,0.0,38.51,21.08,49.83,23.4
2017-11-25,0.0,37.44,22.05,57.54,24.95
2017-11-26,0.0,37.46,20.92,46.99,20.34
2017-11-27,0.0,37.9,20.54,50.27,23.26
2017-11-28,0.0,37.39,20.97,53.04,20.24
2017-11-29,0.0,37.02,20.43,42.19,20.34
2017-11-30,0.0,37.7,20.43,81.75,24.16
2017-12-01,0.0,38.9,20.7,51.65,17.52
2017-12-02,0.0,37.84,20.03,41.46,17.9
2017-12-03,0.0,36.91,18.8,53.31,20.54
2017-12-04,0.0,36.03,18.34,54.06,25.64
2017-12-05,0.0,37.49,18.19,48.92,22.35
2017-12-06,0.0,33.63,18.53,41.43,21.64
2017-12-07,0.0,32.04,16.74,40.55,23.57
2017-12-08,0.0,31.18,15.23,53.19,26.96
2017-12-09,0.0,31.21,15.54,58.95,31.18
2017-12-10,0.0,33.72,16.04,57.31,25.03
2017-12-11,0.0,33.88,17.24,44.12,21.33
2017-12-12,0.0,32.78,15.99,44.52,20.27
2017-12-13,0.0,29.92,14.23,65.73,27.43
2017-12-14,0.0,29.35,12.92,62.57,27.83
2017-12-15,0.0,30.67,14.05,53.67,24.97
2017-12-16,0.0,32.46,16.07,51.33,25.11
2017-12-17,0.0,33.5,16.88,47.57,20.83
2017-12-18,0.0,32.68,16.03,50.0,22.72
2017-12-19,0.0,33.23,16.51,64.2,26.03
2017-12-20,0.0,30.95,16.99,57.78,28.29
2017-12-21,0.0,29.34,16.51,42.14,26.58
2017-12-22,0.0,27.17,14.84,34.96,24.5
2017-12-23,0.0,27.65,14.47,41.28,25.48
2017-12-24,0.0,27.03,14.24,37.29,26.24
2017-12-25,0.0,31.92,14.95,40.23,21.05
2017-12-26,0.0,32.3,16.59,34.67,21.25
2017-12-27,0.0,31.68,17.67,43.8,26.02
2017-12-28,0.0,31.31,16.22,43.37,23.93
2017-12-29,0.0,30.51,14.66,36.16,21.68
2017-12-30,0.0,32.85,15.13,34.83,19.72
2017-12-31,0.0,34.76,16.24,35.44,18.04
2018-01-01,0.0,35.03,18.28,31.29,16.72
2018-01-02,0.0,33.59,17.89,35.71,19.47
2018-01-03,0.0,33.35,17.42,31.57,17.69
2018-01-04,0.0,34.51,17.47,31.87,16.74
2018-01-05,0.0,35.67,18.95,31.09,17.45
2018-01-06,0.0,34.88,17.58,32.74,16.1
2018-01-07,0.0,30.33,15.19,43.72,19.06
2018-01-08,0.0,32.43,14.42,46.08,19.22
2018-01-09,0.0,32.53,15.64,59.21,24.41
2018-01-10,0.0,31.61,14.82,54.32,25.56
2018-01-11,0.0,30.58,15.13,47.73,24.03
2018-01-12,0.0,32.7,16.17,31.93,16.47
2018-01-13,0.0,35.03,15.66,33.84,15.51
2018-01-14,0.0,35.66,15.86,35.12,16.6
2018-01-15,0.0,35.72,16.21,34.65,14.96
2018-01-16,0.0,30.79,15.67,47.63,20.49
2018-01-17,0.0,28.68,12.82,52.69,25.3
2018-01-18,0.0,30.18,12.51,54.97,21.83
2018-01-19,0.0,31.5,14.09,48.46,20.04
2018-01-20,0.0,33.01,15.63,47.24,21.45
2018-01-21,0.0,33.15,16.33,37.52,18.0
2018-01-22,0.0,31.85,16.7,34.69,20.34
2018-01-23,0.0,33.16,15.24,39.16,18.31
2018-01-24,0.0,35.96,15.73,32.95,14.43
2018-01-25,0.0,36.01,17.35,30.83,13.1
2018-01-26,0.0,34.27,16.29,26.62,13.13
2018-01-27,0.0,34.4,16.72,36.23,14.98
2018-01-28,0.0,33.56,17.34,43.14,18.8
2018-01-29,0.0,33.76,14.66,54.28,19.19
2018-01-30,0.0,31.66,14.2,49.96,19.35
2018-01-31,0.0,32.65,15.46,41.04,17.17
2018-02-01,0.0,31.14,16.13,38.83,17.96
2018-02-02,0.0,29.97,14.46,44.67,20.66
2018-02-03,0.0,29.36,15.53,56.32,24.76
2018-02-04,0.0,32.21,17.01,47.4,27.16
2018-02-05,0.0,31.39,17.95,46.3,26.8
2018-02-06,0.0,31.33,18.97,41.23,24.22
2018-02-07,0.0,30.66,19.26,41.19,23.02
2018-02-08,0.0,29.19,17.26,45.32,24.76
2018-02-09,0.0,30.24,17.18,48.98,24.68
2018-02-10,0.0,31.17,15.84,42.78,18.28
2018-02-11,0.0,31.59,15.55,32.47,15.52
2018-02-12,0.0,32.8,16.82,29.48,14.6
2018-02-13,0.0,34.79,17.47,30.92,15.07
2018-02-14,0.0,35.82,18.94,23.62,10.79
2018-02-15,0.0,35.32,19.41,24.24,11.32
2018-02-16,0.0,35.03,20.07,36.37,14.09
2018-02-17,0.0,35.95,20.17,50.07,15.83
2018-02-18,0.0,37.48,18.02,56.44,17.6
2018-02-19,0.0,39.05,19.69,45.04,17.66
2018-02-20,0.0,39.16,19.2,49.28,18.41
2018-02-21,0.0,37.28,18.75,62.74,23.63
2018-02-22,0.0,35.99,18.85,60.98,25.17
2018-02-23,0.0,31.02,17.46,83.12,45.82
2018-02-24,0.0,31.54,14.2,98.75,34.24
2018-02-25,0.0,33.09,15.68,96.21,38.86
2018-02-26,0.0,33.01,15.85,89.98,32.94
2018-02-27,0.0,36.17,17.55,78.02,31.06
2018-02-28,0.0,34.08,18.89,76.54,34.93
2018-03-01,0.0,33.56,18.37,76.39,33.2
2018-03-02,0.0,37.76,19.56,82.76,31.72
2018-03-03,0.0,38.18,20.84,62.39,26.66
2018-03-04,0.0,37.31,20.71,59.8,24.37
2018-03-05,0.0,40.84,22.67,46.9,19.56
2018-03-06,0.0,38.02,21.9,41.53,16.83
2018-03-07,0.0,38.68,21.79,34.7,15.17
2018-03-08,0.0,38.39,21.05,41.14,16.76
2018-03-09,0.0,40.89,23.27,37.03,15.54
2018-03-10,0.0,39.48,21.16,36.77,13.48
2018-03-11,0.0,39.03,20.5,42.62,13.93
2018-03-12,0.0,38.94,21.41,35.52,14.56
2018-03-13,0.0,40.2,21.81,38.42,14.17
2018-03-14,0.0,40.0,21.66,33.61,13.04
2018-03-15,0.0,38.98,21.6,40.12,14.8
2018-03-16,0.0,36.18,20.99,53.12,17.97
2018-03-17,0.0,37.95,20.44,53.93,21.22
2018-03-18,0.0,38.32,19.78,36.51,16.07
2018-03-19,0.0,38.86,19.76,34.01,13.77
2018-03-20,0.0,39.51,21.02,41.87,15.34
2018-03-21,0.0,38.25,20.37,38.0,14.94
2018-03-22,0.0,38.25,19.37,38.5,17.7
2018-03-23,0.0,37.26,21.18,29.72,12.43
2018-03-24,0.0,35.03,19.35,21.57,11.28
2018-03-25,0.0,37.89,19.44,22.03,11.84
2018-03-26,0.0,38.97,20.0,25.1,8.97
2018-03-27,0.0,39.59,22.52,35.72,12.17
2018-03-28,0.0,40.85,22.69,37.95,14.37
2018-03-29,0.0,40.54,20.79,58.34,21.13
2018-03-30,0.0,35.5,21.37,61.29,28.66
2018-03-31,0.0,39.69,20.64,61.94,19.21
2018-04-01,0.0,39.66,19.86,55.74,20.71
2018-04-02,0.0,37.0,18.54,67.34,22.41
2018-04-03,0.0,37.47,18.16,70.12,22.92
2018-04-04,0.0,39.1,20.12,59.36,19.71
2018-04-05,0.0,43.24,21.17,51.36,12.92
2018-04-06,0.0,44.82,22.94,46.95,10.74
2018-04-07,0.0,42.63,22.63,49.5,14.59
2018-04-08,0.0,41.45,21.55,50.17,13.12
2018-04-09,0.0,41.85,20.99,56.17,14.31
2018-04-10,0.0,38.41,22.8,37.0,15.18
2018-04-11,0.0,41.0,23.61,30.43,10.43
2018-04-12,0.0,40.3,22.12,33.15,12.27
2018-04-13,0.0,39.63,21.13,47.82,15.05
2018-04-14,0.0,39.59,20.73,43.62,15.04
2018-04-15,0.0,40.93,21.59,40.74,14.95
2018-04-16,0.0,41.02,21.0,49.78,16.69
2018-04-17,0.0,39.03,19.81,59.32,19.81
2018-04-18,0.0,37.85,19.66,65.88,23.84
2018-04-19,0.0,35.59,18.73,73.21,29.91
2018-04-20,0.0,34.96,18.48,77.07,30.75
2018-04-21,0.0,37.77,18.77,67.92,22.41
2018-04-22,0.0,36.99,19.67,71.41,24.62
2018-04-23,0.0,38.64,19.65,64.66,22.31
2018-04-24,0.0,40.75,20.5,65.68,14.72
2018-04-25,0.0,41.59,21.53,46.88,12.87
2018-04-26,0.0,42.73,22.41,42.68,12.52
2018-04-27,0.0,43.31,22.69,47.72,13.61
2018-04-28,0.0,40.52,20.96,62.82,19.49
2018-04-29,0.0,42.27,21.31,60.44,12.27
2018-04-30,0.0,42.28,21.49,44.42,9.4
2018-05-01,0.0,41.76,22.38,27.97,8.23
2018-05-02,0.0,42.38,22.51,33.68,10.97
2018-05-03,0.0,41.85,23.08,30.0,10.74
2018-05-04,0.0,40.69,21.5,36.49,10.62
2018-05-05,0.0,39.65,21.29,55.39,17.11
2018-05-06,0.0,37.88,19.25,71.2,23.92
2018-05-07,0.0,39.95,20.13,64.67,17.62
2018-05-08,0.0,40.58,20.68,63.68,15.22
2018-05-09,0.0,41.53,21.83,47.92,13.2
2018-05-10,0.0,41.74,21.9,49.85,15.09
2018-05-11,0.0,40.73,21.11,58.97,18.31
2018-05-12,0.0,39.5,20.12,66.0,21.0
2018-05-13,0.0,40.09,19.97,67.19,19.19
2018-05-14,0.0,37.4,21.16,62.96,23.22
2018-05-15,0.0,39.65,21.48,67.53,24.08
2018-05-16,0.0,39.55,23.59,55.5,22.36
2018-05-17,0.0,39.81,20.64,59.25,22.74
2018-05-18,0.0,38.54,21.24,68.6,24.27
2018-05-19,0.0,37.77,20.73,69.15,26.26
2018-05-20,0.0,37.9,22.01,66.25,28.3
2018-05-21,0.0,39.02,21.66,71.57,25.91
2018-05-22,0.0,39.62,21.07,64.52,20.75
2018-05-23,0.0,40.95,21.5,57.24,17.32
2018-05-24,0.0,42.76,21.82,58.33,15.31
2018-05-25,0.0,39.2,21.89,66.29,23.09
2018-05-26,0.0,39.64,21.11,69.52,22.5
2018-05-27,0.0,41.67,21.1,68.32,16.83
2018-05-28,0.0,44.17,23.99,43.99,13.77
2018-05-29,0.0,39.77,22.71,62.1,24.74
2018-05-30,0.0,40.32,23.21,66.39,27.52
2018-05-31,0.0,39.74,23.38,71.81,23.59
2018-06-01,0.0,41.37,23.0,66.79,18.35
2018-06-02,0.0,40.22,24.44,61.84,25.77
2018-06-03,0.0,39.47,24.86,75.08,31.32
2018-06-04,0.0,39.77,24.03,70.8,29.03
2018-06-05,0.0,40.85,25.23,64.21,26.14
2018-06-06,0.0,41.01,25.16,60.26,21.46
2018-06-07,0.0,39.93,23.98,65.84,25.6
2018-06-08,0.0,42.31,24.37,61.36,14.33
2018-06-09,0.0,43.11,26.01,45.37,15.81
2018-06-10,0.0,38.57,24.38,69.14,23.61
2018-06-11,0.0,40.01,23.13,74.21,19.55
2018-06-12,0.0,40.07,23.21,71.74,24.81
2018-06-13,0.0,40.36,25.52,68.59,31.6
2018-06-14,0.0,37.63,24.49,66.45,28.52
2018-06-15,0.0,38.63,24.55,67.08,26.01
2018-06-16,0.0,38.28,22.98,74.51,27.2
2018-06-17,0.0,37.91,23.44,66.9,27.97
2018-06-18,0.0,36.02,23.4,59.3,30.74
2018-06-19,0.0,37.73,24.13,62.39,26.06
2018-06-20,0.0,38.54,23.18,72.42,30.67
2018-06-21,0.0,37.39,23.45,80.32,38.2
2018-06-22,0.0,39.48,23.47,83.32,31.88
2018-06-23,0.0,38.51,24.88,82.12,36.97
2018-06-24,0.0,39.51,24.7,84.83,36.35
2018-06-25,0.0,40.74,22.44,78.04,24.45
2018-06-26,0.0,40.12,24.97,74.83,32.15
2018-06-27,27.95,36.21,24.06,99.52,60.09
2018-06-28,0.0,31.34,21.27,99.13,74.79
2018-06-29,0.0,34.16,22.81,98.91,64.84
2018-06-30,0.0,34.73,22.82,96.35,48.07
2018-07-01,0.0,33.88,22.84,78.51,44.79
2018-07-02,0.0,36.2,23.58,74.96,42.08
2018-07-03,2.12,36.42,24.68,78.37,43.3
2018-07-04,0.0,38.58,24.72,84.67,36.29
2018-07-05,0.0,39.83,25.61,84.08,33.01
2018-07-06,0.0,37.85,25.38,82.13,40.25
2018-07-07,3.69,38.06,25.91,96.49,39.01
2018-07-08,0.0,32.61,24.38,94.91,65.52
2018-07-09,0.01,33.19,24.12,96.13,64.84
2018-07-10,0.0,33.71,23.71,94.91,60.03
2018-07-11,0.64,35.25,24.27,84.86,53.93
2018-07-12,0.0,35.25,25.53,89.45,54.06
2018-07-13,0.0,35.7,24.19,89.43,47.23
2018-07-14,0.01,36.34,25.0,91.09,46.89
2018-07-15,0.0,36.75,25.21,94.42,45.5
2018-07-16,0.0,35.74,24.07,82.26,43.41
2018-07-17,0.0,37.45,23.78,88.4,38.09
2018-07-18,26.28,37.92,25.87,79.96,39.51
2018-07-19,1.98,33.47,23.9,99.34,61.22
2018-07-20,0.0,35.52,24.66,97.02,52.7
2018-07-21,0.0,35.07,23.26,96.75,45.19
2018-07-22,0.38,37.19,24.57,75.25,41.55
2018-07-23,0.01,38.07,25.43,85.72,38.39
2018-07-24,0.41,35.19,25.62,96.41,52.48
2018-07-25,0.0,33.01,23.27,96.96,58.2
2018-07-26,0.0,35.57,22.14,88.81,44.32
2018-07-27,0.0,36.59,23.89,80.53,42.07
2018-07-28,6.4,36.26,24.18,87.77,44.16
2018-07-29,0.05,36.66,24.21,80.31,41.92
2018-07-30,0.0,37.65,25.41,82.85,43.22
2018-07-31,0.0,37.96,24.93,84.88,44.54
2018-08-01,0.0,32.22,24.38,98.28,71.64
2018-08-02,22.06,30.9,24.11,97.17,76.09
2018-08-03,9.0,31.44,22.26,99.89,65.34
2018-08-04,0.0,33.07,23.21,96.95,62.25
2018-08-05,0.0,33.8,23.84,96.09,57.94
2018-08-06,0.71,33.11,23.1,92.28,57.63
2018-08-07,0.0,33.69,22.47,89.51,50.34
2018-08-08,2.83,35.13,23.28,83.3,46.17
2018-08-09,0.01,33.75,24.53,86.89,56.45
2018-08-10,8.49,31.62,23.58,96.96,69.63
2018-08-11,0.0,34.07,22.84,96.79,47.57
2018-08-12,0.0,34.44,21.93,82.98,47.39
2018-08-13,0.0,33.8,24.07,83.16,49.06
2018-08-14,0.0,35.4,24.26,79.64,44.54
2018-08-15,0.01,36.06,24.54,77.49,44.98
2018-08-16,4.17,36.42,23.66,91.14,48.28
2018-08-17,0.02,37.11,24.3,85.07,44.33
2018-08-18,0.0,35.16,23.5,96.76,46.22
2018-08-19,0.0,35.76,24.05,77.69,41.7
2018-08-20,0.0,36.47,24.76,78.39,43.72
2018-08-21,0.0,36.98,24.61,81.93,39.93
2018-08-22,3.21,37.85,24.9,95.13,42.37
2018-08-23,42.99,32.85,23.37,99.16,65.81
2018-08-24,0.0,33.45,23.01,99.7,63.93
2018-08-25,21.06,34.17,24.84,98.68,59.73
2018-08-26,0.02,34.36,23.37,92.45,56.84
2018-08-27,6.09,34.84,24.17,89.36,57.73
2018-08-28,0.63,32.17,24.06,99.58,66.76
2018-08-29,51.24,33.0,23.83,98.32,67.34
2018-08-30,4.0,29.82,23.97,99.21,80.19
2018-08-31,0.0,31.99,23.32,98.99,65.62
2018-09-01,0.06,34.22,23.04,98.71,56.65
2018-09-02,2.02,33.24,24.39,94.83,62.44
2018-09-03,3.1,32.1,23.81,96.04,69.47
2018-09-04,4.08,33.61,23.77,98.16,62.41
2018-09-05,9.43,34.52,23.94,96.73,57.33
2018-09-06,32.7,30.57,23.51,99.74,83.61
2018-09-07,0.0,30.72,23.29,99.5,73.09
2018-09-08,0.0,31.6,22.46,98.53,66.52
2018-09-09,2.22,32.64,22.94,97.64,61.27
2018-09-10,2.9,30.69,23.15,99.96,72.21
2018-09-11,0.01,32.31,23.15,99.31,69.87
2018-09-12,4.76,30.47,23.21,98.63,81.38
2018-09-13,0.0,30.58,23.61,98.02,76.85
2018-09-14,0.8,32.02,23.3,99.07,74.1
2018-09-15,0.0,33.34,23.87,98.59,64.51
2018-09-16,0.0,33.65,24.0,98.63,67.3
2018-09-17,7.19,33.51,23.96,98.21,64.78
2018-09-18,23.41,29.65,23.31,99.57,81.72
2018-09-19,0.0,32.02,23.8,99.48,73.9
2018-09-20,0.0,32.21,23.45,97.69,70.68
2018-09-21,0.07,34.19,24.79,97.9,66.47
2018-09-22,12.61,32.89,23.93,97.87,69.44
2018-09-23,0.0,32.6,23.15,99.14,64.37
2018-09-24,6.09,32.0,21.14,95.33,61.67
2018-09-25,0.87,31.71,23.01,99.01,72.57
2018-09-26,0.01,31.6,22.68,98.42,72.92
2018-09-27,0.0,34.42,23.71,98.49,64.82
2018-09-28,45.74,32.65,24.55,97.99,73.36
2018-09-29,1.02,30.47,22.77,98.99,75.43
2018-09-30,0.0,30.28,23.28,99.05,75.04
2018-10-01,0.74,31.92,22.82,98.58,73.25
2018-10-02,0.0,32.78,22.74,97.89,72.62
2018-10-03,0.0,32.58,23.53,98.98,76.61
2018-10-04,0.0,33.39,23.81,98.58,70.02
2018-10-05,0.0,33.94,23.85,98.83,71.84
2018-10-06,0.13,33.6,23.84,98.69,71.86
2018-10-07,2.79,33.9,23.6,98.8,70.33
2018-10-08,0.0,33.39,23.11,98.05,71.18
2018-10-09,0.0,33.46,23.94,98.61,72.62
2018-10-10,0.0,33.44,23.2,98.64,66.23
2018-10-11,0.0,34.24,21.96,99.07,51.37
2018-10-12,0.0,36.81,22.99,95.45,46.23
2018-10-13,0.0,38.14,23.85,97.23,35.08
2018-10-14,0.02,36.92,23.07,94.96,42.43
2018-10-15,0.82,34.66,22.51,96.85,55.96
2018-10-16,5.25,31.5,22.24,98.84,69.97
2018-10-17,0.72,37.14,22.59,98.24,44.87
2018-10-18,0.0,38.33,23.34,76.64,31.59
2018-10-19,0.0,36.76,23.39,89.78,44.23
2018-10-20,0.0,35.18,23.29,96.54,48.69
2018-10-21,0.0,38.21,23.81,87.76,29.46
2018-10-22,0.0,37.78,23.34,78.12,31.86
2018-10-23,0.0,39.34,24.37,86.77,39.86
2018-10-24,0.0,39.65,24.58,94.47,37.8
2018-10-25,0.0,41.08,25.28,79.0,27.62
2018-10-26,0.0,39.98,25.76,79.12,36.41
2018-10-27,0.0,37.09,23.46,98.15,46.49
2018-10-28,0.0,37.99,23.61,94.13,38.34
2018-10-29,0.05,38.13,23.47,85.63,38.02
2018-10-30,0.0,34.78,22.72,94.49,58.57
2018-10-31,0.01,34.08,22.46,92.6,51.21
2018-11-01,0.01,37.13,21.59,91.74,47.81
2018-11-02,0.0,38.51,22.75,94.37,36.18
2018-11-03,0.0,38.16,21.05,59.9,26.7
2018-11-04,0.0,38.3,21.01,60.06,26.17
2018-11-05,0.0,35.74,20.24,86.37,35.54
2018-11-06,0.0,37.62,20.32,85.2,31.75
2018-11-07,0.0,37.38,20.7,83.54,28.96
2018-11-08,0.0,40.39,22.88,59.26,21.29
2018-11-09,0.0,40.42,21.94,49.88,16.91
2018-11-10,0.0,39.67,21.88,46.59,18.81
2018-11-11,0.0,39.11,21.62,45.06,19.15
2018-11-12,0.0,37.02,20.62,55.82,21.12
2018-11-13,0.0,34.26,20.32,58.07,23.96
2018-11-14,0.0,35.95,19.19,57.96,24.64
2018-11-15,0.0,33.63,19.27,53.68,24.91
2018-11-16,0.0,34.96,18.97,52.96,24.27
2018-11-17,0.0,35.8,19.9,64.4,27.34
2018-11-18,0.0,30.46,19.34,89.96,47.1
2018-11-19,0.0,34.28,17.62,95.18,38.9
2018-11-20,0.0,35.52,18.85,89.81,36.65
2018-11-21,0.0,36.6,20.12,63.06,29.42
2018-11-22,0.0,38.93,21.5,55.94,25.89
2018-11-23,0.0,34.37,21.48,64.17,33.85
2018-11-24,0.0,33.39,20.62,61.25,36.18
2018-11-25,0.0,35.2,20.6,57.6,30.85
2018-11-26,0.0,34.31,20.14,52.18,27.09
2018-11-27,0.0,36.1,19.81,45.63,23.07
2018-11-28,0.0,38.48,20.17,51.01,21.87
2018-11-29,0.0,38.5,20.58,44.86,18.49
2018-11-30,0.0,37.23,19.45,42.28,19.57
2018-12-01,0.0,37.14,18.78,43.08,19.89
2018-12-02,0.0,37.09,18.27,34.87,17.5
2018-12-03,0.0,34.67,17.42,35.21,17.79
2018-12-04,0.0,36.69,16.85,37.81,18.42
2018-12-05,0.0,37.66,17.61,37.31,17.12
2018-12-06,0.0,39.79,20.29,46.69,23.44
2018-12-07,0.0,38.87,20.86,67.18,15.31
2018-12-08,0.0,35.1,18.96,33.82,18.62
2018-12-09,0.0,35.87,17.68,38.55,18.83
2018-12-10,0.0,36.72,17.31,39.29,17.24
2018-12-11,0.0,35.21,16.36,40.43,17.03
2018-12-12,0.0,35.88,16.37,41.11,17.5
2018-12-13,0.0,36.72,18.86,36.6,18.29
2018-12-14,0.0,37.17,21.12,34.79,14.5
2018-12-15,0.0,34.2,21.46,31.54,16.52
2018-12-16,0.0,35.1,19.29,29.73,13.61
2018-12-17,0.0,36.62,18.59,36.32,14.87
2018-12-18,0.0,36.0,18.36,34.3,16.43
2018-12-19,0.0,36.31,17.62,33.16,14.22
2018-12-20,0.0,36.91,18.19,32.25,15.15
2018-12-21,0.0,35.8,17.5,34.56,14.68
2018-12-22,0.0,35.22,17.49,29.75,14.39
2018-12-23,0.0,34.65,17.66,33.47,15.6
2018-12-24,0.0,32.08,16.2,35.78,18.49
2018-12-25,0.0,34.74,16.05,36.01,15.63
2018-12-26,0.0,33.74,16.03,32.67,15.59
2018-12-27,0.0,34.05,16.06,35.89,16.39
2018-12-28,0.0,34.24,15.15,37.09,16.02
2018-12-29,0.0,33.75,16.0,34.54,16.88
2018-12-30,0.0,35.67,16.58,36.09,17.34
2018-12-31,0.0,37.01,18.46,37.99,19.22
2019-01-01,0.0,38.97,19.95,38.71,19.38
2019-01-02,0.0,36.57,20.11,35.17,17.2
2019-01-03,0.0,32.21,16.68,36.06,18.21
2019-01-04,0.0,29.77,14.83,35.1,19.51
2019-01-05,0.0,33.22,16.6,35.62,18.55
2019-01-06,0.0,34.08,16.85,33.06,16.27
2019-01-07,0.0,31.98,17.94,29.04,15.65
2019-01-08,0.0,35.41,17.27,32.32,14.29
2019-01-09,0.0,35.95,16.99,32.14,14.24
2019-01-10,0.0,34.74,17.32,31.14,13.53
2019-01-11,0.0,34.39,17.2,29.7,13.78
2019-01-12,0.0,37.12,18.28,27.93,12.95
2019-01-13,0.0,37.77,19.15,28.65,13.03
2019-01-14,0.0,38.4,19.72,26.58,12.45
2019-01-15,0.0,38.05,18.88,30.66,12.11
2019-01-16,0.0,37.0,18.15,36.55,13.29
2019-01-17,0.0,36.68,17.86,34.8,10.22
2019-01-18,0.0,31.12,16.43,32.37,13.49
2019-01-19,0.0,30.16,14.66,50.48,21.66
2019-01-20,0.0,31.59,14.1,42.87,18.48
2019-01-21,0.0,32.41,14.56,38.07,12.96
2019-01-22,0.0,31.53,14.22,44.51,14.95
2019-01-23,0.0,32.98,16.01,55.45,19.15
2019-01-24,0.0,35.08,17.77,39.26,17.67
2019-01-25,0.0,37.11,17.49,47.19,16.82
2019-01-26,0.0,37.16,18.93,37.32,14.91
2019-01-27,0.0,37.62,19.65,31.55,15.8
2019-01-28,0.0,35.55,18.2,37.64,15.84
2019-01-29,0.0,34.86,16.66,44.4,18.82
2019-01-30,0.0,35.69,16.06,45.02,16.73
2019-01-31,0.0,36.1,17.0,35.44,15.64
2019-02-01,0.0,35.9,17.81,36.53,15.39
2019-02-02,0.0,34.82,17.24,46.19,18.4
2019-02-03,0.0,34.35,17.4,51.58,23.59
2019-02-04,0.0,35.14,17.42,53.95,23.24
2019-02-05,0.0,37.89,18.6,43.34,20.3
2019-02-06,0.0,35.72,18.23,28.15,14.97
2019-02-07,0.0,35.78,18.37,22.57,12.24
2019-02-08,0.0,35.13,19.85,19.39,11.79
2019-02-09,0.0,37.11,19.99,21.89,12.13
2019-02-10,0.0,38.81,20.12,23.94,11.59
2019-02-11,0.0,39.07,21.69,25.25,10.57
2019-02-12,0.0,38.55,20.21,19.23,8.55
2019-02-13,0.0,36.66,20.38,19.29,9.19
2019-02-14,0.0,37.67,19.13,20.3,9.0
2019-02-15,0.05,39.54,21.17,18.55,8.43
2019-02-16,0.0,36.23,20.38,23.6,11.78
2019-02-17,0.0,34.78,18.36,47.3,17.17
2019-02-18,0.0,35.54,18.2,53.05,15.55
2019-02-19,0.0,34.35,18.57,39.73,11.49
2019-02-20,0.0,36.63,17.34,31.56,14.39
2019-02-21,0.0,38.99,19.02,32.33,12.94
2019-02-22,0.0,39.99,21.49,25.11,10.25
2019-02-23,0.0,37.8,20.94,19.16,9.65
2019-02-24,0.0,35.63,18.83,25.39,10.47
2019-02-25,0.0,34.71,16.39,21.42,9.39
2019-02-26,0.0,34.34,16.49,23.47,11.95
2019-02-27,0.0,32.83,16.19,22.81,12.74
2019-02-28,0.0,33.08,15.33,31.4,12.68
2019-03-01,0.0,32.63,16.17,27.49,13.21
2019-03-02,0.0,34.22,15.79,35.43,14.61
2019-03-03,0.0,35.65,16.76,34.93,14.15
2019-03-04,0.0,36.89,17.08,29.43,10.03
2019-03-05,0.0,38.46,18.27,27.09,10.24
2019-03-06,0.0,38.57,19.35,21.42,7.41
2019-03-07,0.0,37.79,17.27,37.15,8.34
2019-03-08,0.0,36.36,18.32,35.25,12.73
2019-03-09,0.0,36.29,17.05,48.91,14.06
2019-03-10,0.0,38.33,18.45,37.95,11.5
2019-03-11,0.0,39.47,19.63,27.07,10.95
2019-03-12,0.0,38.56,20.63,25.33,10.61
2019-03-13,0.0,38.35,21.27,27.47,10.22
2019-03-14,0.0,38.42,19.73,23.8,9.49
2019-03-15,0.0,39.63,19.6,22.5,8.82
2019-03-16,0.0,41.16,19.46,26.67,7.41
2019-03-17,0.0,42.16,19.8,32.43,8.5
2019-03-18,0.0,43.55,21.67,30.26,7.55
2019-03-19,0.0,43.11,22.53,21.08,7.35
2019-03-20,0.0,42.88,21.95,24.17,7.56
2019-03-21,0.0,40.8,21.07,40.25,13.75
2019-03-22,0.0,35.16,20.73,68.03,32.04
2019-03-23,0.0,33.82,17.66,90.53,35.5
2019-03-24,0.0,34.51,18.16,82.64,34.19
2019-03-25,0.0,33.69,18.63,83.75,34.84
2019-03-26,0.0,34.18,17.7,77.47,31.51
2019-03-27,0.0,35.43,18.88,80.37,32.34
2019-03-28,0.0,35.37,19.25,85.06,35.8
2019-03-29,0.0,33.14,20.05,89.72,49.04
2019-03-30,0.0,30.45,19.3,81.52,50.79
2019-03-31,0.0,36.09,19.41,86.6,24.2
2019-04-01,0.0,37.76,18.84,83.54,25.84
2019-04-02,0.0,37.0,21.23,78.74,28.19
2019-04-03,0.0,35.82,19.65,85.14,33.8
2019-04-04,0.0,35.68,19.4,87.99,29.93
2019-04-05,0.0,35.33,20.84,59.03,27.45
2019-04-06,0.0,37.61,21.19,62.03,21.82
2019-04-07,0.0,40.41,22.71,40.86,15.46
2019-04-08,0.0,41.02,22.39,34.0,12.41
2019-04-09,0.0,42.08,22.99,29.67,10.95
2019-04-10,0.0,42.22,23.53,27.24,11.32
2019-04-11,0.0,39.91,21.66,45.11,13.92
2019-04-12,0.0,38.5,20.61,39.22,11.02
2019-04-13,0.0,39.66,18.36,63.36,12.01
2019-04-14,0.0,41.89,19.56,48.2,11.19
2019-04-15,0.0,41.5,21.19,45.53,13.23
2019-04-16,0.0,42.79,20.44,57.31,13.6
2019-04-17,0.0,41.38,21.06,62.18,17.67
2019-04-18,0.0,42.94,21.12,57.36,12.38
2019-04-19,0.0,43.35,23.49,54.58,13.98
2019-04-20,0.0,42.33,22.81,49.71,17.04
2019-04-21,0.0,38.87,20.53,61.0,22.5
2019-04-22,0.0,38.28,20.95,61.17,23.57
2019-04-23,0.0,38.08,19.99,77.18,24.36
2019-04-24,0.0,41.39,19.59,73.97,14.49
2019-04-25,0.0,43.74,23.04,38.47,11.99
2019-04-26,0.0,45.1,23.69,37.35,15.18
2019-04-27,0.0,44.33,25.32,53.43,22.39
2019-04-28,0.0,45.37,23.55,81.15,14.41
2019-04-29,0.0,44.87,24.59,46.63,13.73
2019-04-30,0.0,41.86,22.94,48.23,18.01
2019-05-01,0.0,34.91,22.03,63.5,29.89
2019-05-02,0.0,36.02,19.55,71.32,27.68
2019-05-03,0.0,35.94,20.47,63.96,26.15
2019-05-04,0.0,37.9,20.88,63.46,23.31
2019-05-05,0.0,43.52,21.53,67.0,17.11
2019-05-06,0.0,45.91,24.01,43.92,12.96
2019-05-07,0.0,46.64,26.38,33.39,10.68
2019-05-08,0.0,47.0,26.92,32.17,8.69
2019-05-09,0.0,45.39,24.14,45.3,8.9
2019-05-10,0.0,39.92,21.31,71.91,21.6
2019-05-11,0.0,39.69,21.07,79.45,25.95
2019-05-12,0.0,39.56,21.26,75.36,24.91
2019-05-13,0.0,39.59,20.47,75.1,26.05
2019-05-14,0.0,39.96,20.27,75.67,23.67
2019-05-15,0.0,36.43,19.72,80.5,32.56
2019-05-16,0.0,36.33,19.85,77.73,32.61
2019-05-17,0.0,37.82,21.9,63.42,25.59
2019-05-18,0.0,37.9,21.51,64.73,23.83
2019-05-19,0.0,37.32,21.48,59.97,26.32
2019-05-20,0.0,38.65,21.39,59.76,24.41
2019-05-21,0.0,41.48,22.6,68.46,20.94
2019-05-22,0.0,40.51,22.29,61.74,20.1
2019-05-23,0.0,40.02,20.94,74.77,21.81
2019-05-24,0.0,40.46,21.78,69.58,23.94
2019-05-25,0.0,39.26,22.39,75.46,27.2
2019-05-26,0.0,37.93,22.58,70.97,30.25
2019-05-27,0.0,39.1,22.85,61.53,26.82
2019-05-28,0.0,39.76,22.43,64.76,22.86
2019-05-29,0.0,41.16,22.19,65.5,20.97
2019-05-30,0.0,42.56,24.2,58.39,14.78
2019-05-31,0.0,43.12,24.62,55.58,17.02
2019-06-01,0.0,38.91,23.94,55.66,23.36
2019-06-02,0.0,38.62,22.19,64.08,23.82
2019-06-03,0.0,40.75,21.95,61.76,20.21
2019-06-04,0.0,39.35,22.71,70.03,26.0
2019-06-05,0.0,38.44,22.3,73.12,27.97
2019-06-06,0.0,39.05,23.72,72.42,23.71
2019-06-07,0.0,39.44,21.65,74.65,21.77
2019-06-08,0.0,40.78,21.53,72.85,16.68
2019-06-09,0.0,42.41,24.4,48.52,16.19
2019-06-10,0.01,39.45,25.59,69.0,30.27
2019-06-11,0.0,39.06,25.55,77.31,33.32
2019-06-12,0.0,38.13,23.01,72.15,27.45
2019-06-13,0.0,38.27,22.18,78.22,27.55
2019-06-14,0.0,38.4,22.93,71.26,27.53
2019-06-15,0.0,41.23,24.04,68.61,18.69
2019-06-16,0.0,41.34,24.27,66.36,22.58
2019-06-17,0.0,43.84,25.62,63.86,16.47
2019-06-18,0.0,39.46,26.52,74.18,34.61
2019-06-19,0.09,42.27,26.47,61.14,21.8
2019-06-20,0.0,41.76,23.54,74.75,21.36
2019-06-21,0.0,41.94,24.55,66.32,22.5
2019-06-22,0.0,39.94,24.24,72.38,27.53
2019-06-23,0.0,38.15,22.58,79.56,31.54
2019-06-24,0.0,39.25,23.79,73.41,25.84
2019-06-25,0.0,42.42,23.17,74.12,17.89
2019-06-26,0.0,40.59,24.15,69.15,27.63
2019-06-27,0.0,40.22,25.5,78.3,32.8
2019-06-28,0.0,38.71,26.0,80.74,33.48
2019-06-29,0.0,39.63,23.83,79.18,32.23
2019-06-30,7.54,37.14,25.25,73.78,36.08
2019-07-01,3.2,38.77,25.38,65.43,30.88
2019-07-02,0.21,40.39,25.68,64.25,29.97
2019-07-03,0.52,40.77,25.31,70.74,27.36
2019-07-04,0.0,40.1,25.13,72.62,32.1
2019-07-05,0.0,38.63,25.71,75.53,33.2
2019-07-06,1.52,38.62,25.87,72.13,35.28
2019-07-07,0.07,39.17,25.24,76.49,32.77
2019-07-08,0.19,38.25,25.48,75.12,36.84
2019-07-09,0.05,38.74,25.67,74.51,32.44
2019-07-10,0.02,37.45,23.74,83.33,39.07
2019-07-11,0.0,37.87,24.33,76.36,33.13
2019-07-12,0.01,38.58,24.82,67.52,33.23
2019-07-13,0.01,39.58,25.35,70.2,31.51
2019-07-14,0.16,38.22,25.39,78.72,36.5
2019-07-15,0.0,37.78,24.36,77.09,32.93
2019-07-16,0.0,38.23,25.33,72.53,34.59
2019-07-17,0.18,37.52,24.29,85.12,38.75
2019-07-18,0.1,36.25,24.13,86.86,39.32
2019-07-19,0.0,36.88,23.4,86.45,35.44
2019-07-20,0.0,36.74,24.27,69.77,37.38
2019-07-21,0.0,38.04,25.68,72.67,30.32
2019-07-22,0.0,39.1,25.42,79.68,31.43
2019-07-23,0.0,39.46,26.36,70.52,33.99
2019-07-24,0.02,38.62,26.02,85.72,38.29
2019-07-25,35.56,34.86,23.43,99.5,55.05
2019-07-26,2.13,34.74,23.43,84.68,50.73
2019-07-27,0.0,37.61,24.83,81.38,42.99
2019-07-28,0.7,36.83,25.03,91.99,47.38
2019-07-29,1.06,34.38,24.82,97.52,55.2
2019-07-30,0.0,35.72,25.43,96.21,50.19
2019-07-31,0.0,33.99,24.51,95.64,54.35
2019-08-01,0.53,36.19,22.39,87.15,37.42
2019-08-02,0.0,38.44,24.67,70.29,29.88
2019-08-03,0.0,39.76,26.1,63.18,30.39
2019-08-04,0.0,37.62,26.28,68.98,36.34
2019-08-05,0.0,38.11,25.9,76.2,37.01
2019-08-06,0.0,37.16,24.3,77.52,34.59
2019-08-07,0.0,36.9,24.07,76.67,40.81
2019-08-08,0.15,36.72,24.63,85.26,42.05
2019-08-09,0.67,39.06,25.68,74.9,36.69
2019-08-10,0.0,38.1,24.8,81.33,35.55
2019-08-11,0.0,39.25,25.98,72.79,35.8
2019-08-12,4.08,36.48,25.63,95.7,50.99
2019-08-13,0.0,35.32,24.23,95.47,49.92
2019-08-14,0.0,36.94,23.66,84.7,39.28
2019-08-15,0.0,37.45,25.33,73.08,39.64
2019-08-16,0.97,38.66,26.04,80.45,41.43
2019-08-17,2.28,36.4,26.0,88.52,47.03
2019-08-18,24.39,34.3,23.72,99.86,55.11
2019-08-19,19.57,34.16,23.43,95.1,57.38
2019-08-20,0.2,37.51,24.76,90.09,46.32
2019-08-21,3.49,36.23,24.78,86.64,50.73
2019-08-22,36.91,31.64,24.3,99.25,71.98
2019-08-23,10.65,31.09,23.83,98.39,69.12
2019-08-24,2.56,32.57,24.24,97.3,63.47
2019-08-25,0.0,34.24,24.17,84.37,51.72
2019-08-26,1.69,33.95,24.67,89.97,54.63
2019-08-27,0.74,32.17,24.22,98.25,70.34
2019-08-28,1.38,32.64,24.15,97.82,67.78
2019-08-29,1.59,30.66,24.44,99.46,75.72
2019-08-30,19.99,31.16,23.67,99.48,69.43
2019-08-31,22.51,30.23,23.5,99.4,72.22
2019-09-01,0.14,30.34,23.31,99.02,73.03
2019-09-02,9.58,33.76,23.32,99.01,59.07
2019-09-03,13.89,35.64,24.36,92.55,54.43
2019-09-04,0.0,32.63,24.87,98.57,72.05
2019-09-05,1.35,33.95,24.73,98.79,68.86
2019-09-06,2.4,31.24,24.02,98.56,74.68
2019-09-07,3.86,31.8,24.09,98.92,73.86
2019-09-08,11.03,33.44,23.22,98.78,65.1
2019-09-09,1.83,34.11,24.02,96.23,60.63
2019-09-10,0.79,35.11,24.86,95.91,56.41
2019-09-11,4.2,34.7,24.59,98.06,57.2
2019-09-12,1.25,34.63,25.38,98.78,63.58
2019-09-13,5.49,33.17,24.09,99.04,67.69
2019-09-14,0.0,32.18,24.61,98.76,70.59
2019-09-15,0.7,33.75,24.33,98.63,65.87
2019-09-16,0.0,32.52,23.5,98.58,73.98
2019-09-17,19.06,33.54,23.17,98.82,66.48
2019-09-18,0.0,32.84,24.2,98.87,70.61
2019-09-19,9.35,29.91,23.7,98.81,79.38
2019-09-20,5.98,32.49,23.72,99.08,71.96
2019-09-21,5.39,31.94,23.64,98.9,73.31
2019-09-22,4.23,31.99,24.49,98.47,72.88
2019-09-23,0.04,32.43,24.61,97.82,71.64
2019-09-24,4.18,32.54,23.47,98.27,71.63
2019-09-25,0.13,32.9,23.54,99.07,65.58
2019-09-26,0.0,32.9,23.56,97.49,64.09
2019-09-27,0.0,32.84,23.78,99.14,68.41
2019-09-28,0.0,32.71,23.28,99.12,69.07
2019-09-29,0.0,32.16,23.06,99.23,67.14
2019-09-30,0.36,33.56,23.29,97.79,61.16
2019-10-01,0.0,37.17,23.68,99.34,40.27
2019-10-02,0.0,37.75,23.34,99.19,45.5
2019-10-03,9.99,36.79,24.65,98.67,56.17
2019-10-04,2.72,33.16,23.41,97.92,71.3
2019-10-05,2.41,32.99,23.25,98.69,71.71
2019-10-06,1.39,35.58,23.25,98.3,51.79
2019-10-07,1.05,36.89,23.58,96.55,46.71
2019-10-08,2.44,38.13,23.28,98.53,48.1
2019-10-09,12.81,35.68,23.12,99.18,49.3
2019-10-10,0.5,37.29,24.12,99.19,46.04
2019-10-11,0.0,38.75,24.21,99.1,30.95
2019-10-12,0.0,39.47,23.89,85.18,24.34
2019-10-13,0.0,35.72,23.3,96.05,45.17
2019-10-14,2.7,30.87,22.78,98.44,75.33
2019-10-15,0.0,30.05,22.96,98.52,79.85
2019-10-16,1.87,33.38,22.72,97.45,71.36
2019-10-17,0.0,34.92,23.29,98.67,63.02
2019-10-18,0.0,34.71,24.25,98.91,66.24
2019-10-19,1.4,34.43,23.77,98.05,65.52
2019-10-20,0.0,34.93,23.59,95.37,55.43
2019-10-21,0.0,34.25,20.87,93.92,44.02
2019-10-22,0.0,35.78,20.95,97.96,35.22
2019-10-23,0.0,35.11,21.55,68.93,34.61
2019-10-24,0.0,33.45,23.02,94.57,67.4
2019-10-25,4.07,33.43,22.99,98.48,68.14
2019-10-26,0.0,34.93,23.87,97.68,60.9
2019-10-27,0.0,35.73,23.03,97.2,24.74
2019-10-28,0.0,35.82,20.08,62.2,23.26
2019-10-29,0.0,36.59,20.46,66.09,23.28
2019-10-30,0.0,37.55,20.73,60.91,21.52
2019-10-31,0.0,37.16,22.18,50.58,20.06
2019-11-01,0.0,38.3,20.06,54.94,23.69
2019-11-02,0.0,39.23,21.12,52.42,22.14
2019-11-03,0.0,39.31,22.75,55.98,23.15
2019-11-04,0.0,39.69,21.76,44.22,20.13
2019-11-05,0.0,40.39,22.19,52.55,22.66
2019-11-06,0.0,37.55,21.69,62.94,26.78
2019-11-07,0.0,36.32,20.05,68.55,32.92
2019-11-08,0.0,36.16,19.87,62.58,30.26
2019-11-09,0.0,35.96,19.73,65.62,27.11
2019-11-10,0.0,38.2,20.57,57.63,24.0
2019-11-11,0.0,38.14,21.51,45.75,20.91
2019-11-12,0.0,37.05,20.35,41.25,18.92
2019-11-13,0.0,36.88,18.81,45.21,18.41
2019-11-14,0.0,37.77,20.54,37.53,20.03
2019-11-15,0.0,38.44,20.45,55.02,21.41
2019-11-16,0.0,36.76,20.24,71.1,26.59
2019-11-17,0.0,38.43,21.85,48.29,23.76
2019-11-18,0.0,37.9,21.76,47.24,23.28
2019-11-19,0.0,38.1,22.25,43.67,21.26
2019-11-20,0.0,36.87,21.49,37.3,18.53
2019-11-21,0.0,37.73,20.31,35.15,15.59
2019-11-22,0.0,38.12,19.76,38.24,15.68
2019-11-23,0.0,37.96,20.28,43.12,17.88
2019-11-24,0.0,39.14,19.95,45.58,19.49
2019-11-25,0.0,39.2,20.3,48.69,21.42
2019-11-26,0.0,38.81,20.8,57.92,24.27
2019-11-27,0.0,37.31,20.11,66.73,27.51
2019-11-28,0.0,37.01,19.46,67.95,28.21
2019-11-29,0.0,36.84,18.98,74.68,26.5
2019-11-30,0.0,39.6,20.06,60.14,20.87
2019-12-01,0.0,40.45,21.23,47.77,20.8
2019-12-02,0.0,40.0,20.56,44.25,16.75
2019-12-03,0.0,38.57,19.47,58.64,20.09
2019-12-04,0.0,36.66,19.03,49.77,22.64
2019-12-05,0.0,33.76,17.01,65.89,24.27
2019-12-06,0.0,31.73,15.12,76.32,32.53
2019-12-07,0.0,33.09,16.41,55.06,25.37
2019-12-08,0.0,34.28,18.19,52.23,27.42
2019-12-09,0.0,36.36,18.35,54.69,20.92
2019-12-10,0.0,37.14,19.73,39.24,17.01
2019-12-11,0.0,34.73,18.25,38.9,21.18
2019-12-12,0.0,33.96,17.51,43.07,20.82
2019-12-13,0.0,34.84,16.94,41.7,20.71
2019-12-14,0.0,36.6,16.83,35.34,16.39
2019-12-15,0.0,38.72,18.45,39.63,17.77
2019-12-16,0.0,35.5,17.85,44.24,17.29
2019-12-17,0.0,34.46,16.2,56.66,15.61
2019-12-18,0.0,34.51,16.91,42.92,16.35
2019-12-19,0.0,33.28,16.68,46.0,21.89
2019-12-20,0.0,34.13,16.78,42.79,19.43
2019-12-21,0.0,35.96,17.02,38.91,20.12
2019-12-22,0.0,37.1,17.85,42.64,20.3
2019-12-23,0.0,37.6,18.1,39.71,17.83
2019-12-24,0.0,36.54,18.23,41.23,19.9
2019-12-25,0.0,36.16,18.22,37.56,18.4
2019-12-26,0.0,37.08,16.96,37.21,17.43
2019-12-27,0.0,37.37,17.08,36.57,16.8
2019-12-28,0.0,38.02,17.26,37.52,17.32
2019-12-29,0.0,36.77,17.79,36.15,19.2
2019-12-30,0.0,35.45,17.11,36.13,17.93
2019-12-31,0.0,32.86,16.71,36.01,20.54
2020-01-01,0.0,32.21,16.13,41.21,21.74
2020-01-02,0.0,31.03,15.52,36.71,22.46
2020-01-03,0.0,30.9,16.6,37.26,21.45
2020-01-04,0.0,31.07,17.16,35.38,20.43
2020-01-05,0.0,31.25,14.83,35.14,17.54
2020-01-06,0.0,30.71,13.95,39.09,18.25
2020-01-07,0.0,30.04,13.95,38.5,16.94
2020-01-08,0.0,30.59,12.91,36.65,17.57
2020-01-09,0.0,30.03,14.93,32.36,17.19
2020-01-10,0.0,29.61,13.75,37.34,18.21
2020-01-11,0.0,31.86,14.74,31.96,16.08
2020-01-12,0.0,31.68,15.79,28.73,15.51
2020-01-13,0.0,32.07,15.67,29.05,13.49
2020-01-14,0.0,30.99,15.48,34.96,17.07
2020-01-15,0.0,32.84,15.62,33.16,14.03
2020-01-16,0.0,34.42,16.47,28.65,12.37
2020-01-17,0.0,34.74,17.14,27.82,14.76
2020-01-18,0.0,35.05,17.44,33.61,19.56
2020-01-19,0.0,34.5,17.43,35.65,20.59
2020-01-20,0.0,36.21,16.93,42.5,19.71
2020-01-21,0.0,37.59,18.19,41.6,20.04
2020-01-22,0.0,37.42,19.92,34.97,20.26
2020-01-23,0.0,34.66,20.9,76.54,23.68
2020-01-24,0.0,38.68,19.13,85.59,25.46
2020-01-25,0.0,40.31,23.61,39.86,15.11
2020-01-26,0.0,38.41,22.16,36.16,17.15
2020-01-27,0.0,39.92,20.21,39.85,14.75
2020-01-28,0.0,40.14,19.65,27.99,11.76
2020-01-29,0.0,39.94,19.98,26.31,12.5
2020-01-30,0.0,39.48,20.75,37.15,16.65
2020-01-31,0.0,36.24,19.51,36.16,20.79
2020-02-01,0.0,37.03,17.56,38.77,19.85
2020-02-02,0.0,40.01,20.07,37.78,20.6
2020-02-03,0.0,40.06,22.08,45.81,18.48
2020-02-04,0.0,38.45,21.64,37.36,17.6
2020-02-05,0.0,37.99,18.95,34.03,18.74
2020-02-06,0.0,38.39,19.08,29.54,16.86
2020-02-07,0.0,38.09,19.37,31.02,16.84
2020-02-08,0.0,37.86,19.22,32.33,10.82
2020-02-09,0.0,37.27,18.66,30.7,12.29
2020-02-10,0.0,37.08,18.52,28.71,13.31
2020-02-11,0.0,39.1,19.33,26.98,14.67
2020-02-12,0.0,39.45,21.21,43.6,19.08
2020-02-13,0.0,39.12,21.31,38.25,15.84
2020-02-14,0.0,39.42,21.15,28.26,14.71
2020-02-15,0.0,39.19,21.15,35.81,17.77
2020-02-16,0.0,40.32,21.77,34.16,16.94
2020-02-17,0.0,40.93,22.62,34.82,13.93
2020-02-18,0.0,40.36,22.43,24.77,11.07
2020-02-19,0.0,40.6,21.24,22.88,10.53
2020-02-20,0.0,40.21,22.11,23.16,11.58
2020-02-21,0.0,41.6,21.48,30.78,11.11
2020-02-22,0.0,39.88,20.38,49.96,15.16
2020-02-23,0.0,37.07,20.38,68.58,24.56
2020-02-24,0.0,42.01,20.91,84.41,9.52
2020-02-25,0.0,41.13,26.02,19.4,10.66
2020-02-26,0.0,41.84,23.6,23.42,11.1
2020-02-27,0.0,41.36,22.38,21.88,9.1
2020-02-28,0.0,40.8,21.09,24.02,9.47
2020-02-29,0.0,40.46,20.23,21.2,8.66
2020-03-01,0.0,40.51,20.97,18.0,7.41
2020-03-02,0.0,40.36,20.91,17.75,7.25
2020-03-03,0.0,41.65,21.73,18.46,7.74
2020-03-04,0.0,42.7,22.35,19.65,8.03
2020-03-05,0.0,43.53,22.92,19.77,7.45
2020-03-06,0.0,43.68,22.76,20.45,7.83
2020-03-07,0.0,43.09,22.53,23.11,8.97
2020-03-08,0.0,43.06,22.69,30.81,10.69
2020-03-09,0.0,43.37,23.3,26.74,10.14
2020-03-10,0.0,42.58,22.7,32.3,10.19
2020-03-11,0.0,41.9,22.43,23.8,9.54
2020-03-12,0.0,42.19,22.49,19.54,8.5
2020-03-13,0.0,41.86,22.71,18.46,9.15
2020-03-14,0.0,41.14,22.43,24.98,10.16
2020-03-15,0.0,38.84,19.78,57.45,16.61
2020-03-16,0.0,39.28,19.22,58.44,10.83
2020-03-17,0.0,40.35,19.98,40.43,13.27
2020-03-18,0.0,38.93,20.06,60.29,17.44
2020-03-19,0.0,38.95,19.63,66.31,18.61
2020-03-20,0.0,40.13,20.93,36.08,16.8
2020-03-21,0.0,41.17,21.96,33.87,15.84
2020-03-22,0.0,40.42,22.09,37.62,19.03
2020-03-23,0.0,34.5,18.53,72.47,24.44
2020-03-24,0.0,33.86,17.39,87.09,23.59
2020-03-25,0.0,37.94,18.12,45.53,16.19
2020-03-26,0.0,39.57,19.84,40.21,12.7
2020-03-27,0.0,36.69,20.5,66.25,29.34
2020-03-28,0.0,36.63,19.93,65.34,25.4
2020-03-29,0.0,41.77,22.02,49.71,17.5
2020-03-30,0.0,43.07,23.46,38.12,15.58
2020-03-31,0.0,44.7,24.49,36.76,15.0
2020-04-01,0.0,44.67,25.09,49.02,16.78
2020-04-02,0.0,44.41,25.45,56.42,19.69
2020-04-03,0.0,41.99,24.07,35.21,16.2
2020-04-04,0.0,39.52,21.12,59.71,21.83
2020-04-05,0.0,40.28,21.2,67.54,20.7
2020-04-06,0.0,44.88,22.1,64.48,11.75
2020-04-07,0.0,44.9,25.21,32.7,12.01
2020-04-08,0.0,45.51,25.45,31.38,10.47
2020-04-09,0.0,45.18,24.03,32.22,8.57
2020-04-10,0.0,45.97,24.62,25.4,9.08
2020-04-11,0.0,44.3,23.59,40.65,12.1
2020-04-12,0.0,42.62,22.6,59.47,18.77
2020-04-13,0.0,40.84,23.23,56.62,24.71
2020-04-14,0.0,38.45,20.53,91.8,27.93
2020-04-15,0.0,39.43,20.66,66.75,22.35
2020-04-16,0.0,39.78,21.81,62.42,21.07
2020-04-17,0.0,39.07,22.13,58.42,22.37
2020-04-18,0.0,36.13,21.55,62.0,28.13
2020-04-19,0.0,38.42,19.49,83.58,20.67
2020-04-20,0.0,41.68,20.93,64.7,14.51
2020-04-21,0.0,42.72,23.43,37.91,13.08
2020-04-22,0.0,42.25,22.85,39.67,13.41
2020-04-23,0.0,37.28,21.6,58.68,26.23
2020-04-24,0.0,36.97,20.18,66.61,24.96
2020-04-25,0.0,39.55,20.48,63.26,21.97
2020-04-26,0.0,41.06,22.6,60.14,20.97
2020-04-27,0.0,43.39,24.72,47.34,16.39
2020-04-28,0.0,45.29,24.9,40.14,14.65
2020-04-29,0.0,45.9,24.72,41.94,13.77
2020-04-30,0.0,46.77,25.91,38.38,11.82
2020-05-01,0.0,46.0,26.54,46.96,12.85
2020-05-02,0.0,45.62,24.94,57.73,12.25
2020-05-03,0.0,42.18,23.8,49.57,13.91
2020-05-04,0.0,43.8,23.12,56.45,14.44
2020-05-05,0.0,45.69,24.14,53.12,13.29
2020-05-06,0.0,43.88,23.8,51.35,15.07
2020-05-07,0.0,41.46,22.06,69.72,22.35
2020-05-08,0.0,42.35,23.54,64.6,20.77
2020-05-09,0.02,43.16,23.43,66.81,20.22
2020-05-10,0.0,39.83,23.01,65.8,28.23
2020-05-11,0.0,41.41,22.82,63.05,23.94
2020-05-12,0.0,40.88,23.57,61.0,24.43
2020-05-13,0.0,43.54,23.08,65.93,16.96
2020-05-14,0.0,44.37,23.91,54.62,15.94
2020-05-15,0.0,41.8,22.39,67.34,18.09
2020-05-16,0.0,43.49,23.05,58.64,16.02
2020-05-17,0.0,44.46,23.84,48.49,15.45
2020-05-18,0.0,41.63,22.87,54.07,19.89
2020-05-19,0.0,39.53,22.49,68.33,23.45
2020-05-20,0.0,39.41,22.29,65.71,26.18
2020-05-21,0.0,41.63,22.28,64.3,21.49
2020-05-22,0.0,44.7,22.1,68.92,15.95
2020-05-23,0.0,44.3,23.69,61.76,16.46
2020-05-24,0.0,42.86,22.01,72.26,16.44
2020-05-25,0.0,43.38,22.87,60.17,15.41
2020-05-26,0.0,42.58,22.6,60.98,19.43
2020-05-27,0.0,42.86,23.71,60.08,19.96
2020-05-28,0.0,42.48,24.48,69.39,24.92
2020-05-29,0.0,44.19,24.58,62.59,21.61
2020-05-30,0.0,40.28,24.46,67.44,28.61
2020-05-31,0.0,40.57,24.08,64.05,26.18
2020-06-01,0.0,39.95,25.12,61.26,27.6
2020-06-02,0.0,39.36,23.66,60.86,23.1
2020-06-03,0.0,39.41,25.08,57.17,21.98
2020-06-04,0.0,41.58,23.57,63.34,21.38
2020-06-05,0.0,39.96,23.9,68.63,27.33
2020-06-06,0.0,40.65,24.46,70.43,30.05
2020-06-07,0.0,40.63,26.4,71.38,31.56
2020-06-08,0.0,38.58,24.93,94.58,43.01
2020-06-09,0.0,32.69,23.33,94.6,72.88
2020-06-10,0.43,32.72,22.88,93.39,66.51
2020-06-11,0.0,35.87,23.55,93.71,58.86
2020-06-12,10.01,36.39,24.66,93.53,60.4
2020-06-13,0.0,33.37,22.39,98.02,68.02
2020-06-14,3.45,36.08,23.75,89.85,54.63
2020-06-15,0.0,34.15,24.73,96.59,66.59
2020-06-16,0.0,34.14,24.57,94.77,72.49
2020-06-17,0.0,34.44,23.76,95.33,65.2
2020-06-18,0.0,36.71,23.81,94.94,55.28
2020-06-19,0.0,35.13,25.25,96.05,61.9
2020-06-20,0.05,35.56,25.07,96.95,55.48
2020-06-21,0.0,37.77,24.05,96.57,50.08
2020-06-22,0.0,37.82,23.85,92.86,39.43
2020-06-23,0.0,36.72,24.24,94.3,53.4
2020-06-24,0.75,39.39,25.84,94.51,43.88
2020-06-25,0.0,35.87,23.36,93.84,47.71
2020-06-26,0.0,37.95,22.89,85.89,40.83
2020-06-27,0.0,36.05,23.69,86.9,46.08
2020-06-28,0.0,38.16,24.27,89.11,34.43
2020-06-29,0.0,37.78,23.9,83.49,42.23
2020-06-30,0.0,38.46,25.01,86.33,40.41
2020-07-01,11.89,38.55,25.07,86.4,39.43
2020-07-02,0.0,39.31,24.6,86.08,34.61
2020-07-03,0.0,38.91,24.55,76.01,30.89
2020-07-04,0.0,39.06,25.82,72.23,33.47
2020-07-05,0.0,37.64,25.79,79.38,41.0
2020-07-06,0.43,37.63,25.56,83.31,44.86
2020-07-07,0.17,36.67,25.38,95.17,49.24
2020-07-08,0.0,35.33,23.64,96.04,41.92
2020-07-09,0.0,37.65,23.6,86.58,38.77
2020-07-10,0.0,37.45,25.1,87.36,42.03
2020-07-11,8.53,35.03,26.25,89.36,52.6
2020-07-12,17.6,31.99,24.81,99.25,66.05
2020-07-13,40.16,32.38,23.81,99.42,60.11
2020-07-14,0.0,34.54,22.95,99.52,52.24
2020-07-15,0.0,35.78,24.35,82.92,43.14
2020-07-16,19.21,34.77,25.04,89.61,54.08
2020-07-17,25.34,30.71,23.19,99.55,76.81
2020-07-18,0.0,30.58,23.95,99.38,76.95
2020-07-19,0.0,32.48,24.56,98.37,70.01
2020-07-20,27.54,32.95,23.85,99.08,67.88
2020-07-21,1.32,31.19,23.5,99.6,74.18
2020-07-22,0.0,32.05,24.0,99.11,70.5
2020-07-23,1.98,32.56,24.22,99.07,62.16
2020-07-24,14.2,33.78,25.05,93.65,60.46
2020-07-25,0.37,33.59,24.79,95.01,55.02
2020-07-26,0.0,34.07,25.56,94.8,56.86
2020-07-27,0.01,34.13,24.82,89.85,59.36
2020-07-28,0.0,35.79,25.13,94.45,50.28
2020-07-29,20.96,31.98,24.2,98.66,66.81
2020-07-30,2.67,29.67,23.44,99.31,78.21
2020-07-31,0.08,31.21,23.73,98.96,72.9
2020-08-01,0.53,32.75,23.35,99.07,67.71
2020-08-02,0.0,32.86,23.58,98.3,64.92
2020-08-03,0.0,33.32,24.81,91.96,60.82
2020-08-04,0.56,32.62,24.98,92.76,63.52
2020-08-05,0.0,31.37,24.22,96.83,67.5
2020-08-06,0.04,33.59,24.46,96.73,61.39
2020-08-07,0.0,34.8,25.03,97.27,54.83
2020-08-08,0.0,36.3,24.73,76.78,48.82
2020-08-09,0.0,34.34,26.53,82.09,55.32
2020-08-10,0.06,36.96,25.33,89.46,48.52
2020-08-11,0.0,36.93,24.41,88.52,45.16
2020-08-12,24.59,34.9,24.27,99.47,58.51
2020-08-13,3.31,30.97,23.57,99.14,73.71
2020-08-14,0.54,31.1,23.65,99.01,74.61
2020-08-15,15.0,32.65,24.04,99.42,67.74
2020-08-16,0.01,32.82,24.65,99.23,69.16
2020-08-17,0.0,33.02,25.01,98.38,66.29
2020-08-18,0.0,34.76,24.84,98.22,59.31
2020-08-19,0.0,34.68,25.27,90.37,57.72
2020-08-20,10.18,35.03,25.67,87.43,57.24
2020-08-21,0.38,31.88,23.95,99.66,70.01
2020-08-22,0.0,32.86,23.75,98.88,63.95
2020-08-23,0.0,34.91,24.24,95.55,59.75
2020-08-24,0.0,34.81,25.77,92.59,58.17
2020-08-25,24.91,33.31,24.77,89.99,60.46
2020-08-26,14.01,31.32,23.96,99.65,73.86
2020-08-27,0.31,30.34,23.46,99.62,75.21
2020-08-28,0.0,32.49,23.49,99.63,67.24
2020-08-29,0.3,31.68,24.45,99.41,70.48
2020-08-30,0.0,31.93,24.48,99.4,69.85
2020-08-31,0.0,32.62,24.42,99.15,67.68
2020-09-01,21.21,30.95,24.3,99.16,76.87
2020-09-02,4.61,29.88,23.38,99.34,78.39
2020-09-03,1.8,31.43,23.3,99.16,70.88
2020-09-04,7.72,33.53,22.9,99.21,62.19
2020-09-05,49.24,29.03,23.3,99.36,84.63
2020-09-06,11.95,28.88,22.99,99.75,87.03
2020-09-07,0.0,29.54,22.57,99.34,76.67
2020-09-08,28.39,31.9,23.06,99.21,70.33
2020-09-09,17.33,30.79,22.39,99.41,76.91
2020-09-10,0.19,31.46,23.08,99.71,74.43
2020-09-11,0.0,31.33,23.54,98.58,72.37
2020-09-12,0.0,31.11,22.88,99.13,70.9
2020-09-13,10.0,32.4,22.72,99.61,68.47
2020-09-14,0.0,31.31,23.45,99.66,75.44
2020-09-15,0.0,33.35,24.18,98.8,68.62
2020-09-16,0.0,31.94,24.07,99.21,75.79
2020-09-17,0.0,31.94,23.67,98.99,72.23
2020-09-18,30.2,33.08,23.53,98.71,67.47
2020-09-19,0.0,29.84,23.33,99.34,81.34
2020-09-20,15.42,32.1,23.75,98.74,74.31
2020-09-21,0.0,30.21,23.29,98.88,79.15
2020-09-22,0.0,32.26,23.67,99.08,68.77
2020-09-23,0.86,32.69,24.1,99.31,68.27
2020-09-24,6.98,31.78,23.5,98.88,72.91
2020-09-25,0.0,32.68,22.59,99.59,69.49
2020-09-26,0.06,33.29,23.92,99.86,69.58
2020-09-27,0.0,31.99,23.45,99.0,73.99
2020-09-28,0.0,33.27,23.64,98.82,64.54
2020-09-29,0.0,33.83,24.05,99.62,66.09
2020-09-30,0.0,34.06,23.93,95.65,55.74
2020-10-01,0.0,36.35,22.77,97.83,44.59
2020-10-02,0.0,37.66,23.21,99.15,41.56
2020-10-03,20.54,36.81,24.39,96.19,47.59
2020-10-04,0.35,34.7,23.02,98.96,75.26
2020-10-05,0.33,32.14,22.95,98.91,76.35
2020-10-06,1.7,32.12,22.79,99.17,79.41
2020-10-07,0.01,32.78,23.36,98.83,77.81
2020-10-08,0.0,34.06,23.62,97.45,75.52
2020-10-09,0.0,34.68,22.95,99.34,69.58
2020-10-10,0.0,34.38,22.55,98.97,68.34
2020-10-11,0.0,32.59,23.7,99.0,74.03
2020-10-12,18.09,31.91,23.03,99.11,75.16
2020-10-13,0.53,30.68,22.85,98.81,80.35
2020-10-14,0.0,32.34,23.24,98.52,75.34
2020-10-15,0.0,33.16,22.96,98.78,71.12
2020-10-16,0.0,33.49,23.48,99.14,72.61
2020-10-17,0.0,33.66,23.8,99.15,71.03
2020-10-18,0.0,34.69,23.65,99.16,60.68
2020-10-19,0.0,34.72,23.49,98.03,54.52
2020-10-20,0.0,34.34,22.44,94.42,48.99
2020-10-21,0.0,35.04,21.48,82.78,38.81
2020-10-22,0.0,37.22,21.78,82.53,33.58
2020-10-23,0.0,38.19,22.94,81.24,31.59
2020-10-24,0.0,39.32,23.75,77.51,30.57
2020-10-25,0.0,39.63,24.1,77.36,30.71
2020-10-26,0.0,39.2,24.25,70.15,24.17
2020-10-27,0.0,38.81,23.31,62.04,20.51
2020-10-28,0.0,38.59,22.46,61.36,23.73
2020-10-29,0.0,39.03,22.58,59.54,22.96
2020-10-30,0.0,38.25,22.09,52.52,25.33
2020-10-31,0.0,38.52,23.13,53.44,27.35
2020-11-01,0.0,39.61,21.66,69.56,26.09
2020-11-02,0.0,39.87,21.22,59.01,22.1
2020-11-03,0.0,39.79,21.87,52.62,24.1
2020-11-04,0.0,38.25,22.23,96.6,35.84
2020-11-05,0.0,34.35,20.84,99.1,66.35
2020-11-06,0.0,35.12,22.14,98.85,64.45
2020-11-07,0.0,38.32,22.61,95.54,43.74
2020-11-08,0.0,41.01,24.04,80.37,21.42
2020-11-09,0.0,39.01,21.12,48.95,19.59
2020-11-10,0.0,39.34,22.0,61.69,28.56
2020-11-11,0.0,39.22,21.95,68.09,20.11
2020-11-12,0.0,38.52,19.96,54.05,22.68
2020-11-13,0.0,38.28,19.48,46.71,18.24
2020-11-14,0.0,37.66,19.07,46.87,18.92
2020-11-15,0.0,37.9,19.07,45.5,21.5
2020-11-16,0.0,37.85,19.32,48.16,20.56
2020-11-17,0.0,37.55,19.96,51.07,22.9
2020-11-18,0.0,38.38,20.05,49.02,19.24
2020-11-19,0.0,37.05,19.1,43.67,19.61
2020-11-20,0.0,37.59,19.23,49.51,23.63
2020-11-21,0.0,38.76,21.55,53.07,22.75
2020-11-22,0.0,38.33,21.56,67.74,23.91
2020-11-23,0.0,38.21,21.04,53.38,19.98
2020-11-24,0.0,34.11,20.23,43.27,23.14
2020-11-25,0.0,31.0,16.88,38.93,21.61
2020-11-26,0.0,33.96,17.2,42.0,18.65
2020-11-27,0.0,34.41,17.1,45.35,18.77
2020-11-28,0.0,33.34,16.88,64.82,25.01
2020-11-29,0.0,34.9,17.92,58.54,25.32
2020-11-30,0.0,33.51,18.85,80.76,31.51
2020-12-01,0.0,34.05,19.83,76.96,34.78
2020-12-02,0.0,36.08,18.94,81.38,36.92
2020-12-03,0.0,34.99,18.82,82.88,41.51
2020-12-04,0.0,36.75,18.25,88.1,37.13
2020-12-05,0.0,37.68,18.67,80.52,32.15
2020-12-06,0.0,37.03,19.01,60.4,30.73
2020-12-07,0.0,35.37,18.12,61.32,30.88
2020-12-08,0.0,37.03,18.55,56.01,28.87
2020-12-09,0.0,36.54,18.66,53.64,27.52
2020-12-10,0.0,36.41,18.72,49.81,22.16
2020-12-11,0.0,36.77,18.29,39.46,19.88
2020-12-12,0.0,37.41,18.71,39.79,20.12
2020-12-13,0.0,36.21,17.66,40.02,20.9
2020-12-14,0.0,35.62,17.34,37.45,18.75
2020-12-15,0.0,36.29,16.55,45.71,21.53
2020-12-16,0.0,37.36,17.66,48.96,21.6
2020-12-17,0.0,37.95,18.76,49.27,23.87
2020-12-18,0.0,35.01,18.6,51.35,25.48
2020-12-19,0.0,32.21,15.49,53.57,26.02
2020-12-20,0.0,32.02,15.08,48.26,22.14
2020-12-21,0.0,31.74,16.16,44.13,24.55
2020-12-22,0.0,31.77,15.98,43.01,21.49
2020-12-23,0.0,33.55,17.26,43.93,22.89
2020-12-24,0.0,34.38,16.61,47.61,23.28
2020-12-25,0.0,35.92,18.22,45.27,22.83
2020-12-26,0.0,33.32,18.33,66.49,27.1
2020-12-27,0.0,36.99,19.38,52.09,19.34
2020-12-28,0.0,38.03,19.76,42.75,17.75
2020-12-29,0.0,37.52,19.0,56.56,16.61
2020-12-30,0.0,38.85,19.9,51.75,17.04
2020-12-31,0.0,38.93,20.32,42.11,17.87
2021-01-01,0.0,38.44,21.43,53.48,20.13
2021-01-02,0.0,35.8,18.35,60.27,22.89
2021-01-03,0.0,36.07,17.03,58.85,20.83
2021-01-04,0.0,38.19,17.52,48.56,17.32
2021-01-05,0.0,38.15,19.16,47.76,19.03
2021-01-06,0.0,39.3,18.93,54.44,18.35
2021-01-07,0.0,40.17,19.03,55.44,16.02
2021-01-08,0.0,38.81,19.28,50.76,15.3
2021-01-09,0.0,32.95,18.63,82.71,34.13
2021-01-10,0.0,31.54,19.11,56.99,32.42
2021-01-11,0.0,29.93,17.65,50.29,28.96
2021-01-12,0.0,31.15,19.0,50.19,28.01
2021-01-13,0.0,34.07,16.41,52.3,24.07
2021-01-14,0.0,35.86,17.28,49.8,22.53
2021-01-15,0.0,34.83,17.9,50.1,24.0
2021-01-16,0.0,31.88,18.71,44.63,27.92
2021-01-17,0.0,31.82,19.03,45.05,26.85
2021-01-18,0.0,32.31,18.31,43.61,26.52
2021-01-19,0.0,34.8,16.48,50.29,25.61
2021-01-20,0.0,37.24,15.58,53.83,14.21
2021-01-21,0.0,39.0,17.79,43.44,13.89
2021-01-22,0.0,35.95,19.24,35.22,12.81
2021-01-23,0.0,36.05,17.24,48.62,12.65
2021-01-24,0.0,35.78,15.8,43.26,11.1
2021-01-25,0.0,38.54,15.16,38.31,9.38
2021-01-26,0.0,38.49,15.69,43.17,10.86
2021-01-27,0.0,38.82,15.46,42.04,12.13
2021-01-28,0.0,38.28,16.2,40.87,11.71
2021-01-29,0.0,37.18,16.63,45.43,15.6
2021-01-30,0.0,38.59,16.54,44.38,12.03
2021-01-31,0.0,37.1,18.21,41.26,13.94
2021-02-01,0.0,36.17,18.41,45.66,14.35
2021-02-02,0.0,38.39,17.35,44.31,11.27
2021-02-03,0.0,38.57,17.62,45.39,14.19
2021-02-04,0.0,37.44,19.96,48.32,12.68
2021-02-05,0.0,29.87,19.37,67.67,35.86
2021-02-06,0.0,26.61,17.47,75.44,37.08
2021-02-07,0.0,32.41,15.71,54.9,21.71
2021-02-08,0.0,32.91,16.72,47.15,20.87
2021-02-09,0.0,33.52,18.64,40.67,16.7
2021-02-10,0.0,36.51,17.96,41.06,13.19
2021-02-11,0.0,39.66,17.37,41.27,13.03
2021-02-12,0.0,39.21,18.96,35.07,15.6
2021-02-13,0.0,38.92,19.37,37.39,15.87
2021-02-14,0.0,39.46,20.33,40.09,17.74
2021-02-15,0.0,39.13,21.89,38.69,18.56
2021-02-16,0.0,38.22,20.78,42.59,21.5
2021-02-17,0.0,32.14,24.49,44.26,31.36
2021-02-18,0.0,36.7,23.0,44.31,26.74
2021-02-19,0.0,36.11,24.05,46.25,26.6
2021-02-20,0.0,38.48,20.22,52.55,25.62
2021-02-21,0.0,37.98,19.59,43.97,21.16
2021-02-22,0.0,40.04,21.01,45.96,23.06
2021-02-23,0.0,40.08,21.8,48.23,24.63
2021-02-24,0.0,40.55,20.65,49.95,10.67
2021-02-25,0.0,39.41,18.36,42.12,12.81
2021-02-26,0.0,35.72,21.72,32.63,14.36
2021-02-27,0.0,34.21,18.44,42.33,15.03
2021-02-28,0.0,34.76,18.44,37.21,16.02
2021-03-01,0.0,36.68,17.86,50.24,20.18
2021-03-02,0.0,39.58,20.05,35.62,15.68
2021-03-03,0.0,41.09,21.9,37.51,13.9
2021-03-04,0.0,40.35,22.8,36.8,16.06
2021-03-05,0.0,40.55,21.19,49.43,18.53
2021-03-06,0.0,41.77,22.73,34.77,14.13
2021-03-07,0.0,40.0,22.12,38.37,13.88
2021-03-08,0.0,38.23,20.54,46.09,18.94
2021-03-09,0.0,36.53,21.31,45.26,19.65
2021-03-10,0.0,35.84,20.22,48.48,23.98
2021-03-11,0.0,36.46,19.23,43.04,17.4
2021-03-12,0.0,37.32,19.98,45.18,21.23
2021-03-13,0.0,38.0,19.79,50.52,16.8
2021-03-14,0.0,39.67,20.11,44.52,16.07
2021-03-15,0.0,40.54,21.51,37.76,16.49
2021-03-16,0.0,39.82,18.44,55.7,17.42
2021-03-17,0.0,39.08,17.47,77.27,18.67
2021-03-18,0.0,40.34,19.7,58.34,18.18
2021-03-19,0.0,36.33,18.14,85.19,25.07
2021-03-20,0.0,38.85,16.23,78.3,17.57
2021-03-21,0.0,38.8,19.03,60.23,16.83
2021-03-22,0.0,39.63,18.93,58.91,12.93
2021-03-23,0.02,39.96,19.53,56.36,12.29
2021-03-24,0.0,42.03,22.01,44.23,11.25
2021-03-25,0.0,42.13,22.36,42.5,12.37
2021-03-26,0.0,41.85,21.42,53.07,11.99
2021-03-27,0.0,42.6,21.04,58.23,8.9
2021-03-28,0.0,41.09,19.36,70.61,12.41
2021-03-29,0.0,40.94,20.25,63.24,14.54
2021-03-30,0.0,38.51,20.89,61.78,21.16
2021-03-31,0.0,39.8,21.15,57.81,17.91
2021-04-01,0.0,44.48,20.49,64.33,12.18
2021-04-02,0.0,43.93,23.88,49.51,17.51
2021-04-03,0.0,44.19,23.07,54.85,16.0
2021-04-04,0.0,45.41,21.82,60.76,12.05
2021-04-05,0.0,46.23,23.34,48.08,8.52
2021-04-06,0.0,43.24,23.08,43.87,18.07
2021-04-07,0.0,41.42,22.32,34.89,12.95
2021-04-08,0.0,46.04,25.21,34.86,12.45
2021-04-09,0.0,46.28,23.38,49.45,14.1
2021-04-10,0.0,45.23,22.84,53.87,14.1
2021-04-11,0.0,45.5,22.26,59.9,16.12
2021-04-12,0.0,45.52,25.34,38.28,15.11
2021-04-13,0.0,44.97,25.94,38.4,17.35
2021-04-14,0.0,43.34,25.17,41.57,17.5
2021-04-15,0.0,42.23,23.26,56.21,20.89
2021-04-16,0.0,42.15,22.08,66.29,16.14
2021-04-17,0.0,42.98,23.59,49.12,14.72
2021-04-18,0.0,43.6,24.31,42.28,13.92
2021-04-19,0.0,44.36,24.79,44.57,13.2
2021-04-20,0.0,42.79,22.15,57.77,16.09
2021-04-21,0.0,39.69,20.73,71.28,22.49
2021-04-22,0.0,40.03,20.11,76.88,21.62
2021-04-23,0.0,42.06,20.99,70.19,14.51
2021-04-24,0.0,39.84,20.42,70.38,20.13
2021-04-25,0.0,39.8,19.9,72.29,23.06
2021-04-26,0.0,39.8,19.22,61.2,14.48
2021-04-27,0.0,40.53,21.86,59.94,21.63
2021-04-28,0.0,39.53,22.13,58.32,23.38
2021-04-29,0.0,41.81,22.03,58.91,20.72
2021-04-30,0.0,38.86,20.39,63.19,20.36
2021-05-01,0.0,40.84,21.99,66.98,22.34
2021-05-02,0.0,38.6,21.34,67.21,22.18
2021-05-03,0.0,38.3,20.12,72.99,23.66
2021-05-04,0.0,38.8,20.66,67.24,21.91
2021-05-05,0.0,39.34,21.88,66.84,22.73
2021-05-06,0.0,42.72,22.17,60.26,16.39
2021-05-07,0.0,41.08,26.05,63.22,27.48
2021-05-08,0.0,41.87,23.35,56.98,18.54
2021-05-09,0.0,39.32,21.13,71.31,25.94
2021-05-10,0.0,41.11,20.28,75.51,19.98
2021-05-11,0.04,43.86,21.81,69.7,19.14
2021-05-12,0.0,39.5,25.06,70.13,30.83
2021-05-13,0.0,44.22,25.18,58.92,17.16
2021-05-14,0.0,46.56,25.71,42.78,11.61
2021-05-15,0.0,44.06,25.43,54.01,15.65
2021-05-16,0.0,41.49,22.49,66.74,18.72
2021-05-17,0.0,44.45,23.08,66.13,19.27
2021-05-18,0.0,46.1,23.47,67.14,14.25
2021-05-19,0.0,43.02,27.0,51.51,21.86
2021-05-20,0.0,41.16,25.19,70.5,27.88
2021-05-21,0.0,39.05,22.27,76.0,27.01
2021-05-22,0.0,37.72,19.4,86.3,23.2
2021-05-23,0.0,39.06,19.79,81.43,26.31
2021-05-24,0.0,40.35,20.69,79.36,24.59
2021-05-25,0.0,41.81,23.22,71.26,26.12
2021-05-26,0.0,43.77,23.49,65.26,21.22
2021-05-27,0.0,41.16,22.98,67.88,26.75
2021-05-28,0.0,40.6,22.5,70.15,23.58
2021-05-29,0.0,40.5,22.07,74.9,26.44
2021-05-30,0.0,41.42,23.12,74.75,26.56
2021-05-31,0.0,38.9,23.24,75.27,31.28
2021-06-01,0.0,38.79,23.8,77.9,30.91
2021-06-02,0.0,40.44,22.39,80.39,26.0
2021-06-03,0.0,41.82,23.68,68.89,21.5
2021-06-04,0.0,42.34,27.41,54.91,21.38
2021-06-05,0.0,38.99,27.29,61.12,34.05
2021-06-06,0.0,40.83,25.8,66.44,26.35
2021-06-07,0.0,40.44,25.44,81.66,33.19
2021-06-08,3.52,38.31,25.1,76.57,46.51
2021-06-09,0.0,40.48,24.67,83.6,28.37
2021-06-10,4.46,42.21,25.93,75.79,25.96
2021-06-11,0.1,35.06,24.98,86.42,45.96
2021-06-12,0.0,40.42,25.61,86.4,37.97
2021-06-13,0.0,40.4,25.72,82.68,30.47
2021-06-14,0.0,38.94,25.78,75.63,37.32
2021-06-15,0.0,38.99,25.74,81.71,37.52
2021-06-16,0.0,40.2,25.57,78.2,32.08
2021-06-17,0.0,40.85,23.6,88.88,33.52
2021-06-18,0.0,40.63,25.76,79.05,24.85
2021-06-19,0.0,41.12,23.57,82.29,21.57
2021-06-20,0.22,42.56,23.51,81.05,20.97
2021-06-21,0.0,37.49,25.51,63.94,37.51
2021-06-22,0.0,40.85,26.48,73.06,32.28
2021-06-23,0.0,42.65,26.03,72.18,20.95
2021-06-24,0.0,39.92,25.25,76.08,29.57
2021-06-25,16.29,40.84,27.97,76.13,34.73
2021-06-26,9.1,30.26,22.76,96.28,72.46
2021-06-27,0.0,36.38,24.65,92.01,49.23
2021-06-28,0.0,38.44,25.28,88.34,41.52
2021-06-29,0.0,36.17,24.99,87.13,49.59
2021-06-30,0.0,36.08,23.7,88.32,47.24
2021-07-01,0.0,34.3,23.21,86.02,48.95
2021-07-02,0.21,37.2,24.17,85.83,44.38
2021-07-03,0.0,35.29,24.26,87.63,46.73
2021-07-04,0.0,34.18,23.61,88.61,47.95
2021-07-05,0.0,36.41,24.03,88.8,46.28
2021-07-06,0.0,34.61,25.56,91.56,49.28
2021-07-07,0.01,37.85,25.52,84.45,46.88
2021-07-08,0.0,37.51,24.65,88.68,39.27
2021-07-09,0.0,37.54,24.71,86.75,45.26
2021-07-10,0.0,36.02,24.63,85.57,44.96
2021-07-11,0.01,36.99,24.32,82.07,40.0
2021-07-12,0.0,37.43,24.13,82.32,38.0
2021-07-13,0.0,36.41,24.16,95.95,48.93
2021-07-14,0.0,38.5,24.97,63.32,41.2
2021-07-15,0.0,38.26,25.21,86.58,38.07
2021-07-16,0.0,38.5,25.29,84.37,41.5
2021-07-17,0.0,36.92,23.88,94.92,48.07
2021-07-18,0.0,38.28,25.88,88.2,44.54
2021-07-19,0.0,36.61,25.52,88.39,44.11
2021-07-20,0.0,38.03,24.65,87.14,38.72
2021-07-21,0.0,38.95,26.79,75.62,39.78
2021-07-22,0.0,37.86,26.12,84.55,38.19
2021-07-23,0.0,37.1,24.44,76.89,35.74
2021-07-24,1.23,37.7,23.23,80.89,38.32
2021-07-25,0.0,35.58,25.21,93.01,51.7
2021-07-26,0.0,37.72,25.39,89.4,44.59
2021-07-27,0.0,38.64,25.71,85.93,39.18
2021-07-28,0.0,38.22,25.53,81.64,40.81
2021-07-29,3.02,36.76,25.12,89.36,40.93
2021-07-30,7.74,36.02,25.72,87.67,55.59
2021-07-31,0.06,32.56,24.51,90.45,64.97
2021-08-01,2.89,34.79,24.2,93.49,53.99
2021-08-02,24.44,32.2,23.6,97.57,70.55
2021-08-03,2.72,30.32,24.25,95.74,73.54
2021-08-04,11.84,32.41,24.4,97.13,66.53
2021-08-05,0.0,33.9,23.09,97.38,60.29
2021-08-06,0.02,34.05,24.86,98.24,59.08
2021-08-07,0.3,32.35,25.11,92.4,62.73
2021-08-08,37.38,33.38,25.19,96.3,59.19
2021-08-09,0.0,32.97,21.64,96.36,66.22
2021-08-10,0.0,34.93,24.49,99.23,54.84
2021-08-11,0.0,36.21,24.63,93.32,43.61
2021-08-12,0.0,35.9,24.85,93.47,48.19
2021-08-13,0.69,35.41,26.39,94.18,55.79
2021-08-14,36.62,35.82,26.5,91.46,59.16
2021-08-15,0.0,31.13,22.11,98.41,77.72
2021-08-16,1.51,31.26,24.77,95.15,74.03
2021-08-17,1.23,33.86,23.74,95.61,63.31
2021-08-18,6.72,32.01,22.04,95.32,65.88
2021-08-19,16.03,31.19,23.1,96.63,71.29
2021-08-20,2.29,31.53,23.36,97.12,68.34
2021-08-21,0.0,33.35,21.7,97.17,60.86
2021-08-22,0.0,34.31,25.56,93.57,64.05
2021-08-23,0.5,34.36,24.56,94.39,62.57
2021-08-24,1.35,34.17,26.12,92.32,60.53
2021-08-25,16.53,34.32,23.35,96.14,62.8
2021-08-26,0.0,34.34,21.59,96.84,59.17
2021-08-27,9.18,33.9,25.55,94.42,61.41
2021-08-28,0.02,32.41,23.19,96.84,62.0
2021-08-29,28.38,34.56,25.04,94.64,60.39
2021-08-30,0.0,33.26,21.19,98.47,64.26
2021-08-31,1.66,34.97,24.48,96.33,61.92
2021-09-01,0.0,33.32,23.77,95.59,62.47
2021-09-02,0.0,35.31,25.39,95.49,60.78
2021-09-03,1.67,34.85,26.39,95.95,64.45
2021-09-04,0.0,33.89,22.95,92.62,62.74
2021-09-05,0.0,33.03,25.05,92.08,62.18
2021-09-06,0.0,34.7,25.33,94.54,57.9
2021-09-07,0.0,34.47,25.87,93.62,62.1
2021-09-08,0.0,35.57,24.88,97.03,58.98
2021-09-09,1.37,35.93,25.9,94.53,56.26
2021-09-10,5.96,30.32,23.99,97.55,77.67
2021-09-11,0.0,33.35,24.66,95.81,65.59
2021-09-12,0.0,34.68,25.41,94.48,61.94
2021-09-13,0.03,36.06,25.82,94.56,57.73
2021-09-14,0.0,35.67,25.42,94.47,62.16
2021-09-15,20.1,32.59,25.82,98.74,58.87
2021-09-16,0.01,35.59,21.98,97.84,67.36
2021-09-17,23.43,33.62,25.12,96.03,64.64
2021-09-18,1.58,33.28,24.14,97.44,64.34
2021-09-19,23.41,30.32,21.89,98.0,74.45
2021-09-20,0.0,35.06,23.69,97.62,59.31
2021-09-21,0.0,35.93,25.29,97.94,59.97
2021-09-22,0.0,35.29,25.7,97.25,60.66
2021-09-23,6.7,35.33,24.77,98.82,62.41
2021-09-24,0.0,34.24,22.34,95.19,59.64
2021-09-25,0.0,35.76,24.29,93.51,56.87
2021-09-26,0.01,35.31,24.6,95.27,50.77
2021-09-27,0.0,36.62,24.7,98.59,56.2
2021-09-28,0.0,36.37,24.64,95.94,54.55
2021-09-29,0.0,35.56,25.18,94.75,56.02
2021-09-30,0.01,36.49,24.77,95.97,50.12
2021-10-01,0.0,35.41,24.67,92.01,54.51
2021-10-02,20.59,35.52,25.17,95.18,52.94
2021-10-03,0.0,35.12,22.61,96.64,59.23
2021-10-04,0.03,36.78,25.89,94.12,54.82
2021-10-05,0.0,31.21,23.89,94.87,63.07
2021-10-06,0.0,36.03,23.59,96.55,56.33
2021-10-07,0.02,34.78,25.06,95.14,62.94
2021-10-08,0.0,33.55,24.16,91.92,67.08
2021-10-09,0.05,35.53,24.41,97.77,60.06
2021-10-10,0.0,36.67,25.57,95.64,52.41
2021-10-11,0.01,36.27,24.16,99.25,50.27
2021-10-12,0.0,37.27,24.44,97.86,36.93
2021-10-13,0.0,36.86,22.82,93.08,38.75
2021-10-14,0.0,37.92,22.51,95.25,35.21
2021-10-15,0.0,38.67,24.07,93.67,40.43
2021-10-16,0.0,38.53,24.88,97.85,41.73
2021-10-17,0.0,37.87,25.18,97.02,42.17
2021-10-18,0.13,31.26,22.62,100.0,77.19
2021-10-19,0.0,39.01,23.98,96.47,36.91
2021-10-20,0.0,40.89,22.51,77.79,21.02
2021-10-21,0.0,38.58,24.24,88.43,33.99
2021-10-22,0.0,38.69,23.43,90.3,24.42
2021-10-23,6.69,38.16,20.84,83.64,32.97
2021-10-24,2.19,37.3,24.14,93.48,49.24
2021-10-25,0.0,33.19,23.97,90.22,54.83
2021-10-26,0.0,35.49,24.7,91.0,49.4
2021-10-27,0.0,37.4,24.09,82.68,36.41
2021-10-28,0.0,36.02,25.99,78.36,36.94
2021-10-29,0.0,35.8,25.63,79.47,38.34
2021-10-30,0.0,36.16,27.16,80.29,35.54
2021-10-31,0.0,37.04,25.78,94.68,31.91
2021-11-01,0.0,37.49,20.31,38.48,18.71
2021-11-02,0.0,36.08,16.44,37.92,16.26
2021-11-03,0.0,36.97,15.29,55.46,15.82
2021-11-04,0.0,36.31,16.78,51.49,17.88
2021-11-05,0.0,36.08,17.11,55.78,18.67
2021-11-06,0.0,35.87,17.06,60.43,24.22
2021-11-07,0.0,34.83,17.24,70.19,29.84
2021-11-08,0.0,30.98,21.1,62.11,28.84
2021-11-09,0.0,31.54,20.46,42.44,20.08
2021-11-10,0.0,36.0,19.54,52.59,21.31
2021-11-11,0.0,37.06,19.95,60.69,25.5
2021-11-12,0.0,38.57,20.34,68.95,14.8
2021-11-13,0.0,37.41,21.05,55.54,26.52
2021-11-14,0.0,37.41,20.58,72.13,27.56
2021-11-15,0.0,35.88,22.23,51.39,27.75
2021-11-16,0.0,38.29,20.46,63.8,22.94
2021-11-17,0.0,38.31,20.11,62.72,19.91
2021-11-18,0.0,38.64,19.23,65.2,19.6
2021-11-19,0.0,38.27,19.37,59.92,21.51
2021-11-20,0.0,39.33,19.21,60.3,20.48
2021-11-21,0.0,38.51,23.99,35.55,14.44
2021-11-22,0.0,37.76,21.05,36.06,13.89
2021-11-23,0.0,36.78,21.21,30.86,12.42
2021-11-24,0.0,36.85,23.08,25.23,13.04
2021-11-25,0.0,37.48,21.23,32.8,9.6
2021-11-26,0.0,36.5,19.45,57.07,19.74
2021-11-27,0.0,34.86,18.68,63.95,22.29
2021-11-28,0.0,34.99,20.84,63.95,30.26
2021-11-29,0.0,36.94,20.92,51.62,20.33
2021-11-30,0.0,39.51,21.28,51.34,15.78
2021-12-01,0.0,38.3,19.41,52.27,23.48
2021-12-02,0.0,40.09,20.63,46.54,17.9
2021-12-03,0.0,38.92,21.05,46.24,18.91
2021-12-04,0.0,39.47,21.26,45.87,15.65
2021-12-05,0.0,39.48,19.7,49.77,14.49
2021-12-06,0.0,37.16,19.66,41.91,16.56
2021-12-07,0.0,37.92,15.96,45.38,15.53
2021-12-08,0.0,38.54,17.57,46.42,14.96
2021-12-09,0.0,38.32,19.7,42.99,16.77
2021-12-10,0.0,37.79,18.02,45.45,19.1
2021-12-11,0.0,38.05,18.06,48.0,16.92
2021-12-12,0.0,38.17,17.89,53.29,10.55
2021-12-13,0.0,38.26,19.89,42.1,14.33
2021-12-14,0.0,37.66,19.71,50.39,15.08
2021-12-15,0.0,36.18,22.07,47.79,15.52
2021-12-16,0.0,35.31,22.15,40.57,17.52
2021-12-17,0.0,35.46,20.72,52.53,24.57
2021-12-18,0.0,38.46,21.2,56.95,20.21
2021-12-19,0.0,33.9,21.49,70.71,30.17
2021-12-20,0.0,35.64,24.55,48.5,20.69
2021-12-21,0.0,32.04,23.62,60.48,29.64
2021-12-22,0.0,30.68,22.51,58.89,41.91
2021-12-23,0.0,33.91,22.61,67.04,31.29
2021-12-24,0.0,37.55,22.04,35.21,19.24
2021-12-25,0.0,37.26,23.31,53.96,29.64
2021-12-26,0.0,35.81,21.41,51.6,33.11
2021-12-27,0.0,37.24,20.06,56.57,27.0
2021-12-28,0.0,38.56,17.44,65.23,17.8
2021-12-29,0.0,37.71,18.37,56.27,21.06
2021-12-30,0.0,35.79,18.14,39.99,20.72
2021-12-31,0.0,38.33,17.58,49.88,20.49
2022-01-01,0.0,37.24,20.08,47.17,19.58
2022-01-02,0.0,37.08,19.93,48.55,20.09
2022-01-03,0.0,35.64,16.16,51.61,20.0
2022-01-04,0.0,36.58,15.61,51.05,20.41
2022-01-05,0.0,35.81,17.13,46.22,19.3
2022-01-06,0.0,35.49,17.1,49.13,20.07
2022-01-07,0.0,35.47,16.79,52.91,21.77
2022-01-08,0.0,36.26,17.4,50.02,19.5
2022-01-09,0.0,30.84,21.35,43.78,24.01
2022-01-10,0.0,30.91,20.85,44.45,23.49
2022-01-11,0.0,35.97,20.32,43.34,24.07
2022-01-12,0.0,38.6,20.25,56.69,22.11
2022-01-13,0.0,38.79,21.66,56.67,19.63
2022-01-14,0.0,37.99,21.49,63.43,21.68
2022-01-15,0.0,38.21,19.91,78.45,24.16
2022-01-16,0.0,33.75,21.27,77.38,42.45
2022-01-17,0.0,37.92,20.45,88.45,16.35
2022-01-18,0.0,37.32,20.12,44.16,23.79
2022-01-19,0.0,37.99,19.62,60.33,21.8
2022-01-20,0.0,37.8,19.71,49.77,21.4
2022-01-21,0.0,38.89,19.62,47.28,20.34
2022-01-22,0.0,37.68,24.06,36.16,15.93
2022-01-23,0.0,37.13,20.58,41.09,14.92
2022-01-24,0.0,35.95,20.9,38.19,14.94
2022-01-25,0.0,35.88,22.93,34.52,15.7
2022-01-26,0.0,36.82,21.33,36.05,14.27
2022-01-27,0.0,36.62,19.68,52.15,19.3
2022-01-28,0.0,34.5,18.41,68.87,21.73
2022-01-29,0.0,34.38,17.68,65.23,23.45
2022-01-30,0.0,37.88,21.14,42.03,15.2
2022-01-31,0.0,39.63,22.25,37.41,14.65
2022-02-01,0.0,39.93,22.04,39.15,15.88
2022-02-02,0.0,37.98,23.29,36.64,12.75
2022-02-03,0.0,37.85,19.15,51.45,18.33
2022-02-04,0.0,37.4,17.5,45.88,15.66
2022-02-05,0.0,39.6,17.73,46.7,17.51
2022-02-06,0.0,36.91,18.16,42.01,15.88
2022-02-07,0.0,40.81,18.03,45.77,14.3
2022-02-08,0.0,39.47,18.3,45.46,16.99
2022-02-09,0.0,38.63,18.39,49.71,19.15
2022-02-10,0.0,37.58,20.81,36.24,19.93
2022-02-11,0.0,36.12,22.11,40.74,22.34
2022-02-12,0.0,35.38,19.23,42.96,22.68
2022-02-13,0.0,34.84,17.51,49.73,26.02
2022-02-14,0.0,34.72,18.02,50.57,25.21
2022-02-15,0.0,34.57,19.86,46.42,22.73
2022-02-16,0.0,35.11,18.47,47.21,21.12
2022-02-17,0.0,35.13,19.48,47.57,25.11
2022-02-18,0.0,35.88,21.62,45.07,16.91
2022-02-19,0.0,38.88,20.02,41.05,15.9
2022-02-20,0.0,39.8,21.45,33.46,14.23
2022-02-21,0.0,39.16,22.83,32.72,13.91
2022-02-22,0.0,40.81,22.43,46.35,15.33
2022-02-23,0.0,39.13,20.16,65.7,16.42
2022-02-24,0.0,38.46,18.82,80.36,22.95
2022-02-25,0.0,37.29,19.09,81.38,26.01
2022-02-26,0.0,34.28,19.26,80.3,30.79
2022-02-27,0.0,34.29,18.28,79.08,22.69
2022-02-28,0.0,33.37,17.07,74.74,23.06
2022-03-01,0.0,33.17,16.14,84.44,24.33
2022-03-02,0.0,36.7,17.4,72.65,19.9
2022-03-03,0.0,37.73,21.33,45.66,17.67
2022-03-04,0.0,36.23,21.53,34.94,19.0
2022-03-05,0.0,35.68,17.35,42.08,16.27
2022-03-06,0.0,36.48,17.83,42.52,15.86
2022-03-07,0.0,36.68,17.82,54.24,20.49
2022-03-08,0.0,39.61,17.68,53.97,17.08
2022-03-09,0.0,38.45,19.45,47.89,21.21
2022-03-10,0.0,40.41,19.54,48.71,17.92
2022-03-11,0.0,40.15,20.41,40.26,19.4
2022-03-12,0.0,39.81,24.53,37.27,20.64
2022-03-13,0.0,40.6,22.79,39.47,20.72
2022-03-14,0.0,40.74,21.6,43.81,19.53
2022-03-15,0.0,35.74,20.28,64.6,28.98
2022-03-16,0.0,36.68,19.18,58.76,30.16
2022-03-17,0.0,37.73,20.17,55.83,28.48
2022-03-18,0.0,38.91,19.6,54.63,17.66
2022-03-19,0.0,40.11,19.79,53.45,14.42
2022-03-20,0.0,39.43,20.21,53.41,16.36
2022-03-21,0.0,39.27,19.46,63.5,16.97
2022-03-22,0.0,42.78,21.36,53.93,11.12
2022-03-23,0.0,41.79,20.99,59.2,14.45
2022-03-24,0.0,40.0,21.01,52.08,16.31
2022-03-25,0.0,39.08,19.11,64.25,16.9
2022-03-26,0.0,40.73,19.49,57.46,14.01
2022-03-27,0.0,38.05,18.65,71.44,19.18
2022-03-28,0.0,38.56,19.65,62.66,18.14
2022-03-29,0.0,41.27,21.98,64.13,17.26
2022-03-30,0.0,41.55,22.01,62.03,17.25
2022-03-31,0.0,41.48,23.61,53.36,19.3
2022-04-01,0.0,44.49,24.03,43.12,13.24
2022-04-02,0.0,42.19,22.04,50.08,15.41
2022-04-03,0.0,46.0,25.03,57.82,14.19
2022-04-04,0.0,35.56,17.92,78.09,27.14
2022-04-05,0.0,36.42,20.1,79.89,28.52
2022-04-06,0.0,41.48,19.7,73.13,16.6
2022-04-07,0.0,43.87,24.69,38.87,15.94
2022-04-08,0.0,44.67,27.45,37.09,16.68
2022-04-09,0.0,44.55,27.37,35.05,16.8
2022-04-10,0.0,43.47,25.0,41.92,15.2
2022-04-11,0.0,40.07,20.87,66.6,20.36
2022-04-12,0.0,39.46,20.26,73.67,25.44
2022-04-13,0.0,39.48,21.04,75.68,25.44
2022-04-14,0.0,41.7,20.43,75.39,18.07
2022-04-15,0.0,40.18,22.1,67.14,20.77
2022-04-16,0.0,39.4,20.97,70.59,21.42
2022-04-17,0.0,39.19,20.19,77.03,21.48
2022-04-18,0.0,41.02,21.36,72.66,20.0
2022-04-19,0.0,40.4,22.5,68.71,26.33
2022-04-20,0.0,42.83,24.59,63.2,17.36
2022-04-21,0.0,43.91,23.72,54.92,13.3
2022-04-22,0.0,43.07,25.54,40.37,13.1
2022-04-23,0.0,43.59,26.01,35.76,12.03
2022-04-24,0.0,43.8,27.51,28.47,14.26
2022-04-25,0.0,43.64,26.85,38.56,13.43
2022-04-26,0.0,38.96,21.19,65.56,26.17
2022-04-27,0.0,41.13,21.62,64.19,20.22
2022-04-28,0.0,42.93,23.3,50.49,21.26
2022-04-29,0.0,43.77,24.17,42.14,15.8
2022-04-30,0.0,43.92,21.92,49.31,11.51
2022-05-01,0.0,44.04,23.51,53.73,14.93
2022-05-02,0.0,43.67,22.61,55.77,17.06
2022-05-03,0.0,38.65,21.38,74.06,26.99
2022-05-04,0.0,40.36,21.11,73.39,21.41
2022-05-05,0.0,43.15,22.5,61.85,18.2
2022-05-06,0.0,44.49,26.21,44.25,15.76
2022-05-07,0.0,45.28,27.39,42.02,16.18
2022-05-08,0.0,41.76,23.83,59.64,26.75
2022-05-09,0.0,37.81,24.36,71.85,35.34
2022-05-10,0.0,41.9,24.45,70.28,26.98
2022-05-11,0.0,44.26,23.2,82.33,19.43
2022-05-12,0.0,44.08,23.19,79.65,22.1
2022-05-13,0.0,41.81,24.65,76.1,31.98
2022-05-14,0.0,44.91,24.95,74.27,23.93
2022-05-15,0.0,45.83,26.4,68.4,12.82
2022-05-16,0.0,45.11,25.58,74.04,16.33
2022-05-17,0.0,44.06,26.61,69.77,19.39
2022-05-18,0.0,43.36,26.6,65.6,25.09
2022-05-19,0.0,45.27,23.21,79.47,11.39
2022-05-20,0.0,41.44,22.55,61.64,20.31
2022-05-21,0.0,38.87,22.44,71.98,30.38
2022-05-22,0.0,38.81,22.26,81.28,26.52
2022-05-23,0.0,40.59,22.79,80.96,29.28
2022-05-24,0.0,39.89,20.69,82.66,27.11
2022-05-25,0.0,39.6,22.11,77.0,28.08
2022-05-26,0.0,40.52,23.31,76.9,28.84
2022-05-27,13.64,38.87,25.32,85.28,40.19
2022-05-28,0.0,36.91,24.51,88.22,47.62
2022-05-29,0.0,42.54,25.69,72.05,22.75
2022-05-30,0.0,43.61,26.14,54.29,20.18
2022-05-31,0.0,41.98,26.3,60.71,23.8
2022-06-01,0.0,42.59,26.54,66.93,24.79
2022-06-02,0.0,39.82,26.84,62.81,28.57
2022-06-03,0.0,41.82,27.96,66.18,23.32
2022-06-04,0.0,40.77,26.59,72.69,28.88
2022-06-05,0.0,40.17,25.5,77.41,33.57
2022-06-06,0.0,39.2,25.81,78.97,32.57
2022-06-07,0.0,37.93,24.98,81.12,37.97
2022-06-08,11.58,40.46,24.75,81.0,32.58
2022-06-09,0.0,37.38,22.33,92.4,41.87
2022-06-10,0.0,38.99,24.99,81.02,35.54
2022-06-11,0.0,38.08,23.86,81.73,37.29
2022-06-12,0.0,38.87,23.97,83.45,41.27
2022-06-13,0.0,37.92,24.92,81.6,40.43
2022-06-14,10.14,37.35,23.98,88.9,53.81
2022-06-15,7.03,34.19,22.72,96.42,53.21
2022-06-16,0.0,39.0,24.67,87.14,27.8
2022-06-17,0.0,36.99,25.04,78.48,41.29
2022-06-18,4.37,34.96,26.35,89.83,54.41
2022-06-19,0.06,34.48,25.2,94.11,54.43
2022-06-20,0.05,32.09,24.9,95.2,63.27
2022-06-21,1.07,35.25,25.04,95.14,53.67
2022-06-22,3.46,37.9,25.58,89.39,43.48
2022-06-23,0.25,35.4,24.62,91.89,55.06
2022-06-24,0.0,37.36,26.33,86.88,54.85
2022-06-25,0.0,36.74,27.0,81.4,54.33
2022-06-26,0.0,37.21,26.15,84.05,48.01
2022-06-27,0.0,38.65,25.52,86.84,47.64
2022-06-28,0.0,35.06,23.31,95.5,53.28
2022-06-29,0.0,37.01,25.12,87.56,44.72
2022-06-30,0.0,38.23,25.74,85.98,47.78
2022-07-01,0.0,37.89,25.11,87.26,40.74
2022-07-02,0.02,35.56,23.96,85.97,46.88
2022-07-03,0.32,35.76,24.56,88.1,48.39
2022-07-04,0.65,35.32,25.54,91.27,56.41
2022-07-05,0.0,36.28,26.35,90.37,56.4
2022-07-06,0.0,35.49,26.31,89.89,55.1
2022-07-07,0.0,35.56,25.34,90.99,51.5
2022-07-08,17.58,37.4,25.75,85.58,48.95
2022-07-09,0.04,36.35,24.9,88.55,53.59
2022-07-10,0.0,37.5,25.62,84.14,43.05
2022-07-11,0.0,37.09,25.35,84.3,43.54
2022-07-12,0.0,37.77,25.4,82.51,44.14
2022-07-13,0.0,37.1,25.25,83.59,41.25
2022-07-14,0.0,38.44,24.6,80.58,39.56
2022-07-15,0.0,38.1,24.49,87.4,44.36
2022-07-16,0.0,35.71,25.39,87.22,54.65
2022-07-17,0.0,33.31,23.59,93.91,52.01
2022-07-18,0.09,36.08,24.78,89.3,45.37
2022-07-19,32.44,35.55,26.83,88.11,53.87
2022-07-20,0.29,35.94,25.18,87.15,48.42
2022-07-21,11.91,34.15,26.12,90.89,61.74
2022-07-22,33.0,30.78,24.55,98.28,75.54
2022-07-23,6.66,32.11,24.23,98.44,65.72
2022-07-24,33.89,28.12,22.15,98.92,79.02
2022-07-25,0.31,32.44,23.85,96.37,62.32
2022-07-26,0.0,33.73,25.59,94.23,59.87
2022-07-27,0.02,33.37,25.58,91.41,60.21
2022-07-28,0.01,33.51,26.23,90.22,59.89
2022-07-29,0.01,32.46,25.41,93.69,62.3
2022-07-30,4.39,31.65,25.25,93.86,67.27
2022-07-31,3.75,28.77,24.37,95.24,79.51
2022-08-01,0.05,33.32,23.57,97.25,61.09
2022-08-02,0.04,33.83,24.98,92.76,61.1
2022-08-03,19.61,31.21,24.58,92.47,70.92
2022-08-04,0.41,32.47,24.75,95.64,66.15
2022-08-05,0.58,32.67,24.94,97.07,65.02
2022-08-06,7.97,33.88,24.0,95.47,62.23
2022-08-07,0.79,33.75,24.79,95.75,63.39
2022-08-08,0.0,34.93,25.31,88.81,59.93
2022-08-09,0.0,34.99,25.71,91.34,60.06
2022-08-10,0.0,34.09,26.24,92.33,58.85
2022-08-11,0.24,34.3,25.09,94.0,59.44
2022-08-12,4.28,33.59,25.7,92.78,62.33
2022-08-13,5.45,32.93,25.35,95.65,61.55
2022-08-14,0.63,31.94,23.28,97.83,69.18
2022-08-15,18.44,32.5,23.23,98.6,68.0
2022-08-16,0.0,34.38,24.42,96.6,62.04
2022-08-17,2.83,33.5,25.1,93.72,64.0
2022-08-18,32.9,31.43,24.28,96.49,69.72
2022-08-19,18.79,31.19,24.22,98.08,70.31
2022-08-20,8.73,32.01,24.11,97.88,69.65
2022-08-21,3.35,32.24,24.12,96.74,66.26
2022-08-22,0.31,33.68,25.26,97.13,63.55
2022-08-23,0.0,34.16,25.57,95.67,57.71
2022-08-24,0.35,31.59,24.71,95.81,70.73
2022-08-25,13.75,32.5,24.23,96.23,63.26
2022-08-26,4.68,32.42,24.53,97.2,66.44
2022-08-27,0.95,33.72,24.67,97.92,61.07
2022-08-28,0.49,35.51,25.48,95.99,58.88
2022-08-29,9.04,34.21,25.75,95.65,60.96
2022-08-30,9.75,29.55,24.25,97.32,77.83
2022-08-31,8.19,30.57,24.12,97.48,73.02
2022-09-01,26.04,31.42,23.28,98.06,70.52
2022-09-02,12.45,31.38,22.37,97.86,74.27
2022-09-03,12.19,31.5,24.37,98.38,74.06
2022-09-04,5.04,32.06,24.25,98.85,69.2
2022-09-05,0.0,33.11,24.48,98.03,66.48
2022-09-06,0.0,34.3,24.32,97.7,63.83
2022-09-07,1.42,33.77,22.94,95.64,62.49
2022-09-08,0.94,32.72,23.26,95.16,65.67
2022-09-09,1.61,31.71,23.02,97.64,68.01
2022-09-10,1.43,32.85,22.89,98.24,67.01
2022-09-11,0.0,33.39,23.58,97.34,66.57
2022-09-12,0.0,32.34,24.72,96.99,67.6
2022-09-13,24.1,34.69,24.83,96.45,61.09
2022-09-14,0.56,33.07,21.99,98.72,66.89
2022-09-15,0.0,36.19,24.88,97.38,58.23
2022-09-16,0.0,34.75,25.82,97.44,66.97
2022-09-17,3.62,33.58,25.11,98.44,63.33
2022-09-18,0.0,32.34,22.67,96.93,66.26
2022-09-19,0.03,33.15,24.19,99.4,63.52
2022-09-20,8.68,33.92,24.63,97.12,64.94
2022-09-21,19.29,33.66,24.72,95.79,67.24
2022-09-22,19.49,30.53,23.65,98.9,76.05
2022-09-23,0.0,31.88,23.93,98.9,68.23
2022-09-24,8.71,33.71,24.19,97.19,62.28
2022-09-25,0.0,32.94,23.11,98.17,67.01
2022-09-26,1.98,32.76,24.8,98.09,79.59
2022-09-27,0.0,33.51,24.18,96.57,62.23
2022-09-28,0.0,35.17,25.4,96.96,63.01
2022-09-29,0.0,33.08,25.53,95.39,69.61
2022-09-30,0.0,34.43,25.71,95.22,65.42
2022-10-01,0.16,34.53,24.98,96.64,60.23
2022-10-02,0.42,35.18,24.12,95.07,56.22
2022-10-03,0.0,33.27,24.85,93.5,63.66
2022-10-04,0.0,36.81,24.84,93.35,56.64
2022-10-05,0.0,36.83,26.08,94.04,54.09
2022-10-06,0.0,36.02,25.26,95.77,58.11
2022-10-07,2.83,37.01,25.7,96.51,54.01
2022-10-08,10.45,34.22,23.07,94.69,62.9
2022-10-09,7.19,29.07,22.61,98.05,80.77
2022-10-10,0.0,33.72,23.78,97.03,63.7
2022-10-11,0.0,35.88,24.19,94.89,54.92
2022-10-12,0.0,36.64,25.51,96.22,57.22
2022-10-13,0.01,35.25,25.5,94.83,56.52
2022-10-14,0.0,33.97,22.2,92.21,57.83
2022-10-15,0.0,35.49,24.59,96.26,53.86
2022-10-16,0.01,35.37,23.41,93.41,51.34
2022-10-17,0.04,35.01,25.5,90.31,59.37
2022-10-18,0.05,36.43,25.18,92.68,55.75
2022-10-19,1.51,36.31,23.4,93.66,56.55
2022-10-20,0.0,35.04,23.97,95.93,57.23
2022-10-21,0.51,35.85,24.58,96.05,54.26
2022-10-22,0.84,35.28,23.58,94.5,58.72
2022-10-23,0.37,36.63,24.82,96.64,52.74
2022-10-24,0.01,30.57,23.38,87.43,68.79
2022-10-25,0.0,35.02,23.78,89.87,54.09
2022-10-26,0.0,38.0,23.85,95.86,33.52
2022-10-27,0.0,39.18,21.52,85.18,31.62
2022-10-28,0.0,40.11,22.49,77.43,30.94
2022-10-29,0.0,37.42,23.72,100.0,40.0
2022-10-30,0.0,38.14,22.32,96.28,26.56
2022-10-31,0.0,37.93,21.26,89.62,33.17
2022-11-01,0.0,39.03,20.02,80.96,27.58
2022-11-02,0.0,39.49,20.23,79.95,16.38
2022-11-03,0.0,39.2,19.7,73.62,13.53
2022-11-04,0.0,38.9,18.71,67.64,17.05
2022-11-05,0.0,38.87,19.15,63.11,13.63
2022-11-06,0.0,38.45,18.93,66.31,15.17
2022-11-07,0.0,38.97,20.4,65.54,17.26
2022-11-08,0.0,37.5,19.37,71.04,20.9
2022-11-09,0.0,39.6,22.36,72.9,21.8
2022-11-10,0.0,39.02,20.85,68.51,22.27
2022-11-11,0.0,38.57,19.29,73.03,17.24
2022-11-12,0.0,37.91,19.2,63.41,12.85
2022-11-13,0.0,37.8,18.15,57.16,16.62
2022-11-14,0.0,37.05,21.37,73.92,21.53
2022-11-15,0.0,35.96,21.72,84.96,32.36
2022-11-16,0.0,36.57,21.28,90.72,35.09
2022-11-17,0.0,38.29,21.99,86.29,29.5
2022-11-18,0.0,37.45,20.45,69.64,13.44
2022-11-19,0.0,37.41,20.84,57.2,16.74
2022-11-20,0.0,36.29,16.88,66.79,18.38
2022-11-21,0.0,37.95,17.86,63.05,22.51
2022-11-22,0.0,37.63,19.07,55.79,20.82
2022-11-23,0.0,36.01,17.87,54.09,22.36
2022-11-24,0.0,34.37,19.02,51.37,24.4
2022-11-25,0.0,34.25,21.13,54.11,27.16
2022-11-26,0.0,35.92,21.97,59.1,23.68
2022-11-27,0.0,36.31,19.7,56.95,22.41
2022-11-28,0.0,36.45,16.28,65.3,24.13
2022-11-29,0.0,37.16,17.53,66.22,26.31
2022-11-30,0.0,37.12,19.05,64.34,25.52
2022-12-01,0.0,37.47,20.14,53.27,21.39
2022-12-02,0.0,35.98,18.49,78.03,22.8
2022-12-03,0.0,35.21,17.09,81.56,24.75
2022-12-04,0.0,35.11,18.09,90.46,32.18
2022-12-05,0.0,36.43,19.97,83.09,29.86
2022-12-06,0.0,39.59,20.97,62.19,28.8
2022-12-07,0.0,39.51,22.49,70.11,26.56
2022-12-08,0.0,40.11,23.1,72.81,25.41
2022-12-09,0.0,41.14,22.68,56.16,24.5
2022-12-10,0.0,40.79,21.96,73.26,22.96
2022-12-11,0.0,40.31,21.31,66.12,24.42
2022-12-12,0.0,38.33,19.1,57.45,15.58
2022-12-13,0.0,38.65,17.32,51.43,12.99
2022-12-14,0.0,38.42,16.85,51.81,14.9
2022-12-15,0.0,38.31,16.65,51.54,18.23
2022-12-16,0.0,37.95,16.64,58.06,16.4
2022-12-17,0.0,38.49,16.46,64.86,17.22
2022-12-18,0.0,38.26,17.8,51.06,14.97
2022-12-19,0.0,38.3,17.89,46.81,13.78
2022-12-20,0.0,36.75,18.47,40.73,17.9
2022-12-21,0.0,36.02,17.04,47.8,18.53
2022-12-22,0.0,35.42,16.17,48.4,16.57
2022-12-23,0.0,33.72,16.96,44.11,19.66
2022-12-24,0.0,35.07,16.01,48.61,21.73
2022-12-25,0.0,35.03,15.63,49.06,18.62
2022-12-26,0.0,36.76,15.34,47.17,16.93
2022-12-27,0.0,32.44,16.84,82.97,27.12
2022-12-28,0.0,32.07,17.59,77.7,32.47
2022-12-29,0.0,31.84,20.35,82.1,34.8
2022-12-30,0.0,29.98,18.95,83.43,43.4
2022-12-31,0.0,34.5,16.63,76.06,23.02
2023-01-01,0.0,36.65,17.69,59.78,17.83
2023-01-02,0.0,34.82,18.13,53.3,18.4
2023-01-03,0.0,35.95,17.0,50.14,18.21
2023-01-04,0.0,34.94,19.27,44.23,20.28
2023-01-05,0.0,33.72,19.01,46.28,21.18
2023-01-06,0.0,33.95,17.65,49.11,18.86
2023-01-07,0.0,32.07,18.32,46.06,23.27
2023-01-08,0.0,31.95,21.92,37.75,21.52
2023-01-09,0.0,32.21,21.95,57.89,20.39
2023-01-10,0.0,34.36,23.03,29.33,23.02
2023-01-11,0.0,34.96,18.88,45.28,20.18
2023-01-12,0.0,34.5,17.17,45.36,17.91
2023-01-13,0.0,35.41,17.28,44.83,20.57
2023-01-14,0.0,36.13,18.36,45.15,19.71
2023-01-15,0.0,37.05,18.49,46.32,17.95
2023-01-16,0.0,36.34,17.34,47.65,19.02
2023-01-17,0.0,37.7,19.65,42.99,19.55
2023-01-18,0.0,35.42,21.11,41.73,20.88
2023-01-19,0.0,36.91,18.8,47.81,20.68
2023-01-20,0.0,35.46,17.44,59.46,25.51
2023-01-21,0.0,33.04,15.83,78.45,26.59
2023-01-22,0.0,33.95,14.56,82.72,27.35
2023-01-23,0.0,35.36,15.37,87.8,27.94
2023-01-24,0.0,35.34,16.91,93.88,33.21
2023-01-25,0.0,35.25,18.16,93.03,41.74
2023-01-26,0.0,39.62,21.21,78.39,15.32
2023-01-27,0.0,39.7,21.58,46.76,20.41
2023-01-28,0.0,36.62,20.75,42.76,19.69
2023-01-29,0.0,33.07,14.35,47.89,19.58
2023-01-30,0.0,33.86,14.25,61.39,21.7
2023-01-31,0.0,35.84,13.74,61.0,20.31
2023-02-01,0.0,,,,
2023-02-02,0.0,,,,
2023-02-03,0.0,,,,
2023-02-04,0.0,,,,
2023-02-05,0.0,,,,
2023-02-06,0.0,,,,
2023-02-07,0.0,,,,
2023-02-08,0.0,,,,
2023-02-09,0.0,,,,
2023-02-10,0.0,,,,
2023-02-11,0.0,,,,
2023-02-12,0.0,,,,
2023-02-13,0.0,,,,
2023-02-14,0.0,,,,
2023-02-15,0.0,,,,
2023-02-16,0.0,,,,
2023-02-17,0.0,,,,
2023-02-18,0.0,,,,
2023-02-19,0.01,,,,
2023-02-20,0.0,,,,
2023-02-21,0.0,,,,
2023-02-22,0.0,,,,
2023-02-23,0.0,,,,
2023-02-24,0.0,,,,
2023-02-25,0.0,,,,
2023-02-26,0.0,,,,
2023-02-27,0.0,,,,
2023-02-28,0.0,,,,
2023-03-01,0.0,,,,
2023-03-02,0.0,,,,
2023-03-03,0.0,,,,
2023-03-04,0.0,,,,
2023-03-05,0.0,,,,
2023-03-06,0.0,,,,
2023-03-07,0.0,,,,
2023-03-08,0.0,,,,
2023-03-09,0.0,,,,
2023-03-10,0.0,,,,
2023-03-11,0.0,,,,
2023-03-12,0.0,,,,
2023-03-13,0.0,,,,
2023-03-14,0.0,,,,
2023-03-15,0.0,,,,
2023-03-16,0.0,,,,
2023-03-17,0.0,,,,
2023-03-18,0.0,,,,
2023-03-19,0.0,,,,
2023-03-20,0.0,,,,
2023-03-21,0.0,,,,
2023-03-22,0.0,,,,
2023-03-23,0.0,,,,
2023-03-24,0.0,,,,
2023-03-25,0.0,,,,
2023-03-26,0.0,,,,
2023-03-27,0.0,,,,
2023-03-28,0.0,,,,
2023-03-29,0.0,,,,
2023-03-30,0.0,,,,
2023-03-31,0.0,,,,
2023-04-01,0.0,,,,
2023-04-02,0.0,,,,
2023-04-03,0.0,,,,
2023-04-04,0.0,,,,
2023-04-05,0.0,,,,
2023-04-06,0.0,,,,
2023-04-07,0.0,,,,
2023-04-08,0.0,,,,
2023-04-09,0.0,,,,
2023-04-10,0.0,,,,
2023-04-11,0.0,,,,
2023-04-12,0.0,,,,
2023-04-13,0.0,,,,
2023-04-14,0.0,,,,
2023-04-15,0.0,,,,
2023-04-16,0.0,,,,
2023-04-17,0.0,,,,
2023-04-18,0.0,,,,
2023-04-19,0.0,,,,
2023-04-20,0.0,,,,
2023-04-21,0.0,,,,
2023-04-22,0.0,,,,
2023-04-23,0.0,,,,
2023-04-24,0.0,,,,
2023-04-25,0.0,,,,
2023-04-26,0.0,,,,
2023-04-27,0.0,,,,
2023-04-28,0.0,,,,
2023-04-29,0.0,,,,
2023-04-30,0.0,,,,
2023-05-03,0.0,,,,
2023-05-04,0.0,,,,
2023-05-05,0.0,,,,
2023-05-06,0.01,,,,
2023-05-07,0.0,,,,
2023-05-08,0.0,,,,
2023-05-09,0.0,,,,
2023-05-10,0.0,,,,
2023-05-11,0.0,,,,
2023-05-12,0.0,,,,
2023-05-13,0.0,,,,
2023-05-14,0.0,,,,
2023-05-15,0.0,,,,
2023-05-16,0.0,,,,
2023-05-17,0.0,,,,
2023-05-18,0.0,,,,
2023-05-19,0.0,,,,
2023-05-20,0.0,,,,
2023-05-21,0.0,,,,
2023-05-22,0.0,,,,
2023-05-23,0.0,,,,
2023-05-24,0.0,,,,
2023-05-25,0.0,,,,
2023-05-26,0.0,,,,
2023-05-27,0.02,,,,
2023-05-28,0.0,,,,
2023-05-29,0.0,,,,
2023-05-30,0.0,,,,
2023-05-31,0.0,,,,
2023-06-01,0.0,,,,
2023-06-02,0.01,,,,
2023-06-03,0.0,,,,
2023-06-04,0.0,,,,
2023-06-05,0.0,,,,
2023-06-06,0.0,,,,
2023-06-07,0.0,,,,
2023-06-08,0.0,,,,
2023-06-09,0.0,,,,
2023-06-10,0.0,,,,
2023-06-11,0.0,,,,
2023-06-12,0.0,,,,
2023-06-13,0.0,,,,
2023-06-14,0.0,,,,
2023-06-15,0.0,,,,
2023-06-16,0.0,,,,
2023-06-17,0.0,,,,
2023-06-18,7.48,,,,
2023-06-19,0.0,,,,
2023-06-20,0.0,,,,
2023-06-21,0.0,,,,
2023-06-22,0.0,,,,
2023-06-23,0.0,,,,
2023-06-24,0.0,,,,
2023-06-25,0.0,,,,
2023-06-26,0.0,,,,
2023-06-27,0.0,,,,
2023-06-28,0.0,,,,
2023-06-29,0.7,,,,
2023-06-30,0.16,,,,
2023-07-01,12.36,,,,
2023-07-02,2.0,,,,
2023-07-03,0.79,,,,
2023-07-04,0.0,,,,
2023-07-05,0.0,,,,
2023-07-06,0.0,,,,
2023-07-07,15.39,,,,
2023-07-08,0.0,,,,
2023-07-09,0.0,,,,
2023-07-10,23.11,,,,
2023-07-11,0.0,,,,
2023-07-12,0.0,,,,
2023-07-13,0.0,,,,
2023-07-14,0.0,,,,
2023-07-15,0.0,,,,
2023-07-16,9.65,,,,
2023-07-17,21.19,,,,
2023-07-18,0.21,,,,
2023-07-19,19.7,,,,
2023-07-20,1.2,,,,
2023-07-21,0.0,,,,
2023-07-22,0.0,,,,
2023-07-23,10.73,,,,
2023-07-24,5.18,,,,
2023-07-25,0.0,,,,
2023-07-26,0.01,,,,
2023-07-27,0.0,,,,
2023-07-28,0.0,,,,
2023-07-29,0.93,,,,
2023-07-30,0.0,,,,
2023-07-31,0.7,,,,
2023-08-01,0.0,,,,
2023-08-02,0.0,,,,
2023-08-03,0.0,,,,
2023-08-04,0.0,,,,
2023-08-05,0.3,,,,
2023-08-06,9.61,,,,
2023-08-07,0.12,,,,
2023-08-08,0.0,,,,
2023-08-09,0.0,,,,
2023-08-10,0.0,,,,
2023-08-11,1.95,,,,
2023-08-12,3.57,,,,
2023-08-13,0.92,,,,
2023-08-14,16.98,,,,
2023-08-15,13.38,,,,
2023-08-16,16.46,,,,
2023-08-17,0.68,,,,
2023-08-18,0.56,,,,
2023-08-19,23.28,,,,
2023-08-20,4.18,,,,
2023-08-21,0.0,,,,
2023-08-22,0.74,,,,
2023-08-23,0.0,,,,
2023-08-24,24.99,,,,
2023-08-25,0.0,,,,
2023-08-26,0.0,,,,
2023-08-27,0.07,,,,
2023-08-28,32.74,,,,
2023-08-29,3.02,,,,
2023-08-30,18.91,,,,
2023-08-31,0.01,,,,
2023-09-01,21.1,,,,
2023-09-02,0.0,,,,
2023-09-03,0.0,,,,
2023-09-04,16.09,,,,
2023-09-05,0.12,,,,
2023-09-06,0.0,,,,
2023-09-07,28.16,,,,
2023-09-08,0.07,,,,
2023-09-09,13.17,,,,
2023-09-10,0.05,,,,
2023-09-11,3.5,,,,
2023-09-12,0.16,,,,
2023-09-13,0.0,,,,
2023-09-14,0.0,,,,
2023-09-15,0.0,,,,
2023-09-16,2.44,,,,
2023-09-17,4.75,,,,
2023-09-18,1.61,,,,
2023-09-19,0.06,,,,
2023-09-20,0.0,,,,
2023-09-21,0.0,,,,
2023-09-22,3.12,,,,
2023-09-23,0.0,,,,
2023-09-24,23.16,,,,
2023-09-25,0.17,,,,
2023-09-26,1.54,,,,
2023-09-27,0.0,,,,
2023-09-28,0.0,,,,
2023-09-29,0.0,,,,
2023-09-30,0.0,,,,
2023-10-01,0.0,,,,
2023-10-02,0.17,,,,
2023-10-03,0.0,,,,
2023-10-04,2.64,,,,
2023-10-05,0.07,,,,
2023-10-06,0.0,,,,
2023-10-07,3.62,,,,
2023-10-08,0.74,,,,
2023-10-09,0.0,,,,
2023-10-10,8.9,,,,
2023-10-11,0.0,,,,
2023-10-12,0.0,,,,
2023-10-13,4.51,,,,
2023-10-14,0.0,,,,
2023-10-15,0.0,,,,
2023-10-16,0.0,,,,
2023-10-17,0.0,,,,
2023-10-18,0.0,,,,
2023-10-19,0.0,,,,
2023-10-20,0.0,,,,
