time,rain,tmax,tmin,rhmax,rhmin
1981-01-01,0.0,,,,
1981-01-02,0.0,,,,
1981-01-03,0.0,,,,
1981-01-04,0.0,,,,
1981-01-05,0.0,,,,
1981-01-06,0.0,,,,
1981-01-07,0.0,,,,
1981-01-08,0.0,,,,
1981-01-09,0.0,,,,
1981-01-10,0.0,,,,
1981-01-11,0.0,,,,
1981-01-12,0.0,,,,
1981-01-13,0.0,,,,
1981-01-14,0.0,,,,
1981-01-15,0.0,,,,
1981-01-16,0.0,,,,
1981-01-17,0.0,,,,
1981-01-18,0.0,,,,
1981-01-19,0.0,,,,
1981-01-20,0.0,,,,
1981-01-21,0.0,,,,
1981-01-22,0.0,,,,
1981-01-23,0.0,,,,
1981-01-24,0.0,,,,
1981-01-25,0.0,,,,
1981-01-26,0.0,,,,
1981-01-27,0.0,,,,
1981-01-28,0.0,,,,
1981-01-29,0.0,,,,
1981-01-30,0.0,,,,
1981-01-31,0.0,,,,
1981-02-01,0.0,,,,
1981-02-02,0.0,,,,
1981-02-03,0.0,,,,
1981-02-04,0.0,,,,
1981-02-05,0.0,,,,
1981-02-06,0.0,,,,
1981-02-07,0.0,,,,
1981-02-08,0.0,,,,
1981-02-09,0.0,,,,
1981-02-10,0.0,,,,
1981-02-11,0.0,,,,
1981-02-12,0.0,,,,
1981-02-13,0.0,,,,
1981-02-14,0.0,,,,
1981-02-15,0.0,,,,
1981-02-16,0.0,,,,
1981-02-17,0.0,,,,
1981-02-18,0.0,,,,
1981-02-19,0.0,,,,
1981-02-20,0.0,,,,
1981-02-21,0.0,,,,
1981-02-22,0.0,,,,
1981-02-23,0.0,,,,
1981-02-24,0.0,,,,
1981-02-25,0.0,,,,
1981-02-26,0.0,,,,
1981-02-27,0.0,,,,
1981-02-28,0.0,,,,
1981-03-01,0.0,,,,
1981-03-02,0.0,,,,
1981-03-03,0.0,,,,
1981-03-04,0.0,,,,
1981-03-05,0.0,,,,
1981-03-06,0.0,,,,
1981-03-07,0.0,,,,
1981-03-08,0.0,,,,
1981-03-09,0.0,,,,
1981-03-10,0.0,,,,
1981-03-11,0.0,,,,
1981-03-12,0.0,,,,
1981-03-13,0.0,,,,
1981-03-14,0.0,,,,
1981-03-15,0.0,,,,
1981-03-16,0.0,,,,
1981-03-17,0.0,,,,
1981-03-18,0.0,,,,
1981-03-19,0.0,,,,
1981-03-20,0.0,,,,
1981-03-21,0.0,,,,
1981-03-22,0.0,,,,
1981-03-23,0.0,,,,
1981-03-24,0.0,,,,
1981-03-25,0.0,,,,
1981-03-26,0.0,,,,
1981-03-27,0.0,,,,
1981-03-28,0.0,,,,
1981-03-29,0.0,,,,
1981-03-30,0.0,,,,
1981-03-31,0.0,,,,
1981-04-01,0.0,,,,
1981-04-02,0.0,,,,
1981-04-03,0.0,,,,
1981-04-04,0.0,,,,
1981-04-05,0.0,,,,
1981-04-06,0.0,,,,
1981-04-07,0.0,,,,
1981-04-08,0.0,,,,
1981-04-09,0.0,,,,
1981-04-10,0.0,,,,
1981-04-11,0.0,,,,
1981-04-12,0.0,,,,
1981-04-13,0.0,,,,
1981-04-14,0.0,,,,
1981-04-15,0.0,,,,
1981-04-16,0.0,,,,
1981-04-17,0.0,,,,
1981-04-18,0.0,,,,
1981-04-19,0.0,,,,
1981-04-20,0.0,,,,
1981-04-21,0.0,,,,
1981-04-22,0.0,,,,
1981-04-23,0.0,,,,
1981-04-24,0.0,,,,
1981-04-25,0.0,,,,
1981-04-26,0.0,,,,
1981-04-27,0.0,,,,
1981-04-28,0.0,,,,
1981-04-29,0.0,,,,
1981-04-30,0.0,,,,
1981-05-01,0.0,,,,
1981-05-02,0.0,,,,
1981-05-03,0.0,,,,
1981-05-04,0.0,,,,
1981-05-05,0.0,,,,
1981-05-06,0.0,,,,
1981-05-07,0.81,,,,
1981-05-08,0.0,,,,
1981-05-09,0.0,,,,
1981-05-10,0.0,,,,
1981-05-11,0.0,,,,
1981-05-12,4.52,,,,
1981-05-13,14.14,,,,
1981-05-14,9.58,,,,
1981-05-15,0.0,,,,
1981-05-16,0.0,,,,
1981-05-17,0.0,,,,
1981-05-18,0.0,,,,
1981-05-19,0.0,,,,
1981-05-20,0.0,,,,
1981-05-21,0.0,,,,
1981-05-22,0.0,,,,
1981-05-23,0.0,,,,
1981-05-24,4.07,,,,
1981-05-25,0.0,,,,
1981-05-26,0.0,,,,
1981-05-27,0.0,,,,
1981-05-28,0.0,,,,
1981-05-29,0.0,,,,
1981-05-30,0.17,,,,
1981-05-31,0.0,,,,
1981-06-01,0.0,,,,
1981-06-02,0.72,,,,
1981-06-03,0.0,,,,
1981-06-04,0.0,,,,
1981-06-05,0.0,,,,
1981-06-06,0.0,,,,
1981-06-07,0.0,,,,
1981-06-08,0.0,,,,
1981-06-09,0.18,,,,
1981-06-10,0.0,,,,
1981-06-11,0.0,,,,
1981-06-12,0.0,,,,
1981-06-13,0.0,,,,
1981-06-14,0.4,,,,
1981-06-15,0.02,,,,
1981-06-16,0.0,,,,
1981-06-17,0.0,,,,
1981-06-18,0.0,,,,
1981-06-19,0.0,,,,
1981-06-20,0.0,,,,
1981-06-21,0.0,,,,
1981-06-22,4.19,,,,
1981-06-23,0.0,,,,
1981-06-24,9.56,,,,
1981-06-25,0.0,,,,
1981-06-26,0.12,,,,
1981-06-27,1.65,,,,
1981-06-28,0.0,,,,
1981-06-29,0.38,,,,
1981-06-30,0.16,,,,
1981-07-01,0.0,,,,
1981-07-02,11.37,,,,
1981-07-03,1.93,,,,
1981-07-04,44.97,,,,
1981-07-05,0.07,,,,
1981-07-06,2.35,,,,
1981-07-07,3.94,,,,
1981-07-08,33.89,,,,
1981-07-09,0.38,,,,
1981-07-10,13.52,,,,
1981-07-11,0.0,,,,
1981-07-12,1.76,,,,
1981-07-13,2.65,,,,
1981-07-14,16.0,,,,
1981-07-15,2.24,,,,
1981-07-16,0.0,,,,
1981-07-17,0.0,,,,
1981-07-18,29.54,,,,
1981-07-19,8.97,,,,
1981-07-20,0.0,,,,
1981-07-21,0.75,,,,
1981-07-22,1.42,,,,
1981-07-23,18.82,,,,
1981-07-24,14.89,,,,
1981-07-25,0.17,,,,
1981-07-26,0.14,,,,
1981-07-27,0.0,,,,
1981-07-28,0.1,,,,
1981-07-29,12.67,,,,
1981-07-30,5.63,,,,
1981-07-31,0.0,,,,
1981-08-01,5.76,,,,
1981-08-02,10.82,,,,
1981-08-03,14.62,,,,
1981-08-04,5.92,,,,
1981-08-05,2.48,,,,
1981-08-06,1.57,,,,
1981-08-07,41.35,,,,
1981-08-08,0.0,,,,
1981-08-09,3.57,,,,
1981-08-10,15.6,,,,
1981-08-11,0.0,,,,
1981-08-12,2.18,,,,
1981-08-13,0.0,,,,
1981-08-14,0.33,,,,
1981-08-15,1.94,,,,
1981-08-16,5.47,,,,
1981-08-17,2.15,,,,
1981-08-18,21.18,,,,
1981-08-19,15.12,,,,
1981-08-20,8.11,,,,
1981-08-21,6.07,,,,
1981-08-22,0.23,,,,
1981-08-23,0.21,,,,
1981-08-24,0.0,,,,
1981-08-25,1.89,,,,
1981-08-26,2.77,,,,
1981-08-27,9.44,,,,
1981-08-28,22.06,,,,
1981-08-29,3.16,,,,
1981-08-30,4.54,,,,
1981-08-31,11.28,,,,
1981-09-01,0.17,,,,
1981-09-02,0.0,,,,
1981-09-03,0.0,,,,
1981-09-04,0.8,,,,
1981-09-05,4.63,,,,
1981-09-06,14.42,,,,
1981-09-07,0.27,,,,
1981-09-08,13.94,,,,
1981-09-09,5.91,,,,
1981-09-10,8.58,,,,
1981-09-11,20.0,,,,
1981-09-12,4.37,,,,
1981-09-13,4.39,,,,
1981-09-14,2.57,,,,
1981-09-15,0.52,,,,
1981-09-16,7.42,,,,
1981-09-17,7.06,,,,
1981-09-18,5.4,,,,
1981-09-19,0.0,,,,
1981-09-20,3.3,,,,
1981-09-21,6.85,,,,
1981-09-22,2.48,,,,
1981-09-23,0.92,,,,
1981-09-24,0.0,,,,
1981-09-25,0.0,,,,
1981-09-26,1.72,,,,
1981-09-27,0.32,,,,
1981-09-28,0.92,,,,
1981-09-29,0.54,,,,
1981-09-30,0.0,,,,
1981-10-01,0.83,,,,
1981-10-02,0.0,,,,
1981-10-03,0.46,,,,
1981-10-04,0.0,,,,
1981-10-05,0.0,,,,
1981-10-06,0.0,,,,
1981-10-07,0.0,,,,
1981-10-08,3.86,,,,
1981-10-09,0.0,,,,
1981-10-10,8.3,,,,
1981-10-11,0.03,,,,
1981-10-12,0.81,,,,
1981-10-13,0.0,,,,
1981-10-14,0.0,,,,
1981-10-15,0.0,,,,
1981-10-16,0.02,,,,
1981-10-17,0.0,,,,
1981-10-18,0.0,,,,
1981-10-19,0.0,,,,
1981-10-20,0.0,,,,
1981-10-21,0.15,,,,
1981-10-22,5.59,,,,
1981-10-23,0.0,,,,
1981-10-24,1.73,,,,
1981-10-25,0.0,,,,
1981-10-26,0.0,,,,
1981-10-27,0.0,,,,
1981-10-28,0.04,,,,
1981-10-29,0.0,,,,
1981-10-30,0.0,,,,
1981-10-31,0.0,,,,
1981-11-01,0.0,,,,
1981-11-02,0.0,,,,
1981-11-03,0.0,,,,
1981-11-04,0.0,,,,
1981-11-05,0.0,,,,
1981-11-06,0.0,,,,
1981-11-07,0.0,,,,
1981-11-08,0.0,,,,
1981-11-09,0.0,,,,
1981-11-10,0.0,,,,
1981-11-11,0.0,,,,
1981-11-12,0.0,,,,
1981-11-13,0.0,,,,
1981-11-14,0.0,,,,
1981-11-15,0.0,,,,
1981-11-16,0.0,,,,
1981-11-17,0.0,,,,
1981-11-18,0.0,,,,
1981-11-19,0.0,,,,
1981-11-20,0.0,,,,
1981-11-21,0.0,,,,
1981-11-22,0.0,,,,
1981-11-23,0.0,,,,
1981-11-24,0.0,,,,
1981-11-25,0.0,,,,
1981-11-26,0.0,,,,
1981-11-27,0.0,,,,
1981-11-28,0.0,,,,
1981-11-29,0.0,,,,
1981-11-30,0.0,,,,
1981-12-01,0.0,,,,
1981-12-02,0.0,,,,
1981-12-03,0.0,,,,
1981-12-04,0.0,,,,
1981-12-05,0.0,,,,
1981-12-06,0.0,,,,
1981-12-07,0.0,,,,
1981-12-08,0.0,,,,
1981-12-09,0.0,,,,
1981-12-10,0.0,,,,
1981-12-11,0.0,,,,
1981-12-12,0.0,,,,
1981-12-13,0.0,,,,
1981-12-14,0.0,,,,
1981-12-15,0.0,,,,
1981-12-16,0.0,,,,
1981-12-17,0.0,,,,
1981-12-18,0.0,,,,
1981-12-19,0.0,,,,
1981-12-20,0.0,,,,
1981-12-21,0.0,,,,
1981-12-22,0.0,,,,
1981-12-23,0.0,,,,
1981-12-24,0.0,,,,
1981-12-25,0.0,,,,
1981-12-26,0.0,,,,
1981-12-27,0.0,,,,
1981-12-28,0.0,,,,
1981-12-29,0.0,,,,
1981-12-30,0.0,,,,
1981-12-31,0.0,,,,
1982-01-01,0.0,,,,
1982-01-02,0.0,,,,
1982-01-03,0.0,,,,
1982-01-04,0.0,,,,
1982-01-05,0.0,,,,
1982-01-06,0.0,,,,
1982-01-07,0.0,,,,
1982-01-08,0.0,,,,
1982-01-09,0.0,,,,
1982-01-10,0.0,,,,
1982-01-11,0.0,,,,
1982-01-12,0.0,,,,
1982-01-13,0.0,,,,
1982-01-14,0.0,,,,
1982-01-15,0.0,,,,
1982-01-16,0.0,,,,
1982-01-17,0.0,,,,
1982-01-18,0.0,,,,
1982-01-19,0.0,,,,
1982-01-20,0.0,,,,
1982-01-21,0.0,,,,
1982-01-22,0.0,,,,
1982-01-23,0.0,,,,
1982-01-24,0.0,,,,
1982-01-25,0.0,,,,
1982-01-26,0.0,,,,
1982-01-27,0.0,,,,
1982-01-28,0.0,,,,
1982-01-29,0.0,,,,
1982-01-30,0.0,,,,
1982-01-31,0.0,,,,
1982-02-01,0.0,,,,
1982-02-02,0.0,,,,
1982-02-03,0.0,,,,
1982-02-04,0.0,,,,
1982-02-05,0.0,,,,
1982-02-06,0.0,,,,
1982-02-07,0.0,,,,
1982-02-08,0.0,,,,
1982-02-09,0.0,,,,
1982-02-10,0.0,,,,
1982-02-11,0.0,,,,
1982-02-12,0.0,,,,
1982-02-13,0.0,,,,
1982-02-14,0.0,,,,
1982-02-15,0.0,,,,
1982-02-16,0.0,,,,
1982-02-17,0.0,,,,
1982-02-18,0.0,,,,
1982-02-19,0.0,,,,
1982-02-20,0.0,,,,
1982-02-21,0.0,,,,
1982-02-22,0.0,,,,
1982-02-23,0.0,,,,
1982-02-24,0.0,,,,
1982-02-25,0.0,,,,
1982-02-26,0.0,,,,
1982-02-27,0.0,,,,
1982-02-28,0.0,,,,
1982-03-01,0.0,,,,
1982-03-02,0.0,,,,
1982-03-03,0.0,,,,
1982-03-04,0.0,,,,
1982-03-05,0.0,,,,
1982-03-06,0.0,,,,
1982-03-07,0.0,,,,
1982-03-08,0.0,,,,
1982-03-09,0.0,,,,
1982-03-10,0.0,,,,
1982-03-11,0.0,,,,
1982-03-12,0.0,,,,
1982-03-13,0.0,,,,
1982-03-14,0.0,,,,
1982-03-15,0.0,,,,
1982-03-16,0.0,,,,
1982-03-17,0.0,,,,
1982-03-18,0.0,,,,
1982-03-19,0.0,,,,
1982-03-20,0.0,,,,
1982-03-21,0.0,,,,
1982-03-22,0.0,,,,
1982-03-23,0.0,,,,
1982-03-24,0.0,,,,
1982-03-25,0.0,,,,
1982-03-26,0.0,,,,
1982-03-27,0.0,,,,
1982-03-28,0.0,,,,
1982-03-29,0.0,,,,
1982-03-30,0.0,,,,
1982-03-31,0.0,,,,
1982-04-01,0.0,,,,
1982-04-02,0.0,,,,
1982-04-03,0.0,,,,
1982-04-04,0.0,,,,
1982-04-05,0.0,,,,
1982-04-06,0.0,,,,
1982-04-07,0.0,,,,
1982-04-08,0.0,,,,
1982-04-09,0.0,,,,
1982-04-10,0.0,,,,
1982-04-11,0.0,,,,
1982-04-12,0.0,,,,
1982-04-13,0.0,,,,
1982-04-14,0.0,,,,
1982-04-15,0.0,,,,
1982-04-16,0.0,,,,
1982-04-17,0.0,,,,
1982-04-18,0.0,,,,
1982-04-19,0.0,,,,
1982-04-20,0.0,,,,
1982-04-21,0.0,,,,
1982-04-22,0.0,,,,
1982-04-23,0.0,,,,
1982-04-24,0.0,,,,
1982-04-25,0.0,,,,
1982-04-26,0.0,,,,
1982-04-27,0.0,,,,
1982-04-28,0.0,,,,
1982-04-29,0.0,,,,
1982-04-30,0.0,,,,
1982-05-01,0.0,,,,
1982-05-02,0.0,,,,
1982-05-03,0.0,,,,
1982-05-04,0.0,,,,
1982-05-05,0.0,,,,
1982-05-06,0.0,,,,
1982-05-07,0.0,,,,
1982-05-08,0.0,,,,
1982-05-09,0.0,,,,
1982-05-10,0.0,,,,
1982-05-11,1.22,,,,
1982-05-12,0.57,,,,
1982-05-13,0.0,,,,
1982-05-14,0.0,,,,
1982-05-15,0.0,,,,
1982-05-16,0.0,,,,
1982-05-17,0.0,,,,
1982-05-18,0.0,,,,
1982-05-19,0.0,,,,
1982-05-20,0.0,,,,
1982-05-21,0.0,,,,
1982-05-22,0.0,,,,
1982-05-23,0.0,,,,
1982-05-24,0.0,,,,
1982-05-25,0.0,,,,
1982-05-26,0.0,,,,
1982-05-27,0.0,,,,
1982-05-28,0.0,,,,
1982-05-29,0.0,,,,
1982-05-30,0.0,,,,
1982-05-31,0.43,,,,
1982-06-01,0.15,,,,
1982-06-02,0.0,,,,
1982-06-03,0.0,,,,
1982-06-04,0.0,,,,
1982-06-05,0.0,,,,
1982-06-06,0.0,,,,
1982-06-07,0.18,,,,
1982-06-08,6.05,,,,
1982-06-09,1.83,,,,
1982-06-10,0.0,,,,
1982-06-11,0.0,,,,
1982-06-12,0.0,,,,
1982-06-13,5.25,,,,
1982-06-14,11.25,,,,
1982-06-15,3.11,,,,
1982-06-16,0.0,,,,
1982-06-17,0.0,,,,
1982-06-18,1.31,,,,
1982-06-19,0.0,,,,
1982-06-20,5.46,,,,
1982-06-21,0.0,,,,
1982-06-22,0.0,,,,
1982-06-23,0.12,,,,
1982-06-24,0.0,,,,
1982-06-25,1.74,,,,
1982-06-26,2.14,,,,
1982-06-27,0.0,,,,
1982-06-28,0.0,,,,
1982-06-29,0.0,,,,
1982-06-30,1.5,,,,
1982-07-01,17.67,,,,
1982-07-02,0.09,,,,
1982-07-03,0.0,,,,
1982-07-04,0.0,,,,
1982-07-05,0.75,,,,
1982-07-06,0.0,,,,
1982-07-07,0.0,,,,
1982-07-08,0.15,,,,
1982-07-09,19.85,,,,
1982-07-10,0.4,,,,
1982-07-11,4.32,,,,
1982-07-12,0.0,,,,
1982-07-13,0.85,,,,
1982-07-14,4.54,,,,
1982-07-15,2.09,,,,
1982-07-16,1.85,,,,
1982-07-17,0.0,,,,
1982-07-18,0.1,,,,
1982-07-19,16.05,,,,
1982-07-20,0.2,,,,
1982-07-21,0.0,,,,
1982-07-22,3.4,,,,
1982-07-23,0.55,,,,
1982-07-24,1.0,,,,
1982-07-25,18.63,,,,
1982-07-26,0.0,,,,
1982-07-27,0.33,,,,
1982-07-28,6.67,,,,
1982-07-29,0.0,,,,
1982-07-30,0.0,,,,
1982-07-31,0.08,,,,
1982-08-01,0.0,,,,
1982-08-02,0.0,,,,
1982-08-03,0.0,,,,
1982-08-04,0.0,,,,
1982-08-05,1.2,,,,
1982-08-06,1.44,,,,
1982-08-07,13.41,,,,
1982-08-08,4.78,,,,
1982-08-09,29.87,,,,
1982-08-10,1.56,,,,
1982-08-11,15.45,,,,
1982-08-12,5.57,,,,
1982-08-13,15.33,,,,
1982-08-14,9.68,,,,
1982-08-15,0.0,,,,
1982-08-16,0.0,,,,
1982-08-17,2.32,,,,
1982-08-18,0.02,,,,
1982-08-19,0.48,,,,
1982-08-20,0.2,,,,
1982-08-21,10.07,,,,
1982-08-22,4.35,,,,
1982-08-23,1.6,,,,
1982-08-24,9.72,,,,
1982-08-25,0.91,,,,
1982-08-26,4.56,,,,
1982-08-27,9.41,,,,
1982-08-28,0.24,,,,
1982-08-29,0.19,,,,
1982-08-30,8.09,,,,
1982-08-31,3.12,,,,
1982-09-01,6.65,,,,
1982-09-02,0.0,,,,
1982-09-03,0.73,,,,
1982-09-04,1.01,,,,
1982-09-05,0.0,,,,
1982-09-06,3.57,,,,
1982-09-07,0.0,,,,
1982-09-08,1.83,,,,
1982-09-09,0.63,,,,
1982-09-10,3.61,,,,
1982-09-11,11.79,,,,
1982-09-12,1.22,,,,
1982-09-13,8.94,,,,
1982-09-14,2.06,,,,
1982-09-15,0.0,,,,
1982-09-16,15.95,,,,
1982-09-17,7.63,,,,
1982-09-18,0.0,,,,
1982-09-19,0.0,,,,
1982-09-20,0.76,,,,
1982-09-21,0.77,,,,
1982-09-22,0.0,,,,
1982-09-23,0.0,,,,
1982-09-24,0.0,,,,
1982-09-25,8.86,,,,
1982-09-26,0.0,,,,
1982-09-27,0.0,,,,
1982-09-28,0.0,,,,
1982-09-29,0.0,,,,
1982-09-30,0.0,,,,
1982-10-01,0.0,,,,
1982-10-02,0.58,,,,
1982-10-03,9.78,,,,
1982-10-04,1.11,,,,
1982-10-05,0.01,,,,
1982-10-06,0.0,,,,
1982-10-07,0.0,,,,
1982-10-08,8.05,,,,
1982-10-09,0.0,,,,
1982-10-10,0.21,,,,
1982-10-11,0.0,,,,
1982-10-12,2.41,,,,
1982-10-13,0.53,,,,
1982-10-14,0.16,,,,
1982-10-15,0.0,,,,
1982-10-16,0.0,,,,
1982-10-17,1.28,,,,
1982-10-18,0.0,,,,
1982-10-19,0.0,,,,
1982-10-20,0.06,,,,
1982-10-21,0.0,,,,
1982-10-22,0.0,,,,
1982-10-23,0.0,,,,
1982-10-24,0.0,,,,
1982-10-25,0.0,,,,
1982-10-26,0.0,,,,
1982-10-27,0.0,,,,
1982-10-28,0.0,,,,
1982-10-29,0.0,,,,
1982-10-30,0.0,,,,
1982-10-31,0.0,,,,
1982-11-01,0.0,,,,
1982-11-02,0.0,,,,
1982-11-03,0.0,,,,
1982-11-04,0.0,,,,
1982-11-05,0.0,,,,
1982-11-06,0.0,,,,
1982-11-07,0.0,,,,
1982-11-08,0.0,,,,
1982-11-09,0.0,,,,
1982-11-10,0.0,,,,
1982-11-11,0.0,,,,
1982-11-12,0.0,,,,
1982-11-13,0.0,,,,
1982-11-14,0.0,,,,
1982-11-15,0.0,,,,
1982-11-16,0.0,,,,
1982-11-17,0.0,,,,
1982-11-18,0.0,,,,
1982-11-19,0.0,,,,
1982-11-20,0.0,,,,
1982-11-21,0.0,,,,
1982-11-22,0.0,,,,
1982-11-23,0.0,,,,
1982-11-24,0.0,,,,
1982-11-25,0.0,,,,
1982-11-26,0.0,,,,
1982-11-27,0.0,,,,
1982-11-28,0.0,,,,
1982-11-29,0.0,,,,
1982-11-30,0.0,,,,
1982-12-01,0.0,,,,
1982-12-02,0.0,,,,
1982-12-03,0.0,,,,
1982-12-04,0.0,,,,
1982-12-05,0.0,,,,
1982-12-06,0.0,,,,
1982-12-07,0.0,,,,
1982-12-08,0.0,,,,
1982-12-09,0.0,,,,
1982-12-10,0.0,,,,
1982-12-11,0.0,,,,
1982-12-12,0.0,,,,
1982-12-13,0.0,,,,
1982-12-14,0.0,,,,
1982-12-15,0.0,,,,
1982-12-16,0.0,,,,
1982-12-17,0.0,,,,
1982-12-18,0.0,,,,
1982-12-19,0.0,,,,
1982-12-20,0.0,,,,
1982-12-21,0.0,,,,
1982-12-22,0.0,,,,
1982-12-23,0.0,,,,
1982-12-24,0.0,,,,
1982-12-25,0.0,,,,
1982-12-26,0.0,,,,
1982-12-27,0.0,,,,
1982-12-28,0.0,,,,
1982-12-29,0.0,,,,
1982-12-30,0.0,,,,
1982-12-31,0.0,,,,
1983-01-01,0.0,,,,
1983-01-02,0.0,,,,
1983-01-03,0.0,,,,
1983-01-04,0.0,,,,
1983-01-05,0.0,,,,
1983-01-06,0.0,,,,
1983-01-07,0.0,,,,
1983-01-08,0.0,,,,
1983-01-09,0.0,,,,
1983-01-10,0.0,,,,
1983-01-11,0.0,,,,
1983-01-12,0.0,,,,
1983-01-13,0.0,,,,
1983-01-14,0.0,,,,
1983-01-15,0.0,,,,
1983-01-16,0.0,,,,
1983-01-17,0.0,,,,
1983-01-18,0.0,,,,
1983-01-19,0.0,,,,
1983-01-20,0.0,,,,
1983-01-21,0.0,,,,
1983-01-22,0.0,,,,
1983-01-23,0.0,,,,
1983-01-24,0.0,,,,
1983-01-25,0.0,,,,
1983-01-26,0.0,,,,
1983-01-27,0.0,,,,
1983-01-28,0.0,,,,
1983-01-29,0.0,,,,
1983-01-30,0.0,,,,
1983-01-31,0.0,,,,
1983-02-01,0.0,,,,
1983-02-02,0.0,,,,
1983-02-03,0.0,,,,
1983-02-04,0.0,,,,
1983-02-05,0.0,,,,
1983-02-06,0.0,,,,
1983-02-07,0.0,,,,
1983-02-08,0.0,,,,
1983-02-09,0.0,,,,
1983-02-10,0.0,,,,
1983-02-11,0.0,,,,
1983-02-12,0.0,,,,
1983-02-13,0.0,,,,
1983-02-14,0.01,,,,
1983-02-15,0.0,,,,
1983-02-16,0.0,,,,
1983-02-17,0.0,,,,
1983-02-18,0.0,,,,
1983-02-19,0.0,,,,
1983-02-20,0.0,,,,
1983-02-21,0.0,,,,
1983-02-22,0.0,,,,
1983-02-23,0.0,,,,
1983-02-24,0.0,,,,
1983-02-25,0.0,,,,
1983-02-26,0.0,,,,
1983-02-27,0.0,,,,
1983-02-28,0.0,,,,
1983-03-01,0.0,,,,
1983-03-02,0.0,,,,
1983-03-03,0.0,,,,
1983-03-04,0.0,,,,
1983-03-05,0.0,,,,
1983-03-06,0.0,,,,
1983-03-07,0.0,,,,
1983-03-08,0.0,,,,
1983-03-09,0.0,,,,
1983-03-10,0.0,,,,
1983-03-11,0.0,,,,
1983-03-12,0.0,,,,
1983-03-13,0.0,,,,
1983-03-14,0.0,,,,
1983-03-15,0.0,,,,
1983-03-16,0.0,,,,
1983-03-17,0.0,,,,
1983-03-18,0.0,,,,
1983-03-19,0.0,,,,
1983-03-20,0.0,,,,
1983-03-21,0.0,,,,
1983-03-22,0.0,,,,
1983-03-23,0.0,,,,
1983-03-24,0.0,,,,
1983-03-25,0.0,,,,
1983-03-26,0.0,,,,
1983-03-27,0.0,,,,
1983-03-28,0.0,,,,
1983-03-29,0.0,,,,
1983-03-30,0.0,,,,
1983-03-31,0.0,,,,
1983-04-01,0.0,,,,
1983-04-02,0.0,,,,
1983-04-03,0.0,,,,
1983-04-04,0.0,,,,
1983-04-05,0.0,,,,
1983-04-06,0.0,,,,
1983-04-07,0.0,,,,
1983-04-08,0.0,,,,
1983-04-09,0.0,,,,
1983-04-10,0.0,,,,
1983-04-11,0.0,,,,
1983-04-12,0.0,,,,
1983-04-13,0.0,,,,
1983-04-14,0.0,,,,
1983-04-15,0.0,,,,
1983-04-16,0.0,,,,
1983-04-17,0.0,,,,
1983-04-18,0.0,,,,
1983-04-19,0.0,,,,
1983-04-20,0.0,,,,
1983-04-21,0.0,,,,
1983-04-22,0.0,,,,
1983-04-23,0.0,,,,
1983-04-24,0.0,,,,
1983-04-25,0.0,,,,
1983-04-26,0.0,,,,
1983-04-27,0.0,,,,
1983-04-28,0.0,,,,
1983-04-29,0.0,,,,
1983-04-30,0.0,,,,
1983-05-01,0.0,,,,
1983-05-02,0.0,,,,
1983-05-03,0.0,,,,
1983-05-04,0.0,,,,
1983-05-05,0.0,,,,
1983-05-06,0.02,,,,
1983-05-07,0.0,,,,
1983-05-08,0.01,,,,
1983-05-09,0.0,,,,
1983-05-10,0.0,,,,
1983-05-11,0.0,,,,
1983-05-12,0.0,,,,
1983-05-13,0.0,,,,
1983-05-14,0.0,,,,
1983-05-15,0.0,,,,
1983-05-16,0.0,,,,
1983-05-17,0.0,,,,
1983-05-18,0.01,,,,
1983-05-19,0.0,,,,
1983-05-20,0.0,,,,
1983-05-21,0.0,,,,
1983-05-22,0.1,,,,
1983-05-23,0.0,,,,
1983-05-24,0.0,,,,
1983-05-25,0.0,,,,
1983-05-26,9.97,,,,
1983-05-27,0.0,,,,
1983-05-28,0.76,,,,
1983-05-29,0.03,,,,
1983-05-30,0.23,,,,
1983-05-31,0.0,,,,
1983-06-01,0.92,,,,
1983-06-02,0.0,,,,
1983-06-03,0.0,,,,
1983-06-04,0.0,,,,
1983-06-05,1.46,,,,
1983-06-06,0.0,,,,
1983-06-07,0.04,,,,
1983-06-08,0.0,,,,
1983-06-09,0.0,,,,
1983-06-10,0.0,,,,
1983-06-11,0.88,,,,
1983-06-12,0.46,,,,
1983-06-13,0.06,,,,
1983-06-14,0.0,,,,
1983-06-15,0.0,,,,
1983-06-16,2.48,,,,
1983-06-17,3.66,,,,
1983-06-18,17.09,,,,
1983-06-19,1.38,,,,
1983-06-20,2.17,,,,
1983-06-21,10.24,,,,
1983-06-22,1.14,,,,
1983-06-23,0.12,,,,
1983-06-24,0.0,,,,
1983-06-25,8.04,,,,
1983-06-26,0.63,,,,
1983-06-27,0.22,,,,
1983-06-28,0.43,,,,
1983-06-29,0.44,,,,
1983-06-30,0.0,,,,
1983-07-01,16.31,,,,
1983-07-02,1.27,,,,
1983-07-03,4.1,,,,
1983-07-04,4.59,,,,
1983-07-05,1.86,,,,
1983-07-06,0.13,,,,
1983-07-07,5.87,,,,
1983-07-08,49.44,,,,
1983-07-09,0.0,,,,
1983-07-10,0.88,,,,
1983-07-11,1.16,,,,
1983-07-12,2.6,,,,
1983-07-13,3.65,,,,
1983-07-14,0.0,,,,
1983-07-15,0.0,,,,
1983-07-16,0.54,,,,
1983-07-17,0.0,,,,
1983-07-18,0.54,,,,
1983-07-19,0.0,,,,
1983-07-20,10.52,,,,
1983-07-21,0.0,,,,
1983-07-22,0.0,,,,
1983-07-23,0.0,,,,
1983-07-24,0.01,,,,
1983-07-25,0.0,,,,
1983-07-26,0.0,,,,
1983-07-27,0.0,,,,
1983-07-28,0.0,,,,
1983-07-29,0.17,,,,
1983-07-30,0.35,,,,
1983-07-31,0.07,,,,
1983-08-01,0.0,,,,
1983-08-02,8.84,,,,
1983-08-03,1.14,,,,
1983-08-04,0.0,,,,
1983-08-05,0.02,,,,
1983-08-06,0.0,,,,
1983-08-07,0.0,,,,
1983-08-08,3.11,,,,
1983-08-09,6.42,,,,
1983-08-10,0.07,,,,
1983-08-11,0.0,,,,
1983-08-12,3.12,,,,
1983-08-13,0.56,,,,
1983-08-14,0.14,,,,
1983-08-15,0.0,,,,
1983-08-16,0.08,,,,
1983-08-17,0.0,,,,
1983-08-18,0.07,,,,
1983-08-19,0.0,,,,
1983-08-20,15.05,,,,
1983-08-21,12.26,,,,
1983-08-22,1.95,,,,
1983-08-23,0.17,,,,
1983-08-24,0.0,,,,
1983-08-25,0.0,,,,
1983-08-26,0.4,,,,
1983-08-27,0.0,,,,
1983-08-28,7.84,,,,
1983-08-29,2.93,,,,
1983-08-30,0.13,,,,
1983-08-31,14.74,,,,
1983-09-01,0.0,,,,
1983-09-02,0.0,,,,
1983-09-03,11.75,,,,
1983-09-04,0.0,,,,
1983-09-05,0.0,,,,
1983-09-06,0.0,,,,
1983-09-07,0.0,,,,
1983-09-08,4.91,,,,
1983-09-09,1.84,,,,
1983-09-10,0.09,,,,
1983-09-11,17.24,,,,
1983-09-12,0.17,,,,
1983-09-13,0.2,,,,
1983-09-14,0.0,,,,
1983-09-15,0.14,,,,
1983-09-16,0.0,,,,
1983-09-17,0.0,,,,
1983-09-18,0.66,,,,
1983-09-19,0.51,,,,
1983-09-20,3.21,,,,
1983-09-21,0.11,,,,
1983-09-22,0.02,,,,
1983-09-23,0.0,,,,
1983-09-24,0.0,,,,
1983-09-25,0.0,,,,
1983-09-26,0.0,,,,
1983-09-27,0.0,,,,
1983-09-28,0.0,,,,
1983-09-29,0.0,,,,
1983-09-30,0.1,,,,
1983-10-01,0.0,,,,
1983-10-02,0.0,,,,
1983-10-03,0.0,,,,
1983-10-04,2.26,,,,
1983-10-05,1.35,,,,
1983-10-06,0.03,,,,
1983-10-07,0.0,,,,
1983-10-08,0.02,,,,
1983-10-09,0.0,,,,
1983-10-10,0.03,,,,
1983-10-11,0.0,,,,
1983-10-12,0.62,,,,
1983-10-13,0.0,,,,
1983-10-14,0.0,,,,
1983-10-15,0.74,,,,
1983-10-16,0.0,,,,
1983-10-17,0.27,,,,
1983-10-18,0.0,,,,
1983-10-19,0.33,,,,
1983-10-20,0.0,,,,
1983-10-21,0.01,,,,
1983-10-22,0.0,,,,
1983-10-23,0.0,,,,
1983-10-24,0.0,,,,
1983-10-25,0.01,,,,
1983-10-26,0.0,,,,
1983-10-27,0.03,,,,
1983-10-28,0.0,,,,
1983-10-29,0.0,,,,
1983-10-30,0.0,,,,
1983-10-31,0.0,,,,
1983-11-01,0.0,,,,
1983-11-02,0.0,,,,
1983-11-03,0.0,,,,
1983-11-04,0.0,,,,
1983-11-05,0.0,,,,
1983-11-06,0.0,,,,
1983-11-07,0.0,,,,
1983-11-08,0.0,,,,
1983-11-09,0.0,,,,
1983-11-10,0.0,,,,
1983-11-11,0.0,,,,
1983-11-12,0.0,,,,
1983-11-13,0.0,,,,
1983-11-14,0.0,,,,
1983-11-15,0.0,,,,
1983-11-16,0.0,,,,
1983-11-17,0.0,,,,
1983-11-18,0.0,,,,
1983-11-19,0.0,,,,
1983-11-20,0.0,,,,
1983-11-21,0.0,,,,
1983-11-22,0.0,,,,
1983-11-23,0.0,,,,
1983-11-24,0.0,,,,
1983-11-25,0.0,,,,
1983-11-26,0.0,,,,
1983-11-27,0.0,,,,
1983-11-28,0.0,,,,
1983-11-29,0.0,,,,
1983-11-30,0.0,,,,
1983-12-01,0.0,,,,
1983-12-02,0.0,,,,
1983-12-03,0.0,,,,
1983-12-04,0.0,,,,
1983-12-05,0.0,,,,
1983-12-06,0.0,,,,
1983-12-07,0.0,,,,
1983-12-08,0.0,,,,
1983-12-09,0.0,,,,
1983-12-10,0.0,,,,
1983-12-11,0.0,,,,
1983-12-12,0.0,,,,
1983-12-13,0.0,,,,
1983-12-14,0.0,,,,
1983-12-15,0.0,,,,
1983-12-16,0.0,,,,
1983-12-17,0.0,,,,
1983-12-18,0.0,,,,
1983-12-19,0.0,,,,
1983-12-20,0.0,,,,
1983-12-21,0.0,,,,
1983-12-22,0.0,,,,
1983-12-23,0.0,,,,
1983-12-24,0.0,,,,
1983-12-25,0.0,,,,
1983-12-26,0.0,,,,
1983-12-27,0.0,,,,
1983-12-28,0.0,,,,
1983-12-29,0.0,,,,
1983-12-30,0.0,,,,
1983-12-31,0.0,,,,
1984-01-01,0.0,,,,
1984-01-02,0.0,,,,
1984-01-03,0.0,,,,
1984-01-04,0.0,,,,
1984-01-05,0.0,,,,
1984-01-06,0.0,,,,
1984-01-07,0.0,,,,
1984-01-08,0.0,,,,
1984-01-09,0.0,,,,
1984-01-10,0.0,,,,
1984-01-11,0.0,,,,
1984-01-12,0.0,,,,
1984-01-13,0.0,,,,
1984-01-14,0.0,,,,
1984-01-15,0.0,,,,
1984-01-16,0.0,,,,
1984-01-17,0.0,,,,
1984-01-18,0.0,,,,
1984-01-19,0.0,,,,
1984-01-20,0.0,,,,
1984-01-21,0.0,,,,
1984-01-22,0.0,,,,
1984-01-23,0.0,,,,
1984-01-24,0.0,,,,
1984-01-25,0.0,,,,
1984-01-26,0.0,,,,
1984-01-27,0.0,,,,
1984-01-28,0.0,,,,
1984-01-29,0.0,,,,
1984-01-30,0.0,,,,
1984-01-31,0.0,,,,
1984-02-01,0.0,,,,
1984-02-02,0.0,,,,
1984-02-03,0.0,,,,
1984-02-04,0.0,,,,
1984-02-05,0.0,,,,
1984-02-06,0.0,,,,
1984-02-07,0.0,,,,
1984-02-08,0.0,,,,
1984-02-09,0.0,,,,
1984-02-10,0.0,,,,
1984-02-11,0.0,,,,
1984-02-12,0.0,,,,
1984-02-13,0.0,,,,
1984-02-14,0.0,,,,
1984-02-15,0.0,,,,
1984-02-16,0.0,,,,
1984-02-17,0.0,,,,
1984-02-18,0.0,,,,
1984-02-19,0.0,,,,
1984-02-20,0.0,,,,
1984-02-21,0.0,,,,
1984-02-22,0.0,,,,
1984-02-23,0.0,,,,
1984-02-24,0.0,,,,
1984-02-25,0.0,,,,
1984-02-26,0.0,,,,
1984-02-27,0.0,,,,
1984-02-28,0.0,,,,
1984-02-29,0.0,,,,
1984-03-01,0.0,,,,
1984-03-02,0.0,,,,
1984-03-03,0.0,,,,
1984-03-04,0.0,,,,
1984-03-05,0.0,,,,
1984-03-06,0.0,,,,
1984-03-07,0.0,,,,
1984-03-08,0.0,,,,
1984-03-09,0.0,,,,
1984-03-10,0.0,,,,
1984-03-11,0.0,,,,
1984-03-12,0.0,,,,
1984-03-13,0.0,,,,
1984-03-14,0.0,,,,
1984-03-15,0.0,,,,
1984-03-16,0.0,,,,
1984-03-17,0.0,,,,
1984-03-18,0.0,,,,
1984-03-19,0.0,,,,
1984-03-20,0.0,,,,
1984-03-21,0.0,,,,
1984-03-22,0.0,,,,
1984-03-23,0.0,,,,
1984-03-24,0.0,,,,
1984-03-25,0.0,,,,
1984-03-26,0.0,,,,
1984-03-27,0.0,,,,
1984-03-28,0.0,,,,
1984-03-29,0.0,,,,
1984-03-30,0.0,,,,
1984-03-31,0.0,,,,
1984-04-01,0.0,,,,
1984-04-02,0.0,,,,
1984-04-03,0.0,,,,
1984-04-04,0.0,,,,
1984-04-05,0.0,,,,
1984-04-06,0.0,,,,
1984-04-07,0.0,,,,
1984-04-08,0.0,,,,
1984-04-09,0.0,,,,
1984-04-10,0.0,,,,
1984-04-11,0.0,,,,
1984-04-12,0.0,,,,
1984-04-13,0.0,,,,
1984-04-14,0.0,,,,
1984-04-15,0.0,,,,
1984-04-16,0.0,,,,
1984-04-17,0.0,,,,
1984-04-18,0.0,,,,
1984-04-19,0.0,,,,
1984-04-20,0.0,,,,
1984-04-21,0.0,,,,
1984-04-22,0.0,,,,
1984-04-23,0.0,,,,
1984-04-24,0.0,,,,
1984-04-25,0.0,,,,
1984-04-26,0.0,,,,
1984-04-27,0.0,,,,
1984-04-28,0.0,,,,
1984-04-29,0.0,,,,
1984-04-30,0.0,,,,
1984-05-01,0.0,,,,
1984-05-02,0.0,,,,
1984-05-03,0.1,,,,
1984-05-04,0.0,,,,
1984-05-05,0.0,,,,
1984-05-06,0.0,,,,
1984-05-07,0.0,,,,
1984-05-08,0.03,,,,
1984-05-09,0.0,,,,
1984-05-10,0.0,,,,
1984-05-11,0.01,,,,
1984-05-12,0.0,,,,
1984-05-13,0.0,,,,
1984-05-14,0.0,,,,
1984-05-15,0.0,,,,
1984-05-16,0.0,,,,
1984-05-17,0.0,,,,
1984-05-18,0.0,,,,
1984-05-19,0.0,,,,
1984-05-20,0.0,,,,
1984-05-21,0.0,,,,
1984-05-22,0.02,,,,
1984-05-23,0.13,,,,
1984-05-24,3.27,,,,
1984-05-25,0.25,,,,
1984-05-26,0.0,,,,
1984-05-27,0.0,,,,
1984-05-28,0.0,,,,
1984-05-29,0.0,,,,
1984-05-30,0.0,,,,
1984-05-31,1.22,,,,
1984-06-01,1.78,,,,
1984-06-02,10.04,,,,
1984-06-03,1.22,,,,
1984-06-04,6.05,,,,
1984-06-05,0.0,,,,
1984-06-06,0.0,,,,
1984-06-07,0.0,,,,
1984-06-08,0.75,,,,
1984-06-09,5.23,,,,
1984-06-10,0.0,,,,
1984-06-11,0.0,,,,
1984-06-12,0.0,,,,
1984-06-13,2.38,,,,
1984-06-14,0.0,,,,
1984-06-15,13.35,,,,
1984-06-16,14.03,,,,
1984-06-17,0.08,,,,
1984-06-18,0.05,,,,
1984-06-19,30.86,,,,
1984-06-20,0.37,,,,
1984-06-21,0.0,,,,
1984-06-22,0.0,,,,
1984-06-23,0.12,,,,
1984-06-24,6.09,,,,
1984-06-25,4.21,,,,
1984-06-26,7.13,,,,
1984-06-27,3.32,,,,
1984-06-28,20.48,,,,
1984-06-29,0.0,,,,
1984-06-30,0.0,,,,
1984-07-01,0.0,,,,
1984-07-02,0.0,,,,
1984-07-03,0.0,,,,
1984-07-04,1.01,,,,
1984-07-05,0.64,,,,
1984-07-06,0.0,,,,
1984-07-07,0.01,,,,
1984-07-08,0.0,,,,
1984-07-09,0.58,,,,
1984-07-10,2.02,,,,
1984-07-11,0.06,,,,
1984-07-12,0.19,,,,
1984-07-13,6.9,,,,
1984-07-14,1.29,,,,
1984-07-15,2.14,,,,
1984-07-16,0.0,,,,
1984-07-17,0.22,,,,
1984-07-18,0.0,,,,
1984-07-19,0.91,,,,
1984-07-20,6.08,,,,
1984-07-21,15.6,,,,
1984-07-22,4.47,,,,
1984-07-23,1.76,,,,
1984-07-24,0.13,,,,
1984-07-25,0.01,,,,
1984-07-26,0.47,,,,
1984-07-27,1.73,,,,
1984-07-28,0.0,,,,
1984-07-29,0.01,,,,
1984-07-30,6.25,,,,
1984-07-31,0.0,,,,
1984-08-01,0.03,,,,
1984-08-02,1.17,,,,
1984-08-03,2.76,,,,
1984-08-04,0.0,,,,
1984-08-05,3.85,,,,
1984-08-06,0.0,,,,
1984-08-07,0.03,,,,
1984-08-08,0.0,,,,
1984-08-09,0.39,,,,
1984-08-10,1.6,,,,
1984-08-11,0.0,,,,
1984-08-12,0.56,,,,
1984-08-13,7.93,,,,
1984-08-14,0.19,,,,
1984-08-15,0.0,,,,
1984-08-16,0.0,,,,
1984-08-17,0.09,,,,
1984-08-18,0.0,,,,
1984-08-19,2.38,,,,
1984-08-20,1.53,,,,
1984-08-21,0.0,,,,
1984-08-22,0.02,,,,
1984-08-23,0.0,,,,
1984-08-24,0.05,,,,
1984-08-25,9.43,,,,
1984-08-26,0.0,,,,
1984-08-27,4.41,,,,
1984-08-28,0.0,,,,
1984-08-29,4.68,,,,
1984-08-30,14.37,,,,
1984-08-31,0.0,,,,
1984-09-01,11.08,,,,
1984-09-02,0.5,,,,
1984-09-03,14.27,,,,
1984-09-04,0.72,,,,
1984-09-05,0.0,,,,
1984-09-06,0.0,,,,
1984-09-07,0.16,,,,
1984-09-08,0.0,,,,
1984-09-09,1.51,,,,
1984-09-10,0.0,,,,
1984-09-11,10.93,,,,
1984-09-12,5.9,,,,
1984-09-13,0.81,,,,
1984-09-14,1.82,,,,
1984-09-15,6.33,,,,
1984-09-16,0.01,,,,
1984-09-17,0.0,,,,
1984-09-18,0.0,,,,
1984-09-19,4.05,,,,
1984-09-20,0.09,,,,
1984-09-21,0.02,,,,
1984-09-22,0.19,,,,
1984-09-23,0.01,,,,
1984-09-24,2.62,,,,
1984-09-25,7.16,,,,
1984-09-26,0.0,,,,
1984-09-27,0.29,,,,
1984-09-28,0.0,,,,
1984-09-29,5.85,,,,
1984-09-30,1.9,,,,
1984-10-01,3.14,,,,
1984-10-02,5.4,,,,
1984-10-03,26.14,,,,
1984-10-04,23.06,,,,
1984-10-05,4.96,,,,
1984-10-06,0.0,,,,
1984-10-07,0.01,,,,
1984-10-08,1.23,,,,
1984-10-09,0.02,,,,
1984-10-10,0.03,,,,
1984-10-11,0.0,,,,
1984-10-12,0.01,,,,
1984-10-13,0.59,,,,
1984-10-14,0.0,,,,
1984-10-15,0.0,,,,
1984-10-16,0.0,,,,
1984-10-17,0.0,,,,
1984-10-18,0.0,,,,
1984-10-19,0.0,,,,
1984-10-20,0.08,,,,
1984-10-21,0.0,,,,
1984-10-22,0.0,,,,
1984-10-23,0.0,,,,
1984-10-24,0.0,,,,
1984-10-25,0.0,,,,
1984-10-26,0.0,,,,
1984-10-27,0.0,,,,
1984-10-28,0.0,,,,
1984-10-29,0.0,,,,
1984-10-30,0.0,,,,
1984-10-31,0.0,,,,
1984-11-01,0.0,,,,
1984-11-02,0.0,,,,
1984-11-03,0.0,,,,
1984-11-04,0.0,,,,
1984-11-05,0.0,,,,
1984-11-06,0.0,,,,
1984-11-07,0.0,,,,
1984-11-08,0.0,,,,
1984-11-09,0.0,,,,
1984-11-10,0.0,,,,
1984-11-11,0.0,,,,
1984-11-12,0.0,,,,
1984-11-13,0.0,,,,
1984-11-14,0.0,,,,
1984-11-15,0.0,,,,
1984-11-16,0.0,,,,
1984-11-17,0.03,,,,
1984-11-18,0.0,,,,
1984-11-19,0.0,,,,
1984-11-20,0.0,,,,
1984-11-21,0.0,,,,
1984-11-22,0.0,,,,
1984-11-23,0.0,,,,
1984-11-24,0.0,,,,
1984-11-25,0.0,,,,
1984-11-26,0.0,,,,
1984-11-27,0.0,,,,
1984-11-28,0.0,,,,
1984-11-29,0.0,,,,
1984-11-30,0.0,,,,
1984-12-01,0.0,,,,
1984-12-02,0.0,,,,
1984-12-03,0.0,,,,
1984-12-04,0.0,,,,
1984-12-05,0.0,,,,
1984-12-06,0.0,,,,
1984-12-07,0.0,,,,
1984-12-08,0.0,,,,
1984-12-09,0.0,,,,
1984-12-10,0.0,,,,
1984-12-11,0.0,,,,
1984-12-12,0.0,,,,
1984-12-13,0.0,,,,
1984-12-14,0.0,,,,
1984-12-15,0.0,,,,
1984-12-16,0.0,,,,
1984-12-17,0.0,,,,
1984-12-18,0.0,,,,
1984-12-19,0.0,,,,
1984-12-20,0.0,,,,
1984-12-21,0.0,,,,
1984-12-22,0.0,,,,
1984-12-23,0.0,,,,
1984-12-24,0.0,,,,
1984-12-25,0.0,,,,
1984-12-26,0.0,,,,
1984-12-27,0.0,,,,
1984-12-28,0.0,,,,
1984-12-29,0.0,,,,
1984-12-30,0.0,,,,
1984-12-31,0.0,,,,
1985-01-01,0.0,,,,
1985-01-02,0.0,,,,
1985-01-03,0.0,,,,
1985-01-04,0.0,,,,
1985-01-05,0.0,,,,
1985-01-06,0.0,,,,
1985-01-07,0.0,,,,
1985-01-08,0.0,,,,
1985-01-09,0.0,,,,
1985-01-10,0.0,,,,
1985-01-11,0.0,,,,
1985-01-12,0.0,,,,
1985-01-13,0.0,,,,
1985-01-14,0.0,,,,
1985-01-15,0.0,,,,
1985-01-16,0.0,,,,
1985-01-17,0.0,,,,
1985-01-18,0.0,,,,
1985-01-19,0.0,,,,
1985-01-20,0.0,,,,
1985-01-21,0.0,,,,
1985-01-22,0.0,,,,
1985-01-23,0.0,,,,
1985-01-24,0.0,,,,
1985-01-25,0.0,,,,
1985-01-26,0.0,,,,
1985-01-27,0.0,,,,
1985-01-28,0.0,,,,
1985-01-29,0.0,,,,
1985-01-30,0.0,,,,
1985-01-31,0.0,,,,
1985-02-01,0.0,,,,
1985-02-02,0.0,,,,
1985-02-03,0.0,,,,
1985-02-04,0.0,,,,
1985-02-05,0.0,,,,
1985-02-06,0.0,,,,
1985-02-07,0.0,,,,
1985-02-08,0.0,,,,
1985-02-09,0.0,,,,
1985-02-10,0.0,,,,
1985-02-11,0.0,,,,
1985-02-12,0.0,,,,
1985-02-13,0.0,,,,
1985-02-14,0.0,,,,
1985-02-15,0.0,,,,
1985-02-16,0.0,,,,
1985-02-17,0.0,,,,
1985-02-18,0.0,,,,
1985-02-19,0.0,,,,
1985-02-20,0.0,,,,
1985-02-21,0.0,,,,
1985-02-22,0.0,,,,
1985-02-23,0.0,,,,
1985-02-24,0.0,,,,
1985-02-25,0.0,,,,
1985-02-26,0.0,,,,
1985-02-27,0.0,,,,
1985-02-28,0.0,,,,
1985-03-01,0.0,,,,
1985-03-02,0.0,,,,
1985-03-03,0.0,,,,
1985-03-04,0.0,,,,
1985-03-05,0.0,,,,
1985-03-06,0.0,,,,
1985-03-07,0.0,,,,
1985-03-08,0.0,,,,
1985-03-09,0.0,,,,
1985-03-10,0.0,,,,
1985-03-11,0.0,,,,
1985-03-12,0.0,,,,
1985-03-13,0.0,,,,
1985-03-14,0.0,,,,
1985-03-15,0.0,,,,
1985-03-16,0.0,,,,
1985-03-17,0.0,,,,
1985-03-18,0.0,,,,
1985-03-19,0.0,,,,
1985-03-20,0.0,,,,
1985-03-21,0.0,,,,
1985-03-22,0.0,,,,
1985-03-23,0.0,,,,
1985-03-24,0.0,,,,
1985-03-25,0.0,,,,
1985-03-26,0.0,,,,
1985-03-27,0.0,,,,
1985-03-28,0.0,,,,
1985-03-29,0.0,,,,
1985-03-30,0.0,,,,
1985-03-31,0.0,,,,
1985-04-01,0.0,,,,
1985-04-02,0.0,,,,
1985-04-03,0.0,,,,
1985-04-04,0.0,,,,
1985-04-05,0.0,,,,
1985-04-06,0.0,,,,
1985-04-07,0.0,,,,
1985-04-08,0.13,,,,
1985-04-09,0.0,,,,
1985-04-10,0.0,,,,
1985-04-11,0.0,,,,
1985-04-12,0.0,,,,
1985-04-13,0.0,,,,
1985-04-14,0.0,,,,
1985-04-15,0.0,,,,
1985-04-16,0.0,,,,
1985-04-17,0.0,,,,
1985-04-18,0.0,,,,
1985-04-19,0.0,,,,
1985-04-20,0.0,,,,
1985-04-21,0.0,,,,
1985-04-22,0.0,,,,
1985-04-23,0.0,,,,
1985-04-24,0.0,,,,
1985-04-25,0.0,,,,
1985-04-26,0.0,,,,
1985-04-27,0.0,,,,
1985-04-28,0.0,,,,
1985-04-29,0.0,,,,
1985-04-30,0.0,,,,
1985-05-01,0.0,,,,
1985-05-02,0.0,,,,
1985-05-03,0.0,,,,
1985-05-04,0.0,,,,
1985-05-05,0.0,,,,
1985-05-06,0.0,,,,
1985-05-07,0.0,,,,
1985-05-08,0.0,,,,
1985-05-09,0.0,,,,
1985-05-10,0.0,,,,
1985-05-11,0.0,,,,
1985-05-12,0.0,,,,
1985-05-13,0.0,,,,
1985-05-14,0.0,,,,
1985-05-15,0.02,,,,
1985-05-16,0.0,,,,
1985-05-17,0.0,,,,
1985-05-18,0.0,,,,
1985-05-19,0.0,,,,
1985-05-20,0.0,,,,
1985-05-21,0.0,,,,
1985-05-22,0.0,,,,
1985-05-23,0.0,,,,
1985-05-24,0.0,,,,
1985-05-25,0.0,,,,
1985-05-26,0.0,,,,
1985-05-27,0.0,,,,
1985-05-28,0.0,,,,
1985-05-29,0.0,,,,
1985-05-30,0.24,,,,
1985-05-31,0.0,,,,
1985-06-01,0.0,,,,
1985-06-02,0.0,,,,
1985-06-03,0.11,,,,
1985-06-04,0.02,,,,
1985-06-05,0.0,,,,
1985-06-06,0.0,,,,
1985-06-07,0.56,,,,
1985-06-08,0.0,,,,
1985-06-09,0.0,,,,
1985-06-10,0.42,,,,
1985-06-11,1.27,,,,
1985-06-12,0.12,,,,
1985-06-13,0.0,,,,
1985-06-14,0.3,,,,
1985-06-15,0.0,,,,
1985-06-16,0.0,,,,
1985-06-17,0.0,,,,
1985-06-18,0.48,,,,
1985-06-19,1.52,,,,
1985-06-20,0.01,,,,
1985-06-21,0.0,,,,
1985-06-22,12.78,,,,
1985-06-23,0.12,,,,
1985-06-24,0.0,,,,
1985-06-25,0.0,,,,
1985-06-26,0.0,,,,
1985-06-27,12.56,,,,
1985-06-28,0.53,,,,
1985-06-29,1.28,,,,
1985-06-30,0.0,,,,
1985-07-01,1.19,,,,
1985-07-02,0.0,,,,
1985-07-03,0.0,,,,
1985-07-04,9.1,,,,
1985-07-05,0.0,,,,
1985-07-06,0.0,,,,
1985-07-07,0.0,,,,
1985-07-08,16.79,,,,
1985-07-09,0.0,,,,
1985-07-10,0.0,,,,
1985-07-11,0.0,,,,
1985-07-12,4.45,,,,
1985-07-13,0.0,,,,
1985-07-14,10.99,,,,
1985-07-15,2.59,,,,
1985-07-16,11.83,,,,
1985-07-17,5.41,,,,
1985-07-18,0.99,,,,
1985-07-19,2.43,,,,
1985-07-20,0.0,,,,
1985-07-21,3.36,,,,
1985-07-22,10.6,,,,
1985-07-23,2.37,,,,
1985-07-24,0.0,,,,
1985-07-25,3.49,,,,
1985-07-26,0.0,,,,
1985-07-27,0.0,,,,
1985-07-28,0.81,,,,
1985-07-29,20.31,,,,
1985-07-30,2.42,,,,
1985-07-31,0.0,,,,
1985-08-01,25.4,,,,
1985-08-02,0.78,,,,
1985-08-03,0.06,,,,
1985-08-04,0.0,,,,
1985-08-05,34.34,,,,
1985-08-06,0.0,,,,
1985-08-07,3.74,,,,
1985-08-08,0.52,,,,
1985-08-09,3.67,,,,
1985-08-10,25.68,,,,
1985-08-11,10.58,,,,
1985-08-12,0.0,,,,
1985-08-13,26.95,,,,
1985-08-14,3.99,,,,
1985-08-15,9.1,,,,
1985-08-16,0.0,,,,
1985-08-17,14.96,,,,
1985-08-18,0.7,,,,
1985-08-19,0.04,,,,
1985-08-20,0.03,,,,
1985-08-21,1.15,,,,
1985-08-22,4.68,,,,
1985-08-23,0.28,,,,
1985-08-24,0.04,,,,
1985-08-25,0.34,,,,
1985-08-26,5.41,,,,
1985-08-27,9.54,,,,
1985-08-28,0.0,,,,
1985-08-29,0.0,,,,
1985-08-30,0.03,,,,
1985-08-31,23.21,,,,
1985-09-01,8.55,,,,
1985-09-02,14.39,,,,
1985-09-03,10.41,,,,
1985-09-04,5.36,,,,
1985-09-05,23.24,,,,
1985-09-06,0.0,,,,
1985-09-07,1.83,,,,
1985-09-08,19.35,,,,
1985-09-09,4.79,,,,
1985-09-10,0.04,,,,
1985-09-11,1.96,,,,
1985-09-12,0.09,,,,
1985-09-13,0.08,,,,
1985-09-14,10.52,,,,
1985-09-15,0.29,,,,
1985-09-16,0.0,,,,
1985-09-17,0.04,,,,
1985-09-18,8.81,,,,
1985-09-19,8.69,,,,
1985-09-20,0.93,,,,
1985-09-21,0.0,,,,
1985-09-22,4.4,,,,
1985-09-23,6.09,,,,
1985-09-24,0.0,,,,
1985-09-25,0.0,,,,
1985-09-26,28.91,,,,
1985-09-27,0.01,,,,
1985-09-28,13.98,,,,
1985-09-29,0.0,,,,
1985-09-30,0.0,,,,
1985-10-01,1.05,,,,
1985-10-02,0.0,,,,
1985-10-03,0.0,,,,
1985-10-04,5.0,,,,
1985-10-05,0.21,,,,
1985-10-06,0.0,,,,
1985-10-07,0.0,,,,
1985-10-08,0.0,,,,
1985-10-09,0.0,,,,
1985-10-10,0.0,,,,
1985-10-11,0.38,,,,
1985-10-12,0.52,,,,
1985-10-13,0.0,,,,
1985-10-14,0.35,,,,
1985-10-15,0.0,,,,
1985-10-16,0.0,,,,
1985-10-17,0.37,,,,
1985-10-18,0.0,,,,
1985-10-19,0.0,,,,
1985-10-20,0.0,,,,
1985-10-21,0.0,,,,
1985-10-22,0.0,,,,
1985-10-23,0.0,,,,
1985-10-24,0.0,,,,
1985-10-25,0.0,,,,
1985-10-26,0.01,,,,
1985-10-27,0.0,,,,
1985-10-28,0.0,,,,
1985-10-29,0.08,,,,
1985-10-30,0.0,,,,
1985-10-31,0.0,,,,
1985-11-01,0.0,,,,
1985-11-02,0.0,,,,
1985-11-03,0.0,,,,
1985-11-04,0.0,,,,
1985-11-05,0.0,,,,
1985-11-06,0.0,,,,
1985-11-07,0.0,,,,
1985-11-08,0.0,,,,
1985-11-09,0.0,,,,
1985-11-10,0.0,,,,
1985-11-11,0.0,,,,
1985-11-12,0.0,,,,
1985-11-13,0.0,,,,
1985-11-14,0.0,,,,
1985-11-15,0.0,,,,
1985-11-16,0.0,,,,
1985-11-17,0.0,,,,
1985-11-18,0.0,,,,
1985-11-19,0.0,,,,
1985-11-20,0.0,,,,
1985-11-21,0.0,,,,
1985-11-22,0.0,,,,
1985-11-23,0.0,,,,
1985-11-24,0.0,,,,
1985-11-25,0.0,,,,
1985-11-26,0.0,,,,
1985-11-27,0.0,,,,
1985-11-28,0.0,,,,
1985-11-29,0.0,,,,
1985-11-30,0.0,,,,
1985-12-01,0.0,,,,
1985-12-02,0.0,,,,
1985-12-03,0.0,,,,
1985-12-04,0.0,,,,
1985-12-05,0.0,,,,
1985-12-06,0.0,,,,
1985-12-07,0.0,,,,
1985-12-08,0.0,,,,
1985-12-09,0.0,,,,
1985-12-10,0.0,,,,
1985-12-11,0.0,,,,
1985-12-12,0.0,,,,
1985-12-13,0.0,,,,
1985-12-14,0.0,,,,
1985-12-15,0.0,,,,
1985-12-16,0.0,,,,
1985-12-17,0.0,,,,
1985-12-18,0.0,,,,
1985-12-19,0.0,,,,
1985-12-20,0.0,,,,
1985-12-21,0.0,,,,
1985-12-22,0.0,,,,
1985-12-23,0.0,,,,
1985-12-24,0.0,,,,
1985-12-25,0.0,,,,
1985-12-26,0.0,,,,
1985-12-27,0.0,,,,
1985-12-28,0.0,,,,
1985-12-29,0.0,,,,
1985-12-30,0.0,,,,
1985-12-31,0.0,,,,
1986-01-01,0.0,,,,
1986-01-02,0.0,,,,
1986-01-03,0.0,,,,
1986-01-04,0.0,,,,
1986-01-05,0.0,,,,
1986-01-06,0.0,,,,
1986-01-07,0.0,,,,
1986-01-08,0.0,,,,
1986-01-09,0.0,,,,
1986-01-10,0.0,,,,
1986-01-11,0.0,,,,
1986-01-12,0.0,,,,
1986-01-13,0.0,,,,
1986-01-14,0.0,,,,
1986-01-15,0.0,,,,
1986-01-16,0.0,,,,
1986-01-17,0.0,,,,
1986-01-18,0.0,,,,
1986-01-19,0.0,,,,
1986-01-20,0.0,,,,
1986-01-21,0.0,,,,
1986-01-22,0.0,,,,
1986-01-23,0.0,,,,
1986-01-24,0.0,,,,
1986-01-25,0.0,,,,
1986-01-26,0.0,,,,
1986-01-27,0.0,,,,
1986-01-28,0.0,,,,
1986-01-29,0.0,,,,
1986-01-30,0.0,,,,
1986-01-31,0.0,,,,
1986-02-01,0.0,,,,
1986-02-02,0.0,,,,
1986-02-03,0.0,,,,
1986-02-04,0.0,,,,
1986-02-05,0.0,,,,
1986-02-06,0.0,,,,
1986-02-07,0.0,,,,
1986-02-08,0.0,,,,
1986-02-09,0.0,,,,
1986-02-10,0.0,,,,
1986-02-11,0.0,,,,
1986-02-12,0.0,,,,
1986-02-13,0.0,,,,
1986-02-14,0.0,,,,
1986-02-15,0.0,,,,
1986-02-16,0.0,,,,
1986-02-17,0.0,,,,
1986-02-18,0.0,,,,
1986-02-19,0.0,,,,
1986-02-20,0.0,,,,
1986-02-21,0.0,,,,
1986-02-22,0.0,,,,
1986-02-23,0.0,,,,
1986-02-24,0.0,,,,
1986-02-25,0.0,,,,
1986-02-26,0.0,,,,
1986-02-27,0.0,,,,
1986-02-28,0.0,,,,
1986-03-01,0.0,,,,
1986-03-02,0.0,,,,
1986-03-03,0.0,,,,
1986-03-04,0.0,,,,
1986-03-05,0.0,,,,
1986-03-06,0.0,,,,
1986-03-07,0.0,,,,
1986-03-08,0.0,,,,
1986-03-09,0.0,,,,
1986-03-10,0.0,,,,
1986-03-11,0.0,,,,
1986-03-12,0.0,,,,
1986-03-13,0.0,,,,
1986-03-14,0.0,,,,
1986-03-15,0.0,,,,
1986-03-16,0.0,,,,
1986-03-17,0.0,,,,
1986-03-18,0.0,,,,
1986-03-19,0.0,,,,
1986-03-20,0.0,,,,
1986-03-21,0.0,,,,
1986-03-22,0.0,,,,
1986-03-23,0.0,,,,
1986-03-24,0.0,,,,
1986-03-25,0.0,,,,
1986-03-26,0.0,,,,
1986-03-27,0.0,,,,
1986-03-28,0.02,,,,
1986-03-29,0.0,,,,
1986-03-30,0.0,,,,
1986-03-31,0.0,,,,
1986-04-01,0.0,,,,
1986-04-02,0.0,,,,
1986-04-03,0.01,,,,
1986-04-04,0.0,,,,
1986-04-05,0.0,,,,
1986-04-06,0.0,,,,
1986-04-07,0.0,,,,
1986-04-08,0.0,,,,
1986-04-09,0.0,,,,
1986-04-10,0.0,,,,
1986-04-11,0.04,,,,
1986-04-12,0.01,,,,
1986-04-13,0.0,,,,
1986-04-14,0.0,,,,
1986-04-15,0.0,,,,
1986-04-16,0.01,,,,
1986-04-17,0.0,,,,
1986-04-18,0.0,,,,
1986-04-19,0.0,,,,
1986-04-20,0.0,,,,
1986-04-21,0.02,,,,
1986-04-22,0.0,,,,
1986-04-23,0.0,,,,
1986-04-24,0.0,,,,
1986-04-25,0.0,,,,
1986-04-26,0.0,,,,
1986-04-27,0.0,,,,
1986-04-28,0.1,,,,
1986-04-29,0.0,,,,
1986-04-30,0.0,,,,
1986-05-01,0.0,,,,
1986-05-02,0.0,,,,
1986-05-03,0.0,,,,
1986-05-04,0.0,,,,
1986-05-05,0.0,,,,
1986-05-06,0.0,,,,
1986-05-07,0.12,,,,
1986-05-08,0.0,,,,
1986-05-09,0.0,,,,
1986-05-10,0.0,,,,
1986-05-11,0.03,,,,
1986-05-12,0.58,,,,
1986-05-13,0.0,,,,
1986-05-14,0.02,,,,
1986-05-15,0.02,,,,
1986-05-16,0.0,,,,
1986-05-17,0.02,,,,
1986-05-18,0.0,,,,
1986-05-19,0.0,,,,
1986-05-20,0.0,,,,
1986-05-21,0.54,,,,
1986-05-22,3.69,,,,
1986-05-23,0.02,,,,
1986-05-24,0.0,,,,
1986-05-25,0.01,,,,
1986-05-26,0.0,,,,
1986-05-27,0.0,,,,
1986-05-28,0.0,,,,
1986-05-29,0.0,,,,
1986-05-30,0.0,,,,
1986-05-31,0.0,,,,
1986-06-01,0.01,,,,
1986-06-02,0.0,,,,
1986-06-03,0.0,,,,
1986-06-04,0.0,,,,
1986-06-05,0.0,,,,
1986-06-06,0.0,,,,
1986-06-07,0.01,,,,
1986-06-08,0.2,,,,
1986-06-09,0.0,,,,
1986-06-10,0.0,,,,
1986-06-11,0.0,,,,
1986-06-12,4.29,,,,
1986-06-13,0.06,,,,
1986-06-14,0.11,,,,
1986-06-15,0.0,,,,
1986-06-16,2.31,,,,
1986-06-17,0.0,,,,
1986-06-18,0.0,,,,
1986-06-19,6.34,,,,
1986-06-20,0.0,,,,
1986-06-21,0.0,,,,
1986-06-22,0.8,,,,
1986-06-23,0.0,,,,
1986-06-24,0.0,,,,
1986-06-25,0.0,,,,
1986-06-26,0.0,,,,
1986-06-27,0.41,,,,
1986-06-28,7.09,,,,
1986-06-29,0.0,,,,
1986-06-30,0.02,,,,
1986-07-01,1.65,,,,
1986-07-02,0.0,,,,
1986-07-03,0.0,,,,
1986-07-04,0.0,,,,
1986-07-05,13.8,,,,
1986-07-06,1.63,,,,
1986-07-07,3.78,,,,
1986-07-08,8.75,,,,
1986-07-09,0.46,,,,
1986-07-10,0.0,,,,
1986-07-11,10.14,,,,
1986-07-12,17.29,,,,
1986-07-13,0.0,,,,
1986-07-14,0.1,,,,
1986-07-15,6.49,,,,
1986-07-16,0.03,,,,
1986-07-17,0.0,,,,
1986-07-18,10.13,,,,
1986-07-19,0.0,,,,
1986-07-20,0.0,,,,
1986-07-21,0.24,,,,
1986-07-22,0.0,,,,
1986-07-23,0.0,,,,
1986-07-24,17.38,,,,
1986-07-25,13.86,,,,
1986-07-26,0.0,,,,
1986-07-27,0.0,,,,
1986-07-28,0.0,,,,
1986-07-29,2.0,,,,
1986-07-30,0.0,,,,
1986-07-31,11.74,,,,
1986-08-01,15.3,,,,
1986-08-02,15.91,,,,
1986-08-03,22.82,,,,
1986-08-04,4.24,,,,
1986-08-05,0.02,,,,
1986-08-06,0.57,,,,
1986-08-07,1.88,,,,
1986-08-08,2.08,,,,
1986-08-09,0.0,,,,
1986-08-10,0.0,,,,
1986-08-11,0.0,,,,
1986-08-12,0.0,,,,
1986-08-13,6.38,,,,
1986-08-14,4.7,,,,
1986-08-15,0.55,,,,
1986-08-16,0.0,,,,
1986-08-17,0.3,,,,
1986-08-18,19.78,,,,
1986-08-19,20.98,,,,
1986-08-20,0.16,,,,
1986-08-21,16.76,,,,
1986-08-22,3.1,,,,
1986-08-23,0.0,,,,
1986-08-24,21.77,,,,
1986-08-25,5.05,,,,
1986-08-26,20.82,,,,
1986-08-27,0.05,,,,
1986-08-28,22.02,,,,
1986-08-29,0.02,,,,
1986-08-30,0.0,,,,
1986-08-31,5.98,,,,
1986-09-01,22.4,,,,
1986-09-02,10.99,,,,
1986-09-03,40.08,,,,
1986-09-04,14.25,,,,
1986-09-05,0.0,,,,
1986-09-06,16.41,,,,
1986-09-07,0.0,,,,
1986-09-08,7.26,,,,
1986-09-09,0.09,,,,
1986-09-10,32.18,,,,
1986-09-11,3.23,,,,
1986-09-12,15.63,,,,
1986-09-13,1.63,,,,
1986-09-14,3.37,,,,
1986-09-15,0.68,,,,
1986-09-16,0.42,,,,
1986-09-17,0.0,,,,
1986-09-18,0.0,,,,
1986-09-19,1.96,,,,
1986-09-20,1.56,,,,
1986-09-21,0.0,,,,
1986-09-22,6.35,,,,
1986-09-23,0.68,,,,
1986-09-24,15.09,,,,
1986-09-25,11.7,,,,
1986-09-26,3.93,,,,
1986-09-27,5.46,,,,
1986-09-28,1.01,,,,
1986-09-29,3.09,,,,
1986-09-30,0.0,,,,
1986-10-01,12.1,,,,
1986-10-02,0.0,,,,
1986-10-03,0.0,,,,
1986-10-04,0.04,,,,
1986-10-05,0.0,,,,
1986-10-06,1.34,,,,
1986-10-07,0.2,,,,
1986-10-08,0.11,,,,
1986-10-09,6.27,,,,
1986-10-10,0.11,,,,
1986-10-11,6.04,,,,
1986-10-12,0.0,,,,
1986-10-13,0.0,,,,
1986-10-14,0.02,,,,
1986-10-15,0.0,,,,
1986-10-16,0.0,,,,
1986-10-17,0.0,,,,
1986-10-18,0.0,,,,
1986-10-19,0.0,,,,
1986-10-20,0.01,,,,
1986-10-21,0.06,,,,
1986-10-22,0.0,,,,
1986-10-23,0.0,,,,
1986-10-24,0.02,,,,
1986-10-25,0.12,,,,
1986-10-26,0.0,,,,
1986-10-27,0.0,,,,
1986-10-28,0.0,,,,
1986-10-29,0.01,,,,
1986-10-30,0.0,,,,
1986-10-31,0.0,,,,
1986-11-01,0.0,,,,
1986-11-02,0.0,,,,
1986-11-03,0.0,,,,
1986-11-04,0.06,,,,
1986-11-05,0.0,,,,
1986-11-06,0.13,,,,
1986-11-07,0.0,,,,
1986-11-08,0.02,,,,
1986-11-09,0.04,,,,
1986-11-10,0.0,,,,
1986-11-11,0.0,,,,
1986-11-12,0.0,,,,
1986-11-13,0.0,,,,
1986-11-14,0.0,,,,
1986-11-15,0.0,,,,
1986-11-16,0.0,,,,
1986-11-17,0.0,,,,
1986-11-18,0.0,,,,
1986-11-19,0.0,,,,
1986-11-20,0.0,,,,
1986-11-21,0.0,,,,
1986-11-22,0.01,,,,
1986-11-23,0.0,,,,
1986-11-24,0.0,,,,
1986-11-25,0.0,,,,
1986-11-26,0.0,,,,
1986-11-27,0.0,,,,
1986-11-28,0.0,,,,
1986-11-29,0.0,,,,
1986-11-30,0.0,,,,
1986-12-01,0.0,,,,
1986-12-02,0.0,,,,
1986-12-03,0.0,,,,
1986-12-04,0.0,,,,
1986-12-05,0.0,,,,
1986-12-06,0.0,,,,
1986-12-07,0.0,,,,
1986-12-08,0.0,,,,
1986-12-09,0.01,,,,
1986-12-10,0.01,,,,
1986-12-11,0.0,,,,
1986-12-12,0.0,,,,
1986-12-13,0.0,,,,
1986-12-14,0.0,,,,
1986-12-15,0.0,,,,
1986-12-16,0.0,,,,
1986-12-17,0.0,,,,
1986-12-18,0.0,,,,
1986-12-19,0.0,,,,
1986-12-20,0.0,,,,
1986-12-21,0.0,,,,
1986-12-22,0.01,,,,
1986-12-23,0.0,,,,
1986-12-24,0.0,,,,
1986-12-25,0.0,,,,
1986-12-26,0.0,,,,
1986-12-27,0.0,,,,
1986-12-28,0.0,,,,
1986-12-29,0.0,,,,
1986-12-30,0.0,,,,
1986-12-31,0.01,,,,
1987-01-01,0.0,,,,
1987-01-02,0.0,,,,
1987-01-03,0.0,,,,
1987-01-04,0.0,,,,
1987-01-05,0.0,,,,
1987-01-06,0.0,,,,
1987-01-07,0.0,,,,
1987-01-08,0.0,,,,
1987-01-09,0.0,,,,
1987-01-10,0.0,,,,
1987-01-11,0.0,,,,
1987-01-12,0.0,,,,
1987-01-13,0.0,,,,
1987-01-14,0.0,,,,
1987-01-15,0.0,,,,
1987-01-16,0.0,,,,
1987-01-17,0.0,,,,
1987-01-18,0.0,,,,
1987-01-19,0.0,,,,
1987-01-20,0.0,,,,
1987-01-21,0.0,,,,
1987-01-22,0.0,,,,
1987-01-23,0.0,,,,
1987-01-24,0.0,,,,
1987-01-25,0.0,,,,
1987-01-26,0.0,,,,
1987-01-27,0.0,,,,
1987-01-28,0.0,,,,
1987-01-29,0.0,,,,
1987-01-30,0.0,,,,
1987-01-31,0.0,,,,
1987-02-01,0.0,,,,
1987-02-02,0.0,,,,
1987-02-03,0.0,,,,
1987-02-04,0.0,,,,
1987-02-05,0.0,,,,
1987-02-06,0.0,,,,
1987-02-07,0.0,,,,
1987-02-08,0.0,,,,
1987-02-09,0.0,,,,
1987-02-10,0.0,,,,
1987-02-11,0.0,,,,
1987-02-12,0.0,,,,
1987-02-13,0.0,,,,
1987-02-14,0.0,,,,
1987-02-15,0.0,,,,
1987-02-16,0.0,,,,
1987-02-17,0.0,,,,
1987-02-18,0.0,,,,
1987-02-19,0.0,,,,
1987-02-20,0.0,,,,
1987-02-21,0.0,,,,
1987-02-22,0.0,,,,
1987-02-23,0.0,,,,
1987-02-24,0.0,,,,
1987-02-25,0.0,,,,
1987-02-26,0.0,,,,
1987-02-27,0.0,,,,
1987-02-28,0.0,,,,
1987-03-01,0.0,,,,
1987-03-02,0.0,,,,
1987-03-03,0.0,,,,
1987-03-04,0.0,,,,
1987-03-05,0.0,,,,
1987-03-06,0.0,,,,
1987-03-07,0.0,,,,
1987-03-08,0.0,,,,
1987-03-09,0.0,,,,
1987-03-10,0.0,,,,
1987-03-11,0.0,,,,
1987-03-12,0.0,,,,
1987-03-13,0.0,,,,
1987-03-14,0.0,,,,
1987-03-15,0.0,,,,
1987-03-16,0.0,,,,
1987-03-17,0.0,,,,
1987-03-18,0.0,,,,
1987-03-19,0.0,,,,
1987-03-20,0.0,,,,
1987-03-21,0.0,,,,
1987-03-22,0.0,,,,
1987-03-23,0.0,,,,
1987-03-24,0.0,,,,
1987-03-25,0.0,,,,
1987-03-26,0.0,,,,
1987-03-27,0.0,,,,
1987-03-28,0.0,,,,
1987-03-29,0.0,,,,
1987-03-30,0.0,,,,
1987-03-31,0.0,,,,
1987-04-01,0.0,,,,
1987-04-02,0.0,,,,
1987-04-03,0.0,,,,
1987-04-04,0.0,,,,
1987-04-05,0.0,,,,
1987-04-06,0.0,,,,
1987-04-07,0.0,,,,
1987-04-08,0.0,,,,
1987-04-09,0.0,,,,
1987-04-10,0.0,,,,
1987-04-11,0.0,,,,
1987-04-12,0.0,,,,
1987-04-13,0.0,,,,
1987-04-14,0.0,,,,
1987-04-15,0.0,,,,
1987-04-16,0.0,,,,
1987-04-17,0.0,,,,
1987-04-18,0.0,,,,
1987-04-19,0.0,,,,
1987-04-20,0.0,,,,
1987-04-21,0.0,,,,
1987-04-22,0.0,,,,
1987-04-23,0.0,,,,
1987-04-24,0.0,,,,
1987-04-25,0.0,,,,
1987-04-26,0.0,,,,
1987-04-27,0.0,,,,
1987-04-28,0.01,,,,
1987-04-29,0.0,,,,
1987-04-30,0.0,,,,
1987-05-01,0.0,,,,
1987-05-02,0.0,,,,
1987-05-03,0.0,,,,
1987-05-04,0.0,,,,
1987-05-05,0.0,,,,
1987-05-06,0.0,,,,
1987-05-07,0.0,,,,
1987-05-08,0.02,,,,
1987-05-09,0.01,,,,
1987-05-10,0.0,,,,
1987-05-11,0.0,,,,
1987-05-12,0.0,,,,
1987-05-13,0.0,,,,
1987-05-14,0.0,,,,
1987-05-15,0.0,,,,
1987-05-16,0.0,,,,
1987-05-17,0.0,,,,
1987-05-18,0.01,,,,
1987-05-19,0.0,,,,
1987-05-20,0.0,,,,
1987-05-21,0.0,,,,
1987-05-22,0.0,,,,
1987-05-23,0.0,,,,
1987-05-24,0.05,,,,
1987-05-25,0.05,,,,
1987-05-26,0.01,,,,
1987-05-27,0.0,,,,
1987-05-28,0.0,,,,
1987-05-29,0.0,,,,
1987-05-30,0.0,,,,
1987-05-31,0.0,,,,
1987-06-01,0.0,,,,
1987-06-02,0.0,,,,
1987-06-03,0.0,,,,
1987-06-04,0.0,,,,
1987-06-05,0.0,,,,
1987-06-06,0.0,,,,
1987-06-07,10.01,,,,
1987-06-08,0.31,,,,
1987-06-09,22.68,,,,
1987-06-10,2.26,,,,
1987-06-11,1.37,,,,
1987-06-12,0.0,,,,
1987-06-13,0.0,,,,
1987-06-14,0.0,,,,
1987-06-15,0.0,,,,
1987-06-16,1.6,,,,
1987-06-17,0.0,,,,
1987-06-18,0.55,,,,
1987-06-19,0.03,,,,
1987-06-20,1.69,,,,
1987-06-21,5.23,,,,
1987-06-22,0.0,,,,
1987-06-23,0.99,,,,
1987-06-24,0.0,,,,
1987-06-25,3.57,,,,
1987-06-26,0.0,,,,
1987-06-27,0.0,,,,
1987-06-28,0.23,,,,
1987-06-29,4.25,,,,
1987-06-30,1.18,,,,
1987-07-01,9.26,,,,
1987-07-02,1.78,,,,
1987-07-03,0.0,,,,
1987-07-04,0.0,,,,
1987-07-05,0.01,,,,
1987-07-06,0.0,,,,
1987-07-07,0.18,,,,
1987-07-08,0.8,,,,
1987-07-09,31.9,,,,
1987-07-10,0.0,,,,
1987-07-11,0.0,,,,
1987-07-12,0.0,,,,
1987-07-13,19.91,,,,
1987-07-14,9.68,,,,
1987-07-15,6.23,,,,
1987-07-16,0.53,,,,
1987-07-17,20.25,,,,
1987-07-18,15.88,,,,
1987-07-19,19.29,,,,
1987-07-20,6.17,,,,
1987-07-21,0.0,,,,
1987-07-22,0.0,,,,
1987-07-23,8.05,,,,
1987-07-24,0.0,,,,
1987-07-25,0.0,,,,
1987-07-26,0.0,,,,
1987-07-27,11.24,,,,
1987-07-28,0.17,,,,
1987-07-29,8.86,,,,
1987-07-30,0.0,,,,
1987-07-31,0.19,,,,
1987-08-01,3.63,,,,
1987-08-02,0.0,,,,
1987-08-03,3.75,,,,
1987-08-04,0.04,,,,
1987-08-05,1.18,,,,
1987-08-06,0.08,,,,
1987-08-07,11.12,,,,
1987-08-08,2.56,,,,
1987-08-09,0.0,,,,
1987-08-10,0.24,,,,
1987-08-11,0.05,,,,
1987-08-12,0.07,,,,
1987-08-13,0.0,,,,
1987-08-14,0.0,,,,
1987-08-15,2.29,,,,
1987-08-16,1.74,,,,
1987-08-17,0.27,,,,
1987-08-18,0.06,,,,
1987-08-19,0.0,,,,
1987-08-20,0.0,,,,
1987-08-21,35.23,,,,
1987-08-22,8.92,,,,
1987-08-23,0.04,,,,
1987-08-24,0.0,,,,
1987-08-25,0.15,,,,
1987-08-26,4.18,,,,
1987-08-27,1.63,,,,
1987-08-28,0.0,,,,
1987-08-29,0.72,,,,
1987-08-30,2.59,,,,
1987-08-31,0.05,,,,
1987-09-01,0.57,,,,
1987-09-02,0.0,,,,
1987-09-03,9.84,,,,
1987-09-04,2.4,,,,
1987-09-05,0.01,,,,
1987-09-06,0.0,,,,
1987-09-07,7.82,,,,
1987-09-08,0.08,,,,
1987-09-09,0.05,,,,
1987-09-10,9.7,,,,
1987-09-11,0.97,,,,
1987-09-12,0.06,,,,
1987-09-13,0.0,,,,
1987-09-14,0.0,,,,
1987-09-15,0.1,,,,
1987-09-16,24.14,,,,
1987-09-17,7.88,,,,
1987-09-18,14.81,,,,
1987-09-19,0.87,,,,
1987-09-20,0.0,,,,
1987-09-21,0.0,,,,
1987-09-22,0.0,,,,
1987-09-23,20.35,,,,
1987-09-24,27.32,,,,
1987-09-25,0.0,,,,
1987-09-26,0.0,,,,
1987-09-27,0.64,,,,
1987-09-28,0.08,,,,
1987-09-29,6.76,,,,
1987-09-30,2.09,,,,
1987-10-01,0.0,,,,
1987-10-02,0.0,,,,
1987-10-03,0.0,,,,
1987-10-04,2.63,,,,
1987-10-05,0.39,,,,
1987-10-06,0.09,,,,
1987-10-07,0.0,,,,
1987-10-08,0.0,,,,
1987-10-09,2.45,,,,
1987-10-10,0.0,,,,
1987-10-11,20.82,,,,
1987-10-12,3.23,,,,
1987-10-13,0.92,,,,
1987-10-14,0.0,,,,
1987-10-15,0.19,,,,
1987-10-16,0.0,,,,
1987-10-17,0.0,,,,
1987-10-18,0.0,,,,
1987-10-19,0.0,,,,
1987-10-20,0.0,,,,
1987-10-21,0.0,,,,
1987-10-22,2.58,,,,
1987-10-23,0.0,,,,
1987-10-24,0.0,,,,
1987-10-25,0.0,,,,
1987-10-26,0.0,,,,
1987-10-27,0.0,,,,
1987-10-28,0.15,,,,
1987-10-29,0.0,,,,
1987-10-30,0.0,,,,
1987-10-31,0.0,,,,
1987-11-01,0.01,,,,
1987-11-02,0.0,,,,
1987-11-03,0.0,,,,
1987-11-04,0.0,,,,
1987-11-05,0.0,,,,
1987-11-06,0.0,,,,
1987-11-07,0.0,,,,
1987-11-08,0.0,,,,
1987-11-09,0.0,,,,
1987-11-10,0.0,,,,
1987-11-11,0.02,,,,
1987-11-12,0.0,,,,
1987-11-13,0.0,,,,
1987-11-14,0.0,,,,
1987-11-15,0.01,,,,
1987-11-16,0.0,,,,
1987-11-17,0.0,,,,
1987-11-18,0.0,,,,
1987-11-19,0.0,,,,
1987-11-20,0.0,,,,
1987-11-21,0.0,,,,
1987-11-22,0.0,,,,
1987-11-23,0.0,,,,
1987-11-24,0.0,,,,
1987-11-25,0.0,,,,
1987-11-26,0.0,,,,
1987-11-27,0.0,,,,
1987-11-28,0.0,,,,
1987-11-29,0.0,,,,
1987-11-30,0.0,,,,
1987-12-01,0.0,,,,
1987-12-02,0.0,,,,
1987-12-03,0.0,,,,
1987-12-04,0.0,,,,
1987-12-05,0.0,,,,
1987-12-06,0.0,,,,
1987-12-07,0.0,,,,
1987-12-08,0.0,,,,
1987-12-09,0.0,,,,
1987-12-10,0.0,,,,
1987-12-11,0.0,,,,
1987-12-12,0.0,,,,
1987-12-13,0.0,,,,
1987-12-14,0.0,,,,
1987-12-15,0.0,,,,
1987-12-16,0.0,,,,
1987-12-17,0.0,,,,
1987-12-18,0.0,,,,
1987-12-19,0.0,,,,
1987-12-20,0.0,,,,
1987-12-21,0.0,,,,
1987-12-22,0.0,,,,
1987-12-23,0.0,,,,
1987-12-24,0.0,,,,
1987-12-25,0.0,,,,
1987-12-26,0.0,,,,
1987-12-27,0.0,,,,
1987-12-28,0.0,,,,
1987-12-29,0.0,,,,
1987-12-30,0.0,,,,
1987-12-31,0.0,,,,
1988-01-01,0.0,,,,
1988-01-02,0.0,,,,
1988-01-03,0.0,,,,
1988-01-04,0.0,,,,
1988-01-05,0.0,,,,
1988-01-06,0.0,,,,
1988-01-07,0.0,,,,
1988-01-08,0.0,,,,
1988-01-09,0.0,,,,
1988-01-10,0.0,,,,
1988-01-11,0.0,,,,
1988-01-12,0.0,,,,
1988-01-13,0.0,,,,
1988-01-14,0.0,,,,
1988-01-15,0.0,,,,
1988-01-16,0.0,,,,
1988-01-17,0.0,,,,
1988-01-18,0.0,,,,
1988-01-19,0.0,,,,
1988-01-20,0.0,,,,
1988-01-21,0.0,,,,
1988-01-22,0.0,,,,
1988-01-23,0.0,,,,
1988-01-24,0.0,,,,
1988-01-25,0.0,,,,
1988-01-26,0.0,,,,
1988-01-27,0.0,,,,
1988-01-28,0.0,,,,
1988-01-29,0.0,,,,
1988-01-30,0.0,,,,
1988-01-31,0.0,,,,
1988-02-01,0.0,,,,
1988-02-02,0.0,,,,
1988-02-03,0.0,,,,
1988-02-04,0.0,,,,
1988-02-05,0.0,,,,
1988-02-06,0.0,,,,
1988-02-07,0.0,,,,
1988-02-08,0.0,,,,
1988-02-09,0.0,,,,
1988-02-10,0.0,,,,
1988-02-11,0.0,,,,
1988-02-12,0.0,,,,
1988-02-13,0.0,,,,
1988-02-14,0.0,,,,
1988-02-15,0.0,,,,
1988-02-16,0.0,,,,
1988-02-17,0.0,,,,
1988-02-18,0.0,,,,
1988-02-19,0.0,,,,
1988-02-20,0.0,,,,
1988-02-21,0.0,,,,
1988-02-22,0.0,,,,
1988-02-23,0.0,,,,
1988-02-24,0.0,,,,
1988-02-25,0.0,,,,
1988-02-26,0.0,,,,
1988-02-27,0.0,,,,
1988-02-28,0.0,,,,
1988-02-29,0.0,,,,
1988-03-01,0.0,,,,
1988-03-02,0.03,,,,
1988-03-03,0.0,,,,
1988-03-04,0.0,,,,
1988-03-05,0.0,,,,
1988-03-06,0.0,,,,
1988-03-07,0.0,,,,
1988-03-08,0.0,,,,
1988-03-09,0.0,,,,
1988-03-10,0.0,,,,
1988-03-11,0.0,,,,
1988-03-12,0.0,,,,
1988-03-13,0.0,,,,
1988-03-14,0.0,,,,
1988-03-15,0.0,,,,
1988-03-16,0.0,,,,
1988-03-17,0.0,,,,
1988-03-18,0.0,,,,
1988-03-19,0.0,,,,
1988-03-20,0.0,,,,
1988-03-21,0.0,,,,
1988-03-22,0.0,,,,
1988-03-23,0.0,,,,
1988-03-24,0.0,,,,
1988-03-25,0.0,,,,
1988-03-26,0.0,,,,
1988-03-27,0.0,,,,
1988-03-28,0.0,,,,
1988-03-29,0.0,,,,
1988-03-30,0.0,,,,
1988-03-31,0.0,,,,
1988-04-01,0.0,,,,
1988-04-02,0.0,,,,
1988-04-03,0.0,,,,
1988-04-04,0.0,,,,
1988-04-05,0.0,,,,
1988-04-06,0.0,,,,
1988-04-07,0.0,,,,
1988-04-08,0.0,,,,
1988-04-09,0.0,,,,
1988-04-10,0.0,,,,
1988-04-11,0.0,,,,
1988-04-12,0.0,,,,
1988-04-13,0.0,,,,
1988-04-14,0.0,,,,
1988-04-15,0.0,,,,
1988-04-16,0.0,,,,
1988-04-17,0.0,,,,
1988-04-18,0.0,,,,
1988-04-19,0.0,,,,
1988-04-20,0.0,,,,
1988-04-21,0.0,,,,
1988-04-22,0.0,,,,
1988-04-23,0.0,,,,
1988-04-24,0.0,,,,
1988-04-25,0.0,,,,
1988-04-26,0.0,,,,
1988-04-27,0.0,,,,
1988-04-28,0.0,,,,
1988-04-29,0.07,,,,
1988-04-30,0.0,,,,
1988-05-01,0.0,,,,
1988-05-02,0.0,,,,
1988-05-03,0.0,,,,
1988-05-04,0.0,,,,
1988-05-05,0.0,,,,
1988-05-06,0.0,,,,
1988-05-07,0.0,,,,
1988-05-08,0.0,,,,
1988-05-09,0.0,,,,
1988-05-10,0.0,,,,
1988-05-11,0.0,,,,
1988-05-12,0.0,,,,
1988-05-13,0.0,,,,
1988-05-14,0.0,,,,
1988-05-15,0.0,,,,
1988-05-16,0.0,,,,
1988-05-17,0.0,,,,
1988-05-18,0.0,,,,
1988-05-19,0.0,,,,
1988-05-20,0.0,,,,
1988-05-21,0.0,,,,
1988-05-22,0.0,,,,
1988-05-23,0.0,,,,
1988-05-24,0.0,,,,
1988-05-25,1.73,,,,
1988-05-26,25.0,,,,
1988-05-27,0.18,,,,
1988-05-28,0.0,,,,
1988-05-29,0.0,,,,
1988-05-30,0.0,,,,
1988-05-31,0.0,,,,
1988-06-01,0.0,,,,
1988-06-02,0.12,,,,
1988-06-03,0.0,,,,
1988-06-04,0.92,,,,
1988-06-05,0.0,,,,
1988-06-06,0.0,,,,
1988-06-07,0.0,,,,
1988-06-08,0.0,,,,
1988-06-09,0.07,,,,
1988-06-10,0.18,,,,
1988-06-11,0.18,,,,
1988-06-12,9.16,,,,
1988-06-13,0.0,,,,
1988-06-14,0.05,,,,
1988-06-15,0.0,,,,
1988-06-16,0.0,,,,
1988-06-17,0.03,,,,
1988-06-18,10.41,,,,
1988-06-19,0.23,,,,
1988-06-20,6.2,,,,
1988-06-21,0.0,,,,
1988-06-22,0.0,,,,
1988-06-23,0.0,,,,
1988-06-24,8.76,,,,
1988-06-25,0.0,,,,
1988-06-26,0.0,,,,
1988-06-27,0.0,,,,
1988-06-28,0.0,,,,
1988-06-29,0.0,,,,
1988-06-30,0.0,,,,
1988-07-01,0.0,,,,
1988-07-02,17.83,,,,
1988-07-03,0.0,,,,
1988-07-04,0.0,,,,
1988-07-05,0.0,,,,
1988-07-06,0.0,,,,
1988-07-07,2.62,,,,
1988-07-08,0.07,,,,
1988-07-09,1.24,,,,
1988-07-10,0.0,,,,
1988-07-11,1.32,,,,
1988-07-12,1.25,,,,
1988-07-13,0.0,,,,
1988-07-14,27.23,,,,
1988-07-15,1.25,,,,
1988-07-16,0.02,,,,
1988-07-17,0.01,,,,
1988-07-18,0.0,,,,
1988-07-19,0.0,,,,
1988-07-20,2.92,,,,
1988-07-21,6.87,,,,
1988-07-22,0.0,,,,
1988-07-23,2.27,,,,
1988-07-24,0.68,,,,
1988-07-25,0.01,,,,
1988-07-26,0.0,,,,
1988-07-27,2.12,,,,
1988-07-28,4.47,,,,
1988-07-29,3.29,,,,
1988-07-30,36.35,,,,
1988-07-31,4.82,,,,
1988-08-01,19.99,,,,
1988-08-02,0.06,,,,
1988-08-03,0.01,,,,
1988-08-04,17.51,,,,
1988-08-05,1.46,,,,
1988-08-06,0.0,,,,
1988-08-07,6.76,,,,
1988-08-08,19.11,,,,
1988-08-09,0.01,,,,
1988-08-10,0.02,,,,
1988-08-11,0.94,,,,
1988-08-12,0.0,,,,
1988-08-13,1.21,,,,
1988-08-14,7.8,,,,
1988-08-15,1.57,,,,
1988-08-16,1.27,,,,
1988-08-17,5.32,,,,
1988-08-18,1.97,,,,
1988-08-19,16.09,,,,
1988-08-20,0.41,,,,
1988-08-21,8.15,,,,
1988-08-22,5.48,,,,
1988-08-23,0.88,,,,
1988-08-24,39.63,,,,
1988-08-25,4.2,,,,
1988-08-26,32.02,,,,
1988-08-27,24.66,,,,
1988-08-28,4.57,,,,
1988-08-29,0.14,,,,
1988-08-30,16.67,,,,
1988-08-31,0.02,,,,
1988-09-01,0.48,,,,
1988-09-02,0.04,,,,
1988-09-03,0.5,,,,
1988-09-04,0.12,,,,
1988-09-05,0.61,,,,
1988-09-06,10.82,,,,
1988-09-07,3.52,,,,
1988-09-08,0.0,,,,
1988-09-09,0.0,,,,
1988-09-10,0.0,,,,
1988-09-11,28.02,,,,
1988-09-12,4.69,,,,
1988-09-13,0.6,,,,
1988-09-14,1.16,,,,
1988-09-15,0.01,,,,
1988-09-16,10.22,,,,
1988-09-17,2.14,,,,
1988-09-18,0.0,,,,
1988-09-19,0.0,,,,
1988-09-20,3.81,,,,
1988-09-21,4.93,,,,
1988-09-22,0.0,,,,
1988-09-23,0.03,,,,
1988-09-24,0.0,,,,
1988-09-25,0.0,,,,
1988-09-26,0.0,,,,
1988-09-27,0.0,,,,
1988-09-28,13.78,,,,
1988-09-29,0.0,,,,
1988-09-30,0.26,,,,
1988-10-01,1.23,,,,
1988-10-02,11.64,,,,
1988-10-03,0.04,,,,
1988-10-04,0.0,,,,
1988-10-05,0.0,,,,
1988-10-06,2.98,,,,
1988-10-07,0.02,,,,
1988-10-08,0.12,,,,
1988-10-09,0.61,,,,
1988-10-10,0.0,,,,
1988-10-11,0.0,,,,
1988-10-12,0.16,,,,
1988-10-13,0.0,,,,
1988-10-14,0.0,,,,
1988-10-15,0.0,,,,
1988-10-16,0.02,,,,
1988-10-17,0.0,,,,
1988-10-18,0.03,,,,
1988-10-19,0.0,,,,
1988-10-20,0.0,,,,
1988-10-21,1.15,,,,
1988-10-22,0.0,,,,
1988-10-23,0.0,,,,
1988-10-24,0.07,,,,
1988-10-25,0.0,,,,
1988-10-26,0.38,,,,
1988-10-27,0.0,,,,
1988-10-28,0.0,,,,
1988-10-29,0.0,,,,
1988-10-30,0.0,,,,
1988-10-31,0.0,,,,
1988-11-01,0.0,,,,
1988-11-02,0.0,,,,
1988-11-03,0.0,,,,
1988-11-04,0.12,,,,
1988-11-05,0.0,,,,
1988-11-06,0.0,,,,
1988-11-07,0.01,,,,
1988-11-08,0.0,,,,
1988-11-09,0.0,,,,
1988-11-10,0.01,,,,
1988-11-11,0.0,,,,
1988-11-12,0.0,,,,
1988-11-13,0.0,,,,
1988-11-14,0.0,,,,
1988-11-15,0.0,,,,
1988-11-16,0.0,,,,
1988-11-17,0.0,,,,
1988-11-18,0.0,,,,
1988-11-19,0.0,,,,
1988-11-20,0.0,,,,
1988-11-21,0.0,,,,
1988-11-22,0.0,,,,
1988-11-23,0.0,,,,
1988-11-24,0.0,,,,
1988-11-25,0.0,,,,
1988-11-26,0.0,,,,
1988-11-27,0.0,,,,
1988-11-28,0.0,,,,
1988-11-29,0.0,,,,
1988-11-30,0.0,,,,
1988-12-01,0.0,,,,
1988-12-02,0.0,,,,
1988-12-03,0.0,,,,
1988-12-04,0.0,,,,
1988-12-05,0.0,,,,
1988-12-06,0.0,,,,
1988-12-07,0.0,,,,
1988-12-08,0.0,,,,
1988-12-09,0.0,,,,
1988-12-10,0.0,,,,
1988-12-11,0.0,,,,
1988-12-12,0.0,,,,
1988-12-13,0.0,,,,
1988-12-14,0.0,,,,
1988-12-15,0.0,,,,
1988-12-16,0.0,,,,
1988-12-17,0.0,,,,
1988-12-18,0.0,,,,
1988-12-19,0.0,,,,
1988-12-20,0.0,,,,
1988-12-21,0.0,,,,
1988-12-22,0.0,,,,
1988-12-23,0.0,,,,
1988-12-24,0.0,,,,
1988-12-25,0.0,,,,
1988-12-26,0.0,,,,
1988-12-27,0.0,,,,
1988-12-28,0.0,,,,
1988-12-29,0.0,,,,
1988-12-30,0.0,,,,
1988-12-31,0.0,,,,
1989-01-01,0.0,,,,
1989-01-02,0.0,,,,
1989-01-03,0.0,,,,
1989-01-04,0.0,,,,
1989-01-05,0.0,,,,
1989-01-06,0.0,,,,
1989-01-07,0.0,,,,
1989-01-08,0.02,,,,
1989-01-09,0.0,,,,
1989-01-10,0.0,,,,
1989-01-11,0.0,,,,
1989-01-12,0.0,,,,
1989-01-13,0.0,,,,
1989-01-14,0.0,,,,
1989-01-15,0.0,,,,
1989-01-16,0.0,,,,
1989-01-17,0.0,,,,
1989-01-18,0.0,,,,
1989-01-19,0.0,,,,
1989-01-20,0.0,,,,
1989-01-21,0.0,,,,
1989-01-22,0.0,,,,
1989-01-23,0.0,,,,
1989-01-24,0.0,,,,
1989-01-25,0.0,,,,
1989-01-26,0.0,,,,
1989-01-27,0.0,,,,
1989-01-28,0.0,,,,
1989-01-29,0.0,,,,
1989-01-30,0.0,,,,
1989-01-31,0.0,,,,
1989-02-01,0.0,,,,
1989-02-02,0.0,,,,
1989-02-03,0.0,,,,
1989-02-04,0.0,,,,
1989-02-05,0.0,,,,
1989-02-06,0.0,,,,
1989-02-07,0.0,,,,
1989-02-08,0.0,,,,
1989-02-09,0.0,,,,
1989-02-10,0.0,,,,
1989-02-11,0.0,,,,
1989-02-12,0.0,,,,
1989-02-13,0.0,,,,
1989-02-14,0.0,,,,
1989-02-15,0.03,,,,
1989-02-16,0.0,,,,
1989-02-17,0.0,,,,
1989-02-18,0.0,,,,
1989-02-19,0.0,,,,
1989-02-20,0.0,,,,
1989-02-21,0.0,,,,
1989-02-22,0.0,,,,
1989-02-23,0.0,,,,
1989-02-24,0.0,,,,
1989-02-25,0.0,,,,
1989-02-26,0.0,,,,
1989-02-27,0.0,,,,
1989-02-28,0.0,,,,
1989-03-01,0.0,,,,
1989-03-02,0.0,,,,
1989-03-03,0.0,,,,
1989-03-04,0.0,,,,
1989-03-05,0.0,,,,
1989-03-06,0.0,,,,
1989-03-07,0.0,,,,
1989-03-08,0.0,,,,
1989-03-09,0.0,,,,
1989-03-10,0.0,,,,
1989-03-11,0.0,,,,
1989-03-12,0.0,,,,
1989-03-13,0.0,,,,
1989-03-14,0.0,,,,
1989-03-15,0.0,,,,
1989-03-16,0.0,,,,
1989-03-17,0.0,,,,
1989-03-18,0.0,,,,
1989-03-19,0.0,,,,
1989-03-20,0.0,,,,
1989-03-21,0.0,,,,
1989-03-22,0.0,,,,
1989-03-23,0.0,,,,
1989-03-24,0.0,,,,
1989-03-25,0.0,,,,
1989-03-26,0.0,,,,
1989-03-27,0.0,,,,
1989-03-28,0.0,,,,
1989-03-29,0.0,,,,
1989-03-30,0.0,,,,
1989-03-31,0.0,,,,
1989-04-01,0.0,,,,
1989-04-02,0.0,,,,
1989-04-03,0.0,,,,
1989-04-04,0.0,,,,
1989-04-05,0.0,,,,
1989-04-06,0.0,,,,
1989-04-07,0.0,,,,
1989-04-08,0.0,,,,
1989-04-09,0.0,,,,
1989-04-10,0.0,,,,
1989-04-11,0.0,,,,
1989-04-12,0.0,,,,
1989-04-13,0.0,,,,
1989-04-14,0.0,,,,
1989-04-15,0.0,,,,
1989-04-16,0.0,,,,
1989-04-17,0.0,,,,
1989-04-18,0.0,,,,
1989-04-19,0.0,,,,
1989-04-20,0.0,,,,
1989-04-21,0.0,,,,
1989-04-22,0.0,,,,
1989-04-23,0.0,,,,
1989-04-24,0.0,,,,
1989-04-25,0.0,,,,
1989-04-26,0.0,,,,
1989-04-27,0.0,,,,
1989-04-28,0.0,,,,
1989-04-29,0.0,,,,
1989-04-30,0.0,,,,
1989-05-01,0.0,,,,
1989-05-02,0.0,,,,
1989-05-03,0.0,,,,
1989-05-04,0.0,,,,
1989-05-05,0.0,,,,
1989-05-06,0.0,,,,
1989-05-07,0.01,,,,
1989-05-08,0.0,,,,
1989-05-09,0.0,,,,
1989-05-10,0.0,,,,
1989-05-11,0.0,,,,
1989-05-12,0.0,,,,
1989-05-13,0.26,,,,
1989-05-14,0.62,,,,
1989-05-15,0.0,,,,
1989-05-16,0.0,,,,
1989-05-17,0.0,,,,
1989-05-18,0.0,,,,
1989-05-19,0.01,,,,
1989-05-20,0.0,,,,
1989-05-21,0.0,,,,
1989-05-22,0.0,,,,
1989-05-23,0.0,,,,
1989-05-24,0.22,,,,
1989-05-25,0.28,,,,
1989-05-26,0.02,,,,
1989-05-27,0.0,,,,
1989-05-28,0.02,,,,
1989-05-29,0.05,,,,
1989-05-30,0.9,,,,
1989-05-31,0.0,,,,
1989-06-01,0.08,,,,
1989-06-02,0.02,,,,
1989-06-03,0.08,,,,
1989-06-04,0.0,,,,
1989-06-05,1.85,,,,
1989-06-06,0.28,,,,
1989-06-07,0.0,,,,
1989-06-08,0.0,,,,
1989-06-09,0.0,,,,
1989-06-10,0.07,,,,
1989-06-11,6.74,,,,
1989-06-12,33.41,,,,
1989-06-13,0.0,,,,
1989-06-14,0.23,,,,
1989-06-15,11.67,,,,
1989-06-16,6.32,,,,
1989-06-17,10.67,,,,
1989-06-18,0.0,,,,
1989-06-19,19.56,,,,
1989-06-20,0.0,,,,
1989-06-21,0.0,,,,
1989-06-22,6.48,,,,
1989-06-23,0.0,,,,
1989-06-24,15.48,,,,
1989-06-25,0.0,,,,
1989-06-26,15.59,,,,
1989-06-27,15.69,,,,
1989-06-28,0.0,,,,
1989-06-29,0.01,,,,
1989-06-30,29.18,,,,
1989-07-01,0.21,,,,
1989-07-02,1.01,,,,
1989-07-03,0.0,,,,
1989-07-04,6.11,,,,
1989-07-05,1.28,,,,
1989-07-06,19.48,,,,
1989-07-07,0.23,,,,
1989-07-08,0.08,,,,
1989-07-09,0.2,,,,
1989-07-10,16.97,,,,
1989-07-11,0.14,,,,
1989-07-12,6.34,,,,
1989-07-13,0.43,,,,
1989-07-14,0.0,,,,
1989-07-15,23.2,,,,
1989-07-16,0.0,,,,
1989-07-17,9.24,,,,
1989-07-18,0.03,,,,
1989-07-19,0.17,,,,
1989-07-20,2.38,,,,
1989-07-21,7.91,,,,
1989-07-22,0.15,,,,
1989-07-23,0.0,,,,
1989-07-24,0.69,,,,
1989-07-25,9.72,,,,
1989-07-26,0.0,,,,
1989-07-27,21.52,,,,
1989-07-28,1.05,,,,
1989-07-29,0.01,,,,
1989-07-30,5.2,,,,
1989-07-31,3.05,,,,
1989-08-01,18.05,,,,
1989-08-02,0.44,,,,
1989-08-03,0.0,,,,
1989-08-04,0.0,,,,
1989-08-05,0.0,,,,
1989-08-06,0.26,,,,
1989-08-07,0.0,,,,
1989-08-08,0.0,,,,
1989-08-09,0.0,,,,
1989-08-10,34.78,,,,
1989-08-11,4.05,,,,
1989-08-12,0.29,,,,
1989-08-13,2.98,,,,
1989-08-14,23.32,,,,
1989-08-15,29.62,,,,
1989-08-16,12.08,,,,
1989-08-17,0.0,,,,
1989-08-18,0.0,,,,
1989-08-19,0.0,,,,
1989-08-20,43.76,,,,
1989-08-21,0.81,,,,
1989-08-22,6.38,,,,
1989-08-23,13.17,,,,
1989-08-24,9.8,,,,
1989-08-25,4.4,,,,
1989-08-26,0.13,,,,
1989-08-27,12.75,,,,
1989-08-28,19.0,,,,
1989-08-29,4.41,,,,
1989-08-30,0.76,,,,
1989-08-31,4.09,,,,
1989-09-01,0.09,,,,
1989-09-02,1.6,,,,
1989-09-03,0.27,,,,
1989-09-04,0.79,,,,
1989-09-05,0.23,,,,
1989-09-06,0.0,,,,
1989-09-07,0.0,,,,
1989-09-08,0.0,,,,
1989-09-09,0.22,,,,
1989-09-10,0.02,,,,
1989-09-11,9.04,,,,
1989-09-12,0.0,,,,
1989-09-13,23.85,,,,
1989-09-14,6.15,,,,
1989-09-15,0.03,,,,
1989-09-16,1.2,,,,
1989-09-17,2.65,,,,
1989-09-18,5.09,,,,
1989-09-19,0.0,,,,
1989-09-20,0.0,,,,
1989-09-21,2.16,,,,
1989-09-22,0.0,,,,
1989-09-23,16.12,,,,
1989-09-24,0.92,,,,
1989-09-25,0.0,,,,
1989-09-26,0.02,,,,
1989-09-27,2.65,,,,
1989-09-28,0.03,,,,
1989-09-29,0.0,,,,
1989-09-30,0.0,,,,
1989-10-01,3.78,,,,
1989-10-02,0.0,,,,
1989-10-03,0.01,,,,
1989-10-04,3.36,,,,
1989-10-05,3.63,,,,
1989-10-06,6.34,,,,
1989-10-07,0.0,,,,
1989-10-08,5.64,,,,
1989-10-09,1.37,,,,
1989-10-10,0.0,,,,
1989-10-11,0.0,,,,
1989-10-12,0.0,,,,
1989-10-13,3.54,,,,
1989-10-14,0.0,,,,
1989-10-15,0.0,,,,
1989-10-16,0.0,,,,
1989-10-17,0.11,,,,
1989-10-18,0.15,,,,
1989-10-19,0.0,,,,
1989-10-20,2.33,,,,
1989-10-21,0.0,,,,
1989-10-22,0.0,,,,
1989-10-23,0.01,,,,
1989-10-24,0.0,,,,
1989-10-25,0.0,,,,
1989-10-26,0.0,,,,
1989-10-27,0.0,,,,
1989-10-28,0.0,,,,
1989-10-29,0.0,,,,
1989-10-30,0.0,,,,
1989-10-31,0.06,,,,
1989-11-01,0.01,,,,
1989-11-02,0.01,,,,
1989-11-03,0.0,,,,
1989-11-04,0.04,,,,
1989-11-05,0.0,,,,
1989-11-06,0.09,,,,
1989-11-07,0.02,,,,
1989-11-08,0.01,,,,
1989-11-09,0.01,,,,
1989-11-10,0.01,,,,
1989-11-11,0.0,,,,
1989-11-12,0.01,,,,
1989-11-13,0.0,,,,
1989-11-14,0.01,,,,
1989-11-15,0.0,,,,
1989-11-16,0.0,,,,
1989-11-17,0.0,,,,
1989-11-18,0.0,,,,
1989-11-19,0.01,,,,
1989-11-20,0.0,,,,
1989-11-21,0.0,,,,
1989-11-22,0.0,,,,
1989-11-23,0.0,,,,
1989-11-24,0.0,,,,
1989-11-25,0.0,,,,
1989-11-26,0.0,,,,
1989-11-27,0.0,,,,
1989-11-28,0.0,,,,
1989-11-29,0.0,,,,
1989-11-30,0.0,,,,
1989-12-01,0.0,,,,
1989-12-02,0.0,,,,
1989-12-03,0.0,,,,
1989-12-04,0.0,,,,
1989-12-05,0.0,,,,
1989-12-06,0.0,,,,
1989-12-07,0.0,,,,
1989-12-08,0.0,,,,
1989-12-09,0.0,,,,
1989-12-10,0.0,,,,
1989-12-11,0.0,,,,
1989-12-12,0.0,,,,
1989-12-13,0.0,,,,
1989-12-14,0.0,,,,
1989-12-15,0.0,,,,
1989-12-16,0.0,,,,
1989-12-17,0.0,,,,
1989-12-18,0.0,,,,
1989-12-19,0.0,,,,
1989-12-20,0.0,,,,
1989-12-21,0.0,,,,
1989-12-22,0.0,,,,
1989-12-23,0.0,,,,
1989-12-24,0.0,,,,
1989-12-25,0.01,,,,
1989-12-26,0.0,,,,
1989-12-27,0.0,,,,
1989-12-28,0.0,,,,
1989-12-29,0.0,,,,
1989-12-30,0.0,,,,
1989-12-31,0.0,,,,
1990-01-01,0.0,,,,
1990-01-02,0.0,,,,
1990-01-03,0.0,,,,
1990-01-04,0.0,,,,
1990-01-05,0.0,,,,
1990-01-06,0.0,,,,
1990-01-07,0.0,,,,
1990-01-08,0.0,,,,
1990-01-09,0.0,,,,
1990-01-10,0.0,,,,
1990-01-11,0.0,,,,
1990-01-12,0.0,,,,
1990-01-13,0.0,,,,
1990-01-14,0.0,,,,
1990-01-15,0.0,,,,
1990-01-16,0.0,,,,
1990-01-17,0.0,,,,
1990-01-18,0.0,,,,
1990-01-19,0.0,,,,
1990-01-20,0.0,,,,
1990-01-21,0.0,,,,
1990-01-22,0.0,,,,
1990-01-23,0.0,,,,
1990-01-24,0.0,,,,
1990-01-25,0.0,,,,
1990-01-26,0.0,,,,
1990-01-27,0.0,,,,
1990-01-28,0.0,,,,
1990-01-29,0.0,,,,
1990-01-30,0.0,,,,
1990-01-31,0.0,,,,
1990-02-01,0.0,,,,
1990-02-02,0.0,,,,
1990-02-03,0.0,,,,
1990-02-04,0.0,,,,
1990-02-05,0.0,,,,
1990-02-06,0.0,,,,
1990-02-07,0.0,,,,
1990-02-08,0.0,,,,
1990-02-09,0.0,,,,
1990-02-10,0.0,,,,
1990-02-11,0.0,,,,
1990-02-12,0.0,,,,
1990-02-13,0.0,,,,
1990-02-14,0.0,,,,
1990-02-15,0.0,,,,
1990-02-16,0.0,,,,
1990-02-17,0.0,,,,
1990-02-18,0.0,,,,
1990-02-19,0.0,,,,
1990-02-20,0.0,,,,
1990-02-21,0.0,,,,
1990-02-22,0.01,,,,
1990-02-23,0.0,,,,
1990-02-24,0.0,,,,
1990-02-25,0.0,,,,
1990-02-26,0.0,,,,
1990-02-27,0.0,,,,
1990-02-28,0.0,,,,
1990-03-01,0.0,,,,
1990-03-02,0.0,,,,
1990-03-03,0.0,,,,
1990-03-04,0.0,,,,
1990-03-05,0.0,,,,
1990-03-06,0.0,,,,
1990-03-07,0.0,,,,
1990-03-08,0.0,,,,
1990-03-09,0.0,,,,
1990-03-10,0.0,,,,
1990-03-11,0.0,,,,
1990-03-12,0.0,,,,
1990-03-13,0.0,,,,
1990-03-14,0.0,,,,
1990-03-15,0.01,,,,
1990-03-16,0.0,,,,
1990-03-17,0.0,,,,
1990-03-18,0.0,,,,
1990-03-19,0.0,,,,
1990-03-20,0.05,,,,
1990-03-21,0.0,,,,
1990-03-22,0.0,,,,
1990-03-23,0.0,,,,
1990-03-24,0.0,,,,
1990-03-25,0.0,,,,
1990-03-26,0.0,,,,
1990-03-27,0.0,,,,
1990-03-28,0.0,,,,
1990-03-29,0.0,,,,
1990-03-30,0.0,,,,
1990-03-31,0.0,,,,
1990-04-01,0.0,,,,
1990-04-02,0.0,,,,
1990-04-03,0.0,,,,
1990-04-04,0.0,,,,
1990-04-05,0.0,,,,
1990-04-06,0.0,,,,
1990-04-07,0.0,,,,
1990-04-08,0.0,,,,
1990-04-09,0.0,,,,
1990-04-10,0.0,,,,
1990-04-11,0.0,,,,
1990-04-12,0.0,,,,
1990-04-13,0.0,,,,
1990-04-14,0.0,,,,
1990-04-15,0.0,,,,
1990-04-16,0.0,,,,
1990-04-17,0.0,,,,
1990-04-18,0.0,,,,
1990-04-19,0.0,,,,
1990-04-20,0.01,,,,
1990-04-21,0.0,,,,
1990-04-22,0.0,,,,
1990-04-23,0.0,,,,
1990-04-24,0.0,,,,
1990-04-25,0.0,,,,
1990-04-26,0.0,,,,
1990-04-27,0.0,,,,
1990-04-28,0.0,,,,
1990-04-29,0.0,,,,
1990-04-30,0.01,,,,
1990-05-01,0.0,,,,
1990-05-02,0.0,,,,
1990-05-03,0.0,,,,
1990-05-04,0.0,,,,
1990-05-05,0.0,,,,
1990-05-06,0.0,,,,
1990-05-07,0.0,,,,
1990-05-08,0.0,,,,
1990-05-09,0.0,,,,
1990-05-10,0.0,,,,
1990-05-11,0.0,,,,
1990-05-12,0.0,,,,
1990-05-13,0.12,,,,
1990-05-14,0.0,,,,
1990-05-15,0.0,,,,
1990-05-16,0.0,,,,
1990-05-17,0.0,,,,
1990-05-18,0.0,,,,
1990-05-19,0.0,,,,
1990-05-20,0.0,,,,
1990-05-21,0.01,,,,
1990-05-22,0.0,,,,
1990-05-23,0.0,,,,
1990-05-24,0.0,,,,
1990-05-25,0.0,,,,
1990-05-26,0.0,,,,
1990-05-27,0.0,,,,
1990-05-28,0.0,,,,
1990-05-29,0.0,,,,
1990-05-30,0.0,,,,
1990-05-31,0.0,,,,
1990-06-01,0.0,,,,
1990-06-02,0.0,,,,
1990-06-03,0.05,,,,
1990-06-04,0.0,,,,
1990-06-05,1.8,,,,
1990-06-06,0.03,,,,
1990-06-07,0.0,,,,
1990-06-08,0.0,,,,
1990-06-09,0.01,,,,
1990-06-10,0.0,,,,
1990-06-11,0.0,,,,
1990-06-12,0.02,,,,
1990-06-13,0.0,,,,
1990-06-14,0.0,,,,
1990-06-15,0.0,,,,
1990-06-16,0.04,,,,
1990-06-17,0.0,,,,
1990-06-18,23.33,,,,
1990-06-19,1.99,,,,
1990-06-20,1.62,,,,
1990-06-21,0.05,,,,
1990-06-22,4.44,,,,
1990-06-23,0.0,,,,
1990-06-24,0.0,,,,
1990-06-25,0.0,,,,
1990-06-26,1.97,,,,
1990-06-27,0.05,,,,
1990-06-28,1.22,,,,
1990-06-29,32.08,,,,
1990-06-30,0.0,,,,
1990-07-01,0.29,,,,
1990-07-02,0.0,,,,
1990-07-03,0.21,,,,
1990-07-04,5.45,,,,
1990-07-05,3.12,,,,
1990-07-06,0.0,,,,
1990-07-07,0.0,,,,
1990-07-08,0.0,,,,
1990-07-09,0.0,,,,
1990-07-10,0.07,,,,
1990-07-11,22.28,,,,
1990-07-12,1.92,,,,
1990-07-13,2.25,,,,
1990-07-14,0.5,,,,
1990-07-15,1.28,,,,
1990-07-16,0.06,,,,
1990-07-17,25.33,,,,
1990-07-18,0.0,,,,
1990-07-19,0.0,,,,
1990-07-20,4.94,,,,
1990-07-21,0.57,,,,
1990-07-22,0.02,,,,
1990-07-23,0.46,,,,
1990-07-24,5.23,,,,
1990-07-25,0.38,,,,
1990-07-26,14.38,,,,
1990-07-27,0.13,,,,
1990-07-28,0.0,,,,
1990-07-29,0.68,,,,
1990-07-30,14.53,,,,
1990-07-31,0.0,,,,
1990-08-01,0.04,,,,
1990-08-02,0.0,,,,
1990-08-03,0.38,,,,
1990-08-04,16.02,,,,
1990-08-05,0.08,,,,
1990-08-06,0.99,,,,
1990-08-07,3.1,,,,
1990-08-08,0.0,,,,
1990-08-09,0.01,,,,
1990-08-10,13.94,,,,
1990-08-11,3.1,,,,
1990-08-12,0.0,,,,
1990-08-13,8.34,,,,
1990-08-14,7.33,,,,
1990-08-15,0.4,,,,
1990-08-16,0.0,,,,
1990-08-17,2.06,,,,
1990-08-18,17.11,,,,
1990-08-19,2.48,,,,
1990-08-20,2.01,,,,
1990-08-21,3.92,,,,
1990-08-22,0.0,,,,
1990-08-23,11.25,,,,
1990-08-24,0.0,,,,
1990-08-25,1.49,,,,
1990-08-26,8.82,,,,
1990-08-27,4.32,,,,
1990-08-28,18.63,,,,
1990-08-29,0.17,,,,
1990-08-30,3.34,,,,
1990-08-31,0.13,,,,
1990-09-01,0.0,,,,
1990-09-02,0.0,,,,
1990-09-03,0.0,,,,
1990-09-04,15.58,,,,
1990-09-05,0.02,,,,
1990-09-06,0.0,,,,
1990-09-07,0.0,,,,
1990-09-08,3.23,,,,
1990-09-09,7.45,,,,
1990-09-10,5.65,,,,
1990-09-11,0.0,,,,
1990-09-12,1.34,,,,
1990-09-13,5.96,,,,
1990-09-14,0.12,,,,
1990-09-15,0.0,,,,
1990-09-16,0.36,,,,
1990-09-17,0.02,,,,
1990-09-18,0.0,,,,
1990-09-19,0.97,,,,
1990-09-20,0.37,,,,
1990-09-21,0.0,,,,
1990-09-22,0.17,,,,
1990-09-23,0.0,,,,
1990-09-24,6.05,,,,
1990-09-25,0.0,,,,
1990-09-26,0.0,,,,
1990-09-27,1.98,,,,
1990-09-28,0.08,,,,
1990-09-29,0.0,,,,
1990-09-30,1.57,,,,
1990-10-01,2.97,,,,
1990-10-02,2.74,,,,
1990-10-03,0.47,,,,
1990-10-04,0.0,,,,
1990-10-05,0.93,,,,
1990-10-06,6.96,,,,
1990-10-07,0.0,,,,
1990-10-08,0.0,,,,
1990-10-09,1.37,,,,
1990-10-10,0.0,,,,
1990-10-11,0.0,,,,
1990-10-12,0.0,,,,
1990-10-13,0.0,,,,
1990-10-14,0.0,,,,
1990-10-15,0.0,,,,
1990-10-16,0.0,,,,
1990-10-17,9.83,,,,
1990-10-18,0.0,,,,
1990-10-19,0.0,,,,
1990-10-20,0.0,,,,
1990-10-21,0.0,,,,
1990-10-22,0.0,,,,
1990-10-23,0.0,,,,
1990-10-24,0.0,,,,
1990-10-25,3.75,,,,
1990-10-26,0.03,,,,
1990-10-27,0.0,,,,
1990-10-28,0.0,,,,
1990-10-29,0.03,,,,
1990-10-30,0.01,,,,
1990-10-31,0.0,,,,
1990-11-01,0.0,,,,
1990-11-02,0.0,,,,
1990-11-03,0.0,,,,
1990-11-04,0.0,,,,
1990-11-05,0.0,,,,
1990-11-06,0.0,,,,
1990-11-07,0.0,,,,
1990-11-08,0.0,,,,
1990-11-09,0.0,,,,
1990-11-10,0.0,,,,
1990-11-11,0.01,,,,
1990-11-12,0.0,,,,
1990-11-13,0.01,,,,
1990-11-14,0.0,,,,
1990-11-15,0.0,,,,
1990-11-16,0.0,,,,
1990-11-17,0.0,,,,
1990-11-18,0.0,,,,
1990-11-19,0.0,,,,
1990-11-20,0.0,,,,
1990-11-21,0.0,,,,
1990-11-22,0.0,,,,
1990-11-23,0.0,,,,
1990-11-24,0.0,,,,
1990-11-25,0.0,,,,
1990-11-26,0.0,,,,
1990-11-27,0.0,,,,
1990-11-28,0.0,,,,
1990-11-29,0.0,,,,
1990-11-30,0.0,,,,
1990-12-01,0.0,,,,
1990-12-02,0.0,,,,
1990-12-03,0.0,,,,
1990-12-04,0.0,,,,
1990-12-05,0.0,,,,
1990-12-06,0.0,,,,
1990-12-07,0.0,,,,
1990-12-08,0.0,,,,
1990-12-09,0.0,,,,
1990-12-10,0.0,,,,
1990-12-11,0.0,,,,
1990-12-12,0.01,,,,
1990-12-13,0.0,,,,
1990-12-14,0.0,,,,
1990-12-15,0.0,,,,
1990-12-16,0.0,,,,
1990-12-17,0.0,,,,
1990-12-18,0.0,,,,
1990-12-19,0.0,,,,
1990-12-20,0.0,,,,
1990-12-21,0.0,,,,
1990-12-22,0.0,,,,
1990-12-23,0.0,,,,
1990-12-24,0.0,,,,
1990-12-25,0.0,,,,
1990-12-26,0.01,,,,
1990-12-27,0.0,,,,
1990-12-28,0.0,,,,
1990-12-29,0.0,,,,
1990-12-30,0.0,,,,
1990-12-31,0.0,,,,
1991-01-01,0.0,35.71,18.47,24.76,9.3
1991-01-02,0.0,33.23,16.86,24.64,10.54
1991-01-03,0.0,33.93,15.03,29.54,10.11
1991-01-04,0.0,34.47,15.64,28.59,10.98
1991-01-05,0.0,34.34,16.2,27.88,10.97
1991-01-06,0.0,33.76,16.49,26.96,11.04
1991-01-07,0.01,31.35,17.8,30.86,16.33
1991-01-08,0.0,31.61,16.17,33.8,15.76
1991-01-09,0.0,30.31,16.83,30.97,16.75
1991-01-10,0.0,34.66,17.28,36.85,13.58
1991-01-11,0.01,35.9,19.04,30.78,13.84
1991-01-12,0.0,35.78,18.86,25.68,12.56
1991-01-13,0.0,35.97,18.51,27.58,12.32
1991-01-14,0.0,34.57,17.64,27.63,12.11
1991-01-15,0.0,35.28,18.32,27.51,9.99
1991-01-16,0.02,34.18,18.74,22.21,12.0
1991-01-17,0.0,31.99,19.11,36.93,19.49
1991-01-18,0.0,36.95,19.75,30.66,14.03
1991-01-19,0.0,37.62,20.0,27.55,11.02
1991-01-20,0.0,37.16,19.42,26.2,10.85
1991-01-21,0.0,36.15,19.24,36.24,15.2
1991-01-22,0.0,37.24,18.58,43.94,16.48
1991-01-23,0.0,33.41,18.88,51.36,23.16
1991-01-24,0.0,32.65,18.62,59.71,27.93
1991-01-25,0.0,34.0,17.51,64.24,29.38
1991-01-26,0.0,36.41,18.02,55.09,21.7
1991-01-27,0.0,37.57,18.91,44.04,15.38
1991-01-28,0.0,38.98,19.33,34.69,11.28
1991-01-29,0.0,38.36,19.57,30.48,9.54
1991-01-30,0.0,37.63,19.4,25.93,9.57
1991-01-31,0.0,37.31,19.42,27.66,11.72
1991-02-01,0.0,37.51,21.6,22.77,8.72
1991-02-02,0.0,37.03,21.9,18.2,8.73
1991-02-03,0.0,33.01,20.44,14.29,8.46
1991-02-04,0.0,31.53,18.24,24.36,11.11
1991-02-05,0.0,31.89,17.05,31.06,13.73
1991-02-06,0.01,32.84,16.34,31.48,15.62
1991-02-07,0.0,36.26,17.68,25.85,11.76
1991-02-08,0.0,34.95,20.37,21.63,11.23
1991-02-09,0.0,36.67,19.8,21.29,10.16
1991-02-10,0.0,37.4,20.64,21.84,9.74
1991-02-11,0.0,37.73,21.14,19.08,8.94
1991-02-12,0.13,38.51,19.68,21.08,9.99
1991-02-13,0.0,38.05,20.71,24.58,12.17
1991-02-14,0.0,33.57,19.13,55.22,17.77
1991-02-15,0.0,33.15,16.14,51.85,21.07
1991-02-16,0.0,34.72,16.7,40.05,16.59
1991-02-17,0.0,35.3,16.64,34.99,11.82
1991-02-18,0.0,35.44,18.0,27.61,12.85
1991-02-19,0.0,36.38,19.6,34.35,15.35
1991-02-20,0.0,35.34,19.82,31.49,16.4
1991-02-21,0.0,37.89,20.78,28.11,14.71
1991-02-22,0.0,38.95,20.02,34.32,14.54
1991-02-23,0.0,40.33,21.11,29.25,9.13
1991-02-24,0.0,39.51,21.01,19.74,8.84
1991-02-25,0.0,37.33,20.98,19.09,10.73
1991-02-26,0.0,35.7,18.21,20.73,10.41
1991-02-27,0.0,36.06,17.01,24.33,11.85
1991-02-28,0.0,36.82,20.68,23.0,11.63
1991-03-01,0.0,37.71,19.68,26.64,9.21
1991-03-02,0.0,37.55,18.84,21.01,8.52
1991-03-03,0.0,39.13,19.69,22.17,9.76
1991-03-04,0.0,41.09,21.49,25.59,9.89
1991-03-05,0.0,40.84,22.1,24.47,10.44
1991-03-06,0.01,38.82,22.04,31.51,14.52
1991-03-07,0.0,37.21,20.8,42.3,18.76
1991-03-08,0.0,36.71,19.53,47.34,19.47
1991-03-09,0.0,40.65,21.0,42.42,16.58
1991-03-10,0.0,41.85,23.56,37.85,18.18
1991-03-11,0.0,42.22,24.42,37.93,16.39
1991-03-12,0.0,41.78,24.75,30.87,14.45
1991-03-13,0.0,41.52,23.33,27.2,11.96
1991-03-14,0.0,38.34,22.01,37.19,17.36
1991-03-15,0.0,36.13,19.66,38.58,18.57
1991-03-16,0.0,38.27,20.35,30.63,11.4
1991-03-17,0.0,40.17,21.18,21.39,8.52
1991-03-18,0.0,40.06,22.08,22.08,9.68
1991-03-19,0.0,39.57,22.09,20.35,7.09
1991-03-20,0.0,39.83,21.65,18.87,6.86
1991-03-21,0.0,39.4,22.18,20.59,6.88
1991-03-22,0.0,40.51,21.89,21.2,7.18
1991-03-23,0.0,40.22,23.22,19.4,7.12
1991-03-24,0.0,37.39,22.04,26.65,11.12
1991-03-25,0.0,39.38,21.28,24.77,9.34
1991-03-26,0.0,39.42,21.12,19.15,8.17
1991-03-27,0.0,39.69,21.87,24.63,11.6
1991-03-28,0.0,39.17,22.59,30.8,13.47
1991-03-29,0.0,38.96,22.0,33.37,14.13
1991-03-30,0.0,40.14,22.27,28.2,10.94
1991-03-31,0.0,39.7,22.22,24.58,10.13
1991-04-01,0.0,38.21,22.23,38.81,13.11
1991-04-02,0.0,40.04,22.27,26.24,10.08
1991-04-03,0.0,40.49,23.34,29.31,12.04
1991-04-04,0.0,39.11,23.36,26.99,10.82
1991-04-05,0.0,38.62,21.24,19.79,7.18
1991-04-06,0.0,39.77,22.31,33.25,9.6
1991-04-07,0.0,41.21,24.0,25.95,8.24
1991-04-08,0.0,42.33,24.21,22.02,7.32
1991-04-09,0.0,41.61,24.28,26.55,9.05
1991-04-10,0.0,41.19,24.32,33.87,9.55
1991-04-11,0.0,41.62,24.22,26.45,7.04
1991-04-12,0.0,41.33,24.0,29.74,8.53
1991-04-13,0.0,41.73,23.91,22.46,7.26
1991-04-14,0.0,41.39,24.65,33.99,10.37
1991-04-15,0.0,42.5,25.12,32.16,6.9
1991-04-16,0.02,40.83,25.12,32.99,10.93
1991-04-17,0.0,41.4,25.67,35.39,12.71
1991-04-18,0.0,41.14,24.95,41.77,13.38
1991-04-19,0.0,41.86,25.07,34.99,13.31
1991-04-20,0.0,43.99,27.41,24.68,9.62
1991-04-21,0.0,42.6,26.71,32.27,11.36
1991-04-22,0.0,42.36,25.52,37.75,13.83
1991-04-23,0.0,44.32,27.01,34.1,15.45
1991-04-24,0.0,42.7,28.65,49.57,17.54
1991-04-25,0.0,44.77,28.32,38.65,10.44
1991-04-26,0.0,42.85,26.91,21.35,5.12
1991-04-27,0.0,42.23,24.67,20.47,8.41
1991-04-28,0.0,42.04,25.2,32.65,13.23
1991-04-29,0.0,41.52,25.28,27.24,11.54
1991-04-30,0.0,42.23,25.71,34.67,14.68
1991-05-01,0.0,41.05,28.55,38.84,19.36
1991-05-02,0.0,42.18,26.27,70.37,18.34
1991-05-03,0.0,42.65,27.18,55.32,15.71
1991-05-04,0.0,42.58,27.14,41.5,14.36
1991-05-05,0.01,43.05,27.09,41.33,12.49
1991-05-06,0.0,42.14,26.71,39.86,14.36
1991-05-07,0.0,42.36,27.1,35.81,11.22
1991-05-08,0.0,41.09,27.41,31.96,13.33
1991-05-09,0.0,42.92,27.09,34.26,12.55
1991-05-10,0.0,43.47,28.19,25.82,11.94
1991-05-11,0.0,42.66,27.72,25.37,11.88
1991-05-12,0.0,41.58,26.32,22.15,8.93
1991-05-13,0.0,40.7,25.62,28.91,11.35
1991-05-14,0.0,43.31,25.91,26.17,7.38
1991-05-15,0.0,43.13,27.0,31.21,8.75
1991-05-16,0.0,43.81,27.21,26.83,8.72
1991-05-17,0.08,41.92,28.71,34.33,9.98
1991-05-18,0.0,41.21,26.82,32.17,10.28
1991-05-19,0.04,41.35,26.55,42.7,13.29
1991-05-20,0.02,41.23,26.71,34.16,10.5
1991-05-21,0.35,41.59,25.95,34.7,12.74
1991-05-22,0.08,42.05,27.17,38.0,17.69
1991-05-23,0.0,42.45,29.3,43.62,22.5
1991-05-24,0.0,40.24,26.96,58.49,23.25
1991-05-25,0.0,41.11,26.58,51.45,18.34
1991-05-26,0.0,40.7,26.09,51.24,20.2
1991-05-27,0.0,40.1,26.03,49.16,19.72
1991-05-28,0.0,40.27,25.71,47.15,18.3
1991-05-29,0.0,39.06,25.03,45.96,17.06
1991-05-30,0.22,39.76,26.24,43.47,20.75
1991-05-31,0.0,39.93,27.46,57.21,27.11
1991-06-01,1.39,39.46,28.26,55.31,27.44
1991-06-02,22.43,40.79,29.12,51.44,26.49
1991-06-03,9.77,35.8,27.34,78.44,44.7
1991-06-04,0.0,37.3,28.2,70.47,32.16
1991-06-05,0.0,40.43,30.1,51.92,23.0
1991-06-06,0.0,42.62,30.26,42.94,16.04
1991-06-07,0.0,44.2,30.06,39.97,13.48
1991-06-08,0.32,40.83,29.46,60.09,23.22
1991-06-09,0.49,41.08,29.69,59.42,27.61
1991-06-10,0.0,40.8,30.06,56.04,26.12
1991-06-11,0.0,41.45,29.2,59.07,25.58
1991-06-12,0.0,41.39,29.3,67.11,26.44
1991-06-13,0.0,40.82,28.1,62.08,21.38
1991-06-14,0.0,40.23,27.62,54.23,18.05
1991-06-15,0.61,41.03,27.35,48.37,18.86
1991-06-16,0.0,40.15,28.16,46.11,25.23
1991-06-17,0.0,41.73,28.38,58.0,23.27
1991-06-18,0.0,41.92,28.23,55.65,19.97
1991-06-19,0.39,42.02,28.74,48.14,20.25
1991-06-20,1.3,40.76,28.45,69.51,29.45
1991-06-21,0.0,38.81,26.67,76.32,34.52
1991-06-22,0.0,39.13,27.83,55.32,22.08
1991-06-23,0.0,39.83,26.51,54.19,21.47
1991-06-24,0.01,41.0,27.96,61.28,23.15
1991-06-25,0.25,42.28,29.16,55.03,18.23
1991-06-26,0.0,41.3,28.38,59.38,23.45
1991-06-27,0.31,40.28,27.9,69.83,27.77
1991-06-28,1.7,39.79,27.55,67.93,29.56
1991-06-29,0.17,37.91,27.53,64.93,29.51
1991-06-30,0.33,39.68,25.22,76.78,27.44
1991-07-01,0.0,39.46,27.4,63.5,29.18
1991-07-02,0.0,39.72,27.44,60.04,28.16
1991-07-03,0.08,38.53,26.67,67.95,32.9
1991-07-04,17.51,32.55,23.75,93.07,52.34
1991-07-05,1.27,34.26,22.77,94.21,53.11
1991-07-06,0.0,34.53,24.89,89.31,47.54
1991-07-07,0.01,37.09,24.94,75.79,38.44
1991-07-08,8.69,35.78,25.45,82.43,45.37
1991-07-09,0.0,34.02,24.68,95.06,55.82
1991-07-10,12.72,31.82,22.71,99.04,65.35
1991-07-11,0.0,31.73,23.01,97.37,62.07
1991-07-12,0.0,34.03,22.95,93.66,51.7
1991-07-13,4.71,30.79,23.38,98.77,63.66
1991-07-14,0.06,34.12,23.14,98.08,53.34
1991-07-15,0.0,33.35,23.42,80.25,48.28
1991-07-16,0.0,32.69,23.67,85.82,54.69
1991-07-17,0.0,32.04,22.84,96.03,60.08
1991-07-18,0.34,32.96,23.42,97.27,58.33
1991-07-19,0.0,34.62,23.63,89.21,51.41
1991-07-20,0.0,33.75,24.04,84.56,52.41
1991-07-21,0.0,32.99,24.77,88.96,57.31
1991-07-22,0.12,31.03,23.38,95.95,67.35
1991-07-23,3.91,32.17,22.48,96.41,56.68
1991-07-24,12.7,31.02,23.55,91.58,62.57
1991-07-25,0.1,32.61,22.77,88.71,55.02
1991-07-26,16.4,32.66,23.49,89.76,57.36
1991-07-27,0.0,30.74,23.0,96.15,64.51
1991-07-28,0.0,31.46,21.85,97.36,61.9
1991-07-29,0.0,33.58,23.3,89.26,54.69
1991-07-30,2.28,32.53,24.46,89.56,57.67
1991-07-31,0.02,31.62,22.62,93.58,59.49
1991-08-01,3.87,31.46,22.68,91.38,60.76
1991-08-02,0.07,33.66,22.44,96.89,54.94
1991-08-03,0.0,34.75,24.22,90.46,53.09
1991-08-04,0.0,34.37,25.55,83.27,54.47
1991-08-05,0.01,33.6,23.82,89.93,54.47
1991-08-06,7.93,33.36,24.36,85.73,54.89
1991-08-07,22.8,34.08,23.46,94.76,56.16
1991-08-08,17.3,28.63,22.62,99.08,76.55
1991-08-09,0.84,32.45,22.31,96.6,59.55
1991-08-10,6.55,32.98,23.45,90.06,58.07
1991-08-11,0.32,32.52,23.85,94.44,60.59
1991-08-12,2.03,32.01,24.2,91.94,65.74
1991-08-13,0.75,29.84,22.45,98.86,76.53
1991-08-14,6.57,32.11,22.16,99.52,63.87
1991-08-15,1.39,31.94,23.64,90.78,66.1
1991-08-16,2.52,32.27,22.51,94.04,62.85
1991-08-17,0.19,31.85,23.01,93.94,62.18
1991-08-18,18.8,30.7,23.89,87.34,61.45
1991-08-19,12.54,32.23,23.45,90.79,60.28
1991-08-20,12.66,29.0,21.81,98.07,73.86
1991-08-21,0.87,32.1,22.65,98.19,63.81
1991-08-22,0.03,31.43,23.46,96.24,66.28
1991-08-23,0.04,31.9,22.52,98.17,62.23
1991-08-24,0.01,32.46,22.54,97.89,63.65
1991-08-25,0.03,32.6,22.81,97.45,65.51
1991-08-26,0.0,34.07,22.71,97.63,58.52
1991-08-27,0.0,32.79,23.85,95.34,60.96
1991-08-28,0.0,33.21,24.0,91.68,58.77
1991-08-29,0.0,32.5,23.07,96.31,64.27
1991-08-30,10.34,30.24,22.51,98.46,68.04
1991-08-31,36.71,30.63,22.97,99.11,70.89
1991-09-01,8.01,27.56,21.63,99.9,83.6
1991-09-02,0.04,32.13,21.97,99.24,60.64
1991-09-03,1.3,31.43,21.79,98.48,66.51
1991-09-04,0.0,30.71,21.98,99.23,72.63
1991-09-05,0.0,32.38,22.08,98.99,65.87
1991-09-06,0.19,33.43,22.89,91.37,58.23
1991-09-07,1.0,30.92,22.41,95.47,68.16
1991-09-08,0.87,30.48,22.06,98.08,71.19
1991-09-09,1.23,31.7,22.1,98.4,65.37
1991-09-10,18.81,33.4,21.9,97.33,63.3
1991-09-11,3.87,31.23,21.59,99.48,63.27
1991-09-12,0.0,33.77,22.68,93.11,52.79
1991-09-13,0.01,34.29,23.07,86.78,52.4
1991-09-14,0.0,32.01,23.45,97.37,59.83
1991-09-15,0.0,32.69,21.72,99.17,63.51
1991-09-16,0.0,33.89,22.51,96.14,49.47
1991-09-17,1.61,33.68,23.17,80.36,48.5
1991-09-18,0.0,34.66,23.49,83.88,51.29
1991-09-19,11.39,32.92,23.25,90.82,57.28
1991-09-20,4.78,31.95,23.41,87.93,61.82
1991-09-21,0.0,33.48,22.54,96.08,60.29
1991-09-22,0.0,35.93,23.55,89.81,43.49
1991-09-23,0.0,37.83,24.99,66.86,28.29
1991-09-24,0.0,34.82,23.81,74.83,41.26
1991-09-25,0.93,33.42,23.62,86.78,56.02
1991-09-26,4.44,34.73,24.06,90.81,56.25
1991-09-27,0.02,32.59,22.41,95.88,47.77
1991-09-28,0.0,35.53,23.2,79.75,36.33
1991-09-29,0.0,36.66,23.49,65.42,34.77
1991-09-30,0.0,35.85,23.87,66.65,40.99
1991-10-01,0.0,36.01,23.64,82.76,44.09
1991-10-02,3.36,37.44,23.75,93.96,46.05
1991-10-03,0.0,36.95,22.93,96.17,40.23
1991-10-04,2.04,38.11,22.77,94.63,32.39
1991-10-05,0.22,36.3,23.71,81.95,43.4
1991-10-06,0.0,32.95,21.16,98.72,58.86
1991-10-07,0.27,30.35,21.03,98.6,65.25
1991-10-08,4.99,30.85,21.77,97.13,65.93
1991-10-09,23.83,33.14,21.04,97.55,55.86
1991-10-10,0.01,32.65,21.27,99.15,55.13
1991-10-11,0.0,34.75,22.38,98.22,47.2
1991-10-12,0.0,35.75,22.93,96.09,44.12
1991-10-13,0.0,36.1,23.3,97.24,41.74
1991-10-14,0.1,35.94,23.27,85.26,38.55
1991-10-15,1.79,36.76,22.71,83.9,35.99
1991-10-16,1.22,36.96,23.07,89.7,36.83
1991-10-17,0.0,35.62,22.9,91.59,42.36
1991-10-18,0.16,34.75,21.74,94.79,42.31
1991-10-19,0.0,34.35,22.16,97.79,50.17
1991-10-20,0.0,37.75,22.42,98.39,32.59
1991-10-21,0.0,37.7,23.27,63.77,21.71
1991-10-22,0.0,36.65,21.93,57.83,24.78
1991-10-23,0.0,36.46,21.28,74.97,30.87
1991-10-24,0.08,37.31,22.22,74.85,26.72
1991-10-25,0.0,37.51,22.93,66.54,23.75
1991-10-26,0.0,37.89,22.46,66.75,23.5
1991-10-27,0.02,37.91,22.69,68.39,25.19
1991-10-28,0.0,37.45,22.56,65.54,26.53
1991-10-29,0.0,38.08,22.68,66.44,18.19
1991-10-30,0.0,38.35,21.9,56.04,14.08
1991-10-31,0.0,37.36,22.28,56.84,22.09
1991-11-01,0.0,37.32,19.5,74.05,28.19
1991-11-02,0.0,38.4,20.23,79.59,23.84
1991-11-03,0.0,38.45,20.88,59.71,19.75
1991-11-04,0.0,37.96,20.4,57.42,19.27
1991-11-05,0.0,37.69,19.36,58.46,17.22
1991-11-06,0.0,37.95,19.84,62.28,18.58
1991-11-07,0.0,38.51,20.25,59.64,19.47
1991-11-08,0.0,39.21,20.21,55.52,11.83
1991-11-09,0.0,37.5,19.0,49.88,13.43
1991-11-10,0.0,36.86,17.75,52.26,15.8
1991-11-11,0.0,36.68,17.92,45.85,13.61
1991-11-12,0.0,37.45,17.81,43.06,11.19
1991-11-13,0.0,36.29,17.75,42.58,10.93
1991-11-14,0.0,34.39,17.64,41.56,13.1
1991-11-15,0.0,35.74,17.06,42.62,13.56
1991-11-16,0.0,34.25,17.59,38.41,13.39
1991-11-17,0.0,33.82,18.76,40.25,15.46
1991-11-18,0.0,34.96,19.19,42.13,14.33
1991-11-19,0.0,36.07,19.65,46.88,14.07
1991-11-20,0.0,36.78,19.86,45.85,11.74
1991-11-21,0.0,37.84,19.06,46.57,13.76
1991-11-22,0.0,37.95,19.03,45.5,11.14
1991-11-23,0.0,37.55,18.44,42.32,11.44
1991-11-24,0.0,37.42,18.73,38.35,11.78
1991-11-25,0.0,38.03,19.33,45.06,12.84
1991-11-26,0.01,37.38,19.54,37.49,11.18
1991-11-27,0.0,37.48,19.11,42.22,11.81
1991-11-28,0.0,37.23,18.11,52.47,12.51
1991-11-29,0.0,36.24,18.74,48.2,12.2
1991-11-30,0.0,34.25,18.81,50.79,16.04
1991-12-01,0.0,37.34,17.63,46.74,15.3
1991-12-02,0.0,37.96,18.57,54.4,15.58
1991-12-03,0.0,37.34,18.17,49.27,17.35
1991-12-04,0.0,36.57,19.01,47.53,19.72
1991-12-05,0.0,34.49,19.19,55.97,30.45
1991-12-06,0.0,34.32,20.42,77.24,41.1
1991-12-07,0.0,35.06,20.24,93.48,42.81
1991-12-08,0.0,35.83,19.39,88.72,22.81
1991-12-09,0.0,36.34,17.3,70.65,16.53
1991-12-10,0.0,37.41,17.75,47.41,13.29
1991-12-11,0.0,36.81,18.31,47.6,15.81
1991-12-12,0.0,37.18,18.88,50.41,19.54
1991-12-13,0.0,37.52,18.65,49.3,12.07
1991-12-14,0.0,36.87,19.32,36.38,15.63
1991-12-15,0.0,36.28,18.57,34.74,17.12
1991-12-16,0.0,35.67,17.85,36.26,14.05
1991-12-17,0.01,33.22,17.59,38.47,17.54
1991-12-18,0.0,33.14,16.68,45.76,19.29
1991-12-19,0.0,34.79,16.67,46.68,16.84
1991-12-20,0.0,34.43,17.96,31.68,14.97
1991-12-21,0.01,32.32,17.01,31.7,17.67
1991-12-22,0.0,34.03,17.56,31.67,16.01
1991-12-23,0.0,35.21,17.21,34.14,13.61
1991-12-24,0.0,33.82,16.49,26.5,11.95
1991-12-25,0.0,33.27,14.44,30.17,10.98
1991-12-26,0.0,33.41,14.09,31.05,9.79
1991-12-27,0.0,34.31,16.08,27.11,12.25
1991-12-28,0.0,33.85,17.11,36.65,15.52
1991-12-29,0.0,34.33,16.5,37.74,17.96
1991-12-30,0.01,33.98,17.39,32.47,15.85
1991-12-31,0.0,33.43,17.39,28.85,13.85
1992-01-01,0.0,30.96,18.25,27.88,12.87
1992-01-02,0.0,35.29,17.78,25.35,12.15
1992-01-03,0.0,34.7,18.96,27.33,15.67
1992-01-04,0.0,33.11,20.32,26.15,16.19
1992-01-05,0.0,34.97,18.97,25.17,12.55
1992-01-06,0.0,34.79,17.97,26.77,11.03
1992-01-07,0.0,31.64,17.8,19.45,7.8
1992-01-08,0.0,33.77,16.22,25.4,8.46
1992-01-09,0.01,34.01,17.07,30.08,11.07
1992-01-10,0.0,35.46,17.31,31.12,9.88
1992-01-11,0.0,36.54,17.28,38.08,10.38
1992-01-12,0.0,35.47,17.17,30.82,11.7
1992-01-13,0.0,32.11,18.71,29.29,12.12
1992-01-14,0.0,34.01,18.84,30.94,12.9
1992-01-15,0.0,34.24,16.63,41.84,12.62
1992-01-16,0.0,34.3,16.59,41.25,15.89
1992-01-17,0.0,35.36,16.74,36.67,13.51
1992-01-18,0.0,35.13,18.19,34.56,14.07
1992-01-19,0.0,36.84,20.16,39.56,15.17
1992-01-20,0.0,33.4,19.53,45.1,18.73
1992-01-21,0.0,30.11,16.42,79.77,33.46
1992-01-22,0.1,31.12,16.58,84.47,37.51
1992-01-23,0.0,32.79,15.34,83.67,43.34
1992-01-24,0.0,34.86,17.7,83.09,29.69
1992-01-25,0.0,36.15,19.67,51.84,22.72
1992-01-26,0.0,35.47,19.83,52.52,25.4
1992-01-27,0.0,33.94,18.29,50.6,22.37
1992-01-28,0.0,34.17,19.05,35.61,18.94
1992-01-29,0.0,35.6,19.84,35.85,17.84
1992-01-30,0.0,37.24,20.62,37.05,15.87
1992-01-31,0.0,38.2,20.59,37.69,15.79
1992-02-01,0.0,35.2,22.51,63.17,26.35
1992-02-02,0.01,33.36,19.18,58.65,31.48
1992-02-03,0.0,33.02,20.26,59.72,31.38
1992-02-04,0.0,35.19,19.84,62.42,28.66
1992-02-05,0.0,36.71,20.33,56.31,27.47
1992-02-06,0.0,36.06,20.68,45.82,23.28
1992-02-07,0.0,36.63,19.72,37.76,19.23
1992-02-08,0.0,37.51,20.74,35.13,19.33
1992-02-09,0.0,35.56,21.54,35.88,19.75
1992-02-10,0.0,36.16,20.33,38.77,18.44
1992-02-11,0.0,35.88,21.36,34.38,19.18
1992-02-12,0.0,29.98,17.85,91.38,30.22
1992-02-13,0.0,28.89,16.28,92.97,38.42
1992-02-14,0.02,30.59,19.66,70.65,26.09
1992-02-15,0.0,37.03,19.17,67.62,14.7
1992-02-16,0.0,38.81,20.76,32.73,11.97
1992-02-17,0.0,39.14,21.2,22.82,6.07
1992-02-18,0.0,39.65,20.45,18.47,6.53
1992-02-19,0.0,38.95,20.9,32.15,9.79
1992-02-20,0.0,40.03,21.08,27.28,7.51
1992-02-21,0.0,40.03,20.71,25.95,7.19
1992-02-22,0.0,39.53,20.98,32.22,9.86
1992-02-23,0.0,39.94,20.92,36.85,9.53
1992-02-24,0.0,39.57,20.87,29.76,10.34
1992-02-25,0.0,39.24,20.53,36.99,10.91
1992-02-26,0.0,39.23,22.1,32.95,11.39
1992-02-27,0.0,38.38,21.31,36.04,16.54
1992-02-28,0.0,37.6,20.86,30.47,10.77
1992-02-29,0.02,33.22,19.19,28.05,13.18
1992-03-01,0.0,34.29,17.19,40.02,14.6
1992-03-02,0.0,35.99,18.55,36.17,14.45
1992-03-03,0.0,37.0,20.4,30.87,13.74
1992-03-04,0.0,36.84,20.23,32.78,15.05
1992-03-05,0.0,36.98,19.98,32.29,13.31
1992-03-06,0.0,37.9,20.35,22.67,11.32
1992-03-07,0.0,38.77,20.58,23.94,10.43
1992-03-08,0.0,38.79,21.67,19.66,10.19
1992-03-09,0.0,37.39,21.49,25.51,12.31
1992-03-10,0.0,38.29,20.71,27.16,10.92
1992-03-11,0.0,37.1,20.6,26.3,10.71
1992-03-12,0.0,35.46,20.01,25.55,11.38
1992-03-13,0.0,35.57,18.83,30.24,13.63
1992-03-14,0.03,35.14,19.79,23.38,11.63
1992-03-15,0.0,34.69,20.11,18.37,9.14
1992-03-16,0.02,36.04,22.0,17.22,8.3
1992-03-17,0.0,35.53,22.29,16.77,7.61
1992-03-18,0.03,34.92,22.6,14.91,6.0
1992-03-19,0.0,37.81,23.06,16.78,7.31
1992-03-20,0.0,38.65,21.28,28.39,9.94
1992-03-21,0.0,37.96,20.88,18.92,7.79
1992-03-22,0.0,36.81,21.55,16.44,8.6
1992-03-23,0.0,36.88,21.73,21.27,10.76
1992-03-24,0.0,39.21,20.51,20.99,9.05
1992-03-25,0.0,39.25,23.39,22.74,9.7
1992-03-26,0.02,38.64,24.56,24.22,11.38
1992-03-27,0.03,38.6,24.41,27.61,13.0
1992-03-28,0.0,40.22,25.16,23.2,12.06
1992-03-29,0.0,41.45,24.33,24.0,11.04
1992-03-30,0.0,41.82,25.44,27.65,11.86
1992-03-31,0.0,41.34,24.67,33.04,13.58
1992-04-01,0.0,40.06,24.44,37.13,15.08
1992-04-02,0.04,38.91,25.34,33.46,17.25
1992-04-03,0.0,41.18,25.04,45.1,17.82
1992-04-04,0.0,41.98,26.32,31.3,13.31
1992-04-05,0.0,39.68,26.26,22.23,11.2
1992-04-06,0.0,37.06,24.27,29.74,15.02
1992-04-07,0.0,37.88,22.11,23.84,10.97
1992-04-08,0.0,39.81,23.59,19.26,7.09
1992-04-09,0.0,39.23,22.96,18.63,6.89
1992-04-10,0.0,39.26,23.05,32.72,12.84
1992-04-11,0.0,39.42,23.04,38.21,14.93
1992-04-12,0.0,40.98,24.71,33.36,13.42
1992-04-13,0.0,42.37,25.88,35.76,11.7
1992-04-14,0.0,42.46,26.8,28.8,8.67
1992-04-15,0.0,40.82,25.49,14.41,4.94
1992-04-16,0.0,40.92,23.6,13.85,4.84
1992-04-17,0.0,42.21,25.07,18.32,4.74
1992-04-18,0.0,42.82,24.89,20.06,5.57
1992-04-19,0.0,42.31,25.69,24.52,5.7
1992-04-20,0.0,43.05,25.42,19.51,5.22
1992-04-21,0.0,41.74,25.8,38.54,11.46
1992-04-22,0.0,40.38,24.41,39.33,15.82
1992-04-23,0.0,40.04,24.49,43.84,18.3
1992-04-24,0.0,39.52,24.67,46.33,20.78
1992-04-25,0.0,43.44,25.75,34.61,10.48
1992-04-26,0.0,43.95,28.33,31.03,14.57
1992-04-27,0.0,42.87,28.24,39.08,17.01
1992-04-28,0.0,42.92,27.06,33.0,12.1
1992-04-29,0.02,40.45,26.3,51.16,16.23
1992-04-30,0.0,40.36,25.51,40.69,16.6
1992-05-01,0.0,38.67,25.41,40.9,15.9
1992-05-02,0.0,39.09,25.97,40.42,20.0
1992-05-03,0.05,40.59,26.32,43.48,16.14
1992-05-04,0.0,39.02,26.7,39.94,14.28
1992-05-05,0.0,41.26,26.75,29.53,9.13
1992-05-06,0.0,40.85,27.1,23.4,11.91
1992-05-07,0.0,43.1,29.18,26.51,16.07
1992-05-08,0.0,43.66,29.21,40.03,10.01
1992-05-09,0.0,42.61,27.89,45.6,16.96
1992-05-10,0.0,42.6,28.15,51.24,21.07
1992-05-11,0.0,41.25,27.32,49.54,17.87
1992-05-12,0.0,41.73,26.25,50.61,14.78
1992-05-13,0.0,42.05,27.11,41.52,13.21
1992-05-14,0.0,40.99,26.92,58.86,18.67
1992-05-15,0.0,40.22,26.6,57.23,22.73
1992-05-16,0.0,39.92,26.99,60.52,25.5
1992-05-17,0.0,40.6,28.05,56.15,25.36
1992-05-18,5.36,40.29,28.74,64.04,28.68
1992-05-19,0.0,37.07,26.67,73.4,32.75
1992-05-20,0.0,39.09,27.59,60.69,22.35
1992-05-21,0.0,41.11,27.72,53.2,19.49
1992-05-22,0.0,40.19,27.02,59.18,21.7
1992-05-23,0.0,41.47,27.32,45.28,17.96
1992-05-24,0.01,40.78,29.05,48.95,23.92
1992-05-25,0.08,38.06,28.48,57.92,30.71
1992-05-26,0.0,36.55,27.01,70.47,35.0
1992-05-27,0.01,38.11,28.52,64.05,32.25
1992-05-28,0.0,39.87,27.35,59.42,17.81
1992-05-29,0.0,39.23,28.04,54.75,21.48
1992-05-30,8.53,40.11,29.45,68.16,27.29
1992-05-31,0.02,38.45,27.46,89.01,36.82
1992-06-01,0.0,39.68,26.95,61.69,21.79
1992-06-02,0.0,42.65,28.51,49.51,15.11
1992-06-03,3.78,39.15,28.47,60.1,28.68
1992-06-04,0.0,37.8,27.34,74.93,32.79
1992-06-05,3.4,41.17,28.58,65.11,20.13
1992-06-06,0.16,36.05,28.36,75.04,40.69
1992-06-07,18.84,37.8,26.18,86.5,41.22
1992-06-08,1.28,33.67,25.72,94.09,59.52
1992-06-09,0.45,32.95,24.08,95.95,63.34
1992-06-10,0.04,36.61,23.19,96.05,38.54
1992-06-11,0.0,38.39,26.6,65.57,29.51
1992-06-12,0.0,38.18,26.36,71.99,33.87
1992-06-13,0.0,36.83,26.45,72.25,37.59
1992-06-14,0.58,37.98,27.01,73.36,23.3
1992-06-15,0.0,39.0,26.43,59.97,22.98
1992-06-16,0.0,38.98,27.59,57.19,27.48
1992-06-17,0.0,39.52,27.65,67.9,28.93
1992-06-18,0.0,39.28,27.84,59.12,25.37
1992-06-19,0.01,39.72,27.64,66.4,26.12
1992-06-20,2.85,39.71,28.38,66.59,30.45
1992-06-21,2.83,37.13,26.79,80.71,37.0
1992-06-22,0.89,37.9,26.03,79.87,34.03
1992-06-23,0.31,39.13,27.15,70.79,28.75
1992-06-24,0.0,36.98,26.77,77.32,37.21
1992-06-25,0.0,38.28,27.14,72.75,32.73
1992-06-26,0.04,38.32,27.42,69.91,32.11
1992-06-27,3.14,37.42,27.31,68.73,36.82
1992-06-28,0.0,36.73,26.89,76.15,43.17
1992-06-29,0.46,36.45,24.85,91.57,47.74
1992-06-30,7.55,35.62,23.63,90.51,46.79
1992-07-01,0.0,35.73,23.52,89.54,38.46
1992-07-02,0.0,36.2,25.79,80.07,44.77
1992-07-03,0.0,36.86,25.32,85.04,35.86
1992-07-04,0.0,36.07,24.93,67.92,32.27
1992-07-05,0.0,36.52,24.71,65.69,33.83
1992-07-06,0.0,35.85,25.94,66.15,37.66
1992-07-07,0.0,37.23,25.93,70.29,33.38
1992-07-08,0.07,35.91,25.75,77.5,40.97
1992-07-09,6.54,31.7,23.11,96.95,63.87
1992-07-10,37.14,32.45,22.09,98.74,61.94
1992-07-11,0.12,33.52,23.17,93.85,56.03
1992-07-12,0.21,33.02,23.74,84.06,54.78
1992-07-13,0.0,33.84,24.94,82.24,50.35
1992-07-14,0.69,34.1,24.78,82.48,49.32
1992-07-15,0.0,32.33,23.95,89.49,55.52
1992-07-16,25.76,29.72,23.07,97.17,69.1
1992-07-17,0.0,32.84,21.89,96.82,58.82
1992-07-18,0.0,32.34,23.23,91.37,57.31
1992-07-19,0.0,33.7,24.21,86.61,49.42
1992-07-20,0.0,34.07,24.98,79.47,47.61
1992-07-21,0.11,34.29,24.62,86.35,49.33
1992-07-22,17.57,32.75,24.14,90.31,58.13
1992-07-23,11.19,30.88,22.71,95.76,69.2
1992-07-24,16.1,33.03,22.66,92.56,57.15
1992-07-25,5.75,29.64,23.45,95.91,73.44
1992-07-26,0.01,33.0,21.88,94.03,53.75
1992-07-27,0.0,33.55,24.68,85.89,53.99
1992-07-28,6.03,33.91,24.29,91.95,52.49
1992-07-29,0.1,33.44,23.24,93.45,53.39
1992-07-30,0.0,34.67,24.84,83.25,51.67
1992-07-31,0.0,35.5,25.55,81.33,46.63
1992-08-01,4.02,34.38,24.67,84.29,53.48
1992-08-02,5.65,33.7,23.55,88.12,54.4
1992-08-03,0.0,32.23,22.16,98.13,61.76
1992-08-04,0.0,32.24,22.72,97.02,63.14
1992-08-05,0.0,33.14,23.13,92.1,54.25
1992-08-06,0.41,32.26,24.41,82.85,55.76
1992-08-07,6.04,32.02,24.0,88.35,61.87
1992-08-08,0.0,33.92,23.0,92.89,50.59
1992-08-09,0.0,34.11,24.2,85.42,53.65
1992-08-10,0.0,33.51,23.57,94.67,59.97
1992-08-11,1.57,33.49,23.52,94.53,59.37
1992-08-12,0.0,31.2,22.98,95.62,69.05
1992-08-13,0.07,32.84,22.6,96.53,62.36
1992-08-14,0.0,32.91,22.72,95.03,59.63
1992-08-15,0.0,33.43,22.86,91.11,57.64
1992-08-16,0.72,33.45,23.08,93.19,55.95
1992-08-17,0.75,31.88,22.56,96.28,67.96
1992-08-18,1.43,33.26,22.71,95.66,61.26
1992-08-19,4.19,32.81,22.2,96.04,59.98
1992-08-20,0.13,33.55,22.49,96.18,58.02
1992-08-21,0.0,34.0,22.82,95.9,57.79
1992-08-22,0.0,34.2,23.9,94.5,56.39
1992-08-23,0.0,33.86,23.94,87.48,54.84
1992-08-24,40.63,33.68,24.33,96.51,57.01
1992-08-25,4.48,30.86,22.35,98.59,65.82
1992-08-26,15.08,31.92,21.84,98.79,60.27
1992-08-27,0.51,32.33,22.22,97.17,61.56
1992-08-28,0.11,31.47,21.81,97.59,68.04
1992-08-29,3.04,31.52,22.62,96.3,68.36
1992-08-30,27.35,28.15,22.05,98.72,81.53
1992-08-31,0.0,30.31,22.3,98.71,68.9
1992-09-01,22.63,30.87,22.0,99.52,67.74
1992-09-02,0.0,32.12,21.73,99.72,60.67
1992-09-03,0.08,32.51,22.86,89.0,61.12
1992-09-04,11.74,31.36,22.52,94.05,67.55
1992-09-05,2.36,31.55,21.63,98.18,63.06
1992-09-06,0.02,32.97,21.85,99.05,56.62
1992-09-07,9.37,33.5,24.09,87.11,55.39
1992-09-08,1.62,31.04,22.75,94.39,71.66
1992-09-09,0.0,31.83,21.42,97.96,63.8
1992-09-10,43.01,31.62,21.2,99.2,69.13
1992-09-11,0.53,32.54,21.99,99.25,59.92
1992-09-12,3.34,33.73,22.84,89.74,56.21
1992-09-13,0.13,31.71,22.79,94.79,67.95
1992-09-14,0.47,32.58,21.37,98.61,58.3
1992-09-15,0.21,34.69,23.04,94.29,44.5
1992-09-16,12.24,34.66,23.5,80.64,49.41
1992-09-17,10.28,29.24,23.13,93.86,78.02
1992-09-18,0.0,31.71,21.17,96.38,59.47
1992-09-19,0.0,33.4,21.69,97.68,59.14
1992-09-20,6.78,34.26,22.67,94.07,54.88
1992-09-21,0.47,33.26,22.44,92.63,57.25
1992-09-22,1.1,34.82,22.72,94.17,48.44
1992-09-23,0.86,35.34,23.7,82.32,43.27
1992-09-24,0.0,35.69,24.02,77.14,39.19
1992-09-25,3.24,33.68,23.36,85.53,49.46
1992-09-26,0.0,35.55,22.86,87.95,43.96
1992-09-27,0.0,35.04,23.79,83.89,50.86
1992-09-28,1.65,35.42,23.78,87.52,45.86
1992-09-29,0.66,35.66,23.52,80.01,40.35
1992-09-30,0.0,34.88,23.51,79.05,43.25
1992-10-01,0.09,34.34,22.65,97.16,53.43
1992-10-02,0.5,32.95,21.42,97.99,59.05
1992-10-03,0.0,33.94,21.46,97.36,51.72
1992-10-04,0.0,35.41,22.11,97.73,40.04
1992-10-05,0.0,35.78,22.79,94.46,35.31
1992-10-06,0.0,35.62,22.2,85.78,40.36
1992-10-07,0.3,35.99,22.82,90.24,42.85
1992-10-08,0.0,36.61,22.27,99.45,26.86
1992-10-09,0.0,37.82,23.03,63.27,24.73
1992-10-10,0.0,38.6,23.38,59.62,23.17
1992-10-11,0.0,38.14,23.77,63.67,23.32
1992-10-12,0.0,36.79,22.85,66.73,22.94
1992-10-13,0.0,37.28,22.69,70.56,21.07
1992-10-14,0.0,37.73,23.32,71.28,32.24
1992-10-15,0.0,37.93,23.03,75.35,28.49
1992-10-16,0.0,38.03,22.77,80.17,29.0
1992-10-17,0.0,37.89,22.83,69.98,27.0
1992-10-18,0.0,38.38,23.21,69.56,25.55
1992-10-19,0.0,37.98,22.68,78.27,25.29
1992-10-20,0.0,39.28,23.54,65.61,18.63
1992-10-21,0.0,40.25,23.82,59.48,15.11
1992-10-22,0.0,37.47,22.87,81.05,29.23
1992-10-23,0.0,37.04,22.69,81.07,28.47
1992-10-24,0.0,35.99,21.69,61.29,24.51
1992-10-25,0.03,35.94,21.67,57.39,21.77
1992-10-26,5.09,37.47,22.81,58.42,20.16
1992-10-27,0.0,36.09,23.07,87.66,27.68
1992-10-28,0.0,38.19,23.35,56.7,17.88
1992-10-29,0.0,38.28,23.46,56.1,19.64
1992-10-30,0.0,38.03,22.66,72.15,21.8
1992-10-31,0.0,36.66,22.2,65.23,22.52
1992-11-01,0.0,38.29,19.71,77.07,22.86
1992-11-02,0.05,36.88,19.92,88.0,27.62
1992-11-03,0.03,38.0,20.15,74.86,17.16
1992-11-04,0.1,37.14,20.13,55.4,18.89
1992-11-05,0.0,35.86,19.54,53.69,15.08
1992-11-06,0.0,34.5,17.51,36.65,12.78
1992-11-07,0.0,35.65,17.01,44.16,13.3
1992-11-08,0.0,35.25,17.32,37.83,13.0
1992-11-09,0.0,34.94,18.89,48.64,19.05
1992-11-10,0.02,35.08,19.62,73.77,25.45
1992-11-11,0.0,31.64,18.18,93.98,53.96
1992-11-12,0.0,36.4,19.4,89.73,24.52
1992-11-13,0.0,36.36,19.98,62.4,30.67
1992-11-14,0.01,35.75,20.25,74.97,16.66
1992-11-15,0.0,36.77,19.18,50.33,15.0
1992-11-16,0.01,36.93,18.23,42.48,16.3
1992-11-17,0.0,36.03,18.81,46.11,18.0
1992-11-18,0.0,36.31,18.17,48.5,15.5
1992-11-19,0.0,32.38,17.61,29.47,14.34
1992-11-20,0.0,33.55,15.88,41.07,16.45
1992-11-21,0.0,35.4,16.39,44.06,14.3
1992-11-22,0.0,36.42,17.97,39.9,13.79
1992-11-23,0.0,35.97,18.91,31.21,12.31
1992-11-24,0.0,35.65,18.39,30.9,12.16
1992-11-25,0.0,35.44,17.5,33.35,12.96
1992-11-26,0.0,36.1,17.47,33.9,14.82
1992-11-27,0.0,36.08,18.38,35.23,13.18
1992-11-28,0.0,35.43,17.6,30.53,11.81
1992-11-29,0.0,33.57,16.97,33.53,13.81
1992-11-30,0.0,34.12,16.6,36.46,13.06
1992-12-01,0.0,34.95,15.43,36.28,13.85
1992-12-02,0.0,35.36,16.27,32.28,12.25
1992-12-03,0.0,34.78,16.44,30.02,11.06
1992-12-04,0.0,34.96,15.9,32.4,12.09
1992-12-05,0.0,35.19,16.32,33.26,13.06
1992-12-06,0.0,35.27,15.77,35.3,12.93
1992-12-07,0.0,35.65,16.14,33.99,11.97
1992-12-08,0.0,34.64,16.16,37.04,12.13
1992-12-09,0.0,35.35,16.01,36.11,12.05
1992-12-10,0.0,36.07,16.57,32.16,11.43
1992-12-11,0.0,35.38,16.54,30.61,10.39
1992-12-12,0.0,32.53,17.88,25.26,12.47
1992-12-13,0.0,36.33,18.37,34.25,10.54
1992-12-14,0.0,37.34,20.01,30.57,8.93
1992-12-15,0.0,38.78,19.42,24.48,6.9
1992-12-16,0.0,38.61,18.5,28.21,7.68
1992-12-17,0.0,38.02,17.72,35.76,9.3
1992-12-18,0.0,37.74,17.76,34.33,9.44
1992-12-19,0.0,36.92,17.83,38.65,14.26
1992-12-20,0.0,37.03,17.89,38.91,12.24
1992-12-21,0.0,37.39,17.79,36.55,11.22
1992-12-22,0.0,37.47,17.55,33.78,11.83
1992-12-23,0.0,37.02,17.76,30.44,11.49
1992-12-24,0.0,36.22,17.53,35.35,13.27
1992-12-25,0.0,35.45,16.51,44.42,17.86
1992-12-26,0.0,37.31,17.68,45.37,14.03
1992-12-27,0.0,35.66,17.4,35.55,13.78
1992-12-28,0.0,35.3,17.22,32.59,12.54
1992-12-29,0.0,36.43,18.09,31.2,12.75
1992-12-30,0.0,34.87,19.18,38.12,17.93
1992-12-31,0.0,34.62,19.35,50.06,21.39
1993-01-01,0.0,34.64,20.94,47.52,19.5
1993-01-02,0.0,35.55,20.39,36.14,19.45
1993-01-03,0.0,35.34,19.6,46.92,19.8
1993-01-04,0.0,34.12,19.63,41.12,16.08
1993-01-05,0.0,32.08,20.03,31.38,14.22
1993-01-06,0.0,30.59,17.84,28.58,11.24
1993-01-07,0.0,28.14,14.75,19.01,10.01
1993-01-08,0.0,29.41,14.5,19.68,11.52
1993-01-09,0.0,29.59,16.51,27.14,13.25
1993-01-10,0.0,30.45,16.22,20.04,10.25
1993-01-11,0.0,32.07,15.78,21.72,11.01
1993-01-12,0.0,33.15,16.17,23.88,10.98
1993-01-13,0.0,33.98,16.36,26.13,11.34
1993-01-14,0.0,34.67,17.04,27.68,10.74
1993-01-15,0.0,35.15,17.39,25.99,10.51
1993-01-16,0.0,35.42,17.48,25.04,8.51
1993-01-17,0.0,36.17,17.57,21.55,8.58
1993-01-18,0.0,36.44,17.72,23.97,9.52
1993-01-19,0.0,36.05,17.94,39.15,13.68
1993-01-20,0.0,35.76,19.05,60.61,12.71
1993-01-21,0.0,36.7,18.51,32.97,11.49
1993-01-22,0.0,37.32,19.43,28.9,11.95
1993-01-23,0.0,37.85,19.13,32.79,10.89
1993-01-24,0.0,37.47,18.75,22.82,10.65
1993-01-25,0.0,37.76,19.05,23.98,8.52
1993-01-26,0.0,37.79,19.17,21.75,8.98
1993-01-27,0.0,34.06,18.54,25.31,11.73
1993-01-28,0.0,32.03,15.68,24.55,11.57
1993-01-29,0.0,32.1,13.99,25.9,10.67
1993-01-30,0.0,34.15,14.2,29.52,9.33
1993-01-31,0.0,34.44,15.69,28.01,8.08
1993-02-01,0.0,34.79,18.01,23.23,8.52
1993-02-02,0.0,29.26,18.63,62.8,12.53
1993-02-03,0.0,32.13,15.4,78.36,34.57
1993-02-04,0.0,32.6,17.49,52.18,25.74
1993-02-05,0.0,34.9,18.83,37.15,19.67
1993-02-06,0.0,35.97,19.46,36.38,17.57
1993-02-07,0.0,36.93,20.82,33.93,14.28
1993-02-08,0.0,37.33,21.24,25.1,10.6
1993-02-09,0.0,39.16,21.58,21.31,5.04
1993-02-10,0.0,39.36,21.14,16.39,4.74
1993-02-11,0.0,39.65,21.26,16.95,5.98
1993-02-12,0.0,39.73,21.67,16.75,7.51
1993-02-13,0.0,38.2,21.84,22.01,9.69
1993-02-14,0.0,36.64,19.7,23.5,9.79
1993-02-15,0.0,36.37,18.66,22.06,10.57
1993-02-16,0.0,36.48,18.46,26.94,11.11
1993-02-17,0.0,38.06,19.06,26.63,10.11
1993-02-18,0.0,39.15,20.28,29.03,9.37
1993-02-19,0.0,40.05,21.24,27.03,9.07
1993-02-20,0.0,41.15,21.62,27.64,9.63
1993-02-21,0.0,37.86,21.74,36.74,14.16
1993-02-22,0.0,33.33,20.21,57.44,23.85
1993-02-23,0.0,32.87,17.4,51.04,22.68
1993-02-24,0.0,34.89,16.88,42.3,18.57
1993-02-25,0.0,37.97,19.49,33.83,14.14
1993-02-26,0.0,38.98,21.24,30.96,15.47
1993-02-27,0.0,38.5,20.8,27.8,11.81
1993-02-28,0.0,38.27,19.91,26.74,12.64
1993-03-01,0.0,36.18,19.85,32.9,14.71
1993-03-02,0.0,38.25,20.4,35.59,15.77
1993-03-03,0.0,38.6,22.08,34.31,13.63
1993-03-04,0.0,35.87,21.2,52.36,21.84
1993-03-05,0.0,39.22,21.25,34.58,18.55
1993-03-06,0.0,40.72,23.54,26.61,14.03
1993-03-07,0.0,40.96,23.55,30.46,11.71
1993-03-08,0.0,39.38,22.7,34.8,16.54
1993-03-09,0.0,39.13,21.85,30.22,14.57
1993-03-10,0.0,39.61,21.79,31.93,13.04
1993-03-11,0.0,39.49,21.53,22.3,10.97
1993-03-12,0.0,40.06,21.3,25.47,11.04
1993-03-13,0.0,41.09,21.99,26.2,10.08
1993-03-14,0.0,39.99,22.46,20.81,8.93
1993-03-15,0.0,39.78,22.46,31.96,12.05
1993-03-16,0.0,36.56,24.17,46.74,18.6
1993-03-17,0.01,38.44,22.43,44.73,15.74
1993-03-18,0.03,38.34,22.38,44.54,17.3
1993-03-19,0.0,43.03,24.15,27.64,8.13
1993-03-20,0.04,42.13,25.15,27.65,6.36
1993-03-21,0.18,39.76,23.24,20.57,8.04
1993-03-22,0.0,40.07,22.01,19.54,7.07
1993-03-23,0.0,40.3,21.33,20.11,7.15
1993-03-24,0.0,41.36,21.89,18.75,6.77
1993-03-25,0.0,41.15,22.93,26.43,10.77
1993-03-26,0.0,40.74,22.82,47.39,11.6
1993-03-27,0.0,41.74,22.45,51.64,10.87
1993-03-28,0.0,42.4,23.38,27.61,9.47
1993-03-29,0.0,41.76,23.1,29.27,9.76
1993-03-30,0.0,41.0,22.95,23.86,9.32
1993-03-31,0.0,41.02,22.56,27.53,9.3
1993-04-01,0.03,41.16,24.65,22.25,10.01
1993-04-02,0.0,40.77,24.49,23.6,10.08
1993-04-03,0.0,40.64,24.55,25.0,9.78
1993-04-04,0.0,41.32,25.09,22.74,9.34
1993-04-05,0.0,41.87,25.83,30.77,9.89
1993-04-06,0.0,43.45,25.33,29.18,9.58
1993-04-07,0.0,42.6,26.4,36.46,9.48
1993-04-08,0.0,42.46,26.43,35.32,8.27
1993-04-09,0.0,42.63,26.49,21.03,6.73
1993-04-10,0.0,41.64,26.18,27.49,8.68
1993-04-11,0.0,40.85,24.9,58.56,15.8
1993-04-12,0.0,40.05,24.95,58.12,19.24
1993-04-13,0.0,40.26,25.15,51.63,14.49
1993-04-14,0.0,38.71,24.03,42.46,15.85
1993-04-15,0.02,41.46,25.38,36.54,15.88
1993-04-16,0.0,43.07,26.65,36.03,13.6
1993-04-17,0.0,43.11,26.79,33.39,14.44
1993-04-18,0.0,43.06,27.16,34.02,14.83
1993-04-19,0.0,43.29,26.74,30.32,10.46
1993-04-20,0.0,42.79,25.89,25.66,8.43
1993-04-21,0.0,40.64,25.73,45.23,16.57
1993-04-22,0.0,37.73,24.25,48.09,19.15
1993-04-23,0.0,38.89,23.05,46.11,19.01
1993-04-24,0.0,41.18,24.0,40.54,15.55
1993-04-25,0.0,43.07,26.24,33.96,14.45
1993-04-26,0.0,42.38,26.09,31.24,12.16
1993-04-27,0.0,42.07,25.92,27.97,13.9
1993-04-28,0.0,43.41,26.51,28.89,13.17
1993-04-29,0.0,41.09,27.04,43.16,17.05
1993-04-30,0.0,42.85,28.9,36.31,20.66
1993-05-01,0.0,43.13,30.59,42.58,16.23
1993-05-02,0.0,42.43,29.36,36.84,13.87
1993-05-03,0.0,42.23,28.03,40.93,17.58
1993-05-04,0.0,41.32,27.97,40.88,19.32
1993-05-05,0.0,41.91,26.76,39.25,16.55
1993-05-06,0.0,43.88,27.96,25.96,12.24
1993-05-07,0.0,43.99,28.89,36.48,11.77
1993-05-08,0.0,41.85,28.3,47.85,17.06
1993-05-09,0.0,42.43,26.94,36.54,12.74
1993-05-10,0.0,43.31,26.82,37.6,12.6
1993-05-11,0.0,43.05,27.19,43.43,13.34
1993-05-12,0.0,42.74,27.59,42.89,17.07
1993-05-13,0.0,40.83,27.59,63.03,24.49
1993-05-14,0.0,40.86,27.21,61.56,25.36
1993-05-15,0.0,38.43,27.07,73.78,30.78
1993-05-16,0.0,42.21,28.21,55.18,17.76
1993-05-17,0.0,42.22,27.81,53.23,18.81
1993-05-18,0.0,40.28,26.82,60.59,25.64
1993-05-19,0.0,40.54,27.15,65.88,26.21
1993-05-20,0.0,40.12,26.78,67.86,28.21
1993-05-21,0.0,41.28,26.99,64.11,20.7
1993-05-22,0.0,42.59,28.6,49.97,22.34
1993-05-23,0.2,40.94,27.72,63.99,23.97
1993-05-24,0.01,41.6,27.66,46.69,17.65
1993-05-25,0.32,40.28,26.75,56.42,23.45
1993-05-26,0.0,42.04,26.59,47.66,15.39
1993-05-27,0.07,44.8,27.68,36.46,10.47
1993-05-28,0.0,42.53,28.78,48.51,15.34
1993-05-29,0.0,42.84,28.04,58.02,14.79
1993-05-30,0.0,43.72,27.98,43.86,12.54
1993-05-31,0.0,42.36,27.53,58.8,19.71
1993-06-01,0.0,40.28,27.75,57.24,23.5
1993-06-02,0.0,41.05,27.18,55.82,20.17
1993-06-03,0.0,40.97,27.35,50.89,18.7
1993-06-04,0.0,37.73,27.72,60.9,28.08
1993-06-05,0.0,39.48,26.27,63.29,28.4
1993-06-06,2.32,38.18,28.03,66.23,34.59
1993-06-07,0.0,37.54,27.71,63.61,29.93
1993-06-08,0.0,39.86,28.25,58.19,20.11
1993-06-09,5.12,40.57,27.13,59.99,23.33
1993-06-10,0.05,40.54,27.44,64.87,20.78
1993-06-11,0.0,42.86,28.01,51.11,16.09
1993-06-12,0.0,39.7,29.15,62.65,28.54
1993-06-13,0.0,40.8,28.7,58.87,26.91
1993-06-14,0.0,40.27,27.96,50.93,18.9
1993-06-15,0.0,38.64,26.41,53.35,22.19
1993-06-16,0.02,40.2,27.62,53.13,26.07
1993-06-17,0.0,40.67,29.3,56.49,25.39
1993-06-18,0.0,40.4,28.48,59.51,29.06
1993-06-19,0.97,37.07,26.95,82.96,44.07
1993-06-20,0.0,37.23,26.17,79.54,37.1
1993-06-21,0.13,39.4,26.19,74.1,23.65
1993-06-22,0.0,36.68,26.09,66.78,34.98
1993-06-23,0.0,38.68,26.63,73.09,32.41
1993-06-24,29.56,40.24,28.24,74.89,31.26
1993-06-25,0.62,37.81,27.27,70.45,29.07
1993-06-26,26.74,40.05,27.9,64.67,29.09
1993-06-27,0.32,38.63,27.48,78.24,35.21
1993-06-28,21.23,36.45,26.48,85.93,45.79
1993-06-29,0.42,31.33,23.47,98.06,69.29
1993-06-30,0.04,35.69,24.19,95.52,45.52
1993-07-01,28.17,37.38,24.7,81.22,36.49
1993-07-02,0.03,35.28,24.76,79.04,44.4
1993-07-03,0.0,35.07,25.18,82.17,45.53
1993-07-04,1.86,38.61,26.49,70.55,26.35
1993-07-05,0.0,38.38,25.82,75.36,32.97
1993-07-06,0.0,38.12,27.28,73.56,36.8
1993-07-07,0.91,36.71,26.65,77.31,41.46
1993-07-08,3.08,35.41,26.1,81.27,46.23
1993-07-09,0.01,34.13,23.88,88.75,50.56
1993-07-10,0.2,35.89,23.87,89.21,39.81
1993-07-11,0.74,36.84,24.59,73.27,36.29
1993-07-12,0.0,35.76,25.35,83.49,43.27
1993-07-13,0.85,37.21,24.46,82.78,41.32
1993-07-14,0.0,37.96,25.96,72.66,32.4
1993-07-15,0.06,35.72,25.53,75.21,39.55
1993-07-16,1.16,36.66,25.68,80.0,40.52
1993-07-17,2.57,32.9,23.55,96.53,60.24
1993-07-18,0.18,33.5,22.83,95.71,56.64
1993-07-19,0.0,34.11,23.41,93.08,54.3
1993-07-20,0.05,34.47,24.27,90.06,53.85
1993-07-21,4.49,34.25,25.12,89.37,53.03
1993-07-22,17.18,32.94,23.18,95.07,56.17
1993-07-23,0.0,31.36,23.26,93.69,64.6
1993-07-24,31.88,32.68,22.53,94.31,59.56
1993-07-25,5.42,31.91,22.14,98.89,62.33
1993-07-26,6.76,31.83,22.48,96.86,57.7
1993-07-27,0.68,31.61,22.49,90.22,58.71
1993-07-28,0.9,32.77,24.08,90.78,61.59
1993-07-29,7.89,32.9,23.1,88.16,56.5
1993-07-30,0.0,33.64,23.71,92.15,53.7
1993-07-31,5.5,33.54,24.36,92.13,58.35
1993-08-01,0.0,33.38,23.78,92.53,56.32
1993-08-02,2.47,31.78,24.2,88.56,59.06
1993-08-03,0.42,33.91,24.55,84.12,55.4
1993-08-04,17.3,33.83,23.4,93.74,56.24
1993-08-05,0.03,32.51,23.32,95.61,62.71
1993-08-06,1.08,30.66,22.66,96.94,66.06
1993-08-07,0.46,33.57,24.23,87.42,61.98
1993-08-08,7.16,34.7,23.5,97.43,58.17
1993-08-09,0.14,31.58,24.16,93.92,69.93
1993-08-10,18.4,30.87,23.38,97.8,73.89
1993-08-11,0.0,30.4,22.32,97.49,72.96
1993-08-12,0.04,29.8,22.76,98.01,74.82
1993-08-13,0.0,32.91,22.5,96.16,60.53
1993-08-14,0.0,33.37,23.43,94.38,53.17
1993-08-15,30.37,32.41,24.55,83.87,58.7
1993-08-16,4.31,31.07,22.53,98.07,63.49
1993-08-17,13.23,32.47,22.49,95.64,58.09
1993-08-18,0.0,33.0,22.59,96.13,59.96
1993-08-19,0.31,31.44,23.62,93.58,65.85
1993-08-20,0.17,30.74,23.06,98.04,72.22
1993-08-21,0.08,32.37,22.5,98.39,63.94
1993-08-22,0.0,31.83,22.45,97.35,66.82
1993-08-23,0.37,31.54,23.16,98.14,65.69
1993-08-24,10.3,30.9,23.11,96.55,66.61
1993-08-25,1.08,30.39,22.49,97.99,69.65
1993-08-26,0.0,30.5,21.84,99.14,67.5
1993-08-27,0.0,31.27,22.56,98.51,66.05
1993-08-28,11.62,30.83,22.49,99.03,71.29
1993-08-29,0.08,31.29,22.65,98.65,70.02
1993-08-30,0.0,32.47,23.18,97.48,62.04
1993-08-31,6.97,31.17,23.06,95.42,68.61
1993-09-01,0.0,30.77,21.8,98.88,71.14
1993-09-02,19.91,30.78,21.95,99.17,68.22
1993-09-03,0.92,31.04,21.61,99.01,64.63
1993-09-04,0.36,30.85,21.35,98.81,65.25
1993-09-05,6.81,33.19,22.09,93.9,58.68
1993-09-06,0.36,34.12,23.64,82.62,55.37
1993-09-07,8.4,31.45,23.39,93.2,66.92
1993-09-08,0.05,32.44,21.62,98.65,63.36
1993-09-09,0.42,33.1,22.64,96.44,61.06
1993-09-10,6.35,33.34,22.04,98.23,59.34
1993-09-11,0.29,34.46,22.91,87.96,49.87
1993-09-12,0.43,33.2,23.38,91.49,60.33
1993-09-13,0.0,33.97,22.33,93.57,56.16
1993-09-14,0.0,33.35,23.24,93.21,62.31
1993-09-15,1.51,30.85,22.62,95.48,67.69
1993-09-16,5.79,33.04,22.06,98.97,56.99
1993-09-17,0.0,35.14,21.91,92.72,47.39
1993-09-18,0.0,36.39,24.38,80.95,48.66
1993-09-19,0.0,34.26,23.58,92.9,58.53
1993-09-20,1.37,33.44,22.18,94.97,50.6
1993-09-21,0.07,34.0,23.09,92.51,51.31
1993-09-22,24.45,32.29,23.2,97.78,60.22
1993-09-23,0.08,32.82,20.98,98.8,59.44
1993-09-24,0.84,34.23,21.7,97.31,51.24
1993-09-25,11.8,35.65,23.28,80.36,42.03
1993-09-26,0.0,30.74,23.68,92.96,56.4
1993-09-27,11.5,31.46,22.04,98.25,68.92
1993-09-28,0.0,33.68,21.66,99.07,43.78
1993-09-29,0.0,35.42,23.44,64.82,38.59
1993-09-30,0.0,35.66,23.59,69.69,36.15
1993-10-01,0.0,35.4,22.94,72.58,40.69
1993-10-02,0.0,36.53,23.78,81.77,43.83
1993-10-03,3.63,34.65,23.04,97.25,52.09
1993-10-04,0.0,36.57,23.28,88.2,38.28
1993-10-05,0.0,37.85,23.06,76.77,30.34
1993-10-06,0.09,35.52,23.54,81.74,42.59
1993-10-07,0.0,36.01,23.55,90.22,47.02
1993-10-08,0.0,37.16,23.68,97.43,33.22
1993-10-09,0.0,38.48,22.82,62.72,24.49
1993-10-10,0.0,38.08,24.3,65.53,28.89
1993-10-11,9.36,37.51,25.26,70.38,39.91
1993-10-12,0.0,36.76,23.22,88.83,36.5
1993-10-13,0.02,36.84,23.43,93.97,34.12
1993-10-14,1.35,36.51,23.11,78.74,35.94
1993-10-15,0.0,36.2,22.79,86.63,40.37
1993-10-16,0.13,37.03,23.04,84.64,33.85
1993-10-17,0.0,38.17,23.41,88.39,17.84
1993-10-18,0.0,36.76,22.57,74.35,28.82
1993-10-19,0.0,35.17,21.97,92.2,41.41
1993-10-20,0.2,37.47,22.69,84.92,25.54
1993-10-21,0.0,38.47,22.93,57.08,18.9
1993-10-22,0.0,38.17,22.83,57.19,21.52
1993-10-23,0.0,37.3,22.3,65.52,23.11
1993-10-24,0.0,36.21,21.53,64.03,25.74
1993-10-25,0.0,36.75,21.84,65.48,26.99
1993-10-26,0.04,36.93,22.72,66.19,26.75
1993-10-27,0.06,36.43,23.25,60.62,27.55
1993-10-28,0.0,37.26,23.35,64.89,30.17
1993-10-29,0.0,36.34,23.46,65.07,33.11
1993-10-30,0.0,36.04,22.35,65.04,35.17
1993-10-31,0.0,36.75,22.56,65.35,31.0
1993-11-01,0.0,37.94,20.08,60.93,25.34
1993-11-02,0.0,39.23,21.59,55.77,22.96
1993-11-03,0.0,38.25,21.61,70.16,28.56
1993-11-04,0.0,38.31,20.97,84.14,30.89
1993-11-05,0.01,38.31,20.32,88.32,30.73
1993-11-06,0.02,38.27,20.09,82.88,29.75
1993-11-07,0.0,37.54,20.29,85.05,28.99
1993-11-08,0.12,38.17,20.73,73.45,23.99
1993-11-09,0.02,37.76,19.93,48.71,19.81
1993-11-10,0.0,38.32,19.97,56.33,22.1
1993-11-11,0.0,36.53,19.63,53.2,20.92
1993-11-12,0.0,35.45,18.48,45.46,19.23
1993-11-13,0.01,33.25,16.24,40.64,20.56
1993-11-14,0.0,35.3,16.23,55.75,22.43
1993-11-15,0.0,36.78,18.39,50.89,18.72
1993-11-16,0.0,37.81,19.23,43.11,15.78
1993-11-17,0.0,38.43,19.7,41.51,15.47
1993-11-18,0.0,37.46,21.05,45.27,20.1
1993-11-19,0.0,37.63,20.59,48.1,16.6
1993-11-20,0.0,37.84,19.03,42.36,15.2
1993-11-21,0.0,37.74,19.64,45.6,19.48
1993-11-22,0.0,37.48,20.08,43.92,17.96
1993-11-23,0.0,36.6,19.36,47.62,20.6
1993-11-24,0.0,34.15,18.19,55.67,28.05
1993-11-25,0.0,34.75,17.7,53.56,22.52
1993-11-26,0.0,35.65,18.64,45.5,20.09
1993-11-27,0.0,34.38,18.44,42.27,21.74
1993-11-28,0.0,34.14,18.16,36.43,16.47
1993-11-29,0.0,32.54,16.67,28.35,12.99
1993-11-30,0.0,31.36,13.82,29.84,12.13
1993-12-01,0.0,32.25,13.54,37.0,12.76
1993-12-02,0.0,33.49,14.22,41.62,14.47
1993-12-03,0.0,34.58,14.92,43.38,15.11
1993-12-04,0.0,33.07,16.29,35.19,15.91
1993-12-05,0.0,33.05,15.97,27.79,10.27
1993-12-06,0.0,33.98,16.2,22.03,9.16
1993-12-07,0.0,33.42,16.06,25.83,10.8
1993-12-08,0.0,35.75,15.7,36.87,11.71
1993-12-09,0.0,37.78,17.87,36.02,13.07
1993-12-10,0.0,38.25,19.37,36.0,11.8
1993-12-11,0.0,38.82,18.89,34.68,13.07
1993-12-12,0.0,38.42,18.75,37.83,11.15
1993-12-13,0.0,37.82,18.08,30.76,12.43
1993-12-14,0.0,36.94,18.08,31.69,12.46
1993-12-15,0.0,36.1,17.68,38.16,12.22
1993-12-16,0.0,32.98,16.64,37.14,15.35
1993-12-17,0.0,33.5,16.24,39.11,16.05
1993-12-18,0.0,33.27,16.18,31.95,14.42
1993-12-19,0.0,32.78,16.19,31.59,12.37
1993-12-20,0.0,32.58,15.11,34.65,12.77
1993-12-21,0.0,35.83,17.01,34.4,11.77
1993-12-22,0.0,34.54,19.26,24.42,11.16
1993-12-23,0.0,36.02,18.71,35.39,12.97
1993-12-24,0.0,36.52,18.04,37.47,14.07
1993-12-25,0.0,35.74,18.56,32.37,12.14
1993-12-26,0.0,34.32,17.75,31.14,12.61
1993-12-27,0.0,33.71,16.24,30.43,12.75
1993-12-28,0.0,33.47,16.14,30.03,10.86
1993-12-29,0.0,32.64,15.63,24.18,9.06
1993-12-30,0.0,30.44,14.76,25.08,11.51
1993-12-31,0.0,30.13,13.13,29.56,12.22
1994-01-01,0.0,31.52,14.04,24.85,10.72
1994-01-02,0.0,31.03,15.48,23.05,13.05
1994-01-03,0.0,31.96,15.02,25.32,11.82
1994-01-04,0.0,32.93,14.29,31.81,12.13
1994-01-05,0.0,33.03,15.5,31.14,10.67
1994-01-06,0.0,32.07,15.43,29.37,9.98
1994-01-07,0.0,32.75,14.25,28.08,8.38
1994-01-08,0.0,32.12,15.26,25.62,10.15
1994-01-09,0.0,34.01,15.58,36.87,13.5
1994-01-10,0.0,32.85,15.5,38.85,11.49
1994-01-11,0.0,30.92,13.64,23.58,9.38
1994-01-12,0.0,33.07,13.85,23.5,9.38
1994-01-13,0.0,34.59,16.56,20.45,8.09
1994-01-14,0.0,35.2,16.23,18.55,6.39
1994-01-15,0.0,33.56,15.42,18.44,8.46
1994-01-16,0.0,32.51,15.18,18.48,8.87
1994-01-17,0.0,32.22,13.72,30.21,8.73
1994-01-18,0.0,29.61,12.85,54.84,15.47
1994-01-19,0.0,27.55,13.11,51.19,21.18
1994-01-20,0.0,27.33,11.96,42.75,20.35
1994-01-21,0.0,28.86,12.54,38.57,16.89
1994-01-22,0.0,30.36,14.13,35.7,15.96
1994-01-23,0.0,31.51,14.99,32.24,15.47
1994-01-24,0.0,32.1,15.37,29.78,14.01
1994-01-25,0.0,29.08,15.4,29.93,15.84
1994-01-26,0.0,30.05,14.08,30.94,15.46
1994-01-27,0.0,32.46,14.55,30.38,13.54
1994-01-28,0.0,33.11,16.5,30.41,14.16
1994-01-29,0.0,34.99,16.73,29.13,11.9
1994-01-30,0.0,34.69,18.5,23.8,7.93
1994-01-31,0.0,33.64,16.7,14.79,5.67
1994-02-01,0.0,32.96,16.27,15.28,8.25
1994-02-02,0.0,34.65,16.73,18.58,7.42
1994-02-03,0.0,33.86,17.27,16.02,6.24
1994-02-04,0.0,33.38,16.05,17.24,8.42
1994-02-05,0.0,34.1,16.18,22.06,9.47
1994-02-06,0.0,33.69,15.83,38.22,15.07
1994-02-07,0.0,35.82,16.41,33.84,12.11
1994-02-08,0.0,34.52,16.74,22.98,9.65
1994-02-09,0.0,35.84,17.12,15.71,8.4
1994-02-10,0.0,36.39,18.23,16.95,8.41
1994-02-11,0.0,35.25,18.29,21.85,10.57
1994-02-12,0.0,35.57,17.93,19.7,10.35
1994-02-13,0.0,36.52,19.35,21.7,9.39
1994-02-14,0.0,38.1,19.49,22.54,9.83
1994-02-15,0.0,39.22,20.62,24.4,10.77
1994-02-16,0.0,39.19,20.44,24.03,9.91
1994-02-17,0.0,35.93,19.49,21.47,9.02
1994-02-18,0.0,35.33,18.07,35.11,16.95
1994-02-19,0.0,35.67,17.78,26.6,12.92
1994-02-20,0.0,35.89,18.02,23.84,11.98
1994-02-21,0.0,39.29,18.99,22.7,10.8
1994-02-22,0.0,39.94,20.31,18.54,9.34
1994-02-23,0.0,39.74,20.49,21.63,9.84
1994-02-24,0.0,39.4,20.18,20.88,9.79
1994-02-25,0.0,38.89,20.31,20.79,9.68
1994-02-26,0.0,39.28,20.37,19.88,10.35
1994-02-27,0.0,38.56,20.32,26.06,11.75
1994-02-28,0.0,38.66,19.94,21.7,6.76
1994-03-01,0.0,37.37,20.11,23.32,9.78
1994-03-02,0.0,33.4,19.14,29.63,13.23
1994-03-03,0.0,36.76,18.23,28.49,8.96
1994-03-04,0.0,36.74,19.08,19.78,8.13
1994-03-05,0.0,37.14,19.11,19.47,8.5
1994-03-06,0.0,37.73,19.98,22.55,9.08
1994-03-07,0.0,37.85,21.03,20.63,9.18
1994-03-08,0.0,36.55,22.49,27.25,12.49
1994-03-09,0.0,33.54,22.34,46.36,29.14
1994-03-10,0.0,38.55,21.72,62.56,24.91
1994-03-11,0.0,40.78,24.19,37.54,17.27
1994-03-12,0.0,40.97,23.97,28.39,12.27
1994-03-13,0.0,39.88,23.09,24.02,11.76
1994-03-14,0.0,35.26,20.32,28.96,12.19
1994-03-15,0.0,35.71,18.14,35.19,12.85
1994-03-16,0.0,38.61,19.84,22.52,8.8
1994-03-17,0.0,39.93,21.58,17.85,7.77
1994-03-18,0.0,40.35,22.77,20.66,7.44
1994-03-19,0.0,40.2,23.22,20.35,9.02
1994-03-20,0.0,39.88,22.67,22.55,9.81
1994-03-21,0.0,38.83,22.46,21.32,9.9
1994-03-22,0.0,39.34,21.21,20.35,6.78
1994-03-23,0.0,40.52,22.02,17.56,6.98
1994-03-24,0.0,40.59,23.46,21.99,8.99
1994-03-25,0.0,42.22,24.55,23.66,7.6
1994-03-26,0.0,41.47,24.05,25.18,10.97
1994-03-27,0.0,41.59,24.56,38.66,18.09
1994-03-28,0.0,42.47,25.85,34.72,12.34
1994-03-29,0.0,43.09,25.23,28.97,9.87
1994-03-30,0.0,43.31,25.89,21.7,7.97
1994-03-31,0.0,44.25,25.69,24.37,7.37
1994-04-01,0.0,43.45,26.35,27.54,7.63
1994-04-02,0.0,40.57,25.43,21.65,6.08
1994-04-03,0.0,39.93,22.97,14.49,7.01
1994-04-04,0.0,40.3,23.82,26.72,10.36
1994-04-05,0.0,37.84,23.17,15.84,6.66
1994-04-06,0.0,38.34,20.72,16.09,8.77
1994-04-07,0.0,40.42,21.93,20.42,7.93
1994-04-08,0.0,42.0,23.56,20.8,8.25
1994-04-09,0.0,43.19,24.42,19.43,7.97
1994-04-10,0.01,43.18,25.2,17.4,8.79
1994-04-11,0.0,40.1,25.55,20.07,9.43
1994-04-12,0.0,39.48,25.18,30.8,12.77
1994-04-13,0.0,39.18,23.56,45.88,16.02
1994-04-14,0.0,38.62,22.76,42.3,17.42
1994-04-15,0.0,38.15,23.17,33.16,14.44
1994-04-16,0.0,40.51,24.48,23.09,10.25
1994-04-17,0.0,39.79,23.92,29.85,12.94
1994-04-18,0.0,40.11,23.79,26.84,13.83
1994-04-19,0.0,39.79,24.68,41.28,19.19
1994-04-20,0.0,38.58,23.98,49.12,22.97
1994-04-21,0.0,41.83,23.98,44.02,15.66
1994-04-22,0.0,44.14,27.2,32.24,13.48
1994-04-23,0.0,44.43,28.16,35.26,11.29
1994-04-24,0.0,44.86,26.81,25.92,7.63
1994-04-25,0.0,42.39,27.28,31.28,12.03
1994-04-26,0.0,43.55,27.3,33.14,10.43
1994-04-27,0.0,42.29,26.57,45.74,13.31
1994-04-28,0.0,41.25,26.3,49.52,19.32
1994-04-29,0.0,39.54,25.38,43.87,18.69
1994-04-30,0.0,40.36,24.86,51.7,16.17
1994-05-01,0.0,41.99,25.75,26.22,6.51
1994-05-02,0.0,41.58,25.5,20.78,7.35
1994-05-03,0.0,41.25,25.81,22.14,6.82
1994-05-04,0.0,40.74,24.96,19.3,6.72
1994-05-05,0.0,41.22,24.24,21.0,6.83
1994-05-06,0.0,41.45,24.94,34.52,8.48
1994-05-07,0.0,40.65,25.39,32.49,9.07
1994-05-08,0.0,40.2,25.32,41.5,13.37
1994-05-09,0.0,43.05,26.48,32.04,11.96
1994-05-10,0.0,44.2,27.74,29.73,11.2
1994-05-11,0.0,42.67,27.46,33.73,12.27
1994-05-12,0.0,39.27,26.52,45.04,17.02
1994-05-13,0.0,39.98,26.89,42.87,20.47
1994-05-14,0.0,39.77,26.67,39.77,18.8
1994-05-15,0.0,41.64,26.78,39.73,16.17
1994-05-16,0.0,43.6,27.33,30.8,12.42
1994-05-17,0.02,43.64,28.26,35.56,15.54
1994-05-18,0.0,42.5,29.03,47.77,19.02
1994-05-19,0.0,43.58,28.14,49.18,13.21
1994-05-20,0.0,42.52,28.09,42.3,14.94
1994-05-21,0.0,39.7,27.45,69.92,25.44
1994-05-22,0.0,42.35,27.73,51.88,11.16
1994-05-23,0.09,39.74,27.29,57.3,18.91
1994-05-24,0.47,41.29,27.23,65.04,22.39
1994-05-25,0.0,40.71,26.88,63.16,27.42
1994-05-26,0.0,40.65,26.77,54.57,27.81
1994-05-27,0.0,40.12,26.89,63.78,26.53
1994-05-28,0.42,39.36,27.31,56.98,32.08
1994-05-29,5.09,39.94,28.04,70.42,29.67
1994-05-30,0.0,38.32,27.03,75.89,34.48
1994-05-31,0.0,40.84,28.11,57.58,24.12
1994-06-01,0.0,42.19,28.56,47.88,19.42
1994-06-02,0.0,40.08,28.67,57.45,23.97
1994-06-03,0.0,39.34,28.16,64.83,30.35
1994-06-04,21.33,39.37,28.1,71.21,30.51
1994-06-05,0.0,35.1,26.41,72.65,43.1
1994-06-06,0.04,37.8,26.65,77.98,32.71
1994-06-07,0.0,38.37,27.17,67.4,21.04
1994-06-08,0.0,38.32,26.64,60.26,29.48
1994-06-09,3.81,38.67,26.47,55.61,26.55
1994-06-10,0.0,38.42,26.57,54.58,29.35
1994-06-11,0.08,39.71,28.03,52.05,28.81
1994-06-12,0.0,38.52,27.81,62.51,33.8
1994-06-13,0.0,39.4,27.04,73.37,33.16
1994-06-14,0.96,41.7,28.83,71.49,23.24
1994-06-15,0.0,40.27,28.5,62.65,20.98
1994-06-16,0.0,38.38,26.69,76.24,33.78
1994-06-17,23.02,35.4,26.47,83.93,43.15
1994-06-18,0.0,38.17,26.95,70.57,30.78
1994-06-19,0.0,39.11,27.51,73.07,32.35
1994-06-20,0.0,38.14,27.42,83.99,41.6
1994-06-21,0.0,38.78,24.67,89.23,26.54
1994-06-22,0.01,36.09,25.36,76.32,34.88
1994-06-23,6.46,37.06,25.72,78.52,37.32
1994-06-24,2.39,34.07,24.77,97.7,54.81
1994-06-25,0.56,33.54,23.31,97.29,56.47
1994-06-26,0.0,37.03,24.14,89.77,38.66
1994-06-27,0.0,36.92,25.87,76.58,33.67
1994-06-28,0.0,36.93,25.86,76.31,36.77
1994-06-29,0.0,36.99,26.45,79.43,41.8
1994-06-30,0.0,37.29,25.41,84.67,40.83
1994-07-01,0.0,36.16,25.45,75.23,40.16
1994-07-02,0.0,36.76,25.7,76.89,38.66
1994-07-03,0.26,35.79,25.5,73.74,42.84
1994-07-04,3.8,34.97,23.48,88.73,45.37
1994-07-05,0.0,36.25,23.76,88.7,37.72
1994-07-06,21.52,38.49,25.48,71.34,27.19
1994-07-07,0.0,36.16,25.07,66.73,34.83
1994-07-08,0.0,36.22,25.6,76.94,39.38
1994-07-09,5.67,35.51,25.64,83.9,42.23
1994-07-10,4.58,33.93,23.98,89.49,46.94
1994-07-11,5.67,31.12,23.74,92.39,61.94
1994-07-12,0.04,34.65,23.23,90.07,47.29
1994-07-13,0.0,37.19,25.21,85.53,34.39
1994-07-14,1.35,36.31,25.54,70.77,38.02
1994-07-15,0.0,35.13,24.9,84.02,45.11
1994-07-16,0.0,36.27,26.47,77.75,41.12
1994-07-17,0.0,37.63,26.43,65.48,33.43
1994-07-18,1.29,37.96,26.46,69.43,36.98
1994-07-19,0.18,36.02,25.51,89.66,46.04
1994-07-20,53.11,35.15,23.31,91.28,47.73
1994-07-21,2.13,33.12,22.53,93.16,46.07
1994-07-22,5.31,34.44,25.02,82.3,48.91
1994-07-23,22.68,33.8,23.13,98.99,64.41
1994-07-24,5.71,31.9,22.66,98.96,60.67
1994-07-25,0.0,32.7,22.78,97.28,57.08
1994-07-26,0.0,33.77,23.77,89.32,54.23
1994-07-27,3.17,31.85,25.15,82.81,59.05
1994-07-28,3.63,31.4,23.86,90.94,59.64
1994-07-29,2.54,32.76,24.44,87.1,53.86
1994-07-30,0.89,32.36,24.0,92.13,57.37
1994-07-31,0.0,35.16,24.01,86.85,49.02
1994-08-01,0.0,34.71,24.73,88.16,50.91
1994-08-02,0.0,33.93,25.1,83.69,51.77
1994-08-03,0.0,33.74,24.88,81.46,53.16
1994-08-04,0.0,32.96,24.46,85.2,47.73
1994-08-05,10.65,35.29,23.53,90.6,45.29
1994-08-06,12.36,32.71,22.99,94.51,58.81
1994-08-07,6.89,29.38,22.02,97.57,72.95
1994-08-08,38.03,27.89,22.18,99.3,79.88
1994-08-09,11.41,28.88,22.21,99.17,78.04
1994-08-10,16.41,29.64,21.85,98.41,73.08
1994-08-11,10.94,31.46,22.09,98.18,65.84
1994-08-12,17.24,29.06,22.46,99.23,71.66
1994-08-13,22.89,30.05,22.54,98.97,69.63
1994-08-14,20.33,30.91,22.2,97.69,66.11
1994-08-15,9.8,30.85,22.53,97.68,66.87
1994-08-16,10.14,29.91,22.3,97.58,71.63
1994-08-17,10.4,31.88,22.45,98.28,65.06
1994-08-18,16.47,29.35,22.75,99.28,74.29
1994-08-19,0.39,31.88,22.47,96.84,63.1
1994-08-20,0.0,32.05,23.5,90.93,59.02
1994-08-21,0.01,31.3,22.79,86.45,58.82
1994-08-22,5.61,31.87,23.97,86.97,62.22
1994-08-23,0.03,33.05,22.69,93.81,61.14
1994-08-24,19.36,33.4,23.08,93.44,59.62
1994-08-25,3.88,31.29,23.13,94.22,62.93
1994-08-26,0.07,31.69,23.05,94.27,64.78
1994-08-27,15.65,28.68,22.34,97.83,76.96
1994-08-28,2.68,32.12,21.65,98.22,61.64
1994-08-29,6.92,33.32,22.91,97.04,58.91
1994-08-30,8.2,33.7,23.54,95.97,55.33
1994-08-31,22.04,29.96,22.74,90.85,62.56
1994-09-01,0.41,31.77,23.63,87.24,60.46
1994-09-02,4.5,32.54,23.16,91.81,61.0
1994-09-03,4.51,33.6,23.24,94.34,58.86
1994-09-04,0.0,34.16,22.41,93.82,52.52
1994-09-05,0.0,33.34,24.45,87.02,57.84
1994-09-06,0.0,33.17,24.11,89.05,58.07
1994-09-07,0.0,31.58,23.57,93.67,67.88
1994-09-08,0.28,31.64,22.68,95.42,64.76
1994-09-09,19.69,33.92,22.81,95.2,56.33
1994-09-10,0.6,33.72,23.48,92.08,57.29
1994-09-11,2.44,34.78,23.51,92.38,52.61
1994-09-12,11.15,32.97,23.54,92.46,60.05
1994-09-13,4.09,33.0,23.4,93.09,61.69
1994-09-14,2.43,31.4,22.44,98.71,69.53
1994-09-15,1.01,32.39,21.96,98.95,58.94
1994-09-16,10.24,33.06,23.09,93.85,58.11
1994-09-17,0.03,35.23,22.98,90.88,43.86
1994-09-18,9.14,35.68,24.56,73.09,40.14
1994-09-19,0.02,33.7,23.48,81.28,48.37
1994-09-20,0.0,33.15,23.83,89.86,55.7
1994-09-21,2.04,30.38,22.02,97.97,66.02
1994-09-22,0.0,32.3,21.57,98.8,57.23
1994-09-23,0.2,32.07,23.78,85.74,58.65
1994-09-24,10.57,33.28,23.25,91.26,58.14
1994-09-25,1.11,31.52,22.79,98.2,67.86
1994-09-26,0.37,34.07,22.49,98.98,53.39
1994-09-27,21.32,32.32,22.21,99.25,64.61
1994-09-28,4.03,30.15,22.04,99.37,74.75
1994-09-29,35.88,32.15,22.11,98.78,62.44
1994-09-30,0.02,30.94,22.08,99.01,69.13
1994-10-01,0.0,33.32,21.32,99.22,49.39
1994-10-02,0.0,35.56,22.87,73.48,33.97
1994-10-03,0.0,36.13,23.42,70.87,30.61
1994-10-04,0.0,35.64,22.96,72.09,34.33
1994-10-05,7.57,35.85,22.93,72.91,37.49
1994-10-06,10.15,31.82,22.57,89.93,51.17
1994-10-07,2.47,31.42,22.34,99.05,60.39
1994-10-08,0.02,31.53,21.3,99.73,60.96
1994-10-09,0.04,32.61,20.93,99.87,47.37
1994-10-10,0.0,34.32,21.8,87.79,45.58
1994-10-11,0.24,32.36,21.68,98.02,62.55
1994-10-12,0.0,33.9,21.53,98.99,60.08
1994-10-13,0.0,35.6,21.97,98.77,41.45
1994-10-14,0.0,36.21,22.46,89.56,35.98
1994-10-15,0.0,36.43,22.35,82.49,30.86
1994-10-16,0.0,36.1,22.59,90.51,43.37
1994-10-17,0.29,35.05,22.29,97.82,48.78
1994-10-18,0.02,34.77,21.92,97.35,54.45
1994-10-19,0.0,35.35,21.18,97.83,41.43
1994-10-20,0.0,35.67,23.21,83.37,42.24
1994-10-21,0.17,35.48,23.02,97.33,48.25
1994-10-22,0.62,32.18,21.93,98.12,68.09
1994-10-23,4.62,32.67,21.57,98.72,66.27
1994-10-24,0.0,34.42,21.3,98.36,44.57
1994-10-25,0.0,37.1,22.14,72.25,29.57
1994-10-26,0.0,36.96,23.48,71.87,29.57
1994-10-27,0.0,36.03,23.25,66.92,33.45
1994-10-28,0.01,36.14,22.13,79.28,38.19
1994-10-29,0.36,35.26,22.53,75.65,29.31
1994-10-30,0.0,32.89,22.02,91.02,46.64
1994-10-31,0.0,35.64,21.72,90.33,35.52
1994-11-01,0.25,36.93,21.21,84.21,30.16
1994-11-02,0.0,36.66,21.09,73.94,33.53
1994-11-03,0.0,36.97,21.09,67.38,28.92
1994-11-04,0.0,34.86,20.93,66.03,35.86
1994-11-05,0.0,36.95,20.55,71.96,27.86
1994-11-06,0.0,36.67,20.85,69.24,32.31
1994-11-07,0.0,37.24,20.79,71.22,30.17
1994-11-08,0.0,38.48,21.15,68.0,26.97
1994-11-09,0.0,38.54,21.34,75.81,27.74
1994-11-10,0.0,38.66,21.02,77.7,23.36
1994-11-11,0.0,38.57,20.6,81.26,22.3
1994-11-12,0.0,38.54,20.49,60.86,15.31
1994-11-13,0.0,38.18,20.36,61.39,16.69
1994-11-14,0.0,37.15,19.78,56.81,15.68
1994-11-15,0.0,37.48,18.64,54.41,15.77
1994-11-16,0.0,35.55,19.2,53.67,17.42
1994-11-17,0.0,34.16,18.87,52.08,19.75
1994-11-18,0.0,34.91,16.52,60.05,18.65
1994-11-19,0.0,36.17,17.57,65.82,22.31
1994-11-20,0.0,38.13,19.29,65.1,18.05
1994-11-21,0.0,36.85,19.25,57.27,11.69
1994-11-22,0.0,35.65,16.7,53.09,14.09
1994-11-23,0.0,37.19,17.28,51.28,13.08
1994-11-24,0.0,36.88,17.89,53.89,12.95
1994-11-25,0.0,37.07,17.64,51.47,13.23
1994-11-26,0.0,35.84,18.23,51.98,18.33
1994-11-27,0.0,36.03,18.79,57.94,16.42
1994-11-28,0.0,35.17,19.34,58.81,24.17
1994-11-29,0.0,35.27,19.64,55.75,17.0
1994-11-30,0.0,36.31,18.05,45.63,14.57
1994-12-01,0.0,36.2,18.5,45.31,12.07
1994-12-02,0.0,35.82,19.41,36.29,13.01
1994-12-03,0.0,35.89,17.93,39.46,13.99
1994-12-04,0.0,34.12,18.37,33.38,13.68
1994-12-05,0.0,33.76,16.98,31.84,14.95
1994-12-06,0.0,33.61,15.54,39.98,15.97
1994-12-07,0.0,33.19,15.71,37.98,13.89
1994-12-08,0.0,32.24,14.82,30.11,14.17
1994-12-09,0.0,33.02,14.71,34.85,14.8
1994-12-10,0.0,33.38,15.33,32.37,13.63
1994-12-11,0.0,32.18,14.77,26.36,12.11
1994-12-12,0.0,34.17,14.62,37.45,15.04
1994-12-13,0.0,35.44,16.48,42.17,16.89
1994-12-14,0.0,36.35,17.38,35.81,14.38
1994-12-15,0.0,34.29,17.14,30.43,13.18
1994-12-16,0.0,33.33,15.74,26.65,11.61
1994-12-17,0.0,33.62,14.25,33.45,12.56
1994-12-18,0.0,34.59,15.46,33.58,12.86
1994-12-19,0.0,34.49,15.55,33.46,12.79
1994-12-20,0.0,34.37,15.75,33.07,12.15
1994-12-21,0.0,33.83,17.46,29.13,13.91
1994-12-22,0.0,31.3,19.1,32.57,17.49
1994-12-23,0.0,35.42,17.45,49.35,20.4
1994-12-24,0.0,37.12,17.65,47.63,12.97
1994-12-25,0.0,37.58,19.04,31.19,11.92
1994-12-26,0.0,37.08,19.3,33.11,12.7
1994-12-27,0.0,35.21,19.28,32.86,12.75
1994-12-28,0.0,32.72,17.65,23.29,7.23
1994-12-29,0.0,31.91,15.8,19.89,6.28
1994-12-30,0.0,32.16,15.02,23.8,6.99
1994-12-31,0.0,33.74,13.77,25.74,8.07
1995-01-01,0.0,35.4,15.54,26.51,9.91
1995-01-02,0.0,35.51,16.54,30.47,12.11
1995-01-03,0.0,33.98,16.25,30.27,10.45
1995-01-04,0.0,33.0,14.46,30.37,11.2
1995-01-05,0.0,33.97,15.44,30.78,10.44
1995-01-06,0.0,32.37,15.14,26.86,11.95
1995-01-07,0.0,28.95,14.36,23.16,11.07
1995-01-08,0.0,31.16,15.12,27.58,8.78
1995-01-09,0.0,31.92,14.09,31.66,9.47
1995-01-10,0.0,28.68,14.82,25.9,13.55
1995-01-11,0.0,27.75,12.53,30.08,14.82
1995-01-12,0.0,30.54,12.97,26.73,12.03
1995-01-13,0.0,32.43,13.65,26.71,10.43
1995-01-14,0.0,33.72,14.84,22.14,8.03
1995-01-15,0.0,33.47,15.07,21.1,8.84
1995-01-16,0.0,30.12,14.08,23.86,10.52
1995-01-17,0.0,30.42,12.34,21.31,8.66
1995-01-18,0.0,32.01,12.65,21.69,9.12
1995-01-19,0.0,31.66,13.9,19.2,8.43
1995-01-20,0.0,31.87,13.99,20.19,8.44
1995-01-21,0.0,32.69,13.34,20.22,9.45
1995-01-22,0.0,33.19,15.08,21.99,10.84
1995-01-23,0.0,34.63,14.51,24.18,10.26
1995-01-24,0.0,33.45,15.97,22.81,12.28
1995-01-25,0.0,34.04,16.4,24.32,11.16
1995-01-26,0.0,34.98,16.94,22.94,11.77
1995-01-27,0.0,33.7,16.67,24.17,11.17
1995-01-28,0.0,33.84,16.71,22.19,9.67
1995-01-29,0.0,33.82,16.41,20.45,8.69
1995-01-30,0.0,32.06,15.55,21.2,7.76
1995-01-31,0.0,32.96,15.67,22.07,8.33
1995-02-01,0.0,32.33,18.67,19.28,9.13
1995-02-02,0.0,32.56,18.77,24.13,10.8
1995-02-03,0.0,33.25,17.98,36.35,17.29
1995-02-04,0.0,36.27,18.78,41.27,16.32
1995-02-05,0.0,36.99,18.75,32.34,8.41
1995-02-06,0.0,37.19,19.59,22.02,8.76
1995-02-07,0.0,35.79,21.5,20.62,11.08
1995-02-08,0.0,37.5,21.11,23.18,10.96
1995-02-09,0.0,37.19,19.98,24.37,10.08
1995-02-10,0.0,34.72,18.84,24.27,8.78
1995-02-11,0.0,32.66,18.19,34.6,11.9
1995-02-12,0.0,32.75,17.01,36.84,18.88
1995-02-13,0.0,34.27,17.23,29.54,13.02
1995-02-14,0.0,34.51,17.97,27.72,13.33
1995-02-15,0.0,35.4,18.55,24.44,10.81
1995-02-16,0.0,37.07,19.22,21.4,10.24
1995-02-17,0.0,38.64,19.36,23.94,11.29
1995-02-18,0.0,39.24,20.44,23.71,10.45
1995-02-19,0.0,40.08,21.53,28.2,11.67
1995-02-20,0.0,40.26,21.5,31.66,10.54
1995-02-21,0.0,40.31,21.22,36.24,9.51
1995-02-22,0.0,40.3,21.19,26.48,8.57
1995-02-23,0.0,39.19,20.83,24.18,9.79
1995-02-24,0.0,38.39,19.97,22.28,8.71
1995-02-25,0.0,38.73,19.27,19.85,8.17
1995-02-26,0.0,38.9,19.59,23.01,8.67
1995-02-27,0.0,38.35,19.85,22.67,8.5
1995-02-28,0.0,36.62,19.27,45.4,15.14
1995-03-01,0.0,35.99,20.05,28.16,13.68
1995-03-02,0.0,37.36,19.73,26.17,9.61
1995-03-03,0.0,37.92,20.99,18.89,10.17
1995-03-04,0.0,37.66,21.1,19.59,9.64
1995-03-05,0.0,37.36,20.98,20.78,10.11
1995-03-06,0.0,38.49,20.48,17.6,8.47
1995-03-07,0.0,39.15,20.67,23.2,7.92
1995-03-08,0.0,40.08,21.44,22.25,7.78
1995-03-09,0.0,39.94,22.07,19.18,7.14
1995-03-10,0.0,39.2,22.2,26.14,9.18
1995-03-11,0.0,34.98,21.04,33.09,15.12
1995-03-12,0.0,36.84,19.67,40.05,18.46
1995-03-13,0.0,37.2,21.21,37.66,15.98
1995-03-14,0.0,38.39,21.65,42.72,20.26
1995-03-15,0.0,37.35,22.29,45.82,23.73
1995-03-16,0.0,36.95,20.64,44.72,22.34
1995-03-17,0.0,38.7,21.95,37.76,20.78
1995-03-18,0.0,40.76,23.1,37.97,19.57
1995-03-19,0.0,41.39,24.27,36.52,15.34
1995-03-20,0.0,40.02,23.91,34.55,17.78
1995-03-21,0.0,39.28,22.81,44.56,19.54
1995-03-22,0.0,40.76,23.46,32.69,16.28
1995-03-23,0.0,40.52,23.92,33.22,17.35
1995-03-24,0.0,40.73,23.88,34.19,15.82
1995-03-25,0.0,40.6,23.39,40.52,17.89
1995-03-26,0.0,39.78,24.83,39.22,22.74
1995-03-27,2.3,39.17,25.7,47.42,25.21
1995-03-28,0.64,39.42,24.8,56.86,25.55
1995-03-29,0.0,39.95,24.29,48.94,20.41
1995-03-30,0.0,39.46,23.71,38.52,16.69
1995-03-31,0.0,39.57,22.98,35.56,18.15
1995-04-01,0.0,40.77,25.32,34.72,17.25
1995-04-02,0.0,41.44,25.53,30.1,12.61
1995-04-03,0.0,40.68,25.61,30.08,16.29
1995-04-04,0.0,38.56,23.82,34.77,14.49
1995-04-05,0.0,38.45,23.77,35.94,14.74
1995-04-06,0.0,40.52,23.9,30.18,12.46
1995-04-07,0.0,40.67,24.5,29.03,12.79
1995-04-08,0.0,39.22,25.06,35.35,15.7
1995-04-09,0.0,38.93,23.92,34.94,16.79
1995-04-10,0.0,37.34,23.22,33.84,17.88
1995-04-11,0.0,40.1,24.02,27.91,13.02
1995-04-12,0.0,42.15,25.19,22.27,9.93
1995-04-13,0.0,42.94,26.16,20.95,9.17
1995-04-14,0.0,42.02,26.95,25.43,12.5
1995-04-15,0.0,40.15,25.09,28.92,12.61
1995-04-16,0.0,40.25,23.92,28.64,13.23
1995-04-17,0.0,40.61,24.88,30.49,13.92
1995-04-18,0.0,40.4,25.34,29.44,13.7
1995-04-19,0.0,41.79,25.41,25.93,12.21
1995-04-20,0.0,41.59,25.82,23.3,12.62
1995-04-21,0.0,39.26,25.25,30.48,18.22
1995-04-22,0.0,39.96,23.47,30.27,13.21
1995-04-23,0.0,40.92,23.84,26.19,11.64
1995-04-24,0.0,42.46,24.83,23.59,7.87
1995-04-25,0.0,42.55,25.98,24.59,9.68
1995-04-26,0.0,42.46,26.01,30.93,10.99
1995-04-27,0.0,41.63,27.02,39.37,13.18
1995-04-28,0.0,43.52,28.93,40.03,12.76
1995-04-29,0.0,44.94,28.3,35.62,14.46
1995-04-30,0.0,43.87,27.46,26.1,10.07
1995-05-01,0.0,43.07,26.81,40.58,9.65
1995-05-02,0.0,41.93,26.11,44.09,13.97
1995-05-03,0.0,42.79,25.86,42.85,12.02
1995-05-04,0.0,42.98,26.28,37.39,9.91
1995-05-05,0.0,43.23,26.24,29.08,9.15
1995-05-06,0.0,43.21,26.15,46.18,10.37
1995-05-07,0.0,41.71,26.29,45.62,14.62
1995-05-08,0.0,41.61,26.67,45.08,17.91
1995-05-09,0.0,42.58,26.57,41.97,12.52
1995-05-10,0.0,42.05,26.56,45.46,13.3
1995-05-11,0.0,41.37,26.29,47.83,15.32
1995-05-12,0.0,42.57,27.17,41.36,17.53
1995-05-13,0.0,41.59,28.49,50.36,18.51
1995-05-14,0.76,41.8,27.66,52.99,23.37
1995-05-15,0.0,42.71,28.1,63.94,22.26
1995-05-16,0.0,44.48,30.05,57.98,15.08
1995-05-17,0.0,43.96,29.41,50.43,17.5
1995-05-18,0.1,41.28,28.1,76.98,24.64
1995-05-19,3.45,42.46,28.9,61.89,24.32
1995-05-20,0.72,43.07,28.78,64.74,22.66
1995-05-21,0.0,42.54,28.63,73.08,20.65
1995-05-22,0.0,40.14,27.19,57.21,19.12
1995-05-23,0.0,40.42,26.42,59.32,24.76
1995-05-24,0.08,39.35,27.79,52.44,23.8
1995-05-25,0.0,41.05,27.14,50.26,19.75
1995-05-26,0.0,42.39,28.34,52.16,20.77
1995-05-27,0.0,42.71,29.5,53.27,20.43
1995-05-28,0.0,41.17,28.38,67.7,24.48
1995-05-29,0.0,41.74,27.73,55.77,14.96
1995-05-30,0.0,40.35,27.29,52.45,22.31
1995-05-31,0.0,39.72,26.16,48.99,18.41
1995-06-01,0.0,41.03,26.26,42.84,14.12
1995-06-02,0.0,41.1,27.43,42.94,18.22
1995-06-03,0.0,40.78,28.02,49.09,19.64
1995-06-04,0.0,40.82,27.74,45.29,21.9
1995-06-05,0.0,43.08,28.62,42.32,15.71
1995-06-06,0.0,41.66,29.86,37.13,16.78
1995-06-07,0.42,40.53,28.14,50.74,21.54
1995-06-08,0.0,42.01,28.41,47.79,19.54
1995-06-09,3.86,43.02,30.37,49.65,20.93
1995-06-10,5.66,42.34,29.28,62.13,24.39
1995-06-11,7.1,40.93,28.63,76.21,31.03
1995-06-12,10.12,39.5,27.84,82.02,34.73
1995-06-13,5.17,39.11,26.93,79.34,34.19
1995-06-14,0.01,37.86,26.86,79.89,37.64
1995-06-15,0.03,38.73,27.89,76.6,34.3
1995-06-16,0.0,41.4,28.86,69.76,25.03
1995-06-17,0.0,42.15,29.12,69.49,22.67
1995-06-18,0.0,41.43,28.62,74.76,30.56
1995-06-19,0.0,40.36,28.58,75.04,30.9
1995-06-20,0.0,42.3,28.05,68.69,21.47
1995-06-21,0.0,39.22,28.22,72.93,33.77
1995-06-22,0.74,38.86,27.63,81.47,40.99
1995-06-23,21.84,32.0,25.58,93.39,62.41
1995-06-24,0.0,34.29,23.98,98.5,53.13
1995-06-25,0.0,37.27,25.18,96.01,40.53
1995-06-26,0.02,38.98,26.52,80.52,28.1
1995-06-27,1.72,37.74,26.83,83.34,36.34
1995-06-28,13.4,36.53,24.9,97.85,44.38
1995-06-29,0.0,37.48,25.84,90.19,37.88
1995-06-30,0.0,38.71,27.36,71.52,29.75
1995-07-01,1.17,38.86,27.75,61.8,28.55
1995-07-02,6.8,36.91,26.13,75.36,37.69
1995-07-03,0.0,37.62,25.04,80.65,36.34
1995-07-04,0.0,37.04,24.07,87.56,44.57
1995-07-05,1.2,39.31,25.3,70.64,28.74
1995-07-06,0.0,36.22,25.33,86.78,46.16
1995-07-07,17.92,35.41,25.7,86.55,49.73
1995-07-08,1.06,32.73,23.16,99.03,51.3
1995-07-09,0.58,33.44,22.27,79.61,44.34
1995-07-10,2.7,33.85,24.58,88.01,50.16
1995-07-11,0.2,32.46,23.63,95.35,61.41
1995-07-12,1.67,33.07,23.3,96.7,56.48
1995-07-13,8.46,33.12,23.0,97.81,61.33
1995-07-14,0.0,34.95,23.73,93.94,48.09
1995-07-15,0.0,35.46,24.57,83.79,51.92
1995-07-16,0.0,34.33,25.24,87.04,58.48
1995-07-17,0.0,35.75,24.3,87.34,37.52
1995-07-18,3.99,35.09,24.21,76.32,46.56
1995-07-19,18.14,34.81,25.14,88.31,50.32
1995-07-20,5.1,31.72,23.23,97.89,63.21
1995-07-21,10.16,31.91,22.81,93.22,55.0
1995-07-22,0.0,33.38,23.88,90.67,52.31
1995-07-23,10.26,30.92,23.31,86.7,59.25
1995-07-24,0.17,34.05,23.86,91.66,54.17
1995-07-25,0.0,35.88,24.67,89.69,49.96
1995-07-26,3.87,31.13,24.98,92.63,67.08
1995-07-27,0.26,33.09,23.39,97.47,62.06
1995-07-28,3.13,31.82,22.76,97.2,62.55
1995-07-29,26.7,31.61,23.11,99.55,64.82
1995-07-30,5.41,31.63,23.53,98.81,66.77
1995-07-31,2.75,31.46,23.73,99.07,64.09
1995-08-01,6.6,30.98,23.66,99.33,71.65
1995-08-02,0.61,32.42,23.06,99.22,61.26
1995-08-03,0.01,31.7,22.8,96.47,63.47
1995-08-04,1.79,32.64,22.84,98.03,61.61
1995-08-05,5.32,32.73,23.52,94.56,60.27
1995-08-06,4.89,33.02,24.07,95.63,59.82
1995-08-07,0.0,31.6,22.64,97.51,66.8
1995-08-08,0.0,33.91,23.49,96.83,57.72
1995-08-09,0.0,33.61,25.02,83.96,55.13
1995-08-10,24.73,33.55,25.23,81.79,55.07
1995-08-11,6.21,32.31,23.88,91.8,64.27
1995-08-12,7.45,33.74,23.76,96.07,58.21
1995-08-13,6.74,32.6,22.97,98.85,66.73
1995-08-14,5.78,30.81,22.92,98.68,71.55
1995-08-15,3.35,31.63,23.03,99.24,65.13
1995-08-16,15.98,31.68,23.09,99.28,66.56
1995-08-17,0.0,31.99,22.32,98.65,55.59
1995-08-18,1.12,32.68,22.22,93.49,60.13
1995-08-19,15.7,33.52,24.05,95.16,62.27
1995-08-20,0.89,31.65,23.42,99.78,70.38
1995-08-21,13.04,31.11,23.33,98.53,71.02
1995-08-22,0.03,32.43,23.36,98.19,66.85
1995-08-23,11.54,30.61,23.67,99.1,73.14
1995-08-24,22.1,31.83,22.71,98.97,64.84
1995-08-25,15.99,29.58,22.31,99.91,74.39
1995-08-26,5.89,32.73,22.92,94.32,61.53
1995-08-27,0.0,32.07,22.85,98.48,66.37
1995-08-28,9.48,30.87,22.91,99.86,73.48
1995-08-29,1.02,29.96,22.35,99.32,74.11
1995-08-30,6.02,33.03,22.98,99.16,62.17
1995-08-31,6.3,32.21,24.43,93.77,64.31
1995-09-01,21.9,30.25,22.75,99.84,77.76
1995-09-02,2.16,31.14,21.82,99.98,68.09
1995-09-03,13.97,33.38,22.35,99.0,61.08
1995-09-04,0.0,32.43,22.47,99.41,65.82
1995-09-05,0.0,32.96,22.8,99.15,62.63
1995-09-06,0.04,33.05,22.14,96.71,63.23
1995-09-07,14.34,29.8,22.61,99.02,80.44
1995-09-08,0.01,33.4,22.2,99.72,59.7
1995-09-09,0.0,33.89,23.83,96.78,64.1
1995-09-10,11.54,31.66,22.86,99.59,71.63
1995-09-11,3.07,31.0,21.96,99.55,68.68
1995-09-12,0.09,32.84,22.18,99.76,64.36
1995-09-13,0.0,32.85,22.59,98.6,67.7
1995-09-14,2.11,31.72,22.8,99.42,64.1
1995-09-15,0.53,32.87,23.2,99.6,64.97
1995-09-16,0.0,32.63,22.54,99.76,67.7
1995-09-17,14.17,33.58,22.68,98.32,56.96
1995-09-18,11.6,31.67,23.2,95.79,66.94
1995-09-19,5.45,29.11,22.13,99.69,78.48
1995-09-20,0.0,31.53,21.63,99.27,67.09
1995-09-21,0.0,33.04,22.05,99.93,61.18
1995-09-22,3.4,33.67,22.45,99.82,64.82
1995-09-23,0.38,33.11,22.95,99.11,59.26
1995-09-24,0.0,33.96,22.55,98.98,56.49
1995-09-25,0.18,33.99,22.54,97.59,55.3
1995-09-26,0.53,33.29,22.13,97.11,48.57
1995-09-27,0.59,33.34,22.32,89.28,48.27
1995-09-28,0.03,32.98,23.22,81.04,46.25
1995-09-29,0.0,34.54,23.49,81.72,44.53
1995-09-30,0.0,35.95,22.97,89.26,33.25
1995-10-01,0.0,36.71,23.09,76.53,26.83
1995-10-02,0.0,36.9,22.96,62.72,28.89
1995-10-03,0.0,36.35,22.39,76.0,35.83
1995-10-04,0.0,36.93,23.06,92.21,40.12
1995-10-05,22.73,36.63,23.27,98.75,49.33
1995-10-06,0.84,32.71,21.93,99.68,60.14
1995-10-07,5.99,34.0,22.18,99.93,61.63
1995-10-08,0.0,34.72,21.43,99.2,49.09
1995-10-09,0.0,36.2,23.2,95.21,42.82
1995-10-10,0.0,33.15,23.39,97.99,51.18
1995-10-11,0.03,34.58,22.64,98.99,57.46
1995-10-12,1.13,34.65,21.71,99.42,56.27
1995-10-13,0.0,35.94,22.06,99.53,45.12
1995-10-14,0.0,36.92,23.56,88.39,39.44
1995-10-15,0.0,37.31,23.6,81.43,34.16
1995-10-16,0.34,36.52,23.09,84.81,36.3
1995-10-17,0.0,35.81,22.5,83.16,39.4
1995-10-18,0.0,35.78,22.46,94.28,41.77
1995-10-19,0.0,36.12,22.8,89.37,23.67
1995-10-20,0.01,35.31,21.01,59.92,23.72
1995-10-21,0.0,35.67,21.6,63.78,29.43
1995-10-22,0.0,36.38,22.6,62.92,28.12
1995-10-23,0.01,37.28,23.58,63.48,25.72
1995-10-24,0.0,37.68,23.89,69.59,22.97
1995-10-25,0.0,36.72,22.53,56.72,18.27
1995-10-26,0.0,35.63,20.57,57.8,19.95
1995-10-27,0.0,36.41,20.19,53.94,18.99
1995-10-28,0.01,36.48,21.94,62.42,25.81
1995-10-29,0.0,36.56,22.56,64.64,24.89
1995-10-30,0.0,37.34,23.19,61.37,28.58
1995-10-31,0.06,36.73,22.92,71.19,32.43
1995-11-01,0.0,38.85,21.38,68.58,21.11
1995-11-02,0.0,37.85,19.67,53.04,15.59
1995-11-03,0.0,37.84,19.02,50.77,16.84
1995-11-04,0.0,37.57,18.9,54.33,15.85
1995-11-05,0.0,38.18,19.17,52.99,16.25
1995-11-06,0.0,37.61,19.64,58.18,19.99
1995-11-07,0.0,37.9,19.77,64.03,19.28
1995-11-08,0.0,37.54,19.42,47.44,15.89
1995-11-09,0.0,36.45,19.89,56.29,17.8
1995-11-10,0.0,37.29,20.34,56.12,23.13
1995-11-11,0.0,38.47,19.86,58.19,15.85
1995-11-12,0.0,38.8,20.0,51.92,15.01
1995-11-13,0.0,38.94,19.9,35.91,14.55
1995-11-14,0.0,37.99,19.73,39.58,12.1
1995-11-15,0.0,37.96,18.53,45.45,12.59
1995-11-16,0.0,38.25,18.97,51.31,15.59
1995-11-17,0.0,37.55,18.41,50.2,16.9
1995-11-18,0.0,37.79,18.0,53.35,15.4
1995-11-19,0.0,37.2,18.64,40.82,11.86
1995-11-20,0.0,36.14,16.76,35.59,11.98
1995-11-21,0.0,36.28,17.27,35.69,11.35
1995-11-22,0.0,36.61,16.95,35.02,11.13
1995-11-23,0.0,36.57,17.15,49.94,13.15
1995-11-24,0.0,37.19,18.03,45.86,15.51
1995-11-25,0.0,36.87,18.13,41.98,14.57
1995-11-26,0.0,37.21,18.33,44.64,14.11
1995-11-27,0.0,37.65,18.56,41.66,13.84
1995-11-28,0.0,37.39,19.77,49.22,18.65
1995-11-29,0.0,35.0,20.19,49.89,18.47
1995-11-30,0.0,37.53,19.12,43.85,17.9
1995-12-01,0.0,33.96,20.3,45.69,21.92
1995-12-02,0.0,29.61,16.84,80.15,38.11
1995-12-03,0.0,27.93,15.46,91.01,51.24
1995-12-04,0.0,32.03,16.52,78.33,27.13
1995-12-05,0.0,32.35,17.33,45.18,22.29
1995-12-06,0.0,34.52,17.76,45.16,19.7
1995-12-07,0.0,35.24,18.55,42.29,18.91
1995-12-08,0.0,32.38,18.33,35.76,18.71
1995-12-09,0.0,32.28,17.21,42.34,23.13
1995-12-10,0.0,33.06,17.58,45.16,21.03
1995-12-11,0.0,34.68,17.66,53.54,22.85
1995-12-12,0.01,34.91,18.83,59.66,27.47
1995-12-13,0.0,35.88,18.99,53.81,26.56
1995-12-14,0.0,33.21,19.95,48.1,29.05
1995-12-15,0.4,28.89,18.08,80.29,41.75
1995-12-16,0.0,32.35,17.83,84.05,40.19
1995-12-17,0.0,34.13,18.58,72.15,39.09
1995-12-18,0.0,35.16,19.04,71.94,31.91
1995-12-19,0.0,34.74,18.3,62.89,30.88
1995-12-20,0.0,35.44,18.24,53.02,24.83
1995-12-21,0.0,33.73,17.23,50.06,22.63
1995-12-22,0.0,32.72,15.84,45.53,18.38
1995-12-23,0.0,31.06,13.96,47.93,19.47
1995-12-24,0.0,31.73,13.54,49.08,20.05
1995-12-25,0.0,33.8,14.73,53.25,18.56
1995-12-26,0.0,37.08,18.1,54.13,20.99
1995-12-27,0.0,35.75,18.87,42.78,13.46
1995-12-28,0.0,33.18,17.67,40.0,16.54
1995-12-29,0.0,34.49,15.25,45.19,11.22
1995-12-30,0.0,33.68,14.14,32.41,10.76
1995-12-31,0.0,35.25,14.85,32.01,9.57
1996-01-01,0.0,35.49,16.36,31.67,10.97
1996-01-02,0.0,35.72,17.37,41.56,11.93
1996-01-03,0.0,36.1,17.89,40.44,14.21
1996-01-04,0.0,35.74,18.75,42.85,16.32
1996-01-05,0.0,37.49,18.42,40.54,12.81
1996-01-06,0.0,36.56,18.18,41.64,13.68
1996-01-07,0.0,36.32,18.31,44.69,14.1
1996-01-08,0.0,37.82,17.86,44.24,13.02
1996-01-09,0.0,37.06,17.89,33.06,10.57
1996-01-10,0.0,35.88,16.39,24.07,10.3
1996-01-11,0.0,33.25,15.88,36.76,15.25
1996-01-12,0.0,33.09,15.33,44.67,16.57
1996-01-13,0.0,32.65,14.64,36.95,14.38
1996-01-14,0.0,34.82,15.9,38.81,16.46
1996-01-15,0.0,35.07,16.03,45.58,16.78
1996-01-16,0.0,29.43,15.84,60.13,26.77
1996-01-17,0.0,31.75,15.32,67.26,30.76
1996-01-18,0.0,33.35,17.06,54.64,25.44
1996-01-19,0.0,35.03,17.67,47.7,21.55
1996-01-20,0.0,33.29,17.34,42.83,18.87
1996-01-21,0.0,35.52,16.87,39.93,17.88
1996-01-22,0.0,36.82,18.61,41.39,17.99
1996-01-23,0.0,38.43,19.73,44.46,18.57
1996-01-24,0.0,38.24,20.21,43.78,19.46
1996-01-25,0.0,35.66,19.56,48.13,24.85
1996-01-26,0.0,36.22,17.88,42.36,20.63
1996-01-27,0.0,37.69,19.89,52.29,22.88
1996-01-28,0.0,37.91,19.94,47.67,17.16
1996-01-29,0.0,40.19,20.05,37.63,16.31
1996-01-30,0.0,39.54,21.82,43.73,17.31
1996-01-31,0.0,40.38,21.43,42.44,15.3
1996-02-01,0.0,40.41,22.84,40.74,19.56
1996-02-02,0.0,39.13,22.92,50.15,22.92
1996-02-03,0.0,36.1,22.45,53.53,24.93
1996-02-04,0.0,37.44,19.79,43.57,22.62
1996-02-05,0.0,37.65,20.42,48.33,21.29
1996-02-06,0.0,37.56,21.48,40.22,19.39
1996-02-07,0.0,35.03,19.63,30.06,13.72
1996-02-08,0.0,36.42,17.78,25.08,10.26
1996-02-09,0.0,36.79,18.55,35.0,13.14
1996-02-10,0.0,38.11,19.05,38.07,13.86
1996-02-11,0.0,37.85,20.5,33.72,13.39
1996-02-12,0.0,35.8,19.3,38.85,17.03
1996-02-13,0.0,36.43,18.59,30.54,12.62
1996-02-14,0.0,35.78,19.34,32.76,16.04
1996-02-15,0.0,36.78,19.52,37.85,19.3
1996-02-16,0.0,36.67,20.75,60.48,23.45
1996-02-17,0.0,38.22,22.36,54.86,16.7
1996-02-18,0.0,39.39,22.96,33.25,14.91
1996-02-19,0.0,38.3,22.8,20.47,8.23
1996-02-20,0.0,37.99,20.91,20.4,8.88
1996-02-21,0.0,39.57,20.22,23.2,11.43
1996-02-22,0.0,40.2,21.77,27.16,11.86
1996-02-23,0.0,40.6,21.67,26.94,10.24
1996-02-24,0.0,40.96,22.4,34.66,14.05
1996-02-25,0.0,39.45,21.48,44.45,19.15
1996-02-26,0.0,38.81,21.06,49.55,19.76
1996-02-27,0.0,36.23,20.0,34.88,17.16
1996-02-28,0.0,37.42,18.76,30.94,13.5
1996-02-29,0.0,37.11,19.33,28.5,14.58
1996-03-01,0.0,37.1,19.57,24.23,10.44
1996-03-02,0.0,37.93,20.11,23.83,11.05
1996-03-03,0.0,37.09,23.32,31.47,14.14
1996-03-04,0.0,36.09,22.43,40.94,13.9
1996-03-05,0.0,37.1,22.01,45.97,21.66
1996-03-06,0.0,36.11,21.26,52.55,25.3
1996-03-07,0.0,35.0,21.52,54.09,29.34
1996-03-08,0.0,34.88,21.16,47.47,24.37
1996-03-09,0.0,36.76,21.53,45.85,23.35
1996-03-10,0.0,35.96,22.58,52.76,27.46
1996-03-11,0.0,32.4,20.67,49.36,23.47
1996-03-12,0.0,32.41,19.16,62.97,23.55
1996-03-13,0.0,34.2,17.47,35.61,15.97
1996-03-14,0.0,35.7,18.46,36.59,16.84
1996-03-15,0.0,37.09,20.01,30.55,13.92
1996-03-16,0.0,37.83,21.74,31.1,15.91
1996-03-17,0.0,40.01,23.78,30.66,13.09
1996-03-18,0.0,41.6,23.61,27.47,12.59
1996-03-19,0.0,41.72,24.4,33.08,14.0
1996-03-20,0.0,41.6,24.21,30.48,12.51
1996-03-21,0.0,41.94,24.07,33.67,12.41
1996-03-22,0.0,42.21,24.43,37.04,13.92
1996-03-23,0.0,42.95,24.67,38.28,13.84
1996-03-24,0.0,42.73,24.64,38.93,10.99
1996-03-25,0.0,42.81,23.85,44.61,10.74
1996-03-26,0.0,41.44,24.03,47.72,14.48
1996-03-27,0.0,41.66,26.32,49.87,15.61
1996-03-28,0.0,41.37,24.06,44.03,10.78
1996-03-29,0.0,42.73,23.65,28.0,5.91
1996-03-30,0.0,43.43,24.02,24.05,6.46
1996-03-31,0.0,43.2,24.13,29.96,7.07
1996-04-01,0.0,40.9,24.54,49.3,12.23
1996-04-02,0.0,41.84,24.81,54.68,10.67
1996-04-03,0.0,42.66,24.56,37.48,7.11
1996-04-04,0.0,42.21,25.39,40.9,14.42
1996-04-05,0.0,41.18,25.95,46.0,16.68
1996-04-06,0.0,42.65,26.52,44.36,8.87
1996-04-07,0.0,42.65,25.79,26.6,9.09
1996-04-08,0.0,42.52,24.53,31.13,7.82
1996-04-09,0.0,41.96,25.18,38.46,11.2
1996-04-10,0.0,41.17,25.33,27.41,13.25
1996-04-11,0.0,40.25,24.55,27.88,11.69
1996-04-12,0.0,38.24,24.36,51.81,19.49
1996-04-13,0.0,37.64,22.94,65.07,24.37
1996-04-14,0.0,37.2,22.08,55.93,22.22
1996-04-15,0.0,40.63,23.33,37.36,12.9
1996-04-16,0.0,42.37,26.29,26.15,9.41
1996-04-17,0.0,42.93,25.19,21.03,8.66
1996-04-18,0.0,42.75,25.71,32.37,13.12
1996-04-19,0.0,42.78,25.8,35.61,12.03
1996-04-20,0.0,41.66,25.81,40.01,16.42
1996-04-21,0.0,39.08,24.8,42.32,16.54
1996-04-22,0.0,39.29,23.01,49.22,18.48
1996-04-23,0.0,40.49,24.98,38.17,13.51
1996-04-24,0.0,41.13,25.58,39.69,15.08
1996-04-25,0.0,42.9,25.38,35.76,14.74
1996-04-26,0.0,44.22,28.73,28.32,13.92
1996-04-27,0.0,43.78,27.95,37.08,15.84
1996-04-28,0.0,43.22,27.5,38.18,11.63
1996-04-29,0.0,43.96,27.0,34.72,13.39
1996-04-30,0.0,43.66,26.96,25.89,11.74
1996-05-01,0.0,43.24,26.77,32.29,10.05
1996-05-02,0.0,44.28,27.87,28.93,12.21
1996-05-03,0.0,43.42,28.08,26.43,10.23
1996-05-04,0.0,42.83,26.04,25.97,8.6
1996-05-05,0.0,43.46,27.3,33.97,13.34
1996-05-06,0.0,45.02,27.86,28.3,8.79
1996-05-07,0.0,42.61,27.76,56.11,14.31
1996-05-08,0.0,40.2,28.12,59.98,24.09
1996-05-09,0.0,40.82,27.92,49.97,20.51
1996-05-10,0.0,43.49,27.52,33.44,13.26
1996-05-11,0.03,43.62,27.18,27.11,12.36
1996-05-12,0.0,40.82,28.63,40.38,11.9
1996-05-13,0.0,39.04,26.63,80.39,29.13
1996-05-14,0.0,40.55,25.22,61.2,18.53
1996-05-15,0.0,42.72,26.1,41.02,13.66
1996-05-16,0.0,42.82,27.27,44.9,16.01
1996-05-17,0.0,42.81,28.61,43.0,18.62
1996-05-18,0.0,43.29,27.85,65.08,20.93
1996-05-19,0.0,41.41,29.31,47.73,21.61
1996-05-20,0.0,41.06,28.76,58.73,25.79
1996-05-21,0.0,43.29,27.26,49.93,13.87
1996-05-22,0.0,42.6,27.55,48.12,17.38
1996-05-23,0.0,41.33,27.21,54.41,19.83
1996-05-24,0.0,40.82,27.25,49.81,20.34
1996-05-25,0.01,37.55,24.36,83.01,27.68
1996-05-26,0.0,40.12,25.86,68.87,32.46
1996-05-27,0.02,38.67,27.86,84.35,42.56
1996-05-28,0.39,36.95,24.46,77.53,40.3
1996-05-29,0.26,37.76,24.98,88.27,35.91
1996-05-30,0.51,37.58,26.74,71.26,29.92
1996-05-31,0.0,40.94,26.1,57.45,19.27
1996-06-01,0.0,42.79,27.83,40.33,15.69
1996-06-02,0.06,39.37,27.88,66.82,27.92
1996-06-03,4.35,39.29,28.61,70.71,35.84
1996-06-04,0.01,37.34,25.57,86.01,29.42
1996-06-05,0.0,38.73,24.92,51.64,16.6
1996-06-06,0.0,39.09,24.77,48.25,21.05
1996-06-07,0.0,38.01,26.28,58.63,31.3
1996-06-08,0.01,38.05,26.9,68.16,34.57
1996-06-09,0.0,39.76,27.53,63.15,25.17
1996-06-10,0.0,39.48,26.85,51.23,23.99
1996-06-11,0.0,39.41,27.81,53.6,28.98
1996-06-12,0.1,39.97,28.39,57.43,28.5
1996-06-13,4.72,39.45,28.94,66.34,30.97
1996-06-14,3.66,40.48,28.25,76.68,32.58
1996-06-15,10.43,36.71,27.94,79.52,43.21
1996-06-16,0.22,39.55,28.87,68.88,28.7
1996-06-17,0.78,39.24,28.46,65.75,30.02
1996-06-18,0.03,38.2,28.43,75.3,34.4
1996-06-19,0.0,38.3,27.17,81.69,43.99
1996-06-20,0.0,40.35,26.57,81.94,28.16
1996-06-21,0.0,39.59,26.81,67.86,29.19
1996-06-22,0.0,39.63,27.82,63.17,25.87
1996-06-23,5.76,39.36,27.33,67.94,29.9
1996-06-24,0.0,38.55,27.13,74.25,32.91
1996-06-25,0.0,38.5,27.5,70.82,29.13
1996-06-26,0.0,38.6,26.62,62.4,22.68
1996-06-27,0.0,40.12,26.1,48.52,16.75
1996-06-28,0.0,40.25,27.02,45.62,21.54
1996-06-29,4.44,39.9,28.02,71.71,30.84
1996-06-30,15.39,35.18,23.49,96.11,48.56
1996-07-01,2.36,33.76,22.94,91.67,50.75
1996-07-02,1.86,31.74,23.63,93.56,60.8
1996-07-03,0.08,33.28,23.25,95.19,58.18
1996-07-04,0.0,35.78,23.9,89.15,46.1
1996-07-05,0.0,35.49,24.46,79.32,42.38
1996-07-06,0.01,34.94,25.12,81.58,46.27
1996-07-07,29.49,33.34,23.41,96.17,52.54
1996-07-08,0.0,31.98,22.42,97.75,58.68
1996-07-09,0.0,35.19,23.05,93.46,44.78
1996-07-10,0.0,37.52,25.26,82.92,36.68
1996-07-11,0.0,34.32,25.12,75.12,44.28
1996-07-12,0.42,35.16,25.03,75.34,43.21
1996-07-13,8.36,35.51,25.98,75.36,44.85
1996-07-14,1.52,34.09,24.39,85.46,51.53
1996-07-15,0.02,34.92,24.94,85.45,43.37
1996-07-16,0.27,35.91,24.95,77.12,40.01
1996-07-17,0.33,37.47,25.27,79.82,39.68
1996-07-18,0.0,33.23,24.99,86.56,55.43
1996-07-19,0.97,36.73,23.97,90.7,40.99
1996-07-20,0.0,36.79,25.99,80.97,45.85
1996-07-21,0.34,37.11,25.79,79.36,40.11
1996-07-22,0.0,36.44,26.26,80.55,43.16
1996-07-23,15.16,33.94,25.41,85.68,48.01
1996-07-24,0.0,32.74,24.33,87.74,50.35
1996-07-25,22.78,29.42,22.39,99.6,70.97
1996-07-26,0.0,31.99,23.29,96.93,64.12
1996-07-27,0.56,31.89,23.44,94.52,61.59
1996-07-28,2.17,33.14,23.43,95.37,59.69
1996-07-29,5.24,30.68,23.03,97.42,66.29
1996-07-30,40.25,31.9,22.81,98.57,61.77
1996-07-31,4.91,30.95,22.83,99.47,70.55
1996-08-01,0.02,31.61,22.58,97.69,63.02
1996-08-02,0.0,32.89,22.87,87.77,55.24
1996-08-03,0.0,32.92,23.86,88.38,56.3
1996-08-04,11.89,34.33,23.86,87.71,49.9
1996-08-05,2.81,32.22,23.82,88.52,59.69
1996-08-06,3.58,32.85,22.95,87.63,56.37
1996-08-07,2.05,31.71,23.62,95.82,62.11
1996-08-08,0.0,34.03,22.57,98.45,56.54
1996-08-09,0.0,34.52,24.2,87.64,54.78
1996-08-10,1.75,34.26,25.26,83.05,52.88
1996-08-11,0.26,32.58,25.0,90.86,59.96
1996-08-12,0.0,32.59,23.27,92.7,57.51
1996-08-13,17.48,33.77,23.16,93.76,57.41
1996-08-14,0.0,30.73,22.52,99.25,70.22
1996-08-15,23.76,33.69,22.7,98.12,54.75
1996-08-16,0.0,29.66,22.44,98.91,71.95
1996-08-17,0.04,32.65,22.0,99.24,60.83
1996-08-18,0.9,32.85,23.79,86.68,60.42
1996-08-19,1.6,32.77,23.14,90.02,58.5
1996-08-20,5.69,32.23,23.84,87.48,59.14
1996-08-21,13.16,31.18,22.64,98.75,69.86
1996-08-22,17.2,30.89,23.02,99.48,71.75
1996-08-23,28.25,32.32,22.91,99.21,62.98
1996-08-24,2.3,31.53,22.6,99.03,67.01
1996-08-25,0.53,32.19,22.95,99.17,64.46
1996-08-26,20.5,30.01,23.67,98.71,71.14
1996-08-27,2.65,29.99,22.79,99.39,76.13
1996-08-28,16.45,32.64,22.55,99.16,63.61
1996-08-29,0.69,32.47,22.8,98.88,64.26
1996-08-30,19.14,32.92,23.62,98.18,63.07
1996-08-31,0.05,33.12,23.4,89.26,58.12
1996-09-01,17.14,33.06,21.99,98.78,61.0
1996-09-02,12.38,30.64,22.39,97.98,69.45
1996-09-03,0.55,31.05,21.06,98.85,69.37
1996-09-04,1.93,32.11,21.08,98.98,60.45
1996-09-05,3.85,32.24,22.09,96.96,68.93
1996-09-06,9.48,32.32,22.07,99.97,66.85
1996-09-07,2.49,29.37,21.83,99.97,74.65
1996-09-08,0.0,33.21,21.86,94.85,55.0
1996-09-09,0.0,34.52,24.37,84.76,55.0
1996-09-10,0.0,33.76,24.38,85.24,55.6
1996-09-11,0.0,33.59,24.32,89.36,55.56
1996-09-12,0.0,33.46,23.6,93.33,53.27
1996-09-13,7.06,33.97,23.32,93.15,48.89
1996-09-14,1.18,31.28,22.71,93.63,63.69
1996-09-15,4.88,31.52,21.72,97.33,61.16
1996-09-16,0.0,31.82,22.18,95.41,61.61
1996-09-17,0.0,33.98,22.45,96.65,60.27
1996-09-18,0.0,33.24,23.39,94.04,65.46
1996-09-19,2.93,32.15,22.58,96.97,68.37
1996-09-20,5.15,32.66,21.89,98.69,61.19
1996-09-21,1.58,31.88,22.11,98.56,68.54
1996-09-22,0.0,33.89,22.16,98.83,60.7
1996-09-23,9.09,29.01,22.45,98.11,76.59
1996-09-24,0.0,32.45,21.94,98.35,64.96
1996-09-25,5.39,34.03,22.56,97.66,53.63
1996-09-26,2.79,34.27,23.06,92.41,56.09
1996-09-27,15.83,32.96,22.7,95.74,63.18
1996-09-28,0.0,33.15,21.53,97.13,58.8
1996-09-29,0.0,34.35,23.31,87.28,48.17
1996-09-30,1.24,33.22,23.47,89.11,59.66
1996-10-01,0.27,30.16,21.24,99.16,69.71
1996-10-02,0.0,31.86,20.04,99.54,63.07
1996-10-03,0.0,34.09,21.07,98.93,59.03
1996-10-04,0.0,35.73,22.32,99.56,44.48
1996-10-05,0.0,35.16,22.76,97.47,53.0
1996-10-06,0.0,34.91,23.11,99.78,54.37
1996-10-07,17.63,35.23,23.24,99.2,54.87
1996-10-08,1.16,34.57,22.18,97.35,54.04
1996-10-09,0.0,36.02,22.57,99.26,42.12
1996-10-10,0.0,36.14,22.82,95.61,44.14
1996-10-11,0.0,35.62,23.04,97.39,47.71
1996-10-12,0.0,36.35,23.24,96.74,44.64
1996-10-13,1.02,36.22,23.12,94.1,44.22
1996-10-14,3.06,35.79,23.45,92.99,47.57
1996-10-15,10.93,35.82,23.26,97.3,46.43
1996-10-16,1.18,35.86,24.05,85.52,40.86
1996-10-17,0.0,36.18,22.34,86.39,38.21
1996-10-18,0.0,36.85,23.11,80.62,38.55
1996-10-19,0.0,36.84,23.56,75.22,34.99
1996-10-20,0.0,36.4,22.86,73.61,38.19
1996-10-21,0.0,36.67,22.72,84.39,38.61
1996-10-22,0.0,36.83,22.37,91.28,34.61
1996-10-23,0.0,37.76,22.47,84.37,27.03
1996-10-24,0.0,37.2,23.32,63.97,32.66
1996-10-25,0.0,37.33,22.92,69.07,33.14
1996-10-26,0.0,38.01,23.18,76.52,27.36
1996-10-27,0.0,38.66,23.51,69.89,19.66
1996-10-28,0.0,38.72,22.33,55.64,15.25
1996-10-29,0.0,38.34,22.62,55.28,17.11
1996-10-30,0.0,38.38,23.08,56.8,20.58
1996-10-31,0.0,38.85,23.78,53.72,19.5
1996-11-01,0.0,37.94,19.74,54.64,16.1
1996-11-02,0.0,37.83,19.79,61.03,21.65
1996-11-03,0.0,38.17,19.64,56.26,15.4
1996-11-04,0.0,37.18,18.08,48.59,14.11
1996-11-05,0.0,37.85,18.2,47.28,13.45
1996-11-06,0.0,36.11,19.43,54.05,22.59
1996-11-07,0.0,36.43,19.84,78.65,28.46
1996-11-08,0.0,35.43,20.49,57.13,18.55
1996-11-09,0.0,37.26,18.62,46.22,12.92
1996-11-10,0.0,37.99,18.14,46.87,13.75
1996-11-11,0.0,37.06,18.31,46.71,13.55
1996-11-12,0.0,37.5,18.61,52.75,15.68
1996-11-13,0.0,37.34,19.05,54.49,18.89
1996-11-14,0.0,37.12,18.98,57.18,21.29
1996-11-15,0.0,38.18,18.67,56.89,13.2
1996-11-16,0.0,37.34,18.0,49.43,14.04
1996-11-17,0.0,38.23,18.19,41.04,12.99
1996-11-18,0.0,37.23,17.71,46.11,14.73
1996-11-19,0.0,38.11,18.5,45.39,13.99
1996-11-20,0.0,37.72,19.04,43.72,15.26
1996-11-21,0.0,36.59,17.93,36.12,12.43
1996-11-22,0.0,37.37,17.08,36.87,11.86
1996-11-23,0.0,36.54,16.7,37.47,11.72
1996-11-24,0.0,37.28,17.1,42.04,9.87
1996-11-25,0.0,37.45,17.43,36.48,12.16
1996-11-26,0.0,36.53,16.74,36.48,12.32
1996-11-27,0.0,35.82,16.86,35.98,12.49
1996-11-28,0.0,35.8,16.22,33.52,11.64
1996-11-29,0.0,35.42,15.79,32.26,10.43
1996-11-30,0.0,35.6,15.62,32.56,10.56
1996-12-01,0.0,36.12,15.99,44.63,13.84
1996-12-02,0.0,35.09,16.35,39.05,13.99
1996-12-03,0.0,35.94,17.47,35.32,13.37
1996-12-04,0.0,35.61,17.4,34.65,12.45
1996-12-05,0.0,34.61,18.9,38.83,19.25
1996-12-06,0.0,32.4,18.56,41.64,19.55
1996-12-07,0.0,34.91,17.04,47.17,19.5
1996-12-08,0.0,33.25,16.61,41.97,20.22
1996-12-09,0.0,32.96,15.75,44.33,18.98
1996-12-10,0.0,34.52,16.13,44.68,18.93
1996-12-11,0.0,36.19,16.85,39.83,16.64
1996-12-12,0.0,37.04,17.29,36.22,14.3
1996-12-13,0.0,38.33,18.08,37.22,12.24
1996-12-14,0.0,37.88,18.73,35.63,13.98
1996-12-15,0.0,35.66,17.23,32.07,10.26
1996-12-16,0.0,34.53,15.45,24.95,7.97
1996-12-17,0.0,35.68,14.25,32.16,9.5
1996-12-18,0.0,35.37,15.73,25.11,10.08
1996-12-19,0.0,35.26,15.0,26.68,10.17
1996-12-20,0.0,35.7,15.26,33.23,11.85
1996-12-21,0.0,35.6,16.51,45.05,17.46
1996-12-22,0.0,33.69,16.42,59.93,28.8
1996-12-23,0.0,33.13,16.7,65.62,28.44
1996-12-24,0.0,34.7,17.46,54.5,17.46
1996-12-25,0.0,35.77,17.9,33.12,12.31
1996-12-26,0.0,36.54,18.01,33.5,9.81
1996-12-27,0.0,36.17,17.2,32.2,9.89
1996-12-28,0.0,34.37,17.21,24.94,11.33
1996-12-29,0.0,34.08,16.74,26.32,11.22
1996-12-30,0.0,36.3,18.45,31.46,10.55
1996-12-31,0.0,37.76,19.09,37.78,12.58
1997-01-01,0.0,35.11,19.55,39.07,16.8
1997-01-02,0.0,36.58,19.27,38.17,13.13
1997-01-03,0.0,36.52,19.34,30.98,16.14
1997-01-04,0.0,33.4,19.5,51.33,23.48
1997-01-05,0.0,37.12,19.2,55.57,20.86
1997-01-06,0.0,37.89,19.8,43.29,17.37
1997-01-07,0.0,37.9,21.23,41.36,19.4
1997-01-08,0.0,38.0,20.25,35.18,14.91
1997-01-09,0.0,36.99,20.59,28.75,12.89
1997-01-10,0.0,35.28,18.41,36.0,15.36
1997-01-11,0.0,36.65,18.99,31.83,12.2
1997-01-12,0.0,37.35,20.35,35.53,15.87
1997-01-13,0.0,37.08,19.33,49.16,19.8
1997-01-14,0.0,35.27,18.4,46.61,21.4
1997-01-15,0.0,35.53,18.35,63.69,25.64
1997-01-16,0.0,37.45,18.7,48.2,21.69
1997-01-17,0.0,37.18,19.03,44.02,19.62
1997-01-18,0.0,35.96,18.25,31.33,13.17
1997-01-19,0.0,36.86,17.38,30.08,12.14
1997-01-20,0.0,37.48,18.05,32.29,12.97
1997-01-21,0.0,30.12,17.47,51.04,19.7
1997-01-22,0.0,29.15,14.95,59.79,29.27
1997-01-23,0.0,32.04,15.35,53.43,18.74
1997-01-24,0.0,32.71,15.71,31.75,16.23
1997-01-25,0.0,35.55,15.06,36.04,14.05
1997-01-26,0.0,37.11,17.51,31.82,11.9
1997-01-27,0.0,37.14,18.43,26.17,9.15
1997-01-28,0.0,35.25,16.64,21.79,9.38
1997-01-29,0.0,35.66,16.33,23.32,9.84
1997-01-30,0.0,37.62,17.01,20.42,7.89
1997-01-31,0.0,36.65,18.27,22.76,8.65
1997-02-01,0.0,35.92,18.73,21.2,10.03
1997-02-02,0.0,35.54,18.01,20.41,9.3
1997-02-03,0.0,36.65,18.4,22.34,9.58
1997-02-04,0.0,37.56,19.13,24.49,8.69
1997-02-05,0.0,38.24,19.55,23.58,8.22
1997-02-06,0.0,38.49,19.74,21.24,9.09
1997-02-07,0.0,38.75,19.67,20.71,8.8
1997-02-08,0.0,38.56,19.85,18.72,9.25
1997-02-09,0.0,38.11,20.12,22.11,9.74
1997-02-10,0.0,38.81,19.48,20.49,7.29
1997-02-11,0.0,38.88,19.51,23.51,8.61
1997-02-12,0.0,38.53,20.16,31.01,8.48
1997-02-13,0.0,38.66,20.23,19.18,8.46
1997-02-14,0.0,36.8,20.15,20.91,9.61
1997-02-15,0.0,38.19,18.49,23.48,9.96
1997-02-16,0.0,37.11,19.68,20.91,7.89
1997-02-17,0.0,37.55,18.45,16.05,7.19
1997-02-18,0.0,38.3,19.51,20.05,7.23
1997-02-19,0.0,38.67,19.38,16.65,5.58
1997-02-20,0.0,39.01,19.52,14.47,5.72
1997-02-21,0.0,39.03,19.33,17.4,6.94
1997-02-22,0.0,38.59,19.9,17.36,7.39
1997-02-23,0.0,38.3,18.9,19.1,8.1
1997-02-24,0.0,39.25,19.62,21.28,8.39
1997-02-25,0.0,39.4,20.32,18.49,8.28
1997-02-26,0.0,38.69,20.59,18.5,7.5
1997-02-27,0.0,38.33,19.86,19.15,7.12
1997-02-28,0.0,37.07,19.97,16.11,7.25
1997-03-01,0.0,37.87,21.33,17.47,5.52
1997-03-02,0.0,39.31,20.7,17.73,7.11
1997-03-03,0.0,39.66,21.82,18.13,7.82
1997-03-04,0.0,38.11,21.71,16.51,6.9
1997-03-05,0.0,37.08,19.96,14.14,7.61
1997-03-06,0.0,37.14,19.51,15.71,8.09
1997-03-07,0.0,37.67,20.14,16.79,7.55
1997-03-08,0.0,38.71,21.97,15.93,7.29
1997-03-09,0.0,39.8,23.11,16.5,8.45
1997-03-10,0.0,35.75,23.77,30.87,8.96
1997-03-11,0.0,39.99,21.76,19.88,10.12
1997-03-12,0.0,38.05,23.3,23.38,10.17
1997-03-13,0.0,35.27,20.18,18.41,9.96
1997-03-14,0.0,34.27,17.46,16.53,8.51
1997-03-15,0.0,33.11,18.24,17.55,10.66
1997-03-16,0.0,35.64,19.66,20.52,9.92
1997-03-17,0.0,37.91,19.96,20.02,8.34
1997-03-18,0.0,38.41,20.73,13.64,5.83
1997-03-19,0.0,38.73,20.88,14.97,7.94
1997-03-20,0.0,40.08,22.13,18.6,7.64
1997-03-21,0.0,41.44,23.17,18.29,8.81
1997-03-22,0.0,41.75,23.01,20.96,7.88
1997-03-23,0.0,39.32,22.74,22.7,10.92
1997-03-24,0.0,36.46,20.92,30.68,14.91
1997-03-25,0.0,36.65,20.28,35.9,16.67
1997-03-26,0.0,36.99,20.34,35.32,16.99
1997-03-27,0.0,36.79,21.09,35.35,20.33
1997-03-28,0.0,38.9,21.87,41.34,17.49
1997-03-29,0.0,35.5,21.55,49.29,26.12
1997-03-30,0.0,36.48,20.8,52.07,26.87
1997-03-31,0.0,38.78,21.67,44.86,22.6
1997-04-01,0.0,39.87,24.3,36.98,17.94
1997-04-02,0.0,40.87,25.17,38.3,20.01
1997-04-03,0.0,38.7,24.75,54.6,26.79
1997-04-04,0.0,37.14,23.48,51.72,29.17
1997-04-05,0.0,37.22,22.39,57.24,27.28
1997-04-06,0.0,37.96,24.07,53.47,28.79
1997-04-07,0.0,41.79,25.48,46.46,16.93
1997-04-08,0.0,41.25,25.85,30.48,13.28
1997-04-09,0.0,41.43,24.35,29.02,11.86
1997-04-10,0.0,42.69,24.91,35.11,12.43
1997-04-11,0.0,41.87,25.69,40.39,16.77
1997-04-12,0.0,41.85,26.26,39.93,17.85
1997-04-13,0.0,41.86,25.7,36.94,14.75
1997-04-14,0.0,41.76,25.39,36.03,12.59
1997-04-15,0.0,42.27,25.29,29.75,13.12
1997-04-16,0.0,40.69,25.24,35.42,15.9
1997-04-17,0.0,40.08,24.27,44.57,18.72
1997-04-18,0.0,39.89,24.8,45.67,19.93
1997-04-19,0.0,40.91,24.45,45.71,17.37
1997-04-20,0.0,40.29,24.47,48.96,17.79
1997-04-21,0.0,41.52,25.56,39.77,15.8
1997-04-22,0.0,40.95,24.91,28.9,12.51
1997-04-23,0.0,41.49,24.34,25.1,11.82
1997-04-24,0.0,41.61,25.65,31.46,11.51
1997-04-25,0.0,43.31,26.42,25.92,8.51
1997-04-26,0.0,43.41,26.16,22.97,7.25
1997-04-27,0.0,42.41,25.88,41.91,9.61
1997-04-28,0.0,42.0,25.77,38.84,10.36
1997-04-29,0.0,41.7,25.22,41.62,7.66
1997-04-30,0.0,41.96,24.91,21.73,7.56
1997-05-01,0.0,40.77,24.41,43.16,10.16
1997-05-02,0.0,42.45,25.18,37.06,10.29
1997-05-03,0.0,42.28,26.08,46.24,11.45
1997-05-04,0.0,41.67,25.67,58.44,14.05
1997-05-05,0.0,41.06,25.89,48.6,17.01
1997-05-06,0.0,41.76,25.63,52.11,15.6
1997-05-07,0.0,40.85,26.75,61.49,25.14
1997-05-08,3.57,40.63,28.43,66.62,29.15
1997-05-09,8.99,38.06,28.92,74.05,37.68
1997-05-10,0.03,39.27,26.21,87.05,31.17
1997-05-11,0.0,41.44,26.98,49.81,17.76
1997-05-12,0.0,42.51,27.23,44.77,13.56
1997-05-13,0.0,42.17,27.58,48.39,20.25
1997-05-14,0.0,41.9,27.58,55.72,19.9
1997-05-15,0.0,40.48,27.28,55.35,23.83
1997-05-16,0.0,41.71,27.93,76.95,24.82
1997-05-17,0.14,41.83,28.77,50.55,22.25
1997-05-18,0.57,41.11,26.85,77.79,29.9
1997-05-19,0.36,41.7,28.16,68.01,27.94
1997-05-20,0.0,42.35,28.83,71.69,22.47
1997-05-21,0.18,36.95,28.77,66.87,34.17
1997-05-22,0.0,43.13,28.74,55.8,17.6
1997-05-23,0.0,43.25,29.28,53.97,22.94
1997-05-24,0.0,41.9,29.14,60.49,23.62
1997-05-25,0.0,41.08,29.15,62.49,28.37
1997-05-26,0.0,42.22,29.43,63.55,24.9
1997-05-27,0.16,41.65,29.13,60.39,25.09
1997-05-28,0.0,41.7,29.3,57.46,25.78
1997-05-29,0.0,40.45,28.82,69.01,30.5
1997-05-30,8.47,41.19,29.63,62.85,32.49
1997-05-31,0.0,37.24,28.46,85.15,43.92
1997-06-01,0.0,40.43,28.36,73.79,31.62
1997-06-02,0.01,40.36,28.77,65.91,28.52
1997-06-03,0.04,39.95,28.21,65.75,27.71
1997-06-04,0.0,40.13,28.12,68.47,32.61
1997-06-05,4.98,40.09,28.93,68.45,35.64
1997-06-06,0.0,38.79,28.37,69.97,33.7
1997-06-07,0.12,41.49,27.96,78.3,28.51
1997-06-08,23.53,36.66,27.94,88.25,46.02
1997-06-09,0.0,37.75,25.15,94.12,37.71
1997-06-10,0.0,38.64,26.34,77.61,33.76
1997-06-11,6.21,38.92,27.42,77.14,36.16
1997-06-12,0.48,37.28,26.87,79.18,40.1
1997-06-13,11.26,37.7,26.57,80.61,34.77
1997-06-14,0.08,37.2,25.58,87.68,40.86
1997-06-15,7.73,38.08,27.48,83.9,38.81
1997-06-16,0.0,37.03,26.0,92.37,44.56
1997-06-17,3.54,38.24,26.72,79.81,39.28
1997-06-18,0.0,36.37,25.97,93.7,42.07
1997-06-19,0.1,37.13,24.3,95.87,40.74
1997-06-20,0.02,37.9,25.34,86.52,36.27
1997-06-21,0.0,38.12,26.41,76.86,36.65
1997-06-22,0.0,38.24,26.84,80.4,39.91
1997-06-23,0.0,39.21,27.94,77.91,36.51
1997-06-24,0.08,38.72,27.34,77.02,36.63
1997-06-25,10.39,37.9,27.49,82.81,42.06
1997-06-26,0.61,37.23,26.64,90.39,47.26
1997-06-27,1.66,31.55,24.38,96.76,65.23
1997-06-28,2.62,31.86,23.85,98.18,69.64
1997-06-29,0.24,34.88,22.6,97.0,52.4
1997-06-30,0.0,32.62,23.92,95.62,64.09
1997-07-01,0.65,33.89,23.67,93.05,55.02
1997-07-02,0.0,36.88,23.35,90.91,38.07
1997-07-03,0.0,37.18,24.18,73.64,34.94
1997-07-04,0.0,35.99,25.15,84.21,46.43
1997-07-05,0.0,37.15,25.21,82.03,42.07
1997-07-06,0.0,35.89,25.46,79.19,45.93
1997-07-07,0.0,36.48,24.87,85.65,44.13
1997-07-08,0.77,36.81,25.21,81.61,42.96
1997-07-09,12.99,31.74,23.51,97.0,73.78
1997-07-10,3.91,32.48,22.57,98.36,59.95
1997-07-11,0.04,31.68,23.15,95.13,62.92
1997-07-12,0.0,35.14,23.84,91.05,49.52
1997-07-13,0.0,35.75,24.68,87.77,41.78
1997-07-14,0.0,35.23,25.25,79.85,47.43
1997-07-15,0.0,35.03,24.45,78.08,43.79
1997-07-16,4.95,35.57,24.77,80.06,43.2
1997-07-17,1.84,33.7,23.43,93.36,55.15
1997-07-18,0.0,33.69,24.46,84.58,53.25
1997-07-19,0.0,33.8,23.31,93.76,53.98
1997-07-20,0.43,31.38,23.35,91.38,65.67
1997-07-21,22.66,31.0,21.88,98.8,68.12
1997-07-22,0.16,32.29,22.02,98.91,59.85
1997-07-23,0.0,34.84,23.31,95.84,47.81
1997-07-24,0.38,34.26,24.62,87.48,51.19
1997-07-25,0.0,34.16,23.57,95.43,52.19
1997-07-26,0.32,33.28,23.35,93.49,59.81
1997-07-27,0.0,33.56,23.11,93.66,57.54
1997-07-28,0.42,32.94,24.37,91.02,57.66
1997-07-29,0.0,34.71,23.63,97.04,52.33
1997-07-30,0.0,32.34,23.8,90.46,61.92
1997-07-31,0.0,33.91,23.27,91.09,50.61
1997-08-01,25.31,32.37,23.8,83.66,54.48
1997-08-02,16.93,28.55,22.01,98.13,76.06
1997-08-03,0.0,32.8,22.23,98.4,59.57
1997-08-04,0.05,34.81,24.14,89.37,53.78
1997-08-05,0.0,33.64,23.53,91.06,57.27
1997-08-06,0.28,34.05,24.64,85.83,54.46
1997-08-07,0.0,33.53,25.4,79.2,54.43
1997-08-08,0.0,33.04,24.66,86.97,58.25
1997-08-09,0.0,32.85,23.19,91.6,58.6
1997-08-10,0.21,33.49,23.67,93.61,53.27
1997-08-11,6.43,33.22,23.84,87.74,56.72
1997-08-12,0.73,34.99,23.12,92.1,50.71
1997-08-13,21.82,30.76,23.58,93.74,64.51
1997-08-14,0.69,33.31,21.9,98.04,57.83
1997-08-15,1.24,34.2,23.41,95.17,55.67
1997-08-16,0.0,32.84,24.53,93.12,65.83
1997-08-17,0.75,32.36,23.21,97.95,62.52
1997-08-18,0.0,33.98,23.1,97.59,52.01
1997-08-19,7.78,31.77,23.96,93.13,68.09
1997-08-20,0.0,33.25,22.83,95.08,57.41
1997-08-21,5.84,31.89,22.74,97.42,63.13
1997-08-22,12.62,31.91,22.69,99.94,67.7
1997-08-23,0.1,30.71,23.0,99.8,70.73
1997-08-24,15.32,31.88,23.08,99.25,66.37
1997-08-25,0.48,31.94,22.86,98.32,66.13
1997-08-26,28.41,32.1,22.79,99.72,65.72
1997-08-27,8.12,32.03,22.12,99.85,62.46
1997-08-28,2.33,31.12,22.68,97.64,66.18
1997-08-29,0.0,32.92,22.81,97.97,66.83
1997-08-30,0.18,32.67,23.45,98.82,66.54
1997-08-31,1.9,32.71,23.31,99.37,63.77
1997-09-01,0.33,32.75,23.53,93.05,60.47
1997-09-02,1.64,33.62,22.68,99.34,62.41
1997-09-03,0.0,32.19,22.72,97.44,70.3
1997-09-04,34.43,30.07,22.17,99.28,75.46
1997-09-05,2.11,30.75,22.16,99.03,69.99
1997-09-06,1.09,32.69,22.2,99.16,61.82
1997-09-07,0.0,33.19,22.22,97.83,61.68
1997-09-08,0.0,33.69,22.44,99.56,60.63
1997-09-09,14.35,35.0,23.87,89.01,45.65
1997-09-10,1.57,32.02,23.15,95.84,57.96
1997-09-11,17.27,32.13,21.44,99.11,63.93
1997-09-12,0.0,31.13,23.4,97.47,66.41
1997-09-13,0.0,34.02,22.04,99.05,56.45
1997-09-14,0.13,34.72,23.43,90.32,54.83
1997-09-15,0.0,33.73,24.21,85.45,56.19
1997-09-16,0.0,34.49,24.03,92.61,54.51
1997-09-17,5.15,31.44,24.49,85.22,62.52
1997-09-18,0.14,32.81,22.87,95.78,63.93
1997-09-19,1.51,33.45,22.12,99.52,56.6
1997-09-20,0.0,34.07,24.16,86.96,54.56
1997-09-21,1.02,35.54,24.04,83.15,52.82
1997-09-22,0.01,34.04,24.07,89.36,55.81
1997-09-23,0.0,35.04,23.97,90.71,52.25
1997-09-24,5.94,34.23,25.09,89.79,58.08
1997-09-25,17.68,32.49,22.94,98.58,65.84
1997-09-26,12.73,30.29,23.45,90.46,72.53
1997-09-27,10.17,32.25,22.65,94.73,62.18
1997-09-28,0.0,31.83,23.21,95.14,67.41
1997-09-29,0.34,33.91,23.14,92.28,54.06
1997-09-30,4.18,33.7,23.91,88.03,58.27
1997-10-01,0.19,36.15,22.84,98.01,46.97
1997-10-02,0.0,37.36,24.44,88.35,45.2
1997-10-03,0.0,37.02,23.94,98.32,49.1
1997-10-04,8.66,37.57,24.2,94.85,45.78
1997-10-05,0.08,36.51,24.72,90.35,46.95
1997-10-06,7.68,30.99,23.6,98.36,69.57
1997-10-07,0.48,32.02,21.6,99.45,66.09
1997-10-08,0.07,31.66,21.8,99.09,69.23
1997-10-09,0.01,34.91,21.55,99.32,54.31
1997-10-10,0.0,37.55,22.96,98.95,40.85
1997-10-11,0.02,35.44,23.79,98.1,48.19
1997-10-12,0.0,34.98,22.45,99.32,54.2
1997-10-13,0.0,37.38,22.83,98.32,36.44
1997-10-14,0.0,37.58,23.33,92.45,36.44
1997-10-15,0.04,36.63,23.81,89.73,40.72
1997-10-16,0.07,37.75,24.06,70.91,31.17
1997-10-17,0.0,35.11,23.14,80.33,40.75
1997-10-18,3.87,32.75,22.39,99.44,59.42
1997-10-19,0.0,35.45,21.48,98.92,40.67
1997-10-20,0.0,36.8,24.66,71.86,36.76
1997-10-21,0.06,37.65,24.92,72.82,31.42
1997-10-22,0.0,37.62,23.82,64.33,24.4
1997-10-23,0.0,37.54,23.21,61.23,26.15
1997-10-24,0.0,37.47,22.69,62.39,30.21
1997-10-25,0.0,36.78,23.06,71.77,34.19
1997-10-26,0.0,38.16,22.84,89.44,33.83
1997-10-27,0.26,38.79,24.23,72.49,28.5
1997-10-28,0.0,39.56,23.79,62.53,24.98
1997-10-29,0.0,39.41,24.49,61.91,23.04
1997-10-30,0.0,37.78,24.14,61.54,30.56
1997-10-31,0.0,36.61,24.41,66.63,39.84
1997-11-01,0.0,38.98,21.67,76.68,25.99
1997-11-02,0.0,39.26,21.31,67.62,20.64
1997-11-03,0.0,38.26,19.66,57.86,18.56
1997-11-04,0.0,38.05,19.2,52.13,16.51
1997-11-05,0.0,38.78,19.63,55.1,20.46
1997-11-06,0.0,38.79,20.46,63.36,22.3
1997-11-07,0.0,37.45,19.57,95.22,36.74
1997-11-08,0.0,37.97,20.47,93.01,35.65
1997-11-09,0.0,39.69,20.95,71.19,21.58
1997-11-10,0.0,39.91,20.62,58.73,21.48
1997-11-11,0.0,39.17,21.35,67.19,25.57
1997-11-12,0.0,39.7,20.94,78.06,22.09
1997-11-13,0.0,38.52,20.82,66.5,22.78
1997-11-14,0.0,38.9,20.71,60.63,22.67
1997-11-15,0.0,37.65,19.5,86.44,32.19
1997-11-16,0.0,38.2,20.09,83.68,30.14
1997-11-17,0.0,39.23,20.72,73.86,19.7
1997-11-18,0.0,39.83,20.67,54.18,15.75
1997-11-19,0.0,38.44,20.16,61.73,23.2
1997-11-20,0.0,37.57,19.32,71.81,20.9
1997-11-21,0.0,38.12,18.2,56.83,18.29
1997-11-22,0.0,38.34,18.56,51.31,15.42
1997-11-23,0.0,37.5,18.63,46.8,14.26
1997-11-24,0.0,37.44,18.04,45.27,14.48
1997-11-25,0.0,36.6,17.57,39.38,14.0
1997-11-26,0.0,36.98,17.71,42.61,13.64
1997-11-27,0.0,36.79,17.65,42.11,13.91
1997-11-28,0.0,35.88,17.41,41.17,13.93
1997-11-29,0.0,36.8,17.59,49.17,15.55
1997-11-30,0.0,37.17,17.61,51.09,17.05
1997-12-01,0.0,36.59,17.28,46.21,18.07
1997-12-02,0.0,36.61,16.64,48.35,17.62
1997-12-03,0.0,37.68,18.21,47.14,19.07
1997-12-04,0.0,37.67,18.82,46.63,18.33
1997-12-05,0.0,37.63,19.18,39.18,16.05
1997-12-06,0.0,38.21,18.75,39.39,13.32
1997-12-07,0.0,36.81,18.47,36.58,16.52
1997-12-08,0.0,36.41,18.06,47.11,19.94
1997-12-09,0.0,33.25,17.25,35.38,18.36
1997-12-10,0.0,32.31,15.18,35.87,15.5
1997-12-11,0.0,31.87,14.41,27.85,13.18
1997-12-12,0.0,33.03,14.18,32.14,13.21
1997-12-13,0.0,34.68,15.09,32.49,13.97
1997-12-14,0.0,35.22,16.17,35.21,13.85
1997-12-15,0.0,32.96,16.75,33.3,16.14
1997-12-16,0.0,35.11,17.78,35.28,16.53
1997-12-17,0.0,37.05,17.87,34.93,14.1
1997-12-18,0.0,35.92,18.01,34.4,12.46
1997-12-19,0.0,36.37,17.01,33.83,11.29
1997-12-20,0.0,36.66,16.71,33.18,12.3
1997-12-21,0.0,36.51,16.3,31.19,11.86
1997-12-22,0.0,35.79,16.06,35.2,14.14
1997-12-23,0.0,36.02,16.25,36.27,14.16
1997-12-24,0.0,35.12,16.5,26.74,13.5
1997-12-25,0.0,31.71,15.98,32.71,16.23
1997-12-26,0.0,31.07,14.05,40.89,18.42
1997-12-27,0.0,32.19,13.77,34.92,15.0
1997-12-28,0.0,32.58,13.86,29.16,13.57
1997-12-29,0.0,32.57,14.0,33.67,14.66
1997-12-30,0.0,33.63,14.43,38.84,14.39
1997-12-31,0.0,33.38,14.8,37.34,14.82
1998-01-01,0.0,31.94,17.12,32.26,13.49
1998-01-02,0.0,30.71,17.24,39.1,21.58
1998-01-03,0.0,34.74,17.93,48.94,17.04
1998-01-04,0.0,33.23,19.0,43.2,18.33
1998-01-05,0.0,33.89,16.53,30.78,13.64
1998-01-06,0.0,35.14,17.04,26.64,14.19
1998-01-07,0.0,34.43,17.56,25.97,13.33
1998-01-08,0.0,34.1,16.11,28.73,13.03
1998-01-09,0.0,35.25,16.01,29.83,13.98
1998-01-10,0.02,34.71,17.64,29.48,14.72
1998-01-11,0.0,37.37,19.36,39.88,13.7
1998-01-12,0.0,37.33,18.45,31.72,12.79
1998-01-13,0.0,37.24,18.02,26.88,10.8
1998-01-14,0.0,35.94,17.46,23.4,12.6
1998-01-15,0.0,35.06,17.37,22.87,11.71
1998-01-16,0.0,34.3,16.65,21.03,12.2
1998-01-17,0.0,33.53,15.86,29.37,12.59
1998-01-18,0.0,34.26,15.23,27.05,12.76
1998-01-19,0.0,35.28,16.12,25.17,12.97
1998-01-20,0.0,35.36,17.09,22.17,12.16
1998-01-21,0.0,35.34,16.4,25.84,11.35
1998-01-22,0.0,36.64,16.66,24.7,11.08
1998-01-23,0.0,37.06,16.84,21.87,10.32
1998-01-24,0.0,37.74,17.73,26.24,10.48
1998-01-25,0.0,38.56,18.64,24.26,9.63
1998-01-26,0.0,38.93,18.95,24.93,9.48
1998-01-27,0.0,36.16,18.97,31.31,13.09
1998-01-28,0.0,30.59,17.72,49.56,29.71
1998-01-29,0.0,33.95,17.28,66.15,29.48
1998-01-30,0.0,35.7,17.87,61.84,25.9
1998-01-31,0.0,36.31,18.37,52.14,23.45
1998-02-01,0.0,39.2,20.68,47.53,21.46
1998-02-02,0.0,39.85,21.35,47.58,21.48
1998-02-03,0.0,40.26,21.52,44.86,19.06
1998-02-04,0.0,41.57,22.42,38.88,16.25
1998-02-05,0.0,41.89,23.44,33.57,13.5
1998-02-06,0.0,40.32,23.44,45.2,20.31
1998-02-07,0.0,39.86,23.36,67.1,26.81
1998-02-08,0.0,41.84,24.68,41.93,15.45
1998-02-09,0.0,41.51,24.22,45.92,20.02
1998-02-10,0.0,40.91,23.16,50.67,16.21
1998-02-11,0.0,40.85,22.84,37.65,16.62
1998-02-12,0.0,41.05,22.59,36.31,15.0
1998-02-13,0.0,40.91,22.07,37.41,15.1
1998-02-14,0.0,41.98,24.83,40.68,14.4
1998-02-15,0.0,40.67,23.31,25.75,12.4
1998-02-16,0.0,36.84,21.88,27.8,14.16
1998-02-17,0.0,39.82,19.7,30.32,13.83
1998-02-18,0.0,39.96,21.2,26.7,10.37
1998-02-19,0.0,39.5,21.24,18.6,9.65
1998-02-20,0.0,38.32,20.27,19.35,8.69
1998-02-21,0.0,38.14,19.42,23.5,10.4
1998-02-22,0.0,39.46,20.06,20.97,9.35
1998-02-23,0.0,36.56,22.1,24.58,8.29
1998-02-24,0.0,37.41,20.32,19.23,10.11
1998-02-25,0.0,38.95,21.28,23.12,11.47
1998-02-26,0.0,40.5,23.45,17.91,10.04
1998-02-27,0.0,40.99,21.97,16.94,8.42
1998-02-28,0.0,40.65,21.65,15.41,8.81
1998-03-01,0.0,40.21,22.12,17.2,8.61
1998-03-02,0.0,38.72,20.55,18.84,8.41
1998-03-03,0.0,37.55,19.36,19.56,9.74
1998-03-04,0.0,38.52,20.31,21.72,8.3
1998-03-05,0.0,37.7,22.46,18.85,8.7
1998-03-06,0.0,37.45,23.13,17.26,9.37
1998-03-07,0.0,39.23,22.1,17.79,7.48
1998-03-08,0.0,40.71,23.4,14.29,8.99
1998-03-09,0.0,41.46,23.39,15.97,8.38
1998-03-10,0.0,42.14,22.86,17.72,7.82
1998-03-11,0.0,41.88,23.21,17.07,6.83
1998-03-12,0.0,41.0,22.66,17.64,6.72
1998-03-13,0.0,40.98,22.86,29.27,11.58
1998-03-14,0.0,39.68,21.95,28.01,12.55
1998-03-15,0.0,38.86,22.32,26.26,12.42
1998-03-16,0.0,35.72,22.32,23.14,13.03
1998-03-17,0.0,36.95,21.78,23.7,11.45
1998-03-18,0.0,40.63,22.09,20.79,10.12
1998-03-19,0.0,41.76,23.31,20.65,10.34
1998-03-20,0.0,42.07,23.52,20.29,10.33
1998-03-21,0.0,42.84,23.96,22.98,10.62
1998-03-22,0.0,41.99,24.67,36.24,15.74
1998-03-23,0.0,41.75,24.85,42.23,13.82
1998-03-24,0.0,40.64,24.7,32.16,17.28
1998-03-25,0.0,41.15,23.53,39.9,16.09
1998-03-26,0.0,44.08,24.4,28.87,9.35
1998-03-27,0.0,38.76,24.75,53.47,20.06
1998-03-28,0.0,38.08,23.37,37.16,23.81
1998-03-29,0.0,39.42,23.37,54.66,25.44
1998-03-30,0.0,43.03,24.37,41.41,17.73
1998-03-31,0.0,44.21,25.79,40.07,12.97
1998-04-01,0.0,43.47,27.2,29.91,15.53
1998-04-02,0.0,43.41,27.33,42.57,17.68
1998-04-03,0.0,43.84,26.84,45.75,14.68
1998-04-04,0.0,43.09,26.98,41.39,14.42
1998-04-05,0.0,43.75,26.66,32.99,15.32
1998-04-06,0.01,45.01,27.68,34.64,13.88
1998-04-07,0.0,44.91,28.35,37.16,14.53
1998-04-08,0.0,43.03,27.03,45.64,15.86
1998-04-09,0.0,41.87,26.52,43.37,19.61
1998-04-10,0.0,43.27,27.02,38.64,16.72
1998-04-11,0.0,43.55,27.49,33.01,13.31
1998-04-12,0.0,43.88,26.24,26.04,11.18
1998-04-13,0.0,43.32,27.23,29.51,10.33
1998-04-14,0.0,43.72,27.3,29.55,12.58
1998-04-15,0.0,42.81,27.64,29.98,15.31
1998-04-16,0.0,41.78,26.61,34.25,15.18
1998-04-17,0.0,44.17,27.52,30.32,13.74
1998-04-18,0.0,43.13,28.5,32.45,15.86
1998-04-19,0.0,43.82,26.99,33.84,15.24
1998-04-20,0.0,43.54,27.28,32.29,16.04
1998-04-21,0.0,43.48,27.75,31.62,13.98
1998-04-22,0.0,45.0,27.89,29.24,12.96
1998-04-23,0.0,42.58,28.62,53.28,18.76
1998-04-24,0.0,40.92,25.85,73.63,32.46
1998-04-25,0.0,40.99,25.6,77.02,33.16
1998-04-26,0.0,44.08,28.06,46.05,13.84
1998-04-27,0.0,43.95,28.79,35.14,13.29
1998-04-28,0.0,42.1,26.79,54.76,17.12
1998-04-29,0.0,42.99,26.17,51.32,14.15
1998-04-30,0.0,42.59,26.07,49.27,11.94
1998-05-01,0.0,41.72,26.76,40.8,15.18
1998-05-02,0.0,42.86,26.97,34.46,14.42
1998-05-03,0.0,43.27,27.76,27.64,12.93
1998-05-04,0.0,43.7,27.71,25.36,12.13
1998-05-05,0.0,43.14,28.19,24.56,13.35
1998-05-06,0.0,41.3,27.52,34.7,13.61
1998-05-07,0.0,40.85,27.71,33.31,15.91
1998-05-08,0.0,44.51,27.03,27.68,12.77
1998-05-09,0.0,44.21,30.68,35.67,15.18
1998-05-10,0.0,43.21,29.85,34.22,16.18
1998-05-11,0.0,42.27,28.96,44.26,21.64
1998-05-12,0.0,44.17,28.6,51.47,13.36
1998-05-13,0.0,43.15,28.66,49.32,20.39
1998-05-14,0.0,41.82,28.54,55.15,24.0
1998-05-15,0.39,41.48,28.81,53.96,27.55
1998-05-16,0.08,39.27,28.94,76.5,36.04
1998-05-17,0.0,42.24,27.95,74.83,25.8
1998-05-18,0.0,43.25,29.36,65.38,26.57
1998-05-19,0.0,41.66,28.92,80.58,34.05
1998-05-20,0.0,42.71,29.06,69.76,27.24
1998-05-21,0.0,41.53,29.86,51.99,22.68
1998-05-22,0.0,41.45,28.58,45.75,21.55
1998-05-23,0.0,42.26,28.93,47.17,18.69
1998-05-24,0.0,44.14,28.69,35.72,13.88
1998-05-25,0.0,43.73,29.12,40.45,15.95
1998-05-26,0.0,43.79,28.9,37.45,14.73
1998-05-27,0.0,44.8,29.58,34.94,15.12
1998-05-28,0.0,43.01,30.53,42.99,18.38
1998-05-29,0.0,42.58,29.47,48.94,24.16
1998-05-30,0.0,41.2,28.97,61.75,25.34
1998-05-31,0.0,42.17,28.86,57.08,20.19
1998-06-01,0.0,44.58,28.92,41.53,11.95
1998-06-02,0.0,41.62,28.55,47.65,19.98
1998-06-03,0.0,41.46,27.71,51.52,21.19
1998-06-04,0.0,39.69,27.52,59.3,26.71
1998-06-05,0.03,40.22,29.37,51.88,22.64
1998-06-06,0.01,41.63,27.93,57.4,16.56
1998-06-07,0.0,41.68,28.49,51.16,18.22
1998-06-08,0.0,41.39,28.73,45.5,17.95
1998-06-09,0.0,41.44,28.08,52.14,20.03
1998-06-10,0.0,41.49,28.36,47.0,18.19
1998-06-11,0.01,41.21,28.59,57.07,21.58
1998-06-12,2.14,40.84,29.01,62.87,25.27
1998-06-13,0.0,39.17,29.47,67.07,26.96
1998-06-14,0.0,43.08,30.03,60.67,20.65
1998-06-15,0.01,41.01,30.81,52.22,27.28
1998-06-16,15.36,41.9,29.19,62.74,27.84
1998-06-17,0.09,39.96,28.96,79.07,32.18
1998-06-18,0.0,40.29,27.32,81.23,33.5
1998-06-19,0.0,38.88,27.88,59.61,30.57
1998-06-20,0.0,38.87,26.57,74.37,30.48
1998-06-21,4.75,38.69,27.16,79.69,35.98
1998-06-22,0.0,37.99,25.67,88.75,36.47
1998-06-23,0.0,42.28,27.61,75.38,21.7
1998-06-24,0.66,40.01,29.44,68.69,34.93
1998-06-25,0.16,38.97,27.62,81.6,37.9
1998-06-26,0.0,36.05,25.17,89.47,43.35
1998-06-27,0.0,38.94,26.88,82.18,33.34
1998-06-28,0.0,38.58,26.93,63.91,23.72
1998-06-29,0.0,39.18,26.83,65.7,25.27
1998-06-30,17.48,39.22,27.3,66.43,35.37
1998-07-01,32.69,35.28,26.67,78.72,48.11
1998-07-02,0.0,32.16,23.59,96.22,61.03
1998-07-03,0.0,37.46,24.77,85.73,30.64
1998-07-04,0.0,37.5,24.98,67.54,31.06
1998-07-05,0.0,37.6,25.83,70.92,33.97
1998-07-06,0.0,37.36,27.08,66.52,37.96
1998-07-07,0.18,38.17,26.87,68.21,35.74
1998-07-08,0.69,35.39,25.92,75.34,48.35
1998-07-09,0.02,38.2,25.21,80.14,35.14
1998-07-10,0.0,38.15,25.63,81.87,38.14
1998-07-11,0.0,37.97,25.97,78.78,29.17
1998-07-12,0.0,37.09,25.89,57.24,18.53
1998-07-13,0.0,38.95,25.84,54.39,26.22
1998-07-14,0.0,38.1,25.19,59.09,25.17
1998-07-15,0.12,37.58,25.5,63.67,32.92
1998-07-16,5.59,36.97,26.96,74.83,40.47
1998-07-17,6.58,38.05,27.24,72.95,40.58
1998-07-18,0.0,36.38,26.36,82.9,42.48
1998-07-19,18.21,34.47,23.61,97.01,53.61
1998-07-20,0.0,33.23,23.35,96.23,55.79
1998-07-21,0.0,33.28,24.34,89.69,55.73
1998-07-22,1.57,33.43,25.53,87.74,54.51
1998-07-23,0.66,30.38,23.49,96.19,70.39
1998-07-24,31.92,33.02,22.89,95.44,59.25
1998-07-25,0.39,32.59,22.96,98.8,60.75
1998-07-26,0.0,32.77,24.29,93.29,60.98
1998-07-27,1.86,32.48,24.13,93.77,59.81
1998-07-28,39.76,31.06,23.7,97.1,66.24
1998-07-29,2.91,31.49,22.5,97.43,60.41
1998-07-30,0.0,33.27,23.6,88.59,55.17
1998-07-31,0.0,34.08,24.54,88.33,57.33
1998-08-01,0.01,33.74,25.0,78.92,50.47
1998-08-02,0.04,33.87,25.15,80.54,51.12
1998-08-03,0.73,33.37,24.82,84.73,57.63
1998-08-04,4.93,33.05,23.06,95.22,59.0
1998-08-05,0.05,32.76,22.49,98.23,63.59
1998-08-06,0.07,32.97,22.97,96.26,60.82
1998-08-07,0.78,31.95,22.86,96.7,66.12
1998-08-08,12.73,33.62,23.67,97.69,57.42
1998-08-09,5.83,32.04,24.07,94.32,66.41
1998-08-10,0.02,33.07,22.92,98.63,59.33
1998-08-11,5.79,32.76,23.07,94.23,60.34
1998-08-12,0.0,33.14,23.45,95.06,58.99
1998-08-13,16.57,30.71,23.86,94.53,67.65
1998-08-14,13.16,31.41,23.36,97.5,69.09
1998-08-15,3.39,31.79,23.1,97.74,62.26
1998-08-16,8.53,30.95,22.84,97.77,66.31
1998-08-17,1.0,30.27,23.17,99.35,72.02
1998-08-18,0.0,32.55,23.07,93.1,59.32
1998-08-19,0.43,32.2,24.75,86.19,63.03
1998-08-20,19.77,32.43,24.87,85.0,58.22
1998-08-21,21.01,30.38,23.85,96.43,65.2
1998-08-22,3.39,30.43,21.99,98.93,69.7
1998-08-23,0.09,31.86,22.59,98.1,62.82
1998-08-24,0.0,33.66,23.63,90.74,58.61
1998-08-25,0.77,35.39,25.53,88.89,50.09
1998-08-26,18.98,32.52,23.63,95.95,63.49
1998-08-27,19.13,31.42,22.71,97.79,66.74
1998-08-28,0.0,33.83,22.4,95.68,58.16
1998-08-29,0.0,35.08,25.74,82.95,54.58
1998-08-30,0.47,33.41,25.75,83.91,60.61
1998-08-31,3.64,32.89,24.75,85.55,60.9
1998-09-01,7.66,30.9,23.84,97.5,68.93
1998-09-02,0.49,32.57,22.23,99.32,67.95
1998-09-03,0.1,32.72,22.76,99.16,68.59
1998-09-04,1.57,32.53,22.58,99.27,62.37
1998-09-05,0.0,33.96,23.96,90.09,57.63
1998-09-06,22.81,32.2,23.92,98.5,66.52
1998-09-07,43.92,28.16,21.94,99.98,85.37
1998-09-08,12.42,28.56,21.94,99.08,80.04
1998-09-09,15.18,31.83,21.72,98.86,66.49
1998-09-10,34.34,32.18,22.13,99.27,67.32
1998-09-11,0.55,29.1,22.08,99.66,78.47
1998-09-12,0.0,32.06,21.51,98.74,63.04
1998-09-13,0.0,32.54,23.4,95.86,68.2
1998-09-14,0.0,34.53,23.06,98.27,60.64
1998-09-15,26.09,30.58,24.04,95.32,74.27
1998-09-16,1.57,31.06,22.53,99.83,70.7
1998-09-17,0.36,30.63,22.4,98.84,74.38
1998-09-18,8.84,30.33,22.11,98.84,74.92
1998-09-19,10.13,31.44,22.27,99.1,69.1
1998-09-20,1.99,33.22,22.78,99.51,61.22
1998-09-21,19.99,34.02,22.76,95.53,56.52
1998-09-22,1.02,32.46,22.84,91.47,62.57
1998-09-23,0.0,33.73,22.73,95.24,56.63
1998-09-24,12.67,33.62,24.0,97.19,60.13
1998-09-25,10.59,29.3,21.76,98.88,76.42
1998-09-26,0.0,31.6,21.63,99.55,70.74
1998-09-27,0.0,33.13,22.19,97.52,63.27
1998-09-28,13.08,34.68,22.63,97.43,55.9
1998-09-29,0.31,34.25,23.83,86.42,51.93
1998-09-30,0.71,34.02,24.06,84.87,55.95
1998-10-01,0.0,35.07,23.57,94.86,50.16
1998-10-02,0.07,35.07,23.5,97.64,56.14
1998-10-03,0.41,34.94,21.64,99.57,53.61
1998-10-04,0.0,34.97,24.36,94.09,49.78
1998-10-05,0.0,35.09,22.63,98.44,53.31
1998-10-06,0.0,33.45,23.76,97.07,59.24
1998-10-07,0.0,36.67,22.69,98.84,39.78
1998-10-08,0.0,38.56,24.53,71.95,24.78
1998-10-09,0.0,36.53,23.06,62.42,25.21
1998-10-10,0.03,34.23,22.06,72.61,37.05
1998-10-11,0.0,31.85,22.94,98.03,49.99
1998-10-12,0.0,35.7,21.91,97.83,39.66
1998-10-13,0.0,36.83,23.47,70.24,33.77
1998-10-14,0.0,36.79,23.25,63.79,20.65
1998-10-15,0.0,36.63,22.22,59.68,25.74
1998-10-16,0.0,36.59,22.19,84.22,32.85
1998-10-17,0.0,37.17,23.19,87.14,32.71
1998-10-18,0.0,38.37,23.83,75.25,21.78
1998-10-19,0.29,35.73,23.62,82.08,31.67
1998-10-20,1.56,37.1,24.37,81.02,38.66
1998-10-21,0.0,37.78,22.96,84.6,24.45
1998-10-22,0.0,36.77,23.12,76.23,31.41
1998-10-23,0.0,36.45,23.19,81.99,37.91
1998-10-24,0.0,36.46,22.43,69.39,22.24
1998-10-25,0.47,37.07,21.67,59.44,21.29
1998-10-26,0.21,37.27,23.32,54.34,27.62
1998-10-27,0.0,38.55,23.88,58.74,20.07
1998-10-28,0.0,38.58,23.98,61.06,20.76
1998-10-29,0.03,36.36,22.1,57.78,18.5
1998-10-30,1.57,34.64,21.46,85.29,33.78
1998-10-31,0.0,35.68,22.62,96.0,38.76
1998-11-01,0.0,38.43,21.85,78.11,19.51
1998-11-02,0.0,38.1,20.25,55.1,18.36
1998-11-03,0.0,36.9,20.09,59.31,19.26
1998-11-04,0.0,36.9,19.58,75.77,21.63
1998-11-05,0.0,37.56,20.06,67.57,15.85
1998-11-06,0.0,38.26,20.82,55.27,16.61
1998-11-07,0.0,37.58,20.58,56.75,18.14
1998-11-08,0.0,38.18,20.58,61.6,17.8
1998-11-09,0.0,38.83,20.28,56.02,16.59
1998-11-10,0.0,36.95,18.62,46.85,13.95
1998-11-11,0.0,37.61,18.37,48.26,16.86
1998-11-12,0.0,36.61,18.68,51.83,15.45
1998-11-13,0.0,36.23,17.84,49.72,16.76
1998-11-14,0.0,35.85,17.1,53.94,15.68
1998-11-15,0.0,36.06,18.56,55.89,16.46
1998-11-16,0.0,38.41,19.95,51.18,18.13
1998-11-17,0.0,38.27,20.44,49.47,18.4
1998-11-18,0.0,37.16,19.57,43.67,14.54
1998-11-19,0.0,37.11,18.65,42.61,13.48
1998-11-20,0.0,36.92,18.44,44.01,13.29
1998-11-21,0.0,36.51,18.11,41.15,10.85
1998-11-22,0.0,35.79,18.12,40.95,10.7
1998-11-23,0.0,36.98,18.41,47.28,15.38
1998-11-24,0.0,36.59,18.47,52.15,13.55
1998-11-25,0.0,36.09,18.34,38.07,13.86
1998-11-26,0.0,35.68,17.36,40.55,11.66
1998-11-27,0.0,35.46,17.4,33.62,12.5
1998-11-28,0.0,35.87,17.12,30.65,11.29
1998-11-29,0.0,34.02,17.11,30.76,12.89
1998-11-30,0.0,33.66,16.54,31.4,13.64
1998-12-01,0.0,34.04,17.71,35.96,15.54
1998-12-02,0.0,37.72,18.15,50.14,16.38
1998-12-03,0.0,37.0,18.93,50.09,16.28
1998-12-04,0.0,37.08,18.06,47.61,19.1
1998-12-05,0.0,36.94,18.9,51.85,18.11
1998-12-06,0.0,36.65,18.83,55.59,16.85
1998-12-07,0.0,37.36,18.71,44.78,17.04
1998-12-08,0.0,33.83,18.53,36.86,15.67
1998-12-09,0.0,31.95,17.41,44.89,20.18
1998-12-10,0.0,30.43,15.13,31.06,17.03
1998-12-11,0.0,29.15,14.33,37.48,18.08
1998-12-12,0.0,31.09,14.19,42.72,18.08
1998-12-13,0.0,34.62,16.69,43.93,21.2
1998-12-14,0.0,35.98,17.97,49.59,19.67
1998-12-15,0.0,35.45,18.19,39.21,18.04
1998-12-16,0.0,36.78,17.75,44.4,16.13
1998-12-17,0.0,37.31,18.6,43.46,15.09
1998-12-18,0.0,38.08,18.72,42.46,16.22
1998-12-19,0.0,36.71,18.74,38.29,15.08
1998-12-20,0.0,35.26,18.03,35.42,16.68
1998-12-21,0.0,33.67,17.51,38.48,17.76
1998-12-22,0.0,34.67,16.71,41.86,13.83
1998-12-23,0.0,35.06,16.4,39.99,13.45
1998-12-24,0.0,35.83,16.58,39.28,13.49
1998-12-25,0.0,36.6,17.44,43.12,13.62
1998-12-26,0.0,36.99,17.62,42.16,13.6
1998-12-27,0.0,35.36,17.01,33.49,14.29
1998-12-28,0.0,29.96,16.33,38.32,15.1
1998-12-29,0.0,31.87,16.89,49.5,23.01
1998-12-30,0.0,29.78,16.58,51.76,23.28
1998-12-31,0.0,30.82,15.25,49.52,12.6
1999-01-01,0.0,30.27,13.82,41.96,16.77
1999-01-02,0.0,31.31,14.12,35.25,13.14
1999-01-03,0.0,32.54,15.08,37.23,13.1
1999-01-04,0.0,34.74,16.4,29.88,14.44
1999-01-05,0.0,34.29,18.45,30.45,15.19
1999-01-06,0.0,33.99,19.8,40.47,17.11
1999-01-07,0.0,34.33,18.9,61.19,25.52
1999-01-08,0.0,33.0,17.34,66.31,32.16
1999-01-09,0.0,34.32,20.21,65.04,36.5
1999-01-10,0.0,32.96,19.17,69.42,32.17
1999-01-11,0.0,33.77,16.53,55.37,26.14
1999-01-12,0.0,31.65,16.95,47.21,25.81
1999-01-13,0.0,29.94,15.76,50.42,25.44
1999-01-14,0.0,30.09,15.13,50.85,26.16
1999-01-15,0.0,32.19,15.23,45.97,21.2
1999-01-16,0.0,34.93,16.72,43.13,21.3
1999-01-17,0.0,33.77,18.08,44.37,17.26
1999-01-18,0.0,33.12,17.2,31.3,16.67
1999-01-19,0.0,32.78,15.11,38.35,17.11
1999-01-20,0.0,33.57,15.36,33.79,16.19
1999-01-21,0.0,31.95,15.55,35.7,14.42
1999-01-22,0.0,31.59,14.32,36.45,16.18
1999-01-23,0.0,31.1,14.0,37.73,16.61
1999-01-24,0.0,32.73,15.19,30.29,13.77
1999-01-25,0.0,34.07,16.34,32.22,13.34
1999-01-26,0.0,32.6,16.82,28.81,13.62
1999-01-27,0.0,31.31,15.74,31.66,15.98
1999-01-28,0.0,31.33,14.79,31.64,14.17
1999-01-29,0.0,34.1,14.68,27.89,12.12
1999-01-30,0.0,34.37,15.63,24.68,10.9
1999-01-31,0.0,35.28,16.35,24.94,9.37
1999-02-01,0.0,35.62,18.04,23.08,8.6
1999-02-02,0.0,35.85,17.96,27.62,9.48
1999-02-03,0.0,35.31,19.13,24.59,10.87
1999-02-04,0.0,32.78,20.87,27.08,12.02
1999-02-05,0.0,30.56,16.58,15.47,9.11
1999-02-06,0.0,30.28,15.98,17.56,9.28
1999-02-07,0.0,30.97,14.31,21.62,9.26
1999-02-08,0.0,33.22,14.26,23.43,9.78
1999-02-09,0.0,35.39,16.12,20.77,8.94
1999-02-10,0.0,36.45,17.51,23.7,8.99
1999-02-11,0.0,37.84,19.23,19.48,7.28
1999-02-12,0.0,38.15,19.24,25.99,9.94
1999-02-13,0.0,37.9,20.01,33.27,13.22
1999-02-14,0.0,36.58,19.64,30.48,14.7
1999-02-15,0.0,35.35,18.39,33.44,15.11
1999-02-16,0.0,33.5,18.44,28.65,13.99
1999-02-17,0.0,34.68,17.78,34.09,14.82
1999-02-18,0.0,33.23,17.36,26.82,14.17
1999-02-19,0.0,31.9,17.13,26.59,14.49
1999-02-20,0.0,31.64,16.03,24.99,13.29
1999-02-21,0.0,32.62,16.52,24.8,13.68
1999-02-22,0.0,34.64,17.27,27.13,12.72
1999-02-23,0.0,36.24,18.75,23.99,11.18
1999-02-24,0.0,38.36,19.55,22.41,10.97
1999-02-25,0.0,39.31,21.21,21.18,11.79
1999-02-26,0.0,39.88,21.78,25.53,11.48
1999-02-27,0.0,38.59,20.56,19.97,9.29
1999-02-28,0.0,35.82,19.36,30.91,13.64
1999-03-01,0.0,36.63,20.99,28.36,14.47
1999-03-02,0.0,37.06,20.49,31.66,16.06
1999-03-03,0.0,37.09,20.28,28.28,16.64
1999-03-04,0.0,37.14,20.32,29.01,16.22
1999-03-05,0.0,38.45,20.41,27.07,14.16
1999-03-06,0.0,37.96,23.05,23.96,12.8
1999-03-07,0.0,38.94,21.46,22.72,11.4
1999-03-08,0.0,39.84,21.81,25.62,12.06
1999-03-09,0.0,39.81,21.85,28.14,13.81
1999-03-10,0.0,37.74,21.72,35.13,20.83
1999-03-11,0.0,36.93,20.21,40.16,17.03
1999-03-12,0.0,38.19,20.85,35.73,18.7
1999-03-13,0.0,38.09,20.81,29.7,15.57
1999-03-14,0.0,37.88,20.83,29.06,11.55
1999-03-15,0.0,38.98,21.16,30.65,12.71
1999-03-16,0.0,39.8,22.21,29.27,11.26
1999-03-17,0.0,40.47,22.21,27.44,12.12
1999-03-18,0.0,40.58,22.52,32.52,11.94
1999-03-19,0.0,41.97,24.11,30.46,13.76
1999-03-20,0.0,43.48,24.52,22.56,9.78
1999-03-21,0.0,43.69,25.74,30.98,10.8
1999-03-22,0.0,41.62,25.18,40.72,15.2
1999-03-23,0.0,41.94,24.74,47.11,17.51
1999-03-24,0.0,43.41,24.86,31.24,10.65
1999-03-25,0.0,41.81,23.29,39.67,12.9
1999-03-26,0.0,39.51,23.25,36.77,16.36
1999-03-27,0.0,39.35,21.98,35.12,13.0
1999-03-28,0.0,40.43,21.81,30.0,11.68
1999-03-29,0.0,41.96,23.62,32.1,10.85
1999-03-30,0.0,42.18,24.24,23.22,10.0
1999-03-31,0.0,42.98,24.61,28.07,8.29
1999-04-01,0.0,43.15,25.03,21.45,7.46
1999-04-02,0.0,43.6,25.36,23.09,7.9
1999-04-03,0.0,41.79,25.96,45.95,15.68
1999-04-04,0.0,43.37,26.79,40.78,14.25
1999-04-05,0.0,42.86,26.44,32.69,7.83
1999-04-06,0.0,41.58,25.5,40.73,11.09
1999-04-07,0.0,40.95,25.47,34.37,8.94
1999-04-08,0.0,40.94,25.6,36.85,13.84
1999-04-09,0.0,40.18,26.17,39.39,13.62
1999-04-10,0.0,41.99,27.32,30.78,12.96
1999-04-11,0.0,42.15,26.46,40.46,15.45
1999-04-12,0.0,44.03,27.56,46.5,12.19
1999-04-13,0.0,42.99,27.18,42.44,15.73
1999-04-14,0.0,40.4,26.09,41.54,17.55
1999-04-15,0.0,36.98,23.42,56.43,23.67
1999-04-16,0.0,40.04,23.82,43.96,19.97
1999-04-17,0.0,41.49,25.58,37.82,14.41
1999-04-18,0.01,43.91,27.03,34.82,13.36
1999-04-19,0.21,42.5,27.68,42.44,17.84
1999-04-20,0.0,42.91,27.55,30.27,13.11
1999-04-21,0.0,42.64,26.8,27.95,10.09
1999-04-22,0.0,43.55,27.14,34.76,10.56
1999-04-23,0.0,43.69,27.46,41.27,15.0
1999-04-24,0.0,43.48,26.8,49.33,12.12
1999-04-25,0.0,40.92,26.06,57.01,17.55
1999-04-26,0.0,40.38,26.1,59.84,28.2
1999-04-27,0.0,39.94,26.38,69.88,27.67
1999-04-28,0.0,38.5,25.53,53.57,23.72
1999-04-29,0.0,38.01,24.84,53.59,25.66
1999-04-30,0.0,41.79,25.82,42.2,15.33
1999-05-01,0.0,41.99,28.67,37.99,10.83
1999-05-02,0.0,44.62,28.09,27.49,13.5
1999-05-03,0.0,43.05,29.38,23.02,10.98
1999-05-04,0.0,43.21,28.23,34.07,13.16
1999-05-05,0.0,41.11,27.17,64.47,19.03
1999-05-06,0.0,43.44,27.22,45.29,11.46
1999-05-07,0.0,43.89,27.34,38.48,13.18
1999-05-08,0.0,42.5,27.34,48.9,17.02
1999-05-09,0.0,42.46,26.84,49.48,18.26
1999-05-10,0.0,42.18,26.46,52.85,14.75
1999-05-11,0.0,43.26,26.16,44.37,10.19
1999-05-12,0.0,41.7,26.42,54.46,14.97
1999-05-13,0.01,41.11,27.3,58.44,24.58
1999-05-14,0.0,40.94,27.54,56.61,23.14
1999-05-15,0.0,39.95,26.99,59.73,24.35
1999-05-16,0.0,39.72,26.68,65.0,27.52
1999-05-17,0.06,39.54,27.28,69.86,32.52
1999-05-18,0.26,40.91,27.38,75.4,29.44
1999-05-19,0.0,41.83,29.12,78.34,26.39
1999-05-20,0.0,42.48,28.64,55.71,20.08
1999-05-21,0.0,42.01,28.13,57.14,22.83
1999-05-22,0.0,41.3,29.17,59.99,27.71
1999-05-23,0.0,41.42,28.56,61.17,25.88
1999-05-24,0.0,41.68,28.09,68.39,23.78
1999-05-25,0.0,41.06,27.98,54.57,18.45
1999-05-26,0.0,40.1,26.65,51.05,22.31
1999-05-27,0.0,40.6,25.67,46.12,17.43
1999-05-28,0.0,42.0,26.89,46.53,18.33
1999-05-29,0.73,40.66,29.03,64.39,26.45
1999-05-30,0.0,41.0,28.92,70.35,25.81
1999-05-31,0.0,41.98,29.02,53.56,24.38
1999-06-01,1.52,43.06,30.58,44.81,20.25
1999-06-02,0.02,41.63,29.02,60.48,25.85
1999-06-03,0.0,41.85,29.96,56.33,22.55
1999-06-04,0.0,41.33,28.39,55.83,24.89
1999-06-05,5.37,41.01,29.61,63.21,29.93
1999-06-06,0.88,36.53,27.14,82.82,41.02
1999-06-07,0.0,38.96,27.89,67.17,31.84
1999-06-08,0.0,38.37,28.43,66.74,32.23
1999-06-09,0.0,41.29,27.76,69.4,26.48
1999-06-10,0.0,39.91,28.12,66.73,29.06
1999-06-11,0.01,40.47,27.84,71.64,29.77
1999-06-12,0.0,40.85,28.97,60.6,26.88
1999-06-13,3.86,39.64,28.13,74.86,33.87
1999-06-14,1.94,34.18,25.51,92.46,55.51
1999-06-15,0.0,38.4,25.07,90.41,36.27
1999-06-16,3.28,40.17,26.13,68.65,29.07
1999-06-17,3.0,38.23,25.55,89.66,40.0
1999-06-18,1.1,33.72,23.55,96.64,53.57
1999-06-19,0.0,37.64,24.71,93.71,33.2
1999-06-20,1.75,40.39,26.8,72.21,35.3
1999-06-21,1.21,37.77,27.12,88.61,42.36
1999-06-22,16.27,32.87,24.32,98.28,66.45
1999-06-23,0.0,34.58,23.56,97.52,47.87
1999-06-24,0.0,35.11,24.03,87.29,49.85
1999-06-25,0.0,34.28,25.8,89.34,52.01
1999-06-26,0.0,35.36,25.93,89.49,51.61
1999-06-27,8.3,33.75,25.27,93.69,51.8
1999-06-28,0.92,36.87,25.81,81.77,40.06
1999-06-29,0.05,34.83,26.08,90.46,52.39
1999-06-30,20.34,34.87,23.77,97.34,53.81
1999-07-01,3.42,31.97,23.77,91.41,58.67
1999-07-02,7.54,35.36,23.49,94.06,46.6
1999-07-03,0.0,34.93,24.46,90.55,51.71
1999-07-04,16.01,34.96,23.0,93.92,48.21
1999-07-05,1.18,33.97,23.14,93.66,53.99
1999-07-06,14.04,35.38,24.51,90.15,51.07
1999-07-07,2.14,31.36,23.5,92.82,59.7
1999-07-08,0.0,35.57,24.22,85.63,42.13
1999-07-09,0.0,34.55,24.51,77.41,43.77
1999-07-10,0.0,34.67,24.56,81.24,50.01
1999-07-11,1.03,35.44,24.79,88.31,49.63
1999-07-12,5.6,32.05,22.71,96.48,60.22
1999-07-13,5.56,30.98,22.97,95.62,57.63
1999-07-14,0.0,34.97,23.64,92.58,49.46
1999-07-15,3.41,32.69,23.36,95.83,60.48
1999-07-16,0.0,33.84,23.04,99.09,53.87
1999-07-17,0.06,35.06,23.82,90.79,50.59
1999-07-18,0.0,34.54,24.99,85.04,49.08
1999-07-19,0.01,34.94,24.92,91.79,50.69
1999-07-20,12.51,34.64,23.1,98.14,50.52
1999-07-21,14.32,34.67,24.43,93.56,54.8
1999-07-22,13.11,30.74,23.55,96.02,52.62
1999-07-23,0.43,31.64,22.71,98.95,62.0
1999-07-24,0.1,33.4,22.98,91.2,54.45
1999-07-25,0.0,34.52,24.67,88.06,51.17
1999-07-26,1.16,33.44,24.74,89.42,54.38
1999-07-27,12.05,34.34,24.3,93.07,54.2
1999-07-28,24.24,32.61,22.65,94.67,60.35
1999-07-29,0.37,32.56,22.99,97.37,58.14
1999-07-30,0.0,33.98,24.58,90.72,55.74
1999-07-31,0.0,33.81,23.95,92.04,55.07
1999-08-01,17.8,32.79,23.78,87.43,58.14
1999-08-02,0.24,33.95,24.09,87.33,56.13
1999-08-03,0.43,34.14,23.24,92.51,56.53
1999-08-04,6.99,32.26,23.08,93.49,50.12
1999-08-05,15.14,33.48,22.99,97.11,59.48
1999-08-06,0.0,31.91,22.34,98.81,62.53
1999-08-07,0.09,32.44,22.9,88.73,60.16
1999-08-08,1.56,32.04,23.4,96.57,64.15
1999-08-09,0.0,30.4,23.46,94.88,69.84
1999-08-10,0.6,30.45,22.14,98.95,65.15
1999-08-11,7.76,32.02,22.4,91.82,60.22
1999-08-12,10.29,30.19,23.73,88.83,69.38
1999-08-13,8.47,30.99,22.78,97.53,72.39
1999-08-14,4.83,31.44,22.78,99.5,68.3
1999-08-15,30.19,30.59,22.52,99.59,69.24
1999-08-16,2.05,31.42,22.05,98.69,64.78
1999-08-17,17.03,30.19,22.55,97.55,67.75
1999-08-18,13.57,32.01,22.57,99.17,64.57
1999-08-19,0.56,31.37,22.17,86.15,61.58
1999-08-20,3.67,31.59,23.57,89.7,64.49
1999-08-21,1.65,30.63,24.14,94.38,66.01
1999-08-22,5.7,31.86,22.4,99.09,68.32
1999-08-23,13.2,32.16,22.71,99.53,63.65
1999-08-24,9.92,31.86,22.66,94.75,64.29
1999-08-25,16.19,30.31,23.29,92.52,70.49
1999-08-26,18.08,28.59,21.99,99.31,82.83
1999-08-27,3.21,27.91,22.23,99.17,82.4
1999-08-28,14.85,32.7,22.18,99.68,63.12
1999-08-29,1.75,29.97,22.49,99.36,72.48
1999-08-30,0.33,31.94,22.17,99.0,63.45
1999-08-31,24.01,30.71,22.61,99.74,71.79
1999-09-01,0.0,30.11,21.92,99.52,74.46
1999-09-02,1.26,32.16,22.41,97.76,65.81
1999-09-03,0.04,33.36,22.13,98.8,60.33
1999-09-04,15.41,33.28,22.85,96.18,64.36
1999-09-05,12.99,33.2,22.2,99.38,63.94
1999-09-06,17.76,30.36,22.87,99.85,77.27
1999-09-07,19.92,32.37,22.2,98.96,64.54
1999-09-08,0.02,30.49,21.87,99.31,71.08
1999-09-09,9.77,31.58,22.03,99.07,66.44
1999-09-10,4.13,31.62,21.87,98.03,67.68
1999-09-11,0.01,33.5,21.61,99.46,58.33
1999-09-12,16.83,32.38,22.47,92.47,65.86
1999-09-13,3.39,31.66,21.73,99.6,67.48
1999-09-14,0.26,29.79,22.11,99.55,76.49
1999-09-15,11.66,30.65,21.84,99.34,70.25
1999-09-16,5.21,33.0,21.41,99.06,61.86
1999-09-17,0.0,33.2,22.18,99.43,61.5
1999-09-18,0.3,33.42,22.51,98.54,63.99
1999-09-19,0.25,32.24,22.77,98.55,70.41
1999-09-20,0.15,33.23,22.28,98.85,63.27
1999-09-21,15.75,33.47,22.24,95.47,61.76
1999-09-22,0.0,32.86,21.94,96.63,63.75
1999-09-23,6.46,34.38,22.17,99.04,55.09
1999-09-24,0.0,30.54,22.2,98.12,70.62
1999-09-25,0.0,33.46,21.89,98.04,62.44
1999-09-26,0.56,32.83,22.2,97.94,63.36
1999-09-27,12.91,31.77,22.1,95.96,64.0
1999-09-28,0.0,32.51,21.12,98.73,59.6
1999-09-29,23.73,32.39,22.09,98.02,64.12
1999-09-30,0.01,33.82,21.75,99.55,57.18
1999-10-01,0.17,35.07,23.31,96.9,59.03
1999-10-02,26.85,33.74,22.17,99.17,58.47
1999-10-03,2.32,33.21,21.59,99.18,64.11
1999-10-04,20.09,31.3,21.47,99.3,73.82
1999-10-05,0.0,31.95,20.76,99.35,66.41
1999-10-06,0.0,32.97,21.1,99.07,63.43
1999-10-07,15.93,34.87,22.35,96.5,52.27
1999-10-08,8.27,32.24,21.87,99.43,61.7
1999-10-09,1.76,30.31,20.99,98.72,71.54
1999-10-10,0.0,32.65,20.52,99.23,64.05
1999-10-11,0.0,32.79,21.62,99.4,65.67
1999-10-12,0.0,35.64,21.75,98.79,48.79
1999-10-13,0.0,35.93,22.65,94.9,47.78
1999-10-14,1.74,35.23,22.91,89.12,51.4
1999-10-15,0.86,33.01,22.72,99.38,61.6
1999-10-16,1.24,33.0,21.57,98.54,68.08
1999-10-17,5.39,30.56,21.04,98.83,71.52
1999-10-18,9.94,34.37,21.61,99.28,56.68
1999-10-19,0.09,33.85,21.5,96.97,53.13
1999-10-20,0.0,34.86,21.72,88.37,43.82
1999-10-21,0.0,36.14,22.46,77.55,40.12
1999-10-22,0.0,36.65,23.4,74.73,39.65
1999-10-23,0.0,38.25,23.99,72.8,28.45
1999-10-24,0.0,37.56,23.33,57.33,29.13
1999-10-25,0.0,35.31,21.51,78.01,36.89
1999-10-26,0.0,34.39,21.18,88.58,47.63
1999-10-27,0.0,30.31,21.02,97.21,65.81
1999-10-28,0.0,34.58,20.8,97.61,41.34
1999-10-29,0.0,36.75,22.26,69.08,29.1
1999-10-30,0.0,36.48,22.42,70.06,29.55
1999-10-31,0.0,35.56,21.61,69.79,32.78
1999-11-01,0.0,36.98,19.68,78.27,33.64
1999-11-02,0.0,37.22,19.28,68.55,22.6
1999-11-03,0.0,36.84,19.23,64.76,26.44
1999-11-04,0.0,36.61,19.51,75.01,31.29
1999-11-05,0.0,36.77,19.4,87.92,30.88
1999-11-06,0.0,37.47,19.91,68.19,29.04
1999-11-07,0.0,37.25,20.0,63.55,23.5
1999-11-08,0.0,36.36,18.52,61.17,23.02
1999-11-09,0.0,34.82,18.93,57.99,22.68
1999-11-10,0.0,36.23,18.34,66.26,23.37
1999-11-11,0.0,36.38,19.24,69.96,29.53
1999-11-12,0.0,37.05,20.0,70.4,28.17
1999-11-13,0.0,37.76,19.7,64.71,24.0
1999-11-14,0.0,37.26,19.59,57.35,21.92
1999-11-15,0.0,35.91,19.31,49.82,21.96
1999-11-16,0.0,36.79,19.06,64.2,24.57
1999-11-17,0.0,36.7,19.35,64.5,26.69
1999-11-18,0.0,35.56,19.12,68.21,28.17
1999-11-19,0.0,35.2,19.25,70.1,32.13
1999-11-20,0.0,36.0,19.51,72.72,30.81
1999-11-21,0.0,36.82,20.66,71.65,35.16
1999-11-22,0.0,37.21,20.55,69.5,32.9
1999-11-23,0.0,37.26,20.4,70.31,30.75
1999-11-24,0.0,37.46,20.38,72.5,25.53
1999-11-25,0.0,37.18,19.53,63.03,21.76
1999-11-26,0.0,36.68,18.83,60.34,22.79
1999-11-27,0.0,36.22,19.03,61.6,24.0
1999-11-28,0.0,36.93,18.99,67.81,22.1
1999-11-29,0.0,37.13,19.1,59.49,22.61
1999-11-30,0.0,37.22,19.12,64.79,22.03
1999-12-01,0.0,37.39,19.31,61.1,28.03
1999-12-02,0.0,37.27,19.51,66.2,24.37
1999-12-03,0.0,36.71,18.53,53.02,21.01
1999-12-04,0.0,35.86,17.12,50.54,21.53
1999-12-05,0.0,36.34,17.22,56.47,21.22
1999-12-06,0.0,35.89,16.95,49.0,21.44
1999-12-07,0.0,35.95,16.81,58.04,22.25
1999-12-08,0.0,36.57,17.57,50.76,20.13
1999-12-09,0.0,34.33,16.83,55.75,22.37
1999-12-10,0.0,34.3,16.11,49.52,20.86
1999-12-11,0.0,34.95,16.09,49.94,20.44
1999-12-12,0.0,34.59,16.21,48.65,19.34
1999-12-13,0.0,33.55,16.16,41.95,19.4
1999-12-14,0.0,33.09,15.69,41.25,18.5
1999-12-15,0.0,34.89,15.65,46.52,18.93
1999-12-16,0.0,35.01,15.82,44.89,18.14
1999-12-17,0.0,34.09,15.83,42.36,15.44
1999-12-18,0.0,31.7,14.96,38.46,14.83
1999-12-19,0.0,28.1,14.16,37.31,14.45
1999-12-20,0.0,27.93,12.37,26.18,14.81
1999-12-21,0.0,30.48,12.29,32.27,15.89
1999-12-22,0.0,31.11,13.56,35.34,14.42
1999-12-23,0.0,31.11,13.47,35.26,15.36
1999-12-24,0.0,32.1,14.52,41.04,18.13
1999-12-25,0.0,33.1,16.26,42.0,17.3
1999-12-26,0.0,33.06,17.79,54.83,18.0
1999-12-27,0.0,33.06,18.83,34.53,18.51
1999-12-28,0.0,34.28,18.01,38.85,16.93
1999-12-29,0.0,35.12,17.14,43.12,15.04
1999-12-30,0.0,33.95,16.36,44.26,15.29
1999-12-31,0.0,33.3,16.46,39.14,15.81
2000-01-01,0.0,32.85,18.73,39.77,16.21
2000-01-02,0.0,31.11,18.48,48.97,19.29
2000-01-03,0.0,31.75,17.91,40.82,20.63
2000-01-04,0.0,30.59,19.59,56.25,30.87
2000-01-05,0.0,28.17,15.15,79.62,49.77
2000-01-06,0.0,29.15,15.33,75.61,37.38
2000-01-07,0.0,31.63,17.11,55.56,32.1
2000-01-08,0.0,33.01,19.03,60.24,35.34
2000-01-09,0.0,34.45,19.29,50.14,29.93
2000-01-10,0.0,33.9,19.04,62.85,33.37
2000-01-11,0.0,34.35,18.88,57.13,30.94
2000-01-12,0.0,33.77,18.36,53.95,28.91
2000-01-13,0.0,32.77,17.89,37.01,19.13
2000-01-14,0.0,31.92,16.71,32.85,21.09
2000-01-15,0.0,32.65,15.86,36.99,20.75
2000-01-16,0.0,33.39,16.36,31.67,17.78
2000-01-17,0.0,35.6,17.81,31.13,13.43
2000-01-18,0.0,37.19,18.62,31.93,12.87
2000-01-19,0.0,37.02,18.73,39.32,18.46
2000-01-20,0.0,35.97,17.8,37.26,17.8
2000-01-21,0.0,36.56,17.57,40.7,17.31
2000-01-22,0.0,36.74,18.5,41.16,16.78
2000-01-23,0.0,35.34,19.58,33.45,16.22
2000-01-24,0.0,37.47,20.55,37.96,16.9
2000-01-25,0.0,37.35,19.85,28.33,13.16
2000-01-26,0.0,37.17,18.32,30.71,14.51
2000-01-27,0.0,36.64,19.49,29.51,17.04
2000-01-28,0.0,36.78,19.62,34.93,15.9
2000-01-29,0.0,38.9,20.34,34.85,15.86
2000-01-30,0.0,39.81,20.73,34.5,16.48
2000-01-31,0.0,38.26,20.59,28.37,17.52
2000-02-01,0.0,35.1,19.76,30.86,17.63
2000-02-02,0.0,34.07,19.48,29.71,15.42
2000-02-03,0.0,33.56,17.32,22.59,12.91
2000-02-04,0.0,33.5,15.36,24.25,12.01
2000-02-05,0.0,34.09,16.7,25.85,13.4
2000-02-06,0.0,32.68,17.43,23.8,14.84
2000-02-07,0.0,33.34,18.17,22.28,12.93
2000-02-08,0.0,33.78,19.18,21.23,14.0
2000-02-09,0.0,33.53,18.62,24.89,14.47
2000-02-10,0.0,33.76,16.77,26.12,14.17
2000-02-11,0.0,35.23,17.82,25.78,13.8
2000-02-12,0.0,35.79,18.27,23.95,12.91
2000-02-13,0.0,36.43,18.56,25.19,12.66
2000-02-14,0.0,36.14,19.86,22.79,10.51
2000-02-15,0.0,36.09,18.98,16.9,8.84
2000-02-16,0.0,36.2,18.51,18.04,9.26
2000-02-17,0.0,36.1,18.25,19.89,11.08
2000-02-18,0.0,36.4,17.86,21.64,10.97
2000-02-19,0.0,37.41,18.23,24.52,11.98
2000-02-20,0.0,38.35,18.74,26.83,12.55
2000-02-21,0.0,38.51,20.4,33.19,16.08
2000-02-22,0.0,35.88,20.79,36.14,17.3
2000-02-23,0.0,35.53,22.06,34.16,21.59
2000-02-24,0.0,36.06,22.38,52.79,27.32
2000-02-25,0.0,39.31,19.8,47.16,18.93
2000-02-26,0.0,40.08,20.96,30.66,13.54
2000-02-27,0.0,41.45,22.42,30.73,14.15
2000-02-28,0.0,40.57,22.47,36.93,16.51
2000-02-29,0.0,40.31,22.31,34.53,17.43
2000-03-01,0.0,39.84,23.3,38.45,19.04
2000-03-02,0.0,40.11,23.05,42.79,19.5
2000-03-03,0.0,40.44,22.91,34.37,15.93
2000-03-04,0.0,41.23,23.1,30.9,13.16
2000-03-05,0.0,41.09,22.86,25.35,11.17
2000-03-06,0.0,41.36,22.63,27.36,10.6
2000-03-07,0.0,41.45,22.78,28.73,9.55
2000-03-08,0.0,40.93,22.17,27.61,10.68
2000-03-09,0.0,41.49,22.68,20.62,9.45
2000-03-10,0.0,40.8,22.54,19.34,9.79
2000-03-11,0.0,39.77,22.01,21.52,11.28
2000-03-12,0.0,39.44,21.02,25.35,11.94
2000-03-13,0.0,40.22,21.64,23.07,10.26
2000-03-14,0.0,39.61,21.26,20.6,10.57
2000-03-15,0.0,39.38,20.57,19.58,9.35
2000-03-16,0.0,39.67,21.28,28.14,8.7
2000-03-17,0.0,40.04,21.71,25.6,8.39
2000-03-18,0.0,40.88,21.88,19.19,9.33
2000-03-19,0.0,40.22,22.47,26.46,10.91
2000-03-20,0.0,39.6,22.4,33.13,14.39
2000-03-21,0.0,40.8,22.85,32.19,14.59
2000-03-22,0.0,41.57,23.01,29.02,12.33
2000-03-23,0.0,42.29,23.29,28.58,10.98
2000-03-24,0.0,41.76,23.05,39.47,10.79
2000-03-25,0.0,42.32,23.24,28.36,9.94
2000-03-26,0.0,41.64,23.79,28.22,11.94
2000-03-27,0.0,40.58,22.92,34.04,13.06
2000-03-28,0.0,42.24,23.64,24.42,12.98
2000-03-29,0.0,41.77,24.12,29.64,15.2
2000-03-30,0.0,41.87,24.86,37.05,21.79
2000-03-31,0.0,43.98,27.38,42.08,17.91
2000-04-01,0.0,43.13,26.9,47.75,15.71
2000-04-02,0.0,42.26,25.76,52.42,18.01
2000-04-03,0.0,39.89,24.94,52.59,23.14
2000-04-04,0.0,41.0,24.89,39.97,17.73
2000-04-05,0.0,42.78,26.36,35.64,15.71
2000-04-06,0.6,42.95,27.65,40.21,17.4
2000-04-07,0.0,41.78,26.41,54.1,17.07
2000-04-08,0.0,42.43,25.63,43.15,14.73
2000-04-09,0.0,42.86,26.84,39.21,17.12
2000-04-10,0.0,43.86,27.21,36.09,12.3
2000-04-11,0.0,43.37,27.27,39.42,13.59
2000-04-12,0.0,42.97,26.46,37.2,10.38
2000-04-13,0.0,43.41,26.53,34.77,10.67
2000-04-14,0.0,45.01,27.04,29.49,8.86
2000-04-15,0.0,43.31,27.12,45.9,13.64
2000-04-16,0.0,42.17,26.84,51.93,17.68
2000-04-17,0.0,42.68,26.72,62.8,19.3
2000-04-18,0.0,41.28,27.05,64.75,23.61
2000-04-19,0.0,41.88,26.96,58.7,22.05
2000-04-20,0.0,40.99,28.19,46.51,15.74
2000-04-21,0.0,44.39,26.8,28.21,7.05
2000-04-22,0.0,43.49,27.43,23.97,8.0
2000-04-23,0.0,43.05,25.78,27.17,10.34
2000-04-24,0.0,42.04,25.47,54.98,14.98
2000-04-25,0.0,40.59,27.44,57.92,20.2
2000-04-26,0.0,41.59,26.6,38.18,15.03
2000-04-27,0.0,43.69,25.73,44.21,11.34
2000-04-28,0.0,42.19,27.06,49.47,17.65
2000-04-29,0.0,42.36,26.65,47.41,16.9
2000-04-30,0.0,42.5,26.26,33.49,11.08
2000-05-01,0.0,41.91,25.96,34.66,11.86
2000-05-02,0.0,41.24,25.4,30.78,15.56
2000-05-03,0.0,39.43,25.69,42.87,19.38
2000-05-04,0.0,40.55,25.15,43.83,17.99
2000-05-05,0.0,44.17,26.44,33.33,15.37
2000-05-06,0.0,44.15,29.24,28.6,14.33
2000-05-07,0.0,43.62,29.37,31.14,15.27
2000-05-08,0.0,43.17,29.16,43.56,14.33
2000-05-09,0.0,43.49,28.32,40.11,13.62
2000-05-10,0.0,44.01,27.84,34.17,13.59
2000-05-11,0.0,41.4,28.02,43.39,16.97
2000-05-12,0.0,41.36,26.4,43.43,18.14
2000-05-13,0.0,42.36,27.26,48.16,17.4
2000-05-14,0.0,42.49,27.12,42.05,15.94
2000-05-15,0.0,41.69,26.89,45.89,17.79
2000-05-16,0.0,40.79,26.53,52.57,18.48
2000-05-17,0.0,41.68,25.96,48.91,18.58
2000-05-18,0.0,44.28,27.08,44.16,15.31
2000-05-19,0.0,42.52,29.8,42.59,20.16
2000-05-20,0.59,41.23,29.13,51.79,23.03
2000-05-21,0.0,39.95,28.25,52.24,21.21
2000-05-22,0.0,38.07,25.71,47.52,22.0
2000-05-23,0.0,39.26,26.58,52.7,22.05
2000-05-24,0.0,42.52,27.1,43.3,20.76
2000-05-25,0.0,41.14,29.13,56.16,25.29
2000-05-26,0.0,39.73,30.87,51.57,32.89
2000-05-27,0.0,40.51,28.03,72.22,30.5
2000-05-28,0.0,41.13,28.81,63.67,24.77
2000-05-29,0.0,41.99,28.88,52.39,23.27
2000-05-30,0.0,42.82,28.65,48.46,16.04
2000-05-31,0.0,42.35,26.97,43.88,17.83
2000-06-01,4.42,40.73,27.97,57.54,21.76
2000-06-02,0.03,39.12,27.62,68.52,32.13
2000-06-03,0.0,39.45,27.24,71.42,35.5
2000-06-04,0.0,39.93,27.01,68.82,29.48
2000-06-05,0.0,39.24,27.51,61.05,22.32
2000-06-06,0.0,39.15,26.39,42.7,18.39
2000-06-07,0.0,39.88,25.25,56.35,18.28
2000-06-08,0.0,40.23,26.42,44.02,22.32
2000-06-09,2.37,40.21,27.46,61.59,31.49
2000-06-10,0.01,37.42,25.09,80.61,36.42
2000-06-11,0.12,39.87,26.04,60.26,28.32
2000-06-12,4.04,40.34,28.13,65.47,30.22
2000-06-13,1.7,37.91,27.17,76.12,39.25
2000-06-14,0.0,40.77,26.9,79.84,29.7
2000-06-15,0.0,40.27,28.16,64.14,28.76
2000-06-16,0.0,39.41,27.8,67.21,33.08
2000-06-17,0.0,38.13,27.75,68.28,37.61
2000-06-18,0.67,38.78,26.42,77.77,38.75
2000-06-19,0.0,39.33,27.29,71.53,34.15
2000-06-20,0.33,39.69,26.88,80.68,36.4
2000-06-21,8.39,31.63,23.95,95.31,68.32
2000-06-22,0.12,35.25,23.42,95.61,45.5
2000-06-23,0.26,36.55,24.44,92.51,46.83
2000-06-24,0.07,33.91,24.99,92.4,62.24
2000-06-25,31.6,34.78,23.92,89.23,59.16
2000-06-26,0.04,32.67,23.58,99.29,65.28
2000-06-27,0.02,35.8,24.25,95.72,48.13
2000-06-28,27.24,36.03,24.2,96.21,53.4
2000-06-29,3.25,31.95,23.77,97.63,66.32
2000-06-30,0.0,35.43,24.46,97.79,49.58
2000-07-01,0.74,35.15,25.09,84.44,49.88
2000-07-02,4.56,34.71,23.96,90.6,51.27
2000-07-03,0.16,32.76,23.45,93.42,59.08
2000-07-04,0.15,35.24,23.63,92.05,47.64
2000-07-05,0.53,35.74,25.09,81.43,47.86
2000-07-06,6.42,35.22,24.76,92.33,51.53
2000-07-07,14.03,33.03,23.94,95.31,60.24
2000-07-08,0.0,29.12,22.39,98.56,76.51
2000-07-09,0.0,33.59,22.14,92.91,56.98
2000-07-10,0.0,34.12,23.91,88.67,55.3
2000-07-11,0.0,34.38,24.03,88.96,55.04
2000-07-12,0.0,33.68,24.59,91.18,56.39
2000-07-13,5.78,32.77,23.53,92.9,63.39
2000-07-14,1.11,35.65,23.02,92.32,46.86
2000-07-15,0.0,34.13,24.04,88.36,52.66
2000-07-16,0.29,33.78,24.75,85.35,53.19
2000-07-17,0.0,33.95,24.81,84.01,53.55
2000-07-18,0.01,31.36,23.43,94.39,72.56
2000-07-19,0.01,33.71,23.02,95.39,51.5
2000-07-20,0.01,31.72,23.26,86.68,58.47
2000-07-21,3.6,32.06,22.63,92.78,55.12
2000-07-22,0.16,32.22,22.6,91.24,57.17
2000-07-23,0.0,31.98,22.75,96.64,60.01
2000-07-24,2.86,34.14,23.01,94.63,55.09
2000-07-25,0.71,31.1,23.49,93.81,65.62
2000-07-26,1.54,31.06,22.63,95.14,63.23
2000-07-27,10.26,30.23,21.88,97.67,64.02
2000-07-28,9.31,30.93,22.27,98.38,69.46
2000-07-29,13.61,33.17,23.34,98.75,58.89
2000-07-30,3.48,32.68,22.85,99.05,59.45
2000-07-31,42.64,31.47,22.46,98.53,62.81
2000-08-01,0.0,29.94,21.31,99.13,68.47
2000-08-02,14.16,30.79,21.86,93.17,62.47
2000-08-03,0.0,31.79,23.4,94.88,63.21
2000-08-04,11.56,31.1,22.28,98.56,67.1
2000-08-05,0.0,31.46,21.77,98.51,67.94
2000-08-06,0.92,31.67,23.13,97.14,62.8
2000-08-07,0.0,32.97,23.9,93.42,60.16
2000-08-08,6.56,29.96,23.18,96.41,70.23
2000-08-09,0.0,32.15,22.83,98.3,64.63
2000-08-10,11.1,29.85,22.24,98.6,68.85
2000-08-11,0.0,31.12,22.59,99.05,69.62
2000-08-12,0.0,33.02,22.83,98.73,59.25
2000-08-13,0.0,33.4,23.45,93.42,60.2
2000-08-14,37.94,30.84,22.98,91.1,66.57
2000-08-15,0.0,32.29,22.98,93.17,59.56
2000-08-16,0.0,33.32,23.45,86.26,56.37
2000-08-17,7.88,32.68,23.5,85.71,58.19
2000-08-18,1.15,32.62,24.08,85.99,58.04
2000-08-19,18.32,33.62,24.55,90.38,57.97
2000-08-20,21.21,30.79,22.66,98.9,68.98
2000-08-21,16.06,31.66,22.03,99.27,63.84
2000-08-22,0.0,30.19,22.43,97.76,69.92
2000-08-23,0.13,31.64,22.59,98.92,68.75
2000-08-24,0.03,33.42,23.33,98.6,61.27
2000-08-25,5.41,32.09,24.33,93.97,66.21
2000-08-26,0.93,32.33,22.46,96.61,62.04
2000-08-27,8.85,32.8,23.08,96.31,60.61
2000-08-28,0.0,33.79,23.5,94.42,57.42
2000-08-29,17.39,34.49,24.5,92.72,58.66
2000-08-30,3.53,31.87,24.37,87.15,64.06
2000-08-31,20.53,34.9,24.86,87.46,53.42
2000-09-01,0.0,34.57,23.95,88.23,52.21
2000-09-02,0.03,34.49,24.77,85.96,57.3
2000-09-03,22.47,34.54,22.81,94.44,54.01
2000-09-04,0.06,35.52,24.72,80.82,45.1
2000-09-05,0.0,34.27,24.6,83.16,53.66
2000-09-06,1.05,32.13,24.37,88.07,62.87
2000-09-07,0.0,33.27,23.44,95.34,61.59
2000-09-08,0.12,32.51,22.18,98.36,66.67
2000-09-09,0.26,32.38,22.15,98.79,67.55
2000-09-10,0.01,33.21,22.15,97.53,55.34
2000-09-11,0.0,34.44,23.22,91.15,52.71
2000-09-12,0.11,35.42,24.02,85.35,54.9
2000-09-13,0.05,33.45,23.16,91.87,58.73
2000-09-14,19.47,31.89,22.25,95.65,69.08
2000-09-15,0.0,32.29,22.38,99.03,64.53
2000-09-16,0.01,33.5,22.56,98.56,64.23
2000-09-17,0.0,33.08,22.32,98.71,61.88
2000-09-18,19.63,32.7,21.89,98.73,64.07
2000-09-19,0.13,32.48,21.59,98.86,62.51
2000-09-20,1.05,33.59,22.59,97.85,56.63
2000-09-21,2.21,34.05,22.59,96.5,52.81
2000-09-22,14.89,33.48,23.57,96.9,58.51
2000-09-23,0.0,32.9,21.12,99.13,57.14
2000-09-24,0.0,34.33,22.8,93.33,53.19
2000-09-25,1.42,33.37,23.59,93.64,55.87
2000-09-26,5.47,31.38,22.38,96.76,67.0
2000-09-27,0.0,31.06,21.71,97.25,66.37
2000-09-28,0.0,33.55,21.22,97.79,52.01
2000-09-29,0.0,35.02,22.92,82.37,44.88
2000-09-30,1.32,35.02,23.71,83.58,52.34
2000-10-01,0.05,32.46,23.06,98.73,68.4
2000-10-02,8.67,34.39,20.87,98.88,56.15
2000-10-03,0.0,32.54,21.51,99.13,64.34
2000-10-04,0.0,35.18,21.41,99.21,49.7
2000-10-05,0.0,34.45,22.73,96.42,56.22
2000-10-06,0.0,33.38,20.94,99.07,63.27
2000-10-07,0.12,36.07,22.28,93.91,37.78
2000-10-08,0.0,37.04,23.19,69.65,27.72
2000-10-09,0.01,37.94,23.08,62.39,25.14
2000-10-10,0.16,36.6,22.95,83.76,38.19
2000-10-11,11.22,36.73,23.11,87.98,42.28
2000-10-12,0.62,33.44,23.73,98.85,53.87
2000-10-13,6.1,29.74,21.74,98.66,79.59
2000-10-14,29.13,29.26,21.25,98.36,78.82
2000-10-15,0.44,31.12,20.05,98.9,59.82
2000-10-16,26.47,33.34,21.92,94.76,45.6
2000-10-17,0.0,32.24,22.87,84.85,48.86
2000-10-18,0.03,34.04,23.48,75.9,46.61
2000-10-19,0.0,35.45,22.9,78.92,35.21
2000-10-20,0.0,36.19,23.9,56.44,26.61
2000-10-21,0.0,35.55,22.36,57.4,23.82
2000-10-22,0.0,35.34,21.14,57.24,22.22
2000-10-23,0.04,35.44,21.24,64.32,23.23
2000-10-24,0.88,35.47,21.77,56.12,23.84
2000-10-25,0.01,34.85,22.31,66.91,31.7
2000-10-26,0.0,37.72,23.15,77.54,28.86
2000-10-27,0.0,38.66,24.55,63.66,27.16
2000-10-28,0.0,38.17,23.8,67.36,30.98
2000-10-29,0.0,36.66,22.88,81.03,38.74
2000-10-30,0.0,36.53,22.83,89.03,40.55
2000-10-31,0.0,36.62,23.5,82.4,40.63
2000-11-01,0.0,38.32,20.8,95.78,25.27
2000-11-02,0.0,38.58,19.91,48.94,18.41
2000-11-03,0.0,38.35,19.12,43.52,16.17
2000-11-04,0.0,39.34,19.31,31.67,12.52
2000-11-05,0.0,39.91,20.18,36.12,14.39
2000-11-06,0.0,39.92,19.37,30.97,11.36
2000-11-07,0.0,38.14,19.76,55.35,20.39
2000-11-08,0.0,38.81,20.39,70.32,26.3
2000-11-09,0.0,36.7,20.26,94.21,39.78
2000-11-10,0.19,37.12,19.6,98.65,39.59
2000-11-11,2.72,35.86,20.02,97.83,41.76
2000-11-12,0.08,34.39,18.99,99.35,36.44
2000-11-13,0.0,36.26,19.13,89.65,26.61
2000-11-14,0.0,37.09,19.59,66.13,22.28
2000-11-15,0.0,37.52,19.95,62.5,24.69
2000-11-16,0.0,38.5,21.39,59.0,15.76
2000-11-17,0.0,39.32,20.56,45.27,16.76
2000-11-18,0.0,38.01,19.5,40.85,16.71
2000-11-19,0.0,38.26,18.96,38.6,15.9
2000-11-20,0.0,37.58,18.8,37.78,15.63
2000-11-21,0.0,37.7,18.9,33.59,11.68
2000-11-22,0.0,34.88,17.75,21.53,7.13
2000-11-23,0.0,35.22,16.94,19.32,7.59
2000-11-24,0.0,35.09,17.24,20.53,8.08
2000-11-25,0.0,33.98,16.72,20.41,8.08
2000-11-26,0.0,35.09,16.31,18.6,8.75
2000-11-27,0.0,35.28,15.62,29.17,9.38
2000-11-28,0.0,36.98,16.64,27.83,10.39
2000-11-29,0.0,38.56,18.13,29.32,11.16
2000-11-30,0.0,38.13,18.77,28.38,10.79
2000-12-01,0.0,37.47,17.98,38.63,11.24
2000-12-02,0.0,35.57,16.92,36.54,11.43
2000-12-03,0.0,35.96,16.8,34.61,11.18
2000-12-04,0.0,35.53,17.57,31.31,12.8
2000-12-05,0.0,36.47,17.3,31.88,13.69
2000-12-06,0.0,37.06,17.38,41.08,12.96
2000-12-07,0.0,36.91,17.69,37.31,14.58
2000-12-08,0.0,37.05,17.25,38.15,12.25
2000-12-09,0.0,36.93,16.52,35.27,11.45
2000-12-10,0.0,36.7,16.86,35.17,13.55
2000-12-11,0.0,36.46,17.55,33.83,12.15
2000-12-12,0.0,35.44,16.79,33.21,13.93
2000-12-13,0.0,35.07,16.82,33.42,14.85
2000-12-14,0.0,35.47,17.36,38.76,13.36
2000-12-15,0.0,35.7,17.01,31.26,12.68
2000-12-16,0.0,35.78,16.89,35.42,12.77
2000-12-17,0.0,35.37,16.58,34.8,14.83
2000-12-18,0.0,36.16,16.61,40.02,13.77
2000-12-19,0.0,36.24,17.1,39.68,12.97
2000-12-20,0.0,35.74,17.1,38.05,12.67
2000-12-21,0.0,35.34,15.93,37.13,13.24
2000-12-22,0.0,34.61,15.87,39.89,14.53
2000-12-23,0.0,34.77,15.86,41.61,13.38
2000-12-24,0.0,35.29,16.44,41.52,12.03
2000-12-25,0.0,36.02,16.67,38.24,11.63
2000-12-26,0.0,35.01,17.32,33.77,14.69
2000-12-27,0.0,35.96,17.0,39.5,12.97
2000-12-28,0.0,34.98,16.82,40.94,14.46
2000-12-29,0.0,35.17,15.7,49.45,18.38
2000-12-30,0.0,35.46,15.66,56.54,19.76
2000-12-31,0.0,36.32,16.01,46.32,17.14
2001-01-01,0.0,36.71,17.25,45.54,14.98
2001-01-02,0.0,36.95,17.45,41.28,14.8
2001-01-03,0.0,37.78,18.03,39.73,12.3
2001-01-04,0.0,36.77,18.39,33.2,10.19
2001-01-05,0.0,35.7,16.68,36.42,10.98
2001-01-06,0.0,35.4,16.22,29.92,10.99
2001-01-07,0.0,35.41,16.38,35.84,11.27
2001-01-08,0.0,36.03,16.63,38.35,12.15
2001-01-09,0.0,36.84,16.74,33.62,13.14
2001-01-10,0.0,36.68,17.55,36.58,12.89
2001-01-11,0.0,36.85,17.96,25.37,10.73
2001-01-12,0.0,36.22,17.04,28.59,10.54
2001-01-13,0.0,36.1,17.13,28.91,11.07
2001-01-14,0.0,33.58,15.62,31.89,14.74
2001-01-15,0.0,35.03,15.98,46.55,19.12
2001-01-16,0.0,35.51,16.89,46.27,16.8
2001-01-17,0.0,34.65,16.21,32.32,13.28
2001-01-18,0.0,34.97,15.14,29.52,11.43
2001-01-19,0.0,33.94,15.17,29.82,13.38
2001-01-20,0.0,36.11,15.98,28.31,11.98
2001-01-21,0.0,37.04,17.34,27.22,10.83
2001-01-22,0.0,36.07,15.92,26.08,10.66
2001-01-23,0.0,37.01,15.97,28.68,10.42
2001-01-24,0.0,36.39,17.65,23.81,10.08
2001-01-25,0.0,34.9,16.49,19.21,9.46
2001-01-26,0.0,34.41,14.68,24.26,10.06
2001-01-27,0.0,34.11,15.24,26.0,9.69
2001-01-28,0.0,34.74,15.16,27.67,9.6
2001-01-29,0.0,34.02,15.57,27.95,10.19
2001-01-30,0.0,33.66,14.67,28.12,12.01
2001-01-31,0.0,34.48,15.72,31.43,10.83
2001-02-01,0.0,35.49,17.58,22.92,9.19
2001-02-02,0.0,33.44,16.36,22.78,10.43
2001-02-03,0.0,34.55,16.21,22.36,9.85
2001-02-04,0.0,34.9,16.72,22.78,10.63
2001-02-05,0.0,35.85,17.18,27.51,10.96
2001-02-06,0.0,36.74,19.45,27.39,11.63
2001-02-07,0.0,37.75,19.82,22.98,10.55
2001-02-08,0.0,37.84,19.72,20.45,8.9
2001-02-09,0.0,37.05,20.0,17.38,9.39
2001-02-10,0.0,37.48,18.87,18.62,8.38
2001-02-11,0.0,37.05,18.65,20.78,9.65
2001-02-12,0.0,36.15,18.64,19.12,8.33
2001-02-13,0.0,35.32,17.71,16.07,7.94
2001-02-14,0.0,34.12,16.46,19.35,10.24
2001-02-15,0.0,34.62,16.5,21.8,11.19
2001-02-16,0.0,36.31,17.79,24.67,12.45
2001-02-17,0.0,37.04,18.42,23.15,8.99
2001-02-18,0.0,37.05,19.1,19.77,9.93
2001-02-19,0.0,37.49,20.87,25.27,9.36
2001-02-20,0.0,38.63,21.82,19.44,8.67
2001-02-21,0.0,41.29,22.32,21.38,8.61
2001-02-22,0.0,39.78,23.44,24.5,8.27
2001-02-23,0.0,41.2,21.78,24.1,9.06
2001-02-24,0.0,41.79,22.61,26.9,10.14
2001-02-25,0.0,41.39,22.74,34.33,11.03
2001-02-26,0.0,39.18,23.94,27.5,15.06
2001-02-27,0.0,40.67,24.07,31.08,12.61
2001-02-28,0.0,37.7,20.77,29.18,12.13
2001-03-01,0.0,36.14,18.48,30.49,12.96
2001-03-02,0.0,37.76,18.72,26.08,11.94
2001-03-03,0.0,39.32,20.62,21.39,8.31
2001-03-04,0.0,42.02,21.89,19.72,7.08
2001-03-05,0.0,42.62,23.11,20.16,7.58
2001-03-06,0.0,41.43,23.63,34.83,11.13
2001-03-07,0.0,43.26,24.33,29.55,7.84
2001-03-08,0.0,41.52,22.61,24.86,7.19
2001-03-09,0.0,40.88,21.52,27.06,6.89
2001-03-10,0.0,40.87,21.55,26.61,8.39
2001-03-11,0.0,40.5,22.12,25.88,8.25
2001-03-12,0.0,40.63,22.79,26.73,9.23
2001-03-13,0.0,40.02,21.93,25.62,13.92
2001-03-14,0.0,36.56,19.55,42.65,16.41
2001-03-15,0.0,38.11,20.16,42.63,17.65
2001-03-16,0.0,39.08,20.9,45.98,20.7
2001-03-17,0.0,40.41,21.89,44.16,15.89
2001-03-18,0.0,42.87,23.66,32.39,12.88
2001-03-19,0.0,42.48,24.21,36.12,11.84
2001-03-20,0.0,41.54,23.81,51.35,16.54
2001-03-21,0.0,42.34,24.63,52.44,13.6
2001-03-22,0.0,42.04,24.5,25.86,8.69
2001-03-23,0.0,41.8,23.91,26.83,8.12
2001-03-24,0.0,42.44,23.58,21.13,7.93
2001-03-25,0.0,39.62,22.81,40.06,13.76
2001-03-26,0.0,40.9,23.16,44.61,15.17
2001-03-27,0.0,40.0,23.15,41.51,16.15
2001-03-28,0.0,42.68,23.29,38.0,13.11
2001-03-29,0.0,40.7,23.6,28.38,11.31
2001-03-30,0.0,41.25,22.32,32.51,10.65
2001-03-31,0.0,41.98,23.3,31.75,11.4
2001-04-01,0.0,42.85,25.88,27.36,9.07
2001-04-02,0.0,42.83,25.95,24.42,11.61
2001-04-03,0.0,41.33,25.07,26.22,11.45
2001-04-04,0.0,39.13,23.57,47.37,19.71
2001-04-05,0.0,41.96,23.49,36.37,9.31
2001-04-06,0.0,43.36,25.11,20.06,8.34
2001-04-07,0.0,43.72,25.93,30.71,10.72
2001-04-08,0.0,42.09,27.13,41.55,13.39
2001-04-09,0.0,43.77,27.69,40.71,13.83
2001-04-10,0.0,43.89,27.84,27.64,7.66
2001-04-11,0.0,43.6,26.75,29.49,9.33
2001-04-12,0.0,42.27,25.63,50.36,14.31
2001-04-13,0.0,42.27,25.63,48.77,12.36
2001-04-14,0.0,41.29,25.04,40.18,13.43
2001-04-15,0.0,40.54,23.81,40.06,14.22
2001-04-16,0.0,41.27,23.8,41.3,14.95
2001-04-17,0.0,41.03,24.46,47.22,18.98
2001-04-18,0.0,39.85,24.58,49.72,20.77
2001-04-19,0.0,38.77,23.64,50.0,19.91
2001-04-20,0.0,37.9,25.19,32.85,16.85
2001-04-21,0.0,42.49,25.4,27.75,13.74
2001-04-22,0.0,40.46,25.63,27.23,13.9
2001-04-23,0.0,39.27,23.11,33.73,14.65
2001-04-24,0.0,40.37,23.53,28.8,13.56
2001-04-25,0.0,42.27,24.28,25.31,10.78
2001-04-26,0.0,43.53,25.7,22.29,9.04
2001-04-27,0.0,44.09,26.46,25.25,10.8
2001-04-28,0.0,43.29,27.03,39.61,12.26
2001-04-29,0.0,43.7,26.59,37.95,12.5
2001-04-30,0.0,39.38,24.94,42.88,18.43
2001-05-01,0.0,40.53,24.88,38.56,15.91
2001-05-02,0.0,40.47,26.4,35.41,18.49
2001-05-03,0.0,41.42,26.32,39.68,17.88
2001-05-04,0.0,42.72,28.54,31.26,12.48
2001-05-05,0.0,43.08,29.03,23.49,13.1
2001-05-06,0.0,41.69,29.3,37.72,18.72
2001-05-07,0.07,44.8,28.7,30.94,10.32
2001-05-08,0.0,42.85,30.13,59.62,21.98
2001-05-09,0.0,42.33,27.54,68.15,14.59
2001-05-10,0.0,44.62,28.38,38.97,12.64
2001-05-11,0.0,45.07,29.57,41.42,12.92
2001-05-12,0.01,43.26,29.08,42.44,12.3
2001-05-13,0.0,40.6,27.3,62.79,20.2
2001-05-14,0.0,41.88,25.75,51.9,15.03
2001-05-15,0.0,44.29,27.65,28.92,12.35
2001-05-16,0.0,41.67,27.02,57.15,16.57
2001-05-17,0.0,41.31,26.12,43.29,16.26
2001-05-18,0.01,40.89,28.12,44.35,20.74
2001-05-19,0.0,40.15,26.67,55.35,24.76
2001-05-20,0.0,40.94,27.59,56.38,26.11
2001-05-21,0.58,40.84,27.99,60.54,32.29
2001-05-22,0.0,38.41,27.61,80.14,39.06
2001-05-23,0.0,39.6,27.65,75.01,23.7
2001-05-24,0.5,41.19,27.3,56.58,20.62
2001-05-25,0.0,42.37,27.31,50.79,19.36
2001-05-26,0.0,41.97,27.38,68.43,18.88
2001-05-27,0.0,43.21,26.9,46.43,16.07
2001-05-28,0.0,42.08,27.83,55.54,21.37
2001-05-29,0.0,42.17,29.33,52.75,23.92
2001-05-30,0.0,41.74,28.61,57.41,23.94
2001-05-31,0.0,40.99,27.56,62.72,20.86
2001-06-01,0.0,42.35,26.69,49.18,17.49
2001-06-02,1.02,40.51,27.3,61.91,25.6
2001-06-03,0.03,40.96,26.99,67.18,23.76
2001-06-04,0.07,41.7,27.06,55.57,20.1
2001-06-05,9.12,41.06,27.67,57.19,23.11
2001-06-06,0.1,39.37,27.74,72.41,32.57
2001-06-07,0.0,36.91,26.65,75.46,41.41
2001-06-08,12.21,33.52,25.32,97.77,58.56
2001-06-09,0.0,34.18,23.66,97.31,54.36
2001-06-10,0.0,37.69,24.52,88.08,39.09
2001-06-11,0.0,40.09,26.11,71.72,25.53
2001-06-12,0.0,38.88,27.32,69.73,35.4
2001-06-13,7.44,38.36,27.5,85.11,42.23
2001-06-14,0.0,38.19,25.93,88.63,34.21
2001-06-15,0.0,39.56,27.2,59.8,23.46
2001-06-16,0.0,38.33,26.95,63.37,29.45
2001-06-17,1.46,38.6,27.25,75.5,37.54
2001-06-18,0.0,36.95,27.01,79.46,46.1
2001-06-19,0.0,38.56,25.95,81.47,37.98
2001-06-20,0.0,38.67,26.8,82.15,35.69
2001-06-21,0.0,37.56,26.58,70.68,35.92
2001-06-22,0.03,38.46,25.56,81.79,35.03
2001-06-23,11.19,36.57,27.33,83.01,44.25
2001-06-24,0.79,38.02,25.71,89.52,38.94
2001-06-25,2.69,38.04,26.02,83.27,40.75
2001-06-26,18.63,36.55,25.15,89.83,49.26
2001-06-27,0.0,35.83,24.98,94.77,48.46
2001-06-28,0.29,36.86,25.67,92.11,44.95
2001-06-29,0.3,33.35,25.77,92.52,60.65
2001-06-30,0.0,35.08,24.15,96.73,57.29
2001-07-01,3.07,35.36,23.81,93.08,47.7
2001-07-02,20.21,36.57,25.17,86.97,50.13
2001-07-03,0.02,33.41,25.16,92.49,59.69
2001-07-04,11.61,31.63,23.56,91.28,67.65
2001-07-05,11.53,35.22,22.9,95.41,49.59
2001-07-06,0.04,36.09,24.42,86.84,49.09
2001-07-07,0.0,37.08,24.3,92.33,47.62
2001-07-08,0.1,36.81,24.57,89.26,47.85
2001-07-09,23.11,34.61,24.77,88.64,60.55
2001-07-10,0.15,34.93,23.04,97.6,54.18
2001-07-11,0.0,36.05,24.28,88.42,49.99
2001-07-12,8.27,35.23,25.24,86.99,57.99
2001-07-13,0.0,35.1,24.2,89.44,47.25
2001-07-14,0.0,35.51,23.75,90.43,51.27
2001-07-15,0.0,35.8,23.77,91.66,49.98
2001-07-16,0.0,35.08,24.61,81.18,50.42
2001-07-17,5.47,34.85,25.24,88.95,52.95
2001-07-18,43.65,32.95,22.96,98.68,64.69
2001-07-19,5.83,31.34,22.69,99.23,69.99
2001-07-20,5.42,32.85,22.73,99.27,62.83
2001-07-21,0.0,34.25,23.19,95.1,58.69
2001-07-22,0.0,33.59,23.2,96.96,62.15
2001-07-23,0.0,34.19,23.55,93.24,49.65
2001-07-24,0.12,32.56,24.03,92.46,62.96
2001-07-25,0.03,34.3,22.69,97.48,55.28
2001-07-26,30.97,32.9,23.96,91.51,63.7
2001-07-27,15.03,31.02,22.62,98.7,66.42
2001-07-28,0.0,33.38,23.03,94.6,58.68
2001-07-29,0.0,33.6,24.15,88.98,60.54
2001-07-30,0.0,34.64,25.58,83.92,54.13
2001-07-31,0.0,32.8,24.04,95.64,59.33
2001-08-01,0.0,31.55,22.27,98.1,63.25
2001-08-02,9.2,31.96,22.41,93.81,63.98
2001-08-03,0.08,32.6,22.32,96.73,66.86
2001-08-04,0.01,32.92,23.06,95.03,58.11
2001-08-05,6.38,33.11,24.01,91.67,61.32
2001-08-06,0.0,33.38,22.61,99.14,63.17
2001-08-07,2.95,34.96,23.76,97.41,58.26
2001-08-08,0.0,32.27,23.52,96.66,65.98
2001-08-09,0.03,32.36,23.32,97.48,66.18
2001-08-10,6.26,30.51,22.31,97.58,67.53
2001-08-11,0.0,32.31,22.53,98.57,65.03
2001-08-12,0.68,33.68,22.3,96.95,62.63
2001-08-13,0.97,33.35,23.21,96.95,61.97
2001-08-14,2.65,30.74,23.22,97.3,72.44
2001-08-15,15.5,32.91,22.48,97.89,63.86
2001-08-16,0.0,32.45,23.51,97.01,66.29
2001-08-17,0.0,33.37,23.03,98.87,65.89
2001-08-18,0.0,34.24,24.34,92.61,60.18
2001-08-19,0.0,33.84,24.99,87.94,64.36
2001-08-20,0.0,35.07,24.71,88.7,56.0
2001-08-21,13.49,34.44,24.72,89.65,55.5
2001-08-22,2.95,34.03,23.66,95.64,59.94
2001-08-23,5.43,33.41,23.5,96.71,65.02
2001-08-24,15.79,33.64,23.56,99.21,54.5
2001-08-25,26.89,31.82,23.32,98.67,73.05
2001-08-26,0.01,32.39,23.16,99.32,65.74
2001-08-27,1.35,33.12,23.0,98.29,62.32
2001-08-28,0.09,32.31,23.24,98.75,65.66
2001-08-29,0.0,33.84,23.2,98.54,61.8
2001-08-30,0.0,33.97,23.0,94.96,61.81
2001-08-31,0.33,34.33,23.0,93.13,59.25
2001-09-01,10.35,31.17,23.54,96.82,69.42
2001-09-02,0.0,33.44,22.29,98.67,64.58
2001-09-03,7.7,34.42,22.62,98.22,55.9
2001-09-04,20.51,32.23,22.74,98.61,64.91
2001-09-05,0.0,33.2,21.57,99.12,62.02
2001-09-06,26.56,34.33,23.03,94.59,58.14
2001-09-07,0.3,32.76,23.56,91.88,62.37
2001-09-08,2.12,30.41,22.03,99.39,77.41
2001-09-09,3.03,32.92,21.9,99.33,63.88
2001-09-10,0.0,31.95,22.24,99.39,70.41
2001-09-11,0.01,33.97,22.54,99.18,64.57
2001-09-12,0.0,34.36,22.15,99.1,63.46
2001-09-13,0.0,33.95,23.0,98.59,62.7
2001-09-14,0.36,33.36,22.93,95.76,64.16
2001-09-15,18.3,32.43,22.36,96.88,65.31
2001-09-16,1.3,29.89,22.18,99.41,78.88
2001-09-17,0.01,32.96,21.22,96.06,66.13
2001-09-18,8.47,31.58,22.12,98.96,70.25
2001-09-19,25.36,33.99,21.88,99.32,58.29
2001-09-20,0.86,32.77,22.19,96.19,66.16
2001-09-21,0.03,34.0,21.74,99.15,59.34
2001-09-22,0.0,32.54,22.54,95.74,68.56
2001-09-23,0.0,34.26,22.15,98.39,57.89
2001-09-24,0.75,33.84,23.34,89.12,65.01
2001-09-25,0.0,32.89,22.2,96.14,63.87
2001-09-26,0.0,34.92,21.75,98.65,54.2
2001-09-27,0.61,34.92,23.36,90.58,60.25
2001-09-28,8.95,35.46,23.69,92.75,59.57
2001-09-29,0.0,35.53,22.41,96.88,51.55
2001-09-30,0.0,34.41,23.11,95.57,61.09
2001-10-01,6.35,34.19,22.2,99.74,63.93
2001-10-02,0.1,35.41,22.34,99.37,57.43
2001-10-03,0.04,37.79,22.79,99.08,47.01
2001-10-04,0.0,34.28,23.57,98.95,60.25
2001-10-05,0.0,35.36,21.62,99.18,53.29
2001-10-06,0.36,36.29,22.29,98.67,47.41
2001-10-07,1.08,37.15,23.96,90.84,47.15
2001-10-08,0.0,38.49,24.47,83.95,29.92
2001-10-09,0.0,37.9,23.49,76.32,32.4
2001-10-10,0.61,36.18,23.37,97.61,50.06
2001-10-11,0.0,33.55,22.38,98.99,52.47
2001-10-12,0.76,33.44,22.5,97.33,57.73
2001-10-13,0.01,36.89,21.5,98.42,39.91
2001-10-14,0.12,36.12,22.92,94.22,49.55
2001-10-15,0.27,36.29,23.17,97.98,46.44
2001-10-16,0.54,36.84,23.72,94.66,44.08
2001-10-17,0.0,37.55,23.52,91.59,40.16
2001-10-18,0.0,37.72,24.9,74.07,37.53
2001-10-19,0.0,38.74,24.32,69.03,29.39
2001-10-20,0.0,39.67,24.67,61.61,26.44
2001-10-21,0.0,37.06,24.53,70.21,37.6
2001-10-22,0.0,36.52,22.84,92.97,44.08
2001-10-23,0.0,36.44,22.34,97.33,39.96
2001-10-24,0.0,38.63,22.88,79.57,28.09
2001-10-25,0.0,38.32,23.98,66.76,27.59
2001-10-26,0.0,36.99,22.35,92.34,34.09
2001-10-27,0.0,37.31,22.2,85.88,28.94
2001-10-28,0.0,36.73,22.15,94.72,34.79
2001-10-29,0.0,38.23,23.05,82.92,19.99
2001-10-30,0.0,37.69,22.31,50.64,18.69
2001-10-31,0.0,35.94,22.25,71.29,31.05
2001-11-01,0.0,35.07,20.4,94.72,48.83
2001-11-02,0.0,37.71,21.11,90.96,25.31
2001-11-03,0.0,37.55,19.81,43.4,17.3
2001-11-04,0.0,38.14,19.08,55.74,16.46
2001-11-05,0.0,38.56,19.56,55.5,17.98
2001-11-06,0.0,39.15,20.27,52.23,17.88
2001-11-07,0.0,39.28,20.43,55.89,20.36
2001-11-08,0.15,39.64,20.38,60.58,16.07
2001-11-09,0.0,39.17,20.47,49.69,17.68
2001-11-10,0.0,38.17,20.07,60.49,19.96
2001-11-11,0.0,37.73,19.68,82.57,28.31
2001-11-12,0.0,37.66,19.93,78.07,25.32
2001-11-13,0.0,36.86,19.4,61.52,22.6
2001-11-14,0.0,37.6,19.53,70.81,20.65
2001-11-15,0.0,38.65,20.15,53.18,20.32
2001-11-16,0.0,39.18,20.33,71.01,20.47
2001-11-17,0.0,38.57,20.41,72.64,27.2
2001-11-18,0.0,39.01,21.01,74.66,17.56
2001-11-19,0.0,38.0,18.88,46.64,16.79
2001-11-20,0.0,37.05,19.55,61.85,25.74
2001-11-21,0.0,37.53,20.4,84.09,24.06
2001-11-22,0.0,35.86,19.6,52.11,20.39
2001-11-23,0.0,37.32,18.95,53.37,18.43
2001-11-24,0.0,37.75,19.25,50.34,18.38
2001-11-25,0.0,38.65,19.8,46.86,16.79
2001-11-26,0.0,37.06,20.45,48.37,19.79
2001-11-27,0.0,33.4,19.89,59.3,27.59
2001-11-28,0.0,35.72,19.74,51.75,17.33
2001-11-29,0.05,33.48,20.32,46.18,19.67
2001-11-30,0.0,33.06,20.4,50.86,24.69
2001-12-01,0.0,31.91,20.59,39.32,23.01
2001-12-02,0.0,34.54,18.88,39.9,19.49
2001-12-03,0.0,35.67,18.86,37.59,15.85
2001-12-04,0.0,36.69,17.99,35.78,16.66
2001-12-05,0.0,33.38,19.56,42.62,18.09
2001-12-06,0.0,36.03,19.61,32.1,16.35
2001-12-07,0.0,37.89,18.96,35.58,15.61
2001-12-08,0.0,38.19,19.64,40.41,17.7
2001-12-09,0.0,37.32,18.59,38.45,18.85
2001-12-10,0.0,36.74,19.54,37.95,12.55
2001-12-11,0.0,33.79,19.93,30.16,16.5
2001-12-12,0.0,34.34,19.13,27.57,13.92
2001-12-13,0.0,34.68,17.24,33.27,15.5
2001-12-14,0.0,35.37,17.09,38.71,16.66
2001-12-15,0.0,36.9,17.68,39.43,15.12
2001-12-16,0.0,36.36,18.01,35.84,15.69
2001-12-17,0.0,33.95,19.57,33.27,17.19
2001-12-18,0.0,39.18,19.02,34.63,12.2
2001-12-19,0.0,39.21,19.83,37.83,14.66
2001-12-20,0.0,39.34,20.65,51.15,18.27
2001-12-21,0.0,38.71,19.81,63.53,22.93
2001-12-22,0.0,38.83,20.48,63.34,20.27
2001-12-23,0.0,37.65,20.86,48.49,19.03
2001-12-24,0.0,39.2,20.01,59.46,19.94
2001-12-25,0.0,39.59,20.27,51.33,15.93
2001-12-26,0.0,39.21,19.42,39.08,13.11
2001-12-27,0.0,38.69,18.53,35.65,12.08
2001-12-28,0.0,38.19,18.97,39.8,14.52
2001-12-29,0.0,35.92,19.92,34.66,16.71
2001-12-30,0.0,36.8,18.72,42.26,15.21
2001-12-31,0.0,36.26,16.33,34.48,13.8
2002-01-01,0.0,36.81,18.66,34.14,14.53
2002-01-02,0.0,36.55,19.45,31.97,14.11
2002-01-03,0.0,36.93,19.56,30.32,12.09
2002-01-04,0.0,36.47,18.14,24.84,10.91
2002-01-05,0.0,36.63,17.38,31.43,10.54
2002-01-06,0.0,34.12,17.85,30.06,13.7
2002-01-07,0.0,32.31,15.73,62.72,30.16
2002-01-08,0.0,34.32,17.62,61.55,28.97
2002-01-09,0.0,32.81,20.12,61.84,28.31
2002-01-10,0.0,31.88,19.83,61.86,20.34
2002-01-11,1.1,29.94,19.33,48.12,20.97
2002-01-12,0.0,34.49,18.71,46.69,18.56
2002-01-13,0.0,35.23,17.65,35.18,11.54
2002-01-14,0.0,35.41,17.36,24.23,12.95
2002-01-15,0.0,35.81,17.55,30.04,13.2
2002-01-16,0.0,36.62,18.28,26.57,12.71
2002-01-17,0.0,36.45,18.22,26.35,12.26
2002-01-18,0.0,35.98,19.32,26.2,12.19
2002-01-19,0.0,33.59,19.63,23.15,12.02
2002-01-20,0.0,33.65,18.45,24.93,14.08
2002-01-21,0.0,33.81,19.76,22.43,12.79
2002-01-22,0.0,33.71,18.29,22.83,12.54
2002-01-23,0.0,34.8,16.99,27.36,12.36
2002-01-24,0.0,37.6,18.25,25.87,11.68
2002-01-25,0.0,37.38,19.15,23.43,11.93
2002-01-26,0.0,37.53,18.81,21.57,11.84
2002-01-27,0.0,36.62,18.53,20.73,9.86
2002-01-28,0.0,37.2,17.19,22.74,10.19
2002-01-29,0.0,36.4,17.82,19.46,9.86
2002-01-30,0.0,36.37,17.35,21.96,11.93
2002-01-31,0.0,37.12,17.67,23.16,11.81
2002-02-01,0.0,36.53,19.03,25.14,11.99
2002-02-02,0.0,36.26,21.01,22.51,12.27
2002-02-03,0.0,34.83,20.36,22.8,13.58
2002-02-04,0.0,36.43,19.6,23.31,12.1
2002-02-05,0.0,35.41,19.92,22.61,12.2
2002-02-06,0.0,34.87,18.05,23.97,12.17
2002-02-07,0.0,35.64,16.43,28.43,13.7
2002-02-08,0.0,36.76,17.8,25.27,11.7
2002-02-09,0.0,35.04,18.62,19.96,12.7
2002-02-10,0.0,34.05,17.41,25.66,12.19
2002-02-11,0.0,36.18,18.4,23.37,9.89
2002-02-12,0.0,37.97,19.61,20.06,10.48
2002-02-13,0.0,39.2,20.57,20.49,10.89
2002-02-14,0.0,38.48,20.04,23.95,12.15
2002-02-15,0.0,39.04,19.51,23.57,11.59
2002-02-16,0.0,39.64,19.71,22.51,10.61
2002-02-17,0.0,38.72,20.06,23.3,11.1
2002-02-18,0.0,36.97,19.33,35.37,15.27
2002-02-19,0.0,38.57,19.72,32.63,16.41
2002-02-20,0.0,39.91,22.11,30.52,13.83
2002-02-21,0.0,40.86,23.48,30.15,14.68
2002-02-22,0.0,40.19,21.64,32.28,14.21
2002-02-23,0.0,40.12,21.46,32.12,15.14
2002-02-24,0.0,40.91,21.7,23.76,12.33
2002-02-25,0.0,40.15,22.31,23.03,12.17
2002-02-26,0.04,36.46,21.17,20.82,10.49
2002-02-27,0.0,36.63,18.86,21.7,10.48
2002-02-28,0.0,37.76,18.53,19.83,9.42
2002-03-01,0.0,38.75,20.03,20.59,8.7
2002-03-02,0.0,38.91,21.14,22.02,9.08
2002-03-03,0.0,39.22,22.12,26.76,11.24
2002-03-04,0.0,39.55,22.23,30.08,11.26
2002-03-05,0.0,39.72,22.2,31.5,15.14
2002-03-06,0.0,38.89,21.6,29.56,15.3
2002-03-07,0.0,39.23,21.16,30.54,14.34
2002-03-08,0.0,39.77,21.18,25.88,10.21
2002-03-09,0.0,38.69,21.32,24.94,13.09
2002-03-10,0.0,39.59,21.43,30.77,13.79
2002-03-11,0.0,40.78,22.78,27.46,12.53
2002-03-12,0.0,40.27,22.31,22.91,11.35
2002-03-13,0.0,38.08,21.46,31.83,14.83
2002-03-14,0.0,39.22,21.21,34.79,16.23
2002-03-15,0.0,40.36,22.14,30.35,14.29
2002-03-16,0.0,39.53,22.04,22.94,11.31
2002-03-17,0.0,37.54,21.74,25.47,11.87
2002-03-18,0.0,38.8,20.35,23.2,10.18
2002-03-19,0.0,40.56,21.32,19.91,9.41
2002-03-20,0.0,42.06,22.82,23.07,9.74
2002-03-21,0.0,42.78,24.04,19.0,9.55
2002-03-22,0.0,42.47,23.76,19.86,9.91
2002-03-23,0.0,41.53,24.21,29.18,12.75
2002-03-24,0.0,40.32,23.62,42.19,13.44
2002-03-25,0.0,39.59,24.45,53.38,19.86
2002-03-26,0.0,38.36,24.99,28.88,14.05
2002-03-27,0.0,38.11,23.07,36.96,16.89
2002-03-28,0.0,39.29,23.31,32.04,17.41
2002-03-29,0.0,42.45,24.34,34.55,14.38
2002-03-30,0.0,41.31,23.83,34.26,15.84
2002-03-31,0.0,40.93,24.07,37.41,17.97
2002-04-01,0.0,38.05,23.8,47.15,23.25
2002-04-02,0.0,39.2,22.79,36.56,15.37
2002-04-03,0.0,40.03,24.22,30.13,16.46
2002-04-04,0.0,40.42,23.6,29.93,13.77
2002-04-05,0.0,40.53,23.81,30.18,14.14
2002-04-06,0.0,40.1,24.14,30.27,14.61
2002-04-07,0.0,38.75,23.37,37.75,20.03
2002-04-08,0.0,37.46,24.34,42.34,23.59
2002-04-09,0.0,38.53,24.29,44.22,21.59
2002-04-10,0.0,38.79,23.82,39.05,20.65
2002-04-11,0.0,37.66,23.23,40.02,20.83
2002-04-12,0.0,38.92,22.7,30.64,14.15
2002-04-13,0.0,39.46,23.91,28.44,15.8
2002-04-14,0.0,38.99,23.52,29.85,15.46
2002-04-15,0.0,41.2,24.05,26.99,14.3
2002-04-16,0.0,42.68,25.14,25.98,11.82
2002-04-17,0.0,42.41,26.04,27.81,12.23
2002-04-18,0.0,43.03,25.61,27.42,12.91
2002-04-19,0.0,41.67,25.19,29.09,13.96
2002-04-20,0.0,42.03,24.49,26.48,10.78
2002-04-21,0.0,42.88,25.3,27.93,11.71
2002-04-22,0.0,41.67,26.18,33.54,12.54
2002-04-23,0.0,41.81,27.23,29.8,13.77
2002-04-24,0.0,43.66,28.95,23.35,9.68
2002-04-25,0.0,40.06,26.56,17.89,8.5
2002-04-26,0.0,41.85,24.95,18.02,9.63
2002-04-27,0.0,43.56,27.33,19.65,9.28
2002-04-28,0.0,43.25,27.69,26.73,9.31
2002-04-29,0.0,43.5,26.95,28.51,11.18
2002-04-30,0.0,42.28,26.1,38.65,14.1
2002-05-01,0.0,41.98,26.56,38.49,13.9
2002-05-02,0.0,41.88,26.01,28.72,13.47
2002-05-03,0.0,40.97,26.14,34.25,14.24
2002-05-04,0.0,40.28,25.61,36.51,16.24
2002-05-05,0.0,40.51,25.38,43.07,19.84
2002-05-06,0.0,41.19,26.31,36.32,14.88
2002-05-07,0.0,40.66,25.84,27.94,14.12
2002-05-08,0.0,40.9,26.42,27.08,13.25
2002-05-09,0.0,41.07,26.15,39.36,18.84
2002-05-10,0.0,44.54,27.62,30.51,14.78
2002-05-11,0.0,43.87,29.4,29.87,13.42
2002-05-12,0.0,44.03,27.96,32.04,12.01
2002-05-13,0.0,44.53,28.37,33.21,12.24
2002-05-14,0.0,45.48,28.49,35.38,11.71
2002-05-15,4.82,42.29,28.53,57.65,22.5
2002-05-16,0.0,42.56,28.44,78.03,26.94
2002-05-17,0.0,43.24,28.17,64.61,17.75
2002-05-18,0.0,41.33,28.2,69.05,30.61
2002-05-19,0.0,41.23,29.05,67.43,32.79
2002-05-20,0.0,41.65,28.11,65.01,24.09
2002-05-21,0.0,40.84,26.67,51.38,19.26
2002-05-22,0.0,42.49,27.64,44.76,15.94
2002-05-23,4.08,43.94,28.03,37.3,17.25
2002-05-24,4.4,38.28,25.05,96.37,38.29
2002-05-25,0.0,39.83,27.98,60.35,22.44
2002-05-26,0.0,44.49,30.94,38.14,18.31
2002-05-27,0.0,44.45,30.29,49.45,18.17
2002-05-28,0.0,43.06,29.4,64.11,22.4
2002-05-29,0.0,42.21,28.36,63.88,19.73
2002-05-30,0.0,43.26,28.21,39.97,14.45
2002-05-31,1.36,43.29,28.58,49.18,16.61
2002-06-01,0.23,43.08,28.21,46.21,16.82
2002-06-02,0.0,42.72,28.42,49.11,18.35
2002-06-03,0.0,42.36,28.91,55.38,19.06
2002-06-04,5.94,39.66,28.63,74.14,28.07
2002-06-05,0.66,37.84,27.07,83.12,37.47
2002-06-06,0.7,37.1,24.73,96.48,45.13
2002-06-07,0.0,37.83,23.99,94.57,33.57
2002-06-08,0.0,40.53,26.7,65.96,28.15
2002-06-09,0.0,39.46,26.72,73.78,32.49
2002-06-10,0.0,39.77,27.49,67.56,26.48
2002-06-11,0.0,39.74,27.69,58.59,27.31
2002-06-12,15.85,40.38,27.47,82.99,31.58
2002-06-13,0.37,37.64,27.62,73.04,35.4
2002-06-14,0.0,39.1,26.36,70.09,29.4
2002-06-15,0.0,39.11,27.1,67.2,25.26
2002-06-16,3.76,38.1,26.98,75.09,33.84
2002-06-17,6.5,37.19,26.95,84.25,42.97
2002-06-18,0.0,37.1,27.03,82.65,34.76
2002-06-19,0.0,39.12,28.14,67.31,28.68
2002-06-20,1.32,39.43,27.99,71.08,35.78
2002-06-21,3.55,36.76,24.78,95.82,45.29
2002-06-22,0.24,35.86,24.15,95.92,48.3
2002-06-23,0.0,37.39,25.5,93.38,46.01
2002-06-24,0.0,37.24,25.79,87.82,44.58
2002-06-25,0.02,37.01,26.71,84.32,45.57
2002-06-26,15.14,36.94,26.35,91.58,43.61
2002-06-27,4.23,36.1,26.51,91.39,48.15
2002-06-28,0.38,37.18,26.55,88.0,40.08
2002-06-29,0.0,39.44,27.13,76.22,32.45
2002-06-30,0.0,38.41,27.8,76.12,41.73
2002-07-01,3.16,39.12,27.57,72.95,39.66
2002-07-02,0.0,34.48,23.64,90.17,57.39
2002-07-03,0.0,37.03,24.09,92.11,38.58
2002-07-04,0.0,39.59,24.75,73.39,27.67
2002-07-05,19.82,36.95,25.65,84.37,44.52
2002-07-06,22.93,36.4,24.61,89.36,47.13
2002-07-07,0.58,33.67,25.0,94.92,56.86
2002-07-08,0.0,35.26,23.42,90.47,56.0
2002-07-09,0.03,35.77,24.25,92.27,50.44
2002-07-10,0.0,36.32,25.0,77.73,37.46
2002-07-11,0.0,37.08,25.21,78.11,40.04
2002-07-12,0.51,36.86,26.42,72.69,40.86
2002-07-13,0.0,38.97,26.04,78.98,37.35
2002-07-14,0.04,38.72,27.02,74.28,41.74
2002-07-15,0.02,37.52,25.74,78.08,40.11
2002-07-16,0.0,36.4,24.91,86.93,45.88
2002-07-17,0.03,33.02,24.36,86.28,54.53
2002-07-18,0.0,37.86,24.07,87.95,36.79
2002-07-19,0.01,37.97,25.86,73.84,34.26
2002-07-20,15.18,34.99,25.54,80.8,49.67
2002-07-21,0.0,36.77,25.82,80.86,45.8
2002-07-22,0.08,39.19,26.37,77.14,36.88
2002-07-23,0.08,38.3,27.1,73.99,37.69
2002-07-24,0.01,37.2,25.52,83.29,42.94
2002-07-25,0.0,37.66,25.74,81.67,44.83
2002-07-26,0.0,38.1,26.2,78.1,35.77
2002-07-27,0.01,37.67,26.54,70.0,40.08
2002-07-28,0.0,37.14,25.52,78.37,40.22
2002-07-29,0.45,36.6,24.93,80.65,40.91
2002-07-30,0.02,36.32,24.72,82.14,39.45
2002-07-31,0.0,38.19,24.76,73.45,31.81
2002-08-01,0.0,39.34,25.61,69.29,33.0
2002-08-02,0.04,38.09,26.19,73.52,37.02
2002-08-03,0.0,36.25,24.98,80.68,39.65
2002-08-04,1.14,32.88,23.13,94.48,56.89
2002-08-05,0.0,34.43,22.62,93.21,48.12
2002-08-06,6.45,36.97,25.22,75.77,40.31
2002-08-07,3.22,34.5,25.82,78.07,48.87
2002-08-08,0.08,35.14,24.3,85.58,45.12
2002-08-09,0.0,36.81,24.48,83.11,41.79
2002-08-10,31.48,34.21,25.74,82.63,53.45
2002-08-11,0.0,35.01,23.84,93.17,51.79
2002-08-12,0.87,37.83,25.88,82.11,43.42
2002-08-13,10.37,33.64,26.11,85.34,58.16
2002-08-14,0.0,35.85,23.65,94.85,47.59
2002-08-15,4.52,37.99,25.63,82.77,47.8
2002-08-16,0.0,34.42,24.09,91.23,53.27
2002-08-17,0.0,35.49,24.6,87.57,46.31
2002-08-18,14.54,31.84,25.15,89.45,62.21
2002-08-19,0.02,30.77,22.68,95.87,66.98
2002-08-20,0.36,33.36,22.55,95.89,58.97
2002-08-21,19.59,31.26,22.82,98.71,71.05
2002-08-22,13.37,34.42,23.3,97.1,53.89
2002-08-23,2.4,34.74,25.17,86.3,53.82
2002-08-24,0.0,35.0,24.46,90.26,52.31
2002-08-25,6.34,34.65,25.15,93.59,56.94
2002-08-26,0.42,33.69,22.68,97.8,58.04
2002-08-27,6.73,34.32,24.17,94.81,57.48
2002-08-28,8.17,33.57,24.53,87.35,55.07
2002-08-29,0.0,33.96,23.35,89.47,54.06
2002-08-30,19.18,36.64,24.58,87.6,47.0
2002-08-31,0.04,35.57,25.99,86.63,49.25
2002-09-01,0.02,35.03,24.15,88.12,51.05
2002-09-02,10.58,35.33,23.98,86.71,51.42
2002-09-03,0.0,37.38,24.87,78.88,43.04
2002-09-04,0.0,38.36,25.1,86.46,40.59
2002-09-05,3.27,37.49,26.36,77.01,43.51
2002-09-06,0.0,36.5,24.79,83.88,44.36
2002-09-07,40.02,36.68,24.65,81.38,43.39
2002-09-08,0.0,34.12,24.42,90.15,58.41
2002-09-09,0.18,35.25,22.89,94.31,51.53
2002-09-10,5.29,35.09,24.04,92.12,55.16
2002-09-11,0.0,34.21,22.43,96.7,55.92
2002-09-12,0.0,34.82,23.17,92.05,52.52
2002-09-13,19.55,34.27,23.74,96.39,55.96
2002-09-14,0.0,30.8,22.03,99.32,68.84
2002-09-15,0.0,33.05,22.23,98.6,60.19
2002-09-16,0.77,33.61,22.37,97.8,58.68
2002-09-17,3.06,32.35,22.52,97.57,68.46
2002-09-18,0.12,32.01,22.1,98.98,67.36
2002-09-19,1.63,33.77,22.98,99.4,61.83
2002-09-20,0.0,33.13,23.0,96.41,58.79
2002-09-21,0.0,33.83,22.58,93.64,58.86
2002-09-22,0.0,34.92,23.15,91.65,52.48
2002-09-23,0.0,34.62,23.84,89.14,54.97
2002-09-24,0.0,34.68,24.04,89.75,53.46
2002-09-25,0.0,34.41,23.46,97.15,58.43
2002-09-26,0.0,35.08,23.27,97.69,52.21
2002-09-27,0.0,34.46,22.84,92.24,56.76
2002-09-28,0.0,34.24,23.39,90.6,55.15
2002-09-29,0.0,35.52,23.73,91.19,50.99
2002-09-30,0.48,34.8,24.7,89.84,57.25
2002-10-01,0.29,35.45,21.97,98.52,55.98
2002-10-02,0.0,35.75,21.37,98.4,49.08
2002-10-03,0.01,36.61,23.0,98.71,45.34
2002-10-04,0.01,35.73,24.38,95.83,51.1
2002-10-05,0.1,32.89,22.09,98.83,61.95
2002-10-06,0.0,36.74,21.96,97.69,36.4
2002-10-07,0.13,34.79,23.39,92.45,51.61
2002-10-08,0.0,35.31,22.31,98.68,53.45
2002-10-09,11.27,31.5,21.57,99.29,73.18
2002-10-10,17.64,32.06,21.92,99.23,72.17
2002-10-11,9.77,32.89,22.03,99.28,64.65
2002-10-12,2.56,34.54,21.72,98.97,50.41
2002-10-13,0.0,38.07,24.32,79.36,32.87
2002-10-14,0.0,37.84,24.06,82.22,35.56
2002-10-15,0.0,36.85,23.37,93.82,39.39
2002-10-16,0.0,38.47,24.47,63.39,29.42
2002-10-17,0.0,38.33,24.33,53.16,25.8
2002-10-18,0.0,36.93,23.32,80.68,37.62
2002-10-19,0.0,37.92,23.26,82.25,32.28
2002-10-20,0.03,37.59,23.17,72.92,30.2
2002-10-21,0.0,39.36,24.17,65.01,26.3
2002-10-22,0.0,38.33,23.21,73.54,29.75
2002-10-23,0.0,37.72,23.17,79.62,30.9
2002-10-24,0.0,38.47,23.07,75.0,30.63
2002-10-25,2.25,38.09,23.01,81.58,34.22
2002-10-26,0.0,37.86,23.09,85.4,30.89
2002-10-27,0.0,39.93,23.16,53.24,13.42
2002-10-28,0.04,39.94,23.34,34.84,15.16
2002-10-29,0.0,38.61,22.86,36.79,15.48
2002-10-30,0.0,39.73,23.29,34.21,10.58
2002-10-31,0.0,38.4,23.14,35.52,15.63
2002-11-01,0.0,40.96,21.76,53.42,11.94
2002-11-02,0.0,40.04,20.61,31.09,11.76
2002-11-03,0.0,40.79,19.25,30.31,10.9
2002-11-04,0.0,39.37,19.36,29.89,11.92
2002-11-05,0.0,39.02,18.77,32.77,12.87
2002-11-06,0.0,39.49,19.21,31.52,11.78
2002-11-07,0.0,39.93,18.82,29.09,11.2
2002-11-08,0.0,39.26,19.18,29.13,12.44
2002-11-09,0.0,37.62,18.14,33.41,10.96
2002-11-10,0.0,37.27,17.38,31.82,10.98
2002-11-11,0.0,37.59,16.7,26.81,10.37
2002-11-12,0.0,39.82,17.96,28.18,9.84
2002-11-13,0.0,41.02,19.55,25.38,9.09
2002-11-14,0.0,41.1,20.53,26.72,11.73
2002-11-15,0.0,38.79,19.72,70.5,19.38
2002-11-16,0.0,39.37,19.44,41.9,11.79
2002-11-17,0.0,39.15,18.73,40.2,15.67
2002-11-18,0.0,40.05,19.8,48.67,18.47
2002-11-19,0.0,40.68,20.7,46.88,17.86
2002-11-20,0.0,39.85,20.57,42.64,17.07
2002-11-21,0.0,39.72,19.88,37.81,14.82
2002-11-22,0.0,40.28,20.0,37.67,16.01
2002-11-23,0.0,39.18,19.75,65.05,22.01
2002-11-24,0.0,40.72,20.64,60.61,16.49
2002-11-25,0.0,40.68,20.77,59.97,15.33
2002-11-26,0.0,38.23,20.78,32.71,11.89
2002-11-27,0.0,38.19,20.62,34.62,14.12
2002-11-28,0.0,39.99,19.57,34.21,11.82
2002-11-29,0.0,39.75,21.16,36.34,13.92
2002-11-30,0.0,38.94,20.36,39.09,16.01
2002-12-01,0.0,36.4,18.16,27.72,12.93
2002-12-02,0.0,34.4,16.55,35.98,18.42
2002-12-03,0.0,34.91,16.7,38.68,16.78
2002-12-04,0.0,36.26,16.02,32.0,13.75
2002-12-05,0.0,34.39,16.74,25.93,13.52
2002-12-06,0.0,37.3,18.13,37.08,15.71
2002-12-07,0.0,35.78,19.43,37.43,17.57
2002-12-08,0.0,35.02,20.66,43.43,23.97
2002-12-09,0.01,37.42,20.57,37.9,20.84
2002-12-10,0.03,35.29,20.51,47.68,25.29
2002-12-11,0.14,36.64,19.05,51.82,21.26
2002-12-12,0.0,36.37,19.58,55.21,23.76
2002-12-13,0.0,38.99,19.82,41.55,21.65
2002-12-14,0.0,38.48,21.38,33.46,15.08
2002-12-15,0.0,38.3,19.74,30.14,12.65
2002-12-16,0.0,38.79,18.48,27.96,12.22
2002-12-17,0.0,38.6,19.08,32.19,16.41
2002-12-18,0.0,40.86,20.63,38.52,14.28
2002-12-19,0.0,39.41,19.22,27.0,11.23
2002-12-20,0.0,38.09,17.91,23.53,9.33
2002-12-21,0.0,37.7,16.7,22.42,9.83
2002-12-22,0.0,38.36,17.0,23.47,9.43
2002-12-23,0.0,38.13,17.31,21.54,9.52
2002-12-24,0.0,37.74,17.78,29.39,12.2
2002-12-25,0.0,36.66,17.14,28.56,9.98
2002-12-26,0.0,36.14,16.27,27.39,10.96
2002-12-27,0.0,36.13,16.08,29.04,12.21
2002-12-28,0.0,36.28,15.71,29.17,10.3
2002-12-29,0.0,34.9,15.63,20.14,8.11
2002-12-30,0.0,35.11,15.04,16.44,7.17
2002-12-31,0.0,35.88,15.27,17.37,6.65
2003-01-01,0.0,35.5,16.5,15.7,6.94
2003-01-02,0.0,33.73,14.85,19.0,8.89
2003-01-03,0.0,35.68,15.22,20.56,8.56
2003-01-04,0.0,36.6,16.09,18.99,8.11
2003-01-05,0.0,35.56,15.81,18.81,8.8
2003-01-06,0.0,35.39,16.31,18.47,8.09
2003-01-07,0.0,34.06,15.61,18.09,8.71
2003-01-08,0.0,33.04,14.8,18.91,9.19
2003-01-09,0.0,33.29,15.06,21.51,9.49
2003-01-10,0.0,34.23,16.07,42.28,15.52
2003-01-11,0.0,32.28,15.83,48.29,20.26
2003-01-12,0.0,34.11,15.36,48.43,18.09
2003-01-13,0.0,36.05,16.85,35.95,15.43
2003-01-14,0.0,37.94,18.4,30.92,14.26
2003-01-15,0.0,36.06,18.81,33.6,15.23
2003-01-16,0.0,35.63,17.12,31.03,13.71
2003-01-17,0.0,36.51,17.6,31.01,16.67
2003-01-18,0.0,34.45,18.24,45.62,22.4
2003-01-19,0.0,36.04,19.64,42.63,20.37
2003-01-20,0.0,35.69,20.15,35.69,16.89
2003-01-21,0.0,34.43,19.99,28.72,14.45
2003-01-22,0.0,36.64,18.52,27.92,11.56
2003-01-23,0.0,38.11,18.06,30.96,17.35
2003-01-24,0.0,39.51,20.2,53.05,21.8
2003-01-25,0.0,38.87,21.78,35.85,15.52
2003-01-26,0.0,33.75,20.94,17.52,12.64
2003-01-27,0.0,31.93,18.03,15.63,7.21
2003-01-28,0.0,32.71,16.68,15.32,5.96
2003-01-29,0.0,32.56,15.33,18.58,9.27
2003-01-30,0.0,34.42,15.55,22.88,8.41
2003-01-31,0.0,36.34,16.24,20.17,8.22
2003-02-01,0.0,37.04,18.62,19.14,8.96
2003-02-02,0.0,38.94,19.36,18.92,8.53
2003-02-03,0.0,40.14,21.09,16.66,7.83
2003-02-04,0.0,37.84,20.52,20.5,9.39
2003-02-05,0.0,37.52,19.32,18.58,6.71
2003-02-06,0.0,39.7,19.62,17.61,7.66
2003-02-07,0.0,40.91,21.2,18.56,8.55
2003-02-08,0.0,40.57,21.6,19.29,6.79
2003-02-09,0.0,36.51,19.81,28.85,12.03
2003-02-10,0.0,35.95,20.18,32.58,15.75
2003-02-11,0.0,38.83,22.23,25.73,11.78
2003-02-12,0.0,39.93,22.26,27.64,10.58
2003-02-13,0.0,36.77,22.65,29.01,14.65
2003-02-14,0.0,33.52,20.83,49.47,26.39
2003-02-15,0.0,36.82,18.85,36.39,14.94
2003-02-16,0.0,34.17,19.14,38.52,13.73
2003-02-17,0.0,34.59,16.35,24.66,7.93
2003-02-18,0.0,36.56,18.24,27.12,11.78
2003-02-19,0.0,37.0,19.08,24.77,10.13
2003-02-20,0.0,37.64,18.28,18.31,7.16
2003-02-21,0.0,39.8,20.26,14.14,6.14
2003-02-22,0.0,40.78,21.85,14.54,6.28
2003-02-23,0.0,42.12,22.43,16.87,7.84
2003-02-24,0.0,38.74,20.91,26.48,10.4
2003-02-25,0.0,38.42,19.29,38.15,15.0
2003-02-26,0.0,40.38,20.56,30.98,13.67
2003-02-27,0.0,40.41,21.39,26.53,9.75
2003-02-28,0.0,40.87,21.41,24.6,13.16
2003-03-01,0.0,40.89,22.6,34.28,14.13
2003-03-02,0.0,37.5,22.22,18.37,8.35
2003-03-03,0.0,39.09,20.47,21.44,9.35
2003-03-04,0.0,40.05,21.61,20.18,8.68
2003-03-05,0.0,40.66,22.07,19.36,8.78
2003-03-06,0.0,41.25,22.12,17.05,9.09
2003-03-07,0.0,41.32,23.12,18.0,7.77
2003-03-08,0.0,41.41,23.37,21.51,10.26
2003-03-09,0.0,41.68,23.76,15.77,7.83
2003-03-10,0.0,40.46,22.86,15.57,6.7
2003-03-11,0.0,40.9,20.78,15.79,6.91
2003-03-12,0.0,41.84,22.53,21.54,8.53
2003-03-13,0.0,39.76,23.65,49.54,16.9
2003-03-14,0.0,42.11,24.03,47.69,12.63
2003-03-15,0.0,43.19,25.61,39.67,7.46
2003-03-16,0.0,42.28,23.55,19.65,9.16
2003-03-17,0.0,43.41,24.04,17.16,6.84
2003-03-18,0.0,43.38,23.97,16.64,6.89
2003-03-19,0.0,43.05,24.13,19.2,8.37
2003-03-20,0.0,42.78,23.85,23.72,10.06
2003-03-21,0.0,37.67,23.01,32.82,14.54
2003-03-22,0.0,37.81,20.48,51.99,17.55
2003-03-23,0.0,40.16,20.95,29.55,13.37
2003-03-24,0.0,41.33,23.13,23.73,11.52
2003-03-25,0.0,42.27,23.45,21.53,11.24
2003-03-26,0.0,42.5,24.32,22.96,11.12
2003-03-27,0.0,43.33,24.54,23.79,11.44
2003-03-28,0.0,44.19,24.94,21.95,9.23
2003-03-29,0.0,43.55,24.94,23.16,9.01
2003-03-30,0.0,43.38,24.48,22.26,8.31
2003-03-31,0.0,43.72,24.31,15.26,5.07
2003-04-01,0.0,44.82,26.2,17.71,5.51
2003-04-02,0.0,44.15,26.04,18.21,6.47
2003-04-03,0.0,41.04,24.61,41.74,9.98
2003-04-04,0.0,41.29,24.35,41.61,12.15
2003-04-05,0.0,41.01,23.75,27.58,12.7
2003-04-06,0.0,41.38,24.41,25.55,11.19
2003-04-07,0.0,39.25,24.37,33.69,17.1
2003-04-08,0.0,38.11,23.68,47.71,25.71
2003-04-09,0.0,39.61,23.56,40.37,18.65
2003-04-10,0.0,41.99,24.87,31.47,14.25
2003-04-11,0.0,44.55,26.83,24.02,12.8
2003-04-12,0.0,44.89,27.69,23.82,11.0
2003-04-13,0.0,44.08,28.8,31.05,12.8
2003-04-14,0.0,43.15,28.32,21.03,8.45
2003-04-15,0.0,41.09,25.37,29.13,13.1
2003-04-16,0.0,41.54,24.81,24.44,10.97
2003-04-17,0.0,42.55,25.29,22.96,9.93
2003-04-18,0.0,43.5,26.16,25.13,10.34
2003-04-19,0.0,42.53,26.48,36.75,12.5
2003-04-20,0.0,41.97,27.56,53.08,19.76
2003-04-21,0.0,42.76,26.88,42.57,14.17
2003-04-22,0.0,44.55,27.59,28.24,10.89
2003-04-23,0.0,43.48,28.32,28.84,14.19
2003-04-24,0.0,45.48,28.22,26.66,10.08
2003-04-25,0.13,44.34,27.76,44.9,15.29
2003-04-26,0.0,44.4,28.07,43.74,15.49
2003-04-27,0.0,44.68,28.06,41.54,13.96
2003-04-28,0.0,42.83,27.96,51.74,19.19
2003-04-29,0.0,42.27,27.15,66.5,22.28
2003-04-30,0.0,41.91,26.46,54.47,17.21
2003-05-01,0.0,41.69,27.01,56.11,20.6
2003-05-02,0.0,41.33,27.91,67.5,28.6
2003-05-03,0.0,42.9,28.71,59.28,18.49
2003-05-04,0.0,42.5,27.97,48.65,19.71
2003-05-05,0.01,42.53,27.89,57.45,23.49
2003-05-06,0.04,40.58,27.72,64.8,26.59
2003-05-07,0.0,41.38,27.24,66.28,23.24
2003-05-08,0.0,41.26,27.22,55.15,20.43
2003-05-09,0.0,38.89,27.53,57.52,27.02
2003-05-10,0.0,39.98,27.93,75.12,19.49
2003-05-11,0.0,41.99,27.34,71.94,20.29
2003-05-12,0.0,40.36,27.32,62.58,24.47
2003-05-13,0.0,40.43,26.97,59.41,23.84
2003-05-14,0.0,42.21,27.13,55.87,19.3
2003-05-15,0.0,42.25,27.59,44.62,19.04
2003-05-16,0.0,37.97,27.48,48.86,26.65
2003-05-17,0.0,41.71,26.85,55.42,20.7
2003-05-18,0.06,40.19,26.96,47.92,19.67
2003-05-19,0.0,42.56,28.3,38.49,17.33
2003-05-20,0.0,45.71,29.53,34.09,13.3
2003-05-21,0.0,42.32,29.01,62.08,24.69
2003-05-22,0.0,40.88,28.63,70.77,21.88
2003-05-23,0.0,43.24,28.27,35.37,13.08
2003-05-24,0.0,41.19,27.22,51.92,16.24
2003-05-25,0.0,40.97,27.2,68.2,23.33
2003-05-26,0.0,41.58,27.41,67.34,14.78
2003-05-27,0.0,42.98,27.02,36.15,11.8
2003-05-28,0.0,40.71,26.77,36.43,16.29
2003-05-29,0.0,38.84,25.6,45.63,21.94
2003-05-30,0.0,39.91,25.59,42.46,19.28
2003-05-31,0.41,40.26,25.64,47.4,20.28
2003-06-01,0.0,41.16,27.54,36.41,14.82
2003-06-02,0.0,40.5,27.57,42.57,19.62
2003-06-03,0.0,41.55,28.42,47.2,19.53
2003-06-04,0.0,42.71,29.4,39.83,17.82
2003-06-05,7.99,42.37,29.4,41.32,20.06
2003-06-06,0.0,39.21,28.95,54.47,26.28
2003-06-07,2.31,39.86,28.47,69.3,30.78
2003-06-08,9.8,41.24,27.43,75.14,29.27
2003-06-09,0.0,39.6,27.4,78.78,29.51
2003-06-10,0.0,41.5,26.62,77.62,23.65
2003-06-11,0.0,39.5,27.94,68.32,32.51
2003-06-12,0.28,40.09,27.91,61.87,26.37
2003-06-13,12.59,41.67,27.51,74.09,23.92
2003-06-14,0.0,40.84,27.98,78.55,29.7
2003-06-15,11.23,41.09,28.52,67.29,30.77
2003-06-16,0.2,41.28,28.39,68.95,28.01
2003-06-17,0.0,40.37,27.55,64.08,27.66
2003-06-18,0.0,40.41,28.19,67.77,32.04
2003-06-19,0.0,40.32,28.06,61.39,25.36
2003-06-20,0.0,40.67,27.99,52.19,23.88
2003-06-21,0.0,40.08,27.74,64.25,27.85
2003-06-22,0.27,38.01,27.58,71.82,37.23
2003-06-23,0.03,32.09,23.24,97.16,64.69
2003-06-24,21.02,34.46,22.18,98.73,57.63
2003-06-25,0.01,33.44,23.54,99.1,56.46
2003-06-26,0.0,34.41,24.85,96.55,55.03
2003-06-27,27.13,34.76,25.07,94.43,52.95
2003-06-28,0.05,33.01,24.16,99.31,60.74
2003-06-29,0.0,32.96,23.43,98.91,62.88
2003-06-30,1.3,30.38,23.91,98.92,76.98
2003-07-01,9.22,29.65,22.86,98.84,72.63
2003-07-02,0.06,32.55,22.03,98.55,58.6
2003-07-03,12.99,33.01,24.31,91.89,57.91
2003-07-04,16.29,34.07,23.78,89.94,57.96
2003-07-05,0.0,33.9,23.45,97.13,54.52
2003-07-06,23.94,33.84,23.63,98.08,56.22
2003-07-07,7.52,31.51,23.38,92.7,67.04
2003-07-08,0.0,33.57,23.58,97.08,58.83
2003-07-09,0.49,34.69,24.68,88.12,55.14
2003-07-10,5.85,32.7,24.26,92.89,58.24
2003-07-11,0.32,33.15,22.97,95.36,57.61
2003-07-12,0.0,33.86,23.03,96.08,55.15
2003-07-13,0.01,34.16,24.05,96.84,56.39
2003-07-14,11.97,34.6,24.22,90.97,51.22
2003-07-15,4.24,34.91,24.92,90.42,49.97
2003-07-16,0.0,30.86,22.91,97.55,65.44
2003-07-17,4.26,32.4,22.7,98.83,58.65
2003-07-18,5.31,32.19,24.3,89.51,62.2
2003-07-19,0.19,34.02,23.25,98.4,55.48
2003-07-20,6.27,32.54,24.95,84.82,60.54
2003-07-21,0.07,32.76,23.22,96.57,58.08
2003-07-22,0.0,34.11,22.96,92.62,50.66
2003-07-23,0.03,36.61,24.96,78.46,44.57
2003-07-24,1.36,37.2,25.43,78.59,43.43
2003-07-25,21.76,33.12,23.69,97.92,57.76
2003-07-26,0.0,33.14,23.42,95.46,59.23
2003-07-27,4.88,33.82,23.4,97.76,55.26
2003-07-28,7.58,34.62,24.39,85.4,54.21
2003-07-29,0.0,35.6,24.37,89.91,49.9
2003-07-30,1.91,35.6,25.65,85.98,50.24
2003-07-31,0.0,33.93,23.85,95.99,54.86
2003-08-01,0.0,34.68,23.3,88.85,50.41
2003-08-02,0.32,35.87,25.03,81.71,48.31
2003-08-03,5.88,33.98,24.23,91.83,54.54
2003-08-04,0.0,34.47,23.73,94.98,55.02
2003-08-05,8.21,36.02,24.38,90.85,50.16
2003-08-06,0.01,36.67,24.54,87.74,44.0
2003-08-07,33.6,35.96,25.01,80.68,48.17
2003-08-08,19.82,33.98,23.13,89.36,51.41
2003-08-09,27.15,31.33,23.22,97.1,64.23
2003-08-10,22.61,28.05,22.33,99.52,85.04
2003-08-11,7.37,29.49,22.53,99.07,68.77
2003-08-12,6.67,27.6,22.51,99.26,85.22
2003-08-13,20.48,32.48,22.31,99.2,66.22
2003-08-14,10.31,32.98,23.46,99.4,59.97
2003-08-15,5.64,32.9,22.33,98.52,56.69
2003-08-16,0.86,31.66,23.02,98.05,67.62
2003-08-17,13.68,31.35,22.63,99.33,68.38
2003-08-18,11.64,32.36,22.77,98.94,64.28
2003-08-19,1.49,33.08,23.11,93.79,59.91
2003-08-20,0.17,32.93,24.22,88.03,61.05
2003-08-21,27.36,33.27,23.56,92.99,61.82
2003-08-22,27.81,31.44,22.98,98.59,72.23
2003-08-23,0.0,33.12,23.02,99.47,62.47
2003-08-24,41.6,32.44,22.93,97.92,64.56
2003-08-25,0.79,32.41,22.65,99.26,61.7
2003-08-26,0.0,33.88,23.11,94.15,54.31
2003-08-27,1.97,33.74,24.24,96.11,55.91
2003-08-28,16.55,31.71,22.67,98.96,72.2
2003-08-29,0.38,34.4,22.77,99.37,56.82
2003-08-30,1.62,33.55,24.36,87.29,57.92
2003-08-31,0.17,32.19,23.38,92.38,67.12
2003-09-01,3.41,34.0,21.86,99.45,61.3
2003-09-02,0.0,33.04,23.04,93.23,58.47
2003-09-03,22.15,33.8,21.95,99.23,56.47
2003-09-04,37.86,30.79,21.75,99.45,69.41
2003-09-05,14.51,32.04,21.52,99.35,65.0
2003-09-06,12.29,33.99,22.16,99.63,59.67
2003-09-07,0.36,33.4,22.59,92.79,57.83
2003-09-08,25.78,30.8,23.09,96.86,67.16
2003-09-09,7.68,31.55,21.76,99.71,66.34
2003-09-10,0.21,33.46,22.85,92.15,57.38
2003-09-11,4.61,31.55,23.62,88.41,66.62
2003-09-12,0.48,34.44,22.39,99.05,55.25
2003-09-13,0.0,34.35,23.85,86.83,57.79
2003-09-14,26.82,31.61,22.7,97.71,72.29
2003-09-15,6.41,33.16,22.29,99.67,58.35
2003-09-16,18.07,31.09,23.41,95.0,68.26
2003-09-17,26.67,32.51,21.78,99.69,60.28
2003-09-18,0.24,33.75,22.81,88.28,53.79
2003-09-19,0.0,35.5,23.81,79.63,45.35
2003-09-20,14.46,36.49,24.32,73.22,44.63
2003-09-21,17.14,35.22,24.27,87.61,50.5
2003-09-22,7.68,33.97,22.51,94.65,58.6
2003-09-23,9.26,32.56,21.75,99.65,63.86
2003-09-24,0.0,34.2,22.3,97.83,54.89
2003-09-25,0.0,36.81,23.51,88.73,43.04
2003-09-26,0.0,37.86,25.19,66.46,35.08
2003-09-27,0.0,37.46,25.3,60.24,35.09
2003-09-28,8.22,36.48,24.8,76.07,42.76
2003-09-29,0.0,36.13,23.43,88.18,44.1
2003-09-30,9.28,37.0,24.59,75.52,40.72
2003-10-01,0.0,34.84,23.08,98.22,54.18
2003-10-02,0.0,36.13,21.8,99.45,47.4
2003-10-03,0.0,37.6,23.27,89.86,34.39
2003-10-04,0.6,38.42,23.89,71.34,34.74
2003-10-05,0.19,37.47,24.35,74.0,40.49
2003-10-06,0.0,36.64,23.62,94.89,47.47
2003-10-07,4.02,36.4,22.88,97.77,47.47
2003-10-08,2.83,36.98,22.73,96.06,37.26
2003-10-09,0.02,38.38,23.51,73.63,27.62
2003-10-10,0.0,38.28,23.8,63.23,32.62
2003-10-11,0.0,38.13,23.41,80.8,36.86
2003-10-12,0.0,39.63,24.28,68.05,28.42
2003-10-13,0.0,39.63,24.52,66.83,28.05
2003-10-14,0.0,39.71,24.11,74.75,23.49
2003-10-15,0.0,37.16,23.44,92.98,35.72
2003-10-16,0.0,37.54,23.74,95.77,42.57
2003-10-17,1.68,36.06,23.82,97.85,52.03
2003-10-18,0.11,35.71,21.76,98.92,49.38
2003-10-19,8.25,36.82,23.4,95.58,44.92
2003-10-20,23.68,33.49,23.02,99.26,60.68
2003-10-21,9.06,33.78,20.75,99.24,48.35
2003-10-22,2.49,35.57,22.34,85.08,45.42
2003-10-23,0.0,37.15,23.51,92.68,38.75
2003-10-24,0.0,38.4,24.85,63.39,27.93
2003-10-25,0.0,38.67,23.49,52.98,25.59
2003-10-26,0.0,39.32,23.8,51.25,22.73
2003-10-27,0.23,38.66,23.84,52.73,27.04
2003-10-28,0.0,38.35,24.17,64.75,35.21
2003-10-29,0.0,39.1,24.89,75.9,34.03
2003-10-30,0.0,39.57,25.24,70.94,33.78
2003-10-31,0.12,39.45,25.7,69.86,28.59
2003-11-01,0.0,39.33,20.92,95.05,26.81
2003-11-02,0.0,39.44,20.88,72.54,27.17
2003-11-03,0.03,37.45,21.44,88.48,35.81
2003-11-04,0.01,39.94,21.34,78.0,21.33
2003-11-05,0.0,39.84,21.04,43.55,11.98
2003-11-06,0.0,38.35,19.13,33.69,11.81
2003-11-07,0.0,38.19,19.63,57.99,21.15
2003-11-08,0.0,38.0,19.69,84.88,31.43
2003-11-09,0.0,38.48,20.01,98.52,30.72
2003-11-10,0.0,39.27,21.13,49.51,15.41
2003-11-11,0.0,40.1,20.8,37.43,15.32
2003-11-12,0.0,40.13,20.57,40.07,13.79
2003-11-13,0.0,38.6,19.07,40.44,14.55
2003-11-14,0.0,36.7,17.74,36.55,13.81
2003-11-15,0.0,36.68,17.06,43.71,15.15
2003-11-16,0.0,37.83,17.57,42.69,15.81
2003-11-17,0.0,38.25,18.33,37.95,14.17
2003-11-18,0.0,38.82,19.03,39.09,13.69
2003-11-19,0.0,38.56,19.38,39.07,15.35
2003-11-20,0.0,36.74,20.8,39.9,17.12
2003-11-21,0.0,37.48,21.13,44.4,19.75
2003-11-22,0.0,39.15,20.65,50.8,19.88
2003-11-23,0.0,39.29,20.15,47.34,17.93
2003-11-24,0.0,40.19,20.46,41.48,16.15
2003-11-25,0.0,39.37,19.74,44.05,15.8
2003-11-26,0.0,37.88,19.3,52.29,20.4
2003-11-27,0.0,39.07,20.41,50.11,18.6
2003-11-28,0.0,38.87,20.29,46.39,18.12
2003-11-29,0.0,39.19,20.5,42.41,16.14
2003-11-30,0.0,39.3,20.45,40.7,14.83
2003-12-01,0.0,37.66,19.19,31.88,12.78
2003-12-02,0.0,35.87,17.06,30.24,12.89
2003-12-03,0.0,34.72,15.65,36.01,13.81
2003-12-04,0.0,33.91,15.99,45.76,18.69
2003-12-05,0.0,35.43,17.8,38.96,17.45
2003-12-06,0.0,36.27,18.01,35.16,14.73
2003-12-07,0.0,39.31,19.0,30.98,13.3
2003-12-08,0.0,38.53,18.27,23.29,9.67
2003-12-09,0.0,39.06,18.32,28.56,11.38
2003-12-10,0.0,39.17,18.78,33.09,13.38
2003-12-11,0.0,37.31,18.54,44.09,17.87
2003-12-12,0.0,35.68,16.68,46.24,20.18
2003-12-13,0.0,34.94,17.15,47.24,18.18
2003-12-14,0.0,33.88,15.9,33.06,14.74
2003-12-15,0.0,32.56,15.12,29.69,12.86
2003-12-16,0.0,35.19,15.04,29.55,11.71
2003-12-17,0.0,36.91,16.69,33.31,12.17
2003-12-18,0.0,37.7,17.84,28.98,11.6
2003-12-19,0.0,37.57,17.56,31.21,13.37
2003-12-20,0.0,37.35,17.2,30.1,12.8
2003-12-21,0.0,36.75,17.74,29.97,14.26
2003-12-22,0.0,36.41,17.37,28.58,13.3
2003-12-23,0.0,35.19,17.28,27.76,12.65
2003-12-24,0.0,36.31,16.88,27.73,11.37
2003-12-25,0.0,35.93,17.56,22.89,10.6
2003-12-26,0.0,31.48,16.05,24.41,7.29
2003-12-27,0.0,31.02,15.21,19.16,8.82
2003-12-28,0.0,30.99,13.38,27.0,10.39
2003-12-29,0.0,30.08,14.51,22.59,9.57
2003-12-30,0.0,31.77,15.44,18.43,10.07
2003-12-31,0.0,36.04,16.46,22.23,10.3
2004-01-01,0.0,36.26,17.17,24.57,9.95
2004-01-02,0.0,36.12,17.54,25.11,11.15
2004-01-03,0.0,36.05,17.3,25.86,10.19
2004-01-04,0.0,36.74,17.66,23.86,9.97
2004-01-05,0.0,36.38,17.95,29.63,11.94
2004-01-06,0.0,37.63,18.31,27.04,10.66
2004-01-07,0.0,35.79,19.02,25.73,12.87
2004-01-08,0.21,30.18,18.99,30.22,14.73
2004-01-09,0.0,26.43,15.22,87.88,25.18
2004-01-10,0.0,29.39,15.37,85.53,34.81
2004-01-11,0.0,35.3,17.14,51.61,15.53
2004-01-12,0.0,35.99,19.57,27.66,13.54
2004-01-13,0.0,39.25,20.73,21.11,7.9
2004-01-14,0.0,38.02,20.07,15.96,6.85
2004-01-15,0.0,33.51,18.66,41.4,8.06
2004-01-16,0.0,36.63,17.5,30.66,13.87
2004-01-17,0.0,36.89,18.91,45.3,17.79
2004-01-18,0.0,36.8,18.47,51.4,18.63
2004-01-19,0.0,37.0,18.2,47.14,20.0
2004-01-20,0.0,36.14,17.69,42.6,18.66
2004-01-21,0.0,35.15,17.52,32.46,13.75
2004-01-22,0.0,30.38,16.98,22.84,7.92
2004-01-23,0.0,34.6,16.36,16.37,8.26
2004-01-24,0.0,35.5,16.77,20.29,9.23
2004-01-25,0.0,34.75,16.31,19.3,7.62
2004-01-26,0.0,34.23,15.76,23.59,9.58
2004-01-27,0.0,36.34,16.39,21.12,8.91
2004-01-28,0.0,36.74,17.04,17.56,7.7
2004-01-29,0.0,36.77,17.15,17.18,7.88
2004-01-30,0.0,35.23,16.99,18.88,8.01
2004-01-31,0.0,34.17,16.34,30.69,10.9
2004-02-01,0.0,34.29,15.91,38.7,15.0
2004-02-02,0.0,35.17,17.14,29.74,13.01
2004-02-03,0.0,38.67,18.95,25.2,9.38
2004-02-04,0.0,37.9,21.2,18.94,7.37
2004-02-05,0.0,34.96,18.03,13.95,8.31
2004-02-06,0.0,34.83,16.8,18.49,8.62
2004-02-07,0.0,35.35,17.33,17.41,8.58
2004-02-08,0.0,36.26,17.99,19.78,9.27
2004-02-09,0.0,37.43,18.17,21.28,9.94
2004-02-10,0.0,37.76,20.16,20.88,9.02
2004-02-11,0.0,38.23,20.96,18.61,8.55
2004-02-12,0.0,40.02,20.49,17.55,7.26
2004-02-13,0.0,40.46,20.98,17.12,7.67
2004-02-14,0.0,39.51,21.86,15.02,6.87
2004-02-15,0.0,40.21,22.56,17.8,8.88
2004-02-16,0.0,41.28,21.99,26.56,11.23
2004-02-17,0.0,41.81,22.24,24.0,10.2
2004-02-18,0.0,41.19,23.11,29.08,12.6
2004-02-19,0.0,38.56,22.32,56.89,25.36
2004-02-20,0.0,35.9,20.92,70.51,29.87
2004-02-21,0.0,36.61,21.07,60.59,34.48
2004-02-22,0.0,39.14,20.66,48.11,19.69
2004-02-23,0.0,41.36,21.91,36.77,17.0
2004-02-24,0.0,40.51,22.66,45.06,15.92
2004-02-25,0.0,40.78,20.61,45.17,13.24
2004-02-26,0.0,40.98,21.6,37.84,10.12
2004-02-27,0.0,41.28,21.7,33.82,11.36
2004-02-28,0.0,40.64,21.51,39.73,16.23
2004-02-29,0.0,40.09,21.56,35.41,16.66
2004-03-01,0.0,37.1,20.71,34.79,15.68
2004-03-02,0.0,39.01,19.76,22.76,8.55
2004-03-03,0.0,38.74,19.67,17.06,7.83
2004-03-04,0.0,35.4,20.59,18.28,6.65
2004-03-05,0.0,32.91,16.49,16.22,6.86
2004-03-06,0.0,35.89,16.84,23.08,8.08
2004-03-07,0.0,37.58,18.34,18.49,5.82
2004-03-08,0.0,38.97,19.39,13.54,5.22
2004-03-09,0.0,40.32,20.51,13.91,5.52
2004-03-10,0.0,40.82,21.47,13.23,5.5
2004-03-11,0.0,41.68,21.75,12.2,4.68
2004-03-12,0.0,42.55,22.81,15.82,5.77
2004-03-13,0.0,42.57,23.76,17.24,6.44
2004-03-14,0.0,41.67,23.15,16.74,7.41
2004-03-15,0.0,40.22,22.08,25.58,10.23
2004-03-16,0.0,41.63,22.6,22.06,7.36
2004-03-17,0.0,43.51,23.17,16.3,5.74
2004-03-18,0.0,42.81,25.13,13.74,5.47
2004-03-19,0.0,41.95,22.85,13.64,5.23
2004-03-20,0.0,42.14,22.56,14.28,5.56
2004-03-21,0.0,41.11,23.07,43.57,7.72
2004-03-22,0.0,40.18,23.47,41.68,12.01
2004-03-23,0.0,39.64,23.81,34.84,13.69
2004-03-24,0.0,40.28,23.18,34.83,15.23
2004-03-25,0.0,40.43,23.82,34.22,16.22
2004-03-26,0.0,40.42,23.79,36.71,19.52
2004-03-27,0.0,40.62,23.23,53.79,24.23
2004-03-28,0.0,37.34,22.88,47.72,25.37
2004-03-29,0.0,38.58,21.76,47.29,21.86
2004-03-30,0.0,39.43,22.43,36.96,16.02
2004-03-31,0.0,41.88,23.28,30.89,15.53
2004-04-01,0.0,42.46,26.11,29.86,15.21
2004-04-02,0.37,43.13,26.98,32.77,15.34
2004-04-03,0.0,43.41,27.23,33.22,17.5
2004-04-04,0.0,44.49,28.04,33.5,11.63
2004-04-05,0.0,44.42,27.9,25.83,9.97
2004-04-06,0.0,42.98,26.97,22.74,7.8
2004-04-07,0.0,42.6,26.2,30.26,10.94
2004-04-08,0.0,42.95,25.74,44.33,13.42
2004-04-09,0.0,42.95,25.96,36.81,12.55
2004-04-10,0.0,41.39,25.52,32.45,12.46
2004-04-11,0.0,40.71,25.03,30.23,14.42
2004-04-12,0.0,43.14,25.85,27.68,11.9
2004-04-13,0.0,43.87,27.5,26.43,13.65
2004-04-14,0.0,41.09,26.45,27.92,16.09
2004-04-15,0.0,37.73,23.64,34.05,12.89
2004-04-16,0.0,41.6,22.94,22.5,10.16
2004-04-17,0.0,41.94,25.88,25.16,11.55
2004-04-18,0.0,40.34,25.7,34.31,17.46
2004-04-19,0.0,43.17,26.47,27.22,11.73
2004-04-20,0.0,43.84,26.31,23.94,10.87
2004-04-21,0.0,43.38,25.28,20.81,7.82
2004-04-22,0.0,43.8,26.64,27.87,11.95
2004-04-23,0.0,42.31,26.22,49.09,16.35
2004-04-24,0.0,42.38,26.33,52.36,18.94
2004-04-25,0.0,41.45,26.85,53.33,20.31
2004-04-26,0.0,41.45,26.95,46.71,19.28
2004-04-27,0.0,42.02,25.88,47.19,16.08
2004-04-28,0.0,40.05,25.84,40.04,18.81
2004-04-29,0.0,39.79,24.54,42.72,19.33
2004-04-30,0.0,42.31,25.64,37.86,14.16
2004-05-01,0.0,43.61,26.73,25.17,10.69
2004-05-02,0.0,43.8,28.32,25.72,12.07
2004-05-03,0.0,43.46,27.64,33.87,14.51
2004-05-04,0.09,44.16,27.65,36.72,13.44
2004-05-05,0.0,43.55,27.38,25.36,11.4
2004-05-06,0.0,42.93,27.3,32.8,12.82
2004-05-07,0.0,43.02,26.78,37.05,12.15
2004-05-08,0.0,43.33,27.01,32.04,8.8
2004-05-09,0.0,43.38,27.4,29.13,12.07
2004-05-10,0.0,42.86,27.22,33.62,13.39
2004-05-11,0.0,41.83,26.54,51.39,17.66
2004-05-12,0.0,43.12,27.17,37.82,14.68
2004-05-13,0.0,43.65,28.43,30.48,11.52
2004-05-14,0.0,42.31,27.05,29.73,13.3
2004-05-15,0.0,41.04,26.69,45.13,14.61
2004-05-16,0.0,42.36,26.33,26.7,10.02
2004-05-17,0.0,41.36,26.25,31.31,13.12
2004-05-18,0.0,43.1,28.04,34.13,12.28
2004-05-19,0.0,44.12,27.48,36.5,13.47
2004-05-20,0.0,43.42,28.16,49.85,16.46
2004-05-21,0.0,40.36,27.43,67.26,27.68
2004-05-22,0.0,42.45,27.3,55.68,17.29
2004-05-23,0.09,43.59,27.87,47.9,17.02
2004-05-24,0.02,41.03,29.1,63.39,22.8
2004-05-25,0.03,41.65,28.23,67.65,25.58
2004-05-26,0.01,42.5,27.62,75.62,20.16
2004-05-27,0.0,42.42,28.55,49.14,23.78
2004-05-28,7.86,40.65,28.0,71.68,34.29
2004-05-29,0.0,38.06,25.63,96.81,36.04
2004-05-30,0.0,40.92,25.9,90.3,20.11
2004-05-31,0.0,41.91,27.3,49.67,18.28
2004-06-01,0.0,41.44,26.79,53.13,16.14
2004-06-02,0.0,38.49,27.14,63.29,33.77
2004-06-03,1.3,37.71,27.5,74.67,36.43
2004-06-04,0.55,37.1,25.74,89.44,43.95
2004-06-05,0.02,37.92,24.88,85.72,28.21
2004-06-06,0.0,39.29,26.23,80.38,36.77
2004-06-07,0.78,36.79,26.91,79.53,49.09
2004-06-08,5.2,38.55,25.51,86.51,33.82
2004-06-09,25.17,33.79,25.31,98.55,67.68
2004-06-10,0.04,29.09,23.01,99.3,74.97
2004-06-11,0.0,33.86,23.36,97.71,56.74
2004-06-12,0.01,35.26,24.41,94.72,51.29
2004-06-13,0.0,31.81,24.23,97.36,69.67
2004-06-14,11.68,34.01,23.72,98.7,51.19
2004-06-15,0.0,34.78,24.19,96.03,42.81
2004-06-16,0.0,35.57,24.47,66.48,31.91
2004-06-17,0.0,36.39,24.63,66.94,35.46
2004-06-18,0.0,36.32,25.72,70.76,36.83
2004-06-19,0.0,37.29,25.89,76.6,41.29
2004-06-20,0.2,34.87,26.58,72.9,45.72
2004-06-21,0.94,36.04,25.54,73.7,39.6
2004-06-22,0.0,36.18,25.9,81.41,37.23
2004-06-23,0.0,40.12,26.36,80.33,18.6
2004-06-24,0.0,39.0,26.38,62.98,29.44
2004-06-25,0.55,37.71,26.17,79.86,41.68
2004-06-26,20.37,36.31,26.07,90.26,44.95
2004-06-27,0.03,35.37,24.48,93.43,48.78
2004-06-28,13.56,37.28,24.78,91.92,38.8
2004-06-29,0.0,38.84,25.83,80.99,33.22
2004-06-30,0.0,38.59,26.94,73.36,33.65
2004-07-01,7.8,37.63,26.21,72.94,41.52
2004-07-02,10.18,36.43,25.97,84.53,47.66
2004-07-03,1.44,33.98,22.98,97.79,52.26
2004-07-04,1.12,35.79,24.16,88.5,46.08
2004-07-05,15.04,35.33,24.73,84.52,53.11
2004-07-06,0.3,33.72,23.82,93.68,54.89
2004-07-07,0.05,37.51,23.71,92.83,32.64
2004-07-08,2.87,36.52,25.53,73.99,44.89
2004-07-09,10.67,36.16,24.45,89.09,51.02
2004-07-10,0.0,29.99,23.73,97.01,76.44
2004-07-11,25.98,32.17,22.28,97.98,61.28
2004-07-12,0.27,28.94,22.28,97.88,74.3
2004-07-13,0.0,32.82,22.41,98.46,57.14
2004-07-14,19.3,34.68,23.7,88.81,52.74
2004-07-15,0.0,33.16,23.11,96.15,56.25
2004-07-16,0.0,33.78,23.57,92.68,54.27
2004-07-17,0.0,34.29,24.77,82.54,50.78
2004-07-18,3.22,34.47,25.38,80.74,53.51
2004-07-19,0.0,34.96,24.1,90.84,49.26
2004-07-20,5.63,33.77,25.24,83.37,52.33
2004-07-21,11.88,35.25,24.02,88.11,48.21
2004-07-22,6.81,34.22,23.75,86.97,51.09
2004-07-23,28.24,32.91,22.74,96.39,57.16
2004-07-24,20.82,29.7,22.81,98.94,71.25
2004-07-25,26.25,29.09,22.4,98.92,70.69
2004-07-26,7.59,30.08,22.17,99.38,67.65
2004-07-27,0.0,31.95,22.24,97.75,54.5
2004-07-28,0.04,30.65,22.7,98.26,65.2
2004-07-29,0.0,32.93,23.14,95.56,60.46
2004-07-30,23.53,33.36,23.23,98.48,60.41
2004-07-31,3.46,31.52,23.14,99.39,67.89
2004-08-01,9.42,32.17,23.03,98.99,62.84
2004-08-02,5.69,33.23,23.43,91.55,56.31
2004-08-03,1.25,31.51,23.41,89.0,66.32
2004-08-04,0.38,34.14,23.77,87.81,54.25
2004-08-05,0.0,33.02,24.63,94.2,61.73
2004-08-06,9.28,32.59,23.0,98.38,61.96
2004-08-07,0.95,30.44,23.98,95.24,72.04
2004-08-08,6.36,30.6,22.7,99.0,73.04
2004-08-09,0.32,33.61,22.83,98.88,55.93
2004-08-10,0.19,35.04,23.86,87.18,47.34
2004-08-11,0.0,34.71,24.77,78.19,48.39
2004-08-12,4.46,34.8,24.69,84.31,53.09
2004-08-13,0.81,32.81,23.23,95.1,60.3
2004-08-14,0.0,32.32,22.31,98.91,61.52
2004-08-15,0.03,32.47,23.54,95.39,60.76
2004-08-16,0.0,34.62,23.82,87.1,52.35
2004-08-17,5.13,33.13,25.12,86.64,59.81
2004-08-18,16.45,30.01,22.96,98.94,78.64
2004-08-19,0.49,32.98,23.19,99.06,61.79
2004-08-20,27.39,30.79,24.32,96.1,72.35
2004-08-21,0.14,32.67,22.9,99.46,64.08
2004-08-22,0.23,33.67,23.26,97.52,58.96
2004-08-23,0.0,34.63,24.76,84.39,53.32
2004-08-24,0.52,33.19,24.23,92.68,61.35
2004-08-25,8.0,30.03,22.97,99.31,77.98
2004-08-26,11.88,31.11,22.49,96.89,69.67
2004-08-27,7.64,31.95,23.33,99.37,67.33
2004-08-28,16.09,30.24,22.49,99.01,69.04
2004-08-29,17.58,32.98,22.54,99.17,57.66
2004-08-30,9.25,33.12,23.14,86.94,56.46
2004-08-31,11.36,31.46,23.12,93.52,68.04
2004-09-01,0.0,31.87,22.73,94.95,67.48
2004-09-02,3.79,33.18,22.55,97.88,62.15
2004-09-03,6.66,31.41,23.01,92.7,70.12
2004-09-04,0.0,34.02,22.23,99.24,55.19
2004-09-05,0.0,35.01,23.39,87.28,52.09
2004-09-06,6.01,35.13,23.62,86.37,53.24
2004-09-07,5.03,34.87,22.8,92.54,49.23
2004-09-08,5.37,35.48,24.28,85.19,48.74
2004-09-09,7.95,34.25,22.34,93.89,51.45
2004-09-10,7.85,35.82,23.42,88.32,44.69
2004-09-11,0.02,36.18,23.99,84.43,44.19
2004-09-12,3.92,36.42,23.99,85.07,43.53
2004-09-13,0.57,35.37,24.47,79.41,50.11
2004-09-14,1.04,35.3,23.75,87.34,56.43
2004-09-15,15.75,33.61,23.12,96.69,58.08
2004-09-16,0.99,32.29,22.04,99.7,61.67
2004-09-17,0.0,36.39,23.92,77.28,41.66
2004-09-18,0.0,37.63,24.37,70.05,34.78
2004-09-19,0.0,35.9,24.08,73.99,44.74
2004-09-20,8.35,35.6,24.19,81.41,48.85
2004-09-21,9.93,35.13,23.3,91.08,51.85
2004-09-22,0.0,34.37,22.85,91.84,51.4
2004-09-23,5.01,35.33,23.24,85.71,47.59
2004-09-24,0.0,33.69,23.95,84.06,55.89
2004-09-25,1.49,35.27,22.68,94.23,47.66
2004-09-26,2.19,35.64,23.72,80.85,50.64
2004-09-27,0.0,37.07,23.86,82.56,37.79
2004-09-28,0.71,37.65,24.37,67.54,28.86
2004-09-29,0.0,36.34,23.14,74.22,37.39
2004-09-30,0.0,38.4,23.91,63.51,24.93
2004-10-01,0.0,39.49,23.43,66.27,22.84
2004-10-02,0.14,38.41,23.33,69.45,33.47
2004-10-03,0.0,39.8,23.68,67.44,24.41
2004-10-04,0.0,39.43,23.48,68.25,24.83
2004-10-05,0.0,38.15,23.1,75.79,37.94
2004-10-06,0.07,37.65,23.49,89.39,40.38
2004-10-07,0.06,37.31,23.95,90.62,39.86
2004-10-08,0.09,40.2,25.19,76.85,23.92
2004-10-09,0.31,38.28,23.33,89.66,29.66
2004-10-10,0.0,39.33,22.92,67.52,22.23
2004-10-11,0.0,37.95,23.03,70.07,32.69
2004-10-12,0.13,38.18,23.02,78.88,35.76
2004-10-13,1.13,39.1,23.56,91.18,31.11
2004-10-14,0.01,40.45,24.37,72.64,21.54
2004-10-15,0.0,40.21,24.98,51.6,23.43
2004-10-16,0.0,37.84,23.25,78.04,33.82
2004-10-17,0.0,38.24,23.42,87.43,30.88
2004-10-18,0.1,39.43,23.62,78.15,27.6
2004-10-19,0.0,39.92,24.1,71.25,18.78
2004-10-20,0.0,40.69,23.6,54.83,16.15
2004-10-21,0.0,39.02,24.0,50.31,25.01
2004-10-22,0.0,38.35,22.62,88.74,31.85
2004-10-23,1.64,38.53,23.54,75.07,30.75
2004-10-24,0.0,38.13,23.1,88.13,23.52
2004-10-25,0.0,40.63,24.08,34.96,11.34
2004-10-26,0.0,40.06,24.12,31.95,14.77
2004-10-27,0.0,39.8,23.5,52.9,18.93
2004-10-28,0.02,38.5,22.68,76.26,29.29
2004-10-29,0.01,39.51,23.22,73.51,24.32
2004-10-30,0.0,40.42,24.23,67.01,15.28
2004-10-31,0.0,39.11,23.43,41.0,14.05
2004-11-01,0.0,40.51,20.8,47.54,18.58
2004-11-02,0.0,40.32,21.11,48.62,16.97
2004-11-03,0.0,40.51,20.81,39.78,14.38
2004-11-04,0.0,40.55,20.69,35.14,12.71
2004-11-05,0.0,39.86,20.45,36.77,14.06
2004-11-06,0.0,38.95,20.03,49.27,18.83
2004-11-07,0.66,39.06,20.97,59.15,21.39
2004-11-08,0.0,40.62,21.33,48.73,14.9
2004-11-09,0.0,41.29,21.03,33.98,13.28
2004-11-10,0.0,40.14,20.88,29.96,12.61
2004-11-11,0.0,40.98,21.87,39.98,14.1
2004-11-12,0.0,40.76,21.61,48.22,18.64
2004-11-13,0.0,39.33,21.44,58.78,22.74
2004-11-14,0.0,39.27,21.33,47.93,18.15
2004-11-15,0.0,38.76,20.19,44.65,18.21
2004-11-16,0.0,39.18,20.53,35.55,14.07
2004-11-17,0.0,38.29,20.62,26.4,11.66
2004-11-18,0.0,38.27,20.23,27.73,9.27
2004-11-19,0.0,36.66,19.47,24.5,10.11
2004-11-20,0.0,36.83,18.72,28.12,11.81
2004-11-21,0.0,38.51,18.69,34.54,11.38
2004-11-22,0.0,39.85,19.58,30.81,10.77
2004-11-23,0.0,40.05,19.87,30.92,11.1
2004-11-24,0.0,40.28,19.87,31.63,11.55
2004-11-25,0.0,39.7,20.13,34.69,12.76
2004-11-26,0.0,39.43,19.83,42.42,11.2
2004-11-27,0.0,38.28,18.75,29.33,11.01
2004-11-28,0.0,38.31,17.88,36.24,12.95
2004-11-29,0.0,38.62,19.09,35.7,12.23
2004-11-30,0.0,39.28,19.47,31.16,10.91
2004-12-01,0.0,37.32,18.02,38.31,16.42
2004-12-02,0.0,38.32,18.25,45.22,14.55
2004-12-03,0.0,38.13,18.82,44.47,17.27
2004-12-04,0.0,39.89,19.05,43.1,12.32
2004-12-05,0.0,38.72,18.67,35.87,14.1
2004-12-06,0.0,38.17,18.09,38.19,15.48
2004-12-07,0.0,36.12,18.52,38.22,17.71
2004-12-08,0.0,34.42,17.17,39.03,16.91
2004-12-09,0.0,35.16,16.87,27.45,13.01
2004-12-10,0.0,36.3,17.26,28.78,11.95
2004-12-11,0.0,35.34,17.18,30.67,12.55
2004-12-12,0.0,34.34,16.7,26.53,11.7
2004-12-13,0.0,36.57,16.73,24.37,9.35
2004-12-14,0.0,36.71,18.9,18.54,8.05
2004-12-15,0.0,34.13,17.56,51.65,18.63
2004-12-16,0.0,35.87,18.21,71.13,27.94
2004-12-17,0.0,37.45,18.97,53.94,23.89
2004-12-18,0.0,38.62,19.55,44.85,17.99
2004-12-19,0.0,38.86,19.63,37.0,16.31
2004-12-20,0.0,39.9,20.48,43.64,15.01
2004-12-21,0.0,40.01,20.17,37.87,14.88
2004-12-22,0.0,39.72,19.76,35.18,13.66
2004-12-23,0.0,40.27,19.65,35.15,14.27
2004-12-24,0.0,39.52,19.52,38.78,16.54
2004-12-25,0.0,37.02,18.75,41.01,16.85
2004-12-26,0.0,34.57,16.64,34.58,14.19
2004-12-27,0.0,34.72,15.93,35.75,15.17
2004-12-28,0.0,35.0,16.47,36.0,16.13
2004-12-29,0.0,36.97,17.67,35.11,13.33
2004-12-30,0.0,32.8,17.12,26.27,10.08
2004-12-31,0.0,32.61,16.66,13.86,6.63
2005-01-01,0.0,32.09,16.82,25.87,8.06
2005-01-02,0.0,30.75,14.68,26.67,13.54
2005-01-03,0.0,31.64,14.87,30.13,13.2
2005-01-04,0.0,32.54,14.94,27.43,12.59
2005-01-05,0.0,35.0,15.5,26.81,11.94
2005-01-06,0.0,36.0,17.34,30.57,14.54
2005-01-07,0.0,35.61,20.81,28.28,14.85
2005-01-08,0.0,36.51,19.76,24.26,10.71
2005-01-09,0.0,35.34,17.65,23.8,10.33
2005-01-10,0.0,33.58,17.66,23.81,11.64
2005-01-11,0.0,32.97,18.6,23.91,13.63
2005-01-12,0.0,31.89,19.22,22.86,11.99
2005-01-13,0.0,33.97,18.59,21.49,11.51
2005-01-14,0.0,35.55,17.84,25.02,11.17
2005-01-15,0.0,35.33,17.18,31.19,12.71
2005-01-16,0.0,36.73,17.09,31.2,12.33
2005-01-17,0.0,36.13,20.44,25.45,14.16
2005-01-18,0.0,38.48,19.71,24.35,10.09
2005-01-19,0.0,37.48,20.08,24.95,6.51
2005-01-20,0.0,36.04,19.3,20.27,7.95
2005-01-21,0.0,33.89,19.04,14.97,6.53
2005-01-22,0.0,36.17,16.97,14.72,6.47
2005-01-23,0.0,37.42,17.3,21.6,8.58
2005-01-24,0.0,38.26,17.99,24.26,9.67
2005-01-25,0.0,38.07,18.49,27.54,11.27
2005-01-26,0.0,37.31,17.9,24.68,10.53
2005-01-27,0.0,37.16,17.46,21.82,8.25
2005-01-28,0.0,36.04,17.12,22.9,9.65
2005-01-29,0.0,36.67,16.71,26.45,11.38
2005-01-30,0.0,37.0,17.68,37.32,14.68
2005-01-31,0.0,37.83,18.0,30.29,13.29
2005-02-01,0.0,39.37,20.45,27.4,13.27
2005-02-02,0.0,40.2,21.08,27.02,13.46
2005-02-03,0.0,35.71,20.86,24.17,14.55
2005-02-04,0.0,34.23,18.31,25.75,12.97
2005-02-05,0.0,34.73,17.16,17.26,9.01
2005-02-06,0.0,34.44,16.7,24.97,11.94
2005-02-07,0.0,34.85,17.72,21.58,11.02
2005-02-08,0.0,32.19,16.64,19.42,10.33
2005-02-09,0.0,33.86,16.09,32.3,14.23
2005-02-10,0.0,36.84,17.6,27.91,11.85
2005-02-11,0.0,39.44,19.65,24.35,11.0
2005-02-12,0.0,40.96,23.69,20.26,13.41
2005-02-13,0.0,40.82,24.5,30.71,16.55
2005-02-14,0.04,34.57,22.9,36.18,21.26
2005-02-15,0.0,39.78,21.84,31.74,13.44
2005-02-16,0.0,38.97,22.62,34.97,16.73
2005-02-17,0.0,40.01,22.21,40.33,17.44
2005-02-18,0.0,38.87,22.89,26.48,15.28
2005-02-19,0.0,39.88,22.5,28.65,15.48
2005-02-20,0.0,38.27,21.4,37.24,19.24
2005-02-21,0.0,38.99,21.75,31.72,15.81
2005-02-22,0.0,40.4,22.26,41.7,16.93
2005-02-23,0.06,40.56,23.49,42.35,21.5
2005-02-24,0.0,37.41,21.45,53.69,30.9
2005-02-25,0.0,37.94,20.98,45.46,27.06
2005-02-26,0.09,41.68,22.43,31.59,20.9
2005-02-27,3.61,42.86,24.26,42.23,19.33
2005-02-28,0.0,38.17,22.17,58.58,28.04
2005-03-01,0.0,37.46,22.69,49.7,28.27
2005-03-02,0.0,39.8,22.11,61.89,27.97
2005-03-03,0.3,36.26,24.47,57.72,34.77
2005-03-04,0.01,38.55,22.79,68.07,34.03
2005-03-05,0.0,38.11,23.43,65.77,33.17
2005-03-06,0.0,39.37,22.57,50.03,22.85
2005-03-07,0.0,40.48,23.15,38.42,21.8
2005-03-08,0.0,40.37,22.75,36.95,14.24
2005-03-09,0.0,42.15,23.03,21.01,11.24
2005-03-10,0.0,41.09,24.93,26.43,11.41
2005-03-11,0.0,40.63,22.63,17.27,8.56
2005-03-12,0.0,41.1,23.52,28.64,8.75
2005-03-13,0.0,41.63,22.59,16.98,7.25
2005-03-14,0.0,39.57,21.62,27.7,10.49
2005-03-15,0.0,41.63,22.65,24.03,10.05
2005-03-16,0.0,41.98,23.53,27.88,12.12
2005-03-17,0.0,42.71,23.68,28.95,10.3
2005-03-18,0.0,42.99,24.05,22.32,7.47
2005-03-19,0.0,42.67,23.75,19.88,7.51
2005-03-20,0.0,41.56,22.67,24.41,8.38
2005-03-21,0.0,41.14,21.64,26.07,8.52
2005-03-22,0.0,41.78,21.92,23.17,8.19
2005-03-23,0.0,42.31,22.73,21.41,8.34
2005-03-24,0.0,43.14,23.57,18.72,7.15
2005-03-25,0.0,43.78,23.92,17.13,6.14
2005-03-26,0.0,44.05,23.81,17.76,6.19
2005-03-27,0.0,43.73,24.02,20.03,6.1
2005-03-28,0.0,42.71,23.64,36.35,8.62
2005-03-29,0.0,43.79,24.28,22.2,6.71
2005-03-30,0.0,43.66,24.61,24.69,7.29
2005-03-31,0.0,44.22,24.99,16.18,5.97
2005-04-01,0.0,43.71,25.38,18.27,6.15
2005-04-02,0.0,42.73,24.72,36.04,7.66
2005-04-03,0.0,43.61,25.61,29.13,6.28
2005-04-04,0.0,43.77,25.98,19.69,6.24
2005-04-05,0.0,44.86,26.61,24.12,6.91
2005-04-06,0.0,43.5,26.3,40.89,10.97
2005-04-07,0.0,44.71,26.95,38.85,10.82
2005-04-08,0.0,44.62,27.11,22.35,7.49
2005-04-09,0.0,43.95,26.89,22.31,6.87
2005-04-10,0.0,43.8,26.16,28.59,9.51
2005-04-11,0.0,44.05,26.08,28.78,10.78
2005-04-12,0.0,42.44,26.43,48.53,13.86
2005-04-13,0.0,40.7,26.63,64.99,25.76
2005-04-14,0.0,40.48,26.23,46.52,15.05
2005-04-15,0.0,41.41,25.33,28.22,10.77
2005-04-16,0.0,42.06,25.91,23.43,10.36
2005-04-17,0.0,39.82,25.19,20.47,11.81
2005-04-18,0.0,40.1,23.29,29.55,11.37
2005-04-19,0.0,41.98,24.27,20.58,8.86
2005-04-20,0.0,43.47,26.03,15.64,6.47
2005-04-21,0.0,42.17,26.21,18.24,7.88
2005-04-22,0.0,43.67,26.93,19.28,7.35
2005-04-23,0.0,42.43,25.56,19.86,9.0
2005-04-24,0.0,41.49,25.6,41.94,17.62
2005-04-25,0.0,41.37,26.16,42.24,19.03
2005-04-26,0.0,41.81,26.91,37.48,15.96
2005-04-27,0.0,44.24,27.13,44.12,14.96
2005-04-28,0.0,44.48,27.85,44.53,17.2
2005-04-29,0.0,43.78,28.0,58.9,21.02
2005-04-30,0.0,43.62,28.49,59.17,22.15
2005-05-01,0.0,42.32,28.36,66.32,22.68
2005-05-02,0.0,43.77,28.39,50.53,14.87
2005-05-03,0.0,43.1,27.84,48.76,14.17
2005-05-04,0.0,41.07,26.55,46.73,15.23
2005-05-05,0.0,42.19,26.49,42.6,16.13
2005-05-06,0.0,41.73,27.21,57.06,17.1
2005-05-07,0.0,42.07,27.56,46.1,22.16
2005-05-08,0.18,41.12,26.65,82.7,30.63
2005-05-09,0.06,42.28,27.65,88.22,29.93
2005-05-10,0.0,40.76,28.94,72.83,33.32
2005-05-11,1.02,36.47,24.05,94.7,68.52
2005-05-12,0.1,32.07,23.93,96.54,82.29
2005-05-13,0.15,35.62,24.65,95.04,65.81
2005-05-14,0.0,37.81,24.75,93.7,47.96
2005-05-15,0.15,38.15,26.23,93.73,49.66
2005-05-16,0.0,36.53,25.98,97.14,62.56
2005-05-17,0.0,37.5,24.88,94.85,53.19
2005-05-18,0.0,36.63,26.49,94.91,68.75
2005-05-19,0.07,35.24,24.44,97.93,63.0
2005-05-20,0.17,39.38,26.55,96.69,42.86
2005-05-21,0.0,37.89,26.07,95.32,45.15
2005-05-22,0.0,38.59,26.73,90.52,47.93
2005-05-23,0.02,36.24,26.39,94.7,62.84
2005-05-24,0.05,38.25,24.93,98.19,35.26
2005-05-25,0.14,38.26,26.9,86.74,38.69
2005-05-26,0.0,38.59,26.87,89.17,39.28
2005-05-27,0.0,38.55,27.07,85.42,42.76
2005-05-28,0.0,38.6,26.98,89.06,38.95
2005-05-29,0.0,39.14,26.87,84.33,35.27
2005-05-30,0.0,40.18,26.57,82.4,32.15
2005-05-31,0.1,40.21,27.33,83.28,36.45
2005-06-01,0.01,39.96,27.78,71.01,25.71
2005-06-02,0.0,39.59,27.22,69.91,23.03
2005-06-03,0.0,35.56,27.35,51.49,29.79
2005-06-04,7.5,40.21,26.55,69.62,28.04
2005-06-05,1.24,36.29,25.3,94.34,48.36
2005-06-06,0.0,36.1,25.18,96.28,45.87
2005-06-07,0.0,41.23,27.14,77.02,28.77
2005-06-08,0.0,42.13,28.94,63.45,22.13
2005-06-09,0.0,41.16,28.71,62.66,26.94
2005-06-10,1.11,38.95,27.34,78.97,39.57
2005-06-11,0.0,38.83,27.25,88.45,42.69
2005-06-12,1.59,39.12,26.21,95.56,37.56
2005-06-13,1.36,39.23,27.85,64.12,25.82
2005-06-14,0.0,40.24,27.47,56.43,24.06
2005-06-15,0.85,39.71,27.5,73.96,35.37
2005-06-16,0.08,36.43,26.53,87.78,52.54
2005-06-17,0.0,39.4,26.08,89.72,32.53
2005-06-18,0.0,40.33,27.06,80.92,29.02
2005-06-19,0.05,39.5,27.31,78.51,31.4
2005-06-20,0.87,37.86,27.69,80.17,41.82
2005-06-21,0.0,38.01,26.56,86.07,37.32
2005-06-22,0.0,40.16,27.33,74.43,23.48
2005-06-23,0.22,41.32,27.5,70.72,24.23
2005-06-24,0.01,40.47,28.13,67.57,26.74
2005-06-25,0.0,39.53,27.83,69.81,29.82
2005-06-26,0.0,39.79,26.95,73.4,31.95
2005-06-27,18.32,36.48,25.77,97.63,50.85
2005-06-28,0.0,32.2,24.45,99.69,68.59
2005-06-29,0.17,32.65,24.29,99.36,70.01
2005-06-30,0.57,33.68,24.29,99.53,61.62
2005-07-01,0.0,34.03,23.87,97.87,59.94
2005-07-02,0.0,35.5,24.92,92.24,50.63
2005-07-03,11.79,31.32,23.78,97.36,66.45
2005-07-04,0.07,32.97,22.73,99.24,58.14
2005-07-05,18.99,32.98,23.49,97.1,64.73
2005-07-06,0.84,34.86,23.65,97.54,43.71
2005-07-07,0.0,34.3,24.24,84.88,51.58
2005-07-08,0.02,34.12,23.97,93.55,56.38
2005-07-09,7.15,34.19,24.22,90.86,47.62
2005-07-10,1.27,34.02,23.79,89.86,54.39
2005-07-11,0.56,34.44,23.58,87.63,50.58
2005-07-12,11.29,34.48,24.59,80.75,51.56
2005-07-13,0.0,35.35,23.35,95.4,49.77
2005-07-14,10.57,36.08,23.97,91.49,47.12
2005-07-15,10.68,32.03,24.08,90.81,63.02
2005-07-16,0.0,34.37,22.51,94.53,50.97
2005-07-17,0.0,33.85,23.3,98.24,57.47
2005-07-18,0.0,34.4,23.77,88.82,48.53
2005-07-19,2.34,35.79,25.51,80.54,46.93
2005-07-20,7.79,33.4,23.14,97.55,57.69
2005-07-21,0.06,33.0,22.82,99.37,58.9
2005-07-22,0.0,33.55,23.88,96.34,59.94
2005-07-23,3.61,34.64,24.29,98.59,55.06
2005-07-24,8.62,34.61,24.22,91.95,55.53
2005-07-25,0.0,32.8,23.25,98.43,64.74
2005-07-26,0.0,33.61,23.79,98.43,55.06
2005-07-27,0.0,34.3,24.57,88.01,55.03
2005-07-28,0.0,35.01,24.87,83.23,49.97
2005-07-29,0.0,35.94,25.78,79.63,43.28
2005-07-30,0.0,36.29,25.54,76.72,45.77
2005-07-31,30.0,36.14,25.57,90.13,47.25
2005-08-01,0.5,32.74,22.72,98.45,62.53
2005-08-02,0.13,33.3,23.7,93.67,59.91
2005-08-03,0.0,34.92,23.97,90.9,52.07
2005-08-04,1.07,34.93,24.46,88.47,54.75
2005-08-05,2.35,35.59,24.57,90.64,52.66
2005-08-06,0.54,33.49,24.02,92.68,60.54
2005-08-07,0.0,34.96,24.79,84.61,52.8
2005-08-08,0.0,35.12,25.46,88.31,54.42
2005-08-09,0.02,33.69,24.81,94.25,62.55
2005-08-10,11.99,33.29,22.95,98.45,59.42
2005-08-11,0.0,32.7,22.72,98.8,59.38
2005-08-12,6.61,31.97,22.47,98.77,63.44
2005-08-13,0.0,33.51,22.45,98.67,59.21
2005-08-14,2.15,35.2,24.68,82.95,54.01
2005-08-15,11.06,33.21,23.51,98.73,61.47
2005-08-16,1.91,31.31,23.09,95.53,64.03
2005-08-17,0.0,33.56,22.97,89.62,55.62
2005-08-18,8.26,32.19,23.79,94.43,61.39
2005-08-19,6.9,27.47,22.31,99.4,86.5
2005-08-20,0.57,32.69,22.35,97.68,60.12
2005-08-21,0.57,33.29,23.15,90.4,57.68
2005-08-22,0.1,30.02,22.41,99.49,76.74
2005-08-23,0.1,32.96,22.53,98.9,63.22
2005-08-24,0.0,33.81,23.93,90.82,60.34
2005-08-25,0.0,32.77,22.96,97.23,65.23
2005-08-26,2.43,33.25,23.31,96.99,59.57
2005-08-27,0.0,33.54,23.28,93.67,59.84
2005-08-28,0.15,32.03,22.84,95.86,63.71
2005-08-29,16.98,32.2,23.25,95.35,64.65
2005-08-30,0.0,32.25,22.75,97.71,68.91
2005-08-31,13.11,30.9,22.96,99.25,75.73
2005-09-01,0.06,30.66,21.57,99.24,71.85
2005-09-02,3.41,32.92,22.19,99.19,62.6
2005-09-03,23.67,30.06,22.89,97.89,76.94
2005-09-04,4.67,32.84,21.43,99.31,59.26
2005-09-05,0.17,33.46,22.07,99.49,59.08
2005-09-06,3.61,33.94,23.13,91.85,58.45
2005-09-07,3.65,31.29,22.63,98.11,72.15
2005-09-08,2.6,29.62,22.04,99.03,75.77
2005-09-09,37.81,33.95,21.29,99.03,53.95
2005-09-10,0.0,33.8,22.95,92.07,57.38
2005-09-11,0.0,36.66,23.05,88.34,41.85
2005-09-12,0.0,35.99,24.39,74.25,44.7
2005-09-13,13.51,32.73,24.72,92.81,58.6
2005-09-14,1.06,33.15,22.26,98.35,61.6
2005-09-15,12.64,32.94,22.76,97.96,66.55
2005-09-16,0.0,34.68,21.8,99.41,47.21
2005-09-17,1.03,35.98,23.55,77.62,48.72
2005-09-18,2.11,35.81,23.38,88.82,46.3
2005-09-19,0.0,38.0,23.82,75.8,32.94
2005-09-20,0.0,39.63,24.94,58.7,24.74
2005-09-21,10.42,35.73,25.13,78.08,39.27
2005-09-22,19.22,35.25,23.88,90.82,54.39
2005-09-23,0.0,32.9,21.49,98.74,60.2
2005-09-24,0.75,35.66,23.33,90.53,52.45
2005-09-25,47.19,33.97,23.43,91.97,61.19
2005-09-26,21.58,29.64,22.48,97.75,76.6
2005-09-27,2.28,29.48,21.44,99.28,72.29
2005-09-28,1.56,26.32,21.69,99.3,89.6
2005-09-29,0.0,28.93,21.28,99.48,79.02
2005-09-30,0.0,33.32,22.27,99.08,61.26
2005-10-01,0.01,33.89,21.89,99.04,63.82
2005-10-02,0.0,34.57,22.05,98.99,52.25
2005-10-03,0.0,36.25,22.69,95.52,42.64
2005-10-04,0.0,36.81,23.22,88.05,42.01
2005-10-05,7.58,33.67,22.92,99.61,58.36
2005-10-06,0.0,33.82,20.94,99.38,60.14
2005-10-07,0.0,32.21,22.35,99.44,66.16
2005-10-08,2.91,34.37,21.92,99.03,59.97
2005-10-09,0.0,33.31,21.33,99.09,59.8
2005-10-10,0.1,35.28,21.9,99.04,48.75
2005-10-11,0.0,35.3,22.71,99.73,51.88
2005-10-12,1.92,36.56,22.59,99.03,45.98
2005-10-13,0.0,35.23,23.08,96.17,47.38
2005-10-14,0.0,37.32,22.63,96.89,32.42
2005-10-15,0.0,38.49,23.84,63.43,28.73
2005-10-16,0.0,38.38,25.11,63.83,28.39
2005-10-17,0.0,38.47,24.08,59.94,26.25
2005-10-18,0.0,38.81,24.44,53.23,24.01
2005-10-19,11.55,36.47,23.13,93.7,39.56
2005-10-20,0.53,34.34,22.45,99.16,59.54
2005-10-21,0.28,35.28,20.98,99.6,43.0
2005-10-22,0.0,37.72,22.95,76.95,36.08
2005-10-23,2.51,37.33,23.51,91.0,41.6
2005-10-24,0.01,34.64,23.47,92.9,49.61
2005-10-25,0.0,35.1,21.57,99.55,39.2
2005-10-26,0.0,37.03,22.49,72.91,33.18
2005-10-27,0.0,36.82,22.91,73.68,35.83
2005-10-28,0.0,37.82,23.31,69.93,29.94
2005-10-29,0.0,35.95,22.71,76.14,33.45
2005-10-30,0.0,37.13,22.84,57.79,21.22
2005-10-31,0.0,38.64,22.47,39.84,17.44
2005-11-01,0.0,38.43,19.99,64.58,26.81
2005-11-02,0.0,37.37,20.36,88.99,40.63
2005-11-03,0.0,39.04,20.72,89.32,21.52
2005-11-04,0.0,39.13,19.85,55.83,13.64
2005-11-05,0.0,38.58,19.33,37.82,15.22
2005-11-06,0.0,38.58,19.44,51.88,17.57
2005-11-07,0.0,38.61,19.52,58.19,20.91
2005-11-08,0.0,39.4,20.92,59.16,14.85
2005-11-09,0.0,38.34,19.21,35.83,11.05
2005-11-10,0.0,38.53,18.66,35.0,12.6
2005-11-11,0.0,38.28,19.01,37.21,13.98
2005-11-12,0.0,37.66,19.02,37.49,13.78
2005-11-13,0.0,35.94,18.99,37.57,14.48
2005-11-14,0.0,37.08,18.41,37.9,13.66
2005-11-15,0.0,37.41,19.64,43.36,18.12
2005-11-16,0.0,37.81,20.09,48.45,17.8
2005-11-17,0.0,36.82,20.11,51.16,21.82
2005-11-18,0.0,38.95,19.62,45.94,14.86
2005-11-19,0.0,38.12,19.53,44.67,17.56
2005-11-20,0.0,37.19,19.13,55.77,20.51
2005-11-21,0.0,37.62,19.12,46.0,18.04
2005-11-22,0.0,37.86,19.11,42.93,16.96
2005-11-23,0.0,37.07,19.35,43.66,18.03
2005-11-24,0.0,38.92,19.0,44.72,15.42
2005-11-25,0.0,38.24,20.04,47.03,17.67
2005-11-26,0.0,37.15,19.15,54.37,23.92
2005-11-27,0.0,37.1,19.06,52.43,22.29
2005-11-28,0.0,38.48,19.19,49.05,18.23
2005-11-29,0.0,38.48,19.24,47.79,19.03
2005-11-30,0.0,35.13,19.07,55.48,24.58
2005-12-01,0.0,35.23,18.11,70.45,27.42
2005-12-02,0.0,34.22,17.09,46.29,24.69
2005-12-03,0.0,36.72,17.56,43.07,19.16
2005-12-04,0.0,36.58,17.74,37.64,16.96
2005-12-05,0.0,38.21,17.83,38.21,15.0
2005-12-06,0.0,38.57,18.37,43.98,18.11
2005-12-07,0.0,38.56,18.58,42.75,17.77
2005-12-08,0.0,39.01,19.08,41.74,16.7
2005-12-09,0.0,39.17,19.01,42.37,18.04
2005-12-10,0.0,36.23,19.81,39.53,18.57
2005-12-11,0.0,38.49,19.42,41.23,16.19
2005-12-12,0.0,38.71,18.64,42.09,13.5
2005-12-13,0.0,38.96,18.75,39.26,15.62
2005-12-14,0.0,37.1,19.42,30.57,14.73
2005-12-15,0.0,37.62,18.84,31.68,13.8
2005-12-16,0.0,38.7,18.46,32.33,11.18
2005-12-17,0.0,39.51,18.66,27.14,9.72
2005-12-18,0.0,40.05,19.66,26.82,8.54
2005-12-19,0.0,39.86,19.57,31.04,12.72
2005-12-20,0.0,38.53,19.01,33.79,12.67
2005-12-21,0.0,38.28,18.6,41.12,15.19
2005-12-22,0.0,36.55,18.69,31.71,12.88
2005-12-23,0.0,37.21,19.54,32.13,15.35
2005-12-24,0.0,37.14,19.2,39.66,17.62
2005-12-25,0.0,37.63,19.75,33.53,15.0
2005-12-26,0.0,38.34,19.02,30.41,12.97
2005-12-27,0.0,37.46,18.99,29.08,12.81
2005-12-28,0.0,36.07,17.99,29.2,11.63
2005-12-29,0.0,36.33,18.39,29.24,13.06
2005-12-30,0.0,32.0,16.79,46.29,21.3
2005-12-31,0.0,32.34,14.51,44.33,15.4
2006-01-01,0.0,32.0,15.47,48.45,21.31
2006-01-02,0.0,33.2,15.81,45.83,18.4
2006-01-03,0.0,33.21,15.2,40.63,16.72
2006-01-04,0.0,34.61,15.75,34.52,12.41
2006-01-05,0.0,34.54,16.31,30.86,13.27
2006-01-06,0.0,34.03,17.0,29.09,12.44
2006-01-07,0.0,31.57,17.49,21.13,9.09
2006-01-08,0.0,31.52,14.11,21.71,9.96
2006-01-09,0.0,32.99,14.66,35.25,12.85
2006-01-10,0.0,36.35,17.49,29.15,9.68
2006-01-11,0.0,33.94,19.34,20.84,11.5
2006-01-12,0.0,35.55,17.79,18.38,7.71
2006-01-13,0.0,36.53,19.01,19.31,8.32
2006-01-14,0.0,36.2,18.87,29.49,11.68
2006-01-15,0.0,33.92,18.46,35.27,15.69
2006-01-16,0.0,32.37,17.03,30.17,14.6
2006-01-17,0.0,29.56,15.49,24.59,11.43
2006-01-18,0.0,28.75,14.89,45.87,17.62
2006-01-19,0.0,31.44,14.45,44.65,19.17
2006-01-20,0.0,31.85,16.04,28.43,14.58
2006-01-21,0.0,35.72,18.29,22.77,11.58
2006-01-22,0.0,38.01,18.93,19.12,9.86
2006-01-23,0.0,37.41,19.56,26.48,12.99
2006-01-24,0.0,38.0,19.88,22.79,10.57
2006-01-25,0.0,38.74,19.65,21.22,11.33
2006-01-26,0.0,37.65,19.82,24.47,10.88
2006-01-27,0.0,35.55,19.91,28.16,15.27
2006-01-28,0.0,34.75,19.29,34.58,18.32
2006-01-29,0.0,34.39,16.27,56.74,22.39
2006-01-30,0.0,32.01,16.79,42.21,17.35
2006-01-31,0.0,32.22,15.54,24.69,8.45
2006-02-01,0.0,34.98,17.7,18.16,8.73
2006-02-02,0.0,35.15,18.77,22.96,10.44
2006-02-03,0.0,37.11,20.58,17.1,8.79
2006-02-04,0.0,36.64,20.41,23.74,11.94
2006-02-05,0.0,39.22,21.36,26.77,14.05
2006-02-06,0.0,39.7,21.65,22.71,11.14
2006-02-07,0.0,39.19,21.94,23.93,11.72
2006-02-08,0.0,39.67,22.71,18.13,9.13
2006-02-09,0.0,39.12,22.93,21.9,8.85
2006-02-10,0.0,34.94,22.72,35.58,13.42
2006-02-11,0.0,32.88,20.46,68.96,20.78
2006-02-12,0.0,33.2,18.83,54.53,26.89
2006-02-13,0.0,36.04,19.21,52.38,19.94
2006-02-14,0.0,35.34,19.02,43.63,22.1
2006-02-15,0.0,34.93,18.45,41.73,22.06
2006-02-16,0.0,34.16,20.66,37.97,21.49
2006-02-17,0.0,35.69,17.79,43.04,23.67
2006-02-18,0.0,36.22,20.18,47.61,23.29
2006-02-19,0.0,36.22,19.43,29.89,17.17
2006-02-20,0.0,36.25,18.79,40.11,18.45
2006-02-21,0.0,37.45,19.15,37.76,14.4
2006-02-22,0.0,37.49,18.92,31.8,11.88
2006-02-23,0.0,35.7,18.39,27.96,12.38
2006-02-24,0.0,37.42,18.62,26.41,11.62
2006-02-25,0.0,36.85,17.66,18.8,8.67
2006-02-26,0.0,38.13,18.4,17.41,7.75
2006-02-27,0.0,38.16,18.67,25.08,9.47
2006-02-28,0.0,38.42,18.7,18.49,7.55
2006-03-01,0.04,35.96,20.51,43.23,11.75
2006-03-02,0.0,37.69,18.59,35.45,14.5
2006-03-03,0.0,39.34,20.27,30.43,14.0
2006-03-04,0.0,40.38,22.17,30.54,11.7
2006-03-05,0.0,40.7,22.63,23.91,10.26
2006-03-06,0.0,40.93,22.71,22.58,8.32
2006-03-07,0.0,39.48,23.37,25.87,11.15
2006-03-08,0.0,36.2,20.73,17.99,6.13
2006-03-09,0.0,37.56,18.88,13.34,6.72
2006-03-10,0.0,39.37,19.98,12.83,5.24
2006-03-11,0.0,40.38,21.55,12.03,5.57
2006-03-12,0.0,40.53,21.91,13.47,6.66
2006-03-13,0.0,41.15,21.89,13.27,5.36
2006-03-14,0.0,41.02,22.13,17.54,7.05
2006-03-15,0.0,42.03,22.51,16.69,6.5
2006-03-16,0.0,42.06,22.83,27.12,7.77
2006-03-17,0.0,40.82,23.45,49.68,17.25
2006-03-18,0.0,42.54,23.42,45.7,11.35
2006-03-19,0.0,42.09,22.93,25.92,10.04
2006-03-20,0.0,41.04,22.49,29.96,12.77
2006-03-21,0.0,41.89,23.03,28.23,12.44
2006-03-22,0.0,42.78,23.45,26.86,10.95
2006-03-23,0.0,42.78,24.53,27.36,10.67
2006-03-24,0.0,42.1,24.44,27.84,12.43
2006-03-25,0.0,43.7,24.46,20.81,7.1
2006-03-26,0.0,43.66,24.3,17.43,6.86
2006-03-27,0.0,43.01,23.53,17.23,6.2
2006-03-28,0.0,41.94,23.32,24.61,8.37
2006-03-29,0.0,38.93,22.8,63.86,21.82
2006-03-30,0.02,37.17,24.02,73.06,32.46
2006-03-31,0.0,43.06,23.57,50.39,11.47
2006-04-01,0.0,43.67,25.78,21.01,6.5
2006-04-02,0.0,43.29,25.58,20.56,7.86
2006-04-03,0.0,44.0,25.85,26.64,7.52
2006-04-04,0.0,45.08,26.44,21.45,5.66
2006-04-05,0.0,43.31,26.0,28.03,7.98
2006-04-06,0.0,41.75,24.96,61.39,15.46
2006-04-07,0.0,41.18,24.71,40.92,16.68
2006-04-08,0.0,41.56,25.29,45.94,18.73
2006-04-09,0.0,42.29,25.58,38.73,15.99
2006-04-10,0.0,41.68,25.29,45.09,16.4
2006-04-11,0.0,41.39,25.13,50.28,20.42
2006-04-12,0.0,42.68,26.08,59.33,19.97
2006-04-13,0.0,41.79,26.27,59.74,23.55
2006-04-14,0.0,41.62,26.3,68.99,24.08
2006-04-15,0.0,43.25,25.49,44.63,12.69
2006-04-16,0.0,43.71,26.29,36.33,13.04
2006-04-17,0.0,39.82,26.79,63.15,25.36
2006-04-18,0.0,39.75,26.46,68.44,29.43
2006-04-19,0.0,39.37,26.08,62.07,32.25
2006-04-20,0.0,41.39,26.22,62.78,17.55
2006-04-21,0.0,42.31,25.65,41.89,11.24
2006-04-22,0.0,43.5,26.26,26.43,10.26
2006-04-23,0.0,41.42,25.37,39.78,15.6
2006-04-24,0.0,43.04,27.05,28.22,14.35
2006-04-25,0.0,43.22,26.75,29.16,12.1
2006-04-26,0.0,43.22,26.33,28.88,13.37
2006-04-27,0.0,40.54,26.01,72.68,29.53
2006-04-28,0.0,43.05,26.93,58.97,14.14
2006-04-29,0.0,40.95,25.38,39.01,16.15
2006-04-30,0.0,38.75,23.95,49.15,19.06
2006-05-01,0.0,37.26,23.97,47.3,20.36
2006-05-02,0.0,39.32,24.08,42.95,20.99
2006-05-03,0.0,41.57,25.2,36.83,17.19
2006-05-04,0.0,43.51,27.46,30.94,15.03
2006-05-05,0.0,45.42,28.31,29.57,12.05
2006-05-06,0.0,43.7,28.75,31.74,14.95
2006-05-07,0.0,44.03,28.17,42.63,13.51
2006-05-08,0.0,44.6,28.21,26.52,8.5
2006-05-09,0.0,41.29,26.7,34.95,13.06
2006-05-10,0.0,42.99,25.89,41.95,12.94
2006-05-11,0.0,44.45,27.01,30.46,10.22
2006-05-12,0.0,43.56,27.05,40.98,14.73
2006-05-13,0.0,44.27,27.24,36.07,12.02
2006-05-14,0.0,45.16,27.98,24.53,9.85
2006-05-15,0.0,41.45,26.56,45.64,14.74
2006-05-16,0.0,40.5,25.78,47.46,17.45
2006-05-17,0.0,43.14,26.31,37.39,12.23
2006-05-18,0.0,43.98,27.71,38.67,15.31
2006-05-19,0.0,42.47,28.47,62.82,18.68
2006-05-20,0.0,40.2,29.1,68.71,37.7
2006-05-21,0.0,38.59,27.86,75.9,43.81
2006-05-22,0.01,41.71,26.7,82.47,24.07
2006-05-23,0.07,37.57,25.54,95.08,49.4
2006-05-24,0.03,37.79,24.6,97.16,42.32
2006-05-25,0.0,37.15,24.93,96.48,46.15
2006-05-26,0.13,38.77,25.15,91.62,37.58
2006-05-27,0.11,39.22,27.52,85.07,22.74
2006-05-28,0.0,42.03,26.93,73.76,23.08
2006-05-29,0.0,42.37,28.86,60.13,27.81
2006-05-30,0.01,41.88,29.3,75.25,32.92
2006-05-31,0.0,41.31,29.36,79.53,32.43
2006-06-01,0.08,41.13,28.95,58.82,29.43
2006-06-02,3.33,38.78,29.26,75.31,42.0
2006-06-03,0.0,41.35,25.77,85.7,25.91
2006-06-04,0.0,43.64,27.97,66.17,18.0
2006-06-05,0.0,42.55,28.1,57.09,22.09
2006-06-06,2.06,41.88,28.44,63.71,26.15
2006-06-07,6.5,41.26,28.64,67.93,32.81
2006-06-08,0.0,37.69,26.12,90.4,42.57
2006-06-09,0.0,38.82,26.56,78.92,32.91
2006-06-10,1.75,39.18,26.29,79.66,36.14
2006-06-11,0.0,40.34,28.13,66.83,33.74
2006-06-12,2.98,41.77,28.24,76.3,23.45
2006-06-13,0.16,40.31,27.5,78.15,30.24
2006-06-14,3.31,38.28,27.64,75.86,40.75
2006-06-15,0.0,37.15,24.58,95.16,31.95
2006-06-16,0.45,39.65,25.5,73.76,24.16
2006-06-17,0.07,39.9,26.41,68.25,33.06
2006-06-18,0.0,38.72,26.52,84.18,39.19
2006-06-19,0.0,40.4,27.01,69.5,21.16
2006-06-20,0.0,40.57,26.65,62.12,28.49
2006-06-21,19.91,36.96,25.57,99.78,46.46
2006-06-22,0.0,30.79,23.52,99.23,73.58
2006-06-23,0.01,34.72,23.19,97.32,52.89
2006-06-24,0.08,35.21,25.03,86.89,53.32
2006-06-25,0.0,33.24,25.21,94.17,60.14
2006-06-26,3.18,34.71,24.99,96.97,58.75
2006-06-27,0.0,36.05,24.29,96.87,54.93
2006-06-28,0.0,37.1,25.33,95.59,45.83
2006-06-29,0.0,36.59,26.37,82.73,44.92
2006-06-30,0.0,37.51,26.72,81.57,40.76
2006-07-01,0.0,37.98,26.71,71.27,41.16
2006-07-02,0.89,36.02,26.52,85.31,52.21
2006-07-03,0.0,34.08,23.58,93.44,58.04
2006-07-04,0.02,31.35,23.2,97.61,65.02
2006-07-05,1.06,34.5,23.35,94.0,53.11
2006-07-06,0.23,34.8,23.99,87.35,48.75
2006-07-07,0.0,34.57,24.32,88.33,51.25
2006-07-08,2.84,32.76,24.53,89.09,60.93
2006-07-09,0.0,32.83,24.03,94.47,56.7
2006-07-10,0.46,36.08,24.3,91.68,48.31
2006-07-11,0.0,34.97,24.57,89.92,52.11
2006-07-12,5.63,35.37,24.56,93.76,52.61
2006-07-13,0.0,33.73,23.73,95.0,59.06
2006-07-14,1.69,35.11,24.37,89.18,45.92
2006-07-15,7.16,35.91,24.97,81.58,47.76
2006-07-16,0.15,31.32,23.7,97.08,69.54
2006-07-17,0.0,34.34,23.79,98.75,57.06
2006-07-18,0.0,34.56,24.83,89.45,52.54
2006-07-19,0.0,35.06,25.16,83.11,50.28
2006-07-20,0.56,32.88,25.38,91.25,59.64
2006-07-21,0.02,33.66,23.31,98.5,52.64
2006-07-22,1.29,32.19,23.08,84.48,52.94
2006-07-23,0.04,35.15,23.45,87.5,46.97
2006-07-24,0.02,34.5,25.12,81.33,52.94
2006-07-25,1.1,35.73,24.47,94.95,52.42
2006-07-26,0.43,33.09,23.21,98.78,63.18
2006-07-27,5.76,30.67,23.2,98.84,74.04
2006-07-28,0.0,31.52,22.88,98.98,63.91
2006-07-29,2.77,30.57,23.45,95.18,72.11
2006-07-30,0.11,32.88,23.13,98.65,59.85
2006-07-31,0.0,34.75,23.62,97.83,52.77
2006-08-01,14.12,33.89,23.65,89.46,55.58
2006-08-02,0.0,31.55,23.0,94.82,59.11
2006-08-03,0.0,34.4,22.84,93.8,52.95
2006-08-04,0.0,34.84,24.82,83.91,55.87
2006-08-05,2.72,34.18,23.74,86.84,54.39
2006-08-06,0.0,33.37,22.96,93.55,59.19
2006-08-07,0.46,35.12,23.14,88.04,47.32
2006-08-08,12.31,30.48,22.44,98.96,79.17
2006-08-09,13.43,32.81,22.8,98.44,59.72
2006-08-10,0.0,31.94,23.05,97.92,59.73
2006-08-11,1.77,29.26,22.86,97.28,74.18
2006-08-12,0.0,32.69,22.2,95.48,59.67
2006-08-13,0.25,32.66,23.02,92.91,63.2
2006-08-14,0.0,33.0,23.26,98.37,64.99
2006-08-15,9.74,33.35,23.3,99.63,58.05
2006-08-16,0.0,32.23,23.27,91.56,65.85
2006-08-17,0.02,33.79,22.56,97.52,59.47
2006-08-18,0.79,33.72,24.84,89.32,62.77
2006-08-19,7.04,29.63,23.05,97.2,76.28
2006-08-20,0.0,31.7,22.5,98.39,68.92
2006-08-21,0.0,33.46,22.83,97.7,57.92
2006-08-22,0.0,33.45,24.39,89.49,59.19
2006-08-23,0.04,33.69,23.65,96.35,55.2
2006-08-24,0.0,33.5,23.82,86.89,55.05
2006-08-25,0.18,33.55,23.38,90.98,56.01
2006-08-26,9.18,32.92,22.62,89.1,56.93
2006-08-27,0.25,32.43,22.31,99.25,63.0
2006-08-28,18.94,31.48,23.23,97.15,68.45
2006-08-29,1.58,31.37,22.91,99.89,66.56
2006-08-30,1.68,32.25,23.48,95.32,67.79
2006-08-31,0.0,30.7,22.85,99.28,71.21
2006-09-01,3.67,32.37,21.99,99.12,63.44
2006-09-02,1.64,29.25,21.66,99.13,76.06
2006-09-03,0.0,32.01,21.35,99.3,63.82
2006-09-04,0.0,34.38,22.15,99.18,53.94
2006-09-05,0.14,33.61,22.86,98.91,62.7
2006-09-06,0.0,30.1,22.44,98.97,73.26
2006-09-07,0.31,29.21,21.68,98.93,76.49
2006-09-08,0.38,32.56,21.43,99.14,58.29
2006-09-09,0.0,32.28,22.18,92.67,60.12
2006-09-10,22.51,32.73,22.0,98.3,62.23
2006-09-11,2.8,28.91,21.51,99.5,76.64
2006-09-12,0.14,32.25,21.09,99.1,60.93
2006-09-13,0.92,32.5,21.44,96.91,59.21
2006-09-14,0.0,30.37,22.08,99.23,72.17
2006-09-15,0.01,29.02,21.71,99.14,78.05
2006-09-16,0.03,32.81,22.01,99.24,60.12
2006-09-17,0.0,32.61,22.56,97.64,67.58
2006-09-18,0.0,32.3,22.77,99.06,67.72
2006-09-19,0.02,32.58,22.65,99.32,64.76
2006-09-20,1.4,32.09,23.4,93.68,68.23
2006-09-21,0.3,32.88,22.53,98.79,67.24
2006-09-22,6.18,32.72,22.04,99.34,62.76
2006-09-23,0.54,33.13,22.87,92.12,61.43
2006-09-24,0.98,33.64,22.38,98.9,60.32
2006-09-25,0.0,31.03,22.55,98.76,72.14
2006-09-26,11.91,34.03,21.68,99.16,56.34
2006-09-27,0.13,32.83,22.61,92.34,62.11
2006-09-28,0.08,34.15,22.35,94.88,57.92
2006-09-29,0.0,34.04,22.86,93.69,58.59
2006-09-30,0.0,34.49,23.13,88.59,54.21
2006-10-01,0.0,36.51,22.83,99.27,47.92
2006-10-02,0.05,36.42,23.6,99.37,48.97
2006-10-03,2.07,36.64,23.45,98.83,51.21
2006-10-04,0.0,35.48,22.35,99.04,50.23
2006-10-05,0.01,35.52,23.08,98.88,54.71
2006-10-06,0.02,37.88,23.37,99.49,39.62
2006-10-07,0.0,36.31,23.51,99.36,50.28
2006-10-08,2.61,36.58,23.76,99.11,51.8
2006-10-09,2.22,34.58,22.61,99.18,58.46
2006-10-10,0.0,33.28,21.79,99.41,56.54
2006-10-11,0.0,36.88,23.75,75.42,29.42
2006-10-12,8.6,35.5,23.72,72.85,35.16
2006-10-13,0.71,35.58,22.87,98.59,48.1
2006-10-14,0.0,36.57,23.5,92.91,42.37
2006-10-15,0.0,38.02,24.91,72.57,36.33
2006-10-16,0.3,39.08,24.71,69.1,34.38
2006-10-17,0.0,37.37,24.05,82.35,40.64
2006-10-18,0.0,36.58,23.45,93.09,43.53
2006-10-19,0.0,37.76,23.31,94.86,35.81
2006-10-20,0.04,37.49,23.74,96.99,40.85
2006-10-21,1.26,38.24,23.72,93.93,38.11
2006-10-22,0.25,36.94,23.92,82.45,44.66
2006-10-23,0.0,37.77,22.74,98.77,37.58
2006-10-24,0.0,38.88,23.98,76.21,33.33
2006-10-25,0.0,39.46,23.75,77.22,27.43
2006-10-26,0.0,38.64,23.68,58.44,24.7
2006-10-27,0.0,37.27,22.88,56.82,29.2
2006-10-28,0.0,37.25,22.35,68.46,28.3
2006-10-29,0.0,38.25,23.02,64.47,25.88
2006-10-30,0.0,38.24,23.25,77.92,24.79
2006-10-31,0.0,38.82,24.26,57.61,25.59
2006-11-01,0.0,39.13,20.84,73.74,27.8
2006-11-02,0.0,37.96,20.05,93.43,35.95
2006-11-03,0.0,39.17,20.51,85.84,27.97
2006-11-04,0.0,39.42,21.03,69.69,24.29
2006-11-05,0.0,39.41,21.03,70.28,22.29
2006-11-06,0.0,39.64,20.52,44.68,14.22
2006-11-07,0.0,39.75,20.1,36.36,14.58
2006-11-08,0.0,38.71,19.98,50.25,22.41
2006-11-09,0.0,39.26,20.72,53.2,22.76
2006-11-10,0.0,39.79,21.38,56.9,24.22
2006-11-11,0.0,39.36,21.51,61.16,21.33
2006-11-12,0.0,39.39,20.44,42.49,16.33
2006-11-13,0.0,38.33,20.04,42.54,18.0
2006-11-14,0.0,36.15,18.16,37.49,15.07
2006-11-15,0.0,35.63,16.25,37.55,14.74
2006-11-16,0.0,38.12,17.55,38.32,16.66
2006-11-17,0.0,40.0,19.92,40.99,18.93
2006-11-18,0.0,39.31,20.34,48.86,17.2
2006-11-19,0.0,38.45,19.55,35.34,13.82
2006-11-20,0.0,38.2,18.93,35.01,15.41
2006-11-21,0.0,37.25,18.74,34.58,15.75
2006-11-22,0.0,37.22,18.05,34.41,11.42
2006-11-23,0.0,37.1,17.13,32.8,12.57
2006-11-24,0.0,37.93,17.74,35.47,14.63
2006-11-25,0.0,37.49,19.31,38.47,13.7
2006-11-26,0.0,38.37,17.9,32.53,10.14
2006-11-27,0.0,38.53,17.73,31.39,11.34
2006-11-28,0.0,38.28,18.02,26.98,9.15
2006-11-29,0.0,37.22,17.31,29.55,10.64
2006-11-30,0.0,36.13,17.04,31.38,10.88
2006-12-01,0.0,35.74,16.24,46.56,11.59
2006-12-02,0.0,34.34,15.35,45.03,17.07
2006-12-03,0.0,35.03,15.16,40.83,13.41
2006-12-04,0.0,36.68,16.15,45.14,13.18
2006-12-05,0.0,35.62,16.57,30.99,9.17
2006-12-06,0.0,33.57,15.96,29.66,13.05
2006-12-07,0.0,34.62,16.31,36.45,13.01
2006-12-08,0.0,33.62,15.68,36.93,11.72
2006-12-09,0.0,34.78,15.48,38.27,11.78
2006-12-10,0.0,31.59,15.27,36.6,12.46
2006-12-11,0.0,31.47,14.44,35.83,14.98
2006-12-12,0.0,32.13,15.4,43.2,14.72
2006-12-13,0.0,30.91,15.5,47.58,20.48
2006-12-14,0.0,34.37,16.98,42.0,19.37
2006-12-15,0.0,37.76,17.63,44.67,12.3
2006-12-16,0.0,38.3,18.42,32.33,11.46
2006-12-17,0.0,36.41,18.1,32.81,13.13
2006-12-18,0.0,32.42,16.77,29.03,15.42
2006-12-19,0.0,31.74,13.84,34.43,14.22
2006-12-20,0.0,33.03,13.45,42.46,14.27
2006-12-21,0.0,32.95,14.43,40.12,15.47
2006-12-22,0.0,37.11,16.01,40.74,13.51
2006-12-23,0.0,35.68,16.94,38.86,11.93
2006-12-24,0.0,37.62,17.03,40.92,11.62
2006-12-25,0.0,36.87,17.2,41.4,11.37
2006-12-26,0.0,36.18,16.66,39.0,11.13
2006-12-27,0.0,32.56,15.98,29.18,8.82
2006-12-28,0.0,33.02,13.86,38.24,9.93
2006-12-29,0.0,34.07,14.47,35.11,10.08
2006-12-30,0.0,34.62,16.24,33.6,10.29
2006-12-31,0.0,34.01,16.73,22.87,10.46
2007-01-01,0.0,31.14,15.59,37.22,10.94
2007-01-02,0.0,31.36,14.02,33.32,11.66
2007-01-03,0.0,31.94,15.12,27.24,10.8
2007-01-04,0.0,31.12,14.55,35.89,13.32
2007-01-05,0.0,31.31,13.86,38.11,13.45
2007-01-06,0.0,30.91,14.38,32.13,12.41
2007-01-07,0.0,32.49,14.29,32.62,11.94
2007-01-08,0.0,34.3,15.7,32.51,11.55
2007-01-09,0.0,36.16,17.1,34.34,10.77
2007-01-10,0.0,38.35,19.33,34.69,9.84
2007-01-11,0.0,38.1,19.93,26.73,10.12
2007-01-12,0.0,37.0,20.88,23.52,11.99
2007-01-13,0.0,35.4,19.47,25.54,12.03
2007-01-14,0.0,34.85,18.63,22.47,11.99
2007-01-15,0.0,34.08,16.75,25.26,12.06
2007-01-16,0.0,34.25,15.28,28.99,12.31
2007-01-17,0.0,35.58,16.33,28.8,13.1
2007-01-18,0.0,35.66,18.14,27.61,13.89
2007-01-19,0.0,35.92,17.8,25.82,12.68
2007-01-20,0.0,36.32,17.78,25.43,11.56
2007-01-21,0.0,36.94,17.06,31.7,11.17
2007-01-22,0.0,36.7,18.17,31.42,13.07
2007-01-23,0.0,38.36,18.74,36.56,10.06
2007-01-24,0.0,39.12,19.35,29.17,10.22
2007-01-25,0.0,37.05,20.46,23.55,10.88
2007-01-26,0.0,36.65,18.41,39.2,12.79
2007-01-27,0.0,38.51,18.31,35.67,12.78
2007-01-28,0.0,36.6,18.67,42.76,17.54
2007-01-29,0.0,35.76,18.05,58.44,23.36
2007-01-30,0.0,38.12,18.2,55.13,16.38
2007-01-31,0.0,39.62,19.95,33.18,12.9
2007-02-01,0.0,37.33,20.52,37.65,14.41
2007-02-02,0.0,36.0,24.45,32.28,17.88
2007-02-03,0.0,40.35,22.42,37.86,14.33
2007-02-04,0.0,41.04,22.8,28.92,10.45
2007-02-05,0.0,40.21,21.64,38.3,14.21
2007-02-06,0.0,38.42,20.9,37.57,15.4
2007-02-07,0.0,35.75,20.85,45.68,20.93
2007-02-08,0.0,35.54,19.2,39.89,17.64
2007-02-09,0.0,37.35,18.15,38.41,13.75
2007-02-10,0.0,37.38,20.13,28.85,14.24
2007-02-11,0.0,37.54,18.67,32.48,12.52
2007-02-12,0.0,37.98,19.71,31.01,13.78
2007-02-13,0.0,38.52,19.14,25.07,12.73
2007-02-14,0.0,38.81,19.82,23.61,12.65
2007-02-15,0.0,39.0,20.22,21.51,12.59
2007-02-16,0.0,39.69,20.43,29.66,13.41
2007-02-17,0.0,39.03,19.6,26.69,10.08
2007-02-18,0.0,37.55,19.52,26.7,10.48
2007-02-19,0.0,38.15,20.66,24.59,11.38
2007-02-20,0.0,37.41,20.89,29.0,13.51
2007-02-21,0.0,36.32,18.4,31.67,15.3
2007-02-22,0.0,35.71,17.48,25.51,12.92
2007-02-23,0.0,36.01,17.33,28.53,15.37
2007-02-24,0.0,36.45,17.74,28.74,15.35
2007-02-25,0.0,36.37,17.39,29.14,13.92
2007-02-26,0.0,37.65,17.82,26.4,13.65
2007-02-27,0.0,38.54,18.55,27.07,13.98
2007-02-28,0.0,39.32,20.06,23.82,13.35
2007-03-01,0.0,38.96,20.28,25.11,13.12
2007-03-02,0.0,40.47,20.95,23.39,12.95
2007-03-03,0.0,40.1,22.09,21.74,13.21
2007-03-04,0.0,41.17,23.88,20.51,10.92
2007-03-05,0.0,40.91,23.34,17.7,9.09
2007-03-06,0.0,41.0,22.69,17.42,8.8
2007-03-07,0.0,41.04,22.06,15.97,8.31
2007-03-08,0.0,40.91,21.17,17.4,7.8
2007-03-09,0.0,40.92,20.01,23.21,8.35
2007-03-10,0.0,40.12,20.91,22.21,8.3
2007-03-11,0.0,37.81,19.9,24.14,11.97
2007-03-12,0.0,38.06,19.55,27.24,13.63
2007-03-13,0.0,39.67,19.99,26.55,12.46
2007-03-14,0.0,40.57,21.18,27.56,10.9
2007-03-15,0.0,36.8,21.51,24.95,15.08
2007-03-16,0.0,35.87,21.42,33.2,18.24
2007-03-17,0.0,40.15,21.36,31.8,13.49
2007-03-18,0.0,41.99,22.99,23.5,10.72
2007-03-19,0.0,41.73,24.59,21.06,11.79
2007-03-20,0.0,37.34,22.08,42.96,21.28
2007-03-21,0.0,38.71,22.4,41.38,23.59
2007-03-22,0.0,40.53,21.61,49.82,22.29
2007-03-23,0.0,42.0,24.38,39.24,19.07
2007-03-24,0.0,42.26,25.36,39.22,17.06
2007-03-25,0.0,42.45,25.2,37.3,16.55
2007-03-26,0.0,43.68,25.37,43.0,15.97
2007-03-27,0.0,41.79,25.12,43.31,20.73
2007-03-28,0.0,40.38,24.39,37.34,21.98
2007-03-29,0.0,40.36,23.8,37.36,20.78
2007-03-30,0.0,40.94,23.0,30.84,17.07
2007-03-31,0.07,43.17,23.91,31.21,16.18
2007-04-01,0.0,42.71,26.12,29.69,14.62
2007-04-02,0.0,43.84,26.87,27.21,14.55
2007-04-03,0.0,43.64,26.17,30.27,13.25
2007-04-04,0.0,45.36,27.1,30.24,14.04
2007-04-05,0.0,43.99,27.35,33.03,16.2
2007-04-06,0.0,42.08,25.85,59.15,17.65
2007-04-07,0.0,42.76,25.62,34.18,16.36
2007-04-08,0.0,42.77,25.68,36.39,15.85
2007-04-09,0.0,42.7,27.09,47.2,20.31
2007-04-10,0.0,41.88,28.17,50.37,22.7
2007-04-11,0.0,42.56,27.73,41.22,21.41
2007-04-12,0.0,43.33,26.64,39.79,20.19
2007-04-13,0.0,43.4,26.79,38.4,20.53
2007-04-14,0.0,43.55,27.26,37.42,17.73
2007-04-15,0.0,44.09,28.5,33.4,14.84
2007-04-16,0.0,42.08,26.89,46.06,19.41
2007-04-17,0.0,40.62,25.2,47.65,23.73
2007-04-18,0.0,41.92,24.57,40.54,20.66
2007-04-19,0.0,43.26,25.72,36.13,17.31
2007-04-20,0.0,43.19,26.44,37.16,19.68
2007-04-21,0.0,41.99,26.26,39.91,18.92
2007-04-22,0.0,41.78,25.7,33.65,20.6
2007-04-23,0.0,42.5,26.25,36.61,19.99
2007-04-24,0.0,40.7,26.3,40.87,20.31
2007-04-25,0.0,41.54,25.4,38.39,20.8
2007-04-26,0.0,40.06,25.28,53.57,30.15
2007-04-27,0.0,38.77,24.32,66.05,28.66
2007-04-28,0.0,40.64,24.73,60.6,29.2
2007-04-29,0.0,43.48,26.41,44.42,19.83
2007-04-30,0.0,43.38,26.21,31.84,16.37
2007-05-01,0.0,43.34,27.17,27.16,10.54
2007-05-02,0.0,42.4,26.75,40.39,14.2
2007-05-03,0.02,42.8,27.39,38.67,14.4
2007-05-04,0.0,43.27,29.34,34.63,16.35
2007-05-05,0.0,42.29,28.91,40.44,18.18
2007-05-06,0.0,43.57,28.57,42.59,15.65
2007-05-07,0.0,43.45,28.0,29.73,12.13
2007-05-08,0.0,42.85,28.81,29.19,10.83
2007-05-09,0.0,43.41,29.02,32.2,11.84
2007-05-10,0.0,42.6,28.73,21.87,10.52
2007-05-11,0.0,44.5,27.8,23.59,9.03
2007-05-12,0.0,41.27,27.58,56.37,17.62
2007-05-13,0.0,39.88,27.34,57.49,23.56
2007-05-14,0.0,42.59,27.42,53.77,18.11
2007-05-15,0.0,42.03,28.3,62.95,25.31
2007-05-16,0.0,41.51,27.87,64.35,25.37
2007-05-17,0.0,41.91,27.96,55.72,18.04
2007-05-18,0.0,43.15,26.97,42.83,12.35
2007-05-19,0.04,42.55,28.71,47.27,24.01
2007-05-20,0.0,36.43,25.97,81.55,36.18
2007-05-21,0.0,41.58,26.42,58.01,17.24
2007-05-22,0.0,44.11,27.93,37.79,15.6
2007-05-23,0.0,44.02,28.42,40.57,16.39
2007-05-24,0.0,43.31,28.31,44.57,15.49
2007-05-25,0.0,41.79,28.16,37.17,14.67
2007-05-26,0.11,44.83,28.61,37.43,14.21
2007-05-27,0.01,43.76,29.1,46.41,17.44
2007-05-28,0.02,42.68,29.7,54.7,23.18
2007-05-29,0.0,41.98,28.8,59.39,24.12
2007-05-30,0.14,42.89,29.03,59.15,24.16
2007-05-31,0.0,41.34,29.69,67.39,26.83
2007-06-01,0.0,41.73,27.44,68.6,20.36
2007-06-02,0.0,41.7,27.26,52.18,16.78
2007-06-03,0.08,40.43,26.13,45.31,17.49
2007-06-04,0.0,40.32,25.71,52.39,21.14
2007-06-05,0.0,40.24,25.76,52.85,22.72
2007-06-06,0.0,39.6,27.16,51.84,25.45
2007-06-07,0.0,39.49,26.47,46.21,22.74
2007-06-08,0.46,41.56,26.74,50.07,17.37
2007-06-09,0.0,44.24,29.53,48.84,15.09
2007-06-10,0.0,38.28,29.5,59.29,20.03
2007-06-11,0.0,43.73,29.24,48.46,12.7
2007-06-12,1.75,42.57,28.78,50.89,14.93
2007-06-13,19.09,38.18,25.72,97.15,35.21
2007-06-14,0.67,34.27,24.13,97.23,48.44
2007-06-15,0.0,40.83,24.46,86.2,25.13
2007-06-16,0.0,41.56,27.59,56.73,23.5
2007-06-17,0.0,39.52,28.32,64.66,33.12
2007-06-18,6.19,41.17,29.0,63.53,29.03
2007-06-19,12.27,40.27,28.25,79.86,33.63
2007-06-20,0.0,37.23,24.62,93.32,44.76
2007-06-21,0.0,37.88,25.09,86.78,36.12
2007-06-22,0.28,37.32,25.66,78.29,38.26
2007-06-23,0.0,34.88,25.46,84.38,48.99
2007-06-24,6.52,36.4,23.64,87.99,43.82
2007-06-25,0.0,38.16,25.55,81.45,36.32
2007-06-26,0.0,36.96,26.03,79.42,41.22
2007-06-27,0.66,37.11,26.92,75.64,42.87
2007-06-28,0.0,38.3,27.1,75.76,40.44
2007-06-29,0.0,38.71,26.26,80.23,36.54
2007-06-30,0.01,39.52,26.59,70.13,23.83
2007-07-01,0.0,37.56,25.8,62.31,29.04
2007-07-02,0.04,37.91,25.71,66.65,31.31
2007-07-03,30.6,35.68,23.49,90.41,39.13
2007-07-04,2.97,33.68,22.6,95.61,55.75
2007-07-05,5.53,32.32,23.48,92.93,60.02
2007-07-06,0.0,35.54,23.37,94.28,45.86
2007-07-07,0.0,35.92,23.81,70.6,32.91
2007-07-08,0.4,35.79,23.71,68.93,42.06
2007-07-09,18.16,36.55,25.26,80.16,45.6
2007-07-10,0.18,36.86,25.24,82.06,44.99
2007-07-11,0.0,36.9,26.72,75.34,43.7
2007-07-12,8.03,38.07,25.4,79.56,37.87
2007-07-13,1.17,37.23,25.54,85.45,42.93
2007-07-14,0.0,37.18,26.39,76.2,42.16
2007-07-15,0.49,36.52,25.75,73.4,40.83
2007-07-16,0.03,35.34,24.46,82.46,45.53
2007-07-17,0.0,33.75,24.35,89.51,55.66
2007-07-18,8.49,30.63,23.11,90.36,64.79
2007-07-19,0.98,33.2,22.86,97.64,53.36
2007-07-20,0.0,32.69,23.28,93.11,58.18
2007-07-21,0.13,33.94,22.93,90.98,52.96
2007-07-22,0.0,33.39,23.3,87.27,54.07
2007-07-23,24.78,30.97,22.71,97.06,66.34
2007-07-24,3.22,30.38,22.8,98.15,70.59
2007-07-25,0.55,31.5,22.83,96.63,62.92
2007-07-26,16.17,33.04,22.57,97.37,59.57
2007-07-27,1.09,32.83,23.01,96.34,57.83
2007-07-28,0.0,32.8,23.08,94.01,56.57
2007-07-29,1.52,31.85,23.67,89.86,62.4
2007-07-30,30.0,30.99,22.58,96.59,64.97
2007-07-31,0.14,32.11,22.64,97.62,61.89
2007-08-01,2.11,32.79,23.32,91.1,58.98
2007-08-02,39.2,29.62,22.71,97.78,75.19
2007-08-03,0.0,32.6,22.33,98.45,62.19
2007-08-04,0.0,32.56,23.34,98.24,60.84
2007-08-05,0.04,32.83,24.28,88.88,63.0
2007-08-06,2.17,31.89,24.19,88.28,61.5
2007-08-07,11.57,30.55,22.99,96.3,68.53
2007-08-08,3.95,29.59,22.47,98.43,74.45
2007-08-09,4.74,32.04,22.69,96.5,62.56
2007-08-10,0.05,32.11,23.37,98.26,64.97
2007-08-11,0.07,33.46,23.15,96.0,59.45
2007-08-12,27.47,30.52,23.15,91.23,67.4
2007-08-13,0.01,31.79,22.05,96.52,65.58
2007-08-14,0.69,32.84,22.82,95.94,66.27
2007-08-15,30.36,29.76,22.5,98.81,73.23
2007-08-16,0.0,31.34,22.19,98.99,65.62
2007-08-17,0.0,32.06,22.26,97.99,64.38
2007-08-18,0.01,31.61,23.94,93.65,67.46
2007-08-19,0.0,32.37,23.82,92.63,65.83
2007-08-20,7.91,33.16,23.13,97.47,64.25
2007-08-21,8.58,30.38,22.93,98.64,71.37
2007-08-22,0.14,32.93,22.64,98.61,60.09
2007-08-23,8.95,31.79,22.3,98.65,64.84
2007-08-24,14.14,30.71,22.16,98.72,70.06
2007-08-25,3.08,32.57,22.73,97.24,63.45
2007-08-26,11.59,32.43,22.39,99.11,62.88
2007-08-27,0.21,28.28,22.32,98.91,82.43
2007-08-28,17.27,28.16,21.8,98.73,81.9
2007-08-29,24.68,29.96,21.92,98.66,72.29
2007-08-30,3.06,27.27,21.67,98.84,83.2
2007-08-31,10.85,27.85,22.28,99.08,79.57
2007-09-01,1.17,29.89,21.74,99.02,76.63
2007-09-02,16.69,30.8,21.45,98.71,67.81
2007-09-03,10.46,31.98,21.49,98.66,63.66
2007-09-04,0.0,31.19,22.5,97.96,67.18
2007-09-05,0.09,31.95,23.07,95.39,66.99
2007-09-06,2.19,32.79,22.55,98.76,66.03
2007-09-07,21.24,32.47,22.39,98.71,62.59
2007-09-08,8.84,32.04,21.95,97.91,64.61
2007-09-09,0.0,31.64,21.96,98.32,67.15
2007-09-10,0.02,31.92,23.56,90.9,63.04
2007-09-11,11.8,31.5,22.45,98.7,68.8
2007-09-12,11.27,29.61,21.86,98.87,74.45
2007-09-13,5.29,33.42,21.5,99.33,60.65
2007-09-14,3.72,30.46,21.89,98.6,73.28
2007-09-15,0.0,34.11,22.68,98.11,58.78
2007-09-16,0.0,32.94,23.85,91.81,65.02
2007-09-17,3.89,33.31,22.8,98.61,64.86
2007-09-18,2.62,33.76,22.67,98.54,61.21
2007-09-19,0.0,32.49,21.78,98.84,65.74
2007-09-20,0.0,33.0,21.62,98.93,62.6
2007-09-21,0.05,35.0,23.21,91.26,54.69
2007-09-22,0.0,35.85,24.21,87.29,52.38
2007-09-23,0.76,33.97,23.34,91.85,58.49
2007-09-24,0.0,33.48,22.67,96.93,55.9
2007-09-25,0.0,33.16,23.17,91.0,60.31
2007-09-26,0.03,33.17,22.77,98.11,60.43
2007-09-27,11.76,32.95,21.51,97.46,59.97
2007-09-28,0.0,32.96,21.91,95.82,53.88
2007-09-29,0.04,35.27,23.19,84.6,48.92
2007-09-30,0.01,35.37,24.59,82.54,51.83
2007-10-01,0.0,36.6,22.98,91.8,47.9
2007-10-02,0.0,36.52,23.18,87.23,48.21
2007-10-03,0.0,34.96,22.98,93.41,54.26
2007-10-04,10.18,34.07,21.94,98.48,59.74
2007-10-05,0.0,31.8,21.37,97.94,66.72
2007-10-06,0.0,36.13,21.2,98.67,46.51
2007-10-07,0.0,35.97,22.73,92.26,49.03
2007-10-08,0.53,33.7,22.99,98.58,55.48
2007-10-09,0.0,35.43,20.77,94.64,48.52
2007-10-10,0.38,34.4,22.07,97.63,55.3
2007-10-11,20.81,32.51,21.04,98.26,64.32
2007-10-12,0.0,31.4,20.36,97.65,61.96
2007-10-13,0.0,34.99,23.08,86.79,44.09
2007-10-14,0.0,37.18,23.59,74.05,33.76
2007-10-15,0.0,37.22,22.75,79.16,35.82
2007-10-16,0.0,36.34,22.71,91.4,44.41
2007-10-17,0.0,36.34,23.11,94.01,46.94
2007-10-18,0.21,35.54,22.92,99.06,51.62
2007-10-19,0.0,35.07,22.39,98.8,55.12
2007-10-20,0.0,35.67,21.8,98.12,41.97
2007-10-21,0.0,35.42,22.07,78.12,36.64
2007-10-22,0.0,34.07,22.41,95.02,39.99
2007-10-23,0.1,34.8,21.83,95.23,51.13
2007-10-24,0.0,37.32,22.73,90.84,36.77
2007-10-25,0.0,37.53,25.02,79.86,32.95
2007-10-26,0.0,38.65,24.27,68.92,27.74
2007-10-27,0.0,37.76,23.6,70.2,30.19
2007-10-28,0.0,36.65,22.89,81.48,36.07
2007-10-29,0.0,34.15,23.45,78.57,44.51
2007-10-30,0.0,36.99,23.38,82.54,34.32
2007-10-31,0.0,37.14,24.17,76.75,37.61
2007-11-01,10.51,37.03,20.82,96.24,41.2
2007-11-02,0.18,37.52,20.88,94.6,32.94
2007-11-03,0.0,38.64,20.85,70.38,26.32
2007-11-04,0.0,37.25,19.88,80.59,31.81
2007-11-05,0.0,37.69,19.91,87.5,31.02
2007-11-06,0.0,37.97,20.0,72.91,18.83
2007-11-07,0.0,35.66,19.1,47.85,15.85
2007-11-08,0.0,34.92,16.48,57.55,17.32
2007-11-09,0.0,34.71,16.59,60.95,20.52
2007-11-10,0.0,35.28,16.4,54.2,18.77
2007-11-11,0.0,37.69,17.97,60.16,18.76
2007-11-12,0.0,35.42,20.8,69.04,34.03
2007-11-13,0.0,37.3,20.82,82.11,19.6
2007-11-14,0.0,37.57,18.98,47.14,15.1
2007-11-15,0.0,37.41,18.99,55.11,17.65
2007-11-16,0.0,37.42,18.2,63.8,21.93
2007-11-17,0.0,37.71,19.1,72.07,22.65
2007-11-18,0.0,38.61,19.56,57.74,17.37
2007-11-19,0.0,39.13,19.93,59.99,20.45
2007-11-20,0.0,38.81,20.01,55.02,15.85
2007-11-21,0.0,35.96,18.25,48.19,12.69
2007-11-22,0.0,35.23,15.95,46.09,11.61
2007-11-23,0.0,37.29,17.67,53.85,14.06
2007-11-24,0.0,36.82,17.87,55.39,16.1
2007-11-25,0.0,35.64,17.36,66.7,23.45
2007-11-26,0.0,34.32,17.09,56.28,23.01
2007-11-27,0.0,32.92,16.15,48.49,20.03
2007-11-28,0.0,32.61,15.76,50.71,21.34
2007-11-29,0.0,34.46,16.4,52.25,20.83
2007-11-30,0.0,34.82,18.32,51.24,21.18
2007-12-01,0.0,33.93,18.73,48.45,24.0
2007-12-02,0.0,34.11,19.61,62.25,22.64
2007-12-03,0.0,33.09,18.39,31.73,18.35
2007-12-04,0.0,31.13,15.06,39.28,18.2
2007-12-05,0.0,29.92,12.98,40.7,17.6
2007-12-06,0.0,31.11,13.23,44.0,18.73
2007-12-07,0.0,32.15,14.07,43.55,18.89
2007-12-08,0.0,33.43,15.06,56.12,22.52
2007-12-09,0.0,34.15,15.59,53.07,23.45
2007-12-10,0.0,36.45,16.39,54.62,20.87
2007-12-11,0.0,38.1,19.12,56.45,20.01
2007-12-12,0.0,39.22,20.02,53.14,19.16
2007-12-13,0.0,38.33,19.31,42.0,15.35
2007-12-14,0.0,36.3,18.07,39.79,15.89
2007-12-15,0.0,34.21,15.91,41.76,15.71
2007-12-16,0.0,32.36,15.26,35.73,16.1
2007-12-17,0.0,34.93,16.76,33.39,14.61
2007-12-18,0.0,36.16,16.59,41.75,15.55
2007-12-19,0.0,37.21,17.72,48.4,17.1
2007-12-20,0.0,36.5,18.06,39.17,16.78
2007-12-21,0.0,39.0,18.29,44.85,17.0
2007-12-22,0.0,38.78,19.15,49.56,16.33
2007-12-23,0.0,38.42,18.37,43.23,17.51
2007-12-24,0.0,37.25,17.7,42.47,17.47
2007-12-25,0.0,36.49,16.85,33.17,14.32
2007-12-26,0.0,35.84,16.1,34.02,13.72
2007-12-27,0.0,33.86,15.45,42.5,17.72
2007-12-28,0.0,32.92,14.71,39.86,18.68
2007-12-29,0.0,32.01,14.94,40.1,19.12
2007-12-30,0.0,30.79,13.36,43.94,22.04
2007-12-31,0.0,29.82,13.29,39.94,18.84
2008-01-01,0.0,30.2,13.33,37.97,20.24
2008-01-02,0.0,31.25,13.83,42.13,19.74
2008-01-03,0.0,31.41,14.91,39.16,17.21
2008-01-04,0.0,31.7,13.99,34.36,16.83
2008-01-05,0.0,31.33,13.44,36.53,17.04
2008-01-06,0.0,31.56,14.49,62.51,22.13
2008-01-07,0.0,29.7,13.69,41.89,18.43
2008-01-08,0.0,30.15,12.9,45.93,18.39
2008-01-09,0.0,30.66,12.88,39.9,18.78
2008-01-10,0.0,32.17,13.63,52.63,24.05
2008-01-11,0.0,33.42,15.58,54.18,24.61
2008-01-12,0.0,32.86,15.9,50.16,24.37
2008-01-13,0.0,34.92,17.18,44.41,20.27
2008-01-14,0.0,36.13,18.0,37.17,18.38
2008-01-15,0.0,35.78,17.98,39.45,18.14
2008-01-16,0.0,33.95,18.52,37.34,19.79
2008-01-17,0.0,33.48,16.43,31.7,15.51
2008-01-18,0.0,33.81,16.6,29.27,16.43
2008-01-19,0.0,33.96,15.55,31.54,15.05
2008-01-20,0.0,34.61,15.46,32.36,14.31
2008-01-21,0.0,35.36,16.13,30.45,14.07
2008-01-22,0.0,34.83,16.58,29.82,16.28
2008-01-23,0.0,34.63,15.9,32.75,13.9
2008-01-24,0.0,34.61,15.98,34.69,13.44
2008-01-25,0.0,35.22,16.61,30.43,13.53
2008-01-26,0.0,35.1,17.37,29.84,12.96
2008-01-27,0.0,34.68,16.59,27.73,14.41
2008-01-28,0.0,33.44,18.14,26.44,15.32
2008-01-29,0.0,34.93,17.98,30.57,13.33
2008-01-30,0.0,35.4,16.85,31.39,13.86
2008-01-31,0.0,35.47,17.12,30.23,14.2
2008-02-01,0.0,35.14,18.39,28.37,13.99
2008-02-02,0.0,36.66,18.25,30.46,12.94
2008-02-03,0.0,36.18,18.88,25.19,14.53
2008-02-04,0.0,38.11,19.85,28.15,12.54
2008-02-05,0.0,38.08,19.68,27.66,13.29
2008-02-06,0.0,38.7,20.03,31.81,13.51
2008-02-07,0.0,37.33,20.45,28.21,14.08
2008-02-08,0.0,38.24,20.17,32.26,13.02
2008-02-09,0.0,36.23,19.79,51.41,17.35
2008-02-10,0.0,33.97,18.64,59.53,30.31
2008-02-11,0.0,33.89,19.78,53.66,27.17
2008-02-12,0.0,34.78,20.42,51.09,31.37
2008-02-13,0.0,38.05,21.63,48.5,16.28
2008-02-14,0.0,38.62,19.53,60.31,16.0
2008-02-15,0.0,39.86,20.84,34.21,12.68
2008-02-16,0.0,39.35,21.45,34.27,17.74
2008-02-17,0.0,40.44,21.5,35.39,15.41
2008-02-18,0.0,40.44,22.0,26.78,11.57
2008-02-19,0.0,39.49,21.31,26.55,13.3
2008-02-20,0.0,38.8,20.72,28.7,13.77
2008-02-21,0.0,38.39,20.52,30.07,15.61
2008-02-22,0.0,38.87,20.06,28.86,14.62
2008-02-23,0.0,39.84,20.51,32.11,13.62
2008-02-24,0.0,40.14,20.77,29.09,13.07
2008-02-25,0.0,40.28,21.06,28.94,13.4
2008-02-26,0.0,39.78,21.04,32.88,15.95
2008-02-27,0.0,39.27,20.6,40.76,18.91
2008-02-28,0.0,40.31,21.22,41.0,17.97
2008-02-29,0.0,40.06,21.45,36.06,14.83
2008-03-01,0.0,39.53,21.26,28.84,14.16
2008-03-02,0.0,39.17,20.58,29.6,15.19
2008-03-03,0.0,40.39,21.03,34.24,16.18
2008-03-04,0.0,39.86,21.88,30.99,16.02
2008-03-05,0.0,40.5,22.06,35.53,15.94
2008-03-06,0.0,40.97,22.62,35.63,11.53
2008-03-07,0.0,41.05,22.82,30.01,10.97
2008-03-08,0.0,41.62,22.54,30.61,10.47
2008-03-09,0.0,41.48,23.34,32.85,12.68
2008-03-10,0.0,40.52,22.34,31.27,12.69
2008-03-11,0.0,39.21,21.29,28.29,12.41
2008-03-12,0.0,40.54,22.59,37.03,14.22
2008-03-13,0.0,39.53,22.58,51.62,16.95
2008-03-14,0.0,38.98,23.02,61.33,25.42
2008-03-15,0.0,40.82,23.96,53.59,21.92
2008-03-16,0.0,43.44,24.72,37.51,9.45
2008-03-17,0.0,43.25,24.36,36.91,9.28
2008-03-18,0.0,42.2,24.25,42.18,13.64
2008-03-19,0.0,42.41,24.23,32.73,11.8
2008-03-20,0.0,42.63,23.68,44.87,12.08
2008-03-21,0.0,41.56,23.22,38.81,12.33
2008-03-22,0.0,40.73,22.19,34.82,12.87
2008-03-23,0.0,41.17,22.48,31.91,13.87
2008-03-24,0.0,39.7,22.21,29.49,13.09
2008-03-25,1.27,40.81,22.57,42.88,13.23
2008-03-26,0.0,39.34,23.39,59.38,18.84
2008-03-27,0.0,43.78,24.55,33.88,12.73
2008-03-28,0.0,43.13,26.25,44.08,17.85
2008-03-29,0.0,43.05,25.81,48.61,17.05
2008-03-30,0.0,43.54,26.49,37.34,12.57
2008-03-31,0.0,44.02,26.04,32.89,10.18
2008-04-01,0.0,44.55,27.31,34.67,11.58
2008-04-02,0.0,42.84,26.82,39.42,14.89
2008-04-03,0.0,42.28,26.47,35.06,12.46
2008-04-04,0.0,42.05,25.8,26.64,9.05
2008-04-05,0.0,41.14,25.0,28.41,10.41
2008-04-06,0.0,42.12,24.44,24.25,10.14
2008-04-07,0.0,41.81,24.88,39.52,12.48
2008-04-08,0.0,43.45,24.57,27.84,7.67
2008-04-09,0.0,43.04,25.44,36.08,11.05
2008-04-10,0.0,43.75,25.99,34.49,8.4
2008-04-11,0.0,42.72,25.61,45.02,8.8
2008-04-12,0.0,42.47,25.01,41.98,9.86
2008-04-13,0.0,42.52,24.56,59.95,12.56
2008-04-14,0.0,43.47,25.4,51.94,10.74
2008-04-15,0.0,43.18,25.48,41.51,11.84
2008-04-16,0.0,42.07,25.21,52.38,14.29
2008-04-17,0.0,41.35,24.59,45.44,18.11
2008-04-18,0.0,41.68,25.07,53.22,17.05
2008-04-19,0.0,42.74,26.76,44.32,15.83
2008-04-20,0.0,43.51,27.03,42.63,16.3
2008-04-21,0.0,43.93,28.92,44.7,17.69
2008-04-22,0.02,44.14,28.07,50.93,21.85
2008-04-23,0.0,44.07,29.68,46.34,18.59
2008-04-24,0.0,43.44,27.6,63.45,21.04
2008-04-25,0.0,42.67,26.67,56.36,19.63
2008-04-26,0.0,42.89,26.77,58.73,14.99
2008-04-27,0.0,43.5,27.5,40.93,9.78
2008-04-28,0.0,43.31,27.44,35.06,11.54
2008-04-29,0.0,42.94,26.75,44.17,12.34
2008-04-30,0.0,42.62,26.42,37.19,12.89
2008-05-01,0.0,41.53,27.05,48.21,17.89
2008-05-02,0.0,40.62,26.85,61.37,19.24
2008-05-03,0.0,43.29,26.67,46.45,16.0
2008-05-04,0.0,46.93,29.92,30.37,10.67
2008-05-05,0.01,42.13,28.5,56.33,23.78
2008-05-06,0.66,41.43,28.46,67.33,32.38
2008-05-07,0.0,41.74,28.16,67.54,29.52
2008-05-08,0.0,41.73,28.34,48.56,18.03
2008-05-09,0.0,42.19,27.59,42.79,14.14
2008-05-10,0.0,43.33,27.13,33.52,12.49
2008-05-11,0.0,44.25,27.72,34.34,12.11
2008-05-12,0.0,43.4,28.5,36.52,16.26
2008-05-13,0.0,41.82,28.89,43.41,21.88
2008-05-14,0.0,39.09,28.8,71.73,31.55
2008-05-15,0.0,39.34,27.84,64.12,24.34
2008-05-16,0.0,40.6,28.18,44.4,16.33
2008-05-17,0.0,42.83,28.31,29.01,10.86
2008-05-18,0.0,44.35,27.25,34.62,12.38
2008-05-19,0.0,42.23,28.92,45.8,18.57
2008-05-20,0.57,41.0,28.52,64.17,29.25
2008-05-21,0.09,38.11,27.84,76.12,35.16
2008-05-22,0.0,42.47,29.03,71.93,19.97
2008-05-23,0.0,42.62,28.77,58.78,15.57
2008-05-24,0.0,43.51,28.27,38.45,10.45
2008-05-25,0.14,40.94,26.94,48.91,12.3
2008-05-26,0.0,39.55,27.17,53.28,20.27
2008-05-27,0.0,42.01,27.58,47.53,15.69
2008-05-28,0.0,43.76,28.18,38.14,16.33
2008-05-29,0.0,44.43,30.22,42.54,11.84
2008-05-30,0.0,41.5,28.73,56.26,15.08
2008-05-31,19.54,38.65,28.09,82.51,39.08
2008-06-01,0.0,33.77,23.95,98.23,53.33
2008-06-02,0.0,37.94,25.67,84.37,38.35
2008-06-03,0.0,42.54,27.83,71.47,17.77
2008-06-04,0.26,38.48,28.57,61.35,31.29
2008-06-05,0.0,38.65,28.85,71.5,38.44
2008-06-06,0.0,36.62,25.82,81.81,45.18
2008-06-07,0.0,39.23,25.32,74.83,23.46
2008-06-08,0.0,39.79,25.23,61.24,24.47
2008-06-09,0.0,41.28,26.74,62.05,25.41
2008-06-10,0.01,43.23,28.12,60.33,15.78
2008-06-11,17.12,40.46,28.41,65.19,25.05
2008-06-12,7.29,36.69,26.71,87.2,47.41
2008-06-13,10.42,32.3,23.6,98.51,59.57
2008-06-14,0.0,38.66,24.96,92.71,31.42
2008-06-15,20.5,37.62,26.82,80.78,45.5
2008-06-16,0.0,35.76,24.43,96.49,42.89
2008-06-17,0.0,37.67,25.46,79.98,33.34
2008-06-18,0.0,39.61,26.09,67.28,27.48
2008-06-19,0.0,38.33,27.58,73.65,41.07
2008-06-20,25.91,38.79,29.2,66.77,42.12
2008-06-21,0.0,37.42,26.45,88.23,38.26
2008-06-22,0.0,37.27,27.12,81.21,43.24
2008-06-23,0.0,36.94,26.33,90.53,47.79
2008-06-24,0.0,34.3,26.0,87.77,56.56
2008-06-25,0.0,36.46,24.14,93.42,45.44
2008-06-26,0.01,36.48,26.52,85.5,44.31
2008-06-27,1.53,33.37,24.19,97.15,57.9
2008-06-28,16.56,29.35,23.26,98.37,77.4
2008-06-29,1.83,31.69,23.21,97.86,66.1
2008-06-30,11.79,34.58,23.99,98.01,51.22
2008-07-01,20.95,32.51,23.69,95.69,61.4
2008-07-02,0.17,32.93,23.17,99.06,59.43
2008-07-03,3.6,33.25,24.45,92.56,58.46
2008-07-04,0.0,34.67,22.9,97.63,53.29
2008-07-05,0.0,34.17,24.27,89.25,52.31
2008-07-06,0.0,33.92,24.51,84.66,53.38
2008-07-07,3.47,32.97,24.38,88.01,57.1
2008-07-08,0.06,33.44,23.41,92.04,54.84
2008-07-09,0.0,35.09,23.9,91.01,50.6
2008-07-10,6.77,34.53,24.04,88.19,54.24
2008-07-11,0.07,34.07,24.25,88.49,53.06
2008-07-12,14.3,33.26,24.77,90.63,57.63
2008-07-13,0.0,34.38,22.75,96.43,54.89
2008-07-14,0.0,35.46,23.84,93.85,49.95
2008-07-15,0.0,35.37,24.94,87.63,52.7
2008-07-16,0.0,34.57,25.54,82.9,51.02
2008-07-17,0.0,34.72,25.69,83.4,51.17
2008-07-18,0.0,34.9,23.66,88.37,45.67
2008-07-19,21.61,36.26,24.9,84.19,43.83
2008-07-20,32.84,30.42,22.2,98.87,69.38
2008-07-21,0.06,28.32,22.35,99.26,71.67
2008-07-22,0.03,33.04,22.5,98.68,57.86
2008-07-23,0.0,31.28,23.18,97.92,66.54
2008-07-24,0.0,33.91,23.4,97.58,54.88
2008-07-25,0.03,33.31,23.2,96.58,55.94
2008-07-26,0.37,31.84,24.01,89.77,60.43
2008-07-27,0.09,33.7,23.7,95.08,57.44
2008-07-28,1.0,31.13,23.37,94.07,66.42
2008-07-29,8.24,30.97,22.69,96.44,61.67
2008-07-30,3.73,33.49,22.53,95.81,53.6
2008-07-31,0.96,32.92,23.55,88.88,55.97
2008-08-01,0.0,35.72,24.87,84.57,46.09
2008-08-02,21.79,35.43,25.65,82.29,45.34
2008-08-03,6.39,34.42,24.24,90.4,55.1
2008-08-04,0.63,32.78,23.7,92.16,58.62
2008-08-05,0.42,32.43,23.82,89.93,61.65
2008-08-06,2.65,32.65,22.28,98.15,65.31
2008-08-07,4.89,30.84,22.22,98.0,68.42
2008-08-08,0.0,31.22,23.08,98.88,66.85
2008-08-09,1.46,33.56,22.95,93.95,60.8
2008-08-10,1.67,33.28,23.13,96.74,61.3
2008-08-11,0.0,32.18,22.72,97.7,60.79
2008-08-12,0.98,33.31,24.09,89.22,57.3
2008-08-13,2.57,30.37,23.98,94.54,65.27
2008-08-14,10.8,32.69,22.83,96.83,60.02
2008-08-15,0.0,32.63,22.86,94.65,56.99
2008-08-16,0.0,33.63,23.84,87.19,55.37
2008-08-17,0.11,32.61,23.54,84.95,57.76
2008-08-18,0.72,33.78,24.28,90.57,55.33
2008-08-19,26.38,31.91,23.04,98.71,66.23
2008-08-20,52.52,28.56,21.92,99.06,74.6
2008-08-21,0.06,29.12,22.47,99.13,75.04
2008-08-22,0.0,32.68,22.73,96.12,61.34
2008-08-23,9.63,30.41,23.62,96.09,71.37
2008-08-24,18.52,29.21,22.78,98.32,76.38
2008-08-25,0.02,31.38,22.0,97.17,63.13
2008-08-26,16.88,32.49,22.18,98.53,59.6
2008-08-27,0.28,29.83,22.47,97.71,70.07
2008-08-28,14.28,28.97,22.95,98.71,79.27
2008-08-29,20.0,32.96,22.46,98.62,58.26
2008-08-30,7.23,32.13,22.97,87.66,59.36
2008-08-31,0.0,31.01,22.95,97.49,63.54
2008-09-01,0.44,33.28,22.26,98.86,61.67
2008-09-02,15.7,33.89,22.9,93.89,59.32
2008-09-03,17.15,31.77,21.69,99.03,66.03
2008-09-04,0.0,32.28,22.28,99.4,62.44
2008-09-05,10.46,34.64,23.7,86.01,54.81
2008-09-06,0.0,33.78,23.2,91.08,61.31
2008-09-07,0.34,34.72,23.2,98.78,54.88
2008-09-08,18.61,32.04,23.19,97.3,68.26
2008-09-09,0.0,33.35,22.2,99.19,61.07
2008-09-10,0.0,34.26,22.84,98.39,58.99
2008-09-11,0.01,34.85,23.29,88.16,53.8
2008-09-12,2.16,34.33,25.0,92.92,60.38
2008-09-13,0.93,31.12,22.17,98.68,67.65
2008-09-14,0.0,31.83,22.43,97.62,67.25
2008-09-15,20.4,34.72,22.71,94.98,55.32
2008-09-16,1.78,33.61,22.41,98.29,64.5
2008-09-17,0.6,31.88,22.21,98.92,71.24
2008-09-18,0.0,32.85,22.07,98.95,62.24
2008-09-19,23.22,34.32,23.46,92.09,56.3
2008-09-20,0.0,33.59,22.81,96.46,57.96
2008-09-21,0.44,34.41,23.05,94.8,56.77
2008-09-22,0.0,35.45,22.58,96.06,50.14
2008-09-23,0.13,35.72,24.07,83.84,48.93
2008-09-24,0.57,35.59,23.69,88.67,50.13
2008-09-25,4.24,33.3,22.43,98.58,59.5
2008-09-26,14.12,32.58,22.78,97.57,62.01
2008-09-27,1.7,32.3,22.46,93.99,64.9
2008-09-28,0.0,34.8,22.09,98.27,51.11
2008-09-29,14.03,35.96,24.28,82.89,50.1
2008-09-30,0.07,33.41,24.3,96.4,56.35
2008-10-01,10.72,34.67,21.77,99.26,56.17
2008-10-02,18.88,33.41,21.97,99.39,61.39
2008-10-03,0.48,33.28,21.85,99.28,59.94
2008-10-04,0.0,33.28,22.41,98.58,57.07
2008-10-05,0.0,36.21,21.73,98.73,45.93
2008-10-06,4.07,36.72,24.48,86.24,46.58
2008-10-07,0.0,37.06,24.32,84.21,42.89
2008-10-08,0.0,36.39,23.89,91.01,50.79
2008-10-09,0.01,36.34,22.94,96.78,53.55
2008-10-10,0.0,33.21,22.03,98.01,62.89
2008-10-11,0.0,34.34,21.15,98.63,55.14
2008-10-12,0.0,37.14,22.55,89.0,33.37
2008-10-13,1.91,34.45,23.08,94.3,48.82
2008-10-14,9.15,36.26,22.25,99.49,46.14
2008-10-15,4.32,35.42,23.24,97.12,50.6
2008-10-16,0.0,35.71,23.0,89.54,45.23
2008-10-17,0.0,38.15,24.34,81.77,33.75
2008-10-18,0.56,37.32,24.33,80.11,44.05
2008-10-19,0.0,36.58,24.14,87.09,44.47
2008-10-20,0.12,34.69,23.08,97.25,53.73
2008-10-21,4.43,33.52,21.08,98.16,58.78
2008-10-22,0.0,34.2,21.04,99.24,43.28
2008-10-23,0.0,37.32,23.47,68.57,31.87
2008-10-24,0.0,36.72,24.11,73.41,36.63
2008-10-25,0.0,36.74,23.73,77.35,36.43
2008-10-26,0.0,37.4,23.59,78.88,29.37
2008-10-27,0.0,36.74,22.7,67.33,24.14
2008-10-28,0.0,35.82,22.92,69.44,28.53
2008-10-29,0.0,35.83,23.12,77.28,33.97
2008-10-30,0.0,36.53,22.86,77.25,30.69
2008-10-31,0.0,34.92,21.99,65.82,29.8
2008-11-01,0.0,35.95,20.13,68.78,33.65
2008-11-02,0.0,38.91,21.92,69.79,27.16
2008-11-03,0.0,39.62,21.91,71.09,23.77
2008-11-04,0.0,38.8,21.25,70.34,23.29
2008-11-05,0.0,38.37,19.8,59.08,17.46
2008-11-06,0.0,38.86,19.72,62.52,17.95
2008-11-07,0.0,38.58,20.2,64.77,23.31
2008-11-08,0.0,38.32,20.33,70.24,25.9
2008-11-09,0.0,36.7,19.72,64.34,17.86
2008-11-10,0.0,35.82,16.92,55.39,18.31
2008-11-11,0.0,36.76,17.39,59.2,19.57
2008-11-12,0.0,37.65,19.16,62.34,20.86
2008-11-13,0.0,38.65,19.32,61.05,17.67
2008-11-14,0.0,38.37,20.18,62.44,18.58
2008-11-15,0.0,38.54,19.53,59.87,16.74
2008-11-16,0.0,39.03,19.65,53.39,17.42
2008-11-17,0.0,39.41,20.11,55.19,18.82
2008-11-18,0.0,38.43,19.99,52.75,13.93
2008-11-19,0.0,38.02,19.28,52.44,16.29
2008-11-20,0.0,36.4,19.53,63.39,27.1
2008-11-21,0.0,37.3,19.98,78.22,32.93
2008-11-22,0.0,38.61,20.75,71.54,26.23
2008-11-23,0.0,38.91,21.29,65.16,20.65
2008-11-24,0.0,39.28,20.91,47.73,16.9
2008-11-25,0.0,38.56,19.7,54.32,19.8
2008-11-26,0.0,39.11,19.94,53.69,19.15
2008-11-27,0.0,39.43,20.17,61.47,20.13
2008-11-28,0.0,37.69,20.13,53.07,22.43
2008-11-29,0.0,37.31,18.09,54.13,21.74
2008-11-30,0.0,38.09,18.98,55.36,20.75
2008-12-01,0.0,38.86,19.39,56.41,20.35
2008-12-02,0.0,38.79,19.5,54.18,16.85
2008-12-03,0.0,35.71,19.11,46.96,20.58
2008-12-04,0.0,33.11,15.67,48.8,18.0
2008-12-05,0.0,30.94,13.47,33.33,15.02
2008-12-06,0.0,31.83,13.46,32.07,15.1
2008-12-07,0.0,33.1,13.72,40.82,15.76
2008-12-08,0.0,33.61,15.18,42.18,16.28
2008-12-09,0.0,35.04,15.88,44.95,15.97
2008-12-10,0.0,35.03,17.06,42.05,14.45
2008-12-11,0.0,35.13,16.29,37.93,14.18
2008-12-12,0.0,35.93,16.75,48.99,16.5
2008-12-13,0.0,35.92,16.79,50.04,18.61
2008-12-14,0.0,35.57,16.43,43.62,17.96
2008-12-15,0.0,33.98,15.74,33.52,12.43
2008-12-16,0.0,31.85,15.42,41.42,16.79
2008-12-17,0.0,33.44,16.16,57.96,26.29
2008-12-18,0.0,31.74,17.15,55.92,27.39
2008-12-19,0.0,32.48,15.21,64.16,27.75
2008-12-20,0.0,34.87,17.28,44.6,19.77
2008-12-21,0.0,36.78,19.29,37.15,16.54
2008-12-22,0.0,36.86,18.22,37.34,12.9
2008-12-23,0.0,37.37,17.85,42.06,15.13
2008-12-24,0.0,38.04,18.14,45.08,16.0
2008-12-25,0.0,38.12,19.35,47.24,18.51
2008-12-26,0.0,38.89,19.32,47.53,16.84
2008-12-27,0.0,38.89,18.81,45.14,15.86
2008-12-28,0.0,38.57,18.34,42.98,13.36
2008-12-29,0.0,39.69,19.31,44.44,14.04
2008-12-30,0.0,38.27,18.86,40.98,17.85
2008-12-31,0.0,38.25,18.57,45.62,14.18
2009-01-01,0.0,36.66,19.45,38.78,13.62
2009-01-02,0.0,36.68,19.54,31.84,13.77
2009-01-03,0.0,36.22,18.03,35.24,14.69
2009-01-04,0.0,35.29,17.24,37.98,13.76
2009-01-05,0.0,35.05,16.68,39.99,12.99
2009-01-06,0.0,34.46,16.72,43.7,14.57
2009-01-07,0.0,30.64,14.73,45.43,17.89
2009-01-08,0.0,30.44,13.65,54.16,20.27
2009-01-09,0.0,30.66,13.82,45.34,18.54
2009-01-10,0.0,32.46,14.88,43.15,15.01
2009-01-11,0.0,31.81,14.24,37.43,12.64
2009-01-12,0.0,30.74,14.91,58.77,20.65
2009-01-13,0.0,30.35,13.34,41.85,18.4
2009-01-14,0.0,31.25,14.84,42.62,21.25
2009-01-15,0.0,32.15,15.85,36.64,16.85
2009-01-16,0.0,31.5,15.92,34.68,15.55
2009-01-17,0.0,29.06,15.24,40.32,19.49
2009-01-18,0.0,28.81,12.13,50.12,20.16
2009-01-19,0.0,29.31,13.06,52.07,18.04
2009-01-20,0.0,29.56,12.5,46.67,14.68
2009-01-21,0.0,30.78,12.76,52.31,20.03
2009-01-22,0.0,29.53,14.23,44.07,15.44
2009-01-23,0.0,29.62,13.64,22.71,11.66
2009-01-24,0.0,29.7,13.4,20.07,8.76
2009-01-25,0.0,32.78,16.41,21.35,8.13
2009-01-26,0.0,34.81,17.74,22.59,9.61
2009-01-27,0.0,35.05,16.37,52.77,20.28
2009-01-28,0.0,36.66,17.72,47.02,18.39
2009-01-29,0.0,38.08,18.91,40.39,16.19
2009-01-30,0.0,38.64,19.53,36.2,13.43
2009-01-31,0.0,37.84,19.11,29.19,10.99
2009-02-01,0.0,37.36,19.81,25.66,10.13
2009-02-02,0.0,36.75,19.23,28.97,10.86
2009-02-03,0.0,35.31,17.05,36.33,14.94
2009-02-04,0.0,36.17,18.22,42.97,18.57
2009-02-05,0.0,37.26,19.12,49.71,19.62
2009-02-06,0.0,34.69,21.64,41.14,23.89
2009-02-07,0.0,33.93,18.68,46.49,21.76
2009-02-08,0.0,33.32,17.79,33.97,16.84
2009-02-09,0.0,36.01,17.96,30.41,13.31
2009-02-10,0.0,36.87,18.74,26.03,10.84
2009-02-11,0.0,38.57,18.17,27.13,10.13
2009-02-12,0.0,39.27,19.5,28.78,10.25
2009-02-13,0.0,39.61,19.87,30.39,9.82
2009-02-14,0.0,39.82,20.59,30.5,11.14
2009-02-15,0.0,35.08,18.53,48.97,20.55
2009-02-16,0.0,33.56,17.06,46.54,20.5
2009-02-17,0.0,35.1,17.21,43.93,19.36
2009-02-18,0.0,36.28,19.37,38.52,17.77
2009-02-19,0.0,36.74,22.06,35.21,19.42
2009-02-20,0.0,37.59,21.6,43.44,25.85
2009-02-21,0.0,38.29,22.14,44.29,21.82
2009-02-22,0.0,41.65,23.87,41.42,20.43
2009-02-23,0.0,42.05,24.96,39.19,18.32
2009-02-24,0.0,40.73,23.66,44.32,21.02
2009-02-25,0.0,40.16,22.54,40.12,18.66
2009-02-26,0.0,35.79,20.79,51.83,20.27
2009-02-27,0.0,34.97,20.31,36.35,21.54
2009-02-28,0.0,37.57,20.92,37.53,18.23
2009-03-01,0.0,39.8,22.22,32.62,16.4
2009-03-02,0.0,40.88,23.45,36.98,18.81
2009-03-03,0.0,41.54,23.45,30.61,13.95
2009-03-04,0.0,38.05,22.76,28.2,14.86
2009-03-05,0.0,37.04,21.91,26.84,14.78
2009-03-06,0.0,38.22,20.91,30.15,14.1
2009-03-07,0.0,37.94,21.13,33.75,15.38
2009-03-08,0.0,40.04,21.9,29.36,15.21
2009-03-09,0.0,41.08,23.12,37.8,15.49
2009-03-10,0.0,37.38,21.16,50.22,23.51
2009-03-11,0.0,37.43,20.13,52.04,22.4
2009-03-12,0.0,36.02,20.13,59.13,27.22
2009-03-13,0.0,37.6,20.0,54.55,25.56
2009-03-14,0.0,39.68,21.96,52.14,22.87
2009-03-15,0.0,40.05,23.36,47.57,24.74
2009-03-16,0.0,40.2,23.23,53.6,24.71
2009-03-17,0.0,39.54,23.52,52.82,24.47
2009-03-18,0.0,38.76,22.69,41.01,24.5
2009-03-19,0.0,39.11,22.12,47.25,22.31
2009-03-20,0.0,40.29,22.46,44.18,17.77
2009-03-21,0.0,41.65,23.38,37.99,17.57
2009-03-22,0.0,41.82,24.53,33.37,15.43
2009-03-23,0.0,42.28,25.43,30.55,17.67
2009-03-24,0.0,42.69,24.97,33.55,16.42
2009-03-25,0.0,40.81,24.49,38.8,17.32
2009-03-26,0.01,40.2,24.92,40.62,23.27
2009-03-27,0.0,40.28,24.02,51.7,26.04
2009-03-28,0.0,38.36,23.51,46.79,21.63
2009-03-29,0.0,39.46,22.39,33.51,17.23
2009-03-30,0.0,40.92,23.64,30.09,17.14
2009-03-31,0.0,40.93,24.63,35.13,18.05
2009-04-01,0.0,41.45,25.53,35.1,16.07
2009-04-02,0.0,42.29,26.28,28.6,14.2
2009-04-03,0.0,42.53,25.86,30.47,12.78
2009-04-04,0.0,42.3,25.22,30.21,10.59
2009-04-05,0.0,42.72,25.91,35.35,11.32
2009-04-06,0.0,43.42,25.87,33.02,9.22
2009-04-07,0.0,42.44,25.04,31.57,11.83
2009-04-08,0.0,39.67,24.24,42.87,18.47
2009-04-09,0.0,38.84,23.76,44.18,20.61
2009-04-10,0.0,39.98,23.42,41.34,18.83
2009-04-11,0.0,41.04,24.39,33.62,14.38
2009-04-12,0.0,40.54,24.16,28.31,14.1
2009-04-13,0.0,40.64,24.15,27.23,14.21
2009-04-14,0.0,41.03,23.59,28.7,12.83
2009-04-15,0.0,40.78,24.29,30.47,14.23
2009-04-16,0.0,43.04,25.23,28.07,11.79
2009-04-17,0.0,43.72,26.5,28.59,12.93
2009-04-18,0.0,43.19,25.95,28.79,13.34
2009-04-19,0.0,42.62,25.02,25.37,10.74
2009-04-20,0.0,43.62,26.34,29.88,11.58
2009-04-21,0.0,43.64,26.86,33.12,13.8
2009-04-22,0.0,44.12,27.64,31.48,12.15
2009-04-23,0.0,43.63,27.69,43.61,15.02
2009-04-24,0.0,44.62,27.44,32.2,10.72
2009-04-25,0.0,44.56,27.99,25.01,10.28
2009-04-26,0.0,43.99,27.27,24.31,9.57
2009-04-27,0.0,43.06,26.76,35.67,13.94
2009-04-28,0.0,44.03,26.83,44.03,13.66
2009-04-29,0.0,44.16,26.78,47.36,17.28
2009-04-30,0.0,44.62,29.03,39.47,16.76
2009-05-01,0.0,44.27,27.74,48.34,12.24
2009-05-02,0.0,44.29,27.8,43.55,9.25
2009-05-03,0.0,43.99,26.64,32.88,7.69
2009-05-04,0.0,43.77,27.61,36.4,11.03
2009-05-05,0.0,44.32,27.22,44.36,11.05
2009-05-06,0.0,40.08,26.32,55.59,21.39
2009-05-07,0.06,39.21,25.72,70.03,27.12
2009-05-08,0.09,39.57,26.13,56.27,22.45
2009-05-09,0.0,41.59,24.83,52.3,16.71
2009-05-10,0.0,42.87,25.87,42.76,13.8
2009-05-11,0.0,42.84,25.95,45.73,13.65
2009-05-12,0.0,39.55,27.4,50.14,18.87
2009-05-13,0.07,36.76,25.28,76.61,32.7
2009-05-14,0.21,40.79,25.89,84.82,30.49
2009-05-15,0.0,40.58,26.7,90.78,36.09
2009-05-16,0.0,37.75,25.12,89.13,49.13
2009-05-17,0.0,43.38,26.82,79.59,14.11
2009-05-18,0.0,44.12,27.92,44.74,16.14
2009-05-19,0.0,42.12,28.84,51.0,24.85
2009-05-20,0.0,41.37,29.23,50.98,26.94
2009-05-21,0.0,41.54,27.86,61.45,23.95
2009-05-22,0.0,43.68,28.54,48.04,15.43
2009-05-23,0.0,41.49,28.47,58.14,23.57
2009-05-24,0.0,41.36,28.54,61.3,27.47
2009-05-25,0.0,42.83,28.47,56.43,22.2
2009-05-26,0.0,42.57,28.54,65.53,24.12
2009-05-27,0.0,42.47,28.54,62.56,24.51
2009-05-28,0.0,42.27,28.82,61.96,22.83
2009-05-29,0.0,40.82,28.26,64.93,24.66
2009-05-30,0.0,41.41,27.17,53.68,20.55
2009-05-31,0.0,42.16,27.58,48.23,17.87
2009-06-01,0.03,42.28,27.63,45.44,19.08
2009-06-02,0.51,44.29,29.59,43.84,17.96
2009-06-03,0.0,43.27,29.52,53.46,18.99
2009-06-04,0.0,41.22,28.77,56.39,23.63
2009-06-05,1.04,41.12,29.08,65.3,27.2
2009-06-06,1.55,38.92,27.68,68.36,30.42
2009-06-07,0.0,38.9,25.5,84.31,30.79
2009-06-08,0.0,40.93,27.49,71.27,21.52
2009-06-09,0.0,40.92,27.79,54.08,23.24
2009-06-10,0.0,43.24,28.56,56.7,19.18
2009-06-11,0.0,42.63,29.09,57.66,16.95
2009-06-12,0.0,40.5,28.84,57.33,24.98
2009-06-13,1.44,36.55,27.05,79.28,40.31
2009-06-14,8.94,36.1,24.92,92.28,44.53
2009-06-15,0.03,35.55,24.92,92.67,42.87
2009-06-16,0.0,38.33,26.22,85.84,36.36
2009-06-17,0.29,37.83,26.67,75.92,36.12
2009-06-18,3.48,37.97,26.4,78.25,37.73
2009-06-19,0.12,37.23,26.41,78.89,41.68
2009-06-20,0.0,37.77,26.7,72.9,37.88
2009-06-21,0.0,37.6,26.95,74.31,38.87
2009-06-22,0.05,35.58,27.04,84.09,46.17
2009-06-23,0.0,35.31,24.2,93.86,52.09
2009-06-24,13.25,35.24,23.23,86.74,55.25
2009-06-25,6.36,30.77,24.07,98.22,56.49
2009-06-26,0.0,34.47,23.44,90.64,47.37
2009-06-27,0.0,35.92,24.46,83.93,45.12
2009-06-28,0.0,35.26,25.45,84.52,49.91
2009-06-29,0.14,31.83,24.95,94.42,61.18
2009-06-30,0.0,35.62,23.73,97.07,47.8
2009-07-01,2.96,36.86,24.23,94.9,44.43
2009-07-02,0.0,33.96,23.31,96.16,57.05
2009-07-03,0.0,35.15,23.47,95.28,52.22
2009-07-04,22.87,34.47,23.68,91.28,48.37
2009-07-05,1.27,32.66,23.73,96.53,58.36
2009-07-06,0.0,34.82,23.67,93.44,44.95
2009-07-07,21.14,34.98,24.56,81.88,49.43
2009-07-08,0.14,32.07,23.9,92.8,60.02
2009-07-09,0.0,34.39,23.01,92.67,53.73
2009-07-10,0.0,35.2,23.18,94.18,51.8
2009-07-11,0.24,33.51,24.28,87.99,58.32
2009-07-12,13.44,33.68,23.82,95.49,58.58
2009-07-13,0.0,33.93,23.21,97.62,54.09
2009-07-14,10.01,34.69,24.39,95.35,55.28
2009-07-15,0.7,31.6,23.62,97.98,63.19
2009-07-16,0.0,34.62,22.94,94.97,48.14
2009-07-17,0.0,34.7,24.22,89.04,54.25
2009-07-18,0.0,35.41,24.74,82.3,48.72
2009-07-19,0.0,33.67,24.52,90.35,57.25
2009-07-20,8.43,34.07,23.01,91.53,55.44
2009-07-21,13.23,29.57,23.03,98.38,74.6
2009-07-22,0.74,33.42,23.25,97.41,58.86
2009-07-23,0.0,34.31,24.37,95.65,58.92
2009-07-24,9.1,34.36,23.68,97.32,54.26
2009-07-25,0.0,33.64,24.06,94.75,59.84
2009-07-26,7.23,32.61,24.13,95.55,64.39
2009-07-27,0.0,33.29,22.9,96.42,56.91
2009-07-28,18.02,32.72,22.82,98.33,60.52
2009-07-29,2.76,33.93,22.85,97.59,53.74
2009-07-30,14.31,28.45,22.64,98.68,79.67
2009-07-31,0.0,33.12,22.44,97.83,58.87
2009-08-01,0.0,33.44,24.56,90.97,58.92
2009-08-02,12.69,30.3,23.11,97.63,73.11
2009-08-03,0.0,32.85,22.74,98.27,60.65
2009-08-04,0.01,32.31,24.25,89.29,64.54
2009-08-05,6.6,31.94,23.28,97.14,71.31
2009-08-06,20.49,33.74,22.69,98.61,59.46
2009-08-07,15.88,32.86,23.05,98.88,64.75
2009-08-08,0.0,31.94,22.32,98.74,64.96
2009-08-09,0.0,32.74,22.45,97.23,61.89
2009-08-10,6.49,32.2,23.29,98.34,68.15
2009-08-11,16.42,34.11,22.64,98.86,58.67
2009-08-12,0.0,32.75,23.71,97.38,66.8
2009-08-13,0.01,32.31,22.41,98.3,63.14
2009-08-14,0.0,32.34,23.9,94.4,64.62
2009-08-15,34.11,30.24,22.55,98.22,72.47
2009-08-16,1.48,31.48,23.15,97.1,71.82
2009-08-17,2.07,33.19,22.69,98.83,64.46
2009-08-18,28.76,30.33,23.13,98.77,73.94
2009-08-19,0.4,32.25,22.32,98.52,64.41
2009-08-20,1.89,32.76,22.99,98.56,62.38
2009-08-21,21.8,32.93,23.36,96.34,65.01
2009-08-22,19.81,32.22,22.92,99.05,64.01
2009-08-23,4.19,31.95,22.76,99.32,63.58
2009-08-24,30.4,32.85,23.0,99.11,64.46
2009-08-25,0.0,31.59,22.64,99.12,65.6
2009-08-26,1.88,33.58,23.79,92.22,59.34
2009-08-27,4.26,32.16,22.87,98.34,67.96
2009-08-28,3.5,32.53,22.69,99.0,64.13
2009-08-29,0.0,32.64,23.48,96.78,61.82
2009-08-30,9.26,33.08,24.38,91.1,60.19
2009-08-31,9.95,29.74,22.33,99.28,77.8
2009-09-01,0.0,33.2,21.6,99.25,58.19
2009-09-02,18.76,31.1,23.02,99.22,73.43
2009-09-03,0.0,32.02,22.13,99.43,66.22
2009-09-04,4.93,32.72,21.97,96.85,58.51
2009-09-05,41.81,29.48,21.68,99.38,79.92
2009-09-06,0.27,32.57,21.5,99.22,63.34
2009-09-07,7.87,33.52,22.22,96.66,57.47
2009-09-08,25.66,29.1,22.24,99.59,83.86
2009-09-09,5.21,30.39,21.43,99.31,72.46
2009-09-10,1.47,33.35,22.77,95.54,58.76
2009-09-11,12.05,32.59,23.48,96.88,66.91
2009-09-12,2.11,30.95,22.53,99.25,71.52
2009-09-13,1.89,33.2,21.96,99.06,59.36
2009-09-14,7.24,32.11,22.4,99.36,65.75
2009-09-15,0.76,32.14,22.64,99.03,66.53
2009-09-16,9.1,30.25,22.01,98.82,73.92
2009-09-17,36.4,32.08,22.19,99.02,65.32
2009-09-18,0.0,30.37,22.08,99.4,72.34
2009-09-19,0.0,32.93,22.08,99.12,60.75
2009-09-20,0.0,33.94,22.9,93.26,60.09
2009-09-21,9.69,33.7,24.09,97.99,65.97
2009-09-22,1.31,28.87,22.17,98.54,78.89
2009-09-23,0.03,34.16,21.38,98.88,55.15
2009-09-24,23.78,35.11,23.7,92.31,56.93
2009-09-25,0.0,32.43,22.38,98.82,67.13
2009-09-26,8.75,33.25,22.57,99.01,59.93
2009-09-27,0.0,33.92,22.61,99.56,56.93
2009-09-28,0.0,35.75,23.49,88.71,53.37
2009-09-29,0.53,34.06,24.6,92.68,62.1
2009-09-30,4.4,32.58,22.62,98.7,65.52
2009-10-01,0.0,33.98,22.19,98.16,58.56
2009-10-02,0.01,35.45,23.36,96.4,55.97
2009-10-03,0.0,35.13,23.52,98.39,57.69
2009-10-04,0.0,35.97,23.19,98.46,55.39
2009-10-05,0.67,36.59,23.88,97.29,54.13
2009-10-06,0.0,35.81,22.68,98.45,56.01
2009-10-07,0.5,33.04,23.2,98.3,66.05
2009-10-08,0.0,34.42,21.66,98.37,61.94
2009-10-09,0.0,36.12,22.68,98.8,48.91
2009-10-10,0.0,35.74,22.72,94.67,53.17
2009-10-11,0.0,35.58,22.85,97.98,55.55
2009-10-12,0.0,36.68,22.79,98.66,46.16
2009-10-13,0.03,35.73,22.99,97.39,48.94
2009-10-14,0.0,35.16,22.07,97.1,46.84
2009-10-15,0.0,35.86,22.26,97.82,39.96
2009-10-16,16.6,36.48,23.16,94.14,44.71
2009-10-17,13.4,33.68,21.91,98.89,59.23
2009-10-18,0.0,32.89,21.12,98.98,62.83
2009-10-19,0.0,34.3,21.29,98.73,47.6
2009-10-20,0.0,36.07,21.72,85.79,38.97
2009-10-21,0.0,36.78,22.72,85.89,41.35
2009-10-22,0.0,36.36,22.62,96.04,44.2
2009-10-23,0.0,36.71,22.5,97.88,37.6
2009-10-24,15.46,33.8,22.76,98.1,55.62
2009-10-25,0.0,30.61,21.84,98.88,66.42
2009-10-26,0.0,33.84,22.27,98.27,55.9
2009-10-27,0.0,34.88,22.48,96.39,49.7
2009-10-28,0.0,36.28,22.75,95.99,37.11
2009-10-29,0.0,36.12,22.64,78.36,27.81
2009-10-30,0.0,33.8,20.59,64.87,24.03
2009-10-31,0.0,35.31,20.48,65.31,25.25
2009-11-01,3.71,36.06,20.23,75.02,38.12
2009-11-02,1.38,31.42,20.21,98.03,57.37
2009-11-03,0.0,34.04,20.3,97.82,45.97
2009-11-04,0.0,36.63,21.02,86.78,35.5
2009-11-05,0.0,37.99,21.02,79.38,30.74
2009-11-06,0.0,37.23,20.3,71.85,25.55
2009-11-07,0.0,36.4,19.08,72.3,28.7
2009-11-08,0.0,37.57,19.08,76.1,28.56
2009-11-09,0.0,38.11,20.76,73.93,26.97
2009-11-10,0.0,37.34,20.8,87.27,34.22
2009-11-11,0.0,36.76,20.48,95.95,36.04
2009-11-12,0.0,36.71,20.76,93.38,31.8
2009-11-13,0.0,37.01,20.46,68.21,18.61
2009-11-14,0.0,34.7,18.83,55.69,16.79
2009-11-15,0.0,34.26,16.9,54.34,16.0
2009-11-16,0.0,36.02,17.57,59.55,18.37
2009-11-17,0.0,36.76,18.71,59.81,18.25
2009-11-18,0.0,34.89,20.21,60.07,26.29
2009-11-19,0.0,36.53,20.47,57.86,17.19
2009-11-20,0.0,34.93,18.01,56.65,17.59
2009-11-21,0.0,35.46,16.86,54.03,17.34
2009-11-22,0.01,35.46,17.75,50.2,15.73
2009-11-23,0.0,34.06,16.19,48.45,15.59
2009-11-24,0.0,35.41,16.26,53.31,18.98
2009-11-25,0.0,36.86,17.58,57.95,20.59
2009-11-26,0.0,34.91,18.58,55.16,22.29
2009-11-27,0.0,34.42,17.63,51.76,19.54
2009-11-28,0.0,31.63,17.38,52.59,21.8
2009-11-29,0.0,34.29,18.2,56.2,20.61
2009-11-30,0.0,35.04,19.42,53.71,21.51
2009-12-01,0.0,36.6,19.27,57.11,24.26
2009-12-02,0.0,35.74,19.37,46.26,19.39
2009-12-03,0.0,35.4,17.98,45.8,17.54
2009-12-04,0.0,35.44,17.55,49.51,15.69
2009-12-05,0.0,36.52,17.89,45.62,16.48
2009-12-06,0.0,36.51,18.3,48.04,17.02
2009-12-07,0.0,35.99,18.69,45.12,15.55
2009-12-08,0.01,30.81,18.49,61.48,17.77
2009-12-09,0.0,28.01,14.63,80.63,43.41
2009-12-10,0.0,31.68,16.12,77.8,21.45
2009-12-11,0.0,32.93,16.59,43.05,18.49
2009-12-12,0.0,29.85,16.62,45.37,20.59
2009-12-13,0.0,31.78,15.06,48.61,17.32
2009-12-14,0.0,33.8,15.41,52.91,17.62
2009-12-15,0.0,34.76,16.77,54.33,19.32
2009-12-16,0.0,37.02,17.93,51.35,17.92
2009-12-17,0.0,39.02,19.67,51.18,19.22
2009-12-18,0.0,35.77,18.71,46.24,19.04
2009-12-19,0.0,36.59,18.87,48.36,18.32
2009-12-20,0.0,38.06,19.88,48.28,16.76
2009-12-21,0.0,36.32,19.25,53.1,20.16
2009-12-22,0.0,37.97,18.86,58.67,16.68
2009-12-23,0.0,38.08,17.83,50.39,15.23
2009-12-24,0.0,38.04,17.63,50.5,15.17
2009-12-25,0.0,37.42,17.56,51.58,15.25
2009-12-26,0.0,37.45,17.18,45.07,13.96
2009-12-27,0.0,38.03,17.07,42.38,13.33
2009-12-28,0.0,36.66,16.48,42.03,14.21
2009-12-29,0.0,37.13,16.42,40.48,13.96
2009-12-30,0.0,37.73,16.98,41.11,15.78
2009-12-31,0.0,37.64,17.09,45.48,15.36
2010-01-01,0.0,37.59,18.9,43.22,19.72
2010-01-02,0.0,37.81,19.24,46.65,15.54
2010-01-03,0.0,37.18,18.29,37.76,12.87
2010-01-04,0.0,36.47,17.8,40.35,12.92
2010-01-05,0.0,36.59,16.85,39.59,13.56
2010-01-06,0.0,36.5,17.46,41.4,14.32
2010-01-07,0.0,35.63,17.32,43.92,12.05
2010-01-08,0.0,35.14,18.09,46.42,16.63
2010-01-09,0.0,35.14,17.48,54.38,19.09
2010-01-10,0.0,33.52,18.14,54.78,24.47
2010-01-11,0.0,34.25,17.87,47.75,21.16
2010-01-12,0.0,31.36,17.7,38.72,19.18
2010-01-13,0.0,35.49,16.83,41.41,14.6
2010-01-14,0.0,33.94,15.82,37.62,15.0
2010-01-15,0.0,34.87,18.57,34.41,12.4
2010-01-16,0.0,37.25,17.12,41.0,9.63
2010-01-17,0.0,37.33,17.16,32.48,12.44
2010-01-18,0.0,33.8,15.65,25.74,10.3
2010-01-19,0.0,35.2,16.93,31.34,14.5
2010-01-20,0.0,36.73,17.34,36.92,14.12
2010-01-21,0.0,36.57,17.01,32.46,13.79
2010-01-22,0.0,36.54,17.3,35.1,14.86
2010-01-23,0.0,37.9,17.53,38.91,12.65
2010-01-24,0.0,35.77,17.89,34.45,13.4
2010-01-25,0.0,34.42,17.63,29.94,14.59
2010-01-26,0.0,33.6,15.33,45.49,17.61
2010-01-27,0.0,36.54,17.81,42.32,16.63
2010-01-28,0.0,37.35,18.93,39.76,15.69
2010-01-29,0.0,38.01,19.26,39.83,14.75
2010-01-30,0.0,39.83,20.03,34.07,14.5
2010-01-31,0.0,38.49,22.3,46.34,19.87
2010-02-01,0.0,37.96,23.08,59.78,25.46
2010-02-02,0.0,37.91,22.55,39.18,16.12
2010-02-03,0.0,40.39,23.18,40.06,15.97
2010-02-04,0.0,40.83,22.6,34.65,15.84
2010-02-05,0.0,40.78,23.29,38.85,16.33
2010-02-06,0.0,40.9,23.52,34.73,13.65
2010-02-07,0.0,38.39,22.08,33.05,15.15
2010-02-08,0.0,38.13,19.64,33.09,15.93
2010-02-09,0.0,39.1,19.86,38.58,15.64
2010-02-10,0.0,38.47,20.9,38.91,16.22
2010-02-11,0.0,38.59,20.36,42.16,18.03
2010-02-12,0.0,39.1,19.91,40.46,18.29
2010-02-13,0.0,37.34,20.02,54.01,23.38
2010-02-14,0.0,34.84,19.13,66.45,33.29
2010-02-15,0.0,33.64,18.55,79.59,38.4
2010-02-16,0.0,35.73,18.92,77.2,37.81
2010-02-17,0.0,38.24,20.71,62.7,30.4
2010-02-18,0.0,36.28,22.12,60.54,34.94
2010-02-19,0.0,36.02,20.55,72.25,33.26
2010-02-20,0.0,38.96,20.91,47.51,23.7
2010-02-21,0.0,40.76,22.32,44.59,19.87
2010-02-22,0.0,41.92,22.53,35.09,18.42
2010-02-23,0.0,42.49,23.45,35.83,16.91
2010-02-24,0.0,41.86,23.49,38.37,16.18
2010-02-25,0.0,42.06,22.63,36.04,16.66
2010-02-26,0.0,40.49,22.98,56.69,20.18
2010-02-27,0.0,41.7,23.51,63.79,24.78
2010-02-28,0.0,43.21,23.5,47.42,15.1
2010-03-01,0.0,42.07,24.77,35.3,15.24
2010-03-02,0.0,39.12,23.95,60.03,22.42
2010-03-03,0.0,41.04,22.61,46.13,16.46
2010-03-04,0.0,42.96,24.37,28.17,13.35
2010-03-05,0.0,42.44,24.81,33.15,11.59
2010-03-06,0.0,42.04,23.22,44.0,12.18
2010-03-07,0.0,41.29,23.17,42.99,14.94
2010-03-08,0.0,41.21,23.17,41.59,16.17
2010-03-09,0.0,40.04,22.99,40.24,16.94
2010-03-10,0.0,39.86,21.98,41.2,20.0
2010-03-11,0.0,40.11,22.56,50.83,21.13
2010-03-12,0.0,39.12,21.82,35.46,12.12
2010-03-13,0.0,40.95,23.08,28.28,14.34
2010-03-14,0.0,40.67,22.8,40.39,17.66
2010-03-15,0.0,40.54,22.71,43.52,15.63
2010-03-16,0.0,41.01,23.5,58.62,15.81
2010-03-17,0.0,39.57,22.63,23.16,11.79
2010-03-18,0.0,38.14,20.05,21.03,12.28
2010-03-19,0.0,38.78,19.95,29.19,14.33
2010-03-20,0.0,42.0,23.02,33.07,12.79
2010-03-21,0.0,43.01,25.57,30.58,13.92
2010-03-22,0.0,41.12,25.08,55.26,21.3
2010-03-23,0.0,42.37,25.32,41.52,10.15
2010-03-24,0.0,42.39,24.15,25.41,8.81
2010-03-25,0.0,41.73,24.06,31.22,11.73
2010-03-26,0.0,41.95,24.28,45.9,13.6
2010-03-27,0.0,43.19,25.35,36.85,12.73
2010-03-28,0.0,42.81,24.4,26.69,6.79
2010-03-29,0.0,43.67,23.44,26.6,7.28
2010-03-30,0.0,42.41,24.05,38.75,10.41
2010-03-31,0.0,41.71,23.9,57.41,17.66
2010-04-01,0.0,43.1,25.19,50.97,13.97
2010-04-02,0.0,43.65,26.28,41.48,13.65
2010-04-03,0.0,43.95,26.12,45.68,13.08
2010-04-04,0.0,42.66,26.36,52.64,15.66
2010-04-05,0.0,41.34,25.31,42.96,15.84
2010-04-06,0.0,41.22,24.19,46.38,18.02
2010-04-07,0.0,43.2,25.15,34.86,13.01
2010-04-08,0.0,43.96,26.53,35.61,12.12
2010-04-09,0.0,42.55,26.14,40.56,14.07
2010-04-10,0.0,40.13,25.41,49.6,18.83
2010-04-11,0.0,40.91,25.63,47.05,18.49
2010-04-12,0.0,39.18,24.8,55.4,23.25
2010-04-13,0.0,40.28,24.96,50.25,23.18
2010-04-14,0.0,40.63,25.23,45.34,22.13
2010-04-15,0.0,41.31,26.12,42.9,24.15
2010-04-16,0.0,42.52,27.15,41.58,22.48
2010-04-17,0.0,43.71,27.92,38.81,20.24
2010-04-18,0.07,45.24,29.32,38.29,21.41
2010-04-19,0.0,40.38,29.02,50.96,26.56
2010-04-20,0.0,43.15,29.68,54.67,28.99
2010-04-21,0.09,43.59,28.7,52.66,25.44
2010-04-22,0.0,44.6,30.48,39.84,21.85
2010-04-23,0.0,44.93,30.12,50.55,25.64
2010-04-24,0.0,44.57,29.23,50.63,19.6
2010-04-25,0.0,44.6,29.15,44.54,22.97
2010-04-26,0.0,43.74,29.54,45.38,22.57
2010-04-27,0.0,44.07,28.85,57.2,19.57
2010-04-28,0.0,41.81,28.21,56.95,23.56
2010-04-29,0.0,41.02,27.14,58.32,24.83
2010-04-30,0.0,41.48,28.28,54.59,25.07
2010-05-01,0.02,40.85,28.23,55.0,27.0
2010-05-02,0.27,40.78,28.91,42.03,21.57
2010-05-03,0.0,41.94,28.33,50.16,21.76
2010-05-04,0.0,42.82,28.28,46.17,17.41
2010-05-05,0.0,45.48,28.36,33.66,10.61
2010-05-06,0.0,43.71,28.36,35.95,13.61
2010-05-07,0.0,41.68,28.05,48.37,18.09
2010-05-08,0.0,40.62,26.63,49.47,21.98
2010-05-09,0.0,41.06,27.08,50.24,22.09
2010-05-10,0.0,42.39,28.94,42.7,19.29
2010-05-11,0.0,43.8,28.89,41.83,18.86
2010-05-12,0.0,45.04,30.67,42.1,18.34
2010-05-13,0.0,43.93,30.88,48.84,20.5
2010-05-14,0.0,44.0,30.65,54.6,23.13
2010-05-15,0.0,41.73,30.12,67.27,31.12
2010-05-16,0.0,42.11,28.7,76.18,25.47
2010-05-17,0.0,43.01,28.69,53.4,20.37
2010-05-18,0.0,44.37,30.26,55.11,19.07
2010-05-19,0.0,44.13,30.2,58.31,19.36
2010-05-20,0.0,44.82,29.95,53.59,14.63
2010-05-21,0.0,42.5,29.49,61.76,22.73
2010-05-22,0.0,42.65,30.29,70.52,31.88
2010-05-23,0.0,42.21,28.85,71.81,29.98
2010-05-24,0.47,40.76,29.11,75.05,34.94
2010-05-25,0.0,41.41,29.47,71.56,32.73
2010-05-26,0.0,43.96,30.51,57.05,21.43
2010-05-27,0.0,44.45,30.58,58.5,20.56
2010-05-28,0.0,42.45,29.8,69.93,31.55
2010-05-29,0.06,42.02,30.1,74.88,33.74
2010-05-30,0.0,39.15,28.23,85.46,46.79
2010-05-31,0.0,38.73,26.79,85.4,41.56
2010-06-01,1.36,41.67,27.64,68.79,28.64
2010-06-02,0.0,38.92,25.2,83.11,32.91
2010-06-03,0.0,38.06,26.18,73.47,35.35
2010-06-04,0.0,39.73,26.53,59.51,21.09
2010-06-05,0.0,40.57,27.14,47.81,22.81
2010-06-06,17.83,40.8,28.04,63.44,28.68
2010-06-07,23.87,38.98,27.92,85.34,39.26
2010-06-08,0.0,34.6,24.75,96.79,52.96
2010-06-09,0.0,38.23,25.82,90.23,33.17
2010-06-10,0.0,39.53,27.22,64.93,27.4
2010-06-11,0.0,38.44,27.35,72.05,38.57
2010-06-12,7.98,39.23,26.73,87.58,38.36
2010-06-13,0.0,38.8,27.79,79.83,37.37
2010-06-14,0.01,40.04,27.36,83.19,29.4
2010-06-15,0.0,39.13,27.8,59.69,26.95
2010-06-16,0.0,39.88,27.82,70.76,28.23
2010-06-17,0.0,41.23,28.59,67.56,21.85
2010-06-18,0.0,42.72,28.74,63.96,16.11
2010-06-19,0.0,41.68,28.8,55.45,24.35
2010-06-20,16.48,39.46,28.49,85.34,40.31
2010-06-21,0.16,34.09,24.43,99.1,64.69
2010-06-22,1.93,36.83,24.68,95.1,48.69
2010-06-23,0.6,37.25,25.87,95.3,52.67
2010-06-24,24.32,34.49,24.74,96.2,57.8
2010-06-25,0.07,32.01,23.71,99.17,65.12
2010-06-26,0.0,33.42,24.26,97.51,52.28
2010-06-27,0.0,35.82,24.01,88.83,49.61
2010-06-28,0.0,35.25,25.03,96.95,56.32
2010-06-29,9.04,36.35,24.45,95.7,53.13
2010-06-30,0.0,35.76,24.9,97.22,53.72
2010-07-01,0.26,35.54,25.31,89.77,53.63
2010-07-02,13.94,35.5,24.61,90.72,53.27
2010-07-03,1.04,33.72,24.29,95.77,57.99
2010-07-04,0.61,33.09,22.84,96.51,64.42
2010-07-05,0.0,35.74,23.96,94.46,56.83
2010-07-06,0.0,35.86,24.48,90.59,44.16
2010-07-07,0.2,35.21,25.65,86.82,53.82
2010-07-08,7.67,35.52,24.52,96.4,51.41
2010-07-09,0.0,33.04,24.18,95.91,60.86
2010-07-10,17.15,35.03,23.41,94.56,46.65
2010-07-11,0.04,32.1,23.63,95.18,64.81
2010-07-12,36.2,31.4,23.09,99.26,62.88
2010-07-13,9.78,28.06,22.43,99.08,81.63
2010-07-14,0.0,34.49,22.86,98.76,56.07
2010-07-15,25.62,34.03,25.14,96.04,60.35
2010-07-16,0.0,33.12,23.24,98.41,56.09
2010-07-17,24.43,32.89,23.75,87.79,56.63
2010-07-18,0.0,32.81,23.36,99.13,62.76
2010-07-19,42.69,34.4,23.86,97.27,55.81
2010-07-20,4.57,32.11,23.58,96.52,65.91
2010-07-21,0.0,32.45,23.63,94.38,59.94
2010-07-22,0.13,33.2,23.95,90.74,57.47
2010-07-23,0.0,32.75,24.43,93.91,60.23
2010-07-24,6.35,31.68,23.39,96.31,58.73
2010-07-25,0.0,32.78,23.21,93.07,55.35
2010-07-26,16.08,33.76,23.13,87.78,55.53
2010-07-27,14.45,30.5,23.83,97.77,65.16
2010-07-28,6.85,34.13,23.24,98.83,56.78
2010-07-29,11.71,33.43,23.59,97.52,60.43
2010-07-30,0.11,32.18,23.3,98.72,63.86
2010-07-31,19.66,32.05,23.41,98.58,62.92
2010-08-01,0.0,32.26,23.85,97.52,66.28
2010-08-02,0.0,32.73,23.23,98.0,62.38
2010-08-03,0.18,33.29,23.48,99.88,63.31
2010-08-04,0.83,29.59,23.36,98.9,80.82
2010-08-05,1.47,29.96,22.66,96.97,72.31
2010-08-06,0.0,32.58,22.94,90.44,62.27
2010-08-07,0.09,33.37,24.89,91.92,62.32
2010-08-08,2.01,32.03,24.26,96.03,67.15
2010-08-09,1.35,32.65,22.99,97.21,61.44
2010-08-10,0.45,32.02,22.69,98.81,63.97
2010-08-11,4.47,33.64,22.78,94.78,60.55
2010-08-12,0.0,33.4,24.16,94.24,58.22
2010-08-13,8.86,29.63,23.29,98.22,81.52
2010-08-14,10.23,29.16,22.73,98.97,79.24
2010-08-15,19.91,30.74,22.68,98.7,71.26
2010-08-16,7.74,30.81,23.24,99.43,72.79
2010-08-17,23.53,33.52,23.59,99.69,59.69
2010-08-18,0.23,29.99,23.77,96.62,72.97
2010-08-19,0.01,32.38,22.56,99.16,64.65
2010-08-20,7.17,32.76,22.67,98.73,60.01
2010-08-21,25.48,33.56,24.13,87.7,58.77
2010-08-22,0.0,31.81,24.03,98.23,66.7
2010-08-23,0.83,33.89,23.13,99.6,57.09
2010-08-24,16.52,33.87,24.78,86.93,56.47
2010-08-25,0.02,31.86,23.41,97.23,67.45
2010-08-26,0.0,33.52,22.46,99.15,57.62
2010-08-27,3.76,32.21,24.3,84.45,64.38
2010-08-28,0.01,33.49,24.27,92.05,60.49
2010-08-29,0.0,34.16,25.04,91.98,57.99
2010-08-30,0.51,33.91,25.41,90.01,60.3
2010-08-31,47.2,31.37,22.96,98.24,73.26
2010-09-01,1.76,31.95,22.51,99.99,69.0
2010-09-02,5.93,30.22,22.92,99.35,74.45
2010-09-03,1.7,31.53,22.12,99.5,65.0
2010-09-04,0.0,33.19,23.39,88.89,59.73
2010-09-05,8.53,30.69,22.48,99.43,72.07
2010-09-06,5.76,33.02,22.47,99.54,63.31
2010-09-07,19.0,30.12,22.67,99.04,73.05
2010-09-08,1.84,31.62,21.21,99.6,64.3
2010-09-09,9.41,32.74,22.94,92.32,60.63
2010-09-10,36.7,30.86,22.0,99.62,73.45
2010-09-11,4.29,30.86,21.71,99.76,70.55
2010-09-12,0.2,33.27,22.19,99.53,62.23
2010-09-13,6.97,32.41,22.0,99.63,63.59
2010-09-14,7.93,31.46,21.88,99.74,71.17
2010-09-15,0.0,33.7,22.98,97.29,64.43
2010-09-16,1.02,33.31,22.71,99.57,64.81
2010-09-17,3.27,32.34,22.69,99.58,67.77
2010-09-18,9.83,30.26,22.46,99.42,76.63
2010-09-19,5.58,30.5,21.9,99.6,68.19
2010-09-20,0.12,32.56,22.01,99.67,61.0
2010-09-21,7.02,34.3,22.41,99.53,57.33
2010-09-22,0.8,33.01,22.16,99.74,63.02
2010-09-23,0.01,32.17,22.68,99.39,65.84
2010-09-24,2.17,31.9,22.5,99.68,66.32
2010-09-25,0.0,33.72,23.63,90.48,58.51
2010-09-26,0.6,33.42,23.45,90.97,60.63
2010-09-27,0.0,33.74,23.48,89.54,61.28
2010-09-28,29.15,34.69,23.02,95.23,58.48
2010-09-29,0.08,34.61,22.57,97.04,54.83
2010-09-30,2.11,32.8,23.2,97.67,63.97
2010-10-01,0.7,33.76,21.94,99.58,61.19
2010-10-02,0.0,33.23,22.29,98.96,65.12
2010-10-03,0.0,35.73,22.2,99.05,56.39
2010-10-04,0.0,36.74,23.18,97.59,43.61
2010-10-05,0.0,36.49,22.6,87.49,46.55
2010-10-06,0.0,35.05,22.82,97.58,54.4
2010-10-07,7.67,34.25,22.62,98.97,65.32
2010-10-08,0.8,33.49,21.58,99.54,53.55
2010-10-09,0.03,33.53,22.27,85.39,49.13
2010-10-10,5.48,35.56,22.41,81.31,46.06
2010-10-11,1.43,35.61,23.17,84.57,48.18
2010-10-12,1.23,35.02,22.78,99.43,57.29
2010-10-13,0.44,33.43,21.49,99.53,67.19
2010-10-14,14.7,32.32,21.85,99.18,73.86
2010-10-15,1.01,29.87,21.31,99.84,81.53
2010-10-16,0.39,31.85,21.46,99.61,73.06
2010-10-17,0.0,34.58,22.04,99.4,62.27
2010-10-18,0.0,33.64,22.08,97.63,64.25
2010-10-19,0.0,33.97,22.11,97.93,56.16
2010-10-20,8.11,34.39,22.14,99.1,61.28
2010-10-21,0.0,33.41,21.4,99.56,61.5
2010-10-22,0.0,34.01,21.58,99.67,59.52
2010-10-23,0.0,36.5,23.02,91.79,34.43
2010-10-24,0.0,36.64,23.01,77.96,34.28
2010-10-25,0.0,35.17,22.83,89.5,46.13
2010-10-26,0.0,35.4,21.61,98.84,37.27
2010-10-27,0.0,36.65,22.67,73.91,30.86
2010-10-28,1.47,36.29,23.78,75.16,40.19
2010-10-29,0.0,31.52,22.2,99.19,62.56
2010-10-30,0.0,35.63,22.22,94.69,23.59
2010-10-31,0.0,36.04,21.14,59.27,20.11
2010-11-01,0.0,35.73,18.09,58.21,15.76
2010-11-02,0.0,36.65,19.29,62.16,21.79
2010-11-03,0.0,36.79,20.39,75.98,30.2
2010-11-04,0.0,38.49,21.19,76.86,26.9
2010-11-05,0.0,36.18,20.61,67.22,19.99
2010-11-06,0.0,34.43,17.02,61.85,18.83
2010-11-07,0.0,34.96,16.92,69.43,20.63
2010-11-08,0.0,36.09,18.03,70.2,20.97
2010-11-09,0.01,36.3,18.44,72.66,24.76
2010-11-10,0.0,31.11,19.98,65.08,36.15
2010-11-11,0.0,35.96,18.62,74.91,23.42
2010-11-12,0.0,37.62,19.5,54.34,25.23
2010-11-13,0.0,36.59,19.27,64.48,25.82
2010-11-14,0.0,35.7,18.23,62.21,23.06
2010-11-15,0.0,36.45,18.44,65.7,23.84
2010-11-16,0.0,37.52,19.67,66.03,22.5
2010-11-17,0.0,37.98,20.6,65.44,27.45
2010-11-18,0.0,37.38,20.48,68.8,18.76
2010-11-19,0.0,36.87,19.15,55.92,17.79
2010-11-20,0.0,36.9,18.42,53.13,15.91
2010-11-21,0.0,37.36,18.63,54.79,16.33
2010-11-22,0.0,37.4,18.79,56.64,16.74
2010-11-23,0.0,37.56,19.12,52.77,17.82
2010-11-24,0.0,38.19,19.28,59.34,20.36
2010-11-25,0.0,38.18,20.05,62.87,19.3
2010-11-26,0.0,38.11,19.82,60.8,18.2
2010-11-27,0.0,36.99,19.07,62.24,21.17
2010-11-28,0.0,37.38,19.18,65.32,22.29
2010-11-29,0.0,37.4,19.47,68.71,27.26
2010-11-30,0.0,37.28,19.86,75.47,27.27
2010-12-01,0.0,38.14,18.73,64.83,18.48
2010-12-02,0.0,37.7,18.27,56.89,19.58
2010-12-03,0.0,37.81,18.09,59.25,19.32
2010-12-04,0.0,37.66,18.46,64.41,22.59
2010-12-05,0.0,37.69,18.7,68.82,24.13
2010-12-06,0.0,37.9,19.16,59.53,22.46
2010-12-07,0.0,37.98,19.24,62.91,22.67
2010-12-08,0.0,37.03,19.31,67.9,28.36
2010-12-09,0.0,35.83,19.27,73.92,35.04
2010-12-10,0.0,36.69,19.53,74.32,26.21
2010-12-11,0.0,36.46,18.48,58.7,19.37
2010-12-12,0.0,35.32,17.88,48.18,16.19
2010-12-13,0.0,35.72,17.37,42.53,16.38
2010-12-14,0.0,36.38,17.23,50.39,19.93
2010-12-15,0.0,36.84,18.35,52.17,19.18
2010-12-16,0.0,35.53,19.55,53.19,21.35
2010-12-17,0.0,36.59,19.64,52.45,20.73
2010-12-18,0.0,37.57,19.28,56.13,19.43
2010-12-19,0.0,37.01,17.84,55.07,19.21
2010-12-20,0.0,37.28,18.46,49.89,19.35
2010-12-21,0.0,38.44,18.43,53.09,18.03
2010-12-22,0.0,38.9,18.23,50.51,16.91
2010-12-23,0.0,37.54,17.78,52.99,16.48
2010-12-24,0.0,37.34,17.54,54.31,15.62
2010-12-25,0.0,36.23,17.16,47.66,17.01
2010-12-26,0.0,36.09,17.06,51.63,17.74
2010-12-27,0.0,36.26,16.62,59.91,17.53
2010-12-28,0.0,36.98,16.67,56.44,15.4
2010-12-29,0.0,36.22,17.57,47.97,18.56
2010-12-30,0.0,31.33,18.25,42.19,20.94
2010-12-31,0.0,31.7,17.41,45.45,17.85
2011-01-01,0.0,34.07,17.98,32.52,12.68
2011-01-02,0.0,35.29,17.02,36.85,15.12
2011-01-03,0.0,35.53,17.48,41.82,15.16
2011-01-04,0.0,33.38,16.1,34.31,15.35
2011-01-05,0.0,33.29,15.83,36.25,15.02
2011-01-06,0.0,35.0,15.74,43.24,16.23
2011-01-07,0.0,35.84,16.65,44.13,14.95
2011-01-08,0.0,36.74,17.43,42.16,13.84
2011-01-09,0.0,33.76,19.5,31.2,14.53
2011-01-10,0.0,34.47,18.06,30.01,13.8
2011-01-11,0.0,34.23,17.37,28.2,12.26
2011-01-12,0.0,33.55,16.94,27.84,10.99
2011-01-13,0.0,31.56,16.58,30.29,13.36
2011-01-14,0.0,32.4,16.78,32.8,13.4
2011-01-15,0.0,34.54,18.15,35.61,14.97
2011-01-16,0.0,36.72,19.9,50.55,17.5
2011-01-17,0.0,32.74,17.89,34.29,16.54
2011-01-18,0.0,32.96,17.84,33.64,15.35
2011-01-19,0.0,34.76,17.7,30.56,15.49
2011-01-20,0.0,35.41,18.13,35.61,15.75
2011-01-21,0.0,36.45,19.56,37.04,15.45
2011-01-22,0.0,37.79,20.01,40.07,14.04
2011-01-23,0.0,37.46,18.63,38.97,14.59
2011-01-24,0.0,34.09,17.52,47.39,18.21
2011-01-25,0.0,34.12,18.35,49.23,23.05
2011-01-26,0.0,34.56,18.0,62.87,30.18
2011-01-27,0.0,34.43,17.2,67.16,30.28
2011-01-28,0.0,37.13,18.45,63.84,26.42
2011-01-29,0.0,40.0,21.3,51.46,20.57
2011-01-30,0.0,39.2,20.79,68.19,24.18
2011-01-31,0.0,37.15,20.02,63.98,29.76
2011-02-01,0.0,36.83,20.72,68.62,33.42
2011-02-02,0.0,35.46,21.41,52.68,30.17
2011-02-03,0.0,33.94,20.91,56.88,31.65
2011-02-04,0.0,31.27,19.74,30.44,16.22
2011-02-05,0.0,31.03,17.09,24.74,14.91
2011-02-06,0.0,32.61,17.03,27.39,14.49
2011-02-07,0.0,34.64,17.31,28.93,14.18
2011-02-08,0.0,34.34,18.43,31.7,15.45
2011-02-09,0.0,35.12,18.8,27.48,15.09
2011-02-10,0.0,35.72,19.25,33.35,15.25
2011-02-11,0.0,34.59,18.09,28.76,13.26
2011-02-12,0.0,34.16,18.0,25.76,12.27
2011-02-13,0.0,33.12,16.37,24.42,10.78
2011-02-14,0.0,33.26,15.22,25.12,10.22
2011-02-15,0.0,34.13,15.39,24.75,11.17
2011-02-16,0.0,33.91,14.94,26.47,9.81
2011-02-17,0.0,35.62,16.55,39.56,13.59
2011-02-18,0.0,36.4,17.83,43.45,18.32
2011-02-19,0.0,37.75,18.78,38.39,16.32
2011-02-20,0.0,39.72,20.26,33.79,10.99
2011-02-21,0.0,39.88,20.79,26.74,9.06
2011-02-22,0.0,38.95,19.65,27.89,9.84
2011-02-23,0.0,38.38,19.76,30.44,10.23
2011-02-24,0.0,38.29,19.49,24.45,10.03
2011-02-25,0.0,37.92,19.54,28.65,11.14
2011-02-26,0.0,35.87,18.95,23.03,9.9
2011-02-27,0.0,34.13,18.08,18.03,10.53
2011-02-28,0.0,36.22,18.1,25.63,13.0
2011-03-01,0.0,37.5,19.38,25.32,12.15
2011-03-02,0.0,38.56,20.63,31.64,11.79
2011-03-03,0.0,37.57,20.84,28.66,13.74
2011-03-04,0.0,37.32,20.06,29.01,14.73
2011-03-05,0.0,38.6,20.44,28.85,13.88
2011-03-06,0.0,39.6,21.57,29.67,12.39
2011-03-07,0.0,37.43,22.44,39.36,17.01
2011-03-08,0.0,38.31,21.79,33.16,17.66
2011-03-09,0.0,39.97,21.68,34.43,16.57
2011-03-10,0.0,40.82,22.66,30.58,14.33
2011-03-11,0.0,39.2,22.64,39.42,14.03
2011-03-12,0.0,38.23,21.74,35.91,17.25
2011-03-13,0.0,38.66,21.67,41.74,16.82
2011-03-14,0.0,35.21,20.87,45.39,21.34
2011-03-15,0.0,36.26,21.49,43.44,22.04
2011-03-16,0.0,37.46,22.01,39.03,19.68
2011-03-17,0.0,38.32,21.45,35.9,18.18
2011-03-18,0.0,40.6,22.05,42.39,19.32
2011-03-19,0.0,41.51,23.7,43.98,19.04
2011-03-20,0.0,41.74,24.38,38.2,16.28
2011-03-21,0.0,41.59,23.97,52.34,17.4
2011-03-22,0.0,42.63,24.36,31.44,13.66
2011-03-23,0.0,41.74,24.36,37.84,16.45
2011-03-24,0.0,41.67,23.55,39.81,16.86
2011-03-25,0.0,42.68,23.63,39.52,16.44
2011-03-26,0.0,42.52,24.01,38.19,15.32
2011-03-27,0.0,42.52,24.5,42.43,13.38
2011-03-28,0.0,42.19,24.65,40.38,16.54
2011-03-29,0.03,41.07,24.92,61.8,23.92
2011-03-30,0.0,41.43,25.97,62.84,27.82
2011-03-31,0.0,39.55,25.51,60.27,32.78
2011-04-01,0.0,42.08,27.14,62.18,19.25
2011-04-02,0.0,42.16,25.34,32.73,10.62
2011-04-03,0.02,41.71,25.02,28.79,10.57
2011-04-04,0.0,41.67,24.94,34.88,9.54
2011-04-05,0.0,41.01,24.35,44.51,10.88
2011-04-06,0.0,41.49,24.68,51.11,14.97
2011-04-07,0.0,42.74,25.63,30.43,14.32
2011-04-08,0.0,44.01,29.17,45.05,13.96
2011-04-09,0.0,44.21,28.53,31.37,9.25
2011-04-10,0.0,42.37,26.04,36.06,11.0
2011-04-11,0.0,42.06,24.53,35.51,10.97
2011-04-12,0.0,42.38,25.61,44.36,14.47
2011-04-13,0.0,41.34,25.42,54.46,18.66
2011-04-14,0.0,41.97,26.0,48.42,17.05
2011-04-15,0.0,41.23,25.42,42.63,18.95
2011-04-16,0.0,41.9,25.36,42.94,19.29
2011-04-17,0.0,42.83,26.49,42.36,18.8
2011-04-18,0.0,42.59,26.51,45.94,19.13
2011-04-19,0.0,43.1,27.07,43.75,20.29
2011-04-20,0.0,40.19,26.8,50.84,25.79
2011-04-21,0.0,39.99,26.19,47.36,24.06
2011-04-22,0.0,43.45,27.46,38.59,17.14
2011-04-23,0.0,42.89,26.7,32.19,13.82
2011-04-24,0.0,42.92,26.21,31.54,11.38
2011-04-25,0.0,42.86,25.99,42.31,13.92
2011-04-26,0.0,42.5,27.94,37.64,15.99
2011-04-27,0.0,42.62,26.69,35.4,14.33
2011-04-28,0.0,41.22,26.92,50.16,20.15
2011-04-29,0.0,40.56,25.32,44.02,17.68
2011-04-30,0.0,39.93,25.15,46.15,22.03
2011-05-01,0.0,39.22,25.03,42.45,19.6
2011-05-02,0.0,41.06,24.77,39.1,18.3
2011-05-03,0.0,43.67,27.46,41.22,14.57
2011-05-04,0.14,44.71,30.17,37.42,18.27
2011-05-05,0.0,43.56,29.05,67.24,19.81
2011-05-06,0.0,44.85,30.54,45.37,16.88
2011-05-07,0.0,42.56,29.41,54.69,19.45
2011-05-08,0.0,41.89,27.8,48.9,19.38
2011-05-09,0.0,39.63,26.57,42.01,19.69
2011-05-10,0.0,41.75,26.96,47.67,18.59
2011-05-11,0.0,41.1,26.99,51.32,19.44
2011-05-12,0.0,39.97,25.8,46.51,19.41
2011-05-13,0.0,40.31,25.7,46.17,20.6
2011-05-14,0.0,41.9,27.42,43.86,20.96
2011-05-15,0.35,38.37,29.1,51.54,30.56
2011-05-16,0.0,43.55,30.09,58.49,25.69
2011-05-17,0.0,44.28,29.13,65.95,19.6
2011-05-18,0.0,42.79,29.27,56.22,24.93
2011-05-19,0.0,41.66,28.7,70.72,32.83
2011-05-20,0.0,41.65,29.41,65.44,29.4
2011-05-21,0.01,39.32,29.05,60.84,32.38
2011-05-22,0.0,41.49,27.77,78.3,22.61
2011-05-23,0.0,42.18,27.17,58.0,22.94
2011-05-24,0.0,41.73,27.7,60.1,24.02
2011-05-25,0.0,41.97,28.1,61.96,26.79
2011-05-26,0.0,42.09,28.4,65.76,25.68
2011-05-27,0.0,41.76,28.27,64.33,27.61
2011-05-28,0.0,42.22,28.18,68.75,24.44
2011-05-29,0.01,41.61,27.97,62.45,26.81
2011-05-30,0.0,41.17,27.78,67.21,29.26
2011-05-31,5.17,41.79,28.99,83.38,35.27
2011-06-01,1.66,39.71,27.43,78.97,35.38
2011-06-02,0.0,38.56,24.38,92.49,31.28
2011-06-03,0.0,39.22,26.4,72.49,32.78
2011-06-04,0.0,39.13,27.09,72.94,31.49
2011-06-05,0.02,39.8,27.53,64.19,27.6
2011-06-06,0.0,38.87,27.89,56.8,30.48
2011-06-07,0.0,38.14,28.48,52.22,27.01
2011-06-08,0.0,41.19,28.13,50.91,23.77
2011-06-09,0.11,41.51,28.85,52.36,23.52
2011-06-10,0.0,43.49,28.23,66.33,20.54
2011-06-11,0.0,43.02,29.0,62.86,20.39
2011-06-12,0.0,43.37,29.22,64.06,22.35
2011-06-13,2.46,41.42,29.07,67.63,27.14
2011-06-14,0.0,37.67,25.5,88.08,39.68
2011-06-15,0.84,38.65,25.04,64.67,32.93
2011-06-16,0.0,40.07,26.96,72.9,29.6
2011-06-17,0.0,39.94,27.45,79.98,33.97
2011-06-18,0.0,39.41,27.03,71.21,30.42
2011-06-19,0.0,39.53,26.91,74.12,29.59
2011-06-20,9.51,39.2,27.53,69.57,35.5
2011-06-21,0.0,37.07,27.19,85.16,40.7
2011-06-22,0.0,39.13,25.79,89.53,32.68
2011-06-23,0.0,40.07,26.46,72.74,25.76
2011-06-24,11.47,38.29,27.47,71.39,38.01
2011-06-25,1.5,34.5,23.82,96.61,56.71
2011-06-26,0.0,34.63,23.54,93.58,50.42
2011-06-27,26.04,35.67,24.11,96.64,46.13
2011-06-28,0.0,34.85,24.46,97.28,54.31
2011-06-29,0.0,35.75,24.92,90.96,44.87
2011-06-30,11.87,35.55,25.63,82.36,47.86
2011-07-01,0.0,33.5,23.93,94.07,56.08
2011-07-02,6.33,33.52,23.59,95.27,58.16
2011-07-03,0.0,35.79,23.4,97.49,47.14
2011-07-04,0.0,35.35,24.33,84.36,42.63
2011-07-05,0.0,35.15,24.95,80.71,47.74
2011-07-06,10.85,34.44,23.91,95.1,52.86
2011-07-07,0.0,35.41,24.73,87.78,43.38
2011-07-08,0.0,37.82,24.78,71.44,30.03
2011-07-09,0.0,36.84,26.02,69.46,34.87
2011-07-10,0.0,36.38,25.79,75.33,40.54
2011-07-11,13.11,33.75,25.78,81.99,50.0
2011-07-12,17.07,32.81,23.18,89.95,57.78
2011-07-13,0.09,32.49,22.6,97.21,59.05
2011-07-14,0.01,33.83,23.06,93.98,53.42
2011-07-15,0.03,35.27,24.06,90.45,47.28
2011-07-16,12.66,36.46,24.38,93.14,46.11
2011-07-17,0.23,33.12,23.26,98.96,66.49
2011-07-18,0.0,35.17,24.11,94.61,50.45
2011-07-19,0.0,33.27,24.25,94.26,58.28
2011-07-20,1.15,34.43,24.09,95.8,55.01
2011-07-21,0.0,34.39,23.75,96.04,51.8
2011-07-22,0.0,35.06,23.97,90.54,46.38
2011-07-23,0.0,35.81,24.1,73.21,31.86
2011-07-24,0.02,34.86,23.68,73.55,43.61
2011-07-25,17.45,35.29,25.18,88.32,47.71
2011-07-26,0.15,33.19,23.64,90.77,57.49
2011-07-27,4.34,31.07,22.89,97.25,63.38
2011-07-28,0.0,33.06,22.2,96.06,54.53
2011-07-29,0.04,35.16,24.55,87.47,51.59
2011-07-30,0.08,35.44,24.45,88.29,47.21
2011-07-31,0.0,35.32,24.01,87.19,47.37
2011-08-01,35.84,33.39,24.56,92.34,53.71
2011-08-02,0.08,32.83,22.84,97.92,60.64
2011-08-03,1.69,33.97,23.18,97.72,59.66
2011-08-04,7.6,33.9,23.15,97.19,54.98
2011-08-05,0.0,33.0,24.94,90.16,61.5
2011-08-06,0.0,33.63,23.05,94.53,56.48
2011-08-07,1.64,33.39,25.0,87.21,58.1
2011-08-08,1.58,32.9,23.58,93.78,57.32
2011-08-09,0.0,34.65,22.29,91.67,54.25
2011-08-10,4.3,36.43,23.31,92.17,49.86
2011-08-11,2.97,35.28,24.98,90.33,54.09
2011-08-12,0.01,33.85,23.44,94.6,57.91
2011-08-13,0.09,33.25,24.01,92.8,56.47
2011-08-14,4.74,34.03,23.4,94.53,55.31
2011-08-15,0.0,34.94,23.57,91.79,51.09
2011-08-16,32.78,33.31,23.23,97.31,59.41
2011-08-17,12.9,29.28,22.76,98.52,75.77
2011-08-18,18.34,32.18,22.38,98.83,63.93
2011-08-19,0.45,31.89,22.31,97.73,61.84
2011-08-20,14.03,31.68,22.58,97.45,65.1
2011-08-21,59.12,30.82,21.94,98.93,68.47
2011-08-22,0.97,29.96,21.96,99.22,71.78
2011-08-23,3.35,32.64,22.75,93.45,60.03
2011-08-24,26.03,29.92,22.92,99.46,77.13
2011-08-25,12.43,30.35,21.94,95.47,67.87
2011-08-26,1.26,30.61,22.5,99.0,71.65
2011-08-27,0.07,32.97,23.46,96.1,61.74
2011-08-28,0.83,34.56,23.06,96.75,56.21
2011-08-29,8.58,31.6,22.82,97.28,66.12
2011-08-30,0.0,31.17,22.7,98.98,66.05
2011-08-31,0.0,34.93,23.89,92.7,54.23
2011-09-01,20.69,32.87,22.89,96.68,65.49
2011-09-02,5.15,32.81,22.21,99.66,62.74
2011-09-03,0.12,33.54,22.64,96.13,63.14
2011-09-04,0.0,33.48,22.63,97.33,61.65
2011-09-05,0.12,33.7,22.59,97.87,63.65
2011-09-06,1.73,34.14,23.52,95.5,65.71
2011-09-07,0.13,33.51,22.3,97.95,63.15
2011-09-08,0.0,33.08,22.12,96.59,62.63
2011-09-09,0.0,34.4,22.93,95.35,55.34
2011-09-10,0.0,35.09,23.65,89.04,53.2
2011-09-11,4.12,33.32,22.71,96.55,63.76
2011-09-12,9.14,32.74,22.08,98.91,63.6
2011-09-13,0.0,33.03,23.08,98.79,60.62
2011-09-14,0.0,32.92,22.94,98.94,65.01
2011-09-15,0.0,33.45,22.69,97.93,58.86
2011-09-16,6.34,33.36,22.61,98.78,62.35
2011-09-17,0.0,33.6,22.52,98.92,60.51
2011-09-18,1.65,33.5,22.47,98.15,62.6
2011-09-19,28.21,31.12,22.03,98.78,64.26
2011-09-20,0.0,31.42,21.86,99.16,63.8
2011-09-21,0.0,34.77,22.1,99.4,55.9
2011-09-22,8.13,34.76,24.54,86.45,60.35
2011-09-23,0.04,30.74,22.84,98.25,71.86
2011-09-24,3.58,32.36,21.88,99.18,65.28
2011-09-25,0.0,33.12,22.28,97.54,60.58
2011-09-26,0.0,34.18,22.3,99.33,58.86
2011-09-27,0.0,33.06,22.49,96.69,63.82
2011-09-28,7.12,33.85,23.02,98.55,61.06
2011-09-29,5.7,31.75,22.07,99.23,67.95
2011-09-30,10.65,29.71,21.93,99.27,68.95
2011-10-01,0.0,30.87,21.0,99.42,71.5
2011-10-02,11.75,34.01,21.24,99.09,60.24
2011-10-03,0.04,33.77,21.33,99.11,60.78
2011-10-04,0.0,35.46,22.96,99.4,54.44
2011-10-05,0.0,36.5,23.58,95.41,46.71
2011-10-06,0.0,37.18,24.07,82.98,34.76
2011-10-07,0.0,37.29,24.19,76.89,39.31
2011-10-08,0.0,37.79,24.12,80.92,40.65
2011-10-09,0.0,36.32,23.93,95.68,45.17
2011-10-10,0.06,37.62,23.38,95.29,36.23
2011-10-11,0.0,38.07,24.67,89.57,33.09
2011-10-12,0.15,37.45,24.44,71.93,33.4
2011-10-13,1.0,36.08,22.85,97.69,38.4
2011-10-14,0.0,34.88,22.84,98.44,51.35
2011-10-15,0.0,36.3,23.64,91.24,46.07
2011-10-16,0.0,38.11,25.02,82.42,38.86
2011-10-17,0.0,37.29,24.63,84.79,43.61
2011-10-18,0.0,37.07,22.62,96.85,25.68
2011-10-19,0.0,36.57,21.53,59.85,18.17
2011-10-20,0.0,36.96,21.52,61.05,21.63
2011-10-21,0.0,37.51,22.62,65.83,25.32
2011-10-22,0.0,35.55,22.32,91.98,33.94
2011-10-23,0.0,35.56,22.1,96.03,36.84
2011-10-24,0.0,37.75,21.88,67.35,25.82
2011-10-25,0.0,38.48,23.46,68.05,26.33
2011-10-26,0.0,37.35,23.89,71.78,36.28
2011-10-27,0.0,38.44,23.77,88.06,33.65
2011-10-28,0.0,39.02,24.38,84.11,33.81
2011-10-29,0.0,38.04,24.47,78.37,37.11
2011-10-30,3.02,37.92,23.9,84.22,38.98
2011-10-31,0.0,37.73,23.02,87.36,39.43
2011-11-01,0.0,38.16,20.76,94.96,37.58
2011-11-02,0.0,38.62,21.21,94.0,31.48
2011-11-03,0.0,39.01,21.81,87.21,28.25
2011-11-04,0.0,38.72,20.54,93.88,28.6
2011-11-05,0.0,39.05,20.45,78.48,27.98
2011-11-06,0.0,38.4,20.13,68.27,26.28
2011-11-07,0.0,38.37,19.75,63.04,22.57
2011-11-08,0.0,38.9,19.74,57.08,20.93
2011-11-09,0.0,38.92,19.29,49.98,20.02
2011-11-10,0.0,39.51,20.06,49.35,20.63
2011-11-11,0.0,39.09,20.58,68.59,25.26
2011-11-12,0.0,38.58,20.03,73.73,28.37
2011-11-13,0.0,39.56,20.05,67.19,26.38
2011-11-14,0.0,39.18,20.52,65.39,21.18
2011-11-15,0.0,38.25,19.27,56.21,18.29
2011-11-16,0.0,39.46,18.97,55.43,17.95
2011-11-17,0.0,38.42,19.8,58.16,25.63
2011-11-18,0.0,39.0,20.03,65.35,25.7
2011-11-19,0.0,39.25,20.33,64.13,23.39
2011-11-20,0.0,39.84,20.2,58.24,17.5
2011-11-21,0.0,37.46,19.74,49.5,17.98
2011-11-22,0.0,37.09,18.75,57.51,19.6
2011-11-23,0.0,37.55,18.19,53.45,17.88
2011-11-24,0.0,37.15,18.3,53.95,18.75
2011-11-25,0.0,37.65,18.05,52.8,17.41
2011-11-26,0.0,36.43,17.77,48.98,15.68
2011-11-27,0.0,36.3,18.08,46.13,16.84
2011-11-28,0.0,36.65,17.98,46.84,16.34
2011-11-29,0.0,36.7,18.49,38.63,13.89
2011-11-30,0.0,37.1,17.95,40.09,12.86
2011-12-01,0.0,39.26,18.75,39.18,13.66
2011-12-02,0.0,37.31,18.26,35.13,12.69
2011-12-03,0.0,36.2,16.8,42.54,13.69
2011-12-04,0.0,36.82,16.25,43.39,13.31
2011-12-05,0.0,35.45,16.47,42.45,17.26
2011-12-06,0.0,35.25,16.18,47.4,17.52
2011-12-07,0.0,34.38,16.51,39.23,18.24
2011-12-08,0.0,35.75,16.5,37.58,16.21
2011-12-09,0.0,36.4,16.21,41.76,14.29
2011-12-10,0.0,36.91,17.08,34.26,15.05
2011-12-11,0.0,36.94,16.55,37.74,14.12
2011-12-12,0.0,36.07,16.86,34.18,14.51
2011-12-13,0.0,35.45,17.46,30.02,13.07
2011-12-14,0.0,34.63,16.77,37.45,12.72
2011-12-15,0.0,34.24,15.31,29.81,12.93
2011-12-16,0.0,34.18,16.41,29.02,12.22
2011-12-17,0.0,34.75,15.73,29.19,10.07
2011-12-18,0.0,33.81,14.84,34.48,12.17
2011-12-19,0.0,34.17,15.35,37.74,11.89
2011-12-20,0.0,34.58,15.19,35.86,11.69
2011-12-21,0.0,32.36,16.68,26.69,11.44
2011-12-22,0.0,31.25,14.89,26.14,11.57
2011-12-23,0.0,32.39,13.57,26.59,11.68
2011-12-24,0.0,31.49,14.39,32.08,12.8
2011-12-25,0.0,33.25,14.65,26.71,11.55
2011-12-26,0.0,33.41,15.59,36.5,14.37
2011-12-27,0.0,33.16,15.13,41.29,15.22
2011-12-28,0.0,34.6,15.34,33.25,12.7
2011-12-29,0.0,31.26,16.53,28.32,13.83
2011-12-30,0.0,30.44,14.43,27.42,13.97
2011-12-31,0.0,28.16,13.52,31.1,13.55
2012-01-01,0.0,28.47,13.63,29.83,15.01
2012-01-02,0.0,32.1,14.32,38.62,13.91
2012-01-03,0.0,33.84,16.59,26.62,12.34
2012-01-04,0.0,34.06,17.24,23.2,11.19
2012-01-05,0.0,34.55,17.82,25.76,13.88
2012-01-06,0.0,35.15,17.61,29.85,13.15
2012-01-07,0.0,34.59,16.89,32.7,14.44
2012-01-08,0.0,35.2,16.59,27.95,10.46
2012-01-09,0.0,35.72,17.38,24.03,8.97
2012-01-10,0.0,37.18,17.43,24.38,9.12
2012-01-11,0.0,36.97,17.04,29.4,9.67
2012-01-12,0.0,38.31,18.02,27.88,10.09
2012-01-13,0.0,36.84,18.33,26.14,8.73
2012-01-14,0.0,35.98,17.51,21.0,9.11
2012-01-15,0.0,35.81,17.34,20.19,8.64
2012-01-16,0.0,35.59,16.99,20.83,7.91
2012-01-17,0.0,36.86,18.32,27.88,11.2
2012-01-18,0.0,35.83,19.09,33.81,14.49
2012-01-19,0.0,32.25,16.81,40.7,14.95
2012-01-20,0.0,27.47,13.25,45.07,19.51
2012-01-21,0.0,26.95,12.07,48.23,22.23
2012-01-22,0.0,29.56,12.74,41.46,19.16
2012-01-23,0.0,31.97,14.37,32.91,16.21
2012-01-24,0.0,33.42,15.91,30.19,14.19
2012-01-25,0.0,33.48,16.48,31.62,14.78
2012-01-26,0.0,31.83,15.27,33.96,13.57
2012-01-27,0.0,33.11,15.02,29.75,12.53
2012-01-28,0.0,36.14,16.24,27.4,10.11
2012-01-29,0.0,36.04,16.57,31.29,9.99
2012-01-30,0.0,34.95,18.46,24.55,9.96
2012-01-31,0.0,36.16,18.84,24.78,9.84
2012-02-01,0.0,36.21,20.37,20.65,10.17
2012-02-02,0.0,35.27,19.62,24.55,12.83
2012-02-03,0.0,36.75,20.68,25.48,11.84
2012-02-04,0.0,36.3,20.14,24.3,11.39
2012-02-05,0.0,31.73,18.27,45.55,16.77
2012-02-06,0.0,28.52,18.37,40.74,12.45
2012-02-07,0.0,28.66,16.06,14.3,7.15
2012-02-08,0.0,29.55,16.81,20.5,9.53
2012-02-09,0.0,32.14,16.5,22.05,8.06
2012-02-10,0.0,35.02,17.92,25.2,9.05
2012-02-11,0.0,34.61,17.47,28.63,11.89
2012-02-12,0.0,33.6,17.68,24.25,12.27
2012-02-13,0.0,32.88,20.35,21.06,11.83
2012-02-14,0.0,34.87,19.42,22.88,11.82
2012-02-15,0.0,34.2,20.08,22.37,12.15
2012-02-16,0.0,37.6,21.68,24.01,11.52
2012-02-17,0.0,39.14,21.53,31.07,14.83
2012-02-18,0.0,35.68,19.83,30.66,15.47
2012-02-19,0.0,36.82,18.57,31.46,11.19
2012-02-20,0.0,37.21,18.34,33.22,14.73
2012-02-21,0.0,35.1,19.34,31.35,12.72
2012-02-22,0.0,33.99,17.71,19.41,10.67
2012-02-23,0.0,34.27,17.27,19.91,10.49
2012-02-24,0.0,34.99,17.9,20.28,11.49
2012-02-25,0.0,36.04,19.66,17.4,8.85
2012-02-26,0.0,37.73,19.08,16.29,7.73
2012-02-27,0.0,40.16,20.08,20.88,8.23
2012-02-28,0.0,40.47,20.87,29.87,10.9
2012-02-29,0.0,41.28,21.37,25.6,10.44
2012-03-01,0.0,39.18,22.13,20.4,9.38
2012-03-02,0.0,37.58,20.61,18.34,9.45
2012-03-03,0.0,37.09,20.27,16.38,8.95
2012-03-04,0.0,37.54,20.49,18.31,9.13
2012-03-05,0.0,38.65,19.58,23.71,10.19
2012-03-06,0.0,39.29,21.07,30.29,12.61
2012-03-07,0.0,39.54,21.48,33.56,12.53
2012-03-08,0.0,40.36,21.69,25.97,9.36
2012-03-09,0.0,38.3,21.69,18.73,10.67
2012-03-10,0.0,38.03,20.34,17.57,7.68
2012-03-11,0.0,37.4,20.47,14.92,8.28
2012-03-12,0.0,37.13,19.6,16.78,8.32
2012-03-13,0.0,38.2,19.41,17.93,7.69
2012-03-14,0.0,39.67,20.17,19.18,7.84
2012-03-15,0.0,40.53,22.09,17.94,6.73
2012-03-16,0.0,41.52,22.46,17.81,7.91
2012-03-17,0.0,42.21,23.44,21.81,8.16
2012-03-18,0.0,42.43,24.53,19.39,8.25
2012-03-19,0.0,42.68,25.29,19.8,8.89
2012-03-20,0.0,42.41,24.79,24.74,10.13
2012-03-21,0.0,41.75,24.34,31.03,12.25
2012-03-22,0.0,40.45,23.51,34.0,16.44
2012-03-23,0.0,39.48,22.43,41.34,15.7
2012-03-24,0.0,40.54,22.61,32.71,13.11
2012-03-25,0.0,40.0,22.5,33.34,15.57
2012-03-26,0.0,38.95,21.65,47.99,21.14
2012-03-27,0.0,37.77,21.97,54.1,23.71
2012-03-28,0.0,34.31,23.27,69.43,30.42
2012-03-29,0.0,35.59,20.09,88.91,41.34
2012-03-30,0.0,39.84,23.3,80.17,28.3
2012-03-31,0.0,41.88,25.43,42.56,16.57
2012-04-01,0.0,41.38,25.06,37.43,16.07
2012-04-02,0.0,40.46,25.41,35.15,15.47
2012-04-03,0.0,39.21,23.66,27.65,13.19
2012-04-04,0.0,39.53,23.43,30.71,13.38
2012-04-05,0.0,40.33,24.12,27.83,13.81
2012-04-06,0.0,42.07,25.05,26.63,12.1
2012-04-07,0.0,42.44,26.85,26.56,13.49
2012-04-08,0.0,41.87,26.65,39.33,13.98
2012-04-09,0.0,43.94,27.13,31.41,14.83
2012-04-10,0.0,42.44,29.1,34.62,19.16
2012-04-11,0.08,40.12,28.67,49.3,28.21
2012-04-12,0.0,39.73,25.27,70.8,27.0
2012-04-13,0.0,39.15,26.72,54.0,29.05
2012-04-14,0.0,38.35,27.03,44.4,19.55
2012-04-15,0.0,42.36,26.49,28.32,11.4
2012-04-16,0.0,41.02,24.69,29.86,8.18
2012-04-17,0.0,41.55,23.78,26.63,10.25
2012-04-18,0.0,40.76,24.81,31.8,13.65
2012-04-19,0.0,39.47,23.18,40.63,15.15
2012-04-20,0.0,41.25,23.72,31.96,14.83
2012-04-21,0.0,41.63,25.31,36.68,16.84
2012-04-22,0.0,43.74,27.01,33.98,17.04
2012-04-23,0.0,44.02,26.98,53.14,15.33
2012-04-24,0.0,44.01,28.01,42.75,15.18
2012-04-25,0.0,43.13,27.13,44.22,16.29
2012-04-26,0.0,42.87,27.85,40.63,17.54
2012-04-27,0.0,42.99,27.24,37.92,14.17
2012-04-28,0.0,42.79,26.17,35.71,18.1
2012-04-29,0.0,41.16,27.76,43.6,16.91
2012-04-30,0.0,43.6,29.69,34.92,18.28
2012-05-01,0.0,43.19,29.23,54.14,15.5
2012-05-02,0.0,43.38,28.9,38.47,12.65
2012-05-03,0.0,43.21,29.5,51.34,16.61
2012-05-04,0.0,44.46,28.68,41.47,11.95
2012-05-05,0.0,42.94,27.89,56.58,16.2
2012-05-06,0.0,43.87,28.08,55.86,13.07
2012-05-07,0.0,44.71,28.27,47.36,13.01
2012-05-08,0.0,44.98,28.99,43.72,12.81
2012-05-09,0.0,42.98,27.91,46.81,14.98
2012-05-10,0.0,41.44,27.27,61.74,23.01
2012-05-11,0.0,40.88,27.56,63.89,25.73
2012-05-12,0.0,42.01,27.42,51.55,19.76
2012-05-13,0.0,42.56,26.86,51.51,19.85
2012-05-14,0.0,39.68,27.29,69.08,26.64
2012-05-15,0.0,39.87,27.17,59.57,26.56
2012-05-16,0.0,41.62,27.75,42.87,22.51
2012-05-17,0.29,38.13,26.17,94.34,42.43
2012-05-18,5.28,41.63,27.9,82.74,31.58
2012-05-19,0.0,39.37,26.51,80.96,33.76
2012-05-20,0.0,41.65,27.5,69.08,27.16
2012-05-21,9.62,39.74,28.43,87.62,40.27
2012-05-22,0.0,36.53,25.24,96.76,54.13
2012-05-23,0.0,39.71,25.7,86.55,26.61
2012-05-24,0.0,42.12,26.47,60.9,26.08
2012-05-25,0.0,40.4,27.69,70.35,31.77
2012-05-26,0.0,40.8,28.14,71.84,31.96
2012-05-27,0.0,42.83,28.18,60.54,22.0
2012-05-28,0.0,43.78,30.36,45.78,16.4
2012-05-29,0.0,40.28,26.52,56.56,18.93
2012-05-30,0.0,41.85,26.46,45.97,17.52
2012-05-31,0.0,42.68,28.31,46.04,16.02
2012-06-01,0.01,40.89,28.85,50.38,22.09
2012-06-02,0.03,41.38,27.94,61.85,27.02
2012-06-03,1.84,37.27,27.81,72.18,35.53
2012-06-04,0.0,41.93,26.77,73.15,25.84
2012-06-05,0.0,42.22,28.56,69.52,26.58
2012-06-06,0.0,41.78,28.56,64.69,21.61
2012-06-07,0.0,42.42,27.85,50.3,19.25
2012-06-08,0.32,39.64,28.04,53.78,26.67
2012-06-09,0.0,41.5,29.16,63.04,29.63
2012-06-10,0.0,42.91,29.28,61.06,26.36
2012-06-11,0.0,40.76,29.75,54.63,25.06
2012-06-12,0.0,39.03,27.64,73.52,34.73
2012-06-13,3.91,36.8,25.41,85.57,43.96
2012-06-14,0.0,37.53,25.79,83.27,36.91
2012-06-15,0.0,39.9,26.31,72.12,27.69
2012-06-16,0.0,41.12,27.86,63.61,28.13
2012-06-17,0.0,39.53,28.35,66.66,34.13
2012-06-18,0.04,38.66,27.44,71.66,35.35
2012-06-19,14.86,40.72,27.73,75.11,31.47
2012-06-20,4.5,37.14,23.67,95.12,50.29
2012-06-21,0.02,34.97,22.72,90.3,41.92
2012-06-22,0.0,35.73,24.4,74.64,40.46
2012-06-23,34.48,35.82,25.63,79.46,47.74
2012-06-24,2.66,33.21,25.72,88.3,54.29
2012-06-25,0.06,31.85,23.28,97.08,60.03
2012-06-26,3.3,34.58,23.98,91.66,43.01
2012-06-27,0.56,35.59,23.87,90.44,40.67
2012-06-28,0.05,34.82,25.14,84.36,45.3
2012-06-29,22.64,34.86,25.88,85.54,50.07
2012-06-30,0.0,35.18,25.32,91.88,51.66
2012-07-01,0.0,33.93,24.71,88.38,53.97
2012-07-02,14.78,31.94,22.58,99.01,62.43
2012-07-03,0.0,32.64,22.48,97.98,55.82
2012-07-04,0.58,33.63,23.46,92.41,54.72
2012-07-05,0.0,34.66,24.02,89.08,50.83
2012-07-06,8.45,33.03,23.86,93.34,59.88
2012-07-07,2.55,30.68,22.58,98.36,68.63
2012-07-08,0.02,32.39,22.85,97.41,63.32
2012-07-09,0.03,32.63,23.07,96.71,63.94
2012-07-10,0.0,34.28,23.47,91.87,53.97
2012-07-11,0.0,34.35,23.78,89.74,53.63
2012-07-12,21.93,29.52,23.98,94.53,72.59
2012-07-13,0.0,32.59,22.55,98.22,59.59
2012-07-14,6.32,34.16,23.87,95.13,56.32
2012-07-15,0.05,30.99,23.29,94.04,67.63
2012-07-16,1.96,32.01,22.84,97.71,59.59
2012-07-17,0.0,32.29,23.61,92.04,58.84
2012-07-18,0.35,33.62,23.19,93.5,56.53
2012-07-19,4.38,32.33,23.77,94.56,60.77
2012-07-20,2.24,29.98,22.75,97.01,70.57
2012-07-21,0.97,29.45,22.37,97.86,69.52
2012-07-22,1.43,33.69,22.39,98.77,53.84
2012-07-23,5.47,32.12,23.55,96.56,64.09
2012-07-24,0.0,33.3,22.79,98.51,56.17
2012-07-25,1.4,33.76,24.18,86.85,54.63
2012-07-26,0.0,32.64,24.14,95.78,62.59
2012-07-27,14.44,34.25,23.4,97.86,58.18
2012-07-28,2.38,31.79,23.19,98.83,63.81
2012-07-29,0.0,33.55,23.58,96.05,59.19
2012-07-30,0.0,32.01,23.72,94.37,65.28
2012-07-31,4.28,33.55,23.32,96.87,55.58
2012-08-01,18.54,30.27,22.85,99.61,72.83
2012-08-02,0.0,32.57,22.9,98.65,63.02
2012-08-03,0.0,32.34,22.21,97.48,61.28
2012-08-04,34.52,31.41,23.25,97.87,69.43
2012-08-05,2.57,32.55,22.48,99.78,61.41
2012-08-06,0.05,33.25,22.52,98.77,58.38
2012-08-07,0.0,32.85,23.71,95.4,62.21
2012-08-08,2.23,33.35,23.04,95.31,59.81
2012-08-09,1.64,30.9,22.95,90.0,60.31
2012-08-10,0.0,33.29,22.21,92.62,57.42
2012-08-11,18.09,32.83,23.65,96.86,60.09
2012-08-12,1.2,30.58,22.42,98.42,67.36
2012-08-13,0.52,31.78,22.05,97.47,66.35
2012-08-14,1.87,31.84,22.19,97.75,62.5
2012-08-15,14.45,31.4,22.84,92.68,65.02
2012-08-16,0.06,31.06,23.19,96.45,69.83
2012-08-17,8.58,32.01,22.16,96.98,63.87
2012-08-18,0.9,27.6,22.3,98.88,83.52
2012-08-19,0.0,33.13,22.78,98.96,61.14
2012-08-20,0.0,32.03,23.9,93.4,65.03
2012-08-21,26.72,30.26,22.52,98.24,68.58
2012-08-22,18.86,29.47,22.03,98.79,74.43
2012-08-23,0.37,32.19,21.89,99.31,62.5
2012-08-24,0.29,32.36,23.68,95.2,62.16
2012-08-25,18.11,28.88,22.03,99.29,76.22
2012-08-26,10.67,29.53,22.15,99.41,73.05
2012-08-27,2.74,33.0,22.5,99.28,59.77
2012-08-28,17.41,33.64,23.04,96.36,59.31
2012-08-29,0.0,32.3,24.19,91.54,62.52
2012-08-30,0.29,33.56,24.05,87.92,54.58
2012-08-31,5.84,32.7,23.11,97.9,63.75
2012-09-01,6.95,30.64,22.22,99.35,70.96
2012-09-02,7.97,31.09,21.57,99.33,65.16
2012-09-03,0.0,31.48,21.99,94.59,65.22
2012-09-04,0.16,31.76,22.38,97.37,67.85
2012-09-05,31.0,31.01,22.11,99.46,70.57
2012-09-06,14.45,30.56,21.98,99.55,73.35
2012-09-07,0.03,28.34,21.88,99.53,84.33
2012-09-08,0.0,33.75,21.83,98.29,58.05
2012-09-09,2.65,32.75,22.62,97.52,67.06
2012-09-10,0.0,32.62,22.21,99.25,63.05
2012-09-11,0.01,34.19,22.54,98.58,58.56
2012-09-12,2.0,32.69,23.06,97.41,66.54
2012-09-13,0.0,32.54,23.16,98.69,69.76
2012-09-14,2.47,33.53,22.91,98.71,61.6
2012-09-15,2.04,32.45,22.48,98.78,64.16
2012-09-16,0.0,34.25,22.93,95.99,58.36
2012-09-17,23.25,34.12,23.37,92.24,57.41
2012-09-18,6.91,31.49,22.24,99.32,70.22
2012-09-19,31.73,32.2,22.01,99.4,64.93
2012-09-20,31.29,29.94,21.59,99.51,71.96
2012-09-21,2.14,28.99,21.54,99.63,80.46
2012-09-22,1.16,30.66,21.49,99.67,68.95
2012-09-23,4.96,31.26,21.86,99.45,64.87
2012-09-24,0.03,32.21,21.6,99.64,62.04
2012-09-25,0.0,33.44,22.19,99.51,60.72
2012-09-26,0.0,33.19,23.23,94.96,64.38
2012-09-27,15.47,33.79,23.02,99.02,65.98
2012-09-28,52.99,33.12,22.62,99.49,61.72
2012-09-29,0.01,31.22,21.9,99.51,70.89
2012-09-30,4.68,33.95,22.05,99.6,57.35
2012-10-01,0.0,34.3,21.59,99.16,56.68
2012-10-02,0.0,34.99,23.12,98.9,61.25
2012-10-03,1.55,32.77,22.0,99.47,62.02
2012-10-04,0.47,32.92,21.23,99.43,61.52
2012-10-05,0.0,33.48,21.44,99.43,61.52
2012-10-06,0.0,35.02,22.05,99.24,54.74
2012-10-07,11.15,34.98,22.4,98.29,57.96
2012-10-08,0.0,32.99,20.72,98.59,62.86
2012-10-09,0.0,32.6,21.46,98.97,69.32
2012-10-10,1.06,33.63,21.56,99.39,60.36
2012-10-11,0.0,34.25,21.97,99.59,60.39
2012-10-12,0.0,34.65,22.05,98.94,58.26
2012-10-13,0.0,34.9,22.39,98.82,51.71
2012-10-14,0.0,35.01,22.49,96.86,51.63
2012-10-15,0.0,34.8,22.9,99.15,57.66
2012-10-16,0.93,35.1,22.58,99.35,55.47
2012-10-17,0.0,34.61,22.14,98.36,55.01
2012-10-18,0.0,34.37,22.22,99.12,53.65
2012-10-19,0.0,33.76,21.89,94.62,42.82
2012-10-20,5.79,34.01,21.84,81.02,47.87
2012-10-21,0.12,31.56,22.07,87.59,58.17
2012-10-22,0.0,35.41,22.54,97.63,53.69
2012-10-23,0.0,34.71,22.23,98.78,55.91
2012-10-24,0.0,36.9,23.28,96.93,42.37
2012-10-25,0.0,37.43,22.86,84.0,32.79
2012-10-26,0.0,36.72,23.13,80.78,32.77
2012-10-27,0.0,35.9,20.47,87.01,40.71
2012-10-28,0.06,34.96,22.09,95.04,46.95
2012-10-29,0.0,35.49,21.96,98.82,45.95
2012-10-30,0.0,36.82,22.97,95.16,40.51
2012-10-31,0.0,36.04,23.1,94.06,41.51
2012-11-01,0.0,36.69,20.11,97.9,43.28
2012-11-02,0.0,38.66,21.08,96.24,27.49
2012-11-03,0.0,38.37,20.34,80.4,23.88
2012-11-04,0.0,36.68,19.69,98.74,39.12
2012-11-05,0.0,36.39,19.99,98.86,46.29
2012-11-06,0.0,36.53,20.01,98.28,45.65
2012-11-07,0.0,36.69,19.08,96.77,42.18
2012-11-08,0.07,38.24,20.74,98.35,32.61
2012-11-09,0.0,36.15,19.9,98.16,42.68
2012-11-10,0.04,35.85,19.9,98.51,51.41
2012-11-11,0.0,34.72,19.68,98.26,52.42
2012-11-12,0.0,35.52,19.61,99.65,49.39
2012-11-13,0.0,35.38,20.03,98.6,52.86
2012-11-14,0.0,35.75,19.99,97.78,51.11
2012-11-15,0.0,36.92,19.71,97.08,28.17
2012-11-16,0.0,37.85,20.76,68.75,26.94
2012-11-17,0.0,38.78,20.51,65.08,22.42
2012-11-18,0.0,38.19,20.72,67.58,24.57
2012-11-19,0.0,36.3,20.16,89.2,38.6
2012-11-20,0.0,36.83,20.26,98.2,41.73
2012-11-21,0.0,37.61,21.21,92.34,31.81
2012-11-22,0.0,38.29,20.77,68.59,25.6
2012-11-23,0.0,37.37,20.13,64.5,23.75
2012-11-24,0.0,36.15,19.88,66.07,25.82
2012-11-25,0.0,36.67,19.26,71.63,27.47
2012-11-26,0.0,35.77,19.19,76.19,29.73
2012-11-27,0.0,35.88,19.4,76.55,29.63
2012-11-28,0.0,36.45,19.44,76.12,29.72
2012-11-29,0.0,36.87,20.67,66.34,27.94
2012-11-30,0.0,35.2,20.59,62.29,28.7
2012-12-01,0.0,32.16,18.71,57.24,32.88
2012-12-02,0.0,30.3,17.1,55.95,30.16
2012-12-03,0.0,29.65,17.55,55.09,32.34
2012-12-04,0.0,30.84,16.9,47.8,24.47
2012-12-05,0.0,28.18,16.71,35.86,19.0
2012-12-06,0.0,29.66,16.22,34.63,19.86
2012-12-07,0.0,33.11,15.94,40.8,19.43
2012-12-08,0.0,34.59,16.33,41.54,15.87
2012-12-09,0.0,33.52,15.77,38.95,15.89
2012-12-10,0.0,33.72,15.99,47.91,17.34
2012-12-11,0.0,35.09,16.15,57.01,18.98
2012-12-12,0.0,35.53,16.29,53.98,19.62
2012-12-13,0.0,34.08,16.48,50.85,19.62
2012-12-14,0.0,33.63,16.23,41.91,18.05
2012-12-15,0.0,31.76,15.58,35.99,16.88
2012-12-16,0.0,32.02,16.12,31.43,15.96
2012-12-17,0.0,30.94,15.28,39.54,16.93
2012-12-18,0.0,34.2,15.85,44.4,15.56
2012-12-19,0.0,35.61,16.33,50.38,18.61
2012-12-20,0.0,35.63,17.47,49.2,13.78
2012-12-21,0.0,34.41,16.44,40.33,15.43
2012-12-22,0.0,34.37,15.14,47.63,15.5
2012-12-23,0.0,35.85,16.19,49.26,16.79
2012-12-24,0.0,35.81,17.39,49.44,18.27
2012-12-25,0.0,36.34,17.74,50.33,16.77
2012-12-26,0.0,35.92,17.35,46.33,14.84
2012-12-27,0.0,34.63,16.47,38.68,15.13
2012-12-28,0.0,34.72,15.59,38.46,14.16
2012-12-29,0.0,31.76,15.22,46.91,16.36
2012-12-30,0.0,29.07,13.2,36.55,18.61
2012-12-31,0.0,30.76,12.69,44.24,16.2
2013-01-01,0.0,31.73,14.32,41.36,17.11
2013-01-02,0.0,33.25,15.39,38.11,15.75
2013-01-03,0.0,33.4,15.38,38.77,16.89
2013-01-04,0.0,31.7,15.71,33.01,16.24
2013-01-05,0.0,28.53,14.14,35.27,20.95
2013-01-06,0.0,29.66,14.12,39.64,21.14
2013-01-07,0.0,31.83,13.45,42.57,18.52
2013-01-08,0.0,32.6,14.17,38.81,16.77
2013-01-09,0.0,33.63,16.54,38.06,18.08
2013-01-10,0.0,35.36,19.08,39.49,16.57
2013-01-11,0.0,35.41,18.52,38.11,16.58
2013-01-12,0.0,36.7,18.78,34.66,14.78
2013-01-13,0.0,37.11,18.63,35.75,14.17
2013-01-14,0.0,36.01,17.89,34.22,13.3
2013-01-15,0.0,33.49,16.32,26.07,11.96
2013-01-16,0.0,32.6,17.4,22.12,10.94
2013-01-17,0.0,30.23,14.08,28.69,13.08
2013-01-18,0.0,30.94,16.36,24.76,11.27
2013-01-19,0.0,31.27,13.62,30.89,10.45
2013-01-20,0.0,33.81,17.29,35.81,10.03
2013-01-21,0.0,34.75,15.6,38.55,11.67
2013-01-22,0.0,33.62,17.12,56.78,19.36
2013-01-23,0.0,36.3,19.23,52.28,19.81
2013-01-24,0.0,36.36,19.28,45.45,20.44
2013-01-25,0.03,33.47,19.65,55.54,20.51
2013-01-26,0.0,26.97,17.15,77.74,42.69
2013-01-27,0.0,27.35,14.17,77.53,49.66
2013-01-28,0.0,33.06,15.28,81.57,41.01
2013-01-29,0.0,34.48,18.44,70.52,28.21
2013-01-30,0.0,34.98,18.27,38.75,15.76
2013-01-31,0.0,37.95,20.28,28.35,16.35
2013-02-01,0.0,36.89,22.68,25.67,13.3
2013-02-02,0.0,35.88,19.39,27.6,14.34
2013-02-03,0.0,35.74,18.79,35.5,14.21
2013-02-04,0.0,36.34,20.1,28.99,12.76
2013-02-05,0.0,37.09,20.68,26.66,11.79
2013-02-06,0.0,35.32,19.69,24.16,12.71
2013-02-07,0.0,35.56,18.55,26.82,12.39
2013-02-08,0.0,37.33,19.69,26.48,10.68
2013-02-09,0.0,37.89,21.28,28.78,9.44
2013-02-10,0.0,39.18,20.59,28.78,8.57
2013-02-11,0.0,39.64,21.96,24.92,11.26
2013-02-12,0.0,39.16,21.06,27.38,13.69
2013-02-13,0.0,38.71,20.37,28.38,12.26
2013-02-14,0.0,39.01,20.88,27.51,10.07
2013-02-15,0.0,38.81,20.11,27.15,9.4
2013-02-16,0.0,38.34,19.64,30.41,11.64
2013-02-17,0.0,37.8,19.8,28.48,12.27
2013-02-18,0.0,38.59,20.17,36.09,11.67
2013-02-19,0.0,37.73,19.85,36.8,10.97
2013-02-20,0.0,36.14,18.01,28.81,12.93
2013-02-21,0.0,36.09,17.91,32.14,15.08
2013-02-22,0.0,36.69,18.13,36.79,17.33
2013-02-23,0.0,37.66,19.33,33.36,13.54
2013-02-24,0.0,38.46,19.82,25.58,11.83
2013-02-25,0.0,39.32,20.28,31.93,11.24
2013-02-26,0.0,40.35,21.8,31.84,13.15
2013-02-27,0.0,38.12,21.36,37.41,15.34
2013-02-28,0.0,37.48,19.48,35.84,16.06
2013-03-01,0.0,39.14,20.96,36.94,15.18
2013-03-02,0.0,40.41,23.38,34.85,14.92
2013-03-03,0.0,40.44,22.64,35.73,17.02
2013-03-04,0.0,38.87,22.26,43.75,20.73
2013-03-05,0.0,36.09,21.64,59.77,29.79
2013-03-06,0.0,38.13,20.56,59.39,20.65
2013-03-07,0.0,42.14,22.71,45.13,18.54
2013-03-08,0.0,42.5,24.88,42.98,18.02
2013-03-09,0.0,42.25,25.27,54.38,19.75
2013-03-10,0.0,42.46,25.25,43.6,16.97
2013-03-11,0.0,42.55,25.05,36.56,15.64
2013-03-12,0.0,42.31,24.82,39.97,16.36
2013-03-13,0.0,41.84,24.56,45.72,14.59
2013-03-14,0.0,42.12,24.02,36.81,12.17
2013-03-15,0.0,41.69,24.03,38.35,14.0
2013-03-16,0.0,41.9,24.95,32.78,12.28
2013-03-17,0.0,39.78,23.47,37.72,15.54
2013-03-18,0.0,39.66,22.58,44.84,20.29
2013-03-19,0.0,38.67,22.36,51.11,22.38
2013-03-20,0.0,41.54,22.6,39.63,16.0
2013-03-21,0.0,43.69,25.29,36.2,14.86
2013-03-22,0.0,42.78,25.84,47.26,20.68
2013-03-23,0.0,41.06,24.68,59.21,19.24
2013-03-24,0.0,42.74,25.7,42.69,14.47
2013-03-25,0.0,41.43,24.74,36.25,14.16
2013-03-26,0.0,41.79,24.25,36.93,13.55
2013-03-27,0.0,40.97,23.83,33.87,10.91
2013-03-28,0.0,41.72,23.24,29.95,12.23
2013-03-29,0.0,42.34,24.72,24.12,9.8
2013-03-30,0.0,42.61,24.43,32.39,11.46
2013-03-31,0.0,42.47,23.76,31.16,8.95
2013-04-01,0.0,41.93,24.96,39.69,12.18
2013-04-02,0.0,41.98,24.81,42.52,11.62
2013-04-03,0.0,41.26,23.99,41.27,11.32
2013-04-04,0.0,41.25,24.17,39.34,13.3
2013-04-05,0.0,40.72,23.63,32.22,12.91
2013-04-06,0.0,41.25,24.52,30.98,12.34
2013-04-07,0.16,42.15,26.64,35.24,18.41
2013-04-08,0.0,42.02,27.12,49.85,14.37
2013-04-09,0.0,38.84,23.39,35.44,14.24
2013-04-10,0.0,42.3,24.52,23.7,10.29
2013-04-11,0.0,43.59,25.65,22.55,9.56
2013-04-12,0.0,44.26,27.23,26.54,11.15
2013-04-13,0.0,42.81,27.31,42.97,14.86
2013-04-14,0.0,42.69,26.57,58.64,14.36
2013-04-15,0.0,44.41,27.16,37.82,9.01
2013-04-16,0.0,44.05,26.6,36.8,10.53
2013-04-17,0.0,43.16,26.47,44.12,12.37
2013-04-18,0.0,42.18,25.62,45.65,13.15
2013-04-19,0.0,40.6,25.52,50.24,19.68
2013-04-20,0.0,39.5,24.31,51.27,21.9
2013-04-21,0.0,41.64,23.61,49.51,16.27
2013-04-22,0.0,42.93,25.29,48.89,10.97
2013-04-23,0.0,42.85,25.35,42.52,10.98
2013-04-24,0.0,40.85,25.53,49.7,18.31
2013-04-25,0.0,40.89,24.85,62.16,19.73
2013-04-26,0.0,41.98,25.91,42.16,15.14
2013-04-27,0.0,43.16,26.57,36.95,13.53
2013-04-28,0.0,43.52,26.69,43.99,14.69
2013-04-29,0.0,43.42,26.86,34.76,13.44
2013-04-30,0.0,42.13,26.1,39.88,15.64
2013-05-01,0.0,41.4,25.78,33.97,14.4
2013-05-02,0.0,43.3,26.23,30.73,12.63
2013-05-03,0.0,43.0,27.02,32.44,12.12
2013-05-04,0.0,43.66,26.58,30.52,10.89
2013-05-05,0.0,43.77,26.85,25.78,10.47
2013-05-06,0.0,44.22,27.67,27.55,10.97
2013-05-07,0.0,43.39,27.96,52.3,13.74
2013-05-08,0.0,42.85,27.94,54.42,16.32
2013-05-09,0.0,43.21,28.17,55.24,17.29
2013-05-10,0.0,41.88,27.65,65.43,19.0
2013-05-11,0.0,40.9,27.15,59.2,19.32
2013-05-12,0.0,41.29,26.6,58.64,22.0
2013-05-13,0.0,42.87,27.34,49.4,16.58
2013-05-14,0.0,42.25,28.19,57.83,19.59
2013-05-15,0.0,44.13,29.41,51.89,15.32
2013-05-16,0.0,40.92,29.07,52.96,24.02
2013-05-17,0.0,40.36,27.96,58.81,23.83
2013-05-18,0.03,41.83,28.56,45.68,16.1
2013-05-19,3.64,43.56,29.78,59.07,21.74
2013-05-20,0.0,43.12,29.86,69.19,20.41
2013-05-21,0.0,43.39,30.02,54.84,19.47
2013-05-22,0.0,41.89,30.08,60.27,24.4
2013-05-23,0.0,43.8,30.15,59.74,17.73
2013-05-24,0.0,43.75,30.16,66.11,23.29
2013-05-25,0.0,43.3,30.24,65.55,23.39
2013-05-26,0.0,43.12,29.7,65.65,21.84
2013-05-27,0.0,41.59,28.4,78.32,22.84
2013-05-28,0.0,42.42,28.96,73.54,21.72
2013-05-29,0.0,40.01,27.43,77.58,37.4
2013-05-30,0.0,43.19,28.12,71.87,17.05
2013-05-31,1.39,40.99,27.62,81.11,29.51
2013-06-01,2.75,39.29,29.3,74.65,32.81
2013-06-02,0.16,39.6,27.04,77.62,28.01
2013-06-03,0.0,42.01,26.66,62.0,14.55
2013-06-04,0.0,39.05,27.06,48.29,21.33
2013-06-05,0.0,39.85,27.28,56.57,26.1
2013-06-06,0.0,43.09,28.29,57.11,19.98
2013-06-07,12.81,41.59,29.23,62.72,24.49
2013-06-08,0.02,39.65,27.9,73.98,35.53
2013-06-09,0.0,39.36,26.75,76.57,30.13
2013-06-10,0.0,42.2,27.9,66.83,23.12
2013-06-11,17.34,40.78,28.26,80.3,32.62
2013-06-12,0.0,37.48,25.6,94.66,43.54
2013-06-13,0.0,39.3,25.57,87.65,28.92
2013-06-14,0.0,37.41,26.92,82.14,41.96
2013-06-15,0.0,39.6,27.0,80.83,32.01
2013-06-16,0.21,39.44,28.16,65.84,29.97
2013-06-17,0.0,37.27,27.54,72.52,36.43
2013-06-18,0.01,39.62,27.56,76.41,32.98
2013-06-19,0.03,39.41,27.82,66.91,29.92
2013-06-20,0.0,40.95,27.47,75.39,25.22
2013-06-21,0.0,40.23,28.52,65.5,27.29
2013-06-22,0.0,39.6,27.84,62.02,29.34
2013-06-23,0.0,40.89,28.42,64.24,26.01
2013-06-24,0.0,41.17,28.45,58.07,24.33
2013-06-25,0.0,39.84,28.08,63.51,26.97
2013-06-26,29.56,39.35,27.6,77.73,33.31
2013-06-27,0.0,38.09,26.88,82.76,42.54
2013-06-28,3.27,34.14,24.51,91.83,54.47
2013-06-29,3.35,36.19,25.08,93.34,45.76
2013-06-30,4.83,37.98,26.71,87.9,37.14
2013-07-01,0.0,36.61,25.84,85.18,43.07
2013-07-02,0.0,33.33,23.8,90.08,58.67
2013-07-03,14.3,35.61,22.38,97.27,50.48
2013-07-04,0.38,35.15,23.7,94.87,45.06
2013-07-05,0.0,34.71,25.12,85.32,52.33
2013-07-06,3.37,35.41,24.16,89.92,48.03
2013-07-07,3.93,35.27,24.7,88.4,51.44
2013-07-08,8.8,33.01,23.42,95.78,55.86
2013-07-09,0.05,32.42,23.24,96.97,62.49
2013-07-10,16.73,31.5,22.69,95.79,59.76
2013-07-11,0.0,32.89,22.21,96.04,50.65
2013-07-12,5.53,34.03,22.87,84.13,47.22
2013-07-13,0.0,34.82,24.22,89.66,51.9
2013-07-14,0.06,34.49,23.29,91.12,54.23
2013-07-15,0.0,34.54,24.98,83.32,50.98
2013-07-16,0.0,35.48,25.31,84.3,49.24
2013-07-17,7.55,33.19,24.05,95.11,61.54
2013-07-18,0.0,34.29,23.25,95.04,51.28
2013-07-19,0.01,35.22,24.11,90.08,48.32
2013-07-20,17.88,34.42,24.62,92.44,55.21
2013-07-21,7.38,31.66,23.66,98.0,66.69
2013-07-22,0.05,34.07,23.36,96.45,54.84
2013-07-23,0.0,33.01,23.19,92.27,57.04
2013-07-24,0.0,35.18,23.35,95.6,53.64
2013-07-25,4.66,32.98,24.16,91.84,57.21
2013-07-26,0.0,34.82,23.92,95.6,52.27
2013-07-27,1.38,34.87,23.82,89.11,48.76
2013-07-28,0.0,33.15,24.53,88.91,59.65
2013-07-29,0.0,34.33,24.38,90.33,52.65
2013-07-30,0.5,33.77,25.44,86.12,53.63
2013-07-31,22.68,33.56,23.82,94.53,55.12
2013-08-01,1.21,33.23,23.55,95.18,56.83
2013-08-02,0.0,31.67,22.49,94.94,62.73
2013-08-03,2.38,32.84,22.11,97.56,58.67
2013-08-04,0.0,32.4,23.19,95.29,63.32
2013-08-05,3.86,31.94,23.01,97.63,65.97
2013-08-06,6.77,32.03,23.32,97.68,64.83
2013-08-07,0.0,33.62,23.07,98.19,58.33
2013-08-08,0.01,33.66,22.39,94.16,56.9
2013-08-09,6.4,32.36,24.51,91.59,66.88
2013-08-10,0.21,33.32,22.95,97.06,57.17
2013-08-11,2.16,33.11,23.63,91.22,60.22
2013-08-12,0.75,31.82,23.47,94.62,64.42
2013-08-13,0.0,33.32,22.77,98.4,57.17
2013-08-14,4.26,30.61,22.77,97.99,68.63
2013-08-15,14.55,32.83,21.24,97.45,56.12
2013-08-16,11.27,30.56,23.94,91.31,66.29
2013-08-17,0.0,33.1,24.01,89.83,56.68
2013-08-18,1.6,31.58,24.15,92.26,61.33
2013-08-19,1.92,32.86,23.7,96.53,59.5
2013-08-20,3.47,32.66,22.56,98.95,59.09
2013-08-21,0.92,31.69,23.34,91.57,61.06
2013-08-22,0.0,33.06,24.25,87.75,58.12
2013-08-23,0.0,34.83,23.51,94.3,54.17
2013-08-24,9.28,33.06,24.77,97.59,59.56
2013-08-25,7.97,32.73,22.6,99.38,65.49
2013-08-26,0.0,33.08,23.74,96.83,59.31
2013-08-27,3.38,32.07,23.49,96.62,67.82
2013-08-28,17.19,33.76,23.17,96.52,56.21
2013-08-29,15.49,31.5,23.94,96.14,65.57
2013-08-30,0.3,31.49,22.41,95.37,65.31
2013-08-31,0.0,32.69,21.72,97.2,53.78
2013-09-01,0.0,33.38,21.73,89.2,53.89
2013-09-02,0.0,35.17,24.73,83.38,55.28
2013-09-03,0.0,32.96,23.46,97.34,65.42
2013-09-04,37.56,33.4,22.18,99.13,58.04
2013-09-05,21.13,32.38,21.94,99.9,62.24
2013-09-06,28.62,30.09,22.16,99.58,75.78
2013-09-07,1.94,31.8,21.67,99.13,62.36
2013-09-08,4.41,31.26,21.66,98.85,64.61
2013-09-09,14.33,33.2,21.99,98.58,56.97
2013-09-10,1.21,30.94,22.4,97.96,65.41
2013-09-11,0.0,33.71,22.37,97.49,57.18
2013-09-12,3.96,34.35,23.65,88.39,57.05
2013-09-13,26.06,31.95,22.64,99.12,67.65
2013-09-14,0.18,31.45,22.17,99.4,66.67
2013-09-15,27.87,33.46,22.1,99.0,58.34
2013-09-16,4.88,32.78,21.91,99.37,59.22
2013-09-17,0.0,32.55,22.3,99.03,64.28
2013-09-18,0.15,33.73,22.82,99.29,62.81
2013-09-19,5.1,33.38,23.05,98.28,67.5
2013-09-20,0.0,33.46,22.51,98.1,59.34
2013-09-21,0.0,34.66,22.48,98.02,54.88
2013-09-22,0.0,33.75,23.89,92.27,61.48
2013-09-23,0.0,35.45,22.99,96.81,54.28
2013-09-24,0.0,34.52,24.25,91.29,56.44
2013-09-25,0.36,34.04,23.56,97.83,62.14
2013-09-26,13.96,33.48,23.07,97.66,62.02
2013-09-27,22.81,34.28,22.44,99.23,56.22
2013-09-28,0.04,33.67,22.49,97.12,59.03
2013-09-29,0.0,35.26,23.54,92.02,52.06
2013-09-30,0.0,35.41,24.08,95.86,56.11
2013-10-01,0.35,34.63,22.17,97.81,63.57
2013-10-02,0.0,34.89,22.37,97.26,55.36
2013-10-03,0.48,35.19,22.91,99.43,60.0
2013-10-04,0.0,35.45,22.7,99.18,53.48
2013-10-05,0.0,35.4,22.54,98.79,54.33
2013-10-06,1.03,34.98,22.69,98.99,58.27
2013-10-07,0.0,32.22,21.68,97.71,63.72
2013-10-08,0.0,33.03,21.46,98.23,62.88
2013-10-09,0.4,34.76,21.59,98.24,49.47
2013-10-10,0.32,35.4,22.15,96.93,48.85
2013-10-11,2.19,33.44,22.88,97.98,59.67
2013-10-12,0.0,35.93,21.73,98.95,47.18
2013-10-13,0.0,37.09,24.05,90.59,46.39
2013-10-14,0.0,37.08,23.24,97.79,43.9
2013-10-15,0.0,35.3,23.11,98.52,57.02
2013-10-16,0.15,35.82,22.28,98.25,52.78
2013-10-17,0.0,35.17,22.54,97.86,48.4
2013-10-18,0.0,34.06,23.46,97.96,43.63
2013-10-19,0.0,37.98,22.71,98.19,32.86
2013-10-20,0.0,36.65,22.52,90.14,46.64
2013-10-21,1.87,35.26,23.66,97.56,53.68
2013-10-22,0.14,32.29,21.47,98.83,62.39
2013-10-23,0.0,34.52,21.17,96.5,48.23
2013-10-24,0.0,36.77,21.96,96.53,39.62
2013-10-25,0.0,36.85,22.68,93.62,42.07
2013-10-26,0.0,34.7,23.05,96.09,47.61
2013-10-27,2.96,34.15,22.21,96.41,55.99
2013-10-28,0.0,33.02,20.48,97.21,55.36
2013-10-29,0.0,35.3,22.21,95.12,45.12
2013-10-30,0.0,37.25,23.66,80.83,24.43
2013-10-31,0.0,36.04,23.34,66.46,26.67
2013-11-01,0.58,36.76,20.72,71.5,28.95
2013-11-02,0.0,34.89,21.07,68.6,34.48
2013-11-03,0.0,37.57,20.49,71.01,27.01
2013-11-04,0.0,38.72,20.39,69.3,20.03
2013-11-05,0.0,39.12,20.69,65.73,21.35
2013-11-06,0.0,38.97,20.45,64.57,17.84
2013-11-07,0.0,38.71,20.2,64.17,18.55
2013-11-08,0.0,38.54,19.89,66.63,18.28
2013-11-09,0.0,39.12,19.75,61.18,16.87
2013-11-10,0.0,39.43,20.17,55.42,14.55
2013-11-11,0.0,39.63,20.11,57.32,13.43
2013-11-12,0.0,39.41,20.07,53.17,16.17
2013-11-13,0.0,37.98,19.99,73.77,27.2
2013-11-14,0.0,37.84,19.82,90.83,30.19
2013-11-15,0.0,38.11,20.55,86.62,32.87
2013-11-16,0.0,37.96,21.14,83.89,29.98
2013-11-17,0.0,35.69,20.32,65.8,16.02
2013-11-18,0.0,36.44,20.05,40.41,14.3
2013-11-19,0.0,33.46,20.48,57.59,22.65
2013-11-20,0.0,33.73,19.58,53.43,23.01
2013-11-21,0.0,34.5,19.55,50.08,17.85
2013-11-22,0.0,36.1,18.28,39.13,14.38
2013-11-23,0.0,37.84,18.33,46.44,14.56
2013-11-24,0.0,37.71,18.71,53.76,15.39
2013-11-25,0.0,37.64,18.74,49.4,15.12
2013-11-26,0.0,36.57,18.25,59.69,22.24
2013-11-27,0.0,37.58,18.73,58.04,19.9
2013-11-28,0.0,38.98,19.94,53.89,20.23
2013-11-29,0.0,40.67,21.44,51.0,20.25
2013-11-30,0.0,39.47,21.56,47.31,16.43
2013-12-01,0.0,38.58,19.57,53.18,22.99
2013-12-02,0.0,38.69,20.2,68.35,21.96
2013-12-03,0.0,39.73,20.72,58.29,21.11
2013-12-04,0.0,39.22,20.71,54.41,22.3
2013-12-05,0.0,38.32,20.62,50.72,20.67
2013-12-06,0.0,37.78,19.67,50.34,19.11
2013-12-07,0.0,36.98,18.95,44.71,21.29
2013-12-08,0.0,35.64,17.46,46.66,17.85
2013-12-09,0.0,35.18,16.94,44.17,20.95
2013-12-10,0.0,34.23,16.35,44.39,18.69
2013-12-11,0.0,33.86,14.94,40.09,16.08
2013-12-12,0.0,34.65,15.69,46.12,18.59
2013-12-13,0.0,35.2,16.91,48.67,18.48
2013-12-14,0.0,34.93,16.97,48.76,18.41
2013-12-15,0.0,33.02,16.92,51.1,21.37
2013-12-16,0.0,32.49,16.15,57.27,29.06
2013-12-17,0.09,35.02,19.87,47.52,17.02
2013-12-18,0.0,33.89,18.62,28.45,13.21
2013-12-19,0.0,33.17,17.64,29.42,14.23
2013-12-20,0.0,31.91,16.49,35.43,16.45
2013-12-21,0.0,32.2,13.7,41.94,17.98
2013-12-22,0.0,32.43,14.2,34.34,15.43
2013-12-23,0.0,30.36,13.89,34.45,18.33
2013-12-24,0.0,31.72,13.7,44.69,19.61
2013-12-25,0.0,31.62,14.7,34.57,16.29
2013-12-26,0.0,30.99,16.74,29.47,16.23
2013-12-27,0.0,33.97,17.92,27.42,13.59
2013-12-28,0.0,37.04,17.35,32.31,11.33
2013-12-29,0.0,36.74,17.05,34.86,11.72
2013-12-30,0.0,35.22,16.84,51.54,15.98
2013-12-31,0.0,35.61,16.45,57.77,13.86
2014-01-01,0.0,34.61,17.06,39.75,14.78
2014-01-02,0.0,33.22,17.1,41.84,20.05
2014-01-03,0.0,34.42,17.76,42.08,18.47
2014-01-04,0.0,34.67,16.88,37.71,15.97
2014-01-05,0.0,35.32,16.73,34.45,13.34
2014-01-06,0.0,34.55,16.74,33.08,14.14
2014-01-07,0.0,34.79,17.41,36.67,14.54
2014-01-08,0.0,36.91,18.68,37.64,14.38
2014-01-09,0.0,38.19,19.42,39.0,13.9
2014-01-10,0.0,33.26,19.08,47.38,18.78
2014-01-11,0.0,35.44,17.36,51.27,19.21
2014-01-12,0.0,37.7,18.1,44.62,14.85
2014-01-13,0.0,39.67,20.31,34.71,11.11
2014-01-14,0.0,39.45,19.95,31.94,11.19
2014-01-15,0.0,36.48,17.93,34.09,14.95
2014-01-16,0.0,37.02,17.41,36.19,13.33
2014-01-17,0.0,35.37,16.89,39.21,13.85
2014-01-18,0.0,34.83,16.22,43.8,17.64
2014-01-19,0.0,35.6,16.98,46.4,18.07
2014-01-20,0.0,35.85,17.7,46.66,19.64
2014-01-21,0.0,35.76,17.69,42.64,18.08
2014-01-22,0.0,35.4,17.22,49.15,20.11
2014-01-23,0.0,35.98,17.38,41.37,17.21
2014-01-24,0.0,36.35,17.91,40.03,15.83
2014-01-25,0.0,35.21,19.01,47.75,19.49
2014-01-26,0.0,38.06,19.68,33.6,14.03
2014-01-27,0.0,37.26,19.96,28.17,12.47
2014-01-28,0.0,36.29,18.59,24.45,13.03
2014-01-29,0.0,39.09,18.98,34.82,12.06
2014-01-30,0.0,37.03,19.04,37.11,16.62
2014-01-31,0.0,32.42,16.95,44.12,16.86
2014-02-01,0.0,31.87,14.82,34.61,13.62
2014-02-02,0.0,33.94,15.34,30.8,10.86
2014-02-03,0.0,34.67,16.23,26.92,10.98
2014-02-04,0.0,35.4,17.29,27.63,12.53
2014-02-05,0.0,36.71,18.48,28.25,12.28
2014-02-06,0.0,38.19,19.58,25.81,10.6
2014-02-07,0.0,38.52,20.27,24.06,11.07
2014-02-08,0.0,38.39,20.94,21.76,10.42
2014-02-09,0.0,38.17,20.1,23.97,10.79
2014-02-10,0.0,38.12,18.77,23.01,10.19
2014-02-11,0.0,37.38,18.92,19.41,10.38
2014-02-12,0.0,37.49,17.88,27.08,10.86
2014-02-13,0.0,36.32,18.67,24.37,11.88
2014-02-14,0.0,36.73,17.62,24.0,11.04
2014-02-15,0.0,39.55,19.78,30.62,10.66
2014-02-16,0.0,32.09,18.27,51.44,14.93
2014-02-17,0.0,31.47,15.1,49.05,24.25
2014-02-18,0.0,32.93,15.68,46.78,20.67
2014-02-19,0.0,34.53,17.65,43.26,19.84
2014-02-20,0.0,35.33,18.76,38.0,17.22
2014-02-21,0.0,36.64,21.07,27.03,13.59
2014-02-22,0.0,38.3,20.27,26.78,13.33
2014-02-23,0.0,39.13,20.02,27.26,11.28
2014-02-24,0.0,39.35,20.54,27.96,11.25
2014-02-25,0.0,38.39,19.73,27.51,10.78
2014-02-26,0.0,38.15,19.5,23.42,10.81
2014-02-27,0.03,36.74,19.56,19.35,9.35
2014-02-28,0.0,35.42,19.45,20.49,10.38
2014-03-01,0.0,34.63,18.13,24.83,13.1
2014-03-02,0.0,35.58,17.53,28.87,10.5
2014-03-03,0.0,36.65,17.6,22.98,8.62
2014-03-04,0.0,38.34,19.07,24.44,6.74
2014-03-05,0.0,39.77,19.87,27.29,6.64
2014-03-06,0.0,40.55,21.3,25.34,7.9
2014-03-07,0.0,40.06,21.84,27.13,10.16
2014-03-08,0.0,38.45,21.67,43.35,15.96
2014-03-09,0.0,38.79,21.09,40.55,12.55
2014-03-10,0.0,38.48,20.68,38.15,14.29
2014-03-11,0.0,38.91,21.69,32.31,14.06
2014-03-12,0.0,39.33,21.48,38.33,16.68
2014-03-13,0.0,41.11,22.04,30.27,13.8
2014-03-14,0.0,42.24,23.1,28.28,14.32
2014-03-15,0.0,42.22,24.07,27.79,12.3
2014-03-16,0.0,41.29,24.14,25.89,12.15
2014-03-17,0.0,39.84,21.68,22.53,10.51
2014-03-18,0.0,39.4,20.72,25.39,12.07
2014-03-19,0.0,40.26,20.87,25.9,11.43
2014-03-20,0.0,41.21,21.79,26.72,10.97
2014-03-21,0.0,40.71,22.12,22.67,10.37
2014-03-22,0.0,40.41,22.17,25.38,9.97
2014-03-23,0.0,40.41,21.94,21.8,10.53
2014-03-24,0.0,41.02,22.94,27.35,10.57
2014-03-25,0.0,41.87,23.05,31.13,11.01
2014-03-26,0.0,41.63,23.31,22.65,10.28
2014-03-27,0.0,42.17,24.13,21.82,8.46
2014-03-28,0.0,42.45,24.83,28.53,10.99
2014-03-29,0.0,39.7,23.07,30.45,12.21
2014-03-30,0.0,40.52,21.14,34.45,15.43
2014-03-31,0.0,42.06,23.39,33.0,14.77
2014-04-01,0.0,43.06,25.74,28.99,13.52
2014-04-02,0.0,40.46,25.84,40.67,17.38
2014-04-03,0.0,42.97,24.65,34.19,14.6
2014-04-04,0.0,44.13,26.68,27.66,14.86
2014-04-05,0.0,44.01,26.98,35.78,16.37
2014-04-06,0.0,43.03,26.51,32.75,10.83
2014-04-07,0.0,41.92,25.23,33.77,15.47
2014-04-08,0.0,39.48,22.68,44.11,18.55
2014-04-09,0.0,39.95,23.52,43.21,22.82
2014-04-10,0.0,39.02,23.06,55.5,23.16
2014-04-11,0.0,41.54,22.91,43.17,18.44
2014-04-12,0.0,40.89,24.59,52.66,20.0
2014-04-13,0.0,40.19,23.79,51.4,20.73
2014-04-14,0.0,41.92,24.3,41.45,16.22
2014-04-15,0.0,43.97,26.06,39.57,11.8
2014-04-16,0.0,43.14,26.19,54.24,14.84
2014-04-17,0.0,43.93,26.71,60.73,15.95
2014-04-18,0.0,45.22,28.35,29.3,12.56
2014-04-19,0.0,43.69,26.22,47.83,14.42
2014-04-20,0.0,43.59,26.44,46.23,15.33
2014-04-21,0.0,43.33,25.87,61.2,16.67
2014-04-22,0.0,43.99,27.0,54.38,17.49
2014-04-23,0.0,44.16,27.56,57.66,18.51
2014-04-24,0.0,42.92,27.28,68.24,23.3
2014-04-25,0.0,44.7,27.96,44.94,10.68
2014-04-26,0.0,44.27,27.18,30.24,7.15
2014-04-27,0.0,42.67,26.04,53.15,10.22
2014-04-28,0.0,42.33,26.08,60.09,18.23
2014-04-29,0.0,41.89,26.38,53.26,20.22
2014-04-30,0.0,41.86,27.27,63.31,23.36
2014-05-01,0.0,41.55,26.95,49.07,21.0
2014-05-02,0.0,42.71,26.82,49.88,18.37
2014-05-03,0.0,42.66,27.12,44.77,20.3
2014-05-04,0.0,41.13,27.19,52.12,23.69
2014-05-05,0.0,39.88,26.37,57.57,27.58
2014-05-06,0.0,39.07,25.83,52.22,24.59
2014-05-07,0.0,40.79,26.56,40.84,21.26
2014-05-08,0.0,42.61,25.89,52.14,18.35
2014-05-09,0.0,45.04,28.28,32.44,11.34
2014-05-10,0.12,42.49,28.32,54.03,18.8
2014-05-11,0.34,40.98,25.66,76.4,31.89
2014-05-12,0.0,41.44,26.96,82.93,30.45
2014-05-13,0.06,41.93,28.47,75.08,25.85
2014-05-14,0.0,41.33,28.45,52.55,22.16
2014-05-15,0.98,41.88,28.3,60.12,25.91
2014-05-16,0.19,43.31,30.25,51.54,21.63
2014-05-17,0.16,41.29,29.24,56.26,26.7
2014-05-18,0.06,38.09,27.78,77.96,37.98
2014-05-19,1.11,37.71,27.23,89.02,43.08
2014-05-20,0.83,39.18,27.13,93.84,40.68
2014-05-21,0.27,39.4,25.85,87.28,27.51
2014-05-22,0.0,44.92,27.72,52.39,13.84
2014-05-23,0.0,44.92,29.41,59.53,18.7
2014-05-24,0.0,44.96,30.7,56.51,18.4
2014-05-25,14.68,42.35,29.49,80.74,28.42
2014-05-26,0.0,38.07,24.65,96.11,46.63
2014-05-27,0.0,38.75,25.0,78.75,32.48
2014-05-28,0.0,42.31,27.48,56.69,20.67
2014-05-29,0.0,41.94,27.8,60.41,20.23
2014-05-30,0.19,39.01,28.49,69.62,30.95
2014-05-31,4.75,42.12,29.56,74.51,32.42
2014-06-01,0.11,37.95,28.36,78.95,42.53
2014-06-02,6.3,35.49,25.34,91.36,46.7
2014-06-03,0.0,39.71,26.46,77.33,24.72
2014-06-04,0.0,38.22,25.74,70.83,35.1
2014-06-05,0.0,37.95,28.17,67.99,39.68
2014-06-06,6.17,40.02,28.19,75.51,35.82
2014-06-07,0.0,39.19,26.73,89.2,39.21
2014-06-08,0.0,41.47,28.66,73.9,30.39
2014-06-09,0.0,39.93,27.68,71.97,30.12
2014-06-10,0.01,39.58,27.56,77.04,39.17
2014-06-11,7.43,39.27,28.8,81.12,39.59
2014-06-12,0.14,39.06,26.41,85.94,31.36
2014-06-13,0.0,39.17,27.14,77.42,31.2
2014-06-14,0.0,39.28,28.43,75.14,38.2
2014-06-15,0.0,38.2,26.11,85.5,33.93
2014-06-16,0.0,39.64,25.31,70.39,23.37
2014-06-17,0.0,41.25,27.12,66.8,28.98
2014-06-18,0.01,39.77,29.19,66.82,39.82
2014-06-19,0.11,37.82,26.86,82.87,34.82
2014-06-20,0.0,40.53,26.27,82.85,34.13
2014-06-21,0.0,37.46,25.12,87.84,48.26
2014-06-22,0.5,37.0,24.77,88.49,43.62
2014-06-23,0.0,35.92,25.47,86.95,51.25
2014-06-24,0.0,35.51,25.38,86.88,56.08
2014-06-25,0.0,37.36,25.16,87.13,43.16
2014-06-26,0.0,36.96,24.87,89.29,43.82
2014-06-27,0.0,36.98,26.37,81.02,38.86
2014-06-28,0.01,38.55,26.66,68.77,31.9
2014-06-29,4.9,38.72,27.3,70.72,35.66
2014-06-30,6.12,33.55,24.7,98.26,53.38
2014-07-01,5.53,29.51,23.07,98.24,69.83
2014-07-02,0.04,32.08,23.65,95.62,64.66
2014-07-03,10.36,30.45,23.22,97.98,62.98
2014-07-04,5.16,33.27,23.17,98.8,52.73
2014-07-05,0.0,33.73,23.53,95.41,53.74
2014-07-06,0.0,34.25,24.38,91.01,47.17
2014-07-07,0.0,34.66,24.71,81.51,48.0
2014-07-08,1.26,34.71,25.22,82.07,50.88
2014-07-09,2.91,33.12,23.67,94.71,55.84
2014-07-10,1.18,32.95,23.78,94.81,57.14
2014-07-11,0.0,32.75,24.02,96.09,56.79
2014-07-12,0.0,34.4,24.01,92.75,41.08
2014-07-13,0.03,35.33,24.6,82.93,46.59
2014-07-14,0.49,34.4,25.77,82.24,58.08
2014-07-15,0.78,30.54,23.93,92.29,60.7
2014-07-16,33.65,32.79,23.2,94.72,52.01
2014-07-17,0.96,31.09,23.22,95.47,57.84
2014-07-18,0.0,33.34,22.77,85.03,49.91
2014-07-19,1.61,33.91,24.41,86.64,52.67
2014-07-20,0.06,35.17,24.78,89.5,54.53
2014-07-21,0.03,36.21,25.64,83.98,47.82
2014-07-22,0.13,35.29,24.6,85.93,51.94
2014-07-23,0.0,35.09,24.05,86.56,54.01
2014-07-24,0.41,34.86,23.86,85.64,51.7
2014-07-25,0.01,37.15,25.85,80.37,44.98
2014-07-26,0.0,34.78,25.85,84.02,51.23
2014-07-27,0.0,38.28,25.26,82.25,33.78
2014-07-28,0.0,38.2,26.07,82.51,41.93
2014-07-29,24.18,36.58,26.22,80.04,46.52
2014-07-30,12.45,32.96,23.24,98.51,60.98
2014-07-31,0.75,32.91,23.33,97.51,55.89
2014-08-01,0.0,34.25,23.85,89.1,55.66
2014-08-02,0.0,33.38,24.66,87.97,58.82
2014-08-03,0.0,31.63,23.04,95.89,62.59
2014-08-04,7.8,32.85,22.53,90.07,58.94
2014-08-05,54.0,32.78,23.43,91.95,62.08
2014-08-06,3.91,31.54,23.03,98.51,69.39
2014-08-07,0.0,33.33,22.85,98.44,60.87
2014-08-08,6.67,33.72,24.25,91.57,59.08
2014-08-09,6.81,32.45,24.65,92.83,65.12
2014-08-10,21.48,34.34,23.33,97.3,54.24
2014-08-11,2.35,33.31,23.64,91.88,62.05
2014-08-12,0.38,33.05,22.19,98.92,58.86
2014-08-13,4.17,33.33,24.08,94.57,61.77
2014-08-14,0.03,33.06,23.18,98.12,58.0
2014-08-15,0.0,32.48,22.12,93.61,57.01
2014-08-16,0.0,32.03,23.41,96.58,60.99
2014-08-17,29.43,31.06,22.61,98.03,66.52
2014-08-18,2.29,29.5,22.42,98.92,72.62
2014-08-19,5.19,32.1,22.1,99.64,60.96
2014-08-20,3.61,32.13,23.02,99.03,62.31
2014-08-21,0.0,32.33,22.92,99.81,60.48
2014-08-22,0.0,32.64,23.35,99.44,58.85
2014-08-23,2.39,32.25,22.51,99.62,61.22
2014-08-24,0.0,29.47,22.87,99.41,66.73
2014-08-25,0.04,32.91,23.05,96.05,57.26
2014-08-26,0.0,31.46,23.33,98.91,61.9
2014-08-27,22.73,31.32,23.39,99.78,74.21
2014-08-28,1.07,32.02,23.41,99.78,65.34
2014-08-29,0.0,33.42,22.85,99.5,59.75
2014-08-30,5.87,33.84,25.09,94.03,59.97
2014-08-31,15.88,29.24,23.4,99.22,76.28
2014-09-01,0.0,33.08,22.14,99.15,60.26
2014-09-02,0.1,33.26,23.86,91.61,61.48
2014-09-03,12.16,30.28,22.61,98.29,77.06
2014-09-04,0.0,32.78,21.43,99.33,58.6
2014-09-05,0.0,34.35,24.19,83.62,58.39
2014-09-06,0.04,35.0,24.86,84.78,59.06
2014-09-07,0.0,34.69,23.08,93.22,54.6
2014-09-08,0.0,35.1,23.85,87.59,53.17
2014-09-09,7.68,32.25,24.05,93.2,65.13
2014-09-10,0.0,31.12,22.23,99.29,69.68
2014-09-11,9.92,33.06,22.26,98.86,60.31
2014-09-12,3.04,33.23,22.13,99.15,59.07
2014-09-13,0.1,33.73,23.36,93.9,59.45
2014-09-14,2.63,33.46,22.95,99.07,61.78
2014-09-15,0.87,32.07,22.16,98.51,65.73
2014-09-16,1.17,29.37,22.17,98.99,76.0
2014-09-17,6.33,32.55,22.25,99.18,64.75
2014-09-18,16.11,32.9,22.24,99.1,60.61
2014-09-19,0.59,30.97,21.8,99.55,66.08
2014-09-20,0.57,30.93,21.65,99.56,65.0
2014-09-21,0.0,32.94,21.81,99.47,59.14
2014-09-22,10.06,31.74,23.0,96.89,71.19
2014-09-23,1.5,30.85,22.58,99.26,69.11
2014-09-24,0.0,32.31,22.14,99.08,64.75
2014-09-25,3.22,31.06,22.32,98.88,70.55
2014-09-26,0.0,33.08,22.36,98.99,59.78
2014-09-27,0.74,32.42,22.41,98.38,62.42
2014-09-28,0.0,33.84,22.94,96.03,56.35
2014-09-29,0.0,32.07,22.8,96.12,64.2
2014-09-30,16.39,33.67,21.87,98.09,58.5
2014-10-01,19.84,33.73,21.5,99.15,59.74
2014-10-02,5.44,30.15,21.77,99.17,77.55
2014-10-03,0.38,32.09,21.47,98.95,64.52
2014-10-04,0.0,33.42,21.68,98.89,59.8
2014-10-05,0.0,34.81,21.69,98.75,57.13
2014-10-06,1.21,32.25,23.01,98.32,67.74
2014-10-07,1.34,32.3,21.97,98.7,68.6
2014-10-08,2.09,31.9,21.68,98.85,68.17
2014-10-09,0.0,34.77,21.77,97.97,53.05
2014-10-10,0.05,33.24,22.81,99.07,62.78
2014-10-11,0.0,34.98,22.46,98.9,58.14
2014-10-12,0.0,35.41,22.97,97.23,55.14
2014-10-13,0.0,36.8,23.3,98.97,50.21
2014-10-14,0.03,35.4,23.71,98.74,54.58
2014-10-15,0.0,35.4,21.9,98.8,51.97
2014-10-16,1.1,34.75,22.84,99.41,54.95
2014-10-17,0.0,37.46,22.39,98.33,40.87
2014-10-18,0.23,36.92,23.58,89.64,45.94
2014-10-19,0.0,35.49,22.98,99.2,54.15
2014-10-20,0.0,35.96,21.42,98.21,45.36
2014-10-21,0.01,37.03,23.54,96.11,42.68
2014-10-22,0.01,38.88,25.11,81.88,34.07
2014-10-23,0.0,36.95,23.83,97.81,39.02
2014-10-24,0.0,35.82,22.34,98.46,42.08
2014-10-25,0.0,35.11,22.96,97.32,46.24
2014-10-26,0.0,34.98,22.68,97.41,49.82
2014-10-27,0.0,36.7,22.66,94.98,45.8
2014-10-28,0.45,36.01,23.26,94.07,43.23
2014-10-29,0.03,34.97,22.61,94.9,49.88
2014-10-30,0.0,34.25,22.0,96.58,51.41
2014-10-31,0.0,37.02,22.35,95.09,28.9
2014-11-01,0.0,38.31,20.43,77.81,27.12
2014-11-02,0.0,37.97,20.39,77.93,34.27
2014-11-03,0.0,36.6,20.39,94.34,43.67
2014-11-04,0.0,37.3,20.11,92.85,39.06
2014-11-05,0.0,38.93,21.24,92.06,27.42
2014-11-06,0.0,39.12,20.84,74.03,24.24
2014-11-07,0.0,39.27,21.32,70.68,23.88
2014-11-08,0.0,39.43,21.5,58.2,19.49
2014-11-09,0.0,38.79,20.7,51.66,18.51
2014-11-10,0.0,37.22,19.16,52.82,15.2
2014-11-11,0.0,36.43,17.81,47.09,17.02
2014-11-12,0.0,37.67,18.74,54.72,19.35
2014-11-13,0.0,38.7,19.29,54.0,17.77
2014-11-14,0.0,38.73,20.04,51.32,16.58
2014-11-15,0.0,39.16,20.11,48.95,14.41
2014-11-16,0.0,37.75,20.56,50.74,17.03
2014-11-17,0.0,38.37,19.87,74.27,20.58
2014-11-18,0.0,37.87,19.5,75.95,21.79
2014-11-19,0.0,33.85,19.94,72.74,26.62
2014-11-20,0.0,33.37,20.7,64.29,31.77
2014-11-21,0.0,35.33,19.07,68.13,28.91
2014-11-22,0.0,35.34,20.02,70.68,31.0
2014-11-23,0.0,36.6,20.21,70.35,30.98
2014-11-24,0.0,36.54,20.69,64.64,27.91
2014-11-25,0.0,37.4,19.7,59.44,21.17
2014-11-26,0.0,36.82,19.09,66.02,21.09
2014-11-27,0.0,36.94,18.91,55.48,22.89
2014-11-28,0.0,35.82,19.04,54.37,24.02
2014-11-29,0.0,31.8,17.87,56.47,26.62
2014-11-30,0.0,34.38,17.86,63.85,31.7
2014-12-01,0.0,34.87,18.8,72.26,37.36
2014-12-02,0.04,35.21,19.63,58.13,31.61
2014-12-03,0.0,37.22,20.33,58.84,30.49
2014-12-04,0.0,37.96,20.8,58.36,29.17
2014-12-05,0.0,38.18,20.17,48.97,25.83
2014-12-06,0.0,38.42,19.54,53.05,23.22
2014-12-07,0.0,37.64,19.41,51.56,21.36
2014-12-08,0.0,37.78,18.86,44.98,18.43
2014-12-09,0.0,34.3,18.06,33.93,18.3
2014-12-10,0.0,33.0,16.99,33.18,14.85
2014-12-11,0.0,32.74,16.44,25.21,13.22
2014-12-12,0.0,27.9,13.87,32.03,15.59
2014-12-13,0.0,30.81,13.78,33.5,13.02
2014-12-14,0.0,33.27,14.72,31.52,12.82
2014-12-15,0.0,34.39,17.12,29.81,13.77
2014-12-16,0.0,30.12,16.83,37.8,16.65
2014-12-17,0.0,32.54,15.25,42.81,19.46
2014-12-18,0.0,33.81,17.2,29.78,15.47
2014-12-19,0.0,32.0,15.84,25.66,14.89
2014-12-20,0.0,32.64,14.87,37.86,18.1
2014-12-21,0.0,33.28,14.71,36.94,17.64
2014-12-22,0.0,35.19,16.07,36.72,16.65
2014-12-23,0.0,37.23,18.18,36.33,11.85
2014-12-24,0.0,39.13,19.36,36.21,13.73
2014-12-25,0.0,38.06,19.21,29.75,12.19
2014-12-26,0.0,36.74,18.06,29.32,12.52
2014-12-27,0.0,33.07,16.21,32.05,15.29
2014-12-28,0.0,28.81,13.11,34.78,16.84
2014-12-29,0.0,30.2,11.62,34.53,14.76
2014-12-30,0.0,30.98,12.42,37.9,15.68
2014-12-31,0.0,33.22,14.29,33.31,13.51
2015-01-01,0.0,31.63,16.01,27.94,12.84
2015-01-02,0.0,30.71,14.54,26.62,13.1
2015-01-03,0.0,32.21,15.41,29.02,14.49
2015-01-04,0.0,31.92,16.65,23.39,11.86
2015-01-05,0.0,32.59,17.16,24.02,12.86
2015-01-06,0.0,32.76,14.78,29.09,13.16
2015-01-07,0.0,34.39,15.67,28.28,12.14
2015-01-08,0.0,33.89,16.61,23.18,14.18
2015-01-09,0.0,35.46,17.71,25.74,13.42
2015-01-10,0.0,36.07,18.89,29.93,12.58
2015-01-11,0.0,35.25,18.16,25.98,11.21
2015-01-12,0.0,34.71,17.18,28.7,12.37
2015-01-13,0.0,34.83,17.33,31.22,12.44
2015-01-14,0.0,36.5,17.64,32.29,12.13
2015-01-15,0.0,36.23,18.0,27.92,12.25
2015-01-16,0.0,36.25,18.14,31.01,12.17
2015-01-17,0.0,36.3,19.27,33.71,11.42
2015-01-18,0.0,36.49,18.07,29.23,12.5
2015-01-19,0.0,33.45,17.03,39.01,15.18
2015-01-20,0.0,34.85,16.47,39.68,13.62
2015-01-21,0.0,34.82,16.39,40.62,16.96
2015-01-22,0.0,33.74,17.98,39.04,17.5
2015-01-23,0.0,36.91,18.26,32.52,14.38
2015-01-24,0.0,36.48,18.9,32.71,13.0
2015-01-25,0.0,37.27,18.52,27.26,10.79
2015-01-26,0.0,33.45,17.5,22.14,10.8
2015-01-27,0.0,31.07,15.29,16.82,8.34
2015-01-28,0.0,33.31,15.34,16.0,8.27
2015-01-29,0.0,32.77,16.27,20.85,10.6
2015-01-30,0.0,34.03,15.91,24.74,10.13
2015-01-31,0.0,35.31,16.95,22.6,9.68
2015-02-01,0.0,35.19,17.75,29.13,10.28
2015-02-02,0.0,37.28,19.4,27.59,9.99
2015-02-03,0.0,37.34,20.72,27.75,11.47
2015-02-04,0.0,38.12,20.13,44.89,15.14
2015-02-05,0.0,39.14,20.77,43.91,14.52
2015-02-06,0.0,39.44,20.77,38.29,13.86
2015-02-07,0.0,40.07,21.49,34.1,13.66
2015-02-08,0.0,39.65,22.69,46.81,18.49
2015-02-09,0.0,38.91,21.0,41.75,14.93
2015-02-10,0.0,38.92,20.83,36.6,15.08
2015-02-11,0.0,39.67,21.34,35.67,15.01
2015-02-12,0.0,40.79,22.44,31.88,13.81
2015-02-13,0.0,39.96,22.06,37.44,15.86
2015-02-14,0.0,38.07,21.74,31.2,14.75
2015-02-15,0.0,38.99,20.42,30.55,12.55
2015-02-16,0.0,37.83,21.01,29.73,11.85
2015-02-17,0.0,37.54,21.06,25.3,12.3
2015-02-18,0.0,39.61,21.97,30.36,15.34
2015-02-19,0.0,37.59,21.14,37.07,20.8
2015-02-20,0.0,32.2,18.09,55.12,26.3
2015-02-21,0.0,32.26,16.13,45.59,21.57
2015-02-22,0.0,34.17,16.65,36.86,19.4
2015-02-23,0.0,36.56,17.68,32.45,16.17
2015-02-24,0.0,38.23,18.84,25.46,12.84
2015-02-25,0.0,38.72,19.26,26.93,12.17
2015-02-26,0.0,37.55,20.22,24.15,8.6
2015-02-27,0.0,34.49,19.21,16.83,7.14
2015-02-28,0.0,35.57,17.85,17.61,9.11
2015-03-01,0.0,36.48,18.88,20.81,9.66
2015-03-02,0.0,37.06,18.9,20.44,9.53
2015-03-03,0.0,37.37,19.97,26.97,11.24
2015-03-04,0.0,39.66,20.21,27.66,10.3
2015-03-05,0.0,39.58,21.79,46.9,16.59
2015-03-06,0.0,41.8,23.51,37.95,10.2
2015-03-07,0.0,41.72,23.53,22.89,9.44
2015-03-08,0.0,39.88,23.17,38.6,16.3
2015-03-09,0.0,37.25,22.73,55.31,25.31
2015-03-10,0.0,35.39,21.09,58.83,26.29
2015-03-11,0.0,40.08,22.18,44.09,17.27
2015-03-12,0.0,41.2,23.44,30.25,9.69
2015-03-13,0.0,41.74,24.03,25.29,11.27
2015-03-14,0.0,40.71,23.9,34.88,18.22
2015-03-15,0.0,40.67,24.85,36.4,13.84
2015-03-16,0.0,41.59,24.19,39.84,12.87
2015-03-17,0.0,42.33,24.08,27.31,9.39
2015-03-18,0.76,40.4,26.07,37.15,12.87
2015-03-19,0.0,40.99,25.18,53.14,20.14
2015-03-20,0.0,40.44,23.02,33.81,14.44
2015-03-21,0.0,39.38,24.64,27.98,12.08
2015-03-22,0.0,39.13,22.13,29.43,15.44
2015-03-23,0.0,36.59,22.16,38.73,21.26
2015-03-24,0.0,37.18,20.87,33.6,14.84
2015-03-25,0.0,37.26,20.33,32.53,15.79
2015-03-26,0.0,37.61,21.7,30.59,15.48
2015-03-27,0.0,40.95,22.67,27.68,12.62
2015-03-28,0.0,42.29,23.79,23.98,10.39
2015-03-29,0.0,39.44,23.79,20.11,11.25
2015-03-30,0.0,38.25,20.72,22.29,10.36
2015-03-31,0.0,39.95,20.44,24.19,9.62
2015-04-01,0.0,41.6,22.67,21.35,8.83
2015-04-02,0.0,43.23,24.0,18.83,6.43
2015-04-03,0.0,42.59,25.12,30.72,12.22
2015-04-04,0.0,42.4,25.54,43.71,16.39
2015-04-05,0.0,41.47,26.06,59.06,21.12
2015-04-06,0.0,41.15,25.81,60.5,19.12
2015-04-07,0.0,42.9,25.91,44.86,11.79
2015-04-08,0.0,44.03,27.03,26.07,10.7
2015-04-09,0.0,45.1,28.1,31.54,10.28
2015-04-10,0.0,44.55,27.87,32.31,13.79
2015-04-11,0.0,42.81,26.86,52.34,17.75
2015-04-12,0.0,44.2,27.15,38.34,10.05
2015-04-13,0.0,41.41,25.52,59.38,16.15
2015-04-14,0.0,42.61,27.83,66.31,31.38
2015-04-15,0.0,44.03,27.44,53.82,18.9
2015-04-16,0.0,42.33,27.65,59.26,22.73
2015-04-17,0.0,42.46,26.93,59.29,24.18
2015-04-18,0.0,43.7,27.08,42.54,15.58
2015-04-19,0.0,42.8,25.83,41.78,15.5
2015-04-20,0.0,42.28,25.54,45.11,17.98
2015-04-21,0.0,42.37,26.24,50.21,18.69
2015-04-22,0.0,42.96,26.45,44.94,16.74
2015-04-23,0.0,41.81,26.63,54.28,19.7
2015-04-24,0.0,42.0,26.0,62.41,20.27
2015-04-25,0.0,41.32,26.16,65.98,23.42
2015-04-26,0.0,41.74,26.61,64.58,24.74
2015-04-27,0.0,40.45,26.42,58.6,30.68
2015-04-28,0.0,41.9,26.31,66.93,33.34
2015-04-29,0.0,42.92,26.44,65.77,24.77
2015-04-30,0.0,43.96,27.89,50.2,18.03
2015-05-01,0.0,43.09,28.67,58.88,21.39
2015-05-02,0.0,41.96,27.95,60.37,21.86
2015-05-03,0.0,41.81,27.46,62.67,16.67
2015-05-04,0.0,42.08,26.58,51.52,11.68
2015-05-05,0.02,42.08,27.82,62.98,19.53
2015-05-06,0.0,38.61,28.11,66.3,32.86
2015-05-07,0.0,41.49,26.78,78.86,26.82
2015-05-08,0.0,42.76,28.33,73.11,27.84
2015-05-09,0.0,41.27,28.87,66.62,31.19
2015-05-10,0.0,40.05,27.48,73.51,35.62
2015-05-11,0.0,40.72,27.2,73.65,33.38
2015-05-12,0.0,42.47,28.34,64.7,23.7
2015-05-13,0.0,42.87,28.1,49.23,20.71
2015-05-14,0.06,43.95,28.69,46.58,19.13
2015-05-15,0.0,44.3,30.31,43.81,18.23
2015-05-16,0.0,42.59,29.42,55.4,24.42
2015-05-17,0.0,41.36,30.02,61.21,30.41
2015-05-18,0.0,42.5,29.26,65.38,30.8
2015-05-19,0.0,40.79,28.63,72.29,35.06
2015-05-20,0.0,42.7,27.92,83.05,24.83
2015-05-21,0.76,41.9,28.81,75.85,31.58
2015-05-22,0.0,41.57,29.32,69.14,20.32
2015-05-23,0.0,43.2,28.36,34.4,11.37
2015-05-24,0.0,42.15,27.32,54.66,15.19
2015-05-25,0.0,42.64,27.71,62.88,13.63
2015-05-26,0.0,44.09,27.97,37.16,13.16
2015-05-27,0.0,44.53,29.05,47.49,10.37
2015-05-28,0.0,44.68,28.09,28.67,9.31
2015-05-29,0.0,42.13,28.15,61.29,19.67
2015-05-30,0.0,42.33,29.2,63.7,27.18
2015-05-31,0.0,44.31,29.91,67.42,20.65
2015-06-01,0.0,42.65,29.35,60.11,23.41
2015-06-02,0.02,41.26,29.24,63.17,31.53
2015-06-03,0.0,41.59,27.9,68.32,17.73
2015-06-04,0.0,41.35,26.56,52.24,15.67
2015-06-05,0.0,39.95,26.61,51.42,21.92
2015-06-06,0.0,39.43,27.39,46.08,22.59
2015-06-07,0.0,42.59,27.95,43.97,16.42
2015-06-08,0.0,42.68,28.67,43.09,20.72
2015-06-09,0.0,40.94,28.39,64.78,29.79
2015-06-10,0.54,41.29,28.34,70.08,28.94
2015-06-11,0.06,40.93,28.37,69.02,28.12
2015-06-12,0.0,42.54,29.87,66.09,27.48
2015-06-13,0.0,42.89,30.99,58.08,24.93
2015-06-14,0.0,41.48,28.37,70.17,28.41
2015-06-15,7.12,41.19,28.65,71.65,33.16
2015-06-16,0.46,38.51,27.1,90.64,42.91
2015-06-17,0.0,35.2,24.38,94.6,47.91
2015-06-18,0.14,38.77,25.82,83.17,33.69
2015-06-19,0.0,38.7,27.41,78.25,39.09
2015-06-20,5.55,39.3,27.47,85.93,38.81
2015-06-21,0.48,33.41,24.87,94.06,58.17
2015-06-22,0.02,34.07,24.62,86.37,50.37
2015-06-23,0.58,34.96,24.72,85.18,47.11
2015-06-24,0.0,33.67,25.49,88.85,53.93
2015-06-25,0.0,33.93,25.06,88.23,50.9
2015-06-26,0.02,35.08,24.63,90.97,37.82
2015-06-27,0.0,36.25,25.01,75.79,33.22
2015-06-28,0.0,36.28,26.09,75.67,38.25
2015-06-29,1.67,37.22,27.17,75.5,40.69
2015-06-30,17.86,35.32,25.36,92.08,47.55
2015-07-01,0.0,32.32,22.8,96.34,55.9
2015-07-02,0.0,35.08,23.65,89.73,45.02
2015-07-03,0.92,34.18,24.64,85.39,50.86
2015-07-04,0.0,35.08,25.05,86.89,44.0
2015-07-05,1.0,34.86,25.47,79.53,49.2
2015-07-06,7.57,32.3,24.17,96.08,59.33
2015-07-07,12.93,32.64,23.91,95.66,59.35
2015-07-08,15.06,30.48,24.06,98.88,66.57
2015-07-09,0.06,32.48,23.62,98.26,61.75
2015-07-10,22.79,32.98,23.32,96.51,55.49
2015-07-11,13.19,32.2,24.39,94.89,70.29
2015-07-12,7.61,32.71,23.66,98.65,58.11
2015-07-13,0.0,33.84,23.82,95.9,57.26
2015-07-14,5.21,32.01,24.02,94.38,57.63
2015-07-15,0.93,33.24,23.77,96.74,55.57
2015-07-16,0.0,34.53,24.64,92.14,49.67
2015-07-17,0.0,32.94,25.11,89.16,60.0
2015-07-18,17.38,34.35,24.3,90.79,55.6
2015-07-19,0.0,34.45,23.54,98.71,53.31
2015-07-20,0.0,33.59,24.75,90.4,55.22
2015-07-21,0.0,33.61,25.4,88.68,58.64
2015-07-22,0.0,34.52,24.36,90.06,52.04
2015-07-23,0.0,34.33,24.83,85.63,52.9
2015-07-24,0.0,34.03,24.62,90.24,52.24
2015-07-25,20.26,30.84,23.8,98.07,69.98
2015-07-26,0.0,31.03,22.61,98.77,63.94
2015-07-27,9.91,28.77,23.09,97.36,80.89
2015-07-28,0.08,32.07,22.11,98.85,59.3
2015-07-29,2.3,31.82,24.04,93.59,59.77
2015-07-30,3.83,32.56,22.88,97.52,61.15
2015-07-31,0.04,32.86,23.27,93.67,57.44
2015-08-01,6.25,29.79,22.39,98.16,66.89
2015-08-02,0.16,29.61,22.84,99.36,73.99
2015-08-03,0.01,33.1,22.99,98.61,59.83
2015-08-04,0.65,33.01,23.4,97.03,63.61
2015-08-05,0.01,33.25,23.08,95.61,57.95
2015-08-06,0.0,32.32,24.35,85.29,60.5
2015-08-07,30.15,30.75,24.14,96.18,67.75
2015-08-08,0.74,28.84,22.86,99.4,76.24
2015-08-09,3.78,30.8,22.64,98.3,65.56
2015-08-10,1.15,33.34,23.23,93.84,58.98
2015-08-11,4.05,33.46,23.93,96.35,63.47
2015-08-12,16.27,28.11,22.98,99.15,82.37
2015-08-13,0.0,32.71,23.14,99.23,65.67
2015-08-14,8.98,29.9,24.21,99.24,79.91
2015-08-15,3.85,33.47,23.55,97.94,61.79
2015-08-16,5.43,31.48,24.35,97.86,67.73
2015-08-17,1.54,31.38,22.78,98.37,70.17
2015-08-18,18.69,32.81,23.34,98.98,61.29
2015-08-19,19.39,28.89,23.35,99.49,85.03
2015-08-20,9.02,31.28,22.86,99.29,68.79
2015-08-21,5.96,31.7,23.38,99.31,67.59
2015-08-22,1.83,31.03,23.42,99.19,70.86
2015-08-23,0.0,32.71,22.77,99.02,59.97
2015-08-24,0.0,33.93,22.65,96.5,58.92
2015-08-25,17.88,31.34,24.07,96.74,67.73
2015-08-26,0.0,32.9,22.39,98.02,59.66
2015-08-27,18.9,33.27,25.17,86.42,60.34
2015-08-28,0.35,32.37,23.45,97.67,63.52
2015-08-29,5.87,33.89,23.37,98.26,58.41
2015-08-30,10.69,32.56,23.37,96.96,60.66
2015-08-31,19.43,31.03,22.6,99.21,64.23
2015-09-01,2.72,27.5,22.19,99.62,84.41
2015-09-02,1.13,32.18,22.21,99.44,66.81
2015-09-03,1.16,33.14,23.23,98.59,64.14
2015-09-04,6.94,33.45,22.98,99.43,61.82
2015-09-05,29.09,31.22,23.57,98.27,69.18
2015-09-06,0.35,29.2,22.42,99.38,77.06
2015-09-07,12.93,32.76,21.85,99.5,67.0
2015-09-08,0.0,33.55,22.31,99.49,59.45
2015-09-09,10.98,32.46,24.27,98.6,65.81
2015-09-10,0.0,31.22,22.92,99.32,72.67
2015-09-11,2.15,32.97,22.59,99.13,61.3
2015-09-12,2.12,32.99,23.27,98.92,64.29
2015-09-13,0.0,32.54,22.85,98.91,66.14
2015-09-14,0.01,34.02,23.28,99.36,58.77
2015-09-15,2.6,33.77,23.75,93.49,58.15
2015-09-16,0.0,32.22,22.84,98.67,64.54
2015-09-17,0.0,32.68,22.72,98.26,62.03
2015-09-18,0.0,33.46,23.45,95.11,60.81
2015-09-19,0.0,33.43,23.1,98.41,62.96
2015-09-20,7.01,31.95,23.05,98.75,63.48
2015-09-21,7.05,31.99,22.66,98.8,66.26
2015-09-22,11.26,29.82,22.5,99.44,80.02
2015-09-23,20.57,32.56,22.43,99.37,63.29
2015-09-24,7.59,32.69,22.47,99.33,64.69
2015-09-25,0.0,33.2,23.58,97.0,63.89
2015-09-26,8.66,33.65,23.49,99.35,60.43
2015-09-27,0.52,30.25,22.85,99.07,72.72
2015-09-28,2.92,31.59,22.46,99.12,68.05
2015-09-29,2.06,30.97,22.7,99.19,71.41
2015-09-30,5.98,32.9,22.67,99.05,62.7
2015-10-01,1.46,32.29,22.53,99.1,69.35
2015-10-02,0.0,34.71,22.44,99.02,57.73
2015-10-03,0.0,34.11,23.3,98.1,66.91
2015-10-04,0.02,33.92,22.58,98.8,63.88
2015-10-05,0.32,35.23,22.97,98.97,58.25
2015-10-06,29.76,32.44,22.67,98.56,66.7
2015-10-07,0.35,31.81,21.12,99.54,69.81
2015-10-08,1.72,34.42,22.63,99.2,56.49
2015-10-09,0.0,32.95,22.69,99.04,66.54
2015-10-10,1.61,33.86,22.55,99.06,59.92
2015-10-11,0.0,32.6,22.6,99.15,68.36
2015-10-12,13.03,33.14,22.3,99.1,63.59
2015-10-13,7.76,33.03,21.98,99.18,66.66
2015-10-14,3.28,32.44,22.12,99.35,68.54
2015-10-15,0.0,33.04,22.12,99.25,63.11
2015-10-16,0.0,33.53,22.62,99.18,60.28
2015-10-17,0.14,33.65,22.49,98.52,59.16
2015-10-18,0.01,33.58,22.39,98.71,63.08
2015-10-19,0.0,33.29,22.56,97.7,59.44
2015-10-20,0.45,32.68,22.12,97.86,61.4
2015-10-21,0.05,32.54,21.62,98.56,58.25
2015-10-22,2.29,31.98,21.77,98.73,60.87
2015-10-23,0.0,32.97,21.79,98.53,62.77
2015-10-24,0.0,34.23,22.35,98.71,52.56
2015-10-25,0.0,33.24,22.74,97.72,55.87
2015-10-26,1.21,33.5,22.16,98.15,56.63
2015-10-27,0.0,32.66,21.6,98.13,61.68
2015-10-28,0.0,34.5,21.96,99.16,49.61
2015-10-29,0.0,33.57,22.87,98.89,56.44
2015-10-30,0.0,33.43,22.04,98.23,60.97
2015-10-31,0.0,33.21,21.91,98.38,56.55
2015-11-01,0.0,32.85,20.31,98.95,63.55
2015-11-02,0.0,31.76,19.32,96.54,65.36
2015-11-03,0.02,33.4,19.56,96.82,58.11
2015-11-04,0.0,36.11,20.13,97.8,40.89
2015-11-05,0.0,36.03,20.26,96.56,33.23
2015-11-06,0.0,35.42,19.48,89.44,32.3
2015-11-07,0.0,35.32,19.83,93.15,33.29
2015-11-08,0.0,34.76,19.32,93.63,34.65
2015-11-09,0.0,34.24,19.17,90.12,33.16
2015-11-10,0.0,33.72,18.47,91.59,34.04
2015-11-11,0.0,34.15,18.56,91.54,34.9
2015-11-12,0.0,33.82,19.75,96.49,45.76
2015-11-13,0.0,35.43,19.89,96.71,36.53
2015-11-14,0.0,36.07,21.15,88.78,31.82
2015-11-15,0.0,33.46,18.79,84.19,27.73
2015-11-16,0.0,31.22,16.01,65.03,25.92
2015-11-17,0.0,30.72,16.37,70.79,29.86
2015-11-18,0.0,32.44,16.71,76.65,29.04
2015-11-19,0.0,31.87,17.12,58.48,28.17
2015-11-20,0.0,33.22,16.74,59.25,26.08
2015-11-21,0.0,33.82,17.26,68.44,26.12
2015-11-22,0.0,34.25,18.18,57.59,25.74
2015-11-23,0.0,34.14,19.39,65.04,30.34
2015-11-24,0.0,35.35,19.15,81.26,31.61
2015-11-25,0.0,34.89,18.85,54.0,24.67
2015-11-26,0.0,31.59,18.83,47.9,26.24
2015-11-27,0.0,33.51,17.88,56.39,24.78
2015-11-28,0.0,33.96,18.05,59.85,24.06
2015-11-29,0.0,31.97,17.23,41.28,18.15
2015-11-30,0.0,31.04,16.6,34.44,15.13
2015-12-01,0.0,32.19,15.83,44.65,19.16
2015-12-02,0.0,31.97,15.76,53.52,23.93
2015-12-03,0.0,34.84,17.36,49.72,25.09
2015-12-04,0.0,34.5,17.49,52.03,26.58
2015-12-05,0.0,33.32,16.65,50.02,23.57
2015-12-06,0.0,32.5,15.62,51.29,24.95
2015-12-07,0.0,33.71,16.37,54.45,24.54
2015-12-08,0.0,33.3,16.43,64.7,26.69
2015-12-09,0.0,33.28,16.07,56.74,25.34
2015-12-10,0.0,33.34,16.18,50.64,22.98
2015-12-11,0.0,31.51,17.37,45.43,24.56
2015-12-12,0.0,32.72,16.36,50.98,21.98
2015-12-13,0.0,32.48,15.79,50.59,20.73
2015-12-14,0.0,33.04,16.02,59.76,24.55
2015-12-15,0.0,34.39,17.4,57.52,20.69
2015-12-16,0.0,33.9,15.85,46.9,19.16
2015-12-17,0.0,29.89,14.99,41.74,20.32
2015-12-18,0.0,33.06,14.37,45.74,19.87
2015-12-19,0.0,32.9,15.63,42.9,18.21
2015-12-20,0.0,32.49,15.01,47.19,21.78
2015-12-21,0.0,32.28,15.86,46.19,23.45
2015-12-22,0.0,34.41,16.32,58.52,23.25
2015-12-23,0.0,34.15,17.11,59.67,23.94
2015-12-24,0.0,32.84,16.83,41.53,20.69
2015-12-25,0.0,33.83,16.64,44.28,20.56
2015-12-26,0.0,33.57,17.1,39.95,17.72
2015-12-27,0.04,32.01,17.61,37.08,18.23
2015-12-28,0.17,29.3,16.34,55.01,25.69
2015-12-29,0.0,31.65,16.2,38.39,20.59
2015-12-30,0.0,32.41,16.65,39.53,20.09
2015-12-31,0.0,32.89,16.36,42.98,20.31
2016-01-01,0.0,33.54,18.52,42.3,21.57
2016-01-02,0.0,32.59,18.93,37.4,22.82
2016-01-03,0.15,30.05,19.0,44.76,23.87
2016-01-04,0.0,28.92,16.76,94.53,23.4
2016-01-05,0.03,24.21,14.82,93.25,56.3
2016-01-06,0.0,28.96,13.76,94.13,46.32
2016-01-07,0.0,31.02,15.42,89.31,50.21
2016-01-08,0.0,32.82,17.14,85.18,40.76
2016-01-09,0.0,34.85,18.22,76.11,37.59
2016-01-10,0.0,35.56,19.32,64.58,29.32
2016-01-11,0.0,36.46,19.14,57.3,25.15
2016-01-12,0.0,36.35,19.15,49.11,21.14
2016-01-13,0.0,34.97,20.36,42.35,20.37
2016-01-14,0.0,37.15,19.55,39.52,17.95
2016-01-15,0.0,35.7,18.48,43.13,18.61
2016-01-16,0.0,36.55,18.16,43.14,15.46
2016-01-17,0.0,36.42,17.89,42.57,15.7
2016-01-18,0.0,37.08,18.56,44.63,16.31
2016-01-19,0.0,36.44,18.73,39.2,16.7
2016-01-20,0.0,36.46,19.89,39.53,18.82
2016-01-21,0.0,34.44,20.37,34.43,18.18
2016-01-22,0.0,33.86,19.78,35.31,17.45
2016-01-23,0.0,34.95,18.89,36.35,18.2
2016-01-24,0.0,34.84,19.36,30.2,13.97
2016-01-25,0.0,37.34,19.41,29.5,15.15
2016-01-26,0.0,34.04,19.81,26.06,15.61
2016-01-27,0.0,33.83,20.51,32.02,17.23
2016-01-28,0.0,33.73,17.01,69.59,26.07
2016-01-29,0.0,35.31,16.91,53.56,19.09
2016-01-30,0.0,35.69,18.02,36.82,16.16
2016-01-31,0.0,35.52,17.55,31.81,16.03
2016-02-01,0.0,33.49,17.8,34.25,19.56
2016-02-02,0.0,31.98,17.17,33.46,17.6
2016-02-03,0.0,33.26,16.46,35.61,16.78
2016-02-04,0.0,35.41,17.33,35.93,17.49
2016-02-05,0.0,37.07,18.62,34.97,15.7
2016-02-06,0.0,37.74,19.54,33.55,15.36
2016-02-07,0.0,38.1,19.88,31.73,14.44
2016-02-08,0.0,37.14,20.09,30.84,16.39
2016-02-09,0.0,36.19,19.8,27.54,16.84
2016-02-10,0.0,35.58,18.72,34.04,15.88
2016-02-11,0.0,37.16,19.06,35.81,15.16
2016-02-12,0.0,37.38,19.29,31.07,14.88
2016-02-13,0.0,36.72,18.3,32.11,16.54
2016-02-14,0.0,37.6,19.8,31.63,16.94
2016-02-15,0.0,37.23,19.25,37.42,15.22
2016-02-16,0.0,34.64,17.43,47.79,22.72
2016-02-17,0.0,31.59,16.9,43.65,25.62
2016-02-18,0.0,34.76,17.21,37.75,17.68
2016-02-19,0.0,35.07,17.03,26.61,15.46
2016-02-20,0.0,31.12,17.58,30.63,17.63
2016-02-21,0.0,35.39,18.92,35.11,15.68
2016-02-22,0.0,34.55,19.64,29.34,14.79
2016-02-23,0.0,38.4,20.94,26.55,12.2
2016-02-24,0.0,39.51,20.61,25.98,12.15
2016-02-25,0.0,39.78,21.32,27.29,10.36
2016-02-26,0.0,40.78,21.59,28.15,9.76
2016-02-27,0.0,38.82,21.07,25.37,11.5
2016-02-28,0.0,35.07,19.81,26.86,13.94
2016-02-29,0.0,34.03,19.06,40.11,22.0
2016-03-01,0.0,38.15,21.75,36.69,17.15
2016-03-02,0.0,39.78,23.33,35.02,15.25
2016-03-03,0.0,37.24,21.52,19.74,9.0
2016-03-04,0.0,37.85,20.62,23.6,9.26
2016-03-05,0.0,40.14,22.07,27.56,9.3
2016-03-06,0.0,40.49,23.23,26.14,10.32
2016-03-07,0.0,40.34,23.22,33.72,14.1
2016-03-08,0.0,39.96,22.95,33.98,16.57
2016-03-09,0.0,39.87,23.38,35.11,15.13
2016-03-10,0.0,40.35,22.99,36.13,14.35
2016-03-11,0.0,39.21,23.16,35.58,16.66
2016-03-12,0.0,40.07,22.87,32.55,13.34
2016-03-13,0.0,39.38,22.65,33.05,12.74
2016-03-14,0.0,38.72,22.4,36.75,18.9
2016-03-15,0.0,40.09,23.42,46.17,17.86
2016-03-16,0.0,41.88,24.2,29.62,11.54
2016-03-17,0.0,41.8,24.64,31.64,10.53
2016-03-18,0.0,41.99,24.42,29.51,8.8
2016-03-19,0.0,41.68,23.38,20.92,7.04
2016-03-20,0.0,39.09,23.03,63.1,11.81
2016-03-21,0.0,40.47,22.79,36.35,11.27
2016-03-22,0.0,38.78,23.25,27.4,13.89
2016-03-23,0.0,38.2,21.81,31.81,12.49
2016-03-24,0.0,36.33,20.99,28.34,14.0
2016-03-25,0.0,36.58,21.36,34.82,16.4
2016-03-26,0.0,38.24,20.55,29.38,13.01
2016-03-27,0.0,39.21,21.57,23.24,11.77
2016-03-28,0.0,40.69,22.23,24.59,11.33
2016-03-29,0.0,42.26,23.8,28.88,10.27
2016-03-30,0.0,39.7,23.45,30.65,12.0
2016-03-31,0.0,35.45,21.44,47.05,21.2
2016-04-01,0.0,39.22,23.01,36.25,16.13
2016-04-02,0.0,41.32,24.02,32.39,15.83
2016-04-03,0.0,40.78,24.26,33.96,13.92
2016-04-04,0.0,43.04,26.63,28.12,13.33
2016-04-05,0.0,42.44,27.23,29.57,16.05
2016-04-06,0.0,40.54,25.69,27.3,15.0
2016-04-07,0.0,39.59,23.51,45.03,21.85
2016-04-08,0.0,37.9,23.33,50.85,25.15
2016-04-09,0.0,39.36,22.49,50.28,24.38
2016-04-10,0.03,39.46,23.46,47.24,23.58
2016-04-11,0.0,41.74,24.34,41.34,19.63
2016-04-12,0.0,44.24,27.68,31.43,12.99
2016-04-13,0.0,44.8,28.67,33.62,16.02
2016-04-14,0.0,45.33,30.11,23.01,10.37
2016-04-15,0.0,42.75,27.65,61.71,17.83
2016-04-16,0.0,43.73,28.69,53.72,18.6
2016-04-17,0.0,44.45,29.62,41.34,18.67
2016-04-18,0.0,44.23,29.09,43.36,20.55
2016-04-19,0.0,43.09,28.68,64.66,27.25
2016-04-20,0.0,44.25,29.22,60.97,23.54
2016-04-21,0.0,44.37,29.15,58.51,23.38
2016-04-22,0.0,44.22,28.82,58.18,22.57
2016-04-23,0.41,42.67,28.42,71.02,31.83
2016-04-24,0.0,40.42,27.6,69.92,39.19
2016-04-25,0.0,41.76,27.52,62.34,31.31
2016-04-26,0.0,42.19,27.73,55.82,26.29
2016-04-27,0.0,41.63,26.85,55.43,22.89
2016-04-28,0.0,42.5,28.04,54.01,26.72
2016-04-29,0.0,41.92,26.76,48.43,23.91
2016-04-30,0.0,42.45,27.24,42.25,20.44
2016-05-01,0.0,44.8,28.74,44.19,18.21
2016-05-02,0.0,43.0,29.12,58.51,27.68
2016-05-03,0.0,39.32,27.94,79.84,38.61
2016-05-04,0.0,40.88,28.12,71.82,32.33
2016-05-05,0.0,42.18,29.18,54.58,24.31
2016-05-06,0.0,41.39,28.18,55.84,22.7
2016-05-07,0.0,41.49,28.74,42.54,22.95
2016-05-08,0.0,41.29,28.17,53.39,26.63
2016-05-09,0.0,39.8,27.95,48.76,25.95
2016-05-10,0.0,43.99,27.67,59.98,22.55
2016-05-11,0.0,43.9,29.88,45.67,19.47
2016-05-12,0.0,45.54,31.45,43.24,19.64
2016-05-13,0.0,45.38,30.26,49.42,21.4
2016-05-14,0.0,42.67,29.88,63.15,26.07
2016-05-15,0.0,41.65,29.16,65.35,32.41
2016-05-16,0.0,41.3,28.15,72.64,23.58
2016-05-17,0.0,42.97,26.88,50.6,17.0
2016-05-18,0.0,42.27,26.85,52.17,25.09
2016-05-19,0.14,41.02,28.61,70.76,34.77
2016-05-20,0.0,39.53,26.85,78.15,31.49
2016-05-21,0.0,40.88,26.78,54.36,19.27
2016-05-22,0.0,41.06,27.34,52.28,21.68
2016-05-23,0.0,42.8,28.02,45.8,19.31
2016-05-24,0.0,42.13,27.65,50.23,21.74
2016-05-25,0.01,41.61,27.48,53.31,22.91
2016-05-26,0.0,38.34,28.14,64.18,31.41
2016-05-27,0.84,42.06,27.1,83.67,28.88
2016-05-28,0.0,42.36,27.85,75.75,27.53
2016-05-29,0.0,45.14,30.1,54.21,19.28
2016-05-30,0.0,40.98,28.5,69.33,32.98
2016-05-31,0.16,40.12,26.78,81.33,39.06
2016-06-01,0.36,41.15,28.18,77.42,31.36
2016-06-02,0.08,39.98,28.38,73.02,29.82
2016-06-03,0.0,43.31,29.46,61.99,29.57
2016-06-04,0.0,39.52,26.6,86.13,48.76
2016-06-05,0.0,36.96,26.03,86.27,53.68
2016-06-06,0.0,38.57,26.27,84.25,37.67
2016-06-07,0.16,39.69,27.09,82.95,33.35
2016-06-08,0.0,39.67,26.94,78.92,34.02
2016-06-09,0.0,39.69,28.18,68.92,32.17
2016-06-10,0.07,37.41,23.93,85.26,43.96
2016-06-11,2.38,37.12,26.9,75.73,45.6
2016-06-12,0.16,34.35,24.57,91.44,57.15
2016-06-13,0.0,36.57,25.34,86.38,41.79
2016-06-14,0.0,37.43,26.22,80.41,41.59
2016-06-15,0.0,37.62,26.21,82.74,44.83
2016-06-16,0.0,37.53,26.78,77.42,40.11
2016-06-17,0.18,37.73,26.55,61.94,33.86
2016-06-18,6.87,37.47,26.97,85.4,43.81
2016-06-19,0.0,39.17,25.86,88.97,40.2
2016-06-20,0.0,40.41,27.8,69.01,24.77
2016-06-21,0.0,37.83,27.52,63.95,34.38
2016-06-22,0.0,36.73,27.16,77.79,46.35
2016-06-23,15.64,36.59,26.82,88.2,50.02
2016-06-24,0.05,33.43,23.24,97.88,63.56
2016-06-25,8.55,33.51,23.5,96.92,61.62
2016-06-26,0.08,33.82,24.93,96.88,60.8
2016-06-27,10.19,34.81,24.81,96.82,58.8
2016-06-28,0.0,34.59,24.34,95.9,58.78
2016-06-29,2.44,35.92,24.98,93.22,51.18
2016-06-30,2.99,34.04,24.65,97.47,61.0
2016-07-01,0.0,34.2,23.55,97.67,51.84
2016-07-02,2.22,34.29,23.89,93.39,52.87
2016-07-03,0.0,31.85,25.32,94.02,56.32
2016-07-04,3.73,30.83,23.93,93.6,66.52
2016-07-05,0.0,34.13,24.07,96.21,50.75
2016-07-06,0.0,34.52,25.05,91.97,48.36
2016-07-07,0.0,34.95,25.44,81.13,51.32
2016-07-08,0.96,35.12,24.77,90.15,49.65
2016-07-09,2.17,32.22,23.88,93.69,59.12
2016-07-10,0.0,33.13,23.51,94.12,50.3
2016-07-11,0.0,33.18,24.12,83.87,45.19
2016-07-12,0.03,33.96,24.22,78.97,50.06
2016-07-13,0.0,31.48,24.36,81.79,55.41
2016-07-14,8.92,33.27,23.62,87.92,50.77
2016-07-15,2.82,31.93,23.43,94.73,57.25
2016-07-16,0.1,34.05,24.19,85.19,47.7
2016-07-17,0.0,33.28,24.72,89.46,54.5
2016-07-18,12.42,34.19,24.47,92.03,50.36
2016-07-19,11.53,30.56,24.0,98.19,66.16
2016-07-20,51.58,30.71,23.6,99.49,65.42
2016-07-21,5.58,30.53,22.22,98.39,69.18
2016-07-22,0.0,30.55,22.64,97.69,64.81
2016-07-23,15.86,29.91,23.06,98.28,73.31
2016-07-24,27.74,28.6,23.03,99.23,76.19
2016-07-25,1.97,29.81,22.55,99.05,69.13
2016-07-26,7.95,33.61,22.58,98.76,56.94
2016-07-27,0.21,31.25,23.24,99.21,66.69
2016-07-28,0.04,33.52,23.91,98.39,58.0
2016-07-29,1.67,33.6,24.27,92.57,56.15
2016-07-30,8.19,32.97,23.52,99.13,61.05
2016-07-31,13.93,31.88,23.79,99.21,73.11
2016-08-01,0.0,32.95,23.25,98.93,61.55
2016-08-02,0.0,33.79,23.0,98.35,62.47
2016-08-03,0.0,32.63,24.64,93.47,63.86
2016-08-04,2.33,31.79,23.99,96.37,65.94
2016-08-05,16.36,28.44,22.69,99.15,75.34
2016-08-06,0.16,33.23,22.22,99.27,58.45
2016-08-07,0.27,31.92,24.5,95.09,64.34
2016-08-08,0.0,33.71,23.81,97.72,53.09
2016-08-09,0.07,31.97,24.06,92.25,63.09
2016-08-10,6.93,28.63,23.5,98.64,80.22
2016-08-11,23.01,28.17,22.81,99.45,80.69
2016-08-12,0.11,32.99,22.59,99.35,62.23
2016-08-13,1.4,30.97,23.36,98.96,71.3
2016-08-14,0.22,32.87,22.84,99.46,63.8
2016-08-15,33.36,33.26,23.76,89.01,59.96
2016-08-16,17.67,31.14,23.0,97.69,65.75
2016-08-17,2.72,31.28,22.64,99.51,71.2
2016-08-18,0.02,32.7,23.33,99.48,64.02
2016-08-19,65.1,30.63,23.37,98.83,69.47
2016-08-20,6.4,29.82,22.96,99.59,78.15
2016-08-21,0.0,34.15,23.09,99.44,59.46
2016-08-22,6.41,31.73,23.13,98.61,73.43
2016-08-23,0.0,33.05,23.38,98.78,62.76
2016-08-24,0.0,32.96,23.94,96.88,63.06
2016-08-25,0.27,33.74,24.52,91.06,59.9
2016-08-26,12.34,30.21,23.48,99.23,80.32
2016-08-27,10.84,29.11,22.8,99.73,81.32
2016-08-28,0.0,28.74,22.8,99.55,78.63
2016-08-29,8.48,28.51,22.67,99.51,84.77
2016-08-30,0.03,30.73,22.87,99.19,70.19
2016-08-31,6.06,30.58,23.08,99.26,71.57
2016-09-01,2.49,32.76,22.13,99.51,62.58
2016-09-02,6.55,33.32,22.38,99.46,64.38
2016-09-03,0.0,32.49,22.59,99.27,69.66
2016-09-04,0.0,32.35,23.07,99.38,67.81
2016-09-05,8.9,33.81,23.28,99.37,64.91
2016-09-06,0.63,32.18,22.85,99.35,70.19
2016-09-07,2.9,33.5,22.29,98.98,63.5
2016-09-08,0.0,33.31,23.96,96.92,66.5
2016-09-09,10.0,31.19,23.12,99.46,78.2
2016-09-10,10.65,32.71,22.51,99.53,66.76
2016-09-11,38.0,33.2,22.14,99.53,62.55
2016-09-12,4.97,30.38,22.02,99.32,74.25
2016-09-13,8.53,32.7,22.3,99.15,63.69
2016-09-14,1.74,32.41,22.7,95.56,65.76
2016-09-15,12.89,33.27,22.99,99.42,63.34
2016-09-16,0.56,28.91,22.37,99.51,84.2
2016-09-17,1.56,29.63,22.18,98.82,76.36
2016-09-18,4.57,33.57,22.23,99.29,61.21
2016-09-19,0.02,32.49,21.9,99.08,66.53
2016-09-20,0.0,32.26,22.14,98.8,66.57
2016-09-21,0.0,32.85,22.88,98.54,65.31
2016-09-22,16.46,31.94,23.32,98.61,70.55
2016-09-23,0.53,33.0,22.87,98.26,65.97
2016-09-24,0.0,33.03,22.39,98.4,64.81
2016-09-25,0.68,32.27,22.37,98.21,65.32
2016-09-26,0.19,32.59,22.79,97.92,64.54
2016-09-27,0.05,32.23,22.87,98.13,64.88
2016-09-28,0.0,33.73,22.6,96.98,61.07
2016-09-29,1.0,31.66,22.28,98.45,70.67
2016-09-30,0.0,32.61,22.56,98.31,67.55
2016-10-01,0.0,32.43,22.61,99.02,68.87
2016-10-02,0.0,32.84,22.25,98.97,67.41
2016-10-03,0.0,33.79,22.21,98.95,61.58
2016-10-04,0.35,35.2,22.14,98.77,55.56
2016-10-05,1.03,33.86,23.49,99.26,56.97
2016-10-06,0.0,33.81,21.87,99.14,59.58
2016-10-07,0.0,34.02,22.12,98.79,55.9
2016-10-08,0.0,35.34,22.2,98.63,53.21
2016-10-09,0.01,33.87,23.46,98.68,62.82
2016-10-10,0.0,33.85,22.41,98.95,60.81
2016-10-11,0.31,33.97,21.71,98.71,60.18
2016-10-12,0.0,33.45,22.36,98.62,60.69
2016-10-13,0.0,34.4,22.49,98.91,59.45
2016-10-14,0.0,33.39,22.49,98.52,63.68
2016-10-15,0.0,31.96,22.42,98.62,72.24
2016-10-16,0.0,30.91,21.43,99.22,67.09
2016-10-17,0.05,32.1,21.75,98.04,64.39
2016-10-18,0.0,30.88,21.92,97.68,69.01
2016-10-19,0.0,31.44,21.7,98.6,65.17
2016-10-20,0.0,30.29,21.53,98.45,69.15
2016-10-21,0.0,28.88,21.52,98.34,74.19
2016-10-22,0.0,33.33,21.36,98.22,54.73
2016-10-23,0.0,29.69,21.77,97.33,70.84
2016-10-24,0.06,32.17,21.24,98.19,59.4
2016-10-25,0.0,30.01,21.33,98.39,64.72
2016-10-26,0.08,27.63,21.2,97.75,75.05
2016-10-27,0.0,31.42,20.84,97.49,58.13
2016-10-28,0.0,32.37,21.73,97.46,58.84
2016-10-29,0.0,33.64,22.03,97.93,51.96
2016-10-30,0.28,33.29,21.87,97.87,56.33
2016-10-31,0.0,31.91,21.39,98.01,58.26
2016-11-01,0.0,30.29,19.16,97.03,63.34
2016-11-02,0.0,29.19,18.56,97.3,65.62
2016-11-03,0.0,32.26,19.26,97.51,53.72
2016-11-04,0.0,29.2,19.08,93.0,59.89
2016-11-05,0.0,29.12,19.01,85.87,62.48
2016-11-06,0.0,29.87,17.9,89.27,55.98
2016-11-07,0.0,34.3,18.54,92.36,43.42
2016-11-08,0.0,35.09,20.27,95.24,41.81
2016-11-09,0.0,34.72,19.12,86.64,34.14
2016-11-10,0.0,33.14,18.66,85.69,34.7
2016-11-11,0.0,32.46,18.9,84.27,33.83
2016-11-12,0.0,29.72,16.94,82.04,31.63
2016-11-13,0.0,32.87,16.66,89.61,37.29
2016-11-14,0.0,32.93,18.75,93.11,43.89
2016-11-15,0.0,32.08,18.77,95.37,53.46
2016-11-16,0.0,33.95,18.44,91.9,44.86
2016-11-17,0.0,34.93,18.97,88.96,41.0
2016-11-18,0.0,34.95,19.97,93.01,38.38
2016-11-19,0.0,34.17,19.37,92.98,35.57
2016-11-20,0.0,32.67,17.52,78.05,29.27
2016-11-21,0.0,33.42,18.06,75.04,30.48
2016-11-22,0.0,34.69,18.82,85.39,34.86
2016-11-23,0.0,35.21,19.08,90.21,36.36
2016-11-24,0.0,34.69,19.49,94.41,41.65
2016-11-25,0.0,33.67,19.65,92.7,34.38
2016-11-26,0.0,35.19,19.43,79.59,33.99
2016-11-27,0.0,32.51,18.27,83.02,36.96
2016-11-28,0.0,33.16,18.73,77.7,38.53
2016-11-29,0.0,34.91,19.5,88.64,39.43
2016-11-30,0.0,33.26,18.32,87.07,46.77
2016-12-01,0.0,36.18,20.2,89.44,40.16
2016-12-02,0.0,36.78,19.35,75.14,33.13
2016-12-03,0.0,36.4,20.22,89.01,44.67
2016-12-04,0.0,37.39,20.63,90.28,35.86
2016-12-05,0.0,37.23,20.35,72.87,32.16
2016-12-06,0.0,36.86,20.01,79.43,30.6
2016-12-07,0.0,36.69,19.72,63.7,27.85
2016-12-08,0.0,35.96,18.4,61.23,28.84
2016-12-09,0.0,33.53,17.8,61.89,33.31
2016-12-10,0.0,30.57,16.73,67.08,35.53
2016-12-11,0.0,31.42,16.23,67.98,34.1
2016-12-12,0.0,33.93,17.27,66.3,29.68
2016-12-13,0.0,34.29,17.49,63.69,26.97
2016-12-14,0.0,30.68,16.91,55.69,28.26
2016-12-15,0.0,29.07,16.34,51.86,29.47
2016-12-16,0.0,27.24,14.32,57.15,28.42
2016-12-17,0.0,28.63,13.79,54.56,27.68
2016-12-18,0.0,27.67,15.36,58.1,33.01
2016-12-19,0.0,29.49,15.92,57.03,30.05
2016-12-20,0.0,29.13,15.39,48.73,26.4
2016-12-21,0.0,29.76,15.51,47.07,24.94
2016-12-22,0.0,29.27,15.85,39.52,20.58
2016-12-23,0.0,30.75,13.86,42.31,19.6
2016-12-24,0.0,30.42,14.31,41.95,20.87
2016-12-25,0.0,32.6,15.59,48.68,22.67
2016-12-26,0.0,32.95,16.75,48.34,23.34
2016-12-27,0.0,33.22,16.72,48.82,23.7
2016-12-28,0.0,33.66,16.73,51.12,24.49
2016-12-29,0.0,33.68,16.16,49.74,21.21
2016-12-30,0.0,33.62,16.02,42.88,21.4
2016-12-31,0.0,33.24,15.95,39.41,20.57
2017-01-01,0.0,34.59,17.62,46.74,21.76
2017-01-02,0.0,34.6,17.08,46.44,20.71
2017-01-03,0.0,34.64,17.65,42.13,21.69
2017-01-04,0.0,32.02,15.8,39.4,19.04
2017-01-05,0.0,30.21,13.57,38.67,18.78
2017-01-06,0.0,31.57,14.36,43.63,20.19
2017-01-07,0.0,34.78,15.35,49.05,20.68
2017-01-08,0.0,35.38,17.51,44.49,20.0
2017-01-09,0.0,34.24,18.95,41.92,18.64
2017-01-10,0.0,32.46,19.0,33.91,16.9
2017-01-11,0.0,31.82,15.71,36.33,16.53
2017-01-12,0.0,30.63,14.96,37.17,17.41
2017-01-13,0.0,31.11,15.14,29.24,15.97
2017-01-14,0.0,30.49,15.36,38.5,19.08
2017-01-15,0.0,33.29,15.81,44.96,20.61
2017-01-16,0.0,34.84,16.85,47.46,20.6
2017-01-17,0.0,35.58,18.33,45.75,21.14
2017-01-18,0.0,36.95,18.55,51.85,26.1
2017-01-19,0.0,36.32,19.28,58.44,23.57
2017-01-20,0.0,34.26,19.52,42.98,19.91
2017-01-21,0.0,33.86,18.67,39.64,23.39
2017-01-22,0.0,30.63,17.07,36.38,20.02
2017-01-23,0.0,31.74,15.92,43.52,22.06
2017-01-24,0.0,32.46,15.65,48.96,24.43
2017-01-25,0.0,34.31,16.08,36.92,17.2
2017-01-26,0.0,33.98,17.01,30.25,15.93
2017-01-27,0.0,33.74,17.12,28.79,15.62
2017-01-28,0.0,33.93,17.13,29.82,16.59
2017-01-29,0.0,34.13,17.5,29.88,14.76
2017-01-30,0.0,36.85,16.75,30.76,14.24
2017-01-31,0.0,35.49,17.44,31.51,14.57
2017-02-01,0.0,34.71,16.41,32.87,16.38
2017-02-02,0.0,32.63,14.96,37.51,20.47
2017-02-03,0.0,33.29,15.38,38.95,18.95
2017-02-04,0.0,34.41,18.64,31.39,15.84
2017-02-05,0.0,34.76,18.59,28.42,17.4
2017-02-06,0.0,35.78,18.35,29.49,16.01
2017-02-07,0.0,36.83,20.33,24.06,14.59
2017-02-08,0.0,35.75,19.16,26.22,14.66
2017-02-09,0.0,34.81,18.26,29.12,16.33
2017-02-10,0.0,35.79,19.03,29.56,14.99
2017-02-11,0.0,37.11,20.6,30.47,15.18
2017-02-12,0.0,36.77,21.3,31.3,17.4
2017-02-13,0.0,34.2,20.13,52.14,21.53
2017-02-14,0.0,38.59,20.56,54.66,21.45
2017-02-15,0.0,40.45,22.42,35.31,19.78
2017-02-16,0.0,40.56,22.25,34.8,20.46
2017-02-17,0.0,39.97,21.99,41.72,21.88
2017-02-18,0.0,40.22,22.44,50.09,23.31
2017-02-19,0.0,40.24,22.15,46.57,20.74
2017-02-20,0.0,40.37,21.35,41.74,19.92
2017-02-21,0.0,38.74,20.99,37.52,19.04
2017-02-22,0.0,39.52,20.98,41.47,20.74
2017-02-23,0.0,40.27,21.17,38.45,20.74
2017-02-24,0.0,39.09,21.48,42.07,23.27
2017-02-25,0.0,38.82,22.98,49.98,23.85
2017-02-26,0.0,39.73,22.14,47.36,21.79
2017-02-27,0.0,40.92,22.21,46.51,21.58
2017-02-28,0.0,41.59,22.84,44.55,18.03
2017-03-01,0.0,42.07,24.21,33.86,17.55
2017-03-02,0.0,41.22,24.19,40.31,21.02
2017-03-03,0.0,42.02,23.68,39.64,16.71
2017-03-04,0.0,42.18,24.1,32.19,14.8
2017-03-05,0.0,39.17,23.3,39.4,18.67
2017-03-06,0.0,40.24,21.89,38.55,18.9
2017-03-07,0.0,41.99,23.49,37.96,18.26
2017-03-08,0.0,41.2,24.1,33.59,14.97
2017-03-09,0.0,41.91,22.55,34.88,13.87
2017-03-10,0.0,41.74,21.95,36.96,16.29
2017-03-11,0.0,41.68,22.36,46.36,16.79
2017-03-12,0.0,41.45,22.46,40.9,16.9
2017-03-13,0.0,42.0,22.96,39.52,15.57
2017-03-14,0.0,40.28,22.95,55.48,19.24
2017-03-15,0.0,39.77,24.23,49.52,25.31
2017-03-16,0.0,40.93,23.43,48.33,19.95
2017-03-17,0.0,41.67,25.05,34.63,15.59
2017-03-18,0.0,39.19,23.94,39.03,20.7
2017-03-19,0.0,38.22,22.1,37.34,22.45
2017-03-20,0.0,39.34,22.59,38.33,23.99
2017-03-21,0.0,40.43,24.54,33.94,20.75
2017-03-22,0.0,42.22,23.39,33.6,18.47
2017-03-23,0.0,41.74,24.22,42.78,19.77
2017-03-24,0.0,41.72,24.34,42.12,20.97
2017-03-25,0.0,40.47,25.61,45.02,19.93
2017-03-26,0.0,41.71,25.44,46.23,21.38
2017-03-27,0.0,44.14,26.67,37.24,17.06
2017-03-28,0.0,44.18,26.59,40.51,18.4
2017-03-29,0.0,43.99,27.26,36.23,18.18
2017-03-30,0.0,41.79,26.28,70.91,24.37
2017-03-31,0.0,42.17,26.82,68.02,28.69
2017-04-01,0.0,43.55,28.01,49.5,18.48
2017-04-02,0.0,41.49,25.08,32.19,12.83
2017-04-03,0.0,40.87,22.65,52.03,18.3
2017-04-04,0.0,42.36,25.78,45.71,18.6
2017-04-05,0.0,43.39,24.28,44.34,19.49
2017-04-06,0.0,39.99,26.22,59.3,20.9
2017-04-07,0.0,41.6,24.2,38.02,15.73
2017-04-08,0.0,40.43,23.88,34.11,17.88
2017-04-09,0.0,40.43,24.41,33.45,17.66
2017-04-10,0.04,42.64,25.27,30.16,17.44
2017-04-11,0.0,41.29,28.73,39.54,23.04
2017-04-12,0.0,41.03,28.39,33.8,17.16
2017-04-13,0.0,41.67,24.97,25.73,16.12
2017-04-14,0.0,42.01,26.53,24.93,16.83
2017-04-15,0.0,41.9,26.07,27.86,15.74
2017-04-16,0.0,43.48,25.26,29.37,16.65
2017-04-17,0.0,43.63,26.17,31.08,14.08
2017-04-18,0.0,43.32,25.93,37.23,19.25
2017-04-19,0.0,42.14,26.58,43.96,25.43
2017-04-20,0.0,41.46,27.24,48.49,24.51
2017-04-21,0.0,42.22,27.24,39.85,22.22
2017-04-22,0.0,42.13,25.87,41.01,22.56
2017-04-23,0.0,42.16,25.8,51.56,18.29
2017-04-24,0.0,41.81,24.86,31.12,15.02
2017-04-25,0.0,42.42,25.86,31.95,15.93
2017-04-26,0.0,43.54,27.42,28.23,14.99
2017-04-27,0.0,42.94,27.08,56.31,17.65
2017-04-28,0.0,43.29,27.75,51.48,18.56
2017-04-29,0.0,41.89,28.87,40.77,19.55
2017-04-30,0.0,41.65,27.74,38.98,20.78
2017-05-01,0.71,44.41,28.68,41.94,16.73
2017-05-02,0.0,40.93,28.27,58.46,24.4
2017-05-03,0.0,40.78,27.84,53.81,20.7
2017-05-04,0.01,39.37,26.69,52.47,21.39
2017-05-05,0.0,41.88,26.38,44.04,21.55
2017-05-06,0.0,43.59,28.13,43.85,21.14
2017-05-07,0.0,42.79,29.55,57.24,27.38
2017-05-08,0.0,42.41,29.61,58.67,32.48
2017-05-09,0.2,39.7,27.71,80.43,44.26
2017-05-10,0.02,38.16,26.97,80.37,49.35
2017-05-11,0.0,39.44,26.72,77.49,36.23
2017-05-12,0.04,41.7,27.78,76.09,27.91
2017-05-13,0.0,42.0,28.31,72.31,36.89
2017-05-14,0.15,36.09,25.02,95.43,61.48
2017-05-15,0.0,38.87,25.78,87.64,39.99
2017-05-16,0.0,41.35,28.26,78.33,26.58
2017-05-17,0.0,40.05,27.83,71.76,35.2
2017-05-18,0.0,40.49,27.85,73.81,35.79
2017-05-19,0.0,40.39,27.97,75.04,38.12
2017-05-20,0.39,40.25,28.88,72.28,35.64
2017-05-21,0.0,41.56,28.49,74.43,31.54
2017-05-22,0.0,42.22,28.7,71.49,25.27
2017-05-23,0.01,41.62,29.09,69.92,28.36
2017-05-24,0.0,40.9,29.61,64.31,35.06
2017-05-25,0.0,40.6,28.8,74.18,35.13
2017-05-26,0.0,40.98,26.51,86.04,39.53
2017-05-27,0.06,38.15,27.33,81.83,51.36
2017-05-28,0.0,36.17,25.8,90.17,56.22
2017-05-29,5.3,39.1,25.9,81.88,50.8
2017-05-30,0.01,37.39,25.35,96.5,48.1
2017-05-31,0.0,40.15,27.26,87.5,42.91
2017-06-01,0.0,41.09,27.77,72.47,23.21
2017-06-02,0.0,41.36,26.63,54.04,22.84
2017-06-03,0.0,41.05,26.94,59.43,26.88
2017-06-04,0.0,38.69,27.8,61.9,29.41
2017-06-05,0.0,39.38,26.8,69.66,35.51
2017-06-06,4.58,39.98,27.83,72.5,35.44
2017-06-07,0.49,38.58,28.14,78.16,46.83
2017-06-08,13.95,37.42,26.59,87.16,49.14
2017-06-09,1.5,39.44,26.05,93.23,41.63
2017-06-10,0.02,36.2,24.68,94.23,47.12
2017-06-11,0.4,36.9,26.03,88.05,47.25
2017-06-12,0.02,37.31,26.37,86.26,40.5
2017-06-13,0.0,38.45,26.8,74.31,31.75
2017-06-14,0.0,37.81,26.96,75.31,38.05
2017-06-15,0.0,38.54,26.97,70.43,35.14
2017-06-16,0.04,38.05,26.94,78.03,42.53
2017-06-17,0.01,35.51,27.58,79.77,55.31
2017-06-18,0.0,35.09,25.63,89.45,50.76
2017-06-19,3.28,39.02,26.79,84.21,33.26
2017-06-20,0.0,38.65,27.25,77.77,31.73
2017-06-21,44.37,36.47,26.24,81.75,39.5
2017-06-22,37.78,30.8,23.42,99.18,66.73
2017-06-23,12.88,35.47,24.33,98.63,56.28
2017-06-24,2.06,36.26,24.7,96.73,50.61
2017-06-25,0.0,34.14,25.23,90.97,55.35
2017-06-26,2.97,31.39,24.73,94.74,70.42
2017-06-27,0.0,32.58,24.18,96.18,66.91
2017-06-28,18.68,31.7,23.8,99.0,69.77
2017-06-29,7.6,34.84,23.91,98.96,56.24
2017-06-30,16.33,33.46,23.99,98.79,61.74
2017-07-01,0.0,33.87,23.01,98.09,58.43
2017-07-02,16.3,30.42,23.19,98.34,67.97
2017-07-03,0.0,33.12,24.64,91.03,60.23
2017-07-04,0.0,33.54,24.84,96.03,53.31
2017-07-05,0.02,34.58,24.68,83.68,49.87
2017-07-06,0.09,34.67,25.23,86.53,50.6
2017-07-07,0.08,32.8,24.73,91.18,59.71
2017-07-08,0.0,32.44,24.93,94.93,64.7
2017-07-09,0.0,33.92,24.2,96.2,57.11
2017-07-10,0.0,33.72,25.37,93.73,56.27
2017-07-11,0.0,33.73,25.07,91.36,52.93
2017-07-12,16.4,33.28,23.06,94.49,58.99
2017-07-13,0.0,31.57,23.88,97.12,67.31
2017-07-14,21.9,31.64,23.53,96.69,63.45
2017-07-15,7.27,31.93,22.53,98.95,65.88
2017-07-16,0.49,33.2,23.65,97.93,58.32
2017-07-17,5.73,30.02,22.61,97.67,74.42
2017-07-18,0.0,32.55,23.77,97.51,63.9
2017-07-19,5.19,30.8,24.15,97.05,72.61
2017-07-20,2.09,32.1,23.91,98.13,64.53
2017-07-21,4.58,30.3,22.49,98.64,74.59
2017-07-22,0.0,32.66,23.62,96.75,54.13
2017-07-23,0.0,34.25,23.86,89.81,52.18
2017-07-24,0.88,33.23,23.42,96.37,65.75
2017-07-25,0.0,33.59,23.74,91.45,56.99
2017-07-26,0.04,33.39,24.9,92.05,58.99
2017-07-27,0.1,33.24,25.42,92.68,61.7
2017-07-28,0.0,31.27,24.63,96.75,70.67
2017-07-29,21.44,32.03,23.07,98.34,67.38
2017-07-30,0.35,30.18,23.28,98.95,74.85
2017-07-31,0.0,33.37,22.94,93.12,56.37
2017-08-01,0.18,32.86,24.5,97.06,61.64
2017-08-02,0.36,35.3,24.02,98.32,57.96
2017-08-03,18.13,30.44,23.08,98.78,76.77
2017-08-04,0.0,31.52,22.63,98.45,66.11
2017-08-05,0.0,32.75,23.58,91.7,62.92
2017-08-06,0.0,32.72,24.01,91.64,61.67
2017-08-07,2.34,33.92,23.76,96.92,52.92
2017-08-08,10.02,33.82,23.96,86.23,55.82
2017-08-09,0.64,31.32,23.44,97.82,68.16
2017-08-10,4.31,29.69,23.03,98.82,81.48
2017-08-11,2.54,33.06,22.76,98.67,64.58
2017-08-12,0.11,30.71,23.45,97.5,79.39
2017-08-13,0.29,33.39,22.91,98.65,60.89
2017-08-14,0.0,32.68,23.85,98.67,66.18
2017-08-15,9.17,32.92,24.04,98.39,68.45
2017-08-16,0.0,31.55,23.17,98.65,72.02
2017-08-17,26.25,33.79,23.15,94.68,57.51
2017-08-18,7.43,31.08,22.24,98.88,67.16
2017-08-19,23.31,32.97,24.23,96.72,61.97
2017-08-20,0.1,33.71,22.8,98.86,57.12
2017-08-21,2.57,33.36,24.1,88.85,60.92
2017-08-22,23.12,31.34,24.25,98.36,73.58
2017-08-23,11.24,28.42,22.2,99.31,77.53
2017-08-24,0.0,32.32,22.83,98.89,62.68
2017-08-25,20.66,31.77,23.33,97.4,66.17
2017-08-26,7.63,28.83,22.48,99.6,87.28
2017-08-27,21.78,32.91,22.67,99.32,64.11
2017-08-28,0.0,33.21,23.07,99.01,63.66
2017-08-29,0.0,32.5,23.71,94.52,65.49
2017-08-30,11.28,33.61,24.44,92.77,64.15
2017-08-31,15.5,32.67,23.08,99.15,67.32
2017-09-01,0.0,33.55,23.49,98.04,60.41
2017-09-02,10.62,33.37,24.25,92.83,58.13
2017-09-03,3.18,31.47,23.05,97.84,71.07
2017-09-04,2.96,32.9,22.61,99.06,65.44
2017-09-05,0.48,33.01,22.62,96.02,64.27
2017-09-06,0.0,34.09,22.98,99.01,60.89
2017-09-07,7.93,33.83,24.06,95.54,66.16
2017-09-08,0.0,33.51,22.75,98.99,66.98
2017-09-09,0.0,33.42,23.06,98.77,68.12
2017-09-10,13.54,32.97,22.99,98.56,69.2
2017-09-11,0.0,33.42,22.12,99.13,62.97
2017-09-12,0.0,35.13,24.0,94.95,56.2
2017-09-13,0.0,34.47,23.91,98.61,60.13
2017-09-14,2.82,33.53,23.22,98.31,65.77
2017-09-15,0.0,33.87,23.84,98.29,60.5
2017-09-16,1.27,34.05,23.77,97.23,61.26
2017-09-17,0.0,32.84,23.33,98.57,67.39
2017-09-18,12.68,29.38,23.46,99.43,87.69
2017-09-19,0.0,34.33,22.29,99.4,61.3
2017-09-20,0.0,35.21,24.55,96.39,54.61
2017-09-21,0.0,34.62,24.53,92.49,57.45
2017-09-22,3.26,34.45,25.04,92.72,60.14
2017-09-23,21.06,31.87,23.0,98.81,73.84
2017-09-24,25.85,29.66,22.77,99.24,77.42
2017-09-25,0.0,31.53,22.2,99.21,69.2
2017-09-26,0.0,34.35,22.95,98.16,58.23
2017-09-27,0.0,35.19,24.55,95.85,55.81
2017-09-28,0.0,34.89,23.43,97.92,61.13
2017-09-29,0.0,34.06,22.81,98.15,65.06
2017-09-30,0.0,34.47,23.68,97.78,62.73
2017-10-01,0.0,34.97,23.32,99.07,62.23
2017-10-02,15.78,33.44,23.04,98.82,70.08
2017-10-03,0.0,32.54,22.0,98.96,70.22
2017-10-04,0.0,32.41,22.06,97.85,67.32
2017-10-05,0.0,35.08,21.94,98.36,54.01
2017-10-06,0.0,36.06,22.89,98.18,43.79
2017-10-07,0.0,35.8,22.6,98.52,52.33
2017-10-08,0.0,33.62,22.63,98.21,67.31
2017-10-09,0.0,35.43,22.81,98.85,54.99
2017-10-10,0.03,36.24,23.5,99.6,50.89
2017-10-11,8.42,34.64,23.63,98.67,61.97
2017-10-12,0.0,34.27,21.43,98.72,61.54
2017-10-13,0.07,35.63,23.34,98.66,57.46
2017-10-14,0.0,36.08,23.44,98.72,55.02
2017-10-15,0.0,34.08,23.43,98.05,63.88
2017-10-16,4.17,34.99,23.18,98.85,62.41
2017-10-17,0.0,35.32,22.13,98.33,58.36
2017-10-18,0.0,37.22,23.21,95.57,47.69
2017-10-19,0.0,37.2,23.6,86.4,45.69
2017-10-20,0.0,37.16,23.92,84.71,40.71
2017-10-21,0.0,37.51,23.7,85.61,36.35
2017-10-22,0.0,38.0,22.74,80.27,31.26
2017-10-23,0.27,36.95,22.81,90.81,47.62
2017-10-24,0.0,36.65,22.79,96.54,39.24
2017-10-25,0.0,37.07,21.31,82.91,30.52
2017-10-26,0.0,36.47,21.1,85.59,36.84
2017-10-27,0.0,37.55,22.11,96.8,38.74
2017-10-28,0.0,38.32,23.26,87.11,33.03
2017-10-29,0.0,36.77,22.91,96.09,42.19
2017-10-30,0.0,37.16,22.88,99.11,38.45
2017-10-31,0.0,37.82,22.75,83.1,29.45
2017-11-01,0.0,39.11,21.86,73.18,26.1
2017-11-02,0.0,38.76,21.4,81.11,28.72
2017-11-03,0.0,38.78,21.05,82.72,25.41
2017-11-04,0.0,38.31,20.01,91.99,28.97
2017-11-05,0.0,36.94,21.01,97.6,40.32
2017-11-06,0.0,34.75,21.59,96.4,52.18
2017-11-07,0.0,32.14,20.21,97.21,65.75
2017-11-08,0.0,35.96,19.74,97.72,44.66
2017-11-09,0.0,37.72,19.79,91.46,36.22
2017-11-10,0.0,37.83,20.31,96.93,38.53
2017-11-11,0.0,38.57,20.82,89.07,21.93
2017-11-12,0.0,35.33,20.33,50.4,21.9
2017-11-13,0.0,33.24,18.42,46.66,20.83
2017-11-14,0.0,34.66,17.35,54.71,22.17
2017-11-15,0.0,35.28,16.71,62.14,23.03
2017-11-16,0.0,36.71,17.52,67.5,20.48
2017-11-17,0.0,34.95,19.16,61.09,19.98
2017-11-18,0.0,35.37,18.04,51.45,18.28
2017-11-19,0.0,34.9,17.57,43.31,17.66
2017-11-20,0.0,35.91,18.33,48.38,17.07
2017-11-21,0.0,36.64,18.81,59.15,21.5
2017-11-22,0.0,37.37,19.66,52.0,18.84
2017-11-23,0.0,37.52,20.47,53.55,25.4
2017-11-24,0.0,37.69,20.48,62.01,28.03
2017-11-25,0.0,37.3,20.18,61.79,29.55
2017-11-26,0.0,36.58,19.24,52.01,24.13
2017-11-27,0.0,37.64,19.65,57.1,23.38
2017-11-28,0.0,37.33,19.29,51.77,18.09
2017-11-29,0.0,36.5,19.19,73.97,26.29
2017-11-30,0.0,36.83,19.59,94.0,28.49
2017-12-01,0.0,37.07,18.4,56.1,19.59
2017-12-02,0.0,36.29,17.72,51.04,19.38
2017-12-03,0.0,36.05,17.3,59.56,21.6
2017-12-04,0.0,36.11,17.03,68.47,23.94
2017-12-05,0.0,37.07,17.95,55.46,20.03
2017-12-06,0.0,33.24,18.43,47.94,19.62
2017-12-07,0.0,31.7,16.83,44.63,20.35
2017-12-08,0.0,31.5,15.06,51.25,24.65
2017-12-09,0.0,31.74,15.68,53.28,26.51
2017-12-10,0.0,33.41,17.05,48.36,23.75
2017-12-11,0.0,33.1,16.44,47.22,21.57
2017-12-12,0.0,33.75,15.81,50.95,22.0
2017-12-13,0.0,32.26,14.56,55.93,20.26
2017-12-14,0.0,30.48,14.43,56.82,25.92
2017-12-15,0.0,31.46,15.82,47.47,24.7
2017-12-16,0.0,33.26,17.76,44.16,22.89
2017-12-17,0.0,33.69,17.01,47.83,23.15
2017-12-18,0.0,32.87,16.14,46.64,20.65
2017-12-19,0.0,33.0,16.21,49.76,21.36
2017-12-20,0.0,32.94,17.53,48.38,27.32
2017-12-21,0.0,29.51,15.93,44.81,23.63
2017-12-22,0.0,27.23,15.07,36.36,22.56
2017-12-23,0.0,27.55,14.19,41.31,21.81
2017-12-24,0.0,28.18,13.68,38.95,21.23
2017-12-25,0.0,31.52,16.63,36.17,19.07
2017-12-26,0.0,33.37,17.47,34.24,18.35
2017-12-27,0.0,32.8,17.69,37.99,21.33
2017-12-28,0.0,31.68,17.02,41.7,20.61
2017-12-29,0.0,32.14,15.93,37.82,16.27
2017-12-30,0.0,33.9,15.51,32.51,15.03
2017-12-31,0.0,36.33,15.86,34.65,15.81
2018-01-01,0.0,35.4,19.13,28.55,13.55
2018-01-02,0.0,33.46,18.79,27.03,16.12
2018-01-03,0.0,34.26,19.11,25.62,14.8
2018-01-04,0.0,34.97,18.01,34.84,13.72
2018-01-05,0.0,35.73,18.71,29.47,14.61
2018-01-06,0.0,35.37,17.18,33.01,14.13
2018-01-07,0.0,34.3,16.94,30.45,13.66
2018-01-08,0.0,34.21,15.67,34.61,11.89
2018-01-09,0.0,33.37,16.72,49.78,19.52
2018-01-10,0.0,33.14,16.36,41.62,19.69
2018-01-11,0.0,32.28,16.38,40.7,18.56
2018-01-12,0.0,34.97,17.18,33.21,12.38
2018-01-13,0.0,35.1,15.07,38.2,12.44
2018-01-14,0.0,36.34,16.35,34.81,12.92
2018-01-15,0.0,36.28,16.33,36.17,14.03
2018-01-16,0.0,33.71,15.91,37.65,15.34
2018-01-17,0.0,30.48,15.1,59.39,22.66
2018-01-18,0.0,30.77,14.33,46.28,20.28
2018-01-19,0.0,32.23,15.77,38.26,19.3
2018-01-20,0.0,33.64,16.58,38.28,15.93
2018-01-21,0.0,33.74,18.07,29.79,13.95
2018-01-22,0.0,32.31,17.24,32.06,16.05
2018-01-23,0.0,34.86,16.01,32.86,12.82
2018-01-24,0.0,37.06,16.26,32.77,10.61
2018-01-25,0.0,35.98,18.07,25.82,11.03
2018-01-26,0.0,35.25,17.45,23.76,10.51
2018-01-27,0.0,34.19,16.9,29.74,13.64
2018-01-28,0.0,35.03,18.44,32.33,13.97
2018-01-29,0.0,36.67,16.41,40.64,14.57
2018-01-30,0.0,36.24,17.21,38.58,14.76
2018-01-31,0.0,35.78,19.04,32.02,18.27
2018-02-01,0.0,34.1,20.21,31.14,19.62
2018-02-02,0.0,30.38,19.5,38.32,21.84
2018-02-03,0.0,30.92,16.88,62.9,31.72
2018-02-04,0.0,33.4,16.94,60.25,24.33
2018-02-05,0.0,33.41,19.69,44.07,24.31
2018-02-06,0.0,31.48,20.99,37.16,21.61
2018-02-07,0.0,33.76,20.36,37.47,21.11
2018-02-08,0.0,32.59,17.91,34.85,20.86
2018-02-09,0.0,31.21,18.56,39.51,21.45
2018-02-10,0.0,32.21,18.25,30.85,15.68
2018-02-11,0.0,32.4,17.07,30.06,16.05
2018-02-12,0.0,33.32,18.41,27.47,13.02
2018-02-13,0.0,34.72,19.2,27.6,15.41
2018-02-14,0.0,35.43,18.81,24.75,12.54
2018-02-15,0.0,36.96,19.41,21.52,11.63
2018-02-16,0.0,36.6,19.85,27.5,13.57
2018-02-17,0.0,36.96,21.85,25.32,12.76
2018-02-18,0.0,39.88,20.87,30.2,12.11
2018-02-19,0.0,39.64,21.92,33.59,14.0
2018-02-20,0.0,40.21,21.2,36.47,15.46
2018-02-21,0.0,39.91,21.97,37.6,17.35
2018-02-22,0.0,38.92,21.54,42.92,20.65
2018-02-23,0.0,34.96,21.23,49.27,26.35
2018-02-24,0.0,33.58,19.81,62.96,34.73
2018-02-25,0.0,36.48,18.78,54.22,26.29
2018-02-26,0.0,35.81,20.27,59.79,32.1
2018-02-27,0.0,39.21,21.64,52.63,28.1
2018-02-28,0.0,36.9,22.63,46.6,28.91
2018-03-01,0.0,37.56,22.88,48.01,27.09
2018-03-02,0.0,40.96,23.67,41.63,21.17
2018-03-03,0.0,42.26,25.83,36.05,20.11
2018-03-04,0.0,42.32,25.42,39.14,18.66
2018-03-05,0.0,41.68,25.36,39.19,18.68
2018-03-06,0.0,36.68,23.2,38.58,16.74
2018-03-07,0.0,37.84,22.96,33.54,13.55
2018-03-08,0.0,37.68,21.47,38.67,15.53
2018-03-09,0.0,37.05,22.28,45.39,16.27
2018-03-10,0.0,37.85,22.49,37.12,13.52
2018-03-11,0.0,38.09,21.65,27.16,11.28
2018-03-12,0.0,38.42,22.38,32.08,12.47
2018-03-13,0.0,38.77,22.8,35.24,12.42
2018-03-14,0.0,39.28,22.33,31.77,14.71
2018-03-15,0.0,38.97,22.45,48.7,17.37
2018-03-16,0.0,38.59,22.59,49.63,14.82
2018-03-17,0.0,39.47,23.49,35.5,14.82
2018-03-18,0.0,39.93,22.24,30.55,14.28
2018-03-19,0.0,39.75,22.13,26.28,11.53
2018-03-20,0.0,41.09,23.22,25.68,10.6
2018-03-21,0.0,40.39,23.19,33.0,14.44
2018-03-22,0.0,39.08,22.95,27.77,15.12
2018-03-23,0.0,36.84,22.49,22.62,9.24
2018-03-24,0.0,36.23,20.55,12.99,7.05
2018-03-25,0.0,38.33,20.44,16.26,6.88
2018-03-26,0.0,38.64,21.79,17.9,8.51
2018-03-27,0.0,37.83,23.85,40.87,8.72
2018-03-28,0.0,40.05,24.12,43.75,11.42
2018-03-29,0.0,42.01,24.72,31.4,10.76
2018-03-30,0.0,40.7,23.96,50.12,11.34
2018-03-31,0.0,40.84,25.08,26.95,11.53
2018-04-01,0.0,42.75,27.17,39.1,16.95
2018-04-02,0.0,40.57,25.98,44.16,18.29
2018-04-03,0.0,41.3,24.84,41.13,17.99
2018-04-04,0.0,42.38,25.29,38.45,15.81
2018-04-05,0.0,44.32,26.66,29.01,13.76
2018-04-06,0.0,42.76,26.49,48.87,16.94
2018-04-07,0.0,40.27,26.7,57.55,23.26
2018-04-08,0.0,39.06,25.81,64.81,24.88
2018-04-09,0.0,40.41,25.55,46.37,22.15
2018-04-10,0.0,40.86,26.86,43.79,18.57
2018-04-11,0.0,40.79,26.54,31.29,12.38
2018-04-12,0.0,40.78,25.01,23.44,12.76
2018-04-13,0.0,40.13,24.52,30.91,15.72
2018-04-14,0.0,40.58,24.06,29.45,13.78
2018-04-15,0.0,41.57,24.66,31.62,13.82
2018-04-16,0.0,42.38,25.24,30.13,13.07
2018-04-17,0.0,43.32,26.29,29.98,12.77
2018-04-18,0.0,42.17,25.75,35.24,15.25
2018-04-19,0.0,40.28,25.11,38.99,17.93
2018-04-20,0.0,38.46,23.18,53.49,17.98
2018-04-21,0.0,40.5,23.71,46.54,18.95
2018-04-22,0.0,40.94,25.0,39.26,17.53
2018-04-23,0.0,42.69,26.35,31.73,14.14
2018-04-24,0.0,43.54,27.81,29.8,13.1
2018-04-25,0.0,44.3,28.19,27.09,13.06
2018-04-26,0.0,43.69,27.14,29.56,11.1
2018-04-27,0.0,42.99,26.72,44.43,12.23
2018-04-28,0.0,42.74,26.31,44.38,14.71
2018-04-29,0.0,43.36,26.79,28.53,13.05
2018-04-30,0.0,43.41,25.98,24.54,11.97
2018-05-01,0.0,43.04,26.98,31.56,6.93
2018-05-02,0.0,43.15,26.21,24.3,7.79
2018-05-03,0.0,43.39,26.83,23.18,9.26
2018-05-04,0.0,43.04,26.11,26.53,10.18
2018-05-05,0.0,42.44,26.16,31.98,10.37
2018-05-06,0.0,43.04,26.33,25.32,10.96
2018-05-07,0.13,42.82,26.81,35.61,13.13
2018-05-08,0.0,44.53,27.23,29.19,10.68
2018-05-09,0.0,43.64,27.99,28.81,12.05
2018-05-10,0.0,42.6,26.99,34.83,12.78
2018-05-11,0.0,41.96,26.51,41.12,15.73
2018-05-12,0.0,41.66,27.08,45.55,14.41
2018-05-13,0.14,42.09,27.01,38.56,17.04
2018-05-14,0.0,39.75,28.8,41.47,18.12
2018-05-15,0.0,39.16,27.37,42.33,20.93
2018-05-16,0.0,41.98,27.03,44.13,15.68
2018-05-17,0.0,42.71,27.68,36.94,14.59
2018-05-18,0.0,41.25,27.59,44.52,17.8
2018-05-19,0.0,41.05,27.87,41.53,17.91
2018-05-20,0.0,41.8,26.97,45.28,16.7
2018-05-21,0.0,41.71,27.07,42.98,16.51
2018-05-22,0.0,44.22,28.28,36.9,10.94
2018-05-23,0.0,45.67,29.55,23.74,9.38
2018-05-24,0.0,42.05,28.45,43.74,14.05
2018-05-25,0.0,41.37,28.38,59.97,27.03
2018-05-26,0.0,40.73,27.28,50.84,20.86
2018-05-27,0.0,41.17,26.99,56.81,21.37
2018-05-28,0.0,41.34,28.34,53.53,23.28
2018-05-29,0.0,41.2,28.47,59.37,31.54
2018-05-30,0.0,39.54,27.17,77.06,34.81
2018-05-31,0.0,40.62,28.01,68.77,23.56
2018-06-01,0.0,41.66,27.8,42.55,18.15
2018-06-02,0.0,41.26,29.44,49.6,27.65
2018-06-03,8.71,38.74,26.87,82.13,42.41
2018-06-04,0.22,33.38,24.57,87.61,56.64
2018-06-05,0.0,35.93,25.97,86.23,46.12
2018-06-06,3.95,37.71,26.86,83.73,40.0
2018-06-07,0.0,35.94,25.77,82.14,35.59
2018-06-08,0.0,37.79,26.39,63.05,31.04
2018-06-09,0.0,38.14,26.7,59.77,33.49
2018-06-10,0.0,35.93,26.65,58.61,36.45
2018-06-11,0.0,37.82,25.99,61.97,31.66
2018-06-12,0.0,37.5,27.52,59.76,36.3
2018-06-13,7.72,39.27,27.05,79.14,36.56
2018-06-14,0.0,34.55,24.91,83.62,44.96
2018-06-15,0.0,37.79,25.97,77.25,35.48
2018-06-16,0.0,39.32,26.51,66.03,24.94
2018-06-17,0.0,39.35,26.88,49.0,24.42
2018-06-18,0.0,35.34,26.58,52.17,26.32
2018-06-19,0.0,36.44,24.35,56.35,26.41
2018-06-20,0.0,38.19,26.59,54.38,27.51
2018-06-21,0.0,37.73,26.94,63.52,31.9
2018-06-22,0.0,38.58,27.14,61.32,30.66
2018-06-23,0.09,37.04,27.66,63.23,38.35
2018-06-24,0.0,39.03,27.78,65.28,33.24
2018-06-25,0.15,40.02,27.81,50.1,21.25
2018-06-26,0.0,39.76,27.63,71.13,30.6
2018-06-27,34.41,36.31,24.62,99.72,43.96
2018-06-28,0.0,33.91,23.06,91.04,51.76
2018-06-29,0.0,35.36,25.31,92.4,48.56
2018-06-30,0.71,36.07,25.81,91.85,43.12
2018-07-01,4.96,36.1,25.33,84.81,43.51
2018-07-02,3.55,34.01,24.23,95.92,52.77
2018-07-03,5.81,30.97,22.53,94.43,60.87
2018-07-04,0.0,33.22,23.72,89.85,52.85
2018-07-05,0.0,36.02,24.43,87.33,44.01
2018-07-06,6.45,34.14,23.7,86.91,53.51
2018-07-07,15.81,32.56,23.03,96.05,54.5
2018-07-08,0.0,34.22,23.16,91.01,48.86
2018-07-09,17.05,32.68,23.21,89.15,57.86
2018-07-10,0.0,34.59,24.53,88.65,49.37
2018-07-11,0.81,35.9,24.2,89.93,43.75
2018-07-12,0.0,35.04,26.19,78.36,49.52
2018-07-13,0.0,35.13,24.43,89.33,50.16
2018-07-14,0.05,34.0,24.34,90.66,52.63
2018-07-15,0.05,35.02,24.86,87.66,53.46
2018-07-16,0.22,35.44,25.89,84.42,49.7
2018-07-17,0.33,33.68,24.94,91.22,59.9
2018-07-18,46.42,34.55,24.34,93.37,54.57
2018-07-19,4.31,32.89,23.06,99.41,63.46
2018-07-20,6.51,32.98,24.58,94.97,62.13
2018-07-21,20.9,31.93,23.26,96.43,67.41
2018-07-22,0.48,34.19,23.93,97.22,57.56
2018-07-23,9.34,35.18,24.95,87.83,51.63
2018-07-24,22.99,31.97,23.48,98.38,61.05
2018-07-25,0.0,33.59,24.32,96.52,58.12
2018-07-26,0.0,33.36,24.66,88.71,56.9
2018-07-27,0.08,33.39,24.59,91.98,57.34
2018-07-28,18.25,32.16,23.88,96.12,68.23
2018-07-29,5.92,32.9,23.32,98.57,60.04
2018-07-30,0.0,34.94,24.09,89.32,45.96
2018-07-31,0.0,35.01,25.64,83.42,50.2
2018-08-01,14.66,33.68,24.32,82.35,53.41
2018-08-02,11.25,30.01,22.45,98.74,74.63
2018-08-03,1.55,30.67,22.28,99.35,70.83
2018-08-04,1.41,29.61,22.99,99.2,72.3
2018-08-05,0.0,29.1,23.01,98.54,79.73
2018-08-06,0.21,32.55,23.55,98.08,58.87
2018-08-07,6.18,32.42,24.03,90.68,62.23
2018-08-08,13.72,28.51,23.69,99.19,84.69
2018-08-09,0.07,31.5,22.01,98.08,64.67
2018-08-10,17.17,28.56,22.25,98.03,74.97
2018-08-11,0.03,30.33,22.4,98.3,60.66
2018-08-12,0.0,32.26,23.59,94.2,63.31
2018-08-13,17.65,30.29,23.31,98.12,70.45
2018-08-14,0.09,31.49,22.32,98.36,64.32
2018-08-15,0.0,30.98,23.82,94.55,65.85
2018-08-16,0.21,33.11,23.36,92.36,61.8
2018-08-17,1.26,32.78,23.62,96.48,66.48
2018-08-18,2.59,30.31,23.68,97.96,71.52
2018-08-19,6.82,31.46,23.66,92.27,65.9
2018-08-20,6.83,30.34,23.26,96.26,65.4
2018-08-21,0.0,32.37,23.16,93.11,58.58
2018-08-22,1.9,32.81,24.65,94.45,58.79
2018-08-23,0.56,32.52,22.93,97.09,59.72
2018-08-24,0.87,34.29,24.17,93.63,58.02
2018-08-25,31.31,34.37,25.0,89.2,59.73
2018-08-26,0.97,32.53,23.0,98.9,67.77
2018-08-27,11.28,31.02,24.0,97.25,69.98
2018-08-28,0.13,33.36,23.18,97.59,58.42
2018-08-29,4.88,31.92,23.91,97.5,65.87
2018-08-30,2.43,30.42,22.97,99.28,69.47
2018-08-31,0.07,32.79,23.16,90.68,59.93
2018-09-01,31.97,31.33,23.49,97.13,67.51
2018-09-02,4.91,31.41,21.94,99.4,67.55
2018-09-03,15.02,31.81,22.98,98.91,67.43
2018-09-04,1.88,32.87,22.65,99.08,62.99
2018-09-05,31.58,32.26,22.9,98.84,63.92
2018-09-06,6.37,29.97,21.98,99.33,73.85
2018-09-07,0.01,33.59,22.73,96.73,59.52
2018-09-08,0.04,33.23,22.99,85.76,57.99
2018-09-09,6.01,32.2,23.68,85.8,61.87
2018-09-10,25.42,30.89,22.98,97.42,66.83
2018-09-11,9.57,30.15,22.44,99.03,75.71
2018-09-12,2.06,29.29,22.68,99.22,79.73
2018-09-13,1.47,32.0,22.65,99.29,67.64
2018-09-14,1.52,32.31,21.84,99.29,66.93
2018-09-15,0.0,33.61,23.09,99.0,57.29
2018-09-16,7.25,34.77,24.22,90.18,57.66
2018-09-17,9.21,31.7,22.73,98.67,73.18
2018-09-18,10.42,30.56,22.83,98.85,75.54
2018-09-19,0.0,33.98,23.48,99.02,66.42
2018-09-20,0.0,32.47,22.95,98.2,63.98
2018-09-21,4.3,35.19,24.24,98.19,58.09
2018-09-22,9.64,32.86,22.77,96.63,65.61
2018-09-23,0.18,32.61,22.47,99.13,68.07
2018-09-24,13.11,31.78,22.93,99.6,72.75
2018-09-25,19.97,32.11,23.01,99.24,70.3
2018-09-26,0.02,31.6,22.08,99.17,71.07
2018-09-27,0.3,33.61,23.25,98.55,66.21
2018-09-28,21.98,31.63,24.07,98.68,71.84
2018-09-29,5.39,32.63,21.97,98.73,61.04
2018-09-30,0.0,31.07,22.01,98.99,67.05
2018-10-01,10.1,32.95,22.44,98.94,62.93
2018-10-02,0.0,33.01,22.34,97.93,68.39
2018-10-03,0.0,33.85,23.25,98.86,66.65
2018-10-04,0.0,35.03,23.5,97.82,59.76
2018-10-05,0.0,34.26,23.5,97.74,67.48
2018-10-06,0.0,35.44,22.77,98.28,58.53
2018-10-07,0.82,35.89,22.92,98.7,57.54
2018-10-08,0.0,34.93,22.91,98.24,64.23
2018-10-09,0.0,34.86,23.26,98.75,64.05
2018-10-10,0.0,35.53,23.33,98.69,58.3
2018-10-11,2.42,36.32,23.22,98.42,56.48
2018-10-12,4.41,34.25,22.58,97.7,65.83
2018-10-13,0.0,33.92,21.98,98.55,61.53
2018-10-14,2.95,33.76,22.38,99.19,60.01
2018-10-15,0.21,32.78,21.35,95.33,60.56
2018-10-16,0.32,33.48,21.86,97.28,58.92
2018-10-17,0.0,36.89,22.36,97.92,44.66
2018-10-18,8.79,36.55,23.06,96.6,49.13
2018-10-19,6.83,35.19,22.35,99.06,55.92
2018-10-20,0.0,33.12,21.71,98.39,56.51
2018-10-21,0.0,35.7,21.87,91.92,35.23
2018-10-22,0.0,36.32,22.89,87.79,44.42
2018-10-23,0.0,36.42,23.27,98.24,52.19
2018-10-24,0.0,37.65,22.83,98.86,45.66
2018-10-25,0.0,38.1,23.97,95.33,43.35
2018-10-26,0.0,35.95,24.12,98.06,55.8
2018-10-27,0.0,34.58,22.58,98.53,64.62
2018-10-28,0.0,35.68,22.98,98.33,57.79
2018-10-29,0.0,35.13,22.99,98.39,59.35
2018-10-30,0.0,33.71,22.53,95.13,60.14
2018-10-31,0.02,32.63,22.46,96.33,63.19
2018-11-01,0.0,33.83,20.47,98.2,61.06
2018-11-02,0.0,35.91,19.83,96.31,43.13
2018-11-03,0.0,33.93,19.15,88.28,31.08
2018-11-04,0.0,36.79,19.59,80.51,30.64
2018-11-05,0.0,36.45,19.94,87.99,34.77
2018-11-06,0.0,35.44,19.75,93.5,36.21
2018-11-07,0.0,37.19,20.76,94.12,34.14
2018-11-08,0.0,37.64,21.48,82.11,30.54
2018-11-09,0.0,37.28,18.71,70.42,21.8
2018-11-10,0.0,37.18,18.83,68.22,21.66
2018-11-11,0.0,36.36,18.16,69.91,23.11
2018-11-12,0.0,37.53,19.1,73.83,24.5
2018-11-13,0.0,36.88,19.95,70.0,23.04
2018-11-14,0.0,34.98,19.64,71.77,28.9
2018-11-15,0.0,35.14,20.91,73.49,30.31
2018-11-16,0.0,37.55,20.64,64.56,23.97
2018-11-17,0.0,37.37,20.31,61.13,22.67
2018-11-18,0.0,33.51,20.19,81.42,27.65
2018-11-19,0.0,31.4,19.34,90.96,46.73
2018-11-20,0.0,35.21,19.53,91.06,32.73
2018-11-21,0.0,37.08,19.97,71.19,27.83
2018-11-22,0.0,37.61,21.16,70.46,26.36
2018-11-23,0.0,38.11,21.72,66.89,24.57
2018-11-24,0.0,36.53,20.82,62.25,26.77
2018-11-25,0.0,35.32,19.21,70.57,30.79
2018-11-26,0.0,33.68,19.02,58.24,29.28
2018-11-27,0.0,35.34,17.42,61.97,25.89
2018-11-28,0.0,37.29,18.76,62.09,23.92
2018-11-29,0.0,36.88,18.78,58.2,21.58
2018-11-30,0.0,36.25,17.59,56.28,20.79
2018-12-01,0.0,36.27,17.62,50.21,22.14
2018-12-02,0.0,35.49,16.49,51.01,19.36
2018-12-03,0.0,34.13,15.74,50.05,21.45
2018-12-04,0.0,34.95,16.42,50.75,21.32
2018-12-05,0.0,36.19,16.49,52.76,21.56
2018-12-06,0.0,37.58,19.09,67.85,27.59
2018-12-07,0.0,36.63,18.75,49.36,20.73
2018-12-08,0.0,35.05,17.32,44.54,21.45
2018-12-09,0.0,35.09,16.24,45.7,22.6
2018-12-10,0.0,34.94,17.49,46.32,21.65
2018-12-11,0.0,34.33,15.18,49.33,20.07
2018-12-12,0.0,35.92,16.62,51.72,23.48
2018-12-13,0.0,35.93,19.41,45.54,23.58
2018-12-14,0.0,34.6,20.3,33.13,16.58
2018-12-15,0.0,35.1,19.84,30.12,15.37
2018-12-16,0.0,34.3,16.43,37.27,15.71
2018-12-17,0.0,34.5,16.08,39.76,17.89
2018-12-18,0.0,34.53,15.39,44.95,20.26
2018-12-19,0.0,35.52,16.11,45.0,18.17
2018-12-20,0.0,35.55,17.4,42.45,17.55
2018-12-21,0.0,35.0,16.49,41.33,17.87
2018-12-22,0.0,34.59,16.19,35.19,15.98
2018-12-23,0.0,33.99,16.86,34.6,17.8
2018-12-24,0.0,32.15,15.77,39.96,19.23
2018-12-25,0.0,34.04,15.95,39.76,17.47
2018-12-26,0.0,32.73,15.25,38.49,16.74
2018-12-27,0.0,32.94,15.59,44.52,17.91
2018-12-28,0.0,33.66,14.37,46.58,19.05
2018-12-29,0.0,33.56,15.57,39.73,19.11
2018-12-30,0.0,34.95,15.98,45.13,19.31
2018-12-31,0.0,36.68,17.75,44.98,21.09
2019-01-01,0.0,37.35,20.12,39.35,19.44
2019-01-02,0.0,35.77,19.44,34.18,16.34
2019-01-03,0.0,32.55,16.07,37.36,17.28
2019-01-04,0.0,31.33,14.23,35.5,18.12
2019-01-05,0.0,34.1,16.68,32.88,15.8
2019-01-06,0.0,33.91,17.01,29.45,14.65
2019-01-07,0.0,32.2,18.34,24.72,15.96
2019-01-08,0.0,32.31,18.32,27.37,16.36
2019-01-09,0.0,35.26,15.47,32.47,13.93
2019-01-10,0.0,35.23,16.24,32.75,14.05
2019-01-11,0.0,34.15,16.92,32.19,13.59
2019-01-12,0.0,34.97,18.94,25.27,12.55
2019-01-13,0.0,37.54,19.01,24.9,11.5
2019-01-14,0.0,37.35,19.2,26.47,12.2
2019-01-15,0.0,37.45,17.57,32.57,13.03
2019-01-16,0.0,38.02,17.9,31.23,12.61
2019-01-17,0.0,37.45,17.62,31.6,11.51
2019-01-18,0.0,33.39,16.78,25.44,11.5
2019-01-19,0.0,31.41,15.85,40.89,17.64
2019-01-20,0.0,32.64,15.13,36.08,17.64
2019-01-21,0.0,33.33,14.49,29.86,12.17
2019-01-22,0.0,31.99,13.42,29.64,12.67
2019-01-23,0.0,32.79,13.91,47.19,18.62
2019-01-24,0.0,34.81,15.37,43.55,17.62
2019-01-25,0.0,37.29,16.52,41.62,16.92
2019-01-26,0.0,37.71,18.42,33.22,12.2
2019-01-27,0.0,36.24,18.14,29.88,14.2
2019-01-28,0.0,35.23,15.6,35.18,12.96
2019-01-29,0.0,35.3,15.19,36.47,12.49
2019-01-30,0.0,36.11,14.8,38.21,13.43
2019-01-31,0.0,35.87,16.37,34.45,12.52
2019-02-01,0.0,37.58,17.35,37.62,13.99
2019-02-02,0.0,36.99,17.54,35.68,15.7
2019-02-03,0.0,36.81,17.78,40.25,17.09
2019-02-04,0.0,37.17,18.41,52.89,21.57
2019-02-05,0.0,37.54,19.9,40.81,18.61
2019-02-06,0.0,33.95,18.47,25.1,13.37
2019-02-07,0.0,36.25,19.13,23.43,10.9
2019-02-08,0.0,35.68,19.29,18.37,11.51
2019-02-09,0.0,37.15,20.08,23.12,12.36
2019-02-10,0.0,38.0,20.62,26.02,13.55
2019-02-11,0.0,38.32,21.29,27.95,13.69
2019-02-12,0.0,37.54,19.61,23.11,10.3
2019-02-13,0.0,36.46,20.15,19.27,10.24
2019-02-14,0.0,35.26,18.87,22.95,12.95
2019-02-15,0.01,39.56,21.51,24.6,13.32
2019-02-16,0.0,39.91,22.22,26.04,12.82
2019-02-17,0.0,39.17,21.11,25.79,14.17
2019-02-18,0.0,38.18,19.93,31.51,13.96
2019-02-19,0.0,36.34,20.74,31.67,14.84
2019-02-20,0.0,37.76,19.33,33.82,15.16
2019-02-21,0.0,38.54,20.56,34.69,15.74
2019-02-22,0.0,38.61,20.57,29.35,12.54
2019-02-23,0.0,36.61,20.95,22.09,13.12
2019-02-24,0.0,35.18,19.18,25.4,15.1
2019-02-25,0.0,34.82,16.89,25.24,13.4
2019-02-26,0.0,34.15,17.14,25.59,14.34
2019-02-27,0.0,32.89,16.81,26.75,14.98
2019-02-28,0.0,33.06,16.2,29.93,13.77
2019-03-01,0.0,31.9,15.54,28.49,15.88
2019-03-02,0.0,33.8,16.29,34.9,16.54
2019-03-03,0.0,35.9,16.87,34.24,13.62
2019-03-04,0.0,36.74,16.79,33.58,14.62
2019-03-05,0.0,38.34,18.11,29.63,13.25
2019-03-06,0.0,38.92,19.88,28.76,12.72
2019-03-07,0.0,38.44,18.9,25.6,11.65
2019-03-08,0.0,37.01,17.98,36.21,13.74
2019-03-09,0.0,35.77,17.35,42.2,15.77
2019-03-10,0.0,37.34,17.98,38.69,14.16
2019-03-11,0.0,39.08,20.97,29.77,13.72
2019-03-12,0.0,38.2,22.18,28.08,13.76
2019-03-13,0.0,37.9,21.99,28.91,14.87
2019-03-14,0.0,38.24,20.49,26.46,12.74
2019-03-15,0.0,39.53,20.24,25.81,12.46
2019-03-16,0.0,41.58,20.77,27.86,12.19
2019-03-17,0.0,42.56,22.26,30.66,11.95
2019-03-18,0.0,42.56,22.83,32.95,13.15
2019-03-19,0.0,42.31,22.83,33.19,13.04
2019-03-20,0.0,41.55,23.36,37.55,15.17
2019-03-21,0.0,40.43,22.94,48.97,18.29
2019-03-22,0.0,35.66,22.42,54.98,22.35
2019-03-23,0.0,34.43,22.43,67.86,34.26
2019-03-24,0.0,37.69,21.91,63.18,30.54
2019-03-25,0.0,38.95,23.4,55.98,28.93
2019-03-26,0.0,36.71,22.22,57.42,29.08
2019-03-27,0.0,38.85,22.64,49.31,26.81
2019-03-28,0.0,40.35,25.16,48.57,27.43
2019-03-29,0.0,40.25,25.5,55.84,28.32
2019-03-30,0.0,36.91,24.86,61.37,35.64
2019-03-31,0.0,38.46,24.33,65.52,33.84
2019-04-01,0.0,41.52,26.16,49.87,26.71
2019-04-02,0.0,40.1,26.98,56.85,28.86
2019-04-03,0.0,37.82,25.81,64.03,35.55
2019-04-04,0.0,37.51,24.53,63.15,34.25
2019-04-05,0.0,40.68,25.33,55.1,30.29
2019-04-06,0.0,40.97,26.59,39.27,20.21
2019-04-07,0.0,39.96,25.67,38.1,20.21
2019-04-08,0.0,41.19,25.94,29.52,15.63
2019-04-09,0.0,41.36,24.53,30.13,14.95
2019-04-10,0.0,42.46,25.67,26.79,14.42
2019-04-11,0.0,41.26,25.43,28.55,15.02
2019-04-12,0.0,40.15,24.48,28.79,13.63
2019-04-13,0.0,40.28,21.7,30.24,12.36
2019-04-14,0.0,41.64,22.65,32.6,12.68
2019-04-15,0.0,43.23,23.72,27.47,10.79
2019-04-16,0.0,43.55,24.41,31.34,12.13
2019-04-17,0.0,43.45,25.98,37.9,15.38
2019-04-18,0.0,44.37,27.19,33.46,10.13
2019-04-19,0.0,44.47,27.19,39.92,12.15
2019-04-20,0.0,42.94,26.29,47.52,15.02
2019-04-21,0.0,41.98,26.2,47.6,17.99
2019-04-22,0.0,41.05,25.2,47.61,20.03
2019-04-23,0.0,41.12,24.66,48.53,18.78
2019-04-24,0.0,42.17,25.05,41.72,14.18
2019-04-25,0.0,44.29,26.32,33.95,14.23
2019-04-26,0.0,43.26,28.02,57.36,20.15
2019-04-27,0.0,41.86,27.63,84.74,37.89
2019-04-28,0.0,43.96,28.39,77.54,23.21
2019-04-29,0.0,46.18,28.83,54.49,17.06
2019-04-30,0.0,43.37,28.99,52.31,16.99
2019-05-01,0.0,40.56,27.43,52.67,20.42
2019-05-02,0.0,39.0,24.75,56.49,24.28
2019-05-03,0.0,39.64,25.64,48.85,20.05
2019-05-04,0.0,41.49,26.45,46.9,19.24
2019-05-05,0.0,45.73,28.76,42.59,15.29
2019-05-06,0.0,43.8,30.58,46.43,22.22
2019-05-07,0.0,46.58,30.38,51.12,13.2
2019-05-08,0.0,44.73,29.83,53.33,17.16
2019-05-09,0.0,43.75,28.19,54.79,15.25
2019-05-10,0.0,41.24,26.75,64.12,20.59
2019-05-11,0.0,41.41,26.13,64.99,22.98
2019-05-12,0.0,41.81,26.66,58.75,19.47
2019-05-13,0.0,42.98,25.92,58.69,16.08
2019-05-14,0.0,42.57,26.82,57.66,20.09
2019-05-15,0.0,40.48,26.57,64.25,26.43
2019-05-16,0.0,38.38,25.72,61.23,28.05
2019-05-17,0.0,41.35,26.45,54.9,21.86
2019-05-18,0.0,40.01,27.51,46.24,19.24
2019-05-19,0.0,39.5,26.88,42.43,18.52
2019-05-20,0.0,40.96,27.16,50.09,19.17
2019-05-21,0.0,43.48,28.26,44.83,18.04
2019-05-22,0.0,43.59,28.37,40.87,16.95
2019-05-23,0.0,43.92,27.49,40.01,14.05
2019-05-24,0.0,42.32,28.48,54.19,21.99
2019-05-25,0.0,41.71,28.36,61.69,27.15
2019-05-26,0.0,40.88,27.32,63.76,25.17
2019-05-27,0.0,41.42,27.36,58.65,18.96
2019-05-28,0.0,41.74,27.4,51.2,20.43
2019-05-29,0.0,44.15,28.45,51.54,19.59
2019-05-30,0.0,45.63,30.81,46.49,16.28
2019-05-31,0.0,41.7,28.51,60.8,24.56
2019-06-01,0.31,42.26,28.11,54.49,19.19
2019-06-02,0.06,41.6,27.03,52.11,18.36
2019-06-03,0.0,42.87,27.02,49.38,18.35
2019-06-04,0.0,41.15,28.39,55.88,23.02
2019-06-05,0.0,40.21,27.12,57.59,25.46
2019-06-06,0.0,40.48,26.81,62.58,25.56
2019-06-07,0.0,41.9,26.56,56.93,19.18
2019-06-08,0.0,43.2,27.27,50.04,16.64
2019-06-09,0.69,42.73,28.71,55.9,22.38
2019-06-10,0.1,39.06,28.23,66.33,32.4
2019-06-11,0.6,40.63,27.88,70.63,32.52
2019-06-12,5.19,38.39,27.35,73.32,38.17
2019-06-13,0.1,39.4,27.01,73.1,30.01
2019-06-14,2.18,41.47,28.05,62.7,21.9
2019-06-15,0.0,43.23,27.75,52.09,18.77
2019-06-16,0.0,40.54,29.26,57.32,26.41
2019-06-17,0.0,42.5,28.79,62.64,23.06
2019-06-18,0.0,40.85,27.95,71.78,31.5
2019-06-19,5.03,43.26,27.69,67.67,25.82
2019-06-20,0.0,42.41,28.5,57.38,20.25
2019-06-21,0.0,41.04,28.1,63.1,27.03
2019-06-22,0.0,41.41,28.17,68.48,28.87
2019-06-23,6.72,39.54,26.71,69.97,28.8
2019-06-24,0.0,41.89,27.22,59.9,21.01
2019-06-25,0.0,42.54,27.87,60.12,20.69
2019-06-26,0.0,41.34,27.83,66.69,26.14
2019-06-27,0.0,41.7,28.93,65.69,31.54
2019-06-28,3.83,40.2,28.07,74.16,36.46
2019-06-29,0.63,39.58,26.96,78.13,36.13
2019-06-30,20.7,35.68,25.36,92.69,50.42
2019-07-01,7.48,38.1,24.14,93.12,44.45
2019-07-02,0.21,38.49,26.47,83.72,41.97
2019-07-03,1.89,40.44,27.04,76.76,33.96
2019-07-04,0.0,39.56,28.13,75.19,39.86
2019-07-05,2.94,36.7,24.85,90.71,48.19
2019-07-06,9.25,34.37,23.85,94.41,53.66
2019-07-07,4.85,37.04,25.17,91.42,45.48
2019-07-08,10.59,35.07,23.63,89.02,51.89
2019-07-09,0.59,35.31,24.09,89.33,51.68
2019-07-10,0.09,35.51,25.3,87.27,52.74
2019-07-11,0.0,34.22,25.05,94.67,56.44
2019-07-12,2.23,34.94,23.97,97.47,55.04
2019-07-13,6.57,36.13,24.6,96.38,52.76
2019-07-14,0.97,35.32,24.81,95.15,55.26
2019-07-15,0.0,33.22,23.53,90.12,54.94
2019-07-16,1.06,34.48,24.65,92.55,61.89
2019-07-17,10.61,33.12,24.56,94.29,57.43
2019-07-18,0.04,33.44,24.29,96.67,55.9
2019-07-19,0.29,34.04,23.95,91.19,49.86
2019-07-20,1.15,34.6,24.61,82.26,53.05
2019-07-21,0.36,36.4,25.11,88.83,49.07
2019-07-22,5.88,36.98,26.18,81.27,46.94
2019-07-23,0.95,37.59,26.07,85.86,47.01
2019-07-24,1.91,34.38,24.97,87.31,56.01
2019-07-25,22.13,32.26,23.31,98.41,70.54
2019-07-26,0.41,34.54,23.83,98.04,54.97
2019-07-27,0.0,33.41,25.66,94.58,62.2
2019-07-28,6.29,33.62,23.85,98.44,61.72
2019-07-29,1.98,34.51,23.42,98.44,56.16
2019-07-30,0.0,33.84,24.24,95.94,60.52
2019-07-31,0.0,33.84,23.73,97.25,59.91
2019-08-01,0.66,34.63,24.48,94.73,54.7
2019-08-02,0.0,34.5,24.78,84.92,47.44
2019-08-03,2.29,34.96,24.66,86.83,53.25
2019-08-04,0.19,34.45,24.54,95.19,57.89
2019-08-05,0.2,34.92,24.6,96.41,56.0
2019-08-06,0.93,34.42,25.33,90.15,52.48
2019-08-07,2.41,33.09,23.51,95.77,59.52
2019-08-08,0.14,34.45,23.63,88.73,54.39
2019-08-09,2.0,32.57,23.69,92.35,61.86
2019-08-10,0.0,35.59,24.18,92.56,52.03
2019-08-11,0.0,35.53,23.73,95.17,55.87
2019-08-12,2.89,34.7,23.75,93.4,54.15
2019-08-13,0.0,34.2,24.44,94.34,57.02
2019-08-14,0.0,35.11,25.38,82.65,51.64
2019-08-15,0.0,33.89,25.05,90.14,60.26
2019-08-16,0.0,35.47,24.68,87.69,53.8
2019-08-17,8.54,34.06,24.24,94.84,59.56
2019-08-18,26.21,30.47,22.12,98.44,70.65
2019-08-19,22.13,32.91,22.83,97.96,63.08
2019-08-20,0.04,34.67,24.08,97.54,57.8
2019-08-21,10.12,31.56,23.39,99.08,71.49
2019-08-22,34.46,32.13,22.92,98.56,62.83
2019-08-23,5.81,32.73,23.44,88.97,60.28
2019-08-24,0.58,32.87,23.77,89.37,60.2
2019-08-25,8.74,28.95,23.31,96.96,78.03
2019-08-26,2.24,28.96,22.73,98.16,77.63
2019-08-27,4.65,30.34,22.53,97.82,73.22
2019-08-28,0.0,32.86,23.31,95.7,60.93
2019-08-29,7.23,31.43,23.5,98.51,66.46
2019-08-30,43.97,31.17,22.76,99.33,68.84
2019-08-31,12.19,32.12,22.63,98.94,62.67
2019-09-01,7.69,30.59,22.27,97.06,72.92
2019-09-02,10.43,32.04,22.1,96.89,64.03
2019-09-03,0.0,33.56,23.82,96.25,61.94
2019-09-04,0.0,33.8,23.88,98.51,57.45
2019-09-05,18.23,35.55,24.49,96.11,56.5
2019-09-06,5.23,31.42,21.92,98.24,69.7
2019-09-07,1.89,31.86,23.17,98.04,69.87
2019-09-08,7.8,33.27,23.56,98.84,64.67
2019-09-09,4.43,32.45,22.61,98.63,63.59
2019-09-10,0.0,33.18,23.24,96.68,62.79
2019-09-11,8.66,34.4,22.41,97.09,59.16
2019-09-12,4.04,33.28,22.94,98.45,65.82
2019-09-13,18.26,33.44,22.73,98.64,62.75
2019-09-14,0.01,32.1,22.74,98.39,69.1
2019-09-15,0.37,34.48,23.56,99.17,60.94
2019-09-16,0.28,30.56,22.45,98.96,77.28
2019-09-17,24.54,32.51,22.38,98.89,62.82
2019-09-18,4.27,31.58,22.75,98.83,65.62
2019-09-19,5.7,30.7,21.56,98.54,70.64
2019-09-20,3.31,33.33,23.41,96.64,66.65
2019-09-21,2.77,32.33,22.46,98.98,71.33
2019-09-22,7.23,33.32,22.42,98.55,65.66
2019-09-23,2.15,33.32,23.66,98.11,64.46
2019-09-24,12.5,33.69,22.07,98.37,58.36
2019-09-25,1.51,34.1,23.51,98.82,60.59
2019-09-26,0.0,32.74,23.66,98.6,68.27
2019-09-27,0.0,34.09,22.45,98.0,62.28
2019-09-28,0.0,32.98,23.69,98.74,66.8
2019-09-29,0.76,30.68,23.29,98.24,73.12
2019-09-30,6.98,34.15,22.1,98.09,58.18
2019-10-01,0.0,35.01,23.04,98.89,51.61
2019-10-02,0.0,32.44,23.59,99.28,69.7
2019-10-03,8.87,34.21,21.92,98.81,61.43
2019-10-04,0.0,33.96,21.69,98.66,60.52
2019-10-05,9.9,34.12,21.92,99.16,62.74
2019-10-06,0.01,34.81,22.52,99.18,58.9
2019-10-07,13.08,33.04,21.51,99.24,67.67
2019-10-08,12.6,34.85,21.21,99.3,63.56
2019-10-09,2.23,34.16,20.92,99.33,57.74
2019-10-10,0.01,35.35,22.93,97.12,51.71
2019-10-11,0.0,36.6,23.36,91.95,36.99
2019-10-12,0.0,36.57,22.84,83.77,38.21
2019-10-13,0.0,32.05,22.94,97.9,70.56
2019-10-14,5.9,32.36,21.94,98.56,66.12
2019-10-15,0.03,33.37,21.89,98.65,61.53
2019-10-16,1.46,33.57,22.43,97.7,65.1
2019-10-17,0.0,35.23,23.28,97.97,57.36
2019-10-18,0.0,34.24,23.93,98.84,68.98
2019-10-19,0.0,34.66,23.06,98.35,63.58
2019-10-20,0.1,34.8,23.35,98.72,59.54
2019-10-21,0.04,33.62,22.53,97.8,62.89
2019-10-22,0.0,36.12,21.9,97.64,43.63
2019-10-23,0.0,34.09,22.79,96.42,55.73
2019-10-24,0.0,33.97,23.02,95.95,62.69
2019-10-25,4.84,34.78,22.69,97.98,56.04
2019-10-26,0.0,36.04,23.78,98.07,48.56
2019-10-27,0.0,34.4,22.78,95.59,25.83
2019-10-28,0.0,34.58,18.35,75.84,29.9
2019-10-29,0.0,35.39,18.3,84.34,31.16
2019-10-30,0.0,36.04,19.08,72.62,24.21
2019-10-31,0.0,35.34,19.25,67.97,25.83
2019-11-01,0.0,36.72,18.55,80.89,27.59
2019-11-02,0.0,36.29,19.83,72.94,31.87
2019-11-03,0.0,37.51,21.03,82.65,23.99
2019-11-04,0.0,38.7,20.01,65.06,23.98
2019-11-05,0.0,38.57,20.44,76.99,28.67
2019-11-06,0.0,38.37,21.05,67.45,25.54
2019-11-07,0.0,37.56,20.14,76.77,30.99
2019-11-08,0.0,38.06,20.45,80.03,33.21
2019-11-09,0.0,38.34,20.15,66.99,25.25
2019-11-10,0.0,39.06,20.35,60.3,22.95
2019-11-11,0.0,36.43,21.07,63.41,22.26
2019-11-12,0.0,35.93,20.19,57.19,19.21
2019-11-13,0.0,36.66,18.58,50.49,16.46
2019-11-14,0.0,37.11,18.23,57.94,20.25
2019-11-15,0.0,37.71,19.68,67.31,24.08
2019-11-16,0.0,37.53,20.5,74.15,33.19
2019-11-17,0.0,37.11,21.97,69.24,21.36
2019-11-18,0.0,36.82,21.71,45.55,22.62
2019-11-19,0.0,36.41,21.05,45.22,20.67
2019-11-20,0.0,36.42,19.08,36.84,17.79
2019-11-21,0.0,37.82,19.11,42.14,18.07
2019-11-22,0.0,38.39,19.36,44.34,18.55
2019-11-23,0.0,37.75,19.7,46.01,20.76
2019-11-24,0.0,38.58,19.22,49.22,19.55
2019-11-25,0.0,38.78,19.63,50.31,20.36
2019-11-26,0.0,39.19,20.33,54.62,21.11
2019-11-27,0.0,39.19,19.9,57.82,22.9
2019-11-28,0.0,38.8,19.93,58.86,21.83
2019-11-29,0.0,39.41,19.79,55.29,19.28
2019-11-30,0.0,38.5,20.75,47.54,17.29
2019-12-01,0.0,38.79,19.37,46.75,17.18
2019-12-02,0.0,38.15,18.12,44.77,16.91
2019-12-03,0.0,38.1,17.7,52.03,18.46
2019-12-04,0.0,36.74,18.73,48.77,19.89
2019-12-05,0.0,36.12,17.94,49.88,20.57
2019-12-06,0.0,34.68,16.13,54.63,22.46
2019-12-07,0.0,35.47,16.6,50.16,21.71
2019-12-08,0.0,34.73,21.79,46.57,21.35
2019-12-09,0.0,36.82,18.84,47.33,18.51
2019-12-10,0.0,35.66,19.1,34.9,15.86
2019-12-11,0.0,34.61,16.77,41.46,17.08
2019-12-12,0.0,33.96,16.94,41.6,19.65
2019-12-13,0.0,35.31,15.37,46.85,18.77
2019-12-14,0.0,36.89,15.97,47.18,18.3
2019-12-15,0.0,38.07,16.8,48.15,22.46
2019-12-16,0.0,37.19,16.58,50.42,16.87
2019-12-17,0.0,36.46,16.62,43.06,13.32
2019-12-18,0.0,35.04,17.47,30.01,11.22
2019-12-19,0.0,34.87,16.52,40.88,16.54
2019-12-20,0.0,34.66,16.42,37.78,17.0
2019-12-21,0.0,36.11,17.35,36.34,18.35
2019-12-22,0.0,34.77,18.1,34.27,16.11
2019-12-23,0.0,36.52,17.41,34.58,14.96
2019-12-24,0.0,37.03,16.96,43.47,16.21
2019-12-25,0.0,36.63,16.42,45.09,14.28
2019-12-26,0.0,37.99,16.08,39.12,14.4
2019-12-27,0.0,37.73,16.54,41.84,17.14
2019-12-28,0.0,37.33,17.31,41.45,13.51
2019-12-29,0.0,35.33,16.62,33.42,13.17
2019-12-30,0.0,35.56,16.63,31.53,12.66
2019-12-31,0.0,33.57,16.6,30.09,13.02
2020-01-01,0.0,32.62,16.47,32.77,15.98
2020-01-02,0.0,31.58,15.61,30.09,14.83
2020-01-03,0.0,32.39,17.25,29.87,15.7
2020-01-04,0.0,31.88,16.62,31.65,14.22
2020-01-05,0.0,31.78,15.31,31.31,14.59
2020-01-06,0.0,31.62,13.89,37.5,15.42
2020-01-07,0.0,31.37,14.17,39.3,16.17
2020-01-08,0.0,31.5,14.2,34.99,15.35
2020-01-09,0.0,31.54,16.01,29.51,15.11
2020-01-10,0.0,31.69,15.67,26.78,14.18
2020-01-11,0.0,32.68,16.82,24.44,12.93
2020-01-12,0.0,32.43,16.47,22.87,13.38
2020-01-13,0.0,31.59,16.97,22.42,11.91
2020-01-14,0.0,31.27,16.03,27.61,14.45
2020-01-15,0.0,31.96,14.48,30.93,13.41
2020-01-16,0.0,33.49,14.71,28.63,11.03
2020-01-17,0.0,33.8,15.16,24.59,11.35
2020-01-18,0.0,35.27,17.35,32.44,15.33
2020-01-19,0.0,34.95,17.66,32.87,14.38
2020-01-20,0.0,36.67,15.9,44.5,15.96
2020-01-21,0.0,37.83,18.5,44.9,15.19
2020-01-22,0.0,37.71,20.42,45.03,19.82
2020-01-23,0.0,34.63,22.38,38.51,23.28
2020-01-24,0.0,39.96,22.86,35.77,16.33
2020-01-25,0.0,38.98,21.98,38.51,11.95
2020-01-26,0.0,38.28,18.87,29.41,9.43
2020-01-27,0.0,39.38,19.51,27.27,7.81
2020-01-28,0.0,39.2,18.43,26.39,8.28
2020-01-29,0.0,39.24,18.68,25.19,7.73
2020-01-30,0.0,39.28,20.81,29.26,9.58
2020-01-31,0.0,37.39,19.78,32.4,14.47
2020-02-01,0.0,39.33,18.5,36.3,12.34
2020-02-02,0.0,39.32,20.97,48.17,18.42
2020-02-03,0.0,38.91,20.08,33.81,11.4
2020-02-04,0.0,38.04,19.55,29.72,9.94
2020-02-05,0.0,37.99,17.89,26.62,10.7
2020-02-06,0.0,38.01,18.83,22.73,9.93
2020-02-07,0.0,37.9,19.03,24.01,9.4
2020-02-08,0.0,37.41,19.08,24.73,10.53
2020-02-09,0.0,37.24,18.37,32.73,10.83
2020-02-10,0.0,37.41,17.74,25.02,11.82
2020-02-11,0.0,38.65,19.07,33.6,15.54
2020-02-12,0.0,37.44,21.39,37.16,17.61
2020-02-13,0.0,38.02,21.11,31.32,10.91
2020-02-14,0.0,38.4,20.51,21.93,10.76
2020-02-15,0.0,38.79,20.8,28.98,11.65
2020-02-16,0.0,39.86,20.73,26.84,10.01
2020-02-17,0.0,40.13,21.0,26.55,8.28
2020-02-18,0.0,39.97,20.7,24.66,9.23
2020-02-19,0.0,40.73,20.34,25.18,10.87
2020-02-20,0.0,40.83,20.77,26.5,10.72
2020-02-21,0.0,42.12,22.15,26.39,11.5
2020-02-22,0.0,42.24,23.94,29.89,13.21
2020-02-23,0.0,41.99,24.72,27.26,14.2
2020-02-24,0.0,42.19,25.8,19.98,8.29
2020-02-25,0.0,40.83,25.71,16.6,10.22
2020-02-26,0.0,40.84,23.19,19.7,10.0
2020-02-27,0.0,40.73,23.07,21.61,9.99
2020-02-28,0.0,41.2,21.14,23.5,9.17
2020-02-29,0.0,40.37,22.04,19.32,7.59
2020-03-01,0.0,40.09,21.6,17.94,6.97
2020-03-02,0.0,39.63,20.98,20.71,7.08
2020-03-03,0.0,40.7,21.8,15.61,7.21
2020-03-04,0.0,41.75,22.95,19.66,8.07
2020-03-05,0.0,42.55,22.43,22.19,8.1
2020-03-06,0.0,42.37,23.18,26.3,8.06
2020-03-07,0.0,41.76,22.87,38.0,10.84
2020-03-08,0.0,42.33,23.24,33.15,10.45
2020-03-09,0.0,42.1,23.37,32.14,9.49
2020-03-10,0.0,40.93,23.3,28.54,9.62
2020-03-11,0.0,40.56,22.45,22.73,8.0
2020-03-12,0.0,40.96,22.39,15.87,6.39
2020-03-13,0.0,40.62,21.99,19.56,7.72
2020-03-14,0.0,41.36,22.58,23.6,7.35
2020-03-15,0.0,40.72,22.51,22.52,8.98
2020-03-16,0.0,40.78,21.74,24.3,7.07
2020-03-17,0.0,41.74,22.01,21.32,8.81
2020-03-18,0.0,41.12,22.28,27.48,10.83
2020-03-19,0.0,41.07,22.53,30.9,12.68
2020-03-20,0.0,40.94,22.6,32.17,13.03
2020-03-21,0.0,41.47,23.4,28.66,12.9
2020-03-22,0.0,41.65,23.84,29.77,12.6
2020-03-23,0.0,38.86,23.72,29.64,14.47
2020-03-24,0.0,35.88,21.2,39.9,19.93
2020-03-25,0.0,39.18,21.14,29.0,14.51
2020-03-26,0.0,40.39,21.88,30.05,12.48
2020-03-27,0.0,39.5,23.07,32.26,16.16
2020-03-28,0.0,40.55,23.51,40.59,16.53
2020-03-29,0.0,42.01,24.13,31.54,15.36
2020-03-30,0.0,43.41,25.03,30.41,12.93
2020-03-31,0.0,44.26,25.56,32.44,12.42
2020-04-01,0.0,44.66,27.14,27.44,14.15
2020-04-02,0.0,44.88,28.69,35.87,14.3
2020-04-03,0.0,44.01,28.46,37.42,12.08
2020-04-04,0.0,43.11,27.44,33.11,13.77
2020-04-05,0.0,43.1,26.7,35.61,13.76
2020-04-06,0.0,44.95,26.77,28.33,9.79
2020-04-07,0.0,44.77,27.32,38.83,11.35
2020-04-08,0.0,43.91,26.56,39.49,10.8
2020-04-09,0.0,44.0,26.44,23.75,7.99
2020-04-10,0.0,43.66,26.43,38.85,11.33
2020-04-11,0.0,42.47,26.22,58.17,17.34
2020-04-12,0.0,42.63,27.2,52.04,18.2
2020-04-13,0.0,39.39,27.55,55.27,25.48
2020-04-14,0.0,41.24,26.57,56.22,22.61
2020-04-15,0.0,42.7,26.84,43.81,21.36
2020-04-16,0.01,43.05,28.68,63.33,23.75
2020-04-17,0.0,43.36,27.8,43.4,16.43
2020-04-18,0.0,39.33,27.27,38.14,20.99
2020-04-19,0.0,41.23,24.71,42.15,16.32
2020-04-20,0.0,43.43,26.85,29.82,13.28
2020-04-21,0.0,43.19,26.84,28.49,12.51
2020-04-22,0.0,43.82,27.1,27.97,12.3
2020-04-23,0.0,42.26,27.14,45.39,12.86
2020-04-24,0.0,38.5,25.79,46.15,20.25
2020-04-25,0.0,41.51,24.99,36.4,16.97
2020-04-26,0.0,43.51,28.24,28.72,14.33
2020-04-27,0.0,45.02,29.95,29.65,14.14
2020-04-28,0.0,45.59,29.7,30.64,12.42
2020-04-29,0.0,45.36,29.86,36.27,14.94
2020-04-30,0.0,44.9,29.98,44.06,17.9
2020-05-01,0.0,45.55,30.27,38.84,10.6
2020-05-02,0.0,45.03,29.07,46.97,15.16
2020-05-03,0.0,45.14,28.87,35.81,12.55
2020-05-04,0.0,44.3,27.45,40.19,13.01
2020-05-05,0.0,44.33,27.46,52.59,13.24
2020-05-06,0.0,44.4,27.86,54.2,12.48
2020-05-07,0.0,42.36,28.08,48.82,18.87
2020-05-08,0.01,43.24,29.06,52.16,20.58
2020-05-09,0.0,44.52,30.5,45.72,18.69
2020-05-10,0.0,39.97,27.43,63.41,29.24
2020-05-11,0.0,41.27,27.11,60.09,26.47
2020-05-12,0.0,41.85,27.73,53.39,22.77
2020-05-13,0.01,44.89,28.15,43.12,14.51
2020-05-14,0.0,43.48,29.15,53.4,23.13
2020-05-15,0.0,44.73,29.24,45.95,17.51
2020-05-16,0.0,45.06,29.14,39.84,15.98
2020-05-17,0.0,44.11,29.47,45.27,21.45
2020-05-18,0.0,43.52,29.98,45.33,19.12
2020-05-19,0.0,41.53,28.44,45.53,18.39
2020-05-20,0.0,42.37,26.79,40.35,18.2
2020-05-21,0.0,43.45,27.43,43.65,17.79
2020-05-22,0.0,43.35,28.32,49.67,23.14
2020-05-23,0.0,42.86,28.88,55.83,23.33
2020-05-24,0.0,42.83,28.39,55.29,20.74
2020-05-25,0.0,41.48,26.71,47.99,9.47
2020-05-26,0.0,44.25,28.06,33.88,11.6
2020-05-27,0.0,42.31,28.84,56.31,22.54
2020-05-28,0.0,42.61,28.07,69.29,25.5
2020-05-29,0.02,43.79,30.48,52.61,23.74
2020-05-30,0.14,37.91,25.81,81.74,54.85
2020-05-31,0.0,35.97,25.67,83.96,56.1
2020-06-01,0.29,38.27,24.97,88.88,39.22
2020-06-02,0.0,39.43,26.5,83.22,31.78
2020-06-03,0.0,40.94,27.43,72.84,22.14
2020-06-04,0.0,41.13,27.79,58.91,24.08
2020-06-05,0.0,38.89,27.65,62.72,28.62
2020-06-06,1.66,40.48,29.23,58.12,30.48
2020-06-07,31.34,39.16,27.18,79.43,38.29
2020-06-08,0.84,34.15,24.22,97.76,56.54
2020-06-09,1.9,33.29,24.68,91.88,63.12
2020-06-10,0.03,32.41,24.33,88.74,62.62
2020-06-11,0.0,36.4,25.02,87.48,50.17
2020-06-12,13.19,35.56,26.39,86.68,58.34
2020-06-13,0.0,32.66,23.2,92.71,62.5
2020-06-14,9.08,37.26,24.92,92.71,49.1
2020-06-15,0.0,33.81,24.35,96.88,60.17
2020-06-16,0.0,35.31,24.99,89.98,54.54
2020-06-17,0.0,35.86,24.74,88.98,51.1
2020-06-18,1.09,36.59,26.0,86.08,47.79
2020-06-19,0.0,33.76,25.81,86.16,61.47
2020-06-20,0.31,34.34,25.66,90.1,60.35
2020-06-21,0.04,36.01,25.53,89.8,54.28
2020-06-22,0.01,36.25,26.23,88.63,46.85
2020-06-23,0.22,33.1,25.51,90.64,58.08
2020-06-24,18.53,37.27,23.98,90.47,46.96
2020-06-25,0.04,33.46,23.93,96.43,61.9
2020-06-26,6.67,35.2,24.34,95.77,54.24
2020-06-27,5.2,31.79,25.04,96.87,61.04
2020-06-28,0.0,33.55,24.45,94.34,54.01
2020-06-29,0.11,34.71,24.09,86.91,53.52
2020-06-30,0.04,34.2,24.69,92.58,57.67
2020-07-01,5.27,33.66,24.12,95.4,60.19
2020-07-02,5.35,34.38,23.05,98.02,52.69
2020-07-03,9.96,34.09,22.78,97.09,54.6
2020-07-04,0.0,34.58,23.83,91.89,54.13
2020-07-05,0.0,33.55,24.55,82.6,56.3
2020-07-06,1.6,34.83,23.86,89.25,55.8
2020-07-07,0.0,33.34,24.36,93.29,58.77
2020-07-08,0.0,35.48,25.77,85.72,43.68
2020-07-09,0.02,34.5,24.42,80.89,47.58
2020-07-10,0.0,34.64,25.25,80.35,49.86
2020-07-11,1.66,33.8,24.25,91.19,55.93
2020-07-12,7.52,32.82,23.4,95.64,56.73
2020-07-13,15.96,31.75,22.24,97.0,55.9
2020-07-14,0.0,32.21,23.41,96.69,59.99
2020-07-15,0.09,31.47,23.0,93.74,64.71
2020-07-16,11.39,32.82,22.74,93.65,56.83
2020-07-17,7.49,33.67,23.08,93.59,54.44
2020-07-18,6.18,32.93,23.02,95.99,62.18
2020-07-19,0.0,33.74,23.35,95.64,57.38
2020-07-20,22.11,32.38,23.09,97.68,63.39
2020-07-21,1.86,34.69,22.85,99.29,61.81
2020-07-22,0.0,33.92,23.64,91.56,56.43
2020-07-23,3.58,33.33,24.45,91.97,58.28
2020-07-24,2.5,34.0,23.96,95.59,57.79
2020-07-25,4.93,31.87,22.82,94.53,65.68
2020-07-26,2.91,32.39,22.99,98.95,60.95
2020-07-27,6.74,33.36,23.85,95.78,58.85
2020-07-28,1.29,33.59,24.14,91.66,57.66
2020-07-29,25.51,32.77,23.4,96.91,60.08
2020-07-30,21.34,27.58,23.03,99.2,83.56
2020-07-31,1.83,32.61,23.19,99.06,60.16
2020-08-01,0.34,30.97,23.72,97.03,70.78
2020-08-02,1.75,32.31,22.93,99.09,63.11
2020-08-03,0.0,31.66,22.39,98.47,66.26
2020-08-04,1.97,30.84,22.7,97.64,69.36
2020-08-05,2.83,30.61,22.52,97.14,65.15
2020-08-06,3.0,31.36,22.53,97.32,65.7
2020-08-07,0.0,31.16,23.21,99.17,73.8
2020-08-08,0.7,33.18,23.42,95.93,61.25
2020-08-09,13.39,32.17,23.35,97.07,63.94
2020-08-10,1.77,32.55,22.91,98.14,65.41
2020-08-11,0.11,31.76,23.42,91.53,67.11
2020-08-12,2.13,30.85,23.08,97.36,70.95
2020-08-13,0.0,29.01,22.39,98.05,79.08
2020-08-14,0.22,29.06,21.14,98.96,77.68
2020-08-15,24.79,31.24,22.16,98.85,73.22
2020-08-16,0.01,32.46,23.3,99.37,68.17
2020-08-17,0.0,33.58,23.93,93.51,58.69
2020-08-18,9.03,32.4,22.76,94.08,62.99
2020-08-19,0.0,32.81,23.65,95.31,65.95
2020-08-20,17.66,30.67,22.82,99.2,69.75
2020-08-21,0.1,32.96,22.32,99.06,58.62
2020-08-22,28.61,33.02,21.96,84.8,58.81
2020-08-23,0.12,32.0,23.53,95.2,64.83
2020-08-24,0.0,33.24,22.98,99.04,60.2
2020-08-25,11.51,32.27,23.06,88.95,64.81
2020-08-26,12.43,29.38,21.87,98.72,75.59
2020-08-27,0.05,30.19,21.78,98.19,67.76
2020-08-28,0.0,32.5,21.92,99.34,59.6
2020-08-29,0.04,31.59,23.07,87.97,64.75
2020-08-30,0.0,31.53,23.13,94.75,67.09
2020-08-31,0.0,32.12,23.18,97.84,66.94
2020-09-01,48.82,30.8,21.06,99.61,68.02
2020-09-02,5.02,29.69,21.39,99.4,74.11
2020-09-03,19.59,32.51,21.41,99.34,63.03
2020-09-04,4.51,29.07,21.45,99.73,80.7
2020-09-05,42.41,28.57,21.66,99.57,82.14
2020-09-06,7.84,30.94,21.57,99.04,66.9
2020-09-07,0.09,30.94,21.41,98.66,64.79
2020-09-08,9.71,31.95,21.52,99.59,65.15
2020-09-09,5.3,28.75,21.4,99.6,86.26
2020-09-10,13.57,31.33,21.85,98.63,68.79
2020-09-11,19.15,32.17,21.92,97.43,63.81
2020-09-12,1.96,32.51,21.4,97.75,59.39
2020-09-13,2.22,32.17,22.13,91.73,64.86
2020-09-14,6.21,31.98,21.65,98.65,68.11
2020-09-15,0.0,32.44,22.26,98.21,65.4
2020-09-16,0.1,32.63,22.63,96.66,62.34
2020-09-17,1.7,31.71,22.69,97.7,68.2
2020-09-18,3.73,28.72,22.06,97.04,76.14
2020-09-19,5.22,30.77,21.71,98.48,68.26
2020-09-20,36.16,32.17,22.56,97.59,64.86
2020-09-21,6.74,29.6,21.1,98.66,75.6
2020-09-22,0.0,30.88,22.0,96.82,65.97
2020-09-23,3.58,32.41,21.48,97.56,59.25
2020-09-24,3.79,30.4,22.49,95.23,71.36
2020-09-25,0.36,33.87,21.93,97.53,57.51
2020-09-26,0.17,32.7,22.43,92.38,63.0
2020-09-27,2.38,32.83,21.83,98.21,59.4
2020-09-28,0.0,32.79,21.6,97.78,59.23
2020-09-29,0.0,32.94,22.45,97.45,59.43
2020-09-30,4.87,33.88,22.86,97.04,56.45
2020-10-01,0.0,33.79,20.93,95.35,54.25
2020-10-02,0.04,34.31,22.33,98.04,59.53
2020-10-03,31.46,32.3,21.48,97.52,70.19
2020-10-04,0.11,30.07,21.08,98.74,71.36
2020-10-05,0.0,30.97,21.07,97.28,66.69
2020-10-06,0.35,32.56,21.73,97.65,60.46
2020-10-07,1.93,31.68,21.49,97.39,66.95
2020-10-08,0.0,33.79,21.74,95.06,58.78
2020-10-09,0.0,32.89,21.24,96.99,63.07
2020-10-10,2.97,33.33,21.19,97.84,60.61
2020-10-11,0.0,32.0,21.07,96.79,61.36
2020-10-12,11.1,30.92,21.26,96.06,68.37
2020-10-13,1.2,31.82,21.02,96.81,65.21
2020-10-14,0.54,32.8,21.44,95.52,60.19
2020-10-15,0.0,32.41,21.79,95.07,63.99
2020-10-16,0.0,31.93,22.4,97.31,66.87
2020-10-17,0.6,32.62,21.84,96.46,61.9
2020-10-18,0.0,34.35,22.15,97.6,48.92
2020-10-19,0.0,35.44,22.01,95.57,40.63
2020-10-20,0.0,35.05,21.08,91.78,39.0
2020-10-21,0.0,34.41,20.98,94.49,41.74
2020-10-22,0.0,34.98,21.13,93.19,37.59
2020-10-23,0.0,35.28,21.16,80.83,33.62
2020-10-24,0.0,35.6,22.67,82.08,36.86
2020-10-25,0.0,35.89,22.65,85.53,32.26
2020-10-26,0.03,34.48,20.82,76.27,29.79
2020-10-27,0.0,34.54,19.68,78.11,28.6
2020-10-28,0.0,34.86,19.0,76.91,30.02
2020-10-29,0.0,35.12,19.61,72.16,28.28
2020-10-30,0.0,35.3,19.33,77.79,31.66
2020-10-31,0.0,35.01,19.79,77.0,32.57
2020-11-01,0.0,36.8,18.58,77.6,28.49
2020-11-02,0.0,36.94,19.59,65.41,25.46
2020-11-03,0.0,36.56,18.97,89.86,32.64
2020-11-04,0.0,35.75,19.17,93.46,42.86
2020-11-05,0.0,33.37,19.76,94.48,53.21
2020-11-06,0.65,32.61,19.83,95.35,59.26
2020-11-07,0.0,37.81,20.31,92.64,33.14
2020-11-08,0.0,38.16,20.28,67.84,20.0
2020-11-09,0.0,36.29,17.44,62.18,28.49
2020-11-10,0.0,36.85,18.23,74.76,31.16
2020-11-11,0.0,36.35,17.92,65.26,24.07
2020-11-12,0.0,36.24,17.22,59.04,21.96
2020-11-13,0.0,36.07,17.44,53.1,19.11
2020-11-14,0.0,35.81,16.59,56.33,19.85
2020-11-15,0.0,36.15,16.28,63.14,22.04
2020-11-16,0.0,36.26,16.45,59.57,20.95
2020-11-17,0.0,36.28,17.85,56.3,23.24
2020-11-18,0.0,36.15,17.74,55.28,18.39
2020-11-19,0.0,35.28,16.05,56.19,20.31
2020-11-20,0.0,36.0,16.57,56.87,25.11
2020-11-21,0.0,36.31,18.53,59.07,28.7
2020-11-22,0.0,35.93,18.5,77.88,24.55
2020-11-23,0.0,35.76,17.48,58.25,21.21
2020-11-24,0.0,32.01,18.32,44.45,21.75
2020-11-25,0.0,31.01,15.7,41.72,19.75
2020-11-26,0.0,30.64,14.03,47.39,20.05
2020-11-27,0.0,33.34,13.81,57.93,20.51
2020-11-28,0.0,33.45,14.93,51.31,19.14
2020-11-29,0.0,34.3,16.65,51.32,23.64
2020-11-30,0.0,35.67,18.85,61.06,25.11
2020-12-01,0.0,37.49,18.37,60.51,27.86
2020-12-02,0.0,37.38,19.43,55.54,26.72
2020-12-03,0.0,36.5,18.16,67.95,28.86
2020-12-04,0.0,36.93,17.48,70.05,28.71
2020-12-05,0.0,37.28,19.6,61.88,25.63
2020-12-06,0.0,36.14,18.57,57.76,26.39
2020-12-07,0.0,34.83,17.7,58.1,29.34
2020-12-08,0.0,35.02,17.27,57.03,28.63
2020-12-09,0.0,35.45,16.79,57.28,25.81
2020-12-10,0.0,35.49,17.29,50.49,22.36
2020-12-11,0.0,33.43,16.92,41.04,19.22
2020-12-12,0.0,34.2,16.42,43.93,18.43
2020-12-13,0.0,34.95,16.13,44.54,19.01
2020-12-14,0.0,34.59,16.05,47.21,21.62
2020-12-15,0.0,36.16,16.3,55.06,22.45
2020-12-16,0.0,37.08,17.78,54.28,20.26
2020-12-17,0.0,37.28,17.58,51.28,18.99
2020-12-18,0.0,35.33,18.09,49.88,22.07
2020-12-19,0.0,32.87,15.42,53.76,22.88
2020-12-20,0.0,31.01,15.55,44.55,20.64
2020-12-21,0.0,31.06,16.02,40.54,22.16
2020-12-22,0.0,29.95,15.12,38.67,19.92
2020-12-23,0.0,32.3,16.18,39.42,21.71
2020-12-24,0.0,33.74,15.06,52.29,23.79
2020-12-25,0.0,36.25,16.77,53.64,22.85
2020-12-26,0.0,38.03,18.61,44.25,19.42
2020-12-27,0.0,38.45,18.45,43.68,17.89
2020-12-28,0.0,38.19,17.9,49.1,19.39
2020-12-29,0.0,37.36,18.14,40.69,16.81
2020-12-30,0.0,38.76,17.86,42.09,17.28
2020-12-31,0.0,38.6,18.6,42.77,19.64
2021-01-01,0.0,39.6,18.27,47.14,19.47
2021-01-02,0.0,37.45,17.63,58.15,21.68
2021-01-03,0.0,37.18,16.46,45.48,18.78
2021-01-04,0.0,37.73,15.92,42.52,17.76
2021-01-05,0.0,38.01,17.68,39.94,15.57
2021-01-06,0.0,39.08,16.66,37.82,14.79
2021-01-07,0.0,40.13,16.19,54.27,13.61
2021-01-08,0.0,39.12,16.33,49.98,18.93
2021-01-09,0.0,37.9,17.69,44.71,16.92
2021-01-10,0.0,34.79,18.3,50.24,24.39
2021-01-11,0.0,32.66,17.51,40.72,18.57
2021-01-12,0.0,33.97,17.0,36.3,17.06
2021-01-13,0.0,36.07,17.95,37.96,14.96
2021-01-14,0.0,36.6,16.6,29.57,12.48
2021-01-15,0.0,35.5,16.95,29.84,13.5
2021-01-16,0.0,33.99,16.22,28.06,14.04
2021-01-17,0.0,33.59,16.47,24.37,10.54
2021-01-18,0.0,34.39,17.0,25.21,11.19
2021-01-19,0.0,35.2,15.05,31.52,13.38
2021-01-20,0.0,38.25,13.79,40.07,13.48
2021-01-21,0.0,38.29,16.91,30.99,12.85
2021-01-22,0.0,37.28,17.11,27.41,11.44
2021-01-23,0.0,35.4,17.54,27.02,12.44
2021-01-24,0.0,36.09,13.55,28.54,10.73
2021-01-25,0.0,36.99,13.19,29.51,8.33
2021-01-26,0.0,38.46,13.28,32.88,7.99
2021-01-27,0.0,38.27,17.39,34.3,8.41
2021-01-28,0.0,37.21,18.29,28.4,8.41
2021-01-29,0.0,37.8,16.91,39.81,9.92
2021-01-30,0.0,39.12,15.18,43.86,26.39
2021-01-31,0.0,36.76,18.66,31.61,9.75
2021-02-01,0.0,37.9,20.68,24.12,10.47
2021-02-02,0.0,38.9,18.43,28.34,11.31
2021-02-03,0.0,39.11,18.56,35.37,12.85
2021-02-04,0.0,39.43,19.12,42.46,10.95
2021-02-05,0.0,33.86,20.97,39.53,17.95
2021-02-06,0.0,31.85,18.31,44.35,27.81
2021-02-07,0.0,33.69,18.82,41.43,19.6
2021-02-08,0.0,34.85,18.92,31.43,18.85
2021-02-09,0.0,36.01,19.79,37.79,13.81
2021-02-10,0.0,37.6,21.2,27.02,14.04
2021-02-11,0.0,39.08,20.22,33.54,13.45
2021-02-12,0.0,40.72,20.31,35.86,11.91
2021-02-13,0.0,40.81,18.56,37.87,10.53
2021-02-14,0.0,39.35,22.24,38.22,12.14
2021-02-15,0.0,40.06,21.82,31.38,10.42
2021-02-16,0.0,38.53,21.19,34.48,12.88
2021-02-17,0.0,34.59,24.6,29.96,18.34
2021-02-18,0.0,36.91,25.09,35.41,19.47
2021-02-19,0.0,36.53,26.15,39.74,17.85
2021-02-20,0.0,39.38,26.0,33.39,16.62
2021-02-21,0.0,41.22,25.09,26.62,14.91
2021-02-22,0.0,41.58,23.93,27.44,13.11
2021-02-23,0.0,40.88,21.48,33.63,12.71
2021-02-24,0.0,39.97,20.16,32.82,10.92
2021-02-25,0.0,38.63,21.31,26.5,12.74
2021-02-26,0.0,35.95,22.4,27.87,13.92
2021-02-27,0.0,31.23,19.44,26.93,14.84
2021-02-28,0.0,37.36,19.11,33.92,14.93
2021-03-01,0.0,38.49,20.24,35.44,14.81
2021-03-02,0.0,40.34,22.12,29.47,13.71
2021-03-03,0.0,40.59,24.16,28.4,15.72
2021-03-04,0.0,41.02,22.78,41.02,20.86
2021-03-05,0.0,40.02,23.54,46.65,20.44
2021-03-06,0.0,41.66,23.99,56.69,20.14
2021-03-07,0.0,40.84,24.2,56.82,18.44
2021-03-08,0.0,39.55,23.89,35.81,17.3
2021-03-09,0.0,38.43,23.22,34.47,19.24
2021-03-10,0.0,37.09,22.4,40.27,20.67
2021-03-11,0.0,36.45,22.48,30.85,17.65
2021-03-12,0.0,37.03,22.88,31.49,18.16
2021-03-13,0.0,37.48,21.38,33.85,16.55
2021-03-14,0.0,38.93,22.22,35.5,15.41
2021-03-15,0.0,39.92,22.69,37.11,16.3
2021-03-16,0.0,40.08,21.87,41.51,16.82
2021-03-17,0.0,40.49,21.46,45.23,16.42
2021-03-18,0.0,40.71,23.48,32.76,17.11
2021-03-19,0.0,39.58,22.47,54.94,48.06
2021-03-20,0.0,40.1,23.37,56.09,21.65
2021-03-21,0.0,41.22,23.44,46.67,18.41
2021-03-22,0.0,41.17,23.14,39.07,16.33
2021-03-23,0.01,41.37,25.14,38.9,17.56
2021-03-24,0.0,42.63,26.99,30.98,13.98
2021-03-25,0.0,42.45,26.43,33.36,14.56
2021-03-26,0.0,41.54,25.29,33.47,15.1
2021-03-27,0.0,41.97,25.74,27.07,13.19
2021-03-28,0.0,42.87,23.61,47.89,15.63
2021-03-29,0.0,41.86,25.41,35.6,18.04
2021-03-30,0.0,40.58,27.18,48.25,22.56
2021-03-31,0.0,42.13,25.51,44.47,18.92
2021-04-01,0.0,44.16,27.18,34.52,16.15
2021-04-02,0.0,42.44,27.97,57.96,20.87
2021-04-03,0.0,41.98,25.95,57.82,21.04
2021-04-04,0.0,42.63,25.57,49.79,19.56
2021-04-05,0.0,44.07,25.46,54.46,12.1
2021-04-06,0.0,42.84,26.29,64.67,15.0
2021-04-07,0.0,41.25,24.57,48.77,17.82
2021-04-08,0.0,44.28,25.05,40.52,13.02
2021-04-09,0.0,43.27,26.06,56.71,16.73
2021-04-10,0.0,43.17,27.08,50.79,17.72
2021-04-11,0.0,44.0,27.15,55.0,15.35
2021-04-12,0.0,44.71,26.42,57.04,11.71
2021-04-13,0.0,43.7,27.54,54.15,14.45
2021-04-14,0.0,42.05,27.06,43.69,15.85
2021-04-15,0.0,42.12,26.91,52.98,14.78
2021-04-16,0.0,43.22,27.45,42.5,12.53
2021-04-17,0.01,43.17,26.75,35.95,11.44
2021-04-18,0.0,43.38,27.75,47.22,14.65
2021-04-19,0.0,43.92,27.94,41.73,12.19
2021-04-20,0.0,44.49,26.84,42.98,7.51
2021-04-21,0.0,42.44,26.04,50.92,14.82
2021-04-22,0.0,42.53,25.64,46.03,15.85
2021-04-23,0.0,42.01,27.82,37.3,14.21
2021-04-24,0.0,43.22,26.09,43.59,14.74
2021-04-25,0.0,42.55,25.12,45.48,16.48
2021-04-26,0.0,42.41,25.99,34.07,18.1
2021-04-27,0.0,43.66,28.55,34.32,13.75
2021-04-28,0.0,43.15,26.65,41.0,17.63
2021-04-29,0.0,44.35,27.36,43.12,13.26
2021-04-30,0.0,41.38,26.19,44.64,19.68
2021-05-01,0.0,44.3,29.26,31.9,17.22
2021-05-02,0.0,40.74,28.65,40.95,9.41
2021-05-03,0.0,41.81,27.2,46.74,9.11
2021-05-04,0.0,41.93,27.85,29.73,15.39
2021-05-05,0.0,42.49,27.27,36.79,12.53
2021-05-06,0.0,43.66,28.41,33.82,13.45
2021-05-07,0.0,41.98,30.26,52.16,21.87
2021-05-08,0.0,44.59,28.77,45.83,13.58
2021-05-09,0.0,42.19,27.85,51.71,17.21
2021-05-10,0.0,43.1,27.43,46.11,14.45
2021-05-11,0.01,42.02,27.95,41.65,19.21
2021-05-12,0.0,37.53,30.35,45.03,29.85
2021-05-13,0.0,44.52,29.97,54.82,14.48
2021-05-14,0.0,45.99,28.54,46.04,9.64
2021-05-15,0.0,44.14,28.45,53.68,14.35
2021-05-16,0.0,42.75,28.84,50.03,16.33
2021-05-17,0.0,43.76,29.75,35.82,14.93
2021-05-18,0.0,44.91,29.74,50.77,19.02
2021-05-19,0.0,41.9,29.63,57.44,24.17
2021-05-20,2.67,41.55,29.88,54.92,21.61
2021-05-21,0.0,41.03,27.92,62.89,19.2
2021-05-22,0.0,41.21,27.7,45.52,14.72
2021-05-23,0.0,40.61,25.44,41.14,16.84
2021-05-24,0.0,42.77,26.51,42.65,12.83
2021-05-25,0.0,41.76,28.06,45.86,22.4
2021-05-26,0.0,40.71,27.96,52.52,24.24
2021-05-27,0.0,41.76,28.34,46.01,23.71
2021-05-28,0.0,42.07,28.92,49.28,16.29
2021-05-29,0.0,42.06,27.43,43.33,16.13
2021-05-30,0.0,42.86,28.18,44.03,19.72
2021-05-31,0.0,40.35,28.36,53.61,28.74
2021-06-01,0.0,40.9,27.18,61.34,27.94
2021-06-02,0.0,42.03,27.78,50.35,20.2
2021-06-03,1.43,43.37,28.51,52.3,20.96
2021-06-04,0.12,42.43,30.07,54.07,23.32
2021-06-05,0.0,39.54,29.17,61.42,29.82
2021-06-06,0.0,40.85,28.99,62.03,23.54
2021-06-07,1.03,41.2,29.82,58.63,27.77
2021-06-08,10.95,40.21,29.33,64.42,29.17
2021-06-09,0.0,35.18,25.67,86.31,48.05
2021-06-10,22.13,37.52,26.6,78.64,37.92
2021-06-11,6.47,32.43,23.21,94.12,55.21
2021-06-12,0.0,37.5,26.08,87.68,39.15
2021-06-13,1.93,35.27,26.89,77.98,40.12
2021-06-14,1.1,36.71,25.89,82.18,42.12
2021-06-15,0.9,32.9,24.8,82.46,45.47
2021-06-16,0.0,35.09,26.15,81.88,47.24
2021-06-17,0.0,37.44,27.91,78.21,38.54
2021-06-18,0.0,37.76,28.43,68.35,28.12
2021-06-19,0.0,37.95,27.22,61.42,26.42
2021-06-20,0.09,35.58,27.0,67.24,36.62
2021-06-21,0.01,34.66,26.15,79.02,51.22
2021-06-22,0.0,36.51,27.37,74.35,40.53
2021-06-23,0.0,38.23,27.97,66.5,28.8
2021-06-24,1.11,34.32,23.6,84.16,44.79
2021-06-25,4.64,38.72,26.61,78.98,36.66
2021-06-26,5.59,33.38,24.68,89.07,46.33
2021-06-27,10.51,36.0,23.66,92.5,48.77
2021-06-28,0.25,37.64,24.88,88.94,36.98
2021-06-29,0.31,36.56,26.53,75.02,37.95
2021-06-30,0.0,36.4,27.54,76.97,42.59
2021-07-01,10.99,31.86,23.52,89.62,58.82
2021-07-02,3.13,35.7,23.74,92.43,49.34
2021-07-03,0.0,34.49,23.43,90.68,47.02
2021-07-04,0.0,35.81,25.64,75.17,40.43
2021-07-05,5.81,33.77,24.31,83.82,44.0
2021-07-06,0.29,34.92,24.18,87.01,41.94
2021-07-07,4.33,37.79,25.43,86.18,37.79
2021-07-08,0.0,36.18,23.76,88.72,41.48
2021-07-09,0.0,35.06,25.79,88.75,52.0
2021-07-10,0.37,34.98,26.0,82.25,45.31
2021-07-11,26.21,34.58,24.42,90.13,50.59
2021-07-12,0.0,33.63,23.19,94.82,55.26
2021-07-13,0.0,34.69,23.85,90.83,52.22
2021-07-14,0.0,34.47,23.3,85.32,52.61
2021-07-15,0.0,35.11,25.75,87.05,48.81
2021-07-16,0.0,35.28,26.0,86.95,51.77
2021-07-17,0.0,33.69,23.06,91.96,53.29
2021-07-18,0.0,35.06,25.92,87.52,48.89
2021-07-19,0.0,34.8,25.15,83.9,47.19
2021-07-20,0.0,34.65,25.62,84.35,49.61
2021-07-21,0.0,34.2,27.17,81.47,53.06
2021-07-22,0.0,35.21,27.42,82.71,43.71
2021-07-23,0.02,34.17,26.46,73.74,43.39
2021-07-24,14.02,35.79,25.05,90.03,40.93
2021-07-25,0.09,33.97,24.8,88.41,55.09
2021-07-26,0.0,34.58,25.55,89.04,54.55
2021-07-27,0.0,35.88,26.37,85.91,48.79
2021-07-28,9.84,33.24,26.09,88.93,58.27
2021-07-29,5.43,31.27,24.19,92.61,58.55
2021-07-30,42.02,32.41,23.4,95.5,60.48
2021-07-31,13.22,32.37,23.47,96.08,60.19
2021-08-01,10.62,31.41,23.53,94.04,60.1
2021-08-02,0.17,30.08,23.58,94.5,62.63
2021-08-03,0.0,33.62,23.64,92.41,54.53
2021-08-04,15.79,31.15,24.19,91.04,62.7
2021-08-05,0.0,31.39,21.9,94.19,66.66
2021-08-06,0.12,32.6,23.98,88.98,58.22
2021-08-07,0.0,32.98,24.45,89.35,53.89
2021-08-08,25.81,30.31,22.95,98.03,78.11
2021-08-09,0.0,32.92,22.1,95.69,56.41
2021-08-10,0.0,33.75,24.47,92.98,60.18
2021-08-11,0.14,34.15,25.06,89.24,54.32
2021-08-12,12.84,34.97,25.2,88.14,54.2
2021-08-13,0.26,31.93,23.8,97.43,63.09
2021-08-14,16.52,34.15,24.72,90.66,57.48
2021-08-15,0.73,31.07,21.45,94.51,66.34
2021-08-16,37.16,28.62,21.78,95.58,82.64
2021-08-17,21.29,33.09,23.56,96.49,58.37
2021-08-18,1.58,30.96,22.13,96.13,69.3
2021-08-19,1.95,31.78,22.76,96.76,64.34
2021-08-20,12.09,33.52,23.7,91.25,58.86
2021-08-21,0.0,33.45,22.21,91.79,58.57
2021-08-22,13.56,32.8,23.59,92.15,63.46
2021-08-23,0.04,31.58,21.55,96.39,63.98
2021-08-24,0.01,33.98,24.49,87.88,58.98
2021-08-25,15.01,33.0,22.93,96.47,63.9
2021-08-26,5.52,32.76,22.97,95.92,62.19
2021-08-27,8.89,31.97,22.6,94.88,59.05
2021-08-28,0.68,34.27,24.67,96.75,60.27
2021-08-29,22.43,31.91,24.07,94.94,64.32
2021-08-30,0.0,32.62,22.05,96.89,61.85
2021-08-31,28.03,33.39,22.77,97.66,63.82
2021-09-01,0.26,32.25,22.72,97.52,63.55
2021-09-02,0.72,33.34,23.5,90.53,62.86
2021-09-03,8.0,33.59,23.15,96.81,64.86
2021-09-04,0.14,32.36,21.71,96.91,62.68
2021-09-05,0.0,33.88,23.71,95.69,57.53
2021-09-06,28.48,30.34,22.14,97.52,67.15
2021-09-07,0.0,35.32,23.08,92.97,56.04
2021-09-08,0.0,36.11,25.08,93.22,55.02
2021-09-09,26.67,36.09,25.92,92.18,51.99
2021-09-10,7.81,29.19,21.72,97.12,75.54
2021-09-11,13.72,33.97,23.73,97.66,55.29
2021-09-12,0.0,33.9,24.08,96.11,58.12
2021-09-13,1.27,35.12,25.26,93.29,55.3
2021-09-14,0.0,35.3,24.11,94.24,53.51
2021-09-15,17.22,33.28,25.55,96.57,57.33
2021-09-16,0.0,31.67,22.43,97.17,66.14
2021-09-17,4.53,32.74,24.11,97.08,62.47
2021-09-18,12.51,32.38,23.43,95.85,62.64
2021-09-19,1.59,31.84,21.83,97.8,65.58
2021-09-20,0.0,35.25,24.21,96.15,57.05
2021-09-21,0.0,34.18,25.44,92.7,59.3
2021-09-22,0.0,34.87,26.24,93.62,56.5
2021-09-23,11.69,33.17,24.28,93.32,61.0
2021-09-24,0.01,33.0,23.0,94.74,59.75
2021-09-25,2.34,35.37,24.82,94.09,55.51
2021-09-26,3.57,33.55,21.85,91.5,58.19
2021-09-27,0.28,36.67,23.92,94.35,48.48
2021-09-28,0.0,36.54,22.27,89.92,46.58
2021-09-29,1.02,34.32,23.33,88.0,53.14
2021-09-30,16.83,34.07,23.39,88.84,54.69
2021-10-01,0.14,34.34,22.78,92.63,54.14
2021-10-02,7.97,35.29,23.71,94.35,52.95
2021-10-03,0.0,34.51,22.97,94.81,52.05
2021-10-04,4.85,35.04,24.54,94.28,53.4
2021-10-05,0.01,34.52,22.42,90.26,48.89
2021-10-06,0.56,35.27,23.51,93.71,49.39
2021-10-07,6.24,34.54,24.8,89.19,58.25
2021-10-08,0.0,35.26,23.03,90.32,45.78
2021-10-09,0.11,34.4,23.25,94.07,57.57
2021-10-10,0.0,35.79,24.3,93.0,49.63
2021-10-11,0.9,36.73,24.22,93.21,47.49
2021-10-12,0.15,36.29,23.71,92.12,46.27
2021-10-13,0.0,36.21,24.17,88.09,34.35
2021-10-14,0.0,37.63,22.86,89.07,37.31
2021-10-15,0.0,37.53,23.71,86.45,38.38
2021-10-16,0.0,35.87,23.69,93.7,47.15
2021-10-17,1.22,34.84,24.37,92.92,49.46
2021-10-18,0.0,33.11,21.57,100.0,65.41
2021-10-19,0.0,37.67,23.67,95.16,36.26
2021-10-20,0.0,35.29,23.42,95.58,38.89
2021-10-21,0.03,32.67,24.22,88.36,48.61
2021-10-22,0.0,35.23,23.96,89.43,36.71
2021-10-23,0.15,34.9,24.36,86.58,46.31
2021-10-24,9.99,35.48,24.77,91.39,49.13
2021-10-25,0.0,31.71,23.06,87.31,55.94
2021-10-26,0.0,35.37,24.3,89.5,44.98
2021-10-27,0.15,35.0,24.48,86.34,43.44
2021-10-28,0.0,33.52,24.38,84.95,44.47
2021-10-29,3.63,35.83,24.09,89.32,30.56
2021-10-30,0.2,32.71,24.93,88.79,56.01
2021-10-31,0.0,35.32,23.15,89.23,27.25
2021-11-01,0.0,36.33,19.04,39.53,11.12
2021-11-02,0.0,35.18,17.52,38.13,13.67
2021-11-03,0.0,35.42,15.96,41.04,13.23
2021-11-04,0.0,34.5,17.34,36.99,18.2
2021-11-05,0.0,34.5,16.38,42.34,17.14
2021-11-06,0.0,34.42,16.91,40.46,17.37
2021-11-07,0.0,35.02,16.65,43.64,17.19
2021-11-08,0.0,34.26,20.63,49.26,14.54
2021-11-09,0.0,33.46,19.31,36.59,16.63
2021-11-10,0.0,35.88,21.46,42.24,13.46
2021-11-11,0.0,36.9,20.16,52.56,14.85
2021-11-12,0.0,35.94,19.58,45.84,11.64
2021-11-13,0.0,37.42,21.26,41.6,14.13
2021-11-14,0.0,36.31,21.29,40.48,17.74
2021-11-15,0.0,36.07,21.42,36.99,16.56
2021-11-16,0.0,36.77,22.0,39.64,18.79
2021-11-17,0.0,36.95,19.7,37.32,16.01
2021-11-18,0.0,37.7,19.63,35.19,11.85
2021-11-19,0.0,37.39,19.95,32.33,10.34
2021-11-20,0.0,37.69,18.66,31.25,12.45
2021-11-21,0.0,37.33,19.74,38.59,13.5
2021-11-22,0.0,36.38,18.26,44.59,12.84
2021-11-23,0.0,35.76,18.31,28.77,11.65
2021-11-24,0.0,35.73,20.68,23.65,11.55
2021-11-25,0.0,36.73,20.11,33.77,10.59
2021-11-26,0.0,37.2,18.39,49.33,13.87
2021-11-27,0.0,37.12,19.46,54.66,16.59
2021-11-28,0.0,36.25,20.31,62.74,30.28
2021-11-29,0.0,37.46,20.66,35.2,13.17
2021-11-30,0.0,38.66,19.93,34.08,12.15
2021-12-01,0.0,37.88,18.57,51.48,16.33
2021-12-02,0.0,39.3,19.06,54.43,13.4
2021-12-03,0.0,39.0,19.43,57.02,14.54
2021-12-04,0.0,38.46,19.42,47.2,15.38
2021-12-05,0.0,37.52,19.06,49.7,15.77
2021-12-06,0.0,35.32,18.29,35.81,15.38
2021-12-07,0.0,36.88,17.01,42.67,13.69
2021-12-08,0.0,37.19,17.23,40.42,12.25
2021-12-09,0.0,38.06,18.66,39.63,14.24
2021-12-10,0.0,38.16,18.4,43.22,16.34
2021-12-11,0.0,36.79,17.74,53.84,14.33
2021-12-12,0.0,37.14,18.48,62.04,13.32
2021-12-13,0.0,37.25,19.15,53.87,14.4
2021-12-14,0.0,36.55,19.48,54.27,13.26
2021-12-15,0.0,36.68,20.75,42.08,12.7
2021-12-16,0.0,35.72,21.4,39.62,16.44
2021-12-17,0.0,37.66,21.5,50.24,18.55
2021-12-18,0.0,38.69,19.81,50.94,14.32
2021-12-19,0.0,36.81,20.7,39.62,17.29
2021-12-20,0.0,35.22,22.07,37.04,17.81
2021-12-21,0.0,34.19,21.97,35.14,13.93
2021-12-22,0.0,32.6,22.04,42.47,14.45
2021-12-23,0.0,33.95,20.35,36.12,14.54
2021-12-24,0.0,34.78,18.93,44.98,10.49
2021-12-25,0.0,35.31,20.85,35.11,15.43
2021-12-26,0.0,35.41,20.17,46.01,10.89
2021-12-27,0.0,37.62,23.09,31.89,10.55
2021-12-28,0.0,36.32,18.57,29.01,7.45
2021-12-29,0.0,36.72,18.0,34.54,12.75
2021-12-30,0.0,35.29,17.73,33.82,19.11
2021-12-31,0.0,37.72,18.15,35.41,10.58
2022-01-01,0.0,37.08,19.36,32.68,11.6
2022-01-02,0.0,36.88,19.27,33.29,11.35
2022-01-03,0.0,35.82,17.67,32.8,11.72
2022-01-04,0.0,36.47,16.1,31.89,10.85
2022-01-05,0.0,36.42,17.6,29.73,12.85
2022-01-06,0.0,35.97,17.03,35.3,12.58
2022-01-07,0.0,36.1,17.39,33.27,12.53
2022-01-08,0.0,36.51,17.31,35.16,11.78
2022-01-09,0.0,35.22,20.81,39.78,11.0
2022-01-10,0.0,34.27,19.76,25.67,10.74
2022-01-11,0.0,36.64,21.39,32.05,8.56
2022-01-12,0.0,38.75,20.5,37.73,9.06
2022-01-13,0.0,38.41,21.98,44.21,13.99
2022-01-14,0.0,38.85,23.35,43.46,13.67
2022-01-15,0.0,37.7,22.62,33.44,15.23
2022-01-16,0.0,36.98,22.31,26.59,11.28
2022-01-17,0.0,37.41,22.65,29.34,14.36
2022-01-18,0.0,37.11,19.92,27.14,11.9
2022-01-19,0.0,37.64,19.9,27.27,9.02
2022-01-20,0.0,37.28,19.6,25.96,8.34
2022-01-21,0.0,37.86,18.64,27.68,10.0
2022-01-22,0.0,37.26,19.88,34.68,11.41
2022-01-23,0.0,36.28,18.92,41.87,11.47
2022-01-24,0.0,35.99,18.14,27.29,9.23
2022-01-25,0.0,35.27,20.96,20.93,10.56
2022-01-26,0.0,36.42,19.9,31.98,9.2
2022-01-27,0.0,37.83,18.25,44.64,11.3
2022-01-28,0.0,37.69,19.62,46.59,13.52
2022-01-29,0.0,38.75,18.95,25.65,12.35
2022-01-30,0.0,39.77,22.14,32.69,10.87
2022-01-31,0.0,39.68,21.21,30.57,9.65
2022-02-01,0.0,39.06,23.06,27.63,9.47
2022-02-02,0.0,37.51,20.8,20.54,6.81
2022-02-03,0.0,36.58,19.72,29.69,12.44
2022-02-04,0.0,37.91,19.04,29.4,11.06
2022-02-05,0.0,39.25,19.27,32.74,10.09
2022-02-06,0.0,39.41,19.23,32.59,9.61
2022-02-07,0.0,39.49,18.62,31.25,9.15
2022-02-08,0.0,39.07,19.78,26.43,8.9
2022-02-09,0.0,38.61,19.82,31.71,9.09
2022-02-10,0.0,38.1,21.64,18.38,7.85
2022-02-11,0.0,35.46,21.12,23.0,10.17
2022-02-12,0.0,35.04,19.16,27.73,12.47
2022-02-13,0.0,35.11,17.55,30.15,11.83
2022-02-14,0.0,35.25,18.73,29.35,12.27
2022-02-15,0.0,35.39,19.33,27.97,12.34
2022-02-16,0.0,36.02,18.97,26.89,12.33
2022-02-17,0.0,35.78,20.39,28.39,14.01
2022-02-18,0.0,36.54,19.8,33.24,12.84
2022-02-19,0.0,37.83,19.99,30.85,11.55
2022-02-20,0.0,40.29,21.97,32.01,10.69
2022-02-21,0.0,40.63,21.64,30.29,10.99
2022-02-22,0.0,41.01,22.56,50.04,14.3
2022-02-23,0.0,42.4,22.43,43.99,12.48
2022-02-24,0.0,40.0,22.81,54.9,18.28
2022-02-25,0.0,40.58,22.97,48.2,15.75
2022-02-26,0.0,36.99,22.91,52.59,21.41
2022-02-27,0.0,36.65,23.36,39.95,21.45
2022-02-28,0.0,36.18,22.37,35.02,17.36
2022-03-01,0.0,35.6,20.17,41.36,16.87
2022-03-02,0.0,38.92,21.18,35.51,13.18
2022-03-03,0.0,38.27,23.48,27.15,14.01
2022-03-04,0.0,36.19,23.57,26.11,14.29
2022-03-05,0.0,36.76,20.57,24.76,11.17
2022-03-06,0.0,39.1,19.09,32.91,9.49
2022-03-07,0.0,37.66,19.94,34.39,11.86
2022-03-08,0.0,38.12,19.8,28.86,9.83
2022-03-09,0.0,39.09,21.64,26.6,8.07
2022-03-10,0.0,40.37,21.68,28.05,8.09
2022-03-11,0.0,40.55,23.24,28.14,10.37
2022-03-12,0.0,40.1,24.63,18.56,8.66
2022-03-13,0.0,40.57,23.23,23.13,8.45
2022-03-14,0.0,40.45,22.8,47.51,10.22
2022-03-15,0.0,39.89,21.76,28.85,11.35
2022-03-16,0.0,38.54,22.1,32.28,15.55
2022-03-17,0.0,39.37,22.92,31.34,14.66
2022-03-18,0.0,40.57,23.07,35.84,12.07
2022-03-19,0.0,41.06,23.47,35.48,12.13
2022-03-20,0.0,41.37,23.12,31.26,13.1
2022-03-21,0.0,41.62,23.81,35.49,12.82
2022-03-22,0.0,43.85,25.35,27.65,11.62
2022-03-23,0.0,42.35,25.72,38.37,17.99
2022-03-24,0.0,41.44,25.14,48.49,13.02
2022-03-25,0.0,40.52,24.27,34.48,15.57
2022-03-26,0.0,41.69,23.85,41.42,15.32
2022-03-27,0.0,41.17,24.05,32.84,13.07
2022-03-28,0.0,41.45,24.04,34.02,18.14
2022-03-29,0.0,43.71,26.77,37.8,16.78
2022-03-30,0.0,43.43,26.92,38.57,16.22
2022-03-31,0.0,42.6,26.62,45.58,17.92
2022-04-01,0.0,42.63,26.62,58.69,20.43
2022-04-02,0.0,42.89,26.3,50.68,14.11
2022-04-03,0.0,45.22,28.72,42.63,13.64
2022-04-04,0.0,38.21,24.13,47.06,18.89
2022-04-05,0.0,40.0,24.92,49.72,19.18
2022-04-06,0.0,43.41,25.7,41.83,14.34
2022-04-07,0.0,42.88,27.77,33.23,14.81
2022-04-08,0.0,44.29,28.75,38.15,12.49
2022-04-09,0.0,43.88,27.86,47.01,13.57
2022-04-10,0.0,44.4,27.11,31.27,10.54
2022-04-11,0.0,42.9,25.58,42.45,13.02
2022-04-12,0.0,41.72,25.27,45.94,16.42
2022-04-13,0.0,40.78,25.91,55.95,18.57
2022-04-14,0.0,41.91,25.14,49.97,15.48
2022-04-15,0.0,41.76,26.61,41.3,15.47
2022-04-16,0.0,41.71,27.74,32.72,11.7
2022-04-17,0.0,43.59,27.32,39.46,18.67
2022-04-18,0.0,41.65,27.67,47.32,22.5
2022-04-19,0.0,42.46,28.45,51.13,24.01
2022-04-20,0.0,42.82,29.13,42.1,20.36
2022-04-21,0.0,44.9,27.45,46.78,14.98
2022-04-22,0.0,43.94,27.25,38.84,9.64
2022-04-23,0.0,43.96,27.69,31.1,9.58
2022-04-24,0.0,43.77,28.01,34.2,11.45
2022-04-25,0.0,43.65,28.77,30.97,13.8
2022-04-26,0.0,42.86,26.94,33.62,18.51
2022-04-27,0.0,42.26,26.56,32.08,16.27
2022-04-28,0.0,42.79,27.4,51.57,19.3
2022-04-29,0.0,44.09,27.71,39.14,12.63
2022-04-30,0.0,44.56,27.9,29.44,11.52
2022-05-01,0.0,42.38,28.19,48.11,15.95
2022-05-02,0.0,42.59,28.32,46.01,16.26
2022-05-03,0.0,41.23,27.56,49.32,17.51
2022-05-04,0.0,42.39,27.8,43.19,17.81
2022-05-05,0.0,43.8,29.2,37.58,15.59
2022-05-06,0.0,45.65,30.74,34.09,11.83
2022-05-07,0.0,45.64,30.64,48.54,16.61
2022-05-08,0.3,40.43,27.95,61.26,31.12
2022-05-09,0.0,38.58,29.62,67.66,40.64
2022-05-10,0.0,43.68,28.67,73.24,15.97
2022-05-11,0.0,44.27,28.69,44.6,10.51
2022-05-12,0.0,43.44,27.45,64.07,16.58
2022-05-13,0.0,42.1,27.92,56.95,22.08
2022-05-14,0.0,44.88,28.34,49.21,13.16
2022-05-15,0.0,45.23,29.89,48.36,6.26
2022-05-16,0.0,44.17,29.04,44.0,9.94
2022-05-17,0.0,43.2,28.77,56.61,17.57
2022-05-18,0.0,42.9,29.57,55.5,20.46
2022-05-19,0.0,44.1,28.51,56.61,12.03
2022-05-20,0.0,41.05,28.89,71.74,34.9
2022-05-21,0.0,37.95,28.44,76.37,34.36
2022-05-22,0.0,40.41,27.84,55.19,20.89
2022-05-23,0.0,37.79,28.25,71.88,39.65
2022-05-24,0.0,41.79,26.42,53.22,22.29
2022-05-25,0.12,41.47,28.28,56.5,22.08
2022-05-26,8.73,37.72,29.11,73.37,41.27
2022-05-27,33.18,35.59,24.32,98.62,58.12
2022-05-28,0.0,38.37,25.1,91.45,39.77
2022-05-29,0.0,41.8,28.67,73.79,28.68
2022-05-30,1.47,41.82,29.5,72.36,30.68
2022-05-31,0.12,37.69,28.22,81.09,44.07
2022-06-01,0.0,41.28,29.85,70.94,29.7
2022-06-02,0.0,39.9,29.08,59.89,33.35
2022-06-03,0.0,42.27,29.35,68.57,27.0
2022-06-04,0.0,39.25,29.6,62.57,33.96
2022-06-05,15.25,40.58,28.9,69.26,31.67
2022-06-06,0.0,38.29,26.47,83.3,39.55
2022-06-07,0.0,36.41,27.07,75.01,42.16
2022-06-08,10.87,39.44,27.01,89.62,34.4
2022-06-09,0.0,34.53,22.94,93.82,51.11
2022-06-10,0.0,35.54,25.33,91.56,43.24
2022-06-11,0.0,36.38,26.11,83.23,39.85
2022-06-12,0.0,37.83,26.73,71.56,38.2
2022-06-13,0.08,33.61,25.16,88.47,49.27
2022-06-14,27.99,37.95,25.5,86.78,40.43
2022-06-15,0.26,32.95,22.73,95.71,53.92
2022-06-16,0.01,35.52,25.99,88.37,41.17
2022-06-17,5.12,35.53,26.12,81.09,55.14
2022-06-18,7.74,32.23,24.69,92.13,61.12
2022-06-19,6.14,32.47,24.42,94.52,53.99
2022-06-20,0.0,32.99,24.71,91.39,53.23
2022-06-21,0.6,35.13,25.66,90.7,45.07
2022-06-22,28.92,36.97,26.12,92.73,39.69
2022-06-23,0.0,34.43,22.97,96.74,54.71
2022-06-24,0.0,36.23,25.92,91.69,47.81
2022-06-25,0.0,35.34,26.41,84.95,55.01
2022-06-26,0.0,36.09,25.39,84.97,52.47
2022-06-27,0.0,37.08,27.03,84.19,50.43
2022-06-28,0.0,35.34,23.85,96.02,46.11
2022-06-29,0.0,36.98,24.44,91.06,43.53
2022-06-30,0.09,35.94,26.76,83.69,46.09
2022-07-01,0.0,34.57,25.62,81.62,47.55
2022-07-02,31.07,36.01,26.09,85.17,38.53
2022-07-03,2.06,31.24,22.44,96.71,66.72
2022-07-04,16.73,31.32,22.7,96.88,66.93
2022-07-05,0.0,33.87,24.23,93.48,55.65
2022-07-06,0.0,34.06,25.17,88.72,56.03
2022-07-07,0.0,35.72,26.46,87.41,49.41
2022-07-08,15.43,34.87,24.18,96.66,54.26
2022-07-09,0.56,30.47,23.2,95.75,69.25
2022-07-10,0.0,34.5,24.76,93.3,52.2
2022-07-11,0.0,34.79,24.74,94.73,52.32
2022-07-12,0.0,34.67,25.59,85.07,51.12
2022-07-13,0.0,30.92,25.98,89.57,51.63
2022-07-14,3.19,32.23,24.59,92.57,63.74
2022-07-15,0.0,34.08,24.74,91.89,55.47
2022-07-16,0.0,34.71,25.44,82.58,52.0
2022-07-17,0.0,35.08,26.31,80.19,45.98
2022-07-18,0.24,33.56,25.75,82.33,52.97
2022-07-19,28.5,35.98,24.58,90.55,46.77
2022-07-20,12.86,33.64,25.53,79.79,51.59
2022-07-21,0.02,32.57,24.38,94.32,58.76
2022-07-22,5.98,30.01,24.19,95.52,69.58
2022-07-23,49.93,33.26,23.72,96.75,57.18
2022-07-24,2.14,29.35,22.18,99.11,73.98
2022-07-25,1.91,31.84,23.74,96.42,64.03
2022-07-26,0.0,34.06,23.83,95.25,55.21
2022-07-27,0.0,33.85,25.94,91.87,55.58
2022-07-28,0.0,33.44,25.29,91.27,57.98
2022-07-29,0.0,33.44,25.06,85.49,57.27
2022-07-30,20.37,30.6,23.12,93.79,71.34
2022-07-31,2.07,31.23,22.71,96.08,65.63
2022-08-01,0.0,33.62,22.93,96.68,54.53
2022-08-02,13.08,31.82,24.37,94.46,64.25
2022-08-03,11.35,30.19,22.81,96.72,70.35
2022-08-04,15.41,30.8,22.98,96.68,68.81
2022-08-05,1.27,33.41,23.74,95.11,60.17
2022-08-06,7.77,29.91,23.24,94.84,82.03
2022-08-07,0.23,34.25,23.84,96.24,58.79
2022-08-08,2.65,34.49,24.2,94.26,59.7
2022-08-09,0.0,34.1,22.54,92.51,57.67
2022-08-10,0.1,33.6,25.94,89.89,57.71
2022-08-11,9.12,32.99,25.86,92.65,60.21
2022-08-12,16.2,32.92,24.36,96.35,60.13
2022-08-13,0.18,31.45,23.83,96.96,68.2
2022-08-14,1.01,30.05,22.47,97.86,74.82
2022-08-15,10.44,29.65,23.09,95.59,76.43
2022-08-16,3.44,32.41,23.86,96.88,60.78
2022-08-17,1.61,31.09,23.39,94.68,68.4
2022-08-18,4.65,32.1,23.08,96.47,66.52
2022-08-19,8.49,32.49,23.83,93.48,64.82
2022-08-20,19.45,33.18,23.42,97.16,58.63
2022-08-21,2.27,29.92,22.81,95.59,67.76
2022-08-22,0.28,33.11,23.77,95.71,61.27
2022-08-23,1.41,34.6,24.46,95.26,60.36
2022-08-24,32.07,33.55,21.66,96.92,72.5
2022-08-25,0.55,31.6,23.16,94.76,65.18
2022-08-26,0.11,33.55,23.47,94.58,57.49
2022-08-27,10.4,32.63,23.57,94.67,63.92
2022-08-28,0.01,33.73,24.12,95.35,56.79
2022-08-29,6.26,32.47,23.92,96.26,60.56
2022-08-30,15.24,31.79,23.2,96.66,61.89
2022-08-31,17.57,31.65,23.35,97.02,65.21
2022-09-01,17.78,31.73,21.8,97.3,62.25
2022-09-02,10.89,29.84,21.67,95.91,69.65
2022-09-03,1.29,32.18,22.75,95.9,64.25
2022-09-04,4.04,31.97,22.98,96.11,63.8
2022-09-05,0.0,34.18,23.33,97.28,54.94
2022-09-06,0.05,33.47,24.74,95.69,61.39
2022-09-07,0.77,33.53,22.78,95.95,61.62
2022-09-08,3.97,34.04,22.85,95.99,59.04
2022-09-09,2.26,33.12,22.69,94.46,60.71
2022-09-10,12.6,27.63,21.83,96.74,68.98
2022-09-11,9.47,29.54,22.69,96.23,74.15
2022-09-12,0.0,33.28,23.54,96.11,60.41
2022-09-13,16.92,33.5,24.04,93.16,58.3
2022-09-14,0.02,31.69,21.47,98.12,65.59
2022-09-15,0.0,34.96,24.19,96.1,55.64
2022-09-16,1.29,33.83,25.11,97.04,61.63
2022-09-17,25.54,34.22,23.22,97.21,60.22
2022-09-18,14.69,31.1,22.11,95.82,67.92
2022-09-19,3.85,29.35,22.81,96.69,74.14
2022-09-20,3.8,32.91,23.09,96.82,61.2
2022-09-21,17.04,29.09,22.38,97.81,81.65
2022-09-22,5.75,32.5,22.31,96.29,62.99
2022-09-23,13.07,32.47,23.16,97.56,62.73
2022-09-24,6.54,33.4,22.55,97.83,59.93
2022-09-25,3.39,32.9,22.07,95.0,61.45
2022-09-26,6.12,33.67,22.51,98.37,81.08
2022-09-27,0.0,34.71,22.1,97.15,54.43
2022-09-28,0.0,35.06,24.28,95.06,50.06
2022-09-29,0.13,33.57,22.91,96.77,62.09
2022-09-30,1.69,33.88,23.44,93.31,59.25
2022-10-01,0.78,32.97,23.08,95.87,60.01
2022-10-02,5.65,33.91,22.73,96.48,55.05
2022-10-03,0.02,32.68,22.86,98.14,59.11
2022-10-04,0.0,36.2,23.09,94.83,50.7
2022-10-05,0.98,35.53,24.55,92.21,52.72
2022-10-06,0.0,34.48,21.82,95.72,55.81
2022-10-07,5.94,36.74,23.38,97.04,46.4
2022-10-08,13.05,34.47,22.08,96.55,53.65
2022-10-09,5.04,32.13,21.73,95.64,68.18
2022-10-10,0.0,34.15,21.73,95.15,57.0
2022-10-11,1.7,35.64,23.21,96.33,45.66
2022-10-12,0.0,36.14,23.35,94.01,46.93
2022-10-13,6.11,35.03,23.55,96.36,54.33
2022-10-14,0.0,32.36,21.5,94.57,57.2
2022-10-15,0.48,34.25,22.22,95.49,45.39
2022-10-16,0.36,32.64,22.67,95.0,55.6
2022-10-17,0.06,35.35,23.82,95.7,45.68
2022-10-18,6.14,36.19,24.01,94.7,50.87
2022-10-19,0.27,34.75,22.64,94.94,50.96
2022-10-20,0.01,33.12,22.04,92.51,57.16
2022-10-21,5.47,35.77,22.84,94.63,46.34
2022-10-22,0.13,34.43,21.83,92.69,50.98
2022-10-23,6.74,34.97,23.07,93.33,50.57
2022-10-24,1.46,28.69,21.75,95.21,75.61
2022-10-25,0.0,34.63,21.96,96.35,39.3
2022-10-26,0.0,36.41,20.94,94.08,24.09
2022-10-27,0.0,37.52,20.67,89.14,25.24
2022-10-28,0.0,37.63,22.99,88.41,39.06
2022-10-29,0.0,35.89,24.19,93.31,34.53
2022-10-30,0.0,35.81,20.58,88.23,22.35
2022-10-31,0.0,34.95,20.92,85.99,29.7
2022-11-01,0.0,35.36,18.22,86.43,23.39
2022-11-02,0.0,35.24,18.74,92.01,25.3
2022-11-03,0.0,35.92,17.04,88.87,18.96
2022-11-04,0.0,36.25,16.21,81.8,17.01
2022-11-05,0.0,35.61,15.77,85.08,18.55
2022-11-06,0.0,37.02,16.99,84.0,16.74
2022-11-07,0.0,37.52,18.63,84.0,22.92
2022-11-08,0.0,37.45,20.14,84.01,21.97
2022-11-09,0.0,38.13,19.96,84.85,15.83
2022-11-10,0.0,37.85,18.18,77.85,20.23
2022-11-11,0.0,36.93,16.22,79.82,15.18
2022-11-12,0.0,37.48,14.8,81.47,19.52
2022-11-13,0.0,37.34,17.16,78.82,20.6
2022-11-14,0.0,36.16,20.83,83.44,26.56
2022-11-15,0.0,34.43,20.04,88.3,34.75
2022-11-16,0.0,34.13,20.63,88.1,37.8
2022-11-17,0.0,36.11,20.37,82.23,15.78
2022-11-18,0.0,35.56,17.7,66.94,14.96
2022-11-19,0.0,35.76,18.37,66.95,14.64
2022-11-20,0.0,36.42,14.85,75.95,17.09
2022-11-21,0.0,37.09,18.45,67.5,14.78
2022-11-22,0.0,35.87,18.15,53.02,14.27
2022-11-23,0.0,35.69,17.21,43.72,16.65
2022-11-24,0.0,35.89,17.81,61.59,15.62
2022-11-25,0.0,35.9,19.63,64.77,19.54
2022-11-26,0.0,35.77,19.41,72.74,14.32
2022-11-27,0.0,35.17,17.96,60.84,15.36
2022-11-28,0.0,36.66,16.6,63.54,15.14
2022-11-29,0.0,36.15,17.07,74.44,23.19
2022-11-30,0.0,36.3,19.41,77.67,16.85
2022-12-01,0.0,37.21,20.05,68.73,15.08
2022-12-02,0.0,37.26,18.87,68.47,16.95
2022-12-03,0.0,35.68,17.81,69.92,19.43
2022-12-04,0.0,35.3,19.81,75.88,26.06
2022-12-05,0.0,34.87,20.19,76.51,26.45
2022-12-06,0.0,36.55,19.69,74.41,28.12
2022-12-07,0.0,38.48,20.77,80.13,26.72
2022-12-08,0.0,39.46,21.06,73.24,20.88
2022-12-09,0.0,38.04,20.14,79.76,23.65
2022-12-10,0.0,38.68,20.04,77.27,21.17
2022-12-11,0.0,38.54,18.7,68.52,15.69
2022-12-12,0.0,35.64,16.68,72.26,15.69
2022-12-13,0.0,37.51,15.92,63.73,14.44
2022-12-14,0.0,36.82,15.85,59.95,12.12
2022-12-15,0.0,36.86,14.75,61.58,13.86
2022-12-16,0.0,36.92,14.88,60.9,15.23
2022-12-17,0.0,37.08,15.13,60.16,15.45
2022-12-18,0.0,37.08,16.19,46.91,14.62
2022-12-19,0.0,37.37,17.21,53.87,13.82
2022-12-20,0.0,36.02,18.4,45.18,12.92
2022-12-21,0.0,35.1,17.2,45.05,14.94
2022-12-22,0.0,34.54,16.9,53.28,14.51
2022-12-23,0.0,33.74,16.72,44.95,17.9
2022-12-24,0.0,32.7,15.63,49.5,19.15
2022-12-25,0.0,34.42,15.54,55.68,17.18
2022-12-26,0.0,35.05,15.18,60.16,16.7
2022-12-27,0.0,35.34,18.14,72.9,23.25
2022-12-28,0.0,28.93,18.6,65.75,30.58
2022-12-29,0.0,27.79,19.04,65.69,34.63
2022-12-30,0.0,28.41,18.88,78.39,27.24
2022-12-31,0.0,35.12,17.88,55.24,12.58
2023-01-01,0.0,35.99,19.14,43.53,11.96
2023-01-02,0.0,35.05,18.46,45.09,14.12
2023-01-03,0.0,35.58,17.92,45.39,12.26
2023-01-04,0.0,35.69,18.24,33.88,13.57
2023-01-05,0.0,34.02,17.67,42.5,13.94
2023-01-06,0.0,33.99,17.17,45.55,14.27
2023-01-07,0.0,34.73,17.8,45.17,16.05
2023-01-08,0.0,32.52,20.82,31.87,17.32
2023-01-09,0.0,31.72,20.4,32.44,14.47
2023-01-10,0.0,33.97,20.2,27.37,13.4
2023-01-11,0.0,34.52,19.49,27.23,11.28
2023-01-12,0.0,33.98,17.38,38.61,12.06
2023-01-13,0.0,35.85,17.12,39.74,12.92
2023-01-14,0.0,36.56,18.55,42.77,13.68
2023-01-15,0.0,37.07,17.89,31.89,10.89
2023-01-16,0.0,36.34,17.12,32.22,11.39
2023-01-17,0.0,37.11,18.7,34.38,11.91
2023-01-18,0.0,36.31,18.34,59.58,11.09
2023-01-19,0.0,36.39,18.34,37.24,13.85
2023-01-20,0.0,36.83,17.53,50.45,14.64
2023-01-21,0.0,35.99,18.17,51.98,17.26
2023-01-22,0.0,36.77,17.53,59.08,16.41
2023-01-23,0.0,37.16,17.86,62.36,17.22
2023-01-24,0.0,37.16,19.43,68.67,19.62
2023-01-25,0.0,38.1,20.87,69.76,19.01
2023-01-26,0.0,39.93,22.05,50.46,14.43
2023-01-27,0.0,39.2,21.96,40.24,14.01
2023-01-28,0.0,35.87,19.91,54.81,12.5
2023-01-29,0.0,33.31,14.85,33.72,12.33
2023-01-30,0.0,34.81,15.36,35.13,14.53
2023-01-31,0.0,35.78,16.47,37.3,14.14
2023-02-01,0.0,,,,
2023-02-02,0.0,,,,
2023-02-03,0.0,,,,
2023-02-04,0.0,,,,
2023-02-05,0.0,,,,
2023-02-06,0.0,,,,
2023-02-07,0.0,,,,
2023-02-08,0.0,,,,
2023-02-09,0.0,,,,
2023-02-10,0.0,,,,
2023-02-11,0.0,,,,
2023-02-12,0.0,,,,
2023-02-13,0.0,,,,
2023-02-14,0.0,,,,
2023-02-15,0.0,,,,
2023-02-16,0.0,,,,
2023-02-17,0.0,,,,
2023-02-18,0.0,,,,
2023-02-19,0.0,,,,
2023-02-20,0.0,,,,
2023-02-21,0.0,,,,
2023-02-22,0.0,,,,
2023-02-23,0.0,,,,
2023-02-24,0.0,,,,
2023-02-25,0.0,,,,
2023-02-26,0.0,,,,
2023-02-27,0.0,,,,
2023-02-28,0.0,,,,
2023-03-01,0.0,,,,
2023-03-02,0.0,,,,
2023-03-03,0.0,,,,
2023-03-04,0.0,,,,
2023-03-05,0.01,,,,
2023-03-06,0.0,,,,
2023-03-07,0.0,,,,
2023-03-08,0.0,,,,
2023-03-09,0.0,,,,
2023-03-10,0.0,,,,
2023-03-11,0.0,,,,
2023-03-12,0.0,,,,
2023-03-13,0.0,,,,
2023-03-14,0.0,,,,
2023-03-15,0.0,,,,
2023-03-16,0.0,,,,
2023-03-17,0.0,,,,
2023-03-18,0.0,,,,
2023-03-19,0.0,,,,
2023-03-20,0.0,,,,
2023-03-21,0.0,,,,
2023-03-22,0.0,,,,
2023-03-23,0.0,,,,
2023-03-24,0.0,,,,
2023-03-25,0.0,,,,
2023-03-26,0.0,,,,
2023-03-27,0.0,,,,
2023-03-28,0.0,,,,
2023-03-29,0.0,,,,
2023-03-30,0.0,,,,
2023-03-31,0.0,,,,
2023-04-01,0.0,,,,
2023-04-02,0.0,,,,
2023-04-03,0.0,,,,
2023-04-04,0.0,,,,
2023-04-05,0.0,,,,
2023-04-06,0.0,,,,
2023-04-07,0.0,,,,
2023-04-08,0.0,,,,
2023-04-09,0.0,,,,
2023-04-10,0.0,,,,
2023-04-11,0.01,,,,
2023-04-12,0.0,,,,
2023-04-13,0.0,,,,
2023-04-14,0.0,,,,
2023-04-15,0.0,,,,
2023-04-16,0.0,,,,
2023-04-17,0.0,,,,
2023-04-18,0.0,,,,
2023-04-19,0.0,,,,
2023-04-20,0.0,,,,
2023-04-21,0.0,,,,
2023-04-22,0.0,,,,
2023-04-23,0.0,,,,
2023-04-24,0.0,,,,
2023-04-25,0.0,,,,
2023-04-26,0.0,,,,
2023-04-27,0.0,,,,
2023-04-28,0.0,,,,
2023-04-29,0.0,,,,
2023-04-30,0.0,,,,
2023-05-03,0.0,,,,
2023-05-04,0.0,,,,
2023-05-05,0.0,,,,
2023-05-06,0.0,,,,
2023-05-07,0.0,,,,
2023-05-08,0.02,,,,
2023-05-09,0.15,,,,
2023-05-10,0.0,,,,
2023-05-11,0.0,,,,
2023-05-12,0.0,,,,
2023-05-13,0.0,,,,
2023-05-14,0.58,,,,
2023-05-15,0.0,,,,
2023-05-16,0.0,,,,
2023-05-17,0.0,,,,
2023-05-18,0.0,,,,
2023-05-19,0.28,,,,
2023-05-20,0.0,,,,
2023-05-21,0.0,,,,
2023-05-22,0.0,,,,
2023-05-23,0.12,,,,
2023-05-24,0.47,,,,
2023-05-25,0.0,,,,
2023-05-26,0.0,,,,
2023-05-27,0.0,,,,
2023-05-28,0.0,,,,
2023-05-29,1.66,,,,
2023-05-30,1.79,,,,
2023-05-31,1.98,,,,
2023-06-01,0.68,,,,
2023-06-02,0.8,,,,
2023-06-03,0.0,,,,
2023-06-04,0.0,,,,
2023-06-05,1.85,,,,
2023-06-06,0.0,,,,
2023-06-07,0.0,,,,
2023-06-08,0.0,,,,
2023-06-09,3.97,,,,
2023-06-10,1.01,,,,
2023-06-11,0.0,,,,
2023-06-12,0.0,,,,
2023-06-13,40.54,,,,
2023-06-14,5.2,,,,
2023-06-15,6.7,,,,
2023-06-16,0.0,,,,
2023-06-17,0.1,,,,
2023-06-18,0.37,,,,
2023-06-19,0.0,,,,
2023-06-20,0.0,,,,
2023-06-21,0.38,,,,
2023-06-22,0.0,,,,
2023-06-23,0.25,,,,
2023-06-24,0.0,,,,
2023-06-25,0.08,,,,
2023-06-26,0.08,,,,
2023-06-27,0.01,,,,
2023-06-28,29.78,,,,
2023-06-29,0.0,,,,
2023-06-30,15.87,,,,
2023-07-01,0.0,,,,
2023-07-02,10.37,,,,
2023-07-03,0.31,,,,
2023-07-04,0.0,,,,
2023-07-05,1.58,,,,
2023-07-06,0.0,,,,
2023-07-07,4.27,,,,
2023-07-08,0.01,,,,
2023-07-09,0.0,,,,
2023-07-10,20.41,,,,
2023-07-11,0.39,,,,
2023-07-12,0.0,,,,
2023-07-13,20.25,,,,
2023-07-14,0.22,,,,
2023-07-15,0.01,,,,
2023-07-16,9.01,,,,
2023-07-17,8.88,,,,
2023-07-18,0.0,,,,
2023-07-19,12.25,,,,
2023-07-20,0.0,,,,
2023-07-21,0.0,,,,
2023-07-22,0.0,,,,
2023-07-23,17.3,,,,
2023-07-24,0.0,,,,
2023-07-25,0.02,,,,
2023-07-26,0.0,,,,
2023-07-27,0.0,,,,
2023-07-28,1.86,,,,
2023-07-29,0.44,,,,
2023-07-30,0.97,,,,
2023-07-31,0.08,,,,
2023-08-01,0.01,,,,
2023-08-02,7.72,,,,
2023-08-03,0.0,,,,
2023-08-04,0.0,,,,
2023-08-05,5.7,,,,
2023-08-06,6.24,,,,
2023-08-07,0.01,,,,
2023-08-08,0.0,,,,
2023-08-09,0.0,,,,
2023-08-10,1.91,,,,
2023-08-11,1.54,,,,
2023-08-12,3.8,,,,
2023-08-13,0.08,,,,
2023-08-14,13.7,,,,
2023-08-15,24.25,,,,
2023-08-16,0.55,,,,
2023-08-17,0.75,,,,
2023-08-18,27.16,,,,
2023-08-19,10.14,,,,
2023-08-20,5.11,,,,
2023-08-21,5.55,,,,
2023-08-22,13.12,,,,
2023-08-23,3.03,,,,
2023-08-24,5.51,,,,
2023-08-25,0.0,,,,
2023-08-26,0.0,,,,
2023-08-27,12.42,,,,
2023-08-28,3.74,,,,
2023-08-29,3.5,,,,
2023-08-30,4.06,,,,
2023-08-31,0.0,,,,
2023-09-01,3.24,,,,
2023-09-02,10.08,,,,
2023-09-03,0.57,,,,
2023-09-04,50.16,,,,
2023-09-05,0.06,,,,
2023-09-06,1.92,,,,
2023-09-07,34.67,,,,
2023-09-08,0.0,,,,
2023-09-09,0.0,,,,
2023-09-10,1.03,,,,
2023-09-11,10.78,,,,
2023-09-12,0.0,,,,
2023-09-13,0.0,,,,
2023-09-14,0.15,,,,
2023-09-15,14.43,,,,
2023-09-16,19.89,,,,
2023-09-17,13.07,,,,
2023-09-18,1.66,,,,
2023-09-19,3.92,,,,
2023-09-20,0.71,,,,
2023-09-21,3.93,,,,
2023-09-22,12.41,,,,
2023-09-23,0.0,,,,
2023-09-24,1.89,,,,
2023-09-25,0.03,,,,
2023-09-26,2.89,,,,
2023-09-27,0.06,,,,
2023-09-28,0.99,,,,
2023-09-29,0.23,,,,
2023-09-30,0.01,,,,
2023-10-01,0.0,,,,
2023-10-02,12.21,,,,
2023-10-03,0.0,,,,
2023-10-04,0.32,,,,
2023-10-05,0.0,,,,
2023-10-06,6.79,,,,
2023-10-07,3.02,,,,
2023-10-08,1.89,,,,
2023-10-09,0.0,,,,
2023-10-10,9.49,,,,
2023-10-11,0.04,,,,
2023-10-12,3.51,,,,
2023-10-13,0.73,,,,
2023-10-14,0.0,,,,
2023-10-15,0.0,,,,
2023-10-16,0.01,,,,
2023-10-17,0.0,,,,
2023-10-18,0.0,,,,
2023-10-19,0.0,,,,
2023-10-20,0.0,,,,
