time,rain,tmax,tmin,rhmax,rhmin
1981-01-01,0.0,,,,
1981-01-02,0.0,,,,
1981-01-03,0.0,,,,
1981-01-04,0.0,,,,
1981-01-05,0.0,,,,
1981-01-06,0.0,,,,
1981-01-07,0.0,,,,
1981-01-08,0.0,,,,
1981-01-09,0.0,,,,
1981-01-10,0.0,,,,
1981-01-11,0.0,,,,
1981-01-12,0.0,,,,
1981-01-13,0.0,,,,
1981-01-14,0.0,,,,
1981-01-15,0.0,,,,
1981-01-16,0.0,,,,
1981-01-17,0.0,,,,
1981-01-18,0.0,,,,
1981-01-19,0.0,,,,
1981-01-20,0.0,,,,
1981-01-21,0.0,,,,
1981-01-22,0.0,,,,
1981-01-23,0.0,,,,
1981-01-24,0.0,,,,
1981-01-25,0.0,,,,
1981-01-26,0.0,,,,
1981-01-27,0.0,,,,
1981-01-28,0.0,,,,
1981-01-29,0.0,,,,
1981-01-30,0.0,,,,
1981-01-31,0.0,,,,
1981-02-01,0.0,,,,
1981-02-02,0.0,,,,
1981-02-03,0.0,,,,
1981-02-04,0.0,,,,
1981-02-05,0.0,,,,
1981-02-06,0.0,,,,
1981-02-07,0.0,,,,
1981-02-08,0.0,,,,
1981-02-09,0.0,,,,
1981-02-10,0.0,,,,
1981-02-11,0.0,,,,
1981-02-12,0.0,,,,
1981-02-13,0.0,,,,
1981-02-14,0.0,,,,
1981-02-15,0.0,,,,
1981-02-16,0.0,,,,
1981-02-17,0.0,,,,
1981-02-18,0.0,,,,
1981-02-19,0.0,,,,
1981-02-20,0.0,,,,
1981-02-21,0.0,,,,
1981-02-22,0.0,,,,
1981-02-23,0.0,,,,
1981-02-24,0.0,,,,
1981-02-25,0.0,,,,
1981-02-26,0.0,,,,
1981-02-27,0.0,,,,
1981-02-28,0.0,,,,
1981-03-01,0.0,,,,
1981-03-02,0.0,,,,
1981-03-03,0.0,,,,
1981-03-04,0.0,,,,
1981-03-05,0.0,,,,
1981-03-06,0.0,,,,
1981-03-07,0.0,,,,
1981-03-08,0.0,,,,
1981-03-09,0.0,,,,
1981-03-10,0.0,,,,
1981-03-11,0.0,,,,
1981-03-12,0.0,,,,
1981-03-13,0.0,,,,
1981-03-14,0.0,,,,
1981-03-15,0.0,,,,
1981-03-16,0.0,,,,
1981-03-17,0.0,,,,
1981-03-18,0.0,,,,
1981-03-19,0.0,,,,
1981-03-20,0.0,,,,
1981-03-21,0.0,,,,
1981-03-22,0.0,,,,
1981-03-23,0.0,,,,
1981-03-24,0.0,,,,
1981-03-25,0.0,,,,
1981-03-26,0.0,,,,
1981-03-27,0.0,,,,
1981-03-28,0.0,,,,
1981-03-29,0.0,,,,
1981-03-30,0.0,,,,
1981-03-31,0.0,,,,
1981-04-01,0.0,,,,
1981-04-02,0.0,,,,
1981-04-03,0.0,,,,
1981-04-04,0.0,,,,
1981-04-05,0.0,,,,
1981-04-06,0.0,,,,
1981-04-07,0.0,,,,
1981-04-08,0.0,,,,
1981-04-09,0.0,,,,
1981-04-10,0.0,,,,
1981-04-11,0.0,,,,
1981-04-12,0.0,,,,
1981-04-13,0.0,,,,
1981-04-14,0.0,,,,
1981-04-15,0.0,,,,
1981-04-16,0.0,,,,
1981-04-17,0.0,,,,
1981-04-18,0.0,,,,
1981-04-19,0.0,,,,
1981-04-20,0.0,,,,
1981-04-21,0.0,,,,
1981-04-22,0.0,,,,
1981-04-23,0.0,,,,
1981-04-24,0.0,,,,
1981-04-25,0.0,,,,
1981-04-26,0.0,,,,
1981-04-27,0.0,,,,
1981-04-28,0.0,,,,
1981-04-29,0.0,,,,
1981-04-30,0.0,,,,
1981-05-01,0.0,,,,
1981-05-02,0.0,,,,
1981-05-03,0.38,,,,
1981-05-04,0.26,,,,
1981-05-05,0.0,,,,
1981-05-06,0.0,,,,
1981-05-07,0.0,,,,
1981-05-08,0.0,,,,
1981-05-09,0.0,,,,
1981-05-10,0.0,,,,
1981-05-11,0.0,,,,
1981-05-12,0.91,,,,
1981-05-13,2.01,,,,
1981-05-14,0.0,,,,
1981-05-15,0.0,,,,
1981-05-16,0.0,,,,
1981-05-17,0.0,,,,
1981-05-18,0.0,,,,
1981-05-19,0.0,,,,
1981-05-20,0.0,,,,
1981-05-21,0.0,,,,
1981-05-22,0.0,,,,
1981-05-23,0.0,,,,
1981-05-24,0.07,,,,
1981-05-25,0.0,,,,
1981-05-26,0.0,,,,
1981-05-27,0.0,,,,
1981-05-28,0.0,,,,
1981-05-29,0.02,,,,
1981-05-30,0.0,,,,
1981-05-31,0.0,,,,
1981-06-01,0.0,,,,
1981-06-02,0.0,,,,
1981-06-03,0.0,,,,
1981-06-04,0.0,,,,
1981-06-05,0.0,,,,
1981-06-06,0.0,,,,
1981-06-07,0.0,,,,
1981-06-08,0.0,,,,
1981-06-09,0.0,,,,
1981-06-10,0.0,,,,
1981-06-11,0.0,,,,
1981-06-12,0.0,,,,
1981-06-13,0.0,,,,
1981-06-14,0.0,,,,
1981-06-15,0.24,,,,
1981-06-16,0.0,,,,
1981-06-17,0.0,,,,
1981-06-18,0.0,,,,
1981-06-19,0.0,,,,
1981-06-20,0.0,,,,
1981-06-21,0.0,,,,
1981-06-22,0.0,,,,
1981-06-23,0.0,,,,
1981-06-24,16.72,,,,
1981-06-25,0.0,,,,
1981-06-26,1.1,,,,
1981-06-27,4.33,,,,
1981-06-28,0.0,,,,
1981-06-29,1.11,,,,
1981-06-30,0.33,,,,
1981-07-01,0.0,,,,
1981-07-02,0.23,,,,
1981-07-03,13.5,,,,
1981-07-04,20.73,,,,
1981-07-05,22.28,,,,
1981-07-06,0.0,,,,
1981-07-07,0.02,,,,
1981-07-08,12.39,,,,
1981-07-09,1.26,,,,
1981-07-10,0.26,,,,
1981-07-11,0.0,,,,
1981-07-12,1.71,,,,
1981-07-13,0.01,,,,
1981-07-14,3.3,,,,
1981-07-15,2.19,,,,
1981-07-16,0.0,,,,
1981-07-17,0.0,,,,
1981-07-18,0.0,,,,
1981-07-19,0.17,,,,
1981-07-20,0.0,,,,
1981-07-21,0.65,,,,
1981-07-22,0.0,,,,
1981-07-23,2.23,,,,
1981-07-24,20.13,,,,
1981-07-25,0.16,,,,
1981-07-26,1.87,,,,
1981-07-27,0.0,,,,
1981-07-28,0.01,,,,
1981-07-29,15.37,,,,
1981-07-30,8.67,,,,
1981-07-31,0.35,,,,
1981-08-01,5.29,,,,
1981-08-02,4.83,,,,
1981-08-03,13.01,,,,
1981-08-04,23.31,,,,
1981-08-05,0.42,,,,
1981-08-06,0.29,,,,
1981-08-07,1.69,,,,
1981-08-08,0.0,,,,
1981-08-09,0.1,,,,
1981-08-10,3.93,,,,
1981-08-11,4.61,,,,
1981-08-12,2.13,,,,
1981-08-13,0.0,,,,
1981-08-14,0.01,,,,
1981-08-15,0.63,,,,
1981-08-16,0.55,,,,
1981-08-17,0.29,,,,
1981-08-18,2.3,,,,
1981-08-19,2.31,,,,
1981-08-20,0.0,,,,
1981-08-21,22.03,,,,
1981-08-22,0.0,,,,
1981-08-23,0.15,,,,
1981-08-24,0.0,,,,
1981-08-25,1.46,,,,
1981-08-26,4.81,,,,
1981-08-27,6.66,,,,
1981-08-28,13.85,,,,
1981-08-29,19.54,,,,
1981-08-30,13.97,,,,
1981-08-31,1.1,,,,
1981-09-01,19.86,,,,
1981-09-02,3.37,,,,
1981-09-03,0.0,,,,
1981-09-04,0.0,,,,
1981-09-05,7.76,,,,
1981-09-06,1.1,,,,
1981-09-07,0.84,,,,
1981-09-08,3.6,,,,
1981-09-09,18.94,,,,
1981-09-10,13.13,,,,
1981-09-11,8.74,,,,
1981-09-12,0.92,,,,
1981-09-13,0.32,,,,
1981-09-14,0.24,,,,
1981-09-15,0.0,,,,
1981-09-16,13.23,,,,
1981-09-17,6.33,,,,
1981-09-18,0.28,,,,
1981-09-19,0.0,,,,
1981-09-20,4.07,,,,
1981-09-21,0.0,,,,
1981-09-22,0.0,,,,
1981-09-23,0.0,,,,
1981-09-24,0.51,,,,
1981-09-25,0.0,,,,
1981-09-26,1.03,,,,
1981-09-27,0.33,,,,
1981-09-28,1.41,,,,
1981-09-29,0.84,,,,
1981-09-30,0.0,,,,
1981-10-01,0.75,,,,
1981-10-02,0.0,,,,
1981-10-03,1.41,,,,
1981-10-04,0.59,,,,
1981-10-05,0.0,,,,
1981-10-06,0.04,,,,
1981-10-07,0.0,,,,
1981-10-08,3.35,,,,
1981-10-09,0.0,,,,
1981-10-10,6.1,,,,
1981-10-11,0.0,,,,
1981-10-12,2.25,,,,
1981-10-13,0.0,,,,
1981-10-14,0.0,,,,
1981-10-15,4.32,,,,
1981-10-16,0.22,,,,
1981-10-17,0.0,,,,
1981-10-18,0.0,,,,
1981-10-19,0.0,,,,
1981-10-20,0.0,,,,
1981-10-21,0.6,,,,
1981-10-22,0.0,,,,
1981-10-23,0.17,,,,
1981-10-24,0.0,,,,
1981-10-25,0.0,,,,
1981-10-26,0.0,,,,
1981-10-27,0.0,,,,
1981-10-28,0.41,,,,
1981-10-29,0.0,,,,
1981-10-30,0.0,,,,
1981-10-31,0.0,,,,
1981-11-01,0.0,,,,
1981-11-02,0.0,,,,
1981-11-03,0.0,,,,
1981-11-04,0.0,,,,
1981-11-05,0.0,,,,
1981-11-06,0.0,,,,
1981-11-07,0.0,,,,
1981-11-08,0.0,,,,
1981-11-09,0.0,,,,
1981-11-10,0.0,,,,
1981-11-11,0.0,,,,
1981-11-12,0.0,,,,
1981-11-13,0.0,,,,
1981-11-14,0.0,,,,
1981-11-15,0.0,,,,
1981-11-16,0.0,,,,
1981-11-17,0.0,,,,
1981-11-18,0.0,,,,
1981-11-19,0.0,,,,
1981-11-20,0.0,,,,
1981-11-21,0.0,,,,
1981-11-22,0.0,,,,
1981-11-23,0.0,,,,
1981-11-24,0.0,,,,
1981-11-25,0.0,,,,
1981-11-26,0.0,,,,
1981-11-27,0.0,,,,
1981-11-28,0.0,,,,
1981-11-29,0.0,,,,
1981-11-30,0.0,,,,
1981-12-01,0.0,,,,
1981-12-02,0.0,,,,
1981-12-03,0.0,,,,
1981-12-04,0.0,,,,
1981-12-05,0.0,,,,
1981-12-06,0.0,,,,
1981-12-07,0.0,,,,
1981-12-08,0.0,,,,
1981-12-09,0.0,,,,
1981-12-10,0.0,,,,
1981-12-11,0.0,,,,
1981-12-12,0.0,,,,
1981-12-13,0.0,,,,
1981-12-14,0.0,,,,
1981-12-15,0.0,,,,
1981-12-16,0.0,,,,
1981-12-17,0.0,,,,
1981-12-18,0.0,,,,
1981-12-19,0.0,,,,
1981-12-20,0.0,,,,
1981-12-21,0.0,,,,
1981-12-22,0.0,,,,
1981-12-23,0.0,,,,
1981-12-24,0.0,,,,
1981-12-25,0.0,,,,
1981-12-26,0.0,,,,
1981-12-27,0.0,,,,
1981-12-28,0.0,,,,
1981-12-29,0.0,,,,
1981-12-30,0.0,,,,
1981-12-31,0.0,,,,
1982-01-01,0.0,,,,
1982-01-02,0.0,,,,
1982-01-03,0.0,,,,
1982-01-04,0.0,,,,
1982-01-05,0.0,,,,
1982-01-06,0.0,,,,
1982-01-07,0.0,,,,
1982-01-08,0.0,,,,
1982-01-09,0.0,,,,
1982-01-10,0.0,,,,
1982-01-11,0.0,,,,
1982-01-12,0.0,,,,
1982-01-13,0.0,,,,
1982-01-14,0.0,,,,
1982-01-15,0.0,,,,
1982-01-16,0.0,,,,
1982-01-17,0.0,,,,
1982-01-18,0.0,,,,
1982-01-19,0.0,,,,
1982-01-20,0.0,,,,
1982-01-21,0.0,,,,
1982-01-22,0.0,,,,
1982-01-23,0.0,,,,
1982-01-24,0.0,,,,
1982-01-25,0.0,,,,
1982-01-26,0.0,,,,
1982-01-27,0.0,,,,
1982-01-28,0.0,,,,
1982-01-29,0.0,,,,
1982-01-30,0.0,,,,
1982-01-31,0.0,,,,
1982-02-01,0.0,,,,
1982-02-02,0.0,,,,
1982-02-03,0.0,,,,
1982-02-04,0.0,,,,
1982-02-05,0.0,,,,
1982-02-06,0.0,,,,
1982-02-07,0.0,,,,
1982-02-08,0.0,,,,
1982-02-09,0.0,,,,
1982-02-10,0.0,,,,
1982-02-11,0.0,,,,
1982-02-12,0.0,,,,
1982-02-13,0.0,,,,
1982-02-14,0.0,,,,
1982-02-15,0.0,,,,
1982-02-16,0.0,,,,
1982-02-17,0.0,,,,
1982-02-18,0.0,,,,
1982-02-19,0.0,,,,
1982-02-20,0.0,,,,
1982-02-21,0.0,,,,
1982-02-22,0.0,,,,
1982-02-23,0.0,,,,
1982-02-24,0.0,,,,
1982-02-25,0.0,,,,
1982-02-26,0.0,,,,
1982-02-27,0.0,,,,
1982-02-28,0.0,,,,
1982-03-01,0.0,,,,
1982-03-02,0.0,,,,
1982-03-03,0.0,,,,
1982-03-04,0.0,,,,
1982-03-05,0.0,,,,
1982-03-06,0.0,,,,
1982-03-07,0.0,,,,
1982-03-08,0.0,,,,
1982-03-09,0.0,,,,
1982-03-10,0.0,,,,
1982-03-11,0.0,,,,
1982-03-12,0.0,,,,
1982-03-13,0.0,,,,
1982-03-14,0.0,,,,
1982-03-15,0.0,,,,
1982-03-16,0.0,,,,
1982-03-17,0.0,,,,
1982-03-18,0.0,,,,
1982-03-19,0.0,,,,
1982-03-20,0.0,,,,
1982-03-21,0.0,,,,
1982-03-22,0.0,,,,
1982-03-23,0.0,,,,
1982-03-24,0.0,,,,
1982-03-25,0.0,,,,
1982-03-26,0.0,,,,
1982-03-27,0.0,,,,
1982-03-28,0.0,,,,
1982-03-29,0.0,,,,
1982-03-30,0.0,,,,
1982-03-31,0.0,,,,
1982-04-01,0.0,,,,
1982-04-02,0.0,,,,
1982-04-03,0.0,,,,
1982-04-04,0.0,,,,
1982-04-05,0.0,,,,
1982-04-06,0.0,,,,
1982-04-07,0.0,,,,
1982-04-08,0.0,,,,
1982-04-09,0.0,,,,
1982-04-10,0.0,,,,
1982-04-11,0.0,,,,
1982-04-12,0.0,,,,
1982-04-13,0.0,,,,
1982-04-14,0.0,,,,
1982-04-15,0.0,,,,
1982-04-16,0.0,,,,
1982-04-17,0.0,,,,
1982-04-18,0.0,,,,
1982-04-19,0.0,,,,
1982-04-20,0.0,,,,
1982-04-21,0.0,,,,
1982-04-22,0.0,,,,
1982-04-23,0.0,,,,
1982-04-24,0.0,,,,
1982-04-25,0.0,,,,
1982-04-26,0.0,,,,
1982-04-27,0.0,,,,
1982-04-28,0.0,,,,
1982-04-29,0.0,,,,
1982-04-30,0.0,,,,
1982-05-01,0.0,,,,
1982-05-02,0.0,,,,
1982-05-03,0.0,,,,
1982-05-04,0.0,,,,
1982-05-05,0.0,,,,
1982-05-06,0.0,,,,
1982-05-07,0.0,,,,
1982-05-08,0.0,,,,
1982-05-09,0.0,,,,
1982-05-10,0.0,,,,
1982-05-11,0.0,,,,
1982-05-12,0.18,,,,
1982-05-13,0.0,,,,
1982-05-14,0.0,,,,
1982-05-15,0.0,,,,
1982-05-16,0.0,,,,
1982-05-17,0.0,,,,
1982-05-18,0.0,,,,
1982-05-19,0.0,,,,
1982-05-20,0.0,,,,
1982-05-21,0.0,,,,
1982-05-22,0.0,,,,
1982-05-23,0.0,,,,
1982-05-24,0.0,,,,
1982-05-25,0.0,,,,
1982-05-26,0.0,,,,
1982-05-27,0.0,,,,
1982-05-28,0.0,,,,
1982-05-29,0.0,,,,
1982-05-30,0.0,,,,
1982-05-31,0.0,,,,
1982-06-01,0.0,,,,
1982-06-02,0.0,,,,
1982-06-03,0.0,,,,
1982-06-04,0.0,,,,
1982-06-05,0.0,,,,
1982-06-06,0.0,,,,
1982-06-07,0.0,,,,
1982-06-08,2.95,,,,
1982-06-09,0.0,,,,
1982-06-10,0.0,,,,
1982-06-11,0.0,,,,
1982-06-12,0.0,,,,
1982-06-13,0.5,,,,
1982-06-14,0.45,,,,
1982-06-15,0.05,,,,
1982-06-16,0.0,,,,
1982-06-17,0.0,,,,
1982-06-18,0.0,,,,
1982-06-19,0.0,,,,
1982-06-20,1.85,,,,
1982-06-21,0.0,,,,
1982-06-22,0.0,,,,
1982-06-23,0.0,,,,
1982-06-24,0.0,,,,
1982-06-25,0.0,,,,
1982-06-26,2.21,,,,
1982-06-27,0.0,,,,
1982-06-28,0.58,,,,
1982-06-29,0.02,,,,
1982-06-30,14.11,,,,
1982-07-01,0.0,,,,
1982-07-02,0.27,,,,
1982-07-03,0.0,,,,
1982-07-04,0.0,,,,
1982-07-05,0.0,,,,
1982-07-06,0.0,,,,
1982-07-07,0.0,,,,
1982-07-08,0.0,,,,
1982-07-09,2.52,,,,
1982-07-10,0.36,,,,
1982-07-11,5.8,,,,
1982-07-12,2.06,,,,
1982-07-13,2.54,,,,
1982-07-14,8.73,,,,
1982-07-15,0.0,,,,
1982-07-16,1.5,,,,
1982-07-17,0.0,,,,
1982-07-18,2.95,,,,
1982-07-19,4.27,,,,
1982-07-20,0.29,,,,
1982-07-21,0.0,,,,
1982-07-22,0.0,,,,
1982-07-23,0.0,,,,
1982-07-24,6.19,,,,
1982-07-25,0.47,,,,
1982-07-26,0.0,,,,
1982-07-27,6.78,,,,
1982-07-28,6.4,,,,
1982-07-29,0.3,,,,
1982-07-30,0.0,,,,
1982-07-31,0.0,,,,
1982-08-01,0.0,,,,
1982-08-02,0.0,,,,
1982-08-03,0.0,,,,
1982-08-04,0.0,,,,
1982-08-05,0.01,,,,
1982-08-06,0.58,,,,
1982-08-07,7.38,,,,
1982-08-08,9.52,,,,
1982-08-09,1.1,,,,
1982-08-10,0.1,,,,
1982-08-11,23.59,,,,
1982-08-12,14.29,,,,
1982-08-13,13.6,,,,
1982-08-14,23.04,,,,
1982-08-15,0.0,,,,
1982-08-16,0.15,,,,
1982-08-17,0.67,,,,
1982-08-18,0.36,,,,
1982-08-19,0.04,,,,
1982-08-20,24.58,,,,
1982-08-21,4.45,,,,
1982-08-22,0.53,,,,
1982-08-23,9.87,,,,
1982-08-24,3.5,,,,
1982-08-25,4.22,,,,
1982-08-26,4.81,,,,
1982-08-27,1.04,,,,
1982-08-28,0.7,,,,
1982-08-29,0.0,,,,
1982-08-30,6.67,,,,
1982-08-31,5.92,,,,
1982-09-01,2.4,,,,
1982-09-02,0.0,,,,
1982-09-03,0.05,,,,
1982-09-04,3.26,,,,
1982-09-05,0.0,,,,
1982-09-06,1.38,,,,
1982-09-07,0.0,,,,
1982-09-08,1.46,,,,
1982-09-09,0.35,,,,
1982-09-10,2.93,,,,
1982-09-11,2.29,,,,
1982-09-12,11.34,,,,
1982-09-13,0.02,,,,
1982-09-14,9.13,,,,
1982-09-15,0.03,,,,
1982-09-16,10.35,,,,
1982-09-17,0.0,,,,
1982-09-18,0.0,,,,
1982-09-19,0.0,,,,
1982-09-20,0.0,,,,
1982-09-21,1.64,,,,
1982-09-22,0.0,,,,
1982-09-23,0.0,,,,
1982-09-24,0.0,,,,
1982-09-25,3.58,,,,
1982-09-26,0.28,,,,
1982-09-27,0.43,,,,
1982-09-28,0.0,,,,
1982-09-29,0.0,,,,
1982-09-30,0.0,,,,
1982-10-01,0.51,,,,
1982-10-02,0.47,,,,
1982-10-03,0.01,,,,
1982-10-04,10.72,,,,
1982-10-05,5.72,,,,
1982-10-06,0.0,,,,
1982-10-07,2.63,,,,
1982-10-08,10.64,,,,
1982-10-09,0.0,,,,
1982-10-10,0.02,,,,
1982-10-11,0.99,,,,
1982-10-12,0.46,,,,
1982-10-13,0.01,,,,
1982-10-14,0.0,,,,
1982-10-15,0.0,,,,
1982-10-16,0.04,,,,
1982-10-17,0.59,,,,
1982-10-18,0.0,,,,
1982-10-19,0.0,,,,
1982-10-20,0.0,,,,
1982-10-21,0.0,,,,
1982-10-22,0.0,,,,
1982-10-23,0.0,,,,
1982-10-24,0.0,,,,
1982-10-25,0.0,,,,
1982-10-26,0.0,,,,
1982-10-27,0.0,,,,
1982-10-28,0.0,,,,
1982-10-29,0.0,,,,
1982-10-30,0.0,,,,
1982-10-31,0.0,,,,
1982-11-01,0.0,,,,
1982-11-02,0.0,,,,
1982-11-03,0.0,,,,
1982-11-04,0.0,,,,
1982-11-05,0.0,,,,
1982-11-06,0.0,,,,
1982-11-07,0.0,,,,
1982-11-08,0.0,,,,
1982-11-09,0.0,,,,
1982-11-10,0.0,,,,
1982-11-11,0.0,,,,
1982-11-12,0.0,,,,
1982-11-13,0.0,,,,
1982-11-14,0.0,,,,
1982-11-15,0.0,,,,
1982-11-16,0.0,,,,
1982-11-17,0.0,,,,
1982-11-18,0.0,,,,
1982-11-19,0.0,,,,
1982-11-20,0.0,,,,
1982-11-21,0.0,,,,
1982-11-22,0.0,,,,
1982-11-23,0.0,,,,
1982-11-24,0.0,,,,
1982-11-25,0.0,,,,
1982-11-26,0.0,,,,
1982-11-27,0.0,,,,
1982-11-28,0.0,,,,
1982-11-29,0.0,,,,
1982-11-30,0.0,,,,
1982-12-01,0.0,,,,
1982-12-02,0.0,,,,
1982-12-03,0.0,,,,
1982-12-04,0.0,,,,
1982-12-05,0.0,,,,
1982-12-06,0.0,,,,
1982-12-07,0.0,,,,
1982-12-08,0.0,,,,
1982-12-09,0.0,,,,
1982-12-10,0.0,,,,
1982-12-11,0.0,,,,
1982-12-12,0.0,,,,
1982-12-13,0.0,,,,
1982-12-14,0.0,,,,
1982-12-15,0.0,,,,
1982-12-16,0.0,,,,
1982-12-17,0.0,,,,
1982-12-18,0.0,,,,
1982-12-19,0.0,,,,
1982-12-20,0.0,,,,
1982-12-21,0.0,,,,
1982-12-22,0.0,,,,
1982-12-23,0.0,,,,
1982-12-24,0.0,,,,
1982-12-25,0.0,,,,
1982-12-26,0.0,,,,
1982-12-27,0.0,,,,
1982-12-28,0.0,,,,
1982-12-29,0.0,,,,
1982-12-30,0.0,,,,
1982-12-31,0.0,,,,
1983-01-01,0.0,,,,
1983-01-02,0.0,,,,
1983-01-03,0.0,,,,
1983-01-04,0.0,,,,
1983-01-05,0.0,,,,
1983-01-06,0.0,,,,
1983-01-07,0.0,,,,
1983-01-08,0.0,,,,
1983-01-09,0.0,,,,
1983-01-10,0.0,,,,
1983-01-11,0.0,,,,
1983-01-12,0.0,,,,
1983-01-13,0.0,,,,
1983-01-14,0.0,,,,
1983-01-15,0.0,,,,
1983-01-16,0.0,,,,
1983-01-17,0.0,,,,
1983-01-18,0.0,,,,
1983-01-19,0.0,,,,
1983-01-20,0.0,,,,
1983-01-21,0.0,,,,
1983-01-22,0.0,,,,
1983-01-23,0.0,,,,
1983-01-24,0.0,,,,
1983-01-25,0.0,,,,
1983-01-26,0.0,,,,
1983-01-27,0.0,,,,
1983-01-28,0.0,,,,
1983-01-29,0.0,,,,
1983-01-30,0.0,,,,
1983-01-31,0.0,,,,
1983-02-01,0.0,,,,
1983-02-02,0.0,,,,
1983-02-03,0.0,,,,
1983-02-04,0.0,,,,
1983-02-05,0.0,,,,
1983-02-06,0.0,,,,
1983-02-07,0.0,,,,
1983-02-08,0.0,,,,
1983-02-09,0.0,,,,
1983-02-10,0.0,,,,
1983-02-11,0.13,,,,
1983-02-12,0.0,,,,
1983-02-13,0.0,,,,
1983-02-14,0.0,,,,
1983-02-15,0.0,,,,
1983-02-16,0.0,,,,
1983-02-17,0.0,,,,
1983-02-18,0.0,,,,
1983-02-19,0.0,,,,
1983-02-20,0.0,,,,
1983-02-21,0.0,,,,
1983-02-22,0.0,,,,
1983-02-23,0.0,,,,
1983-02-24,0.0,,,,
1983-02-25,0.0,,,,
1983-02-26,0.0,,,,
1983-02-27,0.0,,,,
1983-02-28,0.0,,,,
1983-03-01,0.0,,,,
1983-03-02,0.0,,,,
1983-03-03,0.0,,,,
1983-03-04,0.0,,,,
1983-03-05,0.0,,,,
1983-03-06,0.0,,,,
1983-03-07,0.0,,,,
1983-03-08,0.0,,,,
1983-03-09,0.0,,,,
1983-03-10,0.0,,,,
1983-03-11,0.0,,,,
1983-03-12,0.0,,,,
1983-03-13,0.0,,,,
1983-03-14,0.0,,,,
1983-03-15,0.0,,,,
1983-03-16,0.0,,,,
1983-03-17,0.0,,,,
1983-03-18,0.0,,,,
1983-03-19,0.0,,,,
1983-03-20,0.0,,,,
1983-03-21,0.0,,,,
1983-03-22,0.0,,,,
1983-03-23,0.0,,,,
1983-03-24,0.0,,,,
1983-03-25,0.0,,,,
1983-03-26,0.0,,,,
1983-03-27,0.0,,,,
1983-03-28,0.0,,,,
1983-03-29,0.0,,,,
1983-03-30,0.0,,,,
1983-03-31,0.0,,,,
1983-04-01,0.0,,,,
1983-04-02,0.0,,,,
1983-04-03,0.0,,,,
1983-04-04,0.0,,,,
1983-04-05,0.0,,,,
1983-04-06,0.0,,,,
1983-04-07,0.0,,,,
1983-04-08,0.0,,,,
1983-04-09,0.0,,,,
1983-04-10,0.0,,,,
1983-04-11,0.0,,,,
1983-04-12,0.0,,,,
1983-04-13,0.0,,,,
1983-04-14,0.0,,,,
1983-04-15,0.0,,,,
1983-04-16,0.0,,,,
1983-04-17,0.0,,,,
1983-04-18,0.0,,,,
1983-04-19,0.0,,,,
1983-04-20,0.0,,,,
1983-04-21,0.0,,,,
1983-04-22,0.0,,,,
1983-04-23,0.0,,,,
1983-04-24,0.0,,,,
1983-04-25,0.0,,,,
1983-04-26,0.0,,,,
1983-04-27,0.0,,,,
1983-04-28,0.0,,,,
1983-04-29,0.0,,,,
1983-04-30,0.0,,,,
1983-05-01,0.0,,,,
1983-05-02,0.0,,,,
1983-05-03,0.0,,,,
1983-05-04,0.0,,,,
1983-05-05,0.0,,,,
1983-05-06,0.0,,,,
1983-05-07,0.0,,,,
1983-05-08,0.0,,,,
1983-05-09,0.0,,,,
1983-05-10,0.0,,,,
1983-05-11,0.0,,,,
1983-05-12,0.0,,,,
1983-05-13,0.0,,,,
1983-05-14,0.0,,,,
1983-05-15,0.0,,,,
1983-05-16,0.0,,,,
1983-05-17,0.0,,,,
1983-05-18,0.0,,,,
1983-05-19,0.0,,,,
1983-05-20,0.0,,,,
1983-05-21,0.0,,,,
1983-05-22,0.0,,,,
1983-05-23,0.0,,,,
1983-05-24,0.0,,,,
1983-05-25,0.0,,,,
1983-05-26,0.6,,,,
1983-05-27,0.32,,,,
1983-05-28,0.0,,,,
1983-05-29,0.0,,,,
1983-05-30,0.0,,,,
1983-05-31,0.0,,,,
1983-06-01,0.03,,,,
1983-06-02,0.0,,,,
1983-06-03,0.0,,,,
1983-06-04,0.0,,,,
1983-06-05,0.0,,,,
1983-06-06,0.0,,,,
1983-06-07,0.0,,,,
1983-06-08,0.0,,,,
1983-06-09,0.0,,,,
1983-06-10,0.0,,,,
1983-06-11,0.0,,,,
1983-06-12,0.0,,,,
1983-06-13,0.01,,,,
1983-06-14,0.0,,,,
1983-06-15,0.0,,,,
1983-06-16,0.07,,,,
1983-06-17,0.0,,,,
1983-06-18,6.76,,,,
1983-06-19,5.81,,,,
1983-06-20,0.0,,,,
1983-06-21,0.0,,,,
1983-06-22,0.08,,,,
1983-06-23,0.0,,,,
1983-06-24,0.0,,,,
1983-06-25,0.33,,,,
1983-06-26,0.0,,,,
1983-06-27,0.69,,,,
1983-06-28,0.0,,,,
1983-06-29,0.0,,,,
1983-06-30,0.15,,,,
1983-07-01,10.97,,,,
1983-07-02,0.58,,,,
1983-07-03,0.57,,,,
1983-07-04,0.0,,,,
1983-07-05,0.0,,,,
1983-07-06,0.0,,,,
1983-07-07,0.15,,,,
1983-07-08,0.81,,,,
1983-07-09,0.02,,,,
1983-07-10,0.0,,,,
1983-07-11,0.3,,,,
1983-07-12,2.88,,,,
1983-07-13,5.16,,,,
1983-07-14,0.0,,,,
1983-07-15,0.0,,,,
1983-07-16,0.01,,,,
1983-07-17,0.0,,,,
1983-07-18,0.0,,,,
1983-07-19,0.0,,,,
1983-07-20,0.74,,,,
1983-07-21,0.0,,,,
1983-07-22,0.0,,,,
1983-07-23,0.0,,,,
1983-07-24,0.0,,,,
1983-07-25,0.0,,,,
1983-07-26,0.0,,,,
1983-07-27,0.0,,,,
1983-07-28,0.0,,,,
1983-07-29,0.0,,,,
1983-07-30,0.0,,,,
1983-07-31,0.17,,,,
1983-08-01,0.23,,,,
1983-08-02,5.38,,,,
1983-08-03,0.0,,,,
1983-08-04,0.0,,,,
1983-08-05,0.0,,,,
1983-08-06,0.0,,,,
1983-08-07,0.03,,,,
1983-08-08,0.15,,,,
1983-08-09,11.43,,,,
1983-08-10,1.87,,,,
1983-08-11,0.0,,,,
1983-08-12,0.01,,,,
1983-08-13,0.16,,,,
1983-08-14,0.07,,,,
1983-08-15,0.0,,,,
1983-08-16,0.0,,,,
1983-08-17,0.0,,,,
1983-08-18,0.0,,,,
1983-08-19,0.0,,,,
1983-08-20,0.15,,,,
1983-08-21,52.87,,,,
1983-08-22,0.0,,,,
1983-08-23,13.03,,,,
1983-08-24,0.0,,,,
1983-08-25,0.0,,,,
1983-08-26,0.0,,,,
1983-08-27,0.0,,,,
1983-08-28,0.0,,,,
1983-08-29,0.57,,,,
1983-08-30,0.1,,,,
1983-08-31,4.08,,,,
1983-09-01,3.4,,,,
1983-09-02,0.0,,,,
1983-09-03,2.37,,,,
1983-09-04,0.0,,,,
1983-09-05,0.0,,,,
1983-09-06,0.0,,,,
1983-09-07,0.0,,,,
1983-09-08,15.82,,,,
1983-09-09,1.66,,,,
1983-09-10,0.07,,,,
1983-09-11,11.3,,,,
1983-09-12,1.48,,,,
1983-09-13,0.0,,,,
1983-09-14,0.0,,,,
1983-09-15,0.0,,,,
1983-09-16,0.0,,,,
1983-09-17,0.0,,,,
1983-09-18,0.0,,,,
1983-09-19,0.0,,,,
1983-09-20,0.56,,,,
1983-09-21,0.56,,,,
1983-09-22,0.0,,,,
1983-09-23,0.0,,,,
1983-09-24,0.0,,,,
1983-09-25,0.38,,,,
1983-09-26,0.0,,,,
1983-09-27,0.0,,,,
1983-09-28,0.0,,,,
1983-09-29,0.27,,,,
1983-09-30,1.48,,,,
1983-10-01,0.0,,,,
1983-10-02,0.0,,,,
1983-10-03,0.0,,,,
1983-10-04,0.0,,,,
1983-10-05,1.94,,,,
1983-10-06,0.23,,,,
1983-10-07,0.0,,,,
1983-10-08,0.0,,,,
1983-10-09,0.0,,,,
1983-10-10,0.0,,,,
1983-10-11,0.0,,,,
1983-10-12,0.0,,,,
1983-10-13,0.0,,,,
1983-10-14,0.0,,,,
1983-10-15,0.07,,,,
1983-10-16,0.0,,,,
1983-10-17,0.0,,,,
1983-10-18,0.0,,,,
1983-10-19,0.07,,,,
1983-10-20,0.0,,,,
1983-10-21,0.0,,,,
1983-10-22,0.0,,,,
1983-10-23,0.0,,,,
1983-10-24,0.0,,,,
1983-10-25,0.0,,,,
1983-10-26,0.0,,,,
1983-10-27,0.0,,,,
1983-10-28,0.0,,,,
1983-10-29,0.0,,,,
1983-10-30,0.0,,,,
1983-10-31,0.0,,,,
1983-11-01,0.0,,,,
1983-11-02,0.0,,,,
1983-11-03,0.0,,,,
1983-11-04,0.0,,,,
1983-11-05,0.0,,,,
1983-11-06,0.0,,,,
1983-11-07,0.0,,,,
1983-11-08,0.0,,,,
1983-11-09,0.0,,,,
1983-11-10,0.0,,,,
1983-11-11,0.0,,,,
1983-11-12,0.0,,,,
1983-11-13,0.0,,,,
1983-11-14,0.0,,,,
1983-11-15,0.0,,,,
1983-11-16,0.0,,,,
1983-11-17,0.0,,,,
1983-11-18,0.0,,,,
1983-11-19,0.0,,,,
1983-11-20,0.0,,,,
1983-11-21,0.0,,,,
1983-11-22,0.0,,,,
1983-11-23,0.0,,,,
1983-11-24,0.0,,,,
1983-11-25,0.0,,,,
1983-11-26,0.0,,,,
1983-11-27,0.0,,,,
1983-11-28,0.0,,,,
1983-11-29,0.0,,,,
1983-11-30,0.0,,,,
1983-12-01,0.0,,,,
1983-12-02,0.0,,,,
1983-12-03,0.0,,,,
1983-12-04,0.0,,,,
1983-12-05,0.0,,,,
1983-12-06,0.0,,,,
1983-12-07,0.0,,,,
1983-12-08,0.0,,,,
1983-12-09,0.0,,,,
1983-12-10,0.0,,,,
1983-12-11,0.0,,,,
1983-12-12,0.0,,,,
1983-12-13,0.0,,,,
1983-12-14,0.0,,,,
1983-12-15,0.0,,,,
1983-12-16,0.0,,,,
1983-12-17,0.0,,,,
1983-12-18,0.0,,,,
1983-12-19,0.0,,,,
1983-12-20,0.0,,,,
1983-12-21,0.0,,,,
1983-12-22,0.0,,,,
1983-12-23,0.0,,,,
1983-12-24,0.0,,,,
1983-12-25,0.0,,,,
1983-12-26,0.0,,,,
1983-12-27,0.0,,,,
1983-12-28,0.0,,,,
1983-12-29,0.0,,,,
1983-12-30,0.0,,,,
1983-12-31,0.0,,,,
1984-01-01,0.0,,,,
1984-01-02,0.0,,,,
1984-01-03,0.0,,,,
1984-01-04,0.0,,,,
1984-01-05,0.0,,,,
1984-01-06,0.0,,,,
1984-01-07,0.0,,,,
1984-01-08,0.0,,,,
1984-01-09,0.0,,,,
1984-01-10,0.0,,,,
1984-01-11,0.0,,,,
1984-01-12,0.0,,,,
1984-01-13,0.0,,,,
1984-01-14,0.0,,,,
1984-01-15,0.0,,,,
1984-01-16,0.0,,,,
1984-01-17,0.0,,,,
1984-01-18,0.0,,,,
1984-01-19,0.0,,,,
1984-01-20,0.0,,,,
1984-01-21,0.0,,,,
1984-01-22,0.0,,,,
1984-01-23,0.0,,,,
1984-01-24,0.0,,,,
1984-01-25,0.0,,,,
1984-01-26,0.0,,,,
1984-01-27,0.0,,,,
1984-01-28,0.0,,,,
1984-01-29,0.0,,,,
1984-01-30,0.0,,,,
1984-01-31,0.0,,,,
1984-02-01,0.0,,,,
1984-02-02,0.0,,,,
1984-02-03,0.0,,,,
1984-02-04,0.0,,,,
1984-02-05,0.0,,,,
1984-02-06,0.0,,,,
1984-02-07,0.0,,,,
1984-02-08,0.0,,,,
1984-02-09,0.0,,,,
1984-02-10,0.0,,,,
1984-02-11,0.0,,,,
1984-02-12,0.0,,,,
1984-02-13,0.0,,,,
1984-02-14,0.0,,,,
1984-02-15,0.0,,,,
1984-02-16,0.0,,,,
1984-02-17,0.0,,,,
1984-02-18,0.0,,,,
1984-02-19,0.0,,,,
1984-02-20,0.0,,,,
1984-02-21,0.0,,,,
1984-02-22,0.0,,,,
1984-02-23,0.0,,,,
1984-02-24,0.0,,,,
1984-02-25,0.0,,,,
1984-02-26,0.0,,,,
1984-02-27,0.0,,,,
1984-02-28,0.0,,,,
1984-02-29,0.0,,,,
1984-03-01,0.0,,,,
1984-03-02,0.0,,,,
1984-03-03,0.0,,,,
1984-03-04,0.0,,,,
1984-03-05,0.0,,,,
1984-03-06,0.0,,,,
1984-03-07,0.0,,,,
1984-03-08,0.0,,,,
1984-03-09,0.0,,,,
1984-03-10,0.0,,,,
1984-03-11,0.0,,,,
1984-03-12,0.0,,,,
1984-03-13,0.0,,,,
1984-03-14,0.0,,,,
1984-03-15,0.0,,,,
1984-03-16,0.0,,,,
1984-03-17,0.0,,,,
1984-03-18,0.0,,,,
1984-03-19,0.0,,,,
1984-03-20,0.0,,,,
1984-03-21,0.0,,,,
1984-03-22,0.0,,,,
1984-03-23,0.0,,,,
1984-03-24,0.0,,,,
1984-03-25,0.0,,,,
1984-03-26,0.0,,,,
1984-03-27,0.0,,,,
1984-03-28,0.0,,,,
1984-03-29,0.0,,,,
1984-03-30,0.0,,,,
1984-03-31,0.0,,,,
1984-04-01,0.0,,,,
1984-04-02,0.0,,,,
1984-04-03,0.0,,,,
1984-04-04,0.0,,,,
1984-04-05,0.0,,,,
1984-04-06,0.0,,,,
1984-04-07,0.0,,,,
1984-04-08,0.0,,,,
1984-04-09,0.0,,,,
1984-04-10,0.0,,,,
1984-04-11,0.0,,,,
1984-04-12,0.0,,,,
1984-04-13,0.0,,,,
1984-04-14,0.0,,,,
1984-04-15,0.0,,,,
1984-04-16,0.0,,,,
1984-04-17,0.0,,,,
1984-04-18,0.0,,,,
1984-04-19,0.0,,,,
1984-04-20,0.0,,,,
1984-04-21,0.0,,,,
1984-04-22,0.0,,,,
1984-04-23,0.0,,,,
1984-04-24,0.0,,,,
1984-04-25,0.0,,,,
1984-04-26,0.0,,,,
1984-04-27,0.0,,,,
1984-04-28,0.0,,,,
1984-04-29,0.0,,,,
1984-04-30,0.0,,,,
1984-05-01,0.0,,,,
1984-05-02,0.0,,,,
1984-05-03,0.0,,,,
1984-05-04,0.0,,,,
1984-05-05,0.0,,,,
1984-05-06,0.0,,,,
1984-05-07,0.0,,,,
1984-05-08,0.0,,,,
1984-05-09,0.0,,,,
1984-05-10,0.0,,,,
1984-05-11,0.0,,,,
1984-05-12,0.0,,,,
1984-05-13,0.0,,,,
1984-05-14,0.0,,,,
1984-05-15,0.0,,,,
1984-05-16,0.0,,,,
1984-05-17,0.0,,,,
1984-05-18,0.0,,,,
1984-05-19,0.0,,,,
1984-05-20,0.0,,,,
1984-05-21,0.0,,,,
1984-05-22,0.0,,,,
1984-05-23,0.0,,,,
1984-05-24,0.0,,,,
1984-05-25,0.0,,,,
1984-05-26,0.0,,,,
1984-05-27,0.0,,,,
1984-05-28,0.0,,,,
1984-05-29,0.0,,,,
1984-05-30,0.0,,,,
1984-05-31,0.08,,,,
1984-06-01,2.05,,,,
1984-06-02,6.06,,,,
1984-06-03,0.05,,,,
1984-06-04,0.0,,,,
1984-06-05,0.0,,,,
1984-06-06,0.0,,,,
1984-06-07,0.0,,,,
1984-06-08,1.7,,,,
1984-06-09,0.42,,,,
1984-06-10,0.0,,,,
1984-06-11,0.0,,,,
1984-06-12,0.0,,,,
1984-06-13,0.0,,,,
1984-06-14,0.01,,,,
1984-06-15,0.14,,,,
1984-06-16,3.87,,,,
1984-06-17,0.0,,,,
1984-06-18,0.0,,,,
1984-06-19,26.09,,,,
1984-06-20,0.08,,,,
1984-06-21,0.0,,,,
1984-06-22,0.0,,,,
1984-06-23,0.04,,,,
1984-06-24,0.43,,,,
1984-06-25,0.0,,,,
1984-06-26,6.16,,,,
1984-06-27,0.03,,,,
1984-06-28,1.24,,,,
1984-06-29,0.0,,,,
1984-06-30,0.0,,,,
1984-07-01,0.0,,,,
1984-07-02,0.0,,,,
1984-07-03,1.59,,,,
1984-07-04,0.5,,,,
1984-07-05,0.0,,,,
1984-07-06,0.0,,,,
1984-07-07,0.0,,,,
1984-07-08,0.0,,,,
1984-07-09,0.62,,,,
1984-07-10,0.07,,,,
1984-07-11,0.0,,,,
1984-07-12,0.01,,,,
1984-07-13,1.18,,,,
1984-07-14,10.26,,,,
1984-07-15,32.59,,,,
1984-07-16,0.48,,,,
1984-07-17,0.0,,,,
1984-07-18,0.0,,,,
1984-07-19,0.01,,,,
1984-07-20,0.35,,,,
1984-07-21,0.23,,,,
1984-07-22,0.5,,,,
1984-07-23,0.35,,,,
1984-07-24,0.0,,,,
1984-07-25,1.64,,,,
1984-07-26,2.14,,,,
1984-07-27,0.05,,,,
1984-07-28,0.0,,,,
1984-07-29,0.3,,,,
1984-07-30,1.71,,,,
1984-07-31,0.0,,,,
1984-08-01,1.3,,,,
1984-08-02,0.21,,,,
1984-08-03,0.69,,,,
1984-08-04,0.31,,,,
1984-08-05,0.39,,,,
1984-08-06,0.0,,,,
1984-08-07,0.0,,,,
1984-08-08,0.0,,,,
1984-08-09,0.06,,,,
1984-08-10,0.08,,,,
1984-08-11,0.0,,,,
1984-08-12,0.0,,,,
1984-08-13,1.04,,,,
1984-08-14,0.28,,,,
1984-08-15,0.0,,,,
1984-08-16,0.0,,,,
1984-08-17,0.0,,,,
1984-08-18,0.16,,,,
1984-08-19,0.04,,,,
1984-08-20,2.52,,,,
1984-08-21,0.0,,,,
1984-08-22,0.0,,,,
1984-08-23,0.11,,,,
1984-08-24,0.01,,,,
1984-08-25,16.2,,,,
1984-08-26,0.0,,,,
1984-08-27,0.47,,,,
1984-08-28,0.0,,,,
1984-08-29,0.0,,,,
1984-08-30,0.8,,,,
1984-08-31,0.0,,,,
1984-09-01,2.22,,,,
1984-09-02,0.0,,,,
1984-09-03,3.14,,,,
1984-09-04,0.18,,,,
1984-09-05,0.0,,,,
1984-09-06,0.0,,,,
1984-09-07,1.29,,,,
1984-09-08,0.6,,,,
1984-09-09,9.33,,,,
1984-09-10,0.0,,,,
1984-09-11,0.54,,,,
1984-09-12,0.13,,,,
1984-09-13,22.01,,,,
1984-09-14,5.87,,,,
1984-09-15,1.2,,,,
1984-09-16,0.0,,,,
1984-09-17,0.0,,,,
1984-09-18,0.11,,,,
1984-09-19,0.52,,,,
1984-09-20,0.0,,,,
1984-09-21,0.18,,,,
1984-09-22,0.1,,,,
1984-09-23,0.09,,,,
1984-09-24,1.5,,,,
1984-09-25,0.11,,,,
1984-09-26,0.0,,,,
1984-09-27,0.0,,,,
1984-09-28,0.01,,,,
1984-09-29,21.9,,,,
1984-09-30,4.36,,,,
1984-10-01,11.45,,,,
1984-10-02,1.12,,,,
1984-10-03,14.51,,,,
1984-10-04,0.53,,,,
1984-10-05,1.59,,,,
1984-10-06,0.0,,,,
1984-10-07,0.0,,,,
1984-10-08,0.0,,,,
1984-10-09,0.0,,,,
1984-10-10,0.07,,,,
1984-10-11,0.0,,,,
1984-10-12,0.0,,,,
1984-10-13,0.0,,,,
1984-10-14,0.0,,,,
1984-10-15,0.0,,,,
1984-10-16,0.0,,,,
1984-10-17,0.0,,,,
1984-10-18,0.0,,,,
1984-10-19,0.0,,,,
1984-10-20,0.0,,,,
1984-10-21,0.0,,,,
1984-10-22,0.0,,,,
1984-10-23,0.0,,,,
1984-10-24,0.0,,,,
1984-10-25,0.0,,,,
1984-10-26,0.0,,,,
1984-10-27,0.0,,,,
1984-10-28,0.0,,,,
1984-10-29,0.0,,,,
1984-10-30,0.0,,,,
1984-10-31,0.0,,,,
1984-11-01,0.0,,,,
1984-11-02,0.0,,,,
1984-11-03,0.0,,,,
1984-11-04,0.0,,,,
1984-11-05,0.0,,,,
1984-11-06,0.0,,,,
1984-11-07,0.0,,,,
1984-11-08,0.0,,,,
1984-11-09,0.0,,,,
1984-11-10,0.0,,,,
1984-11-11,0.0,,,,
1984-11-12,0.0,,,,
1984-11-13,0.0,,,,
1984-11-14,0.0,,,,
1984-11-15,0.0,,,,
1984-11-16,0.0,,,,
1984-11-17,0.22,,,,
1984-11-18,0.0,,,,
1984-11-19,0.0,,,,
1984-11-20,0.0,,,,
1984-11-21,0.0,,,,
1984-11-22,0.0,,,,
1984-11-23,0.0,,,,
1984-11-24,0.0,,,,
1984-11-25,0.0,,,,
1984-11-26,0.0,,,,
1984-11-27,0.0,,,,
1984-11-28,0.0,,,,
1984-11-29,0.0,,,,
1984-11-30,0.0,,,,
1984-12-01,0.0,,,,
1984-12-02,0.0,,,,
1984-12-03,0.0,,,,
1984-12-04,0.0,,,,
1984-12-05,0.0,,,,
1984-12-06,0.0,,,,
1984-12-07,0.0,,,,
1984-12-08,0.0,,,,
1984-12-09,0.0,,,,
1984-12-10,0.0,,,,
1984-12-11,0.0,,,,
1984-12-12,0.0,,,,
1984-12-13,0.0,,,,
1984-12-14,0.0,,,,
1984-12-15,0.0,,,,
1984-12-16,0.0,,,,
1984-12-17,0.0,,,,
1984-12-18,0.0,,,,
1984-12-19,0.0,,,,
1984-12-20,0.0,,,,
1984-12-21,0.0,,,,
1984-12-22,0.0,,,,
1984-12-23,0.0,,,,
1984-12-24,0.0,,,,
1984-12-25,0.0,,,,
1984-12-26,0.0,,,,
1984-12-27,0.0,,,,
1984-12-28,0.0,,,,
1984-12-29,0.0,,,,
1984-12-30,0.0,,,,
1984-12-31,0.0,,,,
1985-01-01,0.0,,,,
1985-01-02,0.0,,,,
1985-01-03,0.0,,,,
1985-01-04,0.0,,,,
1985-01-05,0.0,,,,
1985-01-06,0.0,,,,
1985-01-07,0.0,,,,
1985-01-08,0.0,,,,
1985-01-09,0.0,,,,
1985-01-10,0.0,,,,
1985-01-11,0.0,,,,
1985-01-12,0.0,,,,
1985-01-13,0.0,,,,
1985-01-14,0.0,,,,
1985-01-15,0.0,,,,
1985-01-16,0.0,,,,
1985-01-17,0.0,,,,
1985-01-18,0.0,,,,
1985-01-19,0.0,,,,
1985-01-20,0.0,,,,
1985-01-21,0.0,,,,
1985-01-22,0.0,,,,
1985-01-23,0.0,,,,
1985-01-24,0.0,,,,
1985-01-25,0.0,,,,
1985-01-26,0.0,,,,
1985-01-27,0.0,,,,
1985-01-28,0.0,,,,
1985-01-29,0.0,,,,
1985-01-30,0.0,,,,
1985-01-31,0.0,,,,
1985-02-01,0.0,,,,
1985-02-02,0.0,,,,
1985-02-03,0.0,,,,
1985-02-04,0.0,,,,
1985-02-05,0.0,,,,
1985-02-06,0.0,,,,
1985-02-07,0.0,,,,
1985-02-08,0.0,,,,
1985-02-09,0.0,,,,
1985-02-10,0.0,,,,
1985-02-11,0.0,,,,
1985-02-12,0.0,,,,
1985-02-13,0.0,,,,
1985-02-14,0.0,,,,
1985-02-15,0.0,,,,
1985-02-16,0.0,,,,
1985-02-17,0.0,,,,
1985-02-18,0.0,,,,
1985-02-19,0.0,,,,
1985-02-20,0.0,,,,
1985-02-21,0.0,,,,
1985-02-22,0.0,,,,
1985-02-23,0.0,,,,
1985-02-24,0.0,,,,
1985-02-25,0.0,,,,
1985-02-26,0.0,,,,
1985-02-27,0.0,,,,
1985-02-28,0.0,,,,
1985-03-01,0.0,,,,
1985-03-02,0.0,,,,
1985-03-03,0.0,,,,
1985-03-04,0.0,,,,
1985-03-05,0.0,,,,
1985-03-06,0.0,,,,
1985-03-07,0.0,,,,
1985-03-08,0.0,,,,
1985-03-09,0.0,,,,
1985-03-10,0.0,,,,
1985-03-11,0.0,,,,
1985-03-12,0.0,,,,
1985-03-13,0.0,,,,
1985-03-14,0.0,,,,
1985-03-15,0.0,,,,
1985-03-16,0.0,,,,
1985-03-17,0.0,,,,
1985-03-18,0.0,,,,
1985-03-19,0.0,,,,
1985-03-20,0.0,,,,
1985-03-21,0.0,,,,
1985-03-22,0.0,,,,
1985-03-23,0.0,,,,
1985-03-24,0.0,,,,
1985-03-25,0.01,,,,
1985-03-26,0.01,,,,
1985-03-27,0.0,,,,
1985-03-28,0.0,,,,
1985-03-29,0.0,,,,
1985-03-30,0.0,,,,
1985-03-31,0.0,,,,
1985-04-01,0.0,,,,
1985-04-02,0.0,,,,
1985-04-03,0.0,,,,
1985-04-04,0.0,,,,
1985-04-05,0.0,,,,
1985-04-06,0.0,,,,
1985-04-07,0.0,,,,
1985-04-08,0.0,,,,
1985-04-09,0.0,,,,
1985-04-10,0.0,,,,
1985-04-11,0.0,,,,
1985-04-12,0.0,,,,
1985-04-13,0.0,,,,
1985-04-14,0.0,,,,
1985-04-15,0.0,,,,
1985-04-16,0.0,,,,
1985-04-17,0.0,,,,
1985-04-18,0.0,,,,
1985-04-19,0.0,,,,
1985-04-20,0.0,,,,
1985-04-21,0.0,,,,
1985-04-22,0.0,,,,
1985-04-23,0.0,,,,
1985-04-24,0.0,,,,
1985-04-25,0.0,,,,
1985-04-26,0.0,,,,
1985-04-27,0.0,,,,
1985-04-28,0.0,,,,
1985-04-29,0.0,,,,
1985-04-30,0.04,,,,
1985-05-01,0.0,,,,
1985-05-02,0.0,,,,
1985-05-03,0.0,,,,
1985-05-04,0.0,,,,
1985-05-05,0.0,,,,
1985-05-06,0.0,,,,
1985-05-07,0.0,,,,
1985-05-08,0.0,,,,
1985-05-09,0.0,,,,
1985-05-10,0.0,,,,
1985-05-11,0.0,,,,
1985-05-12,0.0,,,,
1985-05-13,0.0,,,,
1985-05-14,0.0,,,,
1985-05-15,0.0,,,,
1985-05-16,0.0,,,,
1985-05-17,0.0,,,,
1985-05-18,0.0,,,,
1985-05-19,0.0,,,,
1985-05-20,0.0,,,,
1985-05-21,0.0,,,,
1985-05-22,0.0,,,,
1985-05-23,0.0,,,,
1985-05-24,0.0,,,,
1985-05-25,0.0,,,,
1985-05-26,0.0,,,,
1985-05-27,0.0,,,,
1985-05-28,0.0,,,,
1985-05-29,0.0,,,,
1985-05-30,0.0,,,,
1985-05-31,0.0,,,,
1985-06-01,0.0,,,,
1985-06-02,0.0,,,,
1985-06-03,0.0,,,,
1985-06-04,0.0,,,,
1985-06-05,0.0,,,,
1985-06-06,0.0,,,,
1985-06-07,0.0,,,,
1985-06-08,0.0,,,,
1985-06-09,0.0,,,,
1985-06-10,0.0,,,,
1985-06-11,0.0,,,,
1985-06-12,0.0,,,,
1985-06-13,0.0,,,,
1985-06-14,0.0,,,,
1985-06-15,0.0,,,,
1985-06-16,0.0,,,,
1985-06-17,0.0,,,,
1985-06-18,0.0,,,,
1985-06-19,0.0,,,,
1985-06-20,0.0,,,,
1985-06-21,0.46,,,,
1985-06-22,3.45,,,,
1985-06-23,1.78,,,,
1985-06-24,0.0,,,,
1985-06-25,0.0,,,,
1985-06-26,0.04,,,,
1985-06-27,5.38,,,,
1985-06-28,0.0,,,,
1985-06-29,0.0,,,,
1985-06-30,0.0,,,,
1985-07-01,0.0,,,,
1985-07-02,0.0,,,,
1985-07-03,0.0,,,,
1985-07-04,14.58,,,,
1985-07-05,0.0,,,,
1985-07-06,0.0,,,,
1985-07-07,0.0,,,,
1985-07-08,0.16,,,,
1985-07-09,0.0,,,,
1985-07-10,0.0,,,,
1985-07-11,0.0,,,,
1985-07-12,1.09,,,,
1985-07-13,2.88,,,,
1985-07-14,0.1,,,,
1985-07-15,3.97,,,,
1985-07-16,0.01,,,,
1985-07-17,0.26,,,,
1985-07-18,0.0,,,,
1985-07-19,12.36,,,,
1985-07-20,0.0,,,,
1985-07-21,0.0,,,,
1985-07-22,0.12,,,,
1985-07-23,0.33,,,,
1985-07-24,5.89,,,,
1985-07-25,10.86,,,,
1985-07-26,0.0,,,,
1985-07-27,0.0,,,,
1985-07-28,0.0,,,,
1985-07-29,0.82,,,,
1985-07-30,0.13,,,,
1985-07-31,0.0,,,,
1985-08-01,20.2,,,,
1985-08-02,0.11,,,,
1985-08-03,0.0,,,,
1985-08-04,0.0,,,,
1985-08-05,2.56,,,,
1985-08-06,0.29,,,,
1985-08-07,2.23,,,,
1985-08-08,0.35,,,,
1985-08-09,0.01,,,,
1985-08-10,6.14,,,,
1985-08-11,5.89,,,,
1985-08-12,0.0,,,,
1985-08-13,0.61,,,,
1985-08-14,0.19,,,,
1985-08-15,4.51,,,,
1985-08-16,0.0,,,,
1985-08-17,5.06,,,,
1985-08-18,0.0,,,,
1985-08-19,0.0,,,,
1985-08-20,0.0,,,,
1985-08-21,0.85,,,,
1985-08-22,0.04,,,,
1985-08-23,0.0,,,,
1985-08-24,0.0,,,,
1985-08-25,2.8,,,,
1985-08-26,49.25,,,,
1985-08-27,0.63,,,,
1985-08-28,0.0,,,,
1985-08-29,0.0,,,,
1985-08-30,0.07,,,,
1985-08-31,5.13,,,,
1985-09-01,0.39,,,,
1985-09-02,5.33,,,,
1985-09-03,0.97,,,,
1985-09-04,0.28,,,,
1985-09-05,9.89,,,,
1985-09-06,0.33,,,,
1985-09-07,1.24,,,,
1985-09-08,0.02,,,,
1985-09-09,0.0,,,,
1985-09-10,0.0,,,,
1985-09-11,3.76,,,,
1985-09-12,0.26,,,,
1985-09-13,1.26,,,,
1985-09-14,5.82,,,,
1985-09-15,3.53,,,,
1985-09-16,0.0,,,,
1985-09-17,0.05,,,,
1985-09-18,6.68,,,,
1985-09-19,17.72,,,,
1985-09-20,0.1,,,,
1985-09-21,0.0,,,,
1985-09-22,0.0,,,,
1985-09-23,0.23,,,,
1985-09-24,1.55,,,,
1985-09-25,0.16,,,,
1985-09-26,7.79,,,,
1985-09-27,0.0,,,,
1985-09-28,6.93,,,,
1985-09-29,0.0,,,,
1985-09-30,0.0,,,,
1985-10-01,0.07,,,,
1985-10-02,0.0,,,,
1985-10-03,0.0,,,,
1985-10-04,0.34,,,,
1985-10-05,0.02,,,,
1985-10-06,0.0,,,,
1985-10-07,0.0,,,,
1985-10-08,0.0,,,,
1985-10-09,0.0,,,,
1985-10-10,0.0,,,,
1985-10-11,0.0,,,,
1985-10-12,0.04,,,,
1985-10-13,0.0,,,,
1985-10-14,0.0,,,,
1985-10-15,0.0,,,,
1985-10-16,0.0,,,,
1985-10-17,0.0,,,,
1985-10-18,0.0,,,,
1985-10-19,0.0,,,,
1985-10-20,0.0,,,,
1985-10-21,0.0,,,,
1985-10-22,0.0,,,,
1985-10-23,0.0,,,,
1985-10-24,0.0,,,,
1985-10-25,0.0,,,,
1985-10-26,0.0,,,,
1985-10-27,0.0,,,,
1985-10-28,0.0,,,,
1985-10-29,0.0,,,,
1985-10-30,0.0,,,,
1985-10-31,0.0,,,,
1985-11-01,0.0,,,,
1985-11-02,0.0,,,,
1985-11-03,0.0,,,,
1985-11-04,0.0,,,,
1985-11-05,0.0,,,,
1985-11-06,0.0,,,,
1985-11-07,0.0,,,,
1985-11-08,0.0,,,,
1985-11-09,0.0,,,,
1985-11-10,0.0,,,,
1985-11-11,0.0,,,,
1985-11-12,0.0,,,,
1985-11-13,0.0,,,,
1985-11-14,0.0,,,,
1985-11-15,0.0,,,,
1985-11-16,0.0,,,,
1985-11-17,0.0,,,,
1985-11-18,0.0,,,,
1985-11-19,0.0,,,,
1985-11-20,0.0,,,,
1985-11-21,0.0,,,,
1985-11-22,0.0,,,,
1985-11-23,0.0,,,,
1985-11-24,0.0,,,,
1985-11-25,0.0,,,,
1985-11-26,0.0,,,,
1985-11-27,0.0,,,,
1985-11-28,0.0,,,,
1985-11-29,0.0,,,,
1985-11-30,0.0,,,,
1985-12-01,0.0,,,,
1985-12-02,0.0,,,,
1985-12-03,0.0,,,,
1985-12-04,0.0,,,,
1985-12-05,0.0,,,,
1985-12-06,0.0,,,,
1985-12-07,0.0,,,,
1985-12-08,0.0,,,,
1985-12-09,0.0,,,,
1985-12-10,0.0,,,,
1985-12-11,0.0,,,,
1985-12-12,0.0,,,,
1985-12-13,0.03,,,,
1985-12-14,0.0,,,,
1985-12-15,0.0,,,,
1985-12-16,0.0,,,,
1985-12-17,0.0,,,,
1985-12-18,0.0,,,,
1985-12-19,1.19,,,,
1985-12-20,0.0,,,,
1985-12-21,0.0,,,,
1985-12-22,0.0,,,,
1985-12-23,0.0,,,,
1985-12-24,0.0,,,,
1985-12-25,0.0,,,,
1985-12-26,0.0,,,,
1985-12-27,0.0,,,,
1985-12-28,0.0,,,,
1985-12-29,0.0,,,,
1985-12-30,0.0,,,,
1985-12-31,0.0,,,,
1986-01-01,0.0,,,,
1986-01-02,0.0,,,,
1986-01-03,0.0,,,,
1986-01-04,0.0,,,,
1986-01-05,0.0,,,,
1986-01-06,0.0,,,,
1986-01-07,0.0,,,,
1986-01-08,0.0,,,,
1986-01-09,0.0,,,,
1986-01-10,0.0,,,,
1986-01-11,0.0,,,,
1986-01-12,0.0,,,,
1986-01-13,0.0,,,,
1986-01-14,0.0,,,,
1986-01-15,0.0,,,,
1986-01-16,0.0,,,,
1986-01-17,0.0,,,,
1986-01-18,0.0,,,,
1986-01-19,0.0,,,,
1986-01-20,0.0,,,,
1986-01-21,0.0,,,,
1986-01-22,0.0,,,,
1986-01-23,0.0,,,,
1986-01-24,0.0,,,,
1986-01-25,0.0,,,,
1986-01-26,0.0,,,,
1986-01-27,0.0,,,,
1986-01-28,0.0,,,,
1986-01-29,0.0,,,,
1986-01-30,0.0,,,,
1986-01-31,0.0,,,,
1986-02-01,0.0,,,,
1986-02-02,0.0,,,,
1986-02-03,0.0,,,,
1986-02-04,0.0,,,,
1986-02-05,0.0,,,,
1986-02-06,0.0,,,,
1986-02-07,0.0,,,,
1986-02-08,0.0,,,,
1986-02-09,0.0,,,,
1986-02-10,0.0,,,,
1986-02-11,0.0,,,,
1986-02-12,0.0,,,,
1986-02-13,0.0,,,,
1986-02-14,0.0,,,,
1986-02-15,0.0,,,,
1986-02-16,0.0,,,,
1986-02-17,0.0,,,,
1986-02-18,0.0,,,,
1986-02-19,0.0,,,,
1986-02-20,0.0,,,,
1986-02-21,0.0,,,,
1986-02-22,0.0,,,,
1986-02-23,0.0,,,,
1986-02-24,0.0,,,,
1986-02-25,0.0,,,,
1986-02-26,0.0,,,,
1986-02-27,0.0,,,,
1986-02-28,0.0,,,,
1986-03-01,0.0,,,,
1986-03-02,0.0,,,,
1986-03-03,0.0,,,,
1986-03-04,0.0,,,,
1986-03-05,0.0,,,,
1986-03-06,0.0,,,,
1986-03-07,0.0,,,,
1986-03-08,0.0,,,,
1986-03-09,0.0,,,,
1986-03-10,0.0,,,,
1986-03-11,0.0,,,,
1986-03-12,0.0,,,,
1986-03-13,0.0,,,,
1986-03-14,0.0,,,,
1986-03-15,0.0,,,,
1986-03-16,0.0,,,,
1986-03-17,0.0,,,,
1986-03-18,0.0,,,,
1986-03-19,0.0,,,,
1986-03-20,0.0,,,,
1986-03-21,0.0,,,,
1986-03-22,0.0,,,,
1986-03-23,0.0,,,,
1986-03-24,0.0,,,,
1986-03-25,0.0,,,,
1986-03-26,0.0,,,,
1986-03-27,0.0,,,,
1986-03-28,0.0,,,,
1986-03-29,0.0,,,,
1986-03-30,0.0,,,,
1986-03-31,0.0,,,,
1986-04-01,0.0,,,,
1986-04-02,0.0,,,,
1986-04-03,0.0,,,,
1986-04-04,0.01,,,,
1986-04-05,0.0,,,,
1986-04-06,0.0,,,,
1986-04-07,0.0,,,,
1986-04-08,0.0,,,,
1986-04-09,0.0,,,,
1986-04-10,0.0,,,,
1986-04-11,0.0,,,,
1986-04-12,0.0,,,,
1986-04-13,0.0,,,,
1986-04-14,0.0,,,,
1986-04-15,0.0,,,,
1986-04-16,0.0,,,,
1986-04-17,0.0,,,,
1986-04-18,0.0,,,,
1986-04-19,0.0,,,,
1986-04-20,0.01,,,,
1986-04-21,0.0,,,,
1986-04-22,0.0,,,,
1986-04-23,0.0,,,,
1986-04-24,0.0,,,,
1986-04-25,0.0,,,,
1986-04-26,0.0,,,,
1986-04-27,0.0,,,,
1986-04-28,0.0,,,,
1986-04-29,0.0,,,,
1986-04-30,0.0,,,,
1986-05-01,0.0,,,,
1986-05-02,0.0,,,,
1986-05-03,0.0,,,,
1986-05-04,0.0,,,,
1986-05-05,0.0,,,,
1986-05-06,0.0,,,,
1986-05-07,0.27,,,,
1986-05-08,0.0,,,,
1986-05-09,0.0,,,,
1986-05-10,0.0,,,,
1986-05-11,0.0,,,,
1986-05-12,0.0,,,,
1986-05-13,0.0,,,,
1986-05-14,0.15,,,,
1986-05-15,0.17,,,,
1986-05-16,0.0,,,,
1986-05-17,0.0,,,,
1986-05-18,0.0,,,,
1986-05-19,0.0,,,,
1986-05-20,0.0,,,,
1986-05-21,0.03,,,,
1986-05-22,0.0,,,,
1986-05-23,0.0,,,,
1986-05-24,0.0,,,,
1986-05-25,0.0,,,,
1986-05-26,0.0,,,,
1986-05-27,0.0,,,,
1986-05-28,0.0,,,,
1986-05-29,0.0,,,,
1986-05-30,0.0,,,,
1986-05-31,0.0,,,,
1986-06-01,0.0,,,,
1986-06-02,0.0,,,,
1986-06-03,0.0,,,,
1986-06-04,0.0,,,,
1986-06-05,0.0,,,,
1986-06-06,0.0,,,,
1986-06-07,0.0,,,,
1986-06-08,0.0,,,,
1986-06-09,0.0,,,,
1986-06-10,0.0,,,,
1986-06-11,0.0,,,,
1986-06-12,0.0,,,,
1986-06-13,0.0,,,,
1986-06-14,0.0,,,,
1986-06-15,0.0,,,,
1986-06-16,0.0,,,,
1986-06-17,0.0,,,,
1986-06-18,0.0,,,,
1986-06-19,0.0,,,,
1986-06-20,0.0,,,,
1986-06-21,0.0,,,,
1986-06-22,0.0,,,,
1986-06-23,0.0,,,,
1986-06-24,0.0,,,,
1986-06-25,0.0,,,,
1986-06-26,0.0,,,,
1986-06-27,4.72,,,,
1986-06-28,0.9,,,,
1986-06-29,0.0,,,,
1986-06-30,0.0,,,,
1986-07-01,0.19,,,,
1986-07-02,0.01,,,,
1986-07-03,0.0,,,,
1986-07-04,0.0,,,,
1986-07-05,1.91,,,,
1986-07-06,0.09,,,,
1986-07-07,0.13,,,,
1986-07-08,1.85,,,,
1986-07-09,5.95,,,,
1986-07-10,0.0,,,,
1986-07-11,0.0,,,,
1986-07-12,0.03,,,,
1986-07-13,0.04,,,,
1986-07-14,0.02,,,,
1986-07-15,0.0,,,,
1986-07-16,0.0,,,,
1986-07-17,0.0,,,,
1986-07-18,0.63,,,,
1986-07-19,0.0,,,,
1986-07-20,0.0,,,,
1986-07-21,0.38,,,,
1986-07-22,0.0,,,,
1986-07-23,0.0,,,,
1986-07-24,0.39,,,,
1986-07-25,0.17,,,,
1986-07-26,0.01,,,,
1986-07-27,0.0,,,,
1986-07-28,0.0,,,,
1986-07-29,0.02,,,,
1986-07-30,0.0,,,,
1986-07-31,0.63,,,,
1986-08-01,9.76,,,,
1986-08-02,2.2,,,,
1986-08-03,13.01,,,,
1986-08-04,19.85,,,,
1986-08-05,1.14,,,,
1986-08-06,0.04,,,,
1986-08-07,4.67,,,,
1986-08-08,7.89,,,,
1986-08-09,1.92,,,,
1986-08-10,0.0,,,,
1986-08-11,0.0,,,,
1986-08-12,0.0,,,,
1986-08-13,0.0,,,,
1986-08-14,0.02,,,,
1986-08-15,0.0,,,,
1986-08-16,0.0,,,,
1986-08-17,1.08,,,,
1986-08-18,1.04,,,,
1986-08-19,0.61,,,,
1986-08-20,1.59,,,,
1986-08-21,7.75,,,,
1986-08-22,0.92,,,,
1986-08-23,0.02,,,,
1986-08-24,8.26,,,,
1986-08-25,1.85,,,,
1986-08-26,1.06,,,,
1986-08-27,0.0,,,,
1986-08-28,0.79,,,,
1986-08-29,0.02,,,,
1986-08-30,0.0,,,,
1986-08-31,0.0,,,,
1986-09-01,7.88,,,,
1986-09-02,18.5,,,,
1986-09-03,54.47,,,,
1986-09-04,0.79,,,,
1986-09-05,0.0,,,,
1986-09-06,9.71,,,,
1986-09-07,0.0,,,,
1986-09-08,0.49,,,,
1986-09-09,2.21,,,,
1986-09-10,5.42,,,,
1986-09-11,1.83,,,,
1986-09-12,12.5,,,,
1986-09-13,12.19,,,,
1986-09-14,2.93,,,,
1986-09-15,2.09,,,,
1986-09-16,0.0,,,,
1986-09-17,0.02,,,,
1986-09-18,11.06,,,,
1986-09-19,0.51,,,,
1986-09-20,0.0,,,,
1986-09-21,1.51,,,,
1986-09-22,5.11,,,,
1986-09-23,0.15,,,,
1986-09-24,6.33,,,,
1986-09-25,15.48,,,,
1986-09-26,2.56,,,,
1986-09-27,0.79,,,,
1986-09-28,12.89,,,,
1986-09-29,0.02,,,,
1986-09-30,0.0,,,,
1986-10-01,1.79,,,,
1986-10-02,0.0,,,,
1986-10-03,0.0,,,,
1986-10-04,0.0,,,,
1986-10-05,0.32,,,,
1986-10-06,3.94,,,,
1986-10-07,2.51,,,,
1986-10-08,0.65,,,,
1986-10-09,0.02,,,,
1986-10-10,0.0,,,,
1986-10-11,0.0,,,,
1986-10-12,0.0,,,,
1986-10-13,0.0,,,,
1986-10-14,0.0,,,,
1986-10-15,0.0,,,,
1986-10-16,0.0,,,,
1986-10-17,0.0,,,,
1986-10-18,0.0,,,,
1986-10-19,0.0,,,,
1986-10-20,0.0,,,,
1986-10-21,0.02,,,,
1986-10-22,0.0,,,,
1986-10-23,0.0,,,,
1986-10-24,0.0,,,,
1986-10-25,0.0,,,,
1986-10-26,0.0,,,,
1986-10-27,0.0,,,,
1986-10-28,0.0,,,,
1986-10-29,0.0,,,,
1986-10-30,0.0,,,,
1986-10-31,0.0,,,,
1986-11-01,0.0,,,,
1986-11-02,0.0,,,,
1986-11-03,0.0,,,,
1986-11-04,0.0,,,,
1986-11-05,0.0,,,,
1986-11-06,0.0,,,,
1986-11-07,0.0,,,,
1986-11-08,0.0,,,,
1986-11-09,0.0,,,,
1986-11-10,0.0,,,,
1986-11-11,0.0,,,,
1986-11-12,0.0,,,,
1986-11-13,0.0,,,,
1986-11-14,0.0,,,,
1986-11-15,0.0,,,,
1986-11-16,0.0,,,,
1986-11-17,0.0,,,,
1986-11-18,0.0,,,,
1986-11-19,0.0,,,,
1986-11-20,0.0,,,,
1986-11-21,0.0,,,,
1986-11-22,0.01,,,,
1986-11-23,0.0,,,,
1986-11-24,0.0,,,,
1986-11-25,0.0,,,,
1986-11-26,0.01,,,,
1986-11-27,0.0,,,,
1986-11-28,0.0,,,,
1986-11-29,0.0,,,,
1986-11-30,0.0,,,,
1986-12-01,0.0,,,,
1986-12-02,0.0,,,,
1986-12-03,0.0,,,,
1986-12-04,0.0,,,,
1986-12-05,0.0,,,,
1986-12-06,0.01,,,,
1986-12-07,0.0,,,,
1986-12-08,0.0,,,,
1986-12-09,0.0,,,,
1986-12-10,0.0,,,,
1986-12-11,0.0,,,,
1986-12-12,0.0,,,,
1986-12-13,0.0,,,,
1986-12-14,0.0,,,,
1986-12-15,0.0,,,,
1986-12-16,0.0,,,,
1986-12-17,0.0,,,,
1986-12-18,0.01,,,,
1986-12-19,0.0,,,,
1986-12-20,0.0,,,,
1986-12-21,0.0,,,,
1986-12-22,0.0,,,,
1986-12-23,0.0,,,,
1986-12-24,0.02,,,,
1986-12-25,0.0,,,,
1986-12-26,0.0,,,,
1986-12-27,0.0,,,,
1986-12-28,0.0,,,,
1986-12-29,0.0,,,,
1986-12-30,0.0,,,,
1986-12-31,0.01,,,,
1987-01-01,0.0,,,,
1987-01-02,0.0,,,,
1987-01-03,0.0,,,,
1987-01-04,0.0,,,,
1987-01-05,0.0,,,,
1987-01-06,0.0,,,,
1987-01-07,0.0,,,,
1987-01-08,0.0,,,,
1987-01-09,0.0,,,,
1987-01-10,0.0,,,,
1987-01-11,0.0,,,,
1987-01-12,0.0,,,,
1987-01-13,0.0,,,,
1987-01-14,0.0,,,,
1987-01-15,0.0,,,,
1987-01-16,0.0,,,,
1987-01-17,0.0,,,,
1987-01-18,0.0,,,,
1987-01-19,0.0,,,,
1987-01-20,0.0,,,,
1987-01-21,0.0,,,,
1987-01-22,0.0,,,,
1987-01-23,0.0,,,,
1987-01-24,0.0,,,,
1987-01-25,0.0,,,,
1987-01-26,0.0,,,,
1987-01-27,0.0,,,,
1987-01-28,0.0,,,,
1987-01-29,0.0,,,,
1987-01-30,0.0,,,,
1987-01-31,0.0,,,,
1987-02-01,0.0,,,,
1987-02-02,0.0,,,,
1987-02-03,0.0,,,,
1987-02-04,0.0,,,,
1987-02-05,0.0,,,,
1987-02-06,0.0,,,,
1987-02-07,0.0,,,,
1987-02-08,0.0,,,,
1987-02-09,0.0,,,,
1987-02-10,0.0,,,,
1987-02-11,0.0,,,,
1987-02-12,0.0,,,,
1987-02-13,0.0,,,,
1987-02-14,0.0,,,,
1987-02-15,0.0,,,,
1987-02-16,0.0,,,,
1987-02-17,0.0,,,,
1987-02-18,0.0,,,,
1987-02-19,0.0,,,,
1987-02-20,0.0,,,,
1987-02-21,0.0,,,,
1987-02-22,0.0,,,,
1987-02-23,0.0,,,,
1987-02-24,0.0,,,,
1987-02-25,0.0,,,,
1987-02-26,0.0,,,,
1987-02-27,0.0,,,,
1987-02-28,0.0,,,,
1987-03-01,0.0,,,,
1987-03-02,0.0,,,,
1987-03-03,0.0,,,,
1987-03-04,0.0,,,,
1987-03-05,0.0,,,,
1987-03-06,0.0,,,,
1987-03-07,0.0,,,,
1987-03-08,0.0,,,,
1987-03-09,0.0,,,,
1987-03-10,0.0,,,,
1987-03-11,0.0,,,,
1987-03-12,0.0,,,,
1987-03-13,0.0,,,,
1987-03-14,0.0,,,,
1987-03-15,0.0,,,,
1987-03-16,0.0,,,,
1987-03-17,0.0,,,,
1987-03-18,0.0,,,,
1987-03-19,0.0,,,,
1987-03-20,0.0,,,,
1987-03-21,0.0,,,,
1987-03-22,0.0,,,,
1987-03-23,0.0,,,,
1987-03-24,0.0,,,,
1987-03-25,0.0,,,,
1987-03-26,0.0,,,,
1987-03-27,0.0,,,,
1987-03-28,0.0,,,,
1987-03-29,0.0,,,,
1987-03-30,0.0,,,,
1987-03-31,0.0,,,,
1987-04-01,0.0,,,,
1987-04-02,0.0,,,,
1987-04-03,0.0,,,,
1987-04-04,0.0,,,,
1987-04-05,0.0,,,,
1987-04-06,0.0,,,,
1987-04-07,0.0,,,,
1987-04-08,0.0,,,,
1987-04-09,0.0,,,,
1987-04-10,0.0,,,,
1987-04-11,0.01,,,,
1987-04-12,0.0,,,,
1987-04-13,0.0,,,,
1987-04-14,0.0,,,,
1987-04-15,0.0,,,,
1987-04-16,0.0,,,,
1987-04-17,0.0,,,,
1987-04-18,0.0,,,,
1987-04-19,0.0,,,,
1987-04-20,0.0,,,,
1987-04-21,0.0,,,,
1987-04-22,0.0,,,,
1987-04-23,0.0,,,,
1987-04-24,0.0,,,,
1987-04-25,0.0,,,,
1987-04-26,0.0,,,,
1987-04-27,0.0,,,,
1987-04-28,0.0,,,,
1987-04-29,0.0,,,,
1987-04-30,0.0,,,,
1987-05-01,0.0,,,,
1987-05-02,0.0,,,,
1987-05-03,0.0,,,,
1987-05-04,0.0,,,,
1987-05-05,0.0,,,,
1987-05-06,0.0,,,,
1987-05-07,0.0,,,,
1987-05-08,0.0,,,,
1987-05-09,0.0,,,,
1987-05-10,0.0,,,,
1987-05-11,0.0,,,,
1987-05-12,0.0,,,,
1987-05-13,0.0,,,,
1987-05-14,0.0,,,,
1987-05-15,0.0,,,,
1987-05-16,0.0,,,,
1987-05-17,0.0,,,,
1987-05-18,0.0,,,,
1987-05-19,0.0,,,,
1987-05-20,0.0,,,,
1987-05-21,0.0,,,,
1987-05-22,0.0,,,,
1987-05-23,0.0,,,,
1987-05-24,0.0,,,,
1987-05-25,0.0,,,,
1987-05-26,0.0,,,,
1987-05-27,0.0,,,,
1987-05-28,0.0,,,,
1987-05-29,0.0,,,,
1987-05-30,0.0,,,,
1987-05-31,0.0,,,,
1987-06-01,0.0,,,,
1987-06-02,0.0,,,,
1987-06-03,0.0,,,,
1987-06-04,0.0,,,,
1987-06-05,0.0,,,,
1987-06-06,0.0,,,,
1987-06-07,3.21,,,,
1987-06-08,9.38,,,,
1987-06-09,4.69,,,,
1987-06-10,0.06,,,,
1987-06-11,0.1,,,,
1987-06-12,0.35,,,,
1987-06-13,0.0,,,,
1987-06-14,0.0,,,,
1987-06-15,0.01,,,,
1987-06-16,0.19,,,,
1987-06-17,0.0,,,,
1987-06-18,0.0,,,,
1987-06-19,0.0,,,,
1987-06-20,0.0,,,,
1987-06-21,6.2,,,,
1987-06-22,0.0,,,,
1987-06-23,0.0,,,,
1987-06-24,0.0,,,,
1987-06-25,0.0,,,,
1987-06-26,0.0,,,,
1987-06-27,0.0,,,,
1987-06-28,0.03,,,,
1987-06-29,0.0,,,,
1987-06-30,0.17,,,,
1987-07-01,4.29,,,,
1987-07-02,0.0,,,,
1987-07-03,0.0,,,,
1987-07-04,0.0,,,,
1987-07-05,0.0,,,,
1987-07-06,0.0,,,,
1987-07-07,0.0,,,,
1987-07-08,2.88,,,,
1987-07-09,21.91,,,,
1987-07-10,0.0,,,,
1987-07-11,0.0,,,,
1987-07-12,0.0,,,,
1987-07-13,1.32,,,,
1987-07-14,1.44,,,,
1987-07-15,0.0,,,,
1987-07-16,0.01,,,,
1987-07-17,10.92,,,,
1987-07-18,1.18,,,,
1987-07-19,42.31,,,,
1987-07-20,2.22,,,,
1987-07-21,0.0,,,,
1987-07-22,0.0,,,,
1987-07-23,15.19,,,,
1987-07-24,0.0,,,,
1987-07-25,0.0,,,,
1987-07-26,0.16,,,,
1987-07-27,4.75,,,,
1987-07-28,0.0,,,,
1987-07-29,4.33,,,,
1987-07-30,0.0,,,,
1987-07-31,0.12,,,,
1987-08-01,0.26,,,,
1987-08-02,2.79,,,,
1987-08-03,1.41,,,,
1987-08-04,0.01,,,,
1987-08-05,0.68,,,,
1987-08-06,4.91,,,,
1987-08-07,12.72,,,,
1987-08-08,1.99,,,,
1987-08-09,0.0,,,,
1987-08-10,0.02,,,,
1987-08-11,0.01,,,,
1987-08-12,0.0,,,,
1987-08-13,0.0,,,,
1987-08-14,0.0,,,,
1987-08-15,0.44,,,,
1987-08-16,0.0,,,,
1987-08-17,0.0,,,,
1987-08-18,0.0,,,,
1987-08-19,0.0,,,,
1987-08-20,0.0,,,,
1987-08-21,3.35,,,,
1987-08-22,5.53,,,,
1987-08-23,0.26,,,,
1987-08-24,0.76,,,,
1987-08-25,2.44,,,,
1987-08-26,0.93,,,,
1987-08-27,0.0,,,,
1987-08-28,2.33,,,,
1987-08-29,6.73,,,,
1987-08-30,0.0,,,,
1987-08-31,0.0,,,,
1987-09-01,8.28,,,,
1987-09-02,0.0,,,,
1987-09-03,9.84,,,,
1987-09-04,4.09,,,,
1987-09-05,0.0,,,,
1987-09-06,0.13,,,,
1987-09-07,20.59,,,,
1987-09-08,0.67,,,,
1987-09-09,0.78,,,,
1987-09-10,23.76,,,,
1987-09-11,0.21,,,,
1987-09-12,0.0,,,,
1987-09-13,0.0,,,,
1987-09-14,0.0,,,,
1987-09-15,0.82,,,,
1987-09-16,18.26,,,,
1987-09-17,5.88,,,,
1987-09-18,3.26,,,,
1987-09-19,0.5,,,,
1987-09-20,0.0,,,,
1987-09-21,0.0,,,,
1987-09-22,0.0,,,,
1987-09-23,9.09,,,,
1987-09-24,2.53,,,,
1987-09-25,0.0,,,,
1987-09-26,7.6,,,,
1987-09-27,0.19,,,,
1987-09-28,3.02,,,,
1987-09-29,3.23,,,,
1987-09-30,2.56,,,,
1987-10-01,0.0,,,,
1987-10-02,0.0,,,,
1987-10-03,0.0,,,,
1987-10-04,1.08,,,,
1987-10-05,0.0,,,,
1987-10-06,0.01,,,,
1987-10-07,0.0,,,,
1987-10-08,0.0,,,,
1987-10-09,3.52,,,,
1987-10-10,0.0,,,,
1987-10-11,12.65,,,,
1987-10-12,0.92,,,,
1987-10-13,0.0,,,,
1987-10-14,0.0,,,,
1987-10-15,0.0,,,,
1987-10-16,0.0,,,,
1987-10-17,0.39,,,,
1987-10-18,0.0,,,,
1987-10-19,0.0,,,,
1987-10-20,0.0,,,,
1987-10-21,0.0,,,,
1987-10-22,0.0,,,,
1987-10-23,0.0,,,,
1987-10-24,0.0,,,,
1987-10-25,0.0,,,,
1987-10-26,0.0,,,,
1987-10-27,0.0,,,,
1987-10-28,0.07,,,,
1987-10-29,0.0,,,,
1987-10-30,0.0,,,,
1987-10-31,0.0,,,,
1987-11-01,0.01,,,,
1987-11-02,0.0,,,,
1987-11-03,0.0,,,,
1987-11-04,0.0,,,,
1987-11-05,0.0,,,,
1987-11-06,0.0,,,,
1987-11-07,0.0,,,,
1987-11-08,0.0,,,,
1987-11-09,0.0,,,,
1987-11-10,0.0,,,,
1987-11-11,0.0,,,,
1987-11-12,0.0,,,,
1987-11-13,0.02,,,,
1987-11-14,0.0,,,,
1987-11-15,0.0,,,,
1987-11-16,0.0,,,,
1987-11-17,0.01,,,,
1987-11-18,0.0,,,,
1987-11-19,0.0,,,,
1987-11-20,0.0,,,,
1987-11-21,0.0,,,,
1987-11-22,0.0,,,,
1987-11-23,0.0,,,,
1987-11-24,0.0,,,,
1987-11-25,0.0,,,,
1987-11-26,0.0,,,,
1987-11-27,0.0,,,,
1987-11-28,0.0,,,,
1987-11-29,0.0,,,,
1987-11-30,0.01,,,,
1987-12-01,0.0,,,,
1987-12-02,0.0,,,,
1987-12-03,0.0,,,,
1987-12-04,0.0,,,,
1987-12-05,0.0,,,,
1987-12-06,0.01,,,,
1987-12-07,0.0,,,,
1987-12-08,0.0,,,,
1987-12-09,0.0,,,,
1987-12-10,0.0,,,,
1987-12-11,0.0,,,,
1987-12-12,0.0,,,,
1987-12-13,0.0,,,,
1987-12-14,0.0,,,,
1987-12-15,0.0,,,,
1987-12-16,0.0,,,,
1987-12-17,0.0,,,,
1987-12-18,0.0,,,,
1987-12-19,0.0,,,,
1987-12-20,0.0,,,,
1987-12-21,0.0,,,,
1987-12-22,0.0,,,,
1987-12-23,0.0,,,,
1987-12-24,0.0,,,,
1987-12-25,0.0,,,,
1987-12-26,0.0,,,,
1987-12-27,0.0,,,,
1987-12-28,0.0,,,,
1987-12-29,0.0,,,,
1987-12-30,0.0,,,,
1987-12-31,0.0,,,,
1988-01-01,0.0,,,,
1988-01-02,0.0,,,,
1988-01-03,0.0,,,,
1988-01-04,0.0,,,,
1988-01-05,0.0,,,,
1988-01-06,0.0,,,,
1988-01-07,0.0,,,,
1988-01-08,0.0,,,,
1988-01-09,0.0,,,,
1988-01-10,0.0,,,,
1988-01-11,0.0,,,,
1988-01-12,0.0,,,,
1988-01-13,0.0,,,,
1988-01-14,0.0,,,,
1988-01-15,0.0,,,,
1988-01-16,0.0,,,,
1988-01-17,0.0,,,,
1988-01-18,0.0,,,,
1988-01-19,0.0,,,,
1988-01-20,0.0,,,,
1988-01-21,0.0,,,,
1988-01-22,0.0,,,,
1988-01-23,0.0,,,,
1988-01-24,0.0,,,,
1988-01-25,0.0,,,,
1988-01-26,0.0,,,,
1988-01-27,0.0,,,,
1988-01-28,0.0,,,,
1988-01-29,0.0,,,,
1988-01-30,0.0,,,,
1988-01-31,0.0,,,,
1988-02-01,0.0,,,,
1988-02-02,0.0,,,,
1988-02-03,0.0,,,,
1988-02-04,0.0,,,,
1988-02-05,0.0,,,,
1988-02-06,0.0,,,,
1988-02-07,0.0,,,,
1988-02-08,0.0,,,,
1988-02-09,0.0,,,,
1988-02-10,0.0,,,,
1988-02-11,0.0,,,,
1988-02-12,0.0,,,,
1988-02-13,0.0,,,,
1988-02-14,0.0,,,,
1988-02-15,0.05,,,,
1988-02-16,0.0,,,,
1988-02-17,0.0,,,,
1988-02-18,0.0,,,,
1988-02-19,0.0,,,,
1988-02-20,0.0,,,,
1988-02-21,0.0,,,,
1988-02-22,0.0,,,,
1988-02-23,0.0,,,,
1988-02-24,0.0,,,,
1988-02-25,0.0,,,,
1988-02-26,0.0,,,,
1988-02-27,0.0,,,,
1988-02-28,0.0,,,,
1988-02-29,0.0,,,,
1988-03-01,0.0,,,,
1988-03-02,0.0,,,,
1988-03-03,0.0,,,,
1988-03-04,0.0,,,,
1988-03-05,0.0,,,,
1988-03-06,0.0,,,,
1988-03-07,0.0,,,,
1988-03-08,0.0,,,,
1988-03-09,0.0,,,,
1988-03-10,0.0,,,,
1988-03-11,0.0,,,,
1988-03-12,0.0,,,,
1988-03-13,0.0,,,,
1988-03-14,0.0,,,,
1988-03-15,0.0,,,,
1988-03-16,0.0,,,,
1988-03-17,0.0,,,,
1988-03-18,0.0,,,,
1988-03-19,0.0,,,,
1988-03-20,0.0,,,,
1988-03-21,0.0,,,,
1988-03-22,0.0,,,,
1988-03-23,0.0,,,,
1988-03-24,0.0,,,,
1988-03-25,0.0,,,,
1988-03-26,0.0,,,,
1988-03-27,0.0,,,,
1988-03-28,0.0,,,,
1988-03-29,0.0,,,,
1988-03-30,0.0,,,,
1988-03-31,0.0,,,,
1988-04-01,0.0,,,,
1988-04-02,0.0,,,,
1988-04-03,0.0,,,,
1988-04-04,0.0,,,,
1988-04-05,0.0,,,,
1988-04-06,0.0,,,,
1988-04-07,0.0,,,,
1988-04-08,0.0,,,,
1988-04-09,0.0,,,,
1988-04-10,0.0,,,,
1988-04-11,0.0,,,,
1988-04-12,0.0,,,,
1988-04-13,0.0,,,,
1988-04-14,0.0,,,,
1988-04-15,0.0,,,,
1988-04-16,0.0,,,,
1988-04-17,0.0,,,,
1988-04-18,0.0,,,,
1988-04-19,0.0,,,,
1988-04-20,0.0,,,,
1988-04-21,0.0,,,,
1988-04-22,0.0,,,,
1988-04-23,0.0,,,,
1988-04-24,0.0,,,,
1988-04-25,0.0,,,,
1988-04-26,0.0,,,,
1988-04-27,0.0,,,,
1988-04-28,0.0,,,,
1988-04-29,0.0,,,,
1988-04-30,0.0,,,,
1988-05-01,0.0,,,,
1988-05-02,0.0,,,,
1988-05-03,0.0,,,,
1988-05-04,0.0,,,,
1988-05-05,0.0,,,,
1988-05-06,0.0,,,,
1988-05-07,0.0,,,,
1988-05-08,0.0,,,,
1988-05-09,0.0,,,,
1988-05-10,0.0,,,,
1988-05-11,0.0,,,,
1988-05-12,0.0,,,,
1988-05-13,0.35,,,,
1988-05-14,0.0,,,,
1988-05-15,0.0,,,,
1988-05-16,0.0,,,,
1988-05-17,0.0,,,,
1988-05-18,0.0,,,,
1988-05-19,0.0,,,,
1988-05-20,0.0,,,,
1988-05-21,0.0,,,,
1988-05-22,0.0,,,,
1988-05-23,0.0,,,,
1988-05-24,0.0,,,,
1988-05-25,0.0,,,,
1988-05-26,1.98,,,,
1988-05-27,0.0,,,,
1988-05-28,0.0,,,,
1988-05-29,0.0,,,,
1988-05-30,0.0,,,,
1988-05-31,0.0,,,,
1988-06-01,0.0,,,,
1988-06-02,0.0,,,,
1988-06-03,0.01,,,,
1988-06-04,0.14,,,,
1988-06-05,0.0,,,,
1988-06-06,0.0,,,,
1988-06-07,0.0,,,,
1988-06-08,0.0,,,,
1988-06-09,0.0,,,,
1988-06-10,0.0,,,,
1988-06-11,0.0,,,,
1988-06-12,3.09,,,,
1988-06-13,0.0,,,,
1988-06-14,0.0,,,,
1988-06-15,0.0,,,,
1988-06-16,0.0,,,,
1988-06-17,0.0,,,,
1988-06-18,0.0,,,,
1988-06-19,2.38,,,,
1988-06-20,4.44,,,,
1988-06-21,0.0,,,,
1988-06-22,0.0,,,,
1988-06-23,0.0,,,,
1988-06-24,2.67,,,,
1988-06-25,0.45,,,,
1988-06-26,0.0,,,,
1988-06-27,0.0,,,,
1988-06-28,0.0,,,,
1988-06-29,0.0,,,,
1988-06-30,0.0,,,,
1988-07-01,0.0,,,,
1988-07-02,5.17,,,,
1988-07-03,0.0,,,,
1988-07-04,0.0,,,,
1988-07-05,0.0,,,,
1988-07-06,0.0,,,,
1988-07-07,0.0,,,,
1988-07-08,0.0,,,,
1988-07-09,0.11,,,,
1988-07-10,0.0,,,,
1988-07-11,0.58,,,,
1988-07-12,0.07,,,,
1988-07-13,0.0,,,,
1988-07-14,5.88,,,,
1988-07-15,0.0,,,,
1988-07-16,0.16,,,,
1988-07-17,0.0,,,,
1988-07-18,0.0,,,,
1988-07-19,0.0,,,,
1988-07-20,0.09,,,,
1988-07-21,0.0,,,,
1988-07-22,0.0,,,,
1988-07-23,13.8,,,,
1988-07-24,1.62,,,,
1988-07-25,0.0,,,,
1988-07-26,0.0,,,,
1988-07-27,5.28,,,,
1988-07-28,3.45,,,,
1988-07-29,2.75,,,,
1988-07-30,5.5,,,,
1988-07-31,0.0,,,,
1988-08-01,4.61,,,,
1988-08-02,0.1,,,,
1988-08-03,0.04,,,,
1988-08-04,0.92,,,,
1988-08-05,1.17,,,,
1988-08-06,0.0,,,,
1988-08-07,2.16,,,,
1988-08-08,14.8,,,,
1988-08-09,0.0,,,,
1988-08-10,0.01,,,,
1988-08-11,0.0,,,,
1988-08-12,0.0,,,,
1988-08-13,0.19,,,,
1988-08-14,0.0,,,,
1988-08-15,0.2,,,,
1988-08-16,0.7,,,,
1988-08-17,15.27,,,,
1988-08-18,0.51,,,,
1988-08-19,8.28,,,,
1988-08-20,1.69,,,,
1988-08-21,4.1,,,,
1988-08-22,3.29,,,,
1988-08-23,1.3,,,,
1988-08-24,24.59,,,,
1988-08-25,10.85,,,,
1988-08-26,11.6,,,,
1988-08-27,13.47,,,,
1988-08-28,0.24,,,,
1988-08-29,7.75,,,,
1988-08-30,0.95,,,,
1988-08-31,3.1,,,,
1988-09-01,6.3,,,,
1988-09-02,0.0,,,,
1988-09-03,0.0,,,,
1988-09-04,18.12,,,,
1988-09-05,0.19,,,,
1988-09-06,5.92,,,,
1988-09-07,3.55,,,,
1988-09-08,0.0,,,,
1988-09-09,0.0,,,,
1988-09-10,0.0,,,,
1988-09-11,24.61,,,,
1988-09-12,2.33,,,,
1988-09-13,0.68,,,,
1988-09-14,1.59,,,,
1988-09-15,0.68,,,,
1988-09-16,0.67,,,,
1988-09-17,0.02,,,,
1988-09-18,0.0,,,,
1988-09-19,0.0,,,,
1988-09-20,5.79,,,,
1988-09-21,0.97,,,,
1988-09-22,0.0,,,,
1988-09-23,0.0,,,,
1988-09-24,0.0,,,,
1988-09-25,0.0,,,,
1988-09-26,0.0,,,,
1988-09-27,0.0,,,,
1988-09-28,1.02,,,,
1988-09-29,0.0,,,,
1988-09-30,0.0,,,,
1988-10-01,0.0,,,,
1988-10-02,0.37,,,,
1988-10-03,0.0,,,,
1988-10-04,0.0,,,,
1988-10-05,0.32,,,,
1988-10-06,0.0,,,,
1988-10-07,0.04,,,,
1988-10-08,0.0,,,,
1988-10-09,0.0,,,,
1988-10-10,0.07,,,,
1988-10-11,0.0,,,,
1988-10-12,0.03,,,,
1988-10-13,0.0,,,,
1988-10-14,0.0,,,,
1988-10-15,0.0,,,,
1988-10-16,0.0,,,,
1988-10-17,0.0,,,,
1988-10-18,0.0,,,,
1988-10-19,0.0,,,,
1988-10-20,0.0,,,,
1988-10-21,0.25,,,,
1988-10-22,0.0,,,,
1988-10-23,0.0,,,,
1988-10-24,0.0,,,,
1988-10-25,0.0,,,,
1988-10-26,0.0,,,,
1988-10-27,0.0,,,,
1988-10-28,0.0,,,,
1988-10-29,0.0,,,,
1988-10-30,0.0,,,,
1988-10-31,0.01,,,,
1988-11-01,0.0,,,,
1988-11-02,0.0,,,,
1988-11-03,0.0,,,,
1988-11-04,0.17,,,,
1988-11-05,0.0,,,,
1988-11-06,0.0,,,,
1988-11-07,0.0,,,,
1988-11-08,0.0,,,,
1988-11-09,0.0,,,,
1988-11-10,0.02,,,,
1988-11-11,0.0,,,,
1988-11-12,0.0,,,,
1988-11-13,0.0,,,,
1988-11-14,0.0,,,,
1988-11-15,0.0,,,,
1988-11-16,0.0,,,,
1988-11-17,0.0,,,,
1988-11-18,0.0,,,,
1988-11-19,0.0,,,,
1988-11-20,0.0,,,,
1988-11-21,0.0,,,,
1988-11-22,0.0,,,,
1988-11-23,0.0,,,,
1988-11-24,0.0,,,,
1988-11-25,0.0,,,,
1988-11-26,0.0,,,,
1988-11-27,0.0,,,,
1988-11-28,0.0,,,,
1988-11-29,0.0,,,,
1988-11-30,0.0,,,,
1988-12-01,0.0,,,,
1988-12-02,0.0,,,,
1988-12-03,0.0,,,,
1988-12-04,0.0,,,,
1988-12-05,0.0,,,,
1988-12-06,0.0,,,,
1988-12-07,0.0,,,,
1988-12-08,0.0,,,,
1988-12-09,0.0,,,,
1988-12-10,0.0,,,,
1988-12-11,0.0,,,,
1988-12-12,0.0,,,,
1988-12-13,0.0,,,,
1988-12-14,0.0,,,,
1988-12-15,0.0,,,,
1988-12-16,0.0,,,,
1988-12-17,0.0,,,,
1988-12-18,0.0,,,,
1988-12-19,0.0,,,,
1988-12-20,0.0,,,,
1988-12-21,0.0,,,,
1988-12-22,0.0,,,,
1988-12-23,0.0,,,,
1988-12-24,0.0,,,,
1988-12-25,0.0,,,,
1988-12-26,0.0,,,,
1988-12-27,0.0,,,,
1988-12-28,0.0,,,,
1988-12-29,0.0,,,,
1988-12-30,0.0,,,,
1988-12-31,0.0,,,,
1989-01-01,0.0,,,,
1989-01-02,0.0,,,,
1989-01-03,0.0,,,,
1989-01-04,0.0,,,,
1989-01-05,0.0,,,,
1989-01-06,0.04,,,,
1989-01-07,0.0,,,,
1989-01-08,0.05,,,,
1989-01-09,0.0,,,,
1989-01-10,0.0,,,,
1989-01-11,0.0,,,,
1989-01-12,0.0,,,,
1989-01-13,0.0,,,,
1989-01-14,0.0,,,,
1989-01-15,0.0,,,,
1989-01-16,0.0,,,,
1989-01-17,0.0,,,,
1989-01-18,0.0,,,,
1989-01-19,0.0,,,,
1989-01-20,0.0,,,,
1989-01-21,0.0,,,,
1989-01-22,0.0,,,,
1989-01-23,0.0,,,,
1989-01-24,0.0,,,,
1989-01-25,0.0,,,,
1989-01-26,0.0,,,,
1989-01-27,0.01,,,,
1989-01-28,0.0,,,,
1989-01-29,0.0,,,,
1989-01-30,0.0,,,,
1989-01-31,0.0,,,,
1989-02-01,0.0,,,,
1989-02-02,0.0,,,,
1989-02-03,0.0,,,,
1989-02-04,0.0,,,,
1989-02-05,0.0,,,,
1989-02-06,0.0,,,,
1989-02-07,0.0,,,,
1989-02-08,0.05,,,,
1989-02-09,0.0,,,,
1989-02-10,0.0,,,,
1989-02-11,0.0,,,,
1989-02-12,0.0,,,,
1989-02-13,0.0,,,,
1989-02-14,0.08,,,,
1989-02-15,0.0,,,,
1989-02-16,0.0,,,,
1989-02-17,0.0,,,,
1989-02-18,0.0,,,,
1989-02-19,0.0,,,,
1989-02-20,0.0,,,,
1989-02-21,0.0,,,,
1989-02-22,0.0,,,,
1989-02-23,0.0,,,,
1989-02-24,0.0,,,,
1989-02-25,0.0,,,,
1989-02-26,0.0,,,,
1989-02-27,0.0,,,,
1989-02-28,0.0,,,,
1989-03-01,0.0,,,,
1989-03-02,0.0,,,,
1989-03-03,0.0,,,,
1989-03-04,0.0,,,,
1989-03-05,0.0,,,,
1989-03-06,0.0,,,,
1989-03-07,0.0,,,,
1989-03-08,0.0,,,,
1989-03-09,0.0,,,,
1989-03-10,0.0,,,,
1989-03-11,0.0,,,,
1989-03-12,0.0,,,,
1989-03-13,0.0,,,,
1989-03-14,0.0,,,,
1989-03-15,0.0,,,,
1989-03-16,0.0,,,,
1989-03-17,0.0,,,,
1989-03-18,0.0,,,,
1989-03-19,0.0,,,,
1989-03-20,0.0,,,,
1989-03-21,0.0,,,,
1989-03-22,0.0,,,,
1989-03-23,0.0,,,,
1989-03-24,0.0,,,,
1989-03-25,0.0,,,,
1989-03-26,0.0,,,,
1989-03-27,0.0,,,,
1989-03-28,0.0,,,,
1989-03-29,0.0,,,,
1989-03-30,0.0,,,,
1989-03-31,0.0,,,,
1989-04-01,0.0,,,,
1989-04-02,0.0,,,,
1989-04-03,0.0,,,,
1989-04-04,0.0,,,,
1989-04-05,0.0,,,,
1989-04-06,0.0,,,,
1989-04-07,0.0,,,,
1989-04-08,0.0,,,,
1989-04-09,0.0,,,,
1989-04-10,0.0,,,,
1989-04-11,0.0,,,,
1989-04-12,0.0,,,,
1989-04-13,0.0,,,,
1989-04-14,0.0,,,,
1989-04-15,0.0,,,,
1989-04-16,0.0,,,,
1989-04-17,0.0,,,,
1989-04-18,0.0,,,,
1989-04-19,0.0,,,,
1989-04-20,0.0,,,,
1989-04-21,0.0,,,,
1989-04-22,0.0,,,,
1989-04-23,0.0,,,,
1989-04-24,0.0,,,,
1989-04-25,0.0,,,,
1989-04-26,0.0,,,,
1989-04-27,0.0,,,,
1989-04-28,0.0,,,,
1989-04-29,0.0,,,,
1989-04-30,0.0,,,,
1989-05-01,0.0,,,,
1989-05-02,0.0,,,,
1989-05-03,0.0,,,,
1989-05-04,0.0,,,,
1989-05-05,0.0,,,,
1989-05-06,0.0,,,,
1989-05-07,0.0,,,,
1989-05-08,0.0,,,,
1989-05-09,0.0,,,,
1989-05-10,0.0,,,,
1989-05-11,0.0,,,,
1989-05-12,0.0,,,,
1989-05-13,0.05,,,,
1989-05-14,0.27,,,,
1989-05-15,0.0,,,,
1989-05-16,0.0,,,,
1989-05-17,0.0,,,,
1989-05-18,0.0,,,,
1989-05-19,0.0,,,,
1989-05-20,0.0,,,,
1989-05-21,0.0,,,,
1989-05-22,0.0,,,,
1989-05-23,0.0,,,,
1989-05-24,0.0,,,,
1989-05-25,0.0,,,,
1989-05-26,0.0,,,,
1989-05-27,0.0,,,,
1989-05-28,0.0,,,,
1989-05-29,0.0,,,,
1989-05-30,0.43,,,,
1989-05-31,0.0,,,,
1989-06-01,0.0,,,,
1989-06-02,0.0,,,,
1989-06-03,0.0,,,,
1989-06-04,0.0,,,,
1989-06-05,0.0,,,,
1989-06-06,0.05,,,,
1989-06-07,0.0,,,,
1989-06-08,0.0,,,,
1989-06-09,0.0,,,,
1989-06-10,0.18,,,,
1989-06-11,0.72,,,,
1989-06-12,17.27,,,,
1989-06-13,0.0,,,,
1989-06-14,0.04,,,,
1989-06-15,9.59,,,,
1989-06-16,5.38,,,,
1989-06-17,12.86,,,,
1989-06-18,0.0,,,,
1989-06-19,0.45,,,,
1989-06-20,0.0,,,,
1989-06-21,0.0,,,,
1989-06-22,0.0,,,,
1989-06-23,0.0,,,,
1989-06-24,1.35,,,,
1989-06-25,0.03,,,,
1989-06-26,0.1,,,,
1989-06-27,10.48,,,,
1989-06-28,0.0,,,,
1989-06-29,0.0,,,,
1989-06-30,16.0,,,,
1989-07-01,0.0,,,,
1989-07-02,0.0,,,,
1989-07-03,1.04,,,,
1989-07-04,1.42,,,,
1989-07-05,0.83,,,,
1989-07-06,1.44,,,,
1989-07-07,2.01,,,,
1989-07-08,0.0,,,,
1989-07-09,0.17,,,,
1989-07-10,0.0,,,,
1989-07-11,2.98,,,,
1989-07-12,0.48,,,,
1989-07-13,1.93,,,,
1989-07-14,0.0,,,,
1989-07-15,3.53,,,,
1989-07-16,0.0,,,,
1989-07-17,21.81,,,,
1989-07-18,0.15,,,,
1989-07-19,0.16,,,,
1989-07-20,0.01,,,,
1989-07-21,2.28,,,,
1989-07-22,0.0,,,,
1989-07-23,0.0,,,,
1989-07-24,0.0,,,,
1989-07-25,0.5,,,,
1989-07-26,0.0,,,,
1989-07-27,0.74,,,,
1989-07-28,0.02,,,,
1989-07-29,0.0,,,,
1989-07-30,0.0,,,,
1989-07-31,0.0,,,,
1989-08-01,3.27,,,,
1989-08-02,0.11,,,,
1989-08-03,0.01,,,,
1989-08-04,0.0,,,,
1989-08-05,0.0,,,,
1989-08-06,0.05,,,,
1989-08-07,0.0,,,,
1989-08-08,0.0,,,,
1989-08-09,1.49,,,,
1989-08-10,15.56,,,,
1989-08-11,4.57,,,,
1989-08-12,0.32,,,,
1989-08-13,18.96,,,,
1989-08-14,25.29,,,,
1989-08-15,27.35,,,,
1989-08-16,28.13,,,,
1989-08-17,0.0,,,,
1989-08-18,0.0,,,,
1989-08-19,0.0,,,,
1989-08-20,0.72,,,,
1989-08-21,23.59,,,,
1989-08-22,2.29,,,,
1989-08-23,19.58,,,,
1989-08-24,22.14,,,,
1989-08-25,5.1,,,,
1989-08-26,3.31,,,,
1989-08-27,6.2,,,,
1989-08-28,6.39,,,,
1989-08-29,0.81,,,,
1989-08-30,0.0,,,,
1989-08-31,0.0,,,,
1989-09-01,6.19,,,,
1989-09-02,0.0,,,,
1989-09-03,0.17,,,,
1989-09-04,0.11,,,,
1989-09-05,3.0,,,,
1989-09-06,0.0,,,,
1989-09-07,0.0,,,,
1989-09-08,0.0,,,,
1989-09-09,0.12,,,,
1989-09-10,0.0,,,,
1989-09-11,1.13,,,,
1989-09-12,0.72,,,,
1989-09-13,4.27,,,,
1989-09-14,0.13,,,,
1989-09-15,0.0,,,,
1989-09-16,0.0,,,,
1989-09-17,0.35,,,,
1989-09-18,0.0,,,,
1989-09-19,0.0,,,,
1989-09-20,0.0,,,,
1989-09-21,0.76,,,,
1989-09-22,0.0,,,,
1989-09-23,9.17,,,,
1989-09-24,0.52,,,,
1989-09-25,0.0,,,,
1989-09-26,0.29,,,,
1989-09-27,0.0,,,,
1989-09-28,0.0,,,,
1989-09-29,0.0,,,,
1989-09-30,0.0,,,,
1989-10-01,0.92,,,,
1989-10-02,0.0,,,,
1989-10-03,0.1,,,,
1989-10-04,0.0,,,,
1989-10-05,0.02,,,,
1989-10-06,0.09,,,,
1989-10-07,0.0,,,,
1989-10-08,0.04,,,,
1989-10-09,0.0,,,,
1989-10-10,0.0,,,,
1989-10-11,0.0,,,,
1989-10-12,0.0,,,,
1989-10-13,0.08,,,,
1989-10-14,0.0,,,,
1989-10-15,0.0,,,,
1989-10-16,0.0,,,,
1989-10-17,0.03,,,,
1989-10-18,0.1,,,,
1989-10-19,0.14,,,,
1989-10-20,0.0,,,,
1989-10-21,0.06,,,,
1989-10-22,0.0,,,,
1989-10-23,0.06,,,,
1989-10-24,0.0,,,,
1989-10-25,0.01,,,,
1989-10-26,0.0,,,,
1989-10-27,0.11,,,,
1989-10-28,0.0,,,,
1989-10-29,0.0,,,,
1989-10-30,0.0,,,,
1989-10-31,0.01,,,,
1989-11-01,0.0,,,,
1989-11-02,0.0,,,,
1989-11-03,0.0,,,,
1989-11-04,0.0,,,,
1989-11-05,0.0,,,,
1989-11-06,0.02,,,,
1989-11-07,0.0,,,,
1989-11-08,0.0,,,,
1989-11-09,0.0,,,,
1989-11-10,0.0,,,,
1989-11-11,0.0,,,,
1989-11-12,0.0,,,,
1989-11-13,0.0,,,,
1989-11-14,0.0,,,,
1989-11-15,0.0,,,,
1989-11-16,0.0,,,,
1989-11-17,0.0,,,,
1989-11-18,0.0,,,,
1989-11-19,0.0,,,,
1989-11-20,0.0,,,,
1989-11-21,0.0,,,,
1989-11-22,0.0,,,,
1989-11-23,0.0,,,,
1989-11-24,0.46,,,,
1989-11-25,0.17,,,,
1989-11-26,0.0,,,,
1989-11-27,0.0,,,,
1989-11-28,0.0,,,,
1989-11-29,0.0,,,,
1989-11-30,0.0,,,,
1989-12-01,0.0,,,,
1989-12-02,0.0,,,,
1989-12-03,0.0,,,,
1989-12-04,0.01,,,,
1989-12-05,0.0,,,,
1989-12-06,0.0,,,,
1989-12-07,0.0,,,,
1989-12-08,0.0,,,,
1989-12-09,0.0,,,,
1989-12-10,0.0,,,,
1989-12-11,0.0,,,,
1989-12-12,0.0,,,,
1989-12-13,0.0,,,,
1989-12-14,0.0,,,,
1989-12-15,0.0,,,,
1989-12-16,0.0,,,,
1989-12-17,0.0,,,,
1989-12-18,0.0,,,,
1989-12-19,0.0,,,,
1989-12-20,0.0,,,,
1989-12-21,0.0,,,,
1989-12-22,0.0,,,,
1989-12-23,0.01,,,,
1989-12-24,0.0,,,,
1989-12-25,0.0,,,,
1989-12-26,0.0,,,,
1989-12-27,0.0,,,,
1989-12-28,0.0,,,,
1989-12-29,0.0,,,,
1989-12-30,0.0,,,,
1989-12-31,0.0,,,,
1990-01-01,0.0,,,,
1990-01-02,0.0,,,,
1990-01-03,0.0,,,,
1990-01-04,0.0,,,,
1990-01-05,0.0,,,,
1990-01-06,0.0,,,,
1990-01-07,0.01,,,,
1990-01-08,0.0,,,,
1990-01-09,0.0,,,,
1990-01-10,0.0,,,,
1990-01-11,0.0,,,,
1990-01-12,0.0,,,,
1990-01-13,0.0,,,,
1990-01-14,0.03,,,,
1990-01-15,0.04,,,,
1990-01-16,0.0,,,,
1990-01-17,0.0,,,,
1990-01-18,0.0,,,,
1990-01-19,0.0,,,,
1990-01-20,0.0,,,,
1990-01-21,0.0,,,,
1990-01-22,0.0,,,,
1990-01-23,0.0,,,,
1990-01-24,0.0,,,,
1990-01-25,0.0,,,,
1990-01-26,0.0,,,,
1990-01-27,0.0,,,,
1990-01-28,0.0,,,,
1990-01-29,0.01,,,,
1990-01-30,0.0,,,,
1990-01-31,0.0,,,,
1990-02-01,0.0,,,,
1990-02-02,0.0,,,,
1990-02-03,0.0,,,,
1990-02-04,0.0,,,,
1990-02-05,0.0,,,,
1990-02-06,0.0,,,,
1990-02-07,0.0,,,,
1990-02-08,0.0,,,,
1990-02-09,0.0,,,,
1990-02-10,0.0,,,,
1990-02-11,0.0,,,,
1990-02-12,0.0,,,,
1990-02-13,0.0,,,,
1990-02-14,0.0,,,,
1990-02-15,0.0,,,,
1990-02-16,0.0,,,,
1990-02-17,0.0,,,,
1990-02-18,0.0,,,,
1990-02-19,0.0,,,,
1990-02-20,0.0,,,,
1990-02-21,0.0,,,,
1990-02-22,0.0,,,,
1990-02-23,0.0,,,,
1990-02-24,0.0,,,,
1990-02-25,0.0,,,,
1990-02-26,0.0,,,,
1990-02-27,0.0,,,,
1990-02-28,0.0,,,,
1990-03-01,0.0,,,,
1990-03-02,0.0,,,,
1990-03-03,0.0,,,,
1990-03-04,0.0,,,,
1990-03-05,0.0,,,,
1990-03-06,0.0,,,,
1990-03-07,0.0,,,,
1990-03-08,0.0,,,,
1990-03-09,0.0,,,,
1990-03-10,0.0,,,,
1990-03-11,0.0,,,,
1990-03-12,0.0,,,,
1990-03-13,0.0,,,,
1990-03-14,0.0,,,,
1990-03-15,0.0,,,,
1990-03-16,0.0,,,,
1990-03-17,0.0,,,,
1990-03-18,0.0,,,,
1990-03-19,0.0,,,,
1990-03-20,0.0,,,,
1990-03-21,0.0,,,,
1990-03-22,0.0,,,,
1990-03-23,0.0,,,,
1990-03-24,0.0,,,,
1990-03-25,0.0,,,,
1990-03-26,0.0,,,,
1990-03-27,0.0,,,,
1990-03-28,0.0,,,,
1990-03-29,0.0,,,,
1990-03-30,0.0,,,,
1990-03-31,0.02,,,,
1990-04-01,0.0,,,,
1990-04-02,0.0,,,,
1990-04-03,0.0,,,,
1990-04-04,0.0,,,,
1990-04-05,0.0,,,,
1990-04-06,0.0,,,,
1990-04-07,0.0,,,,
1990-04-08,0.0,,,,
1990-04-09,0.0,,,,
1990-04-10,0.0,,,,
1990-04-11,0.0,,,,
1990-04-12,0.0,,,,
1990-04-13,0.0,,,,
1990-04-14,0.0,,,,
1990-04-15,0.0,,,,
1990-04-16,0.0,,,,
1990-04-17,0.0,,,,
1990-04-18,0.0,,,,
1990-04-19,0.0,,,,
1990-04-20,0.0,,,,
1990-04-21,0.0,,,,
1990-04-22,0.0,,,,
1990-04-23,0.0,,,,
1990-04-24,0.0,,,,
1990-04-25,0.0,,,,
1990-04-26,0.0,,,,
1990-04-27,0.0,,,,
1990-04-28,0.0,,,,
1990-04-29,0.0,,,,
1990-04-30,0.0,,,,
1990-05-01,0.0,,,,
1990-05-02,0.0,,,,
1990-05-03,0.0,,,,
1990-05-04,0.0,,,,
1990-05-05,0.0,,,,
1990-05-06,0.0,,,,
1990-05-07,0.0,,,,
1990-05-08,0.0,,,,
1990-05-09,0.0,,,,
1990-05-10,0.0,,,,
1990-05-11,0.0,,,,
1990-05-12,0.0,,,,
1990-05-13,0.0,,,,
1990-05-14,0.0,,,,
1990-05-15,0.0,,,,
1990-05-16,0.0,,,,
1990-05-17,0.0,,,,
1990-05-18,0.0,,,,
1990-05-19,0.0,,,,
1990-05-20,0.0,,,,
1990-05-21,0.0,,,,
1990-05-22,0.0,,,,
1990-05-23,0.0,,,,
1990-05-24,0.0,,,,
1990-05-25,0.0,,,,
1990-05-26,0.0,,,,
1990-05-27,0.0,,,,
1990-05-28,0.0,,,,
1990-05-29,0.0,,,,
1990-05-30,0.0,,,,
1990-05-31,0.0,,,,
1990-06-01,0.0,,,,
1990-06-02,0.0,,,,
1990-06-03,0.0,,,,
1990-06-04,0.0,,,,
1990-06-05,0.13,,,,
1990-06-06,0.04,,,,
1990-06-07,0.0,,,,
1990-06-08,0.0,,,,
1990-06-09,0.0,,,,
1990-06-10,0.0,,,,
1990-06-11,0.0,,,,
1990-06-12,0.0,,,,
1990-06-13,0.0,,,,
1990-06-14,0.0,,,,
1990-06-15,0.0,,,,
1990-06-16,0.0,,,,
1990-06-17,0.0,,,,
1990-06-18,0.76,,,,
1990-06-19,2.31,,,,
1990-06-20,0.05,,,,
1990-06-21,0.0,,,,
1990-06-22,0.0,,,,
1990-06-23,0.0,,,,
1990-06-24,0.0,,,,
1990-06-25,0.0,,,,
1990-06-26,0.93,,,,
1990-06-27,0.05,,,,
1990-06-28,1.37,,,,
1990-06-29,18.41,,,,
1990-06-30,0.0,,,,
1990-07-01,0.0,,,,
1990-07-02,0.0,,,,
1990-07-03,0.0,,,,
1990-07-04,0.02,,,,
1990-07-05,0.01,,,,
1990-07-06,0.0,,,,
1990-07-07,0.0,,,,
1990-07-08,0.0,,,,
1990-07-09,0.0,,,,
1990-07-10,0.0,,,,
1990-07-11,0.32,,,,
1990-07-12,0.47,,,,
1990-07-13,0.0,,,,
1990-07-14,0.0,,,,
1990-07-15,24.89,,,,
1990-07-16,0.0,,,,
1990-07-17,3.34,,,,
1990-07-18,0.0,,,,
1990-07-19,0.0,,,,
1990-07-20,2.82,,,,
1990-07-21,8.11,,,,
1990-07-22,0.36,,,,
1990-07-23,0.14,,,,
1990-07-24,0.31,,,,
1990-07-25,1.25,,,,
1990-07-26,2.73,,,,
1990-07-27,0.77,,,,
1990-07-28,0.15,,,,
1990-07-29,0.0,,,,
1990-07-30,10.8,,,,
1990-07-31,0.0,,,,
1990-08-01,0.0,,,,
1990-08-02,0.0,,,,
1990-08-03,0.0,,,,
1990-08-04,8.21,,,,
1990-08-05,1.02,,,,
1990-08-06,14.26,,,,
1990-08-07,5.9,,,,
1990-08-08,0.37,,,,
1990-08-09,0.47,,,,
1990-08-10,0.0,,,,
1990-08-11,3.43,,,,
1990-08-12,0.0,,,,
1990-08-13,0.44,,,,
1990-08-14,3.29,,,,
1990-08-15,0.0,,,,
1990-08-16,0.0,,,,
1990-08-17,0.0,,,,
1990-08-18,0.74,,,,
1990-08-19,10.24,,,,
1990-08-20,1.18,,,,
1990-08-21,1.52,,,,
1990-08-22,0.03,,,,
1990-08-23,0.86,,,,
1990-08-24,0.0,,,,
1990-08-25,0.01,,,,
1990-08-26,0.21,,,,
1990-08-27,3.61,,,,
1990-08-28,7.0,,,,
1990-08-29,0.04,,,,
1990-08-30,16.72,,,,
1990-08-31,0.0,,,,
1990-09-01,0.0,,,,
1990-09-02,0.0,,,,
1990-09-03,0.0,,,,
1990-09-04,29.17,,,,
1990-09-05,0.0,,,,
1990-09-06,0.0,,,,
1990-09-07,0.0,,,,
1990-09-08,0.36,,,,
1990-09-09,0.0,,,,
1990-09-10,3.53,,,,
1990-09-11,0.0,,,,
1990-09-12,0.0,,,,
1990-09-13,0.08,,,,
1990-09-14,0.31,,,,
1990-09-15,0.05,,,,
1990-09-16,0.0,,,,
1990-09-17,4.23,,,,
1990-09-18,0.04,,,,
1990-09-19,2.0,,,,
1990-09-20,2.13,,,,
1990-09-21,0.0,,,,
1990-09-22,0.0,,,,
1990-09-23,0.0,,,,
1990-09-24,2.44,,,,
1990-09-25,0.01,,,,
1990-09-26,0.0,,,,
1990-09-27,0.21,,,,
1990-09-28,0.01,,,,
1990-09-29,0.0,,,,
1990-09-30,0.4,,,,
1990-10-01,0.0,,,,
1990-10-02,0.0,,,,
1990-10-03,0.0,,,,
1990-10-04,0.13,,,,
1990-10-05,0.0,,,,
1990-10-06,6.12,,,,
1990-10-07,0.0,,,,
1990-10-08,0.0,,,,
1990-10-09,0.0,,,,
1990-10-10,0.0,,,,
1990-10-11,0.0,,,,
1990-10-12,0.0,,,,
1990-10-13,0.0,,,,
1990-10-14,0.0,,,,
1990-10-15,0.0,,,,
1990-10-16,0.0,,,,
1990-10-17,1.62,,,,
1990-10-18,1.32,,,,
1990-10-19,0.01,,,,
1990-10-20,0.0,,,,
1990-10-21,0.0,,,,
1990-10-22,0.0,,,,
1990-10-23,0.0,,,,
1990-10-24,0.01,,,,
1990-10-25,0.0,,,,
1990-10-26,0.02,,,,
1990-10-27,0.0,,,,
1990-10-28,0.0,,,,
1990-10-29,0.0,,,,
1990-10-30,0.0,,,,
1990-10-31,0.0,,,,
1990-11-01,0.0,,,,
1990-11-02,0.0,,,,
1990-11-03,0.0,,,,
1990-11-04,0.0,,,,
1990-11-05,0.0,,,,
1990-11-06,0.0,,,,
1990-11-07,0.0,,,,
1990-11-08,0.0,,,,
1990-11-09,0.0,,,,
1990-11-10,0.01,,,,
1990-11-11,0.0,,,,
1990-11-12,0.0,,,,
1990-11-13,0.01,,,,
1990-11-14,0.0,,,,
1990-11-15,0.0,,,,
1990-11-16,0.0,,,,
1990-11-17,0.0,,,,
1990-11-18,0.0,,,,
1990-11-19,0.01,,,,
1990-11-20,0.0,,,,
1990-11-21,0.0,,,,
1990-11-22,0.0,,,,
1990-11-23,0.0,,,,
1990-11-24,0.0,,,,
1990-11-25,0.0,,,,
1990-11-26,0.0,,,,
1990-11-27,0.0,,,,
1990-11-28,0.0,,,,
1990-11-29,0.0,,,,
1990-11-30,0.01,,,,
1990-12-01,0.0,,,,
1990-12-02,0.0,,,,
1990-12-03,0.0,,,,
1990-12-04,0.0,,,,
1990-12-05,0.0,,,,
1990-12-06,0.0,,,,
1990-12-07,0.0,,,,
1990-12-08,0.0,,,,
1990-12-09,0.0,,,,
1990-12-10,0.0,,,,
1990-12-11,0.0,,,,
1990-12-12,0.0,,,,
1990-12-13,0.0,,,,
1990-12-14,0.0,,,,
1990-12-15,0.0,,,,
1990-12-16,0.0,,,,
1990-12-17,0.0,,,,
1990-12-18,0.0,,,,
1990-12-19,0.0,,,,
1990-12-20,0.0,,,,
1990-12-21,0.0,,,,
1990-12-22,0.0,,,,
1990-12-23,0.0,,,,
1990-12-24,0.0,,,,
1990-12-25,0.0,,,,
1990-12-26,0.0,,,,
1990-12-27,0.0,,,,
1990-12-28,0.0,,,,
1990-12-29,0.0,,,,
1990-12-30,0.0,,,,
1990-12-31,0.0,,,,
1991-01-01,0.0,36.42,18.36,26.08,11.02
1991-01-02,0.0,34.79,17.49,21.05,10.44
1991-01-03,0.0,34.59,15.76,27.46,11.19
1991-01-04,0.01,34.98,15.79,29.19,12.62
1991-01-05,0.0,35.1,16.51,28.16,13.0
1991-01-06,0.03,34.75,16.57,30.18,14.23
1991-01-07,0.0,33.02,17.18,35.14,16.7
1991-01-08,0.0,31.64,16.33,37.89,19.66
1991-01-09,0.0,28.77,16.87,33.1,21.69
1991-01-10,0.02,35.12,17.8,40.59,18.68
1991-01-11,0.09,36.83,18.63,33.8,16.48
1991-01-12,0.02,36.91,18.77,26.61,13.47
1991-01-13,0.0,36.2,18.61,27.34,13.74
1991-01-14,0.0,34.69,17.72,26.67,12.36
1991-01-15,0.0,34.03,18.68,20.48,13.6
1991-01-16,0.05,32.18,17.88,27.93,15.46
1991-01-17,0.0,32.08,18.71,42.03,25.55
1991-01-18,0.0,38.3,19.95,33.63,16.92
1991-01-19,0.0,37.69,19.66,27.43,13.48
1991-01-20,0.0,33.3,18.08,54.87,21.55
1991-01-21,0.0,32.35,17.87,65.16,30.17
1991-01-22,0.0,33.43,19.73,54.45,30.26
1991-01-23,0.0,31.72,19.18,59.05,38.71
1991-01-24,0.03,31.76,19.56,61.08,38.44
1991-01-25,0.0,33.81,17.61,68.82,28.94
1991-01-26,0.0,36.72,18.17,49.06,22.27
1991-01-27,0.0,38.04,19.28,41.74,16.5
1991-01-28,0.01,38.75,19.58,36.52,17.24
1991-01-29,0.0,38.65,19.84,36.18,13.23
1991-01-30,0.0,36.99,19.65,25.91,10.77
1991-01-31,0.0,37.91,19.79,23.19,9.54
1991-02-01,0.0,37.74,22.64,18.38,11.9
1991-02-02,0.0,36.23,22.23,20.4,7.95
1991-02-03,0.0,32.77,21.42,15.08,9.11
1991-02-04,0.0,32.06,18.0,31.13,13.02
1991-02-05,0.0,32.97,16.96,36.09,12.78
1991-02-06,0.01,33.29,16.86,34.98,14.71
1991-02-07,0.0,36.29,17.64,25.55,11.63
1991-02-08,0.0,36.11,18.78,20.75,10.39
1991-02-09,0.0,37.13,18.86,18.41,8.51
1991-02-10,0.0,36.71,19.3,17.11,8.75
1991-02-11,0.0,37.37,20.8,18.01,9.29
1991-02-12,0.0,38.22,20.51,18.64,8.97
1991-02-13,0.0,37.32,19.87,22.04,12.15
1991-02-14,0.0,32.32,16.85,76.77,32.22
1991-02-15,0.0,32.33,15.42,61.25,23.46
1991-02-16,0.0,33.88,15.52,47.47,18.64
1991-02-17,0.03,34.45,15.66,37.6,12.09
1991-02-18,0.0,35.27,17.9,36.7,16.59
1991-02-19,0.0,32.29,18.86,36.15,17.02
1991-02-20,0.0,32.92,18.21,43.77,14.81
1991-02-21,0.0,36.37,20.5,32.96,15.59
1991-02-22,0.0,39.54,19.58,32.33,13.28
1991-02-23,0.0,40.54,21.61,20.62,8.28
1991-02-24,0.0,40.42,22.1,16.46,7.69
1991-02-25,0.0,36.93,20.94,17.21,9.08
1991-02-26,0.0,35.23,17.1,19.27,9.65
1991-02-27,0.0,35.89,16.19,21.32,9.62
1991-02-28,0.0,37.12,17.53,22.38,10.25
1991-03-01,0.0,37.25,18.54,21.67,7.35
1991-03-02,0.0,37.14,18.12,17.07,7.21
1991-03-03,0.0,39.28,19.87,19.47,7.76
1991-03-04,0.0,40.3,21.94,19.61,9.43
1991-03-05,0.0,38.77,21.29,50.29,13.93
1991-03-06,0.0,36.71,20.86,52.13,20.23
1991-03-07,0.0,34.11,18.52,62.34,27.71
1991-03-08,0.0,34.54,18.44,74.19,28.23
1991-03-09,0.0,39.83,20.65,58.75,20.33
1991-03-10,0.0,41.73,22.67,46.33,17.91
1991-03-11,0.0,42.29,23.54,42.32,16.57
1991-03-12,0.0,41.47,24.02,24.6,9.74
1991-03-13,0.0,40.7,22.42,29.89,10.19
1991-03-14,0.0,36.41,20.93,43.45,18.17
1991-03-15,0.0,35.94,18.3,43.33,16.1
1991-03-16,0.0,38.13,19.42,34.03,10.9
1991-03-17,0.0,39.51,20.6,23.19,10.69
1991-03-18,0.0,40.1,22.1,24.52,10.6
1991-03-19,0.0,39.89,21.97,20.83,7.92
1991-03-20,0.0,39.96,21.85,19.12,7.32
1991-03-21,0.0,38.96,22.1,19.7,7.11
1991-03-22,0.0,40.62,22.34,16.21,7.66
1991-03-23,0.0,39.88,21.53,15.66,7.28
1991-03-24,0.0,37.04,21.11,33.39,12.62
1991-03-25,0.0,39.06,20.44,26.16,10.68
1991-03-26,0.0,38.49,19.89,25.6,11.57
1991-03-27,0.0,39.35,20.87,27.87,13.53
1991-03-28,0.0,36.63,20.52,49.51,20.05
1991-03-29,0.0,36.07,19.69,54.53,22.09
1991-03-30,0.0,39.27,20.94,41.83,13.79
1991-03-31,0.0,36.54,19.65,56.57,20.02
1991-04-01,0.0,36.2,19.22,70.1,16.64
1991-04-02,0.0,37.61,19.69,54.29,13.32
1991-04-03,0.0,40.23,21.81,29.28,14.08
1991-04-04,0.0,38.9,22.44,27.28,10.49
1991-04-05,0.0,38.88,19.96,19.42,8.16
1991-04-06,0.0,41.03,21.1,25.34,9.37
1991-04-07,0.0,42.51,23.12,19.38,8.34
1991-04-08,0.0,43.1,23.59,16.74,7.87
1991-04-09,0.0,42.12,23.12,22.69,8.5
1991-04-10,0.0,40.95,22.02,44.24,9.24
1991-04-11,0.0,42.73,22.49,23.75,6.0
1991-04-12,0.0,42.81,22.79,21.47,7.83
1991-04-13,0.0,43.09,23.59,17.4,7.09
1991-04-14,0.0,43.56,23.86,16.94,7.32
1991-04-15,0.0,42.59,23.49,21.94,8.32
1991-04-16,0.0,40.95,23.11,42.17,13.91
1991-04-17,0.0,40.76,23.5,47.42,19.46
1991-04-18,0.0,39.31,22.98,53.9,21.92
1991-04-19,0.0,40.99,22.97,47.11,15.99
1991-04-20,0.0,42.53,24.77,36.37,15.6
1991-04-21,0.0,41.26,24.66,35.72,13.8
1991-04-22,0.0,40.64,23.53,53.16,16.93
1991-04-23,0.0,45.52,26.04,31.42,13.36
1991-04-24,0.0,45.76,29.64,27.09,13.26
1991-04-25,0.0,46.13,28.36,25.57,9.57
1991-04-26,0.0,42.28,26.03,16.81,6.18
1991-04-27,0.0,42.17,24.08,22.27,9.45
1991-04-28,0.0,41.31,23.67,38.79,13.72
1991-04-29,0.0,39.59,22.6,36.9,15.97
1991-04-30,0.0,41.55,22.97,54.34,14.85
1991-05-01,0.0,43.71,25.14,41.49,19.57
1991-05-02,0.0,45.31,28.16,43.64,15.56
1991-05-03,0.0,44.66,26.46,30.42,9.4
1991-05-04,0.0,43.52,25.05,41.33,11.05
1991-05-05,0.0,40.76,24.32,54.32,20.45
1991-05-06,0.28,40.76,23.39,53.95,18.44
1991-05-07,0.0,41.14,24.01,43.92,15.63
1991-05-08,0.0,39.58,24.35,41.91,17.8
1991-05-09,0.0,41.47,23.83,46.95,13.75
1991-05-10,0.0,41.64,26.0,28.46,13.92
1991-05-11,0.0,40.7,25.38,26.92,12.02
1991-05-12,0.0,40.13,24.08,25.12,12.22
1991-05-13,0.0,40.36,23.65,28.5,11.73
1991-05-14,0.0,42.77,23.45,22.32,8.76
1991-05-15,0.0,43.51,26.54,19.08,9.14
1991-05-16,0.0,44.17,26.59,19.98,8.7
1991-05-17,0.04,43.89,28.15,17.69,7.69
1991-05-18,0.0,42.5,24.95,20.77,6.53
1991-05-19,0.0,42.73,24.93,19.76,7.15
1991-05-20,0.0,40.86,24.57,33.82,10.93
1991-05-21,0.0,40.23,23.11,58.68,17.7
1991-05-22,0.01,43.04,24.33,45.53,15.48
1991-05-23,0.0,43.28,26.85,38.96,19.01
1991-05-24,0.0,40.82,26.44,54.19,23.13
1991-05-25,0.0,40.14,23.85,59.47,24.31
1991-05-26,0.0,39.94,23.44,61.14,24.5
1991-05-27,0.0,38.68,22.55,65.22,26.63
1991-05-28,0.0,38.45,22.53,65.63,24.13
1991-05-29,0.0,38.02,21.8,62.62,20.92
1991-05-30,0.01,41.07,22.87,54.3,19.0
1991-05-31,0.0,40.63,25.6,55.88,27.04
1991-06-01,0.05,39.06,26.47,63.54,26.57
1991-06-02,1.0,40.8,26.58,57.29,23.52
1991-06-03,2.39,38.34,26.88,54.2,28.74
1991-06-04,0.05,39.25,27.64,60.66,19.06
1991-06-05,0.0,38.52,29.93,32.96,20.55
1991-06-06,0.0,42.54,28.7,38.0,15.63
1991-06-07,0.0,44.9,29.22,33.61,11.35
1991-06-08,0.0,42.5,29.1,41.23,14.04
1991-06-09,0.0,42.01,27.71,61.39,21.73
1991-06-10,0.0,41.78,27.68,63.27,22.13
1991-06-11,0.0,42.09,27.22,62.64,22.55
1991-06-12,0.0,41.17,27.4,60.3,22.66
1991-06-13,0.0,41.58,26.2,68.84,15.6
1991-06-14,0.0,38.45,24.72,51.51,20.31
1991-06-15,0.0,39.14,24.11,55.78,19.17
1991-06-16,0.0,39.54,25.24,53.5,22.06
1991-06-17,0.0,41.3,25.64,59.01,21.43
1991-06-18,0.0,40.7,25.66,47.68,21.12
1991-06-19,0.05,41.24,26.6,57.56,21.79
1991-06-20,0.0,40.0,26.61,65.61,28.04
1991-06-21,0.0,38.69,25.43,73.49,31.51
1991-06-22,0.0,37.39,24.28,57.95,22.44
1991-06-23,0.0,39.54,23.58,60.73,22.4
1991-06-24,0.0,39.93,25.59,59.35,24.24
1991-06-25,0.45,41.77,26.03,57.17,20.36
1991-06-26,0.0,41.51,26.24,56.44,17.37
1991-06-27,0.0,40.48,25.85,53.55,18.67
1991-06-28,0.0,39.57,24.9,52.3,22.32
1991-06-29,0.0,38.51,24.59,58.17,22.8
1991-06-30,0.0,40.34,25.11,56.46,21.07
1991-07-01,0.0,37.92,26.24,49.2,22.96
1991-07-02,0.0,39.44,25.83,57.01,23.25
1991-07-03,0.0,38.14,25.46,58.69,27.18
1991-07-04,2.15,36.4,25.47,57.66,29.76
1991-07-05,0.69,38.58,26.05,66.11,31.68
1991-07-06,0.0,36.83,25.46,76.49,33.7
1991-07-07,0.0,42.1,26.56,54.46,17.02
1991-07-08,1.13,39.86,27.44,65.48,29.78
1991-07-09,0.87,36.39,26.09,98.42,45.24
1991-07-10,9.03,30.12,24.13,99.77,82.75
1991-07-11,0.72,30.75,22.93,99.61,68.98
1991-07-12,0.0,31.04,24.1,99.23,70.89
1991-07-13,8.31,31.19,23.3,99.43,68.64
1991-07-14,0.04,32.25,23.61,97.79,62.35
1991-07-15,0.0,33.32,22.26,84.41,52.09
1991-07-16,0.17,32.75,23.41,80.54,55.72
1991-07-17,0.0,30.71,24.88,98.58,66.73
1991-07-18,0.02,33.1,23.35,99.6,59.89
1991-07-19,2.11,34.54,23.5,94.48,52.88
1991-07-20,0.0,33.0,23.55,79.21,51.95
1991-07-21,0.12,34.05,24.22,85.8,54.22
1991-07-22,0.53,31.98,25.13,98.32,70.55
1991-07-23,0.44,33.64,23.57,99.41,56.18
1991-07-24,0.0,34.8,24.34,91.39,42.89
1991-07-25,0.0,35.51,23.22,78.39,38.53
1991-07-26,3.59,34.94,23.98,75.9,43.0
1991-07-27,0.01,34.5,25.01,78.91,48.66
1991-07-28,0.0,34.66,24.28,89.43,45.88
1991-07-29,0.0,37.1,25.46,75.34,33.18
1991-07-30,1.11,36.29,25.03,66.89,38.48
1991-07-31,0.86,34.58,25.21,87.82,46.45
1991-08-01,13.77,36.99,24.69,79.94,37.41
1991-08-02,0.0,38.31,24.87,79.67,32.47
1991-08-03,0.0,39.65,26.23,66.8,26.92
1991-08-04,0.0,38.38,25.62,64.16,31.68
1991-08-05,0.0,38.56,26.03,71.92,33.16
1991-08-06,0.19,38.37,25.48,75.04,33.93
1991-08-07,4.39,36.78,24.25,91.51,38.03
1991-08-08,2.69,35.13,24.54,78.01,42.85
1991-08-09,0.89,36.89,24.56,84.45,41.58
1991-08-10,5.06,36.02,23.8,92.69,41.4
1991-08-11,0.0,38.08,25.45,77.57,30.63
1991-08-12,0.12,38.25,25.34,57.09,29.95
1991-08-13,0.67,34.95,25.57,68.98,44.5
1991-08-14,0.0,35.22,24.29,84.65,44.79
1991-08-15,13.58,38.22,25.16,80.19,34.9
1991-08-16,0.13,36.97,25.08,79.9,42.28
1991-08-17,0.01,35.3,24.36,86.48,46.05
1991-08-18,0.0,37.3,24.78,79.34,35.43
1991-08-19,0.33,38.52,24.85,75.65,30.0
1991-08-20,0.59,37.41,25.14,66.6,33.64
1991-08-21,0.0,38.49,26.02,79.3,33.82
1991-08-22,1.15,35.96,25.91,95.48,49.32
1991-08-23,0.44,32.5,23.5,99.21,63.41
1991-08-24,0.0,33.93,23.83,94.26,56.18
1991-08-25,0.0,32.91,23.99,99.37,66.81
1991-08-26,1.49,33.14,23.94,99.41,56.02
1991-08-27,0.0,34.36,22.24,90.16,44.87
1991-08-28,0.0,35.68,24.33,77.03,45.02
1991-08-29,1.58,35.29,25.63,98.8,52.45
1991-08-30,4.51,30.56,23.59,99.56,72.47
1991-08-31,27.67,31.09,23.93,99.88,72.08
1991-09-01,15.4,29.9,22.89,99.91,79.34
1991-09-02,0.31,31.3,22.96,99.92,66.11
1991-09-03,7.12,32.79,22.4,99.84,58.14
1991-09-04,0.0,32.73,23.54,96.98,62.41
1991-09-05,0.39,31.73,23.25,99.48,70.56
1991-09-06,0.48,34.29,23.26,93.29,54.39
1991-09-07,0.05,31.94,24.06,93.49,66.95
1991-09-08,1.11,31.77,23.48,98.8,67.19
1991-09-09,0.07,31.9,23.45,93.47,64.28
1991-09-10,0.62,35.13,23.05,92.44,51.24
1991-09-11,18.47,35.19,23.8,88.54,44.01
1991-09-12,0.0,36.62,24.22,75.81,34.84
1991-09-13,0.01,35.59,24.15,78.52,40.6
1991-09-14,0.0,35.29,24.33,84.16,45.46
1991-09-15,0.0,34.82,23.63,87.47,48.9
1991-09-16,0.0,37.41,24.45,83.12,31.79
1991-09-17,0.0,37.79,24.5,62.75,28.34
1991-09-18,0.0,37.34,24.61,77.72,37.36
1991-09-19,4.53,37.02,25.63,76.46,38.09
1991-09-20,2.79,36.05,24.67,73.2,40.52
1991-09-21,0.0,35.85,24.76,82.27,44.41
1991-09-22,0.0,38.14,25.9,73.7,30.63
1991-09-23,0.0,41.26,25.85,61.04,14.57
1991-09-24,0.0,40.32,25.83,33.15,16.44
1991-09-25,0.21,37.56,25.34,72.78,32.04
1991-09-26,6.35,38.85,26.06,74.13,33.2
1991-09-27,0.0,37.16,24.91,75.1,24.42
1991-09-28,0.0,39.91,24.91,51.56,14.82
1991-09-29,0.0,42.18,25.2,35.5,11.4
1991-09-30,0.0,42.14,26.46,32.1,14.81
1991-10-01,0.0,42.13,25.85,53.17,19.41
1991-10-02,0.0,42.02,25.11,76.2,21.28
1991-10-03,0.0,42.09,25.4,62.93,13.83
1991-10-04,0.0,43.27,24.59,49.15,9.18
1991-10-05,0.39,41.42,25.96,37.39,14.39
1991-10-06,0.03,37.56,25.16,87.96,31.48
1991-10-07,0.85,33.54,23.13,96.9,48.67
1991-10-08,3.61,31.16,23.35,94.27,54.98
1991-10-09,16.81,36.23,22.1,98.81,36.94
1991-10-10,1.54,36.64,22.08,99.84,35.94
1991-10-11,0.0,34.55,24.29,90.17,46.39
1991-10-12,0.02,38.59,23.17,96.88,30.64
1991-10-13,0.0,38.98,24.46,85.9,25.05
1991-10-14,0.0,39.22,23.46,67.16,21.65
1991-10-15,0.0,41.7,23.82,60.91,15.66
1991-10-16,0.0,41.46,25.48,44.47,14.66
1991-10-17,0.0,40.03,23.26,36.53,13.3
1991-10-18,0.15,39.64,22.35,35.63,14.53
1991-10-19,0.1,37.84,24.71,78.34,29.73
1991-10-20,0.0,41.26,24.88,81.84,17.9
1991-10-21,0.0,41.4,25.13,32.16,9.26
1991-10-22,0.43,40.81,23.83,26.44,10.49
1991-10-23,0.0,40.11,23.64,45.94,16.35
1991-10-24,0.0,39.33,22.25,51.19,16.93
1991-10-25,0.0,39.01,22.62,52.1,17.07
1991-10-26,0.0,41.01,22.91,53.26,13.4
1991-10-27,0.08,42.08,23.7,39.48,9.86
1991-10-28,0.0,42.0,23.83,35.67,9.67
1991-10-29,0.0,41.97,23.71,45.56,7.17
1991-10-30,0.0,41.67,23.0,21.45,8.33
1991-10-31,0.0,40.81,23.72,31.5,12.54
1991-11-01,0.0,40.88,21.21,43.56,16.04
1991-11-02,0.0,41.96,21.75,53.44,14.65
1991-11-03,0.0,41.73,22.59,37.66,13.19
1991-11-04,0.0,41.18,21.75,33.16,11.84
1991-11-05,0.0,40.04,20.59,33.72,11.33
1991-11-06,0.0,40.92,20.84,31.48,10.85
1991-11-07,0.0,42.03,21.31,29.34,9.67
1991-11-08,0.0,41.85,21.67,24.55,7.53
1991-11-09,0.0,40.1,21.11,26.54,9.44
1991-11-10,0.0,38.76,19.09,24.92,8.58
1991-11-11,0.0,38.66,18.98,18.82,6.72
1991-11-12,0.0,39.65,18.78,19.98,7.15
1991-11-13,0.0,37.75,19.25,20.75,9.0
1991-11-14,0.0,36.01,19.04,29.28,11.22
1991-11-15,0.0,37.67,18.38,31.14,11.23
1991-11-16,0.01,35.93,18.42,30.28,11.19
1991-11-17,0.0,36.12,19.15,21.74,9.38
1991-11-18,0.0,38.43,19.62,25.13,9.99
1991-11-19,0.0,39.63,20.37,24.51,9.18
1991-11-20,0.01,36.71,20.99,18.95,7.94
1991-11-21,0.0,39.44,20.62,27.28,11.12
1991-11-22,0.0,38.97,19.99,27.67,8.59
1991-11-23,0.0,38.7,19.66,27.7,9.6
1991-11-24,0.0,39.08,20.24,27.35,10.27
1991-11-25,0.01,39.37,20.63,30.99,11.77
1991-11-26,0.01,38.81,20.77,28.22,13.13
1991-11-27,0.0,38.29,20.75,41.41,13.55
1991-11-28,0.0,36.26,19.77,48.33,17.98
1991-11-29,0.0,36.76,20.15,50.06,16.46
1991-11-30,0.0,35.77,19.88,43.06,15.43
1991-12-01,0.0,38.65,18.26,38.27,14.78
1991-12-02,0.0,39.13,18.85,32.29,13.0
1991-12-03,0.0,38.92,18.95,31.49,15.05
1991-12-04,0.0,37.85,20.17,28.45,14.75
1991-12-05,0.0,36.74,20.91,37.44,18.65
1991-12-06,0.0,37.15,20.37,81.34,36.09
1991-12-07,0.0,36.42,20.15,98.91,50.41
1991-12-08,0.0,34.83,19.86,99.08,39.18
1991-12-09,0.0,35.09,18.31,96.44,31.66
1991-12-10,0.0,36.44,18.58,80.86,20.33
1991-12-11,0.0,36.16,18.86,79.92,24.01
1991-12-12,0.0,37.58,19.01,56.23,15.76
1991-12-13,0.0,39.38,20.09,29.03,9.84
1991-12-14,0.02,38.38,20.6,27.37,13.77
1991-12-15,0.0,37.7,19.5,28.37,14.81
1991-12-16,0.0,37.44,18.47,34.92,12.02
1991-12-17,0.0,34.67,18.55,35.69,18.17
1991-12-18,0.0,33.17,17.66,37.98,20.28
1991-12-19,0.0,35.49,17.17,37.54,16.32
1991-12-20,0.0,35.78,18.95,26.36,12.77
1991-12-21,0.0,31.76,18.59,28.42,17.4
1991-12-22,0.0,35.93,18.36,28.47,13.98
1991-12-23,0.0,36.55,18.02,28.72,11.94
1991-12-24,0.0,34.94,17.56,21.16,8.65
1991-12-25,0.0,33.54,14.83,19.1,8.78
1991-12-26,0.0,32.95,14.21,18.91,7.64
1991-12-27,0.0,35.02,16.32,15.7,8.45
1991-12-28,0.0,35.96,17.85,27.56,12.73
1991-12-29,0.0,35.95,17.92,29.81,13.86
1991-12-30,0.0,35.96,18.69,28.76,12.48
1991-12-31,0.0,33.72,18.51,23.47,11.71
1992-01-01,0.0,33.12,18.02,27.51,9.7
1992-01-02,0.0,35.93,18.69,14.69,7.83
1992-01-03,0.0,37.36,20.11,19.58,11.04
1992-01-04,0.0,36.7,19.29,23.84,10.9
1992-01-05,0.0,36.74,20.46,17.01,8.69
1992-01-06,0.1,36.05,19.07,20.39,7.65
1992-01-07,0.0,33.96,18.01,14.54,6.74
1992-01-08,0.0,34.46,17.26,15.16,7.31
1992-01-09,0.01,35.5,17.66,16.5,7.88
1992-01-10,0.0,35.75,17.3,17.65,8.12
1992-01-11,0.0,35.98,17.15,18.55,10.18
1992-01-12,0.02,36.31,17.0,24.48,11.49
1992-01-13,0.0,33.8,20.1,20.22,11.24
1992-01-14,0.0,35.51,18.08,23.75,14.6
1992-01-15,0.0,35.45,17.25,38.52,18.23
1992-01-16,0.0,35.4,16.7,28.48,14.75
1992-01-17,0.0,36.22,16.75,26.22,12.19
1992-01-18,0.0,36.54,17.83,24.49,11.98
1992-01-19,0.0,37.15,18.65,25.31,13.14
1992-01-20,0.0,32.56,17.49,71.56,23.96
1992-01-21,0.0,32.44,16.33,98.33,38.01
1992-01-22,0.0,32.58,17.12,57.16,26.06
1992-01-23,0.0,34.55,16.55,54.23,31.33
1992-01-24,0.0,36.88,18.43,84.79,33.51
1992-01-25,0.0,38.56,20.82,55.34,22.13
1992-01-26,0.0,37.22,20.49,57.79,27.06
1992-01-27,0.0,36.1,19.5,52.34,20.07
1992-01-28,0.0,35.14,19.83,33.39,18.31
1992-01-29,0.0,37.83,20.38,30.43,14.52
1992-01-30,0.0,38.4,18.85,66.07,17.96
1992-01-31,0.0,37.16,19.59,81.07,28.42
1992-02-01,0.0,33.35,19.7,80.35,43.73
1992-02-02,0.1,31.85,17.33,92.11,38.43
1992-02-03,0.0,32.22,18.79,65.73,39.16
1992-02-04,0.0,34.29,19.2,76.08,36.6
1992-02-05,0.0,35.65,19.15,65.7,29.93
1992-02-06,0.0,35.34,19.11,52.15,23.69
1992-02-07,0.0,36.48,18.81,41.2,19.53
1992-02-08,0.0,37.43,21.4,36.64,19.08
1992-02-09,0.01,36.57,20.55,37.29,18.49
1992-02-10,0.0,36.65,20.0,35.29,17.61
1992-02-11,0.0,34.83,20.86,29.93,18.37
1992-02-12,6.78,29.64,17.3,99.29,24.9
1992-02-13,0.07,28.01,16.28,99.6,80.42
1992-02-14,0.35,29.54,17.46,98.08,45.14
1992-02-15,0.0,38.05,20.15,60.46,19.27
1992-02-16,0.0,39.42,20.7,32.27,13.23
1992-02-17,0.0,39.47,21.74,28.56,8.87
1992-02-18,0.0,39.91,21.04,19.92,6.96
1992-02-19,0.0,40.9,21.55,16.76,6.56
1992-02-20,0.0,41.29,21.73,17.94,7.23
1992-02-21,0.0,40.24,20.79,20.28,8.29
1992-02-22,0.0,40.37,20.49,29.51,8.86
1992-02-23,0.0,38.03,20.22,34.9,12.86
1992-02-24,0.0,35.88,19.48,40.33,17.67
1992-02-25,0.0,38.23,20.14,40.14,12.32
1992-02-26,0.0,40.07,20.8,24.62,10.66
1992-02-27,0.0,38.51,21.19,25.83,12.16
1992-02-28,0.0,37.13,19.52,34.06,11.51
1992-02-29,0.0,31.82,17.26,43.74,17.48
1992-03-01,0.0,34.05,16.14,49.76,16.36
1992-03-02,0.0,35.95,17.57,48.13,18.15
1992-03-03,0.0,36.3,19.01,38.87,17.23
1992-03-04,0.0,35.61,19.1,44.37,17.74
1992-03-05,0.0,36.23,18.46,37.77,14.52
1992-03-06,0.0,37.98,19.52,27.01,11.67
1992-03-07,0.0,38.75,20.14,25.47,11.96
1992-03-08,0.0,39.07,21.17,20.96,11.43
1992-03-09,0.0,38.51,21.27,29.56,12.16
1992-03-10,0.0,38.89,20.99,28.8,12.54
1992-03-11,0.0,38.02,21.1,27.33,11.94
1992-03-12,0.0,36.0,20.29,30.72,11.49
1992-03-13,0.0,36.19,18.91,35.32,15.07
1992-03-14,0.0,35.37,20.21,26.95,12.23
1992-03-15,0.0,36.6,20.86,18.38,10.65
1992-03-16,0.0,34.5,21.88,17.36,8.27
1992-03-17,0.0,36.4,22.31,16.57,8.15
1992-03-18,0.0,38.13,22.39,11.31,5.17
1992-03-19,0.0,39.83,22.81,17.45,7.5
1992-03-20,0.0,39.8,22.06,24.5,10.64
1992-03-21,0.0,38.84,21.92,18.21,8.4
1992-03-22,0.0,38.18,21.17,16.35,9.3
1992-03-23,0.0,37.59,21.68,24.47,11.56
1992-03-24,0.0,37.96,20.67,19.95,10.71
1992-03-25,0.0,40.22,22.07,20.28,9.26
1992-03-26,0.0,41.26,23.09,18.96,10.18
1992-03-27,0.0,40.88,22.83,25.91,11.46
1992-03-28,0.0,40.05,23.75,20.12,10.75
1992-03-29,0.0,41.46,23.9,29.79,11.41
1992-03-30,0.0,42.3,25.49,26.75,13.4
1992-03-31,0.0,40.34,24.02,39.29,18.54
1992-04-01,0.0,40.14,22.0,55.68,18.07
1992-04-02,0.01,39.88,23.37,50.08,22.96
1992-04-03,0.0,40.68,24.18,49.81,22.93
1992-04-04,0.0,40.92,23.97,33.88,13.16
1992-04-05,0.0,38.17,23.29,35.78,17.12
1992-04-06,0.0,36.63,22.39,39.92,18.39
1992-04-07,0.0,38.58,22.24,28.0,11.77
1992-04-08,0.0,40.3,22.61,18.59,8.01
1992-04-09,0.0,39.71,22.47,20.81,11.43
1992-04-10,0.0,38.86,21.42,62.31,18.5
1992-04-11,0.0,39.04,20.98,68.42,22.15
1992-04-12,0.0,40.46,22.88,54.69,21.13
1992-04-13,0.0,42.25,23.41,50.2,15.65
1992-04-14,0.0,43.06,25.78,26.98,9.95
1992-04-15,0.0,42.33,26.09,17.76,6.64
1992-04-16,0.0,41.77,25.12,10.78,5.07
1992-04-17,0.0,43.02,26.04,12.85,5.99
1992-04-18,0.0,42.75,24.15,43.56,9.78
1992-04-19,0.0,43.17,24.8,36.81,7.31
1992-04-20,0.0,42.74,24.26,45.14,10.08
1992-04-21,0.0,40.49,23.11,46.32,16.67
1992-04-22,0.0,37.66,21.53,52.62,24.09
1992-04-23,0.0,37.5,21.78,62.33,26.85
1992-04-24,0.0,37.6,22.26,67.48,27.84
1992-04-25,0.0,44.16,24.23,48.59,11.68
1992-04-26,0.0,45.25,27.29,22.81,12.02
1992-04-27,0.0,44.86,27.82,24.96,9.88
1992-04-28,0.0,43.38,26.15,29.3,12.63
1992-04-29,0.0,39.62,24.3,50.45,19.85
1992-04-30,0.0,39.0,23.19,58.15,22.65
1992-05-01,0.0,38.15,22.54,53.75,23.06
1992-05-02,0.01,38.49,23.54,53.24,25.43
1992-05-03,0.0,40.49,24.12,53.3,19.79
1992-05-04,0.0,40.37,24.6,48.95,12.86
1992-05-05,0.0,42.23,24.75,36.05,10.13
1992-05-06,0.0,40.51,26.0,33.55,13.11
1992-05-07,0.01,44.58,27.79,26.18,12.17
1992-05-08,0.0,45.13,30.11,25.33,10.65
1992-05-09,0.0,44.85,28.24,32.72,14.21
1992-05-10,0.0,44.09,27.25,26.32,12.36
1992-05-11,0.0,42.83,25.98,29.46,12.44
1992-05-12,0.0,41.35,24.36,57.29,16.23
1992-05-13,0.0,43.32,24.73,47.48,12.25
1992-05-14,0.0,41.77,26.03,42.13,14.22
1992-05-15,0.0,40.59,24.78,60.99,21.23
1992-05-16,0.0,38.8,24.08,74.98,29.72
1992-05-17,0.0,41.36,25.8,65.96,25.19
1992-05-18,2.16,40.28,25.98,63.46,29.33
1992-05-19,0.0,39.9,25.54,77.03,32.11
1992-05-20,0.0,37.18,24.93,67.68,32.68
1992-05-21,0.0,40.11,25.46,62.12,27.03
1992-05-22,0.0,40.9,24.47,60.55,22.96
1992-05-23,0.0,41.64,24.52,55.92,17.98
1992-05-24,0.03,43.22,26.27,41.38,16.57
1992-05-25,0.0,39.19,25.72,57.59,24.19
1992-05-26,0.0,39.69,25.23,64.01,27.36
1992-05-27,0.0,40.3,26.86,61.86,25.43
1992-05-28,0.0,40.92,24.66,56.98,16.96
1992-05-29,0.0,43.67,27.59,37.06,12.77
1992-05-30,0.3,42.97,29.84,48.21,17.23
1992-05-31,0.52,39.84,26.55,77.29,28.59
1992-06-01,0.0,41.36,25.65,54.43,16.19
1992-06-02,0.0,42.91,28.43,31.15,15.4
1992-06-03,0.01,42.66,28.06,41.73,18.82
1992-06-04,0.0,40.21,26.62,67.34,24.31
1992-06-05,0.0,42.71,27.01,49.61,12.05
1992-06-06,1.71,39.17,27.54,49.96,15.55
1992-06-07,9.0,40.57,28.57,66.08,30.8
1992-06-08,0.01,39.88,26.04,85.17,33.84
1992-06-09,1.81,39.04,25.83,73.41,39.61
1992-06-10,0.0,39.55,24.92,90.67,23.82
1992-06-11,0.0,43.24,25.87,55.94,12.91
1992-06-12,0.0,42.89,27.75,31.65,12.48
1992-06-13,0.0,39.49,25.72,61.85,18.34
1992-06-14,0.0,39.3,24.48,57.5,20.0
1992-06-15,0.0,39.05,24.5,64.64,21.14
1992-06-16,0.0,39.73,26.06,48.28,19.36
1992-06-17,0.0,41.19,26.94,44.03,20.11
1992-06-18,0.0,40.54,25.8,61.49,22.28
1992-06-19,0.0,40.08,26.36,64.59,24.18
1992-06-20,0.0,40.6,27.27,68.99,28.08
1992-06-21,0.0,39.26,26.52,70.95,27.18
1992-06-22,0.0,39.82,25.16,65.9,20.99
1992-06-23,0.0,42.13,26.1,51.1,16.75
1992-06-24,0.0,39.79,26.56,69.96,24.98
1992-06-25,0.0,40.03,26.39,73.09,26.66
1992-06-26,0.02,39.88,26.31,72.05,28.02
1992-06-27,0.06,39.44,25.78,76.32,28.95
1992-06-28,0.0,39.64,26.55,82.0,35.89
1992-06-29,0.02,39.05,25.29,94.96,31.99
1992-06-30,0.0,39.68,25.52,72.66,23.84
1992-07-01,0.0,38.97,24.87,62.84,24.29
1992-07-02,0.0,39.1,26.49,59.45,29.23
1992-07-03,0.0,38.05,25.05,75.33,25.08
1992-07-04,0.0,38.3,24.71,54.84,22.53
1992-07-05,0.0,38.72,25.12,53.5,24.09
1992-07-06,0.0,37.14,26.24,56.64,28.83
1992-07-07,0.0,37.52,24.89,64.02,28.75
1992-07-08,0.0,38.25,26.13,71.25,32.13
1992-07-09,12.48,35.65,23.94,91.34,45.12
1992-07-10,6.48,35.68,23.59,81.67,34.77
1992-07-11,0.05,36.71,25.14,64.03,36.64
1992-07-12,0.0,36.28,25.62,76.02,40.38
1992-07-13,0.0,36.96,24.74,75.47,30.14
1992-07-14,0.0,36.59,24.55,58.58,31.73
1992-07-15,22.27,36.48,25.11,61.27,37.98
1992-07-16,20.85,33.28,23.17,96.61,54.72
1992-07-17,0.0,36.28,23.78,89.94,37.51
1992-07-18,0.0,35.48,24.34,77.68,46.43
1992-07-19,0.0,36.55,24.93,82.78,36.66
1992-07-20,0.0,36.28,24.94,73.04,35.28
1992-07-21,4.22,37.34,24.79,65.79,34.49
1992-07-22,25.79,35.73,24.51,84.97,42.43
1992-07-23,0.47,34.07,23.13,94.12,44.77
1992-07-24,1.03,34.34,24.04,75.21,40.98
1992-07-25,0.04,35.36,24.53,85.52,43.2
1992-07-26,3.69,35.51,24.13,91.49,42.51
1992-07-27,0.17,36.0,24.28,86.51,38.06
1992-07-28,0.02,37.19,25.77,80.79,31.06
1992-07-29,0.0,37.07,24.94,70.77,33.59
1992-07-30,0.0,38.03,25.3,67.51,31.04
1992-07-31,0.0,37.75,25.26,68.21,29.26
1992-08-01,1.48,37.72,25.45,62.82,34.35
1992-08-02,12.67,34.76,25.35,85.24,47.16
1992-08-03,0.0,35.33,24.04,89.76,44.64
1992-08-04,0.0,35.94,25.43,78.6,41.41
1992-08-05,0.0,39.52,24.91,73.52,21.17
1992-08-06,0.0,36.51,25.19,64.95,35.52
1992-08-07,1.81,36.36,25.95,83.57,44.56
1992-08-08,0.01,37.44,24.94,87.58,36.03
1992-08-09,0.01,38.57,25.51,74.59,35.71
1992-08-10,0.0,34.82,24.12,95.82,61.15
1992-08-11,11.59,34.63,23.3,94.78,51.09
1992-08-12,0.0,33.69,24.46,82.95,53.58
1992-08-13,0.02,33.45,23.64,96.0,58.45
1992-08-14,0.0,33.78,23.63,92.0,47.22
1992-08-15,0.7,35.1,24.16,82.73,46.41
1992-08-16,4.9,35.71,25.06,78.65,41.71
1992-08-17,3.34,33.55,23.53,94.63,56.4
1992-08-18,10.0,34.6,23.76,91.29,50.5
1992-08-19,0.23,33.97,23.79,91.35,50.92
1992-08-20,0.02,36.21,23.86,86.98,42.75
1992-08-21,0.0,37.47,23.94,91.86,39.37
1992-08-22,0.0,36.42,25.1,70.99,38.81
1992-08-23,0.0,36.36,25.55,82.18,44.27
1992-08-24,3.83,37.01,25.21,76.57,37.16
1992-08-25,0.17,33.29,23.35,99.69,60.35
1992-08-26,2.57,31.75,22.12,99.99,64.2
1992-08-27,0.0,34.67,22.7,91.62,47.7
1992-08-28,8.7,34.71,24.04,86.44,51.09
1992-08-29,2.09,33.74,23.61,90.08,55.05
1992-08-30,16.09,32.45,23.43,99.57,59.56
1992-08-31,0.11,30.3,22.8,99.82,75.21
1992-09-01,21.73,31.38,22.33,99.93,69.79
1992-09-02,0.02,31.83,22.71,99.61,63.9
1992-09-03,2.32,35.47,23.33,88.17,44.81
1992-09-04,1.07,36.23,24.6,78.63,40.32
1992-09-05,0.62,33.88,23.79,86.32,49.92
1992-09-06,0.0,36.62,24.22,80.46,38.46
1992-09-07,3.68,36.84,25.34,75.85,34.42
1992-09-08,0.41,35.11,24.24,81.6,46.23
1992-09-09,0.0,34.02,22.27,94.65,50.2
1992-09-10,12.48,32.23,22.38,99.64,64.59
1992-09-11,1.36,34.15,22.0,97.62,40.99
1992-09-12,0.0,37.13,23.54,69.51,36.15
1992-09-13,0.0,34.95,25.29,76.92,46.55
1992-09-14,0.12,36.07,23.28,93.69,39.4
1992-09-15,0.0,36.92,23.6,66.38,27.2
1992-09-16,13.44,38.85,24.28,60.74,26.02
1992-09-17,28.84,37.32,25.22,70.85,37.02
1992-09-18,0.0,33.75,23.86,86.77,56.77
1992-09-19,0.0,35.45,23.24,91.49,46.21
1992-09-20,0.3,37.04,24.08,86.53,34.09
1992-09-21,0.17,37.83,24.07,79.72,34.67
1992-09-22,0.01,38.35,25.06,76.35,32.44
1992-09-23,0.52,39.48,24.82,76.22,21.73
1992-09-24,0.0,40.0,25.25,59.33,17.27
1992-09-25,0.0,38.78,25.15,67.9,24.21
1992-09-26,0.0,40.19,24.75,62.45,16.08
1992-09-27,0.0,39.29,25.05,58.57,24.49
1992-09-28,0.0,40.71,25.28,68.26,17.91
1992-09-29,0.7,41.22,25.31,56.23,15.49
1992-09-30,0.01,39.67,25.12,63.2,19.11
1992-10-01,6.49,39.11,23.83,84.62,31.54
1992-10-02,2.91,35.2,24.47,99.71,53.17
1992-10-03,0.0,32.74,22.06,99.56,62.13
1992-10-04,0.0,37.99,22.37,99.38,26.76
1992-10-05,0.0,38.69,23.05,75.01,23.19
1992-10-06,0.0,38.8,23.32,75.46,25.56
1992-10-07,0.0,39.92,24.13,76.26,23.11
1992-10-08,0.0,40.49,23.87,70.91,14.32
1992-10-09,0.0,41.5,23.71,39.52,14.35
1992-10-10,0.0,41.78,23.7,43.07,14.5
1992-10-11,0.0,42.01,24.11,39.44,13.49
1992-10-12,0.0,40.24,22.98,56.88,15.19
1992-10-13,0.0,41.12,23.57,59.33,13.55
1992-10-14,0.0,42.3,24.5,37.75,13.0
1992-10-15,0.0,42.0,24.54,46.06,13.56
1992-10-16,0.0,41.16,23.37,52.73,14.82
1992-10-17,0.0,41.92,23.73,42.49,14.05
1992-10-18,0.0,42.58,24.68,38.41,13.44
1992-10-19,0.0,42.08,24.81,47.46,12.94
1992-10-20,0.0,43.1,25.21,34.25,9.41
1992-10-21,0.0,43.63,24.79,28.61,9.48
1992-10-22,0.0,42.29,24.37,44.28,10.78
1992-10-23,0.0,40.39,24.13,36.39,12.66
1992-10-24,0.0,37.19,20.54,38.2,14.4
1992-10-25,0.0,38.84,20.72,31.9,12.96
1992-10-26,0.0,40.54,23.41,28.65,11.37
1992-10-27,0.0,40.32,25.39,51.42,14.86
1992-10-28,0.01,41.32,24.75,29.83,11.92
1992-10-29,0.0,40.73,24.62,29.64,11.75
1992-10-30,0.0,40.37,23.43,31.47,11.74
1992-10-31,0.0,39.16,22.56,40.28,14.55
1992-11-01,0.0,41.04,21.3,42.34,12.8
1992-11-02,0.02,41.28,22.03,42.3,10.01
1992-11-03,0.0,40.67,22.2,40.01,11.51
1992-11-04,0.0,40.86,21.19,28.41,10.37
1992-11-05,0.04,39.25,21.32,31.45,10.22
1992-11-06,0.0,37.52,19.11,19.97,7.99
1992-11-07,0.0,37.99,18.92,28.45,10.8
1992-11-08,0.0,37.02,18.42,26.76,9.75
1992-11-09,0.0,37.77,19.52,29.53,12.56
1992-11-10,0.01,39.25,20.46,50.98,16.89
1992-11-11,0.0,37.05,20.41,84.56,31.05
1992-11-12,0.0,38.43,21.73,86.33,16.56
1992-11-13,0.0,39.16,20.18,36.52,14.25
1992-11-14,0.0,38.23,21.58,43.65,12.63
1992-11-15,0.0,38.27,20.87,32.35,12.35
1992-11-16,0.0,38.08,19.18,28.28,11.38
1992-11-17,0.0,38.4,19.66,31.11,11.75
1992-11-18,0.0,38.32,19.66,38.47,13.47
1992-11-19,0.0,33.66,18.74,24.97,13.54
1992-11-20,0.0,35.08,16.83,38.05,13.33
1992-11-21,0.0,36.71,17.37,34.15,10.83
1992-11-22,0.0,38.36,19.42,27.2,9.93
1992-11-23,0.0,37.76,20.6,23.33,8.97
1992-11-24,0.0,37.04,19.65,25.25,9.63
1992-11-25,0.0,36.82,18.78,27.98,10.61
1992-11-26,0.0,37.36,18.74,33.19,12.29
1992-11-27,0.0,37.66,19.59,28.58,10.12
1992-11-28,0.0,36.68,19.2,25.23,9.41
1992-11-29,0.0,35.39,18.57,28.21,11.27
1992-11-30,0.0,35.39,17.42,31.66,10.96
1992-12-01,0.0,35.43,16.19,31.39,12.83
1992-12-02,0.0,36.56,17.08,28.28,11.56
1992-12-03,0.0,35.71,16.19,26.06,11.44
1992-12-04,0.0,36.03,16.24,27.25,11.55
1992-12-05,0.0,36.25,16.97,29.81,12.8
1992-12-06,0.0,36.02,16.31,31.58,12.23
1992-12-07,0.01,36.62,16.37,29.94,12.2
1992-12-08,0.0,36.09,16.75,28.47,11.6
1992-12-09,0.0,36.67,17.0,24.01,10.72
1992-12-10,0.0,37.36,17.31,20.44,9.29
1992-12-11,0.0,36.94,18.05,21.41,9.73
1992-12-12,0.0,34.43,18.82,33.87,15.45
1992-12-13,0.0,35.88,18.09,44.45,13.77
1992-12-14,0.0,37.5,19.95,29.96,10.53
1992-12-15,0.0,39.65,19.79,19.7,7.64
1992-12-16,0.0,39.83,19.66,26.02,9.23
1992-12-17,0.0,39.3,19.06,25.67,12.0
1992-12-18,0.0,38.62,18.77,30.44,12.17
1992-12-19,0.0,38.41,18.43,27.83,10.1
1992-12-20,0.0,38.85,18.61,24.64,9.79
1992-12-21,0.0,38.16,18.32,27.03,11.93
1992-12-22,0.0,37.78,18.1,31.91,10.32
1992-12-23,0.0,36.8,18.06,21.87,10.92
1992-12-24,0.0,33.95,17.16,43.81,17.69
1992-12-25,0.0,35.01,17.45,42.91,21.23
1992-12-26,0.0,36.96,18.2,39.9,16.52
1992-12-27,0.0,35.6,17.83,37.06,16.43
1992-12-28,0.01,35.51,18.06,34.51,15.74
1992-12-29,0.0,35.58,19.59,31.53,16.67
1992-12-30,0.0,35.7,18.93,38.97,22.51
1992-12-31,0.0,35.17,18.85,43.75,24.2
1993-01-01,0.0,37.24,20.68,48.77,20.93
1993-01-02,0.02,36.49,21.18,40.1,18.59
1993-01-03,0.0,36.25,19.65,42.5,22.79
1993-01-04,0.0,34.32,19.78,44.68,20.17
1993-01-05,0.0,34.29,20.34,35.84,15.55
1993-01-06,0.0,32.39,16.93,23.46,10.92
1993-01-07,0.0,28.55,14.43,20.61,9.26
1993-01-08,0.0,29.45,14.02,18.46,12.4
1993-01-09,0.0,29.31,16.25,26.52,14.04
1993-01-10,0.0,31.41,16.37,25.17,10.12
1993-01-11,0.0,33.96,17.65,20.09,10.58
1993-01-12,0.01,34.67,16.33,23.18,10.79
1993-01-13,0.01,34.78,16.36,24.63,12.44
1993-01-14,0.0,35.66,17.22,29.32,12.45
1993-01-15,0.0,36.12,17.61,25.69,11.47
1993-01-16,0.0,36.48,18.29,21.11,9.51
1993-01-17,0.0,37.24,18.21,24.33,9.42
1993-01-18,0.0,36.63,17.2,24.06,10.99
1993-01-19,0.0,37.54,17.55,25.14,11.57
1993-01-20,0.0,35.79,17.86,24.91,13.14
1993-01-21,0.0,36.62,17.93,31.05,14.76
1993-01-22,0.0,38.3,19.51,25.9,11.43
1993-01-23,0.0,38.98,19.72,23.46,8.79
1993-01-24,0.0,39.1,19.11,17.72,7.73
1993-01-25,0.0,39.52,19.6,18.5,8.5
1993-01-26,0.0,39.33,19.87,20.24,10.66
1993-01-27,0.0,35.18,18.73,24.74,13.59
1993-01-28,0.0,32.43,15.29,25.25,13.21
1993-01-29,0.0,32.31,13.6,26.6,10.67
1993-01-30,0.0,33.6,14.38,22.02,9.88
1993-01-31,0.0,34.16,15.04,22.81,8.58
1993-02-01,0.0,34.57,16.98,20.06,9.41
1993-02-02,0.0,29.71,16.8,98.23,15.99
1993-02-03,0.0,31.56,14.1,98.18,32.91
1993-02-04,0.0,32.36,15.82,50.77,24.36
1993-02-05,0.0,34.85,17.02,41.01,21.96
1993-02-06,0.0,33.81,17.45,38.4,20.76
1993-02-07,0.05,33.37,18.78,34.97,20.8
1993-02-08,0.0,35.62,20.32,30.46,15.49
1993-02-09,0.0,40.65,22.37,23.43,5.57
1993-02-10,0.0,40.42,22.28,8.68,4.37
1993-02-11,0.0,40.44,22.34,12.42,6.63
1993-02-12,0.03,39.92,22.68,16.58,9.56
1993-02-13,0.0,39.91,22.12,22.67,11.78
1993-02-14,0.0,38.09,20.3,23.74,11.1
1993-02-15,0.0,37.36,18.61,22.04,10.92
1993-02-16,0.0,37.19,18.45,24.35,11.1
1993-02-17,0.0,38.57,19.28,23.8,10.26
1993-02-18,0.0,39.94,21.29,21.6,9.7
1993-02-19,0.0,38.85,19.9,39.61,12.47
1993-02-20,0.0,39.34,20.05,44.63,13.93
1993-02-21,0.0,37.52,20.85,55.77,21.4
1993-02-22,0.0,32.39,18.36,74.51,28.58
1993-02-23,0.0,31.71,15.28,85.8,27.07
1993-02-24,0.0,34.5,15.48,51.33,18.59
1993-02-25,0.0,38.11,18.13,30.95,15.63
1993-02-26,0.0,39.05,20.48,26.23,14.22
1993-02-27,0.0,38.72,20.2,24.35,11.3
1993-02-28,0.0,37.62,19.37,30.25,14.41
1993-03-01,0.0,36.05,18.45,41.85,17.02
1993-03-02,0.0,38.69,19.62,34.13,15.21
1993-03-03,0.0,35.84,20.63,42.7,20.5
1993-03-04,0.0,33.88,19.4,70.83,26.05
1993-03-05,0.0,38.18,20.39,38.2,19.05
1993-03-06,0.0,39.04,22.1,43.2,17.04
1993-03-07,0.0,39.33,21.99,39.92,17.58
1993-03-08,0.0,37.8,20.98,44.96,19.08
1993-03-09,0.0,39.64,20.54,34.08,14.9
1993-03-10,0.0,38.13,20.51,30.44,12.46
1993-03-11,0.0,38.19,19.82,25.4,12.4
1993-03-12,0.0,39.67,20.19,28.55,12.15
1993-03-13,0.0,40.71,21.2,27.0,9.19
1993-03-14,0.01,40.26,21.59,18.31,7.85
1993-03-15,0.0,41.38,22.15,16.56,7.38
1993-03-16,0.0,36.19,20.67,54.72,14.58
1993-03-17,0.0,40.1,21.89,35.1,15.39
1993-03-18,0.0,37.42,20.55,65.98,29.15
1993-03-19,0.0,42.26,22.75,53.16,7.13
1993-03-20,0.01,44.02,25.23,14.24,7.15
1993-03-21,0.01,41.76,23.88,13.47,6.89
1993-03-22,0.0,41.55,22.83,17.05,5.71
1993-03-23,0.0,41.53,21.84,13.73,6.61
1993-03-24,0.0,42.59,23.17,16.56,7.13
1993-03-25,0.0,43.18,24.28,17.07,7.92
1993-03-26,0.0,42.8,23.11,41.51,9.11
1993-03-27,0.0,42.87,23.05,36.05,8.41
1993-03-28,0.0,42.69,23.19,25.13,9.61
1993-03-29,0.0,41.01,22.41,32.24,12.1
1993-03-30,0.0,39.08,21.05,39.81,12.33
1993-03-31,0.0,40.86,21.39,25.01,10.04
1993-04-01,0.0,42.15,22.29,23.32,8.46
1993-04-02,0.0,41.44,22.15,33.85,7.18
1993-04-03,0.0,41.12,23.98,23.94,7.33
1993-04-04,0.0,40.23,23.19,43.63,9.07
1993-04-05,0.0,40.91,24.93,45.93,14.47
1993-04-06,0.0,44.14,24.18,39.29,10.23
1993-04-07,0.0,43.93,25.02,35.87,9.61
1993-04-08,0.0,44.62,26.43,22.45,8.03
1993-04-09,0.0,44.91,26.92,19.92,5.94
1993-04-10,0.0,44.27,26.37,13.76,5.65
1993-04-11,0.0,43.37,23.96,27.76,6.6
1993-04-12,0.0,42.91,24.32,24.45,8.41
1993-04-13,0.0,38.72,22.96,40.54,15.22
1993-04-14,0.0,37.25,20.61,51.92,20.6
1993-04-15,0.02,42.16,23.94,51.83,16.02
1993-04-16,0.0,44.43,26.32,40.21,11.92
1993-04-17,0.0,42.49,25.66,40.09,16.59
1993-04-18,0.0,42.71,26.18,32.43,15.01
1993-04-19,0.0,42.7,23.8,26.71,9.19
1993-04-20,0.0,41.23,23.59,31.51,14.34
1993-04-21,0.0,38.64,22.5,55.75,22.68
1993-04-22,0.0,36.55,20.81,60.36,23.76
1993-04-23,0.0,36.31,20.46,63.54,25.98
1993-04-24,0.0,39.99,21.16,59.08,18.97
1993-04-25,0.0,42.9,24.54,37.09,12.81
1993-04-26,0.0,42.37,24.44,26.16,12.28
1993-04-27,0.0,43.1,23.8,37.79,11.22
1993-04-28,0.0,42.59,24.29,37.39,16.77
1993-04-29,0.0,41.74,23.72,51.33,18.72
1993-04-30,0.0,44.38,26.02,44.11,18.15
1993-05-01,0.0,43.99,28.18,39.72,15.78
1993-05-02,0.0,42.57,28.77,35.73,18.06
1993-05-03,0.0,41.22,25.95,49.57,23.61
1993-05-04,0.0,38.8,24.78,60.68,27.9
1993-05-05,0.0,39.81,23.5,38.2,15.62
1993-05-06,0.0,43.42,25.38,28.76,12.17
1993-05-07,0.0,44.71,27.08,20.34,10.09
1993-05-08,0.0,43.29,27.39,20.52,10.43
1993-05-09,0.0,40.63,23.87,54.27,19.02
1993-05-10,0.0,43.44,24.5,43.34,13.73
1993-05-11,0.0,43.25,24.9,47.23,15.2
1993-05-12,0.0,44.75,26.2,43.22,13.4
1993-05-13,0.0,43.94,26.49,50.49,16.63
1993-05-14,0.0,41.91,25.56,55.06,19.72
1993-05-15,0.05,40.84,24.92,67.67,25.31
1993-05-16,0.0,42.75,26.19,48.44,16.58
1993-05-17,0.0,44.89,26.7,46.65,14.7
1993-05-18,0.0,41.22,25.57,64.88,23.55
1993-05-19,0.0,41.35,25.05,67.42,24.7
1993-05-20,0.0,41.13,24.87,72.43,24.84
1993-05-21,0.0,44.62,25.71,53.38,12.53
1993-05-22,0.0,45.47,28.04,32.72,15.28
1993-05-23,0.0,43.64,26.62,43.4,14.51
1993-05-24,0.0,40.85,24.91,50.54,18.31
1993-05-25,0.19,40.43,23.86,61.66,19.17
1993-05-26,0.0,40.21,23.91,56.98,18.99
1993-05-27,0.0,43.69,25.51,42.52,13.62
1993-05-28,0.11,45.04,27.95,30.42,13.23
1993-05-29,0.0,44.76,27.12,34.92,12.9
1993-05-30,0.0,44.58,27.31,33.91,12.15
1993-05-31,0.0,44.44,26.46,25.54,9.6
1993-06-01,0.0,41.72,26.0,37.1,11.5
1993-06-02,0.0,41.4,25.28,41.99,15.05
1993-06-03,0.0,41.24,25.19,44.46,14.72
1993-06-04,0.0,37.9,26.13,53.41,21.22
1993-06-05,0.0,39.57,25.35,60.45,24.59
1993-06-06,0.3,38.69,25.71,60.53,28.15
1993-06-07,0.0,38.86,25.66,61.37,25.28
1993-06-08,0.0,37.69,25.65,53.84,22.51
1993-06-09,0.0,40.39,25.0,50.4,20.28
1993-06-10,0.0,40.24,25.94,62.16,22.19
1993-06-11,0.0,43.91,26.34,54.24,13.77
1993-06-12,0.0,41.51,27.83,57.89,17.97
1993-06-13,0.0,40.81,26.39,64.6,19.45
1993-06-14,0.0,40.85,25.48,50.54,16.06
1993-06-15,0.0,41.04,23.47,61.35,18.41
1993-06-16,0.0,40.12,25.5,60.53,25.03
1993-06-17,0.0,40.57,26.89,65.87,22.82
1993-06-18,0.0,40.17,25.68,66.45,28.16
1993-06-19,0.0,38.52,26.54,63.74,35.61
1993-06-20,0.0,40.14,26.33,70.86,24.71
1993-06-21,0.0,39.53,24.37,62.39,23.22
1993-06-22,0.0,39.24,24.59,65.74,26.38
1993-06-23,0.0,39.64,25.57,75.72,29.8
1993-06-24,1.57,40.46,26.62,71.99,27.08
1993-06-25,0.47,39.36,25.36,67.2,22.98
1993-06-26,0.89,41.68,26.35,54.12,20.88
1993-06-27,0.37,40.32,26.85,68.74,27.83
1993-06-28,3.16,39.3,26.67,80.24,36.55
1993-06-29,0.52,36.61,23.96,98.83,51.59
1993-06-30,0.06,37.68,24.61,99.11,38.61
1993-07-01,0.0,39.53,25.02,57.61,20.46
1993-07-02,0.0,38.83,25.77,57.73,25.67
1993-07-03,0.0,38.23,25.74,69.71,29.51
1993-07-04,0.0,38.65,24.7,54.87,19.89
1993-07-05,0.0,40.95,26.39,47.54,19.64
1993-07-06,0.0,40.84,28.13,53.01,20.31
1993-07-07,0.08,38.92,26.76,66.4,29.38
1993-07-08,0.36,38.94,25.49,76.92,34.66
1993-07-09,0.0,35.68,24.37,98.19,49.96
1993-07-10,0.01,38.05,23.92,82.18,24.71
1993-07-11,0.05,37.8,23.99,64.03,27.64
1993-07-12,0.0,38.4,25.75,66.87,31.66
1993-07-13,0.0,39.06,26.29,72.44,30.96
1993-07-14,0.0,38.8,26.09,61.9,25.33
1993-07-15,0.0,37.72,24.24,67.54,28.53
1993-07-16,6.87,37.94,24.82,67.39,34.37
1993-07-17,14.47,34.92,25.23,98.18,47.23
1993-07-18,0.0,32.91,23.28,99.61,55.12
1993-07-19,0.0,32.77,22.71,89.24,51.02
1993-07-20,0.04,34.6,24.91,77.02,46.44
1993-07-21,1.59,35.45,24.96,79.1,42.93
1993-07-22,4.6,36.93,25.12,76.7,33.97
1993-07-23,13.1,35.94,25.76,71.47,43.69
1993-07-24,15.43,34.28,24.58,94.55,55.38
1993-07-25,1.07,31.92,23.29,98.44,62.7
1993-07-26,0.43,32.62,23.17,91.57,49.93
1993-07-27,2.74,34.39,23.1,79.28,44.73
1993-07-28,0.0,36.19,25.46,74.51,46.69
1993-07-29,11.1,35.85,24.05,88.13,44.07
1993-07-30,0.15,37.55,24.96,86.08,36.25
1993-07-31,1.06,37.34,26.42,78.73,39.3
1993-08-01,0.0,37.98,25.86,73.96,31.26
1993-08-02,0.0,37.09,24.89,64.73,34.43
1993-08-03,0.0,38.06,24.97,74.86,31.92
1993-08-04,3.89,39.14,26.08,76.8,34.22
1993-08-05,0.0,35.78,25.62,93.51,49.38
1993-08-06,0.0,31.85,23.29,99.01,64.9
1993-08-07,0.38,36.21,24.06,93.38,48.95
1993-08-08,0.53,37.34,25.85,86.16,43.71
1993-08-09,1.59,35.7,26.92,80.89,50.98
1993-08-10,23.77,33.64,24.71,96.79,58.42
1993-08-11,8.4,31.12,23.57,99.72,71.75
1993-08-12,2.2,29.32,23.14,99.62,76.75
1993-08-13,0.0,31.67,22.68,99.44,60.68
1993-08-14,0.0,33.7,21.95,89.27,48.29
1993-08-15,25.95,34.04,23.43,80.93,49.24
1993-08-16,15.99,31.73,23.83,96.33,57.93
1993-08-17,0.17,32.48,22.64,96.48,58.22
1993-08-18,0.0,35.45,23.81,91.43,47.58
1993-08-19,0.0,35.63,24.63,75.76,43.5
1993-08-20,0.0,33.36,25.7,90.55,58.91
1993-08-21,0.28,33.84,23.92,96.81,55.44
1993-08-22,0.0,33.2,23.89,96.86,60.41
1993-08-23,0.94,32.78,24.02,99.07,61.25
1993-08-24,0.0,34.31,23.4,94.88,49.77
1993-08-25,0.01,31.88,24.59,88.52,60.6
1993-08-26,5.76,31.17,23.02,96.19,65.2
1993-08-27,0.8,31.73,23.1,99.78,63.69
1993-08-28,17.23,29.94,23.07,99.9,77.04
1993-08-29,0.0,29.57,23.29,99.81,76.9
1993-08-30,0.0,32.4,22.99,99.87,59.13
1993-08-31,9.27,33.96,23.11,94.88,52.38
1993-09-01,0.0,31.69,23.55,95.28,69.63
1993-09-02,8.06,32.14,23.03,97.88,62.52
1993-09-03,12.17,34.12,22.65,95.57,53.36
1993-09-04,0.0,32.67,22.93,93.05,55.18
1993-09-05,2.73,36.82,22.67,89.59,39.03
1993-09-06,0.1,37.6,24.66,75.98,36.08
1993-09-07,1.77,37.03,25.48,70.92,42.31
1993-09-08,0.33,36.24,23.79,89.77,42.3
1993-09-09,0.35,35.45,24.61,86.71,45.41
1993-09-10,0.17,35.32,23.46,93.26,45.78
1993-09-11,0.0,37.44,23.89,79.99,35.77
1993-09-12,0.03,38.13,24.72,79.91,35.44
1993-09-13,0.0,38.32,25.13,77.49,35.03
1993-09-14,0.0,37.62,24.69,77.42,35.35
1993-09-15,2.15,37.31,24.8,78.58,33.46
1993-09-16,0.07,38.05,24.78,75.01,25.61
1993-09-17,0.0,40.5,25.16,65.14,19.87
1993-09-18,0.0,40.82,26.29,51.39,26.48
1993-09-19,0.0,38.67,26.35,77.64,35.51
1993-09-20,0.0,39.82,25.72,72.81,27.52
1993-09-21,2.24,38.74,26.12,73.54,35.25
1993-09-22,18.22,35.33,23.83,99.36,51.05
1993-09-23,0.03,30.96,21.59,99.84,65.1
1993-09-24,0.45,34.7,22.06,99.23,42.44
1993-09-25,0.1,39.07,23.86,70.91,21.82
1993-09-26,0.0,36.13,25.29,66.43,34.32
1993-09-27,1.65,34.39,24.49,85.94,52.59
1993-09-28,0.0,38.09,24.69,77.63,22.48
1993-09-29,0.0,39.15,24.67,37.82,20.51
1993-09-30,0.0,39.72,24.87,48.87,15.89
1993-10-01,0.0,42.41,23.93,37.46,11.88
1993-10-02,0.0,41.65,24.94,49.28,22.87
1993-10-03,0.6,41.0,25.17,83.73,24.45
1993-10-04,0.0,41.2,24.03,70.84,18.37
1993-10-05,0.0,42.69,24.0,58.04,11.87
1993-10-06,0.0,41.23,24.8,62.86,21.2
1993-10-07,0.07,41.49,25.62,78.39,20.04
1993-10-08,0.0,41.56,24.79,77.82,11.02
1993-10-09,0.0,43.62,23.51,38.84,9.13
1993-10-10,0.0,44.05,26.03,28.57,9.19
1993-10-11,0.33,42.94,25.4,38.2,16.6
1993-10-12,0.0,41.44,25.09,62.93,22.85
1993-10-13,0.0,38.59,25.18,60.03,19.38
1993-10-14,0.0,40.25,23.77,60.09,19.78
1993-10-15,0.0,39.79,24.2,67.65,20.33
1993-10-16,0.0,40.84,24.38,70.32,21.85
1993-10-17,0.0,41.86,24.98,51.43,10.45
1993-10-18,0.0,42.69,24.07,36.42,9.54
1993-10-19,0.0,39.41,23.7,82.97,23.78
1993-10-20,0.0,41.36,24.11,72.41,9.81
1993-10-21,0.0,41.94,24.12,24.94,9.75
1993-10-22,0.0,41.62,23.32,29.11,9.92
1993-10-23,0.0,38.63,21.69,42.38,13.71
1993-10-24,0.14,38.74,21.23,49.76,15.83
1993-10-25,0.0,39.54,22.16,37.83,12.41
1993-10-26,0.0,38.47,22.4,40.74,14.22
1993-10-27,0.0,37.32,21.86,54.25,17.77
1993-10-28,0.0,37.81,23.14,63.75,24.55
1993-10-29,0.0,35.6,22.58,71.44,30.89
1993-10-30,0.01,36.03,21.42,75.78,30.68
1993-10-31,0.0,35.69,22.29,75.03,28.18
1993-11-01,0.03,38.07,19.82,68.17,22.6
1993-11-02,0.0,40.63,21.86,55.18,18.45
1993-11-03,0.0,41.96,22.54,46.59,15.32
1993-11-04,0.0,41.69,22.58,49.7,16.52
1993-11-05,0.01,42.5,22.24,45.4,12.27
1993-11-06,0.05,41.46,21.32,50.75,14.13
1993-11-07,0.0,40.93,22.08,43.65,16.24
1993-11-08,0.02,39.61,22.2,46.74,18.74
1993-11-09,0.0,39.05,20.4,45.48,17.42
1993-11-10,0.0,39.22,20.33,45.57,16.98
1993-11-11,0.0,36.38,19.46,42.57,17.62
1993-11-12,0.0,33.95,17.33,44.26,16.0
1993-11-13,0.0,33.59,15.25,51.88,19.2
1993-11-14,0.0,35.39,16.05,65.84,19.52
1993-11-15,0.0,36.99,17.64,57.89,16.53
1993-11-16,0.0,39.25,19.31,41.21,12.18
1993-11-17,0.0,40.08,20.35,30.3,10.28
1993-11-18,0.0,38.77,20.89,28.46,11.56
1993-11-19,0.0,37.78,19.49,33.45,12.15
1993-11-20,0.0,38.09,18.65,33.69,10.79
1993-11-21,0.0,39.33,20.63,34.04,12.88
1993-11-22,0.0,38.83,20.79,32.82,13.41
1993-11-23,0.0,35.67,19.21,48.76,21.03
1993-11-24,0.0,32.11,17.05,81.13,28.75
1993-11-25,0.0,33.17,16.89,60.66,22.04
1993-11-26,0.0,35.83,17.83,46.48,18.15
1993-11-27,0.0,35.9,18.57,43.12,17.72
1993-11-28,0.0,34.91,18.09,34.78,13.1
1993-11-29,0.0,32.06,16.47,28.25,11.14
1993-11-30,0.0,32.58,14.62,29.64,10.35
1993-12-01,0.0,32.72,14.17,32.96,16.52
1993-12-02,0.0,33.44,14.66,34.7,14.57
1993-12-03,0.0,35.35,14.83,33.26,16.53
1993-12-04,0.0,32.45,16.49,37.73,18.34
1993-12-05,0.0,31.74,16.03,27.29,10.04
1993-12-06,0.0,34.48,18.56,18.59,9.76
1993-12-07,0.0,31.46,15.73,27.89,15.29
1993-12-08,0.0,35.02,16.4,32.15,12.39
1993-12-09,0.0,38.85,18.53,24.99,11.57
1993-12-10,0.0,36.95,18.79,33.35,14.25
1993-12-11,0.0,38.09,18.59,39.0,14.57
1993-12-12,0.0,39.79,19.47,29.65,11.39
1993-12-13,0.0,38.81,18.88,29.26,13.3
1993-12-14,0.0,37.68,18.65,30.68,13.74
1993-12-15,0.0,37.5,18.0,31.31,13.58
1993-12-16,0.0,33.33,16.55,45.9,21.59
1993-12-17,0.0,31.56,15.54,43.35,20.75
1993-12-18,0.0,34.43,18.39,32.23,15.52
1993-12-19,0.0,32.27,16.04,32.57,13.31
1993-12-20,0.0,32.26,15.65,29.73,14.92
1993-12-21,0.01,35.0,17.25,29.05,12.48
1993-12-22,0.0,36.26,19.67,22.24,13.65
1993-12-23,0.0,36.63,18.81,39.77,14.71
1993-12-24,0.0,37.92,18.17,38.32,16.16
1993-12-25,0.0,36.83,19.2,38.17,15.56
1993-12-26,0.0,35.88,17.74,33.42,14.77
1993-12-27,0.0,33.83,16.19,30.27,14.57
1993-12-28,0.0,34.2,16.22,29.39,11.99
1993-12-29,0.0,32.82,15.33,26.21,12.55
1993-12-30,0.0,30.77,14.92,32.78,15.4
1993-12-31,0.0,29.92,13.39,33.25,13.95
1994-01-01,0.0,31.42,14.05,29.56,12.21
1994-01-02,0.0,31.34,16.11,26.22,14.5
1994-01-03,0.0,32.28,14.79,26.31,12.01
1994-01-04,0.0,32.69,14.09,25.91,11.81
1994-01-05,0.0,32.8,14.26,23.7,10.77
1994-01-06,0.0,31.73,13.97,23.6,9.92
1994-01-07,0.0,31.55,13.19,27.49,9.44
1994-01-08,0.0,30.15,13.62,35.52,14.82
1994-01-09,0.0,34.31,16.16,38.77,20.11
1994-01-10,0.0,33.35,15.81,54.77,14.87
1994-01-11,0.0,29.49,14.1,24.55,13.35
1994-01-12,0.0,33.32,13.99,24.07,10.97
1994-01-13,0.0,34.14,16.15,21.12,9.6
1994-01-14,0.0,36.0,16.84,20.81,8.26
1994-01-15,0.0,32.96,15.51,20.45,9.79
1994-01-16,0.0,33.83,15.07,20.31,9.59
1994-01-17,0.0,30.95,13.72,25.91,10.14
1994-01-18,0.0,28.62,12.56,67.36,30.6
1994-01-19,0.0,26.53,12.4,52.01,26.23
1994-01-20,0.0,26.74,10.88,56.52,22.53
1994-01-21,0.0,28.73,11.74,45.18,18.75
1994-01-22,0.0,29.76,12.81,52.44,20.3
1994-01-23,0.0,30.48,13.52,40.18,19.55
1994-01-24,0.0,31.93,13.83,35.06,17.3
1994-01-25,0.0,29.25,14.95,34.13,16.58
1994-01-26,0.0,30.28,13.84,31.13,15.18
1994-01-27,0.0,32.04,14.43,31.96,16.12
1994-01-28,0.0,32.79,16.51,35.55,17.41
1994-01-29,0.0,34.67,16.66,32.58,14.01
1994-01-30,0.0,36.15,18.67,29.17,10.37
1994-01-31,0.0,34.36,17.1,14.67,5.23
1994-02-01,0.0,33.19,16.01,13.46,8.31
1994-02-02,0.0,34.82,17.09,18.4,8.1
1994-02-03,0.0,34.05,17.21,14.44,6.59
1994-02-04,0.0,33.56,15.63,19.08,9.39
1994-02-05,0.0,34.27,15.71,21.79,9.74
1994-02-06,0.0,32.95,15.22,49.55,19.54
1994-02-07,0.0,35.59,15.75,39.14,12.56
1994-02-08,0.0,33.46,16.34,21.63,6.54
1994-02-09,0.0,35.11,17.09,10.73,5.91
1994-02-10,0.0,36.02,17.63,10.89,5.6
1994-02-11,0.0,35.1,17.73,21.36,7.69
1994-02-12,0.0,34.72,18.28,15.46,7.91
1994-02-13,0.0,36.75,18.38,13.89,6.82
1994-02-14,0.0,38.77,18.61,14.41,7.43
1994-02-15,0.0,39.49,21.25,13.37,7.09
1994-02-16,0.0,37.57,19.86,12.62,5.15
1994-02-17,0.0,34.81,18.52,22.65,6.79
1994-02-18,0.0,34.2,16.97,39.86,15.18
1994-02-19,0.0,34.51,17.2,29.87,11.25
1994-02-20,0.0,35.35,18.36,21.96,11.22
1994-02-21,0.0,39.57,18.3,20.16,7.97
1994-02-22,0.0,39.73,19.87,16.08,6.97
1994-02-23,0.0,39.75,19.96,13.07,6.89
1994-02-24,0.0,40.08,19.89,14.78,6.67
1994-02-25,0.0,39.43,19.82,13.72,5.48
1994-02-26,0.0,39.08,20.94,17.09,8.19
1994-02-27,0.0,36.27,19.11,30.34,12.68
1994-02-28,0.0,37.29,18.71,27.4,10.26
1994-03-01,0.0,36.45,20.35,34.46,15.29
1994-03-02,0.0,33.36,18.43,37.13,15.06
1994-03-03,0.0,36.73,17.49,35.05,11.21
1994-03-04,0.0,36.74,18.79,22.45,9.37
1994-03-05,0.0,37.4,19.13,21.44,9.76
1994-03-06,0.0,37.19,20.01,23.19,10.69
1994-03-07,0.0,36.86,20.07,29.51,13.2
1994-03-08,0.0,34.61,21.54,40.5,18.76
1994-03-09,0.0,35.42,19.34,80.96,34.63
1994-03-10,0.0,37.82,20.81,68.48,27.97
1994-03-11,0.0,39.91,23.43,34.73,18.06
1994-03-12,0.0,41.0,24.0,26.19,13.72
1994-03-13,0.0,38.94,22.46,25.41,13.99
1994-03-14,0.0,33.77,18.54,39.99,17.69
1994-03-15,0.0,35.78,17.31,45.78,14.77
1994-03-16,0.0,38.81,19.57,22.69,8.93
1994-03-17,0.0,40.13,21.42,16.25,8.34
1994-03-18,0.0,41.11,23.51,17.34,7.95
1994-03-19,0.0,41.03,24.39,20.45,9.37
1994-03-20,0.0,40.69,23.86,21.41,11.15
1994-03-21,0.0,39.72,22.45,21.55,11.29
1994-03-22,0.0,39.7,21.37,21.34,7.0
1994-03-23,0.0,41.08,21.19,15.82,6.66
1994-03-24,0.0,41.6,23.18,15.09,6.61
1994-03-25,0.0,41.88,24.74,17.0,8.09
1994-03-26,0.0,39.37,25.12,23.12,12.69
1994-03-27,0.0,40.08,25.74,30.29,18.85
1994-03-28,0.0,42.86,25.18,24.46,12.08
1994-03-29,0.0,43.39,24.45,19.73,8.73
1994-03-30,0.0,42.29,23.74,33.28,10.39
1994-03-31,0.0,43.76,25.46,17.77,7.38
1994-04-01,0.0,43.75,24.9,29.42,8.02
1994-04-02,0.0,41.55,25.77,16.67,5.72
1994-04-03,0.0,41.08,23.15,15.99,6.97
1994-04-04,0.0,41.12,24.05,23.76,11.8
1994-04-05,0.0,38.96,22.86,16.75,6.24
1994-04-06,0.0,38.93,20.66,17.45,8.99
1994-04-07,0.0,40.95,21.74,21.3,7.99
1994-04-08,0.0,42.71,23.08,16.07,7.03
1994-04-09,0.0,42.29,23.47,21.02,6.8
1994-04-10,0.0,42.65,23.6,20.79,6.23
1994-04-11,0.0,41.21,23.64,29.15,9.07
1994-04-12,0.0,39.09,22.37,41.64,16.78
1994-04-13,0.0,36.89,20.15,63.68,24.62
1994-04-14,0.0,35.93,19.74,60.49,23.42
1994-04-15,0.0,37.03,19.99,49.58,18.28
1994-04-16,0.0,38.95,21.96,47.43,17.3
1994-04-17,0.0,37.86,21.46,52.03,17.75
1994-04-18,0.0,38.53,21.8,47.99,22.45
1994-04-19,0.0,37.48,22.18,65.02,24.67
1994-04-20,0.0,35.7,20.73,74.39,29.7
1994-04-21,0.0,40.51,21.4,65.03,18.58
1994-04-22,0.0,44.27,25.27,29.3,12.49
1994-04-23,0.0,43.56,25.12,34.97,10.16
1994-04-24,0.0,44.64,26.17,30.87,9.58
1994-04-25,0.0,42.57,27.81,28.1,13.52
1994-04-26,0.0,44.22,26.77,31.41,10.71
1994-04-27,0.0,42.77,25.4,50.15,17.48
1994-04-28,0.0,40.45,23.84,49.46,18.86
1994-04-29,0.0,39.34,22.47,52.98,23.88
1994-04-30,0.0,38.63,22.31,65.59,23.51
1994-05-01,0.0,42.19,23.56,50.33,9.25
1994-05-02,0.0,42.47,25.07,23.91,7.63
1994-05-03,0.0,42.32,25.4,16.52,7.62
1994-05-04,0.0,41.84,25.01,15.79,7.23
1994-05-05,0.0,41.96,24.23,15.82,6.02
1994-05-06,0.0,41.33,23.29,39.92,7.94
1994-05-07,0.0,40.41,22.93,47.83,9.17
1994-05-08,0.0,38.82,22.81,58.86,20.7
1994-05-09,0.0,42.66,24.0,46.45,12.21
1994-05-10,0.0,43.3,26.27,27.65,11.87
1994-05-11,0.0,41.23,24.77,38.56,13.62
1994-05-12,0.0,37.28,22.66,59.05,21.51
1994-05-13,0.0,37.98,22.91,60.23,25.18
1994-05-14,0.0,38.82,23.82,52.33,24.01
1994-05-15,0.0,39.42,24.07,50.98,19.01
1994-05-16,0.0,42.96,24.76,47.31,11.4
1994-05-17,0.0,45.19,27.52,27.44,11.28
1994-05-18,0.0,44.81,28.8,24.33,12.25
1994-05-19,0.0,44.78,27.46,36.47,9.91
1994-05-20,0.0,45.02,27.44,14.26,7.08
1994-05-21,0.0,40.38,25.38,59.04,10.54
1994-05-22,0.0,44.28,25.55,35.38,10.57
1994-05-23,0.0,44.58,26.74,37.03,11.91
1994-05-24,0.0,42.27,26.66,51.94,16.4
1994-05-25,0.0,40.05,25.09,55.32,23.4
1994-05-26,0.0,40.88,24.08,56.42,23.07
1994-05-27,0.0,40.3,25.41,69.05,28.76
1994-05-28,0.0,38.96,24.41,74.51,31.14
1994-05-29,0.01,40.06,24.34,71.19,29.71
1994-05-30,0.0,38.66,25.35,72.42,30.23
1994-05-31,0.0,41.45,25.65,61.78,21.34
1994-06-01,0.0,41.92,25.53,49.47,18.69
1994-06-02,0.0,41.17,27.27,51.46,20.24
1994-06-03,0.0,39.78,25.84,64.79,24.16
1994-06-04,0.26,39.29,25.71,65.88,29.13
1994-06-05,0.0,38.36,25.5,63.02,30.25
1994-06-06,0.0,38.47,25.16,70.46,27.9
1994-06-07,0.0,38.18,24.21,64.44,24.93
1994-06-08,0.0,38.24,23.39,61.48,25.49
1994-06-09,0.0,37.61,22.82,65.64,26.66
1994-06-10,0.0,38.41,23.18,68.89,24.11
1994-06-11,0.15,39.82,25.42,59.36,25.94
1994-06-12,0.0,39.56,26.05,63.12,26.5
1994-06-13,0.0,39.82,25.41,71.46,30.31
1994-06-14,0.0,41.67,26.0,65.35,22.12
1994-06-15,0.0,42.13,27.26,48.72,14.1
1994-06-16,0.0,39.3,25.84,75.41,26.18
1994-06-17,0.0,38.73,26.34,78.79,33.56
1994-06-18,0.0,39.95,25.36,72.22,23.3
1994-06-19,1.59,40.39,26.12,62.79,26.44
1994-06-20,7.5,40.94,28.58,70.24,32.54
1994-06-21,0.03,40.31,26.14,80.24,17.18
1994-06-22,0.0,40.22,24.73,58.64,18.94
1994-06-23,0.04,38.58,25.07,76.67,30.68
1994-06-24,0.0,35.75,25.58,74.6,41.2
1994-06-25,0.0,39.09,24.67,86.91,31.48
1994-06-26,0.0,39.91,26.34,67.71,26.56
1994-06-27,0.0,39.92,25.79,57.44,22.71
1994-06-28,0.0,38.34,24.97,62.47,27.32
1994-06-29,0.0,39.22,26.04,64.26,28.5
1994-06-30,0.0,39.44,25.96,67.64,28.73
1994-07-01,0.0,37.67,24.21,68.28,27.36
1994-07-02,0.0,37.41,24.57,68.64,28.63
1994-07-03,0.0,37.33,24.55,60.66,29.0
1994-07-04,6.3,37.43,24.46,62.13,29.57
1994-07-05,0.0,37.93,25.67,55.19,25.32
1994-07-06,0.92,38.73,25.61,56.03,20.57
1994-07-07,0.0,38.03,24.94,51.12,26.98
1994-07-08,0.0,37.27,25.01,70.57,30.23
1994-07-09,0.07,37.37,25.75,77.17,34.43
1994-07-10,7.09,36.8,24.7,74.78,35.43
1994-07-11,7.32,34.02,24.69,74.95,42.6
1994-07-12,0.03,36.72,24.72,82.03,34.65
1994-07-13,0.0,37.89,25.83,65.42,25.41
1994-07-14,0.0,37.41,24.14,63.7,27.07
1994-07-15,0.0,37.82,25.91,64.53,33.31
1994-07-16,0.0,38.11,25.73,71.44,31.76
1994-07-17,0.0,37.48,24.99,64.01,27.42
1994-07-18,7.03,38.67,24.83,62.81,30.08
1994-07-19,0.08,38.26,26.89,63.58,34.75
1994-07-20,8.49,37.21,25.48,80.61,35.61
1994-07-21,0.11,36.22,23.21,71.89,30.64
1994-07-22,0.03,37.6,25.74,62.21,32.95
1994-07-23,22.32,35.27,24.03,93.2,47.87
1994-07-24,0.13,35.0,23.6,93.71,44.84
1994-07-25,0.0,35.8,24.51,85.15,38.35
1994-07-26,0.0,36.62,25.05,69.67,36.02
1994-07-27,9.96,36.07,25.98,70.83,43.33
1994-07-28,20.88,33.83,24.55,95.77,48.84
1994-07-29,5.72,35.87,25.3,83.92,37.53
1994-07-30,0.0,34.78,25.77,84.24,43.47
1994-07-31,0.0,38.79,26.55,75.3,30.99
1994-08-01,0.01,39.41,25.62,73.02,26.57
1994-08-02,0.0,38.42,25.67,66.0,27.8
1994-08-03,0.0,37.97,25.02,69.71,29.09
1994-08-04,0.0,38.95,25.85,66.77,29.97
1994-08-05,0.87,36.7,26.23,76.02,43.79
1994-08-06,10.41,35.31,25.0,84.11,47.34
1994-08-07,21.58,34.54,23.18,95.52,47.44
1994-08-08,19.19,33.67,24.29,83.12,47.42
1994-08-09,15.71,32.54,24.26,87.13,57.51
1994-08-10,3.69,33.37,23.27,94.21,55.53
1994-08-11,3.31,32.18,23.17,99.22,62.91
1994-08-12,13.97,30.02,22.91,99.85,69.18
1994-08-13,0.53,30.64,23.18,99.35,66.32
1994-08-14,10.45,32.99,23.73,95.48,53.36
1994-08-15,13.57,33.74,23.89,81.93,50.95
1994-08-16,19.58,33.56,23.77,93.08,53.02
1994-08-17,0.31,33.63,22.76,93.73,51.57
1994-08-18,0.09,32.58,24.06,96.24,60.18
1994-08-19,0.03,32.67,23.35,92.32,57.89
1994-08-20,0.0,33.83,23.89,87.54,47.87
1994-08-21,0.0,35.17,22.98,79.85,38.14
1994-08-22,2.85,34.03,24.21,76.79,49.11
1994-08-23,2.41,35.12,24.05,86.1,46.93
1994-08-24,34.89,37.25,24.95,79.99,37.79
1994-08-25,2.66,36.61,24.6,76.98,36.17
1994-08-26,0.32,35.73,25.21,77.39,43.5
1994-08-27,5.6,35.17,24.52,89.58,46.86
1994-08-28,0.28,34.35,23.34,97.75,44.18
1994-08-29,2.12,36.8,24.77,69.61,33.92
1994-08-30,1.5,36.19,26.11,79.71,41.06
1994-08-31,4.08,35.79,24.27,78.4,36.74
1994-09-01,1.46,36.57,24.79,75.36,33.17
1994-09-02,4.25,34.34,25.39,80.42,49.84
1994-09-03,0.04,37.13,23.92,84.78,38.97
1994-09-04,0.0,39.21,25.45,77.9,27.5
1994-09-05,0.0,37.84,26.18,63.97,33.94
1994-09-06,0.0,37.08,24.55,78.3,37.15
1994-09-07,0.0,37.78,24.47,75.4,33.99
1994-09-08,0.0,37.57,24.79,61.98,30.98
1994-09-09,2.25,39.12,25.63,66.86,28.56
1994-09-10,0.07,39.34,25.72,64.65,24.66
1994-09-11,0.0,38.95,25.79,59.89,28.41
1994-09-12,1.65,38.29,24.86,69.87,30.22
1994-09-13,1.89,38.06,25.73,63.09,31.58
1994-09-14,1.39,36.54,25.96,70.57,41.42
1994-09-15,0.08,36.05,24.37,91.17,40.14
1994-09-16,0.03,37.78,25.09,77.04,36.71
1994-09-17,0.0,40.42,26.12,69.38,21.93
1994-09-18,0.0,40.56,25.73,59.78,15.95
1994-09-19,0.06,39.21,25.17,55.5,20.71
1994-09-20,0.19,36.45,26.26,69.65,37.02
1994-09-21,0.5,32.79,23.52,97.07,53.8
1994-09-22,0.0,30.62,22.3,98.58,62.46
1994-09-23,0.0,33.93,23.3,85.74,45.45
1994-09-24,3.69,37.37,24.49,64.34,34.35
1994-09-25,0.64,34.61,23.98,95.83,50.08
1994-09-26,0.0,33.46,23.61,98.08,56.24
1994-09-27,7.92,34.39,22.8,93.76,54.35
1994-09-28,9.82,30.18,22.85,99.66,77.86
1994-09-29,27.11,30.07,22.83,99.65,73.33
1994-09-30,0.37,31.61,22.02,99.88,59.1
1994-10-01,0.0,36.33,22.59,99.68,34.87
1994-10-02,0.0,39.15,24.18,54.8,20.22
1994-10-03,0.0,39.64,24.23,43.58,16.94
1994-10-04,0.0,39.45,23.73,39.96,17.23
1994-10-05,1.64,39.74,24.29,52.96,20.71
1994-10-06,0.79,37.94,24.21,58.06,23.12
1994-10-07,0.0,38.15,24.77,69.97,27.96
1994-10-08,0.0,35.58,23.67,84.55,36.13
1994-10-09,0.0,35.01,21.15,76.02,26.86
1994-10-10,0.0,37.21,21.02,60.53,21.48
1994-10-11,0.0,38.12,22.68,70.43,26.92
1994-10-12,0.0,38.75,23.88,98.99,36.27
1994-10-13,0.0,40.88,24.82,88.85,20.73
1994-10-14,0.0,41.21,24.84,46.85,20.6
1994-10-15,0.0,41.37,24.48,44.3,14.77
1994-10-16,0.0,40.6,24.47,60.6,21.59
1994-10-17,0.0,40.64,24.94,73.95,22.72
1994-10-18,0.01,40.66,24.77,67.74,20.92
1994-10-19,0.0,40.46,24.68,76.89,20.4
1994-10-20,0.0,40.95,24.56,43.65,12.25
1994-10-21,0.0,39.52,25.21,67.86,26.07
1994-10-22,0.0,35.74,23.5,99.21,50.75
1994-10-23,11.13,32.19,22.23,99.72,69.9
1994-10-24,0.0,33.65,22.17,99.75,39.68
1994-10-25,0.0,39.39,22.95,51.77,20.23
1994-10-26,0.0,39.95,24.35,39.9,15.68
1994-10-27,0.0,39.64,24.25,38.47,15.93
1994-10-28,0.0,38.51,23.2,53.98,17.88
1994-10-29,0.0,36.61,21.75,63.94,25.57
1994-10-30,0.0,36.73,22.17,61.31,24.02
1994-10-31,0.0,38.18,22.06,48.98,17.68
1994-11-01,0.0,40.23,21.77,43.68,16.31
1994-11-02,0.0,40.43,21.94,39.28,14.69
1994-11-03,0.0,40.67,21.44,31.03,12.98
1994-11-04,0.0,40.7,21.59,31.13,12.35
1994-11-05,0.0,41.3,21.79,38.3,14.17
1994-11-06,0.0,41.21,22.27,37.32,13.5
1994-11-07,0.0,41.07,22.48,34.68,13.7
1994-11-08,0.0,41.89,21.93,35.54,13.19
1994-11-09,0.0,42.72,22.8,37.46,14.99
1994-11-10,0.0,42.27,23.1,65.26,15.4
1994-11-11,0.0,42.54,22.28,50.74,10.64
1994-11-12,0.0,41.78,22.18,43.84,11.21
1994-11-13,0.0,41.15,21.99,34.54,11.93
1994-11-14,0.0,39.64,21.44,30.56,9.15
1994-11-15,0.0,39.74,19.35,27.47,9.92
1994-11-16,0.0,38.1,20.78,28.44,13.12
1994-11-17,0.0,36.11,20.57,40.79,15.25
1994-11-18,0.0,36.64,18.09,40.66,13.9
1994-11-19,0.0,38.62,18.3,37.43,12.61
1994-11-20,0.0,39.97,20.05,34.57,11.25
1994-11-21,0.0,40.42,21.02,32.62,8.13
1994-11-22,0.0,37.92,18.18,23.38,8.29
1994-11-23,0.0,39.06,17.92,25.76,8.32
1994-11-24,0.0,38.89,18.87,23.48,7.94
1994-11-25,0.0,38.7,19.46,26.19,9.95
1994-11-26,0.0,38.66,19.42,28.71,10.78
1994-11-27,0.0,38.41,20.97,32.51,12.35
1994-11-28,0.0,38.74,20.47,38.25,10.68
1994-11-29,0.0,38.34,20.75,30.34,9.9
1994-11-30,0.0,38.5,19.17,25.4,9.2
1994-12-01,0.0,38.32,19.27,22.79,10.66
1994-12-02,0.0,37.9,18.97,22.24,8.83
1994-12-03,0.0,38.22,17.81,20.36,10.3
1994-12-04,0.0,36.16,18.2,23.57,11.06
1994-12-05,0.0,34.15,16.85,33.41,16.14
1994-12-06,0.0,34.5,15.99,40.55,16.9
1994-12-07,0.0,34.48,16.28,34.33,12.74
1994-12-08,0.0,33.02,15.44,26.79,12.68
1994-12-09,0.0,33.64,15.01,32.51,13.71
1994-12-10,0.0,33.88,15.34,28.78,11.83
1994-12-11,0.0,33.1,14.66,21.68,10.09
1994-12-12,0.0,34.47,14.38,27.52,12.88
1994-12-13,0.0,36.57,16.99,27.74,12.89
1994-12-14,0.0,38.19,17.99,27.24,12.49
1994-12-15,0.0,34.77,18.14,23.39,11.8
1994-12-16,0.0,33.86,16.04,25.39,11.34
1994-12-17,0.0,34.19,15.08,29.56,12.32
1994-12-18,0.0,35.66,16.31,26.14,11.29
1994-12-19,0.0,35.14,16.14,26.21,11.14
1994-12-20,0.0,35.46,16.16,26.01,10.88
1994-12-21,0.0,36.35,18.25,21.74,10.41
1994-12-22,0.0,33.67,19.3,26.65,15.0
1994-12-23,0.0,37.46,17.34,35.46,19.6
1994-12-24,0.0,38.79,20.06,42.61,13.65
1994-12-25,0.0,39.33,19.73,20.29,9.12
1994-12-26,0.0,38.89,21.13,18.09,7.57
1994-12-27,0.0,36.34,21.25,20.73,10.65
1994-12-28,0.0,32.9,18.95,17.78,6.97
1994-12-29,0.0,33.49,17.73,15.91,5.76
1994-12-30,0.0,33.23,16.16,13.96,4.16
1994-12-31,0.0,33.94,14.72,15.47,5.95
1995-01-01,0.0,35.33,15.76,15.61,7.85
1995-01-02,0.0,35.43,16.22,20.16,10.68
1995-01-03,0.0,32.15,15.71,20.64,9.53
1995-01-04,0.0,33.14,13.88,18.57,9.26
1995-01-05,0.0,33.23,14.6,17.62,8.67
1995-01-06,0.0,33.1,15.78,26.02,11.18
1995-01-07,0.0,28.86,15.1,48.24,9.77
1995-01-08,0.0,30.5,13.2,66.65,8.61
1995-01-09,0.0,32.35,14.16,30.38,12.99
1995-01-10,0.0,29.14,15.18,28.02,13.62
1995-01-11,0.0,28.1,12.57,31.37,13.49
1995-01-12,0.0,30.54,13.81,23.99,10.75
1995-01-13,0.0,32.48,14.12,22.53,9.37
1995-01-14,0.0,34.14,14.86,17.54,7.11
1995-01-15,0.0,33.51,15.39,18.01,7.94
1995-01-16,0.0,28.96,13.51,17.39,9.52
1995-01-17,0.0,29.79,14.36,15.96,7.73
1995-01-18,0.0,30.85,12.06,18.3,8.74
1995-01-19,0.0,31.34,13.46,16.6,7.5
1995-01-20,0.0,31.13,13.55,14.81,7.42
1995-01-21,0.0,33.17,13.28,16.64,7.78
1995-01-22,0.0,31.84,14.65,22.13,10.95
1995-01-23,0.0,35.21,15.2,21.79,9.2
1995-01-24,0.0,33.68,16.14,19.78,11.17
1995-01-25,0.0,34.24,16.74,22.93,10.99
1995-01-26,0.0,35.56,16.95,19.44,10.47
1995-01-27,0.0,34.58,16.57,22.78,10.51
1995-01-28,0.0,33.66,16.29,21.43,9.52
1995-01-29,0.0,34.28,16.61,17.43,8.12
1995-01-30,0.0,32.64,15.83,16.14,6.85
1995-01-31,0.0,32.74,15.06,18.85,9.02
1995-02-01,0.0,33.82,18.5,15.44,8.06
1995-02-02,0.0,35.99,18.75,16.32,9.27
1995-02-03,0.0,35.42,18.77,19.76,12.24
1995-02-04,0.0,37.24,19.21,30.58,14.13
1995-02-05,0.0,37.92,19.56,21.97,9.41
1995-02-06,0.0,37.75,18.94,19.57,10.27
1995-02-07,0.0,36.59,20.7,18.56,10.7
1995-02-08,0.0,37.49,20.82,22.64,10.78
1995-02-09,0.0,37.34,20.0,20.32,9.23
1995-02-10,0.0,33.8,20.26,16.63,8.0
1995-02-11,0.0,32.99,18.52,48.08,13.98
1995-02-12,0.0,32.49,16.35,43.98,20.13
1995-02-13,0.0,34.75,17.38,31.19,13.22
1995-02-14,0.0,34.7,17.69,29.68,12.71
1995-02-15,0.0,35.77,18.55,24.98,9.64
1995-02-16,0.0,36.75,20.41,20.64,8.95
1995-02-17,0.0,39.52,20.65,18.01,8.39
1995-02-18,0.0,40.36,20.72,15.93,7.44
1995-02-19,0.0,41.7,21.13,15.08,6.88
1995-02-20,0.0,41.98,21.96,16.33,6.92
1995-02-21,0.0,41.81,21.61,16.95,7.21
1995-02-22,0.0,41.79,22.08,15.37,6.23
1995-02-23,0.01,40.13,21.51,16.44,7.44
1995-02-24,0.0,39.0,20.78,16.95,7.98
1995-02-25,0.0,38.78,19.33,14.83,7.12
1995-02-26,0.0,38.88,19.92,16.94,7.59
1995-02-27,0.0,37.84,19.11,36.49,10.69
1995-02-28,0.0,36.46,17.9,57.35,17.95
1995-03-01,0.0,36.21,19.54,33.7,14.47
1995-03-02,0.0,37.52,19.48,23.04,9.95
1995-03-03,0.0,37.38,21.37,15.58,8.41
1995-03-04,0.0,38.68,21.18,15.71,8.74
1995-03-05,0.0,38.04,21.24,19.34,9.79
1995-03-06,0.0,39.28,20.83,14.23,6.99
1995-03-07,0.0,39.69,21.45,13.9,6.78
1995-03-08,0.0,40.99,21.72,13.02,6.07
1995-03-09,0.0,40.65,22.73,10.81,5.65
1995-03-10,0.0,37.37,21.68,32.58,10.25
1995-03-11,0.0,32.69,19.26,48.56,25.89
1995-03-12,0.0,35.04,18.94,66.92,27.67
1995-03-13,0.0,35.31,20.47,50.72,24.66
1995-03-14,0.0,36.11,20.41,59.14,25.66
1995-03-15,0.0,35.14,20.53,54.47,27.52
1995-03-16,0.0,36.42,19.18,58.72,22.82
1995-03-17,0.0,38.37,20.75,46.84,22.38
1995-03-18,0.0,41.55,22.1,34.76,17.84
1995-03-19,0.0,41.64,23.13,33.13,16.11
1995-03-20,0.0,36.87,21.29,68.11,23.6
1995-03-21,0.0,37.93,21.06,59.27,23.19
1995-03-22,0.0,38.7,21.51,47.52,17.08
1995-03-23,0.0,40.13,21.73,46.84,16.65
1995-03-24,0.0,38.7,21.51,50.63,20.42
1995-03-25,0.0,39.69,21.19,57.1,18.81
1995-03-26,0.0,40.74,22.95,51.59,21.49
1995-03-27,0.31,39.64,24.36,47.69,22.58
1995-03-28,0.0,38.34,22.61,61.38,22.54
1995-03-29,0.0,39.68,21.96,52.09,19.43
1995-03-30,0.0,38.66,21.58,54.31,18.9
1995-03-31,0.0,37.78,21.26,46.39,21.19
1995-04-01,0.0,39.65,22.85,54.81,19.94
1995-04-02,0.0,39.87,23.36,46.82,18.53
1995-04-03,0.0,37.48,22.69,51.43,21.44
1995-04-04,0.0,37.07,20.8,49.08,20.1
1995-04-05,0.0,36.93,21.29,44.48,22.36
1995-04-06,0.0,37.62,20.93,58.07,21.93
1995-04-07,0.0,38.54,22.27,55.37,21.02
1995-04-08,0.0,37.8,22.39,52.17,19.43
1995-04-09,0.0,35.85,21.22,54.86,23.4
1995-04-10,0.0,35.54,19.85,67.77,24.7
1995-04-11,0.0,39.05,21.62,41.37,14.08
1995-04-12,0.0,42.76,24.1,25.49,10.86
1995-04-13,0.0,42.82,24.99,25.03,11.65
1995-04-14,0.0,41.03,24.45,36.51,15.93
1995-04-15,0.0,39.12,21.64,43.57,13.33
1995-04-16,0.0,39.7,21.47,34.98,14.24
1995-04-17,0.0,40.77,22.69,32.58,15.06
1995-04-18,0.0,40.18,23.02,45.26,16.19
1995-04-19,0.0,40.45,22.79,41.28,15.08
1995-04-20,0.0,39.84,22.77,45.81,16.63
1995-04-21,0.0,37.43,21.55,59.74,20.13
1995-04-22,0.0,39.4,21.37,36.42,15.37
1995-04-23,0.0,40.07,21.62,27.87,12.63
1995-04-24,0.0,43.3,23.6,16.09,7.74
1995-04-25,0.0,43.6,24.33,17.43,8.7
1995-04-26,0.0,43.54,24.79,18.29,8.64
1995-04-27,0.0,43.8,25.26,21.1,9.99
1995-04-28,0.0,44.73,26.63,21.76,9.86
1995-04-29,0.0,45.67,26.48,18.48,8.38
1995-04-30,0.0,44.46,25.31,17.76,8.58
1995-05-01,0.0,43.22,25.48,27.53,11.16
1995-05-02,0.0,42.2,24.19,46.19,14.32
1995-05-03,0.0,41.56,22.92,51.01,16.08
1995-05-04,0.0,40.48,23.7,45.83,15.99
1995-05-05,0.0,41.31,23.19,45.57,15.0
1995-05-06,0.0,42.11,24.12,47.79,15.95
1995-05-07,0.0,40.36,23.03,54.86,21.78
1995-05-08,0.0,40.09,23.61,60.21,21.26
1995-05-09,0.0,41.31,23.64,50.18,17.21
1995-05-10,0.0,41.94,23.91,50.2,17.1
1995-05-11,0.0,41.63,23.84,47.79,17.11
1995-05-12,0.0,41.41,24.39,48.2,19.44
1995-05-13,0.0,41.22,25.45,49.73,22.84
1995-05-14,5.79,42.5,24.99,59.38,21.44
1995-05-15,0.14,44.61,27.02,50.15,23.35
1995-05-16,0.0,45.89,29.32,40.17,11.45
1995-05-17,0.0,47.13,29.03,31.76,11.35
1995-05-18,0.0,42.81,27.86,65.6,19.26
1995-05-19,0.0,44.01,27.54,45.02,17.85
1995-05-20,0.52,44.03,26.8,58.55,18.99
1995-05-21,0.0,41.64,26.98,56.35,19.68
1995-05-22,0.0,38.4,24.86,66.11,26.68
1995-05-23,0.0,38.31,23.07,70.01,28.8
1995-05-24,0.0,38.89,24.87,64.59,28.33
1995-05-25,0.0,41.37,24.73,58.4,20.81
1995-05-26,0.0,42.31,25.88,62.39,21.67
1995-05-27,0.0,44.27,28.01,43.71,17.09
1995-05-28,0.0,41.64,26.26,62.91,20.04
1995-05-29,0.0,40.76,24.59,53.05,19.43
1995-05-30,0.0,39.74,23.68,61.38,22.19
1995-05-31,0.0,38.9,22.76,61.26,21.81
1995-06-01,0.0,39.4,23.37,51.85,17.11
1995-06-02,0.0,39.85,25.09,49.38,20.86
1995-06-03,0.0,39.82,24.76,57.55,21.27
1995-06-04,0.0,39.96,24.61,52.4,19.42
1995-06-05,0.0,42.38,26.39,43.52,14.31
1995-06-06,0.0,42.43,26.64,32.93,11.62
1995-06-07,0.0,40.08,25.69,47.17,17.29
1995-06-08,0.0,40.36,25.1,52.66,19.4
1995-06-09,0.0,41.96,26.78,45.28,17.73
1995-06-10,0.0,40.59,27.15,46.26,21.33
1995-06-11,0.0,42.51,28.29,49.55,22.83
1995-06-12,0.0,41.08,27.74,55.59,22.93
1995-06-13,0.03,40.48,26.35,60.17,24.1
1995-06-14,0.0,39.97,26.6,63.07,26.96
1995-06-15,0.05,41.24,26.95,67.16,28.48
1995-06-16,0.0,42.18,25.95,60.56,21.68
1995-06-17,0.0,44.29,27.78,52.88,15.98
1995-06-18,0.0,41.8,28.07,67.32,24.82
1995-06-19,0.0,41.53,27.9,72.17,23.09
1995-06-20,0.0,43.73,26.4,71.26,13.3
1995-06-21,0.0,43.74,29.18,38.61,13.15
1995-06-22,6.66,39.83,27.05,91.11,41.42
1995-06-23,1.12,34.86,23.15,99.72,59.98
1995-06-24,0.0,34.02,23.04,99.71,57.58
1995-06-25,0.0,37.19,24.95,87.73,32.15
1995-06-26,0.0,41.13,25.31,54.15,13.93
1995-06-27,0.0,38.67,25.2,65.57,19.8
1995-06-28,8.63,39.33,25.82,60.85,28.28
1995-06-29,0.04,39.19,25.28,63.33,27.62
1995-06-30,0.0,40.47,26.08,64.6,25.4
1995-07-01,0.44,43.85,27.11,44.91,11.03
1995-07-02,7.78,38.71,27.73,65.98,32.33
1995-07-03,0.0,38.48,26.27,71.73,30.79
1995-07-04,0.0,36.6,24.5,98.37,38.31
1995-07-05,0.0,40.36,24.55,72.91,22.85
1995-07-06,0.0,36.27,26.56,80.94,45.25
1995-07-07,0.0,38.17,27.16,77.21,39.36
1995-07-08,0.0,34.71,24.29,95.72,37.71
1995-07-09,0.0,36.54,22.34,69.11,33.1
1995-07-10,0.0,37.36,25.84,70.72,37.6
1995-07-11,0.18,33.78,26.26,97.64,60.91
1995-07-12,0.72,31.06,24.03,99.38,70.88
1995-07-13,2.58,32.02,23.63,99.15,70.8
1995-07-14,0.0,36.33,23.64,98.02,41.0
1995-07-15,0.0,36.26,24.89,77.01,47.03
1995-07-16,0.0,37.54,26.9,84.57,46.17
1995-07-17,0.0,37.18,24.28,80.44,25.95
1995-07-18,0.86,37.29,25.06,62.37,29.62
1995-07-19,47.73,38.87,25.65,62.0,33.18
1995-07-20,0.0,36.43,23.49,89.46,36.1
1995-07-21,1.51,35.48,24.35,68.91,34.2
1995-07-22,0.0,36.15,26.26,66.09,41.92
1995-07-23,1.21,36.4,25.0,79.56,37.86
1995-07-24,0.0,38.08,24.5,92.86,34.66
1995-07-25,0.0,39.16,25.98,75.73,29.23
1995-07-26,7.01,36.43,25.89,76.98,42.23
1995-07-27,0.93,34.58,25.67,98.18,54.11
1995-07-28,4.6,30.23,23.31,99.72,75.67
1995-07-29,12.4,30.24,23.64,99.9,74.42
1995-07-30,3.22,30.79,23.46,99.83,73.67
1995-07-31,0.71,31.34,23.17,99.83,64.63
1995-08-01,0.54,33.99,24.3,83.68,57.12
1995-08-02,0.35,33.86,24.66,89.88,54.3
1995-08-03,0.0,34.35,24.45,90.29,50.58
1995-08-04,0.29,33.94,23.81,93.4,51.68
1995-08-05,1.62,35.73,24.42,80.56,44.03
1995-08-06,0.0,36.34,25.97,89.34,44.11
1995-08-07,0.04,35.14,24.83,88.82,45.96
1995-08-08,0.0,37.13,24.93,82.89,38.7
1995-08-09,0.0,37.54,24.99,72.85,32.6
1995-08-10,1.2,37.79,25.39,74.45,32.15
1995-08-11,7.87,37.73,26.03,73.87,37.11
1995-08-12,4.41,37.42,25.15,87.01,41.73
1995-08-13,3.56,35.09,24.61,97.65,52.16
1995-08-14,15.22,31.66,23.3,99.76,69.68
1995-08-15,1.8,31.48,23.4,99.58,70.1
1995-08-16,16.64,31.06,23.96,99.72,70.94
1995-08-17,0.05,29.18,22.89,99.83,71.55
1995-08-18,1.91,32.49,21.95,99.62,61.47
1995-08-19,16.81,35.1,24.22,87.9,55.63
1995-08-20,0.06,31.27,23.73,99.65,76.21
1995-08-21,1.02,31.11,24.01,99.61,77.28
1995-08-22,1.55,32.83,24.0,99.79,65.18
1995-08-23,3.22,31.89,24.25,99.57,72.03
1995-08-24,10.96,30.6,23.19,99.75,67.49
1995-08-25,12.12,27.85,22.67,99.77,85.6
1995-08-26,6.4,32.57,23.67,99.41,62.82
1995-08-27,0.0,32.64,24.01,90.78,65.91
1995-08-28,31.76,30.57,23.9,99.79,80.46
1995-08-29,1.51,30.43,23.04,99.84,76.41
1995-08-30,0.0,32.45,23.83,99.79,66.55
1995-08-31,0.02,32.33,24.12,99.57,66.99
1995-09-01,1.95,30.61,23.96,99.88,78.09
1995-09-02,0.74,30.07,22.93,99.65,77.63
1995-09-03,3.13,31.94,22.85,99.74,68.88
1995-09-04,0.0,32.03,23.06,99.55,71.81
1995-09-05,0.0,32.0,23.39,99.58,66.71
1995-09-06,0.0,31.88,23.22,99.57,68.48
1995-09-07,12.75,31.04,23.62,99.61,75.06
1995-09-08,0.21,32.78,23.25,99.37,65.88
1995-09-09,0.0,32.68,24.01,95.96,68.8
1995-09-10,22.6,32.04,23.92,99.86,71.62
1995-09-11,0.06,30.12,22.41,99.77,76.64
1995-09-12,0.0,31.81,23.19,99.74,70.83
1995-09-13,0.0,32.37,23.74,99.6,71.26
1995-09-14,0.04,32.44,23.7,99.52,68.73
1995-09-15,0.44,32.95,23.67,99.74,64.48
1995-09-16,5.29,33.55,23.94,98.32,63.24
1995-09-17,4.14,33.28,23.13,97.61,56.43
1995-09-18,6.76,32.82,22.62,95.87,51.88
1995-09-19,14.99,31.68,23.54,96.08,63.19
1995-09-20,0.24,31.68,22.76,97.7,64.52
1995-09-21,0.0,32.73,22.9,99.32,62.44
1995-09-22,7.88,33.5,23.21,98.4,65.94
1995-09-23,2.22,32.48,23.19,99.63,64.04
1995-09-24,0.0,35.05,22.93,95.24,41.27
1995-09-25,0.0,35.81,23.31,83.33,29.53
1995-09-26,0.0,34.97,22.13,60.59,29.7
1995-09-27,0.0,35.01,22.81,71.55,37.6
1995-09-28,0.9,35.28,23.45,64.35,33.35
1995-09-29,0.0,36.72,24.38,58.78,30.44
1995-09-30,0.0,37.87,24.31,64.37,25.36
1995-10-01,0.0,39.44,24.08,51.91,15.35
1995-10-02,0.0,40.0,23.62,34.26,14.28
1995-10-03,0.0,39.96,24.05,43.41,18.09
1995-10-04,0.0,39.3,24.02,85.59,23.93
1995-10-05,3.86,40.28,24.64,79.43,26.57
1995-10-06,0.1,38.27,23.98,86.72,32.98
1995-10-07,0.15,38.16,24.18,95.62,39.88
1995-10-08,0.0,38.03,23.68,96.33,27.79
1995-10-09,0.0,41.65,24.61,65.78,18.71
1995-10-10,0.0,39.21,24.86,78.09,26.02
1995-10-11,0.01,38.76,24.86,92.35,39.14
1995-10-12,3.76,38.03,23.13,99.16,28.07
1995-10-13,0.0,40.36,23.46,79.52,17.03
1995-10-14,0.0,41.39,23.77,39.43,17.03
1995-10-15,0.0,42.06,24.85,43.06,15.98
1995-10-16,0.0,41.64,24.58,48.02,14.81
1995-10-17,0.0,40.26,23.84,51.77,19.82
1995-10-18,0.0,40.27,24.25,67.73,19.47
1995-10-19,0.0,39.51,24.3,49.92,11.24
1995-10-20,0.0,38.14,21.8,35.36,13.85
1995-10-21,0.0,38.94,21.54,34.24,14.2
1995-10-22,0.0,39.84,22.6,34.49,13.14
1995-10-23,0.0,40.96,24.23,38.4,13.68
1995-10-24,0.0,41.35,24.67,40.28,12.83
1995-10-25,0.0,40.01,23.94,30.07,11.8
1995-10-26,0.0,38.77,22.02,30.37,11.76
1995-10-27,0.0,38.75,20.63,25.54,11.51
1995-10-28,0.0,40.3,22.49,30.29,12.34
1995-10-29,0.0,40.56,23.25,36.52,12.3
1995-10-30,0.0,39.28,23.9,53.88,15.98
1995-10-31,0.0,41.1,24.68,38.25,14.93
1995-11-01,0.0,42.26,22.27,49.91,12.84
1995-11-02,0.11,40.88,21.61,27.41,8.47
1995-11-03,0.0,40.34,20.25,24.65,9.21
1995-11-04,0.0,40.42,20.94,35.38,11.17
1995-11-05,0.0,40.75,21.49,33.82,12.14
1995-11-06,0.0,40.53,20.93,36.0,12.72
1995-11-07,0.0,40.56,21.15,35.98,10.39
1995-11-08,0.0,39.68,20.97,26.44,10.89
1995-11-09,0.0,39.45,21.14,30.96,12.12
1995-11-10,0.0,39.81,21.79,36.44,13.59
1995-11-11,0.0,39.89,20.74,49.55,11.92
1995-11-12,0.0,40.6,20.96,45.61,9.07
1995-11-13,0.0,41.23,21.06,24.99,9.96
1995-11-14,0.0,40.34,21.21,31.42,10.59
1995-11-15,0.0,39.74,20.5,35.14,13.29
1995-11-16,0.0,40.0,20.33,42.34,15.0
1995-11-17,0.0,39.26,19.52,37.48,13.27
1995-11-18,0.0,39.49,19.02,34.67,11.51
1995-11-19,0.0,39.07,19.95,26.15,8.44
1995-11-20,0.0,37.21,18.04,27.33,10.34
1995-11-21,0.0,37.79,18.14,27.0,7.03
1995-11-22,0.0,37.72,17.63,22.36,8.04
1995-11-23,0.0,38.27,18.31,36.11,10.92
1995-11-24,0.0,38.34,19.33,38.94,13.32
1995-11-25,0.0,38.03,19.4,34.02,12.41
1995-11-26,0.0,38.21,19.3,34.15,12.38
1995-11-27,0.0,38.42,19.12,32.14,11.99
1995-11-28,0.0,38.83,20.51,31.21,12.05
1995-11-29,0.0,36.11,21.51,37.11,14.47
1995-11-30,0.0,37.95,19.26,43.59,16.4
1995-12-01,0.0,34.28,20.94,49.45,24.26
1995-12-02,0.03,28.95,17.67,87.21,46.9
1995-12-03,0.0,31.59,16.27,98.85,43.46
1995-12-04,0.0,32.96,17.45,80.75,27.02
1995-12-05,0.0,33.97,17.44,38.98,19.91
1995-12-06,0.0,35.12,17.76,35.78,18.8
1995-12-07,0.0,35.27,18.1,29.77,13.24
1995-12-08,0.0,34.44,18.35,41.09,16.86
1995-12-09,0.0,34.72,17.56,38.65,18.84
1995-12-10,0.29,35.41,17.46,45.43,21.33
1995-12-11,0.0,35.71,18.23,54.17,22.51
1995-12-12,0.04,37.23,20.15,46.89,24.55
1995-12-13,0.0,37.53,19.98,48.73,23.35
1995-12-14,0.0,33.68,19.93,60.11,29.14
1995-12-15,0.0,33.87,17.61,86.25,42.63
1995-12-16,0.0,35.58,18.19,94.81,33.9
1995-12-17,0.0,36.54,19.06,69.79,31.24
1995-12-18,0.0,36.49,19.58,68.93,27.94
1995-12-19,0.0,36.34,18.82,55.28,26.16
1995-12-20,0.0,36.79,18.75,47.48,21.88
1995-12-21,0.0,35.72,17.73,43.12,18.52
1995-12-22,0.0,33.97,16.75,39.81,15.3
1995-12-23,0.0,32.16,15.01,40.49,19.04
1995-12-24,0.0,32.11,14.1,39.23,15.21
1995-12-25,0.0,35.28,14.79,36.29,15.55
1995-12-26,0.0,39.19,18.68,36.94,17.49
1995-12-27,0.0,38.04,20.02,30.75,13.57
1995-12-28,0.0,35.27,18.01,31.98,14.48
1995-12-29,0.0,34.38,15.61,37.07,13.67
1995-12-30,0.0,32.07,14.79,28.27,10.57
1995-12-31,0.0,34.75,15.34,20.99,8.7
1996-01-01,0.0,36.84,17.71,19.67,9.28
1996-01-02,0.0,35.26,18.01,37.1,13.56
1996-01-03,0.0,37.3,17.9,29.77,14.43
1996-01-04,0.0,37.99,19.58,32.44,15.34
1996-01-05,0.0,38.88,20.02,29.39,11.63
1996-01-06,0.0,38.06,18.57,26.32,12.53
1996-01-07,0.0,38.37,18.21,28.25,12.61
1996-01-08,0.0,37.98,18.0,29.04,12.75
1996-01-09,0.0,37.25,17.79,25.61,9.96
1996-01-10,0.0,35.04,16.44,21.04,10.58
1996-01-11,0.0,33.11,16.3,45.7,16.89
1996-01-12,0.0,33.19,15.04,46.71,15.86
1996-01-13,0.0,33.84,14.71,28.81,13.14
1996-01-14,0.0,35.44,16.64,33.06,16.64
1996-01-15,0.0,35.22,15.99,35.56,16.02
1996-01-16,0.0,30.26,15.14,91.48,29.16
1996-01-17,0.0,31.37,14.7,89.16,39.57
1996-01-18,0.0,33.43,15.6,63.49,28.6
1996-01-19,0.0,34.72,17.4,47.84,23.28
1996-01-20,0.0,33.38,16.46,38.97,18.91
1996-01-21,0.0,35.82,16.4,39.41,18.0
1996-01-22,0.0,38.04,18.35,37.47,16.65
1996-01-23,0.0,38.4,19.41,37.88,17.73
1996-01-24,0.0,37.56,19.38,41.02,22.08
1996-01-25,0.0,34.82,18.51,62.95,29.4
1996-01-26,0.0,36.9,17.48,39.16,19.35
1996-01-27,0.0,38.38,18.83,36.2,17.73
1996-01-28,0.0,36.65,19.02,39.48,19.97
1996-01-29,0.0,39.33,19.47,39.47,15.85
1996-01-30,0.0,41.67,21.88,33.0,15.96
1996-01-31,0.0,41.76,21.69,36.71,15.82
1996-02-01,0.0,41.18,23.05,43.54,22.41
1996-02-02,0.0,41.02,23.42,49.55,20.64
1996-02-03,0.0,36.36,20.45,66.05,29.48
1996-02-04,0.0,34.85,18.78,58.17,28.58
1996-02-05,0.0,38.56,20.19,55.24,22.07
1996-02-06,0.0,37.4,21.87,44.65,19.98
1996-02-07,0.0,35.27,19.81,31.77,12.37
1996-02-08,0.0,36.68,18.35,22.72,9.84
1996-02-09,0.0,37.6,18.07,25.51,10.99
1996-02-10,0.0,38.6,18.62,27.48,12.56
1996-02-11,0.0,37.42,20.01,32.31,15.71
1996-02-12,0.0,35.74,18.49,52.6,21.73
1996-02-13,0.0,37.32,18.52,33.92,12.82
1996-02-14,0.0,36.82,19.51,29.91,13.5
1996-02-15,0.0,38.02,19.04,26.77,13.8
1996-02-16,0.0,39.2,20.61,40.75,16.12
1996-02-17,0.0,38.12,22.12,36.54,14.5
1996-02-18,0.0,39.56,21.68,48.74,12.42
1996-02-19,0.0,39.0,23.54,13.82,6.51
1996-02-20,0.0,38.23,21.67,13.51,7.3
1996-02-21,0.0,40.5,21.25,16.86,8.19
1996-02-22,0.0,42.48,22.49,15.66,7.85
1996-02-23,0.0,42.64,22.94,16.71,7.16
1996-02-24,0.0,42.39,22.24,19.03,8.46
1996-02-25,0.0,37.64,20.62,70.66,20.32
1996-02-26,0.0,37.97,19.71,56.53,19.74
1996-02-27,0.0,35.02,19.26,40.97,18.7
1996-02-28,0.0,37.17,18.12,28.62,12.55
1996-02-29,0.0,37.51,18.81,30.13,12.89
1996-03-01,0.0,38.2,19.38,20.54,7.92
1996-03-02,0.0,39.98,20.68,16.4,7.97
1996-03-03,0.0,37.9,23.43,20.82,9.76
1996-03-04,0.0,34.96,21.13,64.42,26.21
1996-03-05,0.0,36.27,21.64,64.52,26.1
1996-03-06,0.0,34.31,20.69,79.5,32.81
1996-03-07,0.0,32.94,20.58,82.25,35.53
1996-03-08,0.0,30.77,18.89,79.52,42.43
1996-03-09,0.0,32.47,21.33,69.08,37.18
1996-03-10,0.0,31.05,19.14,94.21,46.79
1996-03-11,0.0,29.82,18.65,62.36,31.72
1996-03-12,0.0,31.27,16.65,92.89,24.93
1996-03-13,0.0,33.65,16.01,44.75,20.14
1996-03-14,0.0,34.74,17.43,49.48,18.62
1996-03-15,0.0,37.42,19.02,35.58,14.16
1996-03-16,0.0,38.17,20.81,32.52,15.59
1996-03-17,0.0,40.38,23.22,23.92,11.92
1996-03-18,0.0,41.94,23.03,24.64,11.81
1996-03-19,0.0,42.51,24.41,25.18,12.21
1996-03-20,0.0,42.7,24.82,28.26,12.77
1996-03-21,0.0,41.19,23.67,53.32,21.1
1996-03-22,0.0,41.39,24.53,46.66,20.41
1996-03-23,0.0,41.22,23.47,52.01,19.76
1996-03-24,0.0,41.77,23.69,56.99,15.54
1996-03-25,0.0,42.87,23.13,49.11,13.05
1996-03-26,0.0,43.32,24.5,43.39,11.95
1996-03-27,0.0,44.44,26.8,26.61,10.66
1996-03-28,0.0,43.57,24.38,41.77,6.61
1996-03-29,0.0,43.94,22.9,26.4,4.38
1996-03-30,0.0,44.7,24.93,13.26,4.77
1996-03-31,0.0,44.6,25.44,13.14,5.23
1996-04-01,0.0,43.33,23.93,43.47,6.77
1996-04-02,0.0,43.71,23.56,49.36,6.36
1996-04-03,0.0,43.8,23.79,25.07,7.56
1996-04-04,0.0,44.13,25.32,18.24,7.26
1996-04-05,0.0,43.94,24.72,22.4,7.69
1996-04-06,0.0,43.02,25.56,19.17,9.22
1996-04-07,0.0,43.48,25.32,21.89,9.77
1996-04-08,0.0,43.11,23.26,21.0,8.08
1996-04-09,0.0,43.63,23.96,30.45,10.45
1996-04-10,0.0,42.41,25.07,27.98,10.28
1996-04-11,0.0,41.57,23.88,33.36,9.74
1996-04-12,0.0,38.13,23.27,66.62,17.88
1996-04-13,0.0,36.33,21.11,84.97,28.1
1996-04-14,0.0,35.97,19.15,69.23,21.96
1996-04-15,0.0,41.28,21.54,43.31,12.75
1996-04-16,0.0,43.24,24.12,22.91,8.28
1996-04-17,0.0,43.84,24.66,15.95,7.3
1996-04-18,0.0,44.43,24.41,23.71,9.62
1996-04-19,0.0,43.59,24.44,31.97,12.42
1996-04-20,0.0,38.93,23.08,50.63,22.01
1996-04-21,0.0,38.24,21.56,49.94,18.7
1996-04-22,0.0,36.91,19.79,69.32,26.04
1996-04-23,0.0,39.35,21.64,55.83,18.76
1996-04-24,0.0,39.66,22.38,63.63,20.34
1996-04-25,0.0,42.84,23.76,51.52,15.64
1996-04-26,0.0,43.31,25.29,43.29,15.6
1996-04-27,0.0,42.0,25.04,48.55,21.1
1996-04-28,0.0,43.03,25.54,33.71,13.07
1996-04-29,0.0,43.33,25.74,42.03,13.91
1996-04-30,0.0,43.25,24.83,25.57,10.36
1996-05-01,0.0,44.15,26.35,22.91,9.23
1996-05-02,0.0,44.31,27.07,27.99,14.06
1996-05-03,0.0,43.59,26.89,28.38,10.0
1996-05-04,0.0,43.49,25.89,20.32,10.79
1996-05-05,0.0,44.48,28.02,27.9,13.72
1996-05-06,0.0,45.66,27.68,26.77,12.62
1996-05-07,0.0,45.61,28.86,29.49,11.82
1996-05-08,0.0,42.98,26.41,46.49,14.81
1996-05-09,0.0,39.89,25.17,57.51,21.08
1996-05-10,0.0,43.32,25.45,43.52,12.88
1996-05-11,0.0,43.96,26.12,25.2,9.5
1996-05-12,0.0,44.23,26.94,19.78,9.61
1996-05-13,0.0,44.25,28.4,28.96,12.2
1996-05-14,0.0,44.31,26.79,29.37,8.44
1996-05-15,0.0,41.85,25.43,53.71,16.86
1996-05-16,0.0,41.47,24.33,60.75,21.81
1996-05-17,0.0,44.06,24.99,56.95,15.83
1996-05-18,0.0,45.03,28.2,40.36,14.61
1996-05-19,0.0,43.37,27.44,41.35,16.33
1996-05-20,0.0,44.04,28.26,34.56,16.34
1996-05-21,0.0,44.71,26.56,32.37,12.83
1996-05-22,0.0,44.27,26.82,25.19,12.32
1996-05-23,0.0,40.24,24.7,50.07,18.81
1996-05-24,0.0,39.37,23.78,59.39,24.42
1996-05-25,0.0,36.73,24.32,64.64,28.61
1996-05-26,0.0,41.75,25.12,57.77,21.85
1996-05-27,0.79,42.09,27.09,72.55,25.9
1996-05-28,0.0,41.84,26.48,63.09,29.07
1996-05-29,0.33,40.15,24.82,89.34,31.27
1996-05-30,0.0,38.72,24.55,58.52,23.55
1996-05-31,0.0,41.02,24.51,66.91,20.28
1996-06-01,0.0,44.91,27.22,33.88,10.64
1996-06-02,0.0,40.68,28.05,59.2,13.53
1996-06-03,0.77,40.1,27.46,76.31,31.24
1996-06-04,0.0,36.84,24.34,60.04,25.79
1996-06-05,0.0,36.51,22.03,55.64,18.94
1996-06-06,0.0,38.87,22.42,53.61,22.06
1996-06-07,0.0,38.05,25.48,60.97,25.36
1996-06-08,0.0,37.95,24.52,62.01,31.28
1996-06-09,0.0,38.34,24.9,59.41,25.52
1996-06-10,0.0,37.78,23.48,66.92,29.39
1996-06-11,0.0,39.48,25.41,65.94,28.73
1996-06-12,0.0,40.97,27.14,67.21,26.97
1996-06-13,0.09,39.82,26.91,64.63,29.15
1996-06-14,1.87,41.31,28.16,64.13,29.96
1996-06-15,0.23,38.66,25.94,95.33,38.8
1996-06-16,0.0,41.13,25.76,68.95,20.74
1996-06-17,0.0,42.21,28.06,48.29,21.87
1996-06-18,0.0,39.86,28.65,66.43,29.12
1996-06-19,0.0,41.31,27.31,80.09,27.05
1996-06-20,0.0,41.34,26.18,60.22,20.5
1996-06-21,0.0,39.85,26.02,59.65,25.47
1996-06-22,0.0,39.92,25.57,66.31,26.23
1996-06-23,0.0,39.19,25.33,68.66,30.75
1996-06-24,0.0,39.33,26.61,72.43,30.01
1996-06-25,0.0,38.5,25.43,70.82,21.22
1996-06-26,0.0,37.41,23.98,61.45,25.21
1996-06-27,0.0,38.81,23.87,56.83,19.68
1996-06-28,0.0,42.71,24.87,61.38,19.52
1996-06-29,10.99,40.93,27.98,70.14,27.77
1996-06-30,0.23,37.5,24.03,99.59,50.03
1996-07-01,0.02,35.57,23.46,90.61,42.99
1996-07-02,0.09,35.16,24.24,66.89,43.14
1996-07-03,0.01,35.63,24.88,81.77,47.45
1996-07-04,0.0,39.85,26.58,76.15,22.55
1996-07-05,0.0,39.47,26.18,52.92,24.64
1996-07-06,0.0,37.76,26.21,60.25,29.8
1996-07-07,8.37,35.9,25.36,66.31,38.91
1996-07-08,0.07,37.51,24.36,74.58,30.4
1996-07-09,0.0,39.17,25.85,63.77,28.17
1996-07-10,0.0,39.93,26.93,62.01,25.0
1996-07-11,0.0,38.39,26.09,60.8,27.88
1996-07-12,0.0,37.42,24.3,68.17,28.46
1996-07-13,0.76,38.37,25.33,65.22,30.72
1996-07-14,0.1,37.7,24.74,69.52,31.23
1996-07-15,0.0,38.47,25.29,62.71,26.25
1996-07-16,0.0,39.14,24.83,58.25,24.67
1996-07-17,3.52,39.96,26.5,61.25,27.18
1996-07-18,13.27,36.53,25.08,73.92,34.5
1996-07-19,0.0,39.54,26.82,66.83,24.88
1996-07-20,0.0,39.7,26.32,63.36,27.42
1996-07-21,0.0,39.15,26.31,61.05,25.42
1996-07-22,0.0,37.03,26.33,75.15,40.27
1996-07-23,1.47,36.69,26.66,77.09,39.43
1996-07-24,0.0,35.4,25.48,89.43,44.59
1996-07-25,19.18,31.59,23.34,99.28,68.21
1996-07-26,0.0,33.85,24.2,93.04,52.99
1996-07-27,0.95,35.25,24.29,92.72,46.33
1996-07-28,0.27,35.43,25.1,84.54,47.03
1996-07-29,0.79,33.92,24.67,93.23,51.97
1996-07-30,8.52,34.55,24.6,93.09,48.12
1996-07-31,1.14,34.2,26.14,80.56,51.58
1996-08-01,0.36,32.9,24.01,96.87,62.0
1996-08-02,0.0,34.15,24.07,95.73,48.94
1996-08-03,0.0,35.92,25.21,82.33,41.52
1996-08-04,0.0,37.76,25.58,78.53,32.19
1996-08-05,0.0,36.62,24.65,72.43,35.31
1996-08-06,0.07,36.66,25.16,78.61,40.18
1996-08-07,22.15,36.36,24.25,97.79,45.48
1996-08-08,0.01,31.99,22.63,99.79,57.89
1996-08-09,0.0,35.6,23.39,85.0,41.09
1996-08-10,0.02,36.47,25.54,74.46,38.87
1996-08-11,0.07,36.08,25.01,73.83,38.53
1996-08-12,0.0,36.4,25.86,81.98,40.43
1996-08-13,27.01,37.13,25.79,81.14,41.0
1996-08-14,2.01,32.27,23.28,99.91,65.08
1996-08-15,6.45,31.8,22.46,98.74,56.97
1996-08-16,0.98,32.03,22.97,88.52,60.1
1996-08-17,0.0,33.41,24.01,94.5,55.55
1996-08-18,0.0,36.25,24.91,79.93,41.44
1996-08-19,1.19,34.36,25.27,83.06,50.41
1996-08-20,3.14,35.07,25.53,77.58,44.71
1996-08-21,31.42,32.77,24.21,97.88,55.66
1996-08-22,0.89,30.49,23.4,99.87,78.7
1996-08-23,5.03,31.97,23.72,99.71,66.39
1996-08-24,7.71,32.14,23.07,99.8,67.34
1996-08-25,0.21,32.59,23.7,99.9,66.49
1996-08-26,0.09,30.85,24.27,99.52,71.79
1996-08-27,2.06,30.97,23.48,99.53,72.91
1996-08-28,6.04,32.44,23.43,99.77,66.25
1996-08-29,0.0,34.19,23.87,90.07,52.64
1996-08-30,23.11,33.62,24.56,89.69,57.91
1996-08-31,0.04,34.76,24.25,84.28,46.4
1996-09-01,0.9,34.04,23.15,97.1,44.86
1996-09-02,0.44,34.59,23.56,74.48,47.64
1996-09-03,0.53,33.57,22.87,91.09,52.65
1996-09-04,2.61,35.06,22.97,90.79,43.6
1996-09-05,4.48,35.61,24.64,84.85,48.56
1996-09-06,15.35,37.24,24.26,88.09,36.99
1996-09-07,0.69,34.77,24.28,80.88,47.63
1996-09-08,0.0,36.25,23.41,84.8,39.59
1996-09-09,0.0,38.85,25.5,75.95,31.24
1996-09-10,0.0,38.33,25.4,64.82,27.84
1996-09-11,0.0,37.65,24.55,58.96,23.58
1996-09-12,0.0,36.82,24.53,60.77,31.67
1996-09-13,2.81,36.65,23.79,66.8,31.62
1996-09-14,0.0,35.95,24.65,62.17,35.28
1996-09-15,0.04,36.43,23.87,79.87,37.51
1996-09-16,0.0,34.37,24.98,76.71,45.98
1996-09-17,0.0,39.09,24.92,81.26,35.3
1996-09-18,0.0,40.09,26.86,70.82,31.25
1996-09-19,0.0,37.48,25.54,82.36,42.06
1996-09-20,1.78,35.28,24.15,95.16,46.62
1996-09-21,7.27,35.43,23.46,95.29,45.37
1996-09-22,0.0,38.95,24.02,83.92,32.48
1996-09-23,0.0,37.46,25.09,76.45,37.22
1996-09-24,0.0,36.61,24.6,84.72,42.81
1996-09-25,0.2,39.95,24.29,77.18,27.47
1996-09-26,13.62,38.78,27.43,55.91,30.06
1996-09-27,1.88,36.58,25.1,77.92,41.76
1996-09-28,0.34,38.02,23.43,87.93,32.47
1996-09-29,0.0,39.09,25.26,63.5,27.63
1996-09-30,0.09,38.73,25.71,64.36,29.71
1996-10-01,0.04,34.61,22.68,99.6,51.09
1996-10-02,0.0,29.1,21.22,99.76,76.52
1996-10-03,0.0,33.96,21.51,99.73,59.95
1996-10-04,0.0,37.71,23.48,99.11,34.6
1996-10-05,0.0,38.76,24.09,74.46,30.98
1996-10-06,0.07,39.3,24.52,85.34,30.45
1996-10-07,3.48,39.99,25.16,80.73,30.73
1996-10-08,8.64,37.12,24.3,99.92,41.04
1996-10-09,0.0,37.63,22.33,99.87,32.83
1996-10-10,0.0,40.68,24.04,76.0,19.18
1996-10-11,0.0,40.53,24.59,75.62,23.13
1996-10-12,0.0,40.81,24.88,75.35,20.13
1996-10-13,0.88,41.4,24.57,72.15,17.35
1996-10-14,10.28,42.03,25.06,57.59,19.64
1996-10-15,2.89,39.95,25.49,80.75,28.77
1996-10-16,0.23,41.63,25.87,65.22,15.71
1996-10-17,0.0,41.7,24.55,52.56,14.87
1996-10-18,0.0,41.15,24.33,39.12,15.61
1996-10-19,0.0,40.3,23.4,54.45,18.68
1996-10-20,0.0,41.46,24.33,48.81,13.17
1996-10-21,0.0,41.89,24.62,46.19,17.14
1996-10-22,0.0,41.88,24.55,70.25,13.47
1996-10-23,0.0,41.78,24.0,36.41,8.88
1996-10-24,0.0,42.03,23.37,25.91,10.2
1996-10-25,0.0,42.1,24.64,30.43,11.99
1996-10-26,0.01,41.27,24.26,52.95,10.15
1996-10-27,0.0,42.34,24.3,29.52,8.14
1996-10-28,0.0,41.93,23.27,21.24,8.19
1996-10-29,0.0,41.22,22.61,23.0,9.19
1996-10-30,0.0,41.26,22.75,24.82,10.29
1996-10-31,0.0,41.37,24.76,25.23,9.21
1996-11-01,0.0,41.07,22.14,27.74,8.29
1996-11-02,0.0,40.82,21.27,26.92,10.91
1996-11-03,0.0,40.81,21.48,31.01,9.2
1996-11-04,0.0,39.1,19.78,20.66,7.77
1996-11-05,0.0,39.38,19.23,28.25,9.47
1996-11-06,0.0,39.65,19.89,28.08,9.52
1996-11-07,0.0,39.58,21.95,51.94,19.05
1996-11-08,0.0,38.07,22.33,62.27,10.48
1996-11-09,0.0,38.96,21.57,24.59,8.65
1996-11-10,0.0,39.12,19.79,28.33,10.02
1996-11-11,0.0,38.27,19.47,29.54,9.81
1996-11-12,0.0,39.65,19.72,25.89,9.03
1996-11-13,0.0,38.97,19.7,25.32,9.41
1996-11-14,0.0,38.4,19.51,40.3,10.38
1996-11-15,0.0,38.27,19.17,33.9,10.79
1996-11-16,0.0,37.17,20.04,47.98,13.97
1996-11-17,0.0,38.76,19.04,45.24,10.83
1996-11-18,0.0,37.56,19.05,39.23,12.1
1996-11-19,0.0,39.45,19.94,33.67,10.33
1996-11-20,0.0,39.31,19.87,30.82,7.46
1996-11-21,0.0,38.71,19.52,19.36,6.09
1996-11-22,0.0,38.62,18.47,20.92,7.18
1996-11-23,0.0,37.03,17.82,24.38,8.18
1996-11-24,0.0,38.06,18.4,20.63,6.03
1996-11-25,0.0,38.98,19.01,18.78,6.46
1996-11-26,0.0,37.17,19.04,21.61,7.81
1996-11-27,0.0,37.49,18.16,19.62,6.09
1996-11-28,0.0,36.75,17.2,18.13,6.67
1996-11-29,0.0,36.09,16.67,21.57,7.16
1996-11-30,0.0,36.46,17.09,24.21,9.8
1996-12-01,0.0,36.97,17.13,34.11,13.91
1996-12-02,0.0,36.95,17.16,34.62,12.78
1996-12-03,0.0,36.81,16.79,26.39,10.62
1996-12-04,0.0,36.47,17.31,26.45,10.9
1996-12-05,0.0,36.55,17.56,20.6,9.89
1996-12-06,0.0,34.13,18.81,20.77,10.46
1996-12-07,0.0,35.51,16.96,24.4,12.54
1996-12-08,0.0,33.57,16.53,42.42,21.0
1996-12-09,0.0,33.11,15.38,38.69,18.39
1996-12-10,0.0,35.03,16.48,40.68,16.74
1996-12-11,0.0,37.44,17.71,34.29,13.43
1996-12-12,0.0,38.93,18.46,26.13,9.75
1996-12-13,0.0,39.55,18.64,24.35,10.65
1996-12-14,0.0,38.8,19.49,33.82,13.81
1996-12-15,0.0,34.46,17.76,20.52,7.87
1996-12-16,0.0,34.83,16.48,14.64,6.51
1996-12-17,0.0,36.03,15.36,16.68,8.56
1996-12-18,0.0,35.3,16.24,21.84,9.32
1996-12-19,0.0,36.58,16.67,18.03,8.42
1996-12-20,0.0,36.24,17.43,22.16,8.95
1996-12-21,0.0,34.16,16.96,72.67,24.34
1996-12-22,0.0,31.4,15.98,91.8,41.61
1996-12-23,0.0,32.97,16.48,91.0,35.84
1996-12-24,0.0,36.24,16.87,65.95,21.53
1996-12-25,0.0,37.7,18.63,37.22,10.83
1996-12-26,0.0,38.68,18.86,22.28,8.79
1996-12-27,0.0,37.14,18.53,21.21,9.46
1996-12-28,0.0,34.85,18.86,21.66,11.99
1996-12-29,0.0,35.62,18.58,24.22,13.15
1996-12-30,0.0,37.71,18.56,29.36,12.35
1996-12-31,0.0,39.12,20.01,28.23,12.79
1997-01-01,0.0,35.26,18.73,56.69,19.28
1997-01-02,0.0,34.92,18.85,44.85,18.43
1997-01-03,0.0,37.03,20.21,34.43,15.78
1997-01-04,0.0,35.87,20.13,44.42,23.5
1997-01-05,0.0,37.96,19.27,46.34,22.69
1997-01-06,0.0,38.57,20.33,44.49,19.52
1997-01-07,0.0,38.98,22.21,36.35,17.14
1997-01-08,0.0,37.72,20.72,33.34,15.71
1997-01-09,0.0,38.14,20.98,24.58,13.06
1997-01-10,0.0,35.39,19.55,30.85,15.77
1997-01-11,0.0,36.96,20.29,28.0,14.26
1997-01-12,0.0,39.45,21.45,26.57,15.1
1997-01-13,0.0,35.05,18.45,71.24,28.36
1997-01-14,0.0,33.71,19.4,54.74,35.81
1997-01-15,0.0,33.95,17.66,79.82,32.46
1997-01-16,0.0,36.55,17.68,56.64,24.0
1997-01-17,0.0,36.99,18.94,46.59,20.54
1997-01-18,0.0,36.2,17.98,30.84,14.51
1997-01-19,0.0,37.42,17.74,27.31,12.01
1997-01-20,0.0,36.05,18.21,27.42,12.63
1997-01-21,0.0,30.29,16.12,83.8,19.42
1997-01-22,0.0,28.38,13.82,91.03,37.53
1997-01-23,0.0,31.96,14.87,56.48,19.8
1997-01-24,0.0,32.45,15.3,40.13,18.58
1997-01-25,0.0,35.17,14.58,36.69,13.79
1997-01-26,0.0,37.55,16.87,27.48,12.27
1997-01-27,0.0,38.02,18.88,22.39,10.22
1997-01-28,0.0,35.5,17.33,19.34,9.34
1997-01-29,0.0,35.69,17.2,24.3,10.35
1997-01-30,0.0,37.8,17.38,18.92,7.65
1997-01-31,0.0,37.45,19.31,20.31,9.52
1997-02-01,0.0,36.67,19.27,20.45,9.55
1997-02-02,0.0,36.5,18.65,17.88,8.55
1997-02-03,0.0,37.35,18.92,16.85,7.7
1997-02-04,0.0,38.49,19.9,15.88,6.78
1997-02-05,0.0,38.79,20.35,15.02,7.27
1997-02-06,0.0,39.54,20.93,15.78,7.02
1997-02-07,0.0,38.93,20.38,16.49,7.94
1997-02-08,0.0,39.18,20.51,16.91,8.05
1997-02-09,0.0,38.32,20.04,21.56,8.66
1997-02-10,0.0,38.96,20.66,18.45,6.26
1997-02-11,0.0,39.36,20.73,13.77,5.62
1997-02-12,0.0,39.37,20.79,11.81,5.38
1997-02-13,0.0,39.44,21.44,14.25,7.5
1997-02-14,0.0,36.38,20.5,23.08,11.54
1997-02-15,0.0,38.37,18.61,23.37,10.62
1997-02-16,0.0,38.06,20.36,17.85,6.35
1997-02-17,0.0,37.69,18.8,11.98,6.91
1997-02-18,0.0,38.53,18.92,14.8,6.14
1997-02-19,0.0,39.03,19.64,12.59,5.75
1997-02-20,0.0,39.23,19.73,13.95,6.4
1997-02-21,0.0,39.4,19.73,15.0,6.19
1997-02-22,0.0,39.28,20.42,17.45,7.39
1997-02-23,0.0,38.52,19.28,17.15,8.12
1997-02-24,0.0,39.29,19.74,18.63,8.05
1997-02-25,0.0,39.74,20.71,18.6,7.8
1997-02-26,0.0,39.22,20.87,16.72,8.13
1997-02-27,0.0,38.69,20.29,18.57,8.04
1997-02-28,0.0,38.88,20.07,14.7,7.08
1997-03-01,0.0,39.11,21.48,12.8,5.34
1997-03-02,0.0,39.87,21.29,13.08,7.05
1997-03-03,0.0,40.05,22.13,16.71,6.93
1997-03-04,0.0,38.87,22.4,13.88,5.44
1997-03-05,0.0,37.51,20.57,13.06,6.57
1997-03-06,0.0,37.5,19.32,14.93,7.41
1997-03-07,0.0,37.71,20.34,16.25,7.77
1997-03-08,0.0,38.11,22.64,13.65,7.31
1997-03-09,0.0,37.64,24.06,12.58,7.73
1997-03-10,0.0,37.23,23.71,48.86,14.65
1997-03-11,0.0,39.39,22.69,43.1,13.3
1997-03-12,0.0,38.87,23.19,27.43,11.61
1997-03-13,0.0,35.76,20.16,19.29,8.33
1997-03-14,0.0,35.14,17.16,17.74,7.49
1997-03-15,0.0,33.37,18.27,19.27,9.77
1997-03-16,0.0,36.24,18.57,22.87,9.0
1997-03-17,0.0,37.93,19.39,18.88,7.14
1997-03-18,0.0,38.47,20.57,11.25,4.88
1997-03-19,0.0,39.1,21.11,13.33,6.61
1997-03-20,0.0,40.88,22.39,14.52,6.67
1997-03-21,0.0,41.57,22.77,16.11,8.3
1997-03-22,0.0,41.0,22.35,20.71,8.77
1997-03-23,0.0,36.98,21.82,34.68,13.3
1997-03-24,0.0,35.61,19.1,63.63,18.88
1997-03-25,0.0,35.93,19.44,45.96,18.58
1997-03-26,0.0,36.0,19.36,46.9,18.86
1997-03-27,0.0,35.82,19.32,71.32,25.13
1997-03-28,0.0,36.77,19.68,50.34,22.23
1997-03-29,0.0,34.11,19.22,73.06,31.09
1997-03-30,0.0,34.44,18.67,80.33,30.03
1997-03-31,0.0,36.9,19.16,64.27,26.35
1997-04-01,0.0,38.85,22.33,56.63,23.62
1997-04-02,0.0,39.83,22.6,62.97,23.11
1997-04-03,0.0,36.97,22.36,74.74,32.36
1997-04-04,0.0,35.15,20.89,69.19,30.55
1997-04-05,0.0,36.41,19.31,79.58,28.89
1997-04-06,0.0,36.86,21.16,77.84,31.61
1997-04-07,0.0,40.89,23.24,50.06,19.32
1997-04-08,0.0,40.87,23.74,35.79,14.94
1997-04-09,0.0,41.63,22.77,30.61,12.3
1997-04-10,0.0,43.36,24.5,25.99,11.04
1997-04-11,0.0,44.02,25.54,23.42,11.07
1997-04-12,0.0,43.3,25.04,28.85,12.11
1997-04-13,0.0,40.53,23.62,48.57,18.24
1997-04-14,0.0,41.81,23.3,40.3,12.93
1997-04-15,0.0,41.42,24.02,32.5,14.86
1997-04-16,0.0,38.07,22.73,56.41,23.39
1997-04-17,0.0,38.43,21.61,67.42,23.81
1997-04-18,0.0,38.15,21.36,70.05,24.96
1997-04-19,0.0,38.63,21.8,67.35,25.38
1997-04-20,0.0,39.35,21.13,70.57,22.84
1997-04-21,0.0,41.13,23.62,48.92,15.23
1997-04-22,0.0,40.85,23.56,26.3,12.29
1997-04-23,0.0,41.65,23.59,22.11,11.37
1997-04-24,0.0,41.89,24.43,25.85,11.55
1997-04-25,0.0,43.85,24.86,21.71,9.65
1997-04-26,0.0,44.44,25.24,16.84,8.02
1997-04-27,0.0,44.01,26.51,22.08,8.67
1997-04-28,0.0,43.66,25.37,29.53,9.35
1997-04-29,0.0,43.18,24.57,51.44,9.24
1997-04-30,0.0,43.89,24.83,22.21,7.08
1997-05-01,0.0,41.7,23.13,33.01,8.45
1997-05-02,0.0,42.8,23.29,51.02,10.19
1997-05-03,0.0,44.28,24.43,26.65,6.87
1997-05-04,0.0,43.88,24.46,30.58,8.52
1997-05-05,0.0,43.27,25.14,31.18,10.01
1997-05-06,0.0,43.7,24.56,44.93,9.31
1997-05-07,0.0,41.19,24.83,71.52,14.82
1997-05-08,0.0,41.09,25.91,67.26,26.3
1997-05-09,0.14,39.76,27.23,58.08,30.12
1997-05-10,0.01,41.3,27.69,61.08,15.25
1997-05-11,0.0,41.64,27.82,29.29,14.96
1997-05-12,0.0,44.08,28.19,29.37,10.23
1997-05-13,0.0,44.61,28.02,24.25,11.86
1997-05-14,0.0,43.11,27.64,33.5,12.46
1997-05-15,0.0,43.61,26.52,35.04,16.25
1997-05-16,0.0,43.5,27.92,33.56,13.61
1997-05-17,0.0,43.31,26.78,26.25,14.4
1997-05-18,0.69,43.9,27.77,38.27,18.01
1997-05-19,0.0,44.29,28.63,41.03,17.2
1997-05-20,0.0,43.97,27.66,42.66,14.67
1997-05-21,0.0,43.32,28.73,34.92,16.24
1997-05-22,0.0,44.19,28.25,42.44,16.88
1997-05-23,0.0,45.79,29.59,33.19,13.64
1997-05-24,0.0,45.24,27.35,42.45,14.3
1997-05-25,0.0,44.05,27.16,41.44,17.0
1997-05-26,0.0,41.71,26.55,48.2,20.74
1997-05-27,0.0,43.73,26.6,53.39,18.22
1997-05-28,0.0,44.52,28.9,43.67,19.2
1997-05-29,0.0,44.2,28.89,54.45,20.85
1997-05-30,8.75,43.9,29.94,47.03,25.04
1997-05-31,0.0,40.94,26.65,76.13,34.92
1997-06-01,0.0,43.01,29.03,55.61,19.53
1997-06-02,0.0,41.55,27.16,62.2,21.77
1997-06-03,0.0,41.83,26.9,57.98,21.43
1997-06-04,0.0,42.63,28.08,51.02,17.91
1997-06-05,0.42,41.14,28.14,69.29,25.95
1997-06-06,0.0,40.24,26.48,73.88,23.31
1997-06-07,0.0,43.94,27.64,54.34,16.55
1997-06-08,19.54,39.86,27.68,77.59,33.47
1997-06-09,0.25,41.41,26.59,74.5,18.1
1997-06-10,0.0,42.39,26.75,48.09,15.09
1997-06-11,0.0,40.05,27.42,72.09,25.82
1997-06-12,0.0,38.88,26.47,72.6,31.24
1997-06-13,0.01,38.68,25.4,74.28,30.15
1997-06-14,0.0,39.86,25.97,62.53,22.59
1997-06-15,2.56,40.41,26.61,62.81,22.33
1997-06-16,0.0,41.85,28.15,62.67,28.27
1997-06-17,13.52,41.18,28.43,68.54,29.93
1997-06-18,0.25,38.35,25.8,90.24,35.48
1997-06-19,0.0,39.68,25.26,81.33,23.02
1997-06-20,0.0,40.39,26.11,64.53,17.85
1997-06-21,0.0,41.45,25.5,61.06,17.78
1997-06-22,0.0,41.04,27.03,68.97,23.85
1997-06-23,0.0,41.41,27.38,73.5,20.66
1997-06-24,0.1,41.38,26.39,70.18,18.81
1997-06-25,2.02,40.17,26.75,75.1,27.23
1997-06-26,0.2,39.35,26.98,78.63,38.89
1997-06-27,0.0,37.21,26.23,86.84,45.96
1997-06-28,0.39,34.31,24.01,99.08,74.59
1997-06-29,0.0,34.36,23.8,99.06,51.0
1997-06-30,0.0,33.64,23.79,92.53,52.8
1997-07-01,0.0,35.76,25.46,88.09,48.52
1997-07-02,0.0,37.78,25.36,80.25,27.49
1997-07-03,0.0,38.47,24.38,61.71,29.85
1997-07-04,0.0,38.26,26.51,69.01,34.79
1997-07-05,0.0,39.55,26.58,72.94,25.29
1997-07-06,0.0,39.46,25.91,66.99,25.39
1997-07-07,0.0,37.87,26.74,69.58,39.87
1997-07-08,0.06,36.45,25.57,94.05,48.3
1997-07-09,5.21,32.63,24.17,99.22,66.17
1997-07-10,0.0,31.64,22.64,94.26,54.96
1997-07-11,0.0,32.59,22.69,87.21,56.79
1997-07-12,0.0,35.27,24.83,78.56,41.59
1997-07-13,0.0,35.82,24.51,67.45,38.6
1997-07-14,0.0,37.41,25.12,68.65,31.06
1997-07-15,0.0,37.77,24.69,63.87,29.11
1997-07-16,0.0,36.42,25.06,67.06,34.5
1997-07-17,0.93,37.41,25.88,67.34,37.41
1997-07-18,0.36,37.56,25.09,85.72,34.53
1997-07-19,0.0,37.06,24.55,89.86,39.71
1997-07-20,0.47,34.99,25.57,88.52,49.2
1997-07-21,9.62,32.21,23.48,99.78,66.24
1997-07-22,0.0,34.32,23.47,99.33,47.24
1997-07-23,0.0,37.25,24.73,79.63,33.97
1997-07-24,0.0,36.36,25.38,72.36,39.58
1997-07-25,0.0,36.66,26.28,82.57,45.91
1997-07-26,0.0,33.62,24.31,98.73,64.2
1997-07-27,0.3,32.13,23.93,99.34,70.26
1997-07-28,0.01,31.83,23.31,99.47,70.02
1997-07-29,0.0,33.28,24.87,99.05,67.44
1997-07-30,0.0,34.1,25.09,96.39,57.94
1997-07-31,0.0,33.63,23.75,83.94,49.71
1997-08-01,2.2,34.63,22.81,71.55,39.94
1997-08-02,0.02,33.04,24.74,78.61,50.58
1997-08-03,0.56,35.65,23.68,88.96,45.26
1997-08-04,0.02,38.53,25.59,74.44,35.06
1997-08-05,0.0,38.79,26.13,65.96,32.94
1997-08-06,0.0,39.15,26.05,69.21,29.91
1997-08-07,0.0,40.02,26.21,60.81,25.82
1997-08-08,0.0,37.25,26.77,69.04,40.35
1997-08-09,0.0,35.31,24.73,88.28,48.11
1997-08-10,0.0,37.73,25.57,74.51,32.39
1997-08-11,0.46,37.43,25.79,59.76,32.86
1997-08-12,0.01,39.93,26.71,61.35,27.94
1997-08-13,2.36,38.0,26.36,70.15,36.14
1997-08-14,0.05,35.21,24.28,96.63,54.46
1997-08-15,2.53,36.86,24.32,96.78,48.57
1997-08-16,0.0,33.82,24.74,96.82,64.91
1997-08-17,1.04,31.56,24.19,99.0,71.59
1997-08-18,0.0,33.86,23.65,98.46,56.02
1997-08-19,1.0,35.97,23.96,81.79,43.24
1997-08-20,2.03,33.6,25.53,82.43,55.42
1997-08-21,16.72,33.47,24.43,95.63,59.27
1997-08-22,13.33,32.32,23.56,98.99,66.28
1997-08-23,3.83,30.59,23.99,99.73,74.62
1997-08-24,1.43,30.67,23.94,99.72,73.27
1997-08-25,1.94,30.64,23.63,99.68,77.0
1997-08-26,27.99,32.1,23.7,99.18,65.73
1997-08-27,0.21,31.83,22.9,99.77,64.9
1997-08-28,0.0,32.7,23.41,97.39,61.98
1997-08-29,0.0,32.16,23.97,99.28,75.4
1997-08-30,8.48,33.36,24.94,99.58,65.99
1997-08-31,2.81,32.6,23.66,99.79,65.77
1997-09-01,0.03,34.37,23.73,94.15,52.47
1997-09-02,0.0,36.52,23.97,86.86,43.13
1997-09-03,0.0,36.51,25.62,74.75,43.47
1997-09-04,15.95,34.48,24.74,83.62,49.0
1997-09-05,1.45,32.25,24.61,93.17,62.04
1997-09-06,14.76,32.59,22.99,99.4,65.27
1997-09-07,0.0,34.4,22.97,97.13,55.87
1997-09-08,0.0,35.92,24.47,91.44,46.53
1997-09-09,0.0,37.43,25.38,72.45,32.67
1997-09-10,1.41,36.19,24.87,71.08,38.91
1997-09-11,13.52,34.67,24.12,87.29,43.33
1997-09-12,0.0,32.64,24.36,96.23,50.54
1997-09-13,0.0,33.71,23.0,98.51,53.95
1997-09-14,0.0,37.69,24.28,77.24,34.93
1997-09-15,0.0,37.23,25.74,77.65,35.71
1997-09-16,0.0,36.85,25.74,74.2,41.4
1997-09-17,9.0,36.92,26.11,72.5,38.71
1997-09-18,0.0,34.41,25.22,83.94,48.78
1997-09-19,0.1,35.84,23.51,94.56,44.17
1997-09-20,0.0,36.08,25.52,80.86,44.32
1997-09-21,0.0,39.03,25.77,72.43,31.88
1997-09-22,0.0,38.17,26.12,67.39,33.35
1997-09-23,0.0,37.93,25.81,75.19,37.67
1997-09-24,7.43,39.65,26.28,77.24,30.97
1997-09-25,0.0,38.8,25.82,71.48,28.76
1997-09-26,5.4,36.93,25.93,64.41,37.21
1997-09-27,0.13,37.61,25.32,78.16,36.25
1997-09-28,0.0,35.83,25.58,73.89,41.06
1997-09-29,0.28,38.2,25.62,73.87,33.1
1997-09-30,3.19,39.25,26.16,64.42,28.83
1997-10-01,0.0,41.07,25.46,73.09,22.73
1997-10-02,0.0,42.48,26.47,56.76,20.95
1997-10-03,0.0,43.33,26.53,62.23,20.86
1997-10-04,0.0,41.12,26.86,63.58,20.87
1997-10-05,0.0,43.27,26.93,47.51,17.29
1997-10-06,0.0,39.8,26.53,62.42,26.46
1997-10-07,0.0,36.47,23.71,99.56,47.65
1997-10-08,0.57,31.65,22.83,99.4,74.64
1997-10-09,0.92,33.64,22.36,99.48,62.53
1997-10-10,0.0,39.48,23.42,98.64,30.84
1997-10-11,0.25,40.0,25.84,79.11,30.81
1997-10-12,0.0,36.84,25.58,93.9,43.75
1997-10-13,0.0,39.82,23.68,95.25,19.65
1997-10-14,0.0,41.39,24.84,66.75,17.13
1997-10-15,0.0,41.67,25.04,44.68,16.19
1997-10-16,0.0,39.08,24.11,47.69,17.65
1997-10-17,0.0,38.62,23.76,49.58,22.23
1997-10-18,2.4,35.86,24.08,88.14,30.09
1997-10-19,0.0,37.45,22.77,91.02,27.37
1997-10-20,0.0,41.03,25.89,49.75,18.35
1997-10-21,0.03,41.93,26.01,49.7,15.93
1997-10-22,0.0,41.79,25.42,37.78,12.5
1997-10-23,0.0,42.23,24.98,31.97,12.06
1997-10-24,0.0,42.15,24.51,36.52,12.07
1997-10-25,0.0,42.45,24.92,56.5,13.95
1997-10-26,0.0,42.78,25.29,60.75,14.28
1997-10-27,0.11,43.08,26.14,34.25,11.94
1997-10-28,0.0,43.35,25.51,30.75,12.06
1997-10-29,0.0,42.8,25.8,33.95,12.97
1997-10-30,0.0,42.09,25.01,28.35,11.81
1997-10-31,0.0,42.41,25.79,27.85,11.55
1997-11-01,0.0,42.64,23.43,44.99,10.97
1997-11-02,0.0,41.93,23.6,32.88,8.49
1997-11-03,0.0,41.51,21.91,26.52,7.44
1997-11-04,0.0,41.43,20.96,18.82,6.8
1997-11-05,0.0,42.01,21.65,29.25,9.95
1997-11-06,0.0,42.57,22.2,31.16,10.4
1997-11-07,0.0,41.36,22.04,58.62,15.2
1997-11-08,0.0,41.23,22.34,75.56,23.76
1997-11-09,0.0,42.42,23.9,53.02,12.97
1997-11-10,0.0,42.64,22.44,34.85,12.42
1997-11-11,0.0,42.54,22.71,28.85,11.42
1997-11-12,0.0,42.64,22.49,30.67,10.32
1997-11-13,0.0,41.56,21.97,33.93,12.93
1997-11-14,0.0,42.14,21.75,36.71,12.68
1997-11-15,0.0,41.53,22.35,45.0,13.01
1997-11-16,0.0,41.92,21.81,43.67,10.63
1997-11-17,0.0,42.22,22.38,24.79,8.26
1997-11-18,0.0,41.99,21.98,26.18,9.23
1997-11-19,0.0,41.35,21.74,26.66,10.08
1997-11-20,0.0,38.9,19.44,34.84,12.15
1997-11-21,0.0,39.56,19.18,43.04,12.15
1997-11-22,0.0,39.92,19.77,27.73,9.94
1997-11-23,0.0,39.25,19.95,30.75,10.4
1997-11-24,0.0,37.74,19.48,32.06,10.8
1997-11-25,0.0,37.86,19.17,26.17,8.91
1997-11-26,0.0,37.71,17.85,26.19,8.13
1997-11-27,0.0,37.01,17.91,19.4,6.81
1997-11-28,0.0,36.15,18.32,29.87,9.64
1997-11-29,0.0,38.07,18.92,46.65,13.88
1997-11-30,0.0,39.05,19.4,38.22,11.48
1997-12-01,0.0,37.41,18.59,34.07,14.49
1997-12-02,0.0,37.53,17.59,34.47,14.13
1997-12-03,0.0,38.31,19.08,30.58,13.71
1997-12-04,0.0,38.93,19.7,29.49,12.44
1997-12-05,0.0,38.89,18.48,26.95,10.98
1997-12-06,0.0,39.08,19.12,23.27,9.86
1997-12-07,0.0,36.49,19.1,36.64,14.61
1997-12-08,0.0,36.17,18.0,47.54,20.38
1997-12-09,0.0,33.47,17.58,34.2,16.75
1997-12-10,0.0,32.12,15.46,31.81,11.09
1997-12-11,0.0,31.92,15.51,23.5,13.23
1997-12-12,0.0,33.1,15.26,25.77,11.6
1997-12-13,0.0,35.67,15.7,22.59,10.22
1997-12-14,0.0,36.39,16.26,23.6,10.7
1997-12-15,0.0,35.86,16.53,22.67,9.63
1997-12-16,0.0,36.97,17.29,19.57,9.39
1997-12-17,0.0,37.41,17.67,21.64,9.77
1997-12-18,0.0,37.51,17.04,20.67,9.29
1997-12-19,0.0,36.87,16.74,21.7,8.07
1997-12-20,0.0,36.57,16.36,19.23,7.87
1997-12-21,0.0,37.02,16.1,23.62,10.86
1997-12-22,0.0,35.75,16.4,45.7,18.77
1997-12-23,0.0,35.74,16.1,41.37,14.72
1997-12-24,0.0,35.69,17.07,27.11,11.25
1997-12-25,0.0,32.61,16.85,34.68,15.41
1997-12-26,0.0,31.67,14.96,45.29,17.97
1997-12-27,0.0,32.53,14.65,40.06,14.03
1997-12-28,0.0,32.79,14.58,31.86,13.11
1997-12-29,0.0,33.26,14.44,32.88,13.95
1997-12-30,0.0,33.94,14.74,33.73,12.19
1997-12-31,0.0,33.83,14.51,31.85,12.21
1998-01-01,0.0,32.8,15.11,28.47,12.33
1998-01-02,0.0,34.06,15.71,36.76,12.9
1998-01-03,0.0,36.53,17.69,47.4,14.92
1998-01-04,0.0,33.71,18.83,40.15,13.28
1998-01-05,0.0,34.7,17.63,22.6,10.58
1998-01-06,0.0,36.45,18.0,20.68,11.03
1998-01-07,0.0,36.33,18.42,23.35,10.59
1998-01-08,0.0,35.51,16.92,23.7,9.72
1998-01-09,0.0,35.88,16.42,24.68,11.06
1998-01-10,0.0,34.97,18.45,22.14,12.11
1998-01-11,0.0,38.81,19.91,21.58,10.58
1998-01-12,0.0,38.62,18.69,22.37,9.51
1998-01-13,0.0,38.46,18.55,19.09,8.32
1998-01-14,0.0,37.02,17.98,16.92,8.12
1998-01-15,0.0,36.34,17.62,19.86,8.75
1998-01-16,0.0,35.27,17.38,17.08,8.4
1998-01-17,0.0,33.66,16.0,24.84,12.32
1998-01-18,0.0,34.26,15.13,24.83,10.0
1998-01-19,0.0,35.17,16.28,22.7,9.25
1998-01-20,0.0,35.3,16.89,20.04,9.12
1998-01-21,0.0,36.21,17.84,18.92,8.27
1998-01-22,0.0,36.42,16.72,18.2,8.1
1998-01-23,0.0,37.64,17.2,13.64,5.8
1998-01-24,0.0,39.05,18.62,13.4,5.87
1998-01-25,0.0,38.44,18.86,13.57,6.13
1998-01-26,0.0,37.4,18.65,14.4,7.15
1998-01-27,0.0,33.09,18.68,39.1,12.46
1998-01-28,0.0,29.26,17.0,84.79,40.53
1998-01-29,0.0,31.85,17.81,82.65,42.81
1998-01-30,0.0,34.5,16.87,72.34,30.67
1998-01-31,0.0,35.2,17.45,70.13,30.57
1998-02-01,0.0,37.72,20.28,59.17,26.36
1998-02-02,0.0,35.31,20.17,71.65,33.32
1998-02-03,0.0,37.51,21.79,51.08,23.89
1998-02-04,0.0,41.94,21.64,40.25,15.84
1998-02-05,0.0,42.66,23.39,37.14,15.05
1998-02-06,0.0,42.26,24.52,30.53,15.7
1998-02-07,0.0,40.67,23.75,71.34,19.37
1998-02-08,0.0,42.91,24.84,28.09,13.49
1998-02-09,0.0,43.73,24.98,26.46,11.75
1998-02-10,0.0,41.61,23.64,29.11,13.16
1998-02-11,0.0,41.26,23.24,35.15,16.2
1998-02-12,0.0,40.53,22.44,51.24,18.29
1998-02-13,0.0,40.04,21.17,55.25,17.82
1998-02-14,0.0,43.9,23.2,44.14,11.07
1998-02-15,0.0,42.6,24.48,22.46,12.01
1998-02-16,0.0,37.45,22.2,26.47,13.59
1998-02-17,0.0,39.74,19.41,27.09,11.48
1998-02-18,0.0,41.19,21.57,18.11,8.12
1998-02-19,0.0,40.91,21.59,13.3,6.74
1998-02-20,0.0,39.41,20.85,15.8,7.52
1998-02-21,0.0,38.93,19.26,19.82,9.05
1998-02-22,0.0,40.27,20.54,20.04,7.65
1998-02-23,0.0,36.15,22.61,18.23,7.21
1998-02-24,0.0,38.98,21.46,12.33,6.73
1998-02-25,0.0,41.18,22.3,16.97,8.48
1998-02-26,0.0,42.44,23.59,15.08,7.01
1998-02-27,0.0,41.93,22.28,13.36,6.33
1998-02-28,0.0,41.56,21.75,12.56,6.02
1998-03-01,0.0,41.09,22.5,14.13,6.67
1998-03-02,0.0,38.93,21.03,14.43,7.41
1998-03-03,0.0,37.63,19.82,15.28,8.65
1998-03-04,0.0,38.64,20.72,16.91,6.89
1998-03-05,0.0,38.21,23.22,12.05,6.69
1998-03-06,0.0,40.57,24.15,12.4,6.16
1998-03-07,0.0,40.69,22.26,11.51,5.1
1998-03-08,0.0,41.33,22.23,10.72,5.63
1998-03-09,0.0,42.18,22.27,12.92,5.79
1998-03-10,0.0,41.45,21.61,17.48,6.53
1998-03-11,0.0,42.98,22.78,13.5,4.23
1998-03-12,0.0,42.29,23.21,11.17,4.96
1998-03-13,0.0,41.82,23.34,19.11,9.63
1998-03-14,0.0,39.19,21.07,29.94,11.21
1998-03-15,0.0,39.78,22.11,24.38,12.46
1998-03-16,0.0,36.78,23.85,22.83,11.1
1998-03-17,0.0,39.19,22.87,22.86,9.97
1998-03-18,0.0,41.4,22.54,17.89,8.74
1998-03-19,0.0,42.34,23.73,16.76,8.14
1998-03-20,0.0,41.55,22.8,15.62,7.79
1998-03-21,0.0,43.45,23.5,16.69,8.31
1998-03-22,0.0,44.09,25.15,17.23,10.5
1998-03-23,0.0,41.84,24.01,31.63,12.81
1998-03-24,0.0,38.31,23.84,61.19,22.9
1998-03-25,0.0,41.45,22.15,59.58,15.69
1998-03-26,0.0,44.74,23.59,62.54,6.96
1998-03-27,0.0,39.36,23.32,63.33,17.75
1998-03-28,0.0,38.05,22.47,47.82,27.35
1998-03-29,0.0,38.28,21.24,78.63,29.54
1998-03-30,0.0,43.45,23.65,51.69,18.93
1998-03-31,0.0,45.6,26.92,30.54,11.0
1998-04-01,0.0,45.38,27.26,27.95,10.7
1998-04-02,0.0,44.86,27.39,28.92,13.87
1998-04-03,0.0,44.68,26.31,30.07,14.21
1998-04-04,0.0,43.5,25.68,26.45,14.29
1998-04-05,0.0,43.71,24.78,32.51,14.34
1998-04-06,0.0,45.8,26.25,29.1,12.47
1998-04-07,0.0,45.39,27.51,29.49,13.28
1998-04-08,0.0,43.02,26.18,34.35,17.27
1998-04-09,0.0,42.05,24.63,52.95,20.89
1998-04-10,0.0,44.11,25.34,41.88,15.75
1998-04-11,0.0,43.8,25.73,29.75,12.81
1998-04-12,0.0,44.0,24.7,20.37,10.02
1998-04-13,0.0,42.86,26.97,26.75,14.73
1998-04-14,0.0,42.8,25.73,40.2,14.26
1998-04-15,0.0,41.24,26.49,34.32,17.17
1998-04-16,0.0,42.48,25.13,45.18,17.03
1998-04-17,0.0,43.71,26.25,33.41,14.87
1998-04-18,0.0,41.44,24.59,57.43,21.02
1998-04-19,0.0,42.67,24.33,50.52,17.75
1998-04-20,0.0,42.23,24.9,41.6,17.76
1998-04-21,0.0,42.55,25.21,35.36,14.07
1998-04-22,0.0,44.74,26.22,25.0,10.58
1998-04-23,0.06,45.19,27.13,24.83,11.22
1998-04-24,0.0,45.64,28.22,25.06,11.59
1998-04-25,0.0,43.93,27.7,22.16,13.14
1998-04-26,0.0,45.79,27.67,26.78,11.35
1998-04-27,0.0,46.71,28.38,26.6,8.96
1998-04-28,0.0,44.84,26.93,37.76,10.97
1998-04-29,0.0,45.49,25.98,41.45,8.99
1998-04-30,0.0,42.21,25.02,36.88,12.98
1998-05-01,0.0,41.36,24.45,55.67,19.51
1998-05-02,0.0,41.88,24.75,50.01,16.51
1998-05-03,0.0,42.52,25.03,37.28,14.68
1998-05-04,0.0,43.55,25.62,24.95,11.36
1998-05-05,0.0,42.74,25.59,33.71,14.27
1998-05-06,0.0,40.5,24.32,46.06,15.53
1998-05-07,0.0,38.92,24.48,48.6,16.94
1998-05-08,0.0,44.35,25.44,35.58,12.89
1998-05-09,0.0,45.33,27.67,32.93,14.9
1998-05-10,0.0,44.04,29.64,36.51,17.46
1998-05-11,0.0,44.88,28.65,34.87,13.89
1998-05-12,0.0,44.51,27.74,42.21,16.82
1998-05-13,0.0,44.49,27.22,44.8,20.49
1998-05-14,0.0,45.21,27.71,43.3,17.73
1998-05-15,0.0,43.54,26.89,50.24,19.91
1998-05-16,0.01,43.43,28.31,43.72,21.53
1998-05-17,0.0,44.54,27.55,46.12,22.23
1998-05-18,0.0,46.46,30.45,41.24,17.1
1998-05-19,0.0,41.97,25.8,94.95,28.92
1998-05-20,0.0,43.41,28.13,57.28,23.74
1998-05-21,0.0,39.87,26.45,56.01,25.8
1998-05-22,0.0,41.14,25.83,58.2,23.84
1998-05-23,0.0,40.44,25.81,54.12,22.37
1998-05-24,0.0,43.66,26.14,48.16,16.69
1998-05-25,0.0,42.59,26.05,43.8,18.96
1998-05-26,0.0,42.44,25.43,46.92,16.35
1998-05-27,0.0,44.73,26.65,38.67,13.44
1998-05-28,0.0,45.5,28.95,28.71,15.06
1998-05-29,0.0,45.31,28.06,29.44,14.67
1998-05-30,0.0,44.51,28.86,30.07,14.46
1998-05-31,0.0,45.35,27.61,31.8,13.18
1998-06-01,0.0,44.39,28.66,25.69,10.68
1998-06-02,0.0,43.0,27.85,30.44,11.65
1998-06-03,0.0,42.24,26.16,52.08,16.6
1998-06-04,0.0,39.77,26.14,54.93,21.49
1998-06-05,0.0,38.15,25.28,51.23,21.94
1998-06-06,0.0,39.29,25.55,58.12,22.3
1998-06-07,0.0,40.33,25.6,54.49,19.48
1998-06-08,0.0,40.42,26.58,48.08,17.45
1998-06-09,0.0,40.61,26.45,59.13,19.79
1998-06-10,0.0,40.97,25.87,56.44,18.76
1998-06-11,0.0,40.84,26.65,57.34,22.95
1998-06-12,0.03,40.52,27.37,63.06,28.36
1998-06-13,0.0,41.34,27.78,60.63,25.6
1998-06-14,0.0,43.95,28.2,55.53,19.03
1998-06-15,0.0,44.68,29.91,39.17,15.77
1998-06-16,2.03,41.9,28.08,68.07,23.77
1998-06-17,0.13,39.49,27.89,73.28,32.66
1998-06-18,0.0,38.08,25.61,90.53,43.97
1998-06-19,0.0,39.44,24.37,67.37,28.27
1998-06-20,0.0,39.14,26.61,61.54,29.31
1998-06-21,5.14,39.1,26.55,73.87,36.24
1998-06-22,0.0,39.29,24.2,94.71,35.48
1998-06-23,0.0,43.18,28.26,66.11,19.99
1998-06-24,0.0,42.17,29.93,47.19,23.79
1998-06-25,0.0,38.26,28.4,74.28,40.15
1998-06-26,0.0,40.31,26.74,78.55,31.3
1998-06-27,0.0,39.64,26.05,85.04,29.42
1998-06-28,0.0,39.37,24.88,58.98,23.49
1998-06-29,0.0,39.64,24.82,64.45,22.81
1998-06-30,0.0,40.15,25.86,64.09,28.03
1998-07-01,2.38,39.13,27.37,61.69,29.17
1998-07-02,1.4,38.73,26.1,73.7,32.42
1998-07-03,0.0,40.02,25.8,56.34,16.39
1998-07-04,0.0,41.46,25.83,45.65,17.29
1998-07-05,0.0,39.04,27.3,61.53,26.3
1998-07-06,0.0,37.73,26.23,62.38,26.61
1998-07-07,0.0,38.26,24.9,58.58,29.22
1998-07-08,1.38,38.09,25.88,56.69,30.75
1998-07-09,0.02,39.95,27.38,59.47,28.02
1998-07-10,0.0,39.8,26.96,62.77,25.7
1998-07-11,0.0,38.48,25.84,60.28,22.24
1998-07-12,0.0,36.83,24.24,53.76,21.3
1998-07-13,0.0,37.21,24.68,49.97,20.91
1998-07-14,0.0,37.59,23.75,55.3,21.41
1998-07-15,0.11,37.6,24.2,61.37,26.96
1998-07-16,0.0,38.8,27.28,61.09,33.16
1998-07-17,8.47,39.46,26.4,68.23,31.06
1998-07-18,0.02,38.4,25.89,72.88,35.86
1998-07-19,15.55,37.11,24.81,90.18,41.0
1998-07-20,0.0,36.99,25.06,82.0,36.91
1998-07-21,0.36,36.65,25.29,77.9,40.58
1998-07-22,18.87,35.96,25.67,75.15,43.24
1998-07-23,8.76,33.06,25.59,97.14,54.49
1998-07-24,10.75,34.08,23.74,99.55,55.99
1998-07-25,0.03,32.61,23.95,99.5,65.86
1998-07-26,0.0,32.87,24.77,99.57,66.72
1998-07-27,0.0,32.98,25.34,98.85,61.41
1998-07-28,29.01,34.04,24.91,94.72,54.09
1998-07-29,0.03,35.01,24.14,87.81,47.81
1998-07-30,0.0,37.15,25.85,84.39,40.73
1998-07-31,0.0,37.84,25.84,79.69,39.97
1998-08-01,0.06,38.48,24.72,75.6,29.88
1998-08-02,0.0,38.26,25.18,72.41,33.86
1998-08-03,0.35,38.17,26.81,70.95,37.49
1998-08-04,15.17,33.4,23.59,99.44,66.6
1998-08-05,0.0,31.82,23.42,99.54,74.03
1998-08-06,0.0,32.62,23.7,99.52,64.96
1998-08-07,11.21,33.26,24.23,96.84,61.37
1998-08-08,0.0,33.49,23.95,97.12,55.94
1998-08-09,0.28,35.97,24.14,76.73,48.02
1998-08-10,0.18,34.83,25.13,86.46,50.25
1998-08-11,8.75,36.53,24.5,79.54,44.87
1998-08-12,0.0,37.79,25.91,77.96,39.29
1998-08-13,2.29,37.33,25.54,73.89,40.4
1998-08-14,0.2,34.96,25.65,89.3,50.53
1998-08-15,0.47,36.61,23.66,93.86,44.35
1998-08-16,6.19,35.91,24.77,90.58,50.82
1998-08-17,1.66,35.08,24.65,90.96,51.88
1998-08-18,0.0,36.7,24.39,87.6,42.69
1998-08-19,0.0,37.73,26.21,75.82,43.03
1998-08-20,11.7,35.46,25.6,89.02,51.98
1998-08-21,2.36,31.51,24.45,97.42,68.46
1998-08-22,6.33,31.42,22.66,98.63,68.58
1998-08-23,0.0,33.49,23.16,99.12,55.16
1998-08-24,0.0,36.89,24.96,83.79,42.24
1998-08-25,0.0,39.19,26.03,63.12,28.65
1998-08-26,8.59,38.5,26.87,80.73,41.75
1998-08-27,2.76,34.96,24.51,90.47,53.77
1998-08-28,0.0,37.5,24.21,88.11,42.23
1998-08-29,0.0,38.95,26.64,77.21,34.84
1998-08-30,0.07,37.73,25.39,74.87,40.06
1998-08-31,3.11,38.38,25.7,78.15,39.31
1998-09-01,2.73,36.18,25.55,86.86,45.3
1998-09-02,0.0,31.82,23.54,99.56,72.07
1998-09-03,0.03,32.09,23.53,99.55,71.07
1998-09-04,0.3,34.46,23.6,98.58,54.75
1998-09-05,0.02,36.98,24.72,85.62,43.09
1998-09-06,7.43,35.49,26.34,85.79,49.49
1998-09-07,40.54,30.53,23.74,99.77,78.74
1998-09-08,14.37,27.25,22.88,99.69,84.77
1998-09-09,4.98,28.85,22.36,99.81,77.4
1998-09-10,14.28,32.44,22.43,99.72,65.71
1998-09-11,0.19,30.02,22.95,99.69,76.45
1998-09-12,9.21,31.61,22.59,99.8,66.54
1998-09-13,0.0,33.43,23.08,97.82,62.61
1998-09-14,0.0,35.37,24.66,90.22,57.42
1998-09-15,22.56,32.39,24.67,95.02,68.68
1998-09-16,10.84,31.14,23.63,99.81,75.56
1998-09-17,0.0,31.09,23.44,99.72,73.66
1998-09-18,0.02,31.37,23.05,99.44,72.71
1998-09-19,0.0,33.42,22.94,99.78,59.33
1998-09-20,0.32,34.53,23.75,96.82,56.42
1998-09-21,3.2,35.05,24.24,93.2,50.13
1998-09-22,0.0,35.96,23.84,83.44,46.23
1998-09-23,0.0,37.67,25.62,78.89,33.59
1998-09-24,0.21,37.19,24.56,73.09,36.64
1998-09-25,0.34,34.23,24.99,86.33,54.44
1998-09-26,0.0,34.39,23.53,92.1,55.11
1998-09-27,0.0,34.95,24.13,91.92,52.26
1998-09-28,11.62,37.41,23.26,95.15,34.52
1998-09-29,1.17,38.09,25.53,73.28,36.83
1998-09-30,0.0,38.52,26.31,70.75,34.77
1998-10-01,0.0,40.06,25.2,83.02,30.81
1998-10-02,0.0,39.55,25.42,89.88,36.87
1998-10-03,0.27,39.1,24.55,93.49,36.36
1998-10-04,0.0,40.42,25.87,81.37,29.12
1998-10-05,0.0,40.05,23.8,88.62,28.36
1998-10-06,0.0,38.99,25.17,90.45,42.32
1998-10-07,0.0,41.64,25.3,90.71,21.05
1998-10-08,0.0,42.32,26.02,40.98,15.13
1998-10-09,0.0,39.89,23.54,37.77,15.54
1998-10-10,0.0,36.91,21.99,66.39,21.27
1998-10-11,0.0,38.51,23.63,71.01,34.82
1998-10-12,0.0,40.87,24.56,87.47,20.56
1998-10-13,0.0,42.01,24.44,58.88,14.05
1998-10-14,0.0,41.15,24.59,26.35,8.81
1998-10-15,0.0,41.63,24.11,26.03,10.91
1998-10-16,0.0,41.69,24.34,47.31,15.06
1998-10-17,0.0,42.14,24.84,62.7,18.09
1998-10-18,0.0,43.52,25.53,58.45,10.37
1998-10-19,0.02,42.18,25.46,48.08,14.61
1998-10-20,0.0,42.42,25.49,64.24,20.16
1998-10-21,0.0,43.06,25.23,60.46,10.31
1998-10-22,0.0,42.03,25.36,37.47,13.84
1998-10-23,0.0,41.81,25.11,61.09,15.39
1998-10-24,0.0,40.25,23.69,32.39,12.17
1998-10-25,0.07,40.81,23.04,29.69,11.81
1998-10-26,0.22,41.8,24.91,28.44,13.16
1998-10-27,0.0,42.49,25.4,28.46,11.59
1998-10-28,0.0,42.29,25.54,30.23,9.43
1998-10-29,0.0,40.14,22.35,22.92,9.73
1998-10-30,0.0,39.88,22.88,44.27,13.75
1998-10-31,0.0,38.82,24.74,83.01,30.8
1998-11-01,0.0,42.66,23.08,77.32,13.53
1998-11-02,0.0,41.71,22.08,27.82,8.74
1998-11-03,0.0,41.51,21.21,22.51,9.34
1998-11-04,0.0,41.39,21.81,53.51,14.02
1998-11-05,0.0,41.69,22.04,51.47,13.34
1998-11-06,0.0,42.75,22.58,34.47,10.3
1998-11-07,0.0,42.05,21.54,27.98,9.39
1998-11-08,0.0,42.15,21.06,35.96,8.1
1998-11-09,0.0,42.02,21.98,25.53,6.39
1998-11-10,0.0,40.5,20.48,15.68,5.35
1998-11-11,0.0,40.44,19.92,21.17,7.91
1998-11-12,0.0,39.54,20.37,23.6,9.27
1998-11-13,0.0,38.95,19.56,25.82,8.86
1998-11-14,0.0,38.14,18.95,25.23,9.51
1998-11-15,0.0,39.33,20.03,24.57,9.6
1998-11-16,0.0,40.52,21.71,23.36,8.7
1998-11-17,0.0,41.67,21.8,21.72,8.77
1998-11-18,0.0,40.95,21.67,22.63,7.72
1998-11-19,0.0,40.68,21.18,20.24,7.14
1998-11-20,0.0,40.06,20.69,18.73,7.04
1998-11-21,0.0,39.35,20.24,19.52,6.2
1998-11-22,0.0,38.19,20.4,20.73,9.43
1998-11-23,0.0,38.94,19.91,27.66,10.66
1998-11-24,0.0,38.61,19.87,29.01,9.89
1998-11-25,0.0,37.6,19.99,25.58,8.48
1998-11-26,0.0,37.54,18.36,20.87,7.06
1998-11-27,0.0,36.85,19.11,19.69,7.55
1998-11-28,0.0,36.83,18.91,20.0,7.92
1998-11-29,0.0,35.45,18.32,20.36,8.26
1998-11-30,0.0,35.39,18.4,18.33,6.49
1998-12-01,0.0,37.94,19.03,24.05,10.03
1998-12-02,0.0,39.19,19.75,37.48,17.27
1998-12-03,0.0,38.97,19.64,39.76,17.64
1998-12-04,0.0,38.91,19.32,37.24,17.28
1998-12-05,0.0,39.65,19.73,39.45,17.8
1998-12-06,0.0,39.62,20.68,37.24,16.46
1998-12-07,0.0,38.92,19.72,32.63,15.06
1998-12-08,0.0,36.35,19.34,32.79,14.9
1998-12-09,0.0,33.45,17.86,47.49,19.57
1998-12-10,0.0,30.7,15.49,26.3,16.59
1998-12-11,0.0,30.12,14.44,33.42,17.95
1998-12-12,0.0,32.21,15.14,32.16,15.89
1998-12-13,0.0,34.65,17.47,25.98,15.25
1998-12-14,0.0,38.01,18.49,50.84,16.17
1998-12-15,0.0,37.67,19.04,31.58,13.66
1998-12-16,0.0,39.28,18.93,28.72,12.81
1998-12-17,0.0,39.25,19.63,30.67,13.94
1998-12-18,0.0,40.02,19.62,28.46,12.62
1998-12-19,0.0,39.68,19.9,28.29,12.5
1998-12-20,0.0,37.59,19.22,29.62,14.55
1998-12-21,0.0,35.46,18.39,33.33,15.01
1998-12-22,0.0,36.33,18.55,31.03,12.91
1998-12-23,0.0,36.43,17.57,29.59,11.9
1998-12-24,0.0,37.25,17.58,28.49,11.8
1998-12-25,0.0,38.58,18.53,26.48,10.89
1998-12-26,0.0,38.42,18.78,23.54,10.9
1998-12-27,0.0,36.28,17.78,22.39,9.79
1998-12-28,0.0,31.31,17.38,51.93,16.64
1998-12-29,0.0,32.61,16.28,69.05,27.82
1998-12-30,0.0,32.88,15.45,51.93,20.33
1998-12-31,0.0,30.96,14.06,38.92,13.98
1999-01-01,0.0,30.9,13.7,54.45,19.71
1999-01-02,0.0,31.61,13.09,31.95,13.92
1999-01-03,0.0,33.73,14.78,62.82,22.71
1999-01-04,0.0,34.4,16.48,39.06,15.45
1999-01-05,0.0,35.27,19.79,23.66,12.6
1999-01-06,0.0,32.89,18.31,62.71,15.73
1999-01-07,0.0,34.43,18.83,43.66,19.37
1999-01-08,0.0,32.16,17.24,80.56,37.15
1999-01-09,0.0,31.64,19.08,76.78,44.41
1999-01-10,0.0,32.21,17.68,83.15,31.31
1999-01-11,0.0,32.84,15.71,78.58,25.52
1999-01-12,0.0,29.25,15.03,71.62,27.99
1999-01-13,0.0,29.29,14.6,68.89,27.44
1999-01-14,0.0,29.66,13.84,86.5,30.71
1999-01-15,0.0,30.84,13.46,49.05,22.53
1999-01-16,0.0,34.0,15.28,37.7,20.38
1999-01-17,0.0,34.25,17.48,35.05,16.24
1999-01-18,0.0,32.66,17.14,32.39,19.68
1999-01-19,0.0,31.97,14.52,36.63,17.26
1999-01-20,0.0,33.29,14.72,36.5,15.94
1999-01-21,0.0,32.44,15.53,41.07,14.02
1999-01-22,0.0,31.49,13.89,39.75,17.57
1999-01-23,0.0,30.67,13.4,39.92,16.41
1999-01-24,0.0,32.58,14.57,32.12,14.65
1999-01-25,0.0,34.18,15.96,38.28,14.77
1999-01-26,0.0,33.07,16.84,30.99,13.72
1999-01-27,0.0,31.43,15.74,35.34,15.7
1999-01-28,0.0,31.57,14.79,32.41,13.43
1999-01-29,0.0,33.77,15.01,26.89,10.67
1999-01-30,0.0,32.87,15.13,24.73,10.37
1999-01-31,0.0,35.45,16.46,18.82,8.93
1999-02-01,0.0,35.7,18.5,15.79,7.69
1999-02-02,0.0,35.88,17.32,19.6,9.48
1999-02-03,0.0,35.91,19.02,19.72,10.06
1999-02-04,0.0,33.08,20.95,26.17,12.22
1999-02-05,0.0,31.02,17.08,15.06,7.43
1999-02-06,0.0,30.95,15.66,15.83,7.96
1999-02-07,0.0,30.9,13.82,15.42,7.81
1999-02-08,0.0,33.75,14.31,22.84,8.18
1999-02-09,0.0,35.93,16.44,18.39,6.57
1999-02-10,0.0,37.42,17.94,16.12,6.39
1999-02-11,0.0,37.84,19.13,21.61,7.52
1999-02-12,0.0,37.86,19.04,28.41,12.57
1999-02-13,0.04,36.76,18.73,27.79,15.32
1999-02-14,0.0,35.3,17.96,32.97,14.33
1999-02-15,0.0,33.83,16.83,32.93,14.9
1999-02-16,0.0,31.91,17.05,38.39,17.34
1999-02-17,0.0,34.33,16.83,27.24,13.12
1999-02-18,0.0,34.06,16.24,29.31,14.06
1999-02-19,0.0,32.29,16.65,30.0,14.37
1999-02-20,0.0,32.01,15.74,26.5,13.5
1999-02-21,0.0,33.19,16.38,26.68,14.51
1999-02-22,0.0,34.77,17.07,27.85,12.7
1999-02-23,0.0,37.03,18.28,26.13,12.33
1999-02-24,0.0,39.17,19.74,21.83,9.83
1999-02-25,0.0,40.39,21.22,19.66,12.29
1999-02-26,0.0,39.78,20.99,18.71,9.38
1999-02-27,0.0,37.52,20.06,21.21,10.86
1999-02-28,0.0,33.68,20.37,34.07,16.51
1999-03-01,0.0,36.26,20.66,34.32,14.9
1999-03-02,0.0,36.79,20.15,43.27,18.55
1999-03-03,0.0,36.83,19.0,26.79,11.35
1999-03-04,0.0,36.87,19.37,25.94,14.9
1999-03-05,0.0,38.32,20.15,24.17,10.71
1999-03-06,0.0,37.72,22.38,19.83,10.77
1999-03-07,0.0,39.73,21.81,20.25,9.9
1999-03-08,0.0,39.8,21.48,20.8,11.37
1999-03-09,0.0,37.83,21.12,44.35,18.43
1999-03-10,0.0,34.78,19.61,53.03,26.37
1999-03-11,0.0,36.49,19.24,46.18,19.82
1999-03-12,0.0,37.47,19.98,42.41,16.38
1999-03-13,0.0,36.74,18.74,39.04,14.85
1999-03-14,0.0,36.83,19.57,41.55,15.28
1999-03-15,0.0,38.38,20.5,41.43,15.36
1999-03-16,0.0,39.43,21.12,27.43,12.29
1999-03-17,0.0,40.56,21.98,23.86,11.67
1999-03-18,0.0,42.1,22.56,24.95,11.93
1999-03-19,0.0,42.53,22.77,32.25,11.36
1999-03-20,0.0,43.16,24.02,28.53,11.17
1999-03-21,0.0,43.96,24.34,31.24,11.06
1999-03-22,0.0,43.91,24.31,34.74,12.99
1999-03-23,0.0,42.02,23.72,35.7,14.68
1999-03-24,0.0,41.02,23.2,37.14,15.23
1999-03-25,0.0,39.56,21.67,56.55,20.8
1999-03-26,0.0,36.68,20.67,55.63,22.39
1999-03-27,0.0,38.01,21.25,38.31,14.4
1999-03-28,0.0,39.88,20.72,32.39,13.35
1999-03-29,0.0,42.53,23.18,24.21,10.25
1999-03-30,0.0,44.17,24.32,17.31,8.12
1999-03-31,0.0,41.42,23.7,18.62,8.43
1999-04-01,0.0,41.58,23.03,34.85,11.85
1999-04-02,0.0,43.28,23.28,35.2,10.25
1999-04-03,0.0,44.96,25.61,25.9,9.17
1999-04-04,0.0,44.5,25.53,26.66,8.84
1999-04-05,0.0,43.78,24.84,27.45,10.09
1999-04-06,0.0,43.93,25.16,22.52,6.89
1999-04-07,0.0,43.33,25.09,15.15,6.76
1999-04-08,0.0,43.28,25.51,15.99,7.55
1999-04-09,0.0,42.06,24.61,30.88,10.07
1999-04-10,0.07,40.6,26.55,34.8,13.78
1999-04-11,0.0,42.72,25.42,47.44,20.58
1999-04-12,0.0,44.66,26.74,49.61,14.66
1999-04-13,0.0,43.29,26.36,52.36,19.66
1999-04-14,0.0,38.31,22.4,52.63,23.03
1999-04-15,0.0,34.84,19.91,70.6,31.63
1999-04-16,0.0,38.56,20.66,68.03,25.64
1999-04-17,0.0,41.11,22.81,55.65,15.48
1999-04-18,0.0,44.36,25.94,30.54,12.42
1999-04-19,0.0,43.54,26.69,25.98,13.78
1999-04-20,0.0,42.47,26.42,21.21,11.81
1999-04-21,0.0,43.56,24.92,17.78,8.75
1999-04-22,0.0,45.76,25.88,18.63,6.99
1999-04-23,0.0,47.39,27.38,15.38,8.29
1999-04-24,0.0,46.94,27.1,22.45,8.04
1999-04-25,0.0,43.55,25.61,39.14,11.16
1999-04-26,0.0,40.7,24.72,54.81,23.46
1999-04-27,0.0,40.08,24.21,65.47,26.07
1999-04-28,0.0,37.87,22.03,56.77,24.27
1999-04-29,0.0,37.53,21.8,65.17,28.4
1999-04-30,0.0,40.76,23.7,53.79,16.67
1999-05-01,0.0,42.14,26.03,34.48,11.92
1999-05-02,0.0,43.9,26.05,27.24,11.88
1999-05-03,0.0,43.85,27.27,21.37,10.46
1999-05-04,0.0,44.7,27.02,23.13,10.88
1999-05-05,0.0,42.82,26.1,37.54,13.81
1999-05-06,0.0,43.72,24.61,39.46,9.46
1999-05-07,0.0,44.59,25.61,31.88,9.89
1999-05-08,0.0,42.4,25.74,38.44,15.63
1999-05-09,0.0,41.05,24.76,45.31,20.44
1999-05-10,0.0,41.04,23.93,49.01,17.28
1999-05-11,0.0,42.7,23.78,45.04,10.75
1999-05-12,0.0,42.85,24.9,36.96,12.85
1999-05-13,0.0,40.82,25.18,67.46,26.44
1999-05-14,0.0,41.46,25.26,66.17,23.31
1999-05-15,0.0,40.4,24.67,61.36,24.14
1999-05-16,0.0,39.59,24.22,64.88,30.13
1999-05-17,0.0,38.52,24.3,67.9,31.28
1999-05-18,0.11,42.55,26.35,55.99,24.15
1999-05-19,0.0,43.07,26.78,52.25,18.29
1999-05-20,0.0,42.51,26.41,54.59,18.87
1999-05-21,0.0,43.31,26.68,39.65,17.86
1999-05-22,0.0,42.38,27.24,67.61,27.85
1999-05-23,0.0,42.75,25.96,78.17,17.86
1999-05-24,0.0,43.6,26.0,52.95,12.34
1999-05-25,0.0,39.95,24.56,45.79,17.12
1999-05-26,0.0,38.81,23.44,65.69,23.77
1999-05-27,0.0,39.51,22.86,61.95,23.46
1999-05-28,0.0,42.67,24.45,58.32,20.63
1999-05-29,0.0,41.82,26.79,57.94,27.58
1999-05-30,0.0,41.85,27.32,67.67,31.15
1999-05-31,0.0,43.43,27.36,58.1,24.23
1999-06-01,0.15,41.86,27.59,42.2,18.74
1999-06-02,0.18,42.62,27.9,47.28,20.86
1999-06-03,0.0,42.23,27.85,60.25,19.18
1999-06-04,0.0,41.58,26.44,57.49,20.78
1999-06-05,0.0,40.81,27.08,60.43,29.74
1999-06-06,2.14,39.25,25.98,75.53,30.33
1999-06-07,0.0,40.93,27.27,64.05,21.92
1999-06-08,0.0,38.82,27.04,51.64,25.55
1999-06-09,0.0,42.09,27.36,58.7,21.08
1999-06-10,0.0,40.73,26.7,70.77,24.17
1999-06-11,0.0,40.16,26.12,75.85,30.64
1999-06-12,0.0,41.83,27.27,68.82,22.71
1999-06-13,0.39,40.08,27.37,65.79,29.24
1999-06-14,0.0,36.47,24.18,99.25,55.72
1999-06-15,0.0,40.31,24.73,91.37,20.09
1999-06-16,0.0,42.02,25.69,61.5,18.69
1999-06-17,0.03,41.02,26.89,73.93,27.98
1999-06-18,0.0,38.63,24.28,93.29,33.78
1999-06-19,0.0,40.49,24.6,73.64,21.04
1999-06-20,0.0,42.98,27.35,49.52,21.47
1999-06-21,2.43,39.51,26.0,86.8,29.49
1999-06-22,1.12,37.55,25.85,94.61,50.67
1999-06-23,0.0,38.33,24.07,90.17,29.27
1999-06-24,0.0,38.84,25.21,70.34,32.34
1999-06-25,0.0,37.29,25.45,81.86,43.25
1999-06-26,0.0,39.09,25.99,81.6,37.88
1999-06-27,0.0,37.96,25.36,85.33,35.94
1999-06-28,1.37,40.78,26.39,70.81,21.81
1999-06-29,0.0,38.91,26.19,60.02,33.62
1999-06-30,0.66,35.64,25.62,99.4,60.51
1999-07-01,11.38,36.42,24.35,86.92,37.99
1999-07-02,8.59,37.95,23.62,82.87,29.28
1999-07-03,0.0,38.04,25.41,68.13,31.18
1999-07-04,3.44,37.67,25.2,74.38,37.85
1999-07-05,0.23,35.26,24.81,78.62,43.19
1999-07-06,5.25,37.45,25.64,77.69,39.39
1999-07-07,7.5,33.63,25.01,83.16,45.72
1999-07-08,0.0,37.79,25.39,70.62,26.51
1999-07-09,0.0,36.77,23.97,62.92,31.3
1999-07-10,0.0,36.98,25.11,66.63,35.89
1999-07-11,12.39,38.19,27.3,72.97,38.41
1999-07-12,4.5,35.32,24.7,88.74,47.81
1999-07-13,1.33,33.9,23.65,93.69,46.77
1999-07-14,0.0,36.65,25.48,85.24,39.95
1999-07-15,4.01,33.51,25.07,99.2,53.73
1999-07-16,1.59,31.61,23.55,99.78,68.19
1999-07-17,0.0,34.02,23.49,99.88,50.38
1999-07-18,0.0,35.35,24.04,81.27,39.92
1999-07-19,0.0,36.23,26.04,84.53,45.51
1999-07-20,0.1,34.86,24.25,97.9,53.22
1999-07-21,0.04,35.54,24.16,99.91,50.69
1999-07-22,0.08,35.67,24.42,88.8,42.28
1999-07-23,0.23,35.12,25.33,83.57,46.78
1999-07-24,0.73,36.81,24.66,84.73,37.73
1999-07-25,0.0,38.13,25.72,79.26,32.15
1999-07-26,0.0,37.51,25.35,69.76,33.81
1999-07-27,0.23,36.98,26.36,77.77,43.33
1999-07-28,6.15,37.76,25.6,80.8,36.24
1999-07-29,22.27,35.12,25.07,85.9,46.96
1999-07-30,0.0,37.36,24.07,88.26,34.22
1999-07-31,0.0,35.24,23.37,86.88,47.33
1999-08-01,10.09,35.72,24.96,83.91,41.14
1999-08-02,0.15,37.42,25.5,73.34,36.49
1999-08-03,1.93,35.86,25.85,80.99,44.86
1999-08-04,0.61,33.33,24.15,97.94,62.12
1999-08-05,1.51,33.8,23.35,98.94,57.59
1999-08-06,0.15,31.95,23.24,99.82,62.54
1999-08-07,0.1,35.07,23.33,87.92,47.5
1999-08-08,0.67,34.78,24.83,88.13,43.19
1999-08-09,0.31,35.74,24.98,70.9,41.36
1999-08-10,0.09,32.58,23.74,96.81,62.47
1999-08-11,0.61,34.43,23.47,91.41,49.27
1999-08-12,7.4,31.89,24.49,83.35,56.58
1999-08-13,19.98,34.3,24.75,92.68,54.09
1999-08-14,11.04,32.02,23.21,99.92,69.13
1999-08-15,6.1,30.47,23.37,99.9,73.94
1999-08-16,15.45,31.14,23.07,99.87,67.41
1999-08-17,2.51,32.69,22.71,96.4,58.62
1999-08-18,1.09,31.51,23.7,99.88,69.16
1999-08-19,0.08,31.67,21.58,92.99,57.74
1999-08-20,2.61,34.23,24.3,83.23,49.21
1999-08-21,6.35,33.99,24.6,89.52,50.87
1999-08-22,0.1,32.52,23.41,96.05,63.21
1999-08-23,0.2,32.39,23.96,95.31,62.87
1999-08-24,4.11,32.11,23.36,91.89,59.44
1999-08-25,3.94,31.56,24.14,90.96,61.06
1999-08-26,0.38,29.23,23.56,99.85,74.57
1999-08-27,0.27,27.71,23.04,99.93,85.64
1999-08-28,27.64,32.3,23.18,99.9,65.7
1999-08-29,0.04,28.4,23.46,99.93,82.01
1999-08-30,12.46,29.97,22.91,99.84,71.2
1999-08-31,16.31,30.78,23.19,99.79,71.79
1999-09-01,0.96,30.31,22.37,99.93,73.2
1999-09-02,0.0,31.48,23.11,97.75,71.99
1999-09-03,1.36,32.61,23.13,98.95,64.7
1999-09-04,16.51,32.46,23.41,96.71,66.41
1999-09-05,0.02,31.92,22.6,99.93,66.39
1999-09-06,5.46,31.83,22.53,99.24,68.19
1999-09-07,2.77,31.37,23.13,99.87,70.69
1999-09-08,0.0,30.45,22.6,99.95,73.79
1999-09-09,3.29,32.63,22.51,99.93,63.32
1999-09-10,4.79,31.25,22.99,98.85,66.67
1999-09-11,0.0,32.48,22.21,99.86,57.83
1999-09-12,0.0,34.05,23.1,88.81,52.27
1999-09-13,0.43,33.54,22.89,91.4,53.91
1999-09-14,9.91,33.34,23.4,93.36,57.13
1999-09-15,9.18,31.87,23.13,99.69,63.52
1999-09-16,0.59,31.91,22.85,99.9,66.18
1999-09-17,0.79,32.32,23.24,98.93,69.29
1999-09-18,0.25,32.5,23.27,99.83,68.12
1999-09-19,0.0,32.06,23.39,99.79,71.28
1999-09-20,0.0,32.05,23.1,99.92,70.99
1999-09-21,10.81,32.73,22.78,99.26,62.39
1999-09-22,0.0,34.75,22.67,96.2,49.92
1999-09-23,0.0,36.79,24.0,85.47,34.97
1999-09-24,0.0,34.38,24.13,89.85,50.81
1999-09-25,0.0,35.54,23.92,92.78,48.19
1999-09-26,0.0,36.04,24.72,81.28,43.03
1999-09-27,3.64,34.14,24.02,87.85,53.79
1999-09-28,0.0,35.39,22.89,90.29,43.11
1999-09-29,1.7,34.22,25.41,88.56,49.14
1999-09-30,0.91,34.2,22.82,98.64,50.32
1999-10-01,0.0,39.76,24.65,87.0,33.15
1999-10-02,7.49,37.18,24.23,95.25,36.79
1999-10-03,1.87,37.27,23.92,99.45,43.65
1999-10-04,4.77,33.51,22.62,99.55,57.33
1999-10-05,0.68,30.58,21.6,99.6,72.22
1999-10-06,0.0,33.1,21.4,99.56,53.05
1999-10-07,0.51,39.47,23.56,92.78,22.96
1999-10-08,5.65,37.44,23.92,78.68,31.72
1999-10-09,0.15,33.83,23.16,99.6,52.27
1999-10-10,0.0,34.11,21.97,99.7,51.38
1999-10-11,0.0,35.52,22.86,99.41,46.52
1999-10-12,0.0,38.83,24.03,91.46,29.94
1999-10-13,0.0,39.73,24.58,69.85,28.52
1999-10-14,0.0,39.14,24.65,77.91,32.47
1999-10-15,0.7,37.78,24.6,84.77,40.13
1999-10-16,0.98,35.78,23.75,99.04,55.43
1999-10-17,1.88,32.65,22.07,99.57,66.08
1999-10-18,29.45,34.26,22.79,98.74,49.72
1999-10-19,0.0,37.18,22.44,98.38,32.92
1999-10-20,0.0,38.33,22.68,81.08,22.57
1999-10-21,0.0,39.4,23.95,48.68,20.06
1999-10-22,0.0,40.28,24.45,53.46,20.66
1999-10-23,0.0,41.18,25.09,49.77,12.39
1999-10-24,0.0,41.15,24.12,26.93,11.35
1999-10-25,0.0,40.04,23.27,52.3,12.8
1999-10-26,0.0,37.42,21.87,62.93,19.46
1999-10-27,0.0,36.02,22.27,69.45,27.32
1999-10-28,0.0,37.43,22.81,66.22,20.31
1999-10-29,0.0,39.24,23.18,42.86,16.42
1999-10-30,0.0,40.15,23.1,37.31,10.06
1999-10-31,0.0,38.91,22.1,32.5,13.45
1999-11-01,0.0,40.62,21.46,62.6,16.54
1999-11-02,0.0,40.37,21.16,35.1,11.07
1999-11-03,0.0,40.29,20.47,33.13,12.16
1999-11-04,0.0,40.2,21.28,58.82,18.46
1999-11-05,0.0,39.35,21.59,82.04,22.44
1999-11-06,0.0,40.95,21.82,57.78,14.13
1999-11-07,0.0,40.43,21.69,37.92,13.26
1999-11-08,0.0,38.72,20.5,33.94,12.91
1999-11-09,0.0,38.28,20.78,29.28,11.78
1999-11-10,0.0,39.22,19.32,33.94,12.66
1999-11-11,0.0,39.56,20.55,48.27,17.57
1999-11-12,0.0,40.09,21.23,57.74,18.51
1999-11-13,0.0,40.54,21.27,39.19,11.56
1999-11-14,0.0,39.97,20.71,28.3,9.95
1999-11-15,0.0,37.32,20.87,39.55,13.03
1999-11-16,0.0,38.35,19.88,48.66,17.75
1999-11-17,0.0,37.04,19.79,46.12,19.23
1999-11-18,0.0,37.25,20.45,47.14,19.73
1999-11-19,0.0,36.85,19.76,50.95,22.76
1999-11-20,0.0,38.73,20.7,56.08,22.2
1999-11-21,0.01,39.31,21.96,56.03,22.18
1999-11-22,0.0,39.57,22.07,55.19,23.75
1999-11-23,0.0,39.82,22.15,51.52,20.79
1999-11-24,0.0,40.01,22.46,53.87,19.41
1999-11-25,0.0,39.88,21.71,48.19,15.1
1999-11-26,0.0,39.47,20.71,39.02,13.72
1999-11-27,0.0,39.13,20.34,34.81,12.69
1999-11-28,0.0,39.65,20.61,44.7,16.02
1999-11-29,0.0,39.55,20.73,37.83,14.26
1999-11-30,0.0,39.29,20.42,45.7,17.34
1999-12-01,0.0,39.19,19.73,49.2,22.02
1999-12-02,0.0,39.48,19.97,47.54,20.95
1999-12-03,0.0,39.13,20.16,35.97,17.12
1999-12-04,0.0,36.46,18.62,34.89,18.38
1999-12-05,0.0,38.01,18.39,42.03,17.62
1999-12-06,0.0,37.02,17.82,40.53,18.86
1999-12-07,0.0,37.75,17.61,42.58,18.66
1999-12-08,0.0,38.39,18.29,40.45,16.96
1999-12-09,0.0,35.47,18.16,44.02,21.3
1999-12-10,0.0,35.28,17.11,38.23,16.97
1999-12-11,0.0,35.63,16.69,33.6,17.84
1999-12-12,0.0,35.07,17.02,35.12,17.0
1999-12-13,0.0,33.52,16.8,33.08,18.65
1999-12-14,0.0,33.4,16.21,34.17,17.09
1999-12-15,0.0,35.42,16.15,35.96,16.67
1999-12-16,0.0,35.18,16.1,33.79,16.3
1999-12-17,0.0,34.95,16.06,32.84,13.57
1999-12-18,0.0,32.66,15.61,29.63,16.26
1999-12-19,0.0,28.5,14.93,38.98,13.27
1999-12-20,0.0,28.71,12.64,21.58,12.45
1999-12-21,0.0,30.6,12.84,30.57,15.57
1999-12-22,0.0,31.68,14.88,32.54,13.97
1999-12-23,0.0,31.07,14.42,25.01,13.43
1999-12-24,0.0,32.59,14.98,30.73,16.29
1999-12-25,0.0,28.37,16.46,78.63,21.19
1999-12-26,0.0,30.51,15.11,98.48,23.9
1999-12-27,0.0,34.19,19.17,28.66,17.15
1999-12-28,0.0,34.4,19.22,41.31,15.62
1999-12-29,0.0,36.65,19.02,27.34,13.39
1999-12-30,0.0,34.0,17.5,24.28,9.19
1999-12-31,0.0,30.88,17.8,55.21,11.63
2000-01-01,0.0,33.28,17.93,49.89,19.58
2000-01-02,0.0,32.37,18.25,61.47,25.66
2000-01-03,0.0,34.9,18.74,40.14,14.57
2000-01-04,0.0,30.73,20.75,51.65,20.86
2000-01-05,0.0,28.09,16.31,92.29,43.59
2000-01-06,0.0,30.08,16.49,83.93,25.84
2000-01-07,0.0,32.18,18.19,39.54,27.5
2000-01-08,0.0,33.86,18.24,44.23,17.27
2000-01-09,0.0,35.58,17.68,37.14,17.32
2000-01-10,0.0,35.37,18.81,75.39,36.81
2000-01-11,0.0,34.64,18.78,66.75,33.52
2000-01-12,0.0,34.31,17.99,52.75,26.09
2000-01-13,0.0,33.54,17.73,36.42,16.34
2000-01-14,0.0,32.16,16.13,30.28,18.49
2000-01-15,0.0,33.09,15.62,37.75,17.19
2000-01-16,0.0,34.23,17.07,25.03,12.37
2000-01-17,0.0,35.85,17.85,18.33,8.24
2000-01-18,0.0,37.87,18.46,21.0,11.44
2000-01-19,0.0,38.04,19.24,28.08,15.22
2000-01-20,0.0,36.46,17.79,29.18,14.0
2000-01-21,0.0,38.29,18.05,24.83,12.7
2000-01-22,0.0,38.09,18.7,22.5,12.99
2000-01-23,0.0,37.47,19.62,24.57,14.28
2000-01-24,0.0,37.88,20.26,26.86,12.13
2000-01-25,0.0,34.46,18.94,28.45,14.15
2000-01-26,0.0,37.36,18.01,32.95,11.12
2000-01-27,0.0,37.65,19.02,29.37,8.97
2000-01-28,0.0,38.72,20.37,27.39,12.02
2000-01-29,0.0,40.11,20.84,28.27,12.56
2000-01-30,0.0,41.03,21.51,25.41,10.66
2000-01-31,0.0,39.88,21.8,23.74,13.71
2000-02-01,0.0,35.87,20.03,28.71,14.1
2000-02-02,0.0,35.17,19.86,21.57,9.87
2000-02-03,0.0,34.1,17.34,14.73,8.44
2000-02-04,0.0,33.98,15.94,19.09,7.95
2000-02-05,0.0,34.8,17.09,20.49,9.32
2000-02-06,0.0,33.66,17.03,21.75,11.47
2000-02-07,0.0,33.61,18.34,23.44,10.8
2000-02-08,0.0,35.02,18.97,18.97,11.4
2000-02-09,0.0,34.11,19.42,23.07,11.68
2000-02-10,0.0,34.2,16.82,21.93,11.51
2000-02-11,0.0,35.7,18.29,20.28,10.61
2000-02-12,0.0,36.72,19.0,19.34,8.9
2000-02-13,0.0,37.22,20.01,14.91,8.71
2000-02-14,0.0,37.42,20.39,16.9,6.1
2000-02-15,0.0,36.58,19.84,8.58,4.73
2000-02-16,0.0,36.42,19.54,11.0,5.82
2000-02-17,0.0,36.34,18.67,15.47,8.08
2000-02-18,0.0,36.99,17.72,16.49,6.99
2000-02-19,0.0,38.01,19.11,14.49,6.99
2000-02-20,0.0,39.11,18.96,13.9,7.0
2000-02-21,0.0,40.46,19.93,13.49,7.24
2000-02-22,0.0,38.15,21.29,19.94,9.23
2000-02-23,0.02,35.35,21.46,42.17,18.94
2000-02-24,0.0,32.05,21.25,55.58,33.0
2000-02-25,0.0,36.79,20.09,44.92,18.55
2000-02-26,0.0,41.21,19.28,40.21,7.64
2000-02-27,0.0,42.69,21.54,18.33,7.65
2000-02-28,0.0,40.16,21.37,26.89,9.8
2000-02-29,0.0,42.62,21.32,24.83,8.87
2000-03-01,0.0,41.82,22.93,29.66,9.98
2000-03-02,0.0,40.38,22.4,44.46,14.5
2000-03-03,0.0,40.9,21.89,48.74,10.0
2000-03-04,0.0,41.96,22.34,33.36,7.02
2000-03-05,0.0,41.66,22.26,24.42,6.93
2000-03-06,0.0,42.71,22.87,15.24,5.22
2000-03-07,0.0,43.01,23.42,10.44,4.81
2000-03-08,0.0,42.47,23.22,10.79,6.06
2000-03-09,0.0,42.93,23.72,13.63,6.16
2000-03-10,0.0,42.07,23.19,15.08,6.69
2000-03-11,0.0,41.12,23.05,15.52,7.8
2000-03-12,0.0,41.06,21.9,17.84,8.27
2000-03-13,0.0,41.73,22.45,15.81,6.03
2000-03-14,0.0,41.21,22.56,11.53,5.66
2000-03-15,0.0,40.52,21.46,9.99,5.19
2000-03-16,0.0,41.24,21.4,11.85,5.4
2000-03-17,0.0,41.8,22.1,10.58,4.88
2000-03-18,0.0,41.97,22.83,10.23,5.29
2000-03-19,0.0,41.51,22.98,14.34,7.7
2000-03-20,0.0,41.81,22.83,15.32,8.24
2000-03-21,0.0,42.33,22.77,23.56,8.67
2000-03-22,0.0,41.86,22.19,32.58,8.35
2000-03-23,0.0,43.53,22.56,21.39,6.44
2000-03-24,0.0,43.32,22.95,20.66,6.3
2000-03-25,0.0,43.06,23.11,19.34,8.04
2000-03-26,0.0,41.08,23.12,22.46,11.46
2000-03-27,0.0,40.8,22.34,25.43,11.07
2000-03-28,0.0,42.35,22.82,25.1,11.05
2000-03-29,0.0,42.91,22.94,30.12,11.51
2000-03-30,0.0,41.93,23.03,49.89,18.99
2000-03-31,0.0,45.39,25.5,37.07,15.86
2000-04-01,0.0,45.24,27.16,36.21,12.64
2000-04-02,0.0,40.35,24.46,54.87,19.41
2000-04-03,0.0,38.5,21.81,72.54,25.66
2000-04-04,0.0,40.56,22.21,48.56,17.32
2000-04-05,0.0,43.67,25.21,30.64,13.86
2000-04-06,0.0,44.78,26.71,27.69,11.76
2000-04-07,0.0,40.56,25.46,40.78,17.06
2000-04-08,0.0,41.38,22.62,57.71,18.0
2000-04-09,0.0,42.51,23.87,40.97,16.73
2000-04-10,0.0,43.56,24.06,42.92,13.92
2000-04-11,0.0,44.2,25.46,31.69,12.8
2000-04-12,0.0,44.38,26.18,23.18,10.3
2000-04-13,0.0,44.46,25.64,19.2,7.93
2000-04-14,0.0,45.56,27.63,24.05,10.83
2000-04-15,0.0,45.47,27.72,25.14,11.21
2000-04-16,0.0,44.63,26.36,33.85,12.94
2000-04-17,0.0,45.36,27.53,34.03,12.87
2000-04-18,0.0,43.79,27.45,47.19,16.94
2000-04-19,0.0,45.19,26.67,48.42,11.65
2000-04-20,0.0,44.59,25.96,47.56,7.03
2000-04-21,0.0,45.69,27.24,11.92,6.77
2000-04-22,0.0,44.76,27.51,16.45,6.98
2000-04-23,0.0,45.14,26.47,13.55,5.61
2000-04-24,0.0,42.69,24.56,25.26,6.9
2000-04-25,0.0,39.77,24.93,40.76,12.97
2000-04-26,0.0,40.73,24.66,51.15,17.85
2000-04-27,0.0,45.42,24.21,51.11,8.55
2000-04-28,0.0,44.75,27.66,26.83,11.69
2000-04-29,0.0,44.2,26.13,19.64,8.91
2000-04-30,0.0,41.3,24.57,28.46,9.88
2000-05-01,0.0,40.12,23.41,30.23,13.5
2000-05-02,0.0,38.74,22.37,50.84,19.47
2000-05-03,0.0,37.3,22.26,59.96,23.41
2000-05-04,0.0,37.6,22.88,63.65,25.03
2000-05-05,0.0,42.68,24.24,41.88,14.74
2000-05-06,0.0,43.03,26.16,36.35,16.17
2000-05-07,0.0,43.63,26.99,36.62,15.59
2000-05-08,0.0,43.71,26.79,34.02,14.13
2000-05-09,0.0,42.27,25.65,41.85,13.63
2000-05-10,0.0,44.72,25.43,31.66,10.64
2000-05-11,0.0,41.0,25.02,40.44,16.77
2000-05-12,0.0,39.91,23.67,53.11,23.46
2000-05-13,0.0,42.05,24.46,53.26,19.56
2000-05-14,0.0,42.07,24.62,44.29,14.7
2000-05-15,0.0,41.4,24.25,45.99,18.76
2000-05-16,0.0,39.67,23.9,54.03,23.25
2000-05-17,0.0,39.74,22.81,56.22,22.87
2000-05-18,0.0,42.94,24.28,55.86,17.42
2000-05-19,0.0,45.08,26.25,46.06,15.9
2000-05-20,0.0,42.1,25.94,48.47,18.65
2000-05-21,0.0,38.82,25.32,55.25,24.63
2000-05-22,0.0,38.07,21.97,54.09,24.22
2000-05-23,0.0,37.45,23.1,56.38,23.26
2000-05-24,0.0,42.81,25.05,53.09,19.1
2000-05-25,0.0,43.99,28.68,43.41,19.37
2000-05-26,0.0,42.46,29.46,44.51,21.17
2000-05-27,0.0,42.81,26.03,68.23,18.21
2000-05-28,0.0,41.05,26.08,55.72,21.84
2000-05-29,0.0,41.78,25.3,55.69,19.71
2000-05-30,0.0,44.06,25.47,53.03,12.36
2000-05-31,0.0,43.8,25.3,47.47,12.41
2000-06-01,0.0,40.81,26.89,57.34,11.03
2000-06-02,0.0,39.9,26.22,71.16,30.95
2000-06-03,0.0,41.24,26.75,64.74,24.85
2000-06-04,0.0,40.54,25.51,50.26,18.97
2000-06-05,0.0,38.58,24.46,51.38,19.05
2000-06-06,0.0,37.95,23.17,43.43,19.78
2000-06-07,0.0,38.28,22.96,52.96,22.16
2000-06-08,0.0,39.42,23.67,54.11,21.14
2000-06-09,0.0,40.02,25.6,51.58,26.66
2000-06-10,0.0,36.5,26.13,65.6,36.66
2000-06-11,0.0,39.37,25.43,67.8,25.72
2000-06-12,0.0,41.39,27.13,56.45,26.13
2000-06-13,0.03,40.47,26.6,66.01,30.16
2000-06-14,0.0,40.42,25.91,69.44,26.2
2000-06-15,0.0,41.97,26.56,51.33,18.24
2000-06-16,0.0,40.04,26.04,53.51,24.1
2000-06-17,0.0,39.57,25.41,64.56,29.28
2000-06-18,0.0,39.94,25.08,71.68,31.36
2000-06-19,0.12,40.68,26.64,63.35,26.21
2000-06-20,0.08,40.9,26.21,61.46,26.4
2000-06-21,0.4,37.67,24.6,84.33,45.94
2000-06-22,0.0,39.27,24.12,96.67,31.21
2000-06-23,0.0,39.72,25.94,83.0,35.48
2000-06-24,0.0,39.05,26.1,86.11,38.49
2000-06-25,19.31,36.78,24.33,95.91,50.5
2000-06-26,0.03,34.88,23.4,99.92,58.31
2000-06-27,0.0,37.94,24.39,98.98,41.38
2000-06-28,0.57,39.49,25.16,90.82,34.41
2000-06-29,1.44,38.29,25.91,73.93,36.68
2000-06-30,0.0,40.3,26.63,71.98,26.73
2000-07-01,0.1,39.27,25.97,57.78,26.05
2000-07-02,0.0,39.1,26.46,65.88,31.21
2000-07-03,0.0,39.21,25.2,76.23,28.27
2000-07-04,0.0,39.05,25.78,61.08,25.34
2000-07-05,0.0,38.75,25.0,67.47,28.71
2000-07-06,9.73,38.21,25.99,75.84,35.02
2000-07-07,17.02,34.72,25.8,99.08,48.21
2000-07-08,0.0,28.49,23.22,99.83,83.06
2000-07-09,0.0,31.96,22.65,97.61,67.32
2000-07-10,0.0,31.71,23.1,97.14,62.81
2000-07-11,0.0,32.31,23.01,92.31,60.46
2000-07-12,0.84,33.0,23.7,90.86,55.01
2000-07-13,5.11,35.97,24.25,77.95,43.78
2000-07-14,0.0,37.04,25.17,80.61,34.55
2000-07-15,0.0,37.11,25.52,68.09,37.26
2000-07-16,0.0,34.04,24.82,83.52,53.36
2000-07-17,0.0,35.85,25.32,92.39,48.3
2000-07-18,0.0,31.78,24.34,99.46,70.92
2000-07-19,0.0,30.44,22.59,99.79,66.64
2000-07-20,0.02,31.38,21.31,92.34,58.34
2000-07-21,13.29,31.85,24.78,86.49,62.08
2000-07-22,0.04,31.23,23.13,94.02,65.01
2000-07-23,0.48,34.01,23.83,97.0,51.88
2000-07-24,0.01,35.5,24.25,93.8,50.5
2000-07-25,1.64,33.03,24.49,99.15,60.61
2000-07-26,8.22,29.54,23.73,99.79,79.26
2000-07-27,35.11,26.81,22.64,99.88,86.72
2000-07-28,0.94,29.88,22.71,99.91,78.9
2000-07-29,18.75,30.22,22.33,99.86,67.34
2000-07-30,0.0,31.35,22.94,99.8,70.14
2000-07-31,19.63,29.59,22.74,99.92,71.37
2000-08-01,1.86,28.23,21.92,99.9,76.85
2000-08-02,13.59,31.55,21.76,99.52,65.16
2000-08-03,0.78,32.01,22.72,99.66,64.57
2000-08-04,7.49,31.39,22.67,99.66,64.64
2000-08-05,0.0,29.33,22.43,99.72,80.14
2000-08-06,0.0,31.57,22.87,99.64,62.7
2000-08-07,0.0,31.87,22.17,95.16,62.53
2000-08-08,4.46,31.33,23.45,98.88,73.05
2000-08-09,1.68,31.52,23.63,99.67,72.41
2000-08-10,15.65,30.83,23.45,99.86,72.01
2000-08-11,0.0,32.07,22.96,99.86,62.71
2000-08-12,0.27,32.77,23.35,97.22,61.73
2000-08-13,0.0,33.09,23.84,97.87,63.08
2000-08-14,25.64,31.83,22.78,96.87,64.67
2000-08-15,0.0,32.93,23.12,95.2,55.74
2000-08-16,0.0,33.65,24.25,87.73,54.5
2000-08-17,1.39,33.51,24.03,87.07,53.83
2000-08-18,0.7,34.06,23.87,85.88,53.42
2000-08-19,5.95,34.33,25.42,86.63,55.4
2000-08-20,9.6,31.69,23.67,99.32,66.88
2000-08-21,9.69,30.66,22.61,99.89,69.14
2000-08-22,0.23,32.25,22.18,99.76,60.41
2000-08-23,0.13,32.64,23.3,96.98,64.57
2000-08-24,0.0,34.12,24.46,94.21,56.73
2000-08-25,0.82,33.35,25.28,87.57,61.71
2000-08-26,0.0,33.77,23.52,93.21,52.48
2000-08-27,0.12,33.94,24.85,88.74,53.94
2000-08-28,0.01,35.57,24.81,83.72,49.2
2000-08-29,13.16,36.12,25.33,85.91,47.86
2000-08-30,11.36,35.66,25.11,81.33,42.78
2000-08-31,2.25,37.44,25.27,66.52,35.31
2000-09-01,0.0,39.43,25.88,67.3,28.86
2000-09-02,0.0,39.64,26.5,58.45,29.16
2000-09-03,32.69,38.72,25.52,79.15,36.31
2000-09-04,1.98,39.46,25.65,71.94,24.39
2000-09-05,0.0,39.52,25.69,63.19,28.74
2000-09-06,0.0,38.17,25.96,74.73,42.81
2000-09-07,0.0,36.87,24.95,86.08,43.7
2000-09-08,1.98,35.0,24.97,88.98,53.24
2000-09-09,0.23,34.35,22.74,98.57,47.45
2000-09-10,0.0,36.84,23.72,90.22,42.44
2000-09-11,0.0,37.24,24.76,82.89,36.32
2000-09-12,0.0,39.37,25.97,72.71,34.18
2000-09-13,0.13,37.09,24.46,81.87,41.8
2000-09-14,9.74,32.06,23.74,94.91,69.12
2000-09-15,0.0,32.76,22.84,99.19,64.99
2000-09-16,0.0,35.64,23.28,98.15,51.75
2000-09-17,0.0,35.72,23.89,94.64,49.54
2000-09-18,5.62,35.9,23.84,90.29,48.49
2000-09-19,0.0,38.82,24.39,86.97,32.02
2000-09-20,0.0,38.73,24.17,79.34,35.81
2000-09-21,0.07,37.49,24.72,85.77,38.53
2000-09-22,16.53,34.61,24.74,99.71,47.65
2000-09-23,0.0,32.26,22.17,99.94,64.64
2000-09-24,0.0,37.43,22.72,96.19,33.76
2000-09-25,0.01,37.44,24.36,74.87,37.18
2000-09-26,0.58,33.89,24.38,94.14,55.97
2000-09-27,0.13,30.26,22.31,92.28,66.79
2000-09-28,0.0,35.48,21.69,94.0,36.99
2000-09-29,0.0,37.34,23.57,71.56,32.53
2000-09-30,8.02,37.9,23.99,76.24,35.99
2000-10-01,1.67,37.22,24.45,99.87,47.38
2000-10-02,11.29,33.77,21.32,99.9,52.56
2000-10-03,7.22,34.66,23.06,99.49,55.97
2000-10-04,0.0,39.42,22.19,99.85,27.64
2000-10-05,0.0,39.46,24.39,76.62,28.01
2000-10-06,0.0,38.55,23.3,94.48,32.47
2000-10-07,0.03,40.9,23.79,78.62,9.31
2000-10-08,0.0,39.96,22.41,48.45,10.51
2000-10-09,0.0,41.21,23.35,48.92,14.92
2000-10-10,0.02,42.46,24.36,51.83,12.1
2000-10-11,0.0,42.03,24.62,56.56,18.96
2000-10-12,0.17,39.29,25.28,85.52,31.32
2000-10-13,4.12,33.1,22.94,99.86,62.19
2000-10-14,21.17,27.8,21.34,99.94,83.91
2000-10-15,23.19,30.24,20.36,99.95,64.23
2000-10-16,20.17,32.42,21.38,99.87,56.55
2000-10-17,0.0,33.11,22.19,96.52,42.21
2000-10-18,4.4,37.36,24.43,64.21,31.83
2000-10-19,0.0,37.35,22.69,74.54,23.47
2000-10-20,0.0,38.87,23.87,32.27,13.31
2000-10-21,0.0,37.78,22.52,27.6,13.37
2000-10-22,0.0,37.45,21.43,30.45,13.05
2000-10-23,0.04,37.15,21.49,27.5,12.15
2000-10-24,0.0,37.4,21.29,37.68,13.34
2000-10-25,0.0,38.22,22.36,36.04,16.45
2000-10-26,0.0,40.53,24.43,41.09,15.86
2000-10-27,0.0,41.86,25.16,38.19,15.39
2000-10-28,0.0,42.06,25.48,36.96,11.19
2000-10-29,0.0,41.07,24.51,60.22,16.42
2000-10-30,0.0,40.77,24.47,67.9,18.87
2000-10-31,0.0,41.08,24.55,50.99,19.24
2000-11-01,0.0,42.2,23.19,70.07,18.99
2000-11-02,0.0,41.66,23.24,46.95,12.11
2000-11-03,0.0,40.53,21.41,33.61,11.62
2000-11-04,0.0,40.45,20.7,24.52,7.97
2000-11-05,0.0,42.35,21.31,27.95,8.04
2000-11-06,0.0,42.36,21.44,18.15,7.21
2000-11-07,0.0,41.76,21.93,26.6,10.33
2000-11-08,0.0,41.28,21.63,43.64,12.7
2000-11-09,0.0,40.73,21.54,48.51,13.32
2000-11-10,0.0,40.04,20.71,80.98,20.6
2000-11-11,0.0,38.53,20.71,54.35,16.5
2000-11-12,0.0,35.97,20.17,77.27,31.02
2000-11-13,0.0,37.99,20.34,88.29,27.3
2000-11-14,0.0,39.76,21.34,59.83,16.09
2000-11-15,0.0,40.49,21.18,48.93,15.05
2000-11-16,0.0,38.59,22.24,44.82,15.66
2000-11-17,0.0,41.09,22.28,40.05,14.37
2000-11-18,0.0,39.99,20.78,34.72,13.6
2000-11-19,0.0,40.04,20.26,30.99,11.57
2000-11-20,0.0,38.8,19.7,30.22,10.98
2000-11-21,0.0,38.79,20.21,24.54,9.22
2000-11-22,0.0,35.59,18.5,15.84,5.07
2000-11-23,0.0,36.73,18.01,13.16,5.12
2000-11-24,0.0,36.21,17.97,15.56,5.78
2000-11-25,0.0,34.6,17.63,15.52,5.88
2000-11-26,0.0,36.09,17.32,17.4,6.69
2000-11-27,0.0,35.96,16.99,24.43,7.6
2000-11-28,0.0,37.09,17.05,23.04,7.93
2000-11-29,0.0,40.3,18.88,24.9,7.95
2000-11-30,0.0,39.93,20.27,22.99,7.8
2000-12-01,0.0,39.69,19.38,20.58,8.97
2000-12-02,0.0,37.66,17.87,20.57,7.94
2000-12-03,0.0,37.12,16.96,15.93,7.55
2000-12-04,0.0,37.05,18.07,21.83,10.73
2000-12-05,0.0,37.03,18.06,23.88,12.02
2000-12-06,0.0,38.31,18.0,26.08,10.26
2000-12-07,0.0,38.73,18.22,18.82,9.83
2000-12-08,0.0,38.49,18.3,17.1,8.12
2000-12-09,0.0,37.75,17.64,20.77,8.6
2000-12-10,0.0,37.74,17.34,23.76,10.56
2000-12-11,0.0,37.71,17.71,23.05,8.4
2000-12-12,0.0,36.62,17.64,22.48,11.56
2000-12-13,0.0,36.28,17.25,28.71,12.9
2000-12-14,0.0,37.52,17.73,33.03,11.56
2000-12-15,0.0,37.46,17.91,21.35,9.36
2000-12-16,0.0,36.91,17.28,26.42,10.0
2000-12-17,0.0,37.01,17.6,25.65,11.31
2000-12-18,0.0,36.98,17.45,29.14,11.86
2000-12-19,0.0,37.39,18.05,27.72,10.68
2000-12-20,0.0,33.6,16.75,26.08,12.83
2000-12-21,0.0,33.06,14.95,32.75,13.53
2000-12-22,0.0,32.99,15.49,35.21,16.66
2000-12-23,0.0,34.05,15.28,34.71,13.82
2000-12-24,0.0,35.34,16.36,30.8,12.64
2000-12-25,0.0,35.69,16.77,27.55,11.64
2000-12-26,0.0,36.65,18.29,22.83,10.76
2000-12-27,0.0,36.21,17.38,25.65,12.2
2000-12-28,0.0,35.46,17.04,34.4,17.6
2000-12-29,0.0,34.91,16.08,51.11,21.77
2000-12-30,0.0,35.51,15.41,48.56,18.41
2000-12-31,0.0,36.86,16.82,38.27,14.42
2001-01-01,0.0,36.52,17.8,28.37,14.09
2001-01-02,0.0,36.97,17.65,23.69,11.45
2001-01-03,0.0,38.03,17.76,23.17,10.97
2001-01-04,0.0,37.76,18.81,18.8,8.57
2001-01-05,0.0,34.09,16.9,21.48,10.67
2001-01-06,0.0,35.85,16.54,19.06,8.87
2001-01-07,0.0,35.44,16.21,17.88,8.18
2001-01-08,0.0,33.74,16.47,17.5,9.55
2001-01-09,0.0,36.15,16.84,20.27,10.92
2001-01-10,0.0,35.99,17.63,19.37,9.7
2001-01-11,0.0,36.84,17.66,15.29,7.6
2001-01-12,0.0,35.72,17.35,18.22,9.12
2001-01-13,0.0,34.9,17.33,18.95,9.61
2001-01-14,0.0,31.97,15.87,37.74,14.62
2001-01-15,0.0,35.08,16.04,48.35,20.31
2001-01-16,0.0,36.19,17.38,43.45,16.18
2001-01-17,0.0,33.88,16.52,24.74,11.9
2001-01-18,0.0,34.3,15.19,22.63,10.98
2001-01-19,0.0,32.19,15.13,26.11,12.52
2001-01-20,0.0,35.2,16.13,22.52,11.07
2001-01-21,0.0,36.82,17.52,21.82,8.8
2001-01-22,0.0,34.84,16.11,18.13,8.81
2001-01-23,0.0,37.14,16.11,18.94,8.18
2001-01-24,0.0,36.67,17.12,17.91,7.24
2001-01-25,0.0,34.52,15.92,13.76,7.62
2001-01-26,0.0,33.72,14.14,22.81,9.65
2001-01-27,0.0,34.62,15.05,21.04,8.27
2001-01-28,0.0,35.29,15.41,20.2,7.98
2001-01-29,0.0,33.75,15.03,18.68,8.37
2001-01-30,0.0,33.29,14.64,27.01,11.85
2001-01-31,0.0,35.83,15.81,34.56,9.37
2001-02-01,0.0,34.82,17.64,18.17,7.78
2001-02-02,0.0,31.76,15.9,17.0,8.51
2001-02-03,0.0,33.97,16.53,15.98,6.88
2001-02-04,0.0,34.64,16.71,16.7,8.3
2001-02-05,0.0,36.67,17.34,18.07,8.6
2001-02-06,0.0,37.4,19.11,16.56,8.56
2001-02-07,0.0,38.63,19.45,17.69,8.12
2001-02-08,0.0,38.91,20.14,14.42,6.95
2001-02-09,0.0,37.26,19.52,13.62,6.84
2001-02-10,0.0,37.93,18.64,12.47,5.7
2001-02-11,0.0,36.6,18.64,13.4,6.82
2001-02-12,0.0,36.82,18.58,13.31,6.13
2001-02-13,0.0,35.31,17.36,12.65,6.09
2001-02-14,0.0,34.5,15.94,17.56,8.1
2001-02-15,0.0,34.91,16.09,18.34,8.71
2001-02-16,0.0,36.74,17.47,19.14,9.1
2001-02-17,0.0,37.73,18.8,14.92,6.95
2001-02-18,0.0,37.67,20.02,13.63,7.13
2001-02-19,0.0,38.4,21.85,12.5,6.56
2001-02-20,0.0,39.01,22.27,9.98,4.98
2001-02-21,0.0,42.14,23.12,14.08,6.47
2001-02-22,0.0,41.96,23.28,13.95,6.18
2001-02-23,0.0,42.65,22.68,12.47,6.36
2001-02-24,0.0,40.45,22.47,31.32,9.66
2001-02-25,0.0,41.25,22.86,28.82,12.28
2001-02-26,0.0,40.09,23.34,26.22,15.22
2001-02-27,0.0,41.15,23.75,27.79,12.08
2001-02-28,0.0,37.85,20.62,24.52,10.72
2001-03-01,0.0,35.85,18.15,29.9,11.46
2001-03-02,0.0,37.83,18.68,23.3,9.5
2001-03-03,0.0,39.66,20.48,17.55,7.71
2001-03-04,0.0,42.58,22.71,14.54,6.3
2001-03-05,0.0,43.67,23.7,14.12,4.91
2001-03-06,0.0,43.75,24.31,12.7,5.61
2001-03-07,0.0,44.46,24.85,14.44,7.27
2001-03-08,0.0,42.44,23.74,12.91,4.95
2001-03-09,0.0,41.5,22.09,12.16,6.68
2001-03-10,0.0,41.7,22.43,20.64,8.15
2001-03-11,0.0,42.35,23.4,16.01,5.77
2001-03-12,0.0,41.6,22.82,17.29,7.7
2001-03-13,0.0,36.09,20.19,45.5,11.01
2001-03-14,0.0,34.94,18.68,55.27,22.43
2001-03-15,0.0,35.31,18.58,74.65,26.57
2001-03-16,0.0,35.78,19.59,74.32,28.56
2001-03-17,0.0,39.18,20.4,67.07,17.95
2001-03-18,0.0,43.38,23.1,28.99,10.71
2001-03-19,0.0,43.28,24.32,23.62,10.9
2001-03-20,0.0,43.98,25.21,27.21,12.21
2001-03-21,0.0,44.1,25.32,26.8,10.93
2001-03-22,0.0,43.71,25.5,18.81,7.72
2001-03-23,0.0,43.38,24.56,14.65,7.46
2001-03-24,0.0,41.38,22.55,37.3,11.61
2001-03-25,0.0,39.43,21.66,47.42,17.97
2001-03-26,0.0,42.11,22.27,46.73,9.21
2001-03-27,0.0,42.0,23.01,38.57,12.07
2001-03-28,0.0,43.08,23.42,36.99,10.06
2001-03-29,0.0,40.48,23.45,26.33,10.65
2001-03-30,0.0,41.42,22.24,27.69,10.18
2001-03-31,0.0,43.23,23.62,18.4,8.06
2001-04-01,0.0,43.6,25.11,22.91,8.05
2001-04-02,0.0,43.46,24.78,18.99,8.45
2001-04-03,0.0,38.77,22.28,54.14,17.07
2001-04-04,0.0,37.12,20.11,66.92,23.28
2001-04-05,0.0,42.73,21.44,60.55,7.05
2001-04-06,0.0,43.65,24.64,11.57,5.88
2001-04-07,0.0,45.6,25.58,12.58,6.22
2001-04-08,0.0,45.65,27.7,21.63,10.18
2001-04-09,0.0,45.57,27.19,36.79,7.17
2001-04-10,0.0,45.94,27.51,12.9,6.18
2001-04-11,0.0,45.45,26.9,13.52,6.78
2001-04-12,0.0,45.27,26.17,22.02,6.43
2001-04-13,0.0,43.9,25.27,22.55,7.28
2001-04-14,0.0,39.71,23.33,41.81,16.49
2001-04-15,0.0,38.39,21.11,48.95,19.25
2001-04-16,0.0,39.15,21.13,54.67,20.37
2001-04-17,0.0,39.34,22.42,55.42,22.94
2001-04-18,0.0,37.38,22.04,59.95,27.5
2001-04-19,0.0,36.99,20.27,58.65,21.67
2001-04-20,0.0,36.41,22.77,43.02,17.39
2001-04-21,0.0,42.95,25.21,28.26,13.36
2001-04-22,0.0,37.72,23.38,35.2,17.21
2001-04-23,0.0,38.52,21.29,36.81,12.9
2001-04-24,0.0,40.89,22.24,22.84,10.2
2001-04-25,0.0,43.57,23.76,18.67,7.7
2001-04-26,0.0,44.11,24.86,15.38,6.99
2001-04-27,0.0,45.15,25.96,22.28,10.54
2001-04-28,0.0,45.65,26.96,20.69,8.58
2001-04-29,0.0,43.88,25.66,38.35,13.11
2001-04-30,0.0,38.07,21.24,55.72,19.01
2001-05-01,0.0,40.37,22.16,44.52,14.97
2001-05-02,0.0,38.27,23.37,51.05,21.96
2001-05-03,0.0,40.06,24.28,52.31,18.21
2001-05-04,0.0,43.05,25.33,37.94,11.04
2001-05-05,0.43,44.83,27.49,19.76,9.92
2001-05-06,0.0,44.2,28.58,23.91,12.58
2001-05-07,0.0,45.79,29.38,26.67,8.52
2001-05-08,0.0,44.38,28.05,24.61,8.1
2001-05-09,0.0,44.45,25.28,46.07,10.06
2001-05-10,0.0,45.04,27.51,33.77,13.45
2001-05-11,0.0,45.58,28.7,29.7,11.88
2001-05-12,0.0,46.0,28.47,15.02,7.46
2001-05-13,0.0,40.33,25.29,49.77,11.08
2001-05-14,0.0,41.93,23.67,55.08,12.91
2001-05-15,0.0,44.43,25.9,28.58,9.52
2001-05-16,0.0,41.66,25.6,32.29,12.27
2001-05-17,0.0,39.55,23.58,54.34,21.27
2001-05-18,0.1,38.91,24.57,61.06,25.07
2001-05-19,0.0,41.43,25.26,54.68,20.26
2001-05-20,0.0,41.74,25.41,54.26,20.04
2001-05-21,0.0,41.8,25.86,48.7,22.78
2001-05-22,0.0,41.69,25.18,61.32,19.2
2001-05-23,0.0,42.84,25.87,41.98,14.25
2001-05-24,0.0,40.4,24.36,53.34,17.44
2001-05-25,0.0,42.64,25.22,37.08,13.34
2001-05-26,0.0,42.05,24.92,54.69,14.52
2001-05-27,0.0,42.48,25.15,37.99,15.48
2001-05-28,0.0,41.88,25.96,47.16,21.01
2001-05-29,0.0,41.37,25.89,57.1,23.28
2001-05-30,0.0,41.72,25.99,59.59,24.62
2001-05-31,0.0,41.11,25.38,66.34,21.39
2001-06-01,0.0,42.08,25.19,49.28,14.53
2001-06-02,0.0,41.11,26.2,52.16,16.03
2001-06-03,0.0,40.45,25.33,70.31,20.33
2001-06-04,0.08,41.5,25.08,58.44,14.98
2001-06-05,2.35,41.23,25.5,56.62,17.04
2001-06-06,0.01,39.74,27.21,67.89,26.26
2001-06-07,0.0,37.52,26.17,74.3,34.99
2001-06-08,0.05,37.92,25.44,73.79,42.59
2001-06-09,0.0,38.98,25.38,94.64,36.68
2001-06-10,0.0,39.82,26.33,80.84,31.94
2001-06-11,0.0,41.51,24.95,69.49,13.24
2001-06-12,0.0,42.31,27.37,40.73,14.27
2001-06-13,3.26,40.42,26.14,60.03,22.58
2001-06-14,0.0,38.66,25.79,59.62,21.01
2001-06-15,0.0,40.44,24.98,51.67,19.37
2001-06-16,0.0,40.9,25.97,55.83,24.4
2001-06-17,0.0,39.97,26.37,81.43,33.82
2001-06-18,0.0,39.59,25.32,92.41,35.97
2001-06-19,0.0,39.57,25.13,73.72,27.99
2001-06-20,0.0,39.72,26.38,61.16,23.1
2001-06-21,0.0,39.44,24.58,61.53,26.36
2001-06-22,0.0,39.22,25.35,71.66,27.61
2001-06-23,2.38,39.38,26.0,67.43,27.31
2001-06-24,0.02,40.12,26.29,59.3,27.15
2001-06-25,0.0,40.26,26.61,80.74,33.84
2001-06-26,8.52,39.87,25.09,92.45,31.53
2001-06-27,0.0,39.61,25.33,78.04,32.77
2001-06-28,0.96,39.39,26.0,78.44,37.46
2001-06-29,0.03,39.49,24.78,96.75,39.53
2001-06-30,0.0,39.23,24.81,95.03,38.36
2001-07-01,0.14,38.89,25.52,87.04,31.85
2001-07-02,13.87,39.2,27.24,70.67,33.47
2001-07-03,2.33,38.45,26.28,74.85,36.5
2001-07-04,12.39,37.05,25.94,76.41,34.18
2001-07-05,3.18,37.48,25.96,80.69,37.12
2001-07-06,0.0,36.67,25.76,84.3,43.55
2001-07-07,0.0,38.82,25.05,90.66,31.37
2001-07-08,0.0,39.46,25.8,73.27,29.51
2001-07-09,7.51,35.99,26.83,80.11,49.44
2001-07-10,0.05,37.01,24.68,93.15,31.7
2001-07-11,0.0,40.84,25.24,59.76,20.46
2001-07-12,0.4,39.12,26.77,64.3,33.87
2001-07-13,0.0,36.14,26.08,96.75,45.83
2001-07-14,0.0,30.79,22.92,99.55,71.85
2001-07-15,0.0,31.39,22.64,99.45,63.1
2001-07-16,0.0,33.46,22.51,87.92,50.71
2001-07-17,0.39,33.98,25.09,80.54,50.58
2001-07-18,22.64,31.67,23.71,99.61,66.76
2001-07-19,0.29,29.8,23.49,99.83,75.93
2001-07-20,0.34,30.64,22.63,99.77,71.54
2001-07-21,0.0,32.5,23.65,97.08,64.01
2001-07-22,0.0,33.9,24.4,96.11,55.75
2001-07-23,0.0,33.94,23.37,76.85,45.14
2001-07-24,0.0,35.44,24.25,77.58,48.98
2001-07-25,0.0,36.62,24.95,91.01,41.5
2001-07-26,14.73,37.66,26.42,81.93,40.27
2001-07-27,10.1,33.38,23.68,99.65,61.1
2001-07-28,0.28,31.72,23.1,99.32,64.32
2001-07-29,0.0,35.79,23.72,95.35,43.49
2001-07-30,0.0,37.47,25.51,80.79,37.26
2001-07-31,0.82,34.87,25.25,86.45,51.29
2001-08-01,0.69,35.45,24.35,85.44,46.35
2001-08-02,0.16,33.31,24.36,93.56,55.07
2001-08-03,0.0,34.07,23.18,97.03,57.36
2001-08-04,0.0,34.3,24.45,95.37,52.78
2001-08-05,2.85,36.16,25.28,80.38,47.34
2001-08-06,0.0,32.45,23.22,99.85,68.55
2001-08-07,5.14,32.31,24.04,99.6,69.55
2001-08-08,0.0,32.31,23.74,99.29,66.3
2001-08-09,0.61,31.79,23.73,98.07,66.06
2001-08-10,2.9,31.75,23.07,99.63,66.81
2001-08-11,0.0,30.15,23.46,99.78,75.3
2001-08-12,0.96,32.16,23.3,99.58,66.17
2001-08-13,0.0,32.25,23.79,99.58,65.19
2001-08-14,0.69,31.72,23.69,96.85,64.63
2001-08-15,13.25,30.54,23.48,97.84,68.78
2001-08-16,0.0,34.17,23.24,89.54,56.23
2001-08-17,0.0,32.81,24.59,97.96,69.02
2001-08-18,0.0,32.64,24.13,99.74,62.89
2001-08-19,0.0,35.19,24.15,89.78,49.86
2001-08-20,0.0,35.79,25.04,74.85,43.39
2001-08-21,0.34,35.01,24.62,69.74,41.47
2001-08-22,0.0,35.88,25.45,72.85,47.32
2001-08-23,0.0,34.34,26.2,79.18,57.92
2001-08-24,17.37,35.2,25.25,91.98,53.38
2001-08-25,0.69,31.55,23.98,99.85,75.3
2001-08-26,0.0,31.14,24.22,99.8,69.26
2001-08-27,0.19,31.54,23.64,99.78,68.18
2001-08-28,0.03,31.49,23.21,97.99,67.75
2001-08-29,0.0,32.9,23.36,99.18,57.05
2001-08-30,0.0,33.72,23.65,90.69,57.22
2001-08-31,0.0,35.14,25.16,81.59,49.5
2001-09-01,17.08,38.16,25.58,74.03,38.98
2001-09-02,0.16,38.53,24.91,82.99,39.05
2001-09-03,0.01,36.52,25.17,86.46,42.03
2001-09-04,36.49,34.34,24.87,94.52,50.09
2001-09-05,0.0,36.02,23.14,96.87,46.86
2001-09-06,32.38,37.28,24.48,90.78,41.69
2001-09-07,0.61,39.02,25.64,76.76,35.66
2001-09-08,2.31,34.31,23.06,98.48,68.03
2001-09-09,7.0,31.84,22.4,99.78,67.03
2001-09-10,0.04,33.94,23.08,97.75,57.6
2001-09-11,7.31,36.98,23.66,93.52,44.55
2001-09-12,0.0,36.4,24.11,91.84,48.76
2001-09-13,0.0,38.8,26.19,75.85,36.6
2001-09-14,0.02,36.54,24.16,87.47,46.02
2001-09-15,4.78,36.86,24.52,86.5,44.26
2001-09-16,0.8,32.69,23.8,94.3,61.19
2001-09-17,0.87,33.66,22.1,91.07,55.07
2001-09-18,9.4,35.72,23.6,91.74,52.07
2001-09-19,5.7,35.55,23.01,98.42,49.99
2001-09-20,0.0,36.85,23.72,93.77,46.18
2001-09-21,0.09,36.1,24.4,90.31,43.78
2001-09-22,0.0,33.82,24.15,99.66,56.26
2001-09-23,0.0,33.51,21.69,99.82,51.87
2001-09-24,6.01,37.12,24.05,81.71,42.29
2001-09-25,0.0,34.9,24.57,92.71,53.87
2001-09-26,0.0,36.83,22.55,97.74,37.93
2001-09-27,2.02,37.57,24.66,78.37,42.76
2001-09-28,4.05,38.85,25.54,82.43,37.53
2001-09-29,0.0,40.02,26.16,74.44,24.91
2001-09-30,0.0,38.24,25.99,76.08,37.67
2001-10-01,0.31,38.86,24.66,95.25,40.35
2001-10-02,0.0,39.54,23.41,99.66,33.21
2001-10-03,0.0,42.84,23.98,85.61,13.81
2001-10-04,0.0,41.27,25.62,49.66,19.87
2001-10-05,0.0,40.34,25.43,86.83,31.05
2001-10-06,0.0,40.15,24.6,93.65,32.34
2001-10-07,0.09,43.01,25.85,73.26,23.97
2001-10-08,0.0,42.8,26.6,60.62,14.0
2001-10-09,0.0,43.69,25.11,48.96,14.32
2001-10-10,4.49,40.28,25.57,75.78,30.2
2001-10-11,5.59,35.61,23.76,99.8,45.23
2001-10-12,1.49,31.05,21.92,99.72,71.11
2001-10-13,0.0,37.22,21.25,99.78,33.48
2001-10-14,0.0,39.64,23.14,81.34,31.56
2001-10-15,0.0,40.93,25.29,87.63,27.4
2001-10-16,0.0,41.08,25.7,76.46,16.69
2001-10-17,0.0,42.97,24.86,45.52,12.51
2001-10-18,0.0,43.04,26.51,57.92,17.29
2001-10-19,0.0,43.59,26.47,47.74,12.33
2001-10-20,0.0,44.31,26.36,29.67,9.36
2001-10-21,0.0,44.09,26.4,25.93,10.16
2001-10-22,0.0,41.39,24.76,60.01,22.41
2001-10-23,0.0,41.64,24.78,72.25,15.08
2001-10-24,0.0,43.21,24.52,42.8,7.69
2001-10-25,0.0,42.59,25.3,22.67,9.31
2001-10-26,0.0,41.41,24.28,57.67,14.39
2001-10-27,0.0,41.5,24.13,57.3,7.7
2001-10-28,0.01,41.71,23.51,37.71,7.84
2001-10-29,0.0,41.81,24.45,35.98,8.55
2001-10-30,0.0,40.8,23.39,19.95,7.79
2001-10-31,0.0,40.05,23.94,42.83,15.59
2001-11-01,0.0,38.87,22.05,95.44,35.45
2001-11-02,0.0,40.01,22.74,91.59,15.18
2001-11-03,0.0,39.88,21.87,24.38,8.64
2001-11-04,0.0,40.97,20.11,25.4,9.02
2001-11-05,0.0,41.74,21.62,31.56,8.44
2001-11-06,0.0,42.17,22.0,24.22,7.71
2001-11-07,0.0,42.16,21.62,22.89,7.56
2001-11-08,0.0,42.35,21.5,23.5,6.85
2001-11-09,0.0,42.44,21.41,21.64,7.6
2001-11-10,0.0,41.66,21.41,22.17,8.0
2001-11-11,0.0,39.92,20.44,41.56,12.15
2001-11-12,0.0,38.77,19.76,39.2,12.92
2001-11-13,0.0,39.3,19.9,38.11,14.88
2001-11-14,0.0,40.43,20.56,33.39,11.86
2001-11-15,0.0,41.16,21.13,34.35,11.53
2001-11-16,0.0,42.38,22.02,30.87,9.94
2001-11-17,0.0,42.22,21.88,29.06,8.95
2001-11-18,0.0,42.39,22.5,37.97,7.25
2001-11-19,0.0,40.46,20.18,19.17,6.68
2001-11-20,0.0,40.85,21.49,32.37,10.5
2001-11-21,0.0,37.75,20.5,38.86,8.55
2001-11-22,0.0,37.02,19.56,54.14,16.64
2001-11-23,0.0,37.33,19.07,46.84,15.86
2001-11-24,0.0,38.54,19.71,45.4,14.65
2001-11-25,0.0,39.6,20.51,42.95,14.45
2001-11-26,0.0,38.38,21.94,57.15,17.61
2001-11-27,0.04,33.47,19.22,83.81,27.75
2001-11-28,0.0,36.8,19.66,55.41,11.84
2001-11-29,0.08,36.59,21.33,48.17,17.9
2001-11-30,0.0,36.37,20.83,47.79,18.33
2001-12-01,0.0,35.82,20.43,35.09,20.61
2001-12-02,0.0,37.2,19.89,33.7,15.53
2001-12-03,0.0,36.63,19.8,28.49,12.97
2001-12-04,0.0,36.51,19.1,21.47,13.1
2001-12-05,0.0,32.86,20.31,26.22,15.6
2001-12-06,0.0,38.79,20.89,30.53,12.69
2001-12-07,0.0,40.22,20.59,29.93,14.05
2001-12-08,0.0,40.68,21.37,29.45,13.86
2001-12-09,0.0,39.49,19.93,23.2,12.85
2001-12-10,0.0,38.47,20.39,26.53,10.1
2001-12-11,0.0,36.07,21.43,21.15,12.26
2001-12-12,0.0,38.33,19.71,21.83,11.19
2001-12-13,0.0,36.55,18.18,26.99,12.98
2001-12-14,0.0,37.28,17.76,33.9,16.45
2001-12-15,0.0,38.52,19.34,32.03,13.47
2001-12-16,0.0,37.72,18.57,29.42,13.38
2001-12-17,0.0,36.9,20.78,24.84,13.92
2001-12-18,0.0,40.44,19.76,27.73,11.95
2001-12-19,0.0,41.35,21.06,30.15,13.21
2001-12-20,0.0,41.79,21.67,29.51,15.11
2001-12-21,0.0,41.57,21.75,43.41,18.85
2001-12-22,0.0,41.63,21.29,44.29,18.58
2001-12-23,0.0,41.62,22.28,36.31,12.98
2001-12-24,0.0,41.87,20.93,37.05,12.55
2001-12-25,0.0,42.11,20.9,24.26,11.71
2001-12-26,0.0,41.54,20.86,19.29,6.77
2001-12-27,0.0,41.04,19.9,18.01,7.56
2001-12-28,0.0,39.5,21.13,17.24,9.86
2001-12-29,0.0,39.05,21.32,20.45,9.56
2001-12-30,0.0,38.95,19.34,35.82,12.38
2001-12-31,0.0,37.2,17.56,18.44,8.91
2002-01-01,0.0,36.36,18.22,37.43,11.57
2002-01-02,0.0,36.77,18.7,43.77,12.96
2002-01-03,0.0,38.13,19.44,25.49,10.54
2002-01-04,0.0,37.29,17.77,18.71,7.46
2002-01-05,0.0,38.1,17.82,16.48,6.99
2002-01-06,0.0,32.81,16.85,66.02,11.57
2002-01-07,0.0,32.41,16.3,86.67,39.32
2002-01-08,0.0,33.96,16.93,75.65,35.9
2002-01-09,0.11,30.35,18.84,96.98,43.37
2002-01-10,4.79,26.29,15.92,98.99,44.89
2002-01-11,8.22,21.07,14.21,98.48,71.05
2002-01-12,0.0,29.46,13.94,98.42,52.85
2002-01-13,0.0,34.67,16.26,71.9,16.54
2002-01-14,0.0,34.38,16.26,34.24,15.4
2002-01-15,0.0,35.46,16.84,32.48,13.86
2002-01-16,0.0,35.59,17.66,27.12,13.55
2002-01-17,0.0,36.14,18.07,29.48,14.47
2002-01-18,0.0,35.68,19.1,27.01,12.92
2002-01-19,0.0,31.8,19.86,23.11,14.96
2002-01-20,0.0,32.68,19.25,26.7,15.58
2002-01-21,0.0,32.5,20.35,19.9,12.84
2002-01-22,0.0,32.53,18.62,21.71,13.63
2002-01-23,0.0,34.67,17.97,25.55,12.06
2002-01-24,0.0,36.04,18.07,23.72,12.21
2002-01-25,0.0,37.85,19.45,20.92,9.63
2002-01-26,0.0,37.32,18.65,18.36,10.04
2002-01-27,0.0,36.37,18.44,15.65,6.74
2002-01-28,0.0,36.8,17.26,15.94,7.48
2002-01-29,0.0,36.2,17.95,10.0,6.19
2002-01-30,0.0,36.58,17.58,16.39,8.35
2002-01-31,0.0,37.17,17.5,19.41,8.7
2002-02-01,0.0,36.81,18.51,20.09,9.09
2002-02-02,0.0,37.7,21.23,16.42,8.56
2002-02-03,0.0,34.7,20.86,15.64,9.62
2002-02-04,0.0,35.86,20.14,18.12,9.81
2002-02-05,0.0,35.19,19.9,18.11,10.16
2002-02-06,0.0,34.67,18.38,22.14,10.97
2002-02-07,0.0,35.37,16.6,23.24,10.86
2002-02-08,0.0,36.99,17.42,22.13,7.96
2002-02-09,0.0,35.96,18.11,13.8,8.01
2002-02-10,0.0,34.37,17.73,19.9,8.42
2002-02-11,0.0,35.75,18.16,16.67,7.87
2002-02-12,0.0,39.04,19.52,13.89,6.66
2002-02-13,0.0,40.22,21.19,15.6,7.19
2002-02-14,0.0,39.37,20.15,19.03,8.47
2002-02-15,0.0,39.38,19.54,17.99,7.53
2002-02-16,0.0,39.34,19.48,17.53,7.38
2002-02-17,0.0,36.87,18.86,31.02,11.51
2002-02-18,0.0,34.63,18.38,42.85,19.9
2002-02-19,0.0,37.42,18.62,36.39,16.92
2002-02-20,0.0,39.37,20.65,27.95,12.7
2002-02-21,0.0,41.0,22.56,22.72,10.85
2002-02-22,0.0,36.98,20.16,45.73,16.36
2002-02-23,0.0,39.81,20.8,40.81,14.87
2002-02-24,0.03,41.09,21.08,32.97,10.36
2002-02-25,0.0,41.24,22.58,20.22,9.64
2002-02-26,0.02,37.03,21.78,17.87,8.48
2002-02-27,0.0,36.8,19.75,18.42,6.25
2002-02-28,0.0,37.7,19.19,12.99,5.44
2002-03-01,0.0,38.97,19.2,12.25,5.54
2002-03-02,0.0,39.34,19.89,13.34,6.63
2002-03-03,0.0,38.44,20.88,19.14,9.06
2002-03-04,0.0,38.45,21.75,36.1,14.82
2002-03-05,0.0,39.39,22.07,37.3,16.26
2002-03-06,0.0,38.33,21.09,33.05,15.09
2002-03-07,0.0,39.33,21.02,29.56,12.58
2002-03-08,0.0,39.45,20.55,20.21,8.81
2002-03-09,0.0,38.47,20.97,24.57,11.84
2002-03-10,0.0,40.03,21.68,26.95,12.29
2002-03-11,0.0,39.95,21.63,28.58,11.65
2002-03-12,0.0,36.43,20.43,50.7,17.77
2002-03-13,0.0,35.91,19.61,45.8,17.5
2002-03-14,0.0,38.38,19.8,41.92,16.05
2002-03-15,0.0,39.38,21.2,32.03,13.84
2002-03-16,0.0,38.5,21.64,25.64,12.03
2002-03-17,0.0,36.94,21.14,27.67,11.3
2002-03-18,0.0,38.61,19.98,26.99,9.24
2002-03-19,0.0,41.08,21.65,17.16,7.97
2002-03-20,0.0,42.91,23.26,21.46,7.32
2002-03-21,0.0,43.56,24.63,15.88,7.32
2002-03-22,0.0,43.01,23.83,16.34,8.53
2002-03-23,0.0,42.69,24.47,19.23,8.81
2002-03-24,0.0,42.32,23.67,21.06,8.84
2002-03-25,0.0,40.47,22.99,43.6,11.37
2002-03-26,0.0,37.26,22.67,44.18,13.27
2002-03-27,0.0,36.14,20.7,52.4,20.78
2002-03-28,0.0,35.52,21.54,54.86,28.74
2002-03-29,0.0,41.41,23.73,44.18,14.91
2002-03-30,0.0,39.0,21.45,54.74,17.88
2002-03-31,0.0,37.55,22.08,56.74,25.26
2002-04-01,0.0,35.09,21.21,59.99,24.69
2002-04-02,0.0,38.14,20.99,57.55,17.92
2002-04-03,0.0,39.13,22.42,41.95,15.4
2002-04-04,0.0,39.53,22.07,32.85,15.34
2002-04-05,0.0,40.22,22.07,40.08,14.96
2002-04-06,0.0,39.31,21.89,42.9,17.3
2002-04-07,0.0,35.95,19.94,71.11,26.39
2002-04-08,0.0,35.15,20.36,75.8,29.87
2002-04-09,0.0,36.56,21.67,64.62,25.2
2002-04-10,0.0,36.23,21.15,62.79,22.98
2002-04-11,0.0,35.35,19.94,69.69,22.71
2002-04-12,0.0,37.91,20.81,36.2,16.75
2002-04-13,0.0,36.86,21.24,47.08,20.34
2002-04-14,0.0,38.77,20.75,46.46,15.21
2002-04-15,0.0,41.7,22.85,27.59,12.8
2002-04-16,0.0,42.77,23.61,22.17,9.58
2002-04-17,0.0,42.99,24.62,22.93,10.25
2002-04-18,0.0,42.49,24.62,26.55,13.61
2002-04-19,0.0,41.01,23.4,29.26,11.62
2002-04-20,0.0,42.44,22.92,21.96,10.09
2002-04-21,0.0,42.88,23.34,20.96,8.57
2002-04-22,0.0,40.59,23.4,36.61,11.96
2002-04-23,0.0,39.55,24.14,44.19,13.75
2002-04-24,0.0,44.7,28.2,16.76,8.06
2002-04-25,0.0,39.91,26.72,12.98,7.22
2002-04-26,0.0,42.67,25.39,13.85,8.26
2002-04-27,0.0,43.91,26.7,14.05,7.34
2002-04-28,0.0,44.3,27.16,10.82,5.4
2002-04-29,0.0,44.33,26.54,27.15,9.24
2002-04-30,0.0,41.63,24.33,36.52,17.23
2002-05-01,0.0,41.29,23.66,44.99,13.04
2002-05-02,0.0,42.04,23.73,33.96,11.06
2002-05-03,0.0,40.02,23.62,36.12,14.04
2002-05-04,0.0,38.03,22.3,51.71,21.94
2002-05-05,0.0,39.34,22.46,55.79,20.78
2002-05-06,0.0,39.73,23.01,49.61,12.97
2002-05-07,0.0,39.84,22.57,43.88,12.86
2002-05-08,0.0,38.51,23.33,52.46,15.68
2002-05-09,0.0,39.32,23.29,58.18,22.0
2002-05-10,0.0,44.16,26.24,27.67,13.6
2002-05-11,0.0,44.27,27.16,27.53,10.98
2002-05-12,0.0,44.97,26.94,19.06,9.43
2002-05-13,0.0,45.94,27.57,22.65,10.25
2002-05-14,0.0,46.59,27.44,24.05,9.58
2002-05-15,0.0,45.52,29.5,27.26,12.22
2002-05-16,0.0,42.03,28.29,60.09,24.15
2002-05-17,0.0,46.26,26.55,53.22,8.14
2002-05-18,0.0,43.54,27.88,43.72,13.31
2002-05-19,0.0,42.0,27.11,69.5,29.16
2002-05-20,0.0,40.99,25.33,68.64,16.88
2002-05-21,0.0,39.71,23.61,57.34,20.58
2002-05-22,0.0,41.71,25.0,49.16,15.83
2002-05-23,1.1,44.85,26.52,33.47,12.52
2002-05-24,0.19,42.54,28.41,50.69,16.52
2002-05-25,0.0,43.85,28.5,53.05,14.75
2002-05-26,0.0,45.43,29.39,35.0,14.7
2002-05-27,0.0,46.09,29.62,25.54,11.26
2002-05-28,0.0,45.93,29.29,29.51,11.83
2002-05-29,0.0,43.55,26.78,39.22,13.88
2002-05-30,0.0,42.75,25.45,40.87,15.57
2002-05-31,0.0,44.28,26.17,41.81,11.02
2002-06-01,0.0,45.02,26.87,36.54,10.4
2002-06-02,0.0,44.57,28.51,31.22,13.21
2002-06-03,0.0,43.1,27.58,60.57,16.38
2002-06-04,1.07,40.22,27.16,61.08,23.0
2002-06-05,0.12,37.26,25.86,97.88,41.15
2002-06-06,0.05,39.06,23.68,99.79,36.85
2002-06-07,0.0,40.89,24.85,59.75,18.15
2002-06-08,0.14,44.37,27.53,34.05,13.01
2002-06-09,0.0,41.52,27.18,46.99,16.92
2002-06-10,0.0,40.49,25.27,58.14,19.74
2002-06-11,0.0,40.01,25.44,55.48,19.68
2002-06-12,2.0,41.5,27.21,49.98,25.84
2002-06-13,0.02,39.26,25.71,61.24,26.17
2002-06-14,0.0,39.85,24.11,57.92,24.26
2002-06-15,0.0,40.83,25.25,58.01,17.07
2002-06-16,0.09,38.47,24.87,57.83,21.99
2002-06-17,0.3,40.03,26.65,55.21,27.88
2002-06-18,0.0,39.16,25.85,86.0,33.34
2002-06-19,0.0,40.22,25.59,66.1,23.79
2002-06-20,0.0,39.99,25.96,66.03,30.1
2002-06-21,5.3,38.45,26.59,74.92,40.0
2002-06-22,0.01,39.09,24.49,93.19,34.92
2002-06-23,0.01,41.85,26.99,63.17,23.19
2002-06-24,0.0,39.47,26.36,70.95,33.39
2002-06-25,0.0,38.8,25.65,88.54,34.54
2002-06-26,1.46,39.62,25.47,77.69,31.66
2002-06-27,1.18,39.69,25.55,81.07,30.97
2002-06-28,1.06,40.14,26.94,60.43,21.2
2002-06-29,0.0,41.92,26.52,58.19,16.38
2002-06-30,0.0,40.89,27.24,57.73,20.55
2002-07-01,0.7,39.91,27.34,68.55,30.02
2002-07-02,0.08,36.25,23.33,99.15,50.61
2002-07-03,0.0,38.02,24.14,93.03,26.54
2002-07-04,0.0,42.48,25.09,52.77,14.06
2002-07-05,0.06,38.84,26.46,57.59,25.49
2002-07-06,14.6,37.19,26.94,79.32,45.36
2002-07-07,5.74,35.95,24.78,89.88,48.18
2002-07-08,0.0,38.69,25.29,85.65,30.28
2002-07-09,0.0,39.77,25.93,73.34,22.72
2002-07-10,0.0,39.24,25.6,54.66,19.4
2002-07-11,0.0,39.63,25.46,56.71,23.05
2002-07-12,0.03,38.85,25.85,56.49,25.15
2002-07-13,0.0,39.85,26.62,54.26,28.38
2002-07-14,0.0,39.64,25.84,72.97,31.53
2002-07-15,0.0,38.59,26.16,74.76,32.89
2002-07-16,0.0,37.87,25.11,73.81,30.63
2002-07-17,0.0,37.37,24.3,68.87,31.8
2002-07-18,0.0,38.15,25.36,59.3,27.58
2002-07-19,0.0,37.97,25.34,52.43,22.83
2002-07-20,0.53,38.48,25.41,52.91,24.47
2002-07-21,0.0,39.42,25.94,60.11,28.51
2002-07-22,0.91,41.01,27.65,67.12,24.59
2002-07-23,0.0,40.12,26.32,56.19,21.44
2002-07-24,1.3,39.61,26.49,63.92,28.86
2002-07-25,0.0,38.66,26.25,80.64,35.16
2002-07-26,0.0,37.2,25.16,70.2,29.36
2002-07-27,0.0,37.82,24.25,67.89,27.71
2002-07-28,0.0,37.79,25.56,67.6,31.66
2002-07-29,0.0,38.25,25.65,60.25,28.57
2002-07-30,0.03,37.31,25.39,55.9,26.64
2002-07-31,0.0,38.78,25.74,56.07,23.44
2002-08-01,0.0,39.49,26.32,54.0,26.95
2002-08-02,0.01,38.82,26.5,60.55,27.42
2002-08-03,0.0,36.28,25.6,65.43,30.04
2002-08-04,0.39,38.3,25.07,67.75,30.03
2002-08-05,0.0,38.79,25.74,68.97,28.72
2002-08-06,0.0,39.85,26.45,65.28,27.09
2002-08-07,0.0,39.54,27.69,56.3,28.73
2002-08-08,0.98,39.76,26.73,69.59,28.53
2002-08-09,0.0,38.33,28.29,61.88,32.17
2002-08-10,18.49,39.02,26.32,76.85,36.0
2002-08-11,0.0,41.18,26.5,68.69,26.5
2002-08-12,2.56,42.3,28.04,64.14,25.2
2002-08-13,4.58,38.2,27.79,74.88,41.49
2002-08-14,0.0,38.32,25.43,87.15,35.58
2002-08-15,0.37,39.82,27.57,69.47,31.38
2002-08-16,0.0,39.22,26.82,73.72,35.28
2002-08-17,0.0,39.03,26.75,76.87,31.09
2002-08-18,4.43,38.29,26.88,75.77,38.94
2002-08-19,4.59,33.97,25.23,95.08,60.53
2002-08-20,0.75,33.89,23.32,98.61,58.26
2002-08-21,1.58,35.57,24.54,90.56,49.66
2002-08-22,2.95,38.15,25.15,85.98,39.18
2002-08-23,1.02,38.96,27.17,72.69,40.53
2002-08-24,0.0,38.34,25.37,83.47,36.18
2002-08-25,11.29,36.4,26.58,90.02,46.35
2002-08-26,0.0,34.29,23.45,96.65,46.37
2002-08-27,1.2,37.78,25.39,83.36,45.27
2002-08-28,10.97,37.29,25.04,86.74,37.41
2002-08-29,0.0,37.56,25.66,75.35,38.56
2002-08-30,4.8,40.2,25.9,71.97,29.54
2002-08-31,7.26,37.99,28.58,71.62,36.83
2002-09-01,0.28,37.13,24.09,87.04,37.55
2002-09-02,9.59,39.36,24.45,74.97,29.1
2002-09-03,0.0,40.8,26.18,64.11,25.69
2002-09-04,0.0,41.1,26.89,66.73,26.05
2002-09-05,0.0,40.53,26.93,64.4,25.6
2002-09-06,0.0,39.59,26.71,69.41,27.78
2002-09-07,20.65,39.81,25.94,67.19,28.66
2002-09-08,0.03,39.45,25.81,72.19,29.77
2002-09-09,0.0,36.62,24.65,91.22,44.64
2002-09-10,9.58,35.48,25.06,85.18,53.61
2002-09-11,0.0,37.5,23.61,91.56,36.82
2002-09-12,0.0,38.09,24.84,85.17,33.91
2002-09-13,8.67,38.23,25.02,98.85,41.49
2002-09-14,0.02,30.71,22.8,99.86,73.32
2002-09-15,0.0,31.69,23.33,99.75,71.54
2002-09-16,0.0,33.64,23.54,99.43,63.2
2002-09-17,0.18,35.24,23.48,98.63,56.79
2002-09-18,0.73,32.32,23.33,99.33,71.82
2002-09-19,1.66,33.67,23.33,96.51,58.89
2002-09-20,0.0,33.38,23.94,93.44,59.61
2002-09-21,0.01,33.7,23.32,95.03,58.06
2002-09-22,0.0,36.56,23.67,88.96,40.03
2002-09-23,0.0,36.52,24.42,73.28,40.88
2002-09-24,0.11,36.9,25.02,79.17,40.15
2002-09-25,0.11,36.71,25.49,92.71,47.67
2002-09-26,0.0,33.19,24.45,95.91,70.08
2002-09-27,0.0,34.88,24.07,97.75,57.29
2002-09-28,0.0,36.87,24.6,89.37,41.75
2002-09-29,0.0,38.3,25.45,80.26,38.01
2002-09-30,0.0,36.54,26.21,80.53,49.45
2002-10-01,1.51,38.28,23.68,99.79,44.13
2002-10-02,0.0,38.32,23.26,98.33,40.7
2002-10-03,0.0,39.13,23.91,98.61,34.03
2002-10-04,0.08,39.04,24.49,78.87,27.56
2002-10-05,0.03,39.13,23.99,73.98,28.15
2002-10-06,0.0,39.58,24.17,70.55,23.83
2002-10-07,0.28,39.33,24.37,73.95,31.24
2002-10-08,0.16,37.14,24.37,96.19,49.14
2002-10-09,6.69,32.28,23.02,99.94,66.91
2002-10-10,3.61,32.39,22.42,99.92,70.38
2002-10-11,1.54,31.11,22.63,99.9,76.03
2002-10-12,1.42,32.78,22.39,99.9,61.56
2002-10-13,0.0,39.81,23.28,86.82,21.44
2002-10-14,0.0,41.35,25.12,47.63,18.44
2002-10-15,0.0,40.09,24.87,62.28,20.88
2002-10-16,0.0,41.49,24.73,54.94,16.46
2002-10-17,0.0,41.69,25.41,40.09,15.96
2002-10-18,0.0,40.7,24.69,62.31,23.39
2002-10-19,0.0,40.63,25.22,64.86,18.07
2002-10-20,0.0,41.18,24.24,60.06,16.21
2002-10-21,0.0,42.76,25.54,49.82,15.1
2002-10-22,0.0,42.15,25.0,55.67,16.7
2002-10-23,0.0,41.18,24.66,71.32,17.69
2002-10-24,0.0,41.36,24.36,69.73,19.33
2002-10-25,0.0,41.27,25.24,67.47,21.21
2002-10-26,0.0,40.6,25.13,70.38,15.77
2002-10-27,0.0,41.7,24.58,28.54,7.32
2002-10-28,0.02,41.66,24.61,16.27,7.13
2002-10-29,0.0,40.63,24.43,18.25,7.85
2002-10-30,0.0,41.31,24.71,17.6,5.63
2002-10-31,0.0,41.16,24.77,19.21,7.86
2002-11-01,0.0,40.64,23.57,28.86,9.36
2002-11-02,0.0,40.16,21.61,26.43,9.87
2002-11-03,0.0,41.15,20.45,23.99,9.02
2002-11-04,0.0,39.81,20.72,24.37,9.31
2002-11-05,0.0,39.35,19.79,26.42,9.8
2002-11-06,0.0,39.97,19.85,23.13,8.49
2002-11-07,0.0,40.23,19.81,21.14,8.47
2002-11-08,0.0,39.29,20.24,23.98,10.87
2002-11-09,0.0,37.54,19.04,27.89,8.66
2002-11-10,0.0,37.33,18.53,27.77,8.2
2002-11-11,0.0,37.58,17.43,22.46,7.86
2002-11-12,0.0,39.48,18.66,23.25,8.04
2002-11-13,0.0,41.05,20.49,18.33,6.71
2002-11-14,0.0,41.87,20.9,16.06,7.29
2002-11-15,0.0,40.12,21.04,21.5,7.42
2002-11-16,0.0,37.23,19.29,33.47,12.67
2002-11-17,0.0,37.63,18.79,58.79,18.67
2002-11-18,0.0,39.8,20.02,48.59,18.05
2002-11-19,0.0,40.34,21.24,43.43,15.96
2002-11-20,0.0,39.75,21.2,33.02,13.15
2002-11-21,0.19,40.35,19.98,27.92,11.44
2002-11-22,0.0,41.38,20.43,27.96,11.55
2002-11-23,0.0,39.8,21.02,38.47,14.72
2002-11-24,0.0,41.75,21.9,46.46,12.43
2002-11-25,0.0,40.9,21.93,30.7,8.64
2002-11-26,0.0,36.93,21.4,32.84,12.31
2002-11-27,0.0,39.78,20.95,31.95,11.24
2002-11-28,0.0,39.83,20.28,28.53,11.74
2002-11-29,0.0,39.29,21.55,36.52,14.81
2002-11-30,0.0,38.69,22.14,33.98,13.14
2002-12-01,0.0,35.55,19.0,22.57,11.44
2002-12-02,0.0,34.28,17.29,35.33,18.62
2002-12-03,0.0,35.15,17.31,35.78,14.8
2002-12-04,0.0,36.11,16.58,25.76,12.07
2002-12-05,0.0,33.93,16.95,23.03,14.21
2002-12-06,0.0,38.22,19.28,33.62,15.7
2002-12-07,0.0,34.39,18.02,87.31,27.94
2002-12-08,0.0,36.29,21.04,45.37,22.81
2002-12-09,0.16,35.79,21.32,36.58,23.3
2002-12-10,0.0,32.05,18.85,92.57,34.04
2002-12-11,0.02,36.62,17.78,82.09,21.24
2002-12-12,0.0,37.58,19.24,71.22,20.21
2002-12-13,0.0,39.81,20.09,35.57,17.8
2002-12-14,0.0,38.75,21.75,30.43,16.84
2002-12-15,0.0,39.16,20.81,30.99,12.81
2002-12-16,0.0,38.18,19.23,26.06,11.6
2002-12-17,0.0,38.82,18.76,28.64,15.47
2002-12-18,0.0,42.38,20.89,30.48,13.35
2002-12-19,0.0,40.86,20.76,24.21,9.93
2002-12-20,0.0,38.84,19.25,20.14,8.35
2002-12-21,0.0,38.01,17.14,19.52,8.7
2002-12-22,0.0,38.92,17.48,21.83,8.68
2002-12-23,0.0,38.74,17.74,20.75,8.24
2002-12-24,0.0,38.24,18.82,28.18,12.88
2002-12-25,0.0,37.09,17.85,30.84,10.36
2002-12-26,0.0,36.14,17.0,29.94,11.17
2002-12-27,0.0,36.07,16.08,29.27,12.22
2002-12-28,0.0,36.51,16.56,28.77,10.16
2002-12-29,0.0,35.4,16.31,18.19,6.81
2002-12-30,0.0,34.29,15.29,12.52,5.86
2002-12-31,0.0,35.87,15.2,14.07,5.36
2003-01-01,0.0,34.95,16.47,12.51,5.6
2003-01-02,0.0,34.19,14.68,15.01,6.95
2003-01-03,0.0,35.84,15.33,16.64,7.16
2003-01-04,0.0,36.78,16.33,16.63,6.63
2003-01-05,0.0,35.24,15.77,15.16,6.34
2003-01-06,0.0,35.67,16.32,14.74,6.35
2003-01-07,0.0,33.56,15.02,15.02,7.47
2003-01-08,0.0,31.01,14.33,15.5,8.83
2003-01-09,0.0,35.0,17.2,25.25,11.93
2003-01-10,0.0,32.68,16.21,57.56,25.58
2003-01-11,0.0,31.17,15.27,55.85,24.86
2003-01-12,0.0,32.92,14.76,56.01,21.32
2003-01-13,0.0,35.72,16.24,33.73,15.83
2003-01-14,0.0,37.6,18.08,23.14,13.76
2003-01-15,0.0,34.67,17.71,28.25,15.01
2003-01-16,0.0,33.75,15.9,33.75,16.0
2003-01-17,0.0,35.93,16.27,28.78,16.8
2003-01-18,0.0,34.45,17.39,47.69,24.85
2003-01-19,0.0,35.45,19.21,38.97,22.46
2003-01-20,0.0,33.29,20.12,36.37,20.17
2003-01-21,0.0,35.91,19.89,34.68,15.58
2003-01-22,0.0,36.16,17.38,37.62,13.11
2003-01-23,0.0,37.59,17.39,32.87,13.73
2003-01-24,0.0,38.45,18.54,37.53,20.16
2003-01-25,0.0,39.11,22.11,27.48,15.28
2003-01-26,0.0,35.27,20.72,17.2,12.63
2003-01-27,0.0,29.76,17.22,15.16,9.3
2003-01-28,0.0,33.19,16.26,15.78,6.17
2003-01-29,0.0,32.47,15.38,18.0,9.36
2003-01-30,0.0,34.53,16.13,21.96,8.96
2003-01-31,0.0,35.46,15.99,19.78,8.71
2003-02-01,0.0,35.84,17.37,20.5,9.83
2003-02-02,0.0,38.11,18.61,20.5,8.52
2003-02-03,0.0,39.82,20.56,15.77,7.97
2003-02-04,0.0,38.09,20.58,19.31,8.96
2003-02-05,0.0,36.43,19.68,17.22,6.15
2003-02-06,0.0,38.13,19.26,14.29,7.69
2003-02-07,0.0,41.48,20.8,14.4,7.33
2003-02-08,0.0,37.05,20.13,21.43,10.34
2003-02-09,0.0,33.43,18.93,48.22,23.55
2003-02-10,0.0,35.51,18.54,55.71,19.4
2003-02-11,0.0,38.83,20.79,35.4,14.76
2003-02-12,0.0,39.82,21.57,36.11,12.93
2003-02-13,0.0,34.82,22.16,54.09,21.69
2003-02-14,0.0,32.19,18.74,64.63,25.9
2003-02-15,0.0,34.99,18.08,50.38,18.24
2003-02-16,0.0,33.23,17.98,45.11,12.51
2003-02-17,0.0,34.16,15.35,33.52,12.22
2003-02-18,0.0,35.89,17.43,33.11,12.93
2003-02-19,0.0,37.05,18.41,26.32,10.66
2003-02-20,0.0,38.19,18.84,15.95,7.33
2003-02-21,0.0,38.75,19.71,12.58,6.7
2003-02-22,0.0,37.67,19.38,33.52,9.89
2003-02-23,0.0,39.54,21.0,33.97,10.04
2003-02-24,0.0,34.93,19.46,50.22,18.81
2003-02-25,0.0,36.4,17.82,64.55,19.76
2003-02-26,0.0,39.33,19.59,36.25,14.17
2003-02-27,0.0,40.13,20.78,26.53,9.69
2003-02-28,0.0,40.7,21.33,28.55,14.42
2003-03-01,0.0,40.98,22.76,33.11,15.39
2003-03-02,0.0,37.8,22.5,19.32,8.73
2003-03-03,0.0,39.04,20.63,22.36,10.1
2003-03-04,0.0,39.63,21.19,21.72,7.98
2003-03-05,0.0,40.32,22.29,16.66,7.13
2003-03-06,0.0,40.87,21.95,13.98,7.63
2003-03-07,0.0,42.31,23.46,13.73,6.84
2003-03-08,0.0,42.67,23.8,12.85,6.96
2003-03-09,0.0,42.71,24.46,13.93,6.9
2003-03-10,0.0,40.78,23.65,14.37,6.95
2003-03-11,0.0,41.18,20.82,12.63,5.98
2003-03-12,0.0,42.75,22.5,13.01,6.57
2003-03-13,0.0,41.09,22.73,18.33,8.19
2003-03-14,0.0,42.19,22.89,30.0,9.85
2003-03-15,0.0,44.66,24.56,17.94,7.54
2003-03-16,0.0,43.97,24.28,20.65,5.55
2003-03-17,0.0,41.68,22.21,36.55,9.09
2003-03-18,0.0,42.48,23.09,36.41,9.08
2003-03-19,0.0,43.45,24.14,26.91,10.47
2003-03-20,0.0,42.31,23.42,27.47,10.57
2003-03-21,0.0,35.87,20.24,59.89,20.24
2003-03-22,0.0,36.39,18.02,76.23,17.34
2003-03-23,0.0,39.78,20.08,34.26,12.99
2003-03-24,0.0,41.52,22.25,23.69,10.61
2003-03-25,0.0,43.03,23.36,20.98,9.83
2003-03-26,0.0,42.86,23.75,23.77,10.28
2003-03-27,0.0,43.6,24.09,21.15,9.71
2003-03-28,0.0,44.49,25.06,20.99,10.05
2003-03-29,0.0,44.65,25.37,20.8,8.98
2003-03-30,0.0,44.01,25.34,28.71,9.4
2003-03-31,0.0,43.2,24.69,23.32,8.75
2003-04-01,0.0,44.14,25.29,24.5,7.71
2003-04-02,0.0,45.53,25.94,14.55,6.18
2003-04-03,0.0,43.34,25.0,21.77,8.06
2003-04-04,0.0,41.06,23.3,41.3,11.84
2003-04-05,0.0,40.64,22.33,35.41,13.5
2003-04-06,0.0,40.62,22.76,38.88,15.3
2003-04-07,0.0,36.25,21.62,69.78,25.47
2003-04-08,0.0,36.22,21.53,63.9,28.04
2003-04-09,0.0,37.24,21.36,68.92,26.5
2003-04-10,0.0,41.01,22.62,41.24,14.54
2003-04-11,0.0,43.89,25.19,20.86,11.57
2003-04-12,0.0,45.67,26.66,22.85,10.36
2003-04-13,0.0,44.62,26.79,21.33,8.32
2003-04-14,0.0,40.76,26.89,24.92,11.39
2003-04-15,0.0,39.97,23.19,38.52,13.34
2003-04-16,0.0,41.2,22.99,26.14,12.03
2003-04-17,0.0,43.07,24.01,21.7,10.3
2003-04-18,0.0,44.55,25.12,24.86,10.49
2003-04-19,0.0,45.54,26.1,24.77,9.43
2003-04-20,0.0,43.92,26.46,31.47,13.2
2003-04-21,0.0,43.01,25.42,34.4,15.07
2003-04-22,0.0,43.71,24.28,37.75,13.14
2003-04-23,0.0,44.03,26.48,33.66,14.33
2003-04-24,0.0,46.25,27.14,27.53,10.98
2003-04-25,0.0,46.63,27.39,34.69,10.32
2003-04-26,0.0,46.55,28.42,27.73,13.03
2003-04-27,0.0,46.88,27.57,44.63,12.64
2003-04-28,0.0,44.99,27.59,40.83,13.34
2003-04-29,0.0,42.55,25.65,64.8,17.85
2003-04-30,0.0,42.91,24.9,40.62,13.79
2003-05-01,0.0,44.19,25.91,51.28,12.05
2003-05-02,0.0,42.23,26.32,62.19,18.51
2003-05-03,0.0,43.67,26.34,54.48,14.55
2003-05-04,0.0,45.66,26.33,40.29,11.18
2003-05-05,0.0,43.53,26.51,49.29,17.7
2003-05-06,0.0,41.22,25.73,61.77,22.8
2003-05-07,0.0,42.89,24.93,63.53,15.27
2003-05-08,0.0,42.08,25.03,40.13,13.22
2003-05-09,0.0,41.98,24.86,42.41,15.22
2003-05-10,0.0,40.34,26.24,36.84,15.42
2003-05-11,0.0,43.13,26.0,38.93,13.63
2003-05-12,0.0,41.54,25.35,55.96,19.08
2003-05-13,0.0,42.38,24.79,57.11,18.95
2003-05-14,0.0,42.78,24.99,55.83,17.01
2003-05-15,0.0,41.91,24.88,52.86,18.19
2003-05-16,0.0,41.17,24.75,53.62,20.79
2003-05-17,0.0,40.29,25.77,50.3,23.96
2003-05-18,0.0,39.48,24.05,57.25,24.54
2003-05-19,0.0,42.81,25.3,47.18,17.45
2003-05-20,0.0,47.1,27.12,46.07,12.39
2003-05-21,0.0,43.55,28.86,49.03,15.05
2003-05-22,0.0,39.74,26.84,76.32,25.2
2003-05-23,0.0,43.26,26.49,57.46,13.65
2003-05-24,0.0,41.78,24.88,53.67,17.71
2003-05-25,0.0,41.47,25.11,72.5,20.69
2003-05-26,0.0,42.84,25.2,73.82,11.49
2003-05-27,0.0,42.03,25.25,35.31,13.51
2003-05-28,0.0,38.08,23.23,54.03,19.45
2003-05-29,0.0,37.53,22.66,60.15,26.2
2003-05-30,0.0,36.08,22.21,63.98,27.28
2003-05-31,0.0,38.24,22.36,60.7,24.76
2003-06-01,0.0,39.1,25.38,45.43,18.57
2003-06-02,0.0,39.11,25.07,51.57,22.46
2003-06-03,0.0,39.98,26.05,58.28,23.01
2003-06-04,0.0,40.18,26.2,51.31,19.18
2003-06-05,1.62,41.61,26.87,48.26,18.96
2003-06-06,0.02,39.94,26.51,54.23,22.92
2003-06-07,5.39,42.45,28.74,40.86,21.08
2003-06-08,0.23,41.97,27.24,63.29,22.23
2003-06-09,0.0,39.99,26.13,63.14,23.31
2003-06-10,0.0,42.8,27.0,48.41,19.03
2003-06-11,0.0,39.93,26.62,49.7,22.22
2003-06-12,0.0,39.53,24.73,52.07,21.6
2003-06-13,0.47,40.74,25.64,48.37,19.59
2003-06-14,0.0,40.64,27.14,50.43,23.6
2003-06-15,6.54,40.94,26.78,73.85,30.7
2003-06-16,0.0,41.4,26.02,74.07,27.39
2003-06-17,0.0,40.57,25.86,66.35,26.64
2003-06-18,0.0,40.53,26.7,67.42,28.27
2003-06-19,0.0,39.73,25.99,67.37,25.41
2003-06-20,0.0,40.19,25.65,58.55,23.26
2003-06-21,0.0,40.52,26.72,59.93,24.35
2003-06-22,0.0,40.0,26.56,68.55,29.85
2003-06-23,0.0,39.43,25.12,86.99,33.75
2003-06-24,4.46,38.28,25.03,94.46,44.66
2003-06-25,0.0,39.53,23.5,87.89,29.97
2003-06-26,0.0,39.74,25.93,66.56,30.32
2003-06-27,62.72,40.12,26.78,81.63,37.8
2003-06-28,0.11,35.39,24.08,99.68,56.21
2003-06-29,0.0,32.07,23.93,99.6,76.14
2003-06-30,0.03,32.7,23.18,99.65,71.91
2003-07-01,0.46,31.19,23.75,99.39,70.34
2003-07-02,0.02,31.17,23.83,98.19,67.83
2003-07-03,0.01,32.56,23.45,95.94,60.94
2003-07-04,2.43,35.04,25.01,83.44,53.68
2003-07-05,0.0,36.6,25.04,78.36,39.46
2003-07-06,0.0,36.81,25.64,69.54,39.68
2003-07-07,0.0,36.79,25.31,70.4,41.6
2003-07-08,0.0,38.02,24.77,84.55,36.15
2003-07-09,0.11,38.29,25.12,71.83,34.55
2003-07-10,0.16,36.38,25.28,87.87,40.51
2003-07-11,2.22,34.61,25.56,97.62,52.12
2003-07-12,0.01,33.47,23.09,99.41,56.74
2003-07-13,0.0,35.42,23.4,92.53,45.35
2003-07-14,0.47,37.46,25.99,73.69,41.48
2003-07-15,0.0,37.38,26.24,94.82,40.8
2003-07-16,0.0,30.73,23.82,99.66,73.21
2003-07-17,0.02,30.62,23.38,99.62,70.47
2003-07-18,0.02,31.56,23.73,96.14,66.62
2003-07-19,0.0,33.62,24.48,95.12,59.8
2003-07-20,4.96,34.16,24.93,88.44,55.08
2003-07-21,0.03,33.99,25.36,87.91,54.12
2003-07-22,0.0,36.84,25.22,80.62,38.24
2003-07-23,0.0,38.93,26.5,78.32,33.9
2003-07-24,0.0,39.12,26.37,72.57,31.66
2003-07-25,4.0,37.17,25.88,77.03,38.95
2003-07-26,3.68,34.82,24.81,98.95,50.04
2003-07-27,14.17,33.66,23.81,99.71,56.88
2003-07-28,0.01,37.5,24.26,91.15,36.0
2003-07-29,0.0,38.75,26.36,64.24,33.64
2003-07-30,0.01,39.14,26.16,75.63,36.49
2003-07-31,0.0,38.09,25.24,85.83,38.75
2003-08-01,0.0,36.78,25.28,87.35,40.83
2003-08-02,0.0,38.47,26.11,78.49,36.08
2003-08-03,0.64,38.58,24.95,74.51,31.14
2003-08-04,0.0,40.32,26.16,65.37,28.37
2003-08-05,0.19,40.27,25.91,69.06,29.0
2003-08-06,0.0,38.59,25.43,81.1,36.24
2003-08-07,7.59,38.68,27.0,76.11,38.72
2003-08-08,21.69,33.91,23.85,91.48,52.53
2003-08-09,35.92,29.11,22.54,99.9,75.19
2003-08-10,7.09,30.1,23.49,99.95,74.22
2003-08-11,1.45,30.41,23.11,99.94,65.68
2003-08-12,1.52,32.09,23.44,99.56,62.09
2003-08-13,2.28,30.94,24.37,99.51,73.1
2003-08-14,11.98,31.84,24.41,99.93,65.91
2003-08-15,28.15,31.88,22.87,99.66,62.93
2003-08-16,1.58,34.42,23.72,91.52,53.54
2003-08-17,5.78,33.09,23.78,97.99,58.48
2003-08-18,4.9,33.12,23.23,98.13,60.38
2003-08-19,1.58,34.16,24.1,88.35,55.64
2003-08-20,0.01,35.15,23.71,87.4,48.67
2003-08-21,27.36,35.43,25.08,79.69,51.75
2003-08-22,16.26,36.33,24.39,89.63,52.31
2003-08-23,0.01,34.16,24.95,89.1,55.02
2003-08-24,4.51,35.21,24.31,90.82,49.86
2003-08-25,0.67,35.72,24.25,80.63,47.41
2003-08-26,0.0,35.68,23.89,89.85,45.01
2003-08-27,0.03,37.26,24.89,83.56,41.23
2003-08-28,0.0,35.61,24.63,93.61,45.81
2003-08-29,0.0,38.55,25.1,79.7,37.55
2003-08-30,0.35,36.77,25.69,82.32,44.06
2003-08-31,0.0,38.3,25.44,79.2,39.47
2003-09-01,0.7,37.72,23.59,93.0,45.78
2003-09-02,0.0,35.9,24.16,93.46,46.27
2003-09-03,9.79,37.32,24.57,85.87,41.46
2003-09-04,35.95,31.6,22.71,99.93,70.01
2003-09-05,11.69,32.36,21.9,99.62,62.05
2003-09-06,3.36,35.77,23.17,94.13,49.95
2003-09-07,0.0,36.26,23.89,89.34,47.18
2003-09-08,13.66,32.32,23.91,97.1,58.69
2003-09-09,20.94,30.26,22.14,99.95,72.98
2003-09-10,0.0,34.15,22.82,96.56,52.07
2003-09-11,0.0,34.64,24.07,83.78,52.01
2003-09-12,4.55,36.19,23.78,81.73,40.9
2003-09-13,0.0,37.78,25.17,78.38,42.26
2003-09-14,1.77,33.66,24.82,96.45,61.92
2003-09-15,0.0,33.57,22.63,94.91,47.49
2003-09-16,5.31,36.56,24.07,72.63,39.87
2003-09-17,25.41,35.8,23.99,87.96,44.96
2003-09-18,0.05,36.74,24.48,82.62,40.22
2003-09-19,0.0,38.54,24.89,73.78,31.32
2003-09-20,0.41,40.41,25.83,68.26,26.69
2003-09-21,1.23,39.99,26.55,69.73,31.98
2003-09-22,1.87,36.99,24.77,96.75,42.3
2003-09-23,11.49,33.05,22.49,98.99,60.23
2003-09-24,0.0,37.11,23.6,87.04,41.22
2003-09-25,0.0,40.29,25.57,69.29,26.53
2003-09-26,0.0,41.41,26.75,59.04,23.46
2003-09-27,0.0,42.42,27.02,51.83,19.85
2003-09-28,0.0,40.88,26.56,55.53,20.69
2003-09-29,0.0,41.32,25.96,58.56,21.93
2003-09-30,2.25,40.16,26.87,63.29,30.54
2003-10-01,0.0,36.01,23.85,99.95,50.38
2003-10-02,0.0,32.87,21.99,99.71,60.11
2003-10-03,0.0,40.4,23.12,91.64,21.9
2003-10-04,0.0,40.96,24.62,62.26,23.15
2003-10-05,0.0,40.52,25.46,71.9,29.97
2003-10-06,0.13,40.05,25.67,87.8,34.38
2003-10-07,0.26,34.35,22.86,99.8,60.73
2003-10-08,0.0,35.93,22.33,99.64,41.52
2003-10-09,0.15,41.33,23.73,71.51,17.39
2003-10-10,0.0,41.45,25.0,58.02,21.62
2003-10-11,0.0,41.56,25.35,73.89,24.38
2003-10-12,0.0,42.59,26.06,70.03,20.51
2003-10-13,0.0,42.14,26.19,64.88,17.96
2003-10-14,0.0,41.81,24.74,60.64,14.18
2003-10-15,0.0,40.63,24.61,74.29,17.22
2003-10-16,0.0,40.92,25.2,81.45,27.84
2003-10-17,0.0,41.73,26.22,70.43,26.57
2003-10-18,0.0,36.3,23.94,99.96,51.7
2003-10-19,0.0,33.39,23.46,98.67,60.14
2003-10-20,10.45,33.28,22.88,99.76,60.98
2003-10-21,2.26,33.23,21.33,99.89,52.6
2003-10-22,1.95,36.01,22.6,98.53,45.44
2003-10-23,0.0,38.15,23.61,94.07,36.0
2003-10-24,0.0,38.47,24.57,70.94,26.98
2003-10-25,0.0,39.8,23.34,59.4,19.86
2003-10-26,0.0,38.95,22.55,59.89,18.84
2003-10-27,0.0,42.07,23.59,48.53,14.37
2003-10-28,0.0,42.84,25.21,42.9,18.7
2003-10-29,0.0,43.24,26.39,50.68,16.26
2003-10-30,0.0,43.14,26.49,61.82,19.04
2003-10-31,0.0,43.31,26.99,41.09,13.41
2003-11-01,0.0,42.33,22.37,43.88,14.65
2003-11-02,0.0,41.74,21.09,42.7,14.77
2003-11-03,0.0,41.69,21.5,47.35,16.29
2003-11-04,0.0,42.96,24.1,55.53,16.21
2003-11-05,0.0,42.56,23.21,38.02,7.45
2003-11-06,0.0,40.52,20.17,17.33,7.63
2003-11-07,0.0,41.66,21.64,21.55,8.07
2003-11-08,0.0,40.89,21.91,38.87,13.64
2003-11-09,0.0,40.72,22.39,74.32,20.72
2003-11-10,0.0,41.85,22.96,33.1,11.32
2003-11-11,0.0,41.94,22.41,28.86,11.59
2003-11-12,0.0,41.94,22.34,30.25,10.44
2003-11-13,0.0,40.22,20.82,30.24,11.14
2003-11-14,0.0,38.01,19.11,27.92,9.96
2003-11-15,0.0,38.03,18.37,36.09,11.68
2003-11-16,0.0,38.87,18.66,34.53,11.88
2003-11-17,0.0,39.42,19.19,28.3,10.68
2003-11-18,0.0,39.43,19.61,27.33,10.71
2003-11-19,0.0,39.31,19.81,34.27,12.61
2003-11-20,0.0,37.94,21.04,34.03,13.56
2003-11-21,0.0,39.02,22.08,33.07,15.14
2003-11-22,0.0,40.08,21.25,39.47,14.76
2003-11-23,0.0,37.47,19.8,44.61,16.86
2003-11-24,0.0,39.15,20.29,43.0,16.05
2003-11-25,0.0,38.84,19.73,48.13,17.57
2003-11-26,0.0,39.33,19.96,51.32,19.26
2003-11-27,0.0,39.49,20.69,46.12,17.09
2003-11-28,0.0,39.33,20.86,40.75,14.5
2003-11-29,0.0,41.24,23.25,32.48,12.69
2003-11-30,0.0,40.48,21.52,33.92,12.83
2003-12-01,0.0,39.13,20.19,32.04,12.78
2003-12-02,0.0,36.92,18.27,24.64,12.47
2003-12-03,0.0,34.95,16.1,29.43,13.67
2003-12-04,0.01,34.61,15.97,46.53,17.47
2003-12-05,0.0,34.73,18.81,32.95,15.53
2003-12-06,0.0,37.52,19.17,25.0,12.61
2003-12-07,0.0,40.86,19.9,23.39,10.52
2003-12-08,0.0,39.62,19.32,19.08,7.59
2003-12-09,0.0,39.81,19.3,20.69,9.99
2003-12-10,0.0,40.22,20.1,29.41,13.19
2003-12-11,0.0,38.14,19.54,42.02,17.28
2003-12-12,0.0,35.5,17.24,45.93,20.47
2003-12-13,0.0,36.32,17.79,48.49,16.61
2003-12-14,0.0,34.97,16.31,28.92,13.17
2003-12-15,0.0,31.83,15.19,25.69,12.82
2003-12-16,0.0,35.06,15.95,29.29,11.76
2003-12-17,0.0,37.73,17.46,31.45,11.75
2003-12-18,0.0,38.43,18.2,23.81,10.59
2003-12-19,0.0,38.08,18.1,26.28,12.15
2003-12-20,0.0,38.14,18.01,25.92,10.74
2003-12-21,0.0,36.93,18.79,22.88,11.07
2003-12-22,0.0,37.24,18.59,20.16,10.63
2003-12-23,0.0,35.69,18.25,21.88,9.98
2003-12-24,0.0,36.41,17.24,21.08,9.35
2003-12-25,0.0,37.05,17.6,22.66,9.98
2003-12-26,0.0,31.95,16.72,22.49,6.07
2003-12-27,0.0,31.36,16.77,13.52,8.43
2003-12-28,0.0,30.1,13.63,22.65,10.97
2003-12-29,0.0,31.27,14.45,17.67,7.04
2003-12-30,0.0,32.27,16.0,16.01,7.98
2003-12-31,0.0,36.85,16.47,16.5,7.81
2004-01-01,0.0,37.0,18.1,17.16,8.46
2004-01-02,0.0,36.92,18.23,20.83,11.54
2004-01-03,0.0,37.38,18.52,22.93,9.89
2004-01-04,0.0,36.66,18.29,26.14,11.54
2004-01-05,0.0,37.54,18.85,25.89,11.42
2004-01-06,0.0,38.72,20.12,19.92,9.36
2004-01-07,0.0,35.23,20.05,24.21,13.25
2004-01-08,0.01,32.37,18.28,45.36,10.4
2004-01-09,0.0,28.75,15.57,99.31,23.98
2004-01-10,0.0,31.03,14.56,99.68,34.22
2004-01-11,0.0,36.78,17.59,45.2,13.48
2004-01-12,0.0,35.16,20.53,24.83,14.16
2004-01-13,0.0,39.08,22.05,23.03,10.49
2004-01-14,0.0,38.47,21.11,15.66,6.04
2004-01-15,0.0,33.2,16.02,84.83,16.57
2004-01-16,0.0,36.03,17.07,51.4,18.48
2004-01-17,0.0,36.34,18.3,54.24,24.88
2004-01-18,0.0,36.94,18.42,61.27,22.12
2004-01-19,0.0,36.89,17.98,43.6,18.7
2004-01-20,0.0,35.91,16.47,34.82,15.24
2004-01-21,0.0,35.28,16.77,28.46,13.66
2004-01-22,0.0,30.81,15.98,21.28,6.86
2004-01-23,0.0,32.6,15.91,13.0,8.7
2004-01-24,0.0,34.45,15.97,17.01,8.52
2004-01-25,0.0,33.68,15.66,14.62,7.81
2004-01-26,0.0,33.99,14.66,23.45,9.53
2004-01-27,0.0,36.31,16.24,16.2,7.74
2004-01-28,0.0,37.13,17.33,13.97,6.77
2004-01-29,0.0,36.5,17.21,13.31,6.35
2004-01-30,0.0,35.71,17.18,15.77,7.8
2004-01-31,0.0,32.62,15.25,32.34,14.61
2004-02-01,0.0,33.87,15.8,50.32,16.76
2004-02-02,0.0,34.88,17.14,31.44,13.9
2004-02-03,0.0,37.39,18.48,25.47,9.93
2004-02-04,0.0,38.66,21.33,17.02,6.5
2004-02-05,0.0,34.97,17.59,10.38,7.32
2004-02-06,0.0,34.9,16.44,17.2,7.36
2004-02-07,0.0,35.46,16.81,16.02,8.07
2004-02-08,0.0,36.42,18.02,18.09,8.72
2004-02-09,0.0,37.85,18.77,18.96,9.23
2004-02-10,0.0,38.48,20.34,18.87,8.69
2004-02-11,0.0,34.84,18.54,34.2,10.92
2004-02-12,0.0,39.77,20.47,20.4,7.23
2004-02-13,0.0,40.1,21.38,14.95,7.47
2004-02-14,0.0,40.38,22.79,15.04,6.82
2004-02-15,0.0,41.68,23.48,15.18,9.52
2004-02-16,0.0,42.33,22.79,23.81,10.92
2004-02-17,0.0,42.9,23.02,20.03,9.92
2004-02-18,0.0,42.9,24.11,20.38,10.29
2004-02-19,0.0,37.44,21.0,66.33,26.51
2004-02-20,0.0,34.75,18.42,87.98,35.76
2004-02-21,0.0,34.57,19.28,84.85,37.93
2004-02-22,0.0,37.22,19.32,59.09,24.95
2004-02-23,0.0,39.9,20.71,55.97,23.27
2004-02-24,0.0,36.72,20.82,61.28,27.9
2004-02-25,0.0,38.42,20.24,49.22,21.21
2004-02-26,0.0,39.22,20.58,51.52,20.45
2004-02-27,0.0,41.25,21.0,41.56,17.71
2004-02-28,0.0,38.82,19.65,54.08,20.4
2004-02-29,0.0,37.86,20.09,40.38,18.75
2004-03-01,0.0,35.82,18.95,38.45,14.34
2004-03-02,0.0,37.73,18.6,22.71,8.61
2004-03-03,0.0,38.44,19.54,17.74,7.99
2004-03-04,0.0,35.43,20.56,19.32,6.68
2004-03-05,0.0,33.33,16.19,17.25,7.34
2004-03-06,0.0,35.91,16.42,25.54,8.39
2004-03-07,0.0,38.01,18.34,20.11,6.15
2004-03-08,0.0,39.53,19.54,12.06,4.8
2004-03-09,0.0,41.03,21.34,11.79,5.32
2004-03-10,0.0,41.68,22.47,11.04,5.24
2004-03-11,0.0,42.57,22.69,9.97,5.26
2004-03-12,0.0,43.66,24.11,11.7,5.38
2004-03-13,0.0,43.32,24.17,13.18,6.42
2004-03-14,0.0,41.06,23.34,16.78,8.95
2004-03-15,0.0,39.91,21.33,25.56,10.13
2004-03-16,0.0,42.51,21.79,19.0,7.39
2004-03-17,0.0,44.16,24.09,13.53,5.32
2004-03-18,0.0,43.95,26.14,10.95,5.49
2004-03-19,0.0,42.3,23.98,12.43,5.14
2004-03-20,0.0,42.7,23.12,11.2,5.43
2004-03-21,0.0,42.19,25.12,18.12,6.31
2004-03-22,0.0,41.54,23.35,24.89,7.63
2004-03-23,0.0,38.94,22.62,45.14,17.02
2004-03-24,0.0,39.8,21.56,50.39,18.57
2004-03-25,0.0,38.77,22.32,51.68,20.69
2004-03-26,0.02,38.26,23.46,61.63,28.65
2004-03-27,0.0,38.98,22.53,68.54,25.99
2004-03-28,0.0,35.62,20.31,67.44,31.23
2004-03-29,0.0,36.0,19.91,77.2,26.52
2004-03-30,0.0,38.68,21.08,47.72,17.34
2004-03-31,0.0,42.65,22.68,28.48,14.52
2004-04-01,0.0,41.96,25.8,26.55,13.86
2004-04-02,0.0,42.6,26.0,31.59,16.3
2004-04-03,0.0,45.07,27.2,29.92,14.54
2004-04-04,0.0,45.88,27.05,34.67,11.11
2004-04-05,0.0,45.84,28.33,24.16,10.0
2004-04-06,0.0,44.91,27.79,19.65,7.74
2004-04-07,0.0,44.55,27.34,24.72,10.28
2004-04-08,0.0,42.82,24.78,40.26,12.6
2004-04-09,0.0,41.3,23.99,45.6,15.86
2004-04-10,0.0,40.03,22.38,40.28,15.33
2004-04-11,0.0,38.8,22.0,50.76,20.83
2004-04-12,0.0,42.63,24.69,30.49,12.86
2004-04-13,0.0,42.82,26.51,29.65,13.14
2004-04-14,0.0,38.8,23.58,45.11,20.02
2004-04-15,0.0,36.11,19.81,56.79,12.49
2004-04-16,0.0,41.21,21.46,25.75,11.03
2004-04-17,0.0,39.93,23.51,31.72,15.4
2004-04-18,0.0,38.43,21.95,48.07,18.77
2004-04-19,0.0,43.02,24.1,27.02,10.87
2004-04-20,0.0,42.38,25.04,22.64,9.77
2004-04-21,0.0,43.39,23.15,27.28,8.29
2004-04-22,0.0,45.72,26.03,19.82,10.15
2004-04-23,0.0,45.59,26.05,31.12,11.05
2004-04-24,0.0,44.12,25.58,44.96,13.79
2004-04-25,0.0,45.03,25.2,42.2,10.68
2004-04-26,0.0,42.02,24.76,48.65,17.34
2004-04-27,0.0,41.03,23.42,49.89,18.95
2004-04-28,0.0,37.15,23.04,54.83,27.1
2004-04-29,0.0,37.35,21.47,63.15,26.4
2004-04-30,0.0,41.62,22.96,48.53,14.45
2004-05-01,0.0,42.32,24.39,36.9,12.47
2004-05-02,0.0,41.43,25.21,35.48,15.41
2004-05-03,0.0,42.32,25.99,44.05,17.37
2004-05-04,0.0,42.79,25.24,40.18,12.57
2004-05-05,0.0,43.87,25.56,22.25,11.05
2004-05-06,0.0,43.74,26.25,20.77,9.64
2004-05-07,0.0,44.34,26.17,18.75,8.26
2004-05-08,0.0,44.35,26.0,17.94,8.21
2004-05-09,0.0,44.26,26.85,28.76,13.68
2004-05-10,0.0,44.39,26.49,25.16,10.4
2004-05-11,0.0,44.13,26.59,27.1,11.5
2004-05-12,0.0,44.2,26.17,27.04,12.93
2004-05-13,0.0,43.31,26.37,21.86,11.01
2004-05-14,0.0,43.35,25.85,23.24,10.82
2004-05-15,0.0,42.38,25.24,26.95,10.74
2004-05-16,0.0,41.67,24.77,34.23,13.78
2004-05-17,0.0,42.04,24.15,41.49,15.38
2004-05-18,0.0,43.13,25.5,40.79,13.76
2004-05-19,0.0,46.32,25.95,41.06,10.42
2004-05-20,0.0,46.22,29.34,22.86,9.98
2004-05-21,0.0,41.8,26.6,64.11,21.0
2004-05-22,0.0,44.91,25.67,58.84,13.75
2004-05-23,0.0,45.45,27.51,39.99,15.7
2004-05-24,0.0,44.43,29.7,35.75,17.24
2004-05-25,0.0,44.25,27.2,52.59,18.13
2004-05-26,0.0,44.8,27.21,44.7,15.24
2004-05-27,0.0,44.71,27.38,34.27,15.79
2004-05-28,0.34,41.73,26.96,39.99,19.58
2004-05-29,0.0,38.67,25.22,58.39,28.02
2004-05-30,0.0,41.07,25.47,62.6,19.86
2004-05-31,0.0,45.26,26.08,46.61,13.39
2004-06-01,0.0,43.04,28.57,39.63,13.59
2004-06-02,0.01,39.87,27.01,67.11,24.75
2004-06-03,0.01,40.62,27.2,74.83,31.7
2004-06-04,0.0,37.19,22.59,99.87,48.26
2004-06-05,0.0,37.74,21.97,91.34,29.18
2004-06-06,0.0,40.31,25.88,54.09,28.83
2004-06-07,0.0,39.65,25.99,69.2,32.96
2004-06-08,0.21,41.07,25.5,63.41,24.93
2004-06-09,8.41,37.81,25.41,96.72,38.82
2004-06-10,0.0,29.13,23.47,99.91,74.59
2004-06-11,0.0,32.98,22.04,95.7,53.46
2004-06-12,0.0,35.88,23.15,84.87,45.25
2004-06-13,0.0,36.7,24.91,79.85,42.84
2004-06-14,1.75,38.59,25.21,70.29,28.5
2004-06-15,0.0,38.94,25.35,56.08,21.78
2004-06-16,0.0,39.01,24.65,45.04,20.03
2004-06-17,0.0,41.08,25.59,54.96,22.12
2004-06-18,0.0,41.35,26.1,54.95,19.94
2004-06-19,0.0,41.67,26.82,53.15,22.83
2004-06-20,0.0,40.42,25.5,67.3,19.29
2004-06-21,0.0,39.0,24.05,53.5,21.56
2004-06-22,0.0,39.45,24.98,56.28,21.55
2004-06-23,0.0,41.65,26.22,55.78,14.5
2004-06-24,0.0,43.12,26.31,39.23,12.51
2004-06-25,0.76,40.09,27.47,63.17,20.83
2004-06-26,11.39,38.44,25.14,93.38,41.52
2004-06-27,0.01,39.07,23.92,98.01,27.38
2004-06-28,16.09,40.24,25.62,60.61,26.34
2004-06-29,0.0,41.13,26.17,67.98,25.88
2004-06-30,0.0,40.28,25.93,66.05,26.26
2004-07-01,1.91,38.82,26.28,59.36,29.21
2004-07-02,0.38,39.8,27.06,63.38,32.57
2004-07-03,0.02,38.37,25.18,79.72,31.95
2004-07-04,0.0,38.54,25.17,70.01,30.41
2004-07-05,11.21,39.24,25.77,67.29,34.06
2004-07-06,0.01,38.15,25.84,75.45,33.13
2004-07-07,0.0,40.31,26.39,62.76,17.98
2004-07-08,0.82,39.02,26.59,57.59,23.27
2004-07-09,1.45,38.85,27.46,76.42,41.17
2004-07-10,0.0,35.38,24.7,99.88,51.43
2004-07-11,4.45,31.32,23.15,99.82,66.66
2004-07-12,0.37,32.06,22.71,96.05,61.06
2004-07-13,0.0,31.1,23.3,99.76,66.89
2004-07-14,0.79,35.08,23.41,95.8,51.31
2004-07-15,0.02,34.2,24.87,79.01,43.58
2004-07-16,0.0,35.96,24.39,81.19,42.33
2004-07-17,0.55,36.21,25.1,71.86,39.55
2004-07-18,0.17,37.17,26.02,70.8,41.65
2004-07-19,0.0,38.68,26.69,78.05,34.78
2004-07-20,0.0,38.47,26.15,76.61,33.56
2004-07-21,1.22,38.0,24.85,73.43,32.89
2004-07-22,0.72,37.24,25.2,77.85,39.19
2004-07-23,19.67,33.88,23.99,98.62,52.33
2004-07-24,17.17,29.66,23.04,99.96,75.82
2004-07-25,20.05,28.33,22.82,99.99,79.06
2004-07-26,2.58,30.06,22.77,99.96,70.9
2004-07-27,0.34,29.29,22.85,99.95,72.13
2004-07-28,6.54,30.37,23.05,99.98,72.85
2004-07-29,0.0,32.69,23.16,99.77,66.48
2004-07-30,1.76,32.47,24.14,99.52,66.88
2004-07-31,4.09,31.75,24.2,99.94,73.34
2004-08-01,3.9,31.09,23.5,99.9,71.45
2004-08-02,0.0,32.19,22.95,99.67,63.34
2004-08-03,3.63,33.52,22.95,97.94,55.62
2004-08-04,0.11,34.72,24.04,81.12,49.19
2004-08-05,0.08,35.24,25.1,80.55,51.18
2004-08-06,0.51,32.1,24.22,97.55,65.39
2004-08-07,1.41,31.27,23.86,96.23,72.9
2004-08-08,7.58,31.34,23.68,97.05,68.03
2004-08-09,0.02,34.48,23.48,95.8,52.48
2004-08-10,0.0,37.24,24.6,82.1,35.02
2004-08-11,0.01,40.06,25.8,59.24,27.18
2004-08-12,3.06,37.14,26.2,77.58,44.9
2004-08-13,12.74,34.15,24.8,98.82,54.98
2004-08-14,0.0,31.48,22.82,99.94,67.52
2004-08-15,0.0,31.74,22.83,99.5,62.64
2004-08-16,0.0,34.34,23.05,88.26,50.86
2004-08-17,0.0,35.23,25.04,79.4,47.61
2004-08-18,5.3,34.33,24.96,83.09,55.41
2004-08-19,0.61,32.9,23.56,97.51,65.19
2004-08-20,16.48,30.92,24.21,97.96,74.82
2004-08-21,0.58,32.66,23.34,99.97,57.0
2004-08-22,0.07,34.0,22.92,85.51,51.13
2004-08-23,1.76,35.82,24.83,82.38,46.69
2004-08-24,6.17,35.83,24.96,87.32,50.05
2004-08-25,5.31,32.65,24.31,94.2,63.63
2004-08-26,3.13,29.41,23.41,99.96,77.44
2004-08-27,1.37,32.39,23.07,97.3,65.67
2004-08-28,13.96,31.77,23.14,99.92,67.98
2004-08-29,4.04,32.32,23.42,99.62,62.02
2004-08-30,6.87,33.05,23.44,88.06,58.93
2004-08-31,1.22,30.8,24.63,94.1,67.48
2004-09-01,0.0,33.18,23.0,92.09,56.18
2004-09-02,0.65,35.74,23.73,91.36,47.73
2004-09-03,2.11,35.71,24.39,83.82,47.88
2004-09-04,0.0,34.37,24.42,85.58,56.63
2004-09-05,0.0,37.31,25.15,77.29,41.92
2004-09-06,0.0,38.24,25.02,82.55,36.65
2004-09-07,0.06,37.51,24.55,82.58,37.0
2004-09-08,2.04,37.98,25.93,70.56,34.68
2004-09-09,5.01,37.1,25.65,73.77,40.5
2004-09-10,0.57,37.38,24.32,88.08,39.17
2004-09-11,0.0,40.79,26.13,72.32,25.57
2004-09-12,0.52,40.48,26.37,61.65,25.37
2004-09-13,6.93,39.59,26.19,66.81,30.48
2004-09-14,0.01,39.52,27.02,67.68,36.34
2004-09-15,22.22,35.29,25.12,97.99,48.32
2004-09-16,4.13,32.04,22.6,99.87,62.45
2004-09-17,0.0,38.44,23.0,88.89,31.15
2004-09-18,0.0,42.26,25.74,59.77,16.85
2004-09-19,0.06,38.07,25.72,64.98,31.86
2004-09-20,27.22,38.28,25.59,72.16,34.53
2004-09-21,0.07,38.41,25.26,75.87,32.79
2004-09-22,0.0,38.43,26.37,65.86,35.93
2004-09-23,14.47,39.09,25.39,78.06,33.9
2004-09-24,0.0,39.51,26.4,70.67,32.41
2004-09-25,0.0,39.87,24.59,80.71,23.42
2004-09-26,13.75,40.03,25.59,70.21,32.17
2004-09-27,0.02,41.58,26.12,69.0,21.44
2004-09-28,0.0,41.23,26.0,47.17,14.1
2004-09-29,0.0,40.83,25.16,46.59,16.78
2004-09-30,0.0,41.37,25.33,44.81,13.41
2004-10-01,0.0,43.15,24.15,52.8,10.85
2004-10-02,0.0,43.77,25.13,43.03,13.93
2004-10-03,0.0,44.15,25.55,57.13,12.63
2004-10-04,0.0,44.74,25.29,50.08,8.51
2004-10-05,0.0,43.42,25.36,53.27,16.48
2004-10-06,0.17,41.76,25.37,77.95,27.66
2004-10-07,0.01,39.11,25.85,78.53,34.33
2004-10-08,0.0,42.37,25.24,83.78,16.29
2004-10-09,0.0,42.96,24.5,55.65,10.96
2004-10-10,0.0,43.91,25.17,26.32,9.27
2004-10-11,0.0,43.54,25.41,34.08,11.69
2004-10-12,0.1,42.43,24.73,62.69,16.93
2004-10-13,0.0,42.43,25.3,74.93,16.72
2004-10-14,0.0,43.97,25.5,58.31,8.44
2004-10-15,0.0,44.43,26.38,28.93,8.96
2004-10-16,0.0,42.38,25.56,61.78,16.52
2004-10-17,0.0,42.49,25.08,70.47,14.9
2004-10-18,0.0,42.34,24.79,50.9,14.73
2004-10-19,0.0,42.3,24.95,44.72,12.5
2004-10-20,0.0,44.5,24.39,42.55,6.65
2004-10-21,0.0,43.9,26.44,21.74,9.2
2004-10-22,0.03,41.24,24.62,77.63,17.66
2004-10-23,0.0,41.21,24.85,64.47,16.38
2004-10-24,0.0,39.55,24.41,62.25,15.45
2004-10-25,0.0,42.96,24.17,31.86,6.6
2004-10-26,0.0,43.79,25.27,13.32,5.48
2004-10-27,0.0,43.0,25.08,32.11,8.01
2004-10-28,0.08,41.44,24.43,67.82,14.31
2004-10-29,0.31,41.56,24.87,68.07,13.99
2004-10-30,0.0,42.44,24.73,27.7,6.68
2004-10-31,0.0,40.07,23.16,40.26,12.59
2004-11-01,0.0,41.53,21.71,47.53,17.02
2004-11-02,0.0,40.89,21.28,45.84,14.38
2004-11-03,0.0,40.94,20.74,33.59,11.18
2004-11-04,0.0,41.68,21.0,28.67,9.69
2004-11-05,0.0,40.43,20.61,36.9,11.64
2004-11-06,0.0,38.13,20.38,59.1,19.05
2004-11-07,0.05,38.62,20.83,56.42,20.08
2004-11-08,0.0,39.85,21.02,46.98,14.26
2004-11-09,0.0,41.37,22.02,34.71,10.84
2004-11-10,0.0,41.52,21.49,28.96,9.34
2004-11-11,0.0,41.64,23.73,34.56,14.5
2004-11-12,0.0,40.06,22.41,46.15,19.52
2004-11-13,0.0,39.15,21.98,61.01,20.44
2004-11-14,0.0,40.09,21.75,45.02,15.91
2004-11-15,0.0,39.44,20.81,40.98,14.94
2004-11-16,0.0,39.89,21.22,31.56,11.01
2004-11-17,0.0,38.29,21.4,21.3,11.14
2004-11-18,0.0,39.35,21.8,26.12,8.5
2004-11-19,0.0,37.11,21.23,20.8,9.77
2004-11-20,0.0,38.64,19.74,27.95,12.56
2004-11-21,0.0,39.8,20.62,36.72,11.52
2004-11-22,0.0,40.69,20.7,31.65,9.91
2004-11-23,0.0,40.84,20.89,25.7,8.68
2004-11-24,0.0,41.21,21.04,25.0,9.23
2004-11-25,0.0,41.65,21.43,26.67,9.73
2004-11-26,0.0,40.94,21.12,31.55,9.73
2004-11-27,0.0,39.08,19.55,26.27,10.11
2004-11-28,0.0,39.34,18.65,32.97,10.9
2004-11-29,0.0,39.72,19.89,31.23,10.58
2004-11-30,0.0,38.54,20.23,28.54,11.21
2004-12-01,0.0,34.8,17.8,51.55,29.11
2004-12-02,0.0,36.32,18.42,66.35,25.63
2004-12-03,0.0,35.15,18.47,60.36,27.62
2004-12-04,0.0,40.08,19.45,44.62,12.29
2004-12-05,0.0,39.62,19.75,34.75,15.76
2004-12-06,0.0,39.08,19.24,36.62,17.15
2004-12-07,0.0,36.17,19.09,39.48,19.23
2004-12-08,0.0,34.46,17.5,32.08,13.41
2004-12-09,0.0,34.89,17.18,21.83,11.95
2004-12-10,0.0,36.32,17.67,23.41,10.72
2004-12-11,0.0,35.44,17.51,27.12,10.77
2004-12-12,0.0,33.82,16.51,22.07,8.81
2004-12-13,0.0,36.54,18.74,14.89,7.61
2004-12-14,0.0,34.55,18.38,45.21,8.58
2004-12-15,0.0,33.6,17.99,85.85,39.58
2004-12-16,0.0,35.6,18.5,72.13,32.01
2004-12-17,0.0,33.85,19.09,56.64,31.12
2004-12-18,0.0,39.41,20.81,48.2,21.6
2004-12-19,0.0,38.62,20.6,43.72,21.08
2004-12-20,0.0,40.17,20.6,49.62,19.72
2004-12-21,0.0,40.62,20.57,41.21,18.5
2004-12-22,0.0,40.79,20.67,34.66,15.14
2004-12-23,0.0,40.09,20.39,34.25,14.64
2004-12-24,0.0,38.49,19.82,40.28,19.77
2004-12-25,0.0,35.96,18.18,41.02,18.59
2004-12-26,0.0,32.61,16.33,32.63,16.38
2004-12-27,0.0,33.49,15.56,33.31,16.12
2004-12-28,0.0,32.17,15.52,43.09,19.33
2004-12-29,0.0,37.03,17.24,35.68,14.79
2004-12-30,0.0,32.14,17.07,26.77,10.25
2004-12-31,0.0,31.58,16.72,13.47,6.23
2005-01-01,0.0,32.13,16.75,28.4,9.34
2005-01-02,0.0,31.01,14.56,27.2,13.19
2005-01-03,0.0,31.49,14.55,31.11,14.09
2005-01-04,0.0,31.21,14.53,29.32,14.73
2005-01-05,0.0,33.84,14.96,29.27,13.81
2005-01-06,0.0,36.01,17.28,29.21,15.97
2005-01-07,0.0,35.77,20.26,29.41,16.21
2005-01-08,0.0,36.89,20.44,23.34,11.47
2005-01-09,0.0,36.0,17.96,23.29,10.98
2005-01-10,0.0,33.87,18.52,24.69,12.64
2005-01-11,0.0,32.81,18.72,24.85,14.74
2005-01-12,0.0,33.64,18.18,24.52,11.89
2005-01-13,0.0,33.88,18.47,21.23,11.62
2005-01-14,0.0,36.19,17.95,26.1,12.56
2005-01-15,0.0,35.34,17.37,33.05,14.46
2005-01-16,0.0,35.9,17.54,30.06,13.93
2005-01-17,0.0,38.38,21.02,23.09,11.02
2005-01-18,0.0,39.26,20.57,24.67,9.61
2005-01-19,0.0,37.65,21.25,25.21,7.43
2005-01-20,0.0,37.0,19.77,20.03,9.39
2005-01-21,0.0,36.5,20.01,15.96,6.1
2005-01-22,0.0,36.36,17.1,12.67,6.86
2005-01-23,0.0,37.58,17.87,18.5,9.48
2005-01-24,0.0,38.07,18.01,19.97,10.89
2005-01-25,0.0,37.22,17.81,24.05,10.53
2005-01-26,0.0,36.0,17.13,21.77,10.5
2005-01-27,0.0,35.44,16.35,21.59,10.24
2005-01-28,0.0,34.21,15.72,25.12,12.21
2005-01-29,0.0,35.94,15.69,43.99,14.24
2005-01-30,0.0,36.86,17.48,40.09,15.75
2005-01-31,0.0,37.25,17.45,29.4,14.62
2005-02-01,0.0,37.57,19.17,29.53,14.78
2005-02-02,0.0,39.28,19.89,26.01,13.5
2005-02-03,0.0,35.08,20.39,24.51,15.55
2005-02-04,0.0,33.85,18.02,25.95,12.05
2005-02-05,0.0,33.54,16.38,17.9,10.53
2005-02-06,0.0,33.86,15.94,26.03,11.14
2005-02-07,0.0,33.37,16.57,19.17,10.64
2005-02-08,0.0,31.19,13.95,22.12,12.94
2005-02-09,0.0,33.24,14.88,39.29,15.29
2005-02-10,0.0,36.08,17.15,30.15,13.48
2005-02-11,0.0,38.62,19.37,26.35,11.33
2005-02-12,0.0,38.13,21.88,26.57,14.35
2005-02-13,0.0,38.53,23.03,35.12,21.1
2005-02-14,0.06,37.96,22.12,52.59,17.36
2005-02-15,0.0,37.4,21.96,47.01,20.05
2005-02-16,0.0,34.63,20.44,59.69,28.12
2005-02-17,0.0,38.56,20.65,44.49,15.76
2005-02-18,0.0,37.52,21.35,30.02,16.3
2005-02-19,0.0,38.02,21.58,38.54,20.73
2005-02-20,0.48,37.09,20.44,52.49,21.21
2005-02-21,0.0,38.43,20.24,44.16,18.86
2005-02-22,0.11,37.83,20.46,66.09,24.35
2005-02-23,0.01,37.99,21.83,48.66,25.68
2005-02-24,0.0,34.41,20.84,72.23,29.68
2005-02-25,0.0,33.48,18.28,73.64,29.73
2005-02-26,0.0,39.29,19.22,72.31,23.05
2005-02-27,0.01,41.88,22.86,45.91,21.0
2005-02-28,0.0,36.78,22.21,60.01,24.1
2005-03-01,0.0,32.79,21.11,87.51,31.85
2005-03-02,0.0,39.02,20.36,77.49,29.79
2005-03-03,0.05,34.42,20.86,88.72,41.49
2005-03-04,0.0,37.22,21.26,89.31,40.52
2005-03-05,0.0,34.44,20.79,80.13,35.13
2005-03-06,0.0,36.6,19.99,56.96,22.33
2005-03-07,0.0,38.14,21.38,37.3,21.63
2005-03-08,0.0,39.6,20.97,34.18,12.68
2005-03-09,0.0,41.49,21.69,17.17,10.11
2005-03-10,0.0,40.53,23.42,25.9,11.03
2005-03-11,0.0,40.87,22.29,15.42,8.38
2005-03-12,0.0,41.14,22.76,15.5,7.49
2005-03-13,0.0,38.88,20.77,22.32,8.27
2005-03-14,0.0,38.57,19.98,54.45,16.04
2005-03-15,0.0,41.08,21.79,28.85,12.39
2005-03-16,0.0,41.9,22.7,30.91,13.54
2005-03-17,0.0,42.21,22.96,26.82,9.4
2005-03-18,0.0,43.61,23.48,19.04,7.05
2005-03-19,0.0,42.93,23.69,15.6,7.47
2005-03-20,0.0,41.8,22.71,23.05,8.77
2005-03-21,0.0,41.73,21.94,24.19,9.19
2005-03-22,0.0,42.41,22.55,20.85,7.98
2005-03-23,0.0,43.1,23.21,18.71,7.55
2005-03-24,0.0,43.58,23.53,19.34,7.28
2005-03-25,0.0,43.39,22.54,30.68,6.95
2005-03-26,0.0,44.21,23.54,19.93,6.39
2005-03-27,0.0,44.68,24.1,19.1,5.73
2005-03-28,0.0,44.8,25.1,16.74,6.04
2005-03-29,0.0,45.05,24.93,18.23,6.39
2005-03-30,0.0,45.27,25.55,20.47,6.23
2005-03-31,0.0,45.45,25.84,11.12,4.7
2005-04-01,0.0,45.02,24.92,13.35,5.58
2005-04-02,0.0,44.88,25.16,16.75,5.53
2005-04-03,0.0,44.95,24.8,19.97,6.29
2005-04-04,0.0,45.08,24.99,29.13,7.44
2005-04-05,0.0,46.2,26.01,23.05,7.46
2005-04-06,0.0,45.89,26.94,22.04,8.58
2005-04-07,0.0,46.33,26.93,25.78,9.79
2005-04-08,0.0,45.91,26.76,22.65,8.43
2005-04-09,0.0,44.22,26.34,26.69,10.33
2005-04-10,0.0,44.43,25.06,31.72,12.58
2005-04-11,0.0,44.73,24.54,29.89,10.73
2005-04-12,0.0,45.29,26.44,23.16,11.07
2005-04-13,0.0,41.65,24.77,48.26,15.78
2005-04-14,0.0,38.92,23.33,61.4,18.53
2005-04-15,0.0,39.59,21.78,49.78,13.44
2005-04-16,0.0,40.9,23.89,38.23,11.32
2005-04-17,0.0,38.35,22.92,29.35,13.45
2005-04-18,0.0,39.59,21.09,34.75,10.61
2005-04-19,0.0,41.77,22.24,37.57,10.16
2005-04-20,0.0,43.26,25.44,19.85,7.25
2005-04-21,0.0,43.59,26.49,17.63,7.7
2005-04-22,0.0,44.7,26.03,19.17,7.59
2005-04-23,0.0,41.71,23.6,46.55,11.28
2005-04-24,0.0,40.44,23.56,55.51,22.14
2005-04-25,0.01,39.73,23.18,57.68,21.91
2005-04-26,0.0,40.84,24.6,49.63,19.99
2005-04-27,0.0,45.62,26.14,43.31,12.94
2005-04-28,0.0,47.89,27.32,35.75,11.12
2005-04-29,0.0,45.78,28.58,36.64,16.4
2005-04-30,0.0,45.38,28.09,55.24,20.03
2005-05-01,0.0,43.52,26.71,67.46,18.08
2005-05-02,0.0,45.47,27.01,34.55,10.31
2005-05-03,0.0,44.32,27.07,26.28,9.99
2005-05-04,0.0,40.33,24.36,51.35,14.47
2005-05-05,0.0,41.27,24.38,54.34,20.25
2005-05-06,0.0,41.7,24.9,59.61,17.89
2005-05-07,0.0,42.98,24.3,58.89,18.04
2005-05-08,0.0,40.18,27.82,55.44,25.01
2005-05-09,0.01,44.44,27.64,69.75,25.94
2005-05-10,0.0,41.46,26.01,78.19,31.93
2005-05-11,0.15,38.54,24.51,99.3,55.13
2005-05-12,0.0,35.52,22.66,99.19,73.14
2005-05-13,0.0,41.55,25.55,98.23,39.65
2005-05-14,0.0,43.61,27.11,74.27,23.59
2005-05-15,0.0,41.7,26.8,70.2,34.25
2005-05-16,0.0,40.93,26.83,85.1,41.17
2005-05-17,0.0,41.89,25.83,91.04,35.26
2005-05-18,0.0,41.1,26.68,78.04,43.45
2005-05-19,0.0,38.45,25.38,96.67,63.06
2005-05-20,0.0,43.99,26.61,90.26,22.84
2005-05-21,0.0,41.12,26.98,71.01,30.91
2005-05-22,0.0,41.2,25.92,71.59,32.65
2005-05-23,0.01,41.93,26.95,79.97,34.18
2005-05-24,0.0,40.38,26.6,79.54,24.47
2005-05-25,0.0,41.49,27.25,43.4,19.89
2005-05-26,0.0,41.95,27.07,57.05,22.17
2005-05-27,0.0,41.4,26.72,68.05,31.63
2005-05-28,0.0,40.76,25.93,84.76,29.63
2005-05-29,0.0,41.65,25.46,69.97,23.51
2005-05-30,0.0,43.87,26.58,67.59,16.75
2005-05-31,0.0,44.51,27.7,36.2,14.66
2005-06-01,0.0,42.17,27.03,35.11,13.0
2005-06-02,0.0,40.87,25.46,52.5,18.26
2005-06-03,0.0,37.6,24.93,54.46,23.61
2005-06-04,5.18,41.19,26.34,49.32,20.93
2005-06-05,0.03,39.98,27.0,54.98,27.93
2005-06-06,0.0,39.68,26.72,83.5,34.97
2005-06-07,0.0,42.66,28.06,72.06,25.12
2005-06-08,0.0,42.45,28.75,56.03,21.58
2005-06-09,0.0,44.64,27.69,60.63,18.56
2005-06-10,0.0,40.82,26.8,68.33,27.98
2005-06-11,0.0,40.9,26.31,72.63,32.98
2005-06-12,0.02,41.37,26.77,65.67,25.38
2005-06-13,0.0,39.87,26.37,54.56,21.21
2005-06-14,0.0,41.94,26.81,45.51,17.95
2005-06-15,0.01,41.24,28.01,57.5,27.76
2005-06-16,2.14,40.64,26.57,82.49,31.21
2005-06-17,0.0,42.22,27.55,73.34,16.75
2005-06-18,0.0,43.84,27.18,53.64,12.66
2005-06-19,0.0,41.13,26.63,62.03,18.14
2005-06-20,0.0,39.86,25.73,55.99,26.6
2005-06-21,0.0,39.09,26.13,69.72,30.98
2005-06-22,0.0,38.66,24.75,62.68,24.11
2005-06-23,0.0,40.09,25.39,58.86,24.31
2005-06-24,0.0,40.54,27.25,60.57,26.93
2005-06-25,0.0,39.66,26.59,76.25,29.99
2005-06-26,0.37,39.38,25.76,77.84,32.06
2005-06-27,17.03,40.34,26.95,77.78,36.71
2005-06-28,0.0,36.86,25.3,99.77,52.68
2005-06-29,0.1,33.25,23.82,99.68,75.47
2005-06-30,0.0,34.53,24.73,99.75,66.94
2005-07-01,0.0,36.22,25.48,89.24,49.12
2005-07-02,0.11,37.27,25.41,77.24,36.17
2005-07-03,4.08,35.19,24.83,77.68,44.86
2005-07-04,0.03,36.9,25.1,85.8,42.08
2005-07-05,15.18,38.05,26.29,81.01,41.12
2005-07-06,0.03,37.87,25.96,72.38,25.39
2005-07-07,0.0,38.81,25.72,60.29,31.17
2005-07-08,1.11,37.45,23.57,82.7,32.95
2005-07-09,20.94,38.81,25.7,54.82,26.82
2005-07-10,9.59,39.29,26.41,52.34,24.43
2005-07-11,5.2,38.65,26.65,77.09,33.26
2005-07-12,30.4,36.52,25.69,97.65,46.88
2005-07-13,0.0,32.76,23.31,98.29,53.29
2005-07-14,2.64,36.38,23.78,84.7,41.11
2005-07-15,25.82,36.28,25.02,92.6,45.51
2005-07-16,0.0,31.07,23.03,99.89,73.16
2005-07-17,0.0,31.39,23.17,99.62,70.15
2005-07-18,0.0,31.67,21.66,97.41,61.86
2005-07-19,9.16,33.09,23.87,91.45,55.54
2005-07-20,17.72,31.02,23.72,99.94,67.97
2005-07-21,3.92,30.62,22.89,99.83,74.09
2005-07-22,0.0,32.61,23.66,99.65,63.85
2005-07-23,11.98,32.81,24.59,99.74,67.35
2005-07-24,9.23,32.59,24.53,99.75,69.17
2005-07-25,0.21,32.86,24.43,99.74,64.6
2005-07-26,0.02,33.85,24.04,94.09,54.59
2005-07-27,0.0,34.8,25.17,82.58,51.82
2005-07-28,0.0,35.76,25.56,82.35,45.49
2005-07-29,0.0,37.41,25.65,76.23,37.21
2005-07-30,0.0,38.67,25.39,77.65,33.99
2005-07-31,23.38,38.34,26.9,79.71,39.29
2005-08-01,0.2,33.51,24.05,97.92,60.52
2005-08-02,0.0,33.77,23.85,98.72,60.31
2005-08-03,0.0,35.92,24.49,92.95,43.97
2005-08-04,0.0,36.93,24.87,81.85,39.73
2005-08-05,0.98,38.06,25.82,65.5,34.4
2005-08-06,0.0,36.73,26.07,66.77,43.51
2005-08-07,0.0,36.77,26.37,76.29,43.15
2005-08-08,0.0,38.2,24.71,76.5,39.18
2005-08-09,0.0,38.31,25.8,79.45,39.79
2005-08-10,16.81,34.3,24.1,98.48,66.07
2005-08-11,3.99,32.06,23.45,99.75,64.48
2005-08-12,4.26,31.67,23.32,99.84,65.81
2005-08-13,0.0,32.62,23.23,99.6,63.43
2005-08-14,0.44,36.18,23.74,88.4,43.85
2005-08-15,8.1,35.73,26.7,84.97,52.68
2005-08-16,18.5,32.68,25.11,86.58,56.64
2005-08-17,0.0,34.92,23.87,90.31,51.09
2005-08-18,2.71,36.87,24.74,79.88,40.65
2005-08-19,9.09,32.96,24.4,99.68,59.2
2005-08-20,0.12,30.55,22.99,99.59,70.12
2005-08-21,0.74,33.07,22.41,95.79,56.48
2005-08-22,10.39,32.41,24.11,96.46,66.31
2005-08-23,0.0,32.48,23.52,97.82,64.13
2005-08-24,0.0,34.43,23.93,98.04,56.32
2005-08-25,0.0,33.42,24.95,91.09,62.5
2005-08-26,0.63,33.92,24.02,98.02,59.61
2005-08-27,0.01,33.56,23.33,93.53,55.29
2005-08-28,2.82,34.81,24.34,85.04,52.06
2005-08-29,14.75,32.66,25.0,90.82,61.11
2005-08-30,0.0,34.31,23.4,98.26,58.48
2005-08-31,17.29,33.76,24.06,88.93,59.4
2005-09-01,0.0,31.82,23.08,96.17,67.08
2005-09-02,0.0,33.79,22.79,97.37,58.66
2005-09-03,13.92,34.43,23.72,94.99,55.54
2005-09-04,3.5,32.06,23.03,99.76,66.22
2005-09-05,0.0,32.85,22.79,99.99,61.32
2005-09-06,0.5,36.91,24.04,87.93,42.7
2005-09-07,0.0,36.68,24.74,79.53,44.54
2005-09-08,3.84,32.97,24.11,94.84,57.38
2005-09-09,18.64,33.55,22.08,95.69,54.06
2005-09-10,0.34,36.62,24.36,85.8,42.19
2005-09-11,0.0,37.74,24.8,76.83,34.82
2005-09-12,0.0,40.6,24.21,70.87,25.96
2005-09-13,21.56,38.67,27.13,70.16,39.99
2005-09-14,2.49,35.69,25.18,91.22,53.55
2005-09-15,0.54,34.93,24.19,89.47,55.56
2005-09-16,0.0,36.21,22.88,97.31,35.65
2005-09-17,0.0,37.08,23.22,78.31,40.18
2005-09-18,7.53,38.08,25.61,80.25,38.42
2005-09-19,0.15,39.54,25.83,71.85,27.44
2005-09-20,0.0,42.64,25.98,62.24,15.1
2005-09-21,7.8,38.52,25.91,63.98,21.27
2005-09-22,1.92,38.2,26.25,82.08,42.39
2005-09-23,0.1,33.98,23.03,95.39,57.6
2005-09-24,0.0,37.47,24.1,91.26,43.19
2005-09-25,1.11,38.23,25.06,83.19,37.27
2005-09-26,8.05,36.66,25.27,77.11,42.07
2005-09-27,2.61,32.14,23.02,99.78,63.8
2005-09-28,32.8,27.25,22.35,99.75,87.82
2005-09-29,3.28,27.06,22.38,99.81,86.16
2005-09-30,0.01,32.12,22.89,99.71,66.84
2005-10-01,0.0,33.12,22.26,99.86,67.43
2005-10-02,0.0,34.19,22.56,99.87,57.67
2005-10-03,0.0,35.05,22.19,99.45,49.35
2005-10-04,0.0,36.42,22.74,92.14,43.26
2005-10-05,0.0,35.36,22.03,98.0,47.92
2005-10-06,0.0,32.74,22.55,99.86,65.24
2005-10-07,0.0,33.37,22.54,99.93,65.79
2005-10-08,0.0,31.94,22.04,99.81,71.32
2005-10-09,0.0,31.68,22.06,99.8,69.04
2005-10-10,0.02,34.14,21.77,99.9,55.49
2005-10-11,0.0,36.0,22.05,99.76,46.23
2005-10-12,0.0,36.73,22.88,99.75,44.5
2005-10-13,0.0,37.22,23.14,99.37,38.37
2005-10-14,0.0,39.53,23.27,91.46,23.74
2005-10-15,0.0,41.29,24.67,58.42,19.79
2005-10-16,0.0,40.91,26.11,52.73,19.67
2005-10-17,0.0,40.81,25.25,46.19,18.24
2005-10-18,0.0,41.47,25.31,40.83,16.77
2005-10-19,0.42,39.37,25.22,63.5,22.44
2005-10-20,0.8,36.54,24.49,99.81,43.07
2005-10-21,0.0,38.01,22.88,94.92,27.82
2005-10-22,0.04,41.23,24.24,56.8,21.14
2005-10-23,0.06,39.82,25.04,75.15,30.94
2005-10-24,0.0,37.92,25.55,84.26,32.88
2005-10-25,0.0,37.5,22.99,90.87,27.31
2005-10-26,0.0,39.25,23.34,67.52,20.37
2005-10-27,0.0,38.61,24.48,68.27,25.77
2005-10-28,0.0,40.11,24.15,65.34,18.4
2005-10-29,0.0,39.69,24.91,50.36,16.4
2005-10-30,0.0,39.1,23.99,33.07,10.52
2005-10-31,0.0,40.39,23.51,27.37,11.05
2005-11-01,0.0,41.48,21.75,34.06,14.5
2005-11-02,0.0,39.87,21.91,83.5,28.68
2005-11-03,0.0,41.18,22.3,88.25,14.13
2005-11-04,0.0,41.55,21.79,30.75,9.3
2005-11-05,0.0,40.99,20.82,26.32,9.81
2005-11-06,0.0,41.11,21.1,27.57,9.59
2005-11-07,0.0,41.57,21.26,29.22,9.27
2005-11-08,0.0,42.08,22.45,34.25,11.39
2005-11-09,0.0,39.78,21.06,25.45,8.07
2005-11-10,0.0,40.63,20.51,25.2,8.26
2005-11-11,0.0,40.47,20.13,24.36,8.52
2005-11-12,0.0,39.82,20.57,26.09,9.29
2005-11-13,0.0,37.51,20.4,25.96,10.56
2005-11-14,0.0,37.33,19.56,34.53,14.87
2005-11-15,0.0,37.39,19.97,49.66,18.28
2005-11-16,0.0,38.57,20.38,43.35,15.54
2005-11-17,0.0,38.75,21.44,40.4,15.32
2005-11-18,0.0,39.85,20.57,39.3,12.37
2005-11-19,0.0,39.24,19.82,42.6,12.82
2005-11-20,0.0,37.45,19.48,41.16,14.24
2005-11-21,0.0,36.34,19.15,46.98,16.94
2005-11-22,0.0,37.85,19.64,47.69,13.61
2005-11-23,0.0,39.77,19.86,49.42,10.92
2005-11-24,0.0,40.46,20.51,50.9,13.13
2005-11-25,0.0,39.32,21.78,51.57,19.21
2005-11-26,0.0,37.66,19.74,50.77,18.86
2005-11-27,0.0,38.75,20.33,45.68,16.39
2005-11-28,0.0,40.18,20.7,39.32,13.34
2005-11-29,0.0,39.99,20.71,41.01,15.02
2005-11-30,0.0,34.45,19.3,80.26,23.85
2005-12-01,0.0,35.09,17.41,61.38,22.27
2005-12-02,0.0,35.52,17.32,41.54,20.52
2005-12-03,0.0,38.25,18.29,38.79,16.73
2005-12-04,0.0,39.2,18.72,35.05,14.83
2005-12-05,0.0,40.34,19.61,33.11,14.64
2005-12-06,0.0,39.63,19.72,40.75,18.6
2005-12-07,0.0,39.17,19.02,34.54,14.67
2005-12-08,0.0,39.79,19.26,28.65,14.71
2005-12-09,0.0,38.69,19.1,41.46,17.45
2005-12-10,0.0,36.03,20.29,54.18,21.66
2005-12-11,0.0,36.04,19.49,59.07,25.25
2005-12-12,0.0,38.65,18.96,51.7,15.19
2005-12-13,0.0,39.46,20.03,34.52,15.85
2005-12-14,0.0,38.48,20.51,29.07,14.03
2005-12-15,0.0,38.33,20.51,28.89,14.37
2005-12-16,0.0,40.26,20.22,29.14,11.22
2005-12-17,0.0,41.6,21.28,22.89,9.56
2005-12-18,0.0,41.65,21.51,25.16,8.95
2005-12-19,0.0,41.17,20.95,27.29,12.69
2005-12-20,0.0,40.18,20.54,32.03,12.22
2005-12-21,0.0,39.57,19.94,41.36,16.43
2005-12-22,0.0,38.81,20.05,30.49,10.92
2005-12-23,0.0,37.57,20.71,35.79,15.35
2005-12-24,0.0,37.53,20.84,42.09,17.9
2005-12-25,0.0,39.01,20.88,29.06,13.25
2005-12-26,0.0,39.27,20.47,26.47,11.93
2005-12-27,0.0,39.21,20.14,24.82,12.17
2005-12-28,0.0,37.87,19.9,24.18,11.53
2005-12-29,0.0,35.62,19.48,36.45,17.46
2005-12-30,0.0,31.41,15.96,48.97,21.93
2005-12-31,0.0,32.8,14.36,46.88,15.86
2006-01-01,0.0,31.41,15.33,52.81,23.68
2006-01-02,0.0,33.22,15.66,46.62,17.47
2006-01-03,0.0,33.7,15.35,41.1,15.21
2006-01-04,0.0,35.1,16.22,37.58,12.15
2006-01-05,0.0,34.6,17.04,34.21,13.18
2006-01-06,0.0,34.09,17.34,26.8,10.98
2006-01-07,0.0,30.98,17.17,21.81,9.59
2006-01-08,0.0,31.62,13.97,28.49,12.65
2006-01-09,0.0,33.02,14.95,42.96,16.5
2006-01-10,0.0,37.27,17.74,36.0,9.17
2006-01-11,0.0,34.33,18.37,65.03,23.15
2006-01-12,0.0,35.77,18.34,29.26,8.86
2006-01-13,0.0,37.11,19.93,22.54,8.96
2006-01-14,0.0,36.56,19.45,38.85,15.11
2006-01-15,0.0,33.88,18.54,39.39,16.42
2006-01-16,0.0,31.91,16.51,32.44,15.07
2006-01-17,0.0,29.4,14.72,29.11,14.46
2006-01-18,0.0,28.64,15.1,53.72,25.93
2006-01-19,0.0,31.68,14.11,48.56,18.7
2006-01-20,0.0,31.77,14.86,35.06,16.38
2006-01-21,0.0,35.88,19.11,26.37,11.71
2006-01-22,0.0,37.47,19.61,20.61,10.24
2006-01-23,0.0,37.83,19.86,28.61,13.21
2006-01-24,0.0,39.42,20.25,25.08,10.72
2006-01-25,0.0,38.72,19.9,24.95,11.32
2006-01-26,0.0,37.96,20.02,30.67,11.76
2006-01-27,0.0,36.37,18.55,37.28,15.4
2006-01-28,0.0,32.16,17.05,66.18,22.55
2006-01-29,0.0,34.18,15.73,77.33,23.85
2006-01-30,0.0,30.9,15.76,44.66,16.31
2006-01-31,0.0,33.33,16.61,24.76,8.06
2006-02-01,0.0,36.15,18.16,17.74,8.75
2006-02-02,0.0,34.78,19.38,22.45,10.62
2006-02-03,0.0,37.23,20.61,16.94,8.53
2006-02-04,0.0,38.82,21.45,21.24,11.12
2006-02-05,0.0,39.74,22.11,25.87,13.09
2006-02-06,0.0,40.38,22.41,20.97,10.52
2006-02-07,0.0,39.92,23.1,20.84,11.12
2006-02-08,0.0,40.3,23.77,17.65,7.75
2006-02-09,0.0,38.46,23.49,29.71,11.65
2006-02-10,0.0,35.21,22.57,51.38,30.23
2006-02-11,0.0,31.69,18.86,83.83,38.16
2006-02-12,0.0,31.84,17.66,83.94,34.75
2006-02-13,0.0,34.6,17.96,61.64,23.63
2006-02-14,0.0,33.71,17.82,58.57,25.8
2006-02-15,0.0,34.11,16.9,42.68,22.38
2006-02-16,0.0,34.57,17.32,45.97,18.22
2006-02-17,0.0,35.17,17.11,44.88,20.14
2006-02-18,0.0,36.62,19.05,38.32,18.51
2006-02-19,0.0,36.58,19.17,27.36,14.95
2006-02-20,0.0,36.17,18.54,38.81,17.36
2006-02-21,0.0,37.36,19.38,35.02,13.94
2006-02-22,0.0,35.32,17.8,27.93,11.78
2006-02-23,0.0,35.41,17.72,33.43,13.62
2006-02-24,0.0,37.1,17.94,27.85,10.67
2006-02-25,0.0,37.0,17.54,16.73,7.99
2006-02-26,0.0,37.48,18.09,19.45,9.11
2006-02-27,0.0,38.54,18.85,24.18,7.87
2006-02-28,0.0,38.94,18.91,21.25,9.94
2006-03-01,0.0,33.49,18.95,57.97,21.48
2006-03-02,0.0,36.87,17.83,47.85,14.75
2006-03-03,0.0,39.58,20.22,39.66,15.05
2006-03-04,0.0,40.17,21.83,30.94,12.66
2006-03-05,0.0,39.91,22.58,24.07,10.87
2006-03-06,0.0,41.35,23.41,23.65,9.52
2006-03-07,0.0,39.16,23.18,25.88,11.45
2006-03-08,0.0,36.89,20.64,18.24,5.42
2006-03-09,0.0,37.61,18.77,12.24,5.79
2006-03-10,0.0,40.21,19.87,11.62,4.31
2006-03-11,0.0,41.32,21.53,8.67,4.04
2006-03-12,0.0,42.26,22.74,8.87,4.23
2006-03-13,0.0,42.78,23.05,8.88,4.14
2006-03-14,0.0,42.81,23.73,11.67,5.32
2006-03-15,0.0,43.63,24.2,11.94,4.73
2006-03-16,0.0,43.65,24.79,15.92,5.51
2006-03-17,0.0,43.13,24.2,25.48,8.39
2006-03-18,0.0,41.99,22.36,29.24,8.88
2006-03-19,0.0,40.35,21.65,39.13,13.61
2006-03-20,0.0,38.78,20.81,55.85,17.86
2006-03-21,0.0,40.36,21.53,34.25,12.47
2006-03-22,0.0,43.21,22.49,27.76,11.66
2006-03-23,0.0,43.63,24.23,24.36,9.65
2006-03-24,0.0,43.91,26.27,16.33,8.77
2006-03-25,0.0,45.42,25.34,15.29,5.64
2006-03-26,0.0,44.95,26.05,12.91,6.1
2006-03-27,0.0,43.9,24.86,11.79,5.57
2006-03-28,0.0,44.17,24.23,12.71,6.04
2006-03-29,0.0,39.24,23.06,33.35,8.07
2006-03-30,0.0,39.96,24.08,54.95,23.89
2006-03-31,0.0,43.94,24.49,42.53,9.1
2006-04-01,0.0,44.66,25.02,17.8,5.52
2006-04-02,0.0,45.07,26.11,12.83,5.85
2006-04-03,0.0,45.46,25.65,15.78,5.81
2006-04-04,0.0,45.65,25.02,21.36,5.97
2006-04-05,0.0,45.21,25.56,21.71,5.56
2006-04-06,0.0,43.44,24.36,31.23,8.98
2006-04-07,0.0,42.47,23.14,52.17,13.56
2006-04-08,0.0,40.76,23.31,56.91,19.11
2006-04-09,0.0,41.46,23.31,54.5,17.41
2006-04-10,0.0,41.46,22.92,56.59,15.86
2006-04-11,0.0,42.38,22.92,57.22,17.24
2006-04-12,0.0,43.55,25.55,49.04,17.84
2006-04-13,0.0,41.95,25.75,55.43,25.07
2006-04-14,0.0,40.26,24.34,71.84,25.38
2006-04-15,0.0,43.73,23.86,46.15,10.43
2006-04-16,0.0,45.98,26.07,31.05,8.48
2006-04-17,0.0,43.35,26.73,38.35,12.22
2006-04-18,0.0,42.16,24.64,53.79,16.35
2006-04-19,0.0,40.51,24.45,51.11,20.52
2006-04-20,0.0,42.45,24.47,43.88,15.47
2006-04-21,0.0,42.39,24.08,37.42,11.96
2006-04-22,0.0,42.52,24.84,35.52,14.3
2006-04-23,0.0,41.52,23.51,48.96,17.21
2006-04-24,0.0,42.6,26.07,37.24,15.25
2006-04-25,0.0,42.57,25.87,24.72,11.2
2006-04-26,0.0,43.53,25.52,25.51,11.89
2006-04-27,0.0,43.98,25.82,28.57,11.7
2006-04-28,0.0,43.07,25.62,34.31,13.97
2006-04-29,0.0,38.81,22.92,51.66,22.28
2006-04-30,0.0,37.48,21.17,61.18,22.6
2006-05-01,0.0,35.19,21.21,60.45,24.17
2006-05-02,0.0,36.74,21.73,63.51,23.03
2006-05-03,0.0,38.62,22.54,56.66,22.31
2006-05-04,0.0,42.18,24.82,47.28,15.62
2006-05-05,0.0,45.8,27.13,31.18,12.61
2006-05-06,0.0,44.04,27.16,30.79,13.3
2006-05-07,0.0,44.76,27.6,24.76,8.87
2006-05-08,0.0,44.25,26.91,31.21,9.89
2006-05-09,0.08,40.39,24.71,45.05,15.59
2006-05-10,0.0,42.32,23.56,55.21,13.93
2006-05-11,0.0,43.4,24.44,41.23,11.57
2006-05-12,0.0,42.95,25.48,44.06,16.27
2006-05-13,0.0,42.95,24.81,49.98,14.03
2006-05-14,0.0,43.78,25.23,38.02,10.63
2006-05-15,0.0,40.25,23.86,54.61,17.76
2006-05-16,0.0,39.11,22.77,65.71,20.1
2006-05-17,0.0,41.09,23.92,56.32,18.01
2006-05-18,0.0,47.05,26.3,50.25,8.98
2006-05-19,0.0,43.71,28.86,45.02,12.74
2006-05-20,0.0,40.57,26.41,73.73,31.44
2006-05-21,0.0,40.36,25.28,70.52,28.61
2006-05-22,0.0,39.61,24.4,61.38,24.12
2006-05-23,0.0,42.07,25.38,54.94,24.49
2006-05-24,0.0,40.27,25.73,75.56,31.47
2006-05-25,0.0,41.53,26.06,61.22,26.18
2006-05-26,0.0,42.16,26.78,55.31,24.77
2006-05-27,0.0,41.77,26.68,47.36,16.67
2006-05-28,0.0,44.3,26.85,46.09,17.59
2006-05-29,0.0,45.56,29.24,36.27,16.39
2006-05-30,0.0,44.62,28.85,55.59,22.38
2006-05-31,0.0,43.53,28.03,59.62,21.98
2006-06-01,0.06,42.75,27.22,49.85,18.91
2006-06-02,1.48,42.06,29.48,50.98,25.17
2006-06-03,0.0,42.6,27.6,74.17,19.85
2006-06-04,0.0,44.89,27.76,50.75,14.0
2006-06-05,0.0,44.4,28.22,49.28,15.89
2006-06-06,0.0,43.27,27.83,59.32,17.45
2006-06-07,0.0,41.55,26.8,65.49,21.09
2006-06-08,0.0,41.06,27.28,63.94,28.03
2006-06-09,0.0,40.52,26.21,69.35,23.03
2006-06-10,0.03,39.86,25.72,62.43,27.74
2006-06-11,0.0,40.7,26.79,64.94,29.76
2006-06-12,0.32,41.21,26.15,72.63,24.74
2006-06-13,0.0,42.44,27.59,62.87,26.57
2006-06-14,7.6,40.65,25.19,79.04,33.4
2006-06-15,0.0,38.29,24.79,92.98,29.6
2006-06-16,0.0,41.76,25.16,54.68,16.42
2006-06-17,0.0,40.17,26.71,68.12,20.88
2006-06-18,0.0,40.98,26.98,75.05,32.18
2006-06-19,0.0,41.16,25.02,63.98,17.08
2006-06-20,0.0,42.61,27.24,42.04,17.42
2006-06-21,3.93,40.27,26.83,66.01,27.48
2006-06-22,0.0,36.06,24.41,93.97,47.38
2006-06-23,0.0,39.45,24.72,86.54,31.73
2006-06-24,0.89,41.22,26.81,68.03,30.42
2006-06-25,0.0,41.58,26.67,73.36,27.51
2006-06-26,5.44,39.75,27.05,69.05,35.51
2006-06-27,0.0,41.48,27.7,73.14,31.96
2006-06-28,0.0,42.51,27.73,75.54,21.99
2006-06-29,0.0,41.03,26.27,72.3,26.63
2006-06-30,0.0,40.86,26.69,73.02,29.14
2006-07-01,0.0,41.12,28.06,62.75,27.25
2006-07-02,4.85,40.12,27.56,68.63,33.58
2006-07-03,0.0,37.63,25.18,92.22,44.37
2006-07-04,0.01,32.06,24.1,99.37,67.28
2006-07-05,0.0,32.06,23.22,97.2,51.16
2006-07-06,0.04,33.04,22.71,82.7,49.41
2006-07-07,0.0,35.97,24.59,81.0,45.4
2006-07-08,0.0,36.6,25.5,74.44,41.72
2006-07-09,0.0,36.49,25.35,75.71,37.18
2006-07-10,0.0,39.41,26.18,65.63,28.7
2006-07-11,0.45,37.94,25.89,60.2,32.54
2006-07-12,0.16,39.74,27.56,73.52,33.86
2006-07-13,0.0,38.64,25.98,79.71,33.5
2006-07-14,0.0,38.63,25.02,76.86,30.41
2006-07-15,17.1,37.14,25.95,65.96,34.62
2006-07-16,0.0,35.18,25.17,94.91,50.17
2006-07-17,0.12,35.55,25.22,96.66,51.77
2006-07-18,0.0,39.16,25.22,91.28,31.66
2006-07-19,0.0,37.8,25.86,77.44,41.13
2006-07-20,20.97,36.7,26.84,80.63,42.74
2006-07-21,4.37,37.47,25.72,86.94,38.74
2006-07-22,0.38,35.68,24.84,98.03,49.76
2006-07-23,0.0,32.89,22.82,98.44,57.82
2006-07-24,0.47,36.01,24.83,88.45,44.96
2006-07-25,0.0,37.32,26.21,95.57,45.18
2006-07-26,0.0,33.61,24.03,99.09,65.09
2006-07-27,2.6,28.62,24.21,98.96,80.77
2006-07-28,0.0,29.83,23.25,99.51,71.24
2006-07-29,4.34,30.39,23.28,99.06,72.62
2006-07-30,0.0,30.82,23.41,99.28,68.89
2006-07-31,0.0,33.17,24.09,99.23,59.98
2006-08-01,18.21,36.16,23.74,94.98,43.85
2006-08-02,0.0,33.58,24.16,84.48,48.06
2006-08-03,0.0,35.53,23.98,70.68,43.72
2006-08-04,0.0,37.43,26.4,74.71,45.39
2006-08-05,0.1,36.33,25.46,85.18,46.55
2006-08-06,0.0,33.24,24.18,97.39,59.41
2006-08-07,0.02,33.16,22.89,97.82,54.44
2006-08-08,4.44,31.17,23.71,99.31,68.39
2006-08-09,0.03,32.32,22.9,96.58,53.8
2006-08-10,0.02,34.31,23.33,77.28,43.03
2006-08-11,3.01,34.8,24.84,75.49,44.53
2006-08-12,0.17,34.74,24.85,89.02,49.85
2006-08-13,0.56,36.01,25.1,82.1,48.44
2006-08-14,0.11,32.98,24.71,96.75,61.23
2006-08-15,7.32,32.79,24.3,99.95,63.35
2006-08-16,0.92,36.14,24.58,90.66,50.1
2006-08-17,0.12,36.2,24.92,94.38,43.69
2006-08-18,0.17,38.19,26.18,77.76,42.88
2006-08-19,1.2,34.41,25.95,95.53,58.65
2006-08-20,0.0,32.63,23.72,98.21,63.56
2006-08-21,0.0,32.92,23.14,98.71,58.09
2006-08-22,0.0,34.3,24.59,95.13,54.96
2006-08-23,0.03,35.28,24.73,89.81,42.87
2006-08-24,37.47,35.26,24.74,82.03,46.42
2006-08-25,0.24,34.77,25.23,89.31,51.5
2006-08-26,0.19,31.85,24.21,94.7,66.78
2006-08-27,0.0,31.07,22.83,99.29,67.15
2006-08-28,16.18,33.03,23.76,97.42,58.1
2006-08-29,1.88,33.32,23.94,96.39,60.61
2006-08-30,15.43,35.7,24.45,93.17,54.16
2006-08-31,0.01,32.19,23.6,99.56,67.62
2006-09-01,0.81,33.0,22.82,98.31,62.2
2006-09-02,4.32,30.35,22.96,99.61,74.45
2006-09-03,0.0,30.62,22.11,99.73,69.47
2006-09-04,0.01,33.72,22.12,99.17,56.21
2006-09-05,0.0,36.62,23.96,90.96,47.21
2006-09-06,0.5,33.56,24.29,99.79,62.99
2006-09-07,7.22,29.01,22.74,99.55,77.03
2006-09-08,0.05,30.87,22.45,99.44,66.03
2006-09-09,0.0,33.4,22.84,93.14,55.17
2006-09-10,0.0,34.76,22.76,97.66,52.96
2006-09-11,14.0,32.09,23.2,97.18,67.76
2006-09-12,0.79,32.92,22.32,98.59,59.8
2006-09-13,4.24,34.3,22.82,95.78,53.93
2006-09-14,1.83,29.03,23.02,99.59,78.39
2006-09-15,1.82,28.63,22.53,99.75,78.48
2006-09-16,0.0,31.72,22.69,99.74,68.08
2006-09-17,0.0,32.42,23.88,96.53,68.79
2006-09-18,0.0,33.41,23.47,99.81,60.27
2006-09-19,0.07,32.34,23.69,98.98,62.88
2006-09-20,0.0,32.92,24.02,98.54,65.59
2006-09-21,0.0,32.91,22.91,98.85,63.87
2006-09-22,0.0,32.3,23.22,97.73,62.38
2006-09-23,0.37,36.02,22.92,94.76,40.33
2006-09-24,0.0,36.31,23.91,83.51,34.69
2006-09-25,2.66,34.07,24.91,86.65,44.59
2006-09-26,5.1,34.46,22.85,96.4,53.69
2006-09-27,7.11,34.64,23.64,93.43,52.06
2006-09-28,0.0,35.39,24.1,86.76,52.01
2006-09-29,0.0,36.37,24.46,90.84,46.1
2006-09-30,0.0,38.33,25.12,79.7,35.07
2006-10-01,0.0,40.32,24.25,92.7,29.36
2006-10-02,0.05,39.44,24.66,94.77,34.51
2006-10-03,0.06,40.72,25.27,92.29,35.15
2006-10-04,0.0,37.06,24.13,99.11,46.51
2006-10-05,0.0,34.8,22.61,99.32,55.33
2006-10-06,0.02,40.76,23.81,92.91,22.86
2006-10-07,0.02,39.1,24.35,90.83,31.4
2006-10-08,0.0,39.69,24.78,85.99,31.4
2006-10-09,0.0,39.48,24.52,86.24,32.21
2006-10-10,0.0,37.31,24.55,94.33,37.59
2006-10-11,0.0,39.31,26.55,62.82,17.09
2006-10-12,0.0,38.43,25.33,66.81,19.11
2006-10-13,0.0,37.51,24.74,90.94,41.46
2006-10-14,0.27,36.52,24.49,88.66,39.44
2006-10-15,0.0,41.35,25.35,76.15,26.25
2006-10-16,0.04,42.6,25.92,64.33,21.25
2006-10-17,0.0,40.92,25.36,74.7,25.7
2006-10-18,0.0,39.34,24.95,79.17,23.29
2006-10-19,0.0,41.64,24.97,70.73,19.64
2006-10-20,0.0,42.02,25.45,84.99,22.23
2006-10-21,0.23,42.36,25.83,85.44,24.23
2006-10-22,0.0,42.05,26.22,76.6,25.32
2006-10-23,0.0,42.15,25.57,71.32,17.4
2006-10-24,0.0,43.23,24.82,56.34,14.55
2006-10-25,0.0,42.11,24.88,57.69,15.2
2006-10-26,0.0,40.56,23.64,45.52,15.82
2006-10-27,0.0,39.99,23.46,58.64,20.81
2006-10-28,0.0,39.57,23.18,64.44,21.43
2006-10-29,0.0,40.53,23.65,58.6,15.77
2006-10-30,0.0,40.3,23.71,48.05,15.1
2006-10-31,0.0,41.53,24.53,56.33,17.38
2006-11-01,0.0,43.51,22.95,68.59,12.79
2006-11-02,0.0,41.62,22.48,82.1,20.59
2006-11-03,0.0,42.34,22.95,82.9,21.18
2006-11-04,0.0,43.13,23.36,63.84,11.76
2006-11-05,0.0,42.76,23.09,57.08,14.3
2006-11-06,0.0,42.57,22.41,49.15,7.74
2006-11-07,0.0,42.85,22.22,26.78,8.71
2006-11-08,0.0,42.23,22.75,33.42,12.63
2006-11-09,0.0,42.49,22.63,49.34,15.59
2006-11-10,0.0,42.82,23.28,60.96,18.25
2006-11-11,0.0,41.9,23.76,58.52,18.12
2006-11-12,0.0,41.76,22.34,35.45,10.96
2006-11-13,0.0,40.82,21.83,39.46,12.43
2006-11-14,0.0,38.41,20.11,35.03,9.29
2006-11-15,0.0,37.15,17.78,30.57,9.45
2006-11-16,0.0,39.05,18.42,32.1,10.42
2006-11-17,0.0,41.41,20.46,34.47,11.45
2006-11-18,0.0,41.77,22.7,36.86,11.92
2006-11-19,0.0,41.21,22.22,35.2,7.7
2006-11-20,0.0,40.56,20.67,28.16,8.71
2006-11-21,0.0,39.73,20.11,28.13,8.85
2006-11-22,0.0,38.84,19.17,29.03,7.93
2006-11-23,0.0,38.75,18.58,31.24,7.8
2006-11-24,0.0,39.18,18.84,27.7,7.51
2006-11-25,0.0,36.95,20.83,26.39,8.43
2006-11-26,0.0,39.71,18.75,29.48,7.75
2006-11-27,0.0,39.46,19.18,28.12,8.11
2006-11-28,0.0,39.46,19.16,26.17,6.32
2006-11-29,0.0,36.14,18.48,33.81,10.01
2006-11-30,0.0,37.04,17.82,32.81,8.82
2006-12-01,0.0,36.47,16.98,33.72,13.75
2006-12-02,0.0,34.79,16.05,39.92,17.61
2006-12-03,0.0,35.42,15.9,40.0,15.98
2006-12-04,0.0,37.44,16.61,35.1,13.68
2006-12-05,0.0,36.69,17.64,26.61,8.36
2006-12-06,0.0,33.67,16.3,32.36,14.93
2006-12-07,0.0,34.63,16.58,36.97,15.04
2006-12-08,0.0,33.33,16.03,36.89,13.5
2006-12-09,0.0,34.7,16.02,32.22,12.54
2006-12-10,0.0,32.31,15.76,28.9,10.55
2006-12-11,0.0,31.06,15.4,46.18,16.24
2006-12-12,0.0,32.27,15.87,39.7,18.51
2006-12-13,0.0,31.54,15.7,53.04,23.64
2006-12-14,0.0,35.19,17.21,52.96,17.89
2006-12-15,0.0,39.24,19.16,37.27,13.01
2006-12-16,0.0,39.68,19.72,31.23,11.66
2006-12-17,0.0,36.53,18.96,35.42,15.29
2006-12-18,0.0,32.84,17.21,33.98,15.68
2006-12-19,0.0,32.22,14.15,38.95,14.88
2006-12-20,0.0,32.97,14.18,44.16,16.33
2006-12-21,0.0,32.63,14.71,42.54,16.74
2006-12-22,0.0,36.26,16.19,36.07,14.43
2006-12-23,0.0,35.44,17.48,37.46,14.38
2006-12-24,0.0,38.5,17.68,34.02,10.96
2006-12-25,0.0,38.23,18.29,30.53,11.53
2006-12-26,0.0,37.82,18.13,31.0,11.43
2006-12-27,0.0,33.99,17.03,29.99,9.68
2006-12-28,0.0,34.06,15.0,25.51,10.14
2006-12-29,0.0,34.74,15.7,28.37,11.77
2006-12-30,0.0,34.41,17.18,27.9,10.12
2006-12-31,0.0,34.61,16.62,24.76,10.23
2007-01-01,0.0,31.45,15.8,37.07,14.19
2007-01-02,0.0,31.91,13.93,38.77,11.83
2007-01-03,0.0,32.58,14.94,28.27,11.49
2007-01-04,0.0,31.5,14.69,39.66,14.76
2007-01-05,0.0,31.49,13.78,38.16,14.25
2007-01-06,0.0,31.12,14.42,34.38,12.3
2007-01-07,0.0,32.59,14.14,32.07,13.17
2007-01-08,0.0,34.35,15.58,31.17,12.09
2007-01-09,0.0,36.82,18.24,25.87,10.83
2007-01-10,0.0,40.0,20.89,22.74,9.29
2007-01-11,0.0,38.24,20.57,19.68,9.09
2007-01-12,0.0,36.97,21.84,24.17,11.33
2007-01-13,0.0,36.23,19.85,24.64,12.19
2007-01-14,0.0,36.56,18.64,24.83,12.04
2007-01-15,0.0,34.94,16.66,29.89,11.49
2007-01-16,0.0,34.81,15.87,31.68,11.41
2007-01-17,0.0,36.49,16.32,30.2,11.91
2007-01-18,0.0,36.79,18.62,28.56,13.14
2007-01-19,0.0,37.59,18.64,24.56,10.64
2007-01-20,0.0,38.02,18.79,25.98,9.78
2007-01-21,0.0,37.77,18.62,23.26,8.76
2007-01-22,0.0,36.99,18.97,25.56,9.43
2007-01-23,0.0,39.6,19.93,23.29,7.89
2007-01-24,0.0,39.54,20.52,21.19,7.13
2007-01-25,0.0,35.37,19.79,29.43,9.33
2007-01-26,0.0,34.72,18.47,44.21,17.69
2007-01-27,0.0,37.0,19.45,33.72,14.14
2007-01-28,0.0,33.64,17.76,74.04,26.12
2007-01-29,0.0,33.37,17.7,80.46,38.94
2007-01-30,0.0,39.01,18.75,69.97,17.63
2007-01-31,0.0,39.3,21.04,41.59,13.74
2007-02-01,0.0,39.24,20.3,45.62,10.59
2007-02-02,0.0,38.51,22.92,25.83,10.53
2007-02-03,0.0,41.96,22.65,25.0,9.59
2007-02-04,0.0,42.45,23.65,26.57,10.15
2007-02-05,0.0,39.82,22.54,36.21,13.69
2007-02-06,0.0,36.98,20.69,29.44,14.79
2007-02-07,0.0,33.06,20.17,50.27,24.3
2007-02-08,0.0,35.64,18.89,44.96,17.69
2007-02-09,0.0,37.51,17.92,41.69,13.2
2007-02-10,0.0,37.34,19.64,32.18,11.58
2007-02-11,0.0,38.14,19.46,33.98,9.39
2007-02-12,0.0,38.59,19.9,29.29,10.39
2007-02-13,0.0,38.92,19.59,23.69,8.44
2007-02-14,0.0,39.11,20.43,23.11,8.36
2007-02-15,0.0,38.96,20.71,19.1,7.76
2007-02-16,0.0,41.19,21.01,21.31,7.92
2007-02-17,0.0,40.35,20.72,20.99,6.59
2007-02-18,0.0,38.55,20.3,21.18,8.19
2007-02-19,0.0,38.53,21.47,23.83,9.64
2007-02-20,0.0,35.22,20.82,27.72,12.09
2007-02-21,0.0,35.86,17.87,36.04,13.93
2007-02-22,0.0,35.08,16.55,29.57,10.85
2007-02-23,0.0,36.21,17.37,28.92,13.38
2007-02-24,0.0,37.19,17.86,32.91,11.06
2007-02-25,0.0,36.81,17.61,30.09,10.42
2007-02-26,0.0,37.75,18.11,27.67,10.91
2007-02-27,0.0,38.45,18.28,28.99,10.14
2007-02-28,0.0,39.48,19.6,24.81,9.12
2007-03-01,0.0,39.14,20.67,22.72,8.8
2007-03-02,0.0,40.5,21.32,23.48,7.65
2007-03-03,0.0,39.99,21.93,19.7,7.45
2007-03-04,0.0,41.32,24.05,17.03,6.94
2007-03-05,0.0,41.68,23.47,15.79,6.06
2007-03-06,0.0,41.82,22.86,16.06,5.48
2007-03-07,0.0,41.3,22.37,16.22,5.74
2007-03-08,0.0,41.4,21.67,15.86,4.85
2007-03-09,0.0,41.16,21.1,17.12,4.35
2007-03-10,0.0,40.86,21.86,19.4,5.42
2007-03-11,0.0,38.74,20.15,26.43,9.56
2007-03-12,0.0,38.46,19.8,29.76,10.18
2007-03-13,0.0,40.56,20.35,26.97,9.44
2007-03-14,0.0,40.07,21.51,29.52,9.77
2007-03-15,0.0,34.65,19.39,58.17,15.9
2007-03-16,0.0,36.3,19.02,62.72,16.97
2007-03-17,0.0,40.06,20.83,33.91,9.68
2007-03-18,0.0,41.59,22.91,20.33,7.58
2007-03-19,0.0,37.52,22.55,34.47,11.06
2007-03-20,0.0,35.11,20.63,53.92,25.5
2007-03-21,0.0,33.36,21.16,57.57,33.61
2007-03-22,0.0,40.15,21.09,49.76,19.55
2007-03-23,0.0,42.78,23.93,40.13,15.82
2007-03-24,0.0,43.48,24.93,36.03,12.57
2007-03-25,0.0,43.53,24.97,34.08,13.4
2007-03-26,0.0,43.79,25.78,40.03,15.21
2007-03-27,0.0,42.69,24.69,42.29,17.79
2007-03-28,0.0,40.4,23.32,42.61,19.23
2007-03-29,0.0,39.05,22.57,35.59,16.16
2007-03-30,0.0,40.04,21.97,32.29,13.7
2007-03-31,0.0,42.91,23.1,24.56,9.93
2007-04-01,0.0,42.92,24.15,27.77,9.04
2007-04-02,0.0,42.47,24.8,31.06,11.48
2007-04-03,0.0,43.68,24.56,34.62,10.97
2007-04-04,0.0,46.29,25.67,31.13,8.46
2007-04-05,0.0,45.38,27.09,23.16,8.16
2007-04-06,0.0,43.51,25.58,44.4,10.15
2007-04-07,0.0,43.91,25.41,25.46,9.0
2007-04-08,0.0,44.19,26.36,27.07,9.76
2007-04-09,0.0,45.0,26.62,33.9,11.08
2007-04-10,0.0,42.02,25.35,43.77,15.0
2007-04-11,0.0,39.78,25.79,48.46,18.94
2007-04-12,0.0,42.58,24.93,36.7,15.0
2007-04-13,0.0,44.5,25.05,36.81,14.57
2007-04-14,0.0,45.11,26.36,28.75,10.42
2007-04-15,0.0,44.94,26.81,28.97,10.52
2007-04-16,0.0,40.87,24.21,47.72,16.8
2007-04-17,0.0,38.7,22.61,58.6,20.3
2007-04-18,0.0,40.39,21.88,60.92,16.1
2007-04-19,0.0,42.86,24.13,38.5,13.59
2007-04-20,0.0,43.12,24.98,31.79,11.71
2007-04-21,0.0,42.16,25.09,30.04,12.17
2007-04-22,0.0,40.95,23.41,48.0,15.38
2007-04-23,0.0,41.74,24.96,35.55,15.25
2007-04-24,0.0,41.37,24.74,37.03,15.95
2007-04-25,0.0,39.97,23.05,61.42,19.46
2007-04-26,0.0,38.64,22.69,75.73,24.92
2007-04-27,0.0,37.96,21.79,81.24,23.39
2007-04-28,0.0,41.6,23.22,67.8,19.08
2007-04-29,0.0,43.17,24.74,38.73,13.41
2007-04-30,0.0,42.92,24.45,31.22,10.41
2007-05-01,0.0,42.63,25.0,35.01,11.12
2007-05-02,0.0,42.74,24.86,50.76,14.79
2007-05-03,0.0,44.27,25.47,44.56,13.39
2007-05-04,0.0,45.06,26.95,34.37,13.22
2007-05-05,0.0,43.92,27.45,39.48,14.5
2007-05-06,0.0,43.25,26.72,31.75,11.54
2007-05-07,0.0,43.64,25.91,27.83,9.41
2007-05-08,0.0,44.55,27.32,24.7,7.61
2007-05-09,0.0,44.17,27.06,33.24,10.9
2007-05-10,0.0,43.07,27.4,28.21,10.06
2007-05-11,0.0,44.76,26.58,26.49,9.04
2007-05-12,0.0,42.79,27.29,38.63,11.03
2007-05-13,0.0,41.08,25.14,63.11,21.41
2007-05-14,0.0,43.23,25.84,69.37,15.73
2007-05-15,0.0,42.56,26.65,62.87,20.5
2007-05-16,0.0,40.93,26.28,74.02,23.92
2007-05-17,0.0,42.3,24.88,61.73,12.96
2007-05-18,0.0,44.08,24.59,54.35,10.73
2007-05-19,0.0,42.24,25.4,45.99,16.43
2007-05-20,0.0,39.69,26.67,53.8,23.58
2007-05-21,0.0,37.46,26.38,49.03,23.19
2007-05-22,0.0,42.57,27.15,55.57,19.23
2007-05-23,0.0,43.18,26.11,50.33,17.01
2007-05-24,0.0,40.69,25.56,41.71,16.52
2007-05-25,0.0,39.61,24.97,54.55,19.87
2007-05-26,0.0,43.97,26.67,47.17,15.34
2007-05-27,0.0,45.27,27.34,40.22,14.98
2007-05-28,0.01,45.07,28.58,38.49,15.65
2007-05-29,0.0,43.7,27.3,65.88,20.58
2007-05-30,0.0,45.56,28.56,61.19,17.38
2007-05-31,0.0,42.26,27.86,63.13,21.31
2007-06-01,0.0,41.34,26.53,54.95,14.44
2007-06-02,0.0,39.04,24.69,55.83,18.63
2007-06-03,0.0,38.14,23.51,52.6,20.03
2007-06-04,0.0,37.52,22.56,63.63,22.05
2007-06-05,0.0,38.06,22.74,66.16,22.32
2007-06-06,0.0,37.81,23.3,68.59,25.47
2007-06-07,0.0,37.29,23.32,65.43,23.33
2007-06-08,0.0,39.05,23.85,61.6,19.97
2007-06-09,0.0,44.89,26.97,50.71,11.94
2007-06-10,0.0,42.92,28.33,56.44,18.23
2007-06-11,0.0,44.12,27.12,60.23,11.63
2007-06-12,0.0,43.47,28.37,28.64,11.35
2007-06-13,17.21,39.42,26.72,75.83,21.02
2007-06-14,0.0,38.16,24.74,80.34,35.23
2007-06-15,0.0,42.28,26.43,57.69,17.33
2007-06-16,0.0,43.75,26.9,52.82,15.94
2007-06-17,0.0,40.5,27.61,68.75,28.8
2007-06-18,1.23,41.26,27.16,75.55,27.64
2007-06-19,4.33,40.84,26.82,72.6,28.06
2007-06-20,0.0,41.27,25.51,70.67,25.31
2007-06-21,0.0,41.98,26.04,64.04,21.74
2007-06-22,0.0,41.32,26.98,67.74,27.01
2007-06-23,0.47,39.59,27.34,67.87,39.05
2007-06-24,0.0,38.87,25.87,85.14,40.73
2007-06-25,0.0,39.96,24.58,89.71,28.87
2007-06-26,0.0,39.13,25.12,73.85,29.96
2007-06-27,0.05,39.54,26.65,72.73,33.3
2007-06-28,0.0,39.51,25.77,81.4,38.04
2007-06-29,0.0,40.36,25.13,84.78,27.72
2007-06-30,0.01,40.88,25.2,62.57,18.54
2007-07-01,0.0,37.77,24.46,59.93,26.51
2007-07-02,0.0,37.17,24.85,69.2,27.29
2007-07-03,1.76,34.46,24.55,88.25,35.12
2007-07-04,0.0,36.32,24.65,88.24,45.26
2007-07-05,3.33,38.29,25.68,82.37,39.04
2007-07-06,0.0,38.19,24.83,90.94,33.19
2007-07-07,0.0,38.59,24.22,68.45,22.6
2007-07-08,0.0,37.61,23.74,63.36,29.87
2007-07-09,5.11,38.94,26.3,75.74,33.87
2007-07-10,0.29,38.61,25.73,80.45,36.51
2007-07-11,0.0,38.6,26.14,73.89,31.0
2007-07-12,1.84,39.15,25.97,67.48,29.43
2007-07-13,0.14,39.59,26.7,71.53,31.9
2007-07-14,0.0,38.97,26.76,68.86,32.01
2007-07-15,0.0,37.97,25.89,71.43,28.17
2007-07-16,0.06,37.73,24.84,73.31,30.38
2007-07-17,0.0,36.35,25.82,82.49,38.69
2007-07-18,2.23,31.77,23.96,96.18,65.28
2007-07-19,0.0,30.38,22.24,97.15,63.67
2007-07-20,0.0,31.61,21.24,98.15,57.94
2007-07-21,0.0,32.91,24.55,95.91,59.49
2007-07-22,0.0,32.08,24.16,89.42,58.56
2007-07-23,18.48,30.03,23.45,97.68,65.29
2007-07-24,0.0,29.08,23.54,98.52,76.27
2007-07-25,0.37,29.06,23.37,98.53,75.62
2007-07-26,0.0,29.96,23.18,99.29,67.72
2007-07-27,0.27,28.87,21.06,95.72,61.5
2007-07-28,0.0,32.66,22.53,90.01,57.15
2007-07-29,1.65,32.81,25.0,96.16,58.45
2007-07-30,19.92,29.87,23.46,98.82,68.94
2007-07-31,6.43,28.28,23.22,99.7,80.3
2007-08-01,3.01,31.13,23.62,99.34,65.78
2007-08-02,51.74,29.53,23.43,99.64,71.96
2007-08-03,0.0,30.7,23.2,99.85,69.96
2007-08-04,0.0,32.17,24.0,98.64,63.21
2007-08-05,0.05,31.94,23.77,98.62,65.51
2007-08-06,0.49,30.54,23.53,98.14,66.85
2007-08-07,12.65,29.18,23.74,97.57,77.3
2007-08-08,0.0,29.15,23.31,98.6,73.24
2007-08-09,0.0,31.01,23.34,98.22,62.02
2007-08-10,0.0,32.31,22.99,95.7,61.22
2007-08-11,0.08,31.74,24.23,97.08,65.96
2007-08-12,7.67,30.9,22.95,97.34,65.52
2007-08-13,0.36,30.76,23.11,99.22,67.96
2007-08-14,1.4,31.6,22.95,97.07,67.44
2007-08-15,0.47,30.61,23.76,99.13,75.13
2007-08-16,0.0,29.81,22.92,99.63,70.08
2007-08-17,0.0,31.86,23.04,98.34,64.75
2007-08-18,0.0,31.36,23.86,98.37,66.49
2007-08-19,0.0,31.94,23.39,98.72,63.24
2007-08-20,0.01,31.86,23.38,98.17,64.56
2007-08-21,0.14,30.77,22.42,97.19,62.21
2007-08-22,0.0,32.04,23.01,90.81,60.21
2007-08-23,16.6,28.97,23.06,99.15,75.2
2007-08-24,5.07,31.15,22.46,99.48,71.31
2007-08-25,0.0,32.05,23.29,99.06,62.06
2007-08-26,9.02,32.52,23.43,98.79,63.5
2007-08-27,16.33,28.94,23.15,99.2,78.49
2007-08-28,4.0,27.87,23.05,99.29,80.85
2007-08-29,1.07,30.59,22.86,99.22,66.43
2007-08-30,17.53,27.74,22.27,99.32,84.35
2007-08-31,0.0,30.32,22.96,99.4,68.48
2007-09-01,12.33,30.85,21.41,99.01,67.71
2007-09-02,2.75,27.99,22.19,99.23,78.84
2007-09-03,4.19,30.78,21.86,99.07,67.39
2007-09-04,0.0,30.71,22.92,99.14,69.64
2007-09-05,0.0,31.73,22.84,99.48,66.55
2007-09-06,0.35,32.22,23.5,98.61,68.05
2007-09-07,12.81,31.73,23.62,99.17,67.32
2007-09-08,27.83,29.52,22.81,99.62,76.36
2007-09-09,0.08,31.26,23.0,99.39,67.92
2007-09-10,0.0,32.1,23.02,99.51,66.63
2007-09-11,19.62,29.94,23.29,99.21,76.22
2007-09-12,0.45,29.25,22.86,99.57,74.7
2007-09-13,1.61,31.15,22.18,99.21,67.79
2007-09-14,5.91,32.03,22.76,99.05,66.82
2007-09-15,0.0,33.39,22.74,94.18,57.4
2007-09-16,0.0,33.07,22.74,92.12,60.69
2007-09-17,0.01,30.98,23.9,97.15,72.22
2007-09-18,9.73,32.47,23.19,99.06,63.76
2007-09-19,0.25,31.31,22.79,99.62,73.47
2007-09-20,0.0,32.21,22.37,99.5,64.74
2007-09-21,0.0,34.89,24.01,89.07,53.01
2007-09-22,0.0,36.3,24.77,82.6,46.37
2007-09-23,2.76,36.08,24.26,85.13,45.52
2007-09-24,0.0,35.06,23.9,86.36,46.92
2007-09-25,0.0,36.19,24.56,79.33,47.15
2007-09-26,0.02,32.91,24.5,98.49,60.56
2007-09-27,0.01,30.13,22.78,98.38,72.55
2007-09-28,0.0,30.77,21.27,99.39,56.03
2007-09-29,0.05,35.42,22.65,83.13,41.34
2007-09-30,0.09,37.21,25.59,69.53,40.26
2007-10-01,0.0,39.75,24.13,84.59,32.3
2007-10-02,0.0,39.21,24.25,83.55,34.23
2007-10-03,0.0,38.65,23.84,85.93,36.17
2007-10-04,8.25,38.39,24.0,91.45,36.82
2007-10-05,0.0,38.32,23.82,91.65,40.93
2007-10-06,0.0,39.55,23.17,91.63,28.82
2007-10-07,0.0,40.19,24.09,72.58,27.63
2007-10-08,0.93,37.72,24.69,98.38,38.11
2007-10-09,0.0,33.88,21.59,98.42,56.98
2007-10-10,0.49,35.46,21.75,99.02,44.22
2007-10-11,2.05,35.87,23.14,92.88,44.29
2007-10-12,0.0,36.05,23.52,94.58,42.42
2007-10-13,0.0,36.76,24.08,78.88,32.16
2007-10-14,0.0,39.8,24.0,58.98,17.03
2007-10-15,0.0,40.89,24.14,50.5,16.76
2007-10-16,0.0,40.76,24.74,59.74,21.89
2007-10-17,0.0,40.66,24.79,82.09,26.45
2007-10-18,0.02,40.63,25.08,85.41,27.09
2007-10-19,0.0,39.8,24.78,88.96,25.37
2007-10-20,0.0,38.55,22.67,69.23,21.25
2007-10-21,0.0,36.88,21.95,72.94,24.62
2007-10-22,0.0,39.04,23.37,70.08,24.57
2007-10-23,0.0,39.95,24.65,68.88,27.26
2007-10-24,0.0,41.39,25.33,73.15,21.24
2007-10-25,0.0,41.73,27.15,58.06,20.04
2007-10-26,0.0,41.77,25.75,55.85,15.79
2007-10-27,0.0,40.19,24.3,45.22,17.24
2007-10-28,0.0,39.78,23.44,52.53,18.75
2007-10-29,0.0,39.59,24.61,51.55,21.59
2007-10-30,0.0,40.87,25.03,55.78,19.24
2007-10-31,0.0,40.28,25.56,46.5,17.09
2007-11-01,4.76,40.29,22.94,68.88,26.39
2007-11-02,0.21,41.41,23.59,68.33,19.63
2007-11-03,0.0,42.23,22.67,49.86,13.73
2007-11-04,0.0,41.66,22.06,61.28,15.19
2007-11-05,0.0,41.32,21.82,65.15,16.5
2007-11-06,0.0,40.27,21.65,47.16,11.41
2007-11-07,0.0,38.73,21.18,38.9,11.41
2007-11-08,0.0,36.71,18.31,35.69,11.21
2007-11-09,0.0,36.34,17.62,36.64,11.96
2007-11-10,0.0,34.9,16.78,35.78,12.84
2007-11-11,0.0,39.23,18.88,43.37,13.37
2007-11-12,0.0,40.19,21.94,41.31,17.51
2007-11-13,0.0,40.36,22.82,66.51,14.73
2007-11-14,0.0,40.09,20.87,36.77,10.81
2007-11-15,0.0,37.68,19.8,46.37,13.67
2007-11-16,0.0,37.97,18.83,57.47,17.98
2007-11-17,0.0,39.86,20.37,55.59,16.96
2007-11-18,0.0,39.92,20.62,49.51,13.12
2007-11-19,0.0,40.82,21.52,40.26,13.72
2007-11-20,0.0,40.51,21.41,36.34,11.83
2007-11-21,0.0,36.85,20.25,29.24,9.98
2007-11-22,0.0,37.13,19.08,29.87,9.47
2007-11-23,0.0,37.93,19.87,38.88,10.89
2007-11-24,0.0,37.6,19.48,50.25,13.44
2007-11-25,0.0,35.52,18.48,55.95,20.97
2007-11-26,0.0,33.45,17.33,51.3,19.92
2007-11-27,0.0,32.62,16.12,45.69,17.79
2007-11-28,0.0,32.54,15.97,46.35,19.4
2007-11-29,0.0,33.7,15.76,48.03,17.47
2007-11-30,0.0,35.12,17.73,35.69,15.65
2007-12-01,0.0,34.7,18.57,33.03,17.18
2007-12-02,0.0,35.18,19.72,37.71,17.43
2007-12-03,0.0,34.22,18.62,30.2,14.59
2007-12-04,0.0,31.37,15.16,35.23,15.91
2007-12-05,0.0,29.54,12.95,37.57,16.77
2007-12-06,0.0,31.01,12.99,40.23,19.15
2007-12-07,0.0,32.65,13.99,45.77,19.24
2007-12-08,0.0,33.65,15.67,55.46,20.96
2007-12-09,0.0,33.86,15.96,50.13,22.28
2007-12-10,0.0,36.26,16.49,46.13,18.97
2007-12-11,0.0,39.06,20.17,42.48,19.04
2007-12-12,0.0,40.53,21.11,43.07,17.51
2007-12-13,0.0,39.32,20.57,35.38,13.17
2007-12-14,0.0,36.68,19.03,34.73,14.47
2007-12-15,0.0,34.46,17.33,29.96,13.11
2007-12-16,0.0,32.19,17.08,26.01,13.39
2007-12-17,0.0,36.04,17.76,28.44,13.1
2007-12-18,0.0,36.01,18.02,34.7,13.31
2007-12-19,0.0,38.43,18.89,33.0,14.64
2007-12-20,0.0,34.02,17.55,53.06,18.19
2007-12-21,0.0,36.59,18.26,44.77,16.79
2007-12-22,0.0,38.43,19.39,37.68,15.4
2007-12-23,0.0,38.49,19.15,33.51,12.65
2007-12-24,0.0,37.18,18.28,28.72,13.21
2007-12-25,0.0,35.92,17.54,25.98,11.62
2007-12-26,0.0,35.1,16.66,37.21,14.33
2007-12-27,0.0,31.89,16.21,41.8,20.45
2007-12-28,0.0,31.31,16.01,38.54,18.71
2007-12-29,0.0,30.38,15.92,37.35,18.81
2007-12-30,0.0,30.01,14.01,48.27,23.46
2007-12-31,0.0,29.16,13.59,39.09,20.43
2008-01-01,0.0,29.63,13.85,37.46,20.41
2008-01-02,0.0,30.97,14.26,40.29,19.84
2008-01-03,0.0,31.16,15.82,31.6,16.43
2008-01-04,0.0,31.08,14.82,26.64,15.66
2008-01-05,0.0,31.26,12.94,30.58,18.5
2008-01-06,0.0,32.1,15.4,65.43,21.91
2008-01-07,0.0,29.83,14.01,39.39,20.91
2008-01-08,0.0,30.07,13.32,43.35,18.22
2008-01-09,0.0,29.62,13.09,42.15,17.99
2008-01-10,0.0,31.79,13.97,53.6,25.8
2008-01-11,0.0,32.85,15.33,57.93,24.79
2008-01-12,0.0,32.83,15.75,50.02,23.45
2008-01-13,0.0,34.29,16.93,46.87,21.02
2008-01-14,0.0,34.19,18.21,40.99,20.91
2008-01-15,0.0,34.44,18.95,40.92,20.54
2008-01-16,0.0,33.82,18.72,34.69,17.54
2008-01-17,0.0,33.35,16.62,30.62,15.44
2008-01-18,0.0,33.82,16.99,29.33,15.14
2008-01-19,0.0,33.44,15.86,29.16,14.82
2008-01-20,0.0,34.46,16.01,27.69,12.99
2008-01-21,0.0,34.78,16.69,25.41,13.58
2008-01-22,0.0,34.27,17.08,26.96,14.85
2008-01-23,0.0,34.5,16.6,30.47,15.51
2008-01-24,0.0,34.71,16.62,29.99,14.53
2008-01-25,0.0,34.28,17.4,28.17,13.84
2008-01-26,0.0,35.55,17.66,28.88,13.16
2008-01-27,0.0,34.72,17.58,29.61,14.09
2008-01-28,0.0,34.43,18.6,25.63,14.49
2008-01-29,0.0,35.76,17.32,28.06,13.8
2008-01-30,0.0,35.47,17.08,28.99,15.02
2008-01-31,0.0,35.49,17.31,28.89,13.97
2008-02-01,0.0,35.83,18.41,25.74,13.3
2008-02-02,0.0,37.0,19.01,23.63,12.55
2008-02-03,0.0,35.78,19.75,21.43,13.4
2008-02-04,0.0,36.97,19.64,24.99,13.36
2008-02-05,0.0,38.68,20.32,25.45,12.78
2008-02-06,0.0,39.27,20.5,25.03,12.25
2008-02-07,0.0,38.86,20.8,25.21,13.52
2008-02-08,0.0,39.44,21.08,38.82,13.73
2008-02-09,0.0,34.25,19.34,68.03,23.33
2008-02-10,0.0,31.79,17.48,81.48,38.01
2008-02-11,0.0,29.32,18.52,68.88,30.2
2008-02-12,0.02,31.33,19.23,63.64,33.32
2008-02-13,0.08,36.51,18.71,83.72,21.13
2008-02-14,0.0,36.59,18.94,80.97,26.62
2008-02-15,0.0,39.61,21.15,42.88,10.33
2008-02-16,0.0,40.53,21.98,21.22,10.88
2008-02-17,0.0,40.67,22.08,24.38,12.94
2008-02-18,0.0,41.27,22.43,19.97,9.98
2008-02-19,0.0,40.21,22.16,22.69,12.06
2008-02-20,0.0,39.63,21.41,26.4,11.57
2008-02-21,0.0,38.83,21.3,25.7,13.81
2008-02-22,0.0,39.4,20.34,25.17,12.19
2008-02-23,0.0,40.35,20.75,24.54,10.28
2008-02-24,0.0,40.18,20.75,21.77,9.17
2008-02-25,0.0,38.26,20.04,37.57,11.87
2008-02-26,0.0,38.18,20.25,41.84,19.1
2008-02-27,0.0,38.9,19.65,41.14,18.03
2008-02-28,0.0,40.75,21.32,33.27,15.57
2008-02-29,0.0,40.66,21.84,24.99,11.02
2008-03-01,0.0,39.25,22.08,22.88,11.38
2008-03-02,0.0,39.25,21.41,23.94,11.19
2008-03-03,0.0,40.43,21.44,27.53,11.34
2008-03-04,0.0,40.7,22.44,25.26,11.69
2008-03-05,0.0,41.25,23.05,23.98,10.78
2008-03-06,0.0,41.72,23.34,25.52,11.49
2008-03-07,0.0,41.87,23.46,25.02,10.81
2008-03-08,0.0,42.91,23.59,24.94,11.15
2008-03-09,0.0,41.44,23.47,31.71,13.99
2008-03-10,0.0,39.55,22.26,31.89,12.39
2008-03-11,0.0,39.15,20.65,33.52,12.48
2008-03-12,0.0,40.89,21.95,28.84,12.72
2008-03-13,0.0,39.52,22.06,45.25,17.74
2008-03-14,0.0,38.2,22.03,76.19,31.87
2008-03-15,0.0,40.1,22.31,72.37,22.0
2008-03-16,0.0,44.36,24.49,49.59,10.15
2008-03-17,0.0,44.48,25.6,20.45,8.13
2008-03-18,0.0,42.92,24.98,25.35,11.52
2008-03-19,0.0,43.84,24.18,29.37,9.03
2008-03-20,0.0,43.17,23.44,36.31,11.11
2008-03-21,0.0,39.55,22.3,50.42,16.73
2008-03-22,0.0,40.47,20.3,50.64,14.4
2008-03-23,0.0,39.92,21.22,30.73,14.15
2008-03-24,0.0,37.22,19.84,52.24,17.25
2008-03-25,0.0,38.01,20.77,49.74,19.67
2008-03-26,0.0,37.23,20.9,62.76,23.04
2008-03-27,0.0,44.16,23.38,50.88,12.52
2008-03-28,0.0,45.07,26.44,30.47,13.69
2008-03-29,0.0,45.38,26.53,34.57,13.36
2008-03-30,0.0,45.97,27.27,32.93,12.27
2008-03-31,0.0,45.99,27.47,27.8,10.89
2008-04-01,0.0,46.29,28.47,24.86,11.06
2008-04-02,0.0,44.79,26.89,33.43,13.93
2008-04-03,0.0,43.63,26.13,51.17,11.43
2008-04-04,0.0,43.41,25.91,23.79,8.99
2008-04-05,0.0,42.59,24.31,33.23,10.11
2008-04-06,0.0,43.49,23.95,36.58,7.89
2008-04-07,0.0,43.49,23.27,40.62,8.1
2008-04-08,0.0,44.31,24.41,21.16,7.68
2008-04-09,0.0,44.81,24.96,20.05,8.74
2008-04-10,0.0,44.77,25.38,20.29,8.32
2008-04-11,0.0,44.44,25.34,21.82,8.17
2008-04-12,0.0,44.37,25.03,31.79,7.73
2008-04-13,0.0,44.59,24.36,30.71,8.49
2008-04-14,0.0,45.46,25.44,26.67,8.59
2008-04-15,0.0,43.86,24.82,34.81,11.48
2008-04-16,0.0,41.73,23.12,45.69,14.5
2008-04-17,0.0,41.24,22.81,54.62,17.19
2008-04-18,0.0,41.22,23.09,50.13,18.35
2008-04-19,0.0,43.1,24.29,50.37,14.92
2008-04-20,0.0,44.53,25.42,43.99,13.22
2008-04-21,0.0,46.45,27.25,35.55,12.2
2008-04-22,0.0,46.92,28.52,26.43,13.43
2008-04-23,0.0,46.84,28.39,25.84,14.11
2008-04-24,0.0,46.41,27.9,28.71,11.69
2008-04-25,0.0,44.06,25.82,43.08,16.66
2008-04-26,0.0,44.75,27.15,43.83,14.19
2008-04-27,0.0,45.41,26.12,38.87,10.77
2008-04-28,0.0,45.48,26.86,24.74,9.76
2008-04-29,0.0,43.62,25.76,32.78,13.07
2008-04-30,0.0,42.02,24.22,49.97,15.57
2008-05-01,0.0,41.55,24.0,49.18,18.72
2008-05-02,0.0,39.78,23.9,55.49,18.98
2008-05-03,0.0,41.03,24.14,60.89,19.44
2008-05-04,0.0,47.94,27.8,32.2,8.81
2008-05-05,0.0,44.15,28.52,46.73,12.85
2008-05-06,0.0,42.39,26.72,64.13,23.22
2008-05-07,0.0,41.88,25.76,54.49,20.28
2008-05-08,0.0,39.53,24.56,58.18,23.19
2008-05-09,0.0,40.67,23.55,60.45,16.19
2008-05-10,0.0,43.52,25.4,43.15,13.92
2008-05-11,0.0,44.06,26.68,28.87,13.17
2008-05-12,0.0,44.57,27.16,24.14,12.14
2008-05-13,0.0,44.06,27.39,23.42,12.28
2008-05-14,0.0,42.86,28.83,32.65,16.57
2008-05-15,0.0,42.11,26.07,36.42,13.97
2008-05-16,0.0,39.31,26.61,47.82,17.18
2008-05-17,0.0,40.8,25.97,38.42,16.26
2008-05-18,0.0,43.42,25.54,54.53,15.51
2008-05-19,0.0,44.74,26.61,41.91,16.9
2008-05-20,0.0,41.9,27.79,52.47,24.12
2008-05-21,0.01,41.26,25.94,66.15,26.24
2008-05-22,0.0,44.15,28.2,54.12,15.44
2008-05-23,0.0,44.63,28.58,38.15,12.49
2008-05-24,0.0,42.9,28.15,23.33,11.22
2008-05-25,0.0,41.58,25.27,32.58,15.84
2008-05-26,0.0,40.77,24.48,51.7,19.73
2008-05-27,0.0,42.43,25.38,46.32,16.43
2008-05-28,0.0,44.24,27.03,33.57,16.01
2008-05-29,0.0,45.32,28.71,22.76,10.16
2008-05-30,0.0,45.38,28.88,24.84,12.88
2008-05-31,2.16,40.43,27.64,82.14,29.49
2008-06-01,0.0,38.52,23.8,89.79,30.84
2008-06-02,0.0,39.46,26.36,74.49,27.69
2008-06-03,0.0,43.96,27.13,50.01,15.33
2008-06-04,0.0,43.0,29.37,37.77,18.58
2008-06-05,2.0,40.29,28.26,70.02,32.17
2008-06-06,0.0,39.57,26.84,70.51,26.29
2008-06-07,0.0,42.77,25.76,48.93,13.08
2008-06-08,0.0,43.37,25.75,47.01,15.89
2008-06-09,0.0,43.64,27.37,55.72,17.47
2008-06-10,0.0,43.98,27.91,32.81,11.67
2008-06-11,0.72,44.24,27.83,30.19,13.3
2008-06-12,0.2,39.6,26.46,73.16,29.76
2008-06-13,1.71,36.76,23.66,97.34,44.5
2008-06-14,0.04,41.95,26.96,75.75,17.83
2008-06-15,7.72,42.01,28.4,57.18,26.16
2008-06-16,0.87,38.62,24.86,89.49,33.48
2008-06-17,0.0,40.32,25.39,64.77,18.21
2008-06-18,0.0,44.07,25.98,50.01,14.04
2008-06-19,0.0,41.28,28.73,58.55,25.1
2008-06-20,1.36,41.18,28.42,71.29,30.24
2008-06-21,0.0,40.11,25.49,75.93,25.48
2008-06-22,0.0,39.83,26.26,66.48,31.65
2008-06-23,0.0,39.74,25.69,93.41,37.86
2008-06-24,0.0,38.31,24.73,89.93,38.92
2008-06-25,0.0,39.36,25.17,83.37,34.02
2008-06-26,0.0,38.83,25.64,73.56,38.28
2008-06-27,19.23,35.19,23.16,95.92,61.6
2008-06-28,10.91,29.4,23.39,98.94,88.92
2008-06-29,2.3,30.73,22.72,98.67,78.65
2008-06-30,24.58,33.34,23.2,97.85,63.64
2008-07-01,14.55,33.66,24.0,83.77,57.79
2008-07-02,1.23,32.68,24.56,94.4,63.2
2008-07-03,7.4,33.86,24.87,88.35,55.06
2008-07-04,0.0,34.34,23.92,94.03,52.75
2008-07-05,0.0,34.35,24.04,75.62,47.05
2008-07-06,0.0,35.11,24.07,75.39,45.35
2008-07-07,0.0,35.28,25.05,82.61,44.82
2008-07-08,1.53,37.17,25.42,79.94,37.04
2008-07-09,0.0,38.55,25.22,74.26,32.59
2008-07-10,0.0,38.44,27.02,72.84,38.58
2008-07-11,0.0,38.16,26.31,76.5,38.99
2008-07-12,19.23,37.56,26.3,85.76,38.73
2008-07-13,0.14,34.94,23.92,92.74,52.79
2008-07-14,0.0,36.26,24.57,93.03,44.61
2008-07-15,0.0,37.86,26.04,85.7,40.05
2008-07-16,0.0,38.28,25.94,75.74,33.74
2008-07-17,0.58,37.09,26.5,76.69,42.59
2008-07-18,0.08,36.89,25.41,83.35,39.3
2008-07-19,19.38,38.38,26.19,78.87,35.04
2008-07-20,38.32,33.87,23.23,99.97,61.46
2008-07-21,10.12,30.16,23.27,94.67,67.74
2008-07-22,1.67,33.48,23.27,99.07,56.46
2008-07-23,0.0,34.46,24.44,91.26,51.77
2008-07-24,0.0,35.3,24.55,81.35,48.21
2008-07-25,0.73,35.27,25.39,90.12,49.09
2008-07-26,0.79,34.72,25.02,87.91,50.67
2008-07-27,0.0,36.56,25.88,87.01,41.63
2008-07-28,0.0,35.6,25.19,77.23,43.34
2008-07-29,15.96,33.55,24.57,88.09,50.88
2008-07-30,0.02,35.65,24.49,87.92,44.63
2008-07-31,7.06,37.67,24.9,81.56,36.89
2008-08-01,0.0,38.86,26.01,75.92,25.85
2008-08-02,0.03,38.43,25.67,62.77,33.36
2008-08-03,0.31,38.2,25.24,77.56,36.83
2008-08-04,4.98,37.1,25.65,81.33,41.46
2008-08-05,0.0,35.47,23.77,94.44,51.51
2008-08-06,3.2,33.74,23.85,96.37,59.61
2008-08-07,9.36,32.99,23.35,95.29,60.88
2008-08-08,0.0,31.87,24.37,95.44,63.51
2008-08-09,0.0,34.19,23.49,96.87,54.79
2008-08-10,0.0,35.24,24.48,89.67,54.24
2008-08-11,0.0,32.94,23.86,97.71,59.73
2008-08-12,0.0,35.69,24.26,91.6,49.04
2008-08-13,0.0,37.07,25.15,79.86,37.96
2008-08-14,16.07,37.32,25.84,77.39,42.05
2008-08-15,0.0,36.58,25.13,81.91,42.41
2008-08-16,0.0,36.9,23.88,87.76,43.03
2008-08-17,0.05,35.8,24.16,83.92,46.15
2008-08-18,7.32,35.41,25.18,87.49,48.21
2008-08-19,15.35,30.84,23.62,98.67,75.64
2008-08-20,18.51,29.73,22.9,99.25,73.1
2008-08-21,2.68,31.14,22.86,99.09,69.51
2008-08-22,0.0,32.77,23.41,99.29,59.86
2008-08-23,3.18,33.98,24.8,90.01,60.21
2008-08-24,6.71,30.69,23.83,98.69,72.65
2008-08-25,2.24,29.98,22.72,99.0,69.69
2008-08-26,8.26,30.35,22.3,99.23,67.69
2008-08-27,10.04,31.04,22.18,97.56,66.61
2008-08-28,7.25,30.37,23.36,98.42,73.19
2008-08-29,0.8,31.82,22.94,98.02,62.49
2008-08-30,10.37,33.6,23.31,88.78,53.65
2008-08-31,0.8,31.72,23.88,92.76,64.21
2008-09-01,0.01,35.16,23.66,97.1,51.38
2008-09-02,20.49,36.98,24.58,87.2,42.91
2008-09-03,1.35,33.85,23.79,92.37,60.37
2008-09-04,0.0,33.87,23.35,95.16,55.13
2008-09-05,4.86,37.47,24.83,77.86,41.73
2008-09-06,0.06,38.16,25.51,80.2,42.72
2008-09-07,0.31,36.74,25.21,88.4,44.21
2008-09-08,6.09,34.96,25.13,86.61,51.89
2008-09-09,0.0,34.59,23.56,94.94,54.43
2008-09-10,0.0,36.39,24.23,91.49,43.62
2008-09-11,0.07,40.25,24.71,82.91,28.06
2008-09-12,0.0,39.84,26.56,60.68,26.56
2008-09-13,1.61,36.29,25.44,73.38,45.76
2008-09-14,0.0,31.6,23.62,95.27,67.35
2008-09-15,3.86,35.9,23.46,93.9,41.27
2008-09-16,0.98,37.76,25.09,79.47,41.17
2008-09-17,0.23,35.41,24.11,99.57,51.03
2008-09-18,0.04,30.46,22.46,99.6,68.43
2008-09-19,11.01,36.32,22.85,95.43,43.99
2008-09-20,0.0,37.38,25.61,73.51,35.94
2008-09-21,0.0,37.66,25.34,66.93,35.42
2008-09-22,0.01,38.29,25.37,73.74,35.69
2008-09-23,0.04,38.36,25.73,69.57,34.45
2008-09-24,0.01,38.77,26.16,67.1,35.71
2008-09-25,3.51,35.62,25.17,87.97,49.76
2008-09-26,3.11,35.62,23.83,88.97,48.68
2008-09-27,0.06,34.67,24.24,89.59,55.15
2008-09-28,0.0,37.24,23.61,89.54,39.05
2008-09-29,3.16,40.64,26.99,63.89,30.47
2008-09-30,0.05,39.35,27.2,72.65,32.61
2008-10-01,0.36,40.27,24.02,95.84,35.68
2008-10-02,4.53,39.14,24.74,96.8,38.68
2008-10-03,0.0,35.84,23.68,99.77,48.96
2008-10-04,0.0,36.78,22.4,99.3,42.39
2008-10-05,0.0,41.87,23.5,92.54,22.17
2008-10-06,0.01,42.47,26.34,64.76,24.47
2008-10-07,0.0,43.58,26.54,64.05,17.95
2008-10-08,0.0,41.71,25.86,72.12,24.69
2008-10-09,0.0,39.89,25.09,86.51,30.93
2008-10-10,0.0,37.2,23.1,97.88,40.02
2008-10-11,0.0,39.8,22.23,91.72,20.05
2008-10-12,0.0,42.19,23.56,40.79,14.59
2008-10-13,0.04,39.28,24.55,66.7,26.34
2008-10-14,0.0,40.81,24.46,86.92,27.49
2008-10-15,0.0,42.0,25.5,72.95,22.64
2008-10-16,0.0,41.03,25.63,75.32,22.61
2008-10-17,0.0,43.37,25.98,49.85,13.23
2008-10-18,0.01,43.63,25.71,60.2,17.93
2008-10-19,0.0,43.69,26.5,63.43,14.88
2008-10-20,0.02,39.24,25.06,68.0,27.43
2008-10-21,0.35,37.25,24.12,82.31,34.9
2008-10-22,0.17,38.6,23.76,79.88,21.3
2008-10-23,0.0,41.65,24.79,41.37,16.88
2008-10-24,0.0,41.81,25.72,42.79,14.53
2008-10-25,0.0,41.15,24.42,39.1,15.84
2008-10-26,0.0,40.68,24.03,35.23,13.69
2008-10-27,0.0,39.27,22.54,38.59,15.89
2008-10-28,0.0,39.75,22.56,39.14,14.68
2008-10-29,0.0,39.51,23.35,42.84,16.65
2008-10-30,0.0,38.82,23.11,68.04,21.17
2008-10-31,0.0,37.3,21.61,40.52,17.41
2008-11-01,0.0,40.18,20.42,45.9,17.36
2008-11-02,0.0,40.34,22.11,47.1,18.76
2008-11-03,0.0,41.81,22.84,50.45,18.63
2008-11-04,0.0,42.6,22.82,48.18,12.17
2008-11-05,0.0,41.96,21.88,30.65,9.64
2008-11-06,0.0,42.05,21.67,29.76,10.52
2008-11-07,0.0,42.43,22.43,32.63,11.78
2008-11-08,0.0,42.2,22.34,40.07,14.65
2008-11-09,0.0,39.88,21.55,35.56,9.97
2008-11-10,0.0,38.0,18.3,26.54,9.83
2008-11-11,0.0,39.13,18.46,31.64,11.36
2008-11-12,0.0,40.2,20.06,32.21,11.52
2008-11-13,0.0,41.18,20.65,34.03,11.69
2008-11-14,0.0,40.78,21.68,31.48,11.83
2008-11-15,0.0,41.32,22.04,27.97,7.35
2008-11-16,0.0,41.52,21.43,22.96,7.9
2008-11-17,0.0,41.76,21.44,25.49,8.12
2008-11-18,0.0,40.84,21.49,19.49,7.09
2008-11-19,0.0,39.86,21.37,24.58,9.28
2008-11-20,0.0,38.75,20.32,28.53,12.07
2008-11-21,0.0,38.08,19.81,37.63,13.85
2008-11-22,0.0,40.36,20.04,34.42,13.47
2008-11-23,0.0,40.03,21.58,35.85,11.37
2008-11-24,0.0,40.73,22.02,32.65,11.81
2008-11-25,0.0,40.01,20.91,38.32,14.16
2008-11-26,0.0,40.54,20.91,45.12,16.59
2008-11-27,0.0,40.17,21.2,49.31,17.19
2008-11-28,0.0,37.88,20.26,46.53,18.95
2008-11-29,0.0,37.78,18.87,48.39,16.99
2008-11-30,0.0,38.64,19.16,41.96,15.28
2008-12-01,0.0,39.66,19.26,43.01,17.67
2008-12-02,0.0,40.61,19.77,41.2,14.94
2008-12-03,0.0,35.09,19.11,40.85,17.85
2008-12-04,0.0,33.81,15.55,42.34,16.87
2008-12-05,0.0,30.66,14.13,27.44,12.78
2008-12-06,0.0,32.36,14.58,28.46,12.11
2008-12-07,0.0,34.2,14.51,37.08,14.18
2008-12-08,0.0,34.11,16.0,31.17,12.88
2008-12-09,0.0,35.31,16.02,29.36,11.11
2008-12-10,0.0,35.47,17.24,28.35,12.08
2008-12-11,0.0,36.82,17.37,28.96,12.1
2008-12-12,0.0,36.78,18.17,42.04,17.82
2008-12-13,0.0,35.04,16.53,38.09,16.25
2008-12-14,0.0,34.2,16.57,35.48,15.34
2008-12-15,0.0,33.87,15.49,33.19,12.0
2008-12-16,0.0,32.77,15.5,46.88,19.32
2008-12-17,0.0,33.82,15.67,61.4,22.66
2008-12-18,0.0,33.68,16.3,47.1,20.21
2008-12-19,0.0,31.28,15.6,50.11,20.67
2008-12-20,0.0,35.03,16.42,60.59,19.01
2008-12-21,0.0,37.46,19.23,36.32,16.87
2008-12-22,0.0,37.78,19.15,27.23,11.22
2008-12-23,0.0,39.09,19.46,27.66,11.43
2008-12-24,0.0,39.43,18.84,27.83,11.85
2008-12-25,0.0,37.84,19.45,27.12,14.06
2008-12-26,0.0,38.85,19.06,29.25,13.85
2008-12-27,0.0,35.88,18.27,34.62,17.13
2008-12-28,0.0,38.43,19.6,31.67,13.66
2008-12-29,0.0,40.99,19.78,31.48,13.03
2008-12-30,0.0,40.56,19.58,29.0,12.24
2008-12-31,0.0,38.97,19.19,29.01,14.17
2009-01-01,0.0,38.49,20.53,29.37,14.87
2009-01-02,0.0,37.38,20.17,31.05,15.21
2009-01-03,0.0,37.21,18.91,35.75,15.66
2009-01-04,0.0,36.07,18.3,36.75,14.99
2009-01-05,0.0,35.7,17.35,33.35,13.33
2009-01-06,0.0,34.12,16.53,40.22,17.89
2009-01-07,0.0,30.18,13.98,50.34,21.47
2009-01-08,0.0,29.93,13.77,55.63,22.68
2009-01-09,0.0,30.8,13.2,42.43,17.8
2009-01-10,0.0,32.4,13.72,36.45,13.5
2009-01-11,0.0,31.33,12.94,42.18,19.43
2009-01-12,0.0,30.3,14.76,64.07,22.87
2009-01-13,0.0,30.53,12.88,48.51,18.35
2009-01-14,0.0,30.91,14.56,47.72,21.59
2009-01-15,0.0,32.28,14.98,37.11,17.41
2009-01-16,0.0,30.83,14.93,35.26,16.24
2009-01-17,0.0,28.67,13.71,55.57,24.86
2009-01-18,0.0,28.43,11.82,59.05,24.94
2009-01-19,0.0,29.72,13.26,62.91,18.76
2009-01-20,0.0,30.29,12.3,41.18,16.36
2009-01-21,0.0,30.74,12.84,55.98,25.47
2009-01-22,0.0,30.44,13.5,45.35,15.46
2009-01-23,0.0,30.4,13.47,24.54,8.98
2009-01-24,0.0,29.66,12.18,20.13,8.99
2009-01-25,0.0,33.16,16.85,17.69,11.09
2009-01-26,0.0,32.49,17.97,32.89,12.77
2009-01-27,0.0,35.51,17.05,57.87,24.32
2009-01-28,0.0,36.94,17.03,48.16,19.67
2009-01-29,0.0,38.31,17.14,37.28,17.68
2009-01-30,0.0,39.81,19.09,38.75,14.66
2009-01-31,0.0,36.97,19.29,27.45,10.44
2009-02-01,0.0,36.73,18.7,19.61,9.55
2009-02-02,0.0,33.58,17.6,31.92,14.97
2009-02-03,0.0,32.11,15.62,56.75,25.46
2009-02-04,0.0,34.43,17.47,64.89,26.2
2009-02-05,0.0,35.21,17.69,54.2,21.48
2009-02-06,0.0,31.44,19.65,51.93,27.85
2009-02-07,0.0,33.04,17.87,55.7,21.91
2009-02-08,0.0,32.79,16.57,37.73,16.91
2009-02-09,0.0,35.75,16.82,35.66,13.54
2009-02-10,0.0,36.65,18.5,24.44,9.2
2009-02-11,0.0,38.24,18.09,21.01,8.53
2009-02-12,0.0,39.31,19.35,21.89,8.74
2009-02-13,0.01,40.18,20.07,22.11,8.72
2009-02-14,0.0,36.09,18.82,56.23,12.64
2009-02-15,0.0,33.63,19.1,58.96,23.66
2009-02-16,0.0,32.47,15.16,56.24,21.74
2009-02-17,0.0,34.57,15.71,55.06,20.8
2009-02-18,0.0,37.01,17.7,39.35,15.86
2009-02-19,0.0,34.14,20.15,32.67,17.63
2009-02-20,0.0,37.48,19.93,34.16,16.19
2009-02-21,0.0,36.84,19.14,28.53,15.64
2009-02-22,0.0,41.81,22.71,27.87,16.46
2009-02-23,0.0,43.43,24.58,38.23,16.19
2009-02-24,0.0,42.12,22.81,37.86,13.59
2009-02-25,0.0,39.33,20.57,45.29,13.46
2009-02-26,0.0,33.74,19.14,59.52,23.38
2009-02-27,0.0,31.58,18.91,57.06,27.85
2009-02-28,0.0,34.1,19.63,41.42,19.18
2009-03-01,0.0,37.92,20.66,31.59,16.59
2009-03-02,0.0,39.06,21.65,28.26,14.4
2009-03-03,0.0,40.06,21.87,22.64,10.16
2009-03-04,0.0,36.97,21.88,32.93,15.47
2009-03-05,0.0,35.92,21.52,23.41,13.54
2009-03-06,0.0,37.33,20.51,28.75,11.75
2009-03-07,0.0,37.61,20.95,34.04,14.5
2009-03-08,0.0,40.57,22.45,32.65,15.57
2009-03-09,0.0,38.26,21.98,61.04,22.06
2009-03-10,0.0,33.81,18.83,62.91,29.51
2009-03-11,0.0,33.76,18.53,61.45,28.82
2009-03-12,0.0,32.84,17.12,82.81,31.08
2009-03-13,0.0,34.09,17.38,81.47,32.78
2009-03-14,0.0,38.81,21.34,56.45,23.52
2009-03-15,0.0,38.23,21.77,58.98,28.6
2009-03-16,0.0,38.73,21.3,66.94,27.83
2009-03-17,0.0,36.99,20.95,62.01,21.55
2009-03-18,0.0,35.42,20.3,64.09,27.08
2009-03-19,0.0,36.47,19.54,73.82,28.85
2009-03-20,0.0,39.26,20.32,65.78,18.74
2009-03-21,0.0,41.09,22.08,54.77,16.56
2009-03-22,0.0,41.16,23.03,43.98,14.45
2009-03-23,0.0,41.13,23.55,37.57,15.41
2009-03-24,0.0,39.63,23.52,40.96,18.4
2009-03-25,0.0,37.59,22.77,49.91,21.73
2009-03-26,0.09,37.5,23.15,47.82,26.05
2009-03-27,0.0,35.86,20.99,70.81,34.34
2009-03-28,0.0,35.19,22.31,55.54,25.13
2009-03-29,0.0,37.46,21.05,51.28,21.34
2009-03-30,0.0,38.87,22.2,37.28,19.02
2009-03-31,0.0,40.98,23.81,33.38,18.01
2009-04-01,0.0,41.18,23.69,34.52,14.64
2009-04-02,0.0,42.48,24.25,27.86,14.05
2009-04-03,0.0,42.3,24.33,29.11,14.79
2009-04-04,0.0,43.04,23.39,27.26,10.77
2009-04-05,0.0,44.27,24.4,22.27,7.72
2009-04-06,0.0,43.12,23.8,31.02,9.97
2009-04-07,0.0,39.71,22.38,51.34,16.6
2009-04-08,0.0,37.6,21.02,63.89,23.76
2009-04-09,0.0,36.05,20.51,63.64,25.65
2009-04-10,0.0,37.93,20.61,61.58,21.27
2009-04-11,0.0,40.3,22.12,40.77,13.16
2009-04-12,0.0,39.75,22.09,38.61,13.2
2009-04-13,0.0,39.77,21.4,45.8,15.39
2009-04-14,0.0,40.75,20.77,49.21,12.57
2009-04-15,0.0,40.39,21.86,45.25,13.91
2009-04-16,0.0,42.38,22.81,39.33,11.96
2009-04-17,0.0,42.97,24.58,27.98,13.22
2009-04-18,0.0,41.98,24.49,28.21,12.12
2009-04-19,0.0,42.21,23.62,22.07,9.53
2009-04-20,0.0,43.24,24.66,22.97,9.77
2009-04-21,0.0,45.55,26.26,23.17,9.37
2009-04-22,0.0,45.94,26.65,25.68,8.97
2009-04-23,0.0,46.07,27.27,21.03,7.29
2009-04-24,0.0,46.09,27.14,17.36,7.96
2009-04-25,0.0,46.28,28.18,22.08,8.34
2009-04-26,0.0,45.67,27.25,22.61,7.74
2009-04-27,0.0,45.66,26.58,25.37,11.77
2009-04-28,0.0,45.81,26.28,28.07,9.83
2009-04-29,0.0,45.3,26.89,27.31,11.72
2009-04-30,0.0,45.99,27.63,23.79,9.74
2009-05-01,0.0,45.77,26.51,47.05,10.07
2009-05-02,0.0,45.75,27.24,29.37,7.37
2009-05-03,0.0,45.67,27.13,19.17,5.89
2009-05-04,0.0,45.92,27.1,18.87,8.0
2009-05-05,0.0,45.28,26.81,25.64,10.27
2009-05-06,0.0,43.46,25.85,30.82,11.99
2009-05-07,0.0,39.84,24.13,58.96,19.49
2009-05-08,0.0,38.72,23.18,58.77,23.87
2009-05-09,0.0,40.35,22.46,59.76,19.16
2009-05-10,0.0,40.49,23.02,59.43,17.51
2009-05-11,0.0,42.14,23.22,51.23,14.54
2009-05-12,0.0,41.03,25.44,40.01,18.06
2009-05-13,0.06,36.99,26.52,49.25,25.78
2009-05-14,0.0,42.46,27.23,59.6,28.86
2009-05-15,0.01,43.64,26.68,62.49,27.35
2009-05-16,0.02,40.68,25.56,91.61,31.78
2009-05-17,0.09,41.07,25.46,49.75,20.96
2009-05-18,0.0,43.93,26.88,47.22,18.48
2009-05-19,0.0,42.94,26.24,48.03,19.8
2009-05-20,0.0,43.46,26.37,46.76,20.44
2009-05-21,0.0,42.38,25.65,64.03,17.55
2009-05-22,0.0,46.1,26.82,38.24,9.01
2009-05-23,0.0,45.59,29.21,32.35,12.43
2009-05-24,0.0,44.34,27.4,46.65,16.81
2009-05-25,0.0,44.11,25.72,47.82,16.23
2009-05-26,0.0,42.92,26.72,46.72,17.13
2009-05-27,0.0,44.08,27.33,46.0,18.4
2009-05-28,0.0,44.64,26.83,47.66,15.5
2009-05-29,0.0,42.07,25.46,53.65,18.39
2009-05-30,0.0,40.35,23.98,52.82,22.24
2009-05-31,0.0,40.91,24.38,57.31,23.42
2009-06-01,0.03,39.92,24.84,53.97,23.1
2009-06-02,0.05,42.41,26.45,58.91,20.0
2009-06-03,0.0,44.75,30.9,37.57,16.78
2009-06-04,0.0,44.65,29.43,46.45,16.15
2009-06-05,0.0,41.92,27.82,58.36,21.51
2009-06-06,0.0,39.99,25.36,54.38,23.13
2009-06-07,0.0,39.35,25.85,59.02,24.15
2009-06-08,0.0,40.91,25.41,54.49,20.98
2009-06-09,0.0,39.31,26.27,56.57,26.39
2009-06-10,0.0,44.29,26.94,56.36,14.04
2009-06-11,0.0,44.12,28.15,49.57,10.61
2009-06-12,0.0,42.88,29.06,37.89,17.27
2009-06-13,0.15,40.59,26.66,60.44,25.78
2009-06-14,18.75,38.53,26.92,61.91,32.08
2009-06-15,0.27,37.33,24.94,75.66,34.99
2009-06-16,0.0,39.63,27.38,59.97,29.69
2009-06-17,0.28,38.92,27.04,68.42,32.97
2009-06-18,0.38,39.51,26.44,73.98,33.26
2009-06-19,0.0,40.25,25.17,82.49,31.1
2009-06-20,0.0,41.07,27.39,66.31,29.84
2009-06-21,0.0,40.22,26.97,72.13,33.29
2009-06-22,0.0,39.42,26.73,79.25,37.22
2009-06-23,2.98,37.01,24.06,96.14,50.48
2009-06-24,0.07,31.82,23.76,96.49,79.42
2009-06-25,12.73,28.76,22.72,98.83,73.44
2009-06-26,0.01,32.29,21.71,98.85,63.03
2009-06-27,0.0,35.09,23.54,88.36,51.78
2009-06-28,0.0,34.36,24.87,84.88,55.45
2009-06-29,1.08,34.13,24.86,95.57,59.19
2009-06-30,0.0,37.34,25.78,87.59,46.56
2009-07-01,2.04,36.24,26.24,83.27,46.23
2009-07-02,0.0,35.81,25.07,93.99,53.05
2009-07-03,0.0,36.58,24.99,89.01,45.31
2009-07-04,8.46,38.05,25.77,88.68,43.93
2009-07-05,4.2,37.18,25.1,82.4,39.41
2009-07-06,0.0,38.51,25.8,71.61,30.41
2009-07-07,1.97,37.42,25.44,64.79,35.6
2009-07-08,0.0,37.75,25.72,76.48,34.91
2009-07-09,0.0,36.91,25.85,84.28,45.66
2009-07-10,0.0,38.22,25.19,89.23,37.37
2009-07-11,0.0,37.56,25.45,72.63,36.61
2009-07-12,13.88,37.31,26.16,80.99,45.02
2009-07-13,0.23,33.83,23.87,98.29,63.42
2009-07-14,0.56,32.48,23.92,97.78,62.36
2009-07-15,0.23,32.51,23.46,96.19,64.28
2009-07-16,0.0,32.5,24.04,96.56,63.23
2009-07-17,0.0,33.87,23.97,96.93,58.21
2009-07-18,0.0,34.64,24.31,81.91,48.04
2009-07-19,0.13,35.29,24.63,84.56,49.36
2009-07-20,3.53,31.86,24.16,97.58,69.56
2009-07-21,29.53,29.04,22.74,99.26,79.34
2009-07-22,0.68,32.29,23.97,98.92,68.96
2009-07-23,0.0,33.45,23.93,97.76,62.2
2009-07-24,2.47,32.57,24.53,96.78,65.74
2009-07-25,0.09,32.82,23.72,96.57,63.15
2009-07-26,19.1,33.65,24.24,92.33,58.66
2009-07-27,0.0,30.88,23.58,98.93,71.44
2009-07-28,3.66,30.22,23.48,99.34,75.95
2009-07-29,0.0,32.49,22.86,98.84,63.86
2009-07-30,1.22,29.56,23.68,98.57,76.73
2009-07-31,0.0,32.06,23.13,99.04,65.52
2009-08-01,0.0,33.38,23.23,93.63,58.99
2009-08-02,5.47,32.48,24.41,94.86,67.38
2009-08-03,0.14,32.08,23.48,96.98,66.27
2009-08-04,0.0,33.7,24.4,96.18,61.79
2009-08-05,4.02,32.49,24.48,99.03,70.85
2009-08-06,21.1,32.44,23.77,99.8,68.58
2009-08-07,0.0,31.66,23.59,99.8,71.8
2009-08-08,0.0,32.04,23.56,99.44,67.76
2009-08-09,0.0,31.54,22.99,98.73,69.63
2009-08-10,3.9,32.78,23.72,98.72,63.19
2009-08-11,18.47,33.76,23.94,98.07,63.51
2009-08-12,0.0,31.57,23.75,98.97,73.79
2009-08-13,0.01,31.19,23.27,99.74,69.34
2009-08-14,0.0,32.79,23.77,99.27,60.95
2009-08-15,11.08,30.47,23.67,96.01,68.89
2009-08-16,0.0,31.53,23.32,93.41,71.79
2009-08-17,0.0,32.28,23.21,98.73,70.25
2009-08-18,11.67,32.0,24.07,99.59,70.01
2009-08-19,3.61,32.29,22.61,98.59,60.57
2009-08-20,1.22,34.34,23.73,95.4,55.45
2009-08-21,15.21,34.73,24.95,92.77,57.91
2009-08-22,0.51,32.12,23.33,99.68,68.97
2009-08-23,16.26,30.54,23.15,99.67,71.26
2009-08-24,28.02,31.64,23.49,98.78,70.78
2009-08-25,0.0,30.88,23.42,99.8,73.28
2009-08-26,0.5,32.18,23.42,99.59,66.15
2009-08-27,55.74,30.67,23.79,99.14,75.23
2009-08-28,0.09,31.42,22.7,99.3,70.42
2009-08-29,0.0,31.91,23.34,99.69,68.09
2009-08-30,0.0,32.61,23.2,99.3,62.61
2009-08-31,13.88,29.85,23.5,99.89,73.99
2009-09-01,0.01,31.99,22.32,99.83,66.77
2009-09-02,10.41,32.87,23.19,99.78,65.65
2009-09-03,0.0,32.09,23.44,97.81,67.52
2009-09-04,24.35,31.99,22.71,98.13,64.2
2009-09-05,48.49,32.61,22.57,96.6,62.52
2009-09-06,0.01,31.48,22.61,99.35,65.3
2009-09-07,17.24,32.56,22.9,96.31,62.69
2009-09-08,4.2,29.04,22.54,99.82,82.0
2009-09-09,6.11,28.59,22.34,99.78,81.41
2009-09-10,0.0,31.92,23.23,99.8,67.33
2009-09-11,0.02,31.77,23.97,99.65,75.36
2009-09-12,12.86,31.35,23.39,99.75,70.87
2009-09-13,0.0,31.58,22.59,99.77,68.75
2009-09-14,6.14,32.38,23.12,99.86,70.2
2009-09-15,0.0,30.73,23.28,99.69,79.55
2009-09-16,2.02,30.68,23.02,99.54,75.64
2009-09-17,22.73,31.28,23.25,99.72,71.02
2009-09-18,0.0,29.27,22.59,99.87,78.56
2009-09-19,0.0,31.25,22.34,99.78,67.12
2009-09-20,0.0,32.45,22.55,99.69,63.08
2009-09-21,19.57,32.87,23.52,99.73,65.24
2009-09-22,0.0,29.34,22.64,99.73,78.7
2009-09-23,0.25,32.34,22.35,99.78,62.07
2009-09-24,5.25,32.56,23.95,96.38,66.97
2009-09-25,0.0,32.71,23.02,99.42,66.53
2009-09-26,4.83,32.82,23.37,99.73,65.1
2009-09-27,0.0,33.01,23.36,97.06,66.25
2009-09-28,0.0,34.04,22.95,94.82,55.33
2009-09-29,0.0,35.47,25.07,83.75,53.27
2009-09-30,0.12,34.2,24.38,97.88,59.22
2009-10-01,0.0,35.64,23.39,99.83,52.6
2009-10-02,0.0,37.28,24.4,94.93,44.36
2009-10-03,0.0,37.59,23.98,95.18,36.7
2009-10-04,0.0,37.67,23.41,96.84,40.75
2009-10-05,0.0,39.47,24.27,89.38,32.87
2009-10-06,0.0,38.4,23.87,90.81,38.18
2009-10-07,0.0,37.52,24.08,97.02,46.49
2009-10-08,0.0,36.58,23.66,98.82,49.9
2009-10-09,0.0,38.01,22.89,93.76,34.45
2009-10-10,0.0,38.4,23.08,86.89,34.74
2009-10-11,0.0,37.94,23.57,90.14,38.46
2009-10-12,0.0,38.59,23.28,84.13,30.68
2009-10-13,0.0,38.05,22.99,74.72,28.95
2009-10-14,0.0,37.47,22.92,82.21,33.58
2009-10-15,0.0,38.47,22.9,75.62,25.51
2009-10-16,0.0,39.59,23.26,65.82,23.79
2009-10-17,4.22,35.08,22.69,99.24,37.56
2009-10-18,0.0,31.67,21.13,99.6,68.56
2009-10-19,0.0,35.34,21.12,99.6,37.19
2009-10-20,0.0,39.39,23.08,67.32,24.66
2009-10-21,0.0,39.75,23.71,51.83,21.32
2009-10-22,0.0,39.74,23.52,52.58,18.64
2009-10-23,0.0,40.16,23.9,49.05,20.21
2009-10-24,0.0,39.27,24.84,73.84,33.74
2009-10-25,0.0,34.85,23.96,96.11,47.54
2009-10-26,0.0,37.35,23.85,92.18,41.47
2009-10-27,0.0,38.34,23.77,86.22,31.43
2009-10-28,0.0,39.56,24.44,76.87,24.71
2009-10-29,0.0,38.67,23.43,56.25,17.09
2009-10-30,0.0,35.83,21.86,34.67,15.3
2009-10-31,0.0,37.47,20.05,33.81,14.74
2009-11-01,0.51,39.54,20.09,45.75,20.72
2009-11-02,0.0,36.75,21.68,83.13,34.79
2009-11-03,0.0,35.58,21.44,95.5,39.2
2009-11-04,0.0,39.41,22.98,72.79,27.21
2009-11-05,0.0,40.72,22.82,58.66,21.23
2009-11-06,0.0,39.38,21.81,45.61,18.24
2009-11-07,0.0,37.34,19.54,58.79,22.03
2009-11-08,0.0,39.15,19.2,55.56,20.33
2009-11-09,0.0,40.36,20.65,45.91,18.76
2009-11-10,0.0,40.66,21.87,49.6,22.38
2009-11-11,0.0,38.58,21.26,83.15,24.06
2009-11-12,0.0,38.95,21.53,51.32,21.0
2009-11-13,0.0,39.51,21.71,51.05,15.28
2009-11-14,0.0,37.35,21.01,35.4,11.8
2009-11-15,0.0,35.75,18.8,26.54,11.4
2009-11-16,0.0,37.45,17.49,26.84,11.83
2009-11-17,0.0,36.91,19.4,31.42,13.24
2009-11-18,0.0,36.22,21.36,40.7,16.14
2009-11-19,0.0,39.49,20.43,47.1,10.94
2009-11-20,0.0,36.6,19.68,29.83,11.98
2009-11-21,0.0,36.72,18.19,30.66,12.89
2009-11-22,0.0,36.69,18.0,28.0,12.26
2009-11-23,0.0,35.37,17.33,31.36,12.88
2009-11-24,0.0,36.43,16.6,34.49,13.58
2009-11-25,0.0,37.47,17.87,36.93,15.47
2009-11-26,0.0,35.67,19.46,36.45,16.19
2009-11-27,0.0,35.47,18.9,32.28,13.65
2009-11-28,0.0,33.61,18.87,32.77,16.5
2009-11-29,0.0,35.21,19.31,37.01,14.5
2009-11-30,0.0,36.44,20.46,29.94,13.7
2009-12-01,0.0,36.39,20.92,33.05,18.38
2009-12-02,0.0,34.67,20.47,29.13,15.17
2009-12-03,0.0,37.06,20.0,28.73,13.76
2009-12-04,0.0,36.76,18.87,24.3,13.48
2009-12-05,0.0,38.51,18.95,31.7,13.1
2009-12-06,0.0,38.11,19.22,31.52,14.05
2009-12-07,0.0,37.38,19.75,27.81,13.16
2009-12-08,0.58,32.32,17.77,97.51,15.87
2009-12-09,0.0,33.8,16.27,96.83,32.01
2009-12-10,0.0,34.25,16.42,65.89,12.55
2009-12-11,0.0,30.72,16.61,24.18,13.88
2009-12-12,0.0,31.25,16.01,27.81,14.11
2009-12-13,0.0,32.82,14.22,30.18,14.05
2009-12-14,0.0,33.54,14.68,71.62,22.11
2009-12-15,0.0,34.13,15.75,63.74,28.24
2009-12-16,0.0,35.88,17.06,61.2,19.47
2009-12-17,0.0,40.35,19.86,39.71,19.87
2009-12-18,0.0,37.21,20.91,35.18,14.08
2009-12-19,0.0,39.04,20.61,35.22,17.25
2009-12-20,0.0,39.31,21.0,41.04,19.77
2009-12-21,0.0,37.74,19.85,47.93,21.72
2009-12-22,0.0,38.05,19.19,56.7,24.94
2009-12-23,0.0,37.65,18.17,53.15,19.78
2009-12-24,0.0,36.51,17.82,57.8,23.85
2009-12-25,0.0,34.12,17.02,62.15,27.14
2009-12-26,0.0,35.7,17.28,54.86,14.25
2009-12-27,0.0,37.9,17.44,26.05,13.77
2009-12-28,0.0,36.21,16.78,27.71,14.08
2009-12-29,0.0,36.87,16.57,35.42,14.53
2009-12-30,0.0,37.89,17.18,28.66,12.27
2009-12-31,0.0,37.61,17.22,27.78,14.29
2010-01-01,0.0,37.87,18.49,26.82,15.85
2010-01-02,0.0,38.98,19.09,31.23,14.32
2010-01-03,0.0,37.67,18.29,26.88,13.21
2010-01-04,0.0,37.08,19.23,26.19,11.98
2010-01-05,0.0,37.3,17.44,22.37,10.9
2010-01-06,0.0,37.07,18.06,22.44,12.39
2010-01-07,0.0,35.61,16.88,29.69,14.45
2010-01-08,0.0,35.33,17.65,45.99,19.9
2010-01-09,0.0,35.76,17.41,47.84,24.17
2010-01-10,0.0,34.59,18.06,57.8,25.22
2010-01-11,0.0,33.77,18.22,40.53,19.51
2010-01-12,0.0,33.5,17.88,34.43,17.29
2010-01-13,0.0,35.8,17.05,30.42,13.47
2010-01-14,0.0,32.91,15.63,28.78,14.92
2010-01-15,0.0,34.77,16.47,21.57,11.25
2010-01-16,0.0,37.44,16.12,22.75,9.94
2010-01-17,0.0,37.6,16.94,22.25,11.27
2010-01-18,0.0,33.33,15.89,15.41,9.39
2010-01-19,0.0,35.19,16.67,24.18,12.58
2010-01-20,0.0,37.88,17.27,26.68,13.38
2010-01-21,0.0,35.84,17.06,22.74,12.22
2010-01-22,0.0,36.91,16.66,24.74,12.41
2010-01-23,0.0,37.76,17.94,23.91,11.82
2010-01-24,0.0,36.0,17.92,22.33,11.32
2010-01-25,0.0,34.24,17.68,26.63,13.52
2010-01-26,0.0,33.24,14.95,34.15,15.63
2010-01-27,0.0,36.39,16.45,30.98,15.02
2010-01-28,0.0,38.16,17.51,28.44,13.15
2010-01-29,0.0,38.49,18.91,24.99,12.32
2010-01-30,0.0,39.51,20.58,23.13,10.9
2010-01-31,0.0,40.97,22.21,18.49,11.15
2010-02-01,0.0,40.21,23.31,31.24,17.79
2010-02-02,0.0,38.26,23.28,29.44,15.07
2010-02-03,0.0,39.95,21.73,39.81,16.72
2010-02-04,0.0,40.34,21.35,49.75,17.16
2010-02-05,0.0,42.76,22.84,32.15,13.23
2010-02-06,0.0,41.93,24.32,25.91,12.42
2010-02-07,0.0,39.05,22.2,27.43,14.54
2010-02-08,0.0,38.74,20.05,29.63,11.12
2010-02-09,0.0,39.64,19.27,24.77,13.21
2010-02-10,0.0,39.79,20.46,26.02,12.59
2010-02-11,0.0,39.1,19.81,33.43,15.84
2010-02-12,0.0,38.82,19.28,39.31,17.99
2010-02-13,0.0,34.35,18.05,86.88,27.53
2010-02-14,0.0,33.01,19.03,70.01,39.17
2010-02-15,0.0,33.33,16.64,99.09,41.08
2010-02-16,0.0,35.06,18.89,98.92,39.48
2010-02-17,0.0,37.38,18.91,70.99,31.59
2010-02-18,0.0,34.58,19.81,91.24,39.63
2010-02-19,0.0,34.8,18.88,96.01,31.1
2010-02-20,0.0,38.03,19.7,54.25,21.75
2010-02-21,0.0,39.33,20.51,45.1,19.98
2010-02-22,0.0,41.89,21.63,38.76,15.15
2010-02-23,0.0,43.14,23.2,32.92,14.51
2010-02-24,0.0,42.78,23.64,29.95,13.91
2010-02-25,0.0,42.8,22.92,29.0,13.65
2010-02-26,0.0,43.18,23.83,34.25,16.1
2010-02-27,0.0,44.15,24.4,42.52,14.65
2010-02-28,0.0,41.76,23.16,40.7,15.48
2010-03-01,0.0,43.15,23.94,38.58,13.68
2010-03-02,0.0,38.27,22.07,69.9,23.69
2010-03-03,0.0,40.44,21.43,43.03,15.32
2010-03-04,0.0,42.73,22.97,37.24,13.83
2010-03-05,0.0,42.81,24.11,34.18,10.4
2010-03-06,0.0,41.51,23.01,40.44,14.25
2010-03-07,0.0,40.9,22.49,39.27,17.11
2010-03-08,0.0,41.08,23.0,43.58,19.75
2010-03-09,0.0,40.02,22.54,40.07,17.49
2010-03-10,0.0,40.42,21.75,44.3,19.51
2010-03-11,0.0,40.45,22.04,47.02,16.56
2010-03-12,0.0,40.08,21.2,26.08,12.28
2010-03-13,0.0,40.94,23.54,29.0,15.71
2010-03-14,0.0,39.81,22.34,37.84,16.13
2010-03-15,0.0,41.14,21.47,33.65,14.4
2010-03-16,0.0,42.38,22.91,31.64,14.33
2010-03-17,0.0,40.45,23.35,20.47,9.34
2010-03-18,0.0,38.39,20.36,19.66,10.24
2010-03-19,0.0,39.36,20.51,28.82,13.12
2010-03-20,0.0,42.75,22.39,25.4,12.0
2010-03-21,0.0,45.03,25.39,23.34,11.46
2010-03-22,0.0,42.34,25.97,40.85,17.38
2010-03-23,0.0,44.38,25.26,41.94,8.43
2010-03-24,0.0,42.9,23.58,31.37,7.33
2010-03-25,0.0,42.68,22.87,45.94,7.45
2010-03-26,0.0,44.19,23.28,22.19,5.97
2010-03-27,0.0,45.63,25.53,15.29,7.51
2010-03-28,0.0,44.28,25.84,18.0,4.17
2010-03-29,0.0,44.96,23.59,10.26,4.58
2010-03-30,0.0,44.86,25.09,14.04,5.21
2010-03-31,0.0,42.45,24.07,45.79,10.36
2010-04-01,0.0,45.07,24.71,41.79,7.19
2010-04-02,0.0,45.81,25.98,24.51,7.53
2010-04-03,0.0,46.25,25.92,25.01,6.12
2010-04-04,0.0,43.96,25.82,20.81,7.22
2010-04-05,0.0,39.63,22.62,50.81,19.58
2010-04-06,0.0,39.9,22.1,65.76,20.32
2010-04-07,0.0,43.19,23.05,48.96,14.38
2010-04-08,0.0,44.57,24.17,44.46,10.95
2010-04-09,0.0,42.85,24.12,43.12,16.32
2010-04-10,0.0,39.98,22.93,57.84,22.19
2010-04-11,0.0,39.36,22.13,55.2,24.88
2010-04-12,0.0,37.67,21.58,65.57,25.27
2010-04-13,0.0,38.32,22.63,67.94,25.28
2010-04-14,0.0,39.09,22.98,60.88,24.74
2010-04-15,0.0,39.67,23.72,69.37,29.34
2010-04-16,0.0,41.4,24.18,56.08,24.2
2010-04-17,0.0,43.23,25.11,47.2,19.69
2010-04-18,0.0,45.44,26.6,43.5,18.59
2010-04-19,0.0,42.46,26.65,45.05,20.74
2010-04-20,0.0,44.52,27.1,51.37,21.64
2010-04-21,0.0,44.77,28.3,39.78,19.24
2010-04-22,0.0,45.73,29.86,42.33,21.49
2010-04-23,0.0,45.16,28.33,54.43,21.76
2010-04-24,0.0,43.73,27.44,45.11,20.62
2010-04-25,0.0,43.86,25.44,52.91,17.89
2010-04-26,0.0,45.41,27.18,40.45,15.81
2010-04-27,0.0,44.64,26.69,39.74,15.01
2010-04-28,0.0,41.62,25.67,58.49,23.06
2010-04-29,0.0,40.36,24.5,67.28,29.09
2010-04-30,0.0,40.78,26.38,65.19,25.98
2010-05-01,0.0,39.46,25.01,68.23,28.45
2010-05-02,0.0,39.82,24.42,59.92,23.69
2010-05-03,0.0,40.34,24.75,60.68,21.12
2010-05-04,0.0,42.15,25.87,55.75,18.88
2010-05-05,0.0,44.16,25.26,47.74,13.7
2010-05-06,0.0,41.95,25.32,51.08,17.72
2010-05-07,0.0,39.5,24.59,53.75,22.68
2010-05-08,0.0,39.81,23.78,64.55,23.43
2010-05-09,0.0,38.93,23.74,63.23,25.06
2010-05-10,0.0,40.94,25.44,57.72,21.56
2010-05-11,0.0,43.76,26.14,57.89,17.52
2010-05-12,0.0,45.4,28.01,42.51,17.28
2010-05-13,0.0,46.43,29.35,39.08,15.47
2010-05-14,0.0,46.05,29.67,34.62,14.99
2010-05-15,0.0,42.05,28.96,38.37,20.67
2010-05-16,0.0,44.48,28.65,44.78,16.44
2010-05-17,0.0,43.54,28.5,31.47,12.94
2010-05-18,0.0,46.32,30.13,23.25,11.1
2010-05-19,0.0,45.98,29.47,46.11,15.17
2010-05-20,0.0,45.92,28.79,31.58,10.9
2010-05-21,0.0,46.09,28.21,32.12,11.1
2010-05-22,0.0,44.27,28.98,40.83,18.86
2010-05-23,0.0,43.55,27.41,56.69,20.21
2010-05-24,0.0,42.23,27.67,54.66,24.19
2010-05-25,0.0,43.14,28.89,53.22,25.26
2010-05-26,0.0,44.53,28.29,54.64,21.77
2010-05-27,0.0,47.06,30.89,48.69,13.59
2010-05-28,0.0,45.41,29.93,54.36,17.43
2010-05-29,0.0,42.87,28.04,77.32,28.0
2010-05-30,0.0,40.39,27.63,76.09,38.83
2010-05-31,0.0,38.49,25.72,80.39,34.39
2010-06-01,0.0,40.64,25.71,61.43,23.06
2010-06-02,0.0,40.14,26.05,52.2,24.32
2010-06-03,0.0,39.1,25.36,55.75,25.68
2010-06-04,0.0,39.13,24.25,58.96,19.88
2010-06-05,0.0,40.18,24.74,55.1,22.78
2010-06-06,3.02,41.51,25.96,61.15,22.56
2010-06-07,13.9,40.41,27.65,68.31,31.4
2010-06-08,0.0,39.23,26.11,76.83,35.47
2010-06-09,0.0,40.25,26.16,65.8,27.88
2010-06-10,0.0,41.17,25.86,63.22,19.5
2010-06-11,0.0,41.14,26.62,56.69,25.08
2010-06-12,0.26,40.77,26.35,88.22,32.7
2010-06-13,0.0,40.0,27.0,80.24,35.81
2010-06-14,0.0,40.55,26.88,73.61,19.4
2010-06-15,0.0,39.39,25.47,48.28,19.83
2010-06-16,0.0,39.38,25.69,57.2,23.3
2010-06-17,0.0,40.15,26.42,50.1,20.67
2010-06-18,0.0,41.8,26.57,54.59,19.47
2010-06-19,0.25,43.12,27.6,52.98,22.0
2010-06-20,1.74,41.55,28.48,73.03,33.42
2010-06-21,0.28,38.17,25.87,96.25,44.12
2010-06-22,0.0,37.24,24.17,95.87,37.21
2010-06-23,1.63,40.28,26.29,77.38,39.13
2010-06-24,11.08,39.73,25.3,97.34,36.81
2010-06-25,0.01,36.5,24.22,99.12,55.67
2010-06-26,0.0,34.82,23.28,98.54,46.93
2010-06-27,0.0,34.78,24.04,77.08,45.6
2010-06-28,0.17,35.76,25.51,98.75,54.51
2010-06-29,6.57,38.01,25.39,99.26,49.15
2010-06-30,0.0,41.18,26.98,78.39,31.04
2010-07-01,0.0,40.69,28.21,57.97,25.12
2010-07-02,0.01,40.13,27.14,71.74,33.08
2010-07-03,0.0,36.12,24.77,98.74,52.83
2010-07-04,0.24,30.47,24.58,98.79,77.62
2010-07-05,0.0,34.5,24.29,98.93,62.46
2010-07-06,0.0,37.25,24.53,90.24,40.91
2010-07-07,0.46,34.47,25.52,81.24,55.16
2010-07-08,39.71,35.69,26.52,91.0,50.85
2010-07-09,0.0,35.02,24.84,97.87,54.36
2010-07-10,0.28,32.84,23.32,94.11,53.33
2010-07-11,0.19,32.4,23.21,88.46,60.18
2010-07-12,31.0,33.34,24.57,97.96,61.21
2010-07-13,15.58,27.58,23.21,99.89,86.18
2010-07-14,0.0,32.42,22.8,99.83,65.33
2010-07-15,0.72,34.0,24.44,95.8,59.93
2010-07-16,0.0,33.67,24.05,89.09,46.25
2010-07-17,2.2,31.67,22.23,79.73,54.24
2010-07-18,0.12,32.82,24.22,94.59,61.98
2010-07-19,47.33,35.45,24.73,91.95,47.72
2010-07-20,10.29,32.79,23.55,99.8,50.51
2010-07-21,0.0,33.18,23.94,87.59,53.79
2010-07-22,0.0,33.04,24.73,95.14,55.05
2010-07-23,0.0,35.67,24.88,82.19,38.34
2010-07-24,2.3,34.28,24.19,76.69,41.65
2010-07-25,0.12,34.42,25.45,81.38,46.45
2010-07-26,0.0,36.25,24.17,87.61,41.21
2010-07-27,0.42,35.51,25.05,90.87,45.87
2010-07-28,8.41,35.95,24.36,81.68,38.81
2010-07-29,0.17,34.81,25.64,85.27,51.06
2010-07-30,0.04,34.21,24.81,99.59,56.4
2010-07-31,0.0,32.03,23.93,99.51,69.63
2010-08-01,0.0,35.14,23.64,98.33,50.97
2010-08-02,0.09,35.73,25.5,87.68,50.7
2010-08-03,6.91,32.75,24.41,98.78,62.67
2010-08-04,0.0,28.35,23.78,99.77,87.46
2010-08-05,0.0,31.28,23.64,99.44,68.51
2010-08-06,0.0,32.54,23.31,98.27,59.66
2010-08-07,0.02,35.16,24.69,83.56,50.44
2010-08-08,0.03,34.92,25.48,80.16,53.28
2010-08-09,37.74,32.24,24.66,94.53,61.51
2010-08-10,0.15,30.5,22.92,99.32,72.53
2010-08-11,6.44,33.49,22.89,99.17,58.84
2010-08-12,0.0,34.82,23.83,83.65,47.37
2010-08-13,16.34,33.71,24.84,94.97,57.65
2010-08-14,9.92,28.81,23.47,99.79,80.74
2010-08-15,16.69,29.01,23.05,99.81,78.28
2010-08-16,0.6,29.78,23.54,99.44,77.93
2010-08-17,2.92,32.63,23.88,99.66,63.29
2010-08-18,20.0,31.46,23.64,96.28,68.43
2010-08-19,0.0,31.6,23.38,99.58,71.35
2010-08-20,0.01,31.49,23.54,99.63,65.7
2010-08-21,22.15,33.2,23.07,95.04,56.59
2010-08-22,0.0,34.17,23.85,94.18,57.59
2010-08-23,0.08,32.91,23.92,98.44,62.73
2010-08-24,24.95,33.56,24.05,93.49,56.61
2010-08-25,7.93,31.74,23.34,99.08,68.61
2010-08-26,0.0,32.79,23.23,99.33,62.52
2010-08-27,0.0,33.31,24.04,91.75,59.23
2010-08-28,0.0,34.32,24.56,92.85,55.3
2010-08-29,0.0,35.1,24.55,88.52,54.37
2010-08-30,0.1,35.61,25.36,85.79,51.42
2010-08-31,10.6,33.14,25.26,96.59,63.17
2010-09-01,11.52,31.13,22.89,99.77,75.92
2010-09-02,18.49,27.9,23.45,99.88,85.64
2010-09-03,0.05,29.5,22.9,99.72,74.61
2010-09-04,13.19,31.65,22.86,97.34,66.51
2010-09-05,0.43,29.18,23.14,99.84,81.89
2010-09-06,3.14,32.03,23.27,99.8,67.79
2010-09-07,10.79,29.85,23.18,99.92,73.62
2010-09-08,15.47,29.87,22.29,99.89,67.78
2010-09-09,7.18,31.8,22.21,99.76,66.07
2010-09-10,12.98,30.14,23.02,99.81,78.48
2010-09-11,6.44,28.08,22.94,99.86,82.03
2010-09-12,0.47,31.63,22.61,99.69,67.13
2010-09-13,1.35,32.35,23.37,98.14,63.15
2010-09-14,3.12,30.5,23.06,98.7,74.78
2010-09-15,0.0,32.59,23.54,99.86,68.94
2010-09-16,4.38,31.51,23.73,99.75,72.55
2010-09-17,1.89,31.26,23.22,99.73,71.77
2010-09-18,21.35,29.81,23.17,99.81,80.75
2010-09-19,25.27,29.18,22.99,99.82,81.08
2010-09-20,4.09,30.29,22.69,99.84,71.57
2010-09-21,6.62,32.3,23.05,99.9,65.99
2010-09-22,0.0,31.79,22.81,99.58,70.46
2010-09-23,0.97,30.33,23.17,99.8,74.08
2010-09-24,0.6,31.44,22.86,98.75,70.12
2010-09-25,0.0,31.97,23.3,95.85,71.25
2010-09-26,0.02,32.75,23.3,97.58,64.58
2010-09-27,0.03,32.54,22.7,98.25,64.17
2010-09-28,2.21,33.19,23.56,94.79,62.14
2010-09-29,0.01,33.66,22.68,96.72,54.82
2010-09-30,8.22,34.19,24.02,92.08,56.39
2010-10-01,0.03,31.91,22.29,99.83,70.64
2010-10-02,0.0,33.56,22.12,99.81,58.73
2010-10-03,0.0,38.07,22.91,99.65,38.87
2010-10-04,0.0,39.47,24.32,87.44,27.7
2010-10-05,0.0,40.06,23.9,71.29,27.0
2010-10-06,0.0,38.62,24.63,93.22,36.32
2010-10-07,0.09,36.79,24.2,89.81,37.84
2010-10-08,0.0,36.07,22.19,91.37,37.35
2010-10-09,0.0,33.62,21.1,85.99,35.97
2010-10-10,0.0,36.43,22.18,80.21,36.11
2010-10-11,0.0,39.18,24.23,75.93,32.79
2010-10-12,0.0,37.59,24.7,99.43,42.43
2010-10-13,0.22,32.07,22.23,99.63,68.71
2010-10-14,1.04,33.96,22.35,99.39,53.93
2010-10-15,0.03,32.41,23.09,98.88,65.21
2010-10-16,0.0,30.4,22.39,99.67,75.78
2010-10-17,9.16,32.18,22.32,99.8,69.51
2010-10-18,0.0,31.9,22.22,99.8,71.6
2010-10-19,0.0,34.23,21.72,99.5,47.01
2010-10-20,15.08,38.1,23.15,77.42,35.43
2010-10-21,0.0,36.56,23.09,98.74,44.06
2010-10-22,0.0,34.17,23.63,95.44,53.53
2010-10-23,0.0,39.36,22.82,98.13,23.0
2010-10-24,0.0,40.58,24.19,52.58,22.26
2010-10-25,0.0,38.44,23.78,54.34,23.66
2010-10-26,0.0,37.49,21.31,56.02,20.07
2010-10-27,0.0,39.44,22.0,40.91,17.23
2010-10-28,0.0,39.7,24.78,47.37,24.25
2010-10-29,0.0,37.72,24.57,85.3,31.96
2010-10-30,0.0,38.46,24.35,57.41,14.59
2010-10-31,0.0,38.37,23.17,30.85,10.39
2010-11-01,0.0,37.4,19.01,24.68,9.7
2010-11-02,0.0,39.63,19.35,29.67,10.68
2010-11-03,0.0,39.5,20.69,39.89,16.53
2010-11-04,0.0,41.33,21.87,45.49,17.77
2010-11-05,0.0,38.63,21.4,41.91,14.92
2010-11-06,0.0,36.66,18.27,35.99,13.67
2010-11-07,0.0,36.81,18.17,40.55,15.01
2010-11-08,0.0,38.58,19.15,42.21,15.95
2010-11-09,0.0,38.89,19.91,48.48,17.33
2010-11-10,0.0,36.94,22.07,48.05,19.1
2010-11-11,0.0,37.5,20.59,59.54,21.52
2010-11-12,0.0,39.36,21.05,46.47,20.9
2010-11-13,0.0,37.9,20.84,51.77,18.39
2010-11-14,0.0,35.44,18.66,49.91,18.22
2010-11-15,0.0,37.09,18.74,64.0,20.48
2010-11-16,0.0,38.7,19.87,54.44,16.04
2010-11-17,0.0,41.0,20.24,41.04,15.43
2010-11-18,0.0,39.76,20.71,36.77,13.77
2010-11-19,0.0,38.95,19.48,34.78,12.55
2010-11-20,0.0,39.09,19.07,28.88,10.49
2010-11-21,0.0,39.43,19.62,29.44,11.75
2010-11-22,0.0,39.39,19.38,32.55,12.09
2010-11-23,0.0,39.75,19.73,35.55,13.07
2010-11-24,0.0,39.95,20.05,38.39,12.62
2010-11-25,0.0,40.46,20.52,32.92,12.12
2010-11-26,0.0,39.62,19.69,34.99,12.84
2010-11-27,0.0,37.81,18.94,47.84,16.33
2010-11-28,0.0,39.63,19.1,46.25,12.57
2010-11-29,0.0,40.04,20.39,52.72,19.25
2010-11-30,0.0,36.84,19.74,90.61,25.2
2010-12-01,0.0,39.1,19.46,67.82,17.78
2010-12-02,0.0,40.36,19.15,40.94,16.66
2010-12-03,0.0,40.17,19.4,45.23,17.32
2010-12-04,0.0,40.83,19.93,45.29,18.25
2010-12-05,0.0,40.75,20.32,43.27,14.57
2010-12-06,0.0,40.66,19.43,29.82,14.67
2010-12-07,0.0,40.36,19.27,38.3,14.03
2010-12-08,0.0,38.68,18.27,52.27,16.17
2010-12-09,0.0,36.2,19.04,62.65,24.21
2010-12-10,0.0,38.79,19.56,51.94,21.68
2010-12-11,0.0,38.56,19.49,32.78,13.05
2010-12-12,0.0,37.03,18.34,38.51,11.81
2010-12-13,0.0,37.71,17.38,35.23,10.75
2010-12-14,0.0,38.55,17.26,24.27,11.61
2010-12-15,0.0,38.37,18.05,28.5,13.9
2010-12-16,0.0,36.1,19.88,28.31,16.46
2010-12-17,0.0,38.84,20.54,30.32,14.04
2010-12-18,0.0,35.84,18.22,34.67,15.02
2010-12-19,0.0,35.36,18.66,51.27,17.18
2010-12-20,0.0,38.7,18.84,32.76,13.43
2010-12-21,0.0,36.78,18.41,45.41,16.53
2010-12-22,0.0,36.81,18.61,45.66,19.76
2010-12-23,0.0,36.05,17.93,66.59,21.01
2010-12-24,0.0,37.81,17.99,57.73,18.72
2010-12-25,0.0,35.89,17.64,52.19,23.7
2010-12-26,0.0,36.54,17.19,49.66,19.46
2010-12-27,0.0,36.92,16.82,41.65,17.42
2010-12-28,0.0,38.17,17.07,36.85,14.77
2010-12-29,0.0,37.62,18.02,35.12,15.78
2010-12-30,0.0,33.04,18.75,30.56,15.98
2010-12-31,0.0,34.11,18.09,25.98,12.23
2011-01-01,0.0,35.25,18.49,21.96,11.77
2011-01-02,0.0,36.21,17.26,25.32,13.01
2011-01-03,0.0,36.05,17.54,30.19,15.23
2011-01-04,0.0,31.5,15.58,29.33,15.83
2011-01-05,0.0,32.22,17.32,22.42,14.87
2011-01-06,0.0,35.28,15.68,26.26,14.19
2011-01-07,0.0,33.89,15.33,31.46,16.01
2011-01-08,0.0,36.8,16.48,28.79,14.21
2011-01-09,0.0,35.83,18.78,24.73,13.78
2011-01-10,0.0,35.54,18.44,25.97,13.33
2011-01-11,0.0,35.1,16.96,27.57,11.88
2011-01-12,0.0,34.32,17.58,21.19,10.52
2011-01-13,0.0,32.66,17.68,22.11,12.23
2011-01-14,0.0,33.15,15.2,27.56,12.28
2011-01-15,0.0,35.69,16.13,25.2,12.2
2011-01-16,0.0,37.37,17.2,32.21,15.61
2011-01-17,0.0,34.52,17.63,27.93,14.83
2011-01-18,0.0,31.7,17.84,33.58,18.69
2011-01-19,0.0,34.38,17.47,35.81,14.24
2011-01-20,0.0,36.09,17.39,27.06,13.27
2011-01-21,0.0,38.03,19.43,23.65,12.54
2011-01-22,0.0,37.19,18.21,27.28,12.22
2011-01-23,0.0,35.41,17.7,28.25,14.86
2011-01-24,0.0,32.52,17.28,50.96,25.19
2011-01-25,0.0,32.53,18.88,54.04,30.19
2011-01-26,0.0,32.87,18.28,79.98,41.9
2011-01-27,0.0,31.62,17.0,75.51,39.2
2011-01-28,0.0,36.28,19.18,65.64,31.98
2011-01-29,0.0,41.49,21.2,58.65,19.99
2011-01-30,0.0,37.79,20.18,60.98,26.64
2011-01-31,0.0,34.63,19.06,82.97,39.54
2011-02-01,0.0,36.49,20.61,77.8,38.36
2011-02-02,0.0,35.45,20.95,61.73,35.15
2011-02-03,0.0,32.31,20.44,81.48,43.28
2011-02-04,0.0,32.48,19.78,37.9,15.1
2011-02-05,0.0,30.99,17.37,26.32,14.73
2011-02-06,0.0,32.28,16.93,27.73,15.56
2011-02-07,0.0,33.99,17.05,30.43,17.45
2011-02-08,0.0,33.18,17.87,31.86,17.42
2011-02-09,0.0,34.71,19.13,28.37,16.16
2011-02-10,0.0,34.62,17.44,26.8,14.2
2011-02-11,0.0,32.96,15.33,26.89,13.51
2011-02-12,0.0,33.81,16.09,27.25,13.83
2011-02-13,0.0,32.26,15.37,23.14,10.29
2011-02-14,0.0,32.9,14.22,37.2,11.94
2011-02-15,0.0,33.55,14.65,22.36,10.49
2011-02-16,0.0,34.45,14.6,23.32,10.93
2011-02-17,0.0,35.66,16.4,44.03,17.89
2011-02-18,0.0,36.31,17.21,47.63,19.17
2011-02-19,0.0,38.06,17.69,38.41,15.46
2011-02-20,0.0,40.25,18.96,28.83,11.52
2011-02-21,0.0,40.23,20.1,21.83,9.21
2011-02-22,0.0,40.59,20.13,16.23,8.08
2011-02-23,0.0,39.4,20.26,18.16,9.0
2011-02-24,0.0,38.88,19.35,18.71,10.52
2011-02-25,0.0,38.54,19.38,24.27,11.33
2011-02-26,0.0,36.64,18.84,23.81,9.47
2011-02-27,0.0,34.99,17.72,19.37,11.06
2011-02-28,0.0,36.54,17.53,28.5,12.79
2011-03-01,0.0,38.25,19.27,20.47,9.99
2011-03-02,0.0,38.8,20.26,19.67,10.54
2011-03-03,0.0,36.59,20.17,28.48,13.43
2011-03-04,0.0,35.77,18.47,37.59,15.22
2011-03-05,0.0,37.71,19.06,24.13,11.32
2011-03-06,0.0,39.14,20.36,25.08,12.53
2011-03-07,0.0,34.23,19.67,63.71,23.59
2011-03-08,0.0,36.19,20.12,48.0,18.54
2011-03-09,0.0,38.9,20.65,40.06,14.85
2011-03-10,0.0,40.66,21.55,34.11,13.48
2011-03-11,0.0,37.44,21.1,42.24,16.54
2011-03-12,0.0,36.76,20.13,57.06,25.04
2011-03-13,0.0,36.99,19.86,46.02,20.43
2011-03-14,0.0,33.99,18.14,71.69,26.59
2011-03-15,0.0,34.03,19.42,56.61,23.94
2011-03-16,0.0,38.49,20.6,38.89,15.94
2011-03-17,0.0,38.94,21.16,32.67,15.67
2011-03-18,0.0,42.57,22.37,35.28,16.07
2011-03-19,0.0,43.06,24.24,30.11,16.01
2011-03-20,0.0,43.3,24.0,31.11,13.19
2011-03-21,0.0,43.92,24.3,25.39,11.12
2011-03-22,0.0,44.29,24.37,25.67,10.98
2011-03-23,0.0,41.15,23.57,34.16,14.65
2011-03-24,0.0,41.46,22.29,40.22,14.43
2011-03-25,0.0,42.51,22.43,37.82,13.37
2011-03-26,0.0,43.74,23.94,30.78,12.88
2011-03-27,0.0,44.5,24.49,26.06,11.33
2011-03-28,0.0,44.67,24.83,25.03,10.53
2011-03-29,0.0,44.7,25.73,28.75,12.22
2011-03-30,0.0,44.24,25.92,47.01,17.56
2011-03-31,0.0,41.31,25.02,53.88,24.07
2011-04-01,0.0,45.08,25.86,43.4,12.71
2011-04-02,0.0,44.57,25.88,25.19,6.45
2011-04-03,0.0,43.93,25.55,17.59,7.18
2011-04-04,0.0,43.98,24.97,18.54,7.65
2011-04-05,0.0,43.5,23.23,30.01,8.82
2011-04-06,0.0,42.87,23.01,28.13,10.22
2011-04-07,0.0,43.57,23.43,27.78,11.2
2011-04-08,0.0,46.03,26.55,28.63,13.22
2011-04-09,0.0,46.05,28.54,21.12,6.33
2011-04-10,0.0,43.29,26.26,15.22,6.59
2011-04-11,0.0,43.56,23.88,18.56,6.37
2011-04-12,0.0,44.72,24.52,16.57,6.84
2011-04-13,0.0,42.56,23.96,34.36,10.87
2011-04-14,0.0,41.61,23.82,42.06,14.92
2011-04-15,0.0,40.02,22.73,54.43,20.39
2011-04-16,0.0,41.49,22.82,52.68,19.21
2011-04-17,0.0,42.76,24.5,46.43,17.37
2011-04-18,0.0,40.94,23.82,57.91,22.99
2011-04-19,0.0,43.48,25.18,52.17,19.24
2011-04-20,0.0,39.23,23.69,57.88,26.19
2011-04-21,0.0,37.02,22.88,62.43,28.87
2011-04-22,0.0,42.15,25.56,46.3,17.55
2011-04-23,0.0,42.25,24.59,35.19,13.02
2011-04-24,0.0,42.73,24.13,31.16,12.61
2011-04-25,0.0,44.07,24.84,30.14,12.31
2011-04-26,0.0,44.1,25.97,25.87,11.4
2011-04-27,0.0,40.03,23.76,50.26,19.88
2011-04-28,0.0,39.64,23.71,56.3,23.15
2011-04-29,0.0,39.54,22.65,54.02,22.28
2011-04-30,0.0,37.56,22.4,71.39,27.67
2011-05-01,0.0,35.86,20.82,64.84,27.22
2011-05-02,0.0,38.76,22.29,67.39,29.3
2011-05-03,0.0,42.45,24.8,53.29,19.51
2011-05-04,0.09,46.19,26.84,40.35,16.33
2011-05-05,0.0,43.95,28.61,46.78,17.34
2011-05-06,0.0,45.29,28.36,39.11,14.99
2011-05-07,0.0,40.35,25.57,53.9,23.0
2011-05-08,0.0,39.5,24.38,63.54,23.04
2011-05-09,0.0,37.79,23.53,53.75,25.55
2011-05-10,0.0,40.64,24.65,52.81,20.53
2011-05-11,0.0,39.26,23.22,62.24,22.36
2011-05-12,0.0,38.15,22.19,59.07,23.49
2011-05-13,0.0,38.36,22.03,61.87,21.83
2011-05-14,0.0,39.6,24.24,61.33,22.15
2011-05-15,0.0,41.56,25.84,54.29,29.03
2011-05-16,0.0,42.69,29.71,54.9,28.82
2011-05-17,0.0,44.81,27.26,72.85,19.26
2011-05-18,0.0,45.86,27.12,63.58,16.84
2011-05-19,0.0,45.18,27.82,64.67,22.34
2011-05-20,0.0,44.34,27.87,48.66,20.45
2011-05-21,0.0,44.07,26.97,45.92,19.0
2011-05-22,0.0,42.08,25.85,52.46,18.4
2011-05-23,0.0,40.34,24.13,66.86,23.84
2011-05-24,0.0,40.14,24.14,67.62,24.68
2011-05-25,0.0,43.49,25.42,65.07,21.26
2011-05-26,0.0,42.44,26.65,66.14,19.72
2011-05-27,0.0,41.27,25.53,66.3,23.49
2011-05-28,0.0,41.6,24.8,68.56,21.09
2011-05-29,0.0,40.6,24.41,68.61,25.9
2011-05-30,0.0,40.69,24.86,68.78,26.53
2011-05-31,0.04,41.69,27.94,72.79,34.06
2011-06-01,0.0,38.92,24.57,96.36,33.35
2011-06-02,0.0,41.37,24.39,89.59,18.01
2011-06-03,0.0,43.42,26.67,41.43,13.33
2011-06-04,0.0,41.31,25.93,61.2,16.17
2011-06-05,0.0,39.54,25.26,58.3,22.31
2011-06-06,0.0,37.62,24.36,58.99,27.25
2011-06-07,0.0,37.6,25.74,60.88,27.69
2011-06-08,0.0,40.23,26.54,51.37,24.88
2011-06-09,0.0,41.47,26.46,54.94,20.44
2011-06-10,0.0,44.52,28.06,47.21,15.07
2011-06-11,0.0,43.16,30.83,38.75,16.35
2011-06-12,0.0,44.31,29.01,42.17,13.65
2011-06-13,0.0,42.02,27.27,41.24,16.89
2011-06-14,0.0,37.31,25.56,72.68,31.21
2011-06-15,0.0,40.1,24.56,64.93,25.11
2011-06-16,0.0,40.16,24.96,62.81,24.1
2011-06-17,0.0,41.93,27.77,60.55,25.83
2011-06-18,0.0,40.32,26.59,66.7,26.88
2011-06-19,0.0,38.08,25.07,70.7,30.09
2011-06-20,0.0,39.31,26.02,69.43,33.37
2011-06-21,0.0,39.2,27.28,70.41,37.86
2011-06-22,0.01,39.62,24.92,85.73,30.66
2011-06-23,0.0,39.3,24.25,75.46,29.28
2011-06-24,7.85,39.91,26.15,72.57,33.25
2011-06-25,5.03,36.28,24.18,98.07,45.67
2011-06-26,0.0,36.23,24.01,97.03,44.67
2011-06-27,3.07,36.67,24.22,92.48,45.24
2011-06-28,0.0,38.65,25.71,85.35,40.41
2011-06-29,0.0,38.58,25.23,77.04,36.1
2011-06-30,3.27,36.74,24.61,77.83,42.81
2011-07-01,0.01,37.38,25.73,78.69,41.65
2011-07-02,6.36,35.8,26.37,85.74,50.66
2011-07-03,0.0,38.85,24.63,90.41,33.43
2011-07-04,0.0,39.53,25.85,60.72,26.76
2011-07-05,0.0,38.13,26.38,73.43,35.95
2011-07-06,2.41,35.82,24.97,94.9,49.88
2011-07-07,0.0,37.22,23.54,77.91,35.71
2011-07-08,0.0,39.39,25.39,64.13,25.02
2011-07-09,0.0,38.15,25.15,64.56,31.39
2011-07-10,0.0,37.86,25.25,70.44,32.39
2011-07-11,0.65,37.43,26.12,70.4,37.28
2011-07-12,1.64,34.44,23.62,97.55,52.59
2011-07-13,0.01,32.05,23.1,98.1,66.9
2011-07-14,0.0,34.07,24.21,93.22,52.42
2011-07-15,0.0,34.3,24.32,86.7,52.92
2011-07-16,30.17,36.01,25.7,85.98,48.57
2011-07-17,0.19,32.48,24.07,98.85,68.96
2011-07-18,5.82,32.71,23.81,98.34,62.78
2011-07-19,0.0,32.67,24.03,96.87,66.45
2011-07-20,0.0,33.33,24.43,95.76,59.25
2011-07-21,0.0,33.55,24.25,84.94,54.32
2011-07-22,0.0,35.22,24.64,78.94,44.88
2011-07-23,0.0,35.6,23.64,67.55,31.59
2011-07-24,0.0,37.51,24.33,69.46,33.55
2011-07-25,8.18,36.55,26.43,78.5,42.7
2011-07-26,0.12,33.55,24.5,96.57,51.27
2011-07-27,0.0,32.67,23.61,97.93,59.29
2011-07-28,0.0,31.7,23.51,96.26,63.15
2011-07-29,0.05,35.39,24.52,89.4,50.7
2011-07-30,0.0,36.99,25.21,81.37,40.04
2011-07-31,0.0,35.6,25.73,88.98,48.15
2011-08-01,13.25,34.68,25.57,86.62,51.45
2011-08-02,0.37,32.62,23.67,98.57,64.6
2011-08-03,0.92,33.4,23.88,97.55,63.05
2011-08-04,0.09,34.24,23.74,96.22,54.87
2011-08-05,0.0,35.23,24.35,88.2,51.04
2011-08-06,0.18,35.07,24.7,91.48,52.16
2011-08-07,1.1,36.09,25.26,85.75,47.32
2011-08-08,0.67,36.87,25.37,85.6,42.08
2011-08-09,0.0,36.41,24.25,94.53,48.81
2011-08-10,0.0,36.36,24.16,95.59,47.76
2011-08-11,1.47,36.62,24.41,90.64,46.72
2011-08-12,0.0,36.82,25.03,87.92,47.86
2011-08-13,0.0,34.8,25.05,81.14,49.48
2011-08-14,2.06,35.48,25.48,79.44,49.04
2011-08-15,0.0,36.94,24.79,85.53,41.12
2011-08-16,35.72,35.39,25.26,97.24,50.21
2011-08-17,15.15,30.34,23.07,98.75,74.11
2011-08-18,5.69,30.57,22.89,99.16,74.91
2011-08-19,16.45,30.16,22.74,99.6,70.98
2011-08-20,13.04,31.26,23.06,98.36,69.75
2011-08-21,8.0,32.23,23.45,98.19,61.91
2011-08-22,0.0,32.36,22.81,94.17,60.76
2011-08-23,0.0,32.27,23.64,97.08,61.97
2011-08-24,33.56,32.26,23.34,99.14,66.32
2011-08-25,28.09,28.35,22.85,99.75,78.46
2011-08-26,3.72,30.13,22.52,99.78,74.14
2011-08-27,0.01,33.02,23.52,98.92,62.32
2011-08-28,0.07,33.66,24.15,97.21,61.55
2011-08-29,10.53,32.32,23.63,99.16,63.23
2011-08-30,0.0,31.18,23.42,99.22,70.92
2011-08-31,0.2,33.46,23.68,95.79,60.92
2011-09-01,29.93,31.74,24.05,97.52,73.23
2011-09-02,2.24,33.07,22.35,99.7,62.51
2011-09-03,0.12,34.89,23.53,95.91,55.37
2011-09-04,0.0,36.77,24.61,89.37,45.84
2011-09-05,0.15,35.16,24.13,94.53,53.02
2011-09-06,2.76,36.66,24.41,87.82,50.55
2011-09-07,0.46,33.32,24.08,96.39,65.46
2011-09-08,0.0,33.24,22.97,98.74,57.8
2011-09-09,0.0,35.56,23.68,90.05,44.82
2011-09-10,0.0,36.14,23.61,81.59,44.86
2011-09-11,1.14,34.52,23.87,99.02,50.19
2011-09-12,26.28,31.67,23.2,98.61,71.7
2011-09-13,0.0,32.06,23.14,99.11,69.7
2011-09-14,0.0,32.36,23.49,99.49,70.76
2011-09-15,0.0,32.41,23.76,98.4,66.78
2011-09-16,7.07,32.17,23.42,99.46,68.81
2011-09-17,0.0,33.19,23.6,99.77,64.7
2011-09-18,0.0,34.1,23.93,96.96,60.33
2011-09-19,0.65,31.85,23.9,98.38,73.07
2011-09-20,0.06,31.89,23.14,99.09,65.93
2011-09-21,0.0,35.65,23.28,96.1,50.88
2011-09-22,0.63,37.29,24.35,84.49,47.31
2011-09-23,1.5,34.02,24.11,95.78,60.79
2011-09-24,1.22,30.44,23.43,99.42,76.07
2011-09-25,0.2,32.05,22.46,99.41,67.62
2011-09-26,0.0,33.12,23.57,99.39,66.85
2011-09-27,0.0,33.22,23.63,98.54,65.61
2011-09-28,0.0,34.42,23.79,98.54,58.53
2011-09-29,13.57,34.76,23.51,97.36,57.22
2011-09-30,12.65,30.43,22.73,99.36,74.74
2011-10-01,3.27,29.79,21.56,99.47,74.88
2011-10-02,0.79,31.28,22.09,99.16,71.31
2011-10-03,0.03,33.26,21.99,98.31,62.8
2011-10-04,0.0,36.11,22.62,99.47,50.04
2011-10-05,0.0,38.15,22.95,94.19,38.29
2011-10-06,0.0,39.7,25.52,77.73,28.4
2011-10-07,0.0,40.67,25.12,70.01,29.61
2011-10-08,0.0,40.1,24.92,77.74,31.91
2011-10-09,0.0,38.79,24.37,82.07,34.79
2011-10-10,0.0,40.61,24.36,76.53,22.4
2011-10-11,0.0,40.98,25.18,76.04,19.55
2011-10-12,0.11,40.73,24.3,44.78,18.85
2011-10-13,0.0,39.11,23.85,84.73,23.29
2011-10-14,0.0,38.53,23.85,76.45,27.0
2011-10-15,0.0,38.67,25.55,76.03,35.77
2011-10-16,0.0,39.33,25.22,85.94,33.13
2011-10-17,0.0,38.22,26.14,82.65,37.66
2011-10-18,0.0,39.41,23.36,97.73,16.79
2011-10-19,0.0,38.78,22.41,38.63,14.04
2011-10-20,0.0,39.24,21.54,40.19,13.65
2011-10-21,0.0,40.39,23.02,41.13,14.86
2011-10-22,0.0,38.41,23.32,72.64,21.76
2011-10-23,0.0,38.56,22.78,65.76,16.17
2011-10-24,0.0,39.97,22.91,51.12,18.47
2011-10-25,0.0,40.56,23.89,46.8,19.23
2011-10-26,0.0,40.98,25.18,48.73,22.15
2011-10-27,0.0,42.1,25.47,69.8,21.13
2011-10-28,0.0,42.71,26.22,55.29,18.6
2011-10-29,0.0,41.8,26.33,49.59,19.92
2011-10-30,0.0,41.6,25.09,63.61,23.16
2011-10-31,0.0,41.51,24.35,77.79,21.91
2011-11-01,0.0,41.91,22.98,74.45,21.69
2011-11-02,0.0,40.61,23.63,70.14,18.82
2011-11-03,0.0,40.58,22.91,55.78,16.37
2011-11-04,0.0,41.02,21.8,64.73,15.52
2011-11-05,0.0,40.75,21.6,47.12,16.08
2011-11-06,0.0,40.24,21.3,52.74,18.98
2011-11-07,0.0,39.78,20.08,44.7,16.6
2011-11-08,0.0,39.8,19.64,38.49,13.78
2011-11-09,0.0,39.72,19.63,34.88,13.35
2011-11-10,0.0,41.12,20.24,32.05,12.52
2011-11-11,0.0,41.6,20.67,36.78,13.21
2011-11-12,0.0,39.95,20.2,58.11,17.03
2011-11-13,0.0,40.81,19.48,62.77,18.86
2011-11-14,0.0,42.06,21.33,45.44,14.04
2011-11-15,0.0,40.46,21.2,37.28,10.37
2011-11-16,0.0,41.28,19.54,34.91,10.9
2011-11-17,0.0,40.23,20.41,35.29,11.5
2011-11-18,0.0,41.47,20.34,35.47,10.44
2011-11-19,0.0,41.57,20.64,33.81,10.12
2011-11-20,0.0,40.69,19.89,35.48,11.87
2011-11-21,0.0,39.17,20.16,39.65,13.87
2011-11-22,0.0,38.92,19.45,41.56,16.67
2011-11-23,0.0,38.33,19.02,41.62,14.89
2011-11-24,0.0,37.94,18.2,44.67,16.59
2011-11-25,0.0,37.8,18.41,44.74,14.05
2011-11-26,0.0,37.36,18.66,39.31,12.93
2011-11-27,0.0,36.67,18.92,37.81,13.85
2011-11-28,0.0,37.17,19.44,35.01,12.37
2011-11-29,0.0,37.12,19.67,30.73,11.2
2011-11-30,0.0,38.78,18.66,32.17,8.84
2011-12-01,0.0,39.66,18.82,31.57,12.57
2011-12-02,0.0,39.21,18.87,26.1,8.95
2011-12-03,0.0,37.36,17.76,31.29,11.39
2011-12-04,0.0,37.44,16.76,31.86,11.56
2011-12-05,0.0,36.52,17.02,42.3,16.42
2011-12-06,0.0,35.73,17.05,41.73,16.28
2011-12-07,0.0,35.86,17.06,36.97,14.22
2011-12-08,0.0,36.36,16.44,35.33,14.41
2011-12-09,0.0,37.23,16.52,33.67,12.0
2011-12-10,0.0,36.99,17.37,27.23,11.4
2011-12-11,0.0,36.91,17.13,26.32,11.13
2011-12-12,0.0,37.21,17.79,25.38,11.21
2011-12-13,0.0,36.52,18.66,25.38,12.32
2011-12-14,0.0,35.2,18.16,28.46,12.44
2011-12-15,0.0,33.78,16.56,25.13,13.87
2011-12-16,0.0,33.66,17.84,26.32,12.63
2011-12-17,0.0,35.65,16.95,24.54,10.81
2011-12-18,0.0,34.88,15.6,31.33,12.97
2011-12-19,0.0,35.06,15.72,30.15,11.16
2011-12-20,0.0,35.18,15.27,30.87,12.01
2011-12-21,0.0,32.89,17.47,24.63,13.08
2011-12-22,0.0,31.24,15.08,28.31,11.64
2011-12-23,0.0,32.59,13.49,29.03,14.49
2011-12-24,0.0,30.68,14.52,32.68,13.05
2011-12-25,0.0,33.99,14.95,25.28,11.6
2011-12-26,0.0,32.51,16.01,37.86,17.01
2011-12-27,0.0,33.69,15.52,40.39,18.53
2011-12-28,0.0,34.97,16.05,38.3,14.07
2011-12-29,0.0,31.92,16.98,33.54,14.06
2011-12-30,0.0,30.44,15.26,30.24,15.25
2011-12-31,0.0,28.17,13.67,36.75,17.85
2012-01-01,0.0,28.64,13.5,33.34,16.36
2012-01-02,0.0,32.32,14.57,38.87,14.86
2012-01-03,0.0,34.07,16.67,28.72,13.17
2012-01-04,0.0,34.87,17.86,25.58,11.22
2012-01-05,0.0,34.41,18.44,27.99,14.41
2012-01-06,0.0,35.48,17.66,35.17,15.83
2012-01-07,0.0,35.05,16.72,36.24,15.61
2012-01-08,0.0,33.35,17.29,30.15,12.41
2012-01-09,0.0,35.88,17.48,21.52,9.78
2012-01-10,0.0,37.59,17.83,22.73,9.2
2012-01-11,0.0,37.13,17.76,24.62,9.38
2012-01-12,0.0,38.98,17.65,25.5,10.34
2012-01-13,0.0,38.3,18.73,24.0,9.26
2012-01-14,0.0,36.75,18.89,22.23,9.07
2012-01-15,0.0,37.22,18.29,21.66,7.22
2012-01-16,0.0,36.63,18.03,20.72,8.02
2012-01-17,0.0,38.76,19.08,25.89,11.07
2012-01-18,0.0,36.33,19.23,36.52,16.31
2012-01-19,0.0,32.27,16.86,46.66,16.96
2012-01-20,0.0,27.6,13.37,50.8,21.53
2012-01-21,0.0,27.62,12.08,55.33,22.51
2012-01-22,0.0,30.02,12.23,44.08,18.38
2012-01-23,0.0,31.96,13.52,41.7,17.37
2012-01-24,0.0,33.16,15.23,35.7,16.47
2012-01-25,0.0,33.53,16.14,35.67,15.32
2012-01-26,0.0,32.58,14.62,33.02,13.36
2012-01-27,0.0,32.75,13.82,33.47,13.38
2012-01-28,0.0,35.67,15.72,28.56,11.02
2012-01-29,0.0,36.58,16.51,29.17,11.08
2012-01-30,0.0,35.64,18.69,26.31,11.59
2012-01-31,0.0,36.53,19.48,26.15,10.29
2012-02-01,0.0,37.6,20.95,22.49,11.4
2012-02-02,0.0,37.53,20.62,27.79,17.95
2012-02-03,0.0,38.16,21.32,32.14,15.25
2012-02-04,0.0,35.74,19.62,30.21,16.85
2012-02-05,0.0,30.62,17.92,35.1,18.34
2012-02-06,0.0,31.53,19.84,30.94,14.23
2012-02-07,0.0,29.98,14.95,14.45,9.56
2012-02-08,0.0,29.55,17.13,23.75,12.04
2012-02-09,0.0,32.75,16.36,22.96,10.81
2012-02-10,0.0,35.17,18.26,26.72,13.71
2012-02-11,0.0,34.25,16.69,33.22,14.23
2012-02-12,0.0,34.71,17.91,26.45,14.03
2012-02-13,0.0,33.27,19.46,22.63,14.7
2012-02-14,0.0,35.75,18.65,26.29,14.03
2012-02-15,0.0,33.89,20.06,23.27,14.65
2012-02-16,0.0,37.75,20.51,27.29,17.63
2012-02-17,0.0,37.09,19.98,31.16,17.51
2012-02-18,0.0,32.16,17.41,48.7,23.49
2012-02-19,0.0,36.2,17.21,50.19,12.62
2012-02-20,0.0,35.96,17.23,40.6,18.54
2012-02-21,0.0,35.65,18.26,33.48,14.5
2012-02-22,0.0,34.18,17.26,22.22,12.57
2012-02-23,0.0,34.41,16.89,23.78,12.49
2012-02-24,0.0,35.29,17.19,22.79,12.73
2012-02-25,0.0,35.96,18.48,18.61,10.35
2012-02-26,0.0,37.29,19.19,16.7,8.68
2012-02-27,0.0,41.7,20.16,15.53,8.24
2012-02-28,0.0,41.51,21.19,22.21,10.88
2012-02-29,0.0,42.0,21.17,20.1,10.22
2012-03-01,0.0,40.43,22.24,18.68,8.07
2012-03-02,0.0,38.17,21.05,17.66,8.93
2012-03-03,0.0,37.45,19.71,15.73,7.7
2012-03-04,0.0,37.04,19.68,16.3,8.22
2012-03-05,0.0,38.74,19.38,21.3,9.38
2012-03-06,0.0,39.99,20.85,20.74,9.65
2012-03-07,0.0,40.95,21.86,20.78,9.06
2012-03-08,0.0,41.31,22.03,15.48,7.95
2012-03-09,0.0,38.75,22.33,16.23,8.81
2012-03-10,0.0,36.94,20.26,16.18,8.24
2012-03-11,0.0,38.42,20.68,15.91,8.19
2012-03-12,0.0,38.29,20.0,17.25,8.56
2012-03-13,0.0,38.95,18.88,17.88,7.68
2012-03-14,0.0,40.32,20.37,19.67,8.82
2012-03-15,0.0,41.61,22.47,17.92,7.78
2012-03-16,0.0,42.17,22.76,18.23,9.39
2012-03-17,0.0,43.15,24.13,18.83,8.81
2012-03-18,0.0,42.12,25.47,19.29,9.44
2012-03-19,0.0,43.49,25.76,18.83,8.37
2012-03-20,0.0,43.67,25.67,17.9,9.37
2012-03-21,0.0,40.76,23.43,39.85,15.78
2012-03-22,0.0,36.25,21.34,58.5,23.85
2012-03-23,0.0,37.97,20.73,58.17,18.45
2012-03-24,0.0,38.54,21.96,40.42,15.54
2012-03-25,0.0,38.07,21.0,51.09,21.67
2012-03-26,0.0,36.8,19.67,67.23,25.92
2012-03-27,0.18,35.86,19.96,74.18,28.35
2012-03-28,0.2,32.17,19.55,97.93,37.29
2012-03-29,0.0,31.53,18.35,99.11,68.56
2012-03-30,0.0,39.39,22.05,92.64,30.93
2012-03-31,0.0,40.5,23.09,54.13,20.49
2012-04-01,0.0,41.34,22.88,52.71,17.99
2012-04-02,0.0,39.26,23.04,50.16,16.22
2012-04-03,0.0,37.89,21.57,46.8,16.86
2012-04-04,0.0,38.21,21.61,48.31,16.84
2012-04-05,0.0,40.06,22.94,32.65,15.35
2012-04-06,0.0,41.46,22.72,30.22,13.19
2012-04-07,0.0,40.03,24.75,27.03,14.24
2012-04-08,0.0,40.58,24.38,41.03,17.96
2012-04-09,0.0,43.79,24.55,39.39,17.05
2012-04-10,0.0,44.5,27.15,37.13,17.48
2012-04-11,0.0,40.02,27.19,55.12,25.33
2012-04-12,0.0,38.92,25.01,76.82,34.3
2012-04-13,0.0,41.56,25.18,53.25,27.9
2012-04-14,0.0,40.13,25.3,44.47,19.28
2012-04-15,0.0,41.97,25.36,32.66,13.02
2012-04-16,0.0,40.73,23.08,23.67,8.86
2012-04-17,0.0,40.86,24.0,30.38,13.6
2012-04-18,0.0,38.53,22.93,44.05,18.56
2012-04-19,0.0,36.68,20.0,53.61,18.66
2012-04-20,0.0,39.1,21.65,50.96,19.72
2012-04-21,0.0,40.25,22.76,53.68,20.94
2012-04-22,0.0,43.28,24.36,49.57,17.47
2012-04-23,0.0,45.73,27.55,39.3,15.18
2012-04-24,0.0,45.01,27.58,33.37,15.92
2012-04-25,0.0,42.26,24.55,50.84,20.23
2012-04-26,0.0,42.42,24.51,44.54,18.47
2012-04-27,0.0,42.04,24.31,41.06,14.87
2012-04-28,0.0,44.66,25.53,43.22,16.14
2012-04-29,0.0,43.28,28.24,44.96,19.34
2012-04-30,0.0,44.1,28.08,60.99,20.89
2012-05-01,0.0,44.5,27.92,31.02,13.11
2012-05-02,0.0,44.23,27.28,31.62,15.25
2012-05-03,0.0,45.27,29.24,30.13,13.22
2012-05-04,0.0,45.67,27.71,25.78,10.56
2012-05-05,0.0,45.63,28.16,24.32,11.02
2012-05-06,0.0,45.76,28.2,31.19,10.99
2012-05-07,0.0,46.46,28.38,27.17,11.96
2012-05-08,0.0,46.38,28.65,26.7,11.61
2012-05-09,0.0,43.8,26.63,34.74,13.83
2012-05-10,0.0,41.45,25.19,57.26,19.57
2012-05-11,0.0,41.44,25.63,64.62,24.84
2012-05-12,0.0,41.58,24.68,62.21,21.13
2012-05-13,0.0,43.5,24.23,61.66,17.97
2012-05-14,0.0,40.61,25.7,67.89,25.97
2012-05-15,0.0,40.27,24.32,67.75,24.23
2012-05-16,0.0,41.28,24.42,62.67,22.01
2012-05-17,0.0,42.12,26.51,53.76,26.86
2012-05-18,0.0,43.0,27.05,64.94,29.79
2012-05-19,0.0,40.25,25.6,72.72,32.11
2012-05-20,0.0,45.31,25.02,70.98,14.32
2012-05-21,0.0,41.06,27.96,67.59,21.73
2012-05-22,0.0,40.82,25.21,94.01,33.76
2012-05-23,0.0,40.94,24.89,64.11,22.63
2012-05-24,0.0,44.87,25.76,57.8,17.5
2012-05-25,0.0,41.41,26.07,66.9,29.96
2012-05-26,0.0,41.15,26.39,76.94,31.29
2012-05-27,0.0,44.9,26.19,68.51,15.68
2012-05-28,0.0,42.91,28.52,28.58,11.1
2012-05-29,0.0,40.76,24.07,39.19,14.22
2012-05-30,0.0,42.31,23.59,50.77,15.49
2012-05-31,0.0,43.72,25.78,33.43,13.85
2012-06-01,0.0,43.27,26.89,35.64,13.85
2012-06-02,0.04,41.1,26.68,52.07,22.69
2012-06-03,0.06,42.21,28.05,56.18,25.73
2012-06-04,0.0,42.95,28.3,64.46,26.27
2012-06-05,0.0,39.3,23.61,98.37,52.91
2012-06-06,0.0,39.64,23.88,85.09,25.3
2012-06-07,0.0,39.9,25.03,57.96,20.86
2012-06-08,0.0,41.79,26.07,49.95,21.31
2012-06-09,0.0,41.52,27.96,57.21,25.51
2012-06-10,0.0,43.04,27.71,68.95,24.97
2012-06-11,0.0,43.79,27.01,49.89,15.19
2012-06-12,0.0,39.07,26.87,67.79,30.22
2012-06-13,0.0,38.93,26.7,73.63,34.59
2012-06-14,0.0,39.23,24.36,86.9,29.62
2012-06-15,0.11,40.19,25.39,64.51,23.11
2012-06-16,0.0,42.34,27.84,47.54,17.01
2012-06-17,0.0,40.84,27.47,72.19,26.13
2012-06-18,0.04,39.18,26.33,76.06,29.79
2012-06-19,0.52,40.55,25.77,68.08,28.93
2012-06-20,0.0,37.05,23.13,97.24,46.19
2012-06-21,0.0,38.15,23.05,87.73,37.1
2012-06-22,0.0,40.2,24.97,63.94,30.58
2012-06-23,0.0,38.32,26.91,72.76,37.94
2012-06-24,0.0,36.57,25.41,92.85,46.81
2012-06-25,0.3,37.4,24.27,93.43,38.25
2012-06-26,0.0,37.58,24.47,63.95,27.7
2012-06-27,0.0,38.89,24.95,62.21,28.62
2012-06-28,0.0,38.73,24.81,74.31,31.83
2012-06-29,6.8,38.01,24.65,80.63,35.8
2012-06-30,0.0,39.01,24.76,90.37,33.72
2012-07-01,0.0,38.01,25.58,70.36,35.62
2012-07-02,0.33,35.16,23.59,96.0,53.53
2012-07-03,0.0,34.86,24.12,99.16,48.46
2012-07-04,0.0,36.73,25.03,88.35,42.13
2012-07-05,0.0,37.44,25.32,79.22,38.43
2012-07-06,0.24,38.27,24.45,88.4,35.64
2012-07-07,1.02,35.26,24.58,88.43,51.68
2012-07-08,1.27,34.71,24.18,93.82,55.07
2012-07-09,0.0,33.72,23.89,96.11,58.29
2012-07-10,0.0,34.21,23.41,92.61,45.93
2012-07-11,0.0,36.3,23.55,85.41,42.53
2012-07-12,3.04,35.79,26.71,81.2,48.25
2012-07-13,3.16,32.28,23.59,99.35,63.88
2012-07-14,2.63,32.99,23.34,98.77,59.33
2012-07-15,0.0,32.62,24.0,93.65,60.43
2012-07-16,2.41,32.81,24.47,91.15,58.54
2012-07-17,0.0,32.86,24.18,96.3,62.68
2012-07-18,0.0,34.03,23.99,97.6,52.99
2012-07-19,0.21,36.37,25.12,81.72,42.46
2012-07-20,0.01,34.5,25.21,82.19,47.83
2012-07-21,2.99,30.94,23.79,99.73,70.78
2012-07-22,0.0,31.24,22.85,99.62,68.09
2012-07-23,3.04,30.92,23.62,99.47,70.82
2012-07-24,0.0,31.33,23.51,98.8,69.2
2012-07-25,0.0,32.21,23.85,95.67,61.9
2012-07-26,0.0,33.35,23.91,96.11,62.13
2012-07-27,12.74,33.75,24.68,96.75,61.69
2012-07-28,0.0,32.77,24.89,96.49,61.91
2012-07-29,0.0,33.86,24.04,92.07,58.1
2012-07-30,0.0,33.85,24.65,90.42,60.86
2012-07-31,0.0,33.58,24.77,95.85,61.7
2012-08-01,16.68,31.25,23.72,99.54,70.65
2012-08-02,0.0,31.39,23.58,99.6,71.99
2012-08-03,0.0,32.05,22.84,99.06,62.19
2012-08-04,26.41,34.34,23.96,96.79,54.14
2012-08-05,0.03,34.54,23.86,90.38,48.18
2012-08-06,0.01,33.93,24.29,90.88,55.18
2012-08-07,0.0,34.29,24.18,91.06,53.81
2012-08-08,0.0,35.43,24.78,87.14,44.47
2012-08-09,1.11,32.8,23.41,74.84,51.1
2012-08-10,1.11,34.07,24.21,85.41,51.15
2012-08-11,8.61,35.31,24.13,88.83,48.58
2012-08-12,3.58,31.99,23.36,99.52,64.42
2012-08-13,4.5,30.44,22.91,99.65,73.66
2012-08-14,0.94,30.41,22.85,99.7,70.41
2012-08-15,0.5,30.62,23.08,99.6,69.78
2012-08-16,0.68,32.75,23.8,99.35,64.43
2012-08-17,0.54,29.18,23.12,99.34,78.7
2012-08-18,3.18,28.04,22.87,99.77,83.2
2012-08-19,0.0,31.95,23.44,99.66,64.85
2012-08-20,0.0,32.39,22.79,98.93,62.96
2012-08-21,3.54,31.31,23.66,97.5,65.86
2012-08-22,3.17,30.55,23.33,97.26,73.17
2012-08-23,0.03,31.65,23.22,99.85,67.27
2012-08-24,0.0,32.43,23.87,92.36,62.24
2012-08-25,5.09,30.58,22.97,99.61,71.67
2012-08-26,0.67,29.21,23.28,99.64,81.47
2012-08-27,0.72,32.58,23.39,98.37,62.11
2012-08-28,0.86,32.52,23.83,97.11,65.05
2012-08-29,0.0,32.03,23.45,99.61,63.6
2012-08-30,0.03,32.8,23.06,94.86,58.65
2012-08-31,3.98,32.5,24.27,97.25,65.88
2012-09-01,11.55,29.77,23.01,99.67,77.77
2012-09-02,6.68,27.75,22.66,99.77,81.88
2012-09-03,0.0,30.94,22.29,98.52,69.75
2012-09-04,0.0,31.01,22.86,99.71,70.93
2012-09-05,5.67,30.49,22.88,99.77,74.1
2012-09-06,6.23,31.72,22.69,99.64,62.95
2012-09-07,0.18,29.82,22.91,99.92,75.3
2012-09-08,0.0,32.53,22.64,99.71,62.0
2012-09-09,0.83,34.24,23.31,95.55,55.26
2012-09-10,0.0,33.54,23.17,97.78,62.22
2012-09-11,0.0,32.83,23.39,99.61,63.9
2012-09-12,0.0,31.87,23.55,95.92,69.0
2012-09-13,0.0,33.28,23.6,99.04,62.94
2012-09-14,0.0,34.26,23.89,98.71,57.8
2012-09-15,0.12,34.57,23.87,95.82,56.77
2012-09-16,0.03,34.86,23.91,92.67,45.28
2012-09-17,6.3,36.05,23.09,79.72,41.71
2012-09-18,2.83,33.25,24.59,94.11,55.87
2012-09-19,0.12,29.98,22.95,99.53,74.23
2012-09-20,5.4,31.48,22.04,99.61,65.91
2012-09-21,1.19,31.89,23.09,96.24,64.19
2012-09-22,0.58,31.51,22.46,94.7,64.34
2012-09-23,1.03,32.47,22.57,98.63,60.21
2012-09-24,0.55,29.92,22.95,99.77,74.9
2012-09-25,0.06,31.96,22.4,99.33,66.9
2012-09-26,0.0,32.12,23.45,99.21,69.5
2012-09-27,19.93,33.28,23.3,98.85,65.62
2012-09-28,19.03,33.06,23.26,99.93,65.71
2012-09-29,0.01,30.36,22.85,99.65,72.52
2012-09-30,2.52,32.62,22.83,99.63,62.86
2012-10-01,0.0,33.79,21.94,99.73,53.12
2012-10-02,0.0,38.46,23.51,78.42,38.29
2012-10-03,0.65,35.2,23.74,99.74,55.26
2012-10-04,0.0,32.38,22.21,99.77,69.41
2012-10-05,0.0,31.96,21.91,99.47,71.58
2012-10-06,0.0,33.89,21.91,99.46,52.31
2012-10-07,0.01,37.86,22.21,92.67,37.59
2012-10-08,0.0,33.99,22.81,99.22,56.62
2012-10-09,0.0,34.21,21.67,99.49,57.72
2012-10-10,2.58,33.99,22.72,99.82,60.15
2012-10-11,0.0,32.84,22.39,99.54,66.96
2012-10-12,0.0,33.63,22.31,99.29,59.74
2012-10-13,0.0,37.32,22.13,99.38,34.87
2012-10-14,0.0,38.03,22.71,91.63,31.15
2012-10-15,0.0,36.42,23.07,88.75,37.28
2012-10-16,0.0,37.97,23.16,80.54,31.77
2012-10-17,0.0,37.01,23.15,78.76,30.88
2012-10-18,0.0,36.79,22.66,72.66,27.97
2012-10-19,0.0,34.49,21.56,70.37,31.61
2012-10-20,3.08,37.5,21.39,69.0,28.0
2012-10-21,0.0,36.33,23.62,57.23,28.69
2012-10-22,0.0,38.97,25.14,61.74,29.47
2012-10-23,0.0,37.74,23.98,91.45,40.6
2012-10-24,0.0,40.45,24.97,81.56,25.41
2012-10-25,0.0,40.55,24.87,58.95,22.8
2012-10-26,0.0,40.43,25.69,50.01,18.37
2012-10-27,0.0,39.86,23.83,50.25,21.42
2012-10-28,0.0,40.18,23.63,69.47,25.67
2012-10-29,0.0,39.76,24.88,74.64,21.38
2012-10-30,0.0,40.72,24.25,46.89,16.88
2012-10-31,0.0,39.35,23.98,68.02,23.34
2012-11-01,0.0,41.17,22.1,80.94,26.79
2012-11-02,0.0,42.11,23.27,71.23,21.03
2012-11-03,0.0,41.96,23.17,52.18,17.33
2012-11-04,0.0,40.72,22.14,80.2,25.4
2012-11-05,0.0,40.57,22.65,94.58,25.24
2012-11-06,0.0,41.01,22.29,89.75,24.68
2012-11-07,0.0,41.49,22.75,79.64,21.81
2012-11-08,0.01,41.35,22.17,57.41,16.27
2012-11-09,0.0,40.42,22.17,60.03,21.65
2012-11-10,0.07,40.03,22.65,93.1,36.82
2012-11-11,0.0,37.37,21.35,93.29,25.31
2012-11-12,0.0,39.57,21.18,53.84,18.93
2012-11-13,0.0,39.79,21.55,56.14,22.9
2012-11-14,0.0,38.5,20.89,64.66,21.41
2012-11-15,0.0,39.0,20.92,43.7,14.8
2012-11-16,0.0,41.3,21.46,39.03,15.27
2012-11-17,0.0,41.56,21.52,44.99,16.28
2012-11-18,0.0,39.58,21.64,48.9,18.8
2012-11-19,0.0,40.51,21.72,52.85,21.36
2012-11-20,0.0,40.97,22.15,55.59,21.35
2012-11-21,0.0,39.18,21.88,50.63,20.55
2012-11-22,0.0,39.71,20.52,47.99,16.61
2012-11-23,0.0,39.9,20.57,42.17,16.76
2012-11-24,0.0,37.58,20.01,47.37,19.75
2012-11-25,0.0,37.57,20.01,63.86,26.19
2012-11-26,0.0,34.7,19.33,93.45,33.26
2012-11-27,0.0,35.78,19.11,66.44,26.87
2012-11-28,0.0,37.61,20.02,63.26,22.12
2012-11-29,0.0,37.14,20.71,60.89,23.56
2012-11-30,0.0,33.8,21.45,53.3,26.79
2012-12-01,0.0,30.27,18.86,48.7,34.22
2012-12-02,0.0,30.17,16.94,67.33,36.26
2012-12-03,0.0,29.07,17.26,71.58,35.78
2012-12-04,0.0,28.04,15.13,82.79,27.18
2012-12-05,0.0,26.32,14.35,66.77,23.06
2012-12-06,0.0,32.98,15.79,35.91,17.8
2012-12-07,0.0,34.92,15.87,30.28,14.54
2012-12-08,0.0,36.42,16.96,24.25,10.99
2012-12-09,0.0,34.79,16.17,25.72,13.86
2012-12-10,0.0,35.35,17.06,30.84,14.36
2012-12-11,0.0,35.23,16.67,28.28,14.31
2012-12-12,0.0,36.64,17.97,25.48,11.62
2012-12-13,0.0,34.14,15.89,49.04,15.76
2012-12-14,0.0,35.05,16.37,32.78,15.49
2012-12-15,0.0,33.37,15.9,26.1,12.63
2012-12-16,0.0,31.9,15.78,23.3,12.69
2012-12-17,0.0,31.11,15.46,25.54,13.91
2012-12-18,0.0,35.99,18.61,23.38,11.89
2012-12-19,0.0,37.33,17.2,29.85,13.87
2012-12-20,0.0,38.26,18.88,29.58,9.86
2012-12-21,0.0,35.91,17.7,26.85,13.42
2012-12-22,0.0,35.44,16.32,32.05,13.96
2012-12-23,0.0,37.07,17.17,29.09,12.69
2012-12-24,0.0,35.22,18.7,28.77,15.02
2012-12-25,0.0,37.4,18.65,29.43,13.42
2012-12-26,0.0,37.01,17.93,28.73,13.52
2012-12-27,0.0,35.28,16.96,33.36,15.46
2012-12-28,0.0,35.9,15.89,34.51,12.05
2012-12-29,0.0,31.43,15.32,33.3,15.82
2012-12-30,0.0,29.54,13.56,36.56,18.12
2012-12-31,0.0,30.52,13.87,41.11,18.32
2013-01-01,0.0,31.64,14.8,36.16,18.45
2013-01-02,0.0,33.66,15.7,31.44,16.47
2013-01-03,0.0,32.46,15.67,30.98,16.17
2013-01-04,0.0,31.13,16.4,25.4,16.13
2013-01-05,0.0,29.12,14.38,34.48,21.72
2013-01-06,0.0,30.44,14.67,40.82,22.63
2013-01-07,0.0,31.75,13.4,44.75,18.69
2013-01-08,0.0,32.55,14.21,34.36,16.68
2013-01-09,0.0,33.67,15.61,34.86,18.39
2013-01-10,0.0,36.59,17.58,33.89,15.94
2013-01-11,0.0,36.79,19.53,29.42,13.98
2013-01-12,0.0,38.04,19.73,23.48,11.73
2013-01-13,0.0,38.03,18.35,30.8,11.87
2013-01-14,0.0,35.88,18.11,24.87,11.9
2013-01-15,0.0,32.56,16.04,19.65,10.68
2013-01-16,0.0,32.58,15.24,17.56,9.87
2013-01-17,0.0,29.58,14.11,22.47,11.63
2013-01-18,0.0,29.93,14.86,18.47,10.02
2013-01-19,0.0,30.17,13.9,14.96,7.92
2013-01-20,0.0,34.46,15.26,16.71,7.11
2013-01-21,0.0,35.12,15.83,33.15,10.07
2013-01-22,0.0,35.21,18.38,53.94,23.77
2013-01-23,0.0,33.13,19.51,45.09,25.53
2013-01-24,0.0,35.82,17.45,50.12,22.24
2013-01-25,0.17,34.61,18.68,40.44,23.16
2013-01-26,0.0,32.42,19.46,50.98,26.77
2013-01-27,0.0,32.53,16.54,66.9,32.44
2013-01-28,0.0,34.77,15.83,88.99,27.11
2013-01-29,0.0,36.92,17.42,32.03,19.94
2013-01-30,0.0,35.9,17.92,26.39,12.53
2013-01-31,0.0,37.64,19.72,26.94,15.22
2013-02-01,0.0,38.03,21.34,24.85,11.32
2013-02-02,0.0,37.01,19.79,24.82,12.82
2013-02-03,0.0,36.65,19.94,22.98,11.23
2013-02-04,0.0,36.95,20.13,21.54,10.7
2013-02-05,0.0,38.01,21.05,19.42,9.27
2013-02-06,0.0,35.22,20.04,18.68,10.2
2013-02-07,0.0,36.74,18.42,18.09,7.96
2013-02-08,0.0,38.77,20.78,16.57,7.88
2013-02-09,0.0,37.94,21.32,16.87,7.82
2013-02-10,0.0,38.87,20.37,26.58,8.56
2013-02-11,0.0,40.57,21.52,26.01,8.59
2013-02-12,0.0,39.99,21.42,22.46,11.67
2013-02-13,0.0,39.55,20.37,23.11,10.19
2013-02-14,0.0,40.47,20.84,21.22,7.32
2013-02-15,0.0,39.82,20.37,17.64,7.07
2013-02-16,0.0,39.09,20.06,23.57,8.4
2013-02-17,0.0,39.02,20.11,22.35,9.95
2013-02-18,0.0,39.74,19.99,26.8,9.16
2013-02-19,0.0,37.79,19.19,22.67,8.7
2013-02-20,0.0,35.23,17.57,37.88,14.67
2013-02-21,0.0,36.18,17.49,32.47,13.6
2013-02-22,0.0,36.66,17.87,40.33,15.79
2013-02-23,0.0,38.76,19.04,29.11,10.37
2013-02-24,0.0,39.46,19.44,25.19,8.89
2013-02-25,0.0,40.47,20.15,26.03,9.62
2013-02-26,0.0,40.0,21.03,27.63,11.12
2013-02-27,0.0,35.66,19.66,46.97,16.21
2013-02-28,0.0,37.28,20.91,37.44,18.24
2013-03-01,0.0,39.01,20.47,44.94,14.95
2013-03-02,0.0,39.71,22.3,34.35,14.48
2013-03-03,0.0,39.88,21.13,49.83,16.69
2013-03-04,0.0,36.38,21.04,52.82,24.22
2013-03-05,0.0,34.87,19.27,91.99,31.92
2013-03-06,0.0,37.15,19.95,82.45,25.95
2013-03-07,0.0,42.54,22.22,51.56,16.06
2013-03-08,0.0,44.03,24.62,39.24,14.99
2013-03-09,0.0,44.52,25.07,36.26,13.98
2013-03-10,0.0,44.35,25.0,31.37,12.77
2013-03-11,0.0,43.55,24.61,31.39,13.54
2013-03-12,0.0,42.84,24.7,31.66,14.64
2013-03-13,0.0,43.07,24.38,29.39,11.72
2013-03-14,0.0,43.54,23.91,22.45,9.45
2013-03-15,0.0,43.6,24.03,22.23,9.65
2013-03-16,0.0,42.37,24.71,29.73,13.01
2013-03-17,0.0,38.8,21.85,45.2,19.82
2013-03-18,0.0,37.79,21.27,62.76,26.39
2013-03-19,0.0,37.61,21.08,64.18,24.36
2013-03-20,0.0,42.42,22.3,50.55,14.66
2013-03-21,0.0,44.74,24.99,35.28,14.03
2013-03-22,0.0,44.04,25.16,33.76,13.92
2013-03-23,0.0,43.68,24.84,43.82,13.33
2013-03-24,0.0,43.03,26.11,34.75,15.84
2013-03-25,0.0,42.03,24.79,26.96,12.97
2013-03-26,0.0,42.22,24.27,25.35,11.51
2013-03-27,0.0,39.85,23.2,28.56,12.82
2013-03-28,0.0,42.6,22.29,32.58,10.41
2013-03-29,0.0,43.55,23.99,22.34,9.71
2013-03-30,0.0,43.9,25.18,26.03,10.84
2013-03-31,0.0,44.15,23.83,22.9,7.86
2013-04-01,0.0,44.52,24.92,20.77,7.97
2013-04-02,0.0,43.35,23.76,34.64,9.51
2013-04-03,0.0,40.29,22.06,53.52,16.96
2013-04-04,0.0,39.31,21.86,45.81,18.34
2013-04-05,0.0,40.87,21.48,35.98,11.09
2013-04-06,0.0,42.61,23.35,24.79,10.48
2013-04-07,0.0,43.94,25.08,25.19,11.27
2013-04-08,0.0,39.46,25.34,35.92,15.26
2013-04-09,0.0,37.87,22.0,47.29,15.75
2013-04-10,0.0,41.18,22.85,28.55,10.12
2013-04-11,0.0,43.69,24.18,31.11,11.6
2013-04-12,0.0,45.45,25.72,35.21,11.21
2013-04-13,0.0,45.62,26.47,27.71,10.44
2013-04-14,0.0,45.03,25.72,31.41,8.25
2013-04-15,0.0,45.86,26.34,20.9,8.5
2013-04-16,0.0,46.05,27.11,20.33,8.46
2013-04-17,0.0,44.58,26.6,25.52,12.22
2013-04-18,0.0,40.25,23.74,54.16,21.13
2013-04-19,0.0,38.84,22.89,66.66,26.52
2013-04-20,0.0,37.11,21.67,72.06,28.32
2013-04-21,0.0,40.98,21.68,61.88,19.81
2013-04-22,0.0,41.5,22.68,62.07,18.47
2013-04-23,0.0,42.38,23.35,53.39,12.9
2013-04-24,0.0,40.89,23.96,49.82,17.42
2013-04-25,0.0,40.3,22.88,65.98,20.99
2013-04-26,0.0,41.39,23.66,58.05,17.64
2013-04-27,0.0,44.38,24.43,43.57,12.75
2013-04-28,0.0,43.66,25.37,44.57,14.91
2013-04-29,0.0,42.79,24.93,44.19,16.2
2013-04-30,0.0,41.52,23.23,55.2,14.96
2013-05-01,0.0,40.06,23.12,45.98,15.04
2013-05-02,0.0,42.51,23.95,31.81,12.79
2013-05-03,0.0,42.79,24.86,29.08,12.29
2013-05-04,0.0,42.83,24.62,26.6,11.24
2013-05-05,0.0,43.26,25.23,25.41,10.97
2013-05-06,0.0,45.3,26.2,22.05,9.52
2013-05-07,0.0,45.82,27.43,26.55,9.2
2013-05-08,0.0,45.27,26.9,30.47,10.43
2013-05-09,0.0,45.48,27.49,40.02,11.61
2013-05-10,0.0,44.14,26.02,59.04,11.69
2013-05-11,0.0,40.83,24.99,62.84,19.56
2013-05-12,0.0,41.01,23.84,62.61,21.48
2013-05-13,0.0,42.65,25.25,63.73,17.67
2013-05-14,0.0,43.6,25.87,60.32,16.6
2013-05-15,0.0,45.39,28.47,39.46,10.76
2013-05-16,0.0,42.42,26.68,39.16,14.74
2013-05-17,0.0,38.52,24.07,59.42,18.05
2013-05-18,0.0,41.73,25.75,43.29,15.11
2013-05-19,0.0,44.17,28.73,34.92,18.92
2013-05-20,0.0,45.22,29.16,38.92,17.14
2013-05-21,0.0,44.95,29.97,44.0,15.8
2013-05-22,0.0,43.74,28.88,59.52,21.45
2013-05-23,0.0,46.08,28.84,68.31,14.51
2013-05-24,0.0,44.9,29.53,59.4,20.47
2013-05-25,0.0,44.71,28.29,63.93,18.93
2013-05-26,0.0,45.13,28.06,63.57,15.2
2013-05-27,0.0,44.3,27.99,69.27,15.08
2013-05-28,0.0,44.84,27.75,58.85,14.0
2013-05-29,0.0,42.03,27.42,65.6,18.55
2013-05-30,0.0,45.64,27.63,65.22,10.33
2013-05-31,0.0,45.04,29.41,31.5,11.13
2013-06-01,0.92,41.6,28.48,66.49,17.1
2013-06-02,0.0,38.93,26.16,73.78,23.83
2013-06-03,0.0,40.01,24.79,51.09,20.15
2013-06-04,0.0,38.3,24.19,55.23,21.31
2013-06-05,0.0,40.09,25.52,56.17,22.86
2013-06-06,0.0,41.96,26.58,52.15,18.42
2013-06-07,0.97,42.23,26.56,53.9,20.42
2013-06-08,0.81,39.81,27.54,68.14,30.72
2013-06-09,0.0,40.37,26.91,70.83,22.66
2013-06-10,0.0,43.61,26.79,48.89,16.71
2013-06-11,6.0,41.09,27.22,69.44,27.08
2013-06-12,0.0,40.35,25.91,76.56,29.39
2013-06-13,0.0,42.05,26.75,66.37,16.52
2013-06-14,0.0,40.62,27.01,59.78,23.46
2013-06-15,0.0,40.45,26.79,72.08,25.53
2013-06-16,0.01,39.71,26.11,68.14,27.31
2013-06-17,0.0,37.88,25.46,68.96,30.76
2013-06-18,0.0,40.28,26.99,63.07,29.15
2013-06-19,0.0,40.42,25.61,67.32,21.29
2013-06-20,0.0,42.15,25.56,67.6,16.99
2013-06-21,0.0,41.49,26.58,56.41,17.13
2013-06-22,0.0,40.88,25.54,61.37,20.55
2013-06-23,0.0,40.91,26.27,66.03,21.7
2013-06-24,0.0,41.58,26.12,57.43,18.56
2013-06-25,0.0,40.81,25.71,64.76,19.3
2013-06-26,1.24,39.84,25.32,66.87,24.67
2013-06-27,0.0,39.82,26.22,70.01,32.72
2013-06-28,0.0,37.8,24.34,68.23,32.98
2013-06-29,0.3,39.88,25.5,58.72,24.57
2013-06-30,1.18,39.3,26.73,59.67,26.58
2013-07-01,0.0,38.39,26.08,72.33,33.34
2013-07-02,0.0,35.24,24.84,83.95,48.65
2013-07-03,4.29,37.99,24.91,89.13,40.25
2013-07-04,2.41,38.08,24.82,71.03,31.35
2013-07-05,0.0,36.56,25.53,71.72,41.4
2013-07-06,0.06,38.36,25.65,80.07,35.71
2013-07-07,0.0,39.29,26.13,74.81,32.25
2013-07-08,0.35,38.44,26.56,73.36,36.09
2013-07-09,0.0,35.35,24.58,90.61,55.4
2013-07-10,31.93,33.48,24.39,92.72,52.83
2013-07-11,0.0,33.55,22.26,93.18,41.22
2013-07-12,0.23,36.02,23.03,74.59,37.37
2013-07-13,0.0,38.25,26.74,65.61,36.93
2013-07-14,1.28,39.58,27.31,76.74,29.36
2013-07-15,0.0,39.75,26.0,64.4,27.54
2013-07-16,0.0,37.91,26.86,72.7,37.57
2013-07-17,0.02,34.64,25.88,95.14,54.05
2013-07-18,0.0,32.34,24.36,95.71,61.14
2013-07-19,0.0,33.09,22.74,96.65,57.26
2013-07-20,20.53,34.68,25.68,85.84,56.26
2013-07-21,8.01,31.2,24.22,98.95,76.54
2013-07-22,0.2,32.63,23.76,97.78,65.44
2013-07-23,0.0,31.69,23.75,98.0,68.98
2013-07-24,0.0,32.33,24.04,97.73,65.63
2013-07-25,0.0,32.88,23.71,92.85,60.58
2013-07-26,0.0,34.55,24.8,87.24,54.57
2013-07-27,0.0,34.89,25.9,87.8,51.89
2013-07-28,6.76,34.36,23.98,90.63,55.86
2013-07-29,0.0,35.75,24.71,85.77,43.79
2013-07-30,0.0,36.11,24.85,81.17,43.81
2013-07-31,4.45,35.72,25.45,92.23,46.72
2013-08-01,0.43,31.54,23.62,99.41,66.54
2013-08-02,2.92,29.03,22.44,99.13,76.76
2013-08-03,0.11,31.7,22.9,98.16,65.5
2013-08-04,0.25,33.94,23.49,96.93,57.2
2013-08-05,0.0,32.36,23.58,96.09,66.06
2013-08-06,2.21,32.19,24.34,95.85,66.02
2013-08-07,0.18,34.23,24.11,97.12,55.32
2013-08-08,0.0,32.88,23.85,97.64,61.18
2013-08-09,0.0,31.7,23.59,96.6,66.42
2013-08-10,0.01,32.21,23.83,97.58,62.16
2013-08-11,3.42,33.86,24.12,91.76,56.62
2013-08-12,13.43,33.69,24.2,92.77,56.03
2013-08-13,0.0,32.11,23.63,99.04,65.87
2013-08-14,0.62,30.16,23.79,97.62,68.72
2013-08-15,0.0,32.26,22.18,98.46,60.45
2013-08-16,8.51,32.37,23.14,96.92,61.27
2013-08-17,0.0,33.99,24.08,85.73,50.89
2013-08-18,1.61,33.54,25.98,81.35,55.19
2013-08-19,9.46,32.74,24.55,90.02,60.6
2013-08-20,0.37,31.07,23.11,93.63,64.96
2013-08-21,0.0,33.1,23.21,94.42,54.92
2013-08-22,9.1,35.71,24.28,87.45,49.73
2013-08-23,0.0,36.07,25.34,87.74,47.46
2013-08-24,0.77,35.13,25.82,95.42,51.06
2013-08-25,0.0,34.06,23.97,97.07,58.81
2013-08-26,0.08,34.24,24.09,97.91,55.61
2013-08-27,1.76,32.08,25.26,95.17,63.3
2013-08-28,0.07,34.74,23.73,98.19,48.68
2013-08-29,0.86,34.31,24.02,83.99,49.75
2013-08-30,0.0,33.15,24.01,86.67,56.39
2013-08-31,0.02,33.7,23.77,83.53,51.43
2013-09-01,0.0,36.89,23.0,83.43,39.89
2013-09-02,0.0,38.39,25.69,78.43,38.09
2013-09-03,0.0,35.48,25.35,94.14,51.42
2013-09-04,34.21,33.07,23.27,96.64,59.42
2013-09-05,0.01,31.58,22.69,99.4,67.07
2013-09-06,33.14,30.68,22.72,99.55,70.85
2013-09-07,0.05,30.61,22.38,99.4,68.93
2013-09-08,0.68,29.94,22.7,98.86,71.7
2013-09-09,0.18,31.24,23.02,99.11,68.98
2013-09-10,2.32,31.96,21.49,99.19,61.17
2013-09-11,0.0,35.64,23.31,93.23,48.29
2013-09-12,0.01,36.32,23.99,87.64,47.65
2013-09-13,8.39,35.69,24.2,91.5,51.17
2013-09-14,12.72,30.76,23.4,99.16,72.78
2013-09-15,5.68,32.94,22.72,99.19,64.07
2013-09-16,0.03,30.91,22.93,98.65,69.11
2013-09-17,0.2,32.14,23.26,98.53,65.17
2013-09-18,0.0,33.03,23.69,98.53,65.16
2013-09-19,15.9,33.34,24.0,98.2,64.63
2013-09-20,0.08,32.18,22.85,98.28,65.36
2013-09-21,0.0,33.67,22.98,98.47,58.79
2013-09-22,0.0,34.69,23.61,95.43,53.28
2013-09-23,0.0,35.88,24.17,96.75,51.41
2013-09-24,0.0,37.3,24.79,93.17,42.03
2013-09-25,0.0,35.85,24.3,91.15,50.87
2013-09-26,2.53,33.61,24.77,95.83,60.77
2013-09-27,13.09,33.16,23.28,98.14,61.28
2013-09-28,0.43,34.12,22.61,99.82,54.46
2013-09-29,0.0,37.76,24.23,88.46,35.6
2013-09-30,0.0,37.7,25.14,83.93,43.61
2013-10-01,0.0,36.75,23.87,99.22,46.5
2013-10-02,0.0,39.59,23.65,95.09,29.33
2013-10-03,0.34,39.95,24.26,73.2,30.97
2013-10-04,0.0,38.58,24.4,77.22,35.6
2013-10-05,0.0,39.14,24.31,86.09,35.5
2013-10-06,7.7,38.93,24.82,89.4,41.3
2013-10-07,0.01,35.77,23.87,99.01,52.51
2013-10-08,0.0,32.73,21.59,98.49,66.03
2013-10-09,0.0,35.71,22.1,98.98,34.72
2013-10-10,0.0,37.83,22.52,80.33,29.74
2013-10-11,0.02,38.06,24.25,83.87,35.23
2013-10-12,0.01,38.37,23.98,98.33,38.64
2013-10-13,0.07,40.1,25.18,83.2,31.84
2013-10-14,0.0,40.43,24.73,85.51,27.4
2013-10-15,0.0,39.69,24.53,87.93,32.98
2013-10-16,0.0,40.04,25.03,79.91,32.19
2013-10-17,0.0,38.29,25.62,83.86,39.73
2013-10-18,0.0,35.35,24.87,93.81,49.32
2013-10-19,0.06,40.23,22.96,96.46,22.4
2013-10-20,0.0,40.29,24.16,69.68,29.56
2013-10-21,0.08,39.39,24.89,88.46,37.46
2013-10-22,0.0,34.93,22.73,98.2,56.35
2013-10-23,0.14,32.76,21.28,97.45,59.82
2013-10-24,0.0,38.26,22.33,98.48,30.2
2013-10-25,0.0,40.0,24.43,61.1,20.8
2013-10-26,0.0,37.59,23.9,71.83,24.46
2013-10-27,0.55,36.11,23.36,97.21,38.41
2013-10-28,0.0,32.48,21.43,97.54,56.46
2013-10-29,0.0,38.13,22.81,94.46,30.3
2013-10-30,0.0,38.72,24.35,45.0,17.77
2013-10-31,0.0,36.2,24.53,38.37,20.02
2013-11-01,0.0,38.2,21.87,49.35,21.92
2013-11-02,0.0,37.47,22.23,63.32,28.28
2013-11-03,0.0,39.3,20.97,63.07,20.89
2013-11-04,0.0,41.55,21.22,37.66,13.18
2013-11-05,0.0,42.08,22.14,41.77,13.75
2013-11-06,0.0,41.42,21.41,36.74,12.68
2013-11-07,0.0,41.42,21.02,36.96,11.22
2013-11-08,0.0,41.17,21.03,36.79,11.25
2013-11-09,0.0,41.56,21.29,33.33,11.08
2013-11-10,0.0,42.3,21.44,34.06,10.92
2013-11-11,0.0,42.03,21.64,34.93,12.18
2013-11-12,0.0,41.96,21.1,35.43,12.58
2013-11-13,0.0,41.49,21.33,36.94,13.56
2013-11-14,0.0,41.27,21.16,41.67,14.37
2013-11-15,0.0,40.54,21.42,52.44,20.19
2013-11-16,0.0,40.55,21.69,54.69,18.46
2013-11-17,0.0,36.78,21.72,35.72,15.62
2013-11-18,0.0,36.2,21.78,40.97,18.79
2013-11-19,0.0,36.0,21.24,49.74,22.49
2013-11-20,0.0,35.61,20.63,36.8,17.48
2013-11-21,0.0,33.54,20.8,36.46,18.02
2013-11-22,0.0,36.47,19.84,37.78,12.8
2013-11-23,0.0,37.29,20.12,35.69,13.53
2013-11-24,0.0,38.65,20.65,35.58,13.22
2013-11-25,0.0,37.72,19.84,38.08,16.48
2013-11-26,0.0,36.52,18.49,59.19,21.61
2013-11-27,0.0,38.81,18.84,54.41,18.42
2013-11-28,0.0,39.15,20.08,54.46,17.88
2013-11-29,0.0,41.89,21.57,43.61,17.86
2013-11-30,0.0,41.35,22.8,39.32,13.33
2013-12-01,0.0,41.7,21.31,37.78,16.46
2013-12-02,0.0,41.06,21.88,51.5,20.07
2013-12-03,0.0,42.08,21.99,49.01,19.3
2013-12-04,0.0,41.83,22.72,44.69,19.95
2013-12-05,0.0,40.6,22.7,43.54,19.28
2013-12-06,0.0,39.86,21.67,42.91,19.33
2013-12-07,0.0,38.81,20.78,42.67,19.58
2013-12-08,0.0,37.68,19.33,39.41,16.99
2013-12-09,0.0,36.93,18.28,35.44,16.1
2013-12-10,0.0,35.77,17.61,41.6,17.29
2013-12-11,0.0,34.45,15.86,36.18,14.1
2013-12-12,0.0,35.54,16.54,41.65,16.99
2013-12-13,0.0,34.94,17.26,40.01,19.48
2013-12-14,0.0,34.44,16.5,42.62,18.38
2013-12-15,0.0,33.39,15.88,48.34,20.65
2013-12-16,0.0,34.34,16.49,45.89,23.06
2013-12-17,0.36,35.23,19.92,46.94,14.26
2013-12-18,0.02,35.18,19.6,32.38,13.01
2013-12-19,0.0,33.59,18.68,29.1,13.62
2013-12-20,0.0,31.9,17.53,35.28,17.54
2013-12-21,0.0,32.0,14.15,36.45,14.35
2013-12-22,0.0,32.39,14.87,38.23,17.22
2013-12-23,0.0,30.21,13.97,37.67,19.03
2013-12-24,0.0,31.68,14.24,45.46,18.28
2013-12-25,0.0,31.19,14.85,35.85,16.56
2013-12-26,0.0,27.9,15.62,73.43,20.48
2013-12-27,0.0,34.89,17.77,40.3,13.47
2013-12-28,0.0,37.22,17.25,30.92,11.12
2013-12-29,0.0,36.06,17.01,51.71,17.19
2013-12-30,0.0,34.05,16.52,62.23,24.33
2013-12-31,0.0,35.58,15.11,62.09,14.79
2014-01-01,0.0,35.27,17.04,35.16,15.19
2014-01-02,0.0,33.29,16.24,43.64,20.82
2014-01-03,0.0,34.18,17.04,43.13,19.02
2014-01-04,0.0,34.11,16.69,35.45,16.6
2014-01-05,0.0,35.25,16.34,36.07,14.19
2014-01-06,0.0,35.75,16.53,33.46,12.84
2014-01-07,0.0,35.88,17.62,31.72,13.57
2014-01-08,0.0,38.45,19.16,29.29,13.1
2014-01-09,0.0,37.59,20.17,31.5,14.34
2014-01-10,0.0,31.12,18.37,71.17,35.35
2014-01-11,0.0,32.96,15.96,51.2,21.82
2014-01-12,0.0,37.5,17.63,39.52,17.1
2014-01-13,0.0,41.5,20.59,33.21,10.67
2014-01-14,0.0,40.48,20.8,26.56,10.66
2014-01-15,0.0,37.41,18.22,32.95,14.34
2014-01-16,0.0,36.35,17.14,35.41,15.3
2014-01-17,0.0,34.24,15.85,56.96,18.11
2014-01-18,0.0,34.18,15.82,61.67,24.58
2014-01-19,0.0,34.14,15.68,55.63,23.34
2014-01-20,0.0,35.67,16.65,43.28,21.29
2014-01-21,0.0,35.04,16.84,48.2,22.72
2014-01-22,0.0,34.82,16.09,59.8,23.67
2014-01-23,0.0,35.48,15.89,49.77,19.62
2014-01-24,0.0,34.58,16.16,47.0,21.26
2014-01-25,0.0,34.14,15.79,59.66,24.93
2014-01-26,0.0,39.07,19.6,39.06,15.33
2014-01-27,0.0,38.6,20.1,30.11,13.63
2014-01-28,0.0,37.0,19.12,22.75,14.62
2014-01-29,0.0,39.87,19.79,33.31,13.8
2014-01-30,0.0,36.55,19.29,39.65,19.77
2014-01-31,0.0,31.46,15.46,46.79,19.29
2014-02-01,0.0,32.4,14.23,45.98,15.89
2014-02-02,0.0,34.51,15.82,34.66,11.82
2014-02-03,0.0,35.42,16.66,26.25,12.55
2014-02-04,0.0,35.68,17.05,29.61,13.63
2014-02-05,0.0,36.97,17.94,29.64,13.2
2014-02-06,0.0,38.77,19.5,24.28,12.0
2014-02-07,0.0,39.31,20.25,24.24,12.45
2014-02-08,0.0,39.06,20.37,22.73,12.38
2014-02-09,0.0,37.99,19.22,21.45,8.72
2014-02-10,0.0,37.25,17.84,21.54,8.95
2014-02-11,0.0,35.94,17.79,21.65,11.22
2014-02-12,0.0,36.99,17.25,36.31,11.55
2014-02-13,0.0,35.49,18.44,25.64,9.88
2014-02-14,0.0,36.95,16.24,20.19,8.48
2014-02-15,0.0,37.55,18.6,19.8,8.7
2014-02-16,0.0,31.22,16.22,71.82,16.33
2014-02-17,0.04,29.7,13.53,54.32,27.48
2014-02-18,0.0,33.02,14.12,54.58,20.14
2014-02-19,0.0,33.58,16.77,46.95,20.67
2014-02-20,0.0,34.82,18.69,38.04,15.77
2014-02-21,0.0,37.58,19.11,29.94,13.03
2014-02-22,0.0,38.33,20.21,27.82,12.16
2014-02-23,0.0,39.28,19.84,27.79,11.73
2014-02-24,0.0,38.78,19.8,23.73,10.64
2014-02-25,0.0,37.77,18.74,21.67,10.55
2014-02-26,0.0,38.18,18.54,21.46,10.23
2014-02-27,0.02,37.09,18.81,19.59,8.59
2014-02-28,0.0,35.29,19.08,19.37,8.14
2014-03-01,0.0,34.91,17.51,23.94,11.46
2014-03-02,0.0,35.77,17.29,26.33,10.05
2014-03-03,0.0,36.86,17.93,18.82,7.35
2014-03-04,0.0,38.77,19.49,15.66,5.51
2014-03-05,0.0,40.12,20.2,27.33,8.44
2014-03-06,0.0,40.53,21.41,29.68,9.66
2014-03-07,0.0,37.47,20.23,60.46,16.55
2014-03-08,0.0,36.17,20.34,57.74,23.64
2014-03-09,0.0,36.3,19.19,54.49,17.57
2014-03-10,0.0,36.31,19.53,55.77,21.22
2014-03-11,0.0,36.92,21.11,49.51,21.95
2014-03-12,0.0,38.47,21.41,46.89,17.01
2014-03-13,0.0,41.55,21.63,33.17,12.32
2014-03-14,0.0,42.65,22.88,26.96,12.64
2014-03-15,0.0,43.34,23.69,23.08,10.44
2014-03-16,0.0,42.83,24.3,18.24,8.8
2014-03-17,0.0,40.95,22.36,18.65,8.35
2014-03-18,0.0,39.4,21.34,20.0,9.47
2014-03-19,0.0,40.31,20.78,22.56,8.82
2014-03-20,0.0,41.52,21.82,18.94,8.07
2014-03-21,0.0,41.7,22.11,18.79,7.64
2014-03-22,0.0,41.27,22.47,17.29,7.31
2014-03-23,0.0,39.94,22.18,19.16,9.33
2014-03-24,0.0,42.03,22.71,23.81,9.17
2014-03-25,0.0,42.92,23.53,22.43,8.85
2014-03-26,0.0,42.8,24.04,19.48,8.3
2014-03-27,0.0,43.66,24.08,18.4,7.05
2014-03-28,0.0,43.54,24.64,21.37,9.12
2014-03-29,0.0,37.41,21.53,40.29,15.26
2014-03-30,0.0,39.0,19.17,43.98,15.23
2014-03-31,0.0,41.96,22.91,29.34,13.41
2014-04-01,0.0,41.19,23.64,35.36,15.82
2014-04-02,0.0,37.32,21.18,56.81,20.94
2014-04-03,0.0,41.53,22.38,35.57,11.83
2014-04-04,0.0,44.57,25.05,30.42,13.87
2014-04-05,0.0,45.6,26.29,29.72,12.4
2014-04-06,0.0,43.12,25.12,25.39,9.21
2014-04-07,0.0,40.3,23.84,35.39,13.98
2014-04-08,0.0,36.68,18.73,57.61,22.27
2014-04-09,0.0,36.96,20.67,72.18,26.66
2014-04-10,0.0,35.02,19.59,72.37,27.15
2014-04-11,0.0,38.57,21.82,60.88,23.65
2014-04-12,0.0,39.35,22.91,55.68,23.25
2014-04-13,0.0,38.54,21.29,57.78,22.4
2014-04-14,0.0,41.91,22.27,51.99,14.97
2014-04-15,0.0,44.78,24.83,41.69,9.58
2014-04-16,0.0,45.48,26.71,22.3,8.83
2014-04-17,0.0,45.76,26.36,44.91,10.92
2014-04-18,0.0,46.87,28.8,25.3,10.85
2014-04-19,0.0,45.11,26.64,42.35,11.71
2014-04-20,0.0,45.17,26.06,32.31,8.53
2014-04-21,0.0,45.12,26.18,31.86,10.5
2014-04-22,0.0,45.71,26.64,32.52,13.54
2014-04-23,0.0,46.14,27.83,30.51,13.08
2014-04-24,0.0,45.18,27.37,40.82,17.15
2014-04-25,0.0,46.61,27.98,33.09,10.52
2014-04-26,0.0,45.9,27.32,22.02,8.51
2014-04-27,0.0,44.32,25.98,35.69,10.95
2014-04-28,0.0,43.19,24.86,46.9,12.25
2014-04-29,0.0,43.6,24.93,43.39,13.44
2014-04-30,0.0,44.03,25.28,44.74,12.41
2014-05-01,0.0,42.19,24.34,55.35,16.73
2014-05-02,0.0,40.56,23.5,56.27,18.18
2014-05-03,0.0,40.87,24.04,55.17,20.52
2014-05-04,0.0,38.43,23.51,67.27,27.76
2014-05-05,0.0,37.41,22.36,68.05,29.61
2014-05-06,0.0,36.86,22.06,72.09,24.1
2014-05-07,0.0,38.62,22.87,62.59,23.4
2014-05-08,0.0,41.47,24.22,67.74,16.99
2014-05-09,0.0,43.64,26.35,45.12,15.61
2014-05-10,0.0,45.74,27.19,48.82,16.05
2014-05-11,4.54,43.5,27.41,46.55,24.18
2014-05-12,0.0,41.31,25.47,67.76,27.66
2014-05-13,0.0,42.24,25.57,63.58,21.48
2014-05-14,0.0,40.73,24.64,62.37,26.58
2014-05-15,0.0,41.89,25.21,62.54,25.49
2014-05-16,0.0,43.25,26.81,49.97,19.65
2014-05-17,0.0,42.76,27.14,56.39,22.84
2014-05-18,0.0,41.71,26.47,47.33,24.04
2014-05-19,0.02,40.64,25.95,62.7,32.93
2014-05-20,0.0,40.24,26.06,63.41,33.94
2014-05-21,0.0,38.1,21.59,90.08,27.8
2014-05-22,0.0,44.72,26.43,36.29,13.5
2014-05-23,0.0,45.48,28.81,31.21,13.47
2014-05-24,0.0,46.41,28.77,31.81,13.78
2014-05-25,1.01,43.97,29.6,47.11,20.22
2014-05-26,0.0,40.17,26.79,54.54,25.39
2014-05-27,0.0,43.32,27.33,51.51,18.38
2014-05-28,0.0,44.88,28.37,43.77,17.0
2014-05-29,0.0,45.53,28.19,25.09,9.7
2014-05-30,0.0,42.95,29.09,36.29,13.38
2014-05-31,0.24,45.97,30.28,42.12,16.92
2014-06-01,0.0,41.22,27.69,64.17,21.83
2014-06-02,0.24,39.68,27.12,61.67,26.12
2014-06-03,0.0,42.22,26.52,53.41,12.91
2014-06-04,0.0,42.51,26.95,39.61,15.21
2014-06-05,0.0,40.39,27.55,56.48,25.68
2014-06-06,0.0,40.47,27.53,66.5,29.97
2014-06-07,0.02,41.18,27.21,61.84,31.94
2014-06-08,0.0,42.62,27.35,76.69,25.23
2014-06-09,0.0,43.24,26.59,59.89,18.01
2014-06-10,0.0,40.96,26.9,68.89,27.65
2014-06-11,0.09,40.87,27.9,72.34,30.3
2014-06-12,0.08,40.61,25.2,70.66,20.51
2014-06-13,0.0,40.11,25.19,53.04,20.11
2014-06-14,0.0,41.72,27.49,46.43,21.16
2014-06-15,0.0,39.17,27.58,53.63,24.57
2014-06-16,0.0,42.54,24.46,59.51,16.97
2014-06-17,0.0,42.87,26.85,49.57,20.41
2014-06-18,0.0,40.96,28.32,59.11,28.09
2014-06-19,0.0,41.84,26.27,56.86,18.08
2014-06-20,0.0,39.33,24.48,87.41,34.38
2014-06-21,0.0,37.66,24.2,92.49,42.6
2014-06-22,0.0,41.04,24.83,74.85,21.12
2014-06-23,0.0,40.8,27.6,75.14,36.09
2014-06-24,0.0,38.08,26.42,92.38,46.64
2014-06-25,0.0,35.74,24.34,91.59,46.51
2014-06-26,0.0,38.01,24.07,83.78,33.91
2014-06-27,0.0,39.33,25.26,73.04,25.93
2014-06-28,0.0,40.21,25.1,65.21,25.54
2014-06-29,1.53,39.09,25.87,64.73,31.07
2014-06-30,9.6,39.08,26.47,89.99,42.12
2014-07-01,0.6,33.29,24.42,99.54,62.07
2014-07-02,0.72,34.15,22.47,97.68,57.95
2014-07-03,1.86,32.47,25.09,96.95,63.34
2014-07-04,5.29,31.18,23.88,97.59,69.02
2014-07-05,0.0,31.46,24.13,98.32,68.02
2014-07-06,0.0,30.82,22.12,95.27,55.39
2014-07-07,0.0,33.12,22.41,85.58,54.38
2014-07-08,0.26,32.79,25.24,90.1,61.78
2014-07-09,3.31,31.88,24.3,95.58,65.02
2014-07-10,0.0,32.71,24.75,94.88,61.26
2014-07-11,0.0,33.52,24.48,94.55,55.12
2014-07-12,0.0,34.8,24.19,79.88,44.07
2014-07-13,0.0,38.79,24.92,74.16,37.22
2014-07-14,0.0,36.34,26.36,78.53,48.57
2014-07-15,5.47,34.35,25.75,90.15,54.33
2014-07-16,20.73,33.11,24.16,94.97,54.04
2014-07-17,0.31,30.76,22.6,92.38,47.86
2014-07-18,0.0,34.43,23.28,74.17,41.34
2014-07-19,1.86,35.81,24.47,73.91,42.54
2014-07-20,0.0,37.33,25.62,80.05,42.3
2014-07-21,0.0,37.88,25.84,71.13,36.69
2014-07-22,0.0,36.8,25.94,68.53,41.53
2014-07-23,0.08,35.57,25.81,87.78,50.58
2014-07-24,0.12,36.45,24.73,87.25,43.41
2014-07-25,0.25,38.5,25.53,66.94,36.58
2014-07-26,0.0,38.66,26.85,71.76,37.19
2014-07-27,0.0,40.58,26.98,63.71,21.81
2014-07-28,0.0,39.14,26.72,70.35,31.71
2014-07-29,0.6,39.54,28.26,74.49,36.88
2014-07-30,2.4,36.53,25.06,90.99,48.57
2014-07-31,0.54,36.17,24.8,82.18,44.68
2014-08-01,0.09,38.23,25.66,77.2,39.18
2014-08-02,0.0,38.21,24.87,77.56,33.79
2014-08-03,0.0,36.05,23.82,82.2,41.8
2014-08-04,14.83,37.09,25.25,76.82,42.0
2014-08-05,37.2,32.77,23.12,99.15,66.07
2014-08-06,14.6,33.07,22.82,99.48,66.49
2014-08-07,0.0,35.28,24.23,93.18,55.09
2014-08-08,0.19,36.42,25.3,90.69,49.85
2014-08-09,1.96,36.26,25.45,80.97,48.71
2014-08-10,0.22,36.01,26.06,84.75,47.27
2014-08-11,6.06,35.26,25.41,79.56,51.38
2014-08-12,0.01,34.27,23.8,99.04,56.48
2014-08-13,0.39,35.35,24.06,91.25,53.38
2014-08-14,1.36,32.08,23.89,97.51,66.81
2014-08-15,0.0,31.32,22.72,97.02,62.81
2014-08-16,0.0,32.52,22.91,91.95,59.41
2014-08-17,15.11,34.56,23.86,92.44,56.72
2014-08-18,2.55,30.39,23.36,99.77,75.05
2014-08-19,12.12,30.36,22.84,98.91,70.57
2014-08-20,11.61,31.79,23.04,99.42,64.99
2014-08-21,0.0,31.36,23.51,99.11,71.88
2014-08-22,0.02,32.03,24.0,98.66,67.06
2014-08-23,1.96,30.78,23.27,98.61,70.95
2014-08-24,0.0,28.97,23.3,99.26,75.79
2014-08-25,0.0,32.19,22.76,97.82,60.95
2014-08-26,0.0,31.79,24.02,98.09,67.76
2014-08-27,14.59,32.04,24.24,99.29,71.64
2014-08-28,0.0,32.05,24.08,98.82,67.33
2014-08-29,0.1,32.4,23.8,98.24,64.0
2014-08-30,0.63,32.41,24.04,93.99,67.1
2014-08-31,4.05,30.06,23.84,97.17,75.85
2014-09-01,0.0,32.22,22.59,98.23,64.33
2014-09-02,0.0,34.92,23.3,95.8,52.37
2014-09-03,3.75,35.78,23.98,83.47,48.54
2014-09-04,0.0,34.06,23.2,92.73,52.64
2014-09-05,0.0,37.12,24.77,84.87,45.15
2014-09-06,0.0,37.45,25.19,78.0,43.65
2014-09-07,0.0,36.78,24.82,85.37,45.96
2014-09-08,0.01,36.28,25.03,85.47,44.93
2014-09-09,0.03,33.89,24.97,96.32,53.94
2014-09-10,3.46,30.87,23.25,97.28,70.45
2014-09-11,0.76,31.38,23.13,97.79,70.32
2014-09-12,9.92,32.26,23.01,97.31,61.41
2014-09-13,0.0,34.82,23.22,93.29,52.67
2014-09-14,0.03,33.49,23.66,97.21,63.36
2014-09-15,7.12,31.98,23.38,98.93,70.49
2014-09-16,0.07,30.15,23.25,99.06,74.54
2014-09-17,0.72,32.1,23.1,98.4,70.09
2014-09-18,12.68,32.48,23.37,98.79,67.97
2014-09-19,1.57,29.2,22.62,99.2,77.92
2014-09-20,0.2,30.08,22.05,98.32,70.84
2014-09-21,0.0,31.34,21.78,98.42,66.41
2014-09-22,2.74,33.44,23.02,96.08,61.79
2014-09-23,0.17,32.14,23.16,97.32,67.89
2014-09-24,0.65,33.45,23.01,98.43,61.77
2014-09-25,13.5,32.79,22.98,98.54,64.27
2014-09-26,0.0,32.35,23.39,98.98,65.4
2014-09-27,0.0,33.38,23.47,97.07,65.49
2014-09-28,0.0,33.3,23.17,95.64,59.87
2014-09-29,0.0,33.23,23.7,95.98,66.03
2014-09-30,0.0,33.24,23.33,96.87,63.96
2014-10-01,0.0,34.55,22.36,98.38,53.46
2014-10-02,0.0,34.66,22.26,93.13,51.42
2014-10-03,0.73,31.95,22.82,97.25,66.15
2014-10-04,0.0,32.88,22.31,98.05,64.69
2014-10-05,0.03,34.0,22.47,97.46,59.96
2014-10-06,1.92,35.39,22.86,96.49,57.48
2014-10-07,0.0,34.46,22.47,96.52,58.97
2014-10-08,2.19,36.11,22.85,98.74,51.52
2014-10-09,0.12,33.57,22.5,97.96,59.59
2014-10-10,0.52,36.0,22.52,96.5,47.14
2014-10-11,1.08,37.29,23.39,97.86,45.73
2014-10-12,0.33,37.3,23.46,97.61,45.36
2014-10-13,0.0,37.85,23.98,97.03,42.85
2014-10-14,6.65,39.12,24.2,89.54,38.79
2014-10-15,0.26,37.92,23.73,98.77,43.09
2014-10-16,0.0,39.51,24.77,93.05,36.19
2014-10-17,0.0,40.65,23.9,89.68,26.1
2014-10-18,0.2,40.34,24.75,77.01,31.37
2014-10-19,0.0,39.02,24.91,93.86,38.79
2014-10-20,0.0,36.83,22.67,96.51,46.6
2014-10-21,1.47,39.51,24.4,85.2,35.84
2014-10-22,0.0,42.1,26.37,71.85,20.62
2014-10-23,0.05,40.07,25.23,86.57,25.48
2014-10-24,0.0,39.14,24.22,95.85,29.73
2014-10-25,0.0,38.33,24.57,93.85,36.99
2014-10-26,0.0,36.7,23.53,94.28,45.45
2014-10-27,0.0,36.01,22.03,94.31,47.98
2014-10-28,0.03,37.3,22.96,94.13,28.77
2014-10-29,0.0,37.69,24.12,65.46,26.32
2014-10-30,0.0,37.48,22.5,62.64,25.27
2014-10-31,0.0,37.43,23.03,60.44,26.42
2014-11-01,0.0,39.68,20.59,82.29,22.49
2014-11-02,0.0,41.23,21.45,63.08,19.44
2014-11-03,0.0,40.91,22.4,65.82,26.71
2014-11-04,0.0,41.27,22.8,87.12,27.55
2014-11-05,0.0,41.36,22.67,68.42,19.4
2014-11-06,0.0,40.49,20.92,68.21,18.49
2014-11-07,0.0,42.38,21.86,45.96,16.56
2014-11-08,0.0,41.93,23.14,44.58,14.12
2014-11-09,0.0,41.29,22.52,41.8,15.07
2014-11-10,0.0,39.5,20.61,42.16,12.84
2014-11-11,0.0,38.08,18.67,43.99,14.02
2014-11-12,0.0,39.5,19.56,49.8,15.83
2014-11-13,0.0,41.14,20.47,41.0,14.06
2014-11-14,0.0,41.68,21.56,36.85,12.8
2014-11-15,0.0,41.62,21.67,34.17,11.29
2014-11-16,0.0,40.79,22.09,27.73,11.16
2014-11-17,0.0,40.59,21.16,36.65,12.28
2014-11-18,0.0,38.94,19.74,62.27,17.03
2014-11-19,0.0,34.53,19.93,71.28,27.2
2014-11-20,0.0,32.13,20.37,78.32,32.54
2014-11-21,0.0,36.21,18.55,78.82,29.97
2014-11-22,0.0,34.5,20.02,78.14,34.77
2014-11-23,0.0,36.66,20.83,72.14,31.61
2014-11-24,0.0,37.03,20.4,61.3,25.15
2014-11-25,0.0,38.57,21.18,58.39,20.77
2014-11-26,0.0,38.3,20.38,54.56,20.22
2014-11-27,0.0,36.04,18.98,50.39,19.97
2014-11-28,0.0,35.27,18.37,54.3,21.36
2014-11-29,0.0,31.59,16.76,67.07,26.92
2014-11-30,0.0,34.4,17.32,88.43,34.52
2014-12-01,0.0,35.04,17.76,71.82,32.9
2014-12-02,2.31,34.23,19.09,57.07,29.42
2014-12-03,0.0,35.38,21.05,55.38,31.42
2014-12-04,0.0,39.27,21.15,57.38,27.8
2014-12-05,0.0,39.83,20.87,51.5,24.39
2014-12-06,0.0,39.3,20.24,50.74,21.41
2014-12-07,0.0,38.82,19.68,46.92,21.71
2014-12-08,0.0,39.45,20.19,44.14,15.84
2014-12-09,0.0,36.62,19.27,30.74,15.03
2014-12-10,0.0,33.8,17.89,30.27,12.36
2014-12-11,0.0,34.05,16.94,20.6,10.8
2014-12-12,0.0,29.82,15.11,29.23,13.08
2014-12-13,0.0,32.78,13.35,33.06,13.12
2014-12-14,0.0,34.28,15.64,28.1,12.41
2014-12-15,0.0,32.28,17.56,26.88,15.27
2014-12-16,0.0,31.3,17.21,37.83,19.02
2014-12-17,0.0,33.62,15.69,41.09,17.29
2014-12-18,0.0,35.12,17.12,32.96,14.31
2014-12-19,0.0,32.97,15.88,24.16,14.24
2014-12-20,0.0,33.55,15.53,37.95,16.24
2014-12-21,0.0,33.71,15.47,36.84,14.53
2014-12-22,0.0,36.54,17.0,33.74,13.87
2014-12-23,0.0,37.86,19.67,28.92,12.11
2014-12-24,0.0,40.99,20.06,25.35,12.51
2014-12-25,0.0,39.99,21.21,26.06,11.52
2014-12-26,0.0,38.63,19.27,27.91,11.83
2014-12-27,0.0,33.84,17.4,32.21,15.01
2014-12-28,0.0,29.31,13.75,33.3,16.21
2014-12-29,0.0,30.23,11.72,37.27,15.24
2014-12-30,0.0,30.5,12.19,36.42,16.59
2014-12-31,0.0,32.66,14.16,36.45,14.41
2015-01-01,0.0,31.02,16.75,29.69,12.94
2015-01-02,0.0,31.96,15.07,22.03,10.63
2015-01-03,0.0,33.04,15.5,24.82,12.53
2015-01-04,0.0,33.28,17.2,21.05,9.36
2015-01-05,0.0,33.15,17.68,20.11,10.98
2015-01-06,0.0,33.86,15.41,25.98,10.95
2015-01-07,0.0,34.87,16.37,20.98,9.52
2015-01-08,0.0,32.67,17.33,18.78,11.99
2015-01-09,0.0,36.15,16.32,23.84,11.38
2015-01-10,0.0,37.42,19.71,24.19,12.66
2015-01-11,0.0,35.47,18.98,21.75,10.94
2015-01-12,0.0,35.39,17.93,23.08,11.9
2015-01-13,0.0,34.15,18.13,26.93,13.7
2015-01-14,0.0,37.94,19.51,23.45,9.99
2015-01-15,0.0,37.56,19.01,21.27,9.5
2015-01-16,0.0,37.59,19.35,24.12,11.07
2015-01-17,0.0,36.69,20.26,24.05,11.45
2015-01-18,0.0,34.58,17.12,32.39,16.09
2015-01-19,0.0,33.09,16.21,36.8,16.29
2015-01-20,0.0,34.13,16.07,31.16,15.2
2015-01-21,0.0,33.09,15.92,53.38,21.56
2015-01-22,0.0,33.27,17.14,41.36,17.87
2015-01-23,0.0,37.11,18.52,31.41,14.55
2015-01-24,0.0,36.95,18.85,29.53,12.8
2015-01-25,0.0,37.6,18.14,25.01,11.2
2015-01-26,0.0,33.88,17.49,21.56,10.42
2015-01-27,0.0,31.57,15.27,18.42,8.7
2015-01-28,0.0,33.17,15.4,16.69,8.84
2015-01-29,0.0,32.68,16.41,21.92,10.56
2015-01-30,0.0,34.94,16.38,23.89,11.1
2015-01-31,0.0,34.79,17.29,21.71,11.05
2015-02-01,0.0,33.73,16.91,27.96,12.32
2015-02-02,0.0,35.09,19.22,24.85,12.27
2015-02-03,0.0,37.04,20.67,49.05,18.6
2015-02-04,0.0,35.64,19.36,45.1,20.29
2015-02-05,0.0,38.82,19.89,39.81,17.84
2015-02-06,0.0,38.5,20.82,35.87,16.33
2015-02-07,0.0,41.34,21.71,26.45,10.84
2015-02-08,0.0,41.86,22.95,23.23,9.88
2015-02-09,0.0,36.59,19.77,51.8,19.21
2015-02-10,0.0,36.82,19.53,47.6,21.12
2015-02-11,0.0,39.16,20.54,41.29,17.75
2015-02-12,0.0,40.52,21.44,35.5,15.93
2015-02-13,0.0,39.52,21.46,34.43,15.42
2015-02-14,0.0,37.39,21.55,36.09,16.13
2015-02-15,0.0,38.82,20.35,27.77,13.89
2015-02-16,0.0,39.04,20.67,28.9,12.59
2015-02-17,0.0,39.16,21.26,25.59,13.24
2015-02-18,0.0,39.27,22.15,32.98,18.63
2015-02-19,0.0,35.69,20.98,43.46,24.4
2015-02-20,0.0,31.11,16.23,58.86,25.37
2015-02-21,0.0,31.43,14.8,52.64,22.5
2015-02-22,0.0,33.75,15.47,43.14,17.91
2015-02-23,0.0,36.88,17.27,33.57,15.91
2015-02-24,0.0,38.85,18.76,26.55,10.09
2015-02-25,0.0,39.36,19.62,21.64,9.24
2015-02-26,0.0,38.29,20.2,23.6,10.12
2015-02-27,0.0,35.12,18.92,21.17,7.94
2015-02-28,0.0,35.71,17.29,18.25,8.63
2015-03-01,0.0,37.05,18.63,22.36,9.14
2015-03-02,0.0,37.92,18.83,20.41,8.52
2015-03-03,0.0,38.05,20.47,27.87,11.49
2015-03-04,0.0,40.58,20.38,24.0,10.03
2015-03-05,0.0,41.55,22.13,23.58,9.8
2015-03-06,0.0,43.18,22.53,22.1,8.59
2015-03-07,0.0,43.42,24.05,22.47,8.34
2015-03-08,0.0,40.47,22.99,38.19,13.07
2015-03-09,0.0,35.27,20.64,71.27,30.56
2015-03-10,0.0,33.45,18.52,72.16,26.12
2015-03-11,0.0,39.23,20.12,56.59,26.02
2015-03-12,0.0,42.12,23.54,41.76,10.11
2015-03-13,0.0,43.0,24.38,26.43,11.81
2015-03-14,0.0,41.62,25.01,25.27,11.93
2015-03-15,0.0,40.49,24.82,18.93,10.11
2015-03-16,0.0,42.67,23.78,19.82,8.32
2015-03-17,0.0,42.59,22.79,29.2,11.31
2015-03-18,0.0,39.24,24.1,50.58,16.53
2015-03-19,0.0,36.76,21.67,67.03,20.05
2015-03-20,0.0,39.56,21.53,29.97,14.95
2015-03-21,0.0,36.44,22.77,36.55,16.92
2015-03-22,0.0,35.83,21.35,54.19,22.84
2015-03-23,0.0,34.35,20.41,63.41,25.13
2015-03-24,0.0,35.7,19.08,54.07,17.29
2015-03-25,0.0,36.77,18.58,42.9,16.24
2015-03-26,0.0,37.39,20.8,32.19,15.03
2015-03-27,0.0,41.7,23.44,26.33,11.24
2015-03-28,0.0,43.11,24.78,23.81,10.69
2015-03-29,0.0,39.98,24.03,20.91,10.19
2015-03-30,0.0,38.9,20.71,25.01,9.44
2015-03-31,0.0,40.38,20.77,22.32,8.26
2015-04-01,0.0,42.55,22.51,18.21,7.83
2015-04-02,0.0,44.66,24.11,16.98,6.86
2015-04-03,0.0,44.86,25.6,15.25,8.14
2015-04-04,0.0,44.93,25.46,21.77,10.1
2015-04-05,0.0,43.99,25.23,32.94,10.66
2015-04-06,0.0,42.42,24.18,38.87,14.26
2015-04-07,0.0,43.29,24.14,29.94,11.82
2015-04-08,0.0,44.5,24.59,28.61,10.81
2015-04-09,0.0,45.05,27.1,24.76,11.13
2015-04-10,0.0,46.27,27.94,23.67,8.96
2015-04-11,0.0,45.49,27.46,25.93,11.96
2015-04-12,0.0,46.44,27.39,29.68,7.28
2015-04-13,0.0,44.51,26.46,33.29,9.37
2015-04-14,0.0,42.41,26.54,62.89,29.04
2015-04-15,0.0,45.28,25.92,50.72,16.92
2015-04-16,0.0,43.6,26.24,42.22,16.88
2015-04-17,0.0,42.05,24.55,53.3,21.17
2015-04-18,0.0,42.74,24.66,45.84,15.45
2015-04-19,0.0,42.84,23.62,51.78,12.72
2015-04-20,0.0,42.69,23.43,50.12,14.74
2015-04-21,0.0,43.37,23.99,47.52,14.19
2015-04-22,0.0,44.38,24.78,45.04,10.74
2015-04-23,0.0,45.32,25.75,31.17,9.94
2015-04-24,0.0,44.28,25.64,33.67,10.55
2015-04-25,0.0,41.79,25.04,54.64,16.27
2015-04-26,0.0,40.98,24.27,61.34,23.05
2015-04-27,0.0,40.09,23.8,57.82,27.14
2015-04-28,0.0,41.17,23.75,73.37,30.63
2015-04-29,0.0,43.63,25.26,61.67,24.81
2015-04-30,0.0,44.95,26.43,49.37,11.57
2015-05-01,0.0,43.56,26.93,43.88,13.93
2015-05-02,0.0,42.37,25.23,55.7,16.8
2015-05-03,0.0,43.01,25.07,54.77,10.57
2015-05-04,0.0,44.23,26.01,28.01,8.27
2015-05-05,0.0,44.61,27.83,29.39,9.89
2015-05-06,0.0,40.76,25.68,53.71,16.56
2015-05-07,0.0,41.01,25.62,68.66,26.61
2015-05-08,0.0,44.86,27.12,57.03,23.33
2015-05-09,0.0,41.72,27.14,69.16,28.93
2015-05-10,0.0,39.66,24.7,79.08,34.27
2015-05-11,0.0,40.89,25.05,73.17,31.53
2015-05-12,0.0,42.06,25.83,61.75,24.55
2015-05-13,0.0,41.32,25.28,60.79,24.52
2015-05-14,0.0,43.19,26.55,55.81,19.56
2015-05-15,0.0,44.53,27.45,51.2,17.94
2015-05-16,0.0,43.09,27.01,55.9,21.07
2015-05-17,0.0,41.62,26.7,71.45,32.24
2015-05-18,0.0,42.88,27.13,73.18,29.79
2015-05-19,0.0,41.41,26.37,66.41,29.53
2015-05-20,0.0,43.45,26.82,63.78,18.12
2015-05-21,0.0,43.45,27.31,53.07,18.15
2015-05-22,0.0,43.44,27.16,57.44,13.95
2015-05-23,0.0,42.36,26.95,30.81,11.11
2015-05-24,0.0,43.7,26.55,29.35,12.31
2015-05-25,0.0,43.9,26.34,33.36,11.1
2015-05-26,0.0,44.42,26.58,22.94,10.62
2015-05-27,0.0,44.58,27.2,20.91,9.45
2015-05-28,0.0,43.61,25.81,41.76,11.58
2015-05-29,0.0,44.33,26.47,42.5,12.58
2015-05-30,0.0,43.21,26.33,63.08,21.08
2015-05-31,0.02,45.47,27.91,60.05,16.14
2015-06-01,0.0,44.03,28.43,59.99,14.93
2015-06-02,0.02,40.47,26.92,71.42,27.99
2015-06-03,0.0,41.88,26.2,50.11,11.24
2015-06-04,0.0,38.74,24.02,52.08,17.05
2015-06-05,0.0,37.9,23.21,66.83,26.03
2015-06-06,0.0,37.6,24.27,64.28,28.09
2015-06-07,0.0,40.88,25.4,53.99,20.51
2015-06-08,0.0,44.18,25.78,54.98,16.41
2015-06-09,0.0,41.07,27.54,67.75,26.52
2015-06-10,0.0,40.86,27.25,72.8,30.28
2015-06-11,0.0,41.33,27.06,69.37,28.53
2015-06-12,0.0,42.89,27.58,63.04,26.09
2015-06-13,0.0,43.17,28.52,52.39,20.59
2015-06-14,0.0,41.7,27.28,70.03,28.23
2015-06-15,0.0,41.3,28.11,76.02,30.62
2015-06-16,0.0,40.27,27.01,77.91,36.45
2015-06-17,0.0,39.61,25.93,87.97,31.17
2015-06-18,0.0,39.43,25.22,72.31,28.32
2015-06-19,0.0,39.27,25.98,73.05,33.05
2015-06-20,0.0,39.62,26.1,73.72,34.91
2015-06-21,0.81,37.71,24.62,93.44,48.07
2015-06-22,0.0,38.23,24.33,91.0,38.43
2015-06-23,0.0,39.46,24.7,78.02,32.2
2015-06-24,0.0,39.8,26.57,81.52,36.45
2015-06-25,0.0,39.15,25.9,81.0,33.3
2015-06-26,0.0,39.88,24.64,74.46,22.0
2015-06-27,0.0,40.78,25.18,66.55,20.18
2015-06-28,0.0,38.43,25.17,69.21,32.34
2015-06-29,0.0,39.61,26.97,76.32,36.24
2015-06-30,0.65,37.96,23.98,91.89,42.87
2015-07-01,0.0,36.34,25.36,83.26,45.53
2015-07-02,0.03,37.61,25.44,80.36,39.78
2015-07-03,0.0,39.11,26.38,67.9,29.27
2015-07-04,0.0,38.06,25.52,66.57,34.47
2015-07-05,0.0,38.81,25.74,74.75,33.33
2015-07-06,3.23,38.29,26.37,72.27,38.56
2015-07-07,24.58,38.56,25.66,85.43,37.59
2015-07-08,5.08,34.91,24.87,98.41,57.87
2015-07-09,0.0,30.28,24.08,96.97,72.83
2015-07-10,1.05,30.62,23.32,96.44,69.25
2015-07-11,0.0,32.81,24.16,96.92,61.77
2015-07-12,0.06,31.78,25.04,93.74,66.88
2015-07-13,0.0,34.46,24.5,94.66,57.06
2015-07-14,1.91,33.48,25.03,89.34,60.46
2015-07-15,0.63,34.26,23.76,93.09,50.39
2015-07-16,0.0,36.66,25.11,76.33,40.58
2015-07-17,0.0,36.5,26.36,77.27,45.68
2015-07-18,1.19,38.5,26.78,83.4,40.51
2015-07-19,0.0,38.47,25.21,85.24,31.21
2015-07-20,0.0,36.94,24.63,74.38,38.37
2015-07-21,0.0,37.81,26.2,71.57,37.96
2015-07-22,0.0,37.65,24.7,73.28,31.4
2015-07-23,0.0,38.31,25.3,69.17,31.56
2015-07-24,0.0,37.41,25.91,81.15,41.44
2015-07-25,2.48,34.29,25.05,95.89,59.85
2015-07-26,0.0,30.74,23.72,96.2,69.49
2015-07-27,0.06,30.85,23.5,97.53,71.83
2015-07-28,0.03,29.44,22.81,97.33,72.5
2015-07-29,5.94,30.23,23.7,95.69,68.76
2015-07-30,4.34,30.54,23.4,97.54,71.29
2015-07-31,3.22,31.16,23.6,97.49,67.46
2015-08-01,31.43,30.76,23.41,95.31,67.16
2015-08-02,0.01,30.57,23.2,98.33,69.86
2015-08-03,0.0,32.67,23.62,98.47,62.39
2015-08-04,0.0,33.36,23.96,92.19,55.92
2015-08-05,0.0,34.35,24.54,93.06,56.62
2015-08-06,0.0,32.86,24.94,94.56,59.28
2015-08-07,0.21,34.79,24.62,91.85,48.7
2015-08-08,11.79,32.4,24.75,79.75,59.25
2015-08-09,0.12,30.01,23.76,97.13,70.25
2015-08-10,0.03,33.17,23.36,95.56,59.89
2015-08-11,4.62,34.53,24.05,94.94,57.34
2015-08-12,10.44,30.2,23.96,98.13,79.66
2015-08-13,0.0,31.3,23.76,98.11,68.58
2015-08-14,0.48,30.17,24.63,96.1,75.4
2015-08-15,2.75,33.3,24.54,97.2,64.47
2015-08-16,11.74,30.9,25.11,95.59,74.22
2015-08-17,3.03,29.18,23.92,98.25,79.39
2015-08-18,0.0,30.95,23.8,98.41,70.08
2015-08-19,18.03,29.89,24.33,98.67,77.65
2015-08-20,12.35,29.0,23.49,99.29,80.56
2015-08-21,0.14,30.88,24.08,97.59,71.56
2015-08-22,0.25,31.39,24.6,97.24,70.42
2015-08-23,0.03,30.11,23.58,96.8,68.51
2015-08-24,0.0,32.45,22.71,96.5,63.32
2015-08-25,11.33,31.58,24.02,97.29,71.67
2015-08-26,0.0,30.41,23.94,97.83,70.11
2015-08-27,7.08,32.1,23.72,97.53,62.28
2015-08-28,0.65,32.85,23.59,97.52,63.64
2015-08-29,1.2,33.0,24.4,97.17,65.41
2015-08-30,0.34,31.86,24.1,94.15,62.62
2015-08-31,19.16,31.2,23.02,98.92,67.25
2015-09-01,0.11,27.84,22.75,99.35,80.92
2015-09-02,0.0,29.98,22.81,99.2,76.21
2015-09-03,3.14,32.09,24.1,98.03,69.02
2015-09-04,22.22,31.74,24.16,98.26,69.99
2015-09-05,10.26,30.42,23.72,98.93,77.35
2015-09-06,0.73,30.82,23.49,99.22,70.99
2015-09-07,12.94,31.13,22.88,99.47,72.34
2015-09-08,0.0,31.78,22.94,98.64,69.74
2015-09-09,3.96,31.33,23.61,98.75,73.54
2015-09-10,0.32,31.65,23.95,98.4,72.33
2015-09-11,8.01,32.35,23.84,98.32,65.22
2015-09-12,3.6,32.07,23.94,98.47,70.61
2015-09-13,0.0,31.15,23.97,98.02,74.66
2015-09-14,0.0,32.68,24.07,98.83,67.31
2015-09-15,0.02,32.39,23.85,98.88,63.83
2015-09-16,0.0,31.96,23.37,98.19,70.0
2015-09-17,0.0,31.63,23.34,98.25,68.42
2015-09-18,0.0,32.25,22.65,98.12,56.18
2015-09-19,0.0,33.78,23.68,90.26,60.36
2015-09-20,0.65,30.78,23.75,97.09,70.48
2015-09-21,7.04,29.68,23.18,97.84,73.59
2015-09-22,2.4,28.28,23.01,99.45,81.06
2015-09-23,8.5,30.95,22.78,98.62,71.57
2015-09-24,10.89,32.01,22.96,99.32,70.17
2015-09-25,0.0,32.67,23.54,98.98,68.37
2015-09-26,3.0,32.3,23.94,98.22,69.43
2015-09-27,0.79,30.3,23.88,98.64,77.51
2015-09-28,4.72,30.35,22.94,99.13,71.91
2015-09-29,1.04,30.2,23.09,97.72,74.47
2015-09-30,0.7,30.6,23.21,98.35,72.7
2015-10-01,0.0,32.57,22.65,98.08,67.75
2015-10-02,0.0,33.67,22.68,98.23,63.15
2015-10-03,0.0,33.74,23.02,97.1,66.15
2015-10-04,0.08,33.48,23.06,97.28,67.98
2015-10-05,0.0,34.18,23.56,98.5,63.32
2015-10-06,15.72,32.63,23.15,98.62,68.23
2015-10-07,0.0,29.98,21.82,98.86,73.82
2015-10-08,0.06,32.77,22.34,98.56,64.51
2015-10-09,0.0,32.97,22.1,97.64,67.41
2015-10-10,0.0,32.9,22.77,97.5,62.66
2015-10-11,0.0,33.0,22.82,97.4,66.38
2015-10-12,0.19,33.31,22.34,98.27,63.61
2015-10-13,2.76,31.63,22.81,97.06,70.11
2015-10-14,0.12,31.82,22.36,96.67,68.8
2015-10-15,0.01,32.16,22.13,97.93,67.45
2015-10-16,0.0,32.93,22.22,96.82,63.22
2015-10-17,0.0,33.08,21.57,95.95,54.3
2015-10-18,0.0,35.09,22.68,95.4,55.21
2015-10-19,0.29,33.08,22.69,96.59,62.55
2015-10-20,2.21,30.78,22.41,96.69,70.24
2015-10-21,0.03,27.79,21.53,97.56,77.45
2015-10-22,2.63,31.02,20.85,98.02,68.99
2015-10-23,0.0,30.59,21.78,98.45,73.32
2015-10-24,0.0,32.34,21.6,98.04,63.12
2015-10-25,0.0,32.37,21.78,96.54,61.91
2015-10-26,0.0,32.09,21.42,96.09,55.78
2015-10-27,0.0,31.79,21.28,93.2,55.64
2015-10-28,0.0,33.39,22.65,95.46,50.38
2015-10-29,0.0,33.74,22.11,95.01,53.49
2015-10-30,0.0,34.21,22.48,96.82,57.29
2015-10-31,0.0,32.97,22.28,97.25,60.41
2015-11-01,0.0,34.11,20.41,95.71,61.01
2015-11-02,0.0,31.58,20.34,95.27,74.59
2015-11-03,0.0,31.86,20.07,95.69,67.64
2015-11-04,0.0,34.99,20.84,96.07,53.52
2015-11-05,0.0,35.8,20.9,93.43,38.61
2015-11-06,0.0,36.25,20.88,80.59,37.07
2015-11-07,0.0,36.84,21.0,83.69,32.16
2015-11-08,0.0,36.68,20.09,83.46,32.23
2015-11-09,0.0,36.36,20.4,79.75,31.63
2015-11-10,0.0,35.76,19.43,79.55,32.63
2015-11-11,0.0,35.87,19.47,85.11,35.43
2015-11-12,0.0,34.25,20.61,93.32,47.54
2015-11-13,0.0,36.09,20.47,91.73,41.28
2015-11-14,0.0,38.49,23.16,73.13,32.46
2015-11-15,0.0,35.86,20.87,78.57,26.6
2015-11-16,0.0,33.93,17.83,54.25,23.04
2015-11-17,0.0,32.49,17.13,57.05,27.01
2015-11-18,0.0,34.22,17.48,65.97,26.32
2015-11-19,0.0,33.03,18.03,60.94,26.68
2015-11-20,0.0,34.51,17.68,59.04,24.04
2015-11-21,0.0,35.12,18.24,53.42,21.8
2015-11-22,0.0,33.17,19.29,54.13,24.33
2015-11-23,0.0,36.18,19.09,51.52,21.46
2015-11-24,0.0,36.12,19.1,63.36,26.95
2015-11-25,0.0,33.58,18.76,55.12,23.88
2015-11-26,0.0,33.69,19.42,50.23,23.25
2015-11-27,0.0,35.31,18.9,51.63,21.82
2015-11-28,0.0,35.93,19.63,52.77,20.95
2015-11-29,0.0,33.45,18.23,38.19,15.3
2015-11-30,0.0,32.35,17.5,32.29,14.66
2015-12-01,0.0,32.49,16.36,36.9,20.01
2015-12-02,0.0,33.42,16.64,47.36,25.06
2015-12-03,0.0,35.76,18.5,48.93,24.31
2015-12-04,0.0,36.42,17.95,48.33,26.18
2015-12-05,0.0,35.21,17.57,47.25,23.17
2015-12-06,0.0,34.17,16.35,46.48,23.07
2015-12-07,0.0,35.52,16.93,48.61,22.24
2015-12-08,0.0,35.44,17.9,52.87,23.03
2015-12-09,0.0,35.26,16.87,46.1,22.64
2015-12-10,0.0,35.51,17.36,44.99,21.03
2015-12-11,0.0,32.69,18.81,36.58,22.03
2015-12-12,0.0,34.01,17.57,39.19,20.13
2015-12-13,0.0,34.43,17.44,38.24,19.49
2015-12-14,0.0,34.62,17.3,44.16,21.97
2015-12-15,0.0,36.58,19.15,46.06,18.14
2015-12-16,0.0,35.59,18.03,38.36,18.83
2015-12-17,0.0,30.5,16.18,42.36,22.7
2015-12-18,0.0,33.64,14.89,43.65,20.72
2015-12-19,0.0,34.39,16.26,40.72,19.35
2015-12-20,0.0,33.43,15.52,41.23,22.61
2015-12-21,0.0,34.78,16.52,42.94,20.1
2015-12-22,0.0,35.92,16.94,46.17,20.8
2015-12-23,0.0,35.91,17.8,44.17,21.07
2015-12-24,0.0,34.57,17.59,37.69,19.02
2015-12-25,0.0,36.03,18.53,36.18,18.23
2015-12-26,0.0,35.33,18.2,33.93,16.69
2015-12-27,0.02,34.57,19.23,32.39,18.16
2015-12-28,0.0,30.53,16.58,64.04,21.23
2015-12-29,0.0,31.86,17.29,33.52,20.51
2015-12-30,0.0,34.07,17.2,35.98,19.5
2015-12-31,0.0,34.14,17.48,38.01,19.94
2016-01-01,0.0,35.46,18.52,38.79,21.09
2016-01-02,0.0,33.92,19.48,36.54,22.64
2016-01-03,0.64,33.57,19.35,36.52,23.27
2016-01-04,0.0,32.14,18.82,69.05,21.17
2016-01-05,0.0,25.75,15.42,89.82,71.84
2016-01-06,0.0,30.3,14.37,94.3,49.02
2016-01-07,0.0,33.27,15.73,91.42,42.76
2016-01-08,0.0,35.38,18.07,80.34,30.94
2016-01-09,0.0,37.14,18.86,62.7,29.6
2016-01-10,0.0,37.8,20.03,62.59,29.13
2016-01-11,0.0,37.55,19.97,56.79,24.66
2016-01-12,0.0,37.82,20.22,41.52,21.16
2016-01-13,0.0,37.82,21.54,33.61,19.88
2016-01-14,0.0,38.8,20.66,32.91,16.68
2016-01-15,0.0,37.75,19.76,31.35,16.42
2016-01-16,0.0,38.01,18.61,33.15,16.08
2016-01-17,0.0,37.32,18.32,32.96,17.29
2016-01-18,0.0,37.79,18.83,36.21,17.99
2016-01-19,0.0,36.89,18.96,35.77,19.58
2016-01-20,0.0,38.84,19.83,32.41,15.89
2016-01-21,0.0,38.06,21.37,27.99,16.69
2016-01-22,0.0,37.57,20.07,31.89,15.98
2016-01-23,0.0,37.47,19.53,27.5,17.57
2016-01-24,0.0,37.0,19.96,29.59,15.45
2016-01-25,0.0,37.56,20.28,26.94,14.82
2016-01-26,0.0,36.08,20.79,25.06,14.88
2016-01-27,0.0,37.18,20.15,25.39,16.91
2016-01-28,0.0,36.55,19.1,55.97,22.81
2016-01-29,0.0,36.55,17.45,52.68,20.84
2016-01-30,0.0,36.72,18.17,41.49,16.35
2016-01-31,0.0,36.6,18.08,31.16,16.03
2016-02-01,0.0,33.33,18.4,32.52,18.63
2016-02-02,0.0,32.17,16.82,34.63,16.76
2016-02-03,0.0,33.61,16.51,34.44,16.93
2016-02-04,0.0,35.97,17.53,29.97,15.23
2016-02-05,0.0,37.3,18.86,27.44,13.89
2016-02-06,0.0,38.17,19.81,25.85,13.39
2016-02-07,0.0,38.45,20.33,25.22,12.8
2016-02-08,0.0,37.58,21.13,24.11,14.39
2016-02-09,0.0,36.72,20.22,25.7,15.8
2016-02-10,0.0,35.82,18.95,32.83,15.89
2016-02-11,0.0,37.56,19.52,30.6,14.04
2016-02-12,0.0,37.45,20.13,26.68,13.47
2016-02-13,0.0,36.57,18.59,27.0,13.68
2016-02-14,0.0,38.64,20.29,26.26,13.02
2016-02-15,0.0,36.34,19.04,24.77,14.79
2016-02-16,0.0,33.78,17.74,49.03,21.54
2016-02-17,0.0,31.42,16.15,44.38,23.22
2016-02-18,0.0,33.48,16.76,36.72,16.31
2016-02-19,0.0,33.27,16.08,24.57,13.24
2016-02-20,0.0,29.78,16.29,45.74,16.78
2016-02-21,0.0,34.73,17.65,36.95,20.95
2016-02-22,0.0,35.2,20.01,33.89,16.91
2016-02-23,0.0,39.26,20.77,28.67,14.32
2016-02-24,0.0,38.9,20.46,27.26,14.38
2016-02-25,0.0,40.43,21.82,25.41,12.76
2016-02-26,0.0,39.89,21.97,25.49,13.6
2016-02-27,0.0,39.5,21.42,27.77,13.35
2016-02-28,0.0,33.89,19.28,35.61,15.26
2016-02-29,0.0,33.82,18.68,49.3,26.97
2016-03-01,0.0,36.7,22.0,45.18,23.33
2016-03-02,0.0,39.84,22.88,40.35,19.12
2016-03-03,0.0,38.38,22.06,22.23,11.51
2016-03-04,0.0,38.99,21.78,22.59,11.63
2016-03-05,0.0,41.83,23.61,23.27,11.47
2016-03-06,0.0,40.19,24.23,24.01,13.93
2016-03-07,0.0,40.44,23.61,38.43,18.09
2016-03-08,0.0,39.65,22.47,39.72,19.48
2016-03-09,0.0,39.3,22.7,37.75,19.33
2016-03-10,0.0,40.01,22.35,37.53,18.32
2016-03-11,0.0,37.81,21.2,51.63,19.4
2016-03-12,0.0,39.12,21.01,30.79,15.4
2016-03-13,0.0,38.64,21.2,32.95,16.13
2016-03-14,0.0,36.48,20.17,69.77,24.42
2016-03-15,0.0,38.49,21.62,69.94,28.93
2016-03-16,0.0,42.35,24.61,45.56,15.34
2016-03-17,0.0,42.4,24.55,34.75,15.28
2016-03-18,0.0,42.61,23.99,32.61,13.34
2016-03-19,0.0,42.7,23.21,23.22,10.1
2016-03-20,0.0,39.91,22.76,31.15,11.22
2016-03-21,0.0,40.09,22.19,46.66,13.59
2016-03-22,0.0,37.47,23.2,36.71,16.2
2016-03-23,0.0,37.15,22.21,31.34,15.82
2016-03-24,0.0,36.12,20.79,30.91,14.65
2016-03-25,0.0,36.38,21.73,37.46,18.62
2016-03-26,0.0,38.36,20.73,28.62,12.99
2016-03-27,0.0,39.14,21.74,24.48,12.37
2016-03-28,0.0,40.82,21.79,23.38,12.03
2016-03-29,0.0,42.54,23.08,22.19,11.7
2016-03-30,0.0,38.12,21.76,40.36,15.28
2016-03-31,0.0,34.56,18.58,67.86,27.88
2016-04-01,0.0,38.08,20.82,48.89,19.7
2016-04-02,0.0,39.96,23.19,39.11,20.5
2016-04-03,0.0,38.42,22.37,47.88,20.19
2016-04-04,0.0,42.82,25.1,36.7,15.05
2016-04-05,0.0,41.7,25.47,32.61,16.12
2016-04-06,0.0,39.37,23.81,41.06,17.27
2016-04-07,0.0,38.25,21.31,64.55,26.09
2016-04-08,0.0,35.52,20.67,67.2,29.66
2016-04-09,0.0,37.51,20.38,70.87,30.37
2016-04-10,0.0,37.5,21.11,66.02,29.3
2016-04-11,0.0,39.21,22.39,66.78,25.42
2016-04-12,0.0,43.5,24.92,44.12,15.14
2016-04-13,0.0,45.13,27.64,28.45,14.26
2016-04-14,0.0,46.24,29.29,24.31,12.35
2016-04-15,0.0,44.83,28.04,45.8,17.2
2016-04-16,0.0,44.9,28.56,46.64,20.56
2016-04-17,0.0,45.81,29.55,36.34,20.23
2016-04-18,0.0,45.9,29.74,35.46,20.71
2016-04-19,0.0,44.6,27.79,59.82,23.92
2016-04-20,0.0,47.16,29.15,46.98,18.23
2016-04-21,0.0,46.79,29.62,37.03,16.29
2016-04-22,0.0,47.44,29.32,42.0,14.29
2016-04-23,0.0,42.41,27.86,55.29,24.28
2016-04-24,0.0,39.48,25.31,59.11,32.89
2016-04-25,0.0,41.8,25.13,66.45,27.74
2016-04-26,0.0,41.88,24.47,63.12,24.83
2016-04-27,0.0,42.08,24.79,53.03,24.03
2016-04-28,0.0,41.12,25.28,59.79,26.28
2016-04-29,0.0,40.56,23.52,62.04,22.9
2016-04-30,0.0,43.48,24.72,50.05,18.09
2016-05-01,0.0,45.76,26.99,48.46,14.78
2016-05-02,0.0,44.28,28.32,35.32,19.52
2016-05-03,0.0,41.2,27.83,58.9,26.9
2016-05-04,0.0,42.72,27.18,46.76,23.28
2016-05-05,0.0,40.11,26.96,48.22,29.08
2016-05-06,0.0,40.61,24.59,62.61,20.77
2016-05-07,0.0,41.32,25.98,50.01,22.13
2016-05-08,0.0,40.33,25.07,60.1,25.93
2016-05-09,0.0,41.39,25.39,46.73,21.01
2016-05-10,0.0,42.87,27.97,43.82,21.71
2016-05-11,0.0,42.41,26.59,50.19,25.2
2016-05-12,0.0,44.02,28.33,49.81,21.54
2016-05-13,0.0,45.91,28.88,39.7,17.82
2016-05-14,0.0,44.97,29.04,36.01,19.39
2016-05-15,0.0,43.1,27.95,53.8,22.4
2016-05-16,0.0,41.1,26.06,58.73,20.64
2016-05-17,0.0,43.56,23.95,55.36,15.42
2016-05-18,0.0,43.95,26.42,46.67,17.99
2016-05-19,0.0,41.24,27.01,58.93,28.2
2016-05-20,0.0,40.35,24.83,64.66,23.1
2016-05-21,0.0,38.93,23.95,57.91,25.58
2016-05-22,0.0,39.38,24.14,59.96,26.61
2016-05-23,0.0,41.25,26.27,58.49,24.7
2016-05-24,0.0,40.85,24.89,60.02,24.19
2016-05-25,0.0,41.5,24.6,54.9,22.98
2016-05-26,0.0,39.82,24.44,68.08,27.06
2016-05-27,0.0,41.26,24.38,77.81,29.55
2016-05-28,0.0,41.85,26.34,60.12,23.5
2016-05-29,0.0,46.18,28.23,45.44,16.11
2016-05-30,0.0,44.14,30.39,36.43,16.69
2016-05-31,0.02,42.11,27.6,78.34,34.14
2016-06-01,0.09,40.86,26.12,78.49,31.0
2016-06-02,0.0,40.32,26.9,58.72,25.76
2016-06-03,0.0,44.38,28.65,44.84,23.31
2016-06-04,0.0,40.91,25.26,88.04,43.91
2016-06-05,0.0,39.76,25.85,80.91,30.73
2016-06-06,0.0,40.41,25.11,53.63,21.36
2016-06-07,0.0,42.13,26.0,48.33,20.31
2016-06-08,0.0,41.96,26.52,50.17,22.13
2016-06-09,0.0,41.96,26.69,58.45,20.6
2016-06-10,0.0,39.45,25.41,70.58,32.14
2016-06-11,0.0,39.1,25.83,64.89,29.74
2016-06-12,0.14,37.9,25.53,71.56,37.93
2016-06-13,0.08,37.76,23.67,78.84,32.81
2016-06-14,0.0,40.57,25.64,62.79,24.03
2016-06-15,0.0,40.01,26.47,65.83,30.45
2016-06-16,0.0,38.04,24.82,73.14,31.8
2016-06-17,0.0,37.64,22.96,73.74,30.44
2016-06-18,0.52,38.12,25.95,62.08,34.44
2016-06-19,0.0,40.9,26.66,68.45,32.12
2016-06-20,0.0,41.94,25.76,69.5,15.91
2016-06-21,0.0,38.94,25.7,59.89,22.67
2016-06-22,0.0,38.28,25.98,75.72,36.97
2016-06-23,5.5,38.83,25.14,75.34,36.75
2016-06-24,0.0,36.01,23.32,90.14,53.24
2016-06-25,0.04,35.26,23.61,91.16,48.7
2016-06-26,0.0,36.88,25.65,85.69,47.46
2016-06-27,3.72,38.75,24.98,88.88,40.97
2016-06-28,0.03,39.05,25.45,82.73,37.17
2016-06-29,4.49,38.79,25.89,93.9,39.28
2016-06-30,1.52,39.38,26.6,84.45,42.69
2016-07-01,0.0,36.75,24.08,97.23,55.35
2016-07-02,2.88,35.32,24.28,95.34,51.01
2016-07-03,0.0,33.23,24.54,96.83,59.09
2016-07-04,0.0,30.65,24.38,91.68,70.21
2016-07-05,0.0,31.67,23.23,93.57,61.51
2016-07-06,0.0,33.17,23.49,93.82,50.63
2016-07-07,0.0,34.23,24.2,76.82,49.5
2016-07-08,0.0,35.87,26.26,76.89,47.86
2016-07-09,0.64,36.55,24.21,94.37,47.3
2016-07-10,0.0,32.07,23.22,93.79,58.15
2016-07-11,0.0,31.74,22.35,83.28,50.41
2016-07-12,0.0,33.23,23.62,77.79,51.01
2016-07-13,0.0,33.03,25.21,78.06,52.61
2016-07-14,22.43,33.61,26.02,82.0,54.49
2016-07-15,0.03,34.31,24.25,87.49,44.72
2016-07-16,0.0,37.33,24.77,67.75,36.07
2016-07-17,0.0,40.08,26.82,67.21,32.5
2016-07-18,5.03,38.18,25.47,80.36,39.13
2016-07-19,4.95,34.97,25.04,97.11,63.17
2016-07-20,32.68,28.69,24.43,98.5,81.43
2016-07-21,2.4,27.32,23.25,99.27,84.38
2016-07-22,0.0,28.98,23.58,98.78,76.48
2016-07-23,1.99,29.36,23.64,97.97,78.08
2016-07-24,28.13,27.77,23.64,99.36,84.78
2016-07-25,30.47,28.71,23.27,99.71,80.24
2016-07-26,20.12,30.59,23.43,99.25,71.92
2016-07-27,0.1,30.4,23.63,99.3,76.75
2016-07-28,0.0,31.1,24.71,97.96,71.54
2016-07-29,14.91,30.76,24.02,97.51,73.11
2016-07-30,4.98,30.12,24.21,99.53,77.33
2016-07-31,5.75,31.25,24.24,98.94,75.73
2016-08-01,0.0,31.5,23.91,98.68,68.64
2016-08-02,0.0,32.25,23.92,97.75,67.71
2016-08-03,0.0,32.67,24.22,96.97,63.63
2016-08-04,0.0,31.96,23.27,95.72,63.33
2016-08-05,0.0,28.8,23.72,96.33,77.27
2016-08-06,0.57,32.13,22.9,97.36,61.63
2016-08-07,0.06,32.63,23.63,96.56,62.52
2016-08-08,0.0,32.54,23.2,93.53,59.76
2016-08-09,0.01,33.39,23.06,90.0,56.55
2016-08-10,0.0,31.72,24.47,90.76,63.69
2016-08-11,8.02,28.19,23.49,99.05,83.34
2016-08-12,0.11,31.65,23.16,98.87,67.02
2016-08-13,1.52,32.04,23.53,98.31,68.87
2016-08-14,0.14,32.42,23.94,98.77,65.97
2016-08-15,19.67,31.5,23.43,97.83,66.46
2016-08-16,17.48,29.64,23.64,98.96,77.47
2016-08-17,7.97,29.42,23.94,99.28,82.29
2016-08-18,0.0,31.54,23.89,99.27,69.12
2016-08-19,14.15,30.72,23.93,99.07,73.91
2016-08-20,0.07,29.01,23.87,98.29,81.64
2016-08-21,0.0,32.31,23.59,98.16,63.61
2016-08-22,0.08,31.98,24.29,97.15,70.76
2016-08-23,0.0,31.36,24.0,97.9,72.05
2016-08-24,0.0,32.15,23.92,98.71,67.39
2016-08-25,0.0,31.51,24.43,98.79,68.49
2016-08-26,0.34,30.24,24.07,98.49,73.83
2016-08-27,3.13,30.01,23.74,98.69,74.75
2016-08-28,0.0,30.54,23.9,98.28,74.64
2016-08-29,1.96,31.11,23.98,97.87,73.4
2016-08-30,0.0,30.48,23.21,98.43,70.17
2016-08-31,11.09,29.83,23.9,98.8,76.82
2016-09-01,0.41,29.77,22.56,98.91,72.02
2016-09-02,1.58,31.22,23.0,98.15,70.43
2016-09-03,10.52,32.44,23.37,99.32,72.02
2016-09-04,0.0,32.41,23.75,98.26,64.84
2016-09-05,16.67,33.01,23.76,98.96,68.45
2016-09-06,0.0,31.55,23.8,98.99,72.49
2016-09-07,0.02,32.17,23.28,98.63,68.84
2016-09-08,0.0,31.86,23.68,98.17,72.44
2016-09-09,5.7,31.43,23.93,99.19,76.32
2016-09-10,13.39,31.8,23.22,98.75,68.74
2016-09-11,20.22,31.04,22.89,98.74,69.83
2016-09-12,0.0,29.78,22.9,99.22,78.12
2016-09-13,0.1,31.03,23.12,98.19,67.78
2016-09-14,0.44,31.34,22.39,98.53,68.81
2016-09-15,0.19,32.21,22.76,98.46,64.53
2016-09-16,0.16,30.1,23.41,98.23,71.86
2016-09-17,0.03,28.61,22.42,98.67,78.3
2016-09-18,5.58,31.82,22.9,98.47,67.06
2016-09-19,1.42,31.89,22.8,98.1,67.91
2016-09-20,0.0,30.39,22.84,98.07,71.75
2016-09-21,0.0,32.21,22.65,98.54,62.28
2016-09-22,2.9,31.82,23.51,98.02,68.25
2016-09-23,0.03,31.67,23.62,97.46,68.24
2016-09-24,0.0,31.65,23.34,98.01,67.97
2016-09-25,0.14,31.02,23.56,97.23,68.96
2016-09-26,0.02,32.19,23.31,96.97,63.66
2016-09-27,0.55,31.72,23.49,97.83,65.34
2016-09-28,0.17,31.87,23.42,97.2,66.03
2016-09-29,8.42,31.23,23.55,98.68,71.35
2016-09-30,0.0,31.85,23.34,98.23,68.66
2016-10-01,0.0,32.73,22.9,98.41,66.51
2016-10-02,0.0,32.46,22.62,98.33,61.64
2016-10-03,0.0,32.93,22.49,97.96,63.34
2016-10-04,1.79,33.54,22.83,98.14,61.52
2016-10-05,0.02,32.17,23.08,97.83,68.78
2016-10-06,0.0,32.2,22.03,97.39,62.26
2016-10-07,0.0,33.33,22.5,96.37,59.27
2016-10-08,0.3,33.33,22.72,97.19,60.84
2016-10-09,0.0,33.85,23.07,97.8,58.35
2016-10-10,0.0,32.67,22.87,97.27,64.64
2016-10-11,0.07,31.92,22.67,97.2,69.42
2016-10-12,0.0,32.53,22.62,96.69,62.83
2016-10-13,0.0,33.19,22.7,96.29,60.07
2016-10-14,0.0,32.34,22.48,96.57,60.83
2016-10-15,0.02,31.59,21.42,96.64,64.12
2016-10-16,0.0,28.8,22.04,97.61,71.64
2016-10-17,0.09,31.01,21.84,96.0,69.6
2016-10-18,0.0,31.03,22.32,92.07,67.24
2016-10-19,0.0,30.32,21.69,95.51,70.83
2016-10-20,0.0,31.58,22.0,96.45,65.05
2016-10-21,0.0,31.54,21.92,97.79,63.4
2016-10-22,0.0,32.07,21.76,96.66,61.53
2016-10-23,0.0,31.13,22.24,94.19,66.47
2016-10-24,0.0,28.77,20.96,93.01,69.07
2016-10-25,0.0,28.16,21.34,95.71,68.55
2016-10-26,0.06,27.93,20.72,93.66,69.89
2016-10-27,0.0,28.0,21.02,93.01,72.15
2016-10-28,0.0,30.18,20.85,92.31,65.29
2016-10-29,0.0,31.84,22.13,92.85,62.56
2016-10-30,0.0,31.2,21.94,95.11,64.08
2016-10-31,0.0,30.47,21.88,96.97,66.66
2016-11-01,0.0,30.4,19.98,94.16,72.09
2016-11-02,0.0,28.73,19.55,95.62,80.15
2016-11-03,0.0,31.1,19.56,94.33,69.56
2016-11-04,0.0,26.35,18.8,91.46,84.05
2016-11-05,0.0,26.22,18.77,92.65,81.38
2016-11-06,0.0,27.46,18.03,90.38,72.24
2016-11-07,0.0,30.45,18.62,89.55,60.36
2016-11-08,0.0,32.12,18.81,89.36,57.02
2016-11-09,0.0,30.9,18.13,89.44,51.15
2016-11-10,0.0,30.32,17.65,90.38,45.99
2016-11-11,0.0,29.57,17.71,90.48,49.83
2016-11-12,0.0,25.68,15.09,86.83,45.93
2016-11-13,0.0,28.26,14.99,89.43,51.65
2016-11-14,0.0,30.64,16.29,90.42,55.83
2016-11-15,0.0,30.5,18.42,89.91,60.49
2016-11-16,0.0,31.55,19.23,86.84,62.71
2016-11-17,0.0,32.01,19.23,86.75,57.14
2016-11-18,0.0,32.37,19.88,87.85,52.14
2016-11-19,0.0,31.01,19.76,91.15,51.43
2016-11-20,0.0,30.09,16.97,88.18,43.08
2016-11-21,0.0,30.55,17.92,86.35,45.4
2016-11-22,0.0,31.91,18.78,90.8,51.16
2016-11-23,0.0,32.03,19.31,90.89,50.52
2016-11-24,0.0,32.27,19.83,90.18,50.48
2016-11-25,0.0,30.98,17.74,88.51,47.87
2016-11-26,0.0,31.66,17.74,89.7,49.41
2016-11-27,0.0,30.85,16.6,86.99,46.09
2016-11-28,0.0,31.14,17.38,90.36,45.93
2016-11-29,0.0,31.61,18.79,91.41,51.41
2016-11-30,0.0,29.9,18.86,91.61,55.97
2016-12-01,0.0,34.18,19.35,88.84,54.39
2016-12-02,0.0,36.36,19.23,76.07,37.67
2016-12-03,0.0,36.26,21.26,75.14,45.4
2016-12-04,0.0,38.02,21.52,80.96,39.51
2016-12-05,0.0,37.82,20.88,74.8,33.69
2016-12-06,0.0,38.46,21.31,74.29,27.18
2016-12-07,0.0,37.81,20.98,65.07,26.9
2016-12-08,0.0,36.58,18.84,63.5,27.63
2016-12-09,0.0,33.79,17.89,65.11,32.43
2016-12-10,0.0,30.99,16.57,67.91,35.48
2016-12-11,0.0,32.83,16.69,63.44,31.37
2016-12-12,0.0,35.04,17.38,61.1,28.11
2016-12-13,0.0,34.74,16.79,56.83,25.56
2016-12-14,0.0,32.07,16.02,55.21,27.75
2016-12-15,0.0,29.23,15.56,52.59,28.11
2016-12-16,0.0,28.35,14.27,54.38,29.06
2016-12-17,0.0,28.75,12.99,63.32,30.35
2016-12-18,0.0,29.71,15.12,66.82,36.75
2016-12-19,0.0,30.43,15.55,64.44,30.7
2016-12-20,0.0,30.12,15.97,54.34,29.47
2016-12-21,0.0,30.55,16.09,53.59,26.68
2016-12-22,0.0,31.32,16.6,42.99,20.14
2016-12-23,0.0,31.25,14.66,44.49,20.83
2016-12-24,0.0,31.89,15.3,42.64,21.95
2016-12-25,0.0,33.16,16.11,45.98,22.23
2016-12-26,0.0,34.11,17.32,45.63,23.84
2016-12-27,0.0,34.61,17.51,45.54,22.82
2016-12-28,0.0,34.4,17.08,49.26,24.67
2016-12-29,0.0,33.95,17.07,46.41,20.92
2016-12-30,0.0,34.23,16.74,42.69,20.32
2016-12-31,0.0,33.56,16.25,40.87,21.41
2017-01-01,0.0,34.61,17.58,45.57,23.36
2017-01-02,0.0,34.99,18.0,44.2,22.27
2017-01-03,0.0,34.34,16.99,43.03,22.83
2017-01-04,0.0,31.36,16.17,36.9,17.94
2017-01-05,0.0,30.06,13.94,37.24,18.68
2017-01-06,0.0,30.1,14.08,40.32,22.43
2017-01-07,0.0,34.84,16.32,43.26,19.86
2017-01-08,0.0,35.6,18.35,39.9,20.0
2017-01-09,0.0,33.26,19.01,34.82,18.24
2017-01-10,0.0,33.03,19.15,30.94,17.22
2017-01-11,0.0,31.69,17.42,30.54,16.6
2017-01-12,0.0,31.14,14.78,33.43,17.53
2017-01-13,0.0,31.32,14.28,30.91,15.67
2017-01-14,0.0,30.0,15.19,39.73,21.29
2017-01-15,0.0,33.15,15.97,43.17,23.49
2017-01-16,0.0,35.52,17.48,41.4,21.36
2017-01-17,0.0,36.71,18.36,38.31,19.74
2017-01-18,0.0,37.74,19.59,48.43,25.63
2017-01-19,0.0,37.47,19.57,49.6,21.97
2017-01-20,0.0,34.43,18.73,30.76,18.95
2017-01-21,0.0,33.62,18.13,40.62,22.77
2017-01-22,0.0,29.37,15.54,34.72,20.03
2017-01-23,0.0,30.95,14.63,54.86,25.82
2017-01-24,0.0,31.37,14.81,48.43,24.71
2017-01-25,0.0,33.47,15.25,40.07,17.09
2017-01-26,0.0,33.94,16.29,27.14,15.46
2017-01-27,0.0,33.54,17.13,25.04,14.76
2017-01-28,0.0,33.02,16.51,28.07,15.68
2017-01-29,0.0,33.28,17.73,22.56,13.64
2017-01-30,0.0,35.46,17.5,25.82,13.38
2017-01-31,0.0,35.36,17.75,25.3,11.91
2017-02-01,0.0,33.61,16.06,31.83,14.61
2017-02-02,0.0,31.58,15.7,47.59,17.24
2017-02-03,0.0,32.38,15.3,40.01,18.12
2017-02-04,0.0,33.89,15.89,36.64,16.4
2017-02-05,0.0,34.13,17.44,33.89,16.71
2017-02-06,0.0,34.5,17.08,31.66,15.29
2017-02-07,0.0,36.42,19.25,25.33,12.95
2017-02-08,0.0,35.16,18.93,25.49,14.46
2017-02-09,0.0,34.72,17.85,27.21,14.59
2017-02-10,0.0,36.95,19.04,25.94,13.31
2017-02-11,0.0,36.54,19.79,26.21,14.45
2017-02-12,0.0,33.96,20.59,33.11,16.81
2017-02-13,0.0,32.8,19.67,52.19,22.58
2017-02-14,0.0,37.98,20.95,43.01,21.06
2017-02-15,0.0,39.43,22.0,36.68,19.07
2017-02-16,0.0,38.82,20.64,45.57,20.12
2017-02-17,0.0,39.42,21.43,40.81,20.95
2017-02-18,0.0,39.51,22.16,46.81,21.18
2017-02-19,0.0,40.43,22.81,41.19,17.56
2017-02-20,0.0,39.46,21.8,39.0,18.72
2017-02-21,0.0,36.7,20.46,42.42,21.13
2017-02-22,0.0,38.06,20.18,42.63,18.34
2017-02-23,0.0,38.19,20.49,35.49,20.37
2017-02-24,0.0,38.22,21.88,40.32,22.66
2017-02-25,0.0,37.72,21.78,49.15,24.83
2017-02-26,0.0,39.31,21.67,60.65,22.4
2017-02-27,0.0,40.66,21.99,56.1,21.67
2017-02-28,0.0,41.44,23.06,41.48,17.65
2017-03-01,0.0,41.75,23.41,37.7,16.21
2017-03-02,0.0,41.86,24.71,32.86,15.64
2017-03-03,0.0,42.5,24.3,35.18,12.36
2017-03-04,0.0,41.71,23.83,38.96,12.94
2017-03-05,0.0,37.52,22.63,41.34,17.88
2017-03-06,0.0,39.79,21.55,30.68,15.63
2017-03-07,0.0,42.29,23.08,31.4,13.66
2017-03-08,0.0,41.88,24.47,24.59,9.78
2017-03-09,0.0,42.15,22.94,24.23,10.2
2017-03-10,0.0,42.58,23.17,23.83,11.16
2017-03-11,0.0,42.55,23.83,27.1,11.61
2017-03-12,0.0,42.08,23.55,27.39,12.42
2017-03-13,0.0,42.79,23.94,24.42,11.3
2017-03-14,0.0,41.64,24.53,24.59,12.5
2017-03-15,0.0,40.17,22.92,39.23,16.15
2017-03-16,0.0,42.29,22.94,37.98,11.79
2017-03-17,0.0,39.01,25.9,27.63,14.46
2017-03-18,0.0,36.1,22.61,48.14,23.62
2017-03-19,0.0,36.33,20.32,45.0,20.85
2017-03-20,0.0,38.64,21.57,40.45,18.8
2017-03-21,0.0,40.37,23.29,31.28,17.42
2017-03-22,0.0,42.31,24.07,34.77,17.67
2017-03-23,0.0,40.65,23.86,37.77,19.14
2017-03-24,0.0,41.78,23.34,42.09,19.5
2017-03-25,0.0,40.94,25.19,45.42,22.13
2017-03-26,0.0,40.4,23.49,59.91,26.62
2017-03-27,0.0,42.27,25.6,50.3,16.9
2017-03-28,0.0,44.11,26.3,48.55,15.72
2017-03-29,0.0,44.6,28.18,36.4,14.38
2017-03-30,0.0,42.61,25.7,45.71,15.99
2017-03-31,0.0,42.41,24.79,62.66,25.93
2017-04-01,0.0,44.19,27.65,44.93,13.22
2017-04-02,0.0,42.82,26.74,21.42,7.69
2017-04-03,0.0,41.44,22.61,36.03,8.2
2017-04-04,0.0,43.59,23.85,25.08,10.12
2017-04-05,0.0,44.76,25.05,27.77,9.55
2017-04-06,0.0,42.52,25.11,28.96,10.3
2017-04-07,0.0,41.12,23.64,31.85,13.06
2017-04-08,0.0,38.45,21.84,49.68,17.32
2017-04-09,0.0,39.33,21.86,50.72,17.65
2017-04-10,0.03,42.07,24.15,35.06,13.19
2017-04-11,0.0,42.81,27.37,26.68,12.7
2017-04-12,0.0,41.99,28.23,22.01,10.51
2017-04-13,0.0,42.65,25.75,22.16,10.67
2017-04-14,0.0,42.56,26.02,23.46,11.69
2017-04-15,0.0,42.61,25.71,25.45,11.17
2017-04-16,0.0,44.03,25.67,20.89,9.85
2017-04-17,0.0,42.95,25.24,22.93,11.43
2017-04-18,0.0,42.21,24.35,47.54,15.71
2017-04-19,0.0,39.53,23.95,52.98,23.3
2017-04-20,0.0,38.93,23.44,57.53,25.56
2017-04-21,0.0,40.82,24.1,48.25,17.96
2017-04-22,0.0,41.99,24.21,46.33,19.66
2017-04-23,0.0,42.11,24.36,37.07,17.6
2017-04-24,0.0,41.34,23.71,41.68,18.01
2017-04-25,0.0,41.44,23.7,48.51,19.08
2017-04-26,0.0,41.76,24.15,49.33,19.84
2017-04-27,0.0,42.05,26.15,39.62,18.36
2017-04-28,0.0,42.57,25.38,47.52,19.91
2017-04-29,0.0,39.31,25.76,46.38,24.5
2017-04-30,0.0,43.42,25.38,49.8,16.53
2017-05-01,0.24,45.42,27.67,36.58,14.72
2017-05-02,0.0,42.27,26.54,46.27,19.45
2017-05-03,0.0,41.24,24.65,49.37,18.18
2017-05-04,0.0,39.11,23.71,50.32,21.48
2017-05-05,0.0,40.44,23.52,55.61,22.13
2017-05-06,0.0,44.52,25.68,46.27,16.4
2017-05-07,0.0,43.67,28.53,36.65,20.1
2017-05-08,0.0,42.29,27.74,54.6,26.73
2017-05-09,0.0,40.66,26.48,74.07,38.02
2017-05-10,0.0,40.76,27.62,74.08,37.45
2017-05-11,0.0,42.61,25.53,71.5,22.02
2017-05-12,0.0,45.45,26.11,46.81,14.53
2017-05-13,0.0,42.54,27.27,54.38,23.2
2017-05-14,0.0,38.81,23.9,90.08,43.36
2017-05-15,0.0,42.23,26.31,75.99,28.2
2017-05-16,0.0,44.49,26.83,58.46,14.65
2017-05-17,0.0,41.56,26.04,66.95,23.9
2017-05-18,0.0,40.92,25.9,80.87,32.71
2017-05-19,0.0,40.85,25.98,81.8,34.11
2017-05-20,0.0,40.21,25.44,69.5,28.71
2017-05-21,0.0,41.3,25.28,64.47,24.11
2017-05-22,0.0,42.03,26.0,55.01,22.56
2017-05-23,0.0,41.6,26.3,59.9,25.04
2017-05-24,0.0,41.82,27.17,66.86,27.23
2017-05-25,0.0,43.88,27.24,60.51,20.64
2017-05-26,0.0,41.1,25.97,77.33,29.34
2017-05-27,0.0,40.92,26.11,64.28,26.55
2017-05-28,0.0,39.78,26.27,65.28,30.31
2017-05-29,0.0,41.98,26.28,76.57,31.55
2017-05-30,0.0,41.3,26.35,81.72,35.03
2017-05-31,0.0,41.12,26.65,82.59,32.47
2017-06-01,0.0,41.5,26.17,57.25,16.2
2017-06-02,0.0,41.51,26.0,51.56,13.85
2017-06-03,0.0,41.23,25.86,51.47,17.28
2017-06-04,0.0,39.54,25.04,65.66,23.51
2017-06-05,0.0,41.12,26.3,65.0,27.13
2017-06-06,0.0,39.7,25.59,69.82,32.31
2017-06-07,0.0,41.26,26.69,62.04,26.66
2017-06-08,0.51,39.8,26.03,66.28,35.87
2017-06-09,0.0,40.56,25.58,90.79,33.36
2017-06-10,0.01,39.3,24.2,89.07,34.4
2017-06-11,0.65,38.76,25.9,83.32,40.83
2017-06-12,0.0,39.07,25.65,79.36,26.4
2017-06-13,0.0,40.23,24.64,65.51,25.27
2017-06-14,0.0,39.92,26.11,61.7,22.61
2017-06-15,0.0,42.17,25.69,63.33,20.22
2017-06-16,0.0,40.33,26.66,69.39,27.88
2017-06-17,0.0,38.38,27.06,64.61,29.94
2017-06-18,0.0,39.73,26.17,75.43,33.12
2017-06-19,0.0,41.55,26.43,61.14,22.84
2017-06-20,0.0,39.69,26.45,54.11,24.55
2017-06-21,1.78,37.8,25.24,71.95,32.93
2017-06-22,4.35,34.62,25.79,85.73,53.43
2017-06-23,0.0,38.71,25.46,96.32,41.56
2017-06-24,0.02,40.37,25.61,90.41,34.39
2017-06-25,0.0,39.78,26.74,73.99,35.64
2017-06-26,36.38,36.23,24.68,94.43,68.89
2017-06-27,0.64,29.47,23.28,98.45,86.45
2017-06-28,5.87,31.1,23.95,98.81,83.84
2017-06-29,0.18,31.56,23.98,98.76,83.89
2017-06-30,18.85,31.18,24.1,97.01,83.73
2017-07-01,0.2,30.96,24.0,97.6,69.82
2017-07-02,2.28,30.48,23.43,97.51,74.0
2017-07-03,0.0,32.18,24.02,98.73,68.75
2017-07-04,0.0,30.79,24.47,96.08,62.06
2017-07-05,0.0,31.06,21.66,95.33,62.81
2017-07-06,0.01,32.36,24.4,95.8,64.17
2017-07-07,2.24,31.41,24.35,97.31,72.39
2017-07-08,0.06,31.02,24.9,97.06,75.68
2017-07-09,0.0,31.7,24.45,96.23,72.08
2017-07-10,0.0,30.63,23.55,95.48,63.87
2017-07-11,0.0,31.51,23.51,95.77,66.93
2017-07-12,0.0,31.23,24.56,95.58,66.85
2017-07-13,0.0,30.54,24.31,95.1,73.25
2017-07-14,1.09,29.65,23.59,94.76,71.65
2017-07-15,4.38,30.11,23.4,94.67,71.78
2017-07-16,0.05,31.12,23.4,97.34,69.31
2017-07-17,0.0,29.72,24.05,95.89,79.15
2017-07-18,0.0,32.09,24.07,95.56,65.55
2017-07-19,0.0,30.75,24.53,96.14,73.66
2017-07-20,0.88,31.56,24.46,95.79,68.71
2017-07-21,0.7,28.94,23.81,97.44,78.64
2017-07-22,0.0,30.12,22.41,95.67,65.71
2017-07-23,0.0,32.35,22.82,96.29,61.85
2017-07-24,0.04,32.81,24.13,93.3,61.64
2017-07-25,0.0,31.68,23.96,98.13,67.81
2017-07-26,0.0,31.66,24.32,95.4,68.21
2017-07-27,0.0,32.56,24.15,95.56,62.81
2017-07-28,0.0,31.51,25.16,94.71,69.56
2017-07-29,12.09,31.32,23.64,98.79,70.21
2017-07-30,0.04,29.41,23.8,98.98,79.06
2017-07-31,0.0,30.81,22.74,98.24,69.64
2017-08-01,11.79,33.27,24.07,97.8,60.9
2017-08-02,0.0,32.94,23.04,98.46,65.44
2017-08-03,0.0,31.11,24.35,97.11,69.79
2017-08-04,0.0,32.23,23.65,96.6,62.55
2017-08-05,0.0,32.43,23.8,94.47,60.8
2017-08-06,0.0,30.82,22.0,93.97,61.41
2017-08-07,0.0,29.89,23.8,96.53,72.97
2017-08-08,11.61,31.98,23.77,93.49,60.3
2017-08-09,0.1,29.53,23.46,98.53,77.25
2017-08-10,0.07,30.66,23.95,97.19,69.43
2017-08-11,0.78,31.43,23.54,97.15,69.39
2017-08-12,9.4,29.91,24.32,97.67,79.48
2017-08-13,3.88,31.41,23.44,98.44,68.75
2017-08-14,4.67,32.23,22.88,99.39,65.69
2017-08-15,0.17,32.8,24.22,98.35,67.74
2017-08-16,1.42,32.51,24.24,96.99,65.98
2017-08-17,2.78,32.72,23.84,95.63,63.75
2017-08-18,3.96,30.18,23.22,99.2,73.5
2017-08-19,8.64,32.15,22.66,97.31,64.83
2017-08-20,0.62,30.96,22.81,99.32,67.73
2017-08-21,0.0,31.8,23.52,97.17,68.08
2017-08-22,0.02,30.68,24.3,97.67,76.13
2017-08-23,3.24,29.85,23.92,97.94,73.43
2017-08-24,0.0,29.99,22.68,98.77,74.4
2017-08-25,5.82,32.2,23.45,97.84,64.69
2017-08-26,46.84,27.9,23.28,99.38,87.88
2017-08-27,1.73,32.4,22.9,98.98,65.34
2017-08-28,0.01,32.24,23.82,97.93,65.99
2017-08-29,0.0,30.91,23.76,97.49,70.63
2017-08-30,0.33,32.71,23.57,98.24,67.06
2017-08-31,0.15,32.42,24.03,97.44,60.85
2017-09-01,0.0,32.42,22.62,98.3,57.75
2017-09-02,0.6,32.0,22.21,96.09,59.12
2017-09-03,0.0,31.91,22.41,96.77,63.47
2017-09-04,10.53,32.05,23.66,97.58,65.96
2017-09-05,0.01,31.28,22.89,98.69,73.79
2017-09-06,0.0,33.13,23.76,99.11,65.79
2017-09-07,21.89,32.72,23.94,98.65,68.91
2017-09-08,0.46,32.34,22.92,99.15,68.92
2017-09-09,0.0,31.59,24.28,98.62,74.44
2017-09-10,0.0,31.75,23.62,96.68,70.07
2017-09-11,0.0,32.34,23.35,97.7,66.46
2017-09-12,0.0,33.62,24.41,95.26,63.15
2017-09-13,0.0,31.94,24.57,96.83,71.36
2017-09-14,0.05,32.26,23.74,96.66,68.1
2017-09-15,0.0,32.28,23.41,98.01,65.11
2017-09-16,0.0,31.92,22.38,98.0,64.08
2017-09-17,0.0,32.19,23.09,95.46,66.18
2017-09-18,10.31,29.78,23.75,99.34,80.25
2017-09-19,0.0,32.75,22.64,99.2,66.36
2017-09-20,0.0,33.68,24.27,97.74,58.65
2017-09-21,0.0,33.3,21.84,92.06,47.68
2017-09-22,0.0,32.88,22.21,91.34,59.25
2017-09-23,28.55,32.05,23.7,93.52,66.83
2017-09-24,28.22,28.95,23.07,99.54,80.2
2017-09-25,0.0,27.52,22.54,99.12,82.47
2017-09-26,0.0,32.2,22.94,99.16,65.97
2017-09-27,0.0,33.75,23.15,98.67,61.06
2017-09-28,0.0,32.99,23.87,96.39,67.08
2017-09-29,0.0,32.08,23.88,97.94,69.83
2017-09-30,0.0,32.11,23.51,97.49,69.3
2017-10-01,0.0,33.92,23.25,98.87,67.79
2017-10-02,1.3,33.71,23.34,96.86,68.3
2017-10-03,0.02,33.07,22.5,97.83,61.38
2017-10-04,4.29,31.34,21.74,98.01,69.06
2017-10-05,0.0,33.93,22.26,97.16,58.63
2017-10-06,0.0,34.05,22.51,95.32,47.86
2017-10-07,0.0,35.33,22.42,88.18,49.98
2017-10-08,0.0,33.12,22.56,97.56,65.73
2017-10-09,0.0,34.1,22.65,98.33,55.73
2017-10-10,0.0,34.15,21.73,98.6,49.36
2017-10-11,2.14,34.04,22.86,98.02,57.12
2017-10-12,0.0,32.44,22.44,96.8,69.43
2017-10-13,0.0,33.86,22.63,96.59,61.21
2017-10-14,0.0,35.94,22.88,96.73,48.42
2017-10-15,0.0,33.56,23.35,97.8,62.1
2017-10-16,0.32,33.5,22.66,96.48,61.25
2017-10-17,0.0,33.8,22.38,93.87,58.35
2017-10-18,0.0,36.46,22.64,96.49,45.21
2017-10-19,0.0,36.23,24.26,77.29,43.04
2017-10-20,0.0,36.21,23.63,83.96,44.07
2017-10-21,0.0,36.42,23.14,87.23,37.06
2017-10-22,0.0,36.58,23.12,64.46,34.0
2017-10-23,0.0,36.25,23.18,68.25,41.13
2017-10-24,0.0,36.4,22.87,85.51,36.37
2017-10-25,0.0,36.53,22.28,64.61,29.59
2017-10-26,0.0,36.76,22.0,67.53,31.4
2017-10-27,0.0,38.35,21.76,83.66,30.83
2017-10-28,0.0,39.12,23.1,85.14,24.32
2017-10-29,0.0,37.75,22.67,84.88,31.14
2017-10-30,0.0,38.16,23.63,98.41,33.7
2017-10-31,0.0,39.07,23.19,85.6,26.45
2017-11-01,0.0,40.95,22.63,67.95,18.69
2017-11-02,0.0,40.82,22.08,64.1,19.07
2017-11-03,0.0,40.2,22.08,63.33,20.94
2017-11-04,0.0,39.97,20.79,77.11,16.49
2017-11-05,0.0,38.47,20.61,67.35,19.63
2017-11-06,0.0,36.14,20.37,88.75,30.62
2017-11-07,0.0,34.28,20.29,94.46,44.94
2017-11-08,0.0,35.1,20.09,96.22,40.23
2017-11-09,0.0,38.93,20.98,73.57,22.78
2017-11-10,0.0,39.6,21.2,85.68,27.71
2017-11-11,0.0,39.55,21.97,85.38,17.02
2017-11-12,0.0,35.27,20.0,45.32,18.15
2017-11-13,0.0,33.2,17.59,45.54,17.57
2017-11-14,0.0,35.35,18.11,50.82,18.13
2017-11-15,0.0,35.98,17.58,54.58,18.57
2017-11-16,0.0,36.75,18.7,51.51,17.89
2017-11-17,0.0,33.99,19.26,41.76,18.88
2017-11-18,0.0,35.95,18.54,46.11,14.15
2017-11-19,0.0,35.62,16.83,33.31,13.28
2017-11-20,0.0,36.61,18.27,39.37,13.57
2017-11-21,0.0,37.97,20.18,39.6,13.6
2017-11-22,0.0,38.03,20.34,40.03,14.98
2017-11-23,0.0,38.29,20.4,41.58,17.11
2017-11-24,0.0,38.59,21.49,57.21,20.92
2017-11-25,0.0,36.55,21.56,58.9,23.15
2017-11-26,0.0,35.74,20.01,48.43,20.51
2017-11-27,0.0,37.75,19.85,54.02,21.46
2017-11-28,0.0,37.41,20.19,54.62,18.02
2017-11-29,0.0,37.07,19.72,49.29,18.34
2017-11-30,0.0,38.0,20.36,72.09,18.96
2017-12-01,0.0,39.0,20.23,47.73,16.47
2017-12-02,0.0,37.82,19.55,42.1,17.02
2017-12-03,0.0,37.35,18.72,46.21,19.99
2017-12-04,0.0,36.47,18.5,55.19,24.41
2017-12-05,0.0,37.46,18.47,49.54,21.29
2017-12-06,0.0,33.1,18.01,37.98,20.47
2017-12-07,0.0,30.94,16.63,39.27,22.25
2017-12-08,0.0,30.59,14.73,50.55,26.58
2017-12-09,0.0,30.78,15.38,57.82,30.92
2017-12-10,0.0,33.62,16.38,51.68,23.36
2017-12-11,0.0,33.54,16.66,40.57,20.71
2017-12-12,0.0,33.75,16.14,40.18,18.49
2017-12-13,0.0,30.69,14.73,43.19,21.3
2017-12-14,0.0,29.88,13.23,55.23,26.26
2017-12-15,0.0,30.76,14.0,50.16,23.54
2017-12-16,0.0,33.04,16.75,44.02,23.25
2017-12-17,0.0,33.61,17.12,44.54,20.35
2017-12-18,0.0,32.69,16.28,42.95,21.6
2017-12-19,0.0,33.04,16.18,59.22,24.93
2017-12-20,0.0,30.58,16.68,54.56,28.54
2017-12-21,0.0,28.13,15.79,44.31,25.67
2017-12-22,0.0,26.87,14.15,35.01,23.87
2017-12-23,0.0,27.46,13.89,40.87,24.08
2017-12-24,0.0,27.22,13.17,38.94,24.49
2017-12-25,0.0,31.35,15.47,35.8,19.58
2017-12-26,0.0,32.21,16.66,33.2,20.05
2017-12-27,0.0,31.64,17.57,43.54,23.63
2017-12-28,0.0,30.42,16.13,42.01,22.16
2017-12-29,0.0,30.58,14.8,34.59,19.35
2017-12-30,0.0,32.89,14.86,31.93,17.34
2017-12-31,0.0,35.51,16.4,32.41,16.42
2018-01-01,0.0,35.38,19.17,27.09,15.0
2018-01-02,0.0,33.43,18.3,32.15,18.47
2018-01-03,0.0,34.06,17.35,28.51,16.18
2018-01-04,0.0,34.64,17.52,30.15,15.38
2018-01-05,0.0,35.84,18.68,29.4,15.69
2018-01-06,0.0,35.52,17.77,29.55,14.09
2018-01-07,0.0,31.52,16.27,28.1,15.5
2018-01-08,0.0,33.31,15.01,34.18,15.27
2018-01-09,0.0,32.6,16.33,53.35,23.2
2018-01-10,0.0,32.05,15.28,50.85,23.54
2018-01-11,0.0,30.6,15.03,46.58,21.73
2018-01-12,0.0,34.08,17.43,27.09,14.51
2018-01-13,0.0,35.43,15.46,31.88,14.07
2018-01-14,0.0,36.04,16.36,32.53,15.13
2018-01-15,0.0,36.19,16.32,33.09,14.35
2018-01-16,0.0,31.41,16.0,38.97,17.93
2018-01-17,0.0,28.88,13.15,50.54,23.09
2018-01-18,0.0,30.48,13.05,49.08,19.8
2018-01-19,0.0,32.07,15.31,42.03,19.28
2018-01-20,0.0,33.1,16.03,41.02,19.29
2018-01-21,0.0,33.1,16.82,32.22,16.09
2018-01-22,0.0,31.54,16.11,35.14,18.55
2018-01-23,0.0,32.78,14.89,39.34,17.07
2018-01-24,0.0,36.1,15.84,31.97,12.37
2018-01-25,0.0,35.78,17.36,27.48,12.07
2018-01-26,0.0,34.66,16.48,25.07,12.31
2018-01-27,0.0,34.38,16.71,32.11,15.32
2018-01-28,0.0,34.77,17.87,34.76,16.58
2018-01-29,0.0,35.21,15.68,45.8,17.83
2018-01-30,0.0,33.49,15.65,40.16,17.7
2018-01-31,0.0,34.4,16.68,38.23,18.04
2018-02-01,0.0,32.61,17.83,29.69,18.5
2018-02-02,0.0,30.77,16.08,35.31,19.4
2018-02-03,0.0,30.79,16.1,50.82,23.26
2018-02-04,0.0,32.2,16.94,57.93,29.92
2018-02-05,0.0,32.25,18.67,55.3,28.96
2018-02-06,0.0,30.73,20.27,37.81,24.72
2018-02-07,0.0,31.62,19.52,42.73,22.0
2018-02-08,0.0,29.77,17.57,42.46,24.28
2018-02-09,0.0,30.07,17.51,44.29,23.56
2018-02-10,0.0,31.5,16.39,39.1,16.55
2018-02-11,0.0,31.79,16.0,31.48,15.4
2018-02-12,0.0,32.78,17.14,25.93,14.81
2018-02-13,0.0,34.57,17.85,28.99,15.08
2018-02-14,0.0,34.92,18.47,20.55,11.25
2018-02-15,0.0,35.51,19.28,19.74,12.55
2018-02-16,0.0,35.87,20.15,28.24,12.27
2018-02-17,0.0,35.37,21.39,31.05,14.31
2018-02-18,0.0,38.95,19.93,34.15,14.72
2018-02-19,0.0,40.02,21.48,32.44,15.09
2018-02-20,0.0,40.27,21.17,34.02,16.02
2018-02-21,0.0,38.51,21.12,46.72,21.13
2018-02-22,0.0,37.92,21.25,40.86,20.11
2018-02-23,0.0,33.55,19.44,66.02,28.34
2018-02-24,0.0,31.31,16.21,85.66,33.75
2018-02-25,0.0,34.24,16.95,76.89,34.86
2018-02-26,0.0,34.15,17.69,81.13,35.15
2018-02-27,0.0,37.47,19.78,61.28,29.47
2018-02-28,0.0,34.32,20.21,70.67,34.65
2018-03-01,0.0,34.0,19.73,74.93,35.37
2018-03-02,0.0,39.67,21.87,59.75,27.99
2018-03-03,0.0,39.77,23.24,52.18,24.86
2018-03-04,0.0,38.98,22.83,49.92,22.24
2018-03-05,0.0,41.5,24.24,42.9,20.28
2018-03-06,0.0,39.11,23.68,38.82,18.03
2018-03-07,0.0,39.19,23.08,32.81,15.22
2018-03-08,0.0,39.14,22.58,40.33,18.07
2018-03-09,0.0,40.47,23.99,35.95,16.09
2018-03-10,0.0,40.14,22.96,31.81,13.74
2018-03-11,0.0,40.0,22.45,29.81,13.4
2018-03-12,0.0,39.96,23.02,29.59,14.68
2018-03-13,0.0,40.17,23.24,32.49,14.53
2018-03-14,0.0,40.56,22.61,28.17,12.97
2018-03-15,0.0,39.99,23.06,32.59,15.14
2018-03-16,0.0,38.1,23.35,33.2,15.78
2018-03-17,0.0,39.39,22.65,41.8,19.68
2018-03-18,0.0,38.97,21.85,33.96,16.55
2018-03-19,0.0,39.63,21.67,28.51,13.48
2018-03-20,0.0,40.0,22.26,31.6,13.97
2018-03-21,0.0,38.41,21.72,33.29,15.31
2018-03-22,0.0,38.43,20.96,34.11,16.49
2018-03-23,0.0,36.23,21.78,23.09,9.91
2018-03-24,0.0,34.86,19.13,16.7,8.92
2018-03-25,0.0,37.7,19.76,17.38,9.17
2018-03-26,0.0,38.84,20.71,17.1,7.9
2018-03-27,0.0,36.94,23.68,27.54,9.86
2018-03-28,0.0,41.53,25.08,29.11,13.32
2018-03-29,0.0,42.5,24.77,37.37,14.19
2018-03-30,0.0,38.81,22.99,52.86,22.67
2018-03-31,0.0,41.15,23.74,44.84,14.39
2018-04-01,0.0,41.21,23.38,47.48,18.95
2018-04-02,0.0,38.13,22.14,52.47,21.62
2018-04-03,0.0,38.95,21.39,58.45,21.42
2018-04-04,0.0,41.03,23.29,47.51,16.28
2018-04-05,0.0,44.08,24.27,35.88,13.83
2018-04-06,0.0,44.48,26.37,31.69,12.99
2018-04-07,0.0,42.39,25.8,37.54,16.76
2018-04-08,0.0,41.06,25.26,39.34,14.58
2018-04-09,0.0,42.05,23.93,39.46,15.76
2018-04-10,0.0,38.14,24.15,34.26,16.51
2018-04-11,0.0,41.06,25.28,28.53,11.59
2018-04-12,0.0,40.28,23.35,30.16,12.98
2018-04-13,0.0,39.57,23.08,37.61,16.09
2018-04-14,0.0,39.9,22.67,34.23,15.58
2018-04-15,0.0,41.12,23.45,35.84,15.96
2018-04-16,0.0,42.05,23.84,35.01,15.34
2018-04-17,0.0,41.61,23.37,43.35,15.99
2018-04-18,0.0,38.33,22.46,51.22,21.81
2018-04-19,0.0,37.6,22.09,55.72,24.74
2018-04-20,0.0,36.02,20.35,66.4,25.89
2018-04-21,0.0,38.23,20.59,65.5,24.16
2018-04-22,0.0,39.22,22.32,55.03,20.93
2018-04-23,0.0,40.97,23.03,47.28,19.19
2018-04-24,0.0,42.81,24.35,44.17,13.93
2018-04-25,0.0,42.56,24.87,28.37,13.09
2018-04-26,0.0,43.37,24.98,31.7,12.59
2018-04-27,0.0,44.13,25.68,31.95,13.68
2018-04-28,0.0,41.66,24.24,46.31,17.88
2018-04-29,0.0,42.8,24.46,39.04,12.37
2018-04-30,0.0,42.89,24.11,30.67,10.35
2018-05-01,0.0,42.0,24.7,21.67,7.35
2018-05-02,0.0,42.4,24.74,25.34,10.72
2018-05-03,0.0,42.26,24.83,26.26,11.07
2018-05-04,0.0,41.59,23.84,27.29,10.71
2018-05-05,0.0,42.06,24.58,28.5,12.1
2018-05-06,0.0,39.84,23.02,52.48,19.65
2018-05-07,0.01,41.68,23.81,49.55,15.57
2018-05-08,0.0,42.97,24.88,37.93,14.0
2018-05-09,0.0,42.29,25.48,28.28,13.28
2018-05-10,0.0,42.38,25.03,30.97,14.32
2018-05-11,0.0,42.64,25.01,35.24,13.92
2018-05-12,0.0,40.81,23.96,46.33,17.58
2018-05-13,0.0,41.37,23.45,53.1,18.46
2018-05-14,0.0,39.92,25.08,44.85,19.31
2018-05-15,0.0,39.38,24.82,47.85,23.07
2018-05-16,0.0,41.17,26.05,45.29,18.46
2018-05-17,0.0,40.79,23.91,45.51,19.99
2018-05-18,0.0,39.51,24.09,55.6,22.92
2018-05-19,0.0,38.69,24.03,54.12,23.88
2018-05-20,0.0,39.49,23.87,54.17,22.84
2018-05-21,0.0,40.52,23.94,53.95,21.95
2018-05-22,0.0,42.2,24.85,48.86,16.02
2018-05-23,0.0,43.66,25.21,40.21,12.68
2018-05-24,0.0,44.07,26.14,34.72,13.61
2018-05-25,0.0,41.05,26.2,49.39,20.12
2018-05-26,0.0,41.14,24.66,53.52,18.2
2018-05-27,0.0,42.93,24.59,49.79,15.73
2018-05-28,0.0,44.09,27.21,33.98,14.54
2018-05-29,0.0,40.83,26.25,59.32,26.23
2018-05-30,0.0,41.22,25.88,61.7,28.33
2018-05-31,0.0,40.9,25.88,58.24,21.45
2018-06-01,0.0,41.63,24.37,51.56,17.65
2018-06-02,0.0,41.22,27.41,51.45,22.57
2018-06-03,0.0,39.84,25.37,84.93,34.45
2018-06-04,0.01,37.12,24.8,88.43,43.22
2018-06-05,0.0,40.49,26.53,66.86,26.51
2018-06-06,0.0,40.84,27.05,54.1,22.45
2018-06-07,0.06,40.12,25.92,52.23,24.98
2018-06-08,0.0,41.22,26.7,46.15,18.38
2018-06-09,0.0,42.31,27.76,42.63,16.82
2018-06-10,0.0,39.29,27.33,49.02,22.01
2018-06-11,0.0,40.86,26.73,50.6,17.92
2018-06-12,0.0,40.31,26.06,55.25,22.39
2018-06-13,0.46,41.2,27.36,60.09,29.46
2018-06-14,0.0,38.1,26.19,53.94,25.89
2018-06-15,0.0,40.09,26.83,49.25,20.64
2018-06-16,0.0,39.29,25.17,54.42,21.99
2018-06-17,0.0,39.44,24.44,54.94,23.19
2018-06-18,0.0,36.9,24.39,49.9,24.01
2018-06-19,0.0,38.43,24.09,52.14,21.55
2018-06-20,0.0,39.34,24.99,57.23,24.69
2018-06-21,0.0,38.58,25.41,65.6,30.66
2018-06-22,0.0,39.92,25.54,70.48,28.4
2018-06-23,0.0,38.99,26.51,71.41,33.09
2018-06-24,0.0,40.34,26.45,71.33,30.47
2018-06-25,0.01,41.26,24.82,58.12,21.24
2018-06-26,0.0,40.19,27.79,64.46,26.07
2018-06-27,25.47,37.0,24.56,99.56,42.5
2018-06-28,0.0,30.61,22.05,98.31,77.1
2018-06-29,0.0,33.57,24.09,97.46,68.94
2018-06-30,0.0,34.8,23.92,92.97,49.68
2018-07-01,0.9,34.34,23.87,67.69,42.88
2018-07-02,0.0,36.75,24.92,68.41,40.86
2018-07-03,2.86,35.13,25.02,83.23,48.31
2018-07-04,0.0,38.3,25.52,83.12,35.68
2018-07-05,0.0,39.94,27.53,71.89,32.06
2018-07-06,0.02,37.43,26.11,77.31,39.38
2018-07-07,19.72,35.33,24.97,89.25,47.83
2018-07-08,0.0,35.15,24.71,91.71,49.05
2018-07-09,0.21,36.11,25.29,90.78,46.37
2018-07-10,0.0,37.09,25.41,85.2,39.75
2018-07-11,1.78,38.79,26.27,77.47,37.17
2018-07-12,0.0,37.87,26.54,78.31,39.54
2018-07-13,0.0,37.71,25.67,78.87,37.41
2018-07-14,0.02,34.81,26.69,86.36,50.06
2018-07-15,0.0,35.43,24.67,92.16,49.38
2018-07-16,0.0,36.27,24.12,83.65,40.94
2018-07-17,3.74,36.26,25.34,76.75,42.93
2018-07-18,24.44,34.8,24.44,97.89,50.09
2018-07-19,0.0,32.12,23.46,99.23,70.03
2018-07-20,0.0,32.07,24.43,97.69,67.79
2018-07-21,0.49,31.83,23.44,96.35,60.01
2018-07-22,0.0,35.5,24.36,86.61,49.99
2018-07-23,2.38,37.07,26.11,82.36,39.56
2018-07-24,13.07,33.98,24.23,98.02,53.33
2018-07-25,0.0,35.34,24.11,94.54,45.59
2018-07-26,0.0,36.07,23.57,76.36,40.59
2018-07-27,0.0,36.57,24.82,74.85,39.59
2018-07-28,10.82,36.29,25.32,82.13,44.85
2018-07-29,0.38,35.57,23.76,93.09,45.33
2018-07-30,0.0,39.22,26.26,73.96,35.48
2018-07-31,0.0,37.3,25.37,89.21,44.99
2018-08-01,0.0,33.32,23.99,96.45,59.56
2018-08-02,22.55,30.56,24.02,96.09,73.62
2018-08-03,8.85,31.67,23.18,97.7,66.28
2018-08-04,0.0,32.21,23.74,96.78,63.59
2018-08-05,0.0,32.29,24.07,95.3,63.32
2018-08-06,0.13,33.01,23.25,94.4,57.23
2018-08-07,0.0,34.58,23.38,85.64,50.11
2018-08-08,0.56,32.68,24.2,83.44,51.37
2018-08-09,0.47,32.66,23.46,94.36,58.4
2018-08-10,0.76,30.22,22.75,96.32,72.64
2018-08-11,0.01,32.49,22.31,94.36,50.56
2018-08-12,0.0,33.64,22.07,82.55,47.67
2018-08-13,0.05,31.32,24.15,92.91,57.71
2018-08-14,0.02,32.74,23.17,95.91,55.91
2018-08-15,0.04,33.97,24.37,78.37,48.49
2018-08-16,0.31,36.48,24.09,84.1,43.6
2018-08-17,0.0,36.43,24.84,81.46,44.9
2018-08-18,0.0,34.44,23.54,92.58,51.35
2018-08-19,0.06,35.32,24.1,78.65,43.5
2018-08-20,0.12,34.96,24.57,82.04,47.81
2018-08-21,0.0,36.28,24.08,89.49,43.12
2018-08-22,7.04,37.27,25.09,94.05,41.44
2018-08-23,14.6,32.27,22.66,98.48,65.62
2018-08-24,0.06,33.86,23.58,97.78,60.76
2018-08-25,21.55,34.43,24.97,94.67,57.73
2018-08-26,1.03,34.55,24.29,87.82,52.21
2018-08-27,9.15,34.77,25.2,89.62,57.16
2018-08-28,3.04,33.99,24.18,94.97,55.84
2018-08-29,12.84,33.71,24.17,97.93,61.56
2018-08-30,2.28,30.07,23.63,98.34,74.44
2018-08-31,0.0,32.24,22.96,98.1,61.22
2018-09-01,6.24,35.4,23.25,91.18,48.25
2018-09-02,4.75,31.26,22.98,97.92,69.16
2018-09-03,0.68,30.66,23.51,98.33,73.62
2018-09-04,1.59,32.46,23.21,97.94,65.77
2018-09-05,8.15,33.28,23.41,96.78,61.48
2018-09-06,9.21,30.08,22.72,99.36,75.61
2018-09-07,0.0,31.54,23.11,97.73,67.18
2018-09-08,0.0,32.38,22.21,95.4,59.65
2018-09-09,10.51,34.01,23.39,90.58,53.33
2018-09-10,1.71,30.77,23.03,98.01,67.52
2018-09-11,18.72,30.65,22.83,99.4,74.61
2018-09-12,8.22,29.53,22.98,99.27,78.61
2018-09-13,0.01,30.65,22.88,98.85,72.28
2018-09-14,2.98,31.59,23.19,99.18,72.49
2018-09-15,0.0,33.0,23.36,98.93,62.41
2018-09-16,0.12,33.23,23.76,97.39,66.22
2018-09-17,14.4,32.44,23.93,98.31,70.68
2018-09-18,17.41,29.36,23.22,99.63,80.53
2018-09-19,0.0,31.95,23.64,99.27,71.06
2018-09-20,0.0,31.74,23.35,98.07,69.95
2018-09-21,4.0,33.9,24.61,97.85,64.96
2018-09-22,3.44,32.02,23.97,97.62,70.51
2018-09-23,0.01,32.12,23.14,98.42,63.55
2018-09-24,9.83,32.21,21.62,97.5,64.1
2018-09-25,3.27,31.08,23.07,98.62,73.87
2018-09-26,0.02,30.96,22.85,97.49,73.46
2018-09-27,0.0,33.5,23.77,97.33,65.96
2018-09-28,24.25,31.85,24.42,98.34,73.62
2018-09-29,1.11,30.27,22.87,98.56,72.87
2018-09-30,0.0,29.63,22.95,98.77,74.52
2018-10-01,7.09,31.82,22.44,98.69,67.92
2018-10-02,0.0,32.06,22.94,97.54,72.69
2018-10-03,0.0,32.39,23.13,98.47,71.08
2018-10-04,0.0,33.56,23.42,97.39,64.65
2018-10-05,0.0,33.29,23.31,98.21,67.93
2018-10-06,0.05,33.61,23.36,98.19,65.93
2018-10-07,0.0,34.12,23.46,98.05,63.92
2018-10-08,0.0,33.77,23.07,97.09,65.54
2018-10-09,0.0,33.4,23.55,97.85,68.21
2018-10-10,0.0,33.5,23.06,97.21,62.87
2018-10-11,0.02,35.31,22.26,97.35,50.31
2018-10-12,0.0,36.93,23.25,95.71,44.73
2018-10-13,0.0,34.97,23.19,97.12,54.29
2018-10-14,2.57,32.61,22.04,97.58,62.19
2018-10-15,0.03,32.62,21.28,94.85,60.89
2018-10-16,0.26,31.67,22.02,96.34,64.15
2018-10-17,0.01,36.17,22.63,96.56,44.94
2018-10-18,0.01,37.68,23.17,78.0,36.71
2018-10-19,0.0,35.5,22.89,97.04,50.73
2018-10-20,0.0,32.98,22.42,96.78,55.53
2018-10-21,0.0,38.4,22.84,88.1,24.75
2018-10-22,0.0,38.62,23.5,68.5,29.17
2018-10-23,0.0,39.03,24.17,86.7,38.41
2018-10-24,0.0,39.18,24.83,94.94,37.48
2018-10-25,0.0,40.87,24.76,82.68,28.96
2018-10-26,0.0,39.25,25.86,84.04,38.63
2018-10-27,0.0,34.14,23.02,94.73,62.19
2018-10-28,0.0,34.82,22.7,94.76,55.5
2018-10-29,0.01,35.44,23.27,93.66,53.01
2018-10-30,0.0,32.6,22.52,92.74,66.22
2018-10-31,0.0,32.28,21.65,91.68,58.31
2018-11-01,0.04,34.73,20.26,93.25,56.01
2018-11-02,0.0,37.61,21.36,93.31,34.22
2018-11-03,0.0,37.74,19.94,68.15,24.33
2018-11-04,0.0,38.79,21.01,62.86,24.42
2018-11-05,0.0,37.88,21.03,70.56,27.56
2018-11-06,0.0,38.35,20.93,72.41,26.29
2018-11-07,0.0,38.93,21.41,68.3,24.72
2018-11-08,0.0,39.8,23.32,62.95,18.63
2018-11-09,0.0,39.63,21.05,49.02,16.16
2018-11-10,0.0,38.66,20.62,48.92,18.18
2018-11-11,0.0,38.1,20.34,47.36,18.76
2018-11-12,0.0,37.62,20.09,47.59,18.27
2018-11-13,0.0,34.33,20.72,47.38,19.12
2018-11-14,0.0,36.31,19.63,53.4,22.65
2018-11-15,0.0,34.6,19.91,52.02,23.61
2018-11-16,0.0,35.49,19.78,48.37,22.31
2018-11-17,0.0,37.3,20.0,48.99,20.14
2018-11-18,0.0,32.3,19.81,75.02,30.39
2018-11-19,0.0,34.35,19.26,80.64,33.95
2018-11-20,0.0,35.85,19.78,75.72,30.22
2018-11-21,0.0,36.52,20.52,60.26,25.59
2018-11-22,0.0,39.33,22.0,53.2,22.28
2018-11-23,0.0,36.96,21.97,54.86,25.14
2018-11-24,0.0,35.09,21.01,57.05,28.55
2018-11-25,0.0,35.51,20.35,61.08,27.18
2018-11-26,0.0,34.57,19.67,49.09,23.42
2018-11-27,0.0,35.87,18.73,46.19,20.52
2018-11-28,0.0,38.49,20.29,50.12,18.68
2018-11-29,0.0,38.5,20.13,42.48,15.3
2018-11-30,0.0,37.12,18.8,41.09,16.4
2018-12-01,0.0,36.55,18.57,43.03,18.52
2018-12-02,0.0,36.83,17.79,34.99,15.63
2018-12-03,0.0,33.9,17.07,32.99,16.99
2018-12-04,0.0,36.16,16.82,36.05,16.87
2018-12-05,0.0,37.69,17.23,35.93,15.8
2018-12-06,0.0,39.58,20.34,42.99,23.21
2018-12-07,0.0,38.51,20.13,38.27,13.74
2018-12-08,0.0,35.65,18.25,38.47,17.12
2018-12-09,0.0,35.69,17.25,37.84,17.8
2018-12-10,0.0,36.36,17.61,36.03,15.93
2018-12-11,0.0,35.84,16.34,36.54,15.1
2018-12-12,0.0,36.81,16.63,37.98,16.87
2018-12-13,0.0,36.52,19.81,32.2,18.36
2018-12-14,0.0,37.31,21.12,27.68,12.88
2018-12-15,0.0,34.93,20.88,26.72,14.62
2018-12-16,0.0,35.65,18.97,26.18,12.2
2018-12-17,0.0,36.23,18.44,28.48,14.31
2018-12-18,0.0,35.72,17.48,32.28,15.65
2018-12-19,0.0,37.01,17.62,31.16,14.01
2018-12-20,0.0,36.84,18.24,29.77,14.04
2018-12-21,0.0,35.55,17.36,30.69,14.19
2018-12-22,0.0,35.25,17.22,27.58,13.52
2018-12-23,0.0,34.45,17.44,30.65,15.42
2018-12-24,0.0,31.66,15.56,35.07,17.91
2018-12-25,0.0,34.59,16.12,34.1,14.96
2018-12-26,0.0,33.88,15.95,32.25,15.08
2018-12-27,0.0,33.97,15.9,33.16,15.77
2018-12-28,0.0,34.36,15.55,34.9,15.74
2018-12-29,0.0,34.24,16.13,33.37,16.39
2018-12-30,0.0,35.62,16.76,34.86,16.53
2018-12-31,0.0,37.16,18.12,35.62,17.67
2019-01-01,0.0,38.5,19.75,34.88,17.55
2019-01-02,0.0,36.22,19.2,32.25,16.29
2019-01-03,0.0,31.38,15.92,34.01,18.98
2019-01-04,0.0,30.54,14.45,32.64,18.45
2019-01-05,0.0,33.51,16.44,31.19,16.62
2019-01-06,0.0,33.87,16.58,29.46,13.94
2019-01-07,0.0,32.79,17.43,24.97,14.6
2019-01-08,0.0,34.65,17.26,29.72,14.44
2019-01-09,0.0,35.5,16.58,29.82,13.75
2019-01-10,0.0,35.88,17.16,27.76,12.39
2019-01-11,0.0,35.27,17.36,25.6,12.93
2019-01-12,0.0,36.38,18.39,24.15,11.21
2019-01-13,0.0,37.52,18.26,23.19,11.52
2019-01-14,0.0,37.09,19.32,22.1,11.7
2019-01-15,0.0,38.7,18.92,29.18,12.07
2019-01-16,0.0,38.31,19.26,25.78,11.88
2019-01-17,0.0,37.5,18.62,22.7,10.07
2019-01-18,0.0,31.76,16.61,27.22,12.74
2019-01-19,0.0,30.73,14.89,47.32,20.85
2019-01-20,0.0,31.78,14.36,37.71,18.35
2019-01-21,0.0,32.42,14.71,31.12,12.82
2019-01-22,0.0,31.84,14.14,32.1,15.12
2019-01-23,0.0,33.18,16.34,49.3,19.76
2019-01-24,0.0,35.3,17.58,37.6,18.38
2019-01-25,0.0,38.03,18.63,35.35,15.94
2019-01-26,0.0,37.59,19.64,31.04,12.38
2019-01-27,0.0,37.56,19.5,29.24,13.96
2019-01-28,0.0,35.62,17.43,34.44,13.52
2019-01-29,0.0,35.66,16.47,36.5,14.05
2019-01-30,0.0,36.25,16.23,34.39,13.81
2019-01-31,0.0,36.36,17.35,29.61,12.67
2019-02-01,0.0,36.98,18.27,29.85,12.58
2019-02-02,0.0,35.53,17.92,37.7,15.74
2019-02-03,0.0,35.1,18.42,40.09,20.41
2019-02-04,0.0,36.4,18.54,47.97,21.82
2019-02-05,0.0,37.59,20.21,38.56,19.05
2019-02-06,0.0,34.65,18.09,24.38,13.31
2019-02-07,0.0,36.09,17.7,20.94,10.61
2019-02-08,0.0,34.61,19.44,16.43,9.87
2019-02-09,0.0,37.27,20.34,19.42,10.83
2019-02-10,0.0,39.22,20.32,22.05,11.6
2019-02-11,0.0,38.78,21.92,22.69,11.01
2019-02-12,0.0,37.89,20.14,17.05,8.45
2019-02-13,0.0,36.42,20.33,17.62,9.39
2019-02-14,0.0,37.32,19.04,18.48,10.17
2019-02-15,0.17,39.48,21.46,18.45,9.93
2019-02-16,0.0,38.57,21.76,18.55,10.9
2019-02-17,0.0,36.75,19.77,31.13,13.13
2019-02-18,0.0,37.12,19.8,36.36,15.21
2019-02-19,0.0,35.08,20.0,26.32,11.88
2019-02-20,0.0,37.65,18.56,27.35,13.99
2019-02-21,0.0,39.4,19.91,30.59,14.32
2019-02-22,0.0,39.68,21.89,24.08,8.09
2019-02-23,0.0,37.35,20.76,17.63,8.55
2019-02-24,0.0,35.5,18.31,25.54,9.16
2019-02-25,0.0,34.77,16.35,17.13,8.55
2019-02-26,0.0,34.21,16.69,20.84,10.97
2019-02-27,0.0,32.64,15.89,21.68,11.75
2019-02-28,0.0,32.93,15.4,28.9,11.51
2019-03-01,0.0,32.22,15.89,26.29,13.02
2019-03-02,0.0,34.02,16.22,33.0,14.45
2019-03-03,0.0,35.75,17.58,31.73,12.67
2019-03-04,0.0,36.77,18.18,25.08,9.41
2019-03-05,0.0,38.49,19.05,24.59,9.76
2019-03-06,0.0,38.92,20.29,17.82,6.54
2019-03-07,0.0,38.56,18.71,17.63,6.68
2019-03-08,0.0,36.5,19.25,31.18,10.9
2019-03-09,0.0,36.14,18.09,39.28,13.18
2019-03-10,0.0,38.16,19.45,28.15,11.32
2019-03-11,0.0,39.19,20.48,24.26,11.11
2019-03-12,0.0,38.58,21.5,24.35,10.7
2019-03-13,0.0,38.5,21.41,26.42,10.66
2019-03-14,0.0,38.5,20.52,23.01,9.72
2019-03-15,0.0,39.76,20.55,20.41,9.42
2019-03-16,0.0,42.14,21.08,19.06,7.52
2019-03-17,0.0,43.11,22.55,16.57,7.97
2019-03-18,0.0,43.52,23.98,19.82,8.06
2019-03-19,0.0,43.25,24.04,18.08,7.89
2019-03-20,0.0,43.18,24.19,19.24,8.87
2019-03-21,0.0,42.28,23.46,24.28,9.92
2019-03-22,0.0,37.03,21.78,65.04,23.76
2019-03-23,0.0,32.52,17.32,93.63,45.72
2019-03-24,0.0,35.35,19.33,82.24,36.32
2019-03-25,0.0,35.89,20.52,77.35,33.84
2019-03-26,0.0,34.71,19.41,67.53,30.89
2019-03-27,0.0,36.72,20.75,71.85,33.1
2019-03-28,0.0,35.17,21.56,75.62,40.27
2019-03-29,0.0,35.31,23.09,70.82,41.34
2019-03-30,0.0,31.87,21.52,78.72,46.4
2019-03-31,0.0,37.31,21.09,83.79,26.79
2019-04-01,0.0,35.35,20.5,89.56,33.73
2019-04-02,0.0,38.0,23.27,68.35,33.67
2019-04-03,0.0,36.99,23.06,72.39,34.13
2019-04-04,0.0,36.35,22.01,83.14,35.55
2019-04-05,0.0,37.49,23.4,57.95,30.51
2019-04-06,0.0,39.53,23.77,50.6,21.04
2019-04-07,0.0,40.56,24.61,35.3,16.4
2019-04-08,0.0,41.16,23.59,28.85,12.37
2019-04-09,0.0,42.06,24.37,28.31,12.14
2019-04-10,0.0,42.51,24.76,24.79,12.37
2019-04-11,0.0,40.43,24.08,29.23,14.08
2019-04-12,0.0,38.82,22.63,28.42,10.95
2019-04-13,0.0,40.28,21.11,36.18,11.37
2019-04-14,0.0,42.88,22.63,25.83,9.88
2019-04-15,0.0,43.26,23.8,28.33,10.55
2019-04-16,0.0,44.46,23.87,37.94,10.04
2019-04-17,0.0,44.57,24.86,38.65,12.37
2019-04-18,0.0,43.98,24.64,38.36,11.31
2019-04-19,0.0,44.41,25.76,36.71,13.03
2019-04-20,0.0,44.14,25.95,35.0,15.5
2019-04-21,0.0,40.74,24.13,44.14,20.34
2019-04-22,0.0,39.26,22.31,54.38,21.44
2019-04-23,0.0,39.56,21.82,66.58,21.82
2019-04-24,0.0,42.28,22.87,44.17,14.12
2019-04-25,0.0,44.39,25.21,23.41,12.47
2019-04-26,0.0,45.15,26.73,41.33,16.38
2019-04-27,0.0,41.71,25.74,88.68,57.56
2019-04-28,0.0,45.28,27.43,81.3,20.23
2019-04-29,0.0,46.13,28.18,37.83,16.55
2019-04-30,0.0,42.8,26.58,39.24,17.66
2019-05-01,0.0,37.78,24.11,53.26,26.51
2019-05-02,0.0,36.14,20.72,66.5,27.24
2019-05-03,0.0,36.76,21.74,59.11,23.52
2019-05-04,0.0,38.42,23.1,56.94,24.73
2019-05-05,0.0,44.43,25.25,53.24,18.39
2019-05-06,0.0,45.83,28.55,34.3,17.15
2019-05-07,0.0,47.29,29.95,31.79,13.68
2019-05-08,0.0,46.96,30.39,27.33,11.87
2019-05-09,0.0,45.84,27.47,26.34,10.14
2019-05-10,0.0,41.02,24.73,61.27,12.13
2019-05-11,0.0,40.24,23.73,70.72,27.27
2019-05-12,0.0,40.3,23.82,61.92,24.9
2019-05-13,0.0,41.78,23.2,59.36,21.93
2019-05-14,0.0,41.87,23.73,56.3,21.38
2019-05-15,0.0,38.3,22.8,61.92,28.61
2019-05-16,0.0,37.12,21.22,68.05,28.74
2019-05-17,0.0,39.03,23.42,57.76,23.05
2019-05-18,0.0,38.86,23.36,53.74,19.34
2019-05-19,0.0,37.96,23.27,49.23,21.69
2019-05-20,0.0,39.45,23.83,56.57,23.07
2019-05-21,0.0,42.25,25.22,60.69,21.26
2019-05-22,0.0,42.07,25.93,47.02,18.31
2019-05-23,0.0,42.01,24.37,57.09,18.24
2019-05-24,0.0,41.89,25.67,53.55,22.29
2019-05-25,0.0,39.86,25.0,62.8,26.71
2019-05-26,0.0,38.95,24.29,63.82,28.4
2019-05-27,0.0,40.05,24.4,55.52,23.3
2019-05-28,0.0,40.34,24.08,56.37,23.22
2019-05-29,0.0,43.24,25.97,49.88,18.61
2019-05-30,0.0,45.21,28.36,40.43,14.73
2019-05-31,0.0,44.64,27.94,43.64,15.15
2019-06-01,0.0,39.72,25.97,43.38,18.01
2019-06-02,0.0,39.95,24.75,50.1,19.2
2019-06-03,0.0,42.16,24.25,47.44,17.86
2019-06-04,0.0,40.54,25.73,51.69,22.16
2019-06-05,0.0,39.02,24.62,56.85,24.21
2019-06-06,0.0,39.47,24.93,63.83,21.29
2019-06-07,0.0,40.62,24.3,57.89,18.04
2019-06-08,0.0,42.66,24.79,53.26,13.93
2019-06-09,0.0,41.97,27.22,33.07,16.77
2019-06-10,0.02,40.43,27.58,58.24,25.97
2019-06-11,0.0,40.17,26.74,64.73,29.71
2019-06-12,0.01,38.89,25.44,60.08,25.56
2019-06-13,0.0,39.3,24.65,62.52,26.53
2019-06-14,0.0,39.01,25.38,57.24,25.79
2019-06-15,0.0,42.41,25.32,57.81,17.43
2019-06-16,0.0,40.92,27.87,48.26,22.4
2019-06-17,0.0,43.69,27.8,56.54,18.16
2019-06-18,0.0,40.4,28.55,64.31,29.05
2019-06-19,2.08,43.45,28.62,50.88,18.94
2019-06-20,0.0,42.92,25.88,53.61,19.36
2019-06-21,0.0,42.05,27.34,49.76,21.98
2019-06-22,0.0,40.61,26.72,63.56,23.01
2019-06-23,0.32,38.31,24.94,62.63,26.36
2019-06-24,0.08,39.9,24.85,60.12,22.13
2019-06-25,0.0,42.67,25.26,56.3,17.69
2019-06-26,0.0,41.01,26.31,56.71,22.8
2019-06-27,0.0,41.09,27.41,64.76,29.58
2019-06-28,0.0,40.33,27.28,68.88,28.67
2019-06-29,1.91,40.56,26.43,64.19,29.02
2019-06-30,13.94,38.65,26.67,68.97,34.5
2019-07-01,9.5,39.56,26.62,59.49,29.72
2019-07-02,0.19,40.54,26.21,60.21,29.35
2019-07-03,4.96,41.21,27.03,58.92,24.06
2019-07-04,0.0,40.64,27.26,55.96,30.53
2019-07-05,0.0,39.27,25.38,79.52,31.97
2019-07-06,3.27,38.57,26.13,69.3,35.73
2019-07-07,1.78,39.25,25.17,75.39,32.85
2019-07-08,3.09,38.23,26.41,65.63,35.43
2019-07-09,0.76,38.55,25.59,74.37,33.18
2019-07-10,0.02,37.12,24.25,84.7,43.94
2019-07-11,0.0,37.94,25.62,72.02,36.63
2019-07-12,5.31,38.91,26.14,63.14,32.88
2019-07-13,2.04,39.87,25.37,72.03,28.87
2019-07-14,2.17,38.29,26.41,71.82,36.33
2019-07-15,0.0,37.49,24.84,72.71,32.24
2019-07-16,0.0,38.53,26.23,65.19,37.34
2019-07-17,0.25,35.32,24.57,93.44,52.34
2019-07-18,0.01,34.11,23.94,90.59,47.91
2019-07-19,0.0,34.92,23.14,82.68,42.89
2019-07-20,0.0,36.0,24.77,65.79,41.69
2019-07-21,0.04,38.86,27.06,66.58,32.12
2019-07-22,0.01,39.62,26.0,72.31,30.06
2019-07-23,0.0,39.84,27.17,63.7,34.02
2019-07-24,1.71,38.41,27.1,78.05,38.11
2019-07-25,19.68,35.15,23.35,98.22,63.34
2019-07-26,1.87,32.2,23.56,95.54,65.59
2019-07-27,0.0,34.25,24.99,92.38,58.68
2019-07-28,2.09,34.06,25.57,88.54,60.09
2019-07-29,1.94,33.78,25.03,96.48,57.89
2019-07-30,0.0,34.09,25.65,92.71,57.75
2019-07-31,0.0,34.35,24.82,94.75,51.35
2019-08-01,2.17,35.89,23.12,87.52,38.15
2019-08-02,0.0,37.8,24.78,63.19,30.2
2019-08-03,0.03,38.21,25.67,61.42,30.67
2019-08-04,0.0,37.18,26.34,66.82,40.8
2019-08-05,0.0,37.8,26.25,71.24,34.83
2019-08-06,0.0,36.53,25.07,65.43,32.95
2019-08-07,0.0,36.36,25.15,68.49,42.05
2019-08-08,0.05,35.78,25.14,87.36,43.15
2019-08-09,1.17,38.03,26.01,73.41,36.35
2019-08-10,0.0,38.39,25.47,71.89,33.91
2019-08-11,0.0,38.46,26.09,68.33,37.8
2019-08-12,6.1,36.54,25.98,80.4,47.09
2019-08-13,0.01,36.81,24.63,92.51,41.11
2019-08-14,0.0,37.86,24.68,72.34,34.57
2019-08-15,0.0,37.52,25.74,68.29,38.77
2019-08-16,1.04,37.97,25.91,89.3,41.64
2019-08-17,1.02,36.57,25.76,89.0,43.36
2019-08-18,15.72,31.89,23.45,97.42,65.79
2019-08-19,18.23,32.4,23.09,98.91,65.88
2019-08-20,0.06,33.85,24.46,96.43,63.25
2019-08-21,4.23,34.2,24.84,93.15,58.87
2019-08-22,11.95,32.04,24.01,96.46,64.26
2019-08-23,1.13,31.55,23.81,89.3,62.71
2019-08-24,0.68,32.72,24.14,89.41,60.31
2019-08-25,1.58,33.47,24.45,83.3,51.53
2019-08-26,0.11,33.1,24.88,88.32,55.3
2019-08-27,3.22,31.0,23.46,98.29,73.39
2019-08-28,7.51,30.96,23.8,98.6,72.65
2019-08-29,1.34,30.38,24.22,98.89,72.48
2019-08-30,30.78,30.94,23.52,99.36,67.14
2019-08-31,9.64,30.43,23.22,98.64,68.79
2019-09-01,8.49,29.63,22.59,99.11,73.51
2019-09-02,8.24,32.1,22.93,98.91,64.68
2019-09-03,4.27,34.14,23.94,95.92,59.33
2019-09-04,0.0,32.48,24.73,97.93,67.19
2019-09-05,10.42,33.95,24.34,97.97,62.58
2019-09-06,1.38,30.73,23.52,97.27,75.27
2019-09-07,1.05,32.24,23.92,97.54,69.29
2019-09-08,18.15,32.9,23.19,98.0,66.29
2019-09-09,0.82,32.27,23.71,97.2,66.51
2019-09-10,0.58,33.23,24.22,93.79,63.99
2019-09-11,2.41,34.51,23.95,97.7,57.71
2019-09-12,0.9,32.68,24.17,98.9,66.14
2019-09-13,10.62,32.84,23.56,99.42,62.55
2019-09-14,0.0,32.87,24.31,98.05,63.94
2019-09-15,0.15,33.43,24.06,98.07,65.43
2019-09-16,0.0,31.72,23.63,98.59,75.29
2019-09-17,21.21,33.11,23.11,97.8,65.28
2019-09-18,0.01,31.99,24.04,98.4,69.4
2019-09-19,6.45,30.23,23.24,98.67,73.38
2019-09-20,7.01,32.0,23.84,96.98,72.48
2019-09-21,8.35,31.08,23.5,98.56,74.77
2019-09-22,4.22,32.16,23.74,97.95,69.54
2019-09-23,0.73,31.6,24.38,97.31,72.75
2019-09-24,4.9,32.19,23.24,97.7,69.01
2019-09-25,0.05,32.67,23.55,99.09,63.09
2019-09-26,0.0,32.57,23.65,94.78,64.38
2019-09-27,0.0,32.78,23.73,98.11,65.84
2019-09-28,0.0,32.52,23.45,98.09,67.41
2019-09-29,0.0,31.81,23.18,97.76,67.64
2019-09-30,5.87,33.47,23.08,96.54,59.55
2019-10-01,0.0,36.44,23.1,97.7,37.75
2019-10-02,0.0,36.91,23.23,96.63,47.27
2019-10-03,0.21,36.84,23.41,97.05,49.97
2019-10-04,0.89,33.93,23.14,96.71,64.36
2019-10-05,5.44,33.1,22.8,96.98,66.38
2019-10-06,0.16,34.87,23.14,97.68,52.0
2019-10-07,4.52,36.66,23.01,96.89,46.42
2019-10-08,11.11,37.95,23.16,97.47,48.33
2019-10-09,18.25,35.17,21.73,99.12,50.31
2019-10-10,0.07,37.63,23.8,97.01,39.27
2019-10-11,0.0,38.88,24.37,89.4,24.86
2019-10-12,0.0,39.73,23.3,65.78,23.46
2019-10-13,0.0,35.1,23.23,97.23,63.09
2019-10-14,13.02,30.75,22.22,98.07,69.83
2019-10-15,0.01,31.9,22.41,97.34,68.88
2019-10-16,2.42,33.68,22.67,96.67,63.24
2019-10-17,0.0,35.17,23.11,96.46,58.28
2019-10-18,0.0,34.05,24.15,97.77,66.02
2019-10-19,0.57,33.64,23.17,96.97,63.83
2019-10-20,0.0,34.0,23.03,93.28,61.49
2019-10-21,0.0,34.04,21.94,93.36,44.02
2019-10-22,0.0,35.62,21.13,79.72,32.35
2019-10-23,0.0,36.22,22.54,83.02,35.58
2019-10-24,0.08,32.51,23.33,94.65,67.76
2019-10-25,0.64,33.35,22.52,97.79,63.58
2019-10-26,0.0,34.95,23.71,95.36,55.86
2019-10-27,0.0,35.14,23.33,91.89,20.2
2019-10-28,0.0,35.51,19.38,61.31,22.99
2019-10-29,0.0,36.33,19.92,66.08,21.47
2019-10-30,0.0,37.52,20.61,53.86,18.76
2019-10-31,0.0,36.75,21.59,44.91,19.07
2019-11-01,0.0,38.23,19.88,53.85,20.96
2019-11-02,0.0,38.99,21.32,49.87,20.1
2019-11-03,0.0,39.44,22.2,55.29,17.98
2019-11-04,0.0,40.14,21.44,41.91,17.3
2019-11-05,0.0,40.61,22.01,51.68,19.21
2019-11-06,0.0,38.35,21.38,58.54,22.73
2019-11-07,0.0,37.71,20.3,65.57,26.88
2019-11-08,0.0,38.15,20.48,59.37,23.87
2019-11-09,0.0,38.1,20.51,52.69,21.38
2019-11-10,0.0,39.75,21.24,46.15,19.28
2019-11-11,0.0,37.99,21.63,41.42,15.92
2019-11-12,0.0,37.31,20.17,39.16,13.7
2019-11-13,0.0,37.32,18.59,39.63,12.4
2019-11-14,0.0,38.34,19.8,38.78,14.78
2019-11-15,0.0,39.56,21.67,41.92,17.07
2019-11-16,0.0,38.95,21.43,50.9,21.27
2019-11-17,0.0,38.99,22.37,47.54,16.01
2019-11-18,0.0,38.66,21.59,42.5,17.47
2019-11-19,0.0,38.25,22.27,41.99,14.98
2019-11-20,0.0,37.65,21.07,32.2,12.62
2019-11-21,0.0,38.88,20.42,31.32,9.88
2019-11-22,0.0,39.49,19.88,31.88,10.22
2019-11-23,0.0,39.38,20.54,37.6,12.2
2019-11-24,0.0,39.81,20.22,42.48,14.94
2019-11-25,0.0,40.1,20.6,43.45,15.95
2019-11-26,0.0,40.62,21.36,48.14,17.46
2019-11-27,0.0,39.95,21.01,51.45,18.68
2019-11-28,0.0,39.62,20.53,53.39,18.71
2019-11-29,0.0,39.16,19.88,60.15,17.97
2019-11-30,0.0,40.87,21.41,45.63,14.6
2019-12-01,0.0,40.67,21.99,40.45,16.34
2019-12-02,0.0,40.34,21.14,38.08,14.6
2019-12-03,0.0,39.58,20.33,42.55,16.5
2019-12-04,0.0,38.41,19.97,43.9,18.34
2019-12-05,0.0,35.52,18.26,53.11,21.01
2019-12-06,0.0,32.92,16.18,55.68,24.7
2019-12-07,0.0,34.61,16.84,45.07,19.9
2019-12-08,0.0,35.94,19.16,52.86,23.01
2019-12-09,0.0,37.94,19.43,46.82,17.35
2019-12-10,0.0,37.08,19.85,31.69,14.69
2019-12-11,0.0,35.93,18.35,36.47,17.78
2019-12-12,0.0,34.58,17.34,38.92,17.67
2019-12-13,0.0,35.7,16.68,38.15,16.57
2019-12-14,0.0,36.97,17.15,33.01,14.37
2019-12-15,0.0,38.73,18.26,36.08,16.57
2019-12-16,0.0,37.4,18.44,35.0,12.0
2019-12-17,0.0,36.66,17.27,32.21,11.3
2019-12-18,0.0,34.73,16.94,32.64,10.79
2019-12-19,0.0,34.26,16.32,42.71,18.04
2019-12-20,0.0,34.13,16.71,37.15,17.05
2019-12-21,0.0,36.58,17.06,36.37,16.96
2019-12-22,0.0,37.25,17.85,39.37,16.15
2019-12-23,0.0,37.12,18.05,35.15,14.96
2019-12-24,0.0,36.94,18.36,37.19,15.46
2019-12-25,0.0,36.01,18.21,32.37,14.59
2019-12-26,0.0,37.96,17.37,31.93,13.19
2019-12-27,0.0,38.48,17.56,27.47,11.83
2019-12-28,0.0,38.34,17.86,30.13,12.51
2019-12-29,0.0,36.8,17.68,32.22,14.19
2019-12-30,0.0,35.62,16.93,30.45,12.95
2019-12-31,0.0,32.93,16.45,30.61,15.43
2020-01-01,0.0,31.81,16.04,36.7,17.68
2020-01-02,0.0,30.42,15.37,32.47,17.59
2020-01-03,0.0,31.13,16.7,30.56,16.25
2020-01-04,0.0,30.96,16.89,29.13,15.39
2020-01-05,0.0,31.63,15.06,32.29,15.78
2020-01-06,0.0,31.32,14.43,35.33,15.88
2020-01-07,0.0,30.72,14.38,33.94,14.75
2020-01-08,0.0,31.18,13.55,32.07,15.38
2020-01-09,0.0,30.67,15.12,28.8,15.36
2020-01-10,0.0,30.28,14.44,31.32,15.71
2020-01-11,0.0,32.45,15.54,27.11,13.46
2020-01-12,0.0,32.31,15.99,23.77,12.81
2020-01-13,0.0,32.14,15.95,23.79,11.37
2020-01-14,0.0,31.2,15.74,31.14,15.07
2020-01-15,0.0,32.64,15.42,29.43,10.94
2020-01-16,0.0,34.61,16.32,24.26,8.71
2020-01-17,0.0,35.06,17.19,23.64,12.0
2020-01-18,0.0,35.57,17.77,30.75,17.14
2020-01-19,0.0,35.07,17.57,32.88,16.6
2020-01-20,0.0,36.91,16.85,40.03,16.4
2020-01-21,0.0,38.44,18.54,36.63,16.51
2020-01-22,0.0,37.92,20.19,33.87,16.73
2020-01-23,0.0,35.03,22.63,58.02,21.1
2020-01-24,0.0,40.61,21.04,62.72,20.16
2020-01-25,0.0,38.49,24.3,33.37,11.38
2020-01-26,0.0,38.89,21.27,25.75,11.12
2020-01-27,0.0,40.61,20.66,26.09,8.56
2020-01-28,0.0,40.64,20.23,16.68,7.08
2020-01-29,0.0,40.48,20.32,19.2,8.1
2020-01-30,0.0,39.82,20.4,34.61,13.49
2020-01-31,0.0,36.63,19.29,34.2,16.39
2020-02-01,0.0,38.21,17.77,35.46,14.63
2020-02-02,0.0,40.58,21.33,31.19,16.62
2020-02-03,0.0,39.88,22.35,39.26,11.46
2020-02-04,0.0,38.69,20.56,26.07,11.51
2020-02-05,0.0,38.12,18.91,26.8,12.8
2020-02-06,0.0,38.35,19.61,22.09,11.56
2020-02-07,0.0,38.04,19.62,23.57,11.37
2020-02-08,0.0,37.77,19.31,24.75,10.08
2020-02-09,0.0,37.47,19.16,27.51,10.61
2020-02-10,0.0,37.43,19.07,24.04,11.74
2020-02-11,0.0,39.19,19.98,25.19,15.15
2020-02-12,0.0,38.65,22.16,40.12,18.53
2020-02-13,0.0,38.65,21.08,32.96,12.76
2020-02-14,0.0,39.17,21.12,23.59,11.26
2020-02-15,0.0,39.37,21.55,31.54,14.1
2020-02-16,0.0,40.29,21.88,32.22,12.54
2020-02-17,0.0,41.02,22.46,24.42,9.92
2020-02-18,0.0,40.28,22.18,19.42,8.78
2020-02-19,0.0,40.67,21.43,19.96,9.18
2020-02-20,0.0,40.98,22.42,22.57,10.09
2020-02-21,0.0,42.67,23.13,22.35,10.03
2020-02-22,0.0,42.28,22.9,27.95,11.35
2020-02-23,0.0,41.8,23.13,38.51,17.0
2020-02-24,0.0,42.93,24.47,41.46,7.7
2020-02-25,0.0,41.48,26.06,16.61,10.12
2020-02-26,0.0,42.06,23.4,20.87,9.74
2020-02-27,0.0,41.36,22.88,18.88,8.41
2020-02-28,0.0,41.47,21.97,22.18,8.17
2020-02-29,0.0,40.9,21.63,17.76,7.36
2020-03-01,0.0,40.54,22.35,14.3,6.16
2020-03-02,0.0,40.37,22.19,13.22,6.3
2020-03-03,0.0,41.62,22.67,14.78,6.55
2020-03-04,0.0,42.53,23.47,15.91,7.0
2020-03-05,0.0,43.52,24.15,15.51,6.64
2020-03-06,0.0,43.59,24.28,16.47,6.44
2020-03-07,0.0,43.19,24.25,17.46,7.35
2020-03-08,0.0,42.9,24.13,23.55,9.66
2020-03-09,0.0,43.35,24.74,21.4,8.71
2020-03-10,0.0,42.1,24.03,24.78,8.71
2020-03-11,0.0,41.49,23.28,18.72,7.45
2020-03-12,0.0,41.85,23.27,14.62,5.77
2020-03-13,0.0,41.42,23.23,14.32,7.65
2020-03-14,0.0,41.68,23.3,17.59,7.68
2020-03-15,0.0,40.38,21.82,39.71,12.98
2020-03-16,0.0,40.52,21.3,35.53,8.61
2020-03-17,0.0,41.61,22.0,26.1,9.98
2020-03-18,0.0,40.43,22.42,33.02,14.41
2020-03-19,0.0,40.67,22.38,37.57,16.67
2020-03-20,0.0,40.85,22.42,32.54,15.49
2020-03-21,0.0,41.77,23.34,30.17,14.66
2020-03-22,0.0,41.59,23.47,32.98,17.19
2020-03-23,0.0,36.11,21.28,45.94,20.53
2020-03-24,0.0,34.67,18.98,79.67,22.97
2020-03-25,0.0,38.51,19.65,35.83,15.0
2020-03-26,0.0,40.67,21.95,25.46,11.43
2020-03-27,0.0,37.24,21.31,60.49,19.5
2020-03-28,0.0,38.42,22.03,50.66,22.83
2020-03-29,0.0,42.59,24.33,34.58,16.34
2020-03-30,0.0,43.81,25.28,34.25,15.6
2020-03-31,0.0,45.09,26.32,36.25,14.01
2020-04-01,0.0,45.4,27.58,33.66,16.18
2020-04-02,0.0,46.12,28.23,41.38,16.48
2020-04-03,0.0,42.93,26.72,30.71,13.73
2020-04-04,0.0,41.25,24.6,44.15,18.91
2020-04-05,0.0,41.07,23.85,48.25,18.23
2020-04-06,0.0,45.73,25.09,33.8,11.14
2020-04-07,0.0,45.37,27.33,28.41,11.5
2020-04-08,0.0,45.6,27.33,24.71,9.54
2020-04-09,0.0,45.26,26.27,20.04,7.44
2020-04-10,0.0,45.97,27.02,20.27,7.78
2020-04-11,0.0,43.92,25.67,33.71,10.33
2020-04-12,0.0,43.21,25.28,50.47,15.87
2020-04-13,0.0,40.93,26.02,45.45,22.86
2020-04-14,0.0,40.29,24.69,61.87,25.95
2020-04-15,0.0,42.01,23.97,62.75,24.38
2020-04-16,0.0,42.5,26.01,44.01,22.75
2020-04-17,0.0,40.42,24.67,49.72,22.38
2020-04-18,0.0,37.2,23.77,58.58,28.53
2020-04-19,0.0,40.07,22.39,60.29,19.82
2020-04-20,0.0,43.06,24.68,43.11,15.6
2020-04-21,0.0,43.4,25.84,30.6,14.34
2020-04-22,0.0,44.43,25.83,25.77,10.65
2020-04-23,0.0,39.31,23.78,43.04,19.37
2020-04-24,0.0,37.15,21.95,62.12,26.45
2020-04-25,0.0,40.8,22.73,59.31,21.87
2020-04-26,0.0,42.98,25.0,47.89,19.02
2020-04-27,0.0,45.13,27.69,36.24,15.35
2020-04-28,0.0,46.11,28.01,32.76,15.2
2020-04-29,0.0,46.81,28.78,32.21,14.24
2020-04-30,0.0,47.03,29.18,28.05,12.59
2020-05-01,0.0,46.36,29.31,31.59,12.76
2020-05-02,0.0,46.3,28.21,47.31,12.0
2020-05-03,0.0,43.05,27.35,34.85,12.83
2020-05-04,0.0,44.72,26.0,45.13,12.57
2020-05-05,0.0,46.39,27.25,40.0,11.34
2020-05-06,0.0,45.33,27.25,39.02,11.71
2020-05-07,0.0,42.68,25.75,54.68,17.0
2020-05-08,0.0,44.37,27.34,50.09,19.16
2020-05-09,0.04,44.87,28.81,38.8,16.31
2020-05-10,0.0,40.67,26.48,57.46,27.57
2020-05-11,0.0,41.96,25.28,57.2,23.49
2020-05-12,0.0,41.7,26.1,55.24,22.72
2020-05-13,0.0,45.33,26.62,45.54,15.11
2020-05-14,0.0,45.6,27.85,35.22,15.75
2020-05-15,0.0,44.1,26.57,45.09,15.88
2020-05-16,0.0,45.78,26.82,35.89,15.36
2020-05-17,0.0,45.63,28.18,30.41,17.62
2020-05-18,0.0,44.42,27.76,32.99,15.51
2020-05-19,0.0,40.38,25.34,53.93,20.68
2020-05-20,0.0,40.8,24.13,56.69,23.67
2020-05-21,0.0,43.51,24.54,53.63,17.47
2020-05-22,0.0,44.25,25.68,54.04,18.52
2020-05-23,0.0,44.04,27.51,51.63,19.48
2020-05-24,0.0,43.56,25.9,57.79,18.18
2020-05-25,0.0,44.67,26.2,38.61,9.48
2020-05-26,0.0,44.09,25.95,45.01,13.81
2020-05-27,0.0,43.63,27.06,46.47,17.33
2020-05-28,0.0,43.77,27.87,56.64,24.4
2020-05-29,0.0,45.1,28.39,42.83,20.83
2020-05-30,0.0,41.28,26.52,79.98,27.04
2020-05-31,0.0,40.88,24.82,85.27,28.61
2020-06-01,0.0,41.64,27.19,57.58,24.63
2020-06-02,0.0,41.12,26.5,44.98,18.75
2020-06-03,0.0,40.61,26.74,45.35,19.01
2020-06-04,0.0,43.65,26.33,42.77,17.15
2020-06-05,0.0,41.74,26.72,46.87,22.22
2020-06-06,0.0,42.47,27.93,52.4,26.54
2020-06-07,0.53,41.82,29.94,55.16,30.75
2020-06-08,0.42,37.85,25.52,97.01,43.27
2020-06-09,0.0,31.43,24.27,94.45,78.55
2020-06-10,0.01,32.08,24.31,89.85,71.13
2020-06-11,0.0,33.82,24.76,90.58,71.58
2020-06-12,18.53,34.07,25.51,91.66,74.73
2020-06-13,0.0,33.38,24.12,96.78,68.61
2020-06-14,0.05,34.58,24.21,89.62,61.38
2020-06-15,0.0,32.87,25.18,95.78,73.66
2020-06-16,0.0,33.93,24.93,91.85,72.23
2020-06-17,0.0,33.85,24.42,90.97,62.03
2020-06-18,0.0,35.13,24.16,92.05,57.51
2020-06-19,0.0,34.71,25.0,93.75,64.75
2020-06-20,0.59,34.47,25.06,95.16,64.24
2020-06-21,0.0,36.64,25.74,93.05,55.13
2020-06-22,0.0,35.25,25.04,86.72,48.84
2020-06-23,0.0,33.82,24.54,93.76,67.76
2020-06-24,4.97,36.75,25.77,93.44,55.75
2020-06-25,0.0,33.89,24.17,94.65,57.81
2020-06-26,0.68,35.96,23.98,90.03,51.17
2020-06-27,0.0,34.44,24.98,85.92,51.72
2020-06-28,0.0,36.82,24.42,86.36,40.37
2020-06-29,0.0,35.98,24.67,83.32,48.09
2020-06-30,0.0,37.26,25.58,82.84,46.46
2020-07-01,3.94,36.84,25.18,87.21,44.74
2020-07-02,3.9,38.64,25.52,79.8,35.36
2020-07-03,0.0,37.5,24.92,75.72,31.93
2020-07-04,0.0,37.85,26.29,64.91,34.58
2020-07-05,0.0,36.89,25.94,75.1,41.38
2020-07-06,2.46,36.55,25.57,83.94,44.76
2020-07-07,0.0,34.89,25.71,95.0,51.77
2020-07-08,0.0,33.77,23.79,93.83,45.05
2020-07-09,0.0,37.06,23.17,82.05,36.37
2020-07-10,0.0,37.13,25.32,80.34,39.82
2020-07-11,9.57,34.29,26.34,89.06,51.87
2020-07-12,1.14,31.24,25.02,97.26,64.36
2020-07-13,50.46,30.68,23.49,97.76,62.99
2020-07-14,0.0,32.83,23.62,97.92,55.67
2020-07-15,1.59,35.26,23.9,82.65,42.49
2020-07-16,30.22,32.66,24.68,93.33,63.42
2020-07-17,11.39,31.78,23.8,98.22,64.87
2020-07-18,6.54,31.47,23.81,98.22,69.65
2020-07-19,0.0,32.9,24.44,97.36,63.72
2020-07-20,16.8,32.21,24.36,98.13,64.0
2020-07-21,5.33,31.38,23.85,98.5,72.57
2020-07-22,0.0,31.78,23.91,98.65,68.49
2020-07-23,5.87,32.45,23.86,98.36,60.75
2020-07-24,11.12,34.02,25.78,90.52,59.01
2020-07-25,4.65,33.47,25.37,90.5,57.7
2020-07-26,1.03,33.97,24.8,93.28,55.98
2020-07-27,3.77,33.17,25.1,95.77,60.37
2020-07-28,1.95,34.82,25.15,88.55,53.8
2020-07-29,21.35,33.55,24.67,98.11,56.53
2020-07-30,3.94,29.41,23.59,99.31,82.42
2020-07-31,0.0,30.44,23.91,98.33,73.19
2020-08-01,0.59,32.12,23.71,98.38,65.94
2020-08-02,0.0,32.17,23.95,97.74,63.97
2020-08-03,0.0,32.4,23.97,94.98,62.9
2020-08-04,0.07,32.32,24.34,95.31,62.02
2020-08-05,1.73,31.98,23.9,92.47,61.07
2020-08-06,2.5,33.32,23.76,94.51,58.67
2020-08-07,0.0,33.45,24.74,96.95,57.74
2020-08-08,0.0,34.22,24.81,82.5,55.86
2020-08-09,0.04,32.93,26.17,85.67,60.68
2020-08-10,4.22,34.44,24.91,94.91,57.17
2020-08-11,2.1,34.13,24.58,93.31,56.61
2020-08-12,15.58,31.71,23.79,99.46,71.22
2020-08-13,0.03,29.66,23.77,98.35,77.53
2020-08-14,0.0,29.17,23.43,98.31,78.6
2020-08-15,13.91,32.13,23.75,98.36,67.77
2020-08-16,0.01,31.7,24.83,98.52,72.5
2020-08-17,0.0,32.64,24.67,98.38,63.38
2020-08-18,1.43,32.77,24.15,97.72,62.11
2020-08-19,0.0,34.12,24.35,93.65,58.1
2020-08-20,4.05,32.63,24.85,95.95,61.77
2020-08-21,0.14,32.63,23.3,97.64,61.52
2020-08-22,2.17,33.4,24.01,91.68,56.64
2020-08-23,0.0,34.64,24.49,90.11,56.59
2020-08-24,0.0,33.41,25.03,95.47,58.62
2020-08-25,30.11,33.1,24.47,89.99,59.15
2020-08-26,24.25,31.0,23.43,98.92,79.25
2020-08-27,0.01,29.85,23.22,98.81,74.9
2020-08-28,0.0,31.89,23.36,98.93,64.74
2020-08-29,0.11,31.21,23.81,97.96,68.86
2020-08-30,0.0,31.67,24.36,97.77,65.53
2020-08-31,0.0,31.32,24.42,97.4,70.96
2020-09-01,19.82,29.62,23.22,99.12,78.46
2020-09-02,7.02,29.06,23.1,99.24,77.85
2020-09-03,13.17,31.28,22.78,98.67,68.06
2020-09-04,9.91,31.45,22.73,98.91,67.17
2020-09-05,45.41,29.17,22.96,98.8,80.43
2020-09-06,7.36,29.3,22.92,98.8,78.51
2020-09-07,0.0,29.79,22.37,97.66,70.55
2020-09-08,33.42,32.04,22.9,98.76,65.51
2020-09-09,19.99,28.94,22.62,98.88,80.86
2020-09-10,0.98,31.27,22.87,98.65,70.77
2020-09-11,4.82,31.24,23.23,97.41,68.31
2020-09-12,0.09,31.19,22.77,97.6,64.95
2020-09-13,1.04,31.25,22.73,99.06,69.54
2020-09-14,1.66,31.23,23.55,98.86,72.6
2020-09-15,0.0,33.21,24.07,98.11,65.86
2020-09-16,0.0,32.13,24.02,98.1,69.36
2020-09-17,0.0,32.29,23.6,98.31,66.21
2020-09-18,14.51,32.44,22.96,98.25,66.36
2020-09-19,0.57,29.86,23.21,98.5,75.59
2020-09-20,13.14,31.61,23.63,98.35,71.75
2020-09-21,0.04,30.16,23.25,98.42,75.64
2020-09-22,0.0,31.13,23.55,97.68,69.19
2020-09-23,1.36,32.19,23.38,98.23,65.11
2020-09-24,2.73,30.22,23.05,98.54,76.21
2020-09-25,0.0,32.7,22.51,98.66,64.45
2020-09-26,0.0,33.06,23.61,97.51,64.4
2020-09-27,0.0,31.39,23.17,98.44,69.45
2020-09-28,0.0,32.76,23.43,97.88,62.67
2020-09-29,0.0,33.24,23.82,98.45,66.03
2020-09-30,0.02,33.3,23.94,95.47,55.15
2020-10-01,0.0,33.88,21.29,97.62,53.39
2020-10-02,0.01,35.72,21.9,98.46,47.86
2020-10-03,10.78,35.91,23.09,98.93,54.67
2020-10-04,0.21,32.15,22.08,98.45,79.06
2020-10-05,0.1,31.95,21.88,98.39,72.05
2020-10-06,2.06,32.61,21.9,98.34,70.26
2020-10-07,0.0,32.54,22.14,97.94,71.79
2020-10-08,0.0,34.06,22.7,96.8,66.41
2020-10-09,0.0,34.26,22.22,97.8,65.33
2020-10-10,0.0,34.22,21.83,98.1,63.32
2020-10-11,0.0,32.23,22.41,97.68,66.86
2020-10-12,23.74,31.38,22.22,98.07,69.22
2020-10-13,0.29,31.65,22.1,97.48,67.87
2020-10-14,0.01,32.25,22.54,96.92,68.47
2020-10-15,0.0,33.41,22.23,97.13,64.11
2020-10-16,0.0,32.98,22.8,97.84,67.26
2020-10-17,0.0,33.5,22.67,98.03,63.68
2020-10-18,0.0,34.84,22.65,98.02,54.54
2020-10-19,0.0,35.12,22.75,91.28,48.89
2020-10-20,0.0,34.14,21.41,89.36,46.77
2020-10-21,0.0,33.64,20.43,80.56,44.25
2020-10-22,0.0,34.82,21.17,82.16,43.36
2020-10-23,0.0,35.9,22.02,75.03,37.5
2020-10-24,0.0,37.3,22.91,73.42,35.71
2020-10-25,0.0,37.98,23.05,78.1,32.79
2020-10-26,0.0,37.8,23.54,67.72,26.23
2020-10-27,0.0,37.61,22.37,63.66,22.18
2020-10-28,0.0,37.89,21.82,63.74,23.56
2020-10-29,0.0,38.23,22.43,58.79,22.75
2020-10-30,0.0,38.39,21.85,60.05,26.71
2020-10-31,0.0,37.65,23.13,70.7,26.06
2020-11-01,0.0,39.08,20.73,70.24,21.88
2020-11-02,0.0,39.28,20.3,57.27,19.2
2020-11-03,0.0,38.58,21.6,61.97,24.87
2020-11-04,0.0,37.67,21.23,95.09,35.64
2020-11-05,0.01,33.1,20.86,98.7,65.6
2020-11-06,2.1,31.41,20.67,98.36,75.57
2020-11-07,0.0,37.81,20.91,94.43,39.17
2020-11-08,0.0,40.3,22.91,75.23,18.58
2020-11-09,0.0,38.19,19.7,50.5,20.29
2020-11-10,0.0,38.84,21.01,65.84,25.04
2020-11-11,0.0,38.5,20.39,60.28,18.77
2020-11-12,0.0,37.96,19.38,55.25,18.17
2020-11-13,0.0,37.75,18.96,45.14,15.6
2020-11-14,0.0,37.27,18.69,50.13,16.5
2020-11-15,0.0,37.74,18.7,48.38,18.56
2020-11-16,0.0,37.71,18.89,48.61,17.49
2020-11-17,0.0,37.16,19.8,49.71,20.41
2020-11-18,0.0,37.89,19.67,45.46,16.17
2020-11-19,0.0,36.65,18.65,44.55,17.59
2020-11-20,0.0,37.33,18.94,51.86,21.24
2020-11-21,0.0,38.38,21.11,50.21,21.05
2020-11-22,0.0,37.55,20.77,55.54,19.11
2020-11-23,0.0,37.48,20.21,44.6,17.79
2020-11-24,0.0,32.67,19.09,43.75,19.48
2020-11-25,0.0,31.25,16.72,38.05,18.17
2020-11-26,0.0,33.08,16.46,45.71,18.11
2020-11-27,0.0,34.6,16.47,45.96,15.23
2020-11-28,0.0,33.22,16.56,61.19,18.66
2020-11-29,0.0,35.12,17.86,54.29,21.54
2020-11-30,0.0,34.87,19.17,56.45,23.78
2020-12-01,0.0,36.3,20.08,55.55,26.94
2020-12-02,0.0,37.69,20.05,59.55,28.94
2020-12-03,0.0,36.27,19.63,68.53,34.64
2020-12-04,0.0,37.77,18.97,72.66,33.1
2020-12-05,0.0,39.02,19.86,65.7,28.53
2020-12-06,0.0,37.12,19.62,58.93,30.0
2020-12-07,0.0,35.39,18.49,60.93,31.38
2020-12-08,0.0,36.98,18.78,55.85,28.32
2020-12-09,0.0,36.71,18.81,52.76,26.43
2020-12-10,0.0,36.19,18.89,48.39,22.32
2020-12-11,0.0,35.36,18.28,39.99,19.56
2020-12-12,0.0,36.85,18.1,40.26,17.56
2020-12-13,0.0,36.32,17.73,39.89,20.59
2020-12-14,0.0,35.98,17.42,38.39,18.14
2020-12-15,0.0,37.13,17.36,45.67,20.04
2020-12-16,0.0,38.51,19.26,42.27,17.77
2020-12-17,0.0,38.6,19.91,44.79,21.24
2020-12-18,0.0,35.66,19.14,48.99,24.3
2020-12-19,0.0,32.36,15.88,50.56,24.72
2020-12-20,0.0,31.6,15.4,46.43,22.3
2020-12-21,0.0,31.19,16.13,43.1,24.17
2020-12-22,0.0,30.84,15.86,41.12,21.25
2020-12-23,0.0,32.74,16.76,46.14,23.07
2020-12-24,0.0,34.07,16.37,46.58,22.78
2020-12-25,0.0,36.47,17.87,48.14,23.74
2020-12-26,0.0,36.29,19.2,43.1,20.41
2020-12-27,0.0,38.79,20.45,39.54,17.03
2020-12-28,0.0,38.99,20.73,32.59,16.25
2020-12-29,0.0,37.56,19.54,36.34,14.64
2020-12-30,0.0,39.71,20.46,33.78,16.44
2020-12-31,0.0,39.83,20.93,33.82,16.09
2021-01-01,0.0,39.29,21.61,49.6,21.23
2021-01-02,0.0,36.36,18.98,57.63,21.62
2021-01-03,0.0,36.78,17.69,53.37,18.94
2021-01-04,0.0,38.03,17.24,51.61,16.82
2021-01-05,0.0,38.32,19.43,46.63,17.29
2021-01-06,0.0,39.52,18.62,52.6,16.57
2021-01-07,0.0,40.7,17.94,59.01,13.99
2021-01-08,0.0,39.94,18.5,44.51,14.01
2021-01-09,0.0,34.8,19.62,69.27,30.59
2021-01-10,0.0,33.14,18.88,56.95,31.96
2021-01-11,0.0,31.22,17.98,49.0,25.45
2021-01-12,0.0,31.47,18.83,45.4,25.92
2021-01-13,0.0,34.89,17.3,46.98,20.6
2021-01-14,0.0,35.68,17.78,42.56,17.11
2021-01-15,0.0,34.03,18.15,38.66,18.69
2021-01-16,0.0,31.93,17.75,36.71,19.23
2021-01-17,0.0,31.89,17.51,36.51,17.81
2021-01-18,0.0,33.69,18.65,34.5,17.61
2021-01-19,0.0,34.45,16.5,39.83,18.54
2021-01-20,0.0,37.76,15.77,43.89,12.33
2021-01-21,0.0,38.43,18.94,36.73,13.61
2021-01-22,0.0,36.22,18.59,33.27,10.92
2021-01-23,0.0,35.41,17.21,37.31,11.62
2021-01-24,0.0,35.74,16.64,32.42,8.91
2021-01-25,0.0,37.69,15.05,34.17,7.85
2021-01-26,0.0,38.48,14.92,39.14,9.23
2021-01-27,0.0,38.91,16.86,33.96,10.27
2021-01-28,0.0,38.03,17.25,51.62,11.85
2021-01-29,0.0,37.48,17.53,40.22,13.59
2021-01-30,0.0,38.54,15.59,45.26,12.14
2021-01-31,0.0,36.21,17.82,39.41,12.03
2021-02-01,0.0,36.71,18.33,37.62,13.23
2021-02-02,0.0,38.2,18.3,40.29,11.06
2021-02-03,0.0,39.11,17.46,42.75,12.67
2021-02-04,0.0,39.25,20.91,40.97,11.86
2021-02-05,0.0,31.56,20.91,60.83,24.82
2021-02-06,0.0,28.49,18.09,68.45,38.66
2021-02-07,0.0,32.68,17.03,48.07,20.84
2021-02-08,0.0,33.48,18.1,41.69,19.25
2021-02-09,0.0,34.0,18.77,36.16,13.03
2021-02-10,0.0,37.65,18.87,32.96,12.69
2021-02-11,0.0,40.38,17.16,40.99,12.33
2021-02-12,0.0,40.94,18.94,33.26,12.99
2021-02-13,0.0,40.4,19.51,38.35,14.94
2021-02-14,0.0,39.96,21.67,34.42,13.97
2021-02-15,0.0,39.8,22.11,31.08,12.85
2021-02-16,0.0,38.61,20.85,35.37,16.33
2021-02-17,0.0,33.31,25.46,34.79,23.61
2021-02-18,0.0,37.01,24.82,41.26,22.17
2021-02-19,0.0,37.03,26.11,34.26,20.61
2021-02-20,0.0,39.84,23.24,28.77,17.57
2021-02-21,0.0,40.08,22.54,33.72,18.51
2021-02-22,0.0,41.0,22.68,35.74,18.8
2021-02-23,0.0,40.82,22.75,40.52,19.58
2021-02-24,0.0,40.43,20.04,41.68,10.31
2021-02-25,0.0,38.95,19.53,35.81,14.13
2021-02-26,0.0,35.37,21.99,39.07,16.35
2021-02-27,0.0,33.66,18.83,36.74,16.44
2021-02-28,0.0,35.7,19.24,39.62,17.57
2021-03-01,0.0,37.5,19.43,43.5,18.76
2021-03-02,0.0,40.04,21.21,36.88,16.53
2021-03-03,0.0,40.87,23.02,36.94,16.01
2021-03-04,0.0,40.78,24.22,39.3,17.78
2021-03-05,0.0,40.94,23.02,43.02,18.32
2021-03-06,0.0,42.51,24.18,39.77,17.4
2021-03-07,0.0,40.46,23.43,39.69,16.94
2021-03-08,0.0,38.63,22.76,45.98,22.13
2021-03-09,0.0,37.23,22.59,47.37,21.96
2021-03-10,0.0,36.41,21.39,50.93,26.42
2021-03-11,0.0,36.42,20.78,41.99,20.12
2021-03-12,0.0,37.01,22.22,43.25,23.36
2021-03-13,0.0,37.57,20.95,47.12,19.68
2021-03-14,0.0,38.99,21.42,43.48,19.12
2021-03-15,0.0,40.68,21.85,43.06,20.53
2021-03-16,0.0,40.64,20.52,48.5,18.63
2021-03-17,0.0,40.46,19.95,67.04,16.59
2021-03-18,0.0,41.41,22.41,43.13,16.33
2021-03-19,0.0,39.28,20.68,75.82,22.92
2021-03-20,0.0,38.78,19.53,74.13,21.18
2021-03-21,0.0,40.86,20.9,52.06,17.49
2021-03-22,0.0,41.52,21.65,43.7,16.44
2021-03-23,0.0,41.29,22.86,46.08,16.76
2021-03-24,0.0,42.62,25.45,36.19,13.98
2021-03-25,0.0,42.47,25.13,36.21,12.45
2021-03-26,0.0,41.81,24.94,34.77,11.5
2021-03-27,0.0,43.37,24.45,26.07,7.81
2021-03-28,0.0,42.88,22.93,53.82,8.53
2021-03-29,0.0,41.71,23.92,50.89,16.97
2021-03-30,0.0,40.1,25.2,48.67,17.92
2021-03-31,0.0,41.05,23.43,54.76,19.36
2021-04-01,0.0,45.04,24.32,52.86,11.01
2021-04-02,0.0,43.13,27.45,48.51,18.72
2021-04-03,0.0,43.18,24.7,59.1,16.23
2021-04-04,0.0,44.07,23.83,59.7,14.86
2021-04-05,0.0,45.22,24.81,51.11,8.02
2021-04-06,0.0,43.44,25.3,49.78,14.77
2021-04-07,0.0,40.84,24.09,37.3,16.5
2021-04-08,0.0,45.85,26.64,30.71,10.05
2021-04-09,0.0,46.26,26.63,37.49,10.31
2021-04-10,0.0,45.89,26.27,44.14,12.74
2021-04-11,0.0,46.36,25.55,47.52,11.69
2021-04-12,0.0,46.1,27.52,37.3,12.21
2021-04-13,0.0,45.36,28.55,33.3,13.16
2021-04-14,0.0,43.6,26.92,36.29,16.24
2021-04-15,0.0,43.37,25.68,42.69,15.49
2021-04-16,0.0,43.58,26.34,44.96,15.69
2021-04-17,0.0,43.6,26.58,38.42,15.81
2021-04-18,0.0,43.91,27.39,35.67,15.26
2021-04-19,0.0,44.94,27.78,35.39,12.81
2021-04-20,0.0,43.8,25.65,44.33,13.78
2021-04-21,0.0,41.9,24.23,61.03,18.1
2021-04-22,0.0,41.5,23.18,67.92,18.03
2021-04-23,0.0,43.15,24.21,59.89,14.29
2021-04-24,0.0,41.77,23.88,62.68,17.11
2021-04-25,0.0,41.21,22.8,67.2,22.12
2021-04-26,0.0,41.32,22.99,51.49,17.21
2021-04-27,0.0,43.13,25.62,54.82,18.05
2021-04-28,0.0,41.31,23.69,53.03,21.91
2021-04-29,0.0,43.47,25.03,56.82,19.0
2021-04-30,0.0,40.13,23.2,56.39,22.43
2021-05-01,0.0,42.99,25.32,58.19,23.06
2021-05-02,0.0,39.97,24.8,58.78,19.65
2021-05-03,0.0,39.8,22.89,63.0,19.65
2021-05-04,0.0,40.7,23.76,57.14,20.53
2021-05-05,0.0,40.93,24.68,56.38,22.37
2021-05-06,0.0,44.2,26.15,48.72,17.72
2021-05-07,0.0,42.28,29.07,48.26,22.95
2021-05-08,0.0,43.85,26.98,50.74,17.03
2021-05-09,0.0,41.34,24.94,63.13,24.53
2021-05-10,0.0,42.28,23.25,64.36,19.89
2021-05-11,0.0,44.19,26.25,53.53,18.71
2021-05-12,0.0,38.72,28.69,61.46,36.69
2021-05-13,0.0,45.11,27.96,59.44,14.44
2021-05-14,0.0,46.5,29.36,32.08,11.16
2021-05-15,0.0,45.24,28.27,40.2,14.32
2021-05-16,0.0,43.06,26.68,50.79,18.45
2021-05-17,0.0,45.12,25.62,64.39,18.52
2021-05-18,0.0,46.48,27.02,55.53,14.82
2021-05-19,0.0,43.11,29.14,59.4,18.32
2021-05-20,0.01,42.14,28.21,62.35,22.2
2021-05-21,0.0,39.9,25.24,64.05,22.9
2021-05-22,0.0,38.77,22.6,73.72,22.22
2021-05-23,0.0,38.91,21.05,81.06,20.26
2021-05-24,0.0,41.33,22.58,73.46,18.26
2021-05-25,0.0,42.05,26.82,56.0,18.8
2021-05-26,0.0,44.36,27.41,49.34,14.27
2021-05-27,0.0,42.82,26.85,50.72,17.69
2021-05-28,0.0,41.89,25.36,52.89,15.19
2021-05-29,0.0,41.33,24.7,55.21,19.99
2021-05-30,0.0,42.7,25.51,59.89,20.34
2021-05-31,0.0,39.71,27.06,62.47,26.64
2021-06-01,0.0,40.05,25.94,71.24,25.29
2021-06-02,0.0,41.58,24.6,69.56,20.13
2021-06-03,0.0,42.55,26.74,54.34,18.05
2021-06-04,0.0,42.22,29.96,43.86,19.12
2021-06-05,0.0,39.47,29.68,54.0,28.3
2021-06-06,0.0,41.4,28.84,55.33,21.33
2021-06-07,0.21,41.22,28.52,55.16,27.1
2021-06-08,4.08,41.65,28.17,65.1,36.69
2021-06-09,0.0,38.03,25.41,85.04,38.14
2021-06-10,12.67,40.49,27.34,75.0,29.14
2021-06-11,0.56,34.57,24.79,86.53,58.33
2021-06-12,0.0,37.67,25.78,84.8,44.81
2021-06-13,0.0,37.98,25.66,82.66,33.94
2021-06-14,0.0,39.11,26.84,66.78,32.02
2021-06-15,0.06,36.92,26.2,76.41,36.98
2021-06-16,0.0,39.45,26.29,80.83,31.03
2021-06-17,0.0,41.55,26.29,71.71,26.53
2021-06-18,0.0,42.06,27.18,68.49,15.6
2021-06-19,0.0,42.43,25.79,62.53,13.26
2021-06-20,0.13,42.18,26.51,59.8,16.62
2021-06-21,0.0,37.39,28.41,62.06,39.06
2021-06-22,0.0,41.69,28.75,63.52,24.67
2021-06-23,0.0,43.18,27.52,53.55,12.69
2021-06-24,0.0,39.38,26.93,73.31,26.67
2021-06-25,7.69,39.81,29.19,71.08,29.56
2021-06-26,8.09,30.25,24.67,92.67,64.58
2021-06-27,2.89,34.79,24.66,88.76,42.29
2021-06-28,0.0,38.63,25.41,81.3,35.1
2021-06-29,0.0,36.33,26.38,82.49,44.92
2021-06-30,0.0,36.88,25.33,83.13,43.02
2021-07-01,0.03,34.09,24.41,82.16,52.55
2021-07-02,1.72,37.32,24.87,90.83,44.43
2021-07-03,0.0,34.58,24.06,93.08,48.39
2021-07-04,0.0,34.5,23.5,89.01,43.73
2021-07-05,2.62,35.84,25.13,82.71,43.53
2021-07-06,0.01,34.53,25.49,92.44,45.54
2021-07-07,0.9,37.9,25.76,90.06,41.08
2021-07-08,0.0,38.42,25.49,89.27,33.15
2021-07-09,0.0,37.14,25.61,85.17,43.8
2021-07-10,0.0,36.14,25.43,84.06,42.86
2021-07-11,24.14,37.02,25.6,81.09,41.3
2021-07-12,0.0,34.15,23.89,96.59,52.95
2021-07-13,0.0,36.19,24.06,98.3,49.79
2021-07-14,0.0,37.32,25.22,73.25,40.5
2021-07-15,0.0,37.14,25.63,84.56,40.69
2021-07-16,0.0,37.68,25.95,82.05,41.01
2021-07-17,0.0,35.59,23.59,96.29,46.4
2021-07-18,0.0,37.81,26.76,86.96,41.04
2021-07-19,0.0,36.87,27.15,75.38,40.81
2021-07-20,0.0,37.59,25.82,83.17,39.26
2021-07-21,0.0,37.73,27.68,72.6,42.73
2021-07-22,0.0,37.65,27.01,85.47,31.29
2021-07-23,0.0,36.56,24.38,75.05,28.98
2021-07-24,6.08,37.86,25.02,77.96,32.93
2021-07-25,0.0,34.14,24.97,97.44,57.94
2021-07-26,0.0,36.38,25.51,92.1,45.62
2021-07-27,0.0,38.34,25.74,86.72,35.71
2021-07-28,2.35,37.48,25.65,83.01,41.49
2021-07-29,9.83,32.76,23.92,98.18,56.22
2021-07-30,4.23,34.16,25.13,87.04,50.85
2021-07-31,20.01,31.4,23.95,91.6,63.22
2021-08-01,9.39,33.09,23.86,92.05,52.04
2021-08-02,15.95,29.84,23.41,93.37,68.12
2021-08-03,0.0,31.98,23.93,91.92,56.72
2021-08-04,17.66,31.2,24.1,90.9,59.56
2021-08-05,0.0,33.44,22.65,93.1,52.86
2021-08-06,0.04,32.17,24.92,91.55,56.03
2021-08-07,0.01,32.2,24.09,92.8,54.47
2021-08-08,13.5,32.59,23.91,97.05,63.89
2021-08-09,0.0,32.67,22.18,96.31,61.51
2021-08-10,0.0,34.29,24.97,98.33,55.55
2021-08-11,0.0,34.0,23.91,96.02,55.79
2021-08-12,0.71,33.75,23.76,94.62,52.18
2021-08-13,2.23,34.34,25.26,96.88,53.26
2021-08-14,18.16,34.84,25.57,76.06,56.07
2021-08-15,0.01,29.44,22.34,97.0,71.7
2021-08-16,7.99,28.75,23.54,96.11,82.8
2021-08-17,12.03,33.91,23.22,96.69,64.08
2021-08-18,2.41,31.54,22.03,97.19,66.54
2021-08-19,2.82,31.45,22.9,97.59,72.19
2021-08-20,7.57,31.87,22.83,98.05,64.19
2021-08-21,0.0,33.2,21.67,93.77,57.61
2021-08-22,0.77,34.21,24.4,90.59,62.38
2021-08-23,0.01,34.01,23.41,94.71,61.55
2021-08-24,0.01,34.3,25.57,93.5,58.41
2021-08-25,11.55,34.09,23.16,97.3,62.27
2021-08-26,0.0,34.41,22.72,95.8,57.97
2021-08-27,6.83,33.14,24.47,94.11,65.32
2021-08-28,0.02,33.48,23.68,96.33,64.13
2021-08-29,37.23,34.11,24.13,96.92,61.68
2021-08-30,0.0,33.93,21.49,98.09,61.27
2021-08-31,8.8,34.15,24.79,95.32,58.5
2021-09-01,0.01,33.51,23.65,94.87,59.17
2021-09-02,0.12,34.57,24.66,96.15,59.79
2021-09-03,2.45,35.09,25.06,95.3,59.72
2021-09-04,2.05,33.1,22.89,94.33,58.16
2021-09-05,0.0,33.4,23.84,93.41,61.47
2021-09-06,0.06,32.03,24.64,95.1,65.59
2021-09-07,0.0,35.2,24.91,90.72,52.23
2021-09-08,0.0,36.12,25.07,96.06,53.04
2021-09-09,6.04,36.5,25.95,89.83,49.69
2021-09-10,1.98,31.52,22.95,86.06,74.37
2021-09-11,2.27,34.96,24.17,96.79,57.27
2021-09-12,0.01,34.46,24.77,95.72,55.13
2021-09-13,0.0,36.34,26.04,91.91,53.01
2021-09-14,0.0,35.9,25.7,93.77,57.75
2021-09-15,19.58,34.24,25.67,98.79,55.49
2021-09-16,0.0,33.52,21.92,98.33,66.45
2021-09-17,9.12,33.21,24.97,97.47,64.35
2021-09-18,7.98,32.42,24.45,98.16,66.08
2021-09-19,11.64,29.2,21.63,98.7,74.18
2021-09-20,0.0,35.19,23.9,96.7,56.91
2021-09-21,0.0,34.6,24.81,99.45,62.88
2021-09-22,0.0,35.42,25.92,95.37,54.58
2021-09-23,19.38,34.03,23.97,96.4,64.88
2021-09-24,0.0,34.25,22.67,97.75,56.47
2021-09-25,0.02,35.5,24.99,96.76,56.83
2021-09-26,1.84,34.27,24.46,94.96,55.06
2021-09-27,0.0,37.1,24.4,95.71,50.49
2021-09-28,0.0,36.55,24.25,91.2,50.77
2021-09-29,0.0,33.91,24.42,93.86,61.17
2021-09-30,6.48,35.48,24.52,93.52,51.94
2021-10-01,0.0,34.11,23.39,91.98,58.77
2021-10-02,11.01,36.01,24.75,91.95,48.67
2021-10-03,0.0,35.93,23.65,92.12,49.12
2021-10-04,1.83,37.19,25.05,93.86,48.76
2021-10-05,0.0,33.34,23.8,87.52,50.94
2021-10-06,0.0,37.03,23.28,93.68,46.84
2021-10-07,2.47,35.65,25.53,89.97,52.72
2021-10-08,0.0,36.44,25.02,85.94,45.89
2021-10-09,0.28,34.63,23.74,96.61,57.35
2021-10-10,0.0,35.85,25.22,93.65,52.03
2021-10-11,0.0,36.83,24.82,94.12,48.9
2021-10-12,0.0,36.21,24.0,94.79,36.95
2021-10-13,0.0,35.11,21.81,91.85,38.79
2021-10-14,0.0,37.08,21.27,89.09,31.89
2021-10-15,0.0,38.73,22.98,96.57,33.75
2021-10-16,0.0,38.03,23.6,98.48,35.56
2021-10-17,0.02,36.96,24.34,96.88,39.73
2021-10-18,0.0,31.22,21.94,100.0,70.39
2021-10-19,0.0,38.52,23.08,96.56,32.82
2021-10-20,0.0,38.48,22.13,90.75,28.03
2021-10-21,0.0,37.13,24.09,72.2,31.09
2021-10-22,0.0,36.63,23.87,76.01,29.35
2021-10-23,0.21,36.46,23.47,72.47,33.24
2021-10-24,6.3,37.24,24.41,91.0,47.73
2021-10-25,0.0,32.84,23.83,88.78,58.21
2021-10-26,0.0,35.57,24.09,90.57,47.88
2021-10-27,0.0,35.57,24.75,76.48,46.06
2021-10-28,0.0,34.6,26.16,74.63,42.66
2021-10-29,0.0,35.48,25.33,74.46,39.87
2021-10-30,0.07,35.04,26.36,76.4,43.07
2021-10-31,0.0,36.69,25.16,87.47,30.68
2021-11-01,0.0,35.93,19.77,45.18,20.69
2021-11-02,0.0,34.55,16.78,45.77,18.11
2021-11-03,0.0,34.71,14.68,57.07,20.69
2021-11-04,0.0,35.41,16.36,48.07,18.9
2021-11-05,0.0,35.03,16.64,52.57,18.74
2021-11-06,0.0,34.43,16.59,53.83,23.74
2021-11-07,0.0,34.82,17.06,54.74,25.03
2021-11-08,0.0,29.53,21.41,55.03,33.41
2021-11-09,0.0,32.36,19.87,51.22,16.59
2021-11-10,0.0,35.78,19.99,41.03,18.62
2021-11-11,0.0,38.91,19.83,53.08,15.72
2021-11-12,0.0,39.85,22.03,43.33,8.72
2021-11-13,0.0,38.36,22.47,46.86,19.83
2021-11-14,0.0,36.99,21.55,57.55,22.78
2021-11-15,0.0,34.96,22.89,46.49,24.88
2021-11-16,0.0,37.68,21.79,48.93,21.13
2021-11-17,0.0,37.59,20.11,48.54,18.17
2021-11-18,0.0,38.53,20.43,40.0,13.44
2021-11-19,0.0,37.7,20.25,46.33,15.29
2021-11-20,0.0,38.6,18.74,51.65,15.96
2021-11-21,0.0,37.11,22.48,42.59,18.15
2021-11-22,0.0,36.96,19.73,44.26,14.47
2021-11-23,0.0,36.28,20.58,33.03,14.14
2021-11-24,0.0,36.31,21.34,30.54,14.11
2021-11-25,0.0,36.95,21.22,31.81,12.57
2021-11-26,0.0,37.03,19.86,46.11,18.51
2021-11-27,0.0,36.15,20.16,56.21,20.08
2021-11-28,0.0,36.19,20.67,66.0,26.49
2021-11-29,0.0,38.27,21.81,45.6,15.02
2021-11-30,0.0,40.34,22.28,40.81,13.81
2021-12-01,0.0,38.99,20.03,52.9,14.94
2021-12-02,0.0,40.43,20.72,42.04,9.71
2021-12-03,0.0,39.62,21.41,42.66,11.81
2021-12-04,0.0,38.41,21.22,39.52,10.78
2021-12-05,0.0,38.83,19.33,43.14,11.13
2021-12-06,0.0,36.43,19.76,32.81,12.61
2021-12-07,0.0,37.53,16.55,37.46,11.04
2021-12-08,0.0,38.42,18.51,38.1,11.1
2021-12-09,0.0,38.34,20.1,36.99,11.6
2021-12-10,0.0,38.27,18.02,40.02,12.63
2021-12-11,0.0,38.17,18.22,40.73,11.9
2021-12-12,0.0,37.76,17.69,41.53,9.61
2021-12-13,0.0,38.68,18.97,39.31,12.89
2021-12-14,0.0,38.21,18.85,44.66,14.63
2021-12-15,0.0,36.49,22.26,45.02,15.18
2021-12-16,0.0,36.54,22.21,40.78,16.15
2021-12-17,0.0,37.17,21.67,44.47,18.3
2021-12-18,0.0,39.42,21.34,59.37,19.33
2021-12-19,0.0,35.68,21.85,68.99,19.52
2021-12-20,0.0,36.75,24.02,46.88,18.94
2021-12-21,0.0,33.16,22.54,57.52,23.86
2021-12-22,0.0,31.88,22.52,53.92,33.54
2021-12-23,0.0,33.89,22.91,54.09,25.5
2021-12-24,0.0,37.56,21.47,30.78,15.2
2021-12-25,0.0,36.31,22.42,39.3,26.94
2021-12-26,0.0,35.56,21.25,63.0,21.22
2021-12-27,0.0,37.0,21.15,52.77,19.09
2021-12-28,0.0,37.62,18.49,42.86,11.94
2021-12-29,0.0,37.36,19.23,44.17,16.32
2021-12-30,0.0,36.25,18.38,34.01,18.1
2021-12-31,0.0,39.13,18.18,41.32,14.22
2022-01-01,0.0,37.25,20.71,39.1,16.93
2022-01-02,0.0,37.06,20.52,40.42,16.83
2022-01-03,0.0,36.06,17.0,43.1,15.99
2022-01-04,0.0,36.7,15.93,44.13,17.16
2022-01-05,0.0,36.37,17.51,40.29,16.21
2022-01-06,0.0,35.78,17.39,44.31,16.6
2022-01-07,0.0,35.71,17.26,45.18,17.3
2022-01-08,0.0,36.65,17.67,42.6,15.94
2022-01-09,0.0,32.17,22.48,32.92,19.62
2022-01-10,0.0,32.61,21.04,34.11,18.95
2022-01-11,0.0,37.03,21.06,39.35,18.66
2022-01-12,0.0,39.4,20.23,55.45,15.99
2022-01-13,0.0,39.89,22.69,47.24,16.74
2022-01-14,0.0,40.96,23.4,44.62,12.53
2022-01-15,0.0,38.81,21.83,60.63,18.37
2022-01-16,0.0,35.95,22.76,52.32,17.22
2022-01-17,0.0,38.59,22.12,35.55,15.16
2022-01-18,0.0,37.44,20.21,37.18,20.0
2022-01-19,0.0,38.18,20.39,42.9,17.31
2022-01-20,0.0,37.91,20.72,37.09,16.86
2022-01-21,0.0,38.64,19.24,39.14,16.78
2022-01-22,0.0,36.95,22.8,39.83,18.35
2022-01-23,0.0,36.88,19.54,41.91,15.71
2022-01-24,0.0,36.25,20.63,36.8,15.29
2022-01-25,0.0,35.85,21.96,31.14,15.85
2022-01-26,0.0,36.78,20.97,36.15,15.03
2022-01-27,0.0,37.47,19.81,44.3,19.4
2022-01-28,0.0,36.17,20.39,58.3,20.39
2022-01-29,0.0,36.51,18.76,48.35,17.08
2022-01-30,0.0,39.86,22.68,38.72,14.53
2022-01-31,0.0,39.73,22.98,33.6,14.89
2022-02-01,0.0,39.54,23.06,36.81,14.19
2022-02-02,0.0,37.78,22.6,31.38,12.07
2022-02-03,0.0,36.75,21.11,41.79,17.86
2022-02-04,0.0,37.58,18.47,40.29,14.11
2022-02-05,0.0,39.51,19.02,39.99,14.34
2022-02-06,0.0,38.63,19.27,38.7,13.62
2022-02-07,0.0,40.13,18.92,38.05,13.79
2022-02-08,0.0,39.52,19.0,41.45,16.0
2022-02-09,0.0,38.94,19.39,38.94,15.87
2022-02-10,0.0,37.76,20.99,29.56,15.3
2022-02-11,0.0,35.92,21.56,36.27,19.57
2022-02-12,0.0,35.35,19.49,38.29,20.89
2022-02-13,0.0,34.56,17.56,44.21,23.51
2022-02-14,0.0,34.6,18.16,47.11,23.96
2022-02-15,0.0,34.17,19.03,42.83,22.01
2022-02-16,0.0,35.1,18.87,41.8,21.03
2022-02-17,0.0,34.67,20.25,41.62,21.28
2022-02-18,0.0,35.96,21.33,42.04,16.74
2022-02-19,0.0,38.46,19.84,41.4,17.29
2022-02-20,0.0,39.94,21.84,36.01,12.64
2022-02-21,0.0,40.67,23.08,36.75,13.53
2022-02-22,0.0,41.07,23.09,46.26,15.05
2022-02-23,0.0,40.71,22.02,55.41,14.74
2022-02-24,0.0,39.43,21.25,79.69,14.57
2022-02-25,0.0,38.99,21.24,72.97,19.66
2022-02-26,0.0,34.73,20.32,78.89,30.85
2022-02-27,0.0,34.81,20.63,60.69,23.24
2022-02-28,0.0,33.99,19.65,52.74,23.41
2022-03-01,0.0,33.93,18.0,71.47,23.73
2022-03-02,0.0,37.27,19.67,55.77,16.6
2022-03-03,0.0,37.47,22.74,38.64,18.11
2022-03-04,0.0,36.12,22.61,32.01,15.12
2022-03-05,0.0,35.44,18.97,29.17,10.04
2022-03-06,0.0,38.2,18.87,42.08,12.44
2022-03-07,0.0,36.95,19.55,44.17,16.76
2022-03-08,0.0,39.47,18.85,46.21,16.94
2022-03-09,0.0,38.91,21.39,36.87,12.62
2022-03-10,0.0,40.52,22.04,33.5,12.24
2022-03-11,0.0,40.07,22.17,29.75,13.46
2022-03-12,0.0,39.92,24.97,25.86,12.93
2022-03-13,0.0,40.55,23.68,31.09,13.59
2022-03-14,0.0,41.03,22.75,32.27,11.77
2022-03-15,0.0,37.11,21.98,40.96,19.3
2022-03-16,0.0,37.35,20.94,50.17,25.89
2022-03-17,0.0,38.39,21.73,46.53,22.61
2022-03-18,0.0,39.88,21.59,49.19,16.83
2022-03-19,0.0,40.48,22.08,47.75,16.45
2022-03-20,0.0,40.63,21.79,40.82,14.87
2022-03-21,0.0,40.69,22.39,50.0,16.15
2022-03-22,0.0,44.05,24.18,38.74,11.74
2022-03-23,0.0,43.03,24.08,46.14,14.76
2022-03-24,0.0,40.81,24.16,46.31,15.59
2022-03-25,0.0,40.46,22.58,45.41,17.6
2022-03-26,0.0,41.13,22.53,45.18,17.36
2022-03-27,0.0,39.36,21.72,52.57,16.87
2022-03-28,0.0,39.6,22.48,53.18,19.14
2022-03-29,0.0,42.36,25.67,48.43,16.46
2022-03-30,0.0,42.41,25.75,46.71,17.81
2022-03-31,0.0,42.33,26.76,47.41,18.77
2022-04-01,0.0,43.97,26.42,45.01,15.22
2022-04-02,0.0,42.47,25.16,37.3,15.7
2022-04-03,0.0,46.07,26.83,51.56,17.01
2022-04-04,0.0,36.7,20.15,73.03,24.32
2022-04-05,0.0,37.18,22.16,75.6,24.36
2022-04-06,0.0,42.59,23.12,55.35,12.25
2022-04-07,0.0,43.54,27.05,31.48,12.66
2022-04-08,0.0,44.45,28.67,36.53,12.8
2022-04-09,0.0,44.47,28.39,35.32,13.11
2022-04-10,0.0,44.47,26.73,28.72,9.64
2022-04-11,0.0,40.78,22.92,61.31,16.09
2022-04-12,0.0,40.72,23.01,65.83,18.43
2022-04-13,0.0,40.32,23.19,67.17,18.53
2022-04-14,0.0,42.81,22.79,64.88,13.47
2022-04-15,0.0,42.37,25.7,44.29,13.63
2022-04-16,0.0,40.81,24.46,49.12,16.26
2022-04-17,0.0,41.4,23.62,59.46,18.36
2022-04-18,0.0,43.21,24.91,60.87,13.88
2022-04-19,0.0,41.85,25.73,51.96,20.04
2022-04-20,0.0,43.78,27.05,50.83,13.82
2022-04-21,0.0,44.9,26.99,43.98,10.66
2022-04-22,0.0,43.89,27.54,32.49,10.91
2022-04-23,0.0,43.96,27.36,28.98,9.84
2022-04-24,0.0,43.81,28.82,30.86,13.51
2022-04-25,0.0,43.43,28.6,36.61,12.9
2022-04-26,0.0,41.38,24.81,52.91,23.19
2022-04-27,0.0,41.98,24.17,50.23,17.24
2022-04-28,0.0,43.66,26.25,36.77,16.54
2022-04-29,0.0,44.35,26.29,32.34,10.79
2022-04-30,0.0,45.1,25.69,30.05,10.0
2022-05-01,0.0,44.91,26.16,35.97,10.32
2022-05-02,0.0,44.82,26.08,38.06,11.22
2022-05-03,0.0,40.35,24.73,56.33,20.21
2022-05-04,0.0,41.51,23.77,60.56,19.97
2022-05-05,0.0,42.72,26.19,50.34,18.23
2022-05-06,0.0,44.75,29.04,38.4,16.91
2022-05-07,0.0,46.08,29.87,35.99,15.12
2022-05-08,0.0,41.82,26.98,46.25,25.18
2022-05-09,0.0,37.36,27.58,58.65,35.75
2022-05-10,0.0,42.61,27.08,57.95,20.51
2022-05-11,0.0,45.29,25.8,69.56,10.79
2022-05-12,0.0,44.41,25.07,73.71,13.03
2022-05-13,0.0,42.44,26.04,66.8,24.49
2022-05-14,0.0,44.98,26.55,66.38,16.8
2022-05-15,0.0,45.93,29.57,42.16,9.2
2022-05-16,0.0,45.94,28.45,40.11,9.28
2022-05-17,0.0,44.7,28.16,64.15,10.56
2022-05-18,0.0,43.69,28.2,57.8,19.6
2022-05-19,0.0,44.89,25.23,79.47,8.71
2022-05-20,0.0,42.82,25.98,43.05,15.48
2022-05-21,0.0,40.29,25.75,57.32,27.61
2022-05-22,0.0,40.12,24.45,71.1,19.8
2022-05-23,0.0,39.65,26.38,71.37,34.17
2022-05-24,0.0,40.47,21.92,78.14,23.36
2022-05-25,0.0,40.56,24.44,68.12,24.59
2022-05-26,2.8,39.6,26.65,69.53,35.24
2022-05-27,7.03,36.04,23.84,95.11,48.78
2022-05-28,0.09,37.32,25.57,83.7,41.38
2022-05-29,0.0,41.64,27.46,71.49,20.76
2022-05-30,0.0,43.34,28.84,47.0,17.55
2022-05-31,0.01,40.8,28.59,57.01,23.74
2022-06-01,0.0,42.5,28.57,58.88,22.11
2022-06-02,0.0,39.58,28.94,53.9,29.43
2022-06-03,0.0,42.2,29.33,59.16,20.76
2022-06-04,0.0,41.31,28.97,67.42,25.63
2022-06-05,4.18,41.19,27.53,70.35,28.19
2022-06-06,0.03,39.7,26.26,79.95,28.8
2022-06-07,0.0,37.82,26.06,76.28,36.08
2022-06-08,29.31,40.28,25.97,79.54,33.3
2022-06-09,0.0,36.07,22.77,95.29,42.15
2022-06-10,0.0,38.02,25.39,75.42,33.5
2022-06-11,0.0,38.51,25.55,71.49,30.37
2022-06-12,0.0,38.63,25.28,79.24,35.54
2022-06-13,0.0,37.26,25.81,75.24,38.95
2022-06-14,27.43,37.3,25.67,83.2,45.4
2022-06-15,1.88,32.59,22.6,97.01,59.39
2022-06-16,0.0,38.28,25.15,80.84,24.52
2022-06-17,0.08,34.21,25.07,79.5,49.3
2022-06-18,0.51,32.53,25.38,94.1,62.53
2022-06-19,0.13,33.29,24.89,95.47,55.05
2022-06-20,0.41,33.29,25.39,93.39,56.01
2022-06-21,0.0,35.43,25.66,93.24,49.71
2022-06-22,12.62,37.49,26.26,85.24,41.15
2022-06-23,0.0,34.86,24.31,93.76,57.49
2022-06-24,0.0,37.09,25.88,86.93,53.85
2022-06-25,0.0,37.01,27.44,79.56,51.91
2022-06-26,0.0,37.57,27.15,81.49,47.46
2022-06-27,0.0,38.41,27.15,84.11,48.89
2022-06-28,0.0,34.74,23.25,94.85,48.58
2022-06-29,0.0,37.81,25.56,87.71,42.05
2022-06-30,0.01,38.25,26.69,81.51,44.47
2022-07-01,0.0,37.78,25.85,82.4,32.98
2022-07-02,16.1,35.42,25.02,81.13,41.39
2022-07-03,0.64,33.37,23.91,91.44,56.09
2022-07-04,6.92,33.29,25.17,95.77,60.87
2022-07-05,0.0,35.11,25.6,91.4,56.0
2022-07-06,0.0,35.27,26.58,86.79,54.18
2022-07-07,0.0,35.22,25.68,91.94,51.59
2022-07-08,8.36,36.25,24.8,94.87,52.01
2022-07-09,0.0,34.75,23.56,93.32,59.13
2022-07-10,0.0,35.31,25.99,90.72,50.56
2022-07-11,0.0,35.99,25.77,90.49,45.12
2022-07-12,0.0,36.1,25.86,81.54,47.09
2022-07-13,0.0,36.23,26.19,77.8,40.68
2022-07-14,0.0,36.51,25.74,75.98,47.2
2022-07-15,0.0,36.36,25.19,83.61,50.7
2022-07-16,0.0,35.26,26.32,78.73,54.77
2022-07-17,0.0,33.59,24.13,86.38,46.37
2022-07-18,0.76,36.63,24.84,81.52,40.67
2022-07-19,35.14,37.25,27.02,85.56,45.68
2022-07-20,1.56,37.36,25.07,84.21,35.65
2022-07-21,8.1,32.67,25.66,93.65,63.52
2022-07-22,12.29,29.47,24.29,97.84,76.12
2022-07-23,11.56,32.51,24.15,97.92,61.17
2022-07-24,19.19,28.55,22.52,98.96,74.05
2022-07-25,1.48,31.45,23.95,96.7,67.13
2022-07-26,0.0,33.92,24.91,97.0,56.98
2022-07-27,0.0,34.25,25.82,93.0,57.8
2022-07-28,0.0,33.52,25.76,90.0,58.77
2022-07-29,0.05,32.41,25.32,94.76,61.22
2022-07-30,22.53,28.97,23.84,96.65,76.99
2022-07-31,11.18,29.37,23.45,97.01,76.9
2022-08-01,0.0,33.31,22.94,97.97,55.94
2022-08-02,0.42,32.23,24.58,93.8,62.07
2022-08-03,9.99,31.41,23.9,95.57,71.69
2022-08-04,0.2,32.0,24.48,96.85,67.57
2022-08-05,0.64,32.8,24.08,98.18,63.86
2022-08-06,7.76,31.3,23.87,96.44,71.84
2022-08-07,0.01,33.61,24.15,96.07,61.0
2022-08-08,0.0,34.7,25.37,90.88,56.29
2022-08-09,0.0,34.52,24.28,89.09,57.69
2022-08-10,0.04,33.71,25.91,93.0,59.0
2022-08-11,0.66,34.33,25.21,94.33,57.62
2022-08-12,7.05,33.57,25.65,95.85,57.03
2022-08-13,0.09,31.94,24.85,98.19,63.74
2022-08-14,0.01,29.01,22.62,97.6,76.09
2022-08-15,15.91,29.22,22.57,97.48,75.69
2022-08-16,0.01,33.31,23.93,98.4,61.35
2022-08-17,4.76,31.88,24.56,95.25,66.46
2022-08-18,10.46,30.4,23.94,96.87,71.0
2022-08-19,10.73,31.84,23.75,98.95,63.67
2022-08-20,14.36,32.65,23.56,97.75,63.14
2022-08-21,7.07,31.64,24.76,97.49,66.44
2022-08-22,1.3,33.36,24.25,96.65,61.32
2022-08-23,0.0,33.98,24.71,96.67,58.21
2022-08-24,5.66,29.62,22.91,95.43,75.4
2022-08-25,0.24,32.58,23.13,96.5,66.3
2022-08-26,0.85,32.92,23.48,97.55,59.17
2022-08-27,1.49,32.95,23.9,98.29,61.81
2022-08-28,0.19,34.5,24.15,95.73,57.67
2022-08-29,1.22,31.96,24.81,96.24,64.64
2022-08-30,8.75,29.73,23.84,97.32,72.23
2022-08-31,20.01,31.09,23.65,97.37,68.73
2022-09-01,21.92,31.94,22.56,97.86,62.73
2022-09-02,11.43,30.47,21.95,97.23,69.84
2022-09-03,8.85,31.75,24.06,97.43,68.91
2022-09-04,3.19,31.67,24.12,97.97,64.54
2022-09-05,0.0,33.25,24.09,96.95,61.74
2022-09-06,0.0,34.32,24.71,97.12,60.14
2022-09-07,9.47,33.9,23.53,96.19,58.15
2022-09-08,0.91,32.97,23.36,96.18,60.18
2022-09-09,6.64,31.73,22.47,97.88,65.83
2022-09-10,2.25,31.55,23.3,96.58,63.57
2022-09-11,0.0,31.98,23.76,96.07,66.36
2022-09-12,0.01,32.08,24.45,97.46,66.53
2022-09-13,28.91,34.2,24.23,96.34,58.96
2022-09-14,2.64,33.01,21.39,98.82,62.16
2022-09-15,0.0,35.48,24.94,97.29,54.01
2022-09-16,0.0,34.38,25.25,97.96,61.96
2022-09-17,15.45,33.73,24.64,98.2,61.58
2022-09-18,0.1,31.91,22.85,85.53,62.16
2022-09-19,6.43,31.17,23.58,98.55,69.69
2022-09-20,2.28,33.25,24.42,96.4,61.67
2022-09-21,21.23,30.98,23.08,97.11,75.5
2022-09-22,3.07,31.75,22.71,97.93,67.29
2022-09-23,0.31,33.15,22.58,98.41,60.17
2022-09-24,13.53,33.11,23.46,96.54,59.79
2022-09-25,0.5,32.82,22.52,96.56,63.2
2022-09-26,5.34,32.99,23.59,97.37,100.0
2022-09-27,0.0,34.02,23.09,95.53,51.38
2022-09-28,0.0,35.85,24.79,95.88,51.29
2022-09-29,1.27,33.02,24.72,94.35,65.92
2022-09-30,0.29,33.82,24.91,94.66,61.49
2022-10-01,4.36,34.02,23.96,95.14,57.62
2022-10-02,0.63,34.53,23.63,95.31,47.68
2022-10-03,0.65,32.7,23.8,96.11,60.29
2022-10-04,0.0,37.0,24.13,94.43,47.24
2022-10-05,0.0,36.8,25.35,92.89,46.01
2022-10-06,0.0,35.26,23.67,95.36,51.88
2022-10-07,4.65,37.13,24.63,95.83,42.26
2022-10-08,1.78,34.76,22.89,94.86,49.34
2022-10-09,4.18,30.29,22.41,96.65,68.23
2022-10-10,0.0,33.79,22.64,96.6,51.25
2022-10-11,0.03,35.81,23.76,94.14,42.93
2022-10-12,0.0,36.54,24.14,93.6,43.66
2022-10-13,15.57,36.01,24.23,94.15,50.85
2022-10-14,0.0,33.22,21.45,91.97,51.45
2022-10-15,0.0,34.63,23.73,95.77,44.26
2022-10-16,0.01,34.99,23.07,92.88,45.66
2022-10-17,0.52,35.18,24.56,92.42,48.42
2022-10-18,0.61,36.16,23.92,91.99,47.4
2022-10-19,0.6,36.31,23.11,91.54,43.54
2022-10-20,0.0,35.38,22.92,92.9,48.59
2022-10-21,0.51,35.64,23.73,94.47,42.43
2022-10-22,0.0,35.54,22.87,92.92,43.93
2022-10-23,1.0,36.38,24.01,93.58,39.5
2022-10-24,0.64,29.65,22.93,87.49,67.09
2022-10-25,0.01,34.71,22.93,93.11,43.07
2022-10-26,0.0,37.61,21.99,94.89,27.7
2022-10-27,0.0,37.67,20.09,94.65,29.18
2022-10-28,0.0,38.35,21.37,86.89,35.71
2022-10-29,0.0,35.8,23.11,99.06,37.16
2022-10-30,0.0,36.38,20.04,95.97,25.76
2022-10-31,0.0,36.51,19.86,93.65,28.77
2022-11-01,0.0,37.16,18.1,87.76,22.29
2022-11-02,0.0,37.67,18.46,90.8,17.87
2022-11-03,0.0,37.2,18.12,80.81,15.92
2022-11-04,0.0,37.47,16.7,84.22,16.21
2022-11-05,0.0,37.45,16.57,82.04,13.42
2022-11-06,0.0,37.6,17.78,76.59,13.25
2022-11-07,0.0,38.78,18.84,82.91,14.91
2022-11-08,0.0,38.17,18.84,77.37,18.63
2022-11-09,0.0,39.16,22.07,82.69,13.67
2022-11-10,0.0,38.87,19.34,72.57,15.16
2022-11-11,0.0,38.42,16.96,78.47,13.64
2022-11-12,0.0,37.75,15.86,78.97,12.17
2022-11-13,0.0,38.15,17.0,77.15,14.84
2022-11-14,0.0,36.27,20.84,79.17,17.76
2022-11-15,0.0,35.93,19.92,88.05,30.76
2022-11-16,0.0,36.2,20.36,89.45,32.3
2022-11-17,0.0,37.06,20.67,87.43,24.8
2022-11-18,0.0,37.08,18.51,64.81,11.39
2022-11-19,0.0,37.07,18.93,55.97,13.29
2022-11-20,0.0,37.12,14.53,69.69,13.14
2022-11-21,0.0,38.1,17.74,57.87,17.6
2022-11-22,0.0,37.84,18.92,52.31,15.5
2022-11-23,0.0,36.06,16.7,53.74,17.2
2022-11-24,0.0,35.41,18.33,51.17,19.35
2022-11-25,0.0,35.53,20.32,54.54,29.83
2022-11-26,0.0,35.73,20.51,55.39,15.26
2022-11-27,0.0,35.55,18.31,57.1,16.09
2022-11-28,0.0,37.28,14.47,69.57,15.35
2022-11-29,0.0,37.26,17.04,65.4,17.86
2022-11-30,0.0,37.21,18.43,64.16,14.56
2022-12-01,0.0,38.52,19.54,54.0,15.16
2022-12-02,0.0,38.12,18.3,53.29,13.91
2022-12-03,0.0,36.83,17.2,56.06,13.45
2022-12-04,0.0,36.24,18.02,66.52,16.37
2022-12-05,0.0,37.59,19.47,57.38,14.95
2022-12-06,0.0,40.13,21.35,68.37,22.51
2022-12-07,0.0,40.72,22.61,75.81,20.41
2022-12-08,0.0,41.36,23.78,60.37,16.91
2022-12-09,0.0,40.89,23.27,52.88,18.82
2022-12-10,0.0,40.92,20.98,62.68,16.55
2022-12-11,0.0,40.19,19.86,63.51,16.82
2022-12-12,0.0,38.0,18.12,47.26,13.19
2022-12-13,0.0,41.15,15.68,56.82,12.08
2022-12-14,0.0,38.09,16.18,55.95,12.25
2022-12-15,0.0,38.08,15.23,52.6,16.88
2022-12-16,0.0,37.92,14.92,54.83,13.0
2022-12-17,0.0,38.39,14.9,58.44,12.59
2022-12-18,0.0,38.22,15.89,45.78,12.98
2022-12-19,0.0,38.08,17.59,43.08,11.61
2022-12-20,0.0,36.45,19.23,35.65,13.42
2022-12-21,0.0,35.57,17.5,43.02,14.19
2022-12-22,0.0,35.45,16.25,44.3,13.9
2022-12-23,0.0,33.46,16.54,45.14,17.27
2022-12-24,0.0,33.9,15.58,48.45,17.81
2022-12-25,0.0,34.68,15.25,49.01,14.79
2022-12-26,0.0,35.88,14.51,52.72,14.9
2022-12-27,0.0,33.21,16.12,56.19,19.82
2022-12-28,0.0,30.28,18.97,53.36,29.04
2022-12-29,0.0,30.75,20.29,74.32,21.74
2022-12-30,0.0,27.12,18.36,81.61,42.12
2022-12-31,0.0,34.24,15.18,81.84,16.94
2023-01-01,0.0,35.94,17.08,52.69,14.41
2023-01-02,0.0,34.46,18.47,46.84,16.13
2023-01-03,0.0,35.57,16.43,51.75,14.78
2023-01-04,0.0,34.62,19.23,42.48,18.34
2023-01-05,0.0,33.28,18.08,46.23,19.25
2023-01-06,0.0,33.96,16.42,53.12,17.06
2023-01-07,0.0,33.44,18.26,46.01,21.25
2023-01-08,0.0,33.46,21.21,24.7,21.13
2023-01-09,0.0,34.11,22.22,27.81,16.32
2023-01-10,0.0,34.39,21.27,26.4,19.8
2023-01-11,0.0,34.6,19.59,40.4,17.37
2023-01-12,0.0,34.55,17.01,41.09,14.81
2023-01-13,0.0,35.67,17.45,39.77,17.47
2023-01-14,0.0,35.99,17.59,43.99,15.6
2023-01-15,0.0,36.91,17.54,40.86,13.8
2023-01-16,0.0,36.4,17.23,43.16,15.47
2023-01-17,0.0,37.08,18.91,38.83,15.33
2023-01-18,0.0,34.27,20.27,40.49,16.69
2023-01-19,0.0,36.83,18.56,42.5,18.13
2023-01-20,0.0,36.59,17.23,56.07,21.16
2023-01-21,0.0,34.17,16.6,63.58,25.07
2023-01-22,0.0,35.82,15.17,72.68,23.57
2023-01-23,0.0,36.93,16.14,75.6,22.59
2023-01-24,0.0,37.03,18.22,84.41,27.91
2023-01-25,0.0,37.4,19.63,90.54,29.55
2023-01-26,0.0,40.64,22.03,60.45,14.89
2023-01-27,0.0,39.57,22.49,40.38,17.0
2023-01-28,0.0,36.09,20.22,42.05,16.51
2023-01-29,0.0,33.06,14.14,44.17,15.76
2023-01-30,0.0,33.92,14.4,54.28,18.55
2023-01-31,0.0,36.22,14.57,52.5,14.78
2023-02-01,0.0,,,,
2023-02-02,0.0,,,,
2023-02-03,0.0,,,,
2023-02-04,0.0,,,,
2023-02-05,0.0,,,,
2023-02-06,0.0,,,,
2023-02-07,0.0,,,,
2023-02-08,0.0,,,,
2023-02-09,0.0,,,,
2023-02-10,0.0,,,,
2023-02-11,0.0,,,,
2023-02-12,0.0,,,,
2023-02-13,0.0,,,,
2023-02-14,0.0,,,,
2023-02-15,0.0,,,,
2023-02-16,0.0,,,,
2023-02-17,0.0,,,,
2023-02-18,0.0,,,,
2023-02-19,0.0,,,,
2023-02-20,0.0,,,,
2023-02-21,0.0,,,,
2023-02-22,0.0,,,,
2023-02-23,0.0,,,,
2023-02-24,0.0,,,,
2023-02-25,0.0,,,,
2023-02-26,0.0,,,,
2023-02-27,0.0,,,,
2023-02-28,0.0,,,,
2023-03-01,0.0,,,,
2023-03-02,0.0,,,,
2023-03-03,0.0,,,,
2023-03-04,0.0,,,,
2023-03-05,0.0,,,,
2023-03-06,0.0,,,,
2023-03-07,0.0,,,,
2023-03-08,0.0,,,,
2023-03-09,0.0,,,,
2023-03-10,0.0,,,,
2023-03-11,0.0,,,,
2023-03-12,0.0,,,,
2023-03-13,0.0,,,,
2023-03-14,0.0,,,,
2023-03-15,0.0,,,,
2023-03-16,0.0,,,,
2023-03-17,0.0,,,,
2023-03-18,0.0,,,,
2023-03-19,0.0,,,,
2023-03-20,0.0,,,,
2023-03-21,0.0,,,,
2023-03-22,0.0,,,,
2023-03-23,0.0,,,,
2023-03-24,0.0,,,,
2023-03-25,0.0,,,,
2023-03-26,0.0,,,,
2023-03-27,0.0,,,,
2023-03-28,0.0,,,,
2023-03-29,0.0,,,,
2023-03-30,0.0,,,,
2023-03-31,0.0,,,,
2023-04-01,0.0,,,,
2023-04-02,0.0,,,,
2023-04-03,0.0,,,,
2023-04-04,0.0,,,,
2023-04-05,0.0,,,,
2023-04-06,0.0,,,,
2023-04-07,0.0,,,,
2023-04-08,0.0,,,,
2023-04-09,0.0,,,,
2023-04-10,0.0,,,,
2023-04-11,0.02,,,,
2023-04-12,0.0,,,,
2023-04-13,0.0,,,,
2023-04-14,0.0,,,,
2023-04-15,0.0,,,,
2023-04-16,0.0,,,,
2023-04-17,0.0,,,,
2023-04-18,0.0,,,,
2023-04-19,0.0,,,,
2023-04-20,0.0,,,,
2023-04-21,0.0,,,,
2023-04-22,0.0,,,,
2023-04-23,0.0,,,,
2023-04-24,0.0,,,,
2023-04-25,0.0,,,,
2023-04-26,0.0,,,,
2023-04-27,0.0,,,,
2023-04-28,0.0,,,,
2023-04-29,0.0,,,,
2023-04-30,0.0,,,,
2023-05-03,0.0,,,,
2023-05-04,0.0,,,,
2023-05-05,0.0,,,,
2023-05-06,0.0,,,,
2023-05-07,0.0,,,,
2023-05-08,0.17,,,,
2023-05-09,0.11,,,,
2023-05-10,0.0,,,,
2023-05-11,0.0,,,,
2023-05-12,0.0,,,,
2023-05-13,0.0,,,,
2023-05-14,0.0,,,,
2023-05-15,0.0,,,,
2023-05-16,0.0,,,,
2023-05-17,0.0,,,,
2023-05-18,0.0,,,,
2023-05-19,0.64,,,,
2023-05-20,0.0,,,,
2023-05-21,0.04,,,,
2023-05-22,0.0,,,,
2023-05-23,0.06,,,,
2023-05-24,0.22,,,,
2023-05-25,0.0,,,,
2023-05-26,0.0,,,,
2023-05-27,0.0,,,,
2023-05-28,0.0,,,,
2023-05-29,0.13,,,,
2023-05-30,0.0,,,,
2023-05-31,0.16,,,,
2023-06-01,0.22,,,,
2023-06-02,0.0,,,,
2023-06-03,0.0,,,,
2023-06-04,0.0,,,,
2023-06-05,0.23,,,,
2023-06-06,0.0,,,,
2023-06-07,0.0,,,,
2023-06-08,0.0,,,,
2023-06-09,0.92,,,,
2023-06-10,0.0,,,,
2023-06-11,0.0,,,,
2023-06-12,0.0,,,,
2023-06-13,7.72,,,,
2023-06-14,0.0,,,,
2023-06-15,0.0,,,,
2023-06-16,0.0,,,,
2023-06-17,0.16,,,,
2023-06-18,9.21,,,,
2023-06-19,0.0,,,,
2023-06-20,0.0,,,,
2023-06-21,0.01,,,,
2023-06-22,0.0,,,,
2023-06-23,0.04,,,,
2023-06-24,0.0,,,,
2023-06-25,0.0,,,,
2023-06-26,0.0,,,,
2023-06-27,0.0,,,,
2023-06-28,0.27,,,,
2023-06-29,1.31,,,,
2023-06-30,26.67,,,,
2023-07-01,0.0,,,,
2023-07-02,29.51,,,,
2023-07-03,1.17,,,,
2023-07-04,0.0,,,,
2023-07-05,0.0,,,,
2023-07-06,0.0,,,,
2023-07-07,0.97,,,,
2023-07-08,0.0,,,,
2023-07-09,0.0,,,,
2023-07-10,13.49,,,,
2023-07-11,0.0,,,,
2023-07-12,0.25,,,,
2023-07-13,7.52,,,,
2023-07-14,0.01,,,,
2023-07-15,0.0,,,,
2023-07-16,28.89,,,,
2023-07-17,14.4,,,,
2023-07-18,0.59,,,,
2023-07-19,17.88,,,,
2023-07-20,0.04,,,,
2023-07-21,0.0,,,,
2023-07-22,0.0,,,,
2023-07-23,1.78,,,,
2023-07-24,0.77,,,,
2023-07-25,0.17,,,,
2023-07-26,0.0,,,,
2023-07-27,0.0,,,,
2023-07-28,0.06,,,,
2023-07-29,0.0,,,,
2023-07-30,22.17,,,,
2023-07-31,0.94,,,,
2023-08-01,0.03,,,,
2023-08-02,0.02,,,,
2023-08-03,0.0,,,,
2023-08-04,0.0,,,,
2023-08-05,1.57,,,,
2023-08-06,19.38,,,,
2023-08-07,0.01,,,,
2023-08-08,0.0,,,,
2023-08-09,0.0,,,,
2023-08-10,0.0,,,,
2023-08-11,1.86,,,,
2023-08-12,0.61,,,,
2023-08-13,2.87,,,,
2023-08-14,24.57,,,,
2023-08-15,13.68,,,,
2023-08-16,5.08,,,,
2023-08-17,0.71,,,,
2023-08-18,2.7,,,,
2023-08-19,20.21,,,,
2023-08-20,4.34,,,,
2023-08-21,0.04,,,,
2023-08-22,6.54,,,,
2023-08-23,0.02,,,,
2023-08-24,30.5,,,,
2023-08-25,0.0,,,,
2023-08-26,0.0,,,,
2023-08-27,3.78,,,,
2023-08-28,19.32,,,,
2023-08-29,1.05,,,,
2023-08-30,13.58,,,,
2023-08-31,0.0,,,,
2023-09-01,20.93,,,,
2023-09-02,0.03,,,,
2023-09-03,0.0,,,,
2023-09-04,21.02,,,,
2023-09-05,0.58,,,,
2023-09-06,0.0,,,,
2023-09-07,77.21,,,,
2023-09-08,0.0,,,,
2023-09-09,9.84,,,,
2023-09-10,0.0,,,,
2023-09-11,0.94,,,,
2023-09-12,0.01,,,,
2023-09-13,0.0,,,,
2023-09-14,0.0,,,,
2023-09-15,0.0,,,,
2023-09-16,9.28,,,,
2023-09-17,6.38,,,,
2023-09-18,0.21,,,,
2023-09-19,2.57,,,,
2023-09-20,0.92,,,,
2023-09-21,0.38,,,,
2023-09-22,6.42,,,,
2023-09-23,0.0,,,,
2023-09-24,15.01,,,,
2023-09-25,0.03,,,,
2023-09-26,0.41,,,,
2023-09-27,0.0,,,,
2023-09-28,0.0,,,,
2023-09-29,0.0,,,,
2023-09-30,0.0,,,,
2023-10-01,0.0,,,,
2023-10-02,0.04,,,,
2023-10-03,0.08,,,,
2023-10-04,2.37,,,,
2023-10-05,0.1,,,,
2023-10-06,0.29,,,,
2023-10-07,4.35,,,,
2023-10-08,0.3,,,,
2023-10-09,3.4,,,,
2023-10-10,1.14,,,,
2023-10-11,0.0,,,,
2023-10-12,0.0,,,,
2023-10-13,2.11,,,,
2023-10-14,0.0,,,,
2023-10-15,0.0,,,,
2023-10-16,0.0,,,,
2023-10-17,0.0,,,,
2023-10-18,0.0,,,,
2023-10-19,0.0,,,,
2023-10-20,0.0,,,,
