time,rain,tmax,tmin,rhmax,rhmin
1981-01-01,0.0,,,,
1981-01-02,0.0,,,,
1981-01-03,0.0,,,,
1981-01-04,0.0,,,,
1981-01-05,0.0,,,,
1981-01-06,0.0,,,,
1981-01-07,0.0,,,,
1981-01-08,0.0,,,,
1981-01-09,0.0,,,,
1981-01-10,0.0,,,,
1981-01-11,0.0,,,,
1981-01-12,0.0,,,,
1981-01-13,0.0,,,,
1981-01-14,0.0,,,,
1981-01-15,0.0,,,,
1981-01-16,0.0,,,,
1981-01-17,0.0,,,,
1981-01-18,0.0,,,,
1981-01-19,0.0,,,,
1981-01-20,0.0,,,,
1981-01-21,0.0,,,,
1981-01-22,0.0,,,,
1981-01-23,0.0,,,,
1981-01-24,0.0,,,,
1981-01-25,0.0,,,,
1981-01-26,0.0,,,,
1981-01-27,0.0,,,,
1981-01-28,0.0,,,,
1981-01-29,0.0,,,,
1981-01-30,0.0,,,,
1981-01-31,0.0,,,,
1981-02-01,0.0,,,,
1981-02-02,0.0,,,,
1981-02-03,0.0,,,,
1981-02-04,0.0,,,,
1981-02-05,0.0,,,,
1981-02-06,0.0,,,,
1981-02-07,0.0,,,,
1981-02-08,0.0,,,,
1981-02-09,0.0,,,,
1981-02-10,0.0,,,,
1981-02-11,0.0,,,,
1981-02-12,0.0,,,,
1981-02-13,0.0,,,,
1981-02-14,0.0,,,,
1981-02-15,0.0,,,,
1981-02-16,0.0,,,,
1981-02-17,0.0,,,,
1981-02-18,0.0,,,,
1981-02-19,0.0,,,,
1981-02-20,0.0,,,,
1981-02-21,0.0,,,,
1981-02-22,0.0,,,,
1981-02-23,0.0,,,,
1981-02-24,0.0,,,,
1981-02-25,0.0,,,,
1981-02-26,0.0,,,,
1981-02-27,0.0,,,,
1981-02-28,0.0,,,,
1981-03-01,0.0,,,,
1981-03-02,0.0,,,,
1981-03-03,0.0,,,,
1981-03-04,0.0,,,,
1981-03-05,0.0,,,,
1981-03-06,0.0,,,,
1981-03-07,0.0,,,,
1981-03-08,0.0,,,,
1981-03-09,0.0,,,,
1981-03-10,0.0,,,,
1981-03-11,0.0,,,,
1981-03-12,0.0,,,,
1981-03-13,0.0,,,,
1981-03-14,0.0,,,,
1981-03-15,0.0,,,,
1981-03-16,0.0,,,,
1981-03-17,0.0,,,,
1981-03-18,0.0,,,,
1981-03-19,0.0,,,,
1981-03-20,0.0,,,,
1981-03-21,0.22,,,,
1981-03-22,0.0,,,,
1981-03-23,0.0,,,,
1981-03-24,0.0,,,,
1981-03-25,0.0,,,,
1981-03-26,0.0,,,,
1981-03-27,0.0,,,,
1981-03-28,0.0,,,,
1981-03-29,0.0,,,,
1981-03-30,0.0,,,,
1981-03-31,0.0,,,,
1981-04-01,0.0,,,,
1981-04-02,0.0,,,,
1981-04-03,0.0,,,,
1981-04-04,0.0,,,,
1981-04-05,0.0,,,,
1981-04-06,0.0,,,,
1981-04-07,0.0,,,,
1981-04-08,0.0,,,,
1981-04-09,0.0,,,,
1981-04-10,0.0,,,,
1981-04-11,0.0,,,,
1981-04-12,0.0,,,,
1981-04-13,0.0,,,,
1981-04-14,0.0,,,,
1981-04-15,0.0,,,,
1981-04-16,0.0,,,,
1981-04-17,0.0,,,,
1981-04-18,0.0,,,,
1981-04-19,0.0,,,,
1981-04-20,0.0,,,,
1981-04-21,0.0,,,,
1981-04-22,0.0,,,,
1981-04-23,0.0,,,,
1981-04-24,0.0,,,,
1981-04-25,0.0,,,,
1981-04-26,0.0,,,,
1981-04-27,0.0,,,,
1981-04-28,0.0,,,,
1981-04-29,0.0,,,,
1981-04-30,0.0,,,,
1981-05-01,0.0,,,,
1981-05-02,0.0,,,,
1981-05-03,0.0,,,,
1981-05-04,0.16,,,,
1981-05-05,2.06,,,,
1981-05-06,1.07,,,,
1981-05-07,0.05,,,,
1981-05-08,0.22,,,,
1981-05-09,0.0,,,,
1981-05-10,0.0,,,,
1981-05-11,0.28,,,,
1981-05-12,5.16,,,,
1981-05-13,1.89,,,,
1981-05-14,0.0,,,,
1981-05-15,0.0,,,,
1981-05-16,0.0,,,,
1981-05-17,0.0,,,,
1981-05-18,0.0,,,,
1981-05-19,0.0,,,,
1981-05-20,0.0,,,,
1981-05-21,0.0,,,,
1981-05-22,0.0,,,,
1981-05-23,0.0,,,,
1981-05-24,0.72,,,,
1981-05-25,0.0,,,,
1981-05-26,0.0,,,,
1981-05-27,0.0,,,,
1981-05-28,0.0,,,,
1981-05-29,0.01,,,,
1981-05-30,0.24,,,,
1981-05-31,0.0,,,,
1981-06-01,0.09,,,,
1981-06-02,3.82,,,,
1981-06-03,0.21,,,,
1981-06-04,0.0,,,,
1981-06-05,0.14,,,,
1981-06-06,0.14,,,,
1981-06-07,1.14,,,,
1981-06-08,0.0,,,,
1981-06-09,0.49,,,,
1981-06-10,0.0,,,,
1981-06-11,0.0,,,,
1981-06-12,0.0,,,,
1981-06-13,0.0,,,,
1981-06-14,0.16,,,,
1981-06-15,0.0,,,,
1981-06-16,0.0,,,,
1981-06-17,0.0,,,,
1981-06-18,0.0,,,,
1981-06-19,0.0,,,,
1981-06-20,1.52,,,,
1981-06-21,8.18,,,,
1981-06-22,4.33,,,,
1981-06-23,4.12,,,,
1981-06-24,18.61,,,,
1981-06-25,6.51,,,,
1981-06-26,0.0,,,,
1981-06-27,0.35,,,,
1981-06-28,1.34,,,,
1981-06-29,0.0,,,,
1981-06-30,0.0,,,,
1981-07-01,1.59,,,,
1981-07-02,4.14,,,,
1981-07-03,23.21,,,,
1981-07-04,19.63,,,,
1981-07-05,0.36,,,,
1981-07-06,2.76,,,,
1981-07-07,4.15,,,,
1981-07-08,8.29,,,,
1981-07-09,5.46,,,,
1981-07-10,0.37,,,,
1981-07-11,0.0,,,,
1981-07-12,0.01,,,,
1981-07-13,3.06,,,,
1981-07-14,10.81,,,,
1981-07-15,0.01,,,,
1981-07-16,0.0,,,,
1981-07-17,0.0,,,,
1981-07-18,1.41,,,,
1981-07-19,8.04,,,,
1981-07-20,10.72,,,,
1981-07-21,0.71,,,,
1981-07-22,0.37,,,,
1981-07-23,6.22,,,,
1981-07-24,22.12,,,,
1981-07-25,5.17,,,,
1981-07-26,5.7,,,,
1981-07-27,2.38,,,,
1981-07-28,3.19,,,,
1981-07-29,10.11,,,,
1981-07-30,15.56,,,,
1981-07-31,4.91,,,,
1981-08-01,12.22,,,,
1981-08-02,21.1,,,,
1981-08-03,24.01,,,,
1981-08-04,9.65,,,,
1981-08-05,4.0,,,,
1981-08-06,5.33,,,,
1981-08-07,22.14,,,,
1981-08-08,0.0,,,,
1981-08-09,2.41,,,,
1981-08-10,24.23,,,,
1981-08-11,2.26,,,,
1981-08-12,0.01,,,,
1981-08-13,0.02,,,,
1981-08-14,0.55,,,,
1981-08-15,2.82,,,,
1981-08-16,6.52,,,,
1981-08-17,3.31,,,,
1981-08-18,11.46,,,,
1981-08-19,22.2,,,,
1981-08-20,7.45,,,,
1981-08-21,24.72,,,,
1981-08-22,4.04,,,,
1981-08-23,0.16,,,,
1981-08-24,0.0,,,,
1981-08-25,0.06,,,,
1981-08-26,4.88,,,,
1981-08-27,9.08,,,,
1981-08-28,13.75,,,,
1981-08-29,1.97,,,,
1981-08-30,16.56,,,,
1981-08-31,2.51,,,,
1981-09-01,2.01,,,,
1981-09-02,0.0,,,,
1981-09-03,0.0,,,,
1981-09-04,2.54,,,,
1981-09-05,21.7,,,,
1981-09-06,8.61,,,,
1981-09-07,1.68,,,,
1981-09-08,9.16,,,,
1981-09-09,17.97,,,,
1981-09-10,10.37,,,,
1981-09-11,17.66,,,,
1981-09-12,19.53,,,,
1981-09-13,6.77,,,,
1981-09-14,0.18,,,,
1981-09-15,0.9,,,,
1981-09-16,5.47,,,,
1981-09-17,6.9,,,,
1981-09-18,3.03,,,,
1981-09-19,0.0,,,,
1981-09-20,12.04,,,,
1981-09-21,2.95,,,,
1981-09-22,0.11,,,,
1981-09-23,0.0,,,,
1981-09-24,0.0,,,,
1981-09-25,2.07,,,,
1981-09-26,2.99,,,,
1981-09-27,1.08,,,,
1981-09-28,0.0,,,,
1981-09-29,0.0,,,,
1981-09-30,4.39,,,,
1981-10-01,4.08,,,,
1981-10-02,0.29,,,,
1981-10-03,0.45,,,,
1981-10-04,3.44,,,,
1981-10-05,0.0,,,,
1981-10-06,0.0,,,,
1981-10-07,3.67,,,,
1981-10-08,0.71,,,,
1981-10-09,4.79,,,,
1981-10-10,4.7,,,,
1981-10-11,1.46,,,,
1981-10-12,0.01,,,,
1981-10-13,0.63,,,,
1981-10-14,10.13,,,,
1981-10-15,15.25,,,,
1981-10-16,0.27,,,,
1981-10-17,0.0,,,,
1981-10-18,0.0,,,,
1981-10-19,0.0,,,,
1981-10-20,0.0,,,,
1981-10-21,0.31,,,,
1981-10-22,0.16,,,,
1981-10-23,2.42,,,,
1981-10-24,0.58,,,,
1981-10-25,0.16,,,,
1981-10-26,0.0,,,,
1981-10-27,0.0,,,,
1981-10-28,0.0,,,,
1981-10-29,0.0,,,,
1981-10-30,0.0,,,,
1981-10-31,0.12,,,,
1981-11-01,0.0,,,,
1981-11-02,0.0,,,,
1981-11-03,0.0,,,,
1981-11-04,0.0,,,,
1981-11-05,0.0,,,,
1981-11-06,0.18,,,,
1981-11-07,1.17,,,,
1981-11-08,0.0,,,,
1981-11-09,0.0,,,,
1981-11-10,0.0,,,,
1981-11-11,0.0,,,,
1981-11-12,0.0,,,,
1981-11-13,0.0,,,,
1981-11-14,0.0,,,,
1981-11-15,0.0,,,,
1981-11-16,0.0,,,,
1981-11-17,0.0,,,,
1981-11-18,0.0,,,,
1981-11-19,0.0,,,,
1981-11-20,0.0,,,,
1981-11-21,0.0,,,,
1981-11-22,0.0,,,,
1981-11-23,0.0,,,,
1981-11-24,0.0,,,,
1981-11-25,0.0,,,,
1981-11-26,0.0,,,,
1981-11-27,0.0,,,,
1981-11-28,0.0,,,,
1981-11-29,0.0,,,,
1981-11-30,0.0,,,,
1981-12-01,0.0,,,,
1981-12-02,0.0,,,,
1981-12-03,0.0,,,,
1981-12-04,0.0,,,,
1981-12-05,0.0,,,,
1981-12-06,0.0,,,,
1981-12-07,0.0,,,,
1981-12-08,0.0,,,,
1981-12-09,0.0,,,,
1981-12-10,0.0,,,,
1981-12-11,0.0,,,,
1981-12-12,0.0,,,,
1981-12-13,0.0,,,,
1981-12-14,0.0,,,,
1981-12-15,0.0,,,,
1981-12-16,0.0,,,,
1981-12-17,0.0,,,,
1981-12-18,0.0,,,,
1981-12-19,0.0,,,,
1981-12-20,0.0,,,,
1981-12-21,0.0,,,,
1981-12-22,0.0,,,,
1981-12-23,0.0,,,,
1981-12-24,0.0,,,,
1981-12-25,0.0,,,,
1981-12-26,0.0,,,,
1981-12-27,0.0,,,,
1981-12-28,0.0,,,,
1981-12-29,0.0,,,,
1981-12-30,0.0,,,,
1981-12-31,0.0,,,,
1982-01-01,0.0,,,,
1982-01-02,0.0,,,,
1982-01-03,0.0,,,,
1982-01-04,0.0,,,,
1982-01-05,0.0,,,,
1982-01-06,0.0,,,,
1982-01-07,0.0,,,,
1982-01-08,0.0,,,,
1982-01-09,0.0,,,,
1982-01-10,0.0,,,,
1982-01-11,0.0,,,,
1982-01-12,0.0,,,,
1982-01-13,0.0,,,,
1982-01-14,0.0,,,,
1982-01-15,0.0,,,,
1982-01-16,0.0,,,,
1982-01-17,0.0,,,,
1982-01-18,0.0,,,,
1982-01-19,0.0,,,,
1982-01-20,0.0,,,,
1982-01-21,0.0,,,,
1982-01-22,0.0,,,,
1982-01-23,0.0,,,,
1982-01-24,0.0,,,,
1982-01-25,0.0,,,,
1982-01-26,0.0,,,,
1982-01-27,0.0,,,,
1982-01-28,0.0,,,,
1982-01-29,0.0,,,,
1982-01-30,0.0,,,,
1982-01-31,0.0,,,,
1982-02-01,0.0,,,,
1982-02-02,0.0,,,,
1982-02-03,0.0,,,,
1982-02-04,0.0,,,,
1982-02-05,0.0,,,,
1982-02-06,0.0,,,,
1982-02-07,0.0,,,,
1982-02-08,0.0,,,,
1982-02-09,0.0,,,,
1982-02-10,0.0,,,,
1982-02-11,0.0,,,,
1982-02-12,0.0,,,,
1982-02-13,0.0,,,,
1982-02-14,0.0,,,,
1982-02-15,0.0,,,,
1982-02-16,0.0,,,,
1982-02-17,0.0,,,,
1982-02-18,0.0,,,,
1982-02-19,0.0,,,,
1982-02-20,0.0,,,,
1982-02-21,0.0,,,,
1982-02-22,0.0,,,,
1982-02-23,0.0,,,,
1982-02-24,0.0,,,,
1982-02-25,0.0,,,,
1982-02-26,0.0,,,,
1982-02-27,0.0,,,,
1982-02-28,0.0,,,,
1982-03-01,0.0,,,,
1982-03-02,0.0,,,,
1982-03-03,0.0,,,,
1982-03-04,0.0,,,,
1982-03-05,0.0,,,,
1982-03-06,0.0,,,,
1982-03-07,0.0,,,,
1982-03-08,0.0,,,,
1982-03-09,0.0,,,,
1982-03-10,0.0,,,,
1982-03-11,0.0,,,,
1982-03-12,0.0,,,,
1982-03-13,0.0,,,,
1982-03-14,0.0,,,,
1982-03-15,0.0,,,,
1982-03-16,0.0,,,,
1982-03-17,0.0,,,,
1982-03-18,0.0,,,,
1982-03-19,0.0,,,,
1982-03-20,0.0,,,,
1982-03-21,0.0,,,,
1982-03-22,0.0,,,,
1982-03-23,0.0,,,,
1982-03-24,0.0,,,,
1982-03-25,0.0,,,,
1982-03-26,0.0,,,,
1982-03-27,0.0,,,,
1982-03-28,0.0,,,,
1982-03-29,0.0,,,,
1982-03-30,0.0,,,,
1982-03-31,0.0,,,,
1982-04-01,0.0,,,,
1982-04-02,0.0,,,,
1982-04-03,0.0,,,,
1982-04-04,0.0,,,,
1982-04-05,0.0,,,,
1982-04-06,0.0,,,,
1982-04-07,0.0,,,,
1982-04-08,0.0,,,,
1982-04-09,0.0,,,,
1982-04-10,0.0,,,,
1982-04-11,0.0,,,,
1982-04-12,0.0,,,,
1982-04-13,0.0,,,,
1982-04-14,0.0,,,,
1982-04-15,0.0,,,,
1982-04-16,0.0,,,,
1982-04-17,0.0,,,,
1982-04-18,0.0,,,,
1982-04-19,0.0,,,,
1982-04-20,0.0,,,,
1982-04-21,0.0,,,,
1982-04-22,0.0,,,,
1982-04-23,0.0,,,,
1982-04-24,0.0,,,,
1982-04-25,0.0,,,,
1982-04-26,0.0,,,,
1982-04-27,0.0,,,,
1982-04-28,0.0,,,,
1982-04-29,0.0,,,,
1982-04-30,0.0,,,,
1982-05-01,0.0,,,,
1982-05-02,0.0,,,,
1982-05-03,0.0,,,,
1982-05-04,0.0,,,,
1982-05-05,0.0,,,,
1982-05-06,0.0,,,,
1982-05-07,0.0,,,,
1982-05-08,0.0,,,,
1982-05-09,0.0,,,,
1982-05-10,0.0,,,,
1982-05-11,0.0,,,,
1982-05-12,1.83,,,,
1982-05-13,0.0,,,,
1982-05-14,0.0,,,,
1982-05-15,0.0,,,,
1982-05-16,0.0,,,,
1982-05-17,0.0,,,,
1982-05-18,0.0,,,,
1982-05-19,0.0,,,,
1982-05-20,0.0,,,,
1982-05-21,0.0,,,,
1982-05-22,0.0,,,,
1982-05-23,0.0,,,,
1982-05-24,0.0,,,,
1982-05-25,0.0,,,,
1982-05-26,0.0,,,,
1982-05-27,0.0,,,,
1982-05-28,0.0,,,,
1982-05-29,0.0,,,,
1982-05-30,1.95,,,,
1982-05-31,9.54,,,,
1982-06-01,0.0,,,,
1982-06-02,0.0,,,,
1982-06-03,0.0,,,,
1982-06-04,0.0,,,,
1982-06-05,0.0,,,,
1982-06-06,0.0,,,,
1982-06-07,0.0,,,,
1982-06-08,5.41,,,,
1982-06-09,1.18,,,,
1982-06-10,0.02,,,,
1982-06-11,1.22,,,,
1982-06-12,0.75,,,,
1982-06-13,2.21,,,,
1982-06-14,1.31,,,,
1982-06-15,0.02,,,,
1982-06-16,0.0,,,,
1982-06-17,0.0,,,,
1982-06-18,1.43,,,,
1982-06-19,0.91,,,,
1982-06-20,5.57,,,,
1982-06-21,0.04,,,,
1982-06-22,0.0,,,,
1982-06-23,9.7,,,,
1982-06-24,0.0,,,,
1982-06-25,1.34,,,,
1982-06-26,5.14,,,,
1982-06-27,0.43,,,,
1982-06-28,0.04,,,,
1982-06-29,1.43,,,,
1982-06-30,2.37,,,,
1982-07-01,0.16,,,,
1982-07-02,0.64,,,,
1982-07-03,0.34,,,,
1982-07-04,1.28,,,,
1982-07-05,0.0,,,,
1982-07-06,0.0,,,,
1982-07-07,0.0,,,,
1982-07-08,0.28,,,,
1982-07-09,3.15,,,,
1982-07-10,10.31,,,,
1982-07-11,9.91,,,,
1982-07-12,1.27,,,,
1982-07-13,5.7,,,,
1982-07-14,21.69,,,,
1982-07-15,6.63,,,,
1982-07-16,4.39,,,,
1982-07-17,0.0,,,,
1982-07-18,7.34,,,,
1982-07-19,19.57,,,,
1982-07-20,2.12,,,,
1982-07-21,0.0,,,,
1982-07-22,0.0,,,,
1982-07-23,9.28,,,,
1982-07-24,6.38,,,,
1982-07-25,4.6,,,,
1982-07-26,0.0,,,,
1982-07-27,18.62,,,,
1982-07-28,9.52,,,,
1982-07-29,3.24,,,,
1982-07-30,11.92,,,,
1982-07-31,3.63,,,,
1982-08-01,4.3,,,,
1982-08-02,0.21,,,,
1982-08-03,0.0,,,,
1982-08-04,0.0,,,,
1982-08-05,0.34,,,,
1982-08-06,13.65,,,,
1982-08-07,19.95,,,,
1982-08-08,4.68,,,,
1982-08-09,7.42,,,,
1982-08-10,9.31,,,,
1982-08-11,16.78,,,,
1982-08-12,4.99,,,,
1982-08-13,5.17,,,,
1982-08-14,10.91,,,,
1982-08-15,0.31,,,,
1982-08-16,1.19,,,,
1982-08-17,1.82,,,,
1982-08-18,2.0,,,,
1982-08-19,0.81,,,,
1982-08-20,4.85,,,,
1982-08-21,10.59,,,,
1982-08-22,19.68,,,,
1982-08-23,14.14,,,,
1982-08-24,6.11,,,,
1982-08-25,10.33,,,,
1982-08-26,6.62,,,,
1982-08-27,7.57,,,,
1982-08-28,3.33,,,,
1982-08-29,10.2,,,,
1982-08-30,4.81,,,,
1982-08-31,3.44,,,,
1982-09-01,5.36,,,,
1982-09-02,0.0,,,,
1982-09-03,8.14,,,,
1982-09-04,7.75,,,,
1982-09-05,4.01,,,,
1982-09-06,0.41,,,,
1982-09-07,0.06,,,,
1982-09-08,0.31,,,,
1982-09-09,11.53,,,,
1982-09-10,13.94,,,,
1982-09-11,15.14,,,,
1982-09-12,8.86,,,,
1982-09-13,1.64,,,,
1982-09-14,2.79,,,,
1982-09-15,16.35,,,,
1982-09-16,14.87,,,,
1982-09-17,0.0,,,,
1982-09-18,0.0,,,,
1982-09-19,1.97,,,,
1982-09-20,1.32,,,,
1982-09-21,0.03,,,,
1982-09-22,0.98,,,,
1982-09-23,0.0,,,,
1982-09-24,0.71,,,,
1982-09-25,12.24,,,,
1982-09-26,3.81,,,,
1982-09-27,1.84,,,,
1982-09-28,0.0,,,,
1982-09-29,0.0,,,,
1982-09-30,0.22,,,,
1982-10-01,0.0,,,,
1982-10-02,1.86,,,,
1982-10-03,3.78,,,,
1982-10-04,4.03,,,,
1982-10-05,1.26,,,,
1982-10-06,4.34,,,,
1982-10-07,10.52,,,,
1982-10-08,3.42,,,,
1982-10-09,0.0,,,,
1982-10-10,0.62,,,,
1982-10-11,0.57,,,,
1982-10-12,13.86,,,,
1982-10-13,0.22,,,,
1982-10-14,0.86,,,,
1982-10-15,0.0,,,,
1982-10-16,3.44,,,,
1982-10-17,4.45,,,,
1982-10-18,0.53,,,,
1982-10-19,0.47,,,,
1982-10-20,0.0,,,,
1982-10-21,0.0,,,,
1982-10-22,0.0,,,,
1982-10-23,0.0,,,,
1982-10-24,0.0,,,,
1982-10-25,0.0,,,,
1982-10-26,0.0,,,,
1982-10-27,0.0,,,,
1982-10-28,0.0,,,,
1982-10-29,0.0,,,,
1982-10-30,0.0,,,,
1982-10-31,0.0,,,,
1982-11-01,0.0,,,,
1982-11-02,0.0,,,,
1982-11-03,0.0,,,,
1982-11-04,0.0,,,,
1982-11-05,0.0,,,,
1982-11-06,0.0,,,,
1982-11-07,0.0,,,,
1982-11-08,0.0,,,,
1982-11-09,0.0,,,,
1982-11-10,0.0,,,,
1982-11-11,0.0,,,,
1982-11-12,0.0,,,,
1982-11-13,0.0,,,,
1982-11-14,0.0,,,,
1982-11-15,0.0,,,,
1982-11-16,0.0,,,,
1982-11-17,0.0,,,,
1982-11-18,0.0,,,,
1982-11-19,0.0,,,,
1982-11-20,0.0,,,,
1982-11-21,0.0,,,,
1982-11-22,0.0,,,,
1982-11-23,0.0,,,,
1982-11-24,0.0,,,,
1982-11-25,0.0,,,,
1982-11-26,0.0,,,,
1982-11-27,0.0,,,,
1982-11-28,0.0,,,,
1982-11-29,0.0,,,,
1982-11-30,0.0,,,,
1982-12-01,0.0,,,,
1982-12-02,0.0,,,,
1982-12-03,0.0,,,,
1982-12-04,0.0,,,,
1982-12-05,0.0,,,,
1982-12-06,0.0,,,,
1982-12-07,0.0,,,,
1982-12-08,0.0,,,,
1982-12-09,0.0,,,,
1982-12-10,0.0,,,,
1982-12-11,0.0,,,,
1982-12-12,0.0,,,,
1982-12-13,0.0,,,,
1982-12-14,0.0,,,,
1982-12-15,0.0,,,,
1982-12-16,0.0,,,,
1982-12-17,0.0,,,,
1982-12-18,0.0,,,,
1982-12-19,0.0,,,,
1982-12-20,0.0,,,,
1982-12-21,0.0,,,,
1982-12-22,0.0,,,,
1982-12-23,0.0,,,,
1982-12-24,0.0,,,,
1982-12-25,0.0,,,,
1982-12-26,0.0,,,,
1982-12-27,0.0,,,,
1982-12-28,0.0,,,,
1982-12-29,0.0,,,,
1982-12-30,0.0,,,,
1982-12-31,0.0,,,,
1983-01-01,0.0,,,,
1983-01-02,0.0,,,,
1983-01-03,0.0,,,,
1983-01-04,0.0,,,,
1983-01-05,0.0,,,,
1983-01-06,0.0,,,,
1983-01-07,0.0,,,,
1983-01-08,0.0,,,,
1983-01-09,0.0,,,,
1983-01-10,0.0,,,,
1983-01-11,0.0,,,,
1983-01-12,0.0,,,,
1983-01-13,0.0,,,,
1983-01-14,0.0,,,,
1983-01-15,0.0,,,,
1983-01-16,0.0,,,,
1983-01-17,0.0,,,,
1983-01-18,0.0,,,,
1983-01-19,0.0,,,,
1983-01-20,0.0,,,,
1983-01-21,0.0,,,,
1983-01-22,0.0,,,,
1983-01-23,0.0,,,,
1983-01-24,0.0,,,,
1983-01-25,0.0,,,,
1983-01-26,0.0,,,,
1983-01-27,0.0,,,,
1983-01-28,0.0,,,,
1983-01-29,0.0,,,,
1983-01-30,0.0,,,,
1983-01-31,0.0,,,,
1983-02-01,0.0,,,,
1983-02-02,0.0,,,,
1983-02-03,0.0,,,,
1983-02-04,0.0,,,,
1983-02-05,0.0,,,,
1983-02-06,0.0,,,,
1983-02-07,0.0,,,,
1983-02-08,0.0,,,,
1983-02-09,0.0,,,,
1983-02-10,0.0,,,,
1983-02-11,0.0,,,,
1983-02-12,0.0,,,,
1983-02-13,0.0,,,,
1983-02-14,0.0,,,,
1983-02-15,0.0,,,,
1983-02-16,0.0,,,,
1983-02-17,0.0,,,,
1983-02-18,0.0,,,,
1983-02-19,0.0,,,,
1983-02-20,0.0,,,,
1983-02-21,0.0,,,,
1983-02-22,0.0,,,,
1983-02-23,0.0,,,,
1983-02-24,0.0,,,,
1983-02-25,0.0,,,,
1983-02-26,0.0,,,,
1983-02-27,0.0,,,,
1983-02-28,0.0,,,,
1983-03-01,0.0,,,,
1983-03-02,0.0,,,,
1983-03-03,0.0,,,,
1983-03-04,0.0,,,,
1983-03-05,0.0,,,,
1983-03-06,0.0,,,,
1983-03-07,0.0,,,,
1983-03-08,0.0,,,,
1983-03-09,0.0,,,,
1983-03-10,0.0,,,,
1983-03-11,0.0,,,,
1983-03-12,0.0,,,,
1983-03-13,0.0,,,,
1983-03-14,0.0,,,,
1983-03-15,0.0,,,,
1983-03-16,0.0,,,,
1983-03-17,0.0,,,,
1983-03-18,0.0,,,,
1983-03-19,0.0,,,,
1983-03-20,0.0,,,,
1983-03-21,0.0,,,,
1983-03-22,0.0,,,,
1983-03-23,0.0,,,,
1983-03-24,0.0,,,,
1983-03-25,0.0,,,,
1983-03-26,0.0,,,,
1983-03-27,0.0,,,,
1983-03-28,0.0,,,,
1983-03-29,0.0,,,,
1983-03-30,0.0,,,,
1983-03-31,0.0,,,,
1983-04-01,0.0,,,,
1983-04-02,0.0,,,,
1983-04-03,0.0,,,,
1983-04-04,0.0,,,,
1983-04-05,0.0,,,,
1983-04-06,0.0,,,,
1983-04-07,0.0,,,,
1983-04-08,0.0,,,,
1983-04-09,0.0,,,,
1983-04-10,0.0,,,,
1983-04-11,0.0,,,,
1983-04-12,0.0,,,,
1983-04-13,0.0,,,,
1983-04-14,0.0,,,,
1983-04-15,0.0,,,,
1983-04-16,0.0,,,,
1983-04-17,0.0,,,,
1983-04-18,0.0,,,,
1983-04-19,0.0,,,,
1983-04-20,0.0,,,,
1983-04-21,0.0,,,,
1983-04-22,0.0,,,,
1983-04-23,0.0,,,,
1983-04-24,0.0,,,,
1983-04-25,0.0,,,,
1983-04-26,0.0,,,,
1983-04-27,0.0,,,,
1983-04-28,0.0,,,,
1983-04-29,0.0,,,,
1983-04-30,0.0,,,,
1983-05-01,0.0,,,,
1983-05-02,0.0,,,,
1983-05-03,0.0,,,,
1983-05-04,0.0,,,,
1983-05-05,0.0,,,,
1983-05-06,0.0,,,,
1983-05-07,0.0,,,,
1983-05-08,0.0,,,,
1983-05-09,0.0,,,,
1983-05-10,0.0,,,,
1983-05-11,0.0,,,,
1983-05-12,0.0,,,,
1983-05-13,0.0,,,,
1983-05-14,0.0,,,,
1983-05-15,0.0,,,,
1983-05-16,0.0,,,,
1983-05-17,0.0,,,,
1983-05-18,0.0,,,,
1983-05-19,0.0,,,,
1983-05-20,0.0,,,,
1983-05-21,0.0,,,,
1983-05-22,0.0,,,,
1983-05-23,0.0,,,,
1983-05-24,0.0,,,,
1983-05-25,0.0,,,,
1983-05-26,0.09,,,,
1983-05-27,0.06,,,,
1983-05-28,0.22,,,,
1983-05-29,0.05,,,,
1983-05-30,0.89,,,,
1983-05-31,0.02,,,,
1983-06-01,0.08,,,,
1983-06-02,0.62,,,,
1983-06-03,0.1,,,,
1983-06-04,0.0,,,,
1983-06-05,1.11,,,,
1983-06-06,0.03,,,,
1983-06-07,0.08,,,,
1983-06-08,0.37,,,,
1983-06-09,0.0,,,,
1983-06-10,0.27,,,,
1983-06-11,0.0,,,,
1983-06-12,0.1,,,,
1983-06-13,0.1,,,,
1983-06-14,0.0,,,,
1983-06-15,0.0,,,,
1983-06-16,0.29,,,,
1983-06-17,3.99,,,,
1983-06-18,7.53,,,,
1983-06-19,6.13,,,,
1983-06-20,1.88,,,,
1983-06-21,6.83,,,,
1983-06-22,0.0,,,,
1983-06-23,0.0,,,,
1983-06-24,0.04,,,,
1983-06-25,0.93,,,,
1983-06-26,0.02,,,,
1983-06-27,3.45,,,,
1983-06-28,0.12,,,,
1983-06-29,0.02,,,,
1983-06-30,3.3,,,,
1983-07-01,15.64,,,,
1983-07-02,0.98,,,,
1983-07-03,3.07,,,,
1983-07-04,1.15,,,,
1983-07-05,2.11,,,,
1983-07-06,13.84,,,,
1983-07-07,2.59,,,,
1983-07-08,3.53,,,,
1983-07-09,0.0,,,,
1983-07-10,0.33,,,,
1983-07-11,12.52,,,,
1983-07-12,14.69,,,,
1983-07-13,25.52,,,,
1983-07-14,0.0,,,,
1983-07-15,0.01,,,,
1983-07-16,0.0,,,,
1983-07-17,0.0,,,,
1983-07-18,0.62,,,,
1983-07-19,12.48,,,,
1983-07-20,10.84,,,,
1983-07-21,0.0,,,,
1983-07-22,0.0,,,,
1983-07-23,0.0,,,,
1983-07-24,0.0,,,,
1983-07-25,0.0,,,,
1983-07-26,0.0,,,,
1983-07-27,0.0,,,,
1983-07-28,0.0,,,,
1983-07-29,0.0,,,,
1983-07-30,3.65,,,,
1983-07-31,0.04,,,,
1983-08-01,2.25,,,,
1983-08-02,0.43,,,,
1983-08-03,1.18,,,,
1983-08-04,0.02,,,,
1983-08-05,0.01,,,,
1983-08-06,0.02,,,,
1983-08-07,2.4,,,,
1983-08-08,17.92,,,,
1983-08-09,22.31,,,,
1983-08-10,3.87,,,,
1983-08-11,0.0,,,,
1983-08-12,0.73,,,,
1983-08-13,0.91,,,,
1983-08-14,0.27,,,,
1983-08-15,0.0,,,,
1983-08-16,0.0,,,,
1983-08-17,0.0,,,,
1983-08-18,0.41,,,,
1983-08-19,3.72,,,,
1983-08-20,2.89,,,,
1983-08-21,8.93,,,,
1983-08-22,0.99,,,,
1983-08-23,4.01,,,,
1983-08-24,1.21,,,,
1983-08-25,0.7,,,,
1983-08-26,0.1,,,,
1983-08-27,0.01,,,,
1983-08-28,0.11,,,,
1983-08-29,6.72,,,,
1983-08-30,6.52,,,,
1983-08-31,6.9,,,,
1983-09-01,2.65,,,,
1983-09-02,0.0,,,,
1983-09-03,4.78,,,,
1983-09-04,0.1,,,,
1983-09-05,0.0,,,,
1983-09-06,0.0,,,,
1983-09-07,5.24,,,,
1983-09-08,11.54,,,,
1983-09-09,5.11,,,,
1983-09-10,11.47,,,,
1983-09-11,5.44,,,,
1983-09-12,1.31,,,,
1983-09-13,0.43,,,,
1983-09-14,0.15,,,,
1983-09-15,1.11,,,,
1983-09-16,0.36,,,,
1983-09-17,0.0,,,,
1983-09-18,0.05,,,,
1983-09-19,2.58,,,,
1983-09-20,0.07,,,,
1983-09-21,1.55,,,,
1983-09-22,4.49,,,,
1983-09-23,1.43,,,,
1983-09-24,1.26,,,,
1983-09-25,6.02,,,,
1983-09-26,0.04,,,,
1983-09-27,0.12,,,,
1983-09-28,3.63,,,,
1983-09-29,0.54,,,,
1983-09-30,4.76,,,,
1983-10-01,0.0,,,,
1983-10-02,0.0,,,,
1983-10-03,0.1,,,,
1983-10-04,5.47,,,,
1983-10-05,2.18,,,,
1983-10-06,1.87,,,,
1983-10-07,0.0,,,,
1983-10-08,0.13,,,,
1983-10-09,0.0,,,,
1983-10-10,0.06,,,,
1983-10-11,0.0,,,,
1983-10-12,0.0,,,,
1983-10-13,0.0,,,,
1983-10-14,0.04,,,,
1983-10-15,0.14,,,,
1983-10-16,0.32,,,,
1983-10-17,0.73,,,,
1983-10-18,0.0,,,,
1983-10-19,0.08,,,,
1983-10-20,0.0,,,,
1983-10-21,0.0,,,,
1983-10-22,0.0,,,,
1983-10-23,0.0,,,,
1983-10-24,0.04,,,,
1983-10-25,0.0,,,,
1983-10-26,0.07,,,,
1983-10-27,0.0,,,,
1983-10-28,0.0,,,,
1983-10-29,0.0,,,,
1983-10-30,0.04,,,,
1983-10-31,0.0,,,,
1983-11-01,0.0,,,,
1983-11-02,0.0,,,,
1983-11-03,0.0,,,,
1983-11-04,0.0,,,,
1983-11-05,0.0,,,,
1983-11-06,0.0,,,,
1983-11-07,0.0,,,,
1983-11-08,0.0,,,,
1983-11-09,0.0,,,,
1983-11-10,0.0,,,,
1983-11-11,0.0,,,,
1983-11-12,0.0,,,,
1983-11-13,0.0,,,,
1983-11-14,0.0,,,,
1983-11-15,0.0,,,,
1983-11-16,0.0,,,,
1983-11-17,0.0,,,,
1983-11-18,0.0,,,,
1983-11-19,0.0,,,,
1983-11-20,0.0,,,,
1983-11-21,0.0,,,,
1983-11-22,0.0,,,,
1983-11-23,0.0,,,,
1983-11-24,0.0,,,,
1983-11-25,0.0,,,,
1983-11-26,0.0,,,,
1983-11-27,0.0,,,,
1983-11-28,0.0,,,,
1983-11-29,0.0,,,,
1983-11-30,0.0,,,,
1983-12-01,0.0,,,,
1983-12-02,0.0,,,,
1983-12-03,0.0,,,,
1983-12-04,0.0,,,,
1983-12-05,0.0,,,,
1983-12-06,0.0,,,,
1983-12-07,0.0,,,,
1983-12-08,0.0,,,,
1983-12-09,0.0,,,,
1983-12-10,0.0,,,,
1983-12-11,0.0,,,,
1983-12-12,0.0,,,,
1983-12-13,0.0,,,,
1983-12-14,0.0,,,,
1983-12-15,0.0,,,,
1983-12-16,0.0,,,,
1983-12-17,0.0,,,,
1983-12-18,0.0,,,,
1983-12-19,0.0,,,,
1983-12-20,0.0,,,,
1983-12-21,0.0,,,,
1983-12-22,0.0,,,,
1983-12-23,0.0,,,,
1983-12-24,0.0,,,,
1983-12-25,0.0,,,,
1983-12-26,0.0,,,,
1983-12-27,0.0,,,,
1983-12-28,0.0,,,,
1983-12-29,0.0,,,,
1983-12-30,0.0,,,,
1983-12-31,0.0,,,,
1984-01-01,0.0,,,,
1984-01-02,0.0,,,,
1984-01-03,0.0,,,,
1984-01-04,0.0,,,,
1984-01-05,0.0,,,,
1984-01-06,0.0,,,,
1984-01-07,0.0,,,,
1984-01-08,0.0,,,,
1984-01-09,0.0,,,,
1984-01-10,0.0,,,,
1984-01-11,0.0,,,,
1984-01-12,0.0,,,,
1984-01-13,0.0,,,,
1984-01-14,0.0,,,,
1984-01-15,0.0,,,,
1984-01-16,0.0,,,,
1984-01-17,0.0,,,,
1984-01-18,0.0,,,,
1984-01-19,0.0,,,,
1984-01-20,0.0,,,,
1984-01-21,0.0,,,,
1984-01-22,0.0,,,,
1984-01-23,0.0,,,,
1984-01-24,0.0,,,,
1984-01-25,0.0,,,,
1984-01-26,0.0,,,,
1984-01-27,0.0,,,,
1984-01-28,0.0,,,,
1984-01-29,0.0,,,,
1984-01-30,0.0,,,,
1984-01-31,0.0,,,,
1984-02-01,0.0,,,,
1984-02-02,0.0,,,,
1984-02-03,0.0,,,,
1984-02-04,0.0,,,,
1984-02-05,0.0,,,,
1984-02-06,0.0,,,,
1984-02-07,0.0,,,,
1984-02-08,0.0,,,,
1984-02-09,0.0,,,,
1984-02-10,0.0,,,,
1984-02-11,0.0,,,,
1984-02-12,0.0,,,,
1984-02-13,0.0,,,,
1984-02-14,0.0,,,,
1984-02-15,0.0,,,,
1984-02-16,0.0,,,,
1984-02-17,0.0,,,,
1984-02-18,0.0,,,,
1984-02-19,0.0,,,,
1984-02-20,0.0,,,,
1984-02-21,0.0,,,,
1984-02-22,0.0,,,,
1984-02-23,0.0,,,,
1984-02-24,0.0,,,,
1984-02-25,0.0,,,,
1984-02-26,0.0,,,,
1984-02-27,0.0,,,,
1984-02-28,0.0,,,,
1984-02-29,0.0,,,,
1984-03-01,0.0,,,,
1984-03-02,0.0,,,,
1984-03-03,0.0,,,,
1984-03-04,0.0,,,,
1984-03-05,0.0,,,,
1984-03-06,0.0,,,,
1984-03-07,0.0,,,,
1984-03-08,0.0,,,,
1984-03-09,0.0,,,,
1984-03-10,0.0,,,,
1984-03-11,0.0,,,,
1984-03-12,0.0,,,,
1984-03-13,0.0,,,,
1984-03-14,0.0,,,,
1984-03-15,0.0,,,,
1984-03-16,0.0,,,,
1984-03-17,0.0,,,,
1984-03-18,0.0,,,,
1984-03-19,0.0,,,,
1984-03-20,0.0,,,,
1984-03-21,0.0,,,,
1984-03-22,0.0,,,,
1984-03-23,0.0,,,,
1984-03-24,0.0,,,,
1984-03-25,0.0,,,,
1984-03-26,0.0,,,,
1984-03-27,0.0,,,,
1984-03-28,0.0,,,,
1984-03-29,0.0,,,,
1984-03-30,0.0,,,,
1984-03-31,0.0,,,,
1984-04-01,0.0,,,,
1984-04-02,0.0,,,,
1984-04-03,0.0,,,,
1984-04-04,0.0,,,,
1984-04-05,0.0,,,,
1984-04-06,0.0,,,,
1984-04-07,0.0,,,,
1984-04-08,0.0,,,,
1984-04-09,0.0,,,,
1984-04-10,0.0,,,,
1984-04-11,0.0,,,,
1984-04-12,0.0,,,,
1984-04-13,0.0,,,,
1984-04-14,0.0,,,,
1984-04-15,0.0,,,,
1984-04-16,0.0,,,,
1984-04-17,0.0,,,,
1984-04-18,0.0,,,,
1984-04-19,0.0,,,,
1984-04-20,0.0,,,,
1984-04-21,0.0,,,,
1984-04-22,0.0,,,,
1984-04-23,0.0,,,,
1984-04-24,0.0,,,,
1984-04-25,0.0,,,,
1984-04-26,0.0,,,,
1984-04-27,0.0,,,,
1984-04-28,0.0,,,,
1984-04-29,0.0,,,,
1984-04-30,0.0,,,,
1984-05-01,0.0,,,,
1984-05-02,0.0,,,,
1984-05-03,0.0,,,,
1984-05-04,0.0,,,,
1984-05-05,0.0,,,,
1984-05-06,0.0,,,,
1984-05-07,0.0,,,,
1984-05-08,0.0,,,,
1984-05-09,0.0,,,,
1984-05-10,0.0,,,,
1984-05-11,0.0,,,,
1984-05-12,0.0,,,,
1984-05-13,0.0,,,,
1984-05-14,0.0,,,,
1984-05-15,0.0,,,,
1984-05-16,0.0,,,,
1984-05-17,0.0,,,,
1984-05-18,0.0,,,,
1984-05-19,0.0,,,,
1984-05-20,0.0,,,,
1984-05-21,0.02,,,,
1984-05-22,0.0,,,,
1984-05-23,0.28,,,,
1984-05-24,0.01,,,,
1984-05-25,2.07,,,,
1984-05-26,0.25,,,,
1984-05-27,0.0,,,,
1984-05-28,0.0,,,,
1984-05-29,0.0,,,,
1984-05-30,0.02,,,,
1984-05-31,2.86,,,,
1984-06-01,4.71,,,,
1984-06-02,12.46,,,,
1984-06-03,0.0,,,,
1984-06-04,0.01,,,,
1984-06-05,0.0,,,,
1984-06-06,0.0,,,,
1984-06-07,0.68,,,,
1984-06-08,13.91,,,,
1984-06-09,1.12,,,,
1984-06-10,0.0,,,,
1984-06-11,0.54,,,,
1984-06-12,0.0,,,,
1984-06-13,0.0,,,,
1984-06-14,0.95,,,,
1984-06-15,2.71,,,,
1984-06-16,6.36,,,,
1984-06-17,0.0,,,,
1984-06-18,1.42,,,,
1984-06-19,9.91,,,,
1984-06-20,0.01,,,,
1984-06-21,0.0,,,,
1984-06-22,0.0,,,,
1984-06-23,2.06,,,,
1984-06-24,8.31,,,,
1984-06-25,11.39,,,,
1984-06-26,19.23,,,,
1984-06-27,19.75,,,,
1984-06-28,12.08,,,,
1984-06-29,0.0,,,,
1984-06-30,0.0,,,,
1984-07-01,0.0,,,,
1984-07-02,0.0,,,,
1984-07-03,0.35,,,,
1984-07-04,3.84,,,,
1984-07-05,1.52,,,,
1984-07-06,1.67,,,,
1984-07-07,7.47,,,,
1984-07-08,4.84,,,,
1984-07-09,10.82,,,,
1984-07-10,5.12,,,,
1984-07-11,0.07,,,,
1984-07-12,7.74,,,,
1984-07-13,0.27,,,,
1984-07-14,1.59,,,,
1984-07-15,21.98,,,,
1984-07-16,0.0,,,,
1984-07-17,3.24,,,,
1984-07-18,0.01,,,,
1984-07-19,2.64,,,,
1984-07-20,0.28,,,,
1984-07-21,9.32,,,,
1984-07-22,0.03,,,,
1984-07-23,2.6,,,,
1984-07-24,0.02,,,,
1984-07-25,1.58,,,,
1984-07-26,7.27,,,,
1984-07-27,0.87,,,,
1984-07-28,0.0,,,,
1984-07-29,0.04,,,,
1984-07-30,3.66,,,,
1984-07-31,0.15,,,,
1984-08-01,14.11,,,,
1984-08-02,11.52,,,,
1984-08-03,1.69,,,,
1984-08-04,1.04,,,,
1984-08-05,0.17,,,,
1984-08-06,0.41,,,,
1984-08-07,5.48,,,,
1984-08-08,3.1,,,,
1984-08-09,1.0,,,,
1984-08-10,0.77,,,,
1984-08-11,0.0,,,,
1984-08-12,0.05,,,,
1984-08-13,0.52,,,,
1984-08-14,0.0,,,,
1984-08-15,0.5,,,,
1984-08-16,0.04,,,,
1984-08-17,0.17,,,,
1984-08-18,4.65,,,,
1984-08-19,6.75,,,,
1984-08-20,0.69,,,,
1984-08-21,0.02,,,,
1984-08-22,3.13,,,,
1984-08-23,1.06,,,,
1984-08-24,3.46,,,,
1984-08-25,0.04,,,,
1984-08-26,1.38,,,,
1984-08-27,0.7,,,,
1984-08-28,0.03,,,,
1984-08-29,6.92,,,,
1984-08-30,6.48,,,,
1984-08-31,0.0,,,,
1984-09-01,5.5,,,,
1984-09-02,3.29,,,,
1984-09-03,5.46,,,,
1984-09-04,0.04,,,,
1984-09-05,0.0,,,,
1984-09-06,0.03,,,,
1984-09-07,4.17,,,,
1984-09-08,4.09,,,,
1984-09-09,12.4,,,,
1984-09-10,0.0,,,,
1984-09-11,0.04,,,,
1984-09-12,21.06,,,,
1984-09-13,26.24,,,,
1984-09-14,5.7,,,,
1984-09-15,0.06,,,,
1984-09-16,0.02,,,,
1984-09-17,0.0,,,,
1984-09-18,2.62,,,,
1984-09-19,11.48,,,,
1984-09-20,0.26,,,,
1984-09-21,0.53,,,,
1984-09-22,2.24,,,,
1984-09-23,0.59,,,,
1984-09-24,5.88,,,,
1984-09-25,4.63,,,,
1984-09-26,0.0,,,,
1984-09-27,0.0,,,,
1984-09-28,0.66,,,,
1984-09-29,12.52,,,,
1984-09-30,12.64,,,,
1984-10-01,7.33,,,,
1984-10-02,2.39,,,,
1984-10-03,4.27,,,,
1984-10-04,7.89,,,,
1984-10-05,2.86,,,,
1984-10-06,0.0,,,,
1984-10-07,0.24,,,,
1984-10-08,0.37,,,,
1984-10-09,1.64,,,,
1984-10-10,0.73,,,,
1984-10-11,0.0,,,,
1984-10-12,0.0,,,,
1984-10-13,0.03,,,,
1984-10-14,0.0,,,,
1984-10-15,0.0,,,,
1984-10-16,0.0,,,,
1984-10-17,0.0,,,,
1984-10-18,0.0,,,,
1984-10-19,0.0,,,,
1984-10-20,0.0,,,,
1984-10-21,0.0,,,,
1984-10-22,0.0,,,,
1984-10-23,0.0,,,,
1984-10-24,0.0,,,,
1984-10-25,0.09,,,,
1984-10-26,0.0,,,,
1984-10-27,0.0,,,,
1984-10-28,0.0,,,,
1984-10-29,0.0,,,,
1984-10-30,0.0,,,,
1984-10-31,0.0,,,,
1984-11-01,0.55,,,,
1984-11-02,0.0,,,,
1984-11-03,0.0,,,,
1984-11-04,0.0,,,,
1984-11-05,0.0,,,,
1984-11-06,0.0,,,,
1984-11-07,0.0,,,,
1984-11-08,0.0,,,,
1984-11-09,0.0,,,,
1984-11-10,0.0,,,,
1984-11-11,0.0,,,,
1984-11-12,0.0,,,,
1984-11-13,0.0,,,,
1984-11-14,0.0,,,,
1984-11-15,0.0,,,,
1984-11-16,0.0,,,,
1984-11-17,0.0,,,,
1984-11-18,0.0,,,,
1984-11-19,0.0,,,,
1984-11-20,0.0,,,,
1984-11-21,0.0,,,,
1984-11-22,0.0,,,,
1984-11-23,0.0,,,,
1984-11-24,0.0,,,,
1984-11-25,0.0,,,,
1984-11-26,0.0,,,,
1984-11-27,0.0,,,,
1984-11-28,0.0,,,,
1984-11-29,0.0,,,,
1984-11-30,0.0,,,,
1984-12-01,0.0,,,,
1984-12-02,0.0,,,,
1984-12-03,0.0,,,,
1984-12-04,0.0,,,,
1984-12-05,0.0,,,,
1984-12-06,0.0,,,,
1984-12-07,0.0,,,,
1984-12-08,0.0,,,,
1984-12-09,0.0,,,,
1984-12-10,0.0,,,,
1984-12-11,0.0,,,,
1984-12-12,0.0,,,,
1984-12-13,0.0,,,,
1984-12-14,0.0,,,,
1984-12-15,0.0,,,,
1984-12-16,0.0,,,,
1984-12-17,0.0,,,,
1984-12-18,0.0,,,,
1984-12-19,0.01,,,,
1984-12-20,0.0,,,,
1984-12-21,0.0,,,,
1984-12-22,0.0,,,,
1984-12-23,0.0,,,,
1984-12-24,0.0,,,,
1984-12-25,0.0,,,,
1984-12-26,0.0,,,,
1984-12-27,0.0,,,,
1984-12-28,0.0,,,,
1984-12-29,0.0,,,,
1984-12-30,0.0,,,,
1984-12-31,0.0,,,,
1985-01-01,0.0,,,,
1985-01-02,0.0,,,,
1985-01-03,0.0,,,,
1985-01-04,0.0,,,,
1985-01-05,0.0,,,,
1985-01-06,0.0,,,,
1985-01-07,0.0,,,,
1985-01-08,0.0,,,,
1985-01-09,0.0,,,,
1985-01-10,0.0,,,,
1985-01-11,0.0,,,,
1985-01-12,0.0,,,,
1985-01-13,0.0,,,,
1985-01-14,0.0,,,,
1985-01-15,0.0,,,,
1985-01-16,0.0,,,,
1985-01-17,0.0,,,,
1985-01-18,0.0,,,,
1985-01-19,0.01,,,,
1985-01-20,0.0,,,,
1985-01-21,0.0,,,,
1985-01-22,0.0,,,,
1985-01-23,0.0,,,,
1985-01-24,0.0,,,,
1985-01-25,0.0,,,,
1985-01-26,0.0,,,,
1985-01-27,0.0,,,,
1985-01-28,0.0,,,,
1985-01-29,0.0,,,,
1985-01-30,0.0,,,,
1985-01-31,0.0,,,,
1985-02-01,0.0,,,,
1985-02-02,0.0,,,,
1985-02-03,0.0,,,,
1985-02-04,0.0,,,,
1985-02-05,0.0,,,,
1985-02-06,0.0,,,,
1985-02-07,0.0,,,,
1985-02-08,0.0,,,,
1985-02-09,0.0,,,,
1985-02-10,0.0,,,,
1985-02-11,0.0,,,,
1985-02-12,0.0,,,,
1985-02-13,0.0,,,,
1985-02-14,0.0,,,,
1985-02-15,0.0,,,,
1985-02-16,0.0,,,,
1985-02-17,0.0,,,,
1985-02-18,0.0,,,,
1985-02-19,0.0,,,,
1985-02-20,0.0,,,,
1985-02-21,0.0,,,,
1985-02-22,0.0,,,,
1985-02-23,0.0,,,,
1985-02-24,0.0,,,,
1985-02-25,0.0,,,,
1985-02-26,0.0,,,,
1985-02-27,0.0,,,,
1985-02-28,0.0,,,,
1985-03-01,0.0,,,,
1985-03-02,0.0,,,,
1985-03-03,0.0,,,,
1985-03-04,0.0,,,,
1985-03-05,0.0,,,,
1985-03-06,0.0,,,,
1985-03-07,0.0,,,,
1985-03-08,0.0,,,,
1985-03-09,0.0,,,,
1985-03-10,0.0,,,,
1985-03-11,0.0,,,,
1985-03-12,0.0,,,,
1985-03-13,0.04,,,,
1985-03-14,0.0,,,,
1985-03-15,0.0,,,,
1985-03-16,0.0,,,,
1985-03-17,0.0,,,,
1985-03-18,0.0,,,,
1985-03-19,0.0,,,,
1985-03-20,0.0,,,,
1985-03-21,0.0,,,,
1985-03-22,0.0,,,,
1985-03-23,0.0,,,,
1985-03-24,0.0,,,,
1985-03-25,0.0,,,,
1985-03-26,0.0,,,,
1985-03-27,0.0,,,,
1985-03-28,0.0,,,,
1985-03-29,0.0,,,,
1985-03-30,0.0,,,,
1985-03-31,0.0,,,,
1985-04-01,0.0,,,,
1985-04-02,0.0,,,,
1985-04-03,0.0,,,,
1985-04-04,0.0,,,,
1985-04-05,0.0,,,,
1985-04-06,0.0,,,,
1985-04-07,0.0,,,,
1985-04-08,0.0,,,,
1985-04-09,0.0,,,,
1985-04-10,0.0,,,,
1985-04-11,0.0,,,,
1985-04-12,0.0,,,,
1985-04-13,0.0,,,,
1985-04-14,0.0,,,,
1985-04-15,0.0,,,,
1985-04-16,0.0,,,,
1985-04-17,0.0,,,,
1985-04-18,0.0,,,,
1985-04-19,0.0,,,,
1985-04-20,0.0,,,,
1985-04-21,0.0,,,,
1985-04-22,0.0,,,,
1985-04-23,0.0,,,,
1985-04-24,0.0,,,,
1985-04-25,0.0,,,,
1985-04-26,0.0,,,,
1985-04-27,0.0,,,,
1985-04-28,0.0,,,,
1985-04-29,0.0,,,,
1985-04-30,0.0,,,,
1985-05-01,0.0,,,,
1985-05-02,0.0,,,,
1985-05-03,0.0,,,,
1985-05-04,0.0,,,,
1985-05-05,0.0,,,,
1985-05-06,0.0,,,,
1985-05-07,0.0,,,,
1985-05-08,0.0,,,,
1985-05-09,0.0,,,,
1985-05-10,0.0,,,,
1985-05-11,0.0,,,,
1985-05-12,0.0,,,,
1985-05-13,0.0,,,,
1985-05-14,0.0,,,,
1985-05-15,0.0,,,,
1985-05-16,0.0,,,,
1985-05-17,0.0,,,,
1985-05-18,0.0,,,,
1985-05-19,0.0,,,,
1985-05-20,0.0,,,,
1985-05-21,0.0,,,,
1985-05-22,0.0,,,,
1985-05-23,0.0,,,,
1985-05-24,0.0,,,,
1985-05-25,0.0,,,,
1985-05-26,0.0,,,,
1985-05-27,0.0,,,,
1985-05-28,0.0,,,,
1985-05-29,0.0,,,,
1985-05-30,0.0,,,,
1985-05-31,0.0,,,,
1985-06-01,0.0,,,,
1985-06-02,0.0,,,,
1985-06-03,0.0,,,,
1985-06-04,0.0,,,,
1985-06-05,0.0,,,,
1985-06-06,0.0,,,,
1985-06-07,1.79,,,,
1985-06-08,0.01,,,,
1985-06-09,0.0,,,,
1985-06-10,0.0,,,,
1985-06-11,0.12,,,,
1985-06-12,0.04,,,,
1985-06-13,0.0,,,,
1985-06-14,0.0,,,,
1985-06-15,0.0,,,,
1985-06-16,0.0,,,,
1985-06-17,0.0,,,,
1985-06-18,0.0,,,,
1985-06-19,0.08,,,,
1985-06-20,0.95,,,,
1985-06-21,2.28,,,,
1985-06-22,16.91,,,,
1985-06-23,0.62,,,,
1985-06-24,0.0,,,,
1985-06-25,0.0,,,,
1985-06-26,1.34,,,,
1985-06-27,8.28,,,,
1985-06-28,1.88,,,,
1985-06-29,0.52,,,,
1985-06-30,0.0,,,,
1985-07-01,0.07,,,,
1985-07-02,0.04,,,,
1985-07-03,0.09,,,,
1985-07-04,17.03,,,,
1985-07-05,0.0,,,,
1985-07-06,0.06,,,,
1985-07-07,0.53,,,,
1985-07-08,1.16,,,,
1985-07-09,0.01,,,,
1985-07-10,0.6,,,,
1985-07-11,0.05,,,,
1985-07-12,2.4,,,,
1985-07-13,4.02,,,,
1985-07-14,8.44,,,,
1985-07-15,4.78,,,,
1985-07-16,0.55,,,,
1985-07-17,3.4,,,,
1985-07-18,2.3,,,,
1985-07-19,13.5,,,,
1985-07-20,0.29,,,,
1985-07-21,0.15,,,,
1985-07-22,0.35,,,,
1985-07-23,11.48,,,,
1985-07-24,9.73,,,,
1985-07-25,29.26,,,,
1985-07-26,0.26,,,,
1985-07-27,0.06,,,,
1985-07-28,3.43,,,,
1985-07-29,2.19,,,,
1985-07-30,1.78,,,,
1985-07-31,0.0,,,,
1985-08-01,0.13,,,,
1985-08-02,14.92,,,,
1985-08-03,0.68,,,,
1985-08-04,0.0,,,,
1985-08-05,1.23,,,,
1985-08-06,2.35,,,,
1985-08-07,7.0,,,,
1985-08-08,14.82,,,,
1985-08-09,22.48,,,,
1985-08-10,21.88,,,,
1985-08-11,5.27,,,,
1985-08-12,0.0,,,,
1985-08-13,1.81,,,,
1985-08-14,2.32,,,,
1985-08-15,18.33,,,,
1985-08-16,0.56,,,,
1985-08-17,6.29,,,,
1985-08-18,14.86,,,,
1985-08-19,2.75,,,,
1985-08-20,4.35,,,,
1985-08-21,0.45,,,,
1985-08-22,2.33,,,,
1985-08-23,0.16,,,,
1985-08-24,9.26,,,,
1985-08-25,4.12,,,,
1985-08-26,37.41,,,,
1985-08-27,10.02,,,,
1985-08-28,0.13,,,,
1985-08-29,0.0,,,,
1985-08-30,1.59,,,,
1985-08-31,1.87,,,,
1985-09-01,4.24,,,,
1985-09-02,16.57,,,,
1985-09-03,5.97,,,,
1985-09-04,14.71,,,,
1985-09-05,23.15,,,,
1985-09-06,1.83,,,,
1985-09-07,2.43,,,,
1985-09-08,8.9,,,,
1985-09-09,0.44,,,,
1985-09-10,0.04,,,,
1985-09-11,6.78,,,,
1985-09-12,2.09,,,,
1985-09-13,0.66,,,,
1985-09-14,11.05,,,,
1985-09-15,7.38,,,,
1985-09-16,0.04,,,,
1985-09-17,0.79,,,,
1985-09-18,6.13,,,,
1985-09-19,27.55,,,,
1985-09-20,6.34,,,,
1985-09-21,0.15,,,,
1985-09-22,0.0,,,,
1985-09-23,0.37,,,,
1985-09-24,0.61,,,,
1985-09-25,0.03,,,,
1985-09-26,12.14,,,,
1985-09-27,6.63,,,,
1985-09-28,7.81,,,,
1985-09-29,0.11,,,,
1985-09-30,0.0,,,,
1985-10-01,0.05,,,,
1985-10-02,0.0,,,,
1985-10-03,0.05,,,,
1985-10-04,1.97,,,,
1985-10-05,2.36,,,,
1985-10-06,0.0,,,,
1985-10-07,0.0,,,,
1985-10-08,0.0,,,,
1985-10-09,0.0,,,,
1985-10-10,0.19,,,,
1985-10-11,0.0,,,,
1985-10-12,1.31,,,,
1985-10-13,0.0,,,,
1985-10-14,0.12,,,,
1985-10-15,0.0,,,,
1985-10-16,0.0,,,,
1985-10-17,0.01,,,,
1985-10-18,0.0,,,,
1985-10-19,0.0,,,,
1985-10-20,0.0,,,,
1985-10-21,0.0,,,,
1985-10-22,0.0,,,,
1985-10-23,0.0,,,,
1985-10-24,0.0,,,,
1985-10-25,0.21,,,,
1985-10-26,0.0,,,,
1985-10-27,0.0,,,,
1985-10-28,0.0,,,,
1985-10-29,0.02,,,,
1985-10-30,0.0,,,,
1985-10-31,0.0,,,,
1985-11-01,0.0,,,,
1985-11-02,0.0,,,,
1985-11-03,0.0,,,,
1985-11-04,0.0,,,,
1985-11-05,0.0,,,,
1985-11-06,0.0,,,,
1985-11-07,0.0,,,,
1985-11-08,0.0,,,,
1985-11-09,0.0,,,,
1985-11-10,0.0,,,,
1985-11-11,0.0,,,,
1985-11-12,0.0,,,,
1985-11-13,0.0,,,,
1985-11-14,0.0,,,,
1985-11-15,0.0,,,,
1985-11-16,0.0,,,,
1985-11-17,0.0,,,,
1985-11-18,0.0,,,,
1985-11-19,0.0,,,,
1985-11-20,0.0,,,,
1985-11-21,0.0,,,,
1985-11-22,0.0,,,,
1985-11-23,0.0,,,,
1985-11-24,0.0,,,,
1985-11-25,0.0,,,,
1985-11-26,0.0,,,,
1985-11-27,0.0,,,,
1985-11-28,0.0,,,,
1985-11-29,0.0,,,,
1985-11-30,0.0,,,,
1985-12-01,0.0,,,,
1985-12-02,0.0,,,,
1985-12-03,0.0,,,,
1985-12-04,0.0,,,,
1985-12-05,0.0,,,,
1985-12-06,0.0,,,,
1985-12-07,0.0,,,,
1985-12-08,0.0,,,,
1985-12-09,0.0,,,,
1985-12-10,0.0,,,,
1985-12-11,0.0,,,,
1985-12-12,0.0,,,,
1985-12-13,0.0,,,,
1985-12-14,0.0,,,,
1985-12-15,0.0,,,,
1985-12-16,0.0,,,,
1985-12-17,0.0,,,,
1985-12-18,0.0,,,,
1985-12-19,5.68,,,,
1985-12-20,0.3,,,,
1985-12-21,0.0,,,,
1985-12-22,0.0,,,,
1985-12-23,0.0,,,,
1985-12-24,0.0,,,,
1985-12-25,0.0,,,,
1985-12-26,0.0,,,,
1985-12-27,0.0,,,,
1985-12-28,0.0,,,,
1985-12-29,0.0,,,,
1985-12-30,0.0,,,,
1985-12-31,0.0,,,,
1986-01-01,0.0,,,,
1986-01-02,0.0,,,,
1986-01-03,0.0,,,,
1986-01-04,0.0,,,,
1986-01-05,0.0,,,,
1986-01-06,0.0,,,,
1986-01-07,0.0,,,,
1986-01-08,0.0,,,,
1986-01-09,0.0,,,,
1986-01-10,0.0,,,,
1986-01-11,0.0,,,,
1986-01-12,0.0,,,,
1986-01-13,0.0,,,,
1986-01-14,0.0,,,,
1986-01-15,0.0,,,,
1986-01-16,0.0,,,,
1986-01-17,0.0,,,,
1986-01-18,0.0,,,,
1986-01-19,0.0,,,,
1986-01-20,0.0,,,,
1986-01-21,0.0,,,,
1986-01-22,0.0,,,,
1986-01-23,0.0,,,,
1986-01-24,0.0,,,,
1986-01-25,0.0,,,,
1986-01-26,0.0,,,,
1986-01-27,0.0,,,,
1986-01-28,0.0,,,,
1986-01-29,0.0,,,,
1986-01-30,0.0,,,,
1986-01-31,0.0,,,,
1986-02-01,0.0,,,,
1986-02-02,0.0,,,,
1986-02-03,0.0,,,,
1986-02-04,0.0,,,,
1986-02-05,0.0,,,,
1986-02-06,0.0,,,,
1986-02-07,0.0,,,,
1986-02-08,0.0,,,,
1986-02-09,0.0,,,,
1986-02-10,0.0,,,,
1986-02-11,0.0,,,,
1986-02-12,0.0,,,,
1986-02-13,0.0,,,,
1986-02-14,0.0,,,,
1986-02-15,0.0,,,,
1986-02-16,0.0,,,,
1986-02-17,0.0,,,,
1986-02-18,0.0,,,,
1986-02-19,0.0,,,,
1986-02-20,0.0,,,,
1986-02-21,0.0,,,,
1986-02-22,0.0,,,,
1986-02-23,0.0,,,,
1986-02-24,0.0,,,,
1986-02-25,0.0,,,,
1986-02-26,0.0,,,,
1986-02-27,0.0,,,,
1986-02-28,0.0,,,,
1986-03-01,0.0,,,,
1986-03-02,0.0,,,,
1986-03-03,0.0,,,,
1986-03-04,0.0,,,,
1986-03-05,0.0,,,,
1986-03-06,0.0,,,,
1986-03-07,0.0,,,,
1986-03-08,0.0,,,,
1986-03-09,0.0,,,,
1986-03-10,0.0,,,,
1986-03-11,0.0,,,,
1986-03-12,0.0,,,,
1986-03-13,0.0,,,,
1986-03-14,0.0,,,,
1986-03-15,0.0,,,,
1986-03-16,0.0,,,,
1986-03-17,0.0,,,,
1986-03-18,0.0,,,,
1986-03-19,0.0,,,,
1986-03-20,0.0,,,,
1986-03-21,0.0,,,,
1986-03-22,0.0,,,,
1986-03-23,0.0,,,,
1986-03-24,0.0,,,,
1986-03-25,0.0,,,,
1986-03-26,0.0,,,,
1986-03-27,0.0,,,,
1986-03-28,0.0,,,,
1986-03-29,0.0,,,,
1986-03-30,0.0,,,,
1986-03-31,0.0,,,,
1986-04-01,0.0,,,,
1986-04-02,0.02,,,,
1986-04-03,0.0,,,,
1986-04-04,0.08,,,,
1986-04-05,0.0,,,,
1986-04-06,0.0,,,,
1986-04-07,0.0,,,,
1986-04-08,0.0,,,,
1986-04-09,0.0,,,,
1986-04-10,0.0,,,,
1986-04-11,0.02,,,,
1986-04-12,0.0,,,,
1986-04-13,0.0,,,,
1986-04-14,0.0,,,,
1986-04-15,0.0,,,,
1986-04-16,0.0,,,,
1986-04-17,0.0,,,,
1986-04-18,0.0,,,,
1986-04-19,0.0,,,,
1986-04-20,0.01,,,,
1986-04-21,0.01,,,,
1986-04-22,0.01,,,,
1986-04-23,0.0,,,,
1986-04-24,0.0,,,,
1986-04-25,0.0,,,,
1986-04-26,0.0,,,,
1986-04-27,0.0,,,,
1986-04-28,0.04,,,,
1986-04-29,0.0,,,,
1986-04-30,0.0,,,,
1986-05-01,0.0,,,,
1986-05-02,0.0,,,,
1986-05-03,0.0,,,,
1986-05-04,0.0,,,,
1986-05-05,0.01,,,,
1986-05-06,0.0,,,,
1986-05-07,0.03,,,,
1986-05-08,0.0,,,,
1986-05-09,0.0,,,,
1986-05-10,0.0,,,,
1986-05-11,0.0,,,,
1986-05-12,0.0,,,,
1986-05-13,0.03,,,,
1986-05-14,0.13,,,,
1986-05-15,0.16,,,,
1986-05-16,0.0,,,,
1986-05-17,0.0,,,,
1986-05-18,0.0,,,,
1986-05-19,0.0,,,,
1986-05-20,0.0,,,,
1986-05-21,1.29,,,,
1986-05-22,0.0,,,,
1986-05-23,0.0,,,,
1986-05-24,0.0,,,,
1986-05-25,0.0,,,,
1986-05-26,0.0,,,,
1986-05-27,0.0,,,,
1986-05-28,0.14,,,,
1986-05-29,0.0,,,,
1986-05-30,0.0,,,,
1986-05-31,0.0,,,,
1986-06-01,0.18,,,,
1986-06-02,0.0,,,,
1986-06-03,0.0,,,,
1986-06-04,0.0,,,,
1986-06-05,0.0,,,,
1986-06-06,0.0,,,,
1986-06-07,0.0,,,,
1986-06-08,3.72,,,,
1986-06-09,0.0,,,,
1986-06-10,0.0,,,,
1986-06-11,0.0,,,,
1986-06-12,0.0,,,,
1986-06-13,0.0,,,,
1986-06-14,6.28,,,,
1986-06-15,0.0,,,,
1986-06-16,0.0,,,,
1986-06-17,0.01,,,,
1986-06-18,0.04,,,,
1986-06-19,3.12,,,,
1986-06-20,1.13,,,,
1986-06-21,0.0,,,,
1986-06-22,0.0,,,,
1986-06-23,0.0,,,,
1986-06-24,0.0,,,,
1986-06-25,0.0,,,,
1986-06-26,0.0,,,,
1986-06-27,10.27,,,,
1986-06-28,4.11,,,,
1986-06-29,0.0,,,,
1986-06-30,0.0,,,,
1986-07-01,0.04,,,,
1986-07-02,0.05,,,,
1986-07-03,0.26,,,,
1986-07-04,0.0,,,,
1986-07-05,1.48,,,,
1986-07-06,0.03,,,,
1986-07-07,0.23,,,,
1986-07-08,3.69,,,,
1986-07-09,24.31,,,,
1986-07-10,0.01,,,,
1986-07-11,1.92,,,,
1986-07-12,10.02,,,,
1986-07-13,0.45,,,,
1986-07-14,0.04,,,,
1986-07-15,5.72,,,,
1986-07-16,0.0,,,,
1986-07-17,0.0,,,,
1986-07-18,2.35,,,,
1986-07-19,0.0,,,,
1986-07-20,0.04,,,,
1986-07-21,4.34,,,,
1986-07-22,0.0,,,,
1986-07-23,0.01,,,,
1986-07-24,5.56,,,,
1986-07-25,6.09,,,,
1986-07-26,0.53,,,,
1986-07-27,0.89,,,,
1986-07-28,0.0,,,,
1986-07-29,0.69,,,,
1986-07-30,6.18,,,,
1986-07-31,2.65,,,,
1986-08-01,12.13,,,,
1986-08-02,47.84,,,,
1986-08-03,21.32,,,,
1986-08-04,15.54,,,,
1986-08-05,0.52,,,,
1986-08-06,0.01,,,,
1986-08-07,12.58,,,,
1986-08-08,27.39,,,,
1986-08-09,0.49,,,,
1986-08-10,0.0,,,,
1986-08-11,0.0,,,,
1986-08-12,0.08,,,,
1986-08-13,0.28,,,,
1986-08-14,12.05,,,,
1986-08-15,0.6,,,,
1986-08-16,0.01,,,,
1986-08-17,9.34,,,,
1986-08-18,1.6,,,,
1986-08-19,14.08,,,,
1986-08-20,2.29,,,,
1986-08-21,18.2,,,,
1986-08-22,2.67,,,,
1986-08-23,0.14,,,,
1986-08-24,8.59,,,,
1986-08-25,1.61,,,,
1986-08-26,3.49,,,,
1986-08-27,4.79,,,,
1986-08-28,19.26,,,,
1986-08-29,4.58,,,,
1986-08-30,0.29,,,,
1986-08-31,1.2,,,,
1986-09-01,9.85,,,,
1986-09-02,23.33,,,,
1986-09-03,49.63,,,,
1986-09-04,15.53,,,,
1986-09-05,0.0,,,,
1986-09-06,0.03,,,,
1986-09-07,0.37,,,,
1986-09-08,1.16,,,,
1986-09-09,9.61,,,,
1986-09-10,16.5,,,,
1986-09-11,11.63,,,,
1986-09-12,8.77,,,,
1986-09-13,14.79,,,,
1986-09-14,7.68,,,,
1986-09-15,7.3,,,,
1986-09-16,0.29,,,,
1986-09-17,0.74,,,,
1986-09-18,19.83,,,,
1986-09-19,2.57,,,,
1986-09-20,0.72,,,,
1986-09-21,1.49,,,,
1986-09-22,4.64,,,,
1986-09-23,0.39,,,,
1986-09-24,7.91,,,,
1986-09-25,0.1,,,,
1986-09-26,15.97,,,,
1986-09-27,9.33,,,,
1986-09-28,22.48,,,,
1986-09-29,4.87,,,,
1986-09-30,2.12,,,,
1986-10-01,18.77,,,,
1986-10-02,0.93,,,,
1986-10-03,0.0,,,,
1986-10-04,0.05,,,,
1986-10-05,1.88,,,,
1986-10-06,7.85,,,,
1986-10-07,2.11,,,,
1986-10-08,0.97,,,,
1986-10-09,4.0,,,,
1986-10-10,0.45,,,,
1986-10-11,0.78,,,,
1986-10-12,0.0,,,,
1986-10-13,0.07,,,,
1986-10-14,0.0,,,,
1986-10-15,0.0,,,,
1986-10-16,0.06,,,,
1986-10-17,0.0,,,,
1986-10-18,0.0,,,,
1986-10-19,0.33,,,,
1986-10-20,0.0,,,,
1986-10-21,1.25,,,,
1986-10-22,0.0,,,,
1986-10-23,0.0,,,,
1986-10-24,0.0,,,,
1986-10-25,0.0,,,,
1986-10-26,0.0,,,,
1986-10-27,0.0,,,,
1986-10-28,0.0,,,,
1986-10-29,0.0,,,,
1986-10-30,0.0,,,,
1986-10-31,0.0,,,,
1986-11-01,0.0,,,,
1986-11-02,0.0,,,,
1986-11-03,0.0,,,,
1986-11-04,0.0,,,,
1986-11-05,0.0,,,,
1986-11-06,0.03,,,,
1986-11-07,0.0,,,,
1986-11-08,0.0,,,,
1986-11-09,0.0,,,,
1986-11-10,0.0,,,,
1986-11-11,0.0,,,,
1986-11-12,0.0,,,,
1986-11-13,0.0,,,,
1986-11-14,0.0,,,,
1986-11-15,0.0,,,,
1986-11-16,0.0,,,,
1986-11-17,0.0,,,,
1986-11-18,0.0,,,,
1986-11-19,0.0,,,,
1986-11-20,0.0,,,,
1986-11-21,0.0,,,,
1986-11-22,0.0,,,,
1986-11-23,0.0,,,,
1986-11-24,0.0,,,,
1986-11-25,0.0,,,,
1986-11-26,0.0,,,,
1986-11-27,0.0,,,,
1986-11-28,0.0,,,,
1986-11-29,0.0,,,,
1986-11-30,0.0,,,,
1986-12-01,0.0,,,,
1986-12-02,0.0,,,,
1986-12-03,0.0,,,,
1986-12-04,0.0,,,,
1986-12-05,0.0,,,,
1986-12-06,0.0,,,,
1986-12-07,0.0,,,,
1986-12-08,0.0,,,,
1986-12-09,0.0,,,,
1986-12-10,0.0,,,,
1986-12-11,0.0,,,,
1986-12-12,0.0,,,,
1986-12-13,0.0,,,,
1986-12-14,0.01,,,,
1986-12-15,0.0,,,,
1986-12-16,0.0,,,,
1986-12-17,0.0,,,,
1986-12-18,0.0,,,,
1986-12-19,0.03,,,,
1986-12-20,0.0,,,,
1986-12-21,0.0,,,,
1986-12-22,0.0,,,,
1986-12-23,0.0,,,,
1986-12-24,0.01,,,,
1986-12-25,0.0,,,,
1986-12-26,0.0,,,,
1986-12-27,0.0,,,,
1986-12-28,0.0,,,,
1986-12-29,0.0,,,,
1986-12-30,0.0,,,,
1986-12-31,0.01,,,,
1987-01-01,0.0,,,,
1987-01-02,0.0,,,,
1987-01-03,0.0,,,,
1987-01-04,0.0,,,,
1987-01-05,0.0,,,,
1987-01-06,0.0,,,,
1987-01-07,0.0,,,,
1987-01-08,0.0,,,,
1987-01-09,0.0,,,,
1987-01-10,0.0,,,,
1987-01-11,0.0,,,,
1987-01-12,0.0,,,,
1987-01-13,0.0,,,,
1987-01-14,0.0,,,,
1987-01-15,0.0,,,,
1987-01-16,0.0,,,,
1987-01-17,0.0,,,,
1987-01-18,0.0,,,,
1987-01-19,0.0,,,,
1987-01-20,0.0,,,,
1987-01-21,0.0,,,,
1987-01-22,0.0,,,,
1987-01-23,0.0,,,,
1987-01-24,0.0,,,,
1987-01-25,0.0,,,,
1987-01-26,0.0,,,,
1987-01-27,0.0,,,,
1987-01-28,0.0,,,,
1987-01-29,0.0,,,,
1987-01-30,0.0,,,,
1987-01-31,0.0,,,,
1987-02-01,0.0,,,,
1987-02-02,0.0,,,,
1987-02-03,0.0,,,,
1987-02-04,0.0,,,,
1987-02-05,0.0,,,,
1987-02-06,0.0,,,,
1987-02-07,0.0,,,,
1987-02-08,0.02,,,,
1987-02-09,0.0,,,,
1987-02-10,0.0,,,,
1987-02-11,0.0,,,,
1987-02-12,0.0,,,,
1987-02-13,0.0,,,,
1987-02-14,0.0,,,,
1987-02-15,0.0,,,,
1987-02-16,0.0,,,,
1987-02-17,0.0,,,,
1987-02-18,0.0,,,,
1987-02-19,0.0,,,,
1987-02-20,0.0,,,,
1987-02-21,0.0,,,,
1987-02-22,0.0,,,,
1987-02-23,0.0,,,,
1987-02-24,0.0,,,,
1987-02-25,0.0,,,,
1987-02-26,0.0,,,,
1987-02-27,0.0,,,,
1987-02-28,0.0,,,,
1987-03-01,0.0,,,,
1987-03-02,0.0,,,,
1987-03-03,0.0,,,,
1987-03-04,0.0,,,,
1987-03-05,0.0,,,,
1987-03-06,0.0,,,,
1987-03-07,0.0,,,,
1987-03-08,0.0,,,,
1987-03-09,0.0,,,,
1987-03-10,0.0,,,,
1987-03-11,0.0,,,,
1987-03-12,0.0,,,,
1987-03-13,0.0,,,,
1987-03-14,0.0,,,,
1987-03-15,0.0,,,,
1987-03-16,0.0,,,,
1987-03-17,0.0,,,,
1987-03-18,0.0,,,,
1987-03-19,0.0,,,,
1987-03-20,0.0,,,,
1987-03-21,0.0,,,,
1987-03-22,0.0,,,,
1987-03-23,0.0,,,,
1987-03-24,0.0,,,,
1987-03-25,0.0,,,,
1987-03-26,0.0,,,,
1987-03-27,0.0,,,,
1987-03-28,0.0,,,,
1987-03-29,0.0,,,,
1987-03-30,0.0,,,,
1987-03-31,0.0,,,,
1987-04-01,0.0,,,,
1987-04-02,0.0,,,,
1987-04-03,0.0,,,,
1987-04-04,0.0,,,,
1987-04-05,0.0,,,,
1987-04-06,0.0,,,,
1987-04-07,0.0,,,,
1987-04-08,0.0,,,,
1987-04-09,0.0,,,,
1987-04-10,0.0,,,,
1987-04-11,0.01,,,,
1987-04-12,0.0,,,,
1987-04-13,0.0,,,,
1987-04-14,0.0,,,,
1987-04-15,0.0,,,,
1987-04-16,0.0,,,,
1987-04-17,0.0,,,,
1987-04-18,0.0,,,,
1987-04-19,0.0,,,,
1987-04-20,0.0,,,,
1987-04-21,0.0,,,,
1987-04-22,0.0,,,,
1987-04-23,0.0,,,,
1987-04-24,0.0,,,,
1987-04-25,0.0,,,,
1987-04-26,0.0,,,,
1987-04-27,0.0,,,,
1987-04-28,0.0,,,,
1987-04-29,0.0,,,,
1987-04-30,0.0,,,,
1987-05-01,0.0,,,,
1987-05-02,0.0,,,,
1987-05-03,0.0,,,,
1987-05-04,0.0,,,,
1987-05-05,0.0,,,,
1987-05-06,0.0,,,,
1987-05-07,0.0,,,,
1987-05-08,0.0,,,,
1987-05-09,0.0,,,,
1987-05-10,0.0,,,,
1987-05-11,0.0,,,,
1987-05-12,0.0,,,,
1987-05-13,0.0,,,,
1987-05-14,0.0,,,,
1987-05-15,0.0,,,,
1987-05-16,0.0,,,,
1987-05-17,0.0,,,,
1987-05-18,0.55,,,,
1987-05-19,0.05,,,,
1987-05-20,0.0,,,,
1987-05-21,0.0,,,,
1987-05-22,0.0,,,,
1987-05-23,0.0,,,,
1987-05-24,0.0,,,,
1987-05-25,0.01,,,,
1987-05-26,0.0,,,,
1987-05-27,0.0,,,,
1987-05-28,0.0,,,,
1987-05-29,0.0,,,,
1987-05-30,0.0,,,,
1987-05-31,0.0,,,,
1987-06-01,0.0,,,,
1987-06-02,0.0,,,,
1987-06-03,0.0,,,,
1987-06-04,0.0,,,,
1987-06-05,0.0,,,,
1987-06-06,0.04,,,,
1987-06-07,1.4,,,,
1987-06-08,25.8,,,,
1987-06-09,8.32,,,,
1987-06-10,12.47,,,,
1987-06-11,4.46,,,,
1987-06-12,5.08,,,,
1987-06-13,0.01,,,,
1987-06-14,0.0,,,,
1987-06-15,0.0,,,,
1987-06-16,3.84,,,,
1987-06-17,0.2,,,,
1987-06-18,1.17,,,,
1987-06-19,0.0,,,,
1987-06-20,0.31,,,,
1987-06-21,10.27,,,,
1987-06-22,0.84,,,,
1987-06-23,0.0,,,,
1987-06-24,0.0,,,,
1987-06-25,1.63,,,,
1987-06-26,0.02,,,,
1987-06-27,0.0,,,,
1987-06-28,0.0,,,,
1987-06-29,4.75,,,,
1987-06-30,0.03,,,,
1987-07-01,9.81,,,,
1987-07-02,2.91,,,,
1987-07-03,0.03,,,,
1987-07-04,0.03,,,,
1987-07-05,0.0,,,,
1987-07-06,0.0,,,,
1987-07-07,0.01,,,,
1987-07-08,5.64,,,,
1987-07-09,26.24,,,,
1987-07-10,0.33,,,,
1987-07-11,0.0,,,,
1987-07-12,0.0,,,,
1987-07-13,8.66,,,,
1987-07-14,10.09,,,,
1987-07-15,3.72,,,,
1987-07-16,0.0,,,,
1987-07-17,22.95,,,,
1987-07-18,2.3,,,,
1987-07-19,14.92,,,,
1987-07-20,13.66,,,,
1987-07-21,0.0,,,,
1987-07-22,0.01,,,,
1987-07-23,7.37,,,,
1987-07-24,0.0,,,,
1987-07-25,0.0,,,,
1987-07-26,0.81,,,,
1987-07-27,4.95,,,,
1987-07-28,1.31,,,,
1987-07-29,3.88,,,,
1987-07-30,0.04,,,,
1987-07-31,0.56,,,,
1987-08-01,17.42,,,,
1987-08-02,0.44,,,,
1987-08-03,10.89,,,,
1987-08-04,0.03,,,,
1987-08-05,26.89,,,,
1987-08-06,3.78,,,,
1987-08-07,22.86,,,,
1987-08-08,9.12,,,,
1987-08-09,0.0,,,,
1987-08-10,3.33,,,,
1987-08-11,0.38,,,,
1987-08-12,2.74,,,,
1987-08-13,1.54,,,,
1987-08-14,0.03,,,,
1987-08-15,0.21,,,,
1987-08-16,2.64,,,,
1987-08-17,9.58,,,,
1987-08-18,0.82,,,,
1987-08-19,0.43,,,,
1987-08-20,0.01,,,,
1987-08-21,0.18,,,,
1987-08-22,7.96,,,,
1987-08-23,17.57,,,,
1987-08-24,3.17,,,,
1987-08-25,2.59,,,,
1987-08-26,2.62,,,,
1987-08-27,6.71,,,,
1987-08-28,5.3,,,,
1987-08-29,17.15,,,,
1987-08-30,0.4,,,,
1987-08-31,0.45,,,,
1987-09-01,26.91,,,,
1987-09-02,5.9,,,,
1987-09-03,0.58,,,,
1987-09-04,4.15,,,,
1987-09-05,0.55,,,,
1987-09-06,15.06,,,,
1987-09-07,9.44,,,,
1987-09-08,0.1,,,,
1987-09-09,0.16,,,,
1987-09-10,20.06,,,,
1987-09-11,1.76,,,,
1987-09-12,9.83,,,,
1987-09-13,0.02,,,,
1987-09-14,0.0,,,,
1987-09-15,0.0,,,,
1987-09-16,18.26,,,,
1987-09-17,2.08,,,,
1987-09-18,1.57,,,,
1987-09-19,0.24,,,,
1987-09-20,0.0,,,,
1987-09-21,0.0,,,,
1987-09-22,0.08,,,,
1987-09-23,10.59,,,,
1987-09-24,4.03,,,,
1987-09-25,0.01,,,,
1987-09-26,5.81,,,,
1987-09-27,12.13,,,,
1987-09-28,1.73,,,,
1987-09-29,2.21,,,,
1987-09-30,6.48,,,,
1987-10-01,6.72,,,,
1987-10-02,0.27,,,,
1987-10-03,0.01,,,,
1987-10-04,10.68,,,,
1987-10-05,5.26,,,,
1987-10-06,2.21,,,,
1987-10-07,0.0,,,,
1987-10-08,0.03,,,,
1987-10-09,18.95,,,,
1987-10-10,0.0,,,,
1987-10-11,12.28,,,,
1987-10-12,3.77,,,,
1987-10-13,0.04,,,,
1987-10-14,0.0,,,,
1987-10-15,0.74,,,,
1987-10-16,0.01,,,,
1987-10-17,3.28,,,,
1987-10-18,0.0,,,,
1987-10-19,0.02,,,,
1987-10-20,0.0,,,,
1987-10-21,0.61,,,,
1987-10-22,0.44,,,,
1987-10-23,0.02,,,,
1987-10-24,0.0,,,,
1987-10-25,0.0,,,,
1987-10-26,0.0,,,,
1987-10-27,0.0,,,,
1987-10-28,0.03,,,,
1987-10-29,0.0,,,,
1987-10-30,0.0,,,,
1987-10-31,0.0,,,,
1987-11-01,0.0,,,,
1987-11-02,0.0,,,,
1987-11-03,0.0,,,,
1987-11-04,0.0,,,,
1987-11-05,0.0,,,,
1987-11-06,0.0,,,,
1987-11-07,0.0,,,,
1987-11-08,0.0,,,,
1987-11-09,0.0,,,,
1987-11-10,0.0,,,,
1987-11-11,0.0,,,,
1987-11-12,0.0,,,,
1987-11-13,0.01,,,,
1987-11-14,0.0,,,,
1987-11-15,0.0,,,,
1987-11-16,0.0,,,,
1987-11-17,0.0,,,,
1987-11-18,0.0,,,,
1987-11-19,0.0,,,,
1987-11-20,0.0,,,,
1987-11-21,0.0,,,,
1987-11-22,0.0,,,,
1987-11-23,0.0,,,,
1987-11-24,0.0,,,,
1987-11-25,0.0,,,,
1987-11-26,0.0,,,,
1987-11-27,0.0,,,,
1987-11-28,0.0,,,,
1987-11-29,0.0,,,,
1987-11-30,0.01,,,,
1987-12-01,0.0,,,,
1987-12-02,0.0,,,,
1987-12-03,0.0,,,,
1987-12-04,0.0,,,,
1987-12-05,0.0,,,,
1987-12-06,0.01,,,,
1987-12-07,0.0,,,,
1987-12-08,0.0,,,,
1987-12-09,0.0,,,,
1987-12-10,0.0,,,,
1987-12-11,0.0,,,,
1987-12-12,0.0,,,,
1987-12-13,0.01,,,,
1987-12-14,0.0,,,,
1987-12-15,0.0,,,,
1987-12-16,0.0,,,,
1987-12-17,0.0,,,,
1987-12-18,0.0,,,,
1987-12-19,0.0,,,,
1987-12-20,0.0,,,,
1987-12-21,0.0,,,,
1987-12-22,0.0,,,,
1987-12-23,0.0,,,,
1987-12-24,0.0,,,,
1987-12-25,0.0,,,,
1987-12-26,0.0,,,,
1987-12-27,0.0,,,,
1987-12-28,0.0,,,,
1987-12-29,0.0,,,,
1987-12-30,0.0,,,,
1987-12-31,0.01,,,,
1988-01-01,0.0,,,,
1988-01-02,0.0,,,,
1988-01-03,0.0,,,,
1988-01-04,0.0,,,,
1988-01-05,0.0,,,,
1988-01-06,0.0,,,,
1988-01-07,0.0,,,,
1988-01-08,0.0,,,,
1988-01-09,0.0,,,,
1988-01-10,0.0,,,,
1988-01-11,0.0,,,,
1988-01-12,0.0,,,,
1988-01-13,0.0,,,,
1988-01-14,0.0,,,,
1988-01-15,0.0,,,,
1988-01-16,0.0,,,,
1988-01-17,0.0,,,,
1988-01-18,0.0,,,,
1988-01-19,0.0,,,,
1988-01-20,0.0,,,,
1988-01-21,0.0,,,,
1988-01-22,0.0,,,,
1988-01-23,0.0,,,,
1988-01-24,0.0,,,,
1988-01-25,0.0,,,,
1988-01-26,0.0,,,,
1988-01-27,0.0,,,,
1988-01-28,0.0,,,,
1988-01-29,0.0,,,,
1988-01-30,0.0,,,,
1988-01-31,0.0,,,,
1988-02-01,0.0,,,,
1988-02-02,0.0,,,,
1988-02-03,0.0,,,,
1988-02-04,0.0,,,,
1988-02-05,0.0,,,,
1988-02-06,0.0,,,,
1988-02-07,0.0,,,,
1988-02-08,0.0,,,,
1988-02-09,0.0,,,,
1988-02-10,0.0,,,,
1988-02-11,0.0,,,,
1988-02-12,0.0,,,,
1988-02-13,0.0,,,,
1988-02-14,0.0,,,,
1988-02-15,0.0,,,,
1988-02-16,0.0,,,,
1988-02-17,0.0,,,,
1988-02-18,0.0,,,,
1988-02-19,0.0,,,,
1988-02-20,0.0,,,,
1988-02-21,0.0,,,,
1988-02-22,0.0,,,,
1988-02-23,0.0,,,,
1988-02-24,0.0,,,,
1988-02-25,0.0,,,,
1988-02-26,0.0,,,,
1988-02-27,0.0,,,,
1988-02-28,0.0,,,,
1988-02-29,0.0,,,,
1988-03-01,0.0,,,,
1988-03-02,0.0,,,,
1988-03-03,0.0,,,,
1988-03-04,0.0,,,,
1988-03-05,0.0,,,,
1988-03-06,0.0,,,,
1988-03-07,0.0,,,,
1988-03-08,0.0,,,,
1988-03-09,0.0,,,,
1988-03-10,0.0,,,,
1988-03-11,0.0,,,,
1988-03-12,0.0,,,,
1988-03-13,0.0,,,,
1988-03-14,0.0,,,,
1988-03-15,0.0,,,,
1988-03-16,0.0,,,,
1988-03-17,0.0,,,,
1988-03-18,0.0,,,,
1988-03-19,0.0,,,,
1988-03-20,0.0,,,,
1988-03-21,0.0,,,,
1988-03-22,0.0,,,,
1988-03-23,0.0,,,,
1988-03-24,0.0,,,,
1988-03-25,0.0,,,,
1988-03-26,0.0,,,,
1988-03-27,0.0,,,,
1988-03-28,0.0,,,,
1988-03-29,0.0,,,,
1988-03-30,0.0,,,,
1988-03-31,0.0,,,,
1988-04-01,0.0,,,,
1988-04-02,0.0,,,,
1988-04-03,0.0,,,,
1988-04-04,0.0,,,,
1988-04-05,0.0,,,,
1988-04-06,0.0,,,,
1988-04-07,0.0,,,,
1988-04-08,0.0,,,,
1988-04-09,0.0,,,,
1988-04-10,0.0,,,,
1988-04-11,0.0,,,,
1988-04-12,0.0,,,,
1988-04-13,0.0,,,,
1988-04-14,0.0,,,,
1988-04-15,0.0,,,,
1988-04-16,0.0,,,,
1988-04-17,0.0,,,,
1988-04-18,0.02,,,,
1988-04-19,0.0,,,,
1988-04-20,0.0,,,,
1988-04-21,0.0,,,,
1988-04-22,0.0,,,,
1988-04-23,0.0,,,,
1988-04-24,0.0,,,,
1988-04-25,0.0,,,,
1988-04-26,0.0,,,,
1988-04-27,0.0,,,,
1988-04-28,0.0,,,,
1988-04-29,0.0,,,,
1988-04-30,0.0,,,,
1988-05-01,0.0,,,,
1988-05-02,0.0,,,,
1988-05-03,0.0,,,,
1988-05-04,0.0,,,,
1988-05-05,0.0,,,,
1988-05-06,0.0,,,,
1988-05-07,0.0,,,,
1988-05-08,0.0,,,,
1988-05-09,0.0,,,,
1988-05-10,0.0,,,,
1988-05-11,0.0,,,,
1988-05-12,0.0,,,,
1988-05-13,0.05,,,,
1988-05-14,0.0,,,,
1988-05-15,0.0,,,,
1988-05-16,0.0,,,,
1988-05-17,0.0,,,,
1988-05-18,0.0,,,,
1988-05-19,0.0,,,,
1988-05-20,0.0,,,,
1988-05-21,0.0,,,,
1988-05-22,0.0,,,,
1988-05-23,0.0,,,,
1988-05-24,0.0,,,,
1988-05-25,0.74,,,,
1988-05-26,8.71,,,,
1988-05-27,0.72,,,,
1988-05-28,0.0,,,,
1988-05-29,0.0,,,,
1988-05-30,0.0,,,,
1988-05-31,0.0,,,,
1988-06-01,0.0,,,,
1988-06-02,0.0,,,,
1988-06-03,0.0,,,,
1988-06-04,0.19,,,,
1988-06-05,0.32,,,,
1988-06-06,0.0,,,,
1988-06-07,0.0,,,,
1988-06-08,0.0,,,,
1988-06-09,0.01,,,,
1988-06-10,0.0,,,,
1988-06-11,0.0,,,,
1988-06-12,7.0,,,,
1988-06-13,0.0,,,,
1988-06-14,0.0,,,,
1988-06-15,0.0,,,,
1988-06-16,0.62,,,,
1988-06-17,2.72,,,,
1988-06-18,0.26,,,,
1988-06-19,0.95,,,,
1988-06-20,10.83,,,,
1988-06-21,0.17,,,,
1988-06-22,0.0,,,,
1988-06-23,3.12,,,,
1988-06-24,15.67,,,,
1988-06-25,0.39,,,,
1988-06-26,0.2,,,,
1988-06-27,0.0,,,,
1988-06-28,0.0,,,,
1988-06-29,0.0,,,,
1988-06-30,0.0,,,,
1988-07-01,0.0,,,,
1988-07-02,6.96,,,,
1988-07-03,0.04,,,,
1988-07-04,0.0,,,,
1988-07-05,0.0,,,,
1988-07-06,0.02,,,,
1988-07-07,0.41,,,,
1988-07-08,0.0,,,,
1988-07-09,0.48,,,,
1988-07-10,0.0,,,,
1988-07-11,0.27,,,,
1988-07-12,2.73,,,,
1988-07-13,25.58,,,,
1988-07-14,28.45,,,,
1988-07-15,6.13,,,,
1988-07-16,0.27,,,,
1988-07-17,0.83,,,,
1988-07-18,0.0,,,,
1988-07-19,0.0,,,,
1988-07-20,1.52,,,,
1988-07-21,16.87,,,,
1988-07-22,0.3,,,,
1988-07-23,0.0,,,,
1988-07-24,1.63,,,,
1988-07-25,0.0,,,,
1988-07-26,0.0,,,,
1988-07-27,0.13,,,,
1988-07-28,29.63,,,,
1988-07-29,2.6,,,,
1988-07-30,5.1,,,,
1988-07-31,0.82,,,,
1988-08-01,2.89,,,,
1988-08-02,21.49,,,,
1988-08-03,0.15,,,,
1988-08-04,1.18,,,,
1988-08-05,23.27,,,,
1988-08-06,0.0,,,,
1988-08-07,0.82,,,,
1988-08-08,15.56,,,,
1988-08-09,3.69,,,,
1988-08-10,0.04,,,,
1988-08-11,0.0,,,,
1988-08-12,1.39,,,,
1988-08-13,0.28,,,,
1988-08-14,5.14,,,,
1988-08-15,9.64,,,,
1988-08-16,5.18,,,,
1988-08-17,21.33,,,,
1988-08-18,28.46,,,,
1988-08-19,43.64,,,,
1988-08-20,15.03,,,,
1988-08-21,13.86,,,,
1988-08-22,29.07,,,,
1988-08-23,2.34,,,,
1988-08-24,21.74,,,,
1988-08-25,1.26,,,,
1988-08-26,42.55,,,,
1988-08-27,14.27,,,,
1988-08-28,12.31,,,,
1988-08-29,14.66,,,,
1988-08-30,16.64,,,,
1988-08-31,3.02,,,,
1988-09-01,14.48,,,,
1988-09-02,5.12,,,,
1988-09-03,0.1,,,,
1988-09-04,1.92,,,,
1988-09-05,0.67,,,,
1988-09-06,0.97,,,,
1988-09-07,3.93,,,,
1988-09-08,4.34,,,,
1988-09-09,0.0,,,,
1988-09-10,0.01,,,,
1988-09-11,1.23,,,,
1988-09-12,7.96,,,,
1988-09-13,16.35,,,,
1988-09-14,5.66,,,,
1988-09-15,13.59,,,,
1988-09-16,0.6,,,,
1988-09-17,6.47,,,,
1988-09-18,2.04,,,,
1988-09-19,1.39,,,,
1988-09-20,0.62,,,,
1988-09-21,14.65,,,,
1988-09-22,0.1,,,,
1988-09-23,1.82,,,,
1988-09-24,0.0,,,,
1988-09-25,0.0,,,,
1988-09-26,0.0,,,,
1988-09-27,1.26,,,,
1988-09-28,13.35,,,,
1988-09-29,0.05,,,,
1988-09-30,0.0,,,,
1988-10-01,0.38,,,,
1988-10-02,7.18,,,,
1988-10-03,3.01,,,,
1988-10-04,0.06,,,,
1988-10-05,0.1,,,,
1988-10-06,0.17,,,,
1988-10-07,3.05,,,,
1988-10-08,0.31,,,,
1988-10-09,0.0,,,,
1988-10-10,0.0,,,,
1988-10-11,0.0,,,,
1988-10-12,0.01,,,,
1988-10-13,0.0,,,,
1988-10-14,0.0,,,,
1988-10-15,0.0,,,,
1988-10-16,0.0,,,,
1988-10-17,0.03,,,,
1988-10-18,0.33,,,,
1988-10-19,0.0,,,,
1988-10-20,0.0,,,,
1988-10-21,0.01,,,,
1988-10-22,0.0,,,,
1988-10-23,0.0,,,,
1988-10-24,0.99,,,,
1988-10-25,0.0,,,,
1988-10-26,0.0,,,,
1988-10-27,0.12,,,,
1988-10-28,0.0,,,,
1988-10-29,0.0,,,,
1988-10-30,0.0,,,,
1988-10-31,0.01,,,,
1988-11-01,0.0,,,,
1988-11-02,0.0,,,,
1988-11-03,0.01,,,,
1988-11-04,0.05,,,,
1988-11-05,0.0,,,,
1988-11-06,0.0,,,,
1988-11-07,0.0,,,,
1988-11-08,0.0,,,,
1988-11-09,0.0,,,,
1988-11-10,0.0,,,,
1988-11-11,0.0,,,,
1988-11-12,0.0,,,,
1988-11-13,0.0,,,,
1988-11-14,0.0,,,,
1988-11-15,0.0,,,,
1988-11-16,0.0,,,,
1988-11-17,0.0,,,,
1988-11-18,0.0,,,,
1988-11-19,0.0,,,,
1988-11-20,0.0,,,,
1988-11-21,0.0,,,,
1988-11-22,0.0,,,,
1988-11-23,0.0,,,,
1988-11-24,0.0,,,,
1988-11-25,0.0,,,,
1988-11-26,0.0,,,,
1988-11-27,0.0,,,,
1988-11-28,0.0,,,,
1988-11-29,0.0,,,,
1988-11-30,0.0,,,,
1988-12-01,0.0,,,,
1988-12-02,0.0,,,,
1988-12-03,0.0,,,,
1988-12-04,0.0,,,,
1988-12-05,0.0,,,,
1988-12-06,0.0,,,,
1988-12-07,0.0,,,,
1988-12-08,0.0,,,,
1988-12-09,0.0,,,,
1988-12-10,0.0,,,,
1988-12-11,0.0,,,,
1988-12-12,0.0,,,,
1988-12-13,0.0,,,,
1988-12-14,0.0,,,,
1988-12-15,0.0,,,,
1988-12-16,0.0,,,,
1988-12-17,0.0,,,,
1988-12-18,0.0,,,,
1988-12-19,0.0,,,,
1988-12-20,0.0,,,,
1988-12-21,0.0,,,,
1988-12-22,0.0,,,,
1988-12-23,0.0,,,,
1988-12-24,0.0,,,,
1988-12-25,0.0,,,,
1988-12-26,0.0,,,,
1988-12-27,0.0,,,,
1988-12-28,0.0,,,,
1988-12-29,0.0,,,,
1988-12-30,0.0,,,,
1988-12-31,0.0,,,,
1989-01-01,0.0,,,,
1989-01-02,0.0,,,,
1989-01-03,0.0,,,,
1989-01-04,0.0,,,,
1989-01-05,0.0,,,,
1989-01-06,0.02,,,,
1989-01-07,0.01,,,,
1989-01-08,0.0,,,,
1989-01-09,0.0,,,,
1989-01-10,0.0,,,,
1989-01-11,0.0,,,,
1989-01-12,0.0,,,,
1989-01-13,0.0,,,,
1989-01-14,0.0,,,,
1989-01-15,0.0,,,,
1989-01-16,0.0,,,,
1989-01-17,0.0,,,,
1989-01-18,0.0,,,,
1989-01-19,0.0,,,,
1989-01-20,0.0,,,,
1989-01-21,0.0,,,,
1989-01-22,0.0,,,,
1989-01-23,0.0,,,,
1989-01-24,0.0,,,,
1989-01-25,0.0,,,,
1989-01-26,0.0,,,,
1989-01-27,0.0,,,,
1989-01-28,0.0,,,,
1989-01-29,0.0,,,,
1989-01-30,0.0,,,,
1989-01-31,0.0,,,,
1989-02-01,0.0,,,,
1989-02-02,0.0,,,,
1989-02-03,0.0,,,,
1989-02-04,0.0,,,,
1989-02-05,0.0,,,,
1989-02-06,0.0,,,,
1989-02-07,0.0,,,,
1989-02-08,0.0,,,,
1989-02-09,0.0,,,,
1989-02-10,0.0,,,,
1989-02-11,0.0,,,,
1989-02-12,0.0,,,,
1989-02-13,0.0,,,,
1989-02-14,0.01,,,,
1989-02-15,0.0,,,,
1989-02-16,0.0,,,,
1989-02-17,0.0,,,,
1989-02-18,0.0,,,,
1989-02-19,0.0,,,,
1989-02-20,0.0,,,,
1989-02-21,0.0,,,,
1989-02-22,0.0,,,,
1989-02-23,0.0,,,,
1989-02-24,0.0,,,,
1989-02-25,0.0,,,,
1989-02-26,0.0,,,,
1989-02-27,0.0,,,,
1989-02-28,0.0,,,,
1989-03-01,0.0,,,,
1989-03-02,0.0,,,,
1989-03-03,0.0,,,,
1989-03-04,0.0,,,,
1989-03-05,0.0,,,,
1989-03-06,0.0,,,,
1989-03-07,0.0,,,,
1989-03-08,0.0,,,,
1989-03-09,0.0,,,,
1989-03-10,0.0,,,,
1989-03-11,0.0,,,,
1989-03-12,0.0,,,,
1989-03-13,0.0,,,,
1989-03-14,0.0,,,,
1989-03-15,0.0,,,,
1989-03-16,0.0,,,,
1989-03-17,0.0,,,,
1989-03-18,0.0,,,,
1989-03-19,0.0,,,,
1989-03-20,0.0,,,,
1989-03-21,0.0,,,,
1989-03-22,0.0,,,,
1989-03-23,0.0,,,,
1989-03-24,0.0,,,,
1989-03-25,0.0,,,,
1989-03-26,0.0,,,,
1989-03-27,0.0,,,,
1989-03-28,0.0,,,,
1989-03-29,0.0,,,,
1989-03-30,0.0,,,,
1989-03-31,0.0,,,,
1989-04-01,0.0,,,,
1989-04-02,0.0,,,,
1989-04-03,0.0,,,,
1989-04-04,0.0,,,,
1989-04-05,0.0,,,,
1989-04-06,0.0,,,,
1989-04-07,0.0,,,,
1989-04-08,0.0,,,,
1989-04-09,0.0,,,,
1989-04-10,0.0,,,,
1989-04-11,0.0,,,,
1989-04-12,0.0,,,,
1989-04-13,0.0,,,,
1989-04-14,0.0,,,,
1989-04-15,0.0,,,,
1989-04-16,0.0,,,,
1989-04-17,0.0,,,,
1989-04-18,0.0,,,,
1989-04-19,0.0,,,,
1989-04-20,0.0,,,,
1989-04-21,0.0,,,,
1989-04-22,0.0,,,,
1989-04-23,0.0,,,,
1989-04-24,0.0,,,,
1989-04-25,0.0,,,,
1989-04-26,0.0,,,,
1989-04-27,0.0,,,,
1989-04-28,0.0,,,,
1989-04-29,0.0,,,,
1989-04-30,0.0,,,,
1989-05-01,0.0,,,,
1989-05-02,0.0,,,,
1989-05-03,0.0,,,,
1989-05-04,0.0,,,,
1989-05-05,0.0,,,,
1989-05-06,0.0,,,,
1989-05-07,0.0,,,,
1989-05-08,0.0,,,,
1989-05-09,0.0,,,,
1989-05-10,0.0,,,,
1989-05-11,0.0,,,,
1989-05-12,0.0,,,,
1989-05-13,0.0,,,,
1989-05-14,0.12,,,,
1989-05-15,1.04,,,,
1989-05-16,0.0,,,,
1989-05-17,0.0,,,,
1989-05-18,0.0,,,,
1989-05-19,0.0,,,,
1989-05-20,0.0,,,,
1989-05-21,0.0,,,,
1989-05-22,0.0,,,,
1989-05-23,0.0,,,,
1989-05-24,0.0,,,,
1989-05-25,0.0,,,,
1989-05-26,0.0,,,,
1989-05-27,0.0,,,,
1989-05-28,0.0,,,,
1989-05-29,0.0,,,,
1989-05-30,0.07,,,,
1989-05-31,0.0,,,,
1989-06-01,0.28,,,,
1989-06-02,0.0,,,,
1989-06-03,3.96,,,,
1989-06-04,0.0,,,,
1989-06-05,4.38,,,,
1989-06-06,0.01,,,,
1989-06-07,0.0,,,,
1989-06-08,0.0,,,,
1989-06-09,0.0,,,,
1989-06-10,0.11,,,,
1989-06-11,14.8,,,,
1989-06-12,25.83,,,,
1989-06-13,1.21,,,,
1989-06-14,2.3,,,,
1989-06-15,17.53,,,,
1989-06-16,10.08,,,,
1989-06-17,12.69,,,,
1989-06-18,0.28,,,,
1989-06-19,6.61,,,,
1989-06-20,0.74,,,,
1989-06-21,0.0,,,,
1989-06-22,1.1,,,,
1989-06-23,0.41,,,,
1989-06-24,7.37,,,,
1989-06-25,0.04,,,,
1989-06-26,0.1,,,,
1989-06-27,12.68,,,,
1989-06-28,0.0,,,,
1989-06-29,0.66,,,,
1989-06-30,13.72,,,,
1989-07-01,5.39,,,,
1989-07-02,3.81,,,,
1989-07-03,0.3,,,,
1989-07-04,3.31,,,,
1989-07-05,5.71,,,,
1989-07-06,2.32,,,,
1989-07-07,7.68,,,,
1989-07-08,0.0,,,,
1989-07-09,0.04,,,,
1989-07-10,0.0,,,,
1989-07-11,6.89,,,,
1989-07-12,9.79,,,,
1989-07-13,0.68,,,,
1989-07-14,0.0,,,,
1989-07-15,29.98,,,,
1989-07-16,3.67,,,,
1989-07-17,8.91,,,,
1989-07-18,0.37,,,,
1989-07-19,0.09,,,,
1989-07-20,1.04,,,,
1989-07-21,1.86,,,,
1989-07-22,0.0,,,,
1989-07-23,0.0,,,,
1989-07-24,5.56,,,,
1989-07-25,9.28,,,,
1989-07-26,2.43,,,,
1989-07-27,3.6,,,,
1989-07-28,10.65,,,,
1989-07-29,0.23,,,,
1989-07-30,5.73,,,,
1989-07-31,0.27,,,,
1989-08-01,10.37,,,,
1989-08-02,10.51,,,,
1989-08-03,0.15,,,,
1989-08-04,0.0,,,,
1989-08-05,0.0,,,,
1989-08-06,0.18,,,,
1989-08-07,3.48,,,,
1989-08-08,0.01,,,,
1989-08-09,0.49,,,,
1989-08-10,2.88,,,,
1989-08-11,9.82,,,,
1989-08-12,8.95,,,,
1989-08-13,9.29,,,,
1989-08-14,32.19,,,,
1989-08-15,8.26,,,,
1989-08-16,12.5,,,,
1989-08-17,0.0,,,,
1989-08-18,0.0,,,,
1989-08-19,0.18,,,,
1989-08-20,0.04,,,,
1989-08-21,0.73,,,,
1989-08-22,0.36,,,,
1989-08-23,22.6,,,,
1989-08-24,23.53,,,,
1989-08-25,3.85,,,,
1989-08-26,3.2,,,,
1989-08-27,7.43,,,,
1989-08-28,0.49,,,,
1989-08-29,0.84,,,,
1989-08-30,0.83,,,,
1989-08-31,0.08,,,,
1989-09-01,0.34,,,,
1989-09-02,2.26,,,,
1989-09-03,3.79,,,,
1989-09-04,11.02,,,,
1989-09-05,6.41,,,,
1989-09-06,0.01,,,,
1989-09-07,0.0,,,,
1989-09-08,0.0,,,,
1989-09-09,4.65,,,,
1989-09-10,0.62,,,,
1989-09-11,10.7,,,,
1989-09-12,2.99,,,,
1989-09-13,21.11,,,,
1989-09-14,0.1,,,,
1989-09-15,5.03,,,,
1989-09-16,5.49,,,,
1989-09-17,0.74,,,,
1989-09-18,8.23,,,,
1989-09-19,0.44,,,,
1989-09-20,7.34,,,,
1989-09-21,6.57,,,,
1989-09-22,2.12,,,,
1989-09-23,7.61,,,,
1989-09-24,0.34,,,,
1989-09-25,0.08,,,,
1989-09-26,8.57,,,,
1989-09-27,7.28,,,,
1989-09-28,0.0,,,,
1989-09-29,0.0,,,,
1989-09-30,0.05,,,,
1989-10-01,2.44,,,,
1989-10-02,3.94,,,,
1989-10-03,0.08,,,,
1989-10-04,0.0,,,,
1989-10-05,7.1,,,,
1989-10-06,6.16,,,,
1989-10-07,0.0,,,,
1989-10-08,3.81,,,,
1989-10-09,0.78,,,,
1989-10-10,0.0,,,,
1989-10-11,0.01,,,,
1989-10-12,0.19,,,,
1989-10-13,0.01,,,,
1989-10-14,0.0,,,,
1989-10-15,0.0,,,,
1989-10-16,0.0,,,,
1989-10-17,0.09,,,,
1989-10-18,0.42,,,,
1989-10-19,7.87,,,,
1989-10-20,2.19,,,,
1989-10-21,0.01,,,,
1989-10-22,0.0,,,,
1989-10-23,1.14,,,,
1989-10-24,0.95,,,,
1989-10-25,0.38,,,,
1989-10-26,0.1,,,,
1989-10-27,0.02,,,,
1989-10-28,0.0,,,,
1989-10-29,0.0,,,,
1989-10-30,0.0,,,,
1989-10-31,0.02,,,,
1989-11-01,0.04,,,,
1989-11-02,0.0,,,,
1989-11-03,0.0,,,,
1989-11-04,0.0,,,,
1989-11-05,0.0,,,,
1989-11-06,0.01,,,,
1989-11-07,0.01,,,,
1989-11-08,0.0,,,,
1989-11-09,0.0,,,,
1989-11-10,0.0,,,,
1989-11-11,0.0,,,,
1989-11-12,0.0,,,,
1989-11-13,0.01,,,,
1989-11-14,0.0,,,,
1989-11-15,0.0,,,,
1989-11-16,0.0,,,,
1989-11-17,0.0,,,,
1989-11-18,0.0,,,,
1989-11-19,0.0,,,,
1989-11-20,0.0,,,,
1989-11-21,0.0,,,,
1989-11-22,0.0,,,,
1989-11-23,0.0,,,,
1989-11-24,0.06,,,,
1989-11-25,0.0,,,,
1989-11-26,0.0,,,,
1989-11-27,0.0,,,,
1989-11-28,0.0,,,,
1989-11-29,0.0,,,,
1989-11-30,0.0,,,,
1989-12-01,0.0,,,,
1989-12-02,0.0,,,,
1989-12-03,0.0,,,,
1989-12-04,0.0,,,,
1989-12-05,0.0,,,,
1989-12-06,0.0,,,,
1989-12-07,0.0,,,,
1989-12-08,0.0,,,,
1989-12-09,0.0,,,,
1989-12-10,0.0,,,,
1989-12-11,0.0,,,,
1989-12-12,0.0,,,,
1989-12-13,0.0,,,,
1989-12-14,0.0,,,,
1989-12-15,0.0,,,,
1989-12-16,0.0,,,,
1989-12-17,0.0,,,,
1989-12-18,0.0,,,,
1989-12-19,0.0,,,,
1989-12-20,0.0,,,,
1989-12-21,0.0,,,,
1989-12-22,0.0,,,,
1989-12-23,0.0,,,,
1989-12-24,0.0,,,,
1989-12-25,0.01,,,,
1989-12-26,0.0,,,,
1989-12-27,0.0,,,,
1989-12-28,0.0,,,,
1989-12-29,0.0,,,,
1989-12-30,0.0,,,,
1989-12-31,0.0,,,,
1990-01-01,0.0,,,,
1990-01-02,0.0,,,,
1990-01-03,0.0,,,,
1990-01-04,0.0,,,,
1990-01-05,0.0,,,,
1990-01-06,0.0,,,,
1990-01-07,0.0,,,,
1990-01-08,0.0,,,,
1990-01-09,0.0,,,,
1990-01-10,0.0,,,,
1990-01-11,0.0,,,,
1990-01-12,0.0,,,,
1990-01-13,0.0,,,,
1990-01-14,0.03,,,,
1990-01-15,0.0,,,,
1990-01-16,0.0,,,,
1990-01-17,0.0,,,,
1990-01-18,0.0,,,,
1990-01-19,0.0,,,,
1990-01-20,0.0,,,,
1990-01-21,0.0,,,,
1990-01-22,0.0,,,,
1990-01-23,0.0,,,,
1990-01-24,0.0,,,,
1990-01-25,0.0,,,,
1990-01-26,0.0,,,,
1990-01-27,0.0,,,,
1990-01-28,0.0,,,,
1990-01-29,0.0,,,,
1990-01-30,0.0,,,,
1990-01-31,0.0,,,,
1990-02-01,0.0,,,,
1990-02-02,0.0,,,,
1990-02-03,0.0,,,,
1990-02-04,0.0,,,,
1990-02-05,0.0,,,,
1990-02-06,0.0,,,,
1990-02-07,0.0,,,,
1990-02-08,0.0,,,,
1990-02-09,0.0,,,,
1990-02-10,0.0,,,,
1990-02-11,0.0,,,,
1990-02-12,0.0,,,,
1990-02-13,0.0,,,,
1990-02-14,0.0,,,,
1990-02-15,0.0,,,,
1990-02-16,0.0,,,,
1990-02-17,0.0,,,,
1990-02-18,0.0,,,,
1990-02-19,0.0,,,,
1990-02-20,0.0,,,,
1990-02-21,0.0,,,,
1990-02-22,0.0,,,,
1990-02-23,0.0,,,,
1990-02-24,0.0,,,,
1990-02-25,0.0,,,,
1990-02-26,0.0,,,,
1990-02-27,0.0,,,,
1990-02-28,0.0,,,,
1990-03-01,0.0,,,,
1990-03-02,0.0,,,,
1990-03-03,0.0,,,,
1990-03-04,0.0,,,,
1990-03-05,0.0,,,,
1990-03-06,0.0,,,,
1990-03-07,0.0,,,,
1990-03-08,0.0,,,,
1990-03-09,0.0,,,,
1990-03-10,0.0,,,,
1990-03-11,0.0,,,,
1990-03-12,0.0,,,,
1990-03-13,0.0,,,,
1990-03-14,0.0,,,,
1990-03-15,0.0,,,,
1990-03-16,0.0,,,,
1990-03-17,0.0,,,,
1990-03-18,0.0,,,,
1990-03-19,0.0,,,,
1990-03-20,0.0,,,,
1990-03-21,0.0,,,,
1990-03-22,0.0,,,,
1990-03-23,0.0,,,,
1990-03-24,0.0,,,,
1990-03-25,0.0,,,,
1990-03-26,0.0,,,,
1990-03-27,0.0,,,,
1990-03-28,0.0,,,,
1990-03-29,0.0,,,,
1990-03-30,0.0,,,,
1990-03-31,0.0,,,,
1990-04-01,0.0,,,,
1990-04-02,0.0,,,,
1990-04-03,0.0,,,,
1990-04-04,0.0,,,,
1990-04-05,0.0,,,,
1990-04-06,0.0,,,,
1990-04-07,0.0,,,,
1990-04-08,0.0,,,,
1990-04-09,0.0,,,,
1990-04-10,0.0,,,,
1990-04-11,0.0,,,,
1990-04-12,0.0,,,,
1990-04-13,0.0,,,,
1990-04-14,0.0,,,,
1990-04-15,0.0,,,,
1990-04-16,0.0,,,,
1990-04-17,0.0,,,,
1990-04-18,0.0,,,,
1990-04-19,0.01,,,,
1990-04-20,0.0,,,,
1990-04-21,0.0,,,,
1990-04-22,0.0,,,,
1990-04-23,0.0,,,,
1990-04-24,0.0,,,,
1990-04-25,0.0,,,,
1990-04-26,0.0,,,,
1990-04-27,0.0,,,,
1990-04-28,0.0,,,,
1990-04-29,0.0,,,,
1990-04-30,0.0,,,,
1990-05-01,0.0,,,,
1990-05-02,0.0,,,,
1990-05-03,0.0,,,,
1990-05-04,0.0,,,,
1990-05-05,0.0,,,,
1990-05-06,0.0,,,,
1990-05-07,0.0,,,,
1990-05-08,0.0,,,,
1990-05-09,0.0,,,,
1990-05-10,0.0,,,,
1990-05-11,0.0,,,,
1990-05-12,0.0,,,,
1990-05-13,0.0,,,,
1990-05-14,0.0,,,,
1990-05-15,0.0,,,,
1990-05-16,0.0,,,,
1990-05-17,0.0,,,,
1990-05-18,0.0,,,,
1990-05-19,0.0,,,,
1990-05-20,0.0,,,,
1990-05-21,0.0,,,,
1990-05-22,0.0,,,,
1990-05-23,0.0,,,,
1990-05-24,0.0,,,,
1990-05-25,0.0,,,,
1990-05-26,0.0,,,,
1990-05-27,0.0,,,,
1990-05-28,0.0,,,,
1990-05-29,0.0,,,,
1990-05-30,0.0,,,,
1990-05-31,0.0,,,,
1990-06-01,0.0,,,,
1990-06-02,0.0,,,,
1990-06-03,0.0,,,,
1990-06-04,0.0,,,,
1990-06-05,0.06,,,,
1990-06-06,0.05,,,,
1990-06-07,0.0,,,,
1990-06-08,0.0,,,,
1990-06-09,0.0,,,,
1990-06-10,0.0,,,,
1990-06-11,0.0,,,,
1990-06-12,0.0,,,,
1990-06-13,0.0,,,,
1990-06-14,0.0,,,,
1990-06-15,0.0,,,,
1990-06-16,0.0,,,,
1990-06-17,0.04,,,,
1990-06-18,0.63,,,,
1990-06-19,3.46,,,,
1990-06-20,14.19,,,,
1990-06-21,0.01,,,,
1990-06-22,1.19,,,,
1990-06-23,0.0,,,,
1990-06-24,0.0,,,,
1990-06-25,0.0,,,,
1990-06-26,0.57,,,,
1990-06-27,0.03,,,,
1990-06-28,0.97,,,,
1990-06-29,12.47,,,,
1990-06-30,1.93,,,,
1990-07-01,0.26,,,,
1990-07-02,0.0,,,,
1990-07-03,0.69,,,,
1990-07-04,1.26,,,,
1990-07-05,2.82,,,,
1990-07-06,1.01,,,,
1990-07-07,0.0,,,,
1990-07-08,0.0,,,,
1990-07-09,0.0,,,,
1990-07-10,0.0,,,,
1990-07-11,1.41,,,,
1990-07-12,3.58,,,,
1990-07-13,6.13,,,,
1990-07-14,1.7,,,,
1990-07-15,16.76,,,,
1990-07-16,0.05,,,,
1990-07-17,17.88,,,,
1990-07-18,0.0,,,,
1990-07-19,0.0,,,,
1990-07-20,24.12,,,,
1990-07-21,1.4,,,,
1990-07-22,1.92,,,,
1990-07-23,0.0,,,,
1990-07-24,4.31,,,,
1990-07-25,2.63,,,,
1990-07-26,3.74,,,,
1990-07-27,0.11,,,,
1990-07-28,0.44,,,,
1990-07-29,0.04,,,,
1990-07-30,6.34,,,,
1990-07-31,0.1,,,,
1990-08-01,0.1,,,,
1990-08-02,0.0,,,,
1990-08-03,0.81,,,,
1990-08-04,4.06,,,,
1990-08-05,1.11,,,,
1990-08-06,5.79,,,,
1990-08-07,13.59,,,,
1990-08-08,40.72,,,,
1990-08-09,0.64,,,,
1990-08-10,0.27,,,,
1990-08-11,3.2,,,,
1990-08-12,0.5,,,,
1990-08-13,19.05,,,,
1990-08-14,3.0,,,,
1990-08-15,3.1,,,,
1990-08-16,0.0,,,,
1990-08-17,10.11,,,,
1990-08-18,1.92,,,,
1990-08-19,1.14,,,,
1990-08-20,3.53,,,,
1990-08-21,3.88,,,,
1990-08-22,4.38,,,,
1990-08-23,11.66,,,,
1990-08-24,0.01,,,,
1990-08-25,0.0,,,,
1990-08-26,2.05,,,,
1990-08-27,3.84,,,,
1990-08-28,4.84,,,,
1990-08-29,8.49,,,,
1990-08-30,2.35,,,,
1990-08-31,0.05,,,,
1990-09-01,12.44,,,,
1990-09-02,0.0,,,,
1990-09-03,0.01,,,,
1990-09-04,7.57,,,,
1990-09-05,2.22,,,,
1990-09-06,0.74,,,,
1990-09-07,0.0,,,,
1990-09-08,0.58,,,,
1990-09-09,0.17,,,,
1990-09-10,17.74,,,,
1990-09-11,0.01,,,,
1990-09-12,0.0,,,,
1990-09-13,5.84,,,,
1990-09-14,0.68,,,,
1990-09-15,0.02,,,,
1990-09-16,3.16,,,,
1990-09-17,18.49,,,,
1990-09-18,0.0,,,,
1990-09-19,0.01,,,,
1990-09-20,0.01,,,,
1990-09-21,0.05,,,,
1990-09-22,0.41,,,,
1990-09-23,0.0,,,,
1990-09-24,4.65,,,,
1990-09-25,4.52,,,,
1990-09-26,0.0,,,,
1990-09-27,7.77,,,,
1990-09-28,0.0,,,,
1990-09-29,0.0,,,,
1990-09-30,3.64,,,,
1990-10-01,2.14,,,,
1990-10-02,2.53,,,,
1990-10-03,0.03,,,,
1990-10-04,3.02,,,,
1990-10-05,0.01,,,,
1990-10-06,4.55,,,,
1990-10-07,0.0,,,,
1990-10-08,0.0,,,,
1990-10-09,0.03,,,,
1990-10-10,2.66,,,,
1990-10-11,0.0,,,,
1990-10-12,0.04,,,,
1990-10-13,0.02,,,,
1990-10-14,0.0,,,,
1990-10-15,0.0,,,,
1990-10-16,0.0,,,,
1990-10-17,9.58,,,,
1990-10-18,1.72,,,,
1990-10-19,0.0,,,,
1990-10-20,0.02,,,,
1990-10-21,1.03,,,,
1990-10-22,0.0,,,,
1990-10-23,0.0,,,,
1990-10-24,0.0,,,,
1990-10-25,0.01,,,,
1990-10-26,0.0,,,,
1990-10-27,0.16,,,,
1990-10-28,0.0,,,,
1990-10-29,0.0,,,,
1990-10-30,0.0,,,,
1990-10-31,0.0,,,,
1990-11-01,0.0,,,,
1990-11-02,0.0,,,,
1990-11-03,0.0,,,,
1990-11-04,0.0,,,,
1990-11-05,0.0,,,,
1990-11-06,0.0,,,,
1990-11-07,0.0,,,,
1990-11-08,0.0,,,,
1990-11-09,0.0,,,,
1990-11-10,0.0,,,,
1990-11-11,0.0,,,,
1990-11-12,0.0,,,,
1990-11-13,0.0,,,,
1990-11-14,0.0,,,,
1990-11-15,0.0,,,,
1990-11-16,0.0,,,,
1990-11-17,0.0,,,,
1990-11-18,0.0,,,,
1990-11-19,0.0,,,,
1990-11-20,0.0,,,,
1990-11-21,0.0,,,,
1990-11-22,0.03,,,,
1990-11-23,0.0,,,,
1990-11-24,0.0,,,,
1990-11-25,0.0,,,,
1990-11-26,0.0,,,,
1990-11-27,0.0,,,,
1990-11-28,0.0,,,,
1990-11-29,0.0,,,,
1990-11-30,0.0,,,,
1990-12-01,0.0,,,,
1990-12-02,0.0,,,,
1990-12-03,0.0,,,,
1990-12-04,0.0,,,,
1990-12-05,0.0,,,,
1990-12-06,0.0,,,,
1990-12-07,0.0,,,,
1990-12-08,0.0,,,,
1990-12-09,0.0,,,,
1990-12-10,0.0,,,,
1990-12-11,0.0,,,,
1990-12-12,0.0,,,,
1990-12-13,0.0,,,,
1990-12-14,0.0,,,,
1990-12-15,0.0,,,,
1990-12-16,0.0,,,,
1990-12-17,0.0,,,,
1990-12-18,0.0,,,,
1990-12-19,0.0,,,,
1990-12-20,0.0,,,,
1990-12-21,0.0,,,,
1990-12-22,0.01,,,,
1990-12-23,0.0,,,,
1990-12-24,0.0,,,,
1990-12-25,0.0,,,,
1990-12-26,0.0,,,,
1990-12-27,0.0,,,,
1990-12-28,0.0,,,,
1990-12-29,0.0,,,,
1990-12-30,0.0,,,,
1990-12-31,0.0,,,,
1991-01-01,0.0,36.53,18.02,38.47,14.72
1991-01-02,0.0,35.09,18.42,31.72,13.46
1991-01-03,0.0,34.73,15.47,38.34,14.1
1991-01-04,0.0,35.34,13.86,46.69,14.91
1991-01-05,0.0,35.26,14.76,45.76,14.07
1991-01-06,0.04,34.77,16.53,38.21,16.11
1991-01-07,0.02,32.71,17.39,38.93,19.49
1991-01-08,0.0,33.22,16.03,39.53,19.78
1991-01-09,0.03,32.17,17.97,37.35,20.1
1991-01-10,0.0,34.57,17.33,45.75,18.94
1991-01-11,0.04,36.62,17.74,44.37,18.18
1991-01-12,0.02,37.39,18.03,38.23,15.34
1991-01-13,0.0,37.33,17.58,37.72,16.77
1991-01-14,0.0,35.9,18.25,35.48,14.47
1991-01-15,0.0,34.54,17.78,33.1,13.97
1991-01-16,0.05,33.63,18.21,37.62,16.58
1991-01-17,0.0,31.38,18.9,51.65,24.74
1991-01-18,0.0,37.97,19.06,51.19,21.03
1991-01-19,0.0,37.18,18.74,49.21,17.58
1991-01-20,0.0,32.78,17.89,66.62,27.95
1991-01-21,0.0,33.49,17.7,66.75,27.8
1991-01-22,0.0,34.13,17.81,62.49,27.9
1991-01-23,0.0,30.36,18.88,61.67,38.7
1991-01-24,0.0,30.59,18.82,65.26,38.88
1991-01-25,0.0,33.3,16.38,79.58,32.37
1991-01-26,0.0,36.11,18.44,55.2,26.17
1991-01-27,0.0,37.59,18.82,55.44,20.45
1991-01-28,0.0,39.14,18.53,50.93,15.73
1991-01-29,0.0,38.73,17.91,49.45,13.48
1991-01-30,0.0,38.63,18.86,40.41,12.9
1991-01-31,0.0,37.5,19.47,42.92,15.45
1991-02-01,0.0,38.71,21.12,42.24,12.18
1991-02-02,0.01,36.42,23.47,26.02,12.58
1991-02-03,0.0,33.82,22.63,18.11,11.78
1991-02-04,0.0,33.58,20.04,25.72,10.99
1991-02-05,0.0,34.06,18.38,36.29,14.01
1991-02-06,0.02,33.56,16.78,40.39,16.53
1991-02-07,0.0,37.14,15.8,39.79,13.89
1991-02-08,0.0,37.16,17.89,31.97,13.38
1991-02-09,0.0,38.22,17.04,34.03,12.49
1991-02-10,0.0,37.55,17.84,32.67,11.31
1991-02-11,0.0,37.9,19.16,30.01,11.58
1991-02-12,0.0,38.72,18.06,33.37,12.26
1991-02-13,0.0,37.17,17.94,41.81,15.37
1991-02-14,0.01,31.68,16.59,71.75,28.51
1991-02-15,0.0,33.29,15.37,69.11,23.08
1991-02-16,0.0,34.6,15.74,47.26,17.84
1991-02-17,0.0,35.0,14.47,50.47,14.7
1991-02-18,0.0,35.68,18.11,42.55,17.23
1991-02-19,0.0,34.81,18.86,40.93,17.23
1991-02-20,0.0,34.27,19.31,44.75,17.53
1991-02-21,0.0,38.26,18.6,36.4,15.48
1991-02-22,0.0,39.4,18.17,49.14,17.38
1991-02-23,0.0,41.07,19.98,40.57,12.89
1991-02-24,0.0,40.96,20.67,32.71,10.23
1991-02-25,0.0,38.46,20.91,28.51,9.82
1991-02-26,0.0,36.43,18.33,26.53,9.99
1991-02-27,0.0,36.84,16.11,31.4,11.2
1991-02-28,0.0,37.94,17.91,28.69,11.45
1991-03-01,0.0,38.36,17.85,29.84,10.13
1991-03-02,0.0,38.43,17.67,30.3,9.78
1991-03-03,0.0,39.64,17.67,36.29,12.16
1991-03-04,0.0,39.78,19.06,35.64,11.47
1991-03-05,0.0,38.27,20.26,58.47,16.76
1991-03-06,0.0,37.05,19.6,63.78,22.16
1991-03-07,0.0,35.06,17.8,67.32,23.89
1991-03-08,0.0,35.96,18.11,66.96,24.67
1991-03-09,0.0,39.56,19.49,58.65,19.09
1991-03-10,0.0,41.39,20.83,57.72,16.82
1991-03-11,0.0,41.74,20.77,63.6,16.27
1991-03-12,0.0,42.33,21.66,49.19,12.03
1991-03-13,0.0,40.73,21.31,46.99,12.78
1991-03-14,0.0,37.79,21.0,43.77,14.95
1991-03-15,0.0,37.19,19.04,44.27,15.44
1991-03-16,0.0,38.82,19.93,39.31,13.45
1991-03-17,0.0,40.94,20.34,31.87,10.18
1991-03-18,0.0,41.24,20.82,33.86,10.42
1991-03-19,0.0,40.94,21.76,26.87,8.57
1991-03-20,0.0,41.14,21.27,26.75,7.55
1991-03-21,0.0,40.29,22.02,28.59,9.53
1991-03-22,0.0,40.71,21.11,32.92,9.84
1991-03-23,0.0,40.54,21.11,32.82,10.42
1991-03-24,0.0,39.44,23.76,31.79,13.61
1991-03-25,0.0,39.72,20.59,33.81,12.58
1991-03-26,0.0,38.37,19.76,36.42,14.3
1991-03-27,0.0,38.11,19.5,48.52,17.59
1991-03-28,0.0,37.22,19.49,64.85,22.31
1991-03-29,0.0,37.3,19.46,58.3,22.17
1991-03-30,0.0,39.34,20.3,52.46,16.91
1991-03-31,0.0,36.99,19.36,56.95,21.15
1991-04-01,0.0,36.82,18.5,69.05,21.68
1991-04-02,0.0,37.72,19.0,66.6,21.2
1991-04-03,0.0,40.56,19.78,48.47,14.17
1991-04-04,0.0,40.73,22.94,32.77,13.6
1991-04-05,0.0,39.86,20.93,27.25,8.99
1991-04-06,0.0,40.6,18.21,47.31,10.28
1991-04-07,0.0,42.08,19.11,54.79,10.83
1991-04-08,0.0,43.18,20.01,42.1,9.14
1991-04-09,0.0,41.82,20.72,45.65,12.75
1991-04-10,0.0,39.13,20.36,65.12,17.85
1991-04-11,0.0,40.19,20.16,73.2,15.74
1991-04-12,0.0,41.06,19.38,81.65,13.0
1991-04-13,0.0,42.73,20.7,58.03,10.69
1991-04-14,0.0,41.63,20.25,71.3,14.25
1991-04-15,0.0,41.47,20.33,70.28,11.35
1991-04-16,0.01,40.02,21.12,57.4,17.25
1991-04-17,0.0,39.4,21.76,58.55,20.89
1991-04-18,0.0,40.26,21.5,65.4,19.79
1991-04-19,0.0,41.34,22.07,55.28,16.95
1991-04-20,0.0,42.55,24.22,45.92,17.99
1991-04-21,0.0,41.29,23.82,48.67,17.31
1991-04-22,0.0,40.74,22.17,64.0,15.92
1991-04-23,0.0,43.91,22.53,58.72,16.4
1991-04-24,0.0,42.32,24.47,64.23,24.44
1991-04-25,0.0,44.36,24.08,66.04,14.27
1991-04-26,0.0,44.15,24.0,59.16,9.15
1991-04-27,0.0,43.0,23.91,31.42,11.83
1991-04-28,0.0,40.9,22.52,50.16,19.57
1991-04-29,0.0,39.52,21.32,57.39,22.02
1991-04-30,0.0,40.97,21.15,71.24,21.06
1991-05-01,0.0,40.99,22.63,62.72,24.0
1991-05-02,0.0,42.66,24.55,63.76,23.04
1991-05-03,0.0,41.64,23.55,71.3,19.6
1991-05-04,0.0,41.16,22.35,80.57,18.67
1991-05-05,0.03,41.17,22.53,59.65,19.1
1991-05-06,0.07,38.08,22.06,64.61,22.69
1991-05-07,0.0,40.27,21.89,63.07,20.27
1991-05-08,0.0,39.84,23.56,55.63,20.34
1991-05-09,0.0,40.71,22.37,60.31,18.71
1991-05-10,0.0,42.42,24.71,41.55,15.91
1991-05-11,0.0,42.15,25.61,33.89,14.76
1991-05-12,0.0,41.83,25.08,30.11,13.25
1991-05-13,0.0,40.4,23.86,39.9,17.08
1991-05-14,0.0,42.13,22.62,42.14,14.8
1991-05-15,0.0,43.11,23.15,53.58,15.43
1991-05-16,0.0,44.2,25.57,36.32,13.11
1991-05-17,0.31,41.82,25.76,63.63,19.21
1991-05-18,0.0,40.24,23.57,82.35,24.36
1991-05-19,0.0,41.11,22.86,70.19,16.66
1991-05-20,0.25,39.76,22.95,66.2,16.7
1991-05-21,0.0,39.76,22.01,67.39,21.69
1991-05-22,0.0,40.74,22.14,72.79,21.34
1991-05-23,0.0,39.94,23.59,74.3,29.22
1991-05-24,0.0,38.5,23.4,73.59,31.0
1991-05-25,0.0,39.59,22.76,74.85,29.48
1991-05-26,0.0,38.84,22.11,79.12,32.31
1991-05-27,0.0,39.02,21.81,78.77,28.0
1991-05-28,0.0,38.5,21.74,77.86,28.7
1991-05-29,0.0,37.89,21.73,71.86,23.12
1991-05-30,0.0,39.0,21.65,65.29,24.21
1991-05-31,0.0,38.74,23.49,76.15,29.69
1991-06-01,0.38,38.32,24.81,72.6,33.97
1991-06-02,0.0,39.72,25.54,72.5,28.39
1991-06-03,1.59,35.49,25.55,74.84,35.88
1991-06-04,0.27,37.71,25.97,82.3,37.55
1991-06-05,0.0,39.8,27.71,70.19,24.84
1991-06-06,0.0,43.02,28.72,45.08,18.3
1991-06-07,0.0,44.26,29.24,42.66,17.0
1991-06-08,0.0,39.74,27.34,73.34,30.13
1991-06-09,0.0,40.75,26.67,72.61,32.33
1991-06-10,0.0,39.73,26.47,76.17,33.25
1991-06-11,0.0,40.58,26.44,75.8,31.4
1991-06-12,0.0,39.42,26.69,74.07,36.03
1991-06-13,0.0,39.65,25.73,81.25,28.51
1991-06-14,0.0,39.11,24.14,76.12,22.52
1991-06-15,0.0,39.15,23.21,70.29,21.47
1991-06-16,0.0,38.12,24.75,68.0,30.44
1991-06-17,0.03,40.05,25.39,76.84,29.39
1991-06-18,0.0,40.35,24.62,74.87,23.46
1991-06-19,2.44,39.65,25.11,70.61,28.97
1991-06-20,4.43,38.54,25.62,75.05,35.23
1991-06-21,0.0,37.51,24.49,87.45,41.34
1991-06-22,0.0,37.38,24.02,78.87,31.92
1991-06-23,0.0,37.41,23.9,70.58,29.95
1991-06-24,0.0,39.01,24.64,72.24,26.54
1991-06-25,0.0,40.0,25.2,69.65,27.34
1991-06-26,0.0,39.46,25.85,75.18,28.37
1991-06-27,0.0,39.12,24.93,78.67,27.63
1991-06-28,0.0,38.21,24.64,74.09,34.38
1991-06-29,0.0,37.99,24.29,76.28,32.5
1991-06-30,0.0,39.33,25.1,71.32,30.42
1991-07-01,0.0,37.5,25.3,75.14,39.46
1991-07-02,0.0,38.81,25.25,76.53,33.04
1991-07-03,0.02,37.38,25.02,75.8,37.51
1991-07-04,2.81,32.42,23.81,80.89,51.03
1991-07-05,0.25,36.1,24.21,89.09,42.49
1991-07-06,0.0,38.6,25.46,85.13,36.62
1991-07-07,0.08,38.73,25.7,77.45,35.1
1991-07-08,0.52,37.86,25.32,80.93,42.27
1991-07-09,0.02,36.49,25.65,89.78,47.46
1991-07-10,23.86,33.82,23.65,99.28,59.58
1991-07-11,1.48,33.07,22.76,97.32,60.56
1991-07-12,0.0,32.44,23.91,96.78,60.9
1991-07-13,0.36,33.9,24.43,94.52,56.66
1991-07-14,0.0,35.18,24.83,93.31,52.35
1991-07-15,0.0,33.44,23.65,88.04,53.42
1991-07-16,0.89,33.48,23.35,89.24,53.65
1991-07-17,2.66,31.84,24.54,95.38,64.26
1991-07-18,0.2,34.5,23.63,96.37,53.89
1991-07-19,0.0,34.66,24.48,92.33,55.94
1991-07-20,0.47,33.84,24.43,88.41,54.85
1991-07-21,11.49,34.05,24.53,92.64,56.55
1991-07-22,12.83,31.41,24.24,97.92,70.92
1991-07-23,1.77,33.0,23.44,97.95,58.36
1991-07-24,11.08,31.67,23.56,96.79,64.29
1991-07-25,0.0,33.17,23.77,92.99,50.72
1991-07-26,15.86,32.4,23.2,90.91,59.12
1991-07-27,7.28,30.67,23.43,97.33,67.15
1991-07-28,2.36,32.17,23.28,97.4,59.3
1991-07-29,0.0,34.3,24.2,93.26,54.94
1991-07-30,4.83,33.55,24.77,87.19,53.57
1991-07-31,2.43,30.77,23.91,96.92,66.91
1991-08-01,11.2,31.77,23.11,94.35,64.46
1991-08-02,0.06,34.15,23.77,96.64,56.94
1991-08-03,0.0,35.3,24.87,91.37,51.21
1991-08-04,0.0,34.72,24.64,88.13,55.26
1991-08-05,0.0,34.07,24.38,92.98,57.45
1991-08-06,0.04,34.86,24.31,92.43,53.88
1991-08-07,0.21,35.19,25.47,86.72,52.83
1991-08-08,7.0,31.37,23.65,96.55,64.8
1991-08-09,2.63,31.6,23.8,97.83,67.7
1991-08-10,0.25,34.19,23.54,97.36,56.92
1991-08-11,0.03,34.96,25.06,90.65,55.35
1991-08-12,4.54,34.53,24.64,84.76,54.56
1991-08-13,16.34,32.3,24.03,95.13,66.94
1991-08-14,3.63,32.64,23.74,98.6,65.06
1991-08-15,12.51,34.11,24.45,93.18,59.08
1991-08-16,14.72,31.82,23.79,98.73,70.28
1991-08-17,0.81,31.71,23.44,98.08,68.35
1991-08-18,0.14,32.04,24.14,94.84,65.29
1991-08-19,0.44,33.47,24.46,91.87,59.75
1991-08-20,0.51,32.77,23.57,93.35,60.76
1991-08-21,1.48,33.42,24.13,97.82,60.27
1991-08-22,0.43,34.12,24.36,96.54,60.15
1991-08-23,0.37,32.38,23.74,96.91,63.98
1991-08-24,0.0,33.93,23.72,93.69,58.55
1991-08-25,15.37,33.39,23.99,99.47,63.73
1991-08-26,0.36,32.85,23.26,98.85,69.05
1991-08-27,0.0,34.12,24.4,97.09,56.63
1991-08-28,0.28,34.48,24.48,91.01,54.48
1991-08-29,16.04,33.77,24.9,96.1,61.56
1991-08-30,1.45,32.18,23.38,97.86,64.59
1991-08-31,21.38,33.0,23.86,98.8,61.45
1991-09-01,29.29,30.32,22.2,99.84,76.05
1991-09-02,1.23,31.39,22.63,99.52,68.31
1991-09-03,2.44,32.29,23.17,97.71,64.35
1991-09-04,5.26,31.43,23.17,98.39,70.21
1991-09-05,1.05,32.85,22.64,98.37,65.13
1991-09-06,0.06,33.39,24.1,98.08,65.47
1991-09-07,1.16,32.04,23.05,96.77,67.88
1991-09-08,4.65,29.43,22.86,98.57,76.49
1991-09-09,12.61,32.44,23.16,98.76,67.4
1991-09-10,0.23,32.99,22.86,98.65,66.76
1991-09-11,11.01,30.13,22.54,98.79,72.71
1991-09-12,0.0,34.08,22.5,98.48,57.52
1991-09-13,2.81,34.73,24.04,95.21,57.93
1991-09-14,0.19,32.86,22.99,96.52,64.19
1991-09-15,0.0,32.85,23.36,98.34,65.65
1991-09-16,0.0,33.33,23.61,98.54,61.23
1991-09-17,0.05,34.98,23.77,90.52,53.33
1991-09-18,0.31,35.25,23.94,92.29,53.39
1991-09-19,10.33,32.77,22.79,95.56,65.99
1991-09-20,11.11,33.48,23.07,94.77,60.66
1991-09-21,0.26,33.41,23.02,97.77,61.67
1991-09-22,0.0,34.52,24.2,94.96,57.24
1991-09-23,0.0,36.26,25.17,86.98,47.05
1991-09-24,0.05,35.2,25.2,86.16,51.51
1991-09-25,0.49,34.27,24.73,92.08,59.36
1991-09-26,21.98,35.1,25.07,92.76,58.63
1991-09-27,0.05,32.05,22.31,98.03,62.27
1991-09-28,0.0,34.82,23.88,92.49,50.03
1991-09-29,0.0,36.4,23.96,85.78,41.66
1991-09-30,0.0,36.08,24.61,81.83,46.79
1991-10-01,0.0,35.76,24.9,94.02,56.31
1991-10-02,0.71,35.88,24.6,98.23,54.71
1991-10-03,0.0,35.86,22.92,94.0,45.87
1991-10-04,0.0,36.78,23.77,91.15,38.5
1991-10-05,3.38,35.29,24.23,88.78,50.52
1991-10-06,2.17,32.53,23.09,97.97,64.15
1991-10-07,5.62,29.86,23.0,97.96,74.2
1991-10-08,20.94,30.67,22.56,98.6,72.76
1991-10-09,7.95,31.78,21.42,99.46,69.82
1991-10-10,0.02,32.77,21.63,98.56,62.0
1991-10-11,0.0,32.13,23.53,98.61,67.58
1991-10-12,0.02,33.51,22.6,98.84,65.5
1991-10-13,0.0,34.29,22.37,97.84,54.01
1991-10-14,0.0,35.09,22.94,92.6,44.77
1991-10-15,0.0,36.06,23.31,88.69,44.49
1991-10-16,0.52,37.07,24.23,90.71,41.01
1991-10-17,0.0,35.44,22.86,85.79,38.84
1991-10-18,1.08,35.16,21.64,79.15,38.39
1991-10-19,1.87,32.48,22.74,91.94,59.84
1991-10-20,0.0,35.33,23.14,97.53,52.56
1991-10-21,0.0,37.58,23.01,95.15,27.04
1991-10-22,2.02,36.53,22.85,77.79,34.69
1991-10-23,0.0,36.25,22.43,95.12,38.4
1991-10-24,0.01,36.05,21.92,83.86,33.84
1991-10-25,0.04,36.09,21.93,80.5,32.34
1991-10-26,0.0,37.14,21.96,78.9,30.16
1991-10-27,0.01,37.42,22.02,81.43,33.4
1991-10-28,0.0,37.61,22.35,84.79,36.17
1991-10-29,0.0,37.59,23.03,94.24,33.26
1991-10-30,0.0,38.7,22.44,86.59,19.75
1991-10-31,0.0,38.3,22.01,70.01,23.74
1991-11-01,0.0,37.51,20.96,88.97,36.9
1991-11-02,0.0,38.63,20.73,92.24,29.81
1991-11-03,0.0,39.59,20.74,82.97,25.1
1991-11-04,0.0,38.92,21.31,90.19,24.24
1991-11-05,0.0,38.99,20.33,73.72,21.58
1991-11-06,0.0,38.1,20.21,90.09,32.02
1991-11-07,0.0,39.64,21.08,84.45,24.36
1991-11-08,0.0,40.04,21.44,75.38,18.18
1991-11-09,0.0,38.83,19.66,58.73,16.57
1991-11-10,0.0,38.18,18.53,62.2,22.96
1991-11-11,0.0,37.99,19.29,74.12,22.38
1991-11-12,0.0,38.21,17.64,65.96,15.64
1991-11-13,0.0,37.43,18.03,57.38,15.94
1991-11-14,0.0,35.78,18.34,56.69,17.19
1991-11-15,0.0,36.97,17.06,56.49,16.37
1991-11-16,0.0,35.2,16.95,53.34,17.67
1991-11-17,0.0,34.44,19.67,48.4,18.63
1991-11-18,0.0,36.84,17.84,57.74,17.04
1991-11-19,0.0,37.75,19.21,57.51,15.88
1991-11-20,0.11,36.43,20.49,50.06,17.52
1991-11-21,0.0,37.68,18.37,54.56,18.16
1991-11-22,0.0,38.39,18.23,65.71,16.97
1991-11-23,0.0,38.29,17.63,54.87,15.38
1991-11-24,0.0,38.19,18.91,50.91,15.86
1991-11-25,0.0,37.62,19.56,55.68,18.55
1991-11-26,0.0,37.98,20.53,40.25,15.13
1991-11-27,0.0,36.97,20.58,47.73,18.35
1991-11-28,0.0,35.7,17.64,62.32,21.44
1991-11-29,0.0,35.92,18.98,61.7,22.05
1991-11-30,0.0,34.97,19.65,56.97,22.5
1991-12-01,0.0,37.48,16.02,60.16,18.11
1991-12-02,0.0,38.24,16.81,61.6,18.07
1991-12-03,0.0,38.01,16.88,60.98,20.89
1991-12-04,0.06,37.02,18.47,63.07,20.34
1991-12-05,0.0,33.51,19.86,67.6,33.93
1991-12-06,0.0,33.16,19.77,92.52,55.41
1991-12-07,0.0,33.5,20.13,94.55,62.57
1991-12-08,0.0,35.25,20.24,93.2,43.76
1991-12-09,0.0,35.34,18.86,92.15,31.88
1991-12-10,0.0,35.34,18.24,78.42,25.91
1991-12-11,0.0,35.47,18.19,79.1,28.91
1991-12-12,0.0,35.86,17.27,72.18,24.15
1991-12-13,0.0,37.99,17.96,62.49,18.73
1991-12-14,0.03,37.7,19.67,40.82,17.61
1991-12-15,0.0,37.42,19.05,40.59,17.64
1991-12-16,0.0,37.43,18.33,44.96,15.05
1991-12-17,0.01,34.39,18.21,42.64,18.08
1991-12-18,0.0,34.66,17.18,49.19,20.0
1991-12-19,0.0,35.48,15.67,53.55,19.27
1991-12-20,0.0,35.88,18.78,48.72,17.2
1991-12-21,0.01,33.51,19.02,40.55,19.2
1991-12-22,0.0,35.6,18.78,41.44,16.87
1991-12-23,0.0,36.5,16.42,44.97,15.51
1991-12-24,0.0,35.99,16.91,36.98,12.26
1991-12-25,0.0,34.93,14.91,34.65,12.25
1991-12-26,0.0,34.57,13.28,39.42,12.25
1991-12-27,0.0,35.09,15.01,36.12,12.75
1991-12-28,0.0,34.7,16.52,41.76,16.32
1991-12-29,0.0,35.09,17.4,43.19,18.9
1991-12-30,0.0,34.05,18.38,42.44,17.51
1991-12-31,0.0,34.95,18.66,34.31,14.95
1992-01-01,0.0,33.05,16.56,43.18,14.35
1992-01-02,0.0,36.38,15.73,38.5,12.68
1992-01-03,0.0,36.58,18.48,35.73,14.6
1992-01-04,0.0,36.61,17.43,41.2,14.89
1992-01-05,0.0,36.23,18.62,32.05,13.38
1992-01-06,0.01,36.73,17.94,32.84,11.67
1992-01-07,0.05,33.44,18.31,23.21,10.03
1992-01-08,0.07,34.41,15.93,35.19,13.9
1992-01-09,0.03,34.5,17.0,41.81,14.62
1992-01-10,0.0,36.03,15.38,45.61,12.8
1992-01-11,0.0,36.17,14.35,47.84,13.27
1992-01-12,0.0,35.85,14.89,46.72,14.52
1992-01-13,0.0,34.18,19.7,48.2,17.49
1992-01-14,0.0,36.19,18.16,34.11,15.04
1992-01-15,0.09,35.89,16.49,47.47,16.0
1992-01-16,0.0,35.88,16.27,43.61,15.59
1992-01-17,0.0,36.47,14.49,49.06,14.21
1992-01-18,0.0,35.75,15.79,49.47,18.28
1992-01-19,0.0,35.51,15.82,68.17,20.63
1992-01-20,0.0,31.87,16.28,83.67,32.64
1992-01-21,0.0,32.58,15.85,91.19,32.81
1992-01-22,0.0,32.94,15.5,67.07,27.39
1992-01-23,0.0,34.54,15.13,51.22,25.98
1992-01-24,0.0,37.12,17.41,71.49,33.56
1992-01-25,0.0,38.26,20.08,65.84,24.17
1992-01-26,0.0,37.36,20.78,55.33,26.25
1992-01-27,0.0,36.6,20.12,54.72,24.15
1992-01-28,0.0,36.45,20.34,50.81,23.79
1992-01-29,0.0,37.21,20.71,67.46,25.45
1992-01-30,0.0,36.72,20.01,85.04,35.12
1992-01-31,0.0,36.44,20.02,80.54,36.51
1992-02-01,0.0,34.13,19.38,76.18,33.78
1992-02-02,0.16,32.23,18.02,85.67,37.68
1992-02-03,0.0,33.05,19.51,68.31,38.75
1992-02-04,0.0,35.12,19.08,76.31,36.58
1992-02-05,0.0,36.09,19.83,65.79,31.92
1992-02-06,0.0,35.73,19.22,60.61,27.27
1992-02-07,0.0,37.28,18.5,51.61,22.74
1992-02-08,0.0,38.2,20.34,46.1,22.74
1992-02-09,0.0,37.11,20.79,38.95,18.43
1992-02-10,0.0,36.95,20.25,42.65,20.29
1992-02-11,0.0,35.01,21.92,43.48,21.87
1992-02-12,0.36,27.89,18.43,93.37,37.08
1992-02-13,0.03,29.42,16.58,95.6,50.0
1992-02-14,0.18,28.96,18.19,90.3,39.64
1992-02-15,0.0,38.81,19.95,62.35,17.18
1992-02-16,0.0,40.13,19.88,50.32,12.63
1992-02-17,0.0,39.96,20.34,40.53,9.33
1992-02-18,0.0,40.19,18.72,41.54,9.55
1992-02-19,0.0,40.59,18.47,42.08,11.64
1992-02-20,0.0,40.98,18.78,59.91,9.84
1992-02-21,0.0,39.52,18.17,70.37,12.64
1992-02-22,0.0,39.09,17.95,80.32,19.04
1992-02-23,0.0,38.2,18.97,72.44,17.62
1992-02-24,0.0,37.79,18.52,59.06,18.53
1992-02-25,0.0,39.39,18.49,54.51,15.17
1992-02-26,0.0,39.61,19.65,42.7,15.15
1992-02-27,0.0,38.75,19.13,49.24,16.09
1992-02-28,0.0,36.82,18.88,57.38,15.6
1992-02-29,0.0,32.68,17.52,58.73,20.0
1992-03-01,0.0,34.3,16.31,55.53,17.12
1992-03-02,0.0,36.5,18.31,45.99,17.78
1992-03-03,0.0,36.93,18.98,42.72,18.49
1992-03-04,0.0,37.06,19.44,42.28,18.7
1992-03-05,0.0,37.94,19.61,37.63,16.89
1992-03-06,0.0,39.01,19.28,33.48,13.62
1992-03-07,0.0,39.86,18.77,35.06,13.31
1992-03-08,0.0,40.33,20.32,34.19,13.35
1992-03-09,0.0,40.2,22.07,33.46,15.34
1992-03-10,0.0,40.1,20.97,35.03,14.0
1992-03-11,0.0,39.75,20.57,35.23,13.9
1992-03-12,0.0,37.75,22.01,28.78,13.86
1992-03-13,0.0,37.04,20.0,33.57,14.7
1992-03-14,0.0,36.67,21.98,26.71,13.55
1992-03-15,0.02,35.09,22.91,22.52,12.58
1992-03-16,0.0,36.03,22.61,23.43,9.76
1992-03-17,0.0,37.01,22.53,21.31,9.81
1992-03-18,0.0,36.53,21.75,23.22,8.15
1992-03-19,0.0,38.77,20.15,35.34,9.61
1992-03-20,0.0,39.04,17.68,47.02,11.55
1992-03-21,0.0,39.54,18.96,35.26,11.12
1992-03-22,0.0,38.37,21.71,23.6,9.91
1992-03-23,0.0,38.37,20.66,25.81,12.76
1992-03-24,0.0,39.09,20.05,30.26,12.15
1992-03-25,0.0,39.52,21.06,31.17,12.05
1992-03-26,0.0,40.77,21.82,38.41,13.0
1992-03-27,0.0,40.26,22.32,52.91,16.39
1992-03-28,0.0,41.57,24.16,35.05,14.12
1992-03-29,0.0,42.2,22.75,38.97,13.43
1992-03-30,0.0,43.23,23.53,36.03,14.19
1992-03-31,0.0,40.0,21.6,50.5,18.65
1992-04-01,0.0,39.26,20.79,59.46,20.4
1992-04-02,0.01,38.96,22.22,52.49,22.25
1992-04-03,0.0,41.12,22.43,53.09,21.49
1992-04-04,0.0,41.4,23.59,42.58,16.32
1992-04-05,0.0,38.33,23.55,39.75,17.17
1992-04-06,0.0,38.18,21.89,43.0,18.44
1992-04-07,0.0,39.16,22.52,33.0,16.01
1992-04-08,0.0,40.39,22.4,26.89,12.92
1992-04-09,0.0,39.41,20.87,35.0,14.92
1992-04-10,0.0,38.44,20.18,60.43,21.19
1992-04-11,0.0,38.2,19.75,69.86,24.66
1992-04-12,0.0,40.04,20.76,64.12,20.16
1992-04-13,0.0,42.47,21.9,56.33,16.4
1992-04-14,0.0,43.23,24.87,37.65,15.99
1992-04-15,0.01,42.83,25.82,41.11,10.92
1992-04-16,0.0,41.98,23.95,23.96,10.15
1992-04-17,0.0,42.72,22.63,37.82,11.01
1992-04-18,0.0,42.71,21.85,56.11,13.94
1992-04-19,0.0,42.53,22.92,49.76,13.15
1992-04-20,0.0,42.84,23.28,49.68,11.29
1992-04-21,0.0,40.41,22.37,56.26,17.55
1992-04-22,0.0,39.4,21.32,56.52,18.3
1992-04-23,0.0,38.81,21.08,64.89,18.93
1992-04-24,0.0,38.71,20.71,71.08,19.77
1992-04-25,0.0,42.65,22.4,55.71,13.67
1992-04-26,0.0,45.1,24.58,36.93,12.45
1992-04-27,0.0,43.64,24.96,51.23,12.22
1992-04-28,0.0,42.03,23.14,57.58,15.97
1992-04-29,0.01,39.11,22.19,70.4,21.54
1992-04-30,0.0,39.41,21.37,71.38,18.88
1992-05-01,0.0,38.11,21.25,64.48,18.89
1992-05-02,0.0,37.73,21.52,73.5,23.52
1992-05-03,0.02,39.21,22.11,67.03,20.31
1992-05-04,0.0,39.35,24.2,53.13,17.76
1992-05-05,0.0,40.72,24.7,40.54,15.18
1992-05-06,0.0,39.35,25.07,39.38,15.94
1992-05-07,0.0,43.05,27.27,33.53,14.75
1992-05-08,0.0,42.91,27.1,57.84,16.95
1992-05-09,0.0,42.82,25.31,66.53,18.02
1992-05-10,0.0,43.43,24.71,67.86,19.24
1992-05-11,0.0,40.16,24.3,69.45,22.39
1992-05-12,0.0,41.32,22.77,73.17,17.62
1992-05-13,0.0,41.53,22.41,73.47,19.41
1992-05-14,0.0,39.77,23.24,78.77,27.2
1992-05-15,0.0,40.06,22.53,83.93,26.24
1992-05-16,0.0,38.69,22.56,82.12,30.93
1992-05-17,0.0,38.86,23.39,80.53,31.96
1992-05-18,7.21,38.66,24.8,81.45,37.97
1992-05-19,0.0,36.43,23.23,88.96,45.87
1992-05-20,0.0,38.85,24.81,73.39,30.66
1992-05-21,0.0,40.43,24.27,69.05,25.94
1992-05-22,0.0,40.12,22.86,76.78,24.16
1992-05-23,0.0,40.9,23.77,68.05,22.78
1992-05-24,0.13,39.96,24.6,57.88,26.17
1992-05-25,0.01,39.25,24.43,76.08,33.28
1992-05-26,0.02,35.79,23.93,82.93,45.62
1992-05-27,0.11,37.26,24.5,88.34,44.48
1992-05-28,0.0,38.97,24.6,81.95,25.72
1992-05-29,1.81,40.77,26.61,55.76,21.03
1992-05-30,6.07,39.78,27.08,74.96,34.54
1992-05-31,1.03,34.55,22.45,98.24,55.64
1992-06-01,0.0,38.21,24.78,86.96,33.38
1992-06-02,0.0,41.44,25.8,67.78,23.76
1992-06-03,0.28,38.16,26.17,81.49,36.4
1992-06-04,0.0,38.14,24.39,89.65,36.09
1992-06-05,0.0,39.98,25.41,73.82,25.58
1992-06-06,7.11,39.31,25.59,71.84,33.72
1992-06-07,27.54,36.87,25.72,89.76,47.7
1992-06-08,4.18,34.0,23.27,98.06,58.1
1992-06-09,1.31,35.73,23.76,97.6,52.9
1992-06-10,0.0,35.58,22.76,97.02,50.66
1992-06-11,0.0,36.63,24.04,87.81,38.46
1992-06-12,0.0,37.41,24.08,86.52,38.8
1992-06-13,0.29,36.17,24.58,85.96,45.87
1992-06-14,0.0,36.49,24.42,83.14,33.44
1992-06-15,0.0,37.41,23.98,76.21,30.88
1992-06-16,0.06,37.13,25.19,72.25,31.11
1992-06-17,0.18,38.32,25.45,73.63,36.56
1992-06-18,0.0,38.1,25.13,79.16,33.05
1992-06-19,0.0,38.44,25.43,78.82,36.27
1992-06-20,0.64,38.82,25.72,83.08,37.5
1992-06-21,0.18,36.57,24.48,91.74,45.1
1992-06-22,0.02,37.53,24.42,89.74,36.87
1992-06-23,0.0,38.58,24.47,78.17,30.77
1992-06-24,0.0,36.84,24.83,86.79,40.88
1992-06-25,0.0,37.01,25.28,81.39,39.96
1992-06-26,0.6,36.68,25.49,80.16,41.46
1992-06-27,2.36,35.88,25.23,82.88,44.66
1992-06-28,0.02,36.98,23.78,94.24,45.12
1992-06-29,0.76,35.8,24.97,93.31,56.28
1992-06-30,0.16,35.68,23.8,93.34,49.63
1992-07-01,0.02,36.0,22.33,93.73,45.11
1992-07-02,0.0,35.16,24.89,88.9,53.68
1992-07-03,0.08,37.0,25.63,88.39,41.05
1992-07-04,0.0,36.19,23.84,80.31,38.06
1992-07-05,0.0,36.69,23.61,77.22,39.27
1992-07-06,0.0,35.65,24.91,79.74,42.42
1992-07-07,0.0,36.61,24.45,80.05,39.26
1992-07-08,0.1,35.51,24.91,80.8,44.82
1992-07-09,4.87,34.76,24.95,91.21,52.02
1992-07-10,8.31,31.5,22.3,96.42,60.84
1992-07-11,1.14,33.43,24.13,91.44,56.01
1992-07-12,0.11,34.2,23.9,93.54,52.59
1992-07-13,0.0,35.32,24.69,90.3,46.55
1992-07-14,3.16,35.03,23.82,82.14,48.18
1992-07-15,4.54,33.97,23.98,91.11,55.85
1992-07-16,28.57,30.91,23.46,96.61,66.29
1992-07-17,0.18,31.21,21.78,98.67,65.71
1992-07-18,0.0,32.9,23.65,98.0,59.82
1992-07-19,0.0,34.0,23.91,94.6,53.77
1992-07-20,0.0,34.04,24.21,88.33,51.11
1992-07-21,3.08,35.1,23.85,84.13,48.55
1992-07-22,17.2,33.63,23.99,95.13,55.54
1992-07-23,1.99,32.58,23.33,97.8,59.93
1992-07-24,1.45,32.57,23.96,90.22,57.73
1992-07-25,8.74,33.13,24.3,92.87,54.84
1992-07-26,0.51,31.8,23.32,96.6,63.13
1992-07-27,0.63,33.45,23.32,94.87,55.97
1992-07-28,14.28,32.45,24.27,96.92,63.11
1992-07-29,0.0,32.35,22.82,98.96,63.49
1992-07-30,0.0,33.75,24.2,97.48,57.9
1992-07-31,0.08,34.38,24.52,90.13,54.81
1992-08-01,2.23,33.86,24.28,86.89,55.0
1992-08-02,16.06,32.24,24.17,95.58,65.51
1992-08-03,0.97,32.51,23.72,96.48,62.65
1992-08-04,0.0,32.46,24.16,94.16,64.02
1992-08-05,0.0,34.77,24.25,91.44,51.7
1992-08-06,0.05,33.29,24.41,85.05,54.77
1992-08-07,10.03,32.3,24.14,97.12,61.97
1992-08-08,0.0,33.54,23.9,94.32,56.52
1992-08-09,0.02,34.47,23.99,89.72,55.23
1992-08-10,0.04,33.52,24.52,97.71,63.03
1992-08-11,6.24,33.0,23.86,98.5,61.83
1992-08-12,0.31,32.2,23.48,94.95,66.26
1992-08-13,15.87,32.85,23.86,97.84,62.52
1992-08-14,0.0,32.71,22.36,98.18,60.59
1992-08-15,1.85,33.01,24.33,95.41,62.3
1992-08-16,11.72,33.93,24.35,94.13,55.89
1992-08-17,8.21,30.95,23.28,97.82,72.3
1992-08-18,8.05,32.67,23.53,97.3,63.24
1992-08-19,4.82,30.85,23.15,97.9,70.76
1992-08-20,0.07,32.48,23.62,93.52,65.06
1992-08-21,0.0,34.54,24.21,95.18,58.91
1992-08-22,0.0,34.55,24.32,92.22,57.08
1992-08-23,2.43,33.64,25.19,94.41,61.1
1992-08-24,7.21,34.09,24.97,93.03,57.85
1992-08-25,10.17,29.57,23.5,98.76,75.38
1992-08-26,7.86,29.89,23.3,98.5,72.38
1992-08-27,20.22,33.02,23.04,97.54,61.79
1992-08-28,6.36,31.21,22.63,98.74,69.82
1992-08-29,5.76,31.94,23.02,97.69,67.8
1992-08-30,26.25,30.8,22.84,98.05,72.07
1992-08-31,15.32,30.68,23.14,99.4,72.68
1992-09-01,37.57,32.28,22.73,99.64,66.3
1992-09-02,2.12,31.39,22.46,99.69,68.46
1992-09-03,2.88,33.36,22.88,95.72,61.66
1992-09-04,7.83,32.84,23.97,94.87,64.65
1992-09-05,7.07,31.96,22.35,97.11,61.34
1992-09-06,2.19,33.57,24.07,90.11,60.14
1992-09-07,12.02,33.7,24.12,94.71,60.13
1992-09-08,3.21,31.84,22.55,95.86,67.28
1992-09-09,0.0,31.86,22.71,98.86,63.24
1992-09-10,7.86,32.75,22.67,99.47,62.55
1992-09-11,3.94,32.08,22.28,97.91,62.84
1992-09-12,3.7,34.03,23.58,91.42,58.03
1992-09-13,0.08,32.57,23.27,97.84,65.12
1992-09-14,0.03,33.06,23.31,98.92,63.2
1992-09-15,0.02,34.41,23.5,98.37,53.11
1992-09-16,1.14,34.22,23.69,88.2,54.7
1992-09-17,4.95,31.34,22.92,94.87,69.07
1992-09-18,2.11,31.39,22.51,99.25,67.55
1992-09-19,0.29,32.63,22.84,98.8,64.86
1992-09-20,4.23,34.13,23.21,99.04,59.28
1992-09-21,3.35,32.58,22.08,97.68,64.59
1992-09-22,0.38,33.37,23.15,97.76,61.72
1992-09-23,0.72,34.51,22.26,96.68,53.12
1992-09-24,0.87,34.53,24.09,93.37,54.17
1992-09-25,0.65,31.92,22.18,95.32,65.5
1992-09-26,0.0,35.26,22.83,95.13,49.76
1992-09-27,0.0,34.42,24.46,92.24,55.21
1992-09-28,0.0,35.17,24.01,92.77,51.89
1992-09-29,0.56,34.95,24.15,90.26,51.97
1992-09-30,0.0,34.76,23.1,89.62,51.44
1992-10-01,16.18,34.67,23.17,98.99,60.61
1992-10-02,22.11,33.21,22.27,98.9,61.11
1992-10-03,0.14,31.6,21.45,98.86,68.79
1992-10-04,0.0,34.33,22.9,97.99,57.14
1992-10-05,0.0,34.86,23.49,96.52,51.35
1992-10-06,0.9,34.52,23.22,93.3,53.33
1992-10-07,6.9,34.76,23.73,95.31,57.7
1992-10-08,0.0,35.5,22.62,94.82,40.95
1992-10-09,0.0,36.59,22.85,85.6,31.92
1992-10-10,0.0,37.28,22.39,73.84,32.16
1992-10-11,0.0,37.01,21.95,76.6,32.17
1992-10-12,0.0,35.82,22.56,87.69,38.12
1992-10-13,0.0,36.65,22.51,90.36,36.35
1992-10-14,0.09,36.77,23.43,84.05,38.59
1992-10-15,0.0,36.8,23.49,83.3,38.23
1992-10-16,0.0,36.39,22.97,89.07,38.83
1992-10-17,0.0,37.33,22.43,80.98,33.22
1992-10-18,0.0,37.93,23.67,81.79,34.48
1992-10-19,0.15,37.4,23.55,90.41,40.1
1992-10-20,0.0,38.88,23.72,82.15,31.97
1992-10-21,0.0,39.04,23.56,88.17,30.25
1992-10-22,0.0,37.14,23.99,94.7,41.62
1992-10-23,0.0,37.38,24.03,95.8,33.66
1992-10-24,0.0,35.3,22.15,76.44,27.86
1992-10-25,0.0,36.17,20.63,61.72,26.42
1992-10-26,0.31,37.17,23.1,76.02,32.68
1992-10-27,0.0,35.53,24.2,84.1,47.09
1992-10-28,0.0,38.29,23.43,84.21,25.87
1992-10-29,0.0,38.64,22.65,72.09,24.5
1992-10-30,0.0,38.19,21.75,83.7,24.88
1992-10-31,0.0,36.62,20.55,73.43,28.86
1992-11-01,0.0,37.7,19.8,86.96,27.78
1992-11-02,0.01,36.47,20.87,93.19,33.87
1992-11-03,0.08,37.92,20.91,92.43,29.41
1992-11-04,0.02,38.26,20.6,81.29,22.55
1992-11-05,0.07,37.17,19.89,88.95,31.97
1992-11-06,0.0,35.72,19.97,66.27,17.36
1992-11-07,0.0,36.47,16.98,61.94,16.85
1992-11-08,0.0,36.09,17.4,53.93,18.4
1992-11-09,0.03,35.76,18.06,57.47,21.48
1992-11-10,0.0,35.68,18.46,67.07,25.55
1992-11-11,0.01,34.47,20.75,86.6,40.55
1992-11-12,0.0,36.23,21.38,92.57,33.97
1992-11-13,0.0,36.24,20.47,83.89,38.55
1992-11-14,0.0,35.72,21.37,98.18,31.7
1992-11-15,0.0,37.14,21.2,81.14,19.48
1992-11-16,0.0,37.38,18.66,49.24,17.61
1992-11-17,0.0,36.91,18.3,56.25,20.53
1992-11-18,0.0,37.63,17.74,68.12,19.51
1992-11-19,0.0,34.0,19.25,47.35,18.68
1992-11-20,0.0,34.3,17.16,50.19,19.49
1992-11-21,0.0,35.92,15.89,54.15,18.91
1992-11-22,0.0,37.05,18.09,56.31,17.08
1992-11-23,0.0,36.42,19.97,52.4,15.59
1992-11-24,0.0,36.78,19.11,46.58,16.87
1992-11-25,0.0,36.19,16.79,53.78,16.9
1992-11-26,0.0,36.57,17.01,55.54,17.36
1992-11-27,0.0,36.99,18.11,52.1,19.03
1992-11-28,0.0,36.53,18.49,52.97,15.7
1992-11-29,0.0,34.46,17.41,42.78,18.43
1992-11-30,0.0,35.65,16.61,46.75,16.17
1992-12-01,0.0,35.51,14.45,48.56,16.34
1992-12-02,0.0,36.29,14.49,54.44,15.94
1992-12-03,0.0,35.73,15.04,46.08,14.41
1992-12-04,0.0,36.08,14.06,47.32,14.01
1992-12-05,0.0,36.21,15.95,48.46,16.28
1992-12-06,0.0,36.49,14.98,45.26,16.26
1992-12-07,0.0,36.39,14.45,49.78,16.44
1992-12-08,0.0,35.07,14.62,54.15,16.89
1992-12-09,0.0,36.06,14.94,50.8,17.26
1992-12-10,0.0,36.84,15.14,50.47,14.98
1992-12-11,0.0,35.29,15.26,46.93,15.38
1992-12-12,0.0,32.53,18.71,50.44,21.68
1992-12-13,0.0,35.75,16.63,64.78,19.57
1992-12-14,0.0,35.54,20.42,50.74,21.37
1992-12-15,0.0,39.62,19.36,44.85,12.85
1992-12-16,0.0,39.48,17.26,47.66,12.26
1992-12-17,0.0,39.29,15.79,56.55,13.1
1992-12-18,0.0,39.01,15.74,54.99,14.42
1992-12-19,0.0,37.93,15.81,56.51,18.93
1992-12-20,0.0,38.0,16.52,86.36,17.66
1992-12-21,0.0,37.72,16.6,50.25,14.75
1992-12-22,0.0,37.73,16.21,51.66,15.36
1992-12-23,0.0,36.26,16.68,47.63,16.73
1992-12-24,0.0,33.84,14.7,68.26,22.98
1992-12-25,0.0,33.54,16.07,55.78,22.43
1992-12-26,0.0,36.62,16.05,57.26,18.76
1992-12-27,0.0,36.13,16.71,48.89,17.0
1992-12-28,0.0,35.67,17.88,47.53,16.17
1992-12-29,0.0,35.96,18.43,45.39,17.48
1992-12-30,0.0,35.73,18.15,50.04,20.73
1992-12-31,0.0,35.6,17.97,55.27,22.82
1993-01-01,0.0,35.22,19.9,58.76,25.06
1993-01-02,0.03,34.68,20.71,56.82,25.86
1993-01-03,0.01,35.35,18.77,59.75,26.19
1993-01-04,0.0,33.75,20.3,48.2,24.73
1993-01-05,0.0,32.98,20.72,35.72,19.16
1993-01-06,0.0,33.16,18.61,25.6,14.58
1993-01-07,0.0,30.27,17.29,21.97,12.58
1993-01-08,0.0,31.02,15.93,22.76,13.68
1993-01-09,0.0,31.37,18.43,28.44,15.14
1993-01-10,0.0,32.33,18.22,25.1,12.29
1993-01-11,0.0,33.66,16.76,31.12,13.31
1993-01-12,0.0,34.21,15.75,33.83,16.66
1993-01-13,0.0,34.4,15.82,38.71,16.92
1993-01-14,0.0,35.64,16.69,38.43,14.69
1993-01-15,0.0,36.16,16.71,39.96,15.8
1993-01-16,0.0,36.35,16.71,37.8,13.71
1993-01-17,0.0,36.91,16.03,38.59,12.56
1993-01-18,0.0,36.99,15.39,40.76,14.21
1993-01-19,0.0,36.44,15.3,47.59,19.19
1993-01-20,0.0,34.72,16.42,60.53,18.12
1993-01-21,0.0,35.37,16.93,49.84,19.87
1993-01-22,0.0,38.06,17.79,42.7,16.14
1993-01-23,0.0,38.58,18.13,41.16,14.41
1993-01-24,0.0,38.14,17.02,52.38,18.54
1993-01-25,0.0,39.14,17.7,55.42,14.59
1993-01-26,0.0,39.03,18.51,37.11,15.17
1993-01-27,0.0,36.1,18.78,37.38,17.14
1993-01-28,0.0,33.53,17.45,34.67,18.42
1993-01-29,0.0,33.3,14.24,39.85,19.52
1993-01-30,0.0,34.28,12.78,45.8,18.44
1993-01-31,0.0,34.28,13.55,50.4,18.33
1993-02-01,0.0,34.52,16.36,40.18,19.22
1993-02-02,0.0,30.4,18.52,69.31,25.72
1993-02-03,0.0,32.89,14.16,85.65,37.57
1993-02-04,0.0,32.72,17.14,56.04,32.77
1993-02-05,0.0,35.31,16.95,51.55,25.44
1993-02-06,0.0,34.82,18.09,48.51,25.04
1993-02-07,0.01,35.1,18.31,46.63,24.01
1993-02-08,0.0,35.79,20.62,46.09,18.95
1993-02-09,0.0,40.15,21.55,32.87,8.98
1993-02-10,0.0,40.22,21.22,26.22,9.04
1993-02-11,0.0,40.56,19.34,35.57,10.41
1993-02-12,0.0,40.48,20.3,30.68,11.68
1993-02-13,0.0,39.69,21.1,33.82,14.35
1993-02-14,0.0,38.57,18.82,45.76,15.32
1993-02-15,0.0,38.77,18.61,35.43,15.69
1993-02-16,0.0,38.35,17.85,41.18,16.88
1993-02-17,0.0,38.96,18.06,43.01,15.98
1993-02-18,0.0,40.01,18.77,39.57,15.24
1993-02-19,0.0,38.87,18.33,54.44,18.96
1993-02-20,0.0,38.76,18.54,59.07,19.79
1993-02-21,0.0,37.5,19.96,63.3,20.48
1993-02-22,0.0,33.16,17.5,69.65,27.65
1993-02-23,0.0,32.38,15.91,80.28,27.66
1993-02-24,0.0,35.02,15.69,60.98,22.39
1993-02-25,0.0,38.62,16.94,46.05,17.3
1993-02-26,0.0,39.8,19.08,43.35,16.59
1993-02-27,0.0,39.94,19.22,39.97,15.46
1993-02-28,0.0,38.37,18.64,39.65,17.28
1993-03-01,0.0,35.76,17.54,56.12,20.33
1993-03-02,0.0,37.59,17.36,60.07,20.73
1993-03-03,0.0,36.12,18.84,73.33,27.86
1993-03-04,0.0,35.88,19.73,67.94,26.69
1993-03-05,0.0,38.58,20.85,45.85,21.0
1993-03-06,0.0,39.79,22.13,47.27,17.8
1993-03-07,0.0,40.41,21.39,48.39,15.11
1993-03-08,0.0,38.82,20.79,49.77,18.13
1993-03-09,0.0,39.47,19.56,45.99,16.17
1993-03-10,0.0,38.54,19.62,44.66,15.71
1993-03-11,0.0,38.23,19.35,43.09,15.64
1993-03-12,0.0,39.77,19.06,40.91,14.09
1993-03-13,0.0,41.39,20.06,36.88,13.15
1993-03-14,0.01,41.44,20.62,33.67,12.12
1993-03-15,0.0,40.42,20.75,51.59,13.74
1993-03-16,0.0,35.95,20.55,59.36,24.29
1993-03-17,0.03,38.46,22.48,58.17,25.35
1993-03-18,0.0,38.13,22.14,53.47,28.71
1993-03-19,0.0,41.87,22.98,53.77,12.51
1993-03-20,0.0,41.08,23.06,53.82,17.15
1993-03-21,0.0,40.29,21.83,71.37,17.64
1993-03-22,0.0,41.27,20.28,74.69,10.78
1993-03-23,0.0,41.02,19.3,58.41,9.7
1993-03-24,0.0,42.25,20.0,37.07,9.37
1993-03-25,0.0,41.47,19.82,65.01,15.63
1993-03-26,0.0,40.0,20.32,81.18,24.17
1993-03-27,0.0,42.08,19.78,80.87,13.08
1993-03-28,0.0,42.84,20.82,50.43,12.21
1993-03-29,0.0,41.09,20.8,46.22,14.81
1993-03-30,0.0,39.4,20.85,57.09,18.32
1993-03-31,0.0,40.06,19.92,53.74,16.38
1993-04-01,0.0,40.89,21.14,49.94,15.05
1993-04-02,0.0,40.55,20.93,54.78,15.48
1993-04-03,0.0,41.17,24.21,42.98,13.85
1993-04-04,0.0,40.22,22.62,56.18,15.98
1993-04-05,0.0,40.44,22.33,62.33,16.91
1993-04-06,0.0,43.24,22.3,52.83,12.32
1993-04-07,0.0,42.99,23.16,47.71,14.28
1993-04-08,0.0,42.07,23.32,69.52,21.23
1993-04-09,0.0,43.41,23.65,68.89,10.57
1993-04-10,0.0,42.53,23.38,69.12,14.7
1993-04-11,0.0,41.79,22.49,80.07,18.95
1993-04-12,0.0,40.32,22.87,71.15,21.9
1993-04-13,0.0,39.19,22.02,67.84,19.89
1993-04-14,0.0,38.36,20.38,66.38,20.74
1993-04-15,0.0,41.18,22.62,64.58,19.71
1993-04-16,0.0,43.21,23.71,58.88,16.63
1993-04-17,0.0,43.42,24.6,46.32,17.4
1993-04-18,0.0,42.66,24.61,43.11,16.84
1993-04-19,0.0,42.24,23.16,42.15,11.12
1993-04-20,0.0,40.86,22.26,48.11,14.72
1993-04-21,0.0,39.67,21.02,64.35,20.82
1993-04-22,0.0,37.48,20.98,67.01,23.55
1993-04-23,0.0,38.07,20.93,64.46,23.02
1993-04-24,0.0,39.92,21.25,62.13,19.67
1993-04-25,0.0,42.39,22.49,56.39,16.2
1993-04-26,0.0,41.96,23.32,43.17,14.55
1993-04-27,0.0,41.98,22.06,54.64,15.8
1993-04-28,0.0,41.97,22.72,48.65,18.67
1993-04-29,0.0,41.12,22.41,58.64,21.19
1993-04-30,0.0,42.2,24.83,59.15,24.64
1993-05-01,0.0,42.48,26.31,62.01,21.5
1993-05-02,0.0,40.64,27.77,48.02,21.17
1993-05-03,0.0,41.12,27.33,51.19,23.51
1993-05-04,0.0,40.13,26.29,52.62,25.99
1993-05-05,0.0,41.36,25.53,43.56,18.26
1993-05-06,0.0,43.64,27.04,35.47,14.45
1993-05-07,0.0,44.29,26.13,44.17,12.08
1993-05-08,0.0,40.71,25.02,61.25,20.68
1993-05-09,0.0,40.74,23.33,57.32,21.04
1993-05-10,0.0,42.47,23.76,50.17,17.31
1993-05-11,0.0,42.64,23.64,56.36,16.46
1993-05-12,0.0,42.93,25.43,56.69,19.14
1993-05-13,0.0,39.69,24.5,72.57,29.02
1993-05-14,0.0,40.26,23.72,74.17,28.63
1993-05-15,0.01,39.09,23.8,82.48,33.22
1993-05-16,0.03,41.78,24.56,72.0,23.75
1993-05-17,0.0,40.38,25.66,65.99,25.63
1993-05-18,0.0,39.3,23.92,76.36,30.85
1993-05-19,0.0,39.56,23.41,81.17,31.06
1993-05-20,0.0,39.19,23.59,83.98,32.24
1993-05-21,0.0,41.19,23.65,80.4,20.72
1993-05-22,0.0,41.98,24.72,68.91,23.33
1993-05-23,0.0,39.34,24.53,76.2,26.87
1993-05-24,0.0,39.69,23.92,67.82,24.0
1993-05-25,0.19,38.83,22.41,78.33,24.11
1993-05-26,0.0,40.3,22.17,75.84,21.99
1993-05-27,0.0,43.9,23.3,63.96,15.34
1993-05-28,0.57,41.83,25.45,70.42,24.15
1993-05-29,0.0,43.07,24.94,77.66,19.61
1993-05-30,0.0,44.2,24.7,71.89,16.51
1993-05-31,0.0,42.27,24.5,73.01,20.12
1993-06-01,0.0,39.42,24.41,75.21,25.96
1993-06-02,0.0,40.22,24.29,74.14,24.95
1993-06-03,0.0,39.36,24.34,73.46,27.74
1993-06-04,0.0,38.05,24.27,76.98,33.8
1993-06-05,0.0,38.4,24.6,78.62,33.36
1993-06-06,6.59,37.03,25.35,76.72,40.31
1993-06-07,0.0,37.62,24.58,80.12,34.81
1993-06-08,0.0,39.14,25.17,75.24,25.89
1993-06-09,0.0,39.56,24.84,65.22,23.91
1993-06-10,0.0,38.84,25.67,72.82,31.31
1993-06-11,0.0,41.99,25.79,73.63,22.73
1993-06-12,0.06,39.31,26.18,76.45,33.53
1993-06-13,0.0,38.93,26.22,76.97,33.33
1993-06-14,0.08,38.91,24.47,72.01,26.18
1993-06-15,0.0,37.46,23.59,74.47,30.95
1993-06-16,0.0,39.19,24.5,77.76,32.11
1993-06-17,0.81,39.42,25.85,80.1,32.8
1993-06-18,0.64,39.77,26.15,72.5,33.0
1993-06-19,0.01,37.42,25.7,79.3,43.27
1993-06-20,0.06,37.11,24.85,86.45,45.61
1993-06-21,0.0,37.81,24.91,81.22,36.92
1993-06-22,0.0,36.81,23.87,85.89,41.36
1993-06-23,0.06,38.11,24.76,87.58,39.61
1993-06-24,5.47,39.29,25.75,88.74,39.34
1993-06-25,1.0,37.28,24.99,83.27,37.49
1993-06-26,0.9,39.25,25.02,77.39,32.93
1993-06-27,0.89,37.64,24.23,85.48,41.06
1993-06-28,2.12,37.26,25.74,90.15,46.88
1993-06-29,4.55,35.69,23.75,94.9,48.9
1993-06-30,0.24,35.8,23.88,95.43,47.39
1993-07-01,4.74,38.69,26.33,77.3,34.93
1993-07-02,0.16,37.47,24.92,76.28,39.54
1993-07-03,1.24,37.16,25.61,84.79,42.2
1993-07-04,0.56,39.37,25.36,75.95,29.35
1993-07-05,0.02,39.55,24.55,72.31,29.7
1993-07-06,0.0,38.57,26.66,74.99,39.68
1993-07-07,13.51,37.4,26.78,84.06,44.85
1993-07-08,0.14,36.75,24.39,87.02,46.17
1993-07-09,4.46,34.6,24.68,94.9,53.88
1993-07-10,0.41,36.21,24.13,91.2,45.7
1993-07-11,0.14,35.92,24.56,82.3,44.02
1993-07-12,0.41,35.92,24.18,83.99,46.77
1993-07-13,5.37,37.9,25.93,84.05,42.8
1993-07-14,0.0,37.25,24.61,83.44,42.9
1993-07-15,0.0,35.81,25.06,85.03,43.83
1993-07-16,1.84,35.33,24.28,80.29,47.32
1993-07-17,28.9,34.69,24.94,94.45,54.38
1993-07-18,0.21,32.53,23.06,98.06,63.93
1993-07-19,0.0,33.69,24.29,95.54,57.85
1993-07-20,0.9,34.27,24.89,93.01,54.99
1993-07-21,12.03,34.01,25.43,90.96,56.77
1993-07-22,0.47,34.16,22.49,95.23,53.92
1993-07-23,25.6,33.7,23.7,97.08,57.93
1993-07-24,32.43,31.8,23.1,98.3,69.79
1993-07-25,17.46,30.51,22.19,98.65,70.01
1993-07-26,1.1,32.57,23.44,98.71,60.73
1993-07-27,11.92,31.51,22.43,97.21,65.41
1993-07-28,1.6,31.54,24.46,94.52,68.62
1993-07-29,13.89,33.2,23.31,92.79,59.51
1993-07-30,0.27,34.26,22.98,95.53,53.62
1993-07-31,15.17,30.9,23.54,97.82,72.15
1993-08-01,0.0,33.19,23.78,98.55,63.52
1993-08-02,0.07,33.48,24.0,96.31,60.01
1993-08-03,2.61,34.31,24.18,91.02,57.9
1993-08-04,18.19,34.19,24.51,92.36,58.35
1993-08-05,9.97,32.57,24.33,96.2,63.4
1993-08-06,0.05,32.6,23.31,98.54,61.58
1993-08-07,0.3,33.65,24.82,94.03,62.45
1993-08-08,8.05,35.04,25.13,96.21,57.33
1993-08-09,0.48,33.62,23.84,94.4,59.65
1993-08-10,29.5,34.1,25.13,96.91,58.78
1993-08-11,0.72,32.7,22.22,97.89,64.23
1993-08-12,22.77,30.68,23.97,98.34,70.6
1993-08-13,0.0,33.13,23.1,98.25,61.7
1993-08-14,0.0,33.48,24.32,96.43,59.08
1993-08-15,11.33,33.49,24.46,91.09,58.22
1993-08-16,29.77,29.86,23.3,98.29,78.34
1993-08-17,9.6,32.75,23.04,98.44,64.07
1993-08-18,0.0,33.18,22.43,96.39,61.74
1993-08-19,0.05,33.72,24.3,95.62,61.77
1993-08-20,38.65,31.29,23.97,99.42,76.12
1993-08-21,0.38,32.5,23.22,99.27,63.94
1993-08-22,0.59,32.77,23.63,98.28,63.64
1993-08-23,0.7,32.38,23.69,98.49,66.66
1993-08-24,6.64,33.28,24.48,96.73,59.73
1993-08-25,4.35,30.43,23.51,98.45,74.71
1993-08-26,9.94,32.02,23.25,98.17,63.76
1993-08-27,16.3,32.53,23.22,99.27,62.47
1993-08-28,2.05,32.28,23.12,99.24,65.91
1993-08-29,0.13,30.92,22.73,98.73,72.18
1993-08-30,0.0,32.92,24.13,98.76,63.92
1993-08-31,12.61,33.81,22.68,98.28,60.54
1993-09-01,2.87,31.17,22.58,98.97,71.99
1993-09-02,36.05,31.29,23.17,99.48,70.87
1993-09-03,3.87,30.77,22.61,99.49,70.57
1993-09-04,0.09,31.0,22.92,98.84,69.35
1993-09-05,3.54,33.01,22.48,99.21,61.63
1993-09-06,1.03,33.55,23.54,91.09,61.08
1993-09-07,3.53,31.84,24.19,96.34,70.89
1993-09-08,0.06,32.76,23.07,99.75,63.78
1993-09-09,2.37,32.37,23.46,96.87,68.37
1993-09-10,10.38,33.16,22.82,98.19,62.49
1993-09-11,0.08,33.49,22.09,95.69,57.11
1993-09-12,1.84,33.58,23.54,95.97,61.7
1993-09-13,0.0,33.97,23.36,96.93,60.73
1993-09-14,0.0,33.83,23.85,98.34,62.45
1993-09-15,8.54,33.4,23.74,98.22,63.78
1993-09-16,2.21,33.67,23.12,97.88,59.9
1993-09-17,0.0,35.48,22.99,95.11,47.55
1993-09-18,0.0,36.09,24.96,85.22,52.6
1993-09-19,0.11,34.99,24.52,94.61,57.6
1993-09-20,1.9,32.83,24.32,96.79,65.51
1993-09-21,8.84,34.41,23.54,91.94,57.25
1993-09-22,19.95,31.31,23.22,98.44,71.59
1993-09-23,9.69,32.71,22.46,98.57,63.72
1993-09-24,3.74,33.42,22.06,98.03,59.56
1993-09-25,1.05,35.09,23.81,91.42,50.29
1993-09-26,5.85,31.46,23.28,92.24,64.39
1993-09-27,0.29,33.99,23.42,97.01,58.83
1993-09-28,0.0,34.54,23.24,96.93,46.86
1993-09-29,0.0,35.79,24.21,74.37,43.9
1993-09-30,0.0,35.34,24.01,87.87,44.9
1993-10-01,0.0,36.68,23.0,88.6,38.6
1993-10-02,0.92,36.13,24.43,83.31,48.49
1993-10-03,14.35,35.47,23.35,98.95,55.97
1993-10-04,0.0,35.93,22.99,96.34,51.79
1993-10-05,0.0,36.51,23.97,91.11,46.74
1993-10-06,0.0,35.67,24.31,96.49,55.03
1993-10-07,0.0,34.98,23.76,95.24,59.06
1993-10-08,0.04,35.84,23.85,97.56,50.3
1993-10-09,0.0,37.45,22.91,87.99,39.05
1993-10-10,0.05,37.61,24.58,83.74,40.5
1993-10-11,12.15,36.66,24.75,82.74,48.57
1993-10-12,0.0,34.74,23.08,94.28,55.95
1993-10-13,0.0,35.75,23.98,95.32,49.62
1993-10-14,0.4,35.69,23.65,91.18,46.18
1993-10-15,0.0,35.8,23.11,91.28,47.35
1993-10-16,0.0,35.65,23.58,92.7,52.07
1993-10-17,0.0,37.05,23.9,92.94,40.95
1993-10-18,0.0,35.93,23.55,90.99,46.84
1993-10-19,0.0,34.88,23.2,98.41,56.59
1993-10-20,0.19,36.99,23.31,93.22,40.97
1993-10-21,0.0,37.92,23.52,79.83,29.77
1993-10-22,0.05,37.91,22.74,70.41,26.32
1993-10-23,0.0,35.93,21.33,73.82,29.16
1993-10-24,0.1,34.05,20.2,80.17,38.95
1993-10-25,0.0,35.56,21.17,80.3,37.74
1993-10-26,2.44,35.04,22.37,76.69,37.88
1993-10-27,6.18,34.2,22.55,80.3,41.73
1993-10-28,0.0,34.26,22.65,84.55,51.19
1993-10-29,0.0,33.49,23.57,86.65,55.76
1993-10-30,0.06,33.74,22.36,84.41,50.38
1993-10-31,0.0,35.25,22.68,82.9,43.86
1993-11-01,0.05,35.79,20.15,82.47,37.34
1993-11-02,0.0,37.85,21.32,72.0,32.59
1993-11-03,0.0,36.47,21.35,78.39,38.96
1993-11-04,0.0,37.17,20.94,91.0,36.7
1993-11-05,0.01,37.16,21.4,86.98,37.01
1993-11-06,0.07,36.43,20.95,92.88,38.83
1993-11-07,0.0,36.66,20.48,90.5,39.18
1993-11-08,0.6,37.57,21.4,91.8,38.76
1993-11-09,0.0,37.1,20.2,77.3,27.67
1993-11-10,0.0,37.75,19.48,69.31,26.16
1993-11-11,0.0,35.97,19.08,66.22,25.2
1993-11-12,0.0,34.67,18.06,58.31,23.85
1993-11-13,0.0,33.52,16.49,56.84,22.75
1993-11-14,0.0,35.03,15.45,73.33,25.54
1993-11-15,0.0,35.95,16.96,68.0,24.85
1993-11-16,0.0,37.66,17.75,61.7,20.63
1993-11-17,0.0,38.56,18.37,56.56,19.28
1993-11-18,0.0,36.95,18.53,61.99,22.44
1993-11-19,0.0,36.07,17.97,64.73,24.01
1993-11-20,0.0,36.62,17.71,63.63,22.21
1993-11-21,0.01,36.65,18.62,72.09,24.44
1993-11-22,0.0,36.73,20.47,62.98,21.75
1993-11-23,0.0,35.63,18.87,64.15,26.96
1993-11-24,0.0,32.85,19.04,73.75,34.07
1993-11-25,0.0,33.16,17.35,67.23,30.88
1993-11-26,0.0,35.52,17.75,59.96,25.15
1993-11-27,0.0,35.82,18.95,54.43,24.06
1993-11-28,0.0,35.75,19.03,49.72,21.71
1993-11-29,0.0,33.86,18.73,40.55,18.65
1993-11-30,0.0,32.87,16.08,39.04,14.86
1993-12-01,0.0,33.45,12.89,47.79,16.43
1993-12-02,0.0,34.17,13.46,52.97,18.09
1993-12-03,0.0,35.14,13.08,55.11,18.49
1993-12-04,0.0,35.2,15.56,54.93,19.78
1993-12-05,0.0,34.65,16.91,41.77,16.43
1993-12-06,0.0,35.77,16.06,41.46,13.74
1993-12-07,0.0,35.77,15.45,42.26,14.31
1993-12-08,0.0,36.48,15.14,49.39,16.43
1993-12-09,0.0,37.77,16.22,52.09,15.59
1993-12-10,0.0,35.62,16.83,61.24,18.52
1993-12-11,0.0,37.09,16.84,56.49,19.36
1993-12-12,0.0,39.13,17.22,52.56,16.22
1993-12-13,0.0,38.29,16.54,48.24,16.62
1993-12-14,0.0,37.54,15.85,51.69,16.35
1993-12-15,0.0,37.08,15.53,50.4,15.39
1993-12-16,0.01,35.14,15.63,53.9,20.18
1993-12-17,0.01,33.9,15.49,52.9,21.76
1993-12-18,0.01,33.78,16.77,45.7,20.32
1993-12-19,0.0,34.09,16.84,43.85,16.71
1993-12-20,0.01,32.51,15.1,43.39,15.4
1993-12-21,0.0,34.47,15.89,48.64,17.14
1993-12-22,0.0,35.2,18.38,39.63,15.82
1993-12-23,0.0,36.16,17.51,46.69,18.07
1993-12-24,0.0,36.94,16.38,54.41,18.45
1993-12-25,0.0,36.64,17.34,50.64,16.7
1993-12-26,0.0,35.78,18.75,39.2,17.51
1993-12-27,0.0,34.49,16.41,41.74,17.68
1993-12-28,0.0,34.61,15.99,42.3,16.56
1993-12-29,0.0,34.25,15.2,36.75,14.88
1993-12-30,0.0,32.6,16.66,33.75,15.47
1993-12-31,0.0,31.92,14.19,39.33,18.11
1994-01-01,0.0,32.67,14.33,40.31,17.5
1994-01-02,0.0,32.19,16.46,38.41,20.07
1994-01-03,0.0,33.06,14.81,42.21,19.4
1994-01-04,0.0,33.57,13.53,47.74,18.66
1994-01-05,0.0,32.97,13.13,46.57,17.52
1994-01-06,0.0,31.97,13.04,44.79,17.23
1994-01-07,0.0,32.38,12.13,47.25,15.65
1994-01-08,0.0,32.78,13.27,43.68,16.1
1994-01-09,0.0,34.38,14.28,49.51,19.96
1994-01-10,0.0,34.31,15.49,52.82,21.31
1994-01-11,0.0,31.6,14.24,40.77,18.46
1994-01-12,0.0,33.84,14.25,42.56,18.12
1994-01-13,0.0,36.04,14.79,43.6,18.3
1994-01-14,0.0,36.61,15.74,40.0,14.61
1994-01-15,0.0,34.89,14.77,39.42,14.59
1994-01-16,0.0,33.99,14.71,38.81,15.6
1994-01-17,0.0,32.56,12.55,43.71,12.35
1994-01-18,0.0,30.08,12.81,68.69,23.28
1994-01-19,0.0,28.65,13.68,54.91,23.64
1994-01-20,0.0,28.55,12.39,49.0,22.01
1994-01-21,0.0,29.92,12.69,49.54,20.71
1994-01-22,0.0,30.59,13.7,50.76,21.34
1994-01-23,0.0,31.57,15.03,43.17,20.74
1994-01-24,0.0,33.36,14.16,40.14,18.58
1994-01-25,0.0,30.59,17.23,32.72,20.94
1994-01-26,0.0,31.66,14.7,38.54,19.72
1994-01-27,0.0,33.97,13.85,44.37,18.31
1994-01-28,0.0,34.45,18.21,37.8,19.75
1994-01-29,0.0,36.16,17.22,40.54,17.71
1994-01-30,0.0,36.5,18.61,34.61,14.89
1994-01-31,0.0,35.27,17.64,29.03,13.23
1994-02-01,0.0,34.36,17.14,24.74,14.16
1994-02-02,0.0,35.72,16.14,32.96,15.39
1994-02-03,0.0,35.15,15.72,35.49,9.0
1994-02-04,0.0,34.38,15.44,27.66,10.6
1994-02-05,0.0,35.0,15.48,30.4,10.44
1994-02-06,0.0,34.84,14.53,49.26,15.82
1994-02-07,0.0,36.36,14.01,46.36,13.54
1994-02-08,0.0,35.54,15.5,36.24,12.0
1994-02-09,0.0,35.94,15.2,34.47,11.73
1994-02-10,0.0,36.47,16.3,29.5,10.97
1994-02-11,0.0,36.45,16.95,33.59,11.98
1994-02-12,0.0,36.04,16.46,36.43,10.25
1994-02-13,0.0,36.48,16.58,32.15,9.18
1994-02-14,0.0,38.18,16.69,34.61,9.88
1994-02-15,0.0,39.16,19.05,31.35,9.83
1994-02-16,0.0,38.87,17.76,32.17,8.7
1994-02-17,0.0,37.03,18.79,25.79,9.45
1994-02-18,0.0,36.58,18.44,35.33,15.42
1994-02-19,0.0,37.33,16.91,39.2,14.55
1994-02-20,0.0,38.02,17.71,36.64,13.02
1994-02-21,0.0,40.17,17.84,35.83,11.72
1994-02-22,0.0,40.86,18.24,28.9,11.14
1994-02-23,0.0,40.47,18.81,33.16,10.91
1994-02-24,0.0,40.08,18.04,47.4,11.4
1994-02-25,0.0,39.85,17.75,40.52,8.04
1994-02-26,0.0,39.89,19.78,31.72,11.12
1994-02-27,0.0,37.71,20.08,33.53,14.61
1994-02-28,0.0,38.59,17.71,49.15,13.34
1994-03-01,0.0,38.39,19.41,43.64,14.99
1994-03-02,0.0,35.07,20.92,38.38,15.66
1994-03-03,0.0,37.27,17.74,42.46,14.89
1994-03-04,0.0,38.05,17.11,40.13,12.44
1994-03-05,0.0,38.41,18.1,33.21,11.31
1994-03-06,0.0,38.32,18.63,38.2,12.33
1994-03-07,0.0,36.44,20.22,38.61,14.27
1994-03-08,0.0,35.88,19.89,50.66,22.99
1994-03-09,0.0,35.67,20.02,70.73,32.73
1994-03-10,0.0,38.56,19.61,61.68,25.92
1994-03-11,0.0,40.75,22.92,44.31,19.56
1994-03-12,0.0,41.39,23.5,34.21,17.75
1994-03-13,0.0,39.8,21.71,37.34,13.94
1994-03-14,0.0,35.18,19.55,38.88,15.45
1994-03-15,0.0,36.21,16.94,53.61,16.88
1994-03-16,0.0,39.78,17.46,44.82,12.54
1994-03-17,0.0,41.33,19.99,34.96,11.62
1994-03-18,0.0,41.9,22.16,32.6,10.44
1994-03-19,0.0,42.23,23.75,26.19,11.45
1994-03-20,0.0,41.61,22.31,34.23,11.17
1994-03-21,0.0,40.57,21.76,32.67,11.61
1994-03-22,0.0,40.27,19.52,41.84,10.77
1994-03-23,0.0,40.71,18.64,52.31,10.77
1994-03-24,0.0,40.5,20.13,55.48,12.33
1994-03-25,0.0,42.86,21.67,47.47,10.84
1994-03-26,0.0,42.01,23.13,36.92,15.47
1994-03-27,0.0,41.9,23.72,51.22,18.48
1994-03-28,0.0,42.43,22.89,65.52,18.02
1994-03-29,0.0,43.32,21.88,45.06,12.58
1994-03-30,0.0,42.36,21.31,45.24,14.58
1994-03-31,0.0,43.54,23.38,39.7,13.26
1994-04-01,0.0,44.15,22.6,49.87,12.74
1994-04-02,0.0,42.34,24.47,50.92,11.86
1994-04-03,0.0,41.37,22.18,35.58,11.5
1994-04-04,0.0,41.54,20.53,57.94,13.44
1994-04-05,0.0,40.33,24.28,32.84,10.4
1994-04-06,0.0,39.97,21.74,22.34,10.12
1994-04-07,0.0,41.23,19.84,31.25,10.43
1994-04-08,0.0,42.1,21.01,32.68,11.05
1994-04-09,0.0,42.0,20.89,42.5,12.28
1994-04-10,0.0,42.5,21.92,38.8,11.27
1994-04-11,0.0,41.51,22.14,43.35,11.95
1994-04-12,0.0,39.18,20.92,57.89,21.4
1994-04-13,0.0,38.01,19.35,76.86,23.56
1994-04-14,0.0,37.87,19.17,71.71,21.94
1994-04-15,0.0,37.79,19.69,60.22,21.41
1994-04-16,0.0,39.34,20.81,59.26,19.4
1994-04-17,0.0,39.65,20.08,53.64,16.96
1994-04-18,0.0,39.77,20.77,55.26,18.81
1994-04-19,0.0,39.71,21.14,59.9,20.06
1994-04-20,0.0,38.38,20.95,67.38,22.09
1994-04-21,0.0,41.15,20.78,67.05,17.95
1994-04-22,0.0,43.8,22.6,44.52,12.13
1994-04-23,0.0,42.79,23.34,47.95,12.56
1994-04-24,0.0,44.81,23.99,46.39,8.63
1994-04-25,0.0,42.1,26.88,55.41,12.16
1994-04-26,0.0,44.17,25.81,49.91,12.87
1994-04-27,0.0,41.82,24.56,60.97,18.59
1994-04-28,0.0,39.75,23.0,67.06,22.1
1994-04-29,0.0,38.99,22.11,66.89,24.18
1994-04-30,0.0,38.7,21.48,74.39,24.92
1994-05-01,0.0,41.53,22.18,67.52,14.5
1994-05-02,0.0,42.94,22.57,60.12,10.43
1994-05-03,0.0,41.66,22.29,56.63,15.83
1994-05-04,0.0,42.11,22.16,62.33,10.07
1994-05-05,0.0,42.07,22.87,40.5,10.02
1994-05-06,0.0,41.3,21.12,61.0,13.82
1994-05-07,0.0,39.83,21.06,68.25,19.83
1994-05-08,0.0,39.64,21.32,72.24,22.66
1994-05-09,0.0,41.9,22.44,59.84,17.64
1994-05-10,0.0,42.68,23.97,49.07,17.26
1994-05-11,0.0,40.76,22.72,54.97,19.25
1994-05-12,0.0,37.78,21.9,67.35,25.28
1994-05-13,0.0,38.66,22.0,69.77,28.56
1994-05-14,0.0,38.2,23.51,63.26,28.16
1994-05-15,0.0,40.55,23.17,58.0,19.58
1994-05-16,0.0,42.67,23.23,52.89,14.55
1994-05-17,0.0,43.49,25.04,45.91,16.47
1994-05-18,0.0,41.81,25.94,58.38,23.76
1994-05-19,0.0,42.53,25.91,63.46,20.15
1994-05-20,0.0,42.39,24.16,63.06,18.24
1994-05-21,0.0,39.66,24.16,78.94,30.19
1994-05-22,0.02,42.61,24.2,74.05,18.26
1994-05-23,0.0,41.19,23.34,76.85,24.31
1994-05-24,0.0,40.73,24.77,74.06,28.02
1994-05-25,0.0,40.01,23.81,76.08,27.34
1994-05-26,0.0,38.89,22.89,72.22,28.08
1994-05-27,0.0,38.34,22.81,85.07,30.28
1994-05-28,0.0,38.09,23.29,83.5,38.44
1994-05-29,0.08,38.46,24.23,77.93,35.79
1994-05-30,0.0,39.28,24.86,81.14,34.6
1994-05-31,0.0,40.81,25.1,72.51,26.03
1994-06-01,0.0,41.54,25.73,55.9,21.47
1994-06-02,0.0,39.33,25.63,71.0,32.31
1994-06-03,0.0,38.49,25.22,76.61,34.12
1994-06-04,3.61,38.86,25.03,79.12,34.99
1994-06-05,0.06,36.31,23.93,81.5,41.82
1994-06-06,3.84,37.43,24.37,83.98,37.77
1994-06-07,0.0,37.74,24.26,75.62,31.73
1994-06-08,0.0,37.73,24.18,70.35,33.87
1994-06-09,0.01,37.75,23.17,73.79,30.1
1994-06-10,0.01,38.25,23.22,72.71,29.3
1994-06-11,1.03,38.92,24.87,69.39,33.16
1994-06-12,0.0,37.69,25.15,80.56,40.24
1994-06-13,0.68,38.75,24.78,86.6,36.91
1994-06-14,2.57,39.51,24.44,88.55,34.22
1994-06-15,0.0,39.06,24.92,78.8,28.27
1994-06-16,0.0,37.76,25.2,85.49,41.56
1994-06-17,1.35,35.43,24.35,90.93,48.83
1994-06-18,0.0,38.13,24.15,84.79,33.23
1994-06-19,0.32,38.37,25.32,79.03,37.9
1994-06-20,11.73,37.32,25.76,88.5,51.09
1994-06-21,1.19,36.82,23.61,95.65,41.62
1994-06-22,0.46,35.37,23.86,89.77,44.67
1994-06-23,1.05,35.89,23.53,92.2,42.72
1994-06-24,3.33,34.82,24.04,90.36,50.53
1994-06-25,3.64,35.15,23.65,94.12,50.57
1994-06-26,0.0,36.61,23.29,90.53,42.41
1994-06-27,0.13,37.21,24.9,79.8,38.43
1994-06-28,0.0,36.05,24.76,82.62,38.12
1994-06-29,0.0,37.01,25.02,79.91,39.68
1994-06-30,0.0,36.77,24.96,87.63,44.09
1994-07-01,0.0,36.63,25.21,82.23,43.61
1994-07-02,0.0,36.24,25.25,81.68,43.24
1994-07-03,1.61,35.65,24.5,77.91,44.07
1994-07-04,18.17,36.43,24.13,79.4,43.31
1994-07-05,1.71,35.26,23.34,89.93,46.81
1994-07-06,27.29,36.81,24.52,80.4,38.53
1994-07-07,0.02,34.01,22.83,77.21,50.25
1994-07-08,0.01,35.15,24.67,87.44,49.13
1994-07-09,15.05,34.28,25.42,94.05,55.56
1994-07-10,0.69,33.7,23.36,95.63,57.08
1994-07-11,5.15,31.41,24.23,95.84,65.3
1994-07-12,1.41,34.06,23.89,95.54,57.05
1994-07-13,0.0,35.6,25.14,89.64,47.86
1994-07-14,0.05,34.79,24.37,78.97,46.88
1994-07-15,0.0,34.73,24.51,85.62,51.53
1994-07-16,0.0,35.5,25.35,88.12,48.79
1994-07-17,0.0,35.58,24.96,80.17,42.16
1994-07-18,1.28,35.74,23.73,80.02,44.8
1994-07-19,0.04,35.44,24.77,85.71,50.34
1994-07-20,0.33,33.62,24.36,95.86,60.36
1994-07-21,0.94,34.61,23.24,90.14,43.66
1994-07-22,8.45,34.65,24.64,85.17,50.64
1994-07-23,32.21,32.58,24.65,96.71,65.97
1994-07-24,20.27,31.14,22.86,99.26,67.48
1994-07-25,3.09,31.28,22.61,99.73,66.49
1994-07-26,0.0,33.48,23.59,95.14,59.18
1994-07-27,0.98,33.35,24.57,93.36,60.18
1994-07-28,24.47,31.07,24.32,96.65,67.46
1994-07-29,12.01,33.17,23.49,95.07,58.53
1994-07-30,1.22,33.06,24.36,94.08,57.83
1994-07-31,0.16,35.4,24.98,91.32,52.96
1994-08-01,0.0,36.14,24.65,90.32,52.08
1994-08-02,0.09,35.08,25.01,89.09,53.07
1994-08-03,0.05,34.76,24.62,85.89,50.29
1994-08-04,0.05,35.25,24.6,86.69,52.37
1994-08-05,0.86,32.75,24.45,95.19,63.64
1994-08-06,9.7,33.62,23.71,95.57,66.02
1994-08-07,21.6,31.4,22.63,98.52,67.56
1994-08-08,13.85,29.9,23.34,99.93,74.63
1994-08-09,22.42,28.54,23.35,99.52,82.12
1994-08-10,27.19,30.24,23.45,99.24,73.65
1994-08-11,11.34,31.45,23.13,98.69,67.71
1994-08-12,12.22,29.97,23.27,99.15,73.19
1994-08-13,11.34,31.65,23.55,99.36,68.8
1994-08-14,28.68,30.41,22.68,99.9,67.88
1994-08-15,23.06,30.04,22.73,99.66,73.76
1994-08-16,22.13,30.82,22.15,98.48,67.78
1994-08-17,2.16,31.65,22.59,99.51,66.43
1994-08-18,11.67,29.03,23.25,99.13,75.63
1994-08-19,0.14,31.99,22.74,99.21,66.06
1994-08-20,0.0,32.7,23.74,93.0,60.08
1994-08-21,0.0,33.03,23.86,88.34,56.97
1994-08-22,0.34,31.71,23.9,92.13,64.61
1994-08-23,0.0,33.8,23.7,95.67,59.73
1994-08-24,33.29,33.32,23.61,98.2,63.95
1994-08-25,17.74,31.5,22.52,97.41,68.6
1994-08-26,0.71,31.42,23.06,98.77,68.87
1994-08-27,0.21,31.78,23.74,98.68,68.66
1994-08-28,0.6,32.73,22.67,97.63,63.61
1994-08-29,15.11,33.56,23.99,97.42,60.01
1994-08-30,0.1,32.39,23.78,97.01,65.99
1994-08-31,4.33,31.34,22.94,92.82,65.88
1994-09-01,13.68,33.18,23.37,92.36,60.72
1994-09-02,4.4,30.32,24.14,97.85,79.09
1994-09-03,18.01,33.1,23.42,99.26,63.62
1994-09-04,0.0,33.59,22.38,98.01,61.26
1994-09-05,0.0,33.72,24.28,93.87,60.72
1994-09-06,0.0,33.62,24.31,91.64,60.5
1994-09-07,0.11,33.6,24.2,94.2,59.09
1994-09-08,0.22,33.31,23.44,89.19,59.59
1994-09-09,24.6,33.66,24.14,93.49,61.3
1994-09-10,2.85,33.54,23.27,95.22,61.23
1994-09-11,0.5,34.05,23.78,92.75,59.58
1994-09-12,7.18,31.53,22.91,95.8,67.76
1994-09-13,2.51,33.89,23.72,94.69,59.78
1994-09-14,5.57,31.41,24.42,94.93,71.28
1994-09-15,18.82,32.34,24.05,97.81,66.38
1994-09-16,0.91,33.52,23.86,96.92,60.52
1994-09-17,0.0,35.26,23.6,94.93,51.11
1994-09-18,3.32,35.43,25.09,87.34,50.71
1994-09-19,0.54,33.28,23.46,86.7,57.6
1994-09-20,7.67,32.1,23.9,95.08,66.65
1994-09-21,1.15,30.62,23.13,96.32,70.34
1994-09-22,0.0,32.18,23.1,94.86,60.41
1994-09-23,0.14,33.34,23.27,89.44,55.39
1994-09-24,5.93,34.28,23.17,83.9,52.3
1994-09-25,9.35,33.0,24.08,87.1,60.46
1994-09-26,2.1,31.6,23.79,95.53,69.93
1994-09-27,8.36,33.74,23.56,93.43,59.45
1994-09-28,11.32,31.97,22.79,98.96,68.65
1994-09-29,4.33,30.61,23.04,98.35,71.75
1994-09-30,9.23,31.18,23.01,99.53,70.85
1994-10-01,0.05,32.69,22.91,98.09,67.2
1994-10-02,0.0,36.02,23.42,97.69,41.93
1994-10-03,0.85,35.65,24.88,71.18,41.16
1994-10-04,0.1,36.03,24.47,78.82,39.44
1994-10-05,24.06,35.95,23.28,79.37,43.75
1994-10-06,0.76,32.28,22.7,91.75,57.41
1994-10-07,3.53,33.33,23.54,95.7,60.87
1994-10-08,0.08,31.84,23.95,96.42,62.07
1994-10-09,0.0,32.35,22.11,92.4,50.63
1994-10-10,0.0,33.37,20.85,77.96,43.8
1994-10-11,0.0,34.69,21.71,80.03,48.29
1994-10-12,0.19,33.63,23.94,96.67,67.55
1994-10-13,0.0,36.35,22.75,97.77,49.23
1994-10-14,0.0,37.46,23.98,84.28,39.73
1994-10-15,0.0,37.4,23.93,81.86,37.4
1994-10-16,0.0,35.77,24.03,98.54,51.89
1994-10-17,0.01,35.64,22.85,97.45,49.82
1994-10-18,0.85,35.55,23.04,94.01,49.99
1994-10-19,0.0,35.7,22.22,95.77,46.87
1994-10-20,0.0,36.81,23.53,86.02,36.56
1994-10-21,0.02,36.04,23.45,83.43,45.9
1994-10-22,4.27,31.65,23.57,96.93,70.82
1994-10-23,9.69,34.02,22.45,98.42,62.01
1994-10-24,0.02,33.71,22.36,99.09,58.48
1994-10-25,0.0,37.09,23.18,77.43,37.17
1994-10-26,0.0,37.57,24.36,74.84,36.89
1994-10-27,0.0,36.07,23.71,90.46,43.69
1994-10-28,0.0,36.16,22.89,86.32,43.17
1994-10-29,0.0,34.41,21.63,79.93,42.85
1994-10-30,0.0,32.64,21.71,88.87,49.49
1994-10-31,0.0,35.39,21.47,85.47,38.84
1994-11-01,0.02,36.91,21.2,75.83,32.39
1994-11-02,0.12,36.12,21.62,74.37,35.39
1994-11-03,0.0,36.53,21.45,67.2,31.05
1994-11-04,0.0,35.54,20.79,71.29,33.17
1994-11-05,0.0,36.95,21.09,75.93,34.76
1994-11-06,0.0,37.01,21.73,74.7,37.7
1994-11-07,0.0,36.98,22.4,79.13,38.99
1994-11-08,0.0,38.65,22.32,75.26,34.23
1994-11-09,0.0,38.26,21.77,88.24,39.69
1994-11-10,0.0,38.45,21.66,96.19,38.22
1994-11-11,0.0,38.49,21.55,95.61,34.37
1994-11-12,0.0,38.75,20.78,94.46,28.17
1994-11-13,0.0,38.15,19.66,90.59,26.9
1994-11-14,0.0,37.51,19.37,89.6,28.58
1994-11-15,0.0,37.88,17.78,67.37,20.82
1994-11-16,0.0,35.74,18.94,60.81,21.63
1994-11-17,0.0,35.55,19.51,64.61,23.46
1994-11-18,0.0,35.6,16.38,64.49,22.05
1994-11-19,0.0,36.72,16.53,67.09,22.94
1994-11-20,0.0,38.13,17.81,73.56,23.54
1994-11-21,0.0,38.38,19.44,63.09,18.0
1994-11-22,0.0,37.11,15.84,59.41,16.23
1994-11-23,0.0,37.53,16.77,60.19,17.44
1994-11-24,0.0,37.32,16.64,57.74,19.03
1994-11-25,0.0,37.32,17.45,58.53,17.94
1994-11-26,0.0,36.29,17.66,59.82,23.06
1994-11-27,0.0,35.77,18.78,80.41,31.0
1994-11-28,0.0,35.78,19.97,91.29,32.69
1994-11-29,0.0,36.12,20.82,86.8,30.11
1994-11-30,0.0,37.09,18.57,68.3,17.4
1994-12-01,0.0,36.57,16.31,57.79,15.93
1994-12-02,0.0,36.89,18.2,47.08,13.75
1994-12-03,0.0,37.46,15.46,45.79,13.8
1994-12-04,0.0,34.64,17.16,47.02,15.46
1994-12-05,0.0,34.75,16.07,44.5,16.94
1994-12-06,0.0,34.5,15.37,51.27,19.27
1994-12-07,0.0,34.27,14.6,47.56,18.52
1994-12-08,0.0,32.86,15.27,39.17,17.12
1994-12-09,0.0,33.67,14.14,45.48,17.82
1994-12-10,0.0,34.3,14.84,43.9,15.46
1994-12-11,0.0,33.38,14.87,46.56,16.06
1994-12-12,0.0,34.53,13.05,54.16,18.6
1994-12-13,0.0,35.77,16.1,54.99,20.01
1994-12-14,0.0,37.35,16.17,54.32,18.51
1994-12-15,0.0,34.84,17.42,46.0,17.42
1994-12-16,0.0,34.53,16.49,40.92,14.57
1994-12-17,0.0,34.79,13.26,43.73,14.99
1994-12-18,0.0,35.43,14.01,44.85,15.44
1994-12-19,0.0,35.82,14.4,43.39,14.49
1994-12-20,0.0,33.97,14.48,45.86,15.26
1994-12-21,0.0,34.05,17.28,43.57,17.52
1994-12-22,0.0,32.18,19.46,51.7,22.47
1994-12-23,0.0,37.06,15.19,64.44,20.61
1994-12-24,0.0,38.58,18.18,63.15,18.54
1994-12-25,0.0,38.17,17.94,46.16,13.75
1994-12-26,0.0,36.09,18.94,45.48,15.93
1994-12-27,0.0,36.13,19.14,36.35,14.94
1994-12-28,0.0,33.18,18.33,35.88,12.43
1994-12-29,0.0,33.35,16.06,31.47,9.4
1994-12-30,0.0,34.67,14.84,29.89,8.51
1994-12-31,0.0,35.37,14.63,34.36,9.16
1995-01-01,0.0,36.53,13.38,40.99,11.37
1995-01-02,0.0,36.97,14.29,43.89,14.76
1995-01-03,0.0,34.77,13.62,43.09,14.55
1995-01-04,0.0,34.06,12.13,46.53,14.85
1995-01-05,0.01,35.21,13.26,48.46,14.87
1995-01-06,0.0,34.07,14.13,44.52,16.65
1995-01-07,0.0,30.27,16.35,45.74,17.78
1995-01-08,0.0,32.1,15.89,50.52,17.49
1995-01-09,0.0,32.91,13.42,42.77,15.14
1995-01-10,0.0,30.84,16.6,37.13,14.74
1995-01-11,0.0,29.32,13.94,31.82,16.2
1995-01-12,0.0,31.94,14.04,39.4,14.67
1995-01-13,0.0,33.5,13.1,41.25,13.7
1995-01-14,0.0,35.31,13.11,40.43,11.37
1995-01-15,0.0,34.82,13.77,36.23,11.12
1995-01-16,0.0,32.08,13.74,36.02,12.14
1995-01-17,0.0,32.25,11.92,32.22,10.99
1995-01-18,0.0,32.97,12.15,30.77,11.07
1995-01-19,0.0,33.19,13.64,30.99,11.93
1995-01-20,0.0,33.49,12.64,34.27,10.89
1995-01-21,0.0,33.92,12.09,34.43,10.55
1995-01-22,0.0,34.74,14.79,32.92,13.21
1995-01-23,0.0,34.85,14.21,35.01,13.53
1995-01-24,0.0,33.65,16.01,33.37,14.88
1995-01-25,0.0,34.09,16.31,32.45,15.58
1995-01-26,0.0,36.72,16.67,32.95,13.08
1995-01-27,0.0,34.94,15.68,33.77,13.7
1995-01-28,0.0,35.06,17.43,29.57,12.63
1995-01-29,0.0,35.13,17.33,28.33,11.97
1995-01-30,0.0,34.0,15.67,28.18,9.63
1995-01-31,0.0,33.66,16.34,26.66,11.12
1995-02-01,0.02,35.25,18.3,29.96,10.73
1995-02-02,0.0,36.07,17.27,35.26,12.53
1995-02-03,0.0,34.47,17.67,44.2,20.1
1995-02-04,0.0,37.36,17.34,47.83,16.5
1995-02-05,0.0,38.55,17.51,45.12,12.76
1995-02-06,0.0,38.48,17.13,38.05,11.98
1995-02-07,0.0,36.32,19.81,34.99,13.85
1995-02-08,0.0,38.08,19.08,39.59,13.28
1995-02-09,0.0,38.71,18.89,35.38,11.92
1995-02-10,0.0,35.19,19.66,27.43,11.59
1995-02-11,0.0,34.25,18.86,42.49,14.21
1995-02-12,0.0,34.21,17.56,41.33,20.05
1995-02-13,0.0,35.87,17.54,39.82,16.83
1995-02-14,0.0,35.67,18.29,34.93,16.61
1995-02-15,0.0,36.87,17.61,36.23,10.85
1995-02-16,0.0,37.88,19.23,28.76,10.9
1995-02-17,0.0,39.76,18.16,35.79,11.37
1995-02-18,0.0,40.55,17.93,41.03,12.41
1995-02-19,0.0,41.11,17.97,55.57,14.37
1995-02-20,0.0,41.02,20.05,48.89,12.72
1995-02-21,0.0,41.24,19.37,59.15,12.09
1995-02-22,0.0,40.8,18.53,57.97,13.84
1995-02-23,0.0,39.51,18.88,67.59,18.48
1995-02-24,0.0,39.78,19.06,52.73,10.72
1995-02-25,0.0,39.81,18.52,31.55,11.97
1995-02-26,0.0,39.02,18.94,35.9,9.61
1995-02-27,0.0,37.49,17.1,57.7,14.88
1995-02-28,0.0,35.84,16.49,71.7,19.82
1995-03-01,0.0,37.33,19.01,48.58,14.86
1995-03-02,0.0,38.58,20.52,25.64,11.48
1995-03-03,0.0,38.7,20.99,24.53,9.54
1995-03-04,0.0,39.56,21.08,25.97,9.59
1995-03-05,0.0,39.23,20.28,29.56,10.79
1995-03-06,0.0,40.36,19.52,30.76,10.79
1995-03-07,0.0,40.68,19.5,31.68,10.41
1995-03-08,0.0,40.99,19.55,33.13,10.42
1995-03-09,0.0,40.59,21.04,32.67,9.53
1995-03-10,0.0,37.59,19.79,53.26,17.24
1995-03-11,0.0,34.47,19.6,50.11,25.75
1995-03-12,0.0,35.52,18.54,60.68,26.81
1995-03-13,0.0,35.64,20.3,57.92,25.7
1995-03-14,0.0,37.68,19.45,60.89,22.22
1995-03-15,0.0,35.97,19.33,58.27,25.55
1995-03-16,0.0,36.85,19.15,62.26,23.02
1995-03-17,0.0,39.4,20.03,46.97,21.3
1995-03-18,0.0,40.78,20.39,47.93,19.15
1995-03-19,0.0,39.63,20.28,55.9,19.93
1995-03-20,0.0,37.78,20.4,63.74,25.52
1995-03-21,0.0,38.44,20.31,64.51,22.31
1995-03-22,0.0,39.48,20.87,56.69,19.25
1995-03-23,0.0,38.95,20.6,61.1,21.12
1995-03-24,0.0,38.38,19.3,71.66,21.29
1995-03-25,0.0,39.87,19.26,71.61,20.3
1995-03-26,0.0,39.02,21.06,67.52,23.43
1995-03-27,0.02,39.62,22.77,56.64,22.85
1995-03-28,0.0,38.92,21.34,68.88,25.24
1995-03-29,0.0,39.59,21.53,59.28,21.27
1995-03-30,0.0,39.05,20.83,58.87,20.36
1995-03-31,0.0,38.93,20.37,58.62,20.02
1995-04-01,0.0,39.62,21.96,55.06,21.91
1995-04-02,0.0,39.33,22.04,56.52,21.26
1995-04-03,0.0,38.72,21.56,56.55,19.42
1995-04-04,0.0,37.87,20.3,55.51,19.2
1995-04-05,0.0,37.36,20.17,58.42,20.58
1995-04-06,0.0,39.18,20.18,60.32,18.96
1995-04-07,0.0,39.87,21.53,58.18,17.94
1995-04-08,0.0,38.17,21.06,58.45,20.03
1995-04-09,0.0,37.72,20.55,59.61,21.02
1995-04-10,0.0,36.31,19.61,62.14,23.44
1995-04-11,0.0,39.16,21.14,51.28,15.72
1995-04-12,0.0,42.33,22.91,35.18,11.91
1995-04-13,0.0,42.71,22.96,39.74,13.93
1995-04-14,0.0,41.23,23.43,43.93,18.44
1995-04-15,0.0,38.82,20.42,56.09,18.89
1995-04-16,0.0,39.17,20.13,56.56,18.91
1995-04-17,0.0,39.47,20.82,62.27,19.69
1995-04-18,0.0,39.45,21.46,66.06,18.01
1995-04-19,0.0,40.31,21.62,51.93,17.09
1995-04-20,0.0,40.1,22.11,48.8,18.21
1995-04-21,0.0,37.3,20.71,56.98,22.06
1995-04-22,0.0,39.9,19.64,61.21,16.09
1995-04-23,0.0,41.55,21.24,38.91,14.07
1995-04-24,0.0,42.8,22.57,34.41,10.18
1995-04-25,0.0,42.41,22.19,37.81,10.9
1995-04-26,0.0,42.38,22.38,42.09,13.32
1995-04-27,0.0,42.82,23.07,44.89,11.84
1995-04-28,0.0,43.68,22.94,58.96,12.57
1995-04-29,0.0,45.02,23.49,45.45,9.83
1995-04-30,0.0,44.81,24.55,35.46,10.95
1995-05-01,0.0,42.53,22.52,61.25,13.18
1995-05-02,0.0,40.72,21.9,70.72,18.13
1995-05-03,0.0,40.64,21.12,72.25,17.18
1995-05-04,0.0,41.26,21.16,59.15,13.53
1995-05-05,0.0,42.07,22.58,53.24,12.03
1995-05-06,0.0,41.6,22.32,64.11,16.23
1995-05-07,0.0,40.04,21.2,70.39,18.31
1995-05-08,0.0,40.35,21.89,76.44,19.81
1995-05-09,0.0,41.29,22.42,67.5,17.31
1995-05-10,0.0,41.03,23.01,69.52,18.12
1995-05-11,0.0,40.02,22.21,72.87,20.07
1995-05-12,0.0,41.35,22.29,70.99,19.57
1995-05-13,0.0,39.77,23.42,79.48,24.69
1995-05-14,0.0,41.35,23.15,78.44,21.39
1995-05-15,0.0,42.73,24.63,69.4,22.49
1995-05-16,0.0,44.07,25.76,73.48,17.84
1995-05-17,0.0,44.08,26.44,70.33,19.13
1995-05-18,0.0,41.16,26.36,80.55,30.86
1995-05-19,0.19,41.79,26.19,73.51,27.33
1995-05-20,1.41,42.71,24.45,72.46,24.59
1995-05-21,0.0,41.52,24.9,80.44,25.13
1995-05-22,0.0,38.86,24.78,73.23,28.02
1995-05-23,0.0,38.41,23.19,73.77,27.18
1995-05-24,0.0,38.87,23.8,76.32,30.83
1995-05-25,0.0,39.85,25.15,72.84,28.11
1995-05-26,0.0,41.62,24.93,73.29,23.51
1995-05-27,0.0,41.24,25.57,78.91,26.9
1995-05-28,0.0,40.46,25.38,82.12,30.1
1995-05-29,0.0,40.18,23.81,78.68,22.24
1995-05-30,0.0,39.1,23.14,78.04,28.28
1995-05-31,0.0,39.07,22.12,76.64,23.15
1995-06-01,0.0,39.73,22.33,69.82,17.35
1995-06-02,0.0,40.35,23.39,70.73,20.03
1995-06-03,0.0,40.52,24.22,72.66,22.34
1995-06-04,0.0,40.07,24.04,68.39,21.5
1995-06-05,0.0,41.7,25.04,61.94,17.72
1995-06-06,0.0,41.76,24.7,54.66,17.02
1995-06-07,0.0,39.51,24.68,70.95,22.2
1995-06-08,0.0,41.2,24.21,68.15,18.69
1995-06-09,0.02,40.91,25.77,62.11,21.89
1995-06-10,0.0,40.77,26.36,69.01,24.74
1995-06-11,0.02,39.11,26.48,75.93,32.89
1995-06-12,0.13,38.49,25.53,80.43,37.7
1995-06-13,0.46,39.06,25.25,80.18,34.43
1995-06-14,0.39,37.24,24.95,83.85,41.37
1995-06-15,0.08,39.28,25.35,88.74,37.11
1995-06-16,0.0,40.32,25.0,86.24,29.43
1995-06-17,0.0,41.1,25.7,81.88,27.38
1995-06-18,0.0,40.73,26.57,81.65,32.39
1995-06-19,0.0,39.9,27.0,82.62,33.58
1995-06-20,0.0,42.08,26.58,74.78,22.77
1995-06-21,0.01,40.93,27.05,76.35,29.92
1995-06-22,0.12,39.12,27.1,89.58,38.43
1995-06-23,12.76,36.66,24.85,96.52,48.86
1995-06-24,0.0,34.14,23.3,97.16,56.03
1995-06-25,0.0,37.13,24.33,94.73,40.24
1995-06-26,0.0,38.55,24.61,86.19,26.97
1995-06-27,6.57,36.56,25.47,84.75,41.59
1995-06-28,18.99,35.89,24.15,89.91,47.18
1995-06-29,0.24,35.81,23.4,93.18,49.95
1995-06-30,0.0,37.26,25.48,84.93,37.93
1995-07-01,0.63,39.85,25.71,76.14,30.53
1995-07-02,0.0,36.81,25.9,81.46,42.4
1995-07-03,0.0,36.99,25.14,83.07,41.17
1995-07-04,0.0,35.62,25.09,92.56,52.49
1995-07-05,1.16,39.07,25.69,79.92,29.44
1995-07-06,0.0,35.48,25.1,86.2,48.34
1995-07-07,5.52,36.45,25.49,92.24,48.65
1995-07-08,0.93,33.28,23.43,95.99,54.18
1995-07-09,0.01,34.91,23.47,83.85,43.71
1995-07-10,0.06,35.44,24.51,87.85,50.57
1995-07-11,17.55,33.4,25.45,97.33,59.42
1995-07-12,3.33,32.84,23.45,97.19,58.82
1995-07-13,17.46,34.36,24.53,96.95,54.11
1995-07-14,0.0,34.45,23.32,97.04,51.89
1995-07-15,0.0,35.08,24.94,88.51,54.97
1995-07-16,0.0,35.04,25.57,91.33,54.69
1995-07-17,0.0,35.1,25.33,89.82,45.86
1995-07-18,2.53,34.88,23.75,85.1,47.13
1995-07-19,31.83,35.98,25.57,80.66,48.34
1995-07-20,0.1,31.83,23.65,98.73,66.96
1995-07-21,3.89,31.68,22.58,97.18,58.93
1995-07-22,2.38,32.76,24.47,95.34,58.93
1995-07-23,2.77,33.32,23.4,93.45,59.93
1995-07-24,0.71,35.0,23.44,93.66,51.79
1995-07-25,0.07,35.66,25.16,93.68,51.59
1995-07-26,17.94,33.99,25.08,95.65,58.2
1995-07-27,17.49,32.19,23.12,98.76,66.62
1995-07-28,0.94,32.19,23.95,98.0,63.72
1995-07-29,28.53,31.91,24.13,99.0,67.08
1995-07-30,2.45,32.2,23.93,98.83,65.09
1995-07-31,1.24,32.98,24.62,98.69,61.95
1995-08-01,9.47,33.09,24.61,95.26,63.97
1995-08-02,2.98,30.75,23.83,97.86,72.6
1995-08-03,0.01,32.3,23.78,97.24,65.14
1995-08-04,0.88,32.97,24.06,98.37,61.95
1995-08-05,8.88,33.35,24.16,92.52,61.11
1995-08-06,0.72,33.38,24.39,93.78,59.52
1995-08-07,0.34,33.72,24.25,92.75,59.96
1995-08-08,0.03,35.55,24.7,92.99,53.61
1995-08-09,0.27,34.4,25.57,85.56,56.5
1995-08-10,1.31,34.6,24.55,91.32,53.91
1995-08-11,13.46,34.04,24.88,93.5,58.16
1995-08-12,13.41,33.94,24.31,96.99,61.97
1995-08-13,12.3,30.6,23.06,98.04,73.11
1995-08-14,12.53,30.54,22.3,98.72,71.03
1995-08-15,17.44,32.67,23.68,98.08,66.21
1995-08-16,8.54,31.26,23.74,98.49,69.86
1995-08-17,2.86,29.35,23.57,97.42,77.54
1995-08-18,3.36,33.06,22.88,99.57,63.5
1995-08-19,22.15,34.29,24.29,96.37,59.71
1995-08-20,6.94,32.77,23.72,98.78,68.0
1995-08-21,9.71,32.83,23.89,98.6,68.25
1995-08-22,9.51,33.08,23.93,98.92,66.13
1995-08-23,11.44,33.1,23.97,98.3,68.26
1995-08-24,8.0,31.19,23.9,97.58,70.83
1995-08-25,15.42,29.66,23.55,98.7,78.68
1995-08-26,0.51,33.08,23.45,99.0,60.97
1995-08-27,0.0,33.11,23.85,90.68,62.43
1995-08-28,24.05,33.02,23.91,98.66,66.19
1995-08-29,1.03,30.54,22.54,98.73,74.22
1995-08-30,0.19,32.39,23.81,98.67,66.75
1995-08-31,0.37,33.0,24.6,97.73,64.74
1995-09-01,1.08,32.52,24.65,99.16,68.32
1995-09-02,2.66,30.29,23.55,98.15,76.27
1995-09-03,0.01,32.82,23.62,99.16,65.75
1995-09-04,0.0,33.13,24.12,97.33,65.65
1995-09-05,0.0,32.86,24.42,97.14,65.06
1995-09-06,0.0,33.32,23.83,98.54,63.93
1995-09-07,21.2,33.15,24.35,98.28,66.65
1995-09-08,1.26,32.28,22.52,98.72,67.76
1995-09-09,0.01,33.68,24.57,95.65,65.46
1995-09-10,25.6,33.07,24.53,98.19,65.96
1995-09-11,2.03,31.08,22.45,98.66,69.58
1995-09-12,0.6,33.37,23.53,98.94,63.03
1995-09-13,0.34,34.06,24.52,98.34,63.29
1995-09-14,0.84,33.3,23.05,97.46,64.27
1995-09-15,2.09,34.5,24.68,96.78,59.11
1995-09-16,2.34,33.94,24.29,98.42,63.01
1995-09-17,3.58,33.53,23.48,97.15,63.38
1995-09-18,2.94,32.71,23.32,94.76,63.81
1995-09-19,15.48,29.84,23.68,98.69,83.67
1995-09-20,3.89,31.25,23.55,98.64,73.66
1995-09-21,3.63,31.76,23.5,98.82,72.77
1995-09-22,8.44,33.86,22.76,97.62,65.67
1995-09-23,1.94,32.7,23.66,98.32,65.1
1995-09-24,0.05,34.06,23.76,98.67,61.94
1995-09-25,0.11,33.22,23.8,97.63,58.08
1995-09-26,0.11,32.9,22.63,90.04,48.05
1995-09-27,0.0,33.31,23.17,89.73,56.39
1995-09-28,5.59,33.66,23.4,91.24,55.73
1995-09-29,0.0,34.03,23.9,91.31,57.43
1995-09-30,0.0,35.28,23.88,96.83,48.03
1995-10-01,0.0,36.65,24.08,94.17,42.48
1995-10-02,0.0,36.76,25.02,67.3,36.38
1995-10-03,0.02,35.55,24.28,93.0,46.96
1995-10-04,0.0,36.38,24.48,99.29,49.26
1995-10-05,9.59,35.87,24.72,98.72,55.53
1995-10-06,1.24,33.01,22.7,96.48,60.66
1995-10-07,6.53,34.43,23.23,98.36,59.34
1995-10-08,0.0,32.85,22.55,98.45,66.28
1995-10-09,0.0,35.99,23.33,98.44,48.4
1995-10-10,0.0,35.03,24.68,97.06,58.71
1995-10-11,0.41,35.38,24.37,97.82,58.21
1995-10-12,13.47,33.75,23.62,96.95,65.95
1995-10-13,0.08,35.46,22.29,97.45,44.82
1995-10-14,0.0,36.57,23.6,75.88,38.06
1995-10-15,0.0,37.13,24.39,80.36,43.23
1995-10-16,0.6,36.22,24.4,88.23,44.16
1995-10-17,0.0,35.05,23.34,85.09,48.85
1995-10-18,0.0,35.52,23.88,92.57,49.8
1995-10-19,0.0,36.17,23.0,94.91,33.72
1995-10-20,0.0,35.32,22.34,74.96,29.07
1995-10-21,0.0,35.49,21.75,74.21,34.5
1995-10-22,0.0,36.47,22.53,79.27,34.96
1995-10-23,0.0,36.99,23.44,85.08,34.38
1995-10-24,0.0,36.47,23.69,91.31,42.38
1995-10-25,0.0,37.13,23.8,90.74,26.24
1995-10-26,0.0,36.45,21.42,66.92,20.61
1995-10-27,0.0,36.34,19.77,64.8,21.57
1995-10-28,0.0,35.45,21.13,72.1,30.76
1995-10-29,0.0,35.29,23.2,84.9,33.71
1995-10-30,0.0,35.29,24.12,79.81,37.68
1995-10-31,0.0,36.83,23.43,75.39,34.72
1995-11-01,0.0,38.29,21.57,83.71,33.1
1995-11-02,0.29,38.6,20.97,78.47,20.47
1995-11-03,0.0,37.47,21.04,73.7,25.8
1995-11-04,0.0,38.1,20.37,71.22,19.72
1995-11-05,0.0,38.25,19.08,69.91,22.2
1995-11-06,0.0,38.08,19.53,77.25,25.92
1995-11-07,0.0,37.96,19.76,83.38,28.1
1995-11-08,0.0,37.89,20.86,77.36,24.89
1995-11-09,0.0,35.98,21.03,77.71,31.1
1995-11-10,0.0,36.81,21.43,82.77,34.61
1995-11-11,0.0,35.6,20.44,76.12,29.36
1995-11-12,0.0,38.12,20.71,71.98,22.38
1995-11-13,0.0,39.09,20.12,65.45,17.86
1995-11-14,0.0,38.96,19.37,63.34,16.42
1995-11-15,0.0,38.03,17.23,66.21,18.26
1995-11-16,0.0,37.53,19.0,74.03,26.93
1995-11-17,0.0,37.96,19.26,74.01,21.73
1995-11-18,0.0,38.14,18.46,71.47,22.07
1995-11-19,0.0,38.11,18.82,69.75,17.91
1995-11-20,0.0,36.76,16.81,61.02,17.19
1995-11-21,0.0,36.64,16.3,61.86,16.09
1995-11-22,0.0,36.79,15.52,58.57,16.08
1995-11-23,0.0,37.3,16.02,61.4,17.93
1995-11-24,0.0,37.48,16.87,65.57,20.11
1995-11-25,0.0,37.31,18.36,63.35,20.33
1995-11-26,0.0,37.46,17.8,63.16,20.61
1995-11-27,0.0,37.62,18.25,62.77,20.4
1995-11-28,0.0,36.98,19.24,67.17,23.27
1995-11-29,0.0,33.85,21.1,64.4,27.22
1995-11-30,0.0,36.0,19.46,65.21,23.75
1995-12-01,0.0,33.03,20.6,54.64,25.43
1995-12-02,0.0,30.39,20.25,80.64,38.65
1995-12-03,0.0,30.51,17.78,94.86,45.91
1995-12-04,0.0,31.88,18.14,80.8,32.46
1995-12-05,0.0,33.98,18.66,59.66,23.76
1995-12-06,0.0,34.95,18.34,56.08,22.15
1995-12-07,0.0,35.08,17.75,55.26,21.05
1995-12-08,0.0,33.32,19.39,47.94,21.28
1995-12-09,0.0,33.37,18.67,51.33,23.65
1995-12-10,0.0,33.95,18.9,54.1,25.45
1995-12-11,0.0,34.58,18.66,65.78,27.79
1995-12-12,0.0,36.05,19.46,66.18,29.89
1995-12-13,0.0,36.06,20.42,67.34,30.8
1995-12-14,0.0,32.55,21.5,67.54,37.41
1995-12-15,0.04,30.98,18.16,85.36,50.89
1995-12-16,0.0,33.94,18.59,89.11,39.42
1995-12-17,0.0,35.59,19.4,76.32,36.92
1995-12-18,0.0,36.01,21.19,72.82,33.49
1995-12-19,0.13,34.67,19.67,65.21,33.62
1995-12-20,0.0,36.47,18.38,66.31,25.86
1995-12-21,0.0,35.53,17.75,63.2,22.5
1995-12-22,0.0,34.63,16.82,59.04,19.28
1995-12-23,0.0,32.83,15.41,51.87,19.24
1995-12-24,0.0,32.56,13.06,54.06,18.15
1995-12-25,0.0,35.2,12.74,56.84,18.7
1995-12-26,0.0,37.46,15.94,57.09,21.9
1995-12-27,0.0,36.73,18.39,58.37,17.93
1995-12-28,0.0,33.88,17.5,52.54,18.62
1995-12-29,0.0,35.24,14.49,52.45,16.67
1995-12-30,0.0,34.92,13.72,48.31,13.61
1995-12-31,0.0,36.78,13.29,50.4,11.79
1996-01-01,0.0,36.81,14.94,44.72,12.36
1996-01-02,0.0,36.85,16.08,50.4,12.78
1996-01-03,0.0,36.81,16.49,54.77,15.12
1996-01-04,0.0,37.17,18.05,53.05,16.69
1996-01-05,0.0,38.64,17.01,53.35,14.38
1996-01-06,0.0,37.46,15.76,55.12,14.42
1996-01-07,0.0,37.38,15.87,51.13,15.06
1996-01-08,0.0,38.02,15.34,56.12,14.05
1996-01-09,0.0,38.0,15.57,45.35,11.83
1996-01-10,0.0,36.75,14.59,40.8,10.36
1996-01-11,0.0,34.38,16.09,45.76,17.62
1996-01-12,0.0,34.23,14.14,54.98,17.6
1996-01-13,0.0,33.84,13.47,51.57,15.46
1996-01-14,0.0,35.89,14.71,51.32,14.69
1996-01-15,0.0,35.28,13.62,57.06,17.33
1996-01-16,0.0,29.9,13.63,87.87,33.43
1996-01-17,0.0,31.2,14.33,84.48,37.52
1996-01-18,0.0,33.23,15.18,67.88,29.82
1996-01-19,0.0,35.44,16.4,62.18,26.13
1996-01-20,0.0,34.57,16.02,54.21,22.69
1996-01-21,0.0,36.65,16.02,51.42,22.06
1996-01-22,0.0,37.55,16.86,57.21,21.3
1996-01-23,0.0,37.66,17.69,54.51,21.37
1996-01-24,0.0,37.06,18.41,51.74,23.69
1996-01-25,0.0,35.88,18.45,62.34,29.91
1996-01-26,0.0,36.99,17.29,53.8,25.14
1996-01-27,0.0,37.42,17.77,60.05,23.14
1996-01-28,0.0,36.53,18.45,56.45,23.89
1996-01-29,0.0,39.62,19.48,51.15,19.19
1996-01-30,0.0,39.69,20.14,66.1,22.86
1996-01-31,0.0,41.2,19.42,65.89,17.11
1996-02-01,0.0,41.42,21.08,49.34,19.66
1996-02-02,0.0,39.6,21.02,69.51,27.94
1996-02-03,0.0,35.39,20.3,69.2,28.9
1996-02-04,0.0,36.0,17.77,60.73,27.16
1996-02-05,0.0,38.7,18.85,62.39,21.2
1996-02-06,0.0,39.34,20.3,51.32,19.18
1996-02-07,0.0,37.29,18.83,48.35,14.87
1996-02-08,0.0,37.92,16.61,46.82,13.07
1996-02-09,0.0,37.35,16.21,49.99,15.39
1996-02-10,0.0,38.46,16.35,48.21,14.67
1996-02-11,0.0,38.27,17.99,48.5,13.74
1996-02-12,0.0,36.18,18.29,51.59,19.67
1996-02-13,0.0,37.73,16.92,53.44,14.34
1996-02-14,0.0,37.32,17.84,50.43,14.78
1996-02-15,0.0,36.24,16.89,80.23,22.7
1996-02-16,0.0,36.28,16.74,83.8,25.86
1996-02-17,0.0,36.89,20.16,64.4,20.37
1996-02-18,0.0,37.58,21.24,49.91,20.6
1996-02-19,0.0,39.48,20.92,41.87,9.17
1996-02-20,0.0,39.35,19.5,31.65,11.13
1996-02-21,0.0,40.18,19.52,50.53,12.27
1996-02-22,0.0,40.25,18.79,71.82,14.9
1996-02-23,0.0,41.35,19.1,59.36,13.31
1996-02-24,0.0,40.73,19.88,54.98,14.38
1996-02-25,0.0,37.7,19.59,75.38,23.12
1996-02-26,0.0,37.76,18.52,69.1,21.29
1996-02-27,0.0,36.87,19.67,44.9,19.32
1996-02-28,0.0,38.24,18.51,37.39,14.15
1996-02-29,0.0,38.95,18.75,33.59,16.24
1996-03-01,0.0,39.15,18.43,40.07,11.76
1996-03-02,0.0,40.13,20.24,36.02,12.03
1996-03-03,0.0,37.61,22.24,40.85,16.97
1996-03-04,0.0,35.92,20.23,64.83,26.79
1996-03-05,0.0,36.27,20.74,67.3,28.5
1996-03-06,0.0,35.63,21.25,66.46,29.74
1996-03-07,0.0,32.74,21.06,72.35,37.64
1996-03-08,0.0,32.81,19.26,69.72,35.1
1996-03-09,0.0,34.93,21.65,60.85,27.67
1996-03-10,0.0,33.56,21.15,66.44,34.85
1996-03-11,0.0,31.01,19.0,62.31,31.39
1996-03-12,0.0,32.38,16.95,78.36,26.89
1996-03-13,0.0,34.88,17.61,45.62,19.22
1996-03-14,0.0,35.76,17.44,51.89,19.98
1996-03-15,0.0,37.9,18.9,44.46,16.86
1996-03-16,0.0,38.73,20.04,40.61,19.14
1996-03-17,0.0,40.63,22.01,38.26,15.43
1996-03-18,0.0,42.44,21.72,37.35,14.67
1996-03-19,0.0,42.57,21.67,48.05,14.06
1996-03-20,0.0,42.5,21.39,49.08,16.32
1996-03-21,0.0,41.47,21.64,53.72,19.96
1996-03-22,0.0,41.41,21.74,59.41,22.13
1996-03-23,0.0,41.83,21.84,53.28,18.12
1996-03-24,0.0,41.68,21.72,64.02,18.92
1996-03-25,0.0,42.33,20.94,61.62,15.7
1996-03-26,0.0,43.51,20.88,64.96,12.11
1996-03-27,0.0,41.02,22.52,68.53,24.62
1996-03-28,0.0,41.05,21.68,78.76,18.85
1996-03-29,0.0,42.42,20.9,75.42,8.82
1996-03-30,0.0,44.04,20.63,56.74,7.65
1996-03-31,0.0,42.55,21.57,67.23,13.96
1996-04-01,0.0,39.9,22.16,87.48,24.88
1996-04-02,0.0,40.77,21.2,86.22,19.18
1996-04-03,0.0,42.01,20.63,82.09,14.02
1996-04-04,0.0,43.17,21.59,71.49,12.35
1996-04-05,0.0,41.34,22.13,70.97,14.38
1996-04-06,0.0,43.01,22.64,61.73,10.41
1996-04-07,0.0,44.62,21.97,60.81,10.08
1996-04-08,0.0,43.95,22.11,47.19,8.74
1996-04-09,0.0,42.35,21.34,61.58,12.72
1996-04-10,0.0,41.04,21.3,67.73,17.62
1996-04-11,0.0,38.52,21.36,79.86,24.7
1996-04-12,0.0,36.52,20.28,83.09,28.41
1996-04-13,0.0,36.39,20.12,85.87,27.31
1996-04-14,0.0,36.64,18.77,77.84,19.81
1996-04-15,0.0,40.32,20.27,64.46,15.73
1996-04-16,0.0,42.5,22.35,61.32,11.84
1996-04-17,0.0,43.48,22.06,45.05,9.61
1996-04-18,0.0,43.18,22.73,49.88,11.59
1996-04-19,0.0,42.19,21.84,71.26,16.11
1996-04-20,0.0,39.17,21.39,61.17,19.55
1996-04-21,0.0,38.53,20.41,66.9,19.4
1996-04-22,0.0,37.95,19.78,68.94,21.85
1996-04-23,0.0,38.96,20.99,64.32,19.47
1996-04-24,0.0,39.81,21.5,67.71,18.22
1996-04-25,0.0,41.52,21.22,65.06,16.95
1996-04-26,0.0,42.97,22.26,59.13,15.56
1996-04-27,0.0,42.57,23.0,55.12,18.5
1996-04-28,0.0,41.84,23.49,51.19,16.07
1996-04-29,0.0,43.13,23.31,53.39,14.25
1996-04-30,0.0,44.16,24.6,35.4,11.83
1996-05-01,0.0,43.44,23.23,66.11,12.6
1996-05-02,0.0,44.58,23.64,60.09,12.75
1996-05-03,0.0,44.12,25.3,42.07,10.17
1996-05-04,0.0,43.32,24.6,63.71,9.38
1996-05-05,0.0,43.12,24.72,68.83,11.88
1996-05-06,0.0,45.56,24.98,59.43,10.36
1996-05-07,0.0,43.22,25.61,67.28,18.06
1996-05-08,0.0,39.88,24.62,80.39,24.39
1996-05-09,0.02,39.09,24.12,72.21,26.78
1996-05-10,0.0,42.51,24.14,59.9,15.83
1996-05-11,0.0,43.91,25.08,37.48,12.83
1996-05-12,0.0,42.93,24.37,63.43,14.91
1996-05-13,0.0,39.97,25.36,73.66,24.87
1996-05-14,0.0,41.16,24.24,60.4,18.61
1996-05-15,0.0,40.92,23.11,70.74,22.42
1996-05-16,0.0,41.27,23.31,70.72,20.91
1996-05-17,0.0,42.23,23.2,69.94,19.69
1996-05-18,0.0,40.65,24.43,65.78,23.31
1996-05-19,0.0,41.56,25.67,66.27,23.59
1996-05-20,0.0,38.59,24.81,71.56,30.49
1996-05-21,0.01,42.93,23.42,72.48,16.53
1996-05-22,0.0,41.78,23.72,72.79,19.94
1996-05-23,0.0,39.94,22.72,80.2,20.85
1996-05-24,0.0,39.09,22.13,78.22,22.36
1996-05-25,0.0,38.72,23.31,71.25,22.87
1996-05-26,0.05,42.19,23.87,74.43,20.8
1996-05-27,0.0,39.77,24.74,80.89,27.81
1996-05-28,0.0,38.67,24.86,77.24,31.38
1996-05-29,0.27,38.5,24.02,91.09,33.37
1996-05-30,1.04,38.8,24.12,79.26,26.21
1996-05-31,0.0,40.61,24.11,81.01,21.89
1996-06-01,0.0,43.74,24.7,64.91,13.86
1996-06-02,0.0,39.49,26.03,81.02,29.7
1996-06-03,2.0,39.15,26.03,91.35,38.45
1996-06-04,0.0,36.37,23.95,93.52,43.29
1996-06-05,0.0,36.89,23.27,74.66,24.71
1996-06-06,0.0,37.82,21.22,73.76,22.64
1996-06-07,0.03,36.39,23.6,81.98,37.5
1996-06-08,0.15,37.93,24.61,81.64,37.95
1996-06-09,0.0,38.63,24.7,77.04,31.18
1996-06-10,0.01,38.93,24.16,72.17,28.06
1996-06-11,0.0,37.89,24.32,74.82,35.35
1996-06-12,0.0,39.22,25.05,75.82,34.46
1996-06-13,0.01,38.68,25.35,79.63,35.14
1996-06-14,3.85,40.0,25.95,84.05,35.17
1996-06-15,0.14,37.65,24.8,93.23,39.54
1996-06-16,0.35,38.3,25.55,91.86,32.62
1996-06-17,0.0,39.43,25.53,81.61,30.68
1996-06-18,0.0,39.56,26.56,86.54,39.48
1996-06-19,0.0,37.87,25.78,91.58,47.51
1996-06-20,0.85,40.1,25.21,81.92,28.53
1996-06-21,0.0,39.27,24.84,83.95,32.99
1996-06-22,0.0,38.67,25.51,83.55,29.66
1996-06-23,0.0,38.1,25.49,83.36,36.88
1996-06-24,0.0,39.39,24.96,83.86,32.29
1996-06-25,0.0,38.14,25.1,87.12,34.56
1996-06-26,0.0,37.18,24.44,78.41,36.43
1996-06-27,0.0,39.2,24.55,71.22,23.49
1996-06-28,0.0,39.81,23.73,73.78,27.06
1996-06-29,4.89,38.65,25.57,85.06,35.34
1996-06-30,2.06,34.77,23.78,93.89,53.95
1996-07-01,3.84,34.93,23.73,95.4,49.04
1996-07-02,1.45,35.9,23.94,88.1,43.43
1996-07-03,1.17,35.26,24.62,96.88,51.62
1996-07-04,0.0,37.08,26.1,90.75,43.44
1996-07-05,0.0,37.72,25.42,82.61,37.85
1996-07-06,0.0,36.45,25.46,85.51,43.23
1996-07-07,27.4,36.44,25.54,93.36,42.06
1996-07-08,3.26,34.7,22.81,98.44,47.88
1996-07-09,1.42,36.2,23.88,91.89,44.38
1996-07-10,7.3,36.95,24.56,87.65,44.82
1996-07-11,0.0,34.38,24.29,86.11,48.75
1996-07-12,0.0,35.29,24.04,87.63,45.33
1996-07-13,0.06,35.49,24.96,86.59,48.15
1996-07-14,0.72,35.79,24.67,89.72,46.32
1996-07-15,0.08,34.61,24.49,89.66,48.94
1996-07-16,0.0,37.15,24.75,81.07,38.07
1996-07-17,0.14,37.57,25.05,83.8,41.33
1996-07-18,13.87,32.49,23.82,90.96,63.17
1996-07-19,0.48,36.79,25.15,94.5,44.24
1996-07-20,0.62,37.41,25.78,92.37,45.06
1996-07-21,0.0,36.82,24.47,88.11,43.26
1996-07-22,0.0,35.89,26.23,91.88,50.71
1996-07-23,6.05,34.68,25.6,93.83,55.29
1996-07-24,4.04,33.71,23.74,98.15,56.23
1996-07-25,10.07,32.79,22.86,95.93,59.51
1996-07-26,0.02,34.87,24.92,95.63,54.01
1996-07-27,3.32,33.4,24.88,98.58,64.01
1996-07-28,6.49,32.76,24.71,99.1,65.86
1996-07-29,7.0,32.55,24.27,99.48,63.75
1996-07-30,41.63,33.7,24.11,97.65,55.98
1996-07-31,13.45,30.17,23.98,95.29,74.39
1996-08-01,1.01,31.38,23.66,97.41,69.12
1996-08-02,1.05,33.42,23.58,95.25,58.45
1996-08-03,0.01,34.62,24.41,91.6,54.2
1996-08-04,7.25,35.55,25.22,87.54,50.92
1996-08-05,3.38,34.54,24.1,89.39,53.53
1996-08-06,1.37,32.77,23.84,94.91,63.39
1996-08-07,2.58,33.9,23.39,98.15,59.97
1996-08-08,0.02,34.29,22.89,97.5,57.39
1996-08-09,0.0,35.28,25.1,94.21,54.41
1996-08-10,2.38,34.4,25.61,87.99,55.19
1996-08-11,0.44,33.61,24.86,91.0,55.42
1996-08-12,7.68,33.04,24.24,98.2,61.09
1996-08-13,3.44,34.6,24.47,92.65,56.07
1996-08-14,1.02,33.73,23.73,97.16,56.29
1996-08-15,10.56,34.56,23.95,98.58,50.75
1996-08-16,0.21,31.6,23.26,91.71,64.28
1996-08-17,0.0,33.91,23.87,94.97,54.88
1996-08-18,2.19,34.31,25.47,89.66,59.44
1996-08-19,8.5,33.57,24.0,95.07,56.67
1996-08-20,12.97,33.97,24.72,91.36,56.44
1996-08-21,20.99,30.56,23.67,99.35,74.04
1996-08-22,26.59,33.04,24.1,98.52,62.21
1996-08-23,18.6,32.64,23.59,97.82,66.69
1996-08-24,7.94,29.85,22.93,99.01,74.87
1996-08-25,1.77,33.1,23.77,99.43,65.23
1996-08-26,0.83,31.23,24.66,94.54,68.71
1996-08-27,12.79,31.55,23.94,98.43,72.96
1996-08-28,31.12,33.47,23.89,97.85,63.69
1996-08-29,1.63,32.32,22.52,98.53,68.43
1996-08-30,0.22,32.51,24.03,98.57,65.23
1996-08-31,0.41,33.86,23.09,90.97,58.64
1996-09-01,9.53,33.11,24.22,98.2,66.2
1996-09-02,1.63,33.35,23.3,92.67,57.7
1996-09-03,8.95,31.4,23.72,92.29,68.72
1996-09-04,8.16,32.81,23.29,94.21,63.61
1996-09-05,23.86,32.48,23.16,97.9,67.49
1996-09-06,17.32,32.61,23.01,98.74,68.57
1996-09-07,4.45,30.54,22.37,98.64,70.86
1996-09-08,0.0,33.24,23.55,92.79,64.45
1996-09-09,0.0,34.61,24.39,91.1,60.54
1996-09-10,0.0,34.62,25.27,89.7,57.95
1996-09-11,0.0,34.59,24.64,88.6,53.76
1996-09-12,0.0,33.04,24.51,90.67,61.4
1996-09-13,7.14,33.34,22.93,89.61,54.92
1996-09-14,1.69,32.48,23.33,83.62,57.51
1996-09-15,2.62,32.91,23.12,92.83,62.8
1996-09-16,0.07,34.0,23.77,93.54,57.65
1996-09-17,0.0,34.63,24.11,95.74,58.67
1996-09-18,0.87,34.54,25.07,94.84,62.27
1996-09-19,0.0,33.38,23.93,94.45,63.7
1996-09-20,1.28,33.88,23.84,95.23,58.37
1996-09-21,0.08,33.39,24.11,97.06,63.1
1996-09-22,3.24,34.73,23.44,97.14,57.37
1996-09-23,2.49,32.88,23.24,94.83,64.04
1996-09-24,0.01,32.74,23.37,97.74,65.52
1996-09-25,0.0,35.96,24.16,93.61,50.8
1996-09-26,1.76,36.03,24.73,84.81,50.49
1996-09-27,11.77,33.92,23.82,96.78,60.43
1996-09-28,1.48,32.85,22.21,99.18,61.8
1996-09-29,0.03,35.38,24.01,91.61,53.58
1996-09-30,13.2,34.84,24.42,90.15,55.23
1996-10-01,0.07,31.45,22.4,96.54,70.49
1996-10-02,0.07,31.18,22.43,97.92,70.56
1996-10-03,0.0,33.81,22.95,97.74,61.13
1996-10-04,0.0,35.4,24.14,97.26,57.58
1996-10-05,0.0,35.18,24.09,95.32,57.15
1996-10-06,0.52,35.4,24.18,98.36,57.92
1996-10-07,4.94,35.28,24.92,95.96,59.08
1996-10-08,1.79,33.64,23.08,97.58,62.47
1996-10-09,0.0,34.7,22.45,98.23,58.57
1996-10-10,0.0,36.17,23.87,97.1,47.8
1996-10-11,0.04,35.86,24.56,97.48,53.46
1996-10-12,0.1,35.83,24.5,96.0,54.08
1996-10-13,1.41,36.13,24.0,94.69,50.75
1996-10-14,5.57,36.57,24.63,93.0,48.86
1996-10-15,5.28,35.32,23.84,96.84,54.68
1996-10-16,3.63,33.88,23.55,91.87,60.12
1996-10-17,0.08,34.38,22.17,97.32,52.22
1996-10-18,0.0,35.91,23.63,91.7,43.59
1996-10-19,0.01,36.14,23.69,83.56,41.22
1996-10-20,0.0,35.66,23.85,84.2,44.96
1996-10-21,0.0,37.01,24.33,87.16,44.22
1996-10-22,0.0,36.56,24.31,96.59,46.23
1996-10-23,0.0,37.18,24.39,95.57,33.31
1996-10-24,0.0,37.6,23.1,69.7,27.54
1996-10-25,0.58,37.09,23.17,77.24,36.34
1996-10-26,0.32,37.21,22.91,86.63,39.11
1996-10-27,0.0,39.14,23.6,80.38,28.79
1996-10-28,0.0,39.2,23.45,73.0,21.01
1996-10-29,0.0,37.8,22.46,67.25,27.18
1996-10-30,0.03,38.02,22.15,78.49,29.67
1996-10-31,0.0,38.86,23.48,78.27,32.45
1996-11-01,0.0,38.47,21.26,89.54,28.6
1996-11-02,0.01,37.45,20.87,90.42,34.39
1996-11-03,0.0,38.63,21.06,85.65,24.31
1996-11-04,0.0,37.73,19.33,63.47,15.1
1996-11-05,0.0,37.6,18.14,61.03,17.65
1996-11-06,0.0,37.22,18.5,64.74,23.48
1996-11-07,0.02,36.19,20.98,89.04,40.01
1996-11-08,0.0,34.39,21.16,92.45,30.12
1996-11-09,0.0,37.68,19.66,58.04,15.86
1996-11-10,0.0,37.82,17.94,57.56,17.16
1996-11-11,0.01,35.92,18.12,60.53,20.76
1996-11-12,0.0,36.84,18.17,67.17,21.49
1996-11-13,0.0,36.46,18.67,73.25,23.18
1996-11-14,0.0,35.95,19.04,70.22,22.29
1996-11-15,0.0,37.12,18.53,59.28,18.73
1996-11-16,0.0,36.56,20.42,49.08,19.38
1996-11-17,0.0,38.31,18.95,51.7,14.64
1996-11-18,0.0,37.03,18.31,59.4,15.18
1996-11-19,0.0,38.04,18.94,53.07,18.15
1996-11-20,0.0,38.3,19.37,47.9,14.96
1996-11-21,0.0,38.1,18.49,43.06,11.37
1996-11-22,0.0,37.78,16.51,44.21,12.8
1996-11-23,0.0,36.66,16.79,45.28,13.36
1996-11-24,0.0,38.14,16.97,48.85,13.6
1996-11-25,0.0,38.18,17.15,59.64,13.41
1996-11-26,0.0,37.59,17.8,67.02,14.86
1996-11-27,0.0,37.12,16.59,64.49,13.22
1996-11-28,0.0,36.86,16.32,57.4,11.9
1996-11-29,0.0,36.42,15.09,54.51,11.23
1996-11-30,0.0,36.91,14.59,49.88,10.57
1996-12-01,0.0,36.91,14.41,50.21,13.86
1996-12-02,0.0,36.62,14.64,56.88,14.86
1996-12-03,0.0,36.91,16.13,50.34,13.14
1996-12-04,0.0,36.04,16.06,45.01,14.01
1996-12-05,0.0,35.14,18.12,44.42,14.26
1996-12-06,0.0,33.82,18.63,41.19,15.57
1996-12-07,0.0,35.83,16.28,51.51,16.5
1996-12-08,0.0,35.04,16.91,44.88,18.5
1996-12-09,0.0,34.61,15.87,46.34,18.28
1996-12-10,0.0,35.74,16.34,54.34,17.95
1996-12-11,0.0,37.34,16.16,53.66,17.84
1996-12-12,0.0,38.22,16.63,55.34,16.82
1996-12-13,0.0,39.35,16.36,52.46,14.81
1996-12-14,0.0,39.63,17.29,46.77,15.54
1996-12-15,0.0,37.46,17.71,39.97,12.13
1996-12-16,0.0,37.41,14.85,35.87,8.15
1996-12-17,0.0,37.19,13.52,36.28,9.31
1996-12-18,0.0,37.45,15.25,33.24,10.34
1996-12-19,0.0,37.11,15.22,38.12,11.09
1996-12-20,0.0,37.24,15.53,42.06,14.05
1996-12-21,0.0,34.81,15.1,80.37,19.86
1996-12-22,0.0,33.11,14.93,89.48,36.11
1996-12-23,0.0,33.25,16.36,84.16,33.31
1996-12-24,0.0,36.02,16.66,71.69,22.39
1996-12-25,0.0,37.42,17.42,57.9,12.9
1996-12-26,0.0,37.45,15.92,47.22,12.14
1996-12-27,0.0,37.03,15.55,44.07,12.45
1996-12-28,0.0,36.4,17.36,35.78,11.85
1996-12-29,0.0,35.49,18.39,38.84,15.24
1996-12-30,0.0,37.6,16.79,46.2,13.86
1996-12-31,0.0,37.5,16.36,61.27,17.89
1997-01-01,0.0,34.21,16.33,75.72,25.07
1997-01-02,0.0,35.96,17.35,55.34,18.52
1997-01-03,0.01,36.28,19.72,47.98,18.51
1997-01-04,0.0,33.25,20.61,54.3,30.79
1997-01-05,0.0,37.28,19.43,56.96,23.5
1997-01-06,0.0,38.91,19.07,53.82,20.03
1997-01-07,0.0,38.81,20.45,52.15,19.48
1997-01-08,0.0,38.19,20.31,43.22,16.97
1997-01-09,0.0,38.6,19.72,37.6,13.71
1997-01-10,0.0,36.43,18.04,42.94,15.65
1997-01-11,0.01,37.23,17.96,42.35,15.31
1997-01-12,0.0,37.97,19.62,46.32,19.18
1997-01-13,0.0,35.61,17.39,64.01,23.09
1997-01-14,0.0,35.04,17.21,65.07,28.82
1997-01-15,0.0,35.02,17.6,75.43,30.47
1997-01-16,0.0,37.26,17.87,58.67,22.5
1997-01-17,0.0,38.38,18.35,53.17,19.21
1997-01-18,0.0,38.39,18.84,39.61,14.15
1997-01-19,0.0,38.78,16.85,39.96,12.09
1997-01-20,0.0,36.9,17.04,42.04,15.73
1997-01-21,0.0,29.52,16.48,76.66,27.0
1997-01-22,0.0,29.79,13.69,78.67,29.68
1997-01-23,0.0,33.04,16.34,54.38,20.64
1997-01-24,0.0,34.18,16.92,38.63,17.52
1997-01-25,0.0,36.86,15.87,42.89,14.75
1997-01-26,0.0,38.18,16.15,42.09,14.56
1997-01-27,0.0,38.81,17.55,48.87,12.75
1997-01-28,0.0,37.42,18.35,34.29,10.0
1997-01-29,0.0,37.32,17.47,33.94,10.76
1997-01-30,0.0,38.49,15.03,37.77,8.56
1997-01-31,0.0,38.13,16.44,45.83,9.56
1997-02-01,0.0,37.82,19.03,30.96,9.44
1997-02-02,0.0,37.29,18.24,29.49,10.89
1997-02-03,0.0,37.21,17.49,70.89,16.22
1997-02-04,0.0,38.04,17.54,76.43,12.6
1997-02-05,0.0,39.03,18.28,67.73,10.79
1997-02-06,0.0,39.37,18.14,42.32,9.19
1997-02-07,0.0,39.85,18.44,36.62,10.08
1997-02-08,0.0,39.83,17.97,52.84,11.54
1997-02-09,0.0,38.98,17.95,47.68,10.76
1997-02-10,0.0,40.09,19.97,30.04,9.43
1997-02-11,0.0,39.53,17.5,38.53,11.3
1997-02-12,0.0,38.7,18.14,71.98,17.65
1997-02-13,0.0,39.35,18.66,46.92,9.89
1997-02-14,0.0,38.5,21.17,27.72,11.48
1997-02-15,0.0,39.01,17.23,31.14,12.14
1997-02-16,0.0,39.12,18.51,35.43,11.0
1997-02-17,0.0,38.78,17.76,26.15,8.64
1997-02-18,0.0,39.72,18.15,27.99,9.5
1997-02-19,0.0,39.76,18.27,26.19,9.36
1997-02-20,0.0,40.5,18.48,27.34,10.04
1997-02-21,0.0,40.57,18.22,31.01,10.43
1997-02-22,0.0,40.13,19.07,46.7,10.46
1997-02-23,0.0,39.51,18.53,28.05,10.98
1997-02-24,0.0,40.01,18.33,30.12,10.66
1997-02-25,0.0,40.38,18.93,44.68,11.74
1997-02-26,0.0,39.97,19.54,38.29,10.52
1997-02-27,0.0,38.96,20.45,27.99,11.17
1997-02-28,0.0,38.05,19.74,29.86,11.8
1997-03-01,0.0,39.83,19.33,29.49,9.6
1997-03-02,0.0,41.03,19.31,31.79,9.15
1997-03-03,0.0,41.13,21.3,30.25,11.54
1997-03-04,0.0,40.02,21.73,35.99,10.13
1997-03-05,0.0,38.82,21.69,21.5,8.32
1997-03-06,0.0,38.74,20.27,21.36,9.77
1997-03-07,0.0,39.39,20.13,24.36,10.36
1997-03-08,0.0,39.68,21.97,25.8,10.46
1997-03-09,0.0,38.21,22.66,34.72,11.01
1997-03-10,0.0,38.21,23.59,41.17,14.39
1997-03-11,0.0,40.57,21.25,37.23,13.11
1997-03-12,0.0,39.65,22.59,36.74,12.33
1997-03-13,0.0,37.64,22.29,24.38,9.96
1997-03-14,0.0,36.13,18.0,21.8,9.93
1997-03-15,0.0,34.31,19.53,22.47,11.45
1997-03-16,0.0,37.23,19.57,25.01,11.62
1997-03-17,0.0,39.05,19.09,27.04,9.69
1997-03-18,0.0,39.87,21.23,21.47,6.58
1997-03-19,0.0,40.79,21.59,17.02,7.45
1997-03-20,0.0,40.2,22.54,26.53,10.36
1997-03-21,0.0,42.14,21.35,29.72,9.75
1997-03-22,0.0,41.14,21.06,37.75,10.46
1997-03-23,0.0,37.29,20.09,51.57,15.81
1997-03-24,0.0,35.25,19.09,63.93,21.75
1997-03-25,0.0,36.44,19.19,56.53,20.41
1997-03-26,0.0,36.36,18.71,58.38,22.23
1997-03-27,0.0,36.09,18.61,71.28,24.96
1997-03-28,0.0,36.67,18.71,65.04,23.59
1997-03-29,0.0,34.64,19.58,62.48,28.16
1997-03-30,0.0,34.94,18.53,68.56,27.89
1997-03-31,0.0,37.57,19.06,65.69,26.77
1997-04-01,0.0,38.37,21.19,62.84,26.58
1997-04-02,0.0,38.46,21.3,65.32,27.89
1997-04-03,0.0,36.6,20.88,75.09,32.52
1997-04-04,0.0,35.29,19.32,75.46,31.86
1997-04-05,0.0,36.74,18.87,75.63,29.36
1997-04-06,0.0,37.69,21.42,68.84,28.16
1997-04-07,0.0,41.05,23.22,51.48,19.81
1997-04-08,0.0,40.67,22.99,48.2,17.69
1997-04-09,0.0,41.23,21.57,47.92,16.55
1997-04-10,0.0,42.69,22.1,47.13,14.86
1997-04-11,0.0,42.19,22.35,55.72,18.16
1997-04-12,0.0,41.81,22.21,59.71,17.72
1997-04-13,0.0,41.23,22.56,52.46,16.84
1997-04-14,0.0,41.43,22.48,48.07,16.04
1997-04-15,0.0,41.4,22.86,45.9,17.73
1997-04-16,0.0,39.04,21.61,56.23,21.46
1997-04-17,0.0,39.2,20.62,65.03,21.58
1997-04-18,0.0,39.89,21.16,63.42,18.65
1997-04-19,0.0,39.77,20.68,71.18,20.84
1997-04-20,0.0,39.47,20.49,68.2,22.84
1997-04-21,0.0,40.71,22.59,58.27,18.67
1997-04-22,0.0,41.52,23.16,39.54,14.66
1997-04-23,0.0,41.88,22.82,39.76,15.01
1997-04-24,0.0,41.08,22.05,47.37,13.9
1997-04-25,0.0,43.25,23.0,44.57,11.3
1997-04-26,0.0,43.8,23.69,39.21,11.41
1997-04-27,0.0,41.91,22.46,67.98,18.0
1997-04-28,0.0,41.3,21.92,81.36,21.59
1997-04-29,0.0,40.43,22.52,85.88,24.45
1997-04-30,0.0,41.15,22.03,79.38,16.84
1997-05-01,0.0,39.78,21.61,81.84,20.01
1997-05-02,0.0,41.64,21.3,81.32,16.38
1997-05-03,0.0,41.99,21.99,73.06,15.93
1997-05-04,0.0,40.94,22.1,83.72,20.12
1997-05-05,0.0,39.92,22.07,83.26,23.63
1997-05-06,0.0,40.85,23.36,83.64,21.02
1997-05-07,0.0,40.27,23.36,84.51,28.11
1997-05-08,0.01,39.45,24.05,86.46,31.61
1997-05-09,2.97,38.8,25.2,80.27,31.07
1997-05-10,0.02,39.42,24.41,84.46,29.84
1997-05-11,0.0,40.78,26.68,58.39,21.58
1997-05-12,0.0,43.14,26.25,46.0,13.52
1997-05-13,0.0,42.3,25.31,63.43,19.09
1997-05-14,0.0,41.89,27.19,56.73,18.69
1997-05-15,0.0,41.46,25.47,68.52,22.12
1997-05-16,0.0,41.68,25.09,63.61,17.97
1997-05-17,0.0,41.43,24.08,55.23,18.77
1997-05-18,0.0,42.34,24.47,59.06,20.99
1997-05-19,0.0,42.21,25.46,60.73,23.93
1997-05-20,0.0,42.34,25.58,67.13,21.82
1997-05-21,0.01,39.16,26.13,71.12,28.39
1997-05-22,0.0,43.15,26.16,65.5,18.46
1997-05-23,0.0,43.21,26.25,63.75,20.96
1997-05-24,0.0,41.54,25.36,70.79,24.42
1997-05-25,0.0,41.12,25.18,70.61,26.2
1997-05-26,0.0,40.58,25.23,64.86,24.46
1997-05-27,0.04,41.48,25.62,64.24,24.22
1997-05-28,0.0,41.23,26.77,68.24,26.63
1997-05-29,0.0,39.3,26.29,76.9,33.3
1997-05-30,6.86,39.74,26.99,73.91,34.1
1997-05-31,0.01,38.79,24.87,86.02,41.51
1997-06-01,0.0,40.19,25.83,79.21,32.14
1997-06-02,0.0,39.15,25.34,83.08,30.83
1997-06-03,0.0,39.67,25.23,70.95,28.36
1997-06-04,0.0,39.57,26.31,70.91,30.12
1997-06-05,5.24,39.13,26.64,75.29,35.55
1997-06-06,0.0,38.33,24.48,86.26,38.39
1997-06-07,2.22,41.3,26.54,78.34,24.76
1997-06-08,21.77,36.77,26.91,88.65,48.88
1997-06-09,0.17,37.14,23.28,94.48,41.33
1997-06-10,0.0,38.27,25.41,81.9,35.22
1997-06-11,1.51,37.49,26.09,85.38,40.88
1997-06-12,0.06,35.32,24.89,85.29,47.41
1997-06-13,0.79,35.49,24.31,89.8,47.33
1997-06-14,0.24,35.82,24.7,87.55,47.01
1997-06-15,0.64,38.08,24.77,86.71,31.18
1997-06-16,0.23,38.19,24.95,88.41,40.18
1997-06-17,24.71,37.56,25.64,88.86,42.23
1997-06-18,0.03,36.04,23.34,96.28,46.97
1997-06-19,0.01,34.91,23.7,95.07,52.25
1997-06-20,8.31,33.4,23.89,94.44,52.58
1997-06-21,0.0,36.64,24.12,90.79,40.1
1997-06-22,0.0,37.03,24.93,86.69,43.91
1997-06-23,0.0,36.95,25.59,90.5,44.75
1997-06-24,0.21,36.74,25.64,85.76,42.93
1997-06-25,7.24,36.79,25.37,86.64,45.09
1997-06-26,0.01,35.43,24.66,94.58,51.4
1997-06-27,4.17,35.3,25.24,95.51,54.65
1997-06-28,2.04,33.34,24.06,96.39,64.64
1997-06-29,0.43,33.16,22.82,95.95,59.38
1997-06-30,0.0,34.22,24.09,95.7,53.74
1997-07-01,3.26,34.56,24.56,91.95,54.8
1997-07-02,1.12,33.96,22.85,96.43,49.83
1997-07-03,0.0,34.19,23.68,84.92,48.09
1997-07-04,0.0,35.2,24.79,87.08,52.19
1997-07-05,0.0,35.56,25.77,89.67,48.82
1997-07-06,0.0,35.85,24.87,86.73,47.55
1997-07-07,0.0,34.48,25.36,86.02,54.67
1997-07-08,0.01,35.48,24.99,85.9,49.62
1997-07-09,10.29,32.65,24.9,94.56,69.46
1997-07-10,0.7,33.23,23.91,96.74,58.41
1997-07-11,0.27,32.99,24.44,93.47,59.98
1997-07-12,0.0,35.02,24.65,94.42,52.33
1997-07-13,0.0,36.02,24.89,89.04,42.72
1997-07-14,0.0,35.07,24.71,85.54,48.77
1997-07-15,0.0,35.16,23.84,85.79,47.48
1997-07-16,0.18,35.04,24.11,85.11,45.9
1997-07-17,1.21,34.65,23.75,88.9,49.77
1997-07-18,0.51,34.89,25.15,88.1,50.02
1997-07-19,0.0,34.72,24.86,88.86,51.96
1997-07-20,0.06,34.34,24.83,91.34,52.8
1997-07-21,11.89,33.5,23.31,97.76,60.31
1997-07-22,0.18,30.85,22.38,96.57,68.38
1997-07-23,0.0,35.27,24.24,97.65,47.46
1997-07-24,0.96,34.49,24.43,88.87,51.36
1997-07-25,1.09,33.12,24.66,95.27,62.59
1997-07-26,3.3,33.38,23.6,93.68,60.8
1997-07-27,0.0,33.63,22.56,95.57,60.08
1997-07-28,0.0,33.01,24.46,96.48,65.37
1997-07-29,0.0,33.9,24.89,95.97,58.43
1997-07-30,0.23,32.93,24.74,93.88,64.53
1997-07-31,0.0,33.97,24.37,91.75,55.4
1997-08-01,3.04,33.63,23.43,83.6,52.89
1997-08-02,7.83,29.83,24.16,95.16,74.32
1997-08-03,1.81,33.13,23.28,96.79,58.85
1997-08-04,10.1,35.29,24.55,90.3,51.14
1997-08-05,0.03,33.53,23.34,90.74,58.28
1997-08-06,0.04,35.03,25.0,92.01,51.88
1997-08-07,0.0,35.73,25.43,81.42,48.28
1997-08-08,0.0,34.2,25.64,85.76,55.65
1997-08-09,0.55,33.22,24.58,89.17,59.58
1997-08-10,2.77,34.99,25.15,85.86,49.03
1997-08-11,9.42,34.91,24.81,75.39,45.11
1997-08-12,0.34,35.19,24.73,86.53,51.06
1997-08-13,2.17,34.16,24.05,92.61,58.28
1997-08-14,3.58,33.32,23.5,97.29,62.03
1997-08-15,8.15,34.26,23.59,96.81,56.87
1997-08-16,3.44,33.7,24.61,97.42,64.24
1997-08-17,11.21,32.98,23.56,96.59,63.11
1997-08-18,0.0,33.84,23.55,97.91,60.81
1997-08-19,0.07,34.28,24.66,92.73,56.84
1997-08-20,19.0,28.54,23.89,96.09,83.2
1997-08-21,12.47,31.92,24.1,95.98,67.0
1997-08-22,32.93,33.25,24.18,95.22,63.01
1997-08-23,19.23,30.73,23.08,97.89,74.5
1997-08-24,4.94,31.48,23.6,98.33,69.91
1997-08-25,17.05,32.27,24.21,97.69,65.85
1997-08-26,20.98,31.77,23.72,93.29,67.41
1997-08-27,1.09,31.97,23.74,91.68,63.8
1997-08-28,2.76,33.48,23.94,89.78,57.99
1997-08-29,0.0,33.45,24.95,96.1,59.74
1997-08-30,3.83,31.43,24.61,97.22,76.17
1997-08-31,1.82,33.21,23.35,97.21,62.2
1997-09-01,1.1,33.04,23.85,94.59,64.32
1997-09-02,4.79,34.7,24.2,95.63,58.45
1997-09-03,0.0,33.99,24.18,90.39,62.42
1997-09-04,9.3,31.46,23.62,94.26,72.45
1997-09-05,0.87,30.53,22.9,97.32,75.97
1997-09-06,20.87,32.82,23.24,98.91,64.5
1997-09-07,1.04,33.05,22.25,98.3,64.28
1997-09-08,0.0,33.42,23.45,98.17,64.16
1997-09-09,0.53,35.15,24.63,93.35,58.16
1997-09-10,1.69,32.73,24.02,94.53,64.55
1997-09-11,11.87,33.34,23.36,97.77,61.74
1997-09-12,0.44,31.67,23.17,96.71,71.55
1997-09-13,0.0,33.79,23.31,98.36,60.91
1997-09-14,4.24,35.81,24.31,94.23,55.65
1997-09-15,0.0,34.77,24.14,91.23,60.9
1997-09-16,0.0,34.74,24.75,91.68,59.33
1997-09-17,13.58,33.72,24.58,90.41,62.48
1997-09-18,3.31,33.21,23.42,96.87,63.45
1997-09-19,4.74,32.98,23.15,96.64,63.78
1997-09-20,0.0,33.07,23.62,96.69,61.84
1997-09-21,3.75,35.09,24.27,91.75,56.14
1997-09-22,0.19,34.46,23.65,90.81,58.13
1997-09-23,0.0,35.2,24.34,93.4,57.84
1997-09-24,22.12,35.08,24.97,95.19,59.97
1997-09-25,1.69,34.82,23.05,97.08,57.59
1997-09-26,5.87,30.63,24.08,92.57,72.59
1997-09-27,0.45,33.72,23.57,95.8,62.48
1997-09-28,1.3,33.24,23.38,95.53,62.59
1997-09-29,1.22,34.0,23.28,95.05,60.02
1997-09-30,16.0,34.0,23.48,94.05,61.42
1997-10-01,0.0,35.98,23.28,97.16,52.4
1997-10-02,0.0,36.46,25.12,89.2,51.85
1997-10-03,0.0,36.97,25.25,90.42,50.69
1997-10-04,0.07,37.42,25.36,91.4,47.45
1997-10-05,0.49,36.07,24.42,84.46,50.98
1997-10-06,1.0,32.76,24.28,93.85,63.35
1997-10-07,0.03,33.29,23.12,98.46,66.03
1997-10-08,1.23,32.79,23.5,97.8,71.2
1997-10-09,0.03,34.89,23.52,97.36,57.27
1997-10-10,0.0,36.61,23.48,96.14,47.96
1997-10-11,1.78,35.99,24.45,97.01,57.45
1997-10-12,0.12,34.95,23.49,95.41,60.48
1997-10-13,0.17,35.64,23.92,96.87,55.3
1997-10-14,0.44,36.28,24.14,96.64,44.76
1997-10-15,0.0,36.67,24.63,90.24,40.94
1997-10-16,0.0,36.3,23.26,74.4,36.12
1997-10-17,0.0,34.7,23.48,78.68,47.96
1997-10-18,1.84,32.49,23.88,93.43,61.02
1997-10-19,0.09,35.76,22.41,97.19,48.49
1997-10-20,0.0,36.24,24.54,81.87,43.97
1997-10-21,0.0,38.01,24.46,86.13,37.83
1997-10-22,0.0,38.0,24.19,91.13,33.71
1997-10-23,0.0,38.17,23.19,92.84,30.99
1997-10-24,0.0,37.85,23.29,94.21,36.46
1997-10-25,0.03,37.84,24.05,93.51,41.02
1997-10-26,0.0,37.89,24.22,95.18,39.45
1997-10-27,0.12,39.11,24.46,86.75,31.19
1997-10-28,0.0,39.77,23.83,85.36,26.37
1997-10-29,0.0,39.65,24.18,87.05,27.73
1997-10-30,0.0,36.65,24.38,89.2,43.0
1997-10-31,0.0,36.36,24.93,94.12,44.75
1997-11-01,0.0,37.81,22.56,95.53,39.55
1997-11-02,0.0,39.5,23.09,93.48,25.7
1997-11-03,0.0,39.05,21.74,84.37,25.79
1997-11-04,0.0,39.04,21.44,78.68,27.47
1997-11-05,0.0,39.25,22.03,92.04,28.53
1997-11-06,0.0,39.76,20.63,86.75,26.75
1997-11-07,0.0,37.97,21.04,97.97,40.35
1997-11-08,0.0,38.18,21.91,97.22,42.59
1997-11-09,0.0,40.41,22.66,90.93,26.68
1997-11-10,0.0,40.66,21.36,68.21,22.55
1997-11-11,0.0,39.7,22.13,86.55,31.63
1997-11-12,0.0,39.69,21.06,90.39,25.91
1997-11-13,0.0,37.83,21.17,82.07,26.15
1997-11-14,0.0,39.36,20.03,72.07,24.04
1997-11-15,0.0,38.16,21.29,90.12,34.06
1997-11-16,0.0,36.88,21.41,89.37,35.53
1997-11-17,0.0,39.58,20.91,85.04,23.57
1997-11-18,0.0,40.48,20.97,79.44,19.63
1997-11-19,0.0,38.75,20.43,84.89,27.21
1997-11-20,0.0,37.69,19.14,84.1,22.13
1997-11-21,0.0,38.03,16.74,67.85,20.93
1997-11-22,0.0,38.93,17.9,70.69,18.44
1997-11-23,0.0,37.53,18.12,64.25,18.0
1997-11-24,0.0,37.56,17.54,54.51,15.37
1997-11-25,0.0,37.22,17.86,44.79,15.29
1997-11-26,0.0,37.14,17.19,45.28,15.38
1997-11-27,0.0,36.43,16.63,48.24,16.35
1997-11-28,0.0,35.86,17.15,46.35,15.92
1997-11-29,0.0,37.26,16.94,60.22,18.59
1997-11-30,0.0,38.22,16.69,58.99,18.76
1997-12-01,0.0,37.63,16.48,59.48,19.51
1997-12-02,0.0,37.67,15.53,57.46,18.15
1997-12-03,0.0,36.83,18.28,61.26,21.61
1997-12-04,0.0,36.86,17.49,57.16,19.03
1997-12-05,0.0,36.81,16.88,61.77,18.25
1997-12-06,0.0,38.78,17.29,46.42,14.24
1997-12-07,0.0,36.53,19.15,43.3,16.87
1997-12-08,0.0,35.72,18.33,53.48,19.19
1997-12-09,0.0,35.08,16.2,49.94,18.35
1997-12-10,0.0,34.34,15.42,45.92,15.29
1997-12-11,0.0,33.22,15.6,34.55,14.46
1997-12-12,0.0,34.1,14.2,38.44,14.78
1997-12-13,0.0,35.55,13.76,43.41,13.82
1997-12-14,0.0,36.37,14.92,44.18,13.38
1997-12-15,0.0,34.32,15.39,46.34,15.5
1997-12-16,0.0,34.58,16.41,44.45,14.22
1997-12-17,0.0,36.69,15.5,49.66,12.41
1997-12-18,0.0,36.06,15.56,40.45,13.03
1997-12-19,0.0,36.44,13.89,48.89,11.89
1997-12-20,0.0,36.8,14.41,49.83,11.47
1997-12-21,0.0,37.45,14.16,48.31,11.66
1997-12-22,0.0,36.78,14.66,51.02,11.87
1997-12-23,0.0,36.78,14.87,49.14,13.34
1997-12-24,0.0,37.03,15.34,38.42,11.6
1997-12-25,0.0,34.06,16.33,37.53,14.97
1997-12-26,0.0,32.26,15.98,42.91,17.71
1997-12-27,0.0,33.35,14.32,42.49,14.64
1997-12-28,0.0,33.51,14.21,39.69,14.62
1997-12-29,0.0,33.44,14.27,42.6,14.58
1997-12-30,0.0,34.1,13.77,45.64,14.27
1997-12-31,0.0,33.76,13.43,49.63,14.7
1998-01-01,0.0,31.85,14.73,44.4,17.14
1998-01-02,0.0,32.62,13.24,57.66,17.81
1998-01-03,0.0,34.89,16.48,54.74,19.17
1998-01-04,0.0,34.03,18.32,49.19,21.19
1998-01-05,0.0,34.71,17.26,35.91,14.39
1998-01-06,0.0,36.47,17.28,35.79,12.59
1998-01-07,0.0,36.21,17.95,33.32,13.0
1998-01-08,0.0,35.22,17.12,32.51,13.9
1998-01-09,0.0,36.22,15.75,37.6,13.9
1998-01-10,0.0,35.55,18.49,38.14,15.2
1998-01-11,0.0,37.75,17.36,54.38,13.3
1998-01-12,0.0,37.83,16.2,43.93,12.1
1998-01-13,0.0,38.4,16.73,36.99,10.55
1998-01-14,0.0,37.17,17.27,33.23,10.6
1998-01-15,0.0,36.15,18.66,25.75,10.59
1998-01-16,0.0,35.76,17.57,25.72,11.1
1998-01-17,0.0,34.84,16.47,31.39,11.42
1998-01-18,0.0,35.42,14.75,36.35,11.61
1998-01-19,0.0,36.45,17.22,30.5,10.8
1998-01-20,0.0,36.99,18.17,26.83,9.95
1998-01-21,0.0,36.71,16.74,29.44,9.64
1998-01-22,0.0,36.33,15.01,31.19,9.54
1998-01-23,0.0,38.3,15.04,30.5,9.34
1998-01-24,0.0,38.67,15.67,38.96,8.42
1998-01-25,0.0,38.65,15.82,35.43,8.68
1998-01-26,0.0,38.27,16.3,34.75,8.52
1998-01-27,0.0,34.45,17.03,55.79,16.71
1998-01-28,0.0,30.63,18.01,67.3,33.16
1998-01-29,0.0,33.48,16.24,76.43,32.03
1998-01-30,0.0,34.41,16.01,73.21,29.11
1998-01-31,0.0,35.26,17.03,69.39,28.32
1998-02-01,0.0,38.63,18.52,64.68,20.72
1998-02-02,0.0,37.39,18.9,70.22,25.72
1998-02-03,0.0,39.64,19.84,58.81,17.62
1998-02-04,0.0,41.9,19.43,50.63,14.82
1998-02-05,0.0,42.76,21.11,50.35,14.96
1998-02-06,0.0,39.69,20.88,79.51,26.89
1998-02-07,0.0,39.56,21.69,86.96,31.98
1998-02-08,0.0,41.41,22.51,70.49,20.3
1998-02-09,0.0,41.5,21.99,64.29,18.62
1998-02-10,0.0,40.24,21.19,66.43,20.01
1998-02-11,0.0,40.48,21.56,53.24,20.44
1998-02-12,0.0,40.28,21.2,58.15,20.0
1998-02-13,0.0,39.66,20.16,64.76,20.49
1998-02-14,0.0,42.57,21.38,58.39,17.09
1998-02-15,0.0,42.22,22.92,38.84,12.77
1998-02-16,0.0,38.52,22.92,29.78,15.55
1998-02-17,0.0,39.74,17.95,39.56,14.24
1998-02-18,0.0,41.31,19.12,43.04,12.64
1998-02-19,0.0,41.39,20.33,34.18,10.84
1998-02-20,0.0,40.26,20.86,28.18,10.61
1998-02-21,0.0,39.35,19.41,27.63,11.75
1998-02-22,0.0,40.41,20.42,28.51,11.23
1998-02-23,0.0,37.93,22.89,26.22,13.03
1998-02-24,0.0,38.94,22.48,20.45,10.49
1998-02-25,0.0,40.13,20.67,28.05,10.65
1998-02-26,0.0,41.9,21.88,30.22,10.49
1998-02-27,0.0,42.6,21.41,27.45,9.76
1998-02-28,0.0,42.6,21.87,24.93,9.58
1998-03-01,0.0,41.99,21.51,26.41,10.81
1998-03-02,0.0,40.91,21.17,25.46,9.77
1998-03-03,0.0,38.85,21.47,21.81,9.57
1998-03-04,0.0,39.16,19.21,29.32,9.69
1998-03-05,0.0,39.67,21.54,27.71,10.81
1998-03-06,0.0,39.6,23.29,43.28,12.69
1998-03-07,0.0,40.71,21.78,28.28,9.08
1998-03-08,0.0,41.37,21.61,18.94,9.2
1998-03-09,0.0,41.79,21.64,23.39,8.75
1998-03-10,0.0,41.23,20.41,38.43,9.22
1998-03-11,0.0,42.43,20.84,47.95,8.09
1998-03-12,0.0,42.07,21.2,59.45,9.2
1998-03-13,0.0,41.75,20.82,51.72,10.44
1998-03-14,0.0,39.85,20.88,39.66,12.62
1998-03-15,0.0,39.63,22.17,33.16,13.8
1998-03-16,0.0,36.61,24.79,26.66,14.62
1998-03-17,0.0,39.31,23.24,26.92,13.57
1998-03-18,0.0,41.88,22.11,26.53,11.68
1998-03-19,0.0,42.62,23.49,23.66,10.68
1998-03-20,0.0,42.31,22.6,22.93,9.33
1998-03-21,0.0,43.37,22.94,29.84,11.45
1998-03-22,0.0,41.95,23.0,48.03,17.63
1998-03-23,0.0,39.93,22.24,58.59,19.93
1998-03-24,0.0,39.04,22.83,63.63,24.85
1998-03-25,0.0,40.54,22.63,59.5,19.63
1998-03-26,0.0,42.24,22.72,65.6,20.24
1998-03-27,0.0,36.84,22.09,78.38,39.95
1998-03-28,0.0,38.0,23.05,62.85,30.23
1998-03-29,0.0,38.24,21.79,66.49,30.82
1998-03-30,0.0,42.23,23.06,55.85,22.47
1998-03-31,0.0,44.37,24.61,60.79,15.53
1998-04-01,0.0,43.57,24.9,58.75,17.45
1998-04-02,0.0,43.46,24.93,68.21,19.64
1998-04-03,0.0,44.19,23.91,64.37,16.85
1998-04-04,0.0,42.23,23.51,53.73,17.5
1998-04-05,0.0,42.71,23.3,49.95,17.71
1998-04-06,0.0,44.77,24.11,44.85,13.51
1998-04-07,0.0,44.25,24.97,49.37,16.26
1998-04-08,0.0,41.71,23.76,62.82,20.62
1998-04-09,0.0,40.72,23.18,67.08,23.49
1998-04-10,0.0,42.4,23.07,66.75,19.06
1998-04-11,0.0,43.75,24.26,49.44,15.44
1998-04-12,0.0,44.04,25.09,31.81,12.6
1998-04-13,0.0,42.63,25.27,41.79,15.09
1998-04-14,0.0,42.78,24.68,48.55,15.56
1998-04-15,0.0,40.63,24.62,41.39,20.09
1998-04-16,0.0,42.17,24.97,43.86,17.7
1998-04-17,0.0,42.58,26.03,39.63,17.25
1998-04-18,0.0,41.22,24.49,54.66,20.95
1998-04-19,0.0,41.43,23.01,54.5,20.54
1998-04-20,0.0,41.07,23.23,53.61,20.99
1998-04-21,0.0,41.75,23.1,57.01,17.18
1998-04-22,0.0,43.38,23.68,52.29,13.9
1998-04-23,0.08,44.22,24.6,40.25,15.12
1998-04-24,0.0,44.52,25.81,53.41,19.85
1998-04-25,0.0,43.07,25.67,50.87,19.42
1998-04-26,0.0,43.59,25.06,55.26,17.69
1998-04-27,0.0,43.97,24.42,62.61,18.24
1998-04-28,0.0,42.16,24.25,73.07,21.71
1998-04-29,0.0,42.64,23.05,75.73,19.51
1998-04-30,0.0,41.05,22.98,72.07,20.65
1998-05-01,0.0,40.05,22.31,70.64,20.6
1998-05-02,0.0,41.58,22.95,63.38,16.41
1998-05-03,0.0,42.34,23.54,50.44,15.74
1998-05-04,0.0,43.04,24.63,44.35,13.68
1998-05-05,0.0,41.04,25.25,48.55,17.93
1998-05-06,0.0,40.12,24.09,56.76,16.12
1998-05-07,0.0,40.84,24.61,54.47,18.26
1998-05-08,0.0,43.64,25.53,43.16,14.77
1998-05-09,0.0,43.81,26.15,49.22,17.28
1998-05-10,0.0,42.4,28.74,51.39,19.72
1998-05-11,0.0,41.13,27.74,64.76,27.55
1998-05-12,0.0,43.25,26.13,64.04,20.14
1998-05-13,0.0,42.34,24.66,62.5,23.05
1998-05-14,0.0,40.78,24.42,72.01,25.99
1998-05-15,0.0,41.34,24.2,74.24,24.58
1998-05-16,0.02,41.74,25.85,68.02,27.09
1998-05-17,0.0,42.34,24.82,67.65,25.84
1998-05-18,0.0,44.09,26.8,65.91,22.97
1998-05-19,0.0,41.34,25.42,79.11,32.41
1998-05-20,0.0,41.61,25.46,72.08,26.28
1998-05-21,0.0,39.92,25.64,67.99,25.28
1998-05-22,0.0,40.68,24.35,71.85,25.13
1998-05-23,0.0,41.44,25.25,63.42,22.77
1998-05-24,0.0,42.19,25.59,58.8,20.63
1998-05-25,0.0,41.43,24.26,57.93,20.17
1998-05-26,0.0,42.0,24.39,56.75,19.07
1998-05-27,0.0,43.57,24.78,53.01,15.73
1998-05-28,0.0,43.31,25.61,58.35,18.37
1998-05-29,0.0,42.58,26.09,64.48,24.21
1998-05-30,0.0,41.38,26.1,64.62,24.47
1998-05-31,0.0,41.4,25.22,66.89,22.52
1998-06-01,0.0,42.79,25.49,61.13,13.97
1998-06-02,0.0,39.25,24.65,71.46,26.68
1998-06-03,0.0,40.01,24.1,71.12,25.11
1998-06-04,0.0,39.44,24.15,76.27,24.01
1998-06-05,0.0,38.66,24.79,67.3,26.34
1998-06-06,0.0,39.95,25.48,62.6,24.44
1998-06-07,0.0,40.15,25.26,60.84,22.07
1998-06-08,0.0,40.1,24.95,64.89,21.45
1998-06-09,0.0,39.51,24.6,73.24,23.79
1998-06-10,0.0,40.4,25.08,68.46,22.48
1998-06-11,0.0,39.65,25.02,71.33,26.66
1998-06-12,0.0,39.63,25.51,72.47,30.36
1998-06-13,0.0,39.52,26.08,68.37,27.87
1998-06-14,0.0,41.87,27.61,66.67,26.72
1998-06-15,0.0,40.57,26.62,72.07,29.34
1998-06-16,7.11,40.9,26.62,79.76,32.15
1998-06-17,0.61,38.08,24.35,93.51,41.67
1998-06-18,0.0,39.78,25.82,86.97,32.83
1998-06-19,0.0,38.36,26.39,65.56,33.06
1998-06-20,0.0,38.0,25.1,73.74,37.58
1998-06-21,32.68,38.04,25.21,83.54,41.21
1998-06-22,0.0,35.75,23.08,96.48,51.2
1998-06-23,0.0,39.9,26.4,82.76,32.41
1998-06-24,0.0,37.82,26.91,73.09,43.64
1998-06-25,0.0,36.96,26.36,82.33,47.74
1998-06-26,0.0,36.96,25.69,85.34,43.57
1998-06-27,0.0,38.01,26.09,86.68,38.9
1998-06-28,0.0,37.95,25.04,77.99,32.61
1998-06-29,0.0,38.03,24.62,77.81,30.37
1998-06-30,0.0,37.77,25.64,74.84,37.48
1998-07-01,3.31,38.16,26.01,74.66,38.13
1998-07-02,5.23,34.96,24.04,88.72,50.87
1998-07-03,0.0,39.07,25.13,85.59,28.55
1998-07-04,0.0,39.17,24.54,69.48,29.49
1998-07-05,0.0,38.21,25.8,75.64,37.51
1998-07-06,0.0,36.54,25.84,78.83,42.53
1998-07-07,0.0,36.86,24.57,74.72,40.0
1998-07-08,1.09,37.39,25.13,69.7,37.62
1998-07-09,0.09,37.05,25.07,84.74,44.94
1998-07-10,0.0,36.67,25.66,82.6,46.47
1998-07-11,0.0,37.4,25.96,84.29,39.54
1998-07-12,0.0,36.36,23.56,76.32,31.85
1998-07-13,0.0,36.03,23.48,68.44,33.17
1998-07-14,0.0,36.26,23.34,72.94,33.41
1998-07-15,0.0,36.59,23.84,77.28,38.11
1998-07-16,6.18,37.32,24.85,82.7,41.43
1998-07-17,11.77,36.47,25.09,83.6,47.93
1998-07-18,2.84,36.19,24.9,91.09,49.42
1998-07-19,36.72,34.89,25.2,94.67,53.5
1998-07-20,0.12,32.32,22.84,98.27,64.54
1998-07-21,0.42,33.83,24.6,94.3,56.29
1998-07-22,4.54,33.97,25.1,92.78,55.5
1998-07-23,15.29,31.24,24.11,98.17,70.87
1998-07-24,4.71,33.06,23.92,96.14,60.92
1998-07-25,1.36,32.65,22.77,95.99,63.35
1998-07-26,0.0,33.25,24.78,97.2,64.82
1998-07-27,0.04,33.49,25.45,94.3,60.43
1998-07-28,30.38,31.81,24.78,96.72,70.1
1998-07-29,0.27,31.76,23.52,95.97,64.96
1998-07-30,0.0,33.61,24.35,92.21,57.45
1998-07-31,0.0,34.63,24.76,90.67,55.58
1998-08-01,0.22,35.12,25.3,84.09,50.52
1998-08-02,0.07,34.58,24.28,89.23,52.66
1998-08-03,0.9,33.53,24.8,90.07,59.37
1998-08-04,24.6,32.3,24.25,94.86,65.7
1998-08-05,1.62,32.25,23.65,96.75,68.48
1998-08-06,0.01,33.24,24.35,97.18,61.66
1998-08-07,1.68,33.38,25.19,90.75,63.58
1998-08-08,4.71,34.34,24.45,96.1,59.66
1998-08-09,20.02,34.07,25.12,93.49,58.44
1998-08-10,4.1,31.08,23.68,98.02,70.1
1998-08-11,11.5,33.55,23.58,95.98,62.22
1998-08-12,0.0,33.24,24.13,93.92,64.08
1998-08-13,0.61,32.79,24.32,95.89,61.15
1998-08-14,11.03,31.77,24.55,96.08,68.03
1998-08-15,19.6,32.32,23.72,97.88,67.63
1998-08-16,5.14,32.34,23.13,97.88,68.72
1998-08-17,13.65,28.41,23.12,98.7,82.75
1998-08-18,0.06,33.06,23.41,98.03,64.85
1998-08-19,1.48,33.22,25.21,91.02,63.55
1998-08-20,1.98,33.44,24.68,91.26,62.08
1998-08-21,7.15,31.39,23.29,97.09,69.38
1998-08-22,13.93,29.06,22.75,98.57,78.72
1998-08-23,0.13,32.84,23.04,98.56,64.5
1998-08-24,0.0,33.9,24.24,94.43,61.12
1998-08-25,2.92,35.07,25.23,89.83,57.03
1998-08-26,7.18,31.85,23.84,95.04,71.48
1998-08-27,9.17,30.53,23.72,96.61,74.11
1998-08-28,0.0,34.08,22.81,96.33,59.09
1998-08-29,0.0,34.65,25.12,91.48,62.88
1998-08-30,0.05,33.62,25.45,89.43,64.2
1998-08-31,1.26,34.53,24.53,91.26,61.93
1998-09-01,14.95,33.9,24.73,92.21,59.98
1998-09-02,2.3,33.65,23.94,97.99,63.96
1998-09-03,0.19,33.81,23.65,96.72,64.58
1998-09-04,0.13,32.13,24.44,95.81,67.78
1998-09-05,0.0,34.53,24.43,92.88,60.13
1998-09-06,3.11,35.23,25.47,94.6,58.11
1998-09-07,32.5,29.81,23.18,99.15,83.14
1998-09-08,9.62,29.99,22.92,98.4,74.61
1998-09-09,8.83,29.97,23.17,97.95,79.02
1998-09-10,4.43,32.07,23.62,97.95,67.91
1998-09-11,9.92,30.91,23.59,97.73,72.37
1998-09-12,1.1,33.06,23.2,94.0,62.63
1998-09-13,1.33,33.46,24.39,95.61,62.48
1998-09-14,0.05,34.18,24.65,96.14,65.75
1998-09-15,29.99,32.94,23.58,96.21,67.6
1998-09-16,0.64,30.5,22.95,98.19,73.58
1998-09-17,0.03,33.2,23.68,98.0,64.26
1998-09-18,1.92,31.89,23.73,98.48,70.44
1998-09-19,3.96,32.26,22.89,99.32,70.99
1998-09-20,8.47,33.78,23.0,99.01,63.9
1998-09-21,0.02,33.24,23.78,97.32,61.84
1998-09-22,0.06,33.8,24.13,89.37,61.14
1998-09-23,0.02,33.85,24.23,95.38,63.29
1998-09-24,7.49,34.8,24.81,93.59,56.22
1998-09-25,1.14,31.32,23.65,95.88,73.83
1998-09-26,0.08,33.39,23.74,96.14,61.2
1998-09-27,0.02,34.55,23.96,96.58,58.06
1998-09-28,7.05,35.09,24.46,97.88,58.2
1998-09-29,3.04,34.75,23.79,91.04,57.13
1998-09-30,1.58,34.68,23.42,94.76,58.52
1998-10-01,0.02,34.8,23.59,96.75,63.01
1998-10-02,1.53,33.92,24.17,96.16,63.2
1998-10-03,0.57,34.31,23.91,98.1,62.7
1998-10-04,0.11,34.33,24.18,97.61,66.23
1998-10-05,0.0,35.28,23.64,97.83,57.61
1998-10-06,0.32,35.7,24.41,98.22,58.34
1998-10-07,0.03,36.4,24.25,98.02,58.28
1998-10-08,0.0,39.04,24.66,96.0,30.76
1998-10-09,0.0,36.82,23.77,62.64,32.27
1998-10-10,0.42,34.05,21.87,81.5,43.98
1998-10-11,0.0,32.93,22.94,94.04,64.59
1998-10-12,0.0,36.25,23.14,96.04,48.66
1998-10-13,0.0,37.07,24.16,87.92,38.75
1998-10-14,0.0,37.51,24.26,79.56,32.45
1998-10-15,0.0,37.61,22.65,88.38,36.5
1998-10-16,0.1,37.29,23.55,97.84,42.22
1998-10-17,0.01,37.33,24.37,94.2,42.5
1998-10-18,0.0,38.19,24.08,88.79,34.99
1998-10-19,0.13,35.76,23.88,95.14,51.34
1998-10-20,0.11,36.83,24.4,92.47,51.0
1998-10-21,0.13,38.56,25.11,93.88,36.69
1998-10-22,0.01,36.9,24.21,90.65,47.47
1998-10-23,0.0,36.13,24.24,94.23,51.96
1998-10-24,0.0,37.35,24.09,95.06,27.48
1998-10-25,0.36,37.67,22.11,75.83,24.99
1998-10-26,3.91,37.3,24.39,68.7,37.72
1998-10-27,0.0,38.14,24.65,73.59,33.72
1998-10-28,0.0,38.86,23.8,93.28,28.51
1998-10-29,0.0,37.65,21.57,73.52,28.46
1998-10-30,0.01,35.99,23.41,94.67,45.54
1998-10-31,0.0,34.55,24.16,95.94,56.26
1998-11-01,0.0,38.91,21.03,97.32,31.86
1998-11-02,0.0,39.25,22.19,69.06,22.46
1998-11-03,0.0,38.8,21.54,72.84,24.38
1998-11-04,0.0,38.33,20.28,98.85,29.85
1998-11-05,0.0,39.02,19.82,89.65,27.9
1998-11-06,0.0,39.87,20.99,77.95,26.13
1998-11-07,0.0,38.82,20.87,68.48,23.5
1998-11-08,0.0,39.1,19.92,70.1,19.08
1998-11-09,0.0,39.52,20.4,67.77,23.52
1998-11-10,0.0,38.46,20.33,69.07,14.52
1998-11-11,0.0,38.87,18.35,57.18,15.5
1998-11-12,0.0,38.07,19.3,71.76,20.24
1998-11-13,0.0,37.33,18.5,54.76,18.64
1998-11-14,0.0,36.98,17.42,55.87,17.09
1998-11-15,0.0,36.3,18.7,55.76,19.09
1998-11-16,0.0,38.61,20.38,49.16,16.6
1998-11-17,0.0,39.28,20.25,46.44,16.34
1998-11-18,0.0,38.84,20.69,52.84,16.84
1998-11-19,0.0,38.3,19.45,51.76,15.5
1998-11-20,0.0,38.47,17.64,65.15,14.67
1998-11-21,0.0,38.06,18.21,49.6,11.98
1998-11-22,0.0,37.32,17.94,39.83,13.86
1998-11-23,0.0,37.96,17.82,49.31,15.74
1998-11-24,0.0,37.74,18.44,44.55,16.59
1998-11-25,0.0,37.17,20.54,34.35,14.2
1998-11-26,0.0,37.04,18.4,36.05,15.12
1998-11-27,0.0,36.48,18.23,40.42,15.11
1998-11-28,0.0,36.76,17.46,38.64,14.57
1998-11-29,0.0,35.26,18.36,32.56,14.64
1998-11-30,0.0,34.17,18.62,32.43,14.62
1998-12-01,0.0,35.03,18.27,39.29,16.38
1998-12-02,0.0,37.75,16.32,55.94,15.7
1998-12-03,0.0,38.27,17.28,57.2,19.08
1998-12-04,0.0,37.96,17.57,55.38,18.71
1998-12-05,0.0,38.2,17.76,59.67,21.78
1998-12-06,0.0,38.41,17.91,63.56,19.11
1998-12-07,0.0,38.44,18.33,48.91,16.98
1998-12-08,0.0,35.52,19.06,44.56,17.54
1998-12-09,0.0,33.67,17.51,50.6,22.99
1998-12-10,0.0,32.38,16.83,43.62,20.22
1998-12-11,0.0,31.29,15.32,45.51,20.86
1998-12-12,0.0,32.24,15.8,48.49,21.8
1998-12-13,0.0,35.59,16.12,49.15,17.23
1998-12-14,0.0,36.71,18.12,45.05,20.57
1998-12-15,0.0,36.18,18.85,49.61,18.79
1998-12-16,0.0,37.71,17.26,52.24,17.04
1998-12-17,0.0,38.26,17.6,54.5,15.99
1998-12-18,0.0,38.86,17.91,45.86,16.5
1998-12-19,0.0,37.89,18.22,54.73,19.99
1998-12-20,0.0,36.78,17.57,56.0,17.44
1998-12-21,0.0,34.94,19.52,40.16,17.16
1998-12-22,0.0,36.25,16.77,48.09,15.25
1998-12-23,0.0,36.31,15.45,46.89,13.79
1998-12-24,0.0,36.93,14.94,48.89,14.02
1998-12-25,0.0,37.75,16.02,51.41,15.41
1998-12-26,0.0,37.48,16.28,52.97,14.83
1998-12-27,0.0,36.28,15.99,58.39,16.81
1998-12-28,0.0,29.48,18.97,52.62,16.51
1998-12-29,0.0,32.65,16.73,62.37,26.08
1998-12-30,0.0,32.09,17.06,52.14,23.5
1998-12-31,0.0,32.09,14.96,43.43,16.77
1999-01-01,0.0,31.69,13.52,51.63,19.96
1999-01-02,0.0,32.41,13.59,46.67,15.34
1999-01-03,0.0,33.63,14.56,42.33,15.07
1999-01-04,0.0,35.61,15.73,45.29,14.42
1999-01-05,0.0,34.23,18.05,44.08,16.73
1999-01-06,0.0,33.85,18.48,53.27,18.06
1999-01-07,0.0,33.03,17.26,65.87,27.88
1999-01-08,0.0,31.93,16.58,87.5,40.91
1999-01-09,0.0,31.82,18.76,75.67,42.86
1999-01-10,0.0,32.55,17.78,77.43,31.39
1999-01-11,0.0,33.78,16.91,63.14,26.36
1999-01-12,0.0,30.47,16.26,59.16,26.88
1999-01-13,0.0,30.43,15.11,70.01,30.33
1999-01-14,0.0,30.13,13.88,80.47,26.99
1999-01-15,0.0,32.04,14.36,51.76,22.51
1999-01-16,0.0,35.79,15.68,44.51,20.94
1999-01-17,0.0,35.81,18.02,40.23,19.54
1999-01-18,0.0,34.58,18.46,34.52,16.47
1999-01-19,0.0,33.66,15.25,41.23,17.17
1999-01-20,0.0,34.34,14.87,44.47,15.63
1999-01-21,0.0,33.77,15.39,42.89,15.08
1999-01-22,0.0,32.94,13.92,37.89,15.94
1999-01-23,0.0,32.35,13.95,42.86,17.23
1999-01-24,0.0,34.23,14.78,35.93,14.38
1999-01-25,0.0,35.66,16.25,37.63,15.83
1999-01-26,0.0,34.71,17.2,33.16,16.66
1999-01-27,0.0,33.32,16.95,34.55,16.86
1999-01-28,0.0,32.75,15.67,35.17,15.31
1999-01-29,0.0,35.06,14.02,34.89,12.13
1999-01-30,0.0,35.32,14.34,35.54,12.13
1999-01-31,0.0,37.13,15.56,33.07,10.91
1999-02-01,0.0,37.26,17.34,28.17,8.74
1999-02-02,0.0,37.07,16.21,27.63,9.64
1999-02-03,0.0,36.22,18.26,30.96,10.35
1999-02-04,0.0,35.71,20.1,28.15,12.83
1999-02-05,0.0,32.72,18.44,16.57,8.57
1999-02-06,0.0,32.67,17.08,14.9,8.6
1999-02-07,0.0,32.21,15.37,15.77,8.17
1999-02-08,0.0,34.37,14.01,20.62,9.37
1999-02-09,0.0,36.56,15.17,26.39,8.55
1999-02-10,0.0,38.12,16.74,23.81,7.53
1999-02-11,0.0,38.89,17.81,27.49,8.11
1999-02-12,0.0,38.77,18.0,29.33,8.91
1999-02-13,0.0,37.63,18.53,30.65,13.27
1999-02-14,0.0,36.29,16.96,36.43,12.57
1999-02-15,0.0,35.32,16.15,37.59,13.2
1999-02-16,0.0,33.35,16.8,37.36,16.05
1999-02-17,0.0,35.44,15.55,38.22,12.57
1999-02-18,0.0,35.88,16.47,27.96,12.18
1999-02-19,0.0,34.07,17.97,26.54,14.43
1999-02-20,0.0,33.43,16.92,25.2,13.39
1999-02-21,0.0,34.72,17.39,23.11,13.03
1999-02-22,0.0,36.4,17.7,27.23,11.89
1999-02-23,0.0,38.05,17.95,26.41,11.53
1999-02-24,0.0,39.49,18.87,25.7,11.15
1999-02-25,0.0,40.28,20.45,24.17,12.16
1999-02-26,0.0,40.51,20.37,25.54,9.68
1999-02-27,0.0,39.08,19.29,23.26,9.64
1999-02-28,0.0,35.81,19.61,33.13,13.66
1999-03-01,0.0,38.32,20.39,34.2,14.24
1999-03-02,0.0,38.25,19.96,39.95,17.38
1999-03-03,0.0,38.05,19.37,33.84,12.74
1999-03-04,0.0,38.76,19.54,32.3,14.72
1999-03-05,0.0,39.04,20.68,33.39,14.31
1999-03-06,0.0,38.92,22.03,28.04,12.45
1999-03-07,0.0,40.13,21.48,27.23,11.62
1999-03-08,0.0,40.71,20.97,28.52,12.35
1999-03-09,0.0,39.3,19.49,43.29,17.7
1999-03-10,0.0,36.88,19.4,53.4,22.77
1999-03-11,0.0,36.62,19.43,47.66,21.41
1999-03-12,0.0,37.88,19.2,50.09,17.46
1999-03-13,0.0,36.79,18.5,50.35,18.6
1999-03-14,0.0,37.05,19.03,52.57,18.42
1999-03-15,0.0,38.84,19.77,48.43,16.59
1999-03-16,0.0,40.31,20.58,35.97,14.53
1999-03-17,0.0,41.17,20.78,38.48,14.21
1999-03-18,0.0,41.06,20.74,44.45,18.13
1999-03-19,0.0,40.83,21.35,46.26,14.67
1999-03-20,0.0,43.18,22.09,44.09,12.3
1999-03-21,0.0,43.38,22.44,46.88,13.91
1999-03-22,0.0,41.62,21.58,58.77,20.72
1999-03-23,0.0,40.57,21.25,62.88,20.98
1999-03-24,0.0,40.71,21.25,55.85,19.78
1999-03-25,0.0,39.07,19.49,65.52,24.08
1999-03-26,0.0,37.29,19.67,61.38,21.3
1999-03-27,0.0,40.19,21.99,38.55,15.46
1999-03-28,0.0,40.52,21.35,36.21,12.87
1999-03-29,0.0,41.78,21.44,39.64,10.99
1999-03-30,0.0,42.61,21.56,41.9,11.13
1999-03-31,0.0,41.26,20.76,50.22,10.54
1999-04-01,0.0,41.06,22.01,50.12,12.99
1999-04-02,0.0,42.89,21.41,52.6,10.86
1999-04-03,0.0,43.15,21.86,54.65,12.12
1999-04-04,0.0,43.65,22.88,52.48,11.18
1999-04-05,0.0,43.39,22.78,53.64,11.16
1999-04-06,0.0,42.09,21.61,66.84,16.53
1999-04-07,0.0,41.96,21.13,65.24,12.28
1999-04-08,0.0,40.37,21.58,63.84,17.03
1999-04-09,0.0,39.83,21.8,63.78,16.22
1999-04-10,0.05,40.7,23.11,57.58,18.14
1999-04-11,0.0,42.39,24.74,45.51,20.54
1999-04-12,0.0,44.1,26.77,51.14,16.81
1999-04-13,0.0,41.87,24.57,57.77,20.96
1999-04-14,0.0,38.73,21.2,64.77,21.63
1999-04-15,0.0,36.68,19.43,76.63,25.69
1999-04-16,0.0,38.55,19.9,70.4,22.45
1999-04-17,0.0,39.77,21.55,64.66,17.44
1999-04-18,0.0,44.3,24.0,44.66,11.73
1999-04-19,0.0,43.54,24.8,45.37,13.08
1999-04-20,0.0,41.55,25.89,37.06,13.45
1999-04-21,0.0,42.31,24.19,37.47,11.75
1999-04-22,0.0,44.08,23.03,57.56,10.34
1999-04-23,0.0,44.2,23.2,59.15,12.11
1999-04-24,0.0,42.76,22.43,70.62,16.21
1999-04-25,0.0,40.75,22.19,78.4,24.7
1999-04-26,0.0,39.27,22.14,82.18,30.35
1999-04-27,0.0,38.75,21.72,87.78,30.26
1999-04-28,0.0,36.05,21.56,75.97,30.3
1999-04-29,0.0,37.48,20.43,76.21,24.53
1999-04-30,0.0,40.06,22.04,61.87,19.55
1999-05-01,0.0,40.92,25.01,50.6,16.02
1999-05-02,0.0,43.78,24.99,39.64,11.43
1999-05-03,0.0,43.98,27.23,30.88,13.1
1999-05-04,0.0,43.03,25.45,54.85,17.88
1999-05-05,0.0,40.8,23.5,73.7,22.15
1999-05-06,0.0,42.13,22.48,73.66,14.85
1999-05-07,0.0,43.04,22.34,68.53,15.02
1999-05-08,0.0,41.06,22.57,79.69,21.65
1999-05-09,0.0,40.13,22.69,79.39,23.29
1999-05-10,0.0,40.03,21.87,79.91,21.36
1999-05-11,0.0,41.36,21.86,77.81,16.2
1999-05-12,0.0,40.04,22.15,76.55,25.16
1999-05-13,0.0,39.88,23.39,78.19,30.28
1999-05-14,0.0,39.57,23.91,77.6,30.54
1999-05-15,0.0,38.52,23.67,78.69,33.41
1999-05-16,0.0,38.2,23.34,86.31,35.26
1999-05-17,0.0,36.38,23.06,85.33,37.59
1999-05-18,0.03,40.38,24.85,75.57,30.74
1999-05-19,1.23,40.53,24.86,85.73,32.49
1999-05-20,0.0,41.81,25.17,74.93,21.71
1999-05-21,0.01,40.16,24.57,71.04,28.98
1999-05-22,0.0,40.58,25.71,78.69,35.68
1999-05-23,0.0,40.61,25.5,82.09,30.58
1999-05-24,0.0,41.45,24.66,84.74,22.44
1999-05-25,0.0,39.54,23.67,78.65,23.19
1999-05-26,0.0,38.78,23.01,76.5,27.04
1999-05-27,0.0,40.13,22.75,69.78,18.28
1999-05-28,0.0,41.87,23.07,68.12,23.19
1999-05-29,0.0,40.07,24.55,83.84,31.77
1999-05-30,0.0,41.31,25.66,78.46,30.28
1999-05-31,0.0,41.29,25.84,74.01,28.78
1999-06-01,0.0,41.03,26.3,67.4,25.53
1999-06-02,0.11,41.27,26.56,73.92,26.5
1999-06-03,0.0,40.09,26.56,77.34,33.18
1999-06-04,0.0,39.99,25.92,76.13,31.23
1999-06-05,4.57,39.54,26.26,80.44,35.9
1999-06-06,1.64,35.25,24.13,93.03,53.99
1999-06-07,0.0,38.27,25.24,88.94,40.04
1999-06-08,0.0,37.73,25.54,84.17,39.45
1999-06-09,0.0,39.88,25.89,82.49,33.12
1999-06-10,0.0,38.77,25.89,82.13,37.29
1999-06-11,0.0,38.97,25.15,86.19,34.5
1999-06-12,0.0,39.48,26.34,79.65,36.19
1999-06-13,0.01,39.52,26.67,77.82,34.43
1999-06-14,0.66,37.27,24.9,90.36,45.88
1999-06-15,0.01,40.78,25.62,87.05,29.35
1999-06-16,0.31,39.83,26.31,76.75,32.93
1999-06-17,0.05,39.03,24.92,84.57,35.58
1999-06-18,1.93,35.16,24.12,92.33,53.43
1999-06-19,0.12,38.1,24.64,86.98,33.62
1999-06-20,3.32,39.96,25.31,83.3,34.51
1999-06-21,6.97,38.27,25.65,94.36,40.01
1999-06-22,9.82,35.19,25.3,94.75,54.06
1999-06-23,0.01,33.81,23.13,95.47,47.52
1999-06-24,0.0,34.46,23.29,93.35,53.06
1999-06-25,0.0,34.56,24.53,94.11,55.54
1999-06-26,1.75,35.56,25.2,92.99,51.9
1999-06-27,1.3,34.24,23.9,94.09,53.54
1999-06-28,6.01,36.55,24.76,90.74,46.93
1999-06-29,3.95,33.71,25.02,87.17,59.54
1999-06-30,0.04,33.77,23.57,97.13,60.05
1999-07-01,11.11,33.86,23.77,93.46,54.83
1999-07-02,16.53,35.45,24.29,95.19,49.12
1999-07-03,6.91,34.51,23.19,93.87,52.38
1999-07-04,30.04,34.31,24.3,93.2,54.94
1999-07-05,3.81,30.45,22.99,98.78,69.13
1999-07-06,26.65,34.38,24.18,95.15,54.97
1999-07-07,0.5,31.87,22.63,98.35,65.69
1999-07-08,0.0,33.94,24.13,93.56,54.66
1999-07-09,0.0,34.1,23.98,87.61,51.25
1999-07-10,0.0,35.09,23.58,86.51,48.55
1999-07-11,1.6,34.33,25.19,92.22,56.44
1999-07-12,1.12,33.13,24.4,95.31,59.46
1999-07-13,9.78,33.39,23.36,95.05,58.25
1999-07-14,6.12,35.36,24.04,96.6,49.19
1999-07-15,6.33,33.56,24.53,96.92,59.92
1999-07-16,0.67,34.02,23.83,97.92,56.98
1999-07-17,0.02,34.27,24.73,96.42,58.1
1999-07-18,0.0,34.11,25.1,88.37,53.3
1999-07-19,5.77,33.51,24.58,89.52,58.15
1999-07-20,7.14,35.01,24.76,95.27,54.73
1999-07-21,0.87,34.0,24.19,98.24,58.84
1999-07-22,6.15,32.31,24.16,97.96,63.9
1999-07-23,10.04,31.67,23.94,96.04,66.49
1999-07-24,0.46,33.18,23.76,94.2,59.09
1999-07-25,0.0,35.09,24.32,92.81,52.37
1999-07-26,0.05,34.71,24.27,88.37,50.27
1999-07-27,3.2,33.5,24.72,93.96,56.15
1999-07-28,0.06,34.6,24.18,93.76,53.53
1999-07-29,14.99,32.72,22.97,95.38,64.8
1999-07-30,0.03,35.04,24.07,95.28,54.57
1999-07-31,0.03,33.11,23.75,98.38,62.55
1999-08-01,7.93,33.14,24.57,92.91,62.3
1999-08-02,7.46,33.86,24.15,90.29,57.9
1999-08-03,7.15,34.52,23.7,88.23,59.28
1999-08-04,3.61,35.06,24.41,95.11,59.91
1999-08-05,21.21,32.08,23.76,97.43,68.79
1999-08-06,2.1,31.93,22.39,97.01,67.98
1999-08-07,0.47,32.28,23.43,92.68,65.63
1999-08-08,2.53,32.79,24.31,95.82,60.17
1999-08-09,5.96,32.47,24.31,89.29,59.68
1999-08-10,12.72,30.06,23.79,94.44,71.96
1999-08-11,12.97,32.49,23.46,92.51,62.02
1999-08-12,3.03,32.31,23.64,95.08,63.55
1999-08-13,22.34,35.15,24.17,98.94,56.36
1999-08-14,30.7,31.29,23.69,99.26,73.45
1999-08-15,9.6,30.71,23.07,98.82,73.3
1999-08-16,12.11,30.5,23.26,98.38,73.55
1999-08-17,45.38,30.78,23.21,96.64,71.02
1999-08-18,8.1,30.92,23.27,98.74,72.65
1999-08-19,0.3,32.23,23.04,89.44,62.87
1999-08-20,1.63,33.32,23.8,89.78,59.05
1999-08-21,2.67,31.67,24.11,96.71,68.43
1999-08-22,4.63,32.19,23.07,97.85,68.51
1999-08-23,0.82,32.9,23.79,98.58,65.97
1999-08-24,0.01,30.54,23.99,96.93,72.34
1999-08-25,1.16,30.73,23.92,98.65,72.36
1999-08-26,4.95,30.63,23.41,98.35,70.35
1999-08-27,15.3,31.4,23.47,99.27,69.59
1999-08-28,22.44,32.56,22.99,99.44,66.13
1999-08-29,1.3,30.97,23.19,99.17,71.06
1999-08-30,13.68,31.03,23.49,98.08,72.21
1999-08-31,22.55,32.32,23.79,97.39,67.24
1999-09-01,0.44,30.93,22.38,99.29,71.07
1999-09-02,5.38,31.76,23.45,99.18,70.81
1999-09-03,5.45,33.36,23.05,99.11,63.32
1999-09-04,14.38,33.83,24.34,93.42,63.35
1999-09-05,0.37,32.12,22.73,98.88,69.02
1999-09-06,7.94,32.71,23.06,99.56,71.16
1999-09-07,0.03,32.4,23.34,98.52,70.01
1999-09-08,0.0,32.93,22.72,98.34,63.94
1999-09-09,12.91,33.54,23.4,98.64,60.79
1999-09-10,2.48,31.65,22.8,99.01,68.22
1999-09-11,12.29,33.83,22.91,97.87,59.55
1999-09-12,0.01,32.27,23.0,96.78,66.62
1999-09-13,0.81,33.16,23.05,97.49,62.55
1999-09-14,10.45,31.7,23.69,97.08,70.59
1999-09-15,28.76,30.98,23.36,98.83,70.46
1999-09-16,20.4,32.73,22.86,99.08,66.54
1999-09-17,5.44,31.88,22.69,99.16,70.26
1999-09-18,0.81,34.01,23.48,98.79,61.81
1999-09-19,0.07,32.17,23.7,98.54,71.49
1999-09-20,0.07,32.9,23.24,98.95,66.63
1999-09-21,15.16,33.65,23.14,96.83,61.39
1999-09-22,3.14,33.85,22.53,99.0,58.46
1999-09-23,2.69,34.62,23.67,99.11,56.23
1999-09-24,0.0,31.97,23.31,97.32,67.0
1999-09-25,0.02,34.63,23.88,98.31,58.94
1999-09-26,0.09,32.54,23.97,97.42,66.87
1999-09-27,1.07,31.59,23.18,96.63,68.79
1999-09-28,0.03,34.06,22.73,98.11,55.48
1999-09-29,2.11,32.29,24.21,97.76,63.83
1999-09-30,0.25,34.0,22.73,98.81,57.3
1999-10-01,0.0,35.15,24.34,97.84,60.37
1999-10-02,14.42,34.62,24.34,98.21,62.67
1999-10-03,4.8,34.91,22.6,98.34,57.97
1999-10-04,11.08,33.35,23.44,99.04,64.88
1999-10-05,4.03,30.32,22.5,98.84,77.08
1999-10-06,0.0,33.11,22.32,97.69,63.65
1999-10-07,1.4,35.61,23.73,98.56,51.29
1999-10-08,9.01,33.1,22.99,98.95,65.4
1999-10-09,6.67,31.01,22.37,99.22,72.2
1999-10-10,0.78,32.68,22.07,98.95,68.07
1999-10-11,3.15,33.54,22.44,98.98,63.96
1999-10-12,0.0,34.87,22.76,98.25,57.96
1999-10-13,0.0,36.23,24.12,96.98,52.39
1999-10-14,0.0,34.49,24.51,98.79,61.59
1999-10-15,2.9,33.51,23.65,99.24,66.96
1999-10-16,11.07,33.29,23.2,99.2,65.77
1999-10-17,9.2,31.44,22.0,98.93,72.04
1999-10-18,4.54,31.91,22.55,98.76,70.08
1999-10-19,0.57,33.67,22.29,96.25,60.16
1999-10-20,0.0,34.83,22.76,99.82,47.76
1999-10-21,0.0,36.46,23.35,83.56,41.58
1999-10-22,0.0,36.83,23.86,86.22,42.71
1999-10-23,0.0,38.21,24.77,81.14,34.72
1999-10-24,0.0,37.38,24.69,70.81,36.81
1999-10-25,0.0,35.74,23.22,96.17,46.11
1999-10-26,0.02,34.71,22.69,93.58,48.71
1999-10-27,0.01,31.53,22.07,93.52,64.98
1999-10-28,0.05,33.79,22.06,97.62,48.12
1999-10-29,0.0,35.82,23.33,71.53,36.46
1999-10-30,0.0,36.69,22.4,76.73,33.53
1999-10-31,0.0,35.61,22.53,87.04,38.65
1999-11-01,0.03,36.91,21.8,98.48,41.77
1999-11-02,0.0,37.95,21.32,85.54,24.85
1999-11-03,0.0,37.51,20.77,72.02,27.76
1999-11-04,0.0,36.71,20.34,97.35,38.22
1999-11-05,0.0,35.7,20.8,98.56,47.04
1999-11-06,0.0,37.61,21.11,97.59,31.92
1999-11-07,0.0,37.77,21.82,70.55,31.08
1999-11-08,0.0,37.12,20.11,69.03,20.68
1999-11-09,0.0,36.23,19.42,60.78,19.61
1999-11-10,0.0,36.21,17.76,69.46,26.9
1999-11-11,0.0,36.58,19.3,83.73,34.83
1999-11-12,0.0,37.15,20.02,91.37,33.18
1999-11-13,0.0,38.08,20.71,70.17,25.91
1999-11-14,0.0,37.66,20.27,61.8,21.7
1999-11-15,0.0,35.14,20.5,60.61,25.97
1999-11-16,0.0,35.76,18.96,70.09,28.01
1999-11-17,0.0,35.35,18.49,69.32,28.88
1999-11-18,0.0,35.13,19.22,65.48,30.41
1999-11-19,0.0,34.65,19.69,76.06,35.19
1999-11-20,0.0,36.25,19.89,74.12,33.54
1999-11-21,0.06,36.9,20.65,74.28,34.76
1999-11-22,0.0,37.34,21.52,72.95,35.84
1999-11-23,0.0,37.5,22.02,75.61,34.23
1999-11-24,0.0,37.76,21.77,83.01,32.47
1999-11-25,0.0,37.6,20.59,88.53,31.24
1999-11-26,0.0,37.33,19.83,91.58,30.62
1999-11-27,0.0,36.55,19.09,87.3,29.99
1999-11-28,0.0,37.02,19.3,83.62,33.9
1999-11-29,0.0,37.66,19.98,86.48,26.01
1999-11-30,0.0,37.88,19.35,67.73,25.17
1999-12-01,0.0,37.33,18.32,66.18,26.21
1999-12-02,0.0,37.42,18.55,68.9,28.88
1999-12-03,0.0,37.8,18.4,64.76,24.89
1999-12-04,0.0,36.42,17.36,62.32,22.14
1999-12-05,0.0,37.41,17.04,62.34,21.26
1999-12-06,0.0,36.02,16.57,56.21,22.52
1999-12-07,0.0,36.41,16.3,62.06,20.57
1999-12-08,0.0,37.35,16.56,63.7,19.85
1999-12-09,0.0,35.36,16.42,59.36,22.21
1999-12-10,0.0,35.02,15.52,59.32,20.18
1999-12-11,0.0,35.33,15.23,51.42,21.38
1999-12-12,0.0,35.32,16.37,58.64,20.89
1999-12-13,0.0,34.63,15.47,45.88,19.06
1999-12-14,0.0,34.33,15.74,43.81,18.39
1999-12-15,0.0,34.35,14.6,53.21,19.74
1999-12-16,0.0,35.17,14.59,56.93,18.63
1999-12-17,0.0,35.35,14.89,56.53,16.97
1999-12-18,0.0,32.37,15.01,43.13,16.85
1999-12-19,0.0,29.69,15.57,46.06,18.33
1999-12-20,0.0,29.12,13.26,29.8,16.09
1999-12-21,0.0,31.23,12.77,36.9,17.5
1999-12-22,0.0,31.5,15.28,39.65,19.07
1999-12-23,0.0,31.83,14.26,39.81,17.64
1999-12-24,0.0,32.76,14.77,39.06,19.15
1999-12-25,0.0,31.4,15.29,50.74,20.26
1999-12-26,0.0,32.38,15.81,76.28,28.82
1999-12-27,0.0,34.6,18.76,43.15,20.42
1999-12-28,0.0,34.55,18.49,47.25,18.74
1999-12-29,0.0,36.41,16.75,46.26,16.97
1999-12-30,0.0,34.92,16.08,39.71,12.97
1999-12-31,0.0,32.17,15.81,55.82,20.12
2000-01-01,0.0,33.25,16.95,76.51,25.74
2000-01-02,0.0,33.48,16.92,52.18,18.73
2000-01-03,0.0,33.9,17.74,44.82,19.66
2000-01-04,0.0,31.23,18.8,67.74,28.41
2000-01-05,0.0,28.11,16.66,82.0,51.88
2000-01-06,0.0,30.91,17.26,81.68,41.85
2000-01-07,0.0,32.19,18.48,55.67,31.81
2000-01-08,0.0,33.4,17.26,55.1,21.81
2000-01-09,0.0,34.04,16.6,39.51,17.87
2000-01-10,0.0,36.0,16.8,53.51,29.55
2000-01-11,0.0,35.91,18.24,61.54,30.81
2000-01-12,0.0,35.77,18.03,52.03,27.32
2000-01-13,0.0,34.98,17.66,42.5,20.59
2000-01-14,0.0,33.98,16.7,34.13,16.67
2000-01-15,0.0,34.31,16.6,38.58,17.96
2000-01-16,0.0,34.79,17.17,37.59,17.2
2000-01-17,0.0,36.13,17.31,30.81,11.94
2000-01-18,0.0,37.56,17.76,26.78,11.27
2000-01-19,0.0,37.96,17.75,35.06,14.76
2000-01-20,0.0,37.69,16.68,42.3,16.2
2000-01-21,0.0,37.91,16.52,42.27,14.17
2000-01-22,0.0,37.3,16.53,37.34,14.36
2000-01-23,0.0,37.36,18.68,36.33,16.46
2000-01-24,0.0,37.52,18.91,36.42,14.08
2000-01-25,0.0,35.21,18.2,32.51,14.99
2000-01-26,0.0,35.45,16.09,47.18,15.58
2000-01-27,0.0,36.88,16.92,40.6,16.26
2000-01-28,0.0,37.79,20.03,33.69,15.58
2000-01-29,0.0,39.4,20.28,36.15,15.55
2000-01-30,0.0,40.4,19.03,43.65,14.61
2000-01-31,0.0,40.48,20.86,32.93,13.79
2000-02-01,0.0,36.51,20.41,31.09,14.21
2000-02-02,0.0,35.98,18.82,34.2,14.37
2000-02-03,0.0,35.12,18.38,27.07,11.09
2000-02-04,0.0,34.99,16.29,28.49,9.7
2000-02-05,0.0,35.95,16.84,25.57,10.21
2000-02-06,0.0,34.28,17.69,27.89,11.94
2000-02-07,0.0,33.96,18.5,27.91,12.17
2000-02-08,0.0,35.2,19.48,23.11,11.56
2000-02-09,0.0,35.37,18.97,30.56,13.14
2000-02-10,0.0,35.07,16.99,27.69,12.5
2000-02-11,0.0,36.66,17.4,32.78,12.05
2000-02-12,0.0,37.2,17.27,37.51,11.99
2000-02-13,0.0,38.19,19.08,30.35,11.46
2000-02-14,0.0,37.68,19.69,29.6,11.47
2000-02-15,0.0,37.88,20.67,21.27,9.27
2000-02-16,0.0,37.61,19.56,19.44,9.88
2000-02-17,0.0,37.53,19.25,25.34,10.53
2000-02-18,0.0,37.82,17.96,30.13,10.58
2000-02-19,0.0,38.43,17.62,34.59,10.62
2000-02-20,0.0,39.13,17.83,35.57,11.3
2000-02-21,0.0,38.7,17.63,40.66,11.92
2000-02-22,0.0,35.85,18.74,62.8,20.61
2000-02-23,0.0,34.02,20.23,63.09,29.03
2000-02-24,0.0,33.22,20.04,65.57,32.52
2000-02-25,0.0,37.18,19.0,55.33,20.76
2000-02-26,0.0,38.73,18.45,50.99,15.63
2000-02-27,0.0,41.13,20.04,51.33,13.43
2000-02-28,0.0,39.09,19.41,53.19,16.09
2000-02-29,0.0,38.88,18.86,53.61,17.08
2000-03-01,0.0,38.72,19.56,67.72,20.08
2000-03-02,0.0,38.6,19.4,70.82,20.81
2000-03-03,0.0,39.54,19.98,63.41,18.4
2000-03-04,0.0,40.9,20.66,59.15,11.42
2000-03-05,0.0,41.11,20.51,42.8,10.9
2000-03-06,0.0,41.48,20.51,44.08,9.61
2000-03-07,0.0,42.22,21.79,34.29,11.31
2000-03-08,0.0,40.74,20.9,57.73,15.86
2000-03-09,0.0,41.65,20.49,75.85,12.32
2000-03-10,0.0,42.15,21.22,37.55,10.31
2000-03-11,0.0,40.97,20.93,36.41,11.83
2000-03-12,0.0,40.97,20.26,53.38,10.53
2000-03-13,0.0,41.52,19.97,61.98,8.29
2000-03-14,0.0,41.35,20.49,40.41,6.88
2000-03-15,0.0,40.79,20.17,26.35,6.56
2000-03-16,0.0,40.66,19.93,37.99,8.51
2000-03-17,0.0,41.34,20.35,34.67,7.9
2000-03-18,0.0,41.97,21.17,27.99,7.39
2000-03-19,0.0,41.37,20.97,29.64,9.09
2000-03-20,0.0,41.19,20.92,41.17,9.55
2000-03-21,0.0,40.11,20.07,55.25,12.18
2000-03-22,0.0,40.4,19.7,61.0,12.79
2000-03-23,0.0,42.15,20.56,48.56,9.4
2000-03-24,0.0,40.94,20.08,57.08,12.12
2000-03-25,0.0,41.39,20.11,52.47,13.02
2000-03-26,0.0,41.42,21.22,47.22,12.96
2000-03-27,0.0,40.66,20.79,45.21,11.97
2000-03-28,0.0,40.98,20.9,45.09,13.38
2000-03-29,0.0,41.15,20.66,53.55,15.78
2000-03-30,0.0,40.93,20.83,63.78,18.7
2000-03-31,0.0,44.16,23.09,54.12,19.13
2000-04-01,0.0,43.83,23.88,59.88,16.49
2000-04-02,0.0,40.11,22.34,59.63,23.14
2000-04-03,0.0,38.56,20.75,64.74,25.07
2000-04-04,0.0,39.13,20.99,55.45,21.21
2000-04-05,0.0,43.52,22.95,43.68,14.79
2000-04-06,0.0,43.26,24.25,41.13,16.13
2000-04-07,0.0,40.9,22.59,58.16,19.54
2000-04-08,0.0,40.51,21.33,61.56,20.05
2000-04-09,0.0,41.27,22.02,51.22,19.32
2000-04-10,0.0,42.56,21.94,54.84,15.85
2000-04-11,0.0,42.9,23.13,55.14,15.52
2000-04-12,0.0,43.78,22.93,55.47,11.55
2000-04-13,0.0,43.05,22.89,57.39,13.22
2000-04-14,0.0,44.82,24.31,52.62,11.66
2000-04-15,0.0,43.34,24.29,61.56,19.9
2000-04-16,0.0,42.93,23.68,61.19,16.34
2000-04-17,0.0,41.3,23.14,67.06,25.74
2000-04-18,0.0,39.17,23.43,80.87,32.35
2000-04-19,0.0,41.38,23.13,78.85,27.4
2000-04-20,0.0,41.58,23.43,78.22,19.69
2000-04-21,0.0,45.13,23.48,68.52,6.95
2000-04-22,0.0,44.45,24.49,51.8,7.87
2000-04-23,0.0,43.34,23.2,65.28,10.47
2000-04-24,0.0,41.69,22.24,68.64,18.12
2000-04-25,0.0,40.9,23.73,72.46,28.96
2000-04-26,0.0,41.08,23.87,73.03,20.72
2000-04-27,0.0,42.87,22.6,65.73,14.72
2000-04-28,0.0,43.54,23.61,58.1,16.06
2000-04-29,0.0,43.26,23.6,63.49,15.49
2000-04-30,0.0,40.89,22.42,61.92,12.58
2000-05-01,0.0,40.23,22.43,46.08,14.43
2000-05-02,0.0,38.65,21.66,58.45,19.83
2000-05-03,0.0,38.71,21.54,69.06,21.7
2000-05-04,0.0,38.98,22.41,61.81,20.56
2000-05-05,0.0,41.99,23.48,46.61,16.1
2000-05-06,0.0,42.76,24.07,44.74,15.05
2000-05-07,0.0,43.34,25.32,44.67,15.43
2000-05-08,0.0,41.48,24.58,53.85,16.91
2000-05-09,0.0,40.93,23.25,56.3,15.86
2000-05-10,0.0,42.06,22.97,52.85,15.3
2000-05-11,0.0,39.31,23.36,65.58,21.91
2000-05-12,0.0,39.65,22.08,66.78,22.46
2000-05-13,0.0,40.6,22.56,72.57,23.01
2000-05-14,0.0,40.89,22.7,64.52,17.65
2000-05-15,0.0,40.26,22.49,61.49,20.78
2000-05-16,0.0,39.85,22.02,78.11,22.48
2000-05-17,0.0,40.34,21.91,65.98,20.22
2000-05-18,0.0,42.4,22.82,62.73,16.66
2000-05-19,0.0,42.88,24.29,54.93,16.78
2000-05-20,0.0,40.53,23.88,69.78,22.97
2000-05-21,0.0,38.38,23.18,69.28,24.88
2000-05-22,0.0,37.37,21.16,68.21,22.92
2000-05-23,0.0,37.56,22.41,61.7,19.81
2000-05-24,0.0,40.95,23.44,63.3,20.08
2000-05-25,0.0,41.28,24.58,73.94,26.4
2000-05-26,0.0,39.17,26.53,74.16,35.0
2000-05-27,0.0,40.89,24.46,92.47,27.42
2000-05-28,0.0,39.92,23.98,87.98,31.08
2000-05-29,0.0,41.19,23.74,73.99,22.64
2000-05-30,0.0,41.94,23.99,75.41,20.36
2000-05-31,0.0,41.48,23.74,80.62,22.3
2000-06-01,0.0,39.78,25.3,72.66,27.37
2000-06-02,0.06,36.75,25.07,86.08,45.23
2000-06-03,0.0,40.49,25.39,87.13,32.6
2000-06-04,0.0,39.21,23.95,77.31,31.75
2000-06-05,0.0,37.9,23.27,77.91,24.43
2000-06-06,0.0,38.24,22.73,59.34,18.62
2000-06-07,0.0,38.54,22.37,64.55,20.9
2000-06-08,0.0,38.97,22.96,64.17,22.86
2000-06-09,0.0,37.98,24.35,68.42,33.07
2000-06-10,0.0,37.82,24.68,73.17,35.28
2000-06-11,0.0,40.74,25.66,70.15,24.4
2000-06-12,0.0,39.59,26.04,75.14,34.25
2000-06-13,2.06,39.31,25.06,83.19,37.24
2000-06-14,0.0,39.32,23.56,93.26,33.3
2000-06-15,0.0,39.57,24.77,72.48,27.06
2000-06-16,0.0,38.9,24.51,73.34,32.96
2000-06-17,0.0,38.32,24.82,78.43,37.37
2000-06-18,0.73,38.76,25.06,83.92,39.82
2000-06-19,0.0,38.03,24.41,88.63,40.7
2000-06-20,0.0,38.21,24.68,85.29,39.45
2000-06-21,7.32,34.66,23.26,99.36,61.45
2000-06-22,0.0,33.98,23.12,98.27,58.11
2000-06-23,0.19,35.39,23.32,98.94,53.81
2000-06-24,12.68,33.61,23.85,99.01,64.94
2000-06-25,1.97,32.33,22.96,98.8,70.1
2000-06-26,0.0,33.5,23.29,98.28,62.91
2000-06-27,0.49,35.55,23.61,98.56,52.42
2000-06-28,0.63,35.7,23.86,98.22,47.61
2000-06-29,7.1,34.34,23.62,96.52,56.91
2000-06-30,0.02,36.36,24.42,96.53,47.27
2000-07-01,1.78,35.9,24.69,86.51,48.52
2000-07-02,0.56,36.04,25.04,84.71,48.73
2000-07-03,0.0,35.52,24.36,93.47,52.7
2000-07-04,0.01,35.25,24.33,90.02,52.19
2000-07-05,0.55,36.09,24.52,86.85,48.09
2000-07-06,22.54,35.71,24.57,91.21,46.72
2000-07-07,15.82,32.51,24.94,98.4,61.37
2000-07-08,7.78,27.5,23.2,99.54,86.41
2000-07-09,0.0,33.28,22.37,97.39,60.3
2000-07-10,0.0,33.38,23.5,93.56,59.45
2000-07-11,0.0,33.35,23.15,94.2,59.59
2000-07-12,3.07,33.22,23.53,94.56,58.7
2000-07-13,22.03,32.98,23.6,97.06,63.68
2000-07-14,1.09,33.88,23.2,99.09,58.56
2000-07-15,0.0,33.78,24.12,95.88,57.59
2000-07-16,0.08,31.42,24.36,95.99,67.58
2000-07-17,0.39,32.2,24.29,95.43,65.87
2000-07-18,6.06,31.57,23.87,99.61,70.56
2000-07-19,0.0,32.95,23.49,99.58,57.65
2000-07-20,5.84,32.75,22.44,88.81,54.11
2000-07-21,13.82,30.06,23.53,98.39,71.03
2000-07-22,0.7,28.51,22.78,99.35,78.45
2000-07-23,6.39,32.94,23.18,98.92,61.09
2000-07-24,1.83,33.72,23.53,99.54,58.91
2000-07-25,3.32,30.44,24.19,99.2,76.32
2000-07-26,4.67,29.83,23.37,99.36,73.01
2000-07-27,11.27,28.51,22.33,99.65,73.93
2000-07-28,22.5,31.35,22.76,99.43,67.39
2000-07-29,16.57,33.16,23.38,99.19,58.74
2000-07-30,0.65,32.84,23.77,98.94,60.37
2000-07-31,21.16,29.95,23.46,98.78,67.52
2000-08-01,12.83,25.64,21.98,99.7,88.19
2000-08-02,17.46,32.6,21.73,98.52,65.08
2000-08-03,0.11,32.0,23.05,97.43,67.11
2000-08-04,9.08,31.91,23.0,95.18,62.91
2000-08-05,0.0,29.54,22.36,97.53,73.0
2000-08-06,0.0,33.64,23.54,96.76,59.8
2000-08-07,0.0,33.91,23.72,95.16,59.35
2000-08-08,21.15,31.99,23.73,97.26,68.9
2000-08-09,0.05,33.31,23.63,95.0,61.53
2000-08-10,13.11,31.54,23.24,98.93,70.87
2000-08-11,0.36,32.41,23.31,98.17,64.17
2000-08-12,0.17,31.84,23.48,98.37,65.49
2000-08-13,1.84,33.66,23.46,98.53,61.6
2000-08-14,15.2,31.72,23.59,92.92,67.56
2000-08-15,0.0,32.23,23.1,96.29,63.82
2000-08-16,0.0,32.95,22.89,97.72,60.36
2000-08-17,1.96,33.14,23.47,91.65,60.54
2000-08-18,2.49,33.33,24.39,92.83,61.51
2000-08-19,5.68,33.54,24.11,99.36,63.13
2000-08-20,29.55,32.55,23.16,98.84,66.73
2000-08-21,12.29,31.21,22.58,99.51,69.24
2000-08-22,0.63,32.85,22.81,98.48,67.02
2000-08-23,1.15,32.35,23.36,98.66,67.81
2000-08-24,3.02,33.83,24.21,99.27,62.91
2000-08-25,3.95,31.0,24.44,99.28,74.15
2000-08-26,0.87,33.08,23.17,98.03,64.09
2000-08-27,6.83,33.32,23.8,98.75,64.11
2000-08-28,0.01,32.84,23.57,98.68,67.1
2000-08-29,9.36,34.79,24.01,98.74,59.14
2000-08-30,13.19,33.83,24.27,94.34,63.78
2000-08-31,5.99,35.23,24.06,95.35,58.16
2000-09-01,3.07,34.42,24.44,89.45,55.22
2000-09-02,0.85,33.71,24.9,89.57,57.32
2000-09-03,9.66,34.75,22.92,98.0,54.61
2000-09-04,0.29,35.79,23.83,87.35,47.86
2000-09-05,0.09,35.77,24.67,82.7,53.59
2000-09-06,0.11,33.21,25.18,90.2,67.34
2000-09-07,1.5,35.43,24.51,91.68,55.5
2000-09-08,0.03,34.45,23.51,98.59,60.31
2000-09-09,11.08,32.94,23.34,99.32,71.39
2000-09-10,21.83,31.33,22.87,99.48,74.82
2000-09-11,0.0,33.3,22.22,99.12,59.97
2000-09-12,2.0,34.04,23.49,96.91,64.45
2000-09-13,0.18,31.67,23.14,99.28,73.1
2000-09-14,11.53,32.55,22.4,99.73,67.92
2000-09-15,0.68,32.98,22.51,99.76,67.66
2000-09-16,13.93,32.33,23.29,99.77,73.33
2000-09-17,0.03,33.03,22.96,99.41,65.72
2000-09-18,0.57,31.94,22.89,99.79,71.7
2000-09-19,14.86,32.08,22.52,99.58,71.95
2000-09-20,0.23,34.14,23.03,98.54,63.49
2000-09-21,2.04,33.16,23.19,99.2,62.19
2000-09-22,21.23,32.69,23.01,99.29,68.95
2000-09-23,0.0,32.45,22.62,99.67,67.35
2000-09-24,0.0,33.94,23.15,99.14,61.0
2000-09-25,0.05,34.75,24.15,91.0,56.5
2000-09-26,2.3,31.88,23.88,96.01,69.0
2000-09-27,0.01,31.69,23.17,96.02,68.19
2000-09-28,0.0,33.7,21.64,98.94,55.63
2000-09-29,0.19,35.07,23.1,89.12,51.63
2000-09-30,6.28,35.35,23.03,92.14,53.33
2000-10-01,4.71,33.99,23.34,99.2,68.77
2000-10-02,6.19,33.77,22.3,99.14,62.22
2000-10-03,3.5,32.33,22.21,99.7,74.58
2000-10-04,0.01,33.7,21.83,99.41,60.32
2000-10-05,0.0,33.16,23.01,99.05,65.29
2000-10-06,0.0,34.95,22.24,99.67,56.25
2000-10-07,0.0,36.65,23.42,99.63,39.36
2000-10-08,0.01,35.47,22.61,72.87,33.93
2000-10-09,0.11,36.5,22.81,73.05,36.1
2000-10-10,0.0,36.74,23.35,87.12,40.76
2000-10-11,0.92,36.53,23.55,92.01,48.51
2000-10-12,4.59,32.83,23.48,99.36,67.97
2000-10-13,18.3,33.36,22.43,99.6,65.21
2000-10-14,35.29,28.3,22.12,99.64,90.52
2000-10-15,1.29,30.49,21.27,99.42,76.44
2000-10-16,15.16,29.5,22.14,99.82,82.32
2000-10-17,11.45,32.24,21.4,99.64,61.49
2000-10-18,0.46,34.4,22.7,89.43,54.02
2000-10-19,0.0,34.45,22.89,78.93,46.84
2000-10-20,0.0,35.84,23.42,61.75,31.09
2000-10-21,0.0,36.29,23.07,58.07,28.18
2000-10-22,0.0,35.69,22.13,52.17,24.3
2000-10-23,0.05,35.13,21.27,58.96,25.72
2000-10-24,0.01,35.03,21.2,54.51,26.7
2000-10-25,0.03,35.07,22.09,56.14,31.32
2000-10-26,0.0,36.69,23.46,78.46,34.42
2000-10-27,0.0,38.38,23.78,61.22,30.69
2000-10-28,0.0,38.06,24.14,72.92,35.5
2000-10-29,0.0,36.66,23.27,96.35,43.48
2000-10-30,0.0,36.15,23.11,97.3,45.25
2000-10-31,0.0,36.06,23.45,84.86,44.87
2000-11-01,0.0,37.58,20.5,98.09,42.85
2000-11-02,0.0,37.97,21.03,84.8,28.08
2000-11-03,0.0,37.36,20.27,68.11,25.7
2000-11-04,0.0,37.86,20.14,55.48,21.02
2000-11-05,0.0,38.23,20.04,55.44,22.88
2000-11-06,0.0,38.83,20.39,59.17,17.83
2000-11-07,0.0,36.74,19.04,90.9,31.24
2000-11-08,0.0,36.83,19.72,98.24,44.84
2000-11-09,0.0,34.77,20.26,99.46,61.02
2000-11-10,0.0,35.51,18.71,99.17,42.28
2000-11-11,0.0,35.2,19.2,88.79,36.84
2000-11-12,0.04,33.07,19.01,92.46,49.18
2000-11-13,0.0,35.21,18.76,96.62,43.24
2000-11-14,0.0,36.19,19.64,90.13,39.26
2000-11-15,0.0,36.1,19.64,94.64,40.67
2000-11-16,0.0,36.85,20.48,79.84,30.03
2000-11-17,0.0,37.94,21.01,58.81,25.51
2000-11-18,0.0,36.96,20.23,61.13,23.97
2000-11-19,0.0,36.67,19.21,58.49,24.32
2000-11-20,0.0,36.16,18.87,59.64,22.67
2000-11-21,0.0,36.81,19.19,51.28,21.65
2000-11-22,0.0,34.77,18.35,45.83,15.99
2000-11-23,0.0,33.93,17.49,41.8,13.24
2000-11-24,0.0,33.8,17.18,42.28,13.86
2000-11-25,0.0,32.33,17.02,41.55,14.67
2000-11-26,0.0,33.4,16.79,46.04,14.63
2000-11-27,0.0,33.64,16.51,51.76,18.64
2000-11-28,0.0,34.21,16.43,52.64,18.33
2000-11-29,0.0,36.7,17.5,48.4,17.46
2000-11-30,0.0,36.97,18.82,54.67,20.09
2000-12-01,0.0,36.48,17.44,45.1,18.42
2000-12-02,0.0,34.83,15.79,43.34,18.98
2000-12-03,0.0,33.88,15.39,40.0,16.25
2000-12-04,0.0,34.83,16.23,35.56,17.45
2000-12-05,0.0,34.54,16.3,37.97,18.94
2000-12-06,0.0,35.99,17.35,39.88,19.72
2000-12-07,0.0,36.76,17.24,40.48,20.7
2000-12-08,0.0,36.52,16.93,43.09,16.89
2000-12-09,0.0,35.19,15.78,36.76,18.36
2000-12-10,0.0,35.59,15.51,36.13,17.21
2000-12-11,0.0,35.95,16.06,36.29,17.91
2000-12-12,0.0,35.13,15.88,33.76,17.56
2000-12-13,0.0,35.09,15.73,39.88,20.55
2000-12-14,0.0,35.78,16.71,41.52,19.54
2000-12-15,0.0,35.65,16.24,37.31,17.68
2000-12-16,0.0,35.53,15.87,37.42,17.19
2000-12-17,0.0,35.81,16.15,34.79,16.72
2000-12-18,0.0,36.15,15.95,38.44,16.48
2000-12-19,0.0,36.14,16.38,37.56,16.2
2000-12-20,0.0,32.08,15.32,38.33,15.94
2000-12-21,0.0,30.47,14.01,44.44,18.19
2000-12-22,0.0,32.42,15.96,40.02,19.35
2000-12-23,0.0,31.33,14.27,46.68,20.35
2000-12-24,0.0,33.04,15.06,42.02,19.18
2000-12-25,0.0,33.79,15.29,39.07,18.09
2000-12-26,0.0,35.05,16.34,35.97,17.11
2000-12-27,0.0,35.56,15.59,39.22,16.42
2000-12-28,0.0,35.73,16.03,38.66,18.56
2000-12-29,0.0,34.97,15.3,52.29,22.63
2000-12-30,0.0,35.08,14.8,55.19,22.83
2000-12-31,0.0,36.16,15.38,48.09,20.34
2001-01-01,0.0,36.33,15.76,53.68,19.19
2001-01-02,0.0,35.78,15.54,45.81,16.55
2001-01-03,0.0,36.42,15.53,42.07,15.98
2001-01-04,0.0,37.95,16.36,38.25,11.98
2001-01-05,0.0,34.98,15.56,33.95,14.24
2001-01-06,0.0,35.0,14.39,36.42,12.99
2001-01-07,0.0,34.6,14.29,34.58,13.99
2001-01-08,0.0,34.12,14.53,36.75,13.43
2001-01-09,0.0,35.03,14.9,35.49,14.77
2001-01-10,0.0,36.35,15.87,38.12,13.1
2001-01-11,0.0,36.7,15.94,32.47,11.25
2001-01-12,0.0,35.25,15.96,32.12,11.79
2001-01-13,0.0,36.03,15.29,33.05,12.64
2001-01-14,0.0,32.83,14.48,38.59,14.66
2001-01-15,0.0,34.78,14.56,57.61,22.8
2001-01-16,0.0,36.27,15.4,51.77,20.31
2001-01-17,0.0,33.95,15.33,42.09,16.0
2001-01-18,0.0,34.29,14.05,37.5,13.91
2001-01-19,0.0,32.25,14.29,35.85,15.77
2001-01-20,0.0,34.57,14.26,36.53,14.81
2001-01-21,0.0,37.16,15.7,36.36,13.88
2001-01-22,0.0,35.39,14.87,32.78,12.75
2001-01-23,0.0,35.13,14.5,36.18,13.53
2001-01-24,0.0,37.12,14.95,32.59,11.32
2001-01-25,0.0,35.08,15.48,21.91,11.24
2001-01-26,0.0,33.13,13.74,30.51,12.77
2001-01-27,0.0,34.82,13.69,32.28,11.37
2001-01-28,0.0,35.25,13.4,31.89,10.97
2001-01-29,0.0,34.01,14.11,30.73,11.55
2001-01-30,0.0,33.7,13.32,34.08,12.81
2001-01-31,0.0,34.79,14.25,47.69,14.81
2001-02-01,0.0,36.05,16.32,33.87,10.66
2001-02-02,0.0,33.09,16.21,22.57,11.56
2001-02-03,0.0,34.21,15.09,28.13,11.49
2001-02-04,0.0,34.68,15.13,29.09,11.77
2001-02-05,0.0,35.95,16.21,30.71,11.74
2001-02-06,0.0,37.05,16.82,30.27,11.67
2001-02-07,0.0,38.01,17.88,31.94,12.44
2001-02-08,0.0,38.57,18.2,27.44,9.6
2001-02-09,0.0,38.13,18.63,24.27,9.43
2001-02-10,0.0,38.09,16.88,25.94,9.05
2001-02-11,0.0,37.84,17.3,24.7,10.25
2001-02-12,0.0,37.66,18.07,24.16,9.63
2001-02-13,0.0,36.49,17.56,17.21,8.32
2001-02-14,0.0,35.28,15.58,20.74,10.19
2001-02-15,0.0,35.16,15.6,26.78,12.46
2001-02-16,0.0,37.0,16.74,30.02,12.15
2001-02-17,0.0,38.09,17.43,28.55,11.5
2001-02-18,0.0,38.07,18.47,25.59,11.05
2001-02-19,0.0,37.18,20.29,24.91,13.06
2001-02-20,0.0,38.28,20.57,22.66,10.67
2001-02-21,0.0,41.16,20.62,23.08,9.77
2001-02-22,0.0,40.96,20.96,30.02,10.17
2001-02-23,0.0,41.11,20.31,25.2,9.59
2001-02-24,0.0,40.57,19.57,40.77,12.07
2001-02-25,0.0,40.94,20.65,42.82,14.83
2001-02-26,0.0,39.46,22.82,32.87,17.03
2001-02-27,0.0,41.44,22.7,32.61,14.73
2001-02-28,0.0,39.75,20.21,28.17,11.97
2001-03-01,0.0,36.89,18.22,31.82,13.74
2001-03-02,0.0,38.24,17.42,31.84,12.57
2001-03-03,0.0,39.91,18.92,29.93,11.09
2001-03-04,0.0,41.97,20.23,28.99,10.31
2001-03-05,0.0,42.79,21.07,30.95,7.88
2001-03-06,0.0,42.41,20.79,43.23,9.34
2001-03-07,0.0,43.32,22.22,28.19,9.82
2001-03-08,0.0,42.3,21.96,28.48,7.61
2001-03-09,0.0,41.56,20.05,30.09,8.36
2001-03-10,0.0,40.88,19.29,62.73,11.2
2001-03-11,0.0,40.96,19.58,65.38,10.83
2001-03-12,0.0,40.94,20.52,39.8,9.44
2001-03-13,0.0,36.45,19.06,52.84,13.51
2001-03-14,0.0,34.58,16.66,67.51,24.06
2001-03-15,0.0,35.0,17.35,71.6,29.49
2001-03-16,0.0,35.24,17.99,72.74,31.02
2001-03-17,0.0,37.14,18.74,78.61,27.64
2001-03-18,0.0,41.59,20.17,55.33,15.76
2001-03-19,0.0,42.14,22.03,36.25,15.62
2001-03-20,0.0,41.24,21.49,60.38,20.75
2001-03-21,0.0,41.73,21.44,69.58,20.63
2001-03-22,0.0,42.17,21.63,65.28,16.23
2001-03-23,0.0,42.35,21.53,50.29,10.84
2001-03-24,0.0,40.97,20.99,45.13,13.62
2001-03-25,0.0,38.51,19.86,60.79,23.6
2001-03-26,0.0,39.1,19.7,66.14,21.54
2001-03-27,0.0,38.28,19.86,67.43,25.31
2001-03-28,0.0,41.54,19.95,68.81,14.9
2001-03-29,0.0,41.38,23.12,35.76,12.17
2001-03-30,0.0,41.47,21.66,36.75,13.03
2001-03-31,0.0,42.14,21.0,48.45,12.33
2001-04-01,0.0,43.09,22.62,36.04,10.93
2001-04-02,0.0,42.97,23.56,28.3,11.09
2001-04-03,0.0,38.26,20.86,58.59,19.03
2001-04-04,0.0,36.33,19.31,69.31,26.93
2001-04-05,0.0,39.89,19.4,70.57,15.75
2001-04-06,0.0,43.63,22.48,35.04,9.06
2001-04-07,0.0,43.5,22.88,34.63,9.58
2001-04-08,0.0,42.93,23.01,52.74,16.29
2001-04-09,0.0,42.6,22.27,61.75,17.38
2001-04-10,0.0,45.4,24.18,43.83,7.75
2001-04-11,0.0,43.87,23.87,43.25,10.22
2001-04-12,0.0,41.94,22.55,79.13,21.09
2001-04-13,0.0,41.68,22.41,69.69,14.5
2001-04-14,0.0,39.34,21.63,61.93,19.77
2001-04-15,0.0,38.6,20.18,58.48,21.17
2001-04-16,0.0,39.88,20.47,61.35,19.83
2001-04-17,0.0,40.02,21.18,66.71,22.15
2001-04-18,0.0,38.26,20.46,73.71,26.1
2001-04-19,0.0,37.63,20.02,66.18,21.48
2001-04-20,0.0,35.8,21.75,57.78,21.8
2001-04-21,0.0,42.67,23.33,39.29,13.44
2001-04-22,0.0,38.99,22.23,39.63,17.47
2001-04-23,0.0,39.76,21.39,40.35,13.38
2001-04-24,0.0,41.61,21.83,33.08,11.76
2001-04-25,0.0,43.42,22.66,33.17,9.81
2001-04-26,0.0,43.46,22.69,36.94,8.08
2001-04-27,0.0,44.22,23.14,38.11,9.88
2001-04-28,0.0,44.15,23.36,59.2,13.83
2001-04-29,0.0,42.73,23.18,65.34,15.92
2001-04-30,0.0,38.61,20.46,63.4,21.94
2001-05-01,0.0,38.99,20.89,70.28,20.66
2001-05-02,0.0,36.52,22.28,75.52,29.5
2001-05-03,0.0,39.78,22.81,67.32,22.43
2001-05-04,0.0,42.14,24.3,56.19,14.35
2001-05-05,0.01,44.11,25.17,36.22,10.11
2001-05-06,0.0,42.85,25.31,45.5,17.44
2001-05-07,0.0,44.43,25.89,59.7,13.61
2001-05-08,0.0,40.32,26.17,61.9,23.6
2001-05-09,0.0,42.1,23.04,72.29,14.91
2001-05-10,0.0,44.75,25.28,43.41,13.59
2001-05-11,0.0,45.24,26.79,44.13,15.02
2001-05-12,0.02,43.5,26.47,50.73,17.29
2001-05-13,0.0,39.49,23.23,82.73,23.37
2001-05-14,0.0,40.48,21.98,72.45,19.22
2001-05-15,0.0,42.5,23.27,60.12,13.92
2001-05-16,0.0,40.06,22.91,75.69,20.92
2001-05-17,0.0,39.85,21.85,74.73,19.79
2001-05-18,0.0,38.29,24.09,68.71,27.85
2001-05-19,0.0,39.54,23.08,72.1,24.33
2001-05-20,0.0,40.22,23.56,74.49,26.21
2001-05-21,0.04,40.23,23.49,79.23,34.14
2001-05-22,0.0,39.04,23.09,90.71,36.13
2001-05-23,0.0,40.78,24.01,75.32,20.49
2001-05-24,0.0,40.28,23.86,69.91,19.64
2001-05-25,0.0,40.79,23.22,70.04,20.34
2001-05-26,0.0,40.3,23.5,82.66,22.12
2001-05-27,0.0,41.36,23.34,72.88,17.86
2001-05-28,0.0,41.36,24.07,75.32,23.36
2001-05-29,0.0,40.29,23.5,70.58,24.33
2001-05-30,0.0,39.62,24.31,74.27,28.15
2001-05-31,0.0,39.67,23.85,78.41,27.38
2001-06-01,0.0,41.05,24.27,66.42,18.33
2001-06-02,0.04,39.13,24.79,73.87,29.31
2001-06-03,0.08,39.44,25.18,77.06,30.26
2001-06-04,0.17,40.17,25.12,73.58,25.45
2001-06-05,8.11,39.99,25.39,73.67,26.39
2001-06-06,0.01,38.1,25.48,87.09,39.88
2001-06-07,0.0,38.16,25.49,84.23,38.89
2001-06-08,11.87,38.14,24.93,85.31,42.88
2001-06-09,0.0,35.97,23.7,98.84,47.82
2001-06-10,0.0,36.29,25.21,95.73,48.24
2001-06-11,0.0,38.86,23.89,88.54,29.67
2001-06-12,0.02,38.66,24.21,82.79,33.88
2001-06-13,42.37,38.57,25.12,84.7,38.09
2001-06-14,0.0,36.34,23.63,92.24,42.25
2001-06-15,0.0,36.9,24.18,84.79,33.46
2001-06-16,0.0,36.7,24.05,75.77,40.55
2001-06-17,0.06,36.91,24.37,92.72,46.55
2001-06-18,0.0,35.42,25.2,98.29,54.93
2001-06-19,0.0,35.88,23.79,95.75,45.74
2001-06-20,0.0,36.55,23.78,88.58,41.53
2001-06-21,0.0,35.02,23.81,78.99,43.16
2001-06-22,0.0,36.93,23.26,87.9,40.18
2001-06-23,0.99,35.76,24.53,82.66,42.89
2001-06-24,8.18,37.39,24.66,79.88,38.54
2001-06-25,0.01,35.96,24.42,95.66,49.52
2001-06-26,17.13,35.33,23.88,99.08,54.97
2001-06-27,0.0,33.85,23.48,98.11,60.21
2001-06-28,1.13,35.1,23.96,98.61,53.71
2001-06-29,4.03,36.25,24.35,99.24,52.14
2001-06-30,0.87,33.84,23.04,99.33,62.28
2001-07-01,0.22,33.91,24.62,97.12,57.94
2001-07-02,22.95,34.72,25.38,95.44,57.55
2001-07-03,22.05,31.46,23.55,97.36,70.7
2001-07-04,0.78,31.66,23.1,97.77,65.55
2001-07-05,1.52,32.55,23.93,98.03,61.02
2001-07-06,0.03,34.4,23.55,95.51,55.43
2001-07-07,0.0,35.58,24.87,97.26,52.39
2001-07-08,1.99,36.4,25.03,94.18,48.13
2001-07-09,17.46,34.45,25.2,94.34,58.34
2001-07-10,0.11,32.96,22.91,99.06,61.08
2001-07-11,0.0,35.9,24.17,90.88,49.08
2001-07-12,2.43,34.78,24.81,90.07,56.84
2001-07-13,19.0,33.86,24.48,97.54,57.69
2001-07-14,0.0,33.13,23.69,94.11,61.59
2001-07-15,0.0,34.09,24.08,93.93,58.17
2001-07-16,0.0,33.23,24.53,90.45,56.82
2001-07-17,1.39,31.76,24.45,93.62,62.52
2001-07-18,22.15,32.39,24.19,96.02,62.0
2001-07-19,1.9,28.72,22.47,98.72,79.98
2001-07-20,0.01,33.07,23.52,98.21,60.8
2001-07-21,14.05,33.8,24.67,94.22,58.54
2001-07-22,0.01,33.16,23.44,97.47,62.1
2001-07-23,0.0,33.91,23.62,95.68,53.69
2001-07-24,0.33,33.85,23.49,93.98,55.78
2001-07-25,1.19,33.42,24.07,96.64,59.71
2001-07-26,9.79,33.03,24.15,93.93,62.71
2001-07-27,1.2,31.44,23.33,96.54,63.88
2001-07-28,1.76,33.3,23.78,93.85,58.69
2001-07-29,0.02,34.66,24.07,94.14,54.77
2001-07-30,0.0,35.58,24.71,89.91,52.56
2001-07-31,4.31,33.48,24.56,94.85,60.62
2001-08-01,9.05,31.63,23.87,93.03,66.93
2001-08-02,17.03,31.89,22.91,98.23,65.43
2001-08-03,2.47,32.47,22.74,98.32,68.71
2001-08-04,0.0,32.82,24.1,97.68,63.57
2001-08-05,14.14,32.95,24.49,94.73,63.36
2001-08-06,0.26,31.54,24.14,99.22,71.57
2001-08-07,2.92,33.97,24.32,99.26,63.95
2001-08-08,0.0,32.34,24.17,97.11,70.77
2001-08-09,2.17,32.85,24.72,97.3,63.31
2001-08-10,0.25,32.24,23.58,97.59,66.73
2001-08-11,9.04,32.62,23.5,98.56,62.51
2001-08-12,0.0,33.21,23.39,97.46,62.3
2001-08-13,0.29,33.62,24.01,97.02,60.59
2001-08-14,23.26,31.95,24.71,97.97,71.1
2001-08-15,10.37,29.54,23.22,98.19,77.18
2001-08-16,0.14,33.22,23.23,97.59,65.0
2001-08-17,0.0,34.68,24.18,98.37,60.45
2001-08-18,0.0,34.62,24.52,96.55,57.56
2001-08-19,0.0,34.21,25.74,92.59,60.37
2001-08-20,0.0,35.46,25.1,89.52,54.32
2001-08-21,0.0,35.02,24.89,84.47,51.66
2001-08-22,2.09,34.44,24.98,89.02,55.3
2001-08-23,12.82,33.08,24.56,96.94,64.66
2001-08-24,11.1,33.24,24.28,99.51,64.16
2001-08-25,6.24,32.12,23.18,98.88,67.96
2001-08-26,0.98,32.36,23.45,98.43,66.85
2001-08-27,1.86,32.64,24.05,97.8,65.64
2001-08-28,14.42,32.94,23.63,98.09,68.24
2001-08-29,5.0,33.59,23.67,99.25,63.08
2001-08-30,0.0,33.02,24.02,97.45,64.57
2001-08-31,0.0,33.85,24.63,89.26,58.72
2001-09-01,18.9,33.44,23.53,94.38,65.58
2001-09-02,1.53,33.29,23.02,97.0,66.62
2001-09-03,16.02,34.24,24.05,98.96,59.35
2001-09-04,32.89,32.22,23.48,98.8,66.7
2001-09-05,0.4,32.12,22.36,98.81,68.87
2001-09-06,26.9,34.18,22.94,97.49,58.94
2001-09-07,1.64,31.72,23.04,96.25,70.62
2001-09-08,9.24,31.03,22.79,98.62,75.1
2001-09-09,3.68,32.48,23.19,98.12,67.35
2001-09-10,0.0,32.5,23.11,99.13,68.12
2001-09-11,0.11,34.84,23.73,98.31,59.59
2001-09-12,0.04,34.57,23.84,98.77,57.74
2001-09-13,0.0,33.01,25.34,95.83,67.3
2001-09-14,0.06,33.81,24.32,97.04,64.38
2001-09-15,4.33,33.77,23.82,96.24,59.62
2001-09-16,7.63,32.03,23.34,99.57,66.36
2001-09-17,1.59,32.03,22.35,99.08,69.9
2001-09-18,3.45,32.16,23.07,98.07,66.55
2001-09-19,9.12,33.18,22.93,98.41,66.71
2001-09-20,4.43,31.72,22.43,99.53,70.59
2001-09-21,1.62,32.53,23.22,98.12,64.92
2001-09-22,0.57,32.9,23.02,99.18,63.27
2001-09-23,0.0,33.63,23.23,98.72,62.05
2001-09-24,0.15,34.36,24.1,94.06,55.4
2001-09-25,0.7,33.31,23.62,97.8,62.31
2001-09-26,0.0,34.07,23.06,98.74,59.77
2001-09-27,1.47,34.75,24.37,97.37,61.07
2001-09-28,12.97,35.53,23.77,98.17,55.96
2001-09-29,1.18,33.85,22.82,96.36,60.77
2001-09-30,0.0,34.2,24.14,98.05,61.44
2001-10-01,8.9,34.1,23.01,97.39,63.64
2001-10-02,0.0,34.47,22.2,98.59,59.04
2001-10-03,0.0,36.59,23.48,98.63,46.36
2001-10-04,0.0,35.16,23.92,89.68,55.37
2001-10-05,0.15,34.16,24.22,97.59,64.98
2001-10-06,0.0,35.16,22.86,97.03,55.69
2001-10-07,0.04,36.97,23.77,97.96,52.27
2001-10-08,0.0,37.12,24.33,90.88,45.7
2001-10-09,0.0,37.91,24.42,84.18,45.65
2001-10-10,0.0,35.91,24.96,95.61,56.6
2001-10-11,18.58,32.55,23.42,98.55,66.21
2001-10-12,3.76,32.76,22.52,97.86,67.99
2001-10-13,0.0,35.19,22.83,97.72,53.26
2001-10-14,0.0,35.81,23.99,95.24,55.93
2001-10-15,0.0,35.89,23.86,97.72,53.91
2001-10-16,0.0,35.83,24.57,95.09,55.3
2001-10-17,0.0,37.78,24.37,95.48,42.66
2001-10-18,0.43,37.34,24.52,89.25,45.21
2001-10-19,0.0,38.55,24.73,82.34,34.63
2001-10-20,0.0,38.79,24.87,73.64,35.73
2001-10-21,0.0,37.7,24.43,82.09,38.87
2001-10-22,0.0,36.45,23.98,92.47,50.1
2001-10-23,0.05,36.27,23.72,94.74,48.68
2001-10-24,0.0,37.97,23.07,85.75,34.88
2001-10-25,0.0,37.09,24.58,81.72,43.7
2001-10-26,0.0,36.44,23.44,98.26,44.79
2001-10-27,0.0,36.39,23.3,98.66,42.77
2001-10-28,0.0,36.79,23.12,95.54,36.5
2001-10-29,0.0,38.14,22.99,80.59,32.63
2001-10-30,0.0,38.0,23.26,75.09,25.16
2001-10-31,0.0,35.54,23.08,91.94,40.39
2001-11-01,0.26,35.04,21.02,97.59,59.18
2001-11-02,3.98,35.4,21.19,96.79,55.43
2001-11-03,0.58,37.34,21.14,91.28,21.49
2001-11-04,0.0,37.53,18.59,65.27,24.99
2001-11-05,0.0,37.72,19.39,81.92,27.3
2001-11-06,0.0,38.73,19.54,80.99,22.57
2001-11-07,0.0,38.98,19.53,76.52,22.32
2001-11-08,0.0,39.67,19.78,76.85,17.74
2001-11-09,0.0,39.35,19.68,73.74,18.37
2001-11-10,0.0,38.13,19.7,71.49,23.07
2001-11-11,0.0,37.05,19.9,87.53,27.09
2001-11-12,0.0,36.98,19.07,75.1,23.95
2001-11-13,0.0,37.37,19.6,79.44,32.16
2001-11-14,0.0,38.3,19.79,77.21,24.44
2001-11-15,0.0,38.24,19.67,64.58,23.42
2001-11-16,0.0,38.65,19.72,76.46,23.42
2001-11-17,0.0,38.77,19.61,79.93,26.64
2001-11-18,0.0,39.49,20.6,84.6,28.89
2001-11-19,0.0,38.01,19.92,88.48,28.02
2001-11-20,0.0,36.79,21.27,91.92,37.6
2001-11-21,0.0,36.1,19.72,85.6,23.34
2001-11-22,0.0,35.27,18.79,68.95,27.95
2001-11-23,0.0,35.75,18.32,70.12,26.91
2001-11-24,0.0,35.49,19.44,70.82,27.23
2001-11-25,0.0,36.59,20.13,68.05,25.43
2001-11-26,0.0,34.59,20.91,80.23,36.8
2001-11-27,0.2,31.54,20.16,86.63,48.57
2001-11-28,0.0,34.14,20.12,73.6,27.69
2001-11-29,0.03,34.21,20.85,66.87,25.66
2001-11-30,0.0,32.48,20.77,69.33,31.78
2001-12-01,0.0,34.07,19.49,54.86,26.67
2001-12-02,0.0,36.42,18.3,55.63,22.19
2001-12-03,0.0,36.42,17.61,51.74,17.08
2001-12-04,0.0,36.33,17.28,50.13,16.66
2001-12-05,0.0,31.99,19.97,41.81,20.16
2001-12-06,0.0,35.64,19.06,46.41,20.23
2001-12-07,0.0,38.6,17.62,49.03,18.11
2001-12-08,0.0,38.14,17.62,60.08,22.19
2001-12-09,0.0,37.63,17.9,60.75,20.84
2001-12-10,0.0,36.98,19.15,45.59,15.95
2001-12-11,0.0,34.85,19.84,42.99,18.9
2001-12-12,0.0,37.23,18.05,40.67,14.79
2001-12-13,0.0,36.59,16.64,44.62,14.96
2001-12-14,0.0,36.57,17.03,43.6,17.42
2001-12-15,0.0,37.38,17.16,46.54,16.16
2001-12-16,0.0,36.75,17.45,42.9,16.9
2001-12-17,0.0,34.76,20.28,43.29,18.75
2001-12-18,0.0,39.53,17.77,47.29,15.59
2001-12-19,0.0,39.68,19.19,47.37,16.06
2001-12-20,0.0,39.82,19.04,59.77,23.71
2001-12-21,0.0,39.09,18.36,90.27,30.49
2001-12-22,0.0,39.17,19.09,81.86,25.03
2001-12-23,0.0,39.31,19.61,73.16,22.73
2001-12-24,0.0,38.97,18.43,80.43,25.2
2001-12-25,0.0,40.41,18.67,67.3,18.64
2001-12-26,0.0,40.75,18.29,63.01,17.14
2001-12-27,0.0,39.32,17.44,70.69,22.11
2001-12-28,0.0,38.55,18.71,89.87,27.95
2001-12-29,0.0,38.47,19.44,86.63,26.07
2001-12-30,0.0,38.36,18.27,87.63,26.67
2001-12-31,0.0,37.67,17.58,77.98,20.96
2002-01-01,0.0,34.94,17.98,89.99,23.69
2002-01-02,0.0,34.97,17.94,69.11,21.22
2002-01-03,0.0,37.83,17.15,49.07,16.15
2002-01-04,0.0,37.36,16.49,41.98,11.85
2002-01-05,0.0,37.66,15.82,40.38,12.07
2002-01-06,0.0,33.37,16.05,73.8,19.1
2002-01-07,0.0,32.85,14.8,92.09,36.48
2002-01-08,0.0,33.11,15.57,89.97,40.23
2002-01-09,0.01,29.76,19.24,77.5,50.65
2002-01-10,0.37,27.26,17.02,89.47,47.9
2002-01-11,1.94,26.76,15.74,79.41,52.23
2002-01-12,0.0,32.87,15.05,76.84,34.56
2002-01-13,0.0,35.43,16.23,72.36,18.87
2002-01-14,0.0,35.74,15.76,45.74,15.15
2002-01-15,0.0,36.31,16.28,49.72,14.15
2002-01-16,0.0,37.2,16.91,45.14,14.87
2002-01-17,0.0,37.23,17.68,43.25,14.58
2002-01-18,0.0,36.7,18.35,38.46,14.6
2002-01-19,0.0,34.3,18.91,33.37,16.49
2002-01-20,0.0,34.42,18.83,33.84,16.65
2002-01-21,0.0,35.71,19.89,27.33,13.55
2002-01-22,0.0,35.48,19.27,24.89,14.72
2002-01-23,0.0,36.19,17.17,33.52,13.67
2002-01-24,0.0,37.59,16.91,36.3,12.34
2002-01-25,0.0,38.77,18.04,35.31,12.4
2002-01-26,0.0,38.44,17.7,32.86,11.06
2002-01-27,0.0,37.97,17.13,35.02,11.01
2002-01-28,0.0,37.5,16.71,29.55,10.57
2002-01-29,0.0,37.62,16.64,32.15,9.74
2002-01-30,0.0,36.56,17.1,29.78,9.8
2002-01-31,0.0,37.56,16.51,31.55,11.38
2002-02-01,0.0,37.22,18.03,26.34,11.82
2002-02-02,0.0,38.01,21.3,23.65,11.03
2002-02-03,0.0,34.79,20.19,22.74,12.67
2002-02-04,0.0,37.24,18.57,25.9,11.53
2002-02-05,0.0,35.25,19.66,23.16,11.89
2002-02-06,0.0,36.04,17.92,24.42,11.6
2002-02-07,0.0,36.25,16.2,31.84,11.95
2002-02-08,0.0,38.14,16.76,34.5,10.69
2002-02-09,0.0,37.15,18.12,21.71,9.39
2002-02-10,0.0,35.15,18.5,23.17,12.24
2002-02-11,0.0,37.64,17.17,26.43,9.58
2002-02-12,0.0,39.4,18.38,22.81,9.39
2002-02-13,0.0,40.23,19.24,26.18,8.54
2002-02-14,0.0,39.83,18.77,24.94,9.27
2002-02-15,0.0,39.74,17.94,26.39,9.09
2002-02-16,0.0,39.54,17.84,32.63,9.0
2002-02-17,0.0,36.92,17.6,46.64,12.57
2002-02-18,0.0,35.81,17.61,48.35,18.47
2002-02-19,0.0,38.43,17.09,45.71,16.09
2002-02-20,0.0,39.5,19.87,37.26,13.83
2002-02-21,0.0,41.12,21.27,34.48,12.16
2002-02-22,0.0,37.63,18.07,55.6,17.28
2002-02-23,0.0,39.48,18.93,62.19,17.44
2002-02-24,0.0,40.79,19.92,53.83,11.87
2002-02-25,0.0,41.43,21.43,26.34,11.79
2002-02-26,0.0,37.84,21.42,23.08,9.89
2002-02-27,0.0,37.63,18.87,24.05,9.26
2002-02-28,0.0,38.18,18.5,20.65,7.59
2002-03-01,0.0,39.03,16.82,34.22,9.22
2002-03-02,0.0,39.11,17.44,42.23,9.89
2002-03-03,0.0,38.27,17.66,52.17,12.42
2002-03-04,0.0,38.56,20.65,51.63,17.13
2002-03-05,0.0,39.62,21.21,41.94,17.57
2002-03-06,0.0,39.84,20.6,38.03,16.19
2002-03-07,0.0,40.31,19.78,39.65,15.64
2002-03-08,0.0,39.93,19.13,38.57,12.46
2002-03-09,0.0,39.16,19.66,35.55,14.09
2002-03-10,0.0,39.98,19.16,43.15,16.19
2002-03-11,0.0,38.44,18.77,54.95,17.38
2002-03-12,0.0,37.65,19.6,58.81,21.8
2002-03-13,0.0,36.76,19.0,56.16,22.3
2002-03-14,0.0,38.39,19.85,47.6,19.64
2002-03-15,0.0,40.51,20.87,41.41,17.68
2002-03-16,0.0,39.86,21.62,34.67,14.53
2002-03-17,0.0,38.78,21.66,33.94,14.2
2002-03-18,0.0,39.87,20.38,32.79,12.71
2002-03-19,0.0,41.55,20.33,30.64,10.36
2002-03-20,0.0,42.68,21.02,41.68,10.69
2002-03-21,0.0,43.96,22.33,29.65,9.32
2002-03-22,0.0,43.35,22.05,26.68,9.97
2002-03-23,0.0,41.56,22.1,62.49,16.64
2002-03-24,0.0,39.18,21.71,86.08,24.05
2002-03-25,0.0,39.15,21.96,75.19,24.28
2002-03-26,0.0,36.24,21.15,69.93,23.79
2002-03-27,0.0,37.15,20.65,57.59,20.21
2002-03-28,0.0,37.72,21.25,58.87,24.93
2002-03-29,0.0,41.3,22.5,53.81,17.15
2002-03-30,0.0,39.57,21.18,58.06,20.19
2002-03-31,0.0,38.43,21.83,55.55,24.64
2002-04-01,0.0,36.78,20.16,60.87,25.86
2002-04-02,0.0,38.57,20.45,61.61,20.63
2002-04-03,0.0,40.93,22.45,42.04,17.16
2002-04-04,0.0,41.03,22.4,33.2,16.01
2002-04-05,0.0,40.73,21.12,40.85,16.15
2002-04-06,0.0,38.54,20.49,57.06,21.52
2002-04-07,0.0,36.14,18.73,73.41,26.03
2002-04-08,0.0,35.04,19.82,71.56,29.51
2002-04-09,0.0,37.94,20.64,59.68,23.65
2002-04-10,0.0,37.82,21.14,57.89,21.97
2002-04-11,0.0,37.28,20.44,56.14,23.3
2002-04-12,0.0,38.22,20.6,44.09,19.83
2002-04-13,0.0,37.24,20.38,51.58,22.66
2002-04-14,0.0,38.28,20.06,57.24,18.42
2002-04-15,0.0,41.58,21.4,43.45,13.66
2002-04-16,0.0,42.97,22.45,36.78,12.59
2002-04-17,0.0,42.11,22.5,44.81,12.91
2002-04-18,0.0,43.38,23.42,39.51,13.55
2002-04-19,0.0,42.13,23.12,39.35,12.85
2002-04-20,0.0,42.36,21.96,37.31,11.78
2002-04-21,0.0,42.14,21.75,42.15,11.48
2002-04-22,0.0,40.53,21.02,54.27,15.68
2002-04-23,0.0,41.76,23.07,51.72,15.66
2002-04-24,0.0,44.83,25.15,36.16,10.73
2002-04-25,0.0,41.21,25.74,34.42,9.41
2002-04-26,0.0,43.04,25.33,23.49,9.71
2002-04-27,0.0,43.92,25.46,27.61,9.79
2002-04-28,0.0,43.53,25.23,36.43,10.09
2002-04-29,0.0,43.26,23.3,44.82,12.16
2002-04-30,0.0,41.48,20.64,55.81,19.35
2002-05-01,0.0,40.42,22.32,59.49,17.61
2002-05-02,0.0,40.72,21.89,59.83,16.98
2002-05-03,0.0,38.48,21.34,70.03,22.0
2002-05-04,0.0,39.06,21.19,66.13,22.41
2002-05-05,0.0,39.44,21.36,67.6,24.47
2002-05-06,0.0,39.23,22.03,59.21,21.56
2002-05-07,0.0,39.34,21.76,61.07,18.76
2002-05-08,0.0,38.77,22.06,60.45,20.42
2002-05-09,0.0,39.73,22.29,59.76,21.42
2002-05-10,0.0,44.39,24.21,44.2,13.13
2002-05-11,0.0,44.59,27.28,37.67,14.31
2002-05-12,0.0,43.91,24.98,57.56,16.22
2002-05-13,0.0,43.98,23.57,60.81,13.43
2002-05-14,0.0,45.65,23.69,55.32,11.22
2002-05-15,0.0,42.14,24.35,66.23,21.99
2002-05-16,0.0,40.52,26.01,71.44,32.77
2002-05-17,0.0,43.28,25.93,74.7,18.02
2002-05-18,0.0,41.03,25.0,78.69,29.97
2002-05-19,0.0,40.89,25.58,82.97,33.73
2002-05-20,0.0,40.5,24.5,83.1,27.34
2002-05-21,0.0,39.71,22.42,79.93,23.81
2002-05-22,0.0,40.9,24.07,73.52,19.04
2002-05-23,0.32,43.25,23.77,62.83,16.61
2002-05-24,0.23,41.52,26.07,63.88,25.27
2002-05-25,0.0,42.41,26.27,73.38,22.39
2002-05-26,0.0,44.27,26.87,58.1,18.43
2002-05-27,0.0,44.58,25.64,69.33,17.9
2002-05-28,0.0,42.8,26.17,71.38,24.47
2002-05-29,0.0,41.35,24.63,78.66,21.36
2002-05-30,0.0,42.01,23.75,67.57,17.81
2002-05-31,0.0,40.7,24.86,64.95,23.02
2002-06-01,0.0,41.92,24.72,59.94,18.92
2002-06-02,0.0,41.41,25.88,66.73,24.23
2002-06-03,0.0,40.78,26.22,75.93,27.71
2002-06-04,0.69,39.24,26.29,79.61,35.73
2002-06-05,0.0,35.91,24.75,96.77,49.34
2002-06-06,0.38,38.06,25.02,96.03,44.32
2002-06-07,0.0,37.36,23.91,92.22,32.2
2002-06-08,0.04,40.05,24.16,80.37,26.25
2002-06-09,0.0,38.52,24.83,83.88,36.18
2002-06-10,0.0,38.58,24.46,81.55,31.52
2002-06-11,0.02,38.92,25.5,73.01,28.71
2002-06-12,17.47,39.6,25.73,72.62,34.84
2002-06-13,0.12,37.99,24.18,87.53,40.22
2002-06-14,0.0,38.39,24.53,80.36,31.47
2002-06-15,0.0,38.62,24.76,74.91,28.51
2002-06-16,1.06,38.23,24.31,75.31,30.62
2002-06-17,4.71,36.93,24.86,78.74,40.15
2002-06-18,0.0,37.77,24.81,93.69,41.88
2002-06-19,0.0,38.98,25.44,80.87,31.56
2002-06-20,0.41,38.34,25.32,76.52,36.6
2002-06-21,11.05,36.28,24.96,89.5,51.55
2002-06-22,0.18,37.86,24.43,98.38,43.45
2002-06-23,0.01,39.22,25.6,92.52,39.78
2002-06-24,0.06,37.36,25.84,92.93,48.48
2002-06-25,0.0,37.05,25.62,96.48,46.76
2002-06-26,0.35,37.9,25.34,87.69,40.51
2002-06-27,14.52,37.39,24.32,96.36,41.99
2002-06-28,0.1,38.17,24.66,87.85,39.09
2002-06-29,0.0,39.9,26.23,83.77,30.61
2002-06-30,0.0,38.79,26.08,79.62,39.03
2002-07-01,0.0,37.93,26.08,81.83,38.08
2002-07-02,1.91,35.36,25.4,98.84,58.6
2002-07-03,0.0,34.59,24.42,94.3,52.64
2002-07-04,0.0,36.53,23.88,86.21,29.06
2002-07-05,16.12,35.57,24.98,78.98,45.08
2002-07-06,17.52,35.9,24.72,85.72,47.07
2002-07-07,0.04,36.41,24.85,87.57,48.23
2002-07-08,0.0,35.7,24.86,98.35,55.08
2002-07-09,0.05,36.26,25.2,97.95,45.17
2002-07-10,0.0,34.8,23.67,78.29,38.54
2002-07-11,0.0,35.41,23.8,80.04,38.83
2002-07-12,0.03,36.22,24.36,74.95,38.38
2002-07-13,0.0,37.44,24.91,71.5,37.77
2002-07-14,6.18,36.05,24.85,91.81,49.49
2002-07-15,0.0,35.08,24.55,92.04,49.79
2002-07-16,0.0,35.6,25.11,88.3,46.87
2002-07-17,0.49,35.12,24.77,89.56,48.6
2002-07-18,0.0,36.22,25.31,79.95,38.51
2002-07-19,0.01,36.16,24.54,73.22,35.01
2002-07-20,2.15,36.75,25.25,68.44,35.5
2002-07-21,1.22,36.95,25.17,76.84,39.07
2002-07-22,7.68,37.56,25.03,81.76,37.41
2002-07-23,0.0,36.69,25.05,75.39,38.29
2002-07-24,0.02,37.0,25.04,78.42,37.64
2002-07-25,0.0,36.43,25.87,86.0,46.3
2002-07-26,0.0,35.35,25.68,86.12,40.55
2002-07-27,0.0,36.46,24.31,82.35,38.45
2002-07-28,0.0,36.4,25.25,77.33,39.22
2002-07-29,0.0,36.69,25.04,76.44,37.07
2002-07-30,0.0,36.52,24.63,71.02,31.89
2002-07-31,0.29,36.55,25.06,65.08,31.58
2002-08-01,0.01,37.65,25.08,71.61,35.59
2002-08-02,0.0,36.53,25.15,79.95,42.15
2002-08-03,0.0,35.85,24.57,79.27,39.68
2002-08-04,0.04,35.76,25.08,75.26,39.71
2002-08-05,0.0,36.99,24.59,78.82,35.52
2002-08-06,0.16,38.3,24.98,74.5,32.69
2002-08-07,0.0,34.66,26.02,70.38,38.26
2002-08-08,9.91,37.07,25.2,77.9,35.38
2002-08-09,4.19,36.55,25.75,80.13,39.44
2002-08-10,17.11,35.79,24.4,94.03,46.45
2002-08-11,0.0,34.1,23.31,96.77,56.81
2002-08-12,0.0,35.67,24.9,91.43,51.66
2002-08-13,6.18,34.79,25.28,90.68,52.98
2002-08-14,0.0,34.91,24.67,95.37,52.15
2002-08-15,2.68,35.12,25.29,87.91,55.79
2002-08-16,0.26,33.74,24.87,92.96,56.8
2002-08-17,0.0,35.32,25.06,86.69,48.61
2002-08-18,2.25,35.86,25.09,87.39,49.04
2002-08-19,1.42,34.85,25.13,97.06,59.26
2002-08-20,0.0,33.34,24.3,98.5,66.18
2002-08-21,14.55,32.97,24.35,98.41,72.03
2002-08-22,2.91,34.73,24.07,99.26,57.54
2002-08-23,8.44,32.19,24.34,94.33,67.82
2002-08-24,0.62,34.52,24.4,93.17,55.8
2002-08-25,26.76,34.86,24.53,96.37,54.18
2002-08-26,0.04,33.47,23.13,99.71,59.87
2002-08-27,0.75,32.99,24.98,97.89,71.4
2002-08-28,19.0,33.21,23.62,98.55,59.99
2002-08-29,2.47,30.94,23.38,94.67,75.01
2002-08-30,14.43,34.85,24.09,90.57,52.98
2002-08-31,21.45,33.66,24.09,96.45,60.49
2002-09-01,1.5,31.15,23.05,98.48,70.86
2002-09-02,17.13,34.98,23.78,86.97,53.31
2002-09-03,0.0,35.05,24.41,87.04,56.97
2002-09-04,0.0,36.17,24.68,93.83,50.49
2002-09-05,15.09,35.67,25.21,84.92,54.62
2002-09-06,0.0,34.36,24.01,90.9,55.27
2002-09-07,23.97,35.5,24.3,83.97,52.84
2002-09-08,4.53,34.52,23.74,92.8,58.91
2002-09-09,13.86,33.9,23.39,99.0,58.96
2002-09-10,25.35,32.85,24.6,94.44,66.72
2002-09-11,0.01,33.11,22.71,99.16,67.87
2002-09-12,7.19,35.37,23.52,98.96,52.69
2002-09-13,0.08,32.87,24.41,93.55,65.11
2002-09-14,0.2,33.38,23.43,98.8,63.19
2002-09-15,1.97,31.2,23.54,99.0,75.91
2002-09-16,0.02,33.32,23.53,98.81,65.21
2002-09-17,33.46,34.44,23.7,99.5,63.12
2002-09-18,0.6,31.5,23.1,99.34,74.87
2002-09-19,2.0,34.72,23.85,99.03,59.0
2002-09-20,2.35,32.69,24.19,96.36,69.28
2002-09-21,0.19,34.14,23.02,98.46,59.17
2002-09-22,0.08,33.34,23.17,98.72,64.24
2002-09-23,0.0,34.88,23.36,91.58,55.48
2002-09-24,0.05,35.25,24.44,86.63,54.43
2002-09-25,0.0,34.83,24.75,96.6,62.32
2002-09-26,0.0,32.9,23.96,98.32,70.45
2002-09-27,3.68,34.33,23.44,97.92,60.78
2002-09-28,0.0,33.28,23.13,96.02,66.07
2002-09-29,0.0,35.48,24.08,95.62,56.73
2002-09-30,6.94,33.17,25.01,95.07,69.73
2002-10-01,1.97,33.81,22.66,98.88,69.81
2002-10-02,0.0,33.56,22.98,98.68,71.82
2002-10-03,0.0,35.55,23.28,98.43,56.75
2002-10-04,0.0,35.39,24.08,98.46,54.49
2002-10-05,0.0,35.3,23.09,93.28,50.98
2002-10-06,0.0,35.8,23.72,82.6,45.93
2002-10-07,1.87,35.71,24.14,88.11,50.32
2002-10-08,0.61,33.03,23.44,98.12,71.48
2002-10-09,4.59,33.27,22.89,98.93,70.1
2002-10-10,21.24,32.2,23.4,98.77,75.66
2002-10-11,8.27,32.9,22.66,99.03,69.36
2002-10-12,1.23,32.52,23.33,98.96,68.68
2002-10-13,0.0,36.07,23.64,98.17,46.57
2002-10-14,0.0,37.38,23.95,88.58,40.9
2002-10-15,0.0,36.41,23.71,97.28,45.67
2002-10-16,0.0,37.71,24.55,74.41,36.55
2002-10-17,0.0,37.94,24.69,72.31,38.18
2002-10-18,0.09,36.36,24.41,90.17,48.68
2002-10-19,0.0,36.31,24.12,92.2,47.45
2002-10-20,0.19,36.79,23.91,85.25,38.84
2002-10-21,0.44,38.0,24.31,75.49,41.19
2002-10-22,0.0,37.38,24.05,92.73,43.78
2002-10-23,0.0,36.54,23.95,97.47,48.87
2002-10-24,0.0,36.43,23.72,94.91,45.19
2002-10-25,4.2,36.15,23.63,96.09,52.64
2002-10-26,0.0,34.84,23.61,95.8,56.08
2002-10-27,0.0,37.16,23.62,85.82,30.63
2002-10-28,0.03,37.59,23.67,58.57,27.5
2002-10-29,0.0,36.62,23.33,67.04,33.18
2002-10-30,0.0,37.42,23.47,73.84,24.91
2002-10-31,0.0,36.99,23.67,69.43,29.57
2002-11-01,0.0,38.33,22.54,84.93,27.51
2002-11-02,0.0,38.13,20.33,48.69,19.11
2002-11-03,0.0,38.65,18.37,48.11,17.41
2002-11-04,0.0,38.17,18.83,49.14,18.14
2002-11-05,0.0,37.99,19.26,58.03,19.26
2002-11-06,0.0,38.36,19.5,56.3,17.65
2002-11-07,0.0,38.16,19.17,48.07,16.62
2002-11-08,0.0,38.83,18.45,43.44,15.63
2002-11-09,0.0,37.24,18.31,47.19,16.92
2002-11-10,0.0,36.82,17.48,44.52,16.6
2002-11-11,0.0,36.68,16.99,40.42,15.14
2002-11-12,0.0,38.35,17.8,42.55,15.26
2002-11-13,0.0,39.7,18.82,40.7,12.83
2002-11-14,0.0,39.56,19.28,42.88,15.76
2002-11-15,0.0,37.14,19.32,76.52,26.43
2002-11-16,0.0,35.43,17.73,63.4,20.84
2002-11-17,0.0,36.78,18.09,70.18,24.62
2002-11-18,0.0,38.75,19.14,60.51,24.76
2002-11-19,0.0,39.19,19.99,58.46,23.05
2002-11-20,0.0,38.67,19.78,48.48,22.04
2002-11-21,0.0,39.33,18.93,46.6,17.91
2002-11-22,0.0,38.82,18.86,49.9,21.37
2002-11-23,0.0,37.43,19.0,80.77,30.94
2002-11-24,0.0,39.35,19.86,82.06,29.08
2002-11-25,0.0,39.3,19.57,72.87,20.61
2002-11-26,0.0,36.11,20.11,49.92,18.07
2002-11-27,0.0,38.58,19.74,49.87,18.41
2002-11-28,0.0,38.45,19.27,50.03,16.91
2002-11-29,0.0,39.17,20.84,47.97,17.63
2002-11-30,0.0,38.26,20.44,52.57,21.03
2002-12-01,0.0,35.87,17.79,40.84,15.81
2002-12-02,0.0,34.74,16.53,42.19,18.08
2002-12-03,0.0,35.93,16.33,49.02,17.88
2002-12-04,0.0,36.3,15.87,44.33,16.87
2002-12-05,0.0,33.83,15.78,37.86,14.82
2002-12-06,0.0,37.63,17.74,45.25,17.25
2002-12-07,0.0,33.83,17.13,92.28,31.15
2002-12-08,0.0,36.07,19.76,58.33,26.67
2002-12-09,0.0,36.67,19.96,47.88,22.07
2002-12-10,0.0,33.41,20.4,68.79,30.76
2002-12-11,0.01,36.03,18.43,74.83,23.3
2002-12-12,0.0,36.71,18.52,69.57,25.63
2002-12-13,0.0,39.19,19.07,51.35,24.81
2002-12-14,0.0,38.47,21.79,43.3,18.82
2002-12-15,0.0,39.76,20.35,37.61,14.72
2002-12-16,0.0,39.32,17.68,38.4,14.73
2002-12-17,0.0,39.16,17.65,44.23,16.61
2002-12-18,0.0,40.64,18.55,45.61,19.85
2002-12-19,0.0,40.0,18.82,67.35,18.08
2002-12-20,0.0,39.21,17.3,47.99,11.35
2002-12-21,0.0,37.88,15.47,34.55,11.45
2002-12-22,0.0,38.76,15.26,38.89,11.13
2002-12-23,0.0,38.67,15.69,39.94,10.57
2002-12-24,0.0,38.35,16.65,34.32,12.41
2002-12-25,0.0,37.53,16.26,38.76,12.03
2002-12-26,0.0,36.77,15.87,34.74,12.46
2002-12-27,0.0,36.84,14.9,38.37,13.55
2002-12-28,0.0,36.76,14.89,38.05,13.59
2002-12-29,0.0,35.75,14.74,31.28,11.15
2002-12-30,0.0,35.48,14.1,28.49,9.66
2002-12-31,0.0,36.71,14.4,26.96,9.37
2003-01-01,0.0,36.63,15.59,23.82,8.63
2003-01-02,0.0,34.99,14.45,25.51,8.18
2003-01-03,0.0,36.98,14.07,29.78,11.19
2003-01-04,0.0,37.4,14.87,29.72,10.3
2003-01-05,0.0,36.02,14.39,27.88,10.07
2003-01-06,0.0,36.08,14.32,32.55,7.91
2003-01-07,0.0,35.05,13.82,26.59,8.36
2003-01-08,0.0,32.84,13.37,28.64,9.2
2003-01-09,0.0,36.04,16.83,30.98,10.79
2003-01-10,0.0,33.71,15.41,57.71,17.95
2003-01-11,0.0,32.05,14.7,60.06,24.95
2003-01-12,0.0,33.63,13.85,62.21,22.87
2003-01-13,0.0,36.01,14.96,48.03,18.08
2003-01-14,0.0,37.41,16.72,38.62,15.78
2003-01-15,0.0,35.58,17.41,34.97,16.27
2003-01-16,0.0,34.28,15.85,38.04,17.64
2003-01-17,0.0,35.04,14.99,39.12,17.95
2003-01-18,0.0,35.91,16.81,48.24,25.34
2003-01-19,0.0,36.68,18.62,48.13,24.72
2003-01-20,0.0,35.22,19.84,43.2,22.96
2003-01-21,0.0,36.72,18.95,39.86,17.09
2003-01-22,0.0,36.83,16.8,44.64,15.64
2003-01-23,0.0,38.49,16.12,41.05,15.44
2003-01-24,0.0,39.79,17.28,41.13,19.13
2003-01-25,0.0,40.51,19.84,42.85,18.62
2003-01-26,0.0,36.76,21.14,37.62,12.77
2003-01-27,0.0,32.02,18.7,21.5,10.16
2003-01-28,0.0,34.51,16.2,19.84,7.7
2003-01-29,0.0,33.5,15.15,20.01,9.34
2003-01-30,0.0,35.13,14.52,29.0,9.98
2003-01-31,0.0,36.56,15.02,27.67,9.91
2003-02-01,0.0,36.44,17.07,27.95,11.52
2003-02-02,0.0,38.56,17.05,33.04,10.15
2003-02-03,0.0,40.38,18.4,28.41,10.19
2003-02-04,0.0,39.99,19.03,32.47,11.55
2003-02-05,0.0,39.67,17.83,30.32,10.23
2003-02-06,0.0,39.42,17.97,32.73,9.34
2003-02-07,0.0,40.36,18.76,33.37,9.98
2003-02-08,0.0,36.72,17.76,46.34,16.52
2003-02-09,0.0,33.79,17.06,70.09,29.72
2003-02-10,0.0,33.75,17.45,65.2,25.73
2003-02-11,0.0,36.87,19.39,46.75,20.03
2003-02-12,0.0,39.38,20.26,50.02,16.66
2003-02-13,0.0,35.15,20.87,56.18,25.53
2003-02-14,0.0,32.5,19.01,66.24,28.85
2003-02-15,0.0,35.65,17.39,53.6,18.77
2003-02-16,0.0,36.32,18.43,39.88,16.81
2003-02-17,0.0,35.46,16.93,26.09,11.86
2003-02-18,0.0,38.1,18.28,28.44,13.71
2003-02-19,0.0,38.58,18.07,32.43,12.5
2003-02-20,0.0,39.02,17.85,27.42,10.4
2003-02-21,0.0,38.52,18.02,30.81,10.04
2003-02-22,0.0,37.72,18.02,55.03,14.61
2003-02-23,0.0,38.99,19.49,50.35,15.52
2003-02-24,0.0,36.35,18.19,59.27,20.86
2003-02-25,0.0,36.25,16.96,67.47,24.22
2003-02-26,0.0,39.61,18.48,43.68,15.89
2003-02-27,0.0,41.77,19.58,35.87,12.83
2003-02-28,0.0,41.86,20.2,32.22,13.89
2003-03-01,0.0,41.94,21.03,40.03,15.35
2003-03-02,0.0,39.75,22.14,36.39,10.48
2003-03-03,0.0,40.49,20.29,32.87,10.81
2003-03-04,0.0,41.05,21.05,26.07,10.59
2003-03-05,0.0,41.26,21.6,23.9,10.67
2003-03-06,0.0,41.19,21.11,22.42,10.06
2003-03-07,0.0,42.37,21.37,27.75,10.32
2003-03-08,0.0,41.29,21.8,47.47,15.97
2003-03-09,0.0,42.17,22.27,56.41,11.63
2003-03-10,0.0,41.99,21.59,31.09,10.15
2003-03-11,0.0,41.57,19.96,22.09,8.66
2003-03-12,0.0,41.82,20.0,27.61,8.76
2003-03-13,0.0,39.44,20.16,59.02,19.72
2003-03-14,0.0,40.78,20.83,62.43,15.22
2003-03-15,0.0,43.84,22.12,35.71,11.67
2003-03-16,0.0,40.33,20.87,55.38,15.93
2003-03-17,0.0,40.81,20.51,55.03,15.19
2003-03-18,0.0,41.85,21.01,55.76,12.37
2003-03-19,0.0,43.34,22.31,37.07,9.41
2003-03-20,0.0,42.09,21.81,41.17,10.58
2003-03-21,0.0,36.21,19.4,60.17,24.88
2003-03-22,0.0,36.21,17.33,68.01,22.6
2003-03-23,0.0,39.44,18.97,41.64,15.18
2003-03-24,0.0,41.65,20.78,35.41,11.68
2003-03-25,0.0,43.07,21.99,29.84,11.21
2003-03-26,0.0,42.99,21.77,33.13,10.61
2003-03-27,0.0,43.45,22.0,31.8,9.89
2003-03-28,0.0,44.73,22.9,28.94,10.68
2003-03-29,0.0,43.36,22.92,39.74,13.01
2003-03-30,0.0,43.33,21.84,59.04,11.64
2003-03-31,0.0,43.98,21.99,40.85,8.08
2003-04-01,0.0,44.45,24.68,29.09,8.08
2003-04-02,0.0,44.11,23.69,33.48,8.76
2003-04-03,0.0,40.93,22.11,63.87,16.62
2003-04-04,0.0,41.12,20.41,70.81,14.36
2003-04-05,0.0,40.33,21.32,41.06,14.62
2003-04-06,0.0,40.03,21.3,53.19,18.45
2003-04-07,0.0,37.35,21.0,65.56,26.8
2003-04-08,0.0,37.33,20.37,64.33,26.54
2003-04-09,0.0,38.01,20.4,62.75,27.37
2003-04-10,0.0,40.54,21.38,51.75,17.82
2003-04-11,0.0,44.01,24.15,28.92,13.51
2003-04-12,0.0,45.81,26.35,34.8,13.21
2003-04-13,0.0,43.33,24.21,51.07,13.64
2003-04-14,0.0,41.43,23.96,43.31,15.09
2003-04-15,0.0,40.52,22.33,50.66,16.14
2003-04-16,0.0,41.9,22.21,37.32,13.58
2003-04-17,0.0,42.14,22.09,37.43,12.74
2003-04-18,0.0,43.29,22.76,46.12,11.87
2003-04-19,0.0,42.79,22.64,57.72,15.74
2003-04-20,0.0,41.83,23.77,63.61,23.03
2003-04-21,0.0,41.4,22.75,64.03,18.8
2003-04-22,0.0,42.93,22.52,50.45,15.04
2003-04-23,0.0,43.79,24.82,41.41,16.58
2003-04-24,0.0,45.29,25.16,44.32,13.76
2003-04-25,0.0,44.12,24.35,58.23,17.57
2003-04-26,0.0,43.35,24.5,60.09,22.86
2003-04-27,0.0,44.03,24.63,67.74,21.42
2003-04-28,0.0,41.94,24.32,70.68,28.5
2003-04-29,0.0,41.47,23.45,83.97,31.06
2003-04-30,0.0,40.89,22.89,76.48,27.93
2003-05-01,0.0,40.63,23.97,77.93,26.11
2003-05-02,0.0,40.49,24.17,82.02,32.11
2003-05-03,0.0,40.92,24.52,78.18,24.62
2003-05-04,0.0,41.72,23.25,71.36,21.26
2003-05-05,0.0,40.93,23.04,75.97,25.63
2003-05-06,0.0,39.8,24.24,76.98,33.31
2003-05-07,0.0,40.03,23.62,84.61,26.7
2003-05-08,0.0,39.47,22.21,77.02,23.73
2003-05-09,0.0,40.9,22.79,72.6,23.09
2003-05-10,0.0,38.66,24.21,62.4,22.41
2003-05-11,0.0,41.21,23.98,66.85,20.26
2003-05-12,0.0,39.34,23.82,73.52,28.58
2003-05-13,0.0,39.75,22.99,78.78,25.71
2003-05-14,0.0,40.73,22.84,77.36,22.94
2003-05-15,0.0,40.41,22.99,73.93,23.38
2003-05-16,0.0,39.74,22.94,74.75,24.89
2003-05-17,0.0,40.84,24.15,66.66,21.68
2003-05-18,0.0,39.28,23.12,69.68,23.82
2003-05-19,0.0,40.75,23.43,66.43,20.48
2003-05-20,0.0,44.43,25.68,62.43,17.05
2003-05-21,0.0,41.01,25.21,77.06,30.57
2003-05-22,0.01,37.89,25.42,83.21,39.82
2003-05-23,0.0,40.95,25.53,86.27,29.69
2003-05-24,0.0,39.49,24.01,82.93,31.63
2003-05-25,0.0,39.92,24.19,85.79,32.38
2003-05-26,0.0,40.48,24.43,90.07,25.7
2003-05-27,0.0,41.16,23.76,79.71,15.68
2003-05-28,0.0,39.37,23.05,61.62,19.72
2003-05-29,0.0,38.22,22.38,68.93,25.62
2003-05-30,0.0,38.18,22.07,65.75,21.84
2003-05-31,0.0,39.01,22.05,65.46,20.93
2003-06-01,0.0,39.81,25.24,60.78,23.2
2003-06-02,0.02,39.13,25.41,68.55,25.79
2003-06-03,0.03,39.36,24.75,69.43,25.94
2003-06-04,0.0,40.55,24.93,68.92,23.87
2003-06-05,0.43,39.89,25.62,70.82,28.39
2003-06-06,0.0,39.65,25.65,73.36,32.14
2003-06-07,1.53,38.65,26.72,66.81,32.99
2003-06-08,15.81,39.24,24.67,85.01,34.94
2003-06-09,0.0,38.16,24.67,90.03,40.42
2003-06-10,0.0,40.08,25.68,72.93,28.25
2003-06-11,0.0,38.54,25.21,73.11,35.58
2003-06-12,0.01,38.52,24.59,76.34,31.56
2003-06-13,0.5,40.07,24.74,70.41,26.28
2003-06-14,4.57,39.73,25.22,72.31,30.55
2003-06-15,4.1,39.11,25.04,79.94,37.35
2003-06-16,0.02,38.13,25.0,90.43,40.95
2003-06-17,0.0,37.94,25.0,81.1,40.55
2003-06-18,0.0,38.27,25.67,83.71,39.52
2003-06-19,0.0,38.47,25.24,81.27,34.48
2003-06-20,0.0,37.68,25.24,73.01,32.82
2003-06-21,0.0,37.73,25.65,72.58,36.7
2003-06-22,0.0,38.03,25.09,78.47,36.25
2003-06-23,0.18,36.48,24.83,88.39,47.91
2003-06-24,10.97,35.08,23.44,91.48,51.11
2003-06-25,0.0,35.27,22.36,96.16,53.76
2003-06-26,0.0,35.85,24.63,92.38,49.14
2003-06-27,3.22,35.02,24.29,91.93,47.82
2003-06-28,7.19,33.01,23.36,96.14,72.89
2003-06-29,0.26,33.55,23.79,95.72,59.39
2003-06-30,2.41,33.28,23.58,96.68,58.78
2003-07-01,1.56,33.22,23.39,95.29,61.66
2003-07-02,1.6,32.95,23.23,95.28,58.43
2003-07-03,0.05,34.27,24.43,94.53,55.94
2003-07-04,1.57,33.67,23.54,93.5,57.53
2003-07-05,0.0,35.36,25.01,88.73,51.73
2003-07-06,2.7,35.38,25.29,87.62,52.0
2003-07-07,2.88,32.46,23.41,91.6,62.09
2003-07-08,0.0,35.48,24.28,88.38,50.46
2003-07-09,8.41,34.9,25.27,86.18,54.64
2003-07-10,9.72,33.74,24.3,92.83,59.55
2003-07-11,18.58,34.97,24.29,94.72,51.13
2003-07-12,1.02,32.85,22.21,96.46,64.62
2003-07-13,0.04,34.51,24.1,94.86,54.98
2003-07-14,0.85,32.92,24.11,91.09,62.52
2003-07-15,0.14,33.97,24.32,93.33,59.13
2003-07-16,4.27,31.99,23.73,97.08,65.92
2003-07-17,1.09,32.38,23.6,96.48,63.26
2003-07-18,0.13,32.32,24.29,93.08,63.79
2003-07-19,1.49,33.91,24.39,95.04,60.37
2003-07-20,4.03,33.91,25.06,93.36,58.51
2003-07-21,4.53,33.41,23.88,94.01,59.1
2003-07-22,0.0,34.29,23.71,88.69,54.28
2003-07-23,0.19,35.04,24.39,92.21,52.34
2003-07-24,0.0,36.32,25.35,84.3,48.97
2003-07-25,1.25,33.69,25.01,87.21,61.01
2003-07-26,15.22,33.88,24.41,96.34,57.68
2003-07-27,1.03,34.55,24.19,97.03,56.91
2003-07-28,8.37,35.76,23.03,95.73,51.74
2003-07-29,0.01,35.39,24.43,91.67,52.31
2003-07-30,19.41,35.05,25.72,92.14,57.46
2003-07-31,1.0,34.45,23.95,92.78,59.98
2003-08-01,0.26,33.01,24.18,93.08,61.62
2003-08-02,0.27,35.19,24.66,92.44,54.64
2003-08-03,1.17,35.82,25.07,85.1,48.42
2003-08-04,0.0,35.8,25.05,87.72,52.91
2003-08-05,0.63,37.59,24.98,88.76,47.69
2003-08-06,5.28,35.68,24.08,93.37,53.42
2003-08-07,0.19,35.41,25.2,91.8,54.28
2003-08-08,46.9,29.39,23.54,97.01,78.72
2003-08-09,7.96,27.76,22.65,99.79,84.51
2003-08-10,11.73,29.18,23.44,99.67,80.71
2003-08-11,2.78,30.5,23.38,98.08,70.51
2003-08-12,9.66,30.93,23.6,97.29,70.48
2003-08-13,5.75,32.17,23.64,99.17,66.05
2003-08-14,8.9,31.35,24.5,99.41,70.89
2003-08-15,2.96,31.74,23.48,98.82,65.68
2003-08-16,7.56,32.64,23.8,97.26,63.04
2003-08-17,41.97,31.11,23.48,99.58,71.95
2003-08-18,2.29,32.12,23.14,99.5,67.79
2003-08-19,2.52,32.25,23.98,93.01,67.9
2003-08-20,0.07,33.38,23.21,95.81,61.69
2003-08-21,24.96,34.19,24.49,92.36,61.25
2003-08-22,18.58,32.73,23.49,98.72,67.99
2003-08-23,4.32,32.98,23.78,99.29,64.73
2003-08-24,21.2,33.57,23.91,96.99,62.62
2003-08-25,2.25,33.2,23.19,99.39,68.15
2003-08-26,0.0,32.73,22.89,98.8,62.47
2003-08-27,0.27,34.11,24.17,89.84,58.68
2003-08-28,7.46,34.74,23.83,98.62,60.05
2003-08-29,1.42,34.1,23.78,99.69,61.85
2003-08-30,4.69,33.63,24.09,98.56,62.07
2003-08-31,4.85,33.4,24.15,94.95,64.28
2003-09-01,4.4,33.64,23.29,99.38,67.31
2003-09-02,0.01,32.98,23.52,99.17,63.33
2003-09-03,0.01,33.78,24.51,89.4,60.54
2003-09-04,17.9,30.04,23.57,96.85,78.37
2003-09-05,25.34,30.64,22.08,99.1,72.34
2003-09-06,0.17,33.47,23.08,96.45,62.86
2003-09-07,0.0,34.13,23.21,97.78,57.57
2003-09-08,18.63,32.43,24.42,98.17,65.66
2003-09-09,31.06,32.66,23.09,98.94,63.76
2003-09-10,0.22,32.92,23.13,99.18,64.06
2003-09-11,2.57,33.19,23.68,97.58,67.02
2003-09-12,11.3,34.96,23.05,99.17,56.07
2003-09-13,0.01,33.83,24.25,93.37,65.06
2003-09-14,9.1,32.64,23.73,98.89,70.24
2003-09-15,0.01,33.12,22.95,99.5,62.63
2003-09-16,8.4,33.98,23.98,90.2,57.0
2003-09-17,24.12,32.39,23.56,96.08,67.22
2003-09-18,0.87,33.52,23.51,94.62,60.51
2003-09-19,0.0,35.27,23.24,90.35,51.22
2003-09-20,2.59,36.07,24.56,85.04,52.5
2003-09-21,16.87,35.41,24.63,89.27,55.56
2003-09-22,9.55,33.02,23.56,98.83,65.62
2003-09-23,2.07,33.05,22.87,99.35,63.85
2003-09-24,0.0,34.53,23.19,93.28,55.09
2003-09-25,0.0,36.98,25.29,79.93,45.82
2003-09-26,0.03,36.96,25.81,81.14,46.62
2003-09-27,0.0,36.07,25.61,75.91,49.54
2003-09-28,0.02,36.02,25.03,85.42,49.74
2003-09-29,0.0,36.35,24.83,86.75,48.15
2003-09-30,14.95,34.06,24.85,89.18,62.7
2003-10-01,3.87,33.28,22.95,99.62,67.84
2003-10-02,0.01,34.23,22.23,99.56,62.3
2003-10-03,0.0,37.27,23.94,96.93,46.18
2003-10-04,0.0,37.42,24.35,85.92,46.58
2003-10-05,0.01,35.7,24.58,90.14,57.16
2003-10-06,0.03,34.68,23.52,99.52,63.6
2003-10-07,8.79,33.7,22.85,99.5,69.91
2003-10-08,7.0,34.78,22.38,99.16,57.88
2003-10-09,0.3,37.2,23.65,87.02,41.46
2003-10-10,0.02,37.33,24.62,80.34,48.18
2003-10-11,0.01,37.87,24.68,93.33,47.33
2003-10-12,0.0,38.3,24.97,91.28,42.86
2003-10-13,0.0,37.85,25.23,88.42,48.38
2003-10-14,0.0,37.98,24.94,88.2,39.28
2003-10-15,0.0,36.85,24.39,94.97,51.57
2003-10-16,0.0,37.16,24.16,96.4,50.74
2003-10-17,0.0,36.12,24.6,95.09,56.44
2003-10-18,0.98,33.93,24.09,99.09,68.43
2003-10-19,9.0,31.37,23.02,99.46,78.62
2003-10-20,15.31,32.61,22.46,99.73,71.42
2003-10-21,5.69,32.81,21.93,99.69,67.11
2003-10-22,2.53,32.87,22.71,99.66,69.99
2003-10-23,0.0,33.8,22.78,99.21,65.47
2003-10-24,0.27,35.72,23.8,92.11,47.65
2003-10-25,0.0,36.19,23.37,75.18,40.54
2003-10-26,0.0,34.77,22.96,72.94,38.99
2003-10-27,0.0,36.86,22.91,67.47,33.99
2003-10-28,0.0,37.83,24.47,68.92,41.98
2003-10-29,0.01,38.6,25.3,77.15,44.11
2003-10-30,0.0,37.39,25.09,89.7,50.86
2003-10-31,0.0,37.53,24.68,93.56,43.13
2003-11-01,0.0,38.57,20.87,92.76,29.29
2003-11-02,0.0,38.06,19.89,66.77,29.5
2003-11-03,0.0,38.07,20.28,73.91,31.93
2003-11-04,0.0,39.52,21.64,75.36,33.66
2003-11-05,0.0,40.71,21.95,62.7,17.65
2003-11-06,0.0,38.31,20.44,49.32,24.79
2003-11-07,0.0,37.83,20.1,86.21,30.41
2003-11-08,0.0,36.91,19.86,84.36,37.98
2003-11-09,0.0,37.73,20.62,95.55,40.49
2003-11-10,0.0,38.9,21.82,72.22,25.59
2003-11-11,0.0,39.54,21.44,46.44,19.52
2003-11-12,0.0,40.19,21.01,47.81,18.47
2003-11-13,0.0,38.67,19.94,45.44,19.23
2003-11-14,0.0,37.31,18.63,45.31,19.02
2003-11-15,0.0,36.75,17.48,47.32,20.08
2003-11-16,0.0,37.72,17.75,47.03,19.97
2003-11-17,0.0,37.82,18.07,47.04,18.71
2003-11-18,0.0,38.25,19.07,47.96,19.74
2003-11-19,0.0,37.36,18.99,45.62,21.33
2003-11-20,0.0,35.83,20.21,46.96,22.38
2003-11-21,0.0,37.07,20.62,46.52,23.76
2003-11-22,0.0,38.01,20.26,57.57,23.85
2003-11-23,0.0,36.26,19.08,56.98,25.6
2003-11-24,0.0,37.77,19.1,54.88,23.44
2003-11-25,0.0,37.77,18.93,57.75,23.72
2003-11-26,0.0,38.32,19.41,58.67,25.48
2003-11-27,0.0,38.49,20.24,56.16,24.15
2003-11-28,0.0,38.0,20.26,56.73,23.89
2003-11-29,0.0,38.89,21.38,64.29,26.92
2003-11-30,0.0,38.98,19.88,65.7,19.36
2003-12-01,0.0,38.87,18.39,46.16,17.54
2003-12-02,0.0,37.4,17.4,39.97,17.17
2003-12-03,0.0,35.53,15.32,40.72,16.14
2003-12-04,0.0,34.88,15.03,50.52,19.07
2003-12-05,0.0,35.05,17.86,44.66,21.27
2003-12-06,0.0,35.84,17.75,40.75,19.36
2003-12-07,0.0,39.14,18.32,37.32,15.99
2003-12-08,0.0,38.14,17.7,37.25,12.08
2003-12-09,0.0,38.59,17.37,34.35,13.59
2003-12-10,0.0,39.63,17.82,38.58,14.8
2003-12-11,0.0,38.42,17.81,51.36,20.02
2003-12-12,0.0,37.14,16.71,65.8,19.31
2003-12-13,0.0,37.52,16.6,52.66,20.32
2003-12-14,0.0,36.59,16.29,40.89,16.24
2003-12-15,0.0,34.33,15.2,35.97,14.9
2003-12-16,0.0,35.67,15.24,35.29,13.57
2003-12-17,0.0,37.91,16.47,36.71,14.63
2003-12-18,0.0,38.7,17.0,33.61,12.59
2003-12-19,0.0,38.69,16.98,35.11,14.02
2003-12-20,0.0,38.34,16.68,39.47,15.32
2003-12-21,0.0,37.53,17.65,54.06,22.78
2003-12-22,0.0,37.84,17.69,67.35,13.81
2003-12-23,0.0,35.33,17.68,32.64,14.79
2003-12-24,0.0,36.77,16.22,33.53,12.21
2003-12-25,0.0,37.34,17.14,28.86,10.22
2003-12-26,0.0,33.54,16.45,29.42,8.91
2003-12-27,0.0,33.11,14.87,19.47,7.89
2003-12-28,0.0,32.16,13.98,24.72,11.29
2003-12-29,0.0,31.36,15.01,22.1,9.95
2003-12-30,0.0,33.37,15.18,20.93,10.26
2003-12-31,0.0,37.22,15.79,27.26,11.15
2004-01-01,0.0,37.34,16.86,32.64,13.06
2004-01-02,0.0,37.13,16.67,31.25,13.33
2004-01-03,0.0,37.15,16.78,35.98,13.33
2004-01-04,0.0,36.68,16.67,34.98,14.74
2004-01-05,0.0,37.36,17.63,36.79,15.58
2004-01-06,0.0,38.6,17.88,35.3,14.28
2004-01-07,0.0,34.87,18.02,35.87,17.34
2004-01-08,0.0,32.31,18.71,42.42,18.26
2004-01-09,0.0,28.51,17.05,71.51,27.33
2004-01-10,0.0,32.96,15.75,78.05,31.85
2004-01-11,0.0,36.8,16.94,57.06,18.72
2004-01-12,0.0,35.52,19.36,36.52,16.35
2004-01-13,0.0,38.78,20.16,34.61,17.57
2004-01-14,0.0,37.35,19.11,36.21,8.64
2004-01-15,0.0,34.58,16.81,69.01,13.23
2004-01-16,0.0,36.55,16.27,53.39,17.35
2004-01-17,0.0,37.06,17.19,57.09,21.73
2004-01-18,0.0,37.57,17.19,64.54,22.34
2004-01-19,0.0,37.38,16.8,50.19,19.18
2004-01-20,0.0,35.77,15.46,46.28,17.07
2004-01-21,0.0,36.67,15.64,36.63,15.2
2004-01-22,0.0,34.32,16.48,28.43,11.02
2004-01-23,0.0,34.18,15.36,17.49,9.42
2004-01-24,0.0,36.06,15.59,21.43,9.85
2004-01-25,0.0,35.47,15.48,18.52,7.73
2004-01-26,0.0,35.71,14.32,25.11,9.21
2004-01-27,0.0,37.62,15.55,21.86,9.37
2004-01-28,0.0,38.3,16.59,20.96,8.43
2004-01-29,0.0,37.94,16.86,19.92,7.86
2004-01-30,0.0,36.99,17.33,16.54,8.39
2004-01-31,0.0,34.98,16.16,26.21,10.77
2004-02-01,0.0,34.61,15.14,41.84,16.12
2004-02-02,0.0,36.31,16.05,32.93,13.22
2004-02-03,0.0,38.49,17.87,27.97,10.31
2004-02-04,0.0,39.3,19.67,20.62,9.22
2004-02-05,0.0,36.48,18.19,18.53,9.76
2004-02-06,0.0,36.07,15.6,28.03,10.78
2004-02-07,0.0,36.59,17.09,21.24,11.41
2004-02-08,0.0,37.47,17.91,22.94,11.43
2004-02-09,0.0,38.31,18.11,29.35,11.31
2004-02-10,0.0,38.11,18.4,31.05,11.44
2004-02-11,0.0,34.77,17.37,47.2,13.93
2004-02-12,0.0,39.18,18.39,36.67,10.82
2004-02-13,0.0,39.43,19.18,31.84,9.42
2004-02-14,0.0,40.68,20.76,32.41,8.13
2004-02-15,0.0,41.85,21.59,28.39,9.78
2004-02-16,0.0,42.16,20.19,44.48,12.05
2004-02-17,0.0,42.38,20.49,41.83,11.92
2004-02-18,0.0,40.95,20.59,54.67,19.23
2004-02-19,0.0,37.16,19.22,75.11,31.73
2004-02-20,0.0,35.33,17.77,85.96,33.69
2004-02-21,0.0,35.48,18.38,87.32,36.01
2004-02-22,0.0,37.58,19.12,61.11,25.48
2004-02-23,0.0,39.46,19.64,60.0,24.21
2004-02-24,0.0,38.38,19.82,64.24,25.29
2004-02-25,0.0,39.14,18.94,61.07,22.56
2004-02-26,0.0,39.47,19.22,60.53,20.68
2004-02-27,0.0,40.46,19.24,54.81,19.96
2004-02-28,0.0,37.41,18.2,68.17,25.57
2004-02-29,0.0,38.6,18.52,56.08,19.34
2004-03-01,0.0,37.25,19.17,41.79,17.04
2004-03-02,0.0,39.45,18.31,32.95,11.21
2004-03-03,0.0,39.68,18.97,24.57,10.05
2004-03-04,0.0,38.31,20.24,23.18,10.79
2004-03-05,0.0,34.65,18.05,14.86,9.46
2004-03-06,0.0,36.84,16.06,26.13,11.25
2004-03-07,0.0,38.73,17.84,24.7,9.14
2004-03-08,0.0,40.21,19.26,23.19,8.43
2004-03-09,0.0,41.49,20.47,20.44,7.4
2004-03-10,0.0,41.73,20.71,24.63,8.15
2004-03-11,0.0,42.3,20.55,27.03,8.3
2004-03-12,0.0,43.08,21.16,36.88,8.14
2004-03-13,0.0,43.29,22.03,37.52,8.99
2004-03-14,0.0,42.57,21.91,26.46,8.62
2004-03-15,0.0,41.16,21.14,31.08,11.45
2004-03-16,0.0,41.84,20.64,36.63,9.79
2004-03-17,0.0,43.28,22.04,39.33,11.44
2004-03-18,0.0,43.84,22.27,43.5,7.09
2004-03-19,0.0,42.93,22.76,28.15,7.24
2004-03-20,0.0,42.38,21.8,24.33,8.04
2004-03-21,0.0,40.09,21.13,65.59,16.27
2004-03-22,0.0,39.49,20.36,66.45,17.79
2004-03-23,0.0,38.85,20.88,65.55,20.83
2004-03-24,0.0,39.59,21.37,65.77,20.37
2004-03-25,0.0,39.92,21.4,60.32,22.33
2004-03-26,0.0,39.74,22.39,69.09,29.63
2004-03-27,0.0,39.66,21.42,70.29,26.08
2004-03-28,0.0,37.07,20.0,61.56,28.25
2004-03-29,0.0,36.82,19.89,67.54,26.5
2004-03-30,0.0,38.49,20.49,52.56,20.7
2004-03-31,0.0,41.63,21.32,40.59,16.72
2004-04-01,0.0,41.26,23.18,48.24,18.03
2004-04-02,0.0,42.21,23.34,50.04,17.82
2004-04-03,0.0,42.75,23.27,56.09,19.19
2004-04-04,0.0,43.28,23.63,58.3,18.82
2004-04-05,0.0,43.51,24.0,58.94,18.47
2004-04-06,0.0,42.87,23.74,66.62,20.41
2004-04-07,0.0,41.84,23.38,71.58,22.93
2004-04-08,0.0,41.77,22.29,73.02,18.58
2004-04-09,0.0,40.52,22.57,59.76,20.19
2004-04-10,0.0,39.7,21.58,57.84,19.59
2004-04-11,0.0,38.94,21.16,62.4,24.54
2004-04-12,0.0,41.44,23.95,46.33,15.38
2004-04-13,0.0,41.88,24.05,45.11,16.34
2004-04-14,0.0,37.65,22.04,53.49,25.72
2004-04-15,0.0,36.47,19.39,54.99,18.07
2004-04-16,0.0,39.71,20.5,38.72,15.64
2004-04-17,0.0,39.05,21.99,51.94,21.82
2004-04-18,0.0,38.94,21.47,46.57,20.72
2004-04-19,0.0,42.82,22.98,43.61,15.4
2004-04-20,0.0,43.41,24.22,33.44,13.32
2004-04-21,0.0,42.88,22.65,44.46,11.58
2004-04-22,0.0,43.58,22.06,60.24,13.94
2004-04-23,0.0,42.26,22.11,70.73,18.04
2004-04-24,0.0,42.23,22.06,78.92,18.39
2004-04-25,0.0,41.52,22.61,74.98,20.09
2004-04-26,0.0,39.49,22.02,71.6,21.97
2004-04-27,0.0,40.85,22.73,62.21,18.91
2004-04-28,0.0,37.54,22.7,59.13,25.19
2004-04-29,0.0,38.52,21.29,61.06,24.27
2004-04-30,0.0,40.57,22.85,55.65,20.13
2004-05-01,0.0,41.64,22.82,53.67,14.69
2004-05-02,0.0,42.05,23.89,46.39,16.16
2004-05-03,0.0,42.59,25.02,51.93,18.95
2004-05-04,0.0,42.69,24.08,55.6,16.86
2004-05-05,0.0,43.48,23.49,49.68,14.07
2004-05-06,0.0,43.0,23.71,57.98,15.95
2004-05-07,0.0,42.73,22.63,61.45,14.87
2004-05-08,0.0,43.32,23.68,63.03,14.36
2004-05-09,0.0,43.49,23.5,61.64,17.42
2004-05-10,0.0,42.94,23.19,55.51,14.27
2004-05-11,0.0,41.52,22.84,64.98,19.15
2004-05-12,0.0,42.63,22.85,66.86,17.52
2004-05-13,0.0,42.48,24.21,51.93,14.55
2004-05-14,0.0,41.72,23.33,58.18,17.02
2004-05-15,0.19,39.73,22.44,72.36,19.25
2004-05-16,0.0,40.4,23.65,59.62,17.83
2004-05-17,0.0,40.64,22.19,63.91,19.72
2004-05-18,0.0,40.96,23.38,65.23,19.75
2004-05-19,0.0,43.96,22.82,66.82,14.33
2004-05-20,0.0,42.4,24.48,67.62,21.99
2004-05-21,0.0,39.8,24.7,79.65,31.13
2004-05-22,0.0,41.84,23.95,76.86,22.98
2004-05-23,0.0,43.7,24.38,71.47,20.03
2004-05-24,0.21,39.44,25.49,77.05,35.03
2004-05-25,0.0,40.01,24.85,79.49,32.25
2004-05-26,0.0,42.52,24.04,74.42,20.14
2004-05-27,0.0,42.29,24.42,66.03,22.14
2004-05-28,11.24,39.98,23.8,77.55,35.14
2004-05-29,0.0,34.13,22.45,95.44,55.33
2004-05-30,0.0,38.38,23.43,86.16,31.47
2004-05-31,0.0,40.86,23.3,72.85,22.17
2004-06-01,0.0,40.12,25.05,71.21,25.99
2004-06-02,0.09,37.79,25.47,79.39,41.31
2004-06-03,10.35,38.07,24.99,88.34,38.67
2004-06-04,0.0,37.62,23.97,90.47,42.36
2004-06-05,0.0,40.81,24.75,79.9,25.63
2004-06-06,0.03,40.11,25.74,69.83,34.18
2004-06-07,0.09,37.06,24.71,87.08,45.65
2004-06-08,4.21,39.15,24.45,81.05,31.64
2004-06-09,16.61,35.68,23.94,97.82,54.51
2004-06-10,2.78,30.98,23.07,99.1,66.88
2004-06-11,0.0,33.67,22.17,97.62,48.38
2004-06-12,0.12,34.83,22.4,91.98,48.31
2004-06-13,0.0,35.04,23.69,92.35,50.53
2004-06-14,10.77,36.59,23.79,93.34,42.24
2004-06-15,0.0,36.81,24.21,84.01,36.26
2004-06-16,0.07,36.75,23.48,67.57,29.16
2004-06-17,0.0,37.86,23.13,75.76,31.13
2004-06-18,0.0,37.11,24.2,75.3,32.99
2004-06-19,0.0,37.92,24.78,76.25,35.35
2004-06-20,0.0,37.38,24.99,79.25,36.99
2004-06-21,5.21,36.92,23.85,74.27,35.92
2004-06-22,0.0,36.88,24.61,76.04,43.64
2004-06-23,0.0,40.0,25.25,85.22,23.37
2004-06-24,0.0,41.01,24.47,74.74,24.88
2004-06-25,2.46,38.02,25.43,79.15,40.79
2004-06-26,38.22,37.1,25.47,92.87,45.66
2004-06-27,0.04,35.36,24.04,97.93,51.84
2004-06-28,8.29,37.15,23.92,87.8,39.04
2004-06-29,0.03,37.96,24.4,86.06,41.18
2004-06-30,0.0,37.96,24.75,84.04,39.64
2004-07-01,0.5,36.7,24.97,76.04,44.82
2004-07-02,0.0,37.82,24.97,80.32,40.6
2004-07-03,4.71,35.18,23.96,93.92,51.36
2004-07-04,8.47,37.38,24.86,89.1,41.74
2004-07-05,1.7,37.18,24.55,82.21,44.66
2004-07-06,8.38,34.51,24.54,85.97,57.04
2004-07-07,0.0,37.44,24.21,92.54,37.55
2004-07-08,4.08,36.5,24.12,79.16,46.43
2004-07-09,4.57,36.61,25.09,92.8,49.43
2004-07-10,1.24,33.07,23.76,97.95,64.74
2004-07-11,21.93,33.38,23.61,98.66,58.41
2004-07-12,10.64,33.51,22.92,99.18,55.97
2004-07-13,0.0,31.87,23.45,97.35,63.81
2004-07-14,23.22,34.17,23.15,98.36,58.71
2004-07-15,0.29,32.81,23.55,94.23,60.45
2004-07-16,0.0,34.3,23.47,95.13,55.3
2004-07-17,0.21,34.48,24.28,88.84,52.45
2004-07-18,0.86,34.88,24.35,86.21,52.9
2004-07-19,5.04,36.94,24.74,92.2,52.67
2004-07-20,0.0,34.7,25.4,89.15,53.27
2004-07-21,0.06,35.32,24.85,85.24,49.75
2004-07-22,1.49,34.93,23.84,91.55,52.21
2004-07-23,6.58,35.2,24.52,89.53,51.5
2004-07-24,31.59,31.45,23.81,96.93,74.3
2004-07-25,33.63,27.98,22.94,99.08,81.96
2004-07-26,15.47,31.09,22.61,99.52,64.55
2004-07-27,8.47,32.09,22.56,99.17,60.83
2004-07-28,24.02,30.94,23.36,98.72,69.77
2004-07-29,0.15,33.76,22.88,99.12,60.33
2004-07-30,2.93,33.81,24.2,99.07,62.98
2004-07-31,10.36,31.21,24.0,99.32,74.17
2004-08-01,3.15,30.23,23.69,98.99,78.55
2004-08-02,0.06,33.08,23.15,98.35,61.64
2004-08-03,12.74,32.4,23.33,91.49,67.81
2004-08-04,0.01,34.58,23.81,91.08,55.44
2004-08-05,0.43,33.92,24.71,93.61,60.92
2004-08-06,0.9,33.65,24.17,98.3,61.19
2004-08-07,7.52,31.7,24.18,97.37,72.73
2004-08-08,14.85,30.81,23.7,99.16,75.72
2004-08-09,0.5,33.3,23.31,99.34,62.57
2004-08-10,0.0,34.57,23.89,97.18,57.27
2004-08-11,0.0,37.11,24.23,84.69,43.26
2004-08-12,3.39,35.56,25.77,87.34,55.9
2004-08-13,19.57,33.77,24.41,95.99,57.15
2004-08-14,0.02,31.93,23.15,98.98,65.6
2004-08-15,0.04,33.51,23.56,95.36,61.26
2004-08-16,0.0,34.94,24.13,90.44,56.29
2004-08-17,2.22,33.62,25.11,88.99,60.45
2004-08-18,31.23,31.81,24.51,98.9,69.84
2004-08-19,1.1,32.96,23.26,99.48,65.53
2004-08-20,55.78,32.65,24.33,97.26,68.99
2004-08-21,2.63,32.64,23.46,99.67,65.91
2004-08-22,0.01,34.1,23.5,97.02,60.26
2004-08-23,0.0,35.39,24.87,89.13,55.62
2004-08-24,15.33,34.14,25.08,96.43,63.64
2004-08-25,8.73,31.93,24.01,99.15,68.35
2004-08-26,17.21,29.74,23.79,99.52,79.31
2004-08-27,10.64,33.8,23.01,99.44,60.83
2004-08-28,21.74,29.56,23.07,99.46,79.27
2004-08-29,3.57,32.3,23.42,99.28,64.97
2004-08-30,12.0,33.93,23.96,91.49,62.29
2004-08-31,11.57,32.49,23.5,96.48,68.99
2004-09-01,0.0,31.8,23.23,98.78,74.32
2004-09-02,0.89,33.61,23.28,99.2,62.77
2004-09-03,5.61,34.2,23.53,91.64,59.69
2004-09-04,0.04,33.42,22.77,99.02,63.76
2004-09-05,0.0,33.95,24.68,96.49,65.27
2004-09-06,11.83,33.94,23.15,99.47,66.2
2004-09-07,0.59,34.77,22.81,97.1,54.58
2004-09-08,0.12,34.03,24.6,88.77,58.62
2004-09-09,4.78,32.02,23.5,97.38,72.4
2004-09-10,8.35,34.01,23.13,99.52,60.59
2004-09-11,0.0,34.74,23.18,96.77,57.66
2004-09-12,0.11,36.49,24.63,89.34,51.09
2004-09-13,32.81,35.36,24.48,88.65,55.06
2004-09-14,1.24,33.28,23.84,94.13,64.69
2004-09-15,42.23,33.07,24.1,99.25,66.14
2004-09-16,2.8,32.35,22.87,99.69,68.12
2004-09-17,0.0,34.63,23.2,98.33,56.3
2004-09-18,0.0,37.64,24.31,85.23,41.28
2004-09-19,0.18,35.92,24.55,87.63,53.0
2004-09-20,3.94,34.96,24.45,89.83,57.72
2004-09-21,9.28,34.69,23.1,95.45,53.88
2004-09-22,1.73,32.77,23.49,91.94,66.85
2004-09-23,17.16,34.83,23.47,95.55,56.16
2004-09-24,0.0,34.73,23.33,94.81,58.55
2004-09-25,2.82,34.45,22.9,99.26,59.72
2004-09-26,0.45,34.21,23.74,94.01,62.12
2004-09-27,0.11,36.32,23.92,89.31,49.71
2004-09-28,0.12,36.23,24.85,82.64,43.86
2004-09-29,0.0,35.84,23.74,86.14,45.28
2004-09-30,0.0,36.82,24.26,75.44,38.11
2004-10-01,0.0,37.77,23.73,81.53,35.31
2004-10-02,2.34,37.67,23.85,84.4,42.75
2004-10-03,0.0,38.14,24.08,82.58,42.85
2004-10-04,0.0,38.34,24.36,88.01,37.79
2004-10-05,0.02,37.58,24.13,92.41,47.45
2004-10-06,0.38,35.84,24.6,96.61,57.41
2004-10-07,0.01,33.7,23.91,98.82,67.0
2004-10-08,1.44,35.81,23.29,99.39,56.6
2004-10-09,0.0,36.55,22.64,94.79,41.72
2004-10-10,0.0,39.29,23.97,71.55,25.31
2004-10-11,0.0,37.55,23.73,88.45,41.56
2004-10-12,0.84,36.95,23.95,92.73,50.56
2004-10-13,2.52,37.35,24.16,96.96,46.43
2004-10-14,0.07,38.54,24.34,85.1,37.27
2004-10-15,0.0,38.95,24.81,79.96,39.02
2004-10-16,0.0,37.11,24.22,92.3,46.59
2004-10-17,0.0,37.79,24.26,89.36,41.65
2004-10-18,0.0,38.68,24.45,81.34,34.31
2004-10-19,0.0,38.59,24.59,72.95,29.77
2004-10-20,0.0,40.15,24.14,69.63,23.89
2004-10-21,0.0,38.93,24.6,62.79,34.06
2004-10-22,0.0,37.46,23.69,97.5,44.32
2004-10-23,8.77,37.31,23.79,91.04,46.1
2004-10-24,0.0,36.25,23.4,91.87,42.86
2004-10-25,0.0,39.13,24.18,63.2,23.56
2004-10-26,0.0,39.63,23.84,55.04,23.51
2004-10-27,0.0,38.56,23.46,77.43,35.29
2004-10-28,0.06,37.56,23.78,94.56,43.68
2004-10-29,0.68,38.29,24.27,88.48,37.96
2004-10-30,0.0,39.65,24.33,76.44,22.32
2004-10-31,0.0,37.71,22.92,54.93,26.23
2004-11-01,0.0,39.29,20.35,71.51,30.55
2004-11-02,0.0,39.64,20.57,70.81,25.55
2004-11-03,0.0,39.14,20.45,52.86,23.81
2004-11-04,0.0,39.37,19.99,54.86,20.09
2004-11-05,0.0,37.95,19.75,66.62,25.54
2004-11-06,0.0,36.94,19.87,82.22,37.95
2004-11-07,0.02,37.21,20.28,81.51,33.03
2004-11-08,0.0,38.35,20.88,64.05,26.19
2004-11-09,0.0,39.06,20.86,53.12,20.79
2004-11-10,0.0,39.02,20.49,50.01,21.05
2004-11-11,0.0,40.25,21.63,50.0,21.09
2004-11-12,0.0,39.73,21.22,60.0,26.68
2004-11-13,0.0,37.8,21.51,68.95,30.38
2004-11-14,0.0,39.31,21.28,58.13,24.11
2004-11-15,0.0,38.97,20.81,53.46,24.04
2004-11-16,0.0,39.19,21.15,49.07,20.14
2004-11-17,0.0,38.05,21.2,42.21,16.31
2004-11-18,0.0,38.69,21.62,38.99,14.85
2004-11-19,0.0,36.93,20.66,38.46,14.72
2004-11-20,0.0,37.71,18.91,41.71,15.59
2004-11-21,0.0,39.01,18.97,51.66,16.11
2004-11-22,0.0,39.71,19.51,48.69,15.07
2004-11-23,0.0,40.07,19.88,46.45,15.15
2004-11-24,0.0,39.98,19.66,47.16,15.0
2004-11-25,0.0,39.2,19.34,63.73,20.41
2004-11-26,0.0,39.46,19.85,74.39,22.34
2004-11-27,0.0,38.88,19.13,50.21,14.96
2004-11-28,0.0,37.85,18.05,47.44,17.31
2004-11-29,0.0,38.6,18.77,47.21,16.34
2004-11-30,0.0,38.57,18.91,44.26,15.82
2004-12-01,0.0,35.89,16.62,60.45,24.03
2004-12-02,0.0,36.39,17.16,75.85,28.76
2004-12-03,0.0,35.16,17.09,74.0,32.33
2004-12-04,0.0,37.46,17.59,62.22,21.76
2004-12-05,0.0,39.19,18.08,47.94,17.63
2004-12-06,0.0,38.52,17.63,50.39,19.91
2004-12-07,0.0,38.0,17.89,51.15,20.09
2004-12-08,0.0,35.94,17.01,42.57,17.89
2004-12-09,0.0,36.15,16.43,38.43,14.48
2004-12-10,0.0,37.59,16.45,38.77,13.97
2004-12-11,0.0,36.48,16.72,38.11,14.94
2004-12-12,0.0,36.14,16.77,37.82,13.98
2004-12-13,0.0,37.06,16.86,34.53,12.39
2004-12-14,0.0,34.69,17.57,63.41,16.55
2004-12-15,0.0,34.53,17.41,85.36,39.21
2004-12-16,0.0,35.71,17.65,79.13,33.19
2004-12-17,0.0,33.91,18.34,68.35,34.3
2004-12-18,0.0,38.99,18.96,59.06,23.54
2004-12-19,0.0,39.33,19.65,54.73,22.98
2004-12-20,0.0,40.26,19.35,58.14,22.56
2004-12-21,0.0,39.97,18.79,59.74,21.09
2004-12-22,0.0,40.25,18.52,60.69,17.72
2004-12-23,0.0,40.29,18.67,46.35,17.14
2004-12-24,0.0,39.35,18.54,51.84,19.62
2004-12-25,0.0,37.21,17.64,51.19,19.68
2004-12-26,0.0,35.36,16.2,43.02,17.03
2004-12-27,0.0,35.01,15.11,40.39,16.98
2004-12-28,0.0,34.46,15.92,45.88,18.94
2004-12-29,0.0,38.25,16.34,42.65,15.45
2004-12-30,0.0,34.5,17.49,34.02,13.97
2004-12-31,0.0,36.12,16.97,22.06,8.03
2005-01-01,0.0,34.32,17.22,32.34,15.76
2005-01-02,0.0,33.43,16.52,30.33,12.33
2005-01-03,0.0,33.62,16.41,34.06,13.29
2005-01-04,0.0,34.0,15.56,39.16,14.31
2005-01-05,0.0,34.88,14.94,42.11,15.66
2005-01-06,0.0,35.66,16.76,43.68,18.37
2005-01-07,0.0,35.3,19.24,34.01,16.44
2005-01-08,0.0,36.75,19.18,35.06,16.5
2005-01-09,0.0,36.01,16.74,36.24,15.73
2005-01-10,0.0,34.78,17.41,36.08,16.65
2005-01-11,0.0,33.08,18.09,33.45,16.11
2005-01-12,0.0,32.77,18.36,35.23,14.54
2005-01-13,0.0,34.11,17.63,33.17,13.25
2005-01-14,0.0,35.87,16.77,38.26,13.92
2005-01-15,0.0,35.93,15.97,41.96,14.15
2005-01-16,0.0,36.63,16.28,46.07,17.34
2005-01-17,0.0,35.53,18.37,47.61,18.49
2005-01-18,0.0,37.54,17.94,62.8,16.63
2005-01-19,0.0,36.95,19.2,36.35,14.5
2005-01-20,0.0,36.82,18.16,33.35,11.37
2005-01-21,0.0,35.64,19.56,33.23,10.75
2005-01-22,0.0,37.13,16.79,36.41,11.78
2005-01-23,0.0,37.33,15.89,40.38,13.97
2005-01-24,0.0,37.55,15.44,45.73,15.4
2005-01-25,0.0,36.57,16.46,40.55,14.47
2005-01-26,0.0,36.27,16.3,40.25,12.03
2005-01-27,0.0,36.09,15.92,40.85,12.43
2005-01-28,0.0,35.3,15.41,46.39,12.97
2005-01-29,0.0,36.24,15.12,49.92,14.22
2005-01-30,0.0,37.66,16.84,45.61,14.14
2005-01-31,0.0,37.47,17.78,39.01,15.65
2005-02-01,0.0,36.92,17.86,41.71,15.3
2005-02-02,0.0,38.71,18.93,33.64,14.2
2005-02-03,0.0,37.78,19.37,36.85,16.47
2005-02-04,0.0,36.61,18.01,39.74,15.37
2005-02-05,0.0,35.85,16.79,35.64,11.23
2005-02-06,0.0,35.4,16.27,38.01,13.14
2005-02-07,0.0,35.6,16.82,36.6,12.33
2005-02-08,0.0,34.1,15.39,28.83,12.64
2005-02-09,0.0,35.47,16.35,39.67,14.59
2005-02-10,0.0,37.25,16.2,39.49,13.97
2005-02-11,0.0,38.69,18.14,37.41,11.98
2005-02-12,0.0,36.03,20.81,38.63,15.68
2005-02-13,0.13,35.6,21.42,42.15,28.65
2005-02-14,0.39,34.45,20.93,57.03,25.24
2005-02-15,0.0,37.18,20.18,57.73,20.52
2005-02-16,0.0,36.12,19.71,63.5,24.06
2005-02-17,0.0,37.83,20.02,51.66,16.98
2005-02-18,0.0,37.98,21.09,39.99,17.94
2005-02-19,0.0,38.48,21.43,44.34,19.86
2005-02-20,0.0,36.99,20.22,55.14,20.05
2005-02-21,0.0,38.04,20.98,47.17,20.27
2005-02-22,0.0,37.64,20.98,59.89,23.28
2005-02-23,0.0,37.97,21.38,51.79,23.08
2005-02-24,0.0,35.83,20.95,58.21,27.25
2005-02-25,0.0,35.75,20.81,57.38,25.3
2005-02-26,0.0,39.29,21.01,58.2,23.59
2005-02-27,0.0,40.37,21.56,51.47,22.68
2005-02-28,0.0,38.29,21.97,52.98,24.8
2005-03-01,0.0,36.35,21.54,61.0,26.74
2005-03-02,0.0,38.72,20.47,59.12,24.52
2005-03-03,0.04,35.12,20.48,74.21,37.24
2005-03-04,0.0,37.34,20.49,83.27,35.3
2005-03-05,0.0,36.22,20.8,63.04,29.65
2005-03-06,0.0,36.91,19.58,55.31,23.16
2005-03-07,0.0,40.05,20.37,39.63,17.2
2005-03-08,0.0,40.77,20.34,39.09,12.9
2005-03-09,0.0,42.43,20.64,30.7,9.35
2005-03-10,0.0,42.44,22.1,35.22,13.16
2005-03-11,0.0,41.84,22.44,35.18,13.23
2005-03-12,0.0,40.12,20.64,49.05,10.85
2005-03-13,0.0,37.97,18.92,53.44,14.01
2005-03-14,0.0,38.84,18.19,65.44,17.97
2005-03-15,0.0,41.91,20.25,40.92,11.52
2005-03-16,0.0,42.91,21.28,36.38,12.7
2005-03-17,0.0,43.3,22.13,39.05,13.86
2005-03-18,0.0,43.48,20.93,49.29,11.24
2005-03-19,0.0,44.05,21.17,39.74,8.99
2005-03-20,0.0,42.81,21.05,39.51,9.33
2005-03-21,0.0,42.33,20.38,37.33,8.81
2005-03-22,0.0,42.53,20.5,37.06,9.75
2005-03-23,0.0,42.46,20.28,45.36,9.29
2005-03-24,0.0,42.48,20.26,54.89,10.11
2005-03-25,0.0,42.45,19.45,57.26,10.63
2005-03-26,0.0,43.56,20.98,52.59,8.31
2005-03-27,0.0,44.16,20.75,49.22,9.09
2005-03-28,0.0,40.8,20.15,75.94,15.98
2005-03-29,0.0,42.89,20.81,76.21,13.34
2005-03-30,0.0,42.5,21.1,77.02,14.72
2005-03-31,0.0,44.37,21.06,65.39,7.88
2005-04-01,0.0,44.33,21.69,43.36,8.54
2005-04-02,0.0,42.87,21.71,64.51,12.01
2005-04-03,0.0,43.05,21.64,67.04,9.32
2005-04-04,0.0,43.23,21.71,53.9,9.63
2005-04-05,0.0,44.86,21.78,55.2,8.41
2005-04-06,0.0,43.41,22.84,64.5,15.43
2005-04-07,0.0,44.14,22.62,71.57,14.25
2005-04-08,0.0,44.66,23.1,58.17,11.52
2005-04-09,0.0,43.95,22.7,63.45,11.97
2005-04-10,0.0,44.32,22.54,64.34,11.66
2005-04-11,0.0,44.05,22.96,51.91,12.36
2005-04-12,0.0,41.88,22.4,71.1,21.25
2005-04-13,0.0,40.7,22.68,72.91,21.37
2005-04-14,0.0,39.13,21.57,73.76,19.43
2005-04-15,0.0,40.32,21.21,59.01,16.22
2005-04-16,0.0,40.15,22.95,51.6,14.04
2005-04-17,0.0,39.22,22.68,40.24,14.2
2005-04-18,0.0,39.67,22.63,34.46,12.11
2005-04-19,0.0,40.58,20.61,53.22,13.99
2005-04-20,0.0,42.95,22.65,49.43,10.47
2005-04-21,0.0,42.7,23.55,44.88,11.81
2005-04-22,0.0,43.85,22.46,55.8,10.17
2005-04-23,0.0,41.8,21.46,59.19,15.03
2005-04-24,0.0,40.36,21.39,72.81,22.46
2005-04-25,0.0,40.09,21.2,72.68,21.22
2005-04-26,0.0,41.55,23.48,61.41,18.31
2005-04-27,0.0,43.71,23.84,65.47,17.3
2005-04-28,0.0,44.19,23.66,65.56,15.37
2005-04-29,0.0,43.5,24.16,68.3,22.66
2005-04-30,0.0,42.47,24.0,76.91,23.18
2005-05-01,0.0,41.56,24.84,84.03,27.25
2005-05-02,0.0,42.66,24.36,77.67,18.87
2005-05-03,0.0,42.22,23.56,75.31,18.61
2005-05-04,0.0,40.26,22.0,81.06,20.89
2005-05-05,0.0,40.56,22.08,79.04,23.03
2005-05-06,0.0,40.66,23.23,80.72,21.71
2005-05-07,0.0,40.85,22.76,74.4,23.41
2005-05-08,0.0,40.86,24.41,76.8,28.9
2005-05-09,0.04,41.3,25.32,83.59,32.2
2005-05-10,0.0,40.67,25.4,86.62,34.18
2005-05-11,0.14,37.46,23.8,93.43,54.55
2005-05-12,0.0,36.37,23.18,92.36,61.76
2005-05-13,0.0,38.64,24.99,87.95,41.26
2005-05-14,0.0,41.25,26.2,81.0,28.98
2005-05-15,0.04,39.84,24.84,88.18,38.34
2005-05-16,0.0,38.11,25.41,91.57,51.59
2005-05-17,0.0,39.36,24.82,86.98,43.9
2005-05-18,0.0,39.43,25.06,92.06,42.62
2005-05-19,0.0,39.09,24.33,91.03,46.87
2005-05-20,0.43,41.47,26.68,85.19,29.91
2005-05-21,0.19,39.85,25.66,87.5,37.61
2005-05-22,0.0,39.83,25.65,85.48,37.69
2005-05-23,2.86,39.14,24.96,95.36,43.86
2005-05-24,0.01,38.39,23.13,95.55,37.25
2005-05-25,0.0,38.29,25.35,81.76,33.72
2005-05-26,0.05,39.11,25.25,85.74,34.86
2005-05-27,0.0,39.81,25.64,86.56,39.57
2005-05-28,0.0,39.54,25.21,92.09,35.56
2005-05-29,0.0,39.47,24.74,89.21,33.1
2005-05-30,0.0,41.14,24.97,90.29,28.39
2005-05-31,0.0,41.59,25.44,82.39,25.23
2005-06-01,0.0,40.43,25.52,74.57,24.29
2005-06-02,0.0,40.37,24.88,68.78,20.79
2005-06-03,0.0,38.89,25.4,65.96,26.0
2005-06-04,0.11,39.53,25.88,64.0,25.58
2005-06-05,1.63,37.74,25.73,74.17,37.04
2005-06-06,0.0,36.93,25.11,88.38,44.06
2005-06-07,0.46,41.3,26.16,85.28,31.41
2005-06-08,0.11,41.69,26.82,72.45,26.33
2005-06-09,0.0,42.55,26.93,76.92,27.26
2005-06-10,0.0,39.6,26.47,81.57,36.1
2005-06-11,0.46,38.73,25.67,86.43,39.23
2005-06-12,0.64,39.51,25.36,86.52,36.76
2005-06-13,0.01,38.67,25.29,73.1,33.13
2005-06-14,0.0,39.34,26.0,63.12,28.17
2005-06-15,0.61,40.27,26.33,72.64,33.2
2005-06-16,0.55,37.69,25.76,91.11,47.67
2005-06-17,0.0,38.84,24.29,93.15,35.9
2005-06-18,0.0,39.3,25.47,80.6,31.54
2005-06-19,0.0,39.51,25.64,84.58,31.65
2005-06-20,0.09,38.14,25.7,77.56,40.43
2005-06-21,0.24,37.59,25.39,83.59,41.54
2005-06-22,0.0,38.79,24.87,76.23,30.6
2005-06-23,0.0,39.75,25.24,69.64,28.29
2005-06-24,0.06,36.67,25.92,77.41,43.12
2005-06-25,0.0,37.94,25.99,81.78,39.4
2005-06-26,3.06,38.72,25.71,84.01,37.46
2005-06-27,46.71,38.37,25.96,86.05,41.33
2005-06-28,0.02,35.7,23.27,97.94,60.35
2005-06-29,3.0,33.93,25.06,97.72,63.04
2005-06-30,3.46,34.37,24.55,97.3,60.3
2005-07-01,0.0,33.84,24.13,96.04,61.78
2005-07-02,0.61,35.49,25.32,94.6,53.52
2005-07-03,19.8,32.83,23.65,96.4,69.76
2005-07-04,0.11,34.31,23.27,96.71,54.61
2005-07-05,30.72,35.95,25.09,94.36,50.16
2005-07-06,5.06,35.28,23.55,90.89,51.48
2005-07-07,0.27,34.67,24.89,87.36,54.29
2005-07-08,3.73,34.78,24.94,89.95,54.81
2005-07-09,15.77,35.64,24.41,79.85,45.75
2005-07-10,10.44,35.25,23.98,83.94,52.34
2005-07-11,11.21,34.58,24.79,90.56,59.09
2005-07-12,26.48,34.71,24.68,95.48,54.45
2005-07-13,0.0,32.68,22.9,95.54,62.25
2005-07-14,16.98,34.72,24.06,92.91,56.14
2005-07-15,43.2,34.1,23.55,93.52,59.03
2005-07-16,0.01,32.34,23.12,99.24,66.64
2005-07-17,0.0,33.93,23.51,97.31,60.41
2005-07-18,0.04,33.98,23.97,94.66,60.74
2005-07-19,0.01,33.69,25.07,93.26,60.14
2005-07-20,26.26,30.48,24.43,98.37,76.25
2005-07-21,0.01,33.49,23.55,98.14,62.73
2005-07-22,3.39,35.11,24.9,97.52,56.39
2005-07-23,9.6,34.87,24.88,97.77,61.12
2005-07-24,25.29,33.93,24.19,97.51,62.64
2005-07-25,5.53,31.9,23.68,98.21,70.22
2005-07-26,0.69,33.78,24.07,96.85,61.02
2005-07-27,0.0,34.44,25.6,94.09,58.73
2005-07-28,0.0,35.04,25.71,93.35,58.27
2005-07-29,0.0,34.62,25.51,92.29,58.51
2005-07-30,1.22,34.82,25.21,91.7,58.28
2005-07-31,16.75,34.6,25.35,93.83,57.75
2005-08-01,2.66,33.42,23.32,97.96,63.42
2005-08-02,0.12,33.99,23.76,96.98,60.48
2005-08-03,0.04,34.42,24.99,94.24,60.74
2005-08-04,0.57,35.78,25.06,94.4,54.45
2005-08-05,4.95,35.4,24.33,93.67,53.6
2005-08-06,0.0,33.66,24.69,95.4,63.54
2005-08-07,0.0,34.83,25.67,93.49,58.95
2005-08-08,0.0,35.15,25.73,93.88,58.73
2005-08-09,28.63,34.63,25.02,96.62,61.01
2005-08-10,3.35,31.65,24.2,98.66,73.23
2005-08-11,26.13,30.42,23.99,97.36,75.03
2005-08-12,5.7,31.85,23.63,99.06,67.16
2005-08-13,0.0,33.79,24.01,95.77,60.29
2005-08-14,0.62,34.95,25.43,91.84,58.42
2005-08-15,2.92,33.19,25.4,95.73,66.01
2005-08-16,30.76,30.25,24.11,96.68,73.79
2005-08-17,2.55,31.58,23.76,98.65,69.98
2005-08-18,15.51,33.16,23.95,95.42,63.04
2005-08-19,16.52,29.82,23.78,98.43,80.5
2005-08-20,0.07,28.78,23.64,98.69,80.79
2005-08-21,26.12,33.04,23.4,95.97,61.36
2005-08-22,16.99,29.6,22.44,99.13,76.74
2005-08-23,0.0,32.74,23.25,98.37,66.72
2005-08-24,0.0,34.4,24.49,97.82,61.38
2005-08-25,0.31,32.64,24.65,97.55,69.48
2005-08-26,9.44,34.27,23.73,96.88,60.34
2005-08-27,0.19,33.96,23.02,93.44,57.42
2005-08-28,12.12,33.01,23.85,97.13,64.85
2005-08-29,21.39,32.76,23.9,97.13,66.95
2005-08-30,0.0,33.03,22.7,98.14,64.33
2005-08-31,10.15,33.46,24.48,99.17,66.28
2005-09-01,10.05,31.87,21.98,99.23,65.93
2005-09-02,0.95,32.24,23.58,99.1,69.44
2005-09-03,17.98,31.98,22.9,97.96,69.4
2005-09-04,1.33,30.76,22.38,98.74,73.12
2005-09-05,1.98,33.32,23.83,95.54,64.95
2005-09-06,0.58,33.04,23.67,98.18,64.95
2005-09-07,3.02,33.46,24.04,97.26,67.17
2005-09-08,19.92,31.26,23.52,97.41,69.66
2005-09-09,29.3,33.66,23.14,97.2,60.82
2005-09-10,0.13,32.0,22.67,99.42,70.77
2005-09-11,0.0,34.82,23.72,98.79,57.76
2005-09-12,0.0,35.86,25.09,89.95,54.0
2005-09-13,21.21,34.89,26.15,95.4,64.06
2005-09-14,10.05,33.24,22.57,98.72,66.53
2005-09-15,9.54,33.23,23.25,99.21,67.84
2005-09-16,0.0,34.45,23.08,99.16,60.15
2005-09-17,0.3,35.68,24.51,92.08,58.21
2005-09-18,7.24,34.82,24.25,93.21,58.58
2005-09-19,0.01,35.89,23.6,95.9,52.62
2005-09-20,0.0,36.75,25.07,88.99,44.04
2005-09-21,5.31,35.66,25.36,90.26,49.31
2005-09-22,1.22,33.41,24.44,97.35,62.36
2005-09-23,0.26,33.6,23.42,98.44,58.99
2005-09-24,8.59,34.58,23.67,98.81,63.42
2005-09-25,2.87,34.07,23.4,99.21,63.85
2005-09-26,16.3,32.08,24.22,97.81,69.8
2005-09-27,34.74,31.35,23.49,98.52,84.73
2005-09-28,15.6,29.93,23.15,98.78,80.62
2005-09-29,2.0,30.52,22.96,99.08,78.05
2005-09-30,0.19,33.84,23.81,98.69,63.02
2005-10-01,0.88,34.28,23.89,98.59,68.58
2005-10-02,0.0,34.03,23.51,97.45,67.79
2005-10-03,0.0,35.19,24.44,99.33,61.64
2005-10-04,0.04,36.53,24.6,99.08,53.44
2005-10-05,0.19,34.03,24.35,99.17,66.85
2005-10-06,2.62,32.55,23.08,98.79,71.2
2005-10-07,0.02,33.48,22.79,99.21,69.32
2005-10-08,16.69,34.05,23.78,98.78,67.17
2005-10-09,0.0,31.61,22.44,98.48,73.09
2005-10-10,0.01,34.28,22.51,99.17,60.66
2005-10-11,0.14,34.0,23.33,98.83,66.61
2005-10-12,2.99,35.01,23.86,97.84,60.55
2005-10-13,0.0,33.0,22.15,99.48,63.4
2005-10-14,0.0,35.42,22.81,98.73,50.98
2005-10-15,0.0,36.75,24.36,88.94,46.58
2005-10-16,0.01,37.21,24.99,90.46,45.75
2005-10-17,0.0,37.58,24.63,98.42,40.16
2005-10-18,0.0,38.15,24.67,81.07,37.12
2005-10-19,0.0,36.43,24.59,98.43,56.76
2005-10-20,2.47,33.37,22.98,99.26,65.96
2005-10-21,0.0,36.32,22.77,99.35,49.59
2005-10-22,0.05,37.41,23.88,88.99,44.41
2005-10-23,8.77,36.77,24.68,94.82,53.86
2005-10-24,0.0,33.01,22.23,98.68,66.22
2005-10-25,0.0,33.79,22.73,98.73,56.62
2005-10-26,0.0,35.47,23.42,93.57,48.63
2005-10-27,0.0,35.66,24.14,95.48,49.86
2005-10-28,0.0,36.6,23.82,90.98,43.66
2005-10-29,0.0,35.24,23.94,88.63,51.36
2005-10-30,0.0,35.77,24.13,92.79,39.32
2005-10-31,0.0,37.48,21.84,72.12,29.04
2005-11-01,0.0,37.63,19.45,80.95,35.12
2005-11-02,0.0,36.35,20.94,99.13,50.78
2005-11-03,0.0,36.57,21.26,99.15,48.07
2005-11-04,0.0,37.92,20.7,96.8,34.34
2005-11-05,0.0,37.76,18.77,67.92,27.99
2005-11-06,0.0,37.31,19.02,93.91,33.88
2005-11-07,0.0,37.1,19.71,96.6,34.87
2005-11-08,0.0,38.24,20.68,84.71,33.1
2005-11-09,0.0,37.94,18.85,70.54,18.98
2005-11-10,0.0,37.51,16.89,65.78,20.94
2005-11-11,0.0,37.63,18.09,69.29,23.8
2005-11-12,0.0,36.85,19.92,71.85,23.3
2005-11-13,0.0,34.64,19.76,60.32,24.45
2005-11-14,0.0,35.13,17.63,59.1,26.02
2005-11-15,0.0,35.42,19.32,65.29,26.96
2005-11-16,0.0,36.28,18.98,67.41,24.72
2005-11-17,0.0,36.18,19.03,67.93,26.82
2005-11-18,0.0,36.83,18.01,69.47,24.25
2005-11-19,0.0,36.12,17.85,73.26,24.81
2005-11-20,0.0,35.44,17.82,76.37,27.56
2005-11-21,0.0,36.02,18.74,78.67,30.12
2005-11-22,0.0,36.37,18.92,76.25,27.93
2005-11-23,0.0,36.41,19.2,80.25,29.57
2005-11-24,0.0,37.74,19.15,76.49,25.6
2005-11-25,0.0,37.55,19.56,71.8,29.98
2005-11-26,0.0,36.93,17.99,72.56,28.61
2005-11-27,0.0,36.68,18.78,73.51,27.31
2005-11-28,0.0,37.72,17.23,71.27,23.94
2005-11-29,0.0,38.29,17.29,68.09,24.07
2005-11-30,0.0,35.6,18.24,82.43,33.64
2005-12-01,0.0,35.29,16.28,77.41,31.71
2005-12-02,0.0,35.45,16.19,67.11,29.75
2005-12-03,0.0,36.45,16.62,65.37,24.22
2005-12-04,0.0,37.28,16.62,64.77,22.5
2005-12-05,0.0,38.39,16.19,67.23,19.29
2005-12-06,0.0,38.5,16.12,66.65,21.71
2005-12-07,0.0,37.41,16.1,63.35,22.67
2005-12-08,0.0,37.18,16.03,58.97,20.8
2005-12-09,0.0,35.86,15.46,72.3,24.76
2005-12-10,0.0,32.56,18.63,73.49,34.1
2005-12-11,0.0,35.29,18.2,76.07,31.07
2005-12-12,0.0,36.66,17.05,70.66,24.92
2005-12-13,0.0,37.13,16.75,53.67,20.54
2005-12-14,0.0,36.66,17.98,52.69,19.91
2005-12-15,0.0,36.87,18.13,55.41,19.77
2005-12-16,0.0,37.48,16.32,59.22,19.09
2005-12-17,0.0,38.42,16.67,67.67,16.52
2005-12-18,0.0,39.38,16.79,60.61,14.14
2005-12-19,0.0,39.16,17.3,54.25,17.01
2005-12-20,0.0,38.55,16.76,64.26,18.68
2005-12-21,0.0,38.31,16.16,66.08,19.05
2005-12-22,0.0,37.77,17.58,64.93,22.41
2005-12-23,0.0,36.43,18.88,65.53,21.1
2005-12-24,0.0,36.22,19.57,53.26,20.58
2005-12-25,0.0,37.88,19.47,54.81,21.05
2005-12-26,0.0,38.1,19.33,62.32,17.9
2005-12-27,0.0,37.22,18.22,53.66,16.54
2005-12-28,0.0,37.34,18.09,44.61,13.3
2005-12-29,0.0,36.05,17.83,44.15,17.82
2005-12-30,0.0,33.42,17.19,47.45,21.81
2005-12-31,0.0,33.05,14.65,50.33,18.48
2006-01-01,0.0,32.83,16.2,52.1,22.01
2006-01-02,0.0,34.33,14.48,54.63,19.75
2006-01-03,0.0,35.01,13.85,52.18,15.98
2006-01-04,0.0,35.68,13.35,51.4,15.69
2006-01-05,0.0,35.55,15.02,46.9,15.37
2006-01-06,0.0,34.47,16.53,39.66,16.32
2006-01-07,0.0,33.68,16.0,38.88,13.65
2006-01-08,0.0,32.42,12.51,40.09,14.14
2006-01-09,0.0,33.4,12.43,48.22,15.46
2006-01-10,0.0,35.97,16.28,50.2,15.15
2006-01-11,0.0,33.76,18.47,79.64,31.44
2006-01-12,0.0,34.12,18.37,51.18,15.27
2006-01-13,0.0,36.18,17.16,33.68,12.49
2006-01-14,0.0,35.96,18.04,38.58,17.97
2006-01-15,0.0,34.44,17.49,43.92,18.31
2006-01-16,0.0,32.93,17.01,34.28,16.65
2006-01-17,0.0,30.52,15.84,33.4,14.95
2006-01-18,0.0,28.56,14.67,53.14,22.65
2006-01-19,0.0,31.22,13.35,48.77,21.65
2006-01-20,0.0,32.37,15.79,38.91,18.76
2006-01-21,0.0,35.69,19.08,33.74,16.16
2006-01-22,0.0,36.86,18.1,34.48,14.28
2006-01-23,0.0,37.51,18.57,45.07,17.49
2006-01-24,0.0,37.58,18.49,39.43,14.02
2006-01-25,0.0,37.73,18.73,33.42,12.56
2006-01-26,0.0,36.77,18.78,38.41,14.29
2006-01-27,0.0,35.31,18.19,47.42,16.92
2006-01-28,0.0,33.35,15.92,70.19,23.02
2006-01-29,0.0,34.42,15.12,77.31,27.33
2006-01-30,0.0,33.9,16.42,49.23,21.69
2006-01-31,0.0,34.04,16.05,36.24,13.84
2006-02-01,0.0,36.56,16.81,27.19,10.08
2006-02-02,0.0,35.69,17.54,30.46,11.26
2006-02-03,0.0,37.77,18.23,24.59,10.76
2006-02-04,0.0,38.02,18.66,27.43,11.34
2006-02-05,0.0,39.62,19.68,31.55,13.88
2006-02-06,0.0,39.87,19.89,32.95,13.43
2006-02-07,0.0,40.01,19.24,37.89,12.22
2006-02-08,0.0,40.33,21.26,27.03,10.38
2006-02-09,0.0,37.85,21.1,43.81,13.81
2006-02-10,0.0,34.18,21.39,55.48,26.93
2006-02-11,0.0,31.91,18.74,70.77,34.51
2006-02-12,0.0,31.08,17.93,67.62,34.64
2006-02-13,0.0,35.28,17.6,62.81,21.19
2006-02-14,0.0,35.09,17.04,55.51,21.49
2006-02-15,0.0,34.34,17.64,43.83,21.46
2006-02-16,0.0,34.66,17.84,46.09,17.95
2006-02-17,0.0,35.54,15.56,47.27,18.74
2006-02-18,0.0,36.94,18.45,41.51,21.22
2006-02-19,0.0,37.78,19.39,31.23,14.81
2006-02-20,0.0,37.41,19.49,34.74,15.09
2006-02-21,0.0,38.55,19.03,35.56,14.65
2006-02-22,0.0,38.75,18.09,31.59,12.05
2006-02-23,0.0,38.36,18.44,27.04,11.42
2006-02-24,0.0,38.96,18.46,28.37,9.52
2006-02-25,0.0,38.11,17.42,23.28,8.07
2006-02-26,0.0,38.8,16.72,27.08,8.04
2006-02-27,0.0,39.37,17.46,28.11,9.09
2006-02-28,0.0,38.95,18.26,30.3,11.89
2006-03-01,0.0,35.21,17.92,68.09,23.92
2006-03-02,0.0,36.84,16.47,62.39,20.21
2006-03-03,0.0,39.43,18.24,48.57,17.82
2006-03-04,0.0,40.66,20.54,39.24,17.1
2006-03-05,0.0,41.47,21.44,35.7,14.66
2006-03-06,0.0,41.8,21.69,34.96,11.1
2006-03-07,0.0,40.77,22.87,28.88,13.05
2006-03-08,0.0,38.13,21.05,25.39,10.38
2006-03-09,0.0,38.38,19.79,21.36,9.62
2006-03-10,0.0,40.12,20.83,22.91,8.65
2006-03-11,0.0,40.73,22.02,28.41,8.86
2006-03-12,0.0,40.93,20.83,41.07,11.5
2006-03-13,0.0,41.87,20.53,37.95,9.47
2006-03-14,0.0,41.24,19.65,49.2,13.84
2006-03-15,0.0,41.85,19.84,55.93,13.55
2006-03-16,0.0,41.23,18.75,70.48,14.09
2006-03-17,0.0,39.23,20.26,75.42,23.39
2006-03-18,0.0,40.49,19.36,62.73,15.51
2006-03-19,0.0,39.49,19.45,61.09,17.18
2006-03-20,0.0,38.33,19.26,64.14,20.07
2006-03-21,0.0,39.81,19.66,53.03,15.44
2006-03-22,0.0,42.4,20.47,45.99,12.92
2006-03-23,0.0,43.12,22.88,39.87,13.57
2006-03-24,0.0,41.05,21.8,62.1,21.89
2006-03-25,0.0,42.9,21.04,66.39,15.92
2006-03-26,0.0,43.63,20.65,65.88,9.36
2006-03-27,0.0,43.54,21.81,51.92,9.69
2006-03-28,0.0,42.92,20.09,65.38,11.24
2006-03-29,0.0,38.77,20.06,79.15,26.47
2006-03-30,0.0,40.01,21.28,77.23,28.77
2006-03-31,0.0,42.36,21.4,68.35,17.29
2006-04-01,0.0,43.49,22.55,54.53,10.8
2006-04-02,0.0,42.92,23.29,61.64,15.51
2006-04-03,0.0,42.81,22.11,66.25,12.07
2006-04-04,0.0,44.78,21.94,67.15,9.67
2006-04-05,0.0,43.28,22.76,55.12,15.99
2006-04-06,0.0,41.44,22.11,74.56,21.01
2006-04-07,0.0,40.11,21.25,75.6,24.05
2006-04-08,0.0,40.78,21.58,75.96,20.94
2006-04-09,0.0,41.37,21.99,67.38,20.58
2006-04-10,0.0,41.09,21.25,70.02,20.41
2006-04-11,0.0,41.19,20.98,76.69,24.12
2006-04-12,0.0,41.25,22.33,80.99,26.92
2006-04-13,0.0,39.78,22.14,85.68,32.7
2006-04-14,0.0,39.88,22.07,87.69,29.53
2006-04-15,0.0,42.52,21.63,76.92,19.26
2006-04-16,0.0,44.16,22.53,71.29,17.22
2006-04-17,0.0,40.3,23.18,76.07,29.14
2006-04-18,0.0,39.81,22.25,78.38,28.53
2006-04-19,0.0,39.53,22.8,76.4,29.9
2006-04-20,0.0,40.26,22.83,73.14,23.93
2006-04-21,0.0,40.78,21.93,68.03,18.22
2006-04-22,0.0,40.81,22.4,62.17,19.61
2006-04-23,0.0,40.06,22.63,64.14,21.81
2006-04-24,0.0,42.21,23.6,53.6,17.37
2006-04-25,0.0,43.35,24.54,36.7,14.18
2006-04-26,0.0,43.14,23.32,38.04,13.47
2006-04-27,0.0,43.11,23.21,47.32,14.95
2006-04-28,0.0,41.65,22.32,55.15,17.31
2006-04-29,0.0,38.39,21.08,64.27,23.4
2006-04-30,0.0,38.07,19.86,69.46,22.8
2006-05-01,0.0,36.66,21.09,63.68,25.27
2006-05-02,0.0,37.94,21.98,61.62,23.32
2006-05-03,0.0,39.26,22.97,55.51,24.67
2006-05-04,0.0,41.58,23.89,57.71,19.36
2006-05-05,0.0,44.96,25.1,45.29,15.17
2006-05-06,0.0,42.92,25.62,49.92,20.88
2006-05-07,0.0,43.04,24.36,65.95,18.49
2006-05-08,0.0,42.01,23.24,63.31,17.4
2006-05-09,0.07,39.12,22.37,72.83,23.53
2006-05-10,0.0,40.35,21.48,74.63,21.48
2006-05-11,0.0,42.34,22.39,71.13,17.44
2006-05-12,0.0,41.76,22.51,77.43,20.92
2006-05-13,0.0,41.19,22.42,70.57,21.77
2006-05-14,0.0,42.69,23.16,56.7,16.72
2006-05-15,0.0,39.53,22.01,72.45,22.06
2006-05-16,0.0,39.08,21.29,77.47,23.45
2006-05-17,0.0,41.1,22.09,73.43,19.81
2006-05-18,0.0,43.63,23.62,74.52,17.84
2006-05-19,0.0,41.8,24.35,78.32,27.83
2006-05-20,0.0,38.82,25.03,85.2,37.01
2006-05-21,0.0,38.71,23.62,86.19,38.66
2006-05-22,0.0,39.27,23.31,76.35,28.82
2006-05-23,0.0,40.45,23.16,67.4,26.25
2006-05-24,0.12,39.86,24.06,71.71,28.37
2006-05-25,0.0,38.63,23.66,70.96,29.47
2006-05-26,0.0,38.69,24.58,71.93,31.75
2006-05-27,0.01,39.8,25.74,67.17,24.42
2006-05-28,0.01,41.38,25.77,66.46,23.98
2006-05-29,0.0,43.14,25.73,65.63,19.79
2006-05-30,0.0,42.27,26.21,78.85,30.49
2006-05-31,0.0,39.96,25.39,82.26,33.37
2006-06-01,0.09,40.83,25.04,70.46,25.52
2006-06-02,30.47,39.56,26.58,79.42,35.05
2006-06-03,0.0,39.96,24.2,92.94,33.19
2006-06-04,0.0,40.79,25.85,76.16,28.97
2006-06-05,0.0,40.69,25.25,76.19,29.97
2006-06-06,0.15,39.82,25.72,82.77,33.6
2006-06-07,0.19,39.08,25.32,86.21,36.56
2006-06-08,0.04,35.43,25.08,87.75,46.61
2006-06-09,0.03,37.54,24.56,92.01,36.36
2006-06-10,0.13,38.21,24.63,80.07,37.23
2006-06-11,0.0,39.25,25.66,77.02,36.46
2006-06-12,3.54,38.84,24.78,89.04,35.09
2006-06-13,0.39,39.04,24.42,86.24,39.12
2006-06-14,11.3,37.54,24.31,97.36,46.48
2006-06-15,0.0,31.45,22.95,96.81,68.36
2006-06-16,0.1,35.89,23.35,94.38,39.22
2006-06-17,0.09,36.81,23.82,91.58,43.9
2006-06-18,0.0,36.75,24.81,89.82,47.34
2006-06-19,0.0,37.69,24.81,85.3,34.13
2006-06-20,0.0,37.58,24.26,77.93,34.41
2006-06-21,21.35,35.93,24.94,89.94,48.91
2006-06-22,0.13,32.14,23.48,96.46,64.57
2006-06-23,0.0,37.24,23.57,93.68,38.55
2006-06-24,5.02,37.14,24.58,83.76,42.55
2006-06-25,0.0,37.19,24.71,87.98,45.06
2006-06-26,4.56,36.76,25.11,91.66,47.72
2006-06-27,0.0,37.53,24.85,90.1,46.2
2006-06-28,0.0,37.96,25.33,90.25,41.37
2006-06-29,0.0,37.12,25.12,92.54,44.65
2006-06-30,0.0,37.07,24.37,89.59,43.29
2006-07-01,0.0,37.36,25.77,78.43,43.74
2006-07-02,30.78,37.63,26.13,84.11,46.26
2006-07-03,0.33,34.17,23.78,98.0,58.75
2006-07-04,0.77,32.1,24.47,95.83,65.57
2006-07-05,0.03,34.74,24.64,94.92,53.14
2006-07-06,0.19,32.88,23.94,91.56,58.19
2006-07-07,0.0,34.84,24.37,94.1,56.13
2006-07-08,0.06,35.26,25.37,94.2,53.97
2006-07-09,0.0,35.28,24.45,92.83,51.04
2006-07-10,0.0,36.83,24.55,84.8,43.56
2006-07-11,12.45,35.81,24.63,83.47,48.48
2006-07-12,16.71,34.92,24.38,93.23,55.97
2006-07-13,0.0,33.44,23.04,98.01,62.95
2006-07-14,0.0,34.76,25.23,93.32,50.72
2006-07-15,10.46,34.84,23.9,89.23,51.6
2006-07-16,0.02,32.5,23.65,98.74,64.86
2006-07-17,1.33,34.24,25.0,98.23,58.83
2006-07-18,0.0,34.85,25.16,95.38,55.3
2006-07-19,0.0,34.17,25.39,89.34,56.79
2006-07-20,11.92,34.38,25.5,92.95,58.11
2006-07-21,0.32,32.48,24.37,93.6,61.28
2006-07-22,5.7,32.25,23.22,95.75,61.27
2006-07-23,0.0,34.09,23.63,95.75,56.23
2006-07-24,5.58,33.43,24.13,94.38,61.02
2006-07-25,1.31,33.4,24.38,97.23,64.26
2006-07-26,0.42,32.48,23.88,97.87,68.28
2006-07-27,2.2,32.07,24.4,97.2,64.18
2006-07-28,0.57,32.44,23.98,97.06,64.77
2006-07-29,6.21,33.16,23.86,97.26,61.86
2006-07-30,2.06,31.82,23.49,98.06,66.57
2006-07-31,4.49,34.15,24.04,97.97,56.27
2006-08-01,38.8,34.38,23.31,98.38,56.8
2006-08-02,0.0,31.97,23.43,93.78,66.4
2006-08-03,0.0,34.42,23.52,92.58,56.61
2006-08-04,0.27,33.75,24.84,92.19,62.03
2006-08-05,1.72,34.21,23.94,94.07,56.97
2006-08-06,4.67,32.46,24.01,97.22,66.34
2006-08-07,3.61,34.49,23.94,91.92,56.56
2006-08-08,3.22,31.0,23.23,97.67,74.21
2006-08-09,0.45,33.84,24.41,98.28,59.64
2006-08-10,0.3,33.52,24.24,91.64,56.5
2006-08-11,6.61,34.35,24.29,89.72,56.76
2006-08-12,12.75,32.94,24.19,95.25,63.05
2006-08-13,9.63,34.31,24.03,94.55,59.71
2006-08-14,22.37,31.75,23.69,98.64,72.55
2006-08-15,1.44,32.95,23.71,98.9,66.09
2006-08-16,5.98,34.25,24.27,96.65,61.81
2006-08-17,0.0,35.51,23.81,97.14,56.53
2006-08-18,10.96,35.57,25.98,91.25,59.4
2006-08-19,9.08,32.44,23.53,97.36,72.5
2006-08-20,9.14,31.77,23.37,99.43,74.82
2006-08-21,0.0,33.39,23.4,99.49,63.57
2006-08-22,0.0,33.78,24.3,97.28,64.4
2006-08-23,0.06,33.33,24.68,96.7,61.75
2006-08-24,15.69,33.5,24.88,93.79,60.25
2006-08-25,5.17,29.93,23.71,99.23,81.2
2006-08-26,13.21,30.68,23.56,98.93,73.25
2006-08-27,17.01,32.05,23.56,99.16,69.22
2006-08-28,3.16,32.45,23.38,99.21,66.27
2006-08-29,3.71,30.35,23.2,99.49,72.79
2006-08-30,3.2,34.11,23.84,98.21,61.09
2006-08-31,9.42,30.91,23.73,99.45,74.29
2006-09-01,10.07,32.9,23.4,99.74,65.64
2006-09-02,22.15,31.1,22.78,98.25,70.78
2006-09-03,0.22,31.31,22.93,99.2,72.86
2006-09-04,0.08,34.86,23.35,97.2,58.57
2006-09-05,2.39,33.42,24.62,98.51,65.69
2006-09-06,0.4,31.63,23.34,98.93,68.73
2006-09-07,18.25,31.51,22.99,99.21,73.63
2006-09-08,5.35,32.5,22.62,99.17,61.83
2006-09-09,0.34,33.74,22.88,94.1,58.05
2006-09-10,12.37,33.55,24.4,97.28,65.45
2006-09-11,23.32,28.13,22.8,98.6,85.1
2006-09-12,3.44,31.29,22.53,98.92,70.37
2006-09-13,27.76,32.07,23.09,97.63,67.35
2006-09-14,3.37,29.85,22.63,98.97,77.54
2006-09-15,9.12,32.52,23.34,99.32,64.23
2006-09-16,0.23,33.54,23.2,99.63,59.31
2006-09-17,7.01,33.72,25.16,95.77,66.64
2006-09-18,1.4,32.25,23.14,99.64,69.4
2006-09-19,0.21,33.48,23.95,99.44,63.33
2006-09-20,4.66,32.67,24.09,96.17,68.34
2006-09-21,0.03,33.98,22.8,99.08,64.19
2006-09-22,13.02,31.99,23.02,99.53,73.08
2006-09-23,0.57,34.36,22.65,99.82,59.47
2006-09-24,0.75,34.32,23.56,99.55,56.31
2006-09-25,10.06,32.64,23.76,95.73,64.27
2006-09-26,7.08,32.07,23.14,99.52,68.78
2006-09-27,0.41,33.95,22.76,95.83,57.67
2006-09-28,0.23,34.62,23.71,94.42,60.22
2006-09-29,0.33,34.98,23.52,99.43,58.97
2006-09-30,0.0,34.26,24.26,96.29,62.41
2006-10-01,0.0,36.52,24.28,99.29,56.05
2006-10-02,0.07,36.03,24.46,99.29,55.21
2006-10-03,1.33,36.61,24.43,97.8,53.8
2006-10-04,2.72,32.78,24.2,99.18,72.28
2006-10-05,0.01,35.78,23.46,99.47,57.61
2006-10-06,0.0,36.84,24.46,98.73,52.41
2006-10-07,0.0,36.08,24.51,99.61,56.53
2006-10-08,3.33,34.68,24.59,99.59,64.17
2006-10-09,5.84,33.12,23.9,98.91,65.73
2006-10-10,0.01,34.23,23.35,99.56,57.81
2006-10-11,0.0,35.81,25.0,90.56,49.7
2006-10-12,0.22,35.41,25.22,96.1,55.76
2006-10-13,8.46,33.5,23.57,98.55,64.46
2006-10-14,14.84,32.56,22.43,99.76,65.01
2006-10-15,0.0,36.37,23.4,95.42,51.19
2006-10-16,0.71,37.28,24.64,89.75,48.13
2006-10-17,0.01,35.93,23.84,94.92,52.1
2006-10-18,0.0,35.49,23.81,97.38,52.5
2006-10-19,0.0,36.7,23.75,97.11,50.98
2006-10-20,0.85,36.77,25.14,98.16,55.26
2006-10-21,0.02,37.51,24.41,98.79,49.5
2006-10-22,5.55,36.38,24.86,96.81,55.08
2006-10-23,0.0,36.62,23.13,97.35,41.83
2006-10-24,0.0,37.37,23.14,86.08,40.63
2006-10-25,0.0,37.06,23.64,88.63,39.14
2006-10-26,0.0,36.76,22.82,74.69,37.52
2006-10-27,0.0,35.39,22.47,84.3,44.34
2006-10-28,0.0,35.63,21.66,91.72,46.45
2006-10-29,0.01,36.24,22.76,88.65,40.95
2006-10-30,0.0,36.44,22.86,85.73,32.36
2006-10-31,0.0,36.4,23.34,83.05,36.36
2006-11-01,0.0,38.21,21.13,95.24,40.98
2006-11-02,0.0,37.7,21.46,99.68,45.69
2006-11-03,0.0,38.25,21.85,98.73,40.82
2006-11-04,0.0,38.87,22.06,94.52,35.86
2006-11-05,0.0,38.24,21.91,95.19,37.68
2006-11-06,0.0,38.99,21.56,98.87,30.62
2006-11-07,0.0,39.57,20.65,86.49,23.55
2006-11-08,0.0,39.04,19.84,82.02,29.22
2006-11-09,0.0,37.82,20.86,97.71,39.39
2006-11-10,0.0,38.71,21.92,98.17,34.67
2006-11-11,0.0,38.44,21.99,96.26,34.3
2006-11-12,0.0,39.29,21.59,76.5,22.16
2006-11-13,0.0,38.73,19.15,67.11,20.48
2006-11-14,0.0,37.45,18.26,63.68,19.36
2006-11-15,0.0,36.38,15.86,56.17,17.65
2006-11-16,0.0,37.29,15.12,61.86,17.96
2006-11-17,0.0,38.59,17.19,66.2,19.55
2006-11-18,0.0,39.48,18.8,69.9,23.67
2006-11-19,0.0,39.14,19.53,80.62,21.23
2006-11-20,0.0,38.94,18.86,74.4,19.93
2006-11-21,0.0,37.57,18.04,69.97,22.33
2006-11-22,0.0,37.26,17.71,76.25,18.62
2006-11-23,0.0,37.3,15.9,65.07,16.34
2006-11-24,0.0,37.84,16.05,66.69,18.94
2006-11-25,0.0,36.58,18.89,56.67,18.16
2006-11-26,0.0,38.08,15.48,57.95,14.99
2006-11-27,0.0,37.73,15.63,57.07,14.94
2006-11-28,0.0,38.81,15.99,58.96,15.2
2006-11-29,0.0,37.11,15.38,54.27,15.51
2006-11-30,0.0,36.56,14.91,55.56,16.05
2006-12-01,0.0,36.2,13.68,56.14,15.99
2006-12-02,0.0,34.68,13.47,52.37,17.81
2006-12-03,0.0,35.05,12.61,54.44,18.13
2006-12-04,0.0,37.26,13.75,55.88,16.83
2006-12-05,0.0,36.32,14.98,52.83,13.8
2006-12-06,0.0,32.88,15.16,43.45,16.41
2006-12-07,0.0,34.69,15.28,49.78,18.49
2006-12-08,0.0,34.01,14.83,52.81,18.47
2006-12-09,0.0,34.32,14.34,48.05,18.33
2006-12-10,0.0,33.31,14.27,49.52,16.54
2006-12-11,0.0,31.57,14.7,47.72,18.89
2006-12-12,0.0,32.83,15.55,48.53,19.48
2006-12-13,0.0,32.15,16.67,52.02,23.6
2006-12-14,0.0,34.82,17.54,56.59,22.98
2006-12-15,0.0,37.75,16.66,56.51,18.28
2006-12-16,0.0,38.81,17.75,52.72,17.26
2006-12-17,0.0,38.23,17.96,48.81,18.16
2006-12-18,0.0,34.38,16.78,43.98,19.2
2006-12-19,0.0,33.04,14.52,44.41,17.46
2006-12-20,0.0,34.0,12.19,52.01,19.13
2006-12-21,0.0,34.74,12.77,54.59,18.0
2006-12-22,0.0,36.34,14.57,51.94,18.34
2006-12-23,0.0,36.58,15.66,47.95,15.49
2006-12-24,0.0,37.56,15.31,55.13,15.72
2006-12-25,0.0,38.48,15.68,62.09,17.83
2006-12-26,0.0,37.85,15.6,64.95,16.06
2006-12-27,0.0,35.7,16.16,49.0,15.07
2006-12-28,0.0,34.73,14.15,36.25,12.74
2006-12-29,0.0,35.25,13.75,45.18,13.89
2006-12-30,0.0,35.97,15.93,44.9,12.58
2006-12-31,0.0,34.7,16.02,34.47,13.81
2007-01-01,0.0,32.67,15.86,40.74,16.14
2007-01-02,0.0,32.38,13.51,41.18,14.0
2007-01-03,0.0,32.75,14.02,36.99,13.22
2007-01-04,0.0,32.36,14.77,40.23,15.57
2007-01-05,0.0,33.03,13.49,42.62,16.2
2007-01-06,0.0,32.76,13.84,42.5,14.0
2007-01-07,0.0,33.42,13.45,42.27,16.12
2007-01-08,0.0,34.94,14.28,43.67,16.57
2007-01-09,0.0,36.63,16.22,44.93,15.4
2007-01-10,0.0,38.39,17.27,44.97,14.19
2007-01-11,0.0,38.2,19.99,31.58,12.81
2007-01-12,0.0,37.9,21.53,32.48,14.89
2007-01-13,0.0,37.08,18.97,34.38,14.49
2007-01-14,0.0,36.55,18.86,29.51,13.18
2007-01-15,0.0,35.22,16.18,40.32,17.17
2007-01-16,0.0,35.28,14.04,45.17,14.64
2007-01-17,0.0,36.15,14.37,42.94,15.24
2007-01-18,0.0,36.17,16.24,46.98,17.18
2007-01-19,0.0,36.61,18.31,35.69,15.18
2007-01-20,0.0,36.89,17.67,34.68,12.64
2007-01-21,0.0,37.41,16.63,39.63,13.06
2007-01-22,0.0,37.05,17.92,46.42,14.55
2007-01-23,0.0,37.88,16.97,57.23,17.92
2007-01-24,0.0,39.23,18.02,57.42,13.04
2007-01-25,0.0,34.74,18.91,43.92,12.33
2007-01-26,0.0,36.2,15.16,64.83,22.28
2007-01-27,0.0,36.7,15.24,63.07,21.52
2007-01-28,0.0,34.7,15.65,83.29,34.95
2007-01-29,0.0,34.51,16.94,84.8,36.05
2007-01-30,0.0,38.66,16.74,77.22,21.94
2007-01-31,0.0,37.53,18.55,56.49,18.77
2007-02-01,0.0,38.77,19.81,52.51,13.99
2007-02-02,0.0,37.28,21.02,47.96,16.7
2007-02-03,0.0,40.55,20.14,50.31,14.56
2007-02-04,0.0,42.14,20.87,45.94,10.01
2007-02-05,0.0,40.39,19.13,56.04,12.48
2007-02-06,0.0,37.65,19.1,46.05,16.54
2007-02-07,0.0,33.41,19.24,60.19,25.89
2007-02-08,0.0,36.15,17.9,53.8,17.94
2007-02-09,0.0,38.42,16.12,47.46,13.93
2007-02-10,0.0,37.88,18.92,38.77,12.85
2007-02-11,0.0,38.77,16.53,41.5,12.08
2007-02-12,0.0,39.43,16.42,39.01,11.24
2007-02-13,0.0,39.6,17.63,37.55,9.62
2007-02-14,0.0,40.06,18.23,32.22,10.19
2007-02-15,0.0,39.77,18.25,35.61,9.82
2007-02-16,0.0,40.85,17.97,43.49,9.83
2007-02-17,0.0,40.56,17.63,40.11,8.77
2007-02-18,0.0,38.44,17.83,34.4,10.65
2007-02-19,0.0,38.49,19.22,36.24,9.5
2007-02-20,0.0,36.64,19.88,38.15,11.71
2007-02-21,0.0,37.63,17.4,41.37,12.21
2007-02-22,0.0,36.98,18.16,31.29,11.39
2007-02-23,0.0,37.66,16.61,34.0,11.13
2007-02-24,0.0,37.91,18.09,35.79,12.94
2007-02-25,0.0,37.64,17.15,34.85,11.56
2007-02-26,0.0,38.69,15.92,36.41,11.88
2007-02-27,0.0,39.05,17.28,34.56,10.52
2007-02-28,0.0,40.18,18.38,31.93,10.62
2007-03-01,0.0,39.96,19.19,32.32,10.58
2007-03-02,0.0,41.33,19.01,33.22,9.84
2007-03-03,0.0,39.81,21.59,26.31,10.07
2007-03-04,0.0,42.11,22.15,25.3,8.96
2007-03-05,0.0,41.88,22.28,25.73,8.52
2007-03-06,0.0,41.44,20.77,28.82,8.61
2007-03-07,0.0,42.23,20.13,26.79,8.08
2007-03-08,0.0,41.8,19.84,28.97,8.04
2007-03-09,0.0,41.79,18.27,43.19,6.5
2007-03-10,0.0,41.24,18.13,32.55,8.61
2007-03-11,0.0,39.49,20.44,41.49,10.84
2007-03-12,0.0,39.18,18.95,32.99,13.2
2007-03-13,0.0,40.7,18.51,35.46,12.76
2007-03-14,0.0,39.61,19.68,45.1,13.0
2007-03-15,0.0,35.58,18.89,65.38,21.89
2007-03-16,0.0,35.82,19.03,63.33,24.37
2007-03-17,0.0,40.32,19.43,44.25,14.72
2007-03-18,0.0,41.02,22.05,33.65,11.34
2007-03-19,0.0,38.39,21.43,43.79,15.17
2007-03-20,0.0,36.0,18.73,62.51,25.85
2007-03-21,0.0,35.39,21.21,60.34,30.74
2007-03-22,0.0,39.86,20.82,53.46,21.98
2007-03-23,0.0,42.33,22.45,45.1,20.4
2007-03-24,0.0,42.17,22.98,54.3,20.29
2007-03-25,0.0,42.31,22.72,60.96,19.32
2007-03-26,0.0,43.35,22.98,57.2,18.14
2007-03-27,0.0,42.77,23.54,51.75,21.47
2007-03-28,0.0,41.51,24.47,52.63,22.38
2007-03-29,0.0,40.96,24.05,41.89,18.9
2007-03-30,0.0,42.08,22.05,36.69,15.13
2007-03-31,0.0,43.1,22.83,36.68,12.26
2007-04-01,0.0,41.66,22.73,46.31,16.4
2007-04-02,0.0,41.56,22.76,57.52,17.49
2007-04-03,0.0,42.71,22.54,52.34,16.47
2007-04-04,0.0,45.07,23.24,46.63,13.25
2007-04-05,0.0,42.99,24.75,56.4,18.11
2007-04-06,0.0,41.35,22.72,83.18,25.66
2007-04-07,0.0,42.98,22.11,74.7,18.26
2007-04-08,0.0,42.26,22.15,70.26,19.22
2007-04-09,0.0,43.14,24.03,64.16,18.54
2007-04-10,0.0,40.19,23.95,55.4,21.27
2007-04-11,0.0,39.55,23.77,56.62,21.52
2007-04-12,0.0,42.83,23.5,43.24,15.71
2007-04-13,0.0,43.99,23.91,42.61,16.57
2007-04-14,0.0,43.52,24.7,58.57,17.96
2007-04-15,0.0,43.59,23.62,54.3,13.55
2007-04-16,0.0,40.89,22.59,53.41,17.71
2007-04-17,0.0,39.64,21.04,70.2,19.4
2007-04-18,0.0,40.57,20.55,66.36,18.38
2007-04-19,0.0,42.81,21.63,56.8,14.16
2007-04-20,0.0,42.79,22.34,52.44,12.4
2007-04-21,0.0,41.23,21.63,57.91,13.18
2007-04-22,0.0,40.54,21.45,62.97,18.05
2007-04-23,0.0,42.22,22.59,62.73,14.47
2007-04-24,0.0,40.43,22.46,56.85,17.6
2007-04-25,0.0,39.79,21.87,62.73,22.2
2007-04-26,0.0,38.19,20.82,83.86,25.18
2007-04-27,0.0,37.88,20.48,78.14,25.17
2007-04-28,0.0,39.69,20.56,79.99,22.86
2007-04-29,0.0,41.47,22.0,69.15,16.51
2007-04-30,0.0,42.58,22.64,49.07,12.82
2007-05-01,0.0,41.84,22.66,56.2,15.73
2007-05-02,0.0,40.91,22.19,66.32,18.92
2007-05-03,0.0,41.86,22.37,68.23,16.41
2007-05-04,0.0,43.13,23.9,56.09,15.57
2007-05-05,0.0,43.32,24.3,61.5,17.57
2007-05-06,0.0,43.61,27.23,51.5,14.6
2007-05-07,0.0,43.29,24.37,54.77,14.49
2007-05-08,0.0,43.06,23.87,57.5,15.55
2007-05-09,0.0,42.45,25.19,73.29,21.37
2007-05-10,0.0,42.98,27.35,47.65,12.1
2007-05-11,0.0,44.87,27.28,38.12,10.58
2007-05-12,0.0,41.08,25.63,67.48,19.98
2007-05-13,0.0,40.22,24.43,74.4,26.91
2007-05-14,0.0,42.39,23.79,77.24,23.31
2007-05-15,0.0,41.11,23.97,85.53,29.25
2007-05-16,0.0,40.37,23.52,87.37,27.32
2007-05-17,0.0,41.3,23.38,82.35,21.85
2007-05-18,0.0,42.5,22.18,72.35,15.47
2007-05-19,0.0,39.8,23.38,62.16,23.28
2007-05-20,0.01,37.19,24.49,72.31,34.55
2007-05-21,0.0,40.21,25.58,65.23,21.06
2007-05-22,0.0,42.06,25.16,57.48,20.69
2007-05-23,0.0,41.77,24.2,60.63,19.03
2007-05-24,0.0,40.95,23.66,53.68,18.32
2007-05-25,0.0,40.51,24.26,60.01,16.73
2007-05-26,0.0,43.07,24.84,51.09,17.5
2007-05-27,0.06,42.2,24.85,61.34,20.42
2007-05-28,0.03,40.8,25.4,70.13,25.93
2007-05-29,0.0,40.65,24.73,80.78,29.99
2007-05-30,0.0,41.86,24.94,80.34,28.68
2007-05-31,0.0,39.42,25.51,81.19,33.22
2007-06-01,0.0,39.87,25.25,83.54,27.57
2007-06-02,0.0,40.38,23.76,79.66,19.41
2007-06-03,0.0,38.48,22.38,75.13,23.17
2007-06-04,0.0,38.42,22.42,73.34,25.52
2007-06-05,0.0,38.86,22.15,73.95,25.55
2007-06-06,0.0,38.24,23.3,73.73,32.62
2007-06-07,0.0,38.21,23.39,71.04,31.31
2007-06-08,0.02,39.51,24.43,64.04,21.04
2007-06-09,0.92,43.11,25.4,63.41,19.48
2007-06-10,0.0,40.87,26.46,73.2,31.86
2007-06-11,0.01,42.13,26.28,80.39,21.49
2007-06-12,0.01,41.59,25.78,71.99,24.13
2007-06-13,15.46,38.78,25.69,85.22,36.66
2007-06-14,0.01,37.59,24.02,91.7,42.57
2007-06-15,0.0,41.01,25.43,76.45,25.4
2007-06-16,0.0,41.15,25.97,70.71,26.23
2007-06-17,0.0,38.91,26.24,79.55,36.93
2007-06-18,6.85,39.73,26.29,84.62,33.02
2007-06-19,11.03,38.65,24.23,88.22,36.66
2007-06-20,0.0,36.77,23.54,93.74,45.22
2007-06-21,0.0,37.81,25.14,87.51,36.28
2007-06-22,0.01,37.28,24.91,84.13,39.15
2007-06-23,0.01,36.74,25.16,86.6,43.5
2007-06-24,4.05,37.09,25.07,94.02,44.21
2007-06-25,0.0,37.51,24.72,89.55,42.7
2007-06-26,0.0,37.41,25.05,84.99,37.45
2007-06-27,0.05,38.07,25.13,83.38,40.33
2007-06-28,0.0,37.18,25.54,89.55,45.48
2007-06-29,0.0,37.7,24.75,89.29,43.53
2007-06-30,0.0,39.61,24.62,84.19,26.38
2007-07-01,0.0,37.07,24.07,73.41,36.8
2007-07-02,0.01,36.72,23.69,77.88,34.13
2007-07-03,5.69,35.62,25.01,82.18,43.03
2007-07-04,0.39,32.89,23.26,96.66,58.2
2007-07-05,0.11,35.07,24.94,88.61,48.13
2007-07-06,0.0,38.24,24.69,91.75,40.6
2007-07-07,0.0,37.64,24.52,79.05,32.62
2007-07-08,0.02,35.8,23.11,75.15,40.56
2007-07-09,4.87,37.43,24.46,89.4,39.07
2007-07-10,0.68,36.67,24.67,89.05,48.51
2007-07-11,0.21,37.97,26.11,81.09,41.59
2007-07-12,1.85,37.87,25.54,79.42,38.6
2007-07-13,0.26,37.39,25.17,82.24,41.93
2007-07-14,0.0,37.65,25.9,82.2,43.32
2007-07-15,0.0,37.07,25.42,81.18,42.38
2007-07-16,0.58,35.96,24.46,82.41,43.44
2007-07-17,5.77,34.86,25.1,95.72,52.84
2007-07-18,7.09,32.69,24.24,96.31,64.73
2007-07-19,0.41,32.08,22.79,98.31,64.93
2007-07-20,0.11,33.78,23.01,96.55,54.86
2007-07-21,0.06,32.12,24.23,96.42,64.15
2007-07-22,3.17,32.69,23.76,94.55,60.63
2007-07-23,28.53,33.54,24.14,97.11,58.77
2007-07-24,11.49,32.12,22.78,98.88,67.41
2007-07-25,10.87,31.37,23.82,99.04,68.91
2007-07-26,1.54,32.72,23.74,99.11,66.06
2007-07-27,1.41,31.14,22.23,94.51,57.94
2007-07-28,0.55,33.96,23.39,89.6,53.22
2007-07-29,3.34,33.98,24.38,95.89,55.76
2007-07-30,44.12,32.25,24.19,98.99,66.13
2007-07-31,16.09,29.16,23.21,99.3,81.56
2007-08-01,11.98,32.24,23.7,99.61,64.33
2007-08-02,24.08,32.54,23.75,99.32,64.68
2007-08-03,5.67,32.42,23.32,99.56,65.04
2007-08-04,0.99,34.32,24.78,89.53,56.94
2007-08-05,0.07,33.44,24.03,94.96,62.98
2007-08-06,4.32,31.81,24.74,93.44,71.38
2007-08-07,12.99,30.35,24.03,97.01,79.02
2007-08-08,5.95,28.97,23.83,98.32,84.16
2007-08-09,0.8,31.96,23.63,97.81,64.36
2007-08-10,0.02,33.5,23.5,95.53,62.36
2007-08-11,0.28,33.58,24.47,97.25,61.38
2007-08-12,21.74,31.42,23.32,88.37,63.17
2007-08-13,0.0,31.04,22.83,99.68,71.83
2007-08-14,0.75,33.56,23.83,94.69,62.42
2007-08-15,7.53,30.07,23.88,98.25,79.1
2007-08-16,6.61,32.17,23.17,99.54,65.49
2007-08-17,0.2,33.11,23.48,99.11,62.29
2007-08-18,0.01,33.56,24.4,95.27,63.2
2007-08-19,1.65,33.89,24.45,95.69,60.1
2007-08-20,2.41,33.3,24.08,98.46,65.86
2007-08-21,0.8,32.91,23.71,98.45,57.59
2007-08-22,6.5,33.72,23.43,92.39,59.95
2007-08-23,0.0,31.03,23.51,98.12,69.31
2007-08-24,7.49,31.11,22.77,98.28,68.62
2007-08-25,3.24,33.63,24.1,98.82,60.77
2007-08-26,7.91,33.08,23.88,99.34,63.43
2007-08-27,8.58,28.85,23.35,98.49,81.27
2007-08-28,5.79,30.49,23.1,98.23,67.36
2007-08-29,2.13,32.16,23.26,95.18,64.01
2007-08-30,19.52,29.61,23.76,93.15,74.16
2007-08-31,25.51,32.84,23.34,97.73,64.25
2007-09-01,27.27,32.8,22.72,98.3,59.85
2007-09-02,9.31,31.2,23.04,98.2,68.98
2007-09-03,3.07,32.7,23.26,99.17,65.2
2007-09-04,0.0,32.47,22.89,96.65,63.12
2007-09-05,0.21,33.98,24.01,96.68,60.42
2007-09-06,4.11,33.51,23.99,96.47,65.25
2007-09-07,3.02,33.72,23.24,98.58,60.51
2007-09-08,19.12,31.92,23.77,97.65,71.38
2007-09-09,7.03,31.7,23.49,98.34,71.17
2007-09-10,0.23,33.55,23.73,96.55,63.59
2007-09-11,19.48,32.61,24.27,98.15,69.49
2007-09-12,1.36,29.79,22.98,99.25,80.06
2007-09-13,2.91,32.86,23.44,99.4,64.45
2007-09-14,0.0,33.25,23.21,94.23,61.61
2007-09-15,0.0,34.82,24.16,90.58,56.99
2007-09-16,0.0,34.7,24.67,91.08,58.02
2007-09-17,11.91,34.87,24.85,95.96,59.86
2007-09-18,28.52,34.45,22.85,98.85,62.55
2007-09-19,1.68,31.96,22.92,99.83,69.12
2007-09-20,0.0,33.42,23.35,98.84,62.74
2007-09-21,0.0,34.81,24.45,90.49,59.12
2007-09-22,5.4,35.73,25.07,93.15,58.19
2007-09-23,20.63,34.64,23.52,95.86,61.81
2007-09-24,0.0,34.74,22.6,98.27,54.76
2007-09-25,0.05,34.0,24.44,88.65,59.73
2007-09-26,2.1,32.15,23.82,94.84,67.76
2007-09-27,2.28,33.32,23.44,97.61,58.89
2007-09-28,0.0,33.96,22.78,95.5,52.56
2007-09-29,0.06,36.06,24.08,85.76,49.27
2007-09-30,1.03,35.92,24.45,89.39,53.93
2007-10-01,0.0,36.86,23.08,96.19,52.05
2007-10-02,0.0,36.4,24.68,92.91,54.61
2007-10-03,0.0,35.58,24.31,92.42,58.36
2007-10-04,0.01,34.81,23.5,96.99,56.95
2007-10-05,0.0,36.05,22.56,96.81,53.37
2007-10-06,0.0,37.6,22.71,98.24,44.08
2007-10-07,0.0,37.37,24.18,89.21,46.51
2007-10-08,4.02,36.27,24.62,98.05,54.78
2007-10-09,0.01,35.11,22.01,96.87,54.9
2007-10-10,1.0,33.7,23.83,97.16,64.32
2007-10-11,14.14,33.17,22.56,97.68,67.25
2007-10-12,0.0,32.36,21.72,97.54,61.61
2007-10-13,0.03,35.22,24.16,86.9,50.34
2007-10-14,0.0,37.1,24.47,81.79,37.27
2007-10-15,0.0,38.05,23.19,84.36,35.04
2007-10-16,0.0,37.29,24.43,87.58,43.26
2007-10-17,0.0,36.98,24.2,95.05,50.73
2007-10-18,0.0,36.83,23.99,97.24,52.31
2007-10-19,0.0,35.98,23.31,97.55,50.19
2007-10-20,0.0,35.86,21.95,91.43,37.89
2007-10-21,0.0,35.34,21.52,87.37,39.87
2007-10-22,0.0,36.58,22.66,81.02,38.9
2007-10-23,0.0,35.93,24.04,87.35,50.19
2007-10-24,0.0,37.33,23.46,94.67,41.59
2007-10-25,0.0,37.8,24.24,90.13,40.88
2007-10-26,0.0,39.0,24.38,83.57,33.53
2007-10-27,0.0,38.13,24.24,82.87,35.35
2007-10-28,0.0,37.15,22.36,81.26,33.43
2007-10-29,0.0,35.25,23.05,81.35,44.82
2007-10-30,0.0,37.33,23.68,83.46,35.55
2007-10-31,0.0,37.81,24.34,76.04,34.68
2007-11-01,4.14,36.29,22.18,93.07,48.21
2007-11-02,1.07,35.68,21.81,93.43,44.54
2007-11-03,0.0,39.06,22.15,84.49,31.84
2007-11-04,0.0,37.89,21.79,94.19,33.63
2007-11-05,0.0,37.99,21.06,93.76,36.6
2007-11-06,0.0,38.13,21.37,95.11,26.3
2007-11-07,0.0,37.13,20.21,67.16,17.27
2007-11-08,0.0,35.97,16.48,64.28,17.61
2007-11-09,0.0,36.12,16.12,66.25,18.77
2007-11-10,0.0,35.47,16.37,62.76,20.69
2007-11-11,0.0,37.96,17.57,69.6,19.96
2007-11-12,0.0,35.86,20.17,74.02,30.38
2007-11-13,0.0,37.77,21.61,86.35,34.14
2007-11-14,0.0,38.51,20.07,67.79,16.96
2007-11-15,0.0,37.34,18.29,64.67,21.35
2007-11-16,0.0,37.31,17.53,77.27,27.15
2007-11-17,0.0,38.07,18.17,84.57,26.28
2007-11-18,0.0,38.17,18.26,81.46,23.89
2007-11-19,0.0,39.65,19.74,76.08,22.67
2007-11-20,0.0,39.37,20.23,70.06,18.39
2007-11-21,0.0,37.82,18.86,51.6,13.88
2007-11-22,0.0,36.9,16.4,52.14,12.35
2007-11-23,0.0,38.05,16.73,59.84,15.13
2007-11-24,0.0,38.21,16.98,64.22,17.29
2007-11-25,0.0,37.24,17.28,71.01,24.34
2007-11-26,0.0,35.22,17.6,63.04,25.69
2007-11-27,0.0,33.88,17.32,50.46,22.35
2007-11-28,0.0,33.41,16.01,53.55,22.81
2007-11-29,0.0,34.58,16.13,56.01,21.48
2007-11-30,0.0,34.41,18.07,53.58,21.88
2007-12-01,0.0,34.19,18.44,51.08,19.64
2007-12-02,0.0,36.08,18.78,54.16,23.48
2007-12-03,0.0,35.27,19.39,41.03,17.59
2007-12-04,0.0,33.06,17.28,40.51,16.37
2007-12-05,0.0,31.04,14.07,39.7,15.68
2007-12-06,0.0,32.48,13.24,44.42,16.84
2007-12-07,0.0,33.49,14.67,46.28,17.35
2007-12-08,0.0,34.65,15.24,53.89,20.6
2007-12-09,0.0,35.2,14.77,59.84,21.38
2007-12-10,0.0,37.02,15.17,60.55,19.33
2007-12-11,0.0,37.99,17.47,57.63,19.36
2007-12-12,0.0,39.18,18.0,57.5,20.12
2007-12-13,0.0,38.72,18.72,61.56,20.92
2007-12-14,0.0,37.39,17.13,57.95,15.98
2007-12-15,0.0,35.8,16.4,41.12,13.16
2007-12-16,0.0,33.79,17.06,33.3,14.11
2007-12-17,0.0,36.54,15.9,44.49,14.24
2007-12-18,0.0,36.78,15.33,54.05,15.43
2007-12-19,0.0,38.02,16.34,55.3,17.3
2007-12-20,0.0,35.26,16.91,54.91,18.98
2007-12-21,0.0,36.93,17.12,56.79,19.67
2007-12-22,0.0,38.72,17.23,57.72,19.4
2007-12-23,0.0,38.77,16.93,62.66,18.72
2007-12-24,0.0,38.62,16.82,53.18,15.46
2007-12-25,0.0,36.69,15.59,49.97,14.11
2007-12-26,0.0,36.35,14.48,46.61,13.73
2007-12-27,0.0,35.59,14.89,48.96,15.57
2007-12-28,0.0,34.66,14.2,49.4,17.21
2007-12-29,0.0,34.41,15.5,43.37,15.34
2007-12-30,0.0,32.29,13.78,45.15,19.18
2007-12-31,0.0,31.77,13.53,47.22,19.12
2008-01-01,0.0,30.82,13.22,43.99,18.26
2008-01-02,0.0,32.37,12.77,44.01,16.78
2008-01-03,0.0,32.95,14.54,40.59,15.24
2008-01-04,0.0,32.89,13.78,35.66,12.85
2008-01-05,0.0,32.22,11.57,38.6,13.33
2008-01-06,0.0,33.46,12.66,60.96,19.83
2008-01-07,0.0,31.22,13.83,40.89,17.07
2008-01-08,0.0,31.76,11.63,47.89,17.1
2008-01-09,0.0,32.48,11.97,45.16,15.01
2008-01-10,0.0,32.68,12.05,51.72,20.94
2008-01-11,0.0,34.59,13.84,57.31,21.69
2008-01-12,0.0,34.04,14.93,52.78,20.42
2008-01-13,0.0,35.82,15.96,52.21,20.0
2008-01-14,0.0,35.89,17.32,45.73,18.4
2008-01-15,0.0,36.19,18.5,42.33,18.0
2008-01-16,0.0,36.05,17.11,39.8,17.7
2008-01-17,0.0,34.41,18.01,29.44,15.79
2008-01-18,0.0,34.84,16.71,34.03,14.86
2008-01-19,0.0,35.19,14.79,36.67,13.7
2008-01-20,0.0,36.07,14.99,36.36,13.38
2008-01-21,0.0,36.74,15.53,34.45,13.62
2008-01-22,0.0,36.4,15.99,35.95,13.26
2008-01-23,0.0,36.46,16.15,37.89,14.26
2008-01-24,0.0,36.46,15.25,41.12,15.04
2008-01-25,0.0,36.64,16.73,37.96,13.15
2008-01-26,0.0,36.87,17.09,32.98,13.38
2008-01-27,0.0,36.78,15.97,35.72,12.03
2008-01-28,0.0,35.48,18.99,31.1,12.97
2008-01-29,0.0,36.95,16.73,35.55,13.61
2008-01-30,0.0,36.92,15.45,42.37,14.49
2008-01-31,0.0,36.83,16.17,39.16,14.29
2008-02-01,0.0,37.36,17.65,37.38,11.29
2008-02-02,0.0,37.58,17.55,35.1,11.3
2008-02-03,0.0,37.94,17.82,35.28,11.42
2008-02-04,0.0,38.19,17.42,38.24,11.29
2008-02-05,0.0,38.55,17.61,36.93,12.25
2008-02-06,0.0,39.38,17.39,40.21,12.85
2008-02-07,0.0,39.68,18.56,37.52,11.24
2008-02-08,0.0,39.34,18.61,52.62,12.82
2008-02-09,0.0,34.97,18.32,69.88,24.08
2008-02-10,0.0,33.49,17.26,80.04,35.92
2008-02-11,0.0,33.42,19.38,63.27,29.48
2008-02-12,0.0,32.11,19.58,64.5,36.87
2008-02-13,0.0,37.84,19.12,77.39,18.37
2008-02-14,0.0,37.95,19.48,76.25,21.36
2008-02-15,0.0,39.19,19.9,58.15,14.66
2008-02-16,0.0,40.11,19.42,58.82,16.65
2008-02-17,0.0,41.18,19.58,57.37,15.34
2008-02-18,0.0,41.45,19.9,43.64,10.54
2008-02-19,0.0,41.12,20.4,33.11,12.84
2008-02-20,0.0,40.04,19.2,45.06,11.06
2008-02-21,0.0,39.8,19.03,51.15,12.44
2008-02-22,0.0,40.18,18.77,46.93,11.96
2008-02-23,0.0,40.72,19.64,35.86,11.27
2008-02-24,0.0,40.38,19.5,33.49,9.89
2008-02-25,0.0,39.0,18.7,56.49,13.34
2008-02-26,0.0,39.52,19.03,48.69,15.93
2008-02-27,0.0,40.02,18.73,48.19,15.17
2008-02-28,0.0,40.53,19.67,45.32,16.45
2008-02-29,0.0,41.17,19.43,46.32,11.62
2008-03-01,0.0,40.82,20.1,41.45,12.07
2008-03-02,0.0,40.85,19.88,34.33,10.41
2008-03-03,0.0,40.78,19.44,46.91,12.49
2008-03-04,0.0,41.56,21.08,58.64,12.17
2008-03-05,0.0,41.5,20.54,51.67,13.46
2008-03-06,0.0,41.45,20.25,58.85,13.78
2008-03-07,0.0,41.97,21.12,48.29,11.33
2008-03-08,0.0,42.77,20.64,42.02,11.27
2008-03-09,0.0,42.46,20.58,48.12,11.99
2008-03-10,0.0,41.16,20.62,42.66,12.33
2008-03-11,0.0,38.99,19.14,55.08,15.06
2008-03-12,0.0,40.12,19.31,55.06,16.24
2008-03-13,0.0,38.01,19.89,75.13,29.07
2008-03-14,0.0,38.17,20.74,84.34,32.59
2008-03-15,0.0,40.16,21.24,79.82,25.15
2008-03-16,0.0,43.27,22.6,58.73,14.21
2008-03-17,0.0,42.85,22.56,64.1,16.28
2008-03-18,0.0,41.07,22.2,81.3,22.99
2008-03-19,0.0,42.19,22.2,81.8,16.38
2008-03-20,0.0,42.5,21.32,75.13,16.28
2008-03-21,0.0,40.17,20.34,61.77,15.49
2008-03-22,0.0,40.45,19.23,64.06,17.01
2008-03-23,0.0,40.04,19.32,55.45,16.08
2008-03-24,0.0,37.86,19.62,61.01,19.45
2008-03-25,0.0,39.09,19.96,56.55,17.76
2008-03-26,0.0,38.51,21.22,62.4,21.06
2008-03-27,0.0,43.25,22.16,59.99,16.2
2008-03-28,0.0,41.84,22.66,57.76,20.77
2008-03-29,0.0,43.42,23.64,64.41,20.09
2008-03-30,0.0,43.7,23.76,66.9,21.08
2008-03-31,0.0,44.48,23.72,79.28,18.57
2008-04-01,0.0,44.14,22.97,80.51,15.05
2008-04-02,0.0,41.66,22.89,76.82,24.12
2008-04-03,0.0,41.56,23.87,78.3,22.88
2008-04-04,0.0,41.89,23.52,83.97,19.18
2008-04-05,0.0,41.49,22.89,85.61,18.85
2008-04-06,0.0,42.01,21.57,81.2,15.43
2008-04-07,0.0,42.09,21.72,73.33,12.97
2008-04-08,0.0,44.15,22.09,52.37,7.87
2008-04-09,0.0,43.44,22.27,56.86,11.78
2008-04-10,0.0,44.15,21.97,56.59,11.02
2008-04-11,0.0,43.5,22.55,65.53,12.43
2008-04-12,0.0,42.39,22.21,70.5,14.32
2008-04-13,0.0,42.32,21.67,75.43,17.66
2008-04-14,0.0,43.69,22.05,68.08,13.41
2008-04-15,0.0,42.43,22.25,59.6,14.98
2008-04-16,0.0,40.94,20.94,69.74,18.2
2008-04-17,0.0,40.49,20.5,75.14,22.89
2008-04-18,0.0,40.93,20.71,81.35,22.72
2008-04-19,0.0,41.68,21.73,73.57,21.58
2008-04-20,0.0,42.48,22.34,69.78,20.85
2008-04-21,0.0,43.46,23.33,67.04,19.04
2008-04-22,0.0,43.72,23.52,63.35,16.89
2008-04-23,0.0,44.2,25.21,57.03,21.08
2008-04-24,0.0,43.42,23.78,66.19,17.82
2008-04-25,0.0,42.37,22.88,73.28,20.61
2008-04-26,0.0,41.62,23.43,76.73,25.6
2008-04-27,0.0,42.79,23.31,80.43,15.75
2008-04-28,0.0,43.11,23.59,69.4,14.01
2008-04-29,0.0,42.33,22.87,71.37,13.52
2008-04-30,0.0,41.46,22.0,65.22,14.03
2008-05-01,0.0,40.87,22.25,70.89,13.79
2008-05-02,0.0,40.04,23.09,68.17,15.89
2008-05-03,0.0,41.68,23.61,62.97,14.68
2008-05-04,0.0,46.69,25.09,44.5,9.75
2008-05-05,0.0,41.57,25.42,72.11,24.44
2008-05-06,0.31,40.35,25.24,82.23,33.29
2008-05-07,0.0,41.1,24.36,81.5,27.48
2008-05-08,0.0,39.88,23.76,68.39,22.16
2008-05-09,0.0,40.67,22.57,67.06,17.49
2008-05-10,0.0,42.26,23.55,65.64,15.35
2008-05-11,0.0,43.9,23.68,55.83,12.23
2008-05-12,0.0,44.23,25.09,44.81,11.11
2008-05-13,0.0,42.14,24.56,58.3,18.4
2008-05-14,0.0,40.69,25.35,63.98,27.45
2008-05-15,0.0,39.74,24.37,63.41,22.61
2008-05-16,0.0,39.65,24.64,70.47,18.44
2008-05-17,0.0,41.04,25.26,46.75,14.97
2008-05-18,0.0,42.75,24.01,62.77,16.6
2008-05-19,0.0,42.18,23.91,61.38,21.22
2008-05-20,0.0,39.59,24.84,74.48,31.87
2008-05-21,0.08,40.81,24.78,80.1,28.35
2008-05-22,0.18,41.88,26.06,78.27,23.18
2008-05-23,0.0,41.72,25.76,74.81,21.32
2008-05-24,0.0,43.61,24.92,72.05,10.97
2008-05-25,0.0,41.22,23.92,63.43,16.79
2008-05-26,0.0,39.54,23.29,72.54,21.04
2008-05-27,0.0,40.83,24.21,69.19,18.04
2008-05-28,0.0,44.03,24.03,66.55,13.3
2008-05-29,0.0,44.0,26.3,53.01,15.36
2008-05-30,0.0,42.75,25.73,68.15,19.95
2008-05-31,3.31,39.26,25.76,90.31,44.08
2008-06-01,1.15,36.71,24.59,92.9,42.78
2008-06-02,0.0,37.18,24.56,90.04,39.53
2008-06-03,0.0,41.99,25.23,71.94,19.33
2008-06-04,0.12,41.38,26.29,67.63,26.79
2008-06-05,12.02,38.7,26.3,85.15,39.81
2008-06-06,0.0,36.69,24.19,90.92,44.98
2008-06-07,0.0,37.7,24.43,89.71,29.97
2008-06-08,0.0,39.67,23.33,80.34,25.29
2008-06-09,0.0,40.72,24.91,81.63,27.83
2008-06-10,0.0,43.28,25.91,75.04,12.56
2008-06-11,4.09,42.07,25.73,55.74,17.57
2008-06-12,0.66,36.32,25.25,83.05,46.39
2008-06-13,3.59,35.29,24.02,93.94,43.8
2008-06-14,0.42,41.36,25.69,84.76,23.16
2008-06-15,2.59,40.08,26.59,79.32,33.94
2008-06-16,0.06,36.97,23.83,93.35,39.56
2008-06-17,0.0,38.33,24.75,86.83,30.28
2008-06-18,0.0,41.13,24.31,79.88,20.05
2008-06-19,0.01,39.49,26.3,80.22,36.32
2008-06-20,10.44,37.75,26.85,89.11,46.35
2008-06-21,0.0,37.33,22.88,94.03,40.12
2008-06-22,0.0,37.87,25.36,89.73,44.4
2008-06-23,0.0,38.79,26.42,90.01,43.35
2008-06-24,4.56,36.16,25.07,93.19,49.48
2008-06-25,0.0,36.24,24.68,89.53,45.7
2008-06-26,0.0,36.2,24.6,90.57,47.72
2008-06-27,43.9,34.96,25.05,98.86,58.56
2008-06-28,7.02,30.07,23.1,99.46,75.3
2008-06-29,0.19,33.19,23.4,97.22,63.32
2008-06-30,38.53,33.26,23.99,96.87,60.22
2008-07-01,14.66,32.9,23.25,98.46,63.3
2008-07-02,0.0,33.06,23.62,98.11,60.22
2008-07-03,3.05,35.12,24.1,92.5,51.5
2008-07-04,1.44,34.39,23.39,95.64,57.41
2008-07-05,0.0,34.77,24.07,93.0,55.37
2008-07-06,0.0,34.56,24.43,90.21,52.75
2008-07-07,7.28,34.1,24.37,91.97,52.96
2008-07-08,0.65,34.42,23.82,91.68,53.85
2008-07-09,9.49,37.06,25.26,86.35,44.19
2008-07-10,6.08,35.81,24.39,92.63,51.2
2008-07-11,0.09,35.45,24.33,90.48,51.94
2008-07-12,18.12,35.97,25.24,92.52,50.29
2008-07-13,0.43,32.81,23.58,98.92,64.19
2008-07-14,0.76,33.97,24.49,97.6,59.9
2008-07-15,0.0,34.86,24.42,96.04,56.28
2008-07-16,0.0,35.82,25.25,88.21,51.11
2008-07-17,10.87,34.78,25.17,92.26,53.66
2008-07-18,0.26,34.19,24.27,93.1,55.75
2008-07-19,18.26,35.55,24.5,91.34,51.99
2008-07-20,23.09,30.53,23.58,94.77,70.58
2008-07-21,19.64,31.24,23.31,98.5,68.83
2008-07-22,0.86,32.17,23.13,98.31,65.26
2008-07-23,0.0,33.53,24.35,98.09,59.47
2008-07-24,2.29,34.49,24.12,98.25,54.96
2008-07-25,0.82,32.95,24.65,97.43,63.7
2008-07-26,9.75,32.5,24.11,97.92,65.92
2008-07-27,7.0,33.82,24.29,98.22,59.0
2008-07-28,1.74,32.76,23.71,95.39,63.13
2008-07-29,10.88,31.27,24.04,97.3,65.1
2008-07-30,6.28,31.82,23.6,94.18,65.55
2008-07-31,2.13,34.28,23.52,93.71,56.77
2008-08-01,0.0,35.62,24.49,94.84,55.49
2008-08-02,0.36,35.43,24.52,88.73,52.27
2008-08-03,3.66,35.21,24.54,91.1,55.41
2008-08-04,6.11,33.49,23.43,92.38,63.63
2008-08-05,18.79,34.72,24.18,97.61,59.53
2008-08-06,0.87,32.51,22.98,98.89,68.34
2008-08-07,2.54,32.67,24.07,98.87,64.56
2008-08-08,0.39,32.05,23.59,98.94,68.03
2008-08-09,18.77,34.19,24.09,98.05,61.01
2008-08-10,0.53,31.93,23.13,98.47,71.66
2008-08-11,0.05,33.62,23.79,99.08,60.92
2008-08-12,1.36,34.92,24.43,92.8,57.75
2008-08-13,0.37,34.4,24.9,91.46,60.72
2008-08-14,8.58,33.95,24.22,96.54,58.0
2008-08-15,1.19,32.52,24.11,91.65,64.03
2008-08-16,0.22,33.59,23.63,97.49,62.35
2008-08-17,0.84,32.83,23.61,92.9,65.04
2008-08-18,21.98,33.26,24.12,96.2,65.26
2008-08-19,10.1,30.59,23.05,98.77,78.31
2008-08-20,20.5,31.26,23.49,99.44,67.95
2008-08-21,23.95,30.18,22.97,97.83,75.42
2008-08-22,0.13,33.58,23.76,97.11,63.06
2008-08-23,0.52,33.1,24.76,95.05,66.12
2008-08-24,20.73,30.63,24.0,99.19,80.29
2008-08-25,6.68,31.33,23.18,99.15,68.76
2008-08-26,4.36,30.06,22.81,98.22,72.78
2008-08-27,18.56,29.8,22.77,99.23,75.24
2008-08-28,9.92,30.6,23.2,98.96,74.83
2008-08-29,0.76,32.17,23.05,98.83,66.95
2008-08-30,0.36,32.9,23.15,96.13,61.43
2008-08-31,7.21,31.27,22.88,98.03,68.65
2008-09-01,0.57,33.1,23.5,99.46,63.76
2008-09-02,29.03,34.42,23.98,96.72,60.51
2008-09-03,1.48,31.17,22.0,99.25,76.51
2008-09-04,0.0,33.26,22.7,99.52,62.8
2008-09-05,23.22,35.0,24.32,90.54,58.87
2008-09-06,0.0,33.88,22.7,97.22,62.45
2008-09-07,0.33,34.78,24.29,98.7,59.21
2008-09-08,18.42,35.13,23.55,93.34,57.59
2008-09-09,0.0,33.76,23.41,98.0,64.55
2008-09-10,0.0,34.54,22.99,99.5,59.86
2008-09-11,0.03,35.83,24.02,95.88,57.16
2008-09-12,0.65,35.33,24.87,95.66,56.96
2008-09-13,15.97,32.01,24.45,97.68,70.47
2008-09-14,0.0,32.24,23.55,97.6,68.65
2008-09-15,16.02,34.63,24.2,97.38,60.63
2008-09-16,12.18,33.89,23.53,98.75,62.38
2008-09-17,13.29,32.35,23.06,99.09,67.52
2008-09-18,0.71,32.28,23.42,97.18,68.19
2008-09-19,25.57,34.81,23.46,96.17,59.02
2008-09-20,0.0,34.71,23.72,89.97,58.22
2008-09-21,1.37,34.65,23.6,95.71,61.39
2008-09-22,1.51,34.55,23.98,93.45,57.89
2008-09-23,0.21,35.6,23.69,95.02,57.22
2008-09-24,16.24,34.46,23.69,92.83,61.86
2008-09-25,19.66,33.74,22.56,99.14,64.45
2008-09-26,16.46,32.1,23.57,98.02,72.17
2008-09-27,1.88,34.23,22.43,94.35,59.95
2008-09-28,4.24,35.7,24.04,96.94,53.94
2008-09-29,16.37,36.19,24.36,90.68,57.5
2008-09-30,1.92,32.69,22.81,96.31,67.8
2008-10-01,0.11,34.6,23.41,98.9,64.45
2008-10-02,5.61,33.64,22.85,99.14,65.0
2008-10-03,2.42,32.1,23.49,98.44,74.16
2008-10-04,4.94,33.67,23.08,98.32,61.85
2008-10-05,0.0,35.68,22.39,98.76,54.64
2008-10-06,3.41,36.99,24.99,95.6,53.05
2008-10-07,0.0,36.43,23.88,96.47,54.16
2008-10-08,0.0,35.53,24.64,97.72,59.49
2008-10-09,0.0,35.85,23.97,98.19,58.32
2008-10-10,0.0,35.32,24.0,98.18,57.08
2008-10-11,0.0,35.37,22.88,96.07,49.34
2008-10-12,0.0,36.59,22.73,77.01,35.16
2008-10-13,0.53,36.4,23.27,79.29,42.7
2008-10-14,7.75,36.69,24.23,96.38,49.19
2008-10-15,8.18,35.33,23.29,97.55,58.9
2008-10-16,0.0,34.96,22.9,97.68,53.8
2008-10-17,0.0,37.79,24.21,87.23,44.02
2008-10-18,0.0,37.9,24.62,92.26,48.29
2008-10-19,0.0,37.11,25.32,90.51,49.3
2008-10-20,1.79,33.89,24.38,96.78,63.64
2008-10-21,1.94,32.94,22.89,99.0,65.55
2008-10-22,0.22,34.81,22.83,98.89,55.16
2008-10-23,0.0,36.94,23.9,95.11,40.73
2008-10-24,0.0,37.5,23.94,82.22,36.73
2008-10-25,0.43,37.09,23.94,91.37,45.65
2008-10-26,0.0,37.45,23.61,91.03,32.39
2008-10-27,0.0,36.27,21.08,74.76,29.59
2008-10-28,0.0,36.02,21.07,77.35,32.86
2008-10-29,0.0,35.43,22.15,80.45,40.2
2008-10-30,0.0,36.1,22.8,89.84,42.86
2008-10-31,0.0,35.62,22.15,73.79,32.45
2008-11-01,0.0,37.49,21.33,73.12,34.95
2008-11-02,0.0,37.23,21.86,68.58,32.29
2008-11-03,0.0,39.59,21.2,69.95,29.89
2008-11-04,0.0,39.59,20.99,75.37,30.22
2008-11-05,0.0,38.73,20.71,84.23,26.45
2008-11-06,0.0,39.66,19.85,79.84,20.42
2008-11-07,0.0,38.88,20.03,69.5,27.22
2008-11-08,0.0,39.07,19.91,83.26,29.14
2008-11-09,0.0,38.05,20.29,88.98,28.66
2008-11-10,0.0,37.06,17.45,70.62,19.18
2008-11-11,0.0,37.12,16.96,75.4,24.2
2008-11-12,0.0,37.96,18.33,80.57,21.84
2008-11-13,0.0,38.87,18.68,67.83,18.99
2008-11-14,0.0,38.23,19.95,63.5,23.97
2008-11-15,0.0,38.24,18.95,72.65,22.38
2008-11-16,0.0,39.5,19.14,68.06,18.52
2008-11-17,0.0,39.56,19.65,62.76,19.84
2008-11-18,0.0,39.4,19.33,68.51,15.61
2008-11-19,0.0,38.36,19.01,66.92,19.14
2008-11-20,0.0,36.61,19.16,80.24,25.05
2008-11-21,0.0,36.75,19.41,75.99,26.29
2008-11-22,0.0,38.35,19.32,64.64,22.07
2008-11-23,0.0,37.85,20.66,59.46,23.66
2008-11-24,0.0,39.13,21.3,59.06,18.13
2008-11-25,0.0,38.59,18.6,63.42,19.87
2008-11-26,0.0,38.29,18.71,65.52,20.96
2008-11-27,0.0,38.77,18.9,69.15,23.76
2008-11-28,0.0,37.88,19.4,58.29,23.81
2008-11-29,0.0,37.69,18.03,64.09,23.08
2008-11-30,0.0,37.2,17.72,60.36,24.28
2008-12-01,0.0,38.45,17.35,63.74,21.16
2008-12-02,0.0,39.37,17.92,63.77,18.53
2008-12-03,0.0,37.56,18.09,53.73,19.99
2008-12-04,0.0,35.26,14.59,52.16,18.13
2008-12-05,0.0,32.65,14.14,40.93,15.56
2008-12-06,0.0,32.73,13.63,41.61,14.23
2008-12-07,0.0,34.4,13.0,49.26,17.08
2008-12-08,0.0,35.78,14.29,52.67,15.35
2008-12-09,0.0,35.52,15.28,46.98,15.39
2008-12-10,0.0,35.03,16.9,45.98,15.21
2008-12-11,0.0,36.76,16.07,43.57,11.66
2008-12-12,0.0,36.99,15.88,51.15,16.37
2008-12-13,0.0,36.08,15.02,53.64,17.28
2008-12-14,0.0,35.88,15.2,45.5,16.01
2008-12-15,0.0,34.43,15.28,45.0,13.59
2008-12-16,0.0,33.62,15.08,50.83,16.71
2008-12-17,0.0,34.71,15.27,65.86,23.23
2008-12-18,0.0,33.45,16.19,58.8,24.27
2008-12-19,0.0,32.91,16.94,67.13,27.32
2008-12-20,0.0,35.24,16.62,71.35,23.94
2008-12-21,0.0,37.15,17.68,55.18,18.99
2008-12-22,0.0,37.95,16.99,55.85,16.01
2008-12-23,0.0,38.08,17.02,48.95,14.86
2008-12-24,0.0,38.32,16.81,47.94,14.67
2008-12-25,0.0,36.67,17.13,46.49,15.48
2008-12-26,0.0,37.08,16.92,48.85,16.35
2008-12-27,0.0,37.15,16.41,58.51,17.92
2008-12-28,0.0,38.56,16.9,53.54,15.98
2008-12-29,0.0,39.9,17.19,50.09,15.05
2008-12-30,0.0,39.44,17.1,58.08,16.95
2008-12-31,0.0,39.26,17.06,53.45,14.54
2009-01-01,0.0,37.96,18.57,45.87,16.38
2009-01-02,0.0,38.53,17.84,42.24,15.88
2009-01-03,0.0,38.01,17.05,41.91,14.91
2009-01-04,0.0,36.94,15.97,45.21,14.9
2009-01-05,0.0,36.71,15.46,44.31,14.38
2009-01-06,0.0,35.46,15.8,46.06,17.06
2009-01-07,0.0,31.9,14.84,49.1,17.39
2009-01-08,0.0,31.28,13.21,62.19,19.45
2009-01-09,0.0,32.2,12.11,48.17,19.5
2009-01-10,0.0,33.4,13.58,44.72,16.23
2009-01-11,0.0,32.21,12.62,51.59,19.03
2009-01-12,0.0,32.12,13.81,71.56,24.01
2009-01-13,0.0,31.83,12.67,52.99,20.63
2009-01-14,0.0,32.33,14.74,50.14,21.66
2009-01-15,0.0,32.19,15.37,52.34,19.85
2009-01-16,0.0,32.34,14.31,44.25,17.0
2009-01-17,0.0,30.42,14.03,51.8,22.01
2009-01-18,0.0,29.93,11.77,56.24,21.98
2009-01-19,0.0,30.88,12.9,59.66,19.17
2009-01-20,0.0,31.35,10.94,48.98,15.4
2009-01-21,0.0,32.06,10.44,59.72,20.58
2009-01-22,0.0,30.83,13.89,54.36,21.71
2009-01-23,0.0,31.88,14.97,31.56,13.28
2009-01-24,0.0,30.05,13.4,25.75,13.85
2009-01-25,0.0,33.58,17.09,28.42,13.33
2009-01-26,0.0,35.27,16.98,32.95,14.03
2009-01-27,0.0,36.58,15.34,59.3,22.6
2009-01-28,0.0,36.81,16.1,57.02,22.3
2009-01-29,0.0,37.49,16.36,50.37,18.81
2009-01-30,0.0,39.04,17.01,52.11,17.96
2009-01-31,0.0,38.62,18.82,40.69,14.48
2009-02-01,0.0,37.77,17.38,37.96,11.84
2009-02-02,0.0,35.37,16.49,48.39,14.64
2009-02-03,0.0,34.05,14.74,70.99,23.77
2009-02-04,0.0,34.44,16.56,74.38,27.58
2009-02-05,0.0,35.48,16.87,62.87,22.83
2009-02-06,0.0,32.95,18.35,61.83,28.03
2009-02-07,0.0,34.56,17.34,58.76,19.64
2009-02-08,0.0,34.92,17.55,39.17,18.02
2009-02-09,0.0,37.65,17.24,38.24,14.04
2009-02-10,0.0,39.31,17.88,36.41,11.62
2009-02-11,0.0,40.02,17.5,38.17,11.29
2009-02-12,0.0,40.78,17.99,40.3,9.92
2009-02-13,0.0,40.9,17.93,45.21,9.98
2009-02-14,0.0,37.61,17.27,61.89,15.87
2009-02-15,0.0,34.3,16.08,77.82,25.03
2009-02-16,0.0,33.34,15.58,63.52,21.74
2009-02-17,0.0,34.97,14.64,66.07,20.78
2009-02-18,0.0,36.65,16.87,54.17,16.36
2009-02-19,0.0,35.16,19.82,42.93,15.81
2009-02-20,0.0,37.8,18.99,41.58,16.54
2009-02-21,0.0,37.37,19.71,37.74,15.49
2009-02-22,0.0,41.63,21.84,31.9,14.06
2009-02-23,0.0,42.93,22.09,39.3,18.09
2009-02-24,0.0,40.54,21.12,57.94,19.01
2009-02-25,0.0,37.05,18.49,68.62,23.5
2009-02-26,0.0,34.86,17.9,64.37,24.65
2009-02-27,0.0,33.87,19.11,57.04,23.12
2009-02-28,0.0,36.22,20.06,45.4,19.48
2009-03-01,0.0,39.84,20.82,37.52,15.26
2009-03-02,0.0,40.71,21.26,35.37,13.54
2009-03-03,0.0,40.31,20.97,38.98,11.68
2009-03-04,0.0,39.09,21.64,32.99,14.08
2009-03-05,0.0,38.26,22.76,27.83,13.29
2009-03-06,0.0,38.81,21.12,32.55,13.54
2009-03-07,0.0,38.59,20.41,39.1,14.69
2009-03-08,0.0,40.74,21.23,45.95,13.26
2009-03-09,0.0,39.02,20.62,63.82,19.62
2009-03-10,0.0,36.18,18.21,65.63,24.52
2009-03-11,0.0,35.06,16.96,69.7,25.75
2009-03-12,0.0,34.62,16.69,77.53,25.27
2009-03-13,0.0,36.64,17.22,79.99,26.15
2009-03-14,0.0,38.34,19.34,71.17,25.4
2009-03-15,0.0,38.47,19.78,74.02,25.43
2009-03-16,0.0,39.41,19.95,71.54,25.32
2009-03-17,0.0,38.57,19.91,69.31,23.05
2009-03-18,0.0,37.41,19.85,60.92,22.82
2009-03-19,0.0,37.34,19.25,70.81,26.33
2009-03-20,0.0,38.48,19.52,71.91,22.34
2009-03-21,0.0,40.02,20.84,66.49,19.38
2009-03-22,0.0,41.22,21.32,60.01,17.71
2009-03-23,0.0,41.95,21.95,53.74,14.74
2009-03-24,0.0,41.02,21.48,54.96,15.81
2009-03-25,0.0,39.4,21.33,59.95,18.66
2009-03-26,0.0,39.52,22.2,50.38,19.63
2009-03-27,0.0,38.63,21.17,70.96,27.35
2009-03-28,0.0,36.94,21.49,54.91,20.95
2009-03-29,0.0,37.66,20.88,56.19,21.62
2009-03-30,0.0,40.01,21.58,47.64,17.31
2009-03-31,0.0,40.54,22.57,39.88,15.82
2009-04-01,0.0,40.61,22.01,48.02,14.6
2009-04-02,0.0,41.85,23.16,40.78,13.02
2009-04-03,0.0,43.0,23.22,34.91,11.91
2009-04-04,0.0,42.47,22.38,39.55,10.77
2009-04-05,0.0,42.79,22.06,41.69,10.67
2009-04-06,0.0,42.5,21.16,56.37,10.65
2009-04-07,0.0,40.22,20.78,64.26,16.4
2009-04-08,0.0,38.03,20.35,68.8,23.12
2009-04-09,0.0,37.83,20.67,65.12,21.32
2009-04-10,0.0,38.71,20.13,63.19,20.3
2009-04-11,0.0,40.46,21.31,56.86,13.21
2009-04-12,0.0,40.34,21.81,43.08,14.11
2009-04-13,0.0,39.33,20.4,57.43,17.07
2009-04-14,0.0,39.84,19.76,65.13,16.31
2009-04-15,0.0,38.9,20.1,67.61,16.8
2009-04-16,0.0,40.98,20.85,57.8,14.2
2009-04-17,0.0,42.18,22.79,40.42,12.23
2009-04-18,0.0,43.56,23.15,35.71,11.44
2009-04-19,0.0,43.13,22.73,33.87,8.83
2009-04-20,0.0,43.14,22.48,45.53,9.73
2009-04-21,0.0,43.83,23.75,44.82,11.29
2009-04-22,0.0,44.86,23.57,52.73,9.82
2009-04-23,0.0,44.07,23.38,58.91,11.34
2009-04-24,0.0,43.69,23.11,62.26,14.72
2009-04-25,0.0,43.77,22.67,72.1,13.22
2009-04-26,0.0,43.57,22.22,76.69,10.65
2009-04-27,0.0,43.42,22.32,68.57,11.28
2009-04-28,0.0,44.65,23.25,53.56,10.72
2009-04-29,0.0,44.74,23.15,62.83,13.27
2009-04-30,0.0,43.25,24.75,61.37,18.01
2009-05-01,0.0,42.92,24.74,67.43,15.58
2009-05-02,0.0,42.78,23.86,70.07,12.84
2009-05-03,0.0,43.56,22.44,71.21,9.13
2009-05-04,0.0,44.27,22.86,65.21,10.74
2009-05-05,0.0,44.09,23.45,67.3,9.63
2009-05-06,0.0,39.13,22.95,69.7,22.39
2009-05-07,0.0,38.04,22.35,82.06,28.77
2009-05-08,0.0,39.06,22.13,76.54,24.9
2009-05-09,0.0,40.6,21.15,80.73,16.53
2009-05-10,0.0,40.77,21.93,68.48,15.92
2009-05-11,0.0,41.05,21.6,65.15,15.88
2009-05-12,0.0,38.49,23.26,66.78,22.55
2009-05-13,1.09,36.85,24.03,74.43,35.27
2009-05-14,0.3,40.78,24.92,82.74,30.87
2009-05-15,0.01,41.19,24.53,84.5,27.68
2009-05-16,0.0,41.97,25.05,69.52,26.41
2009-05-17,0.0,41.85,25.59,68.92,17.46
2009-05-18,0.0,42.77,25.2,61.2,17.81
2009-05-19,0.0,42.35,23.91,70.51,20.18
2009-05-20,0.0,40.73,23.98,75.25,25.5
2009-05-21,0.0,42.16,24.63,72.31,19.75
2009-05-22,0.0,43.98,24.42,70.33,14.54
2009-05-23,0.0,42.17,25.68,69.24,22.25
2009-05-24,0.0,40.79,24.93,78.29,26.79
2009-05-25,0.0,41.47,24.6,71.11,21.6
2009-05-26,0.0,42.11,24.58,73.51,22.72
2009-05-27,0.0,42.28,24.91,70.31,24.07
2009-05-28,0.0,41.05,24.65,71.94,23.34
2009-05-29,0.0,39.99,24.06,77.61,24.0
2009-05-30,0.0,40.51,22.36,80.24,22.11
2009-05-31,0.0,40.43,22.79,74.59,22.72
2009-06-01,0.43,41.4,24.91,60.81,18.76
2009-06-02,0.1,42.81,25.99,63.18,21.38
2009-06-03,0.0,42.39,27.6,65.79,22.26
2009-06-04,0.0,40.62,27.02,67.24,27.13
2009-06-05,0.0,40.02,26.22,74.59,30.3
2009-06-06,0.0,39.47,24.68,74.44,27.49
2009-06-07,0.03,39.48,24.92,73.45,28.59
2009-06-08,0.02,40.55,25.9,67.75,21.06
2009-06-09,0.0,40.54,25.52,64.43,21.7
2009-06-10,0.0,42.37,26.3,67.48,22.04
2009-06-11,0.0,42.05,26.16,75.86,20.92
2009-06-12,0.0,40.21,26.22,78.41,27.77
2009-06-13,0.27,39.58,24.72,78.46,31.75
2009-06-14,7.29,37.25,25.07,78.46,40.47
2009-06-15,0.12,36.09,23.63,85.73,42.62
2009-06-16,0.0,38.69,25.32,79.88,36.93
2009-06-17,9.51,38.07,25.86,81.53,38.65
2009-06-18,0.48,39.26,25.87,85.25,33.69
2009-06-19,0.0,38.43,24.85,89.24,35.72
2009-06-20,0.0,38.31,26.1,75.58,38.0
2009-06-21,0.0,38.32,25.58,83.55,39.45
2009-06-22,2.44,37.96,25.8,88.84,42.4
2009-06-23,0.1,35.32,24.65,96.51,57.46
2009-06-24,0.98,34.27,24.55,94.21,62.08
2009-06-25,2.19,31.17,23.04,95.98,59.87
2009-06-26,0.0,35.67,23.45,96.64,47.64
2009-06-27,0.09,36.52,24.72,84.67,43.0
2009-06-28,0.0,35.25,25.28,86.24,49.13
2009-06-29,0.0,35.91,25.01,90.43,44.74
2009-06-30,0.01,37.16,25.52,89.88,40.89
2009-07-01,19.89,37.54,25.67,90.13,43.06
2009-07-02,0.01,34.9,23.95,93.34,56.01
2009-07-03,0.66,35.79,25.19,96.69,51.5
2009-07-04,10.87,36.34,25.02,94.63,51.62
2009-07-05,3.64,32.01,23.63,96.74,64.31
2009-07-06,0.06,36.27,24.7,92.43,44.65
2009-07-07,0.77,35.41,24.07,86.02,48.56
2009-07-08,0.47,34.47,23.39,91.99,51.51
2009-07-09,0.0,34.48,24.62,94.35,55.86
2009-07-10,1.18,35.01,24.66,97.34,54.56
2009-07-11,1.66,34.96,24.81,93.47,56.39
2009-07-12,5.43,35.89,24.93,96.99,52.69
2009-07-13,0.96,34.61,23.94,97.52,57.48
2009-07-14,8.93,35.58,25.14,97.02,53.16
2009-07-15,3.01,32.61,23.48,97.97,61.08
2009-07-16,0.0,34.79,24.5,95.17,54.65
2009-07-17,0.01,35.41,25.05,92.78,54.27
2009-07-18,0.0,36.42,25.43,88.34,49.15
2009-07-19,0.17,34.86,25.38,91.31,55.32
2009-07-20,3.0,32.42,24.77,96.26,64.81
2009-07-21,25.22,29.96,23.62,98.2,77.72
2009-07-22,0.63,33.77,23.99,98.16,61.14
2009-07-23,0.07,35.88,24.95,96.64,54.26
2009-07-24,9.95,35.16,24.91,97.45,53.9
2009-07-25,0.37,34.99,24.64,97.41,57.63
2009-07-26,14.74,34.61,25.25,95.63,57.37
2009-07-27,0.86,32.49,23.68,99.36,65.06
2009-07-28,21.66,32.91,24.08,99.04,62.98
2009-07-29,0.05,33.69,23.42,98.57,58.07
2009-07-30,2.44,30.03,24.42,98.73,79.19
2009-07-31,0.0,33.8,23.67,98.76,59.08
2009-08-01,0.32,34.63,25.05,92.95,58.95
2009-08-02,9.37,31.71,24.55,97.65,73.29
2009-08-03,0.86,33.25,24.15,98.43,63.19
2009-08-04,0.04,34.14,24.82,92.3,62.98
2009-08-05,15.26,33.19,25.35,98.15,68.2
2009-08-06,9.57,33.6,24.35,98.08,63.67
2009-08-07,4.88,32.08,23.74,97.06,72.04
2009-08-08,0.12,31.76,22.93,97.0,69.1
2009-08-09,0.51,33.26,23.49,98.06,65.84
2009-08-10,24.24,33.28,24.94,97.18,66.97
2009-08-11,14.91,34.44,23.22,99.34,60.74
2009-08-12,12.25,33.13,23.78,97.25,66.71
2009-08-13,0.14,32.85,23.16,99.28,65.69
2009-08-14,0.9,33.46,24.7,95.47,63.51
2009-08-15,21.91,30.4,23.56,99.2,79.8
2009-08-16,6.57,33.57,23.12,98.06,63.25
2009-08-17,0.09,32.26,23.31,98.16,72.65
2009-08-18,9.6,31.72,24.28,99.07,71.79
2009-08-19,4.29,33.1,22.62,98.7,60.66
2009-08-20,7.09,33.84,24.16,98.5,60.84
2009-08-21,30.34,34.16,24.21,98.45,61.88
2009-08-22,2.51,32.67,22.91,98.91,63.5
2009-08-23,13.16,31.64,24.0,98.2,70.0
2009-08-24,32.52,31.88,24.04,98.55,71.77
2009-08-25,4.15,32.26,23.21,98.4,66.92
2009-08-26,1.98,33.24,23.59,98.68,62.57
2009-08-27,15.51,33.39,24.97,97.33,64.89
2009-08-28,9.17,32.33,23.18,98.47,67.73
2009-08-29,0.5,33.27,23.52,98.22,64.07
2009-08-30,1.29,34.45,23.8,93.38,63.41
2009-08-31,2.54,30.88,23.6,99.55,74.2
2009-09-01,0.79,31.85,23.29,98.81,70.21
2009-09-02,34.8,34.04,23.81,98.77,64.04
2009-09-03,0.15,30.31,23.06,99.45,77.57
2009-09-04,7.55,32.56,23.68,95.15,67.39
2009-09-05,38.18,32.39,22.74,98.58,69.06
2009-09-06,5.6,30.17,22.73,99.27,78.11
2009-09-07,4.13,33.23,23.23,95.65,63.98
2009-09-08,18.01,30.51,23.86,96.13,74.96
2009-09-09,11.52,29.88,23.19,99.31,80.21
2009-09-10,1.96,33.39,23.81,98.99,63.03
2009-09-11,9.7,33.99,24.26,98.52,62.12
2009-09-12,5.7,32.81,23.8,98.19,66.45
2009-09-13,0.05,30.82,23.32,98.82,76.16
2009-09-14,5.43,32.7,23.14,98.72,68.68
2009-09-15,0.08,33.0,23.52,99.1,67.87
2009-09-16,15.5,31.45,22.78,98.37,69.01
2009-09-17,12.61,32.67,23.18,98.97,63.34
2009-09-18,0.58,31.13,23.57,97.85,71.96
2009-09-19,0.01,33.73,23.57,99.03,60.32
2009-09-20,0.01,34.91,24.24,97.28,62.18
2009-09-21,6.34,35.07,25.29,96.49,62.0
2009-09-22,8.23,30.97,22.65,98.95,71.87
2009-09-23,2.1,33.82,22.89,98.92,60.31
2009-09-24,25.19,34.85,24.55,96.24,60.94
2009-09-25,4.76,33.2,22.65,99.21,64.94
2009-09-26,0.31,34.28,23.97,99.06,60.84
2009-09-27,0.0,34.71,23.82,93.32,59.12
2009-09-28,0.0,36.27,24.03,98.11,56.8
2009-09-29,0.0,35.34,26.11,93.72,63.11
2009-09-30,6.96,32.77,23.49,98.46,67.01
2009-10-01,0.01,34.51,23.52,98.91,63.52
2009-10-02,0.0,35.58,24.33,97.89,60.81
2009-10-03,0.02,35.37,24.35,98.22,60.82
2009-10-04,0.0,36.35,24.05,98.78,57.97
2009-10-05,0.0,36.8,24.73,97.82,54.76
2009-10-06,0.0,36.01,24.28,98.76,56.69
2009-10-07,4.69,33.94,24.27,98.49,71.56
2009-10-08,0.0,34.4,22.99,98.77,64.13
2009-10-09,0.0,35.86,24.37,98.92,55.51
2009-10-10,0.0,36.12,24.13,97.78,54.19
2009-10-11,0.0,36.31,24.41,97.1,54.75
2009-10-12,0.0,36.99,24.25,98.34,46.02
2009-10-13,0.79,36.1,24.01,95.05,50.46
2009-10-14,0.0,35.1,23.21,97.56,59.01
2009-10-15,0.0,35.78,23.14,97.48,45.67
2009-10-16,0.17,36.0,23.53,91.47,43.59
2009-10-17,0.9,32.88,23.75,97.65,58.8
2009-10-18,1.28,34.2,22.83,97.0,60.51
2009-10-19,0.0,34.92,22.75,97.61,51.18
2009-10-20,0.0,36.98,22.9,90.9,35.6
2009-10-21,0.0,37.16,23.62,82.77,38.08
2009-10-22,0.0,37.64,23.71,89.38,35.98
2009-10-23,0.0,38.47,22.92,83.49,30.64
2009-10-24,1.27,36.44,24.26,93.12,44.32
2009-10-25,0.16,34.1,22.98,95.7,57.54
2009-10-26,0.0,35.7,24.74,95.97,51.21
2009-10-27,0.0,35.16,23.87,98.17,53.93
2009-10-28,0.0,36.52,23.58,97.15,49.41
2009-10-29,0.0,37.17,23.8,95.64,33.75
2009-10-30,0.0,35.26,21.99,70.95,23.06
2009-10-31,0.0,36.2,19.98,66.04,23.2
2009-11-01,0.42,37.9,19.89,75.12,28.98
2009-11-02,0.8,34.29,21.79,95.98,51.97
2009-11-03,0.0,34.23,21.06,96.94,51.45
2009-11-04,0.0,37.38,22.53,87.27,35.74
2009-11-05,0.0,38.65,21.5,78.96,32.76
2009-11-06,0.0,38.11,21.23,72.67,27.51
2009-11-07,0.0,36.9,19.54,70.26,30.79
2009-11-08,0.0,37.7,18.65,75.78,28.78
2009-11-09,0.0,38.49,19.84,73.52,28.57
2009-11-10,0.0,37.44,20.56,92.77,34.25
2009-11-11,0.0,36.71,20.51,97.94,43.97
2009-11-12,0.0,35.4,21.15,92.27,40.37
2009-11-13,0.0,37.81,20.86,88.09,27.52
2009-11-14,0.0,36.85,20.1,61.13,18.05
2009-11-15,0.0,35.19,18.02,56.56,17.07
2009-11-16,0.0,36.4,16.44,61.39,19.71
2009-11-17,0.0,35.75,18.39,60.35,21.0
2009-11-18,0.0,35.0,20.26,62.63,21.98
2009-11-19,0.0,37.3,18.99,70.07,24.81
2009-11-20,0.0,35.91,19.15,60.1,19.56
2009-11-21,0.0,35.65,16.75,60.72,20.97
2009-11-22,0.0,36.65,16.87,58.95,19.55
2009-11-23,0.0,34.95,15.59,58.24,17.96
2009-11-24,0.0,36.24,15.24,65.44,18.46
2009-11-25,0.0,37.07,16.6,62.88,19.69
2009-11-26,0.0,35.58,17.91,61.8,22.19
2009-11-27,0.0,35.66,17.46,59.13,19.3
2009-11-28,0.0,32.62,18.21,57.63,25.38
2009-11-29,0.0,34.45,17.68,59.94,23.52
2009-11-30,0.0,34.43,20.26,57.29,24.25
2009-12-01,0.0,34.51,19.05,58.57,28.17
2009-12-02,0.0,34.54,19.37,53.35,21.01
2009-12-03,0.0,36.73,17.62,46.17,17.69
2009-12-04,0.0,36.57,16.85,48.59,17.23
2009-12-05,0.0,37.44,15.38,54.25,17.78
2009-12-06,0.0,37.28,16.31,58.24,18.87
2009-12-07,0.0,36.01,17.84,53.22,18.8
2009-12-08,0.03,30.84,20.0,59.82,19.88
2009-12-09,0.0,32.28,18.56,71.28,34.14
2009-12-10,0.0,34.22,16.54,75.44,18.8
2009-12-11,0.0,33.11,16.27,44.98,16.98
2009-12-12,0.0,29.99,16.38,44.95,16.76
2009-12-13,0.0,32.22,12.63,51.28,16.03
2009-12-14,0.0,32.96,13.07,72.0,21.42
2009-12-15,0.0,34.04,14.66,75.0,27.92
2009-12-16,0.0,35.58,16.41,73.09,23.66
2009-12-17,0.0,38.85,17.78,59.29,21.67
2009-12-18,0.0,37.75,18.94,59.21,18.29
2009-12-19,0.0,37.77,19.3,53.9,19.32
2009-12-20,0.0,38.82,19.17,60.66,20.83
2009-12-21,0.0,36.85,17.69,63.73,22.69
2009-12-22,0.0,38.24,17.34,68.94,22.07
2009-12-23,0.0,37.75,16.91,62.41,19.8
2009-12-24,0.0,37.23,15.8,70.7,22.09
2009-12-25,0.0,35.53,15.41,73.95,24.87
2009-12-26,0.0,36.9,16.26,69.75,17.47
2009-12-27,0.0,37.61,16.25,50.23,14.48
2009-12-28,0.0,37.45,15.25,46.39,14.72
2009-12-29,0.0,37.29,14.81,51.44,15.9
2009-12-30,0.0,37.93,14.66,63.28,16.27
2009-12-31,0.0,37.95,15.62,63.63,18.14
2010-01-01,0.0,38.01,16.87,69.12,24.56
2010-01-02,0.0,38.37,17.46,83.3,23.31
2010-01-03,0.0,38.04,16.5,58.25,13.58
2010-01-04,0.0,37.36,16.97,42.09,12.61
2010-01-05,0.0,37.25,14.74,43.04,12.4
2010-01-06,0.0,37.55,14.88,47.47,12.58
2010-01-07,0.0,36.09,14.63,46.42,13.75
2010-01-08,0.0,35.76,16.54,55.53,16.38
2010-01-09,0.0,36.13,15.3,58.93,17.23
2010-01-10,0.0,35.73,17.46,57.71,24.65
2010-01-11,0.0,34.21,17.9,48.39,21.62
2010-01-12,0.0,33.91,17.45,41.63,17.26
2010-01-13,0.0,36.11,15.61,45.58,15.67
2010-01-14,0.0,35.53,14.24,43.51,15.87
2010-01-15,0.0,36.62,16.07,43.51,13.34
2010-01-16,0.0,38.73,13.23,49.86,11.11
2010-01-17,0.0,37.99,15.21,43.74,12.93
2010-01-18,0.0,35.34,15.71,35.08,9.52
2010-01-19,0.0,37.66,16.26,40.53,11.66
2010-01-20,0.0,37.34,15.78,40.88,14.23
2010-01-21,0.0,38.21,15.31,40.82,11.97
2010-01-22,0.0,36.91,16.33,47.57,14.24
2010-01-23,0.0,37.93,15.28,50.6,11.84
2010-01-24,0.0,37.22,15.95,45.94,11.47
2010-01-25,0.0,36.53,17.37,35.71,10.69
2010-01-26,0.0,35.42,13.79,48.23,14.64
2010-01-27,0.0,36.03,14.72,46.96,15.29
2010-01-28,0.0,36.71,16.52,46.27,14.76
2010-01-29,0.0,37.67,17.08,44.6,13.59
2010-01-30,0.0,39.8,18.51,43.46,13.47
2010-01-31,0.0,39.49,20.02,45.1,17.17
2010-02-01,0.0,38.4,20.11,61.29,22.59
2010-02-02,0.0,37.73,21.08,55.24,17.98
2010-02-03,0.0,39.37,20.17,54.51,17.26
2010-02-04,0.0,40.4,21.05,51.96,15.62
2010-02-05,0.0,40.54,20.7,53.78,17.96
2010-02-06,0.0,41.65,20.56,54.55,11.31
2010-02-07,0.0,39.58,21.24,31.27,12.79
2010-02-08,0.0,39.22,19.23,39.28,12.48
2010-02-09,0.0,39.81,17.65,45.75,12.7
2010-02-10,0.0,39.52,18.15,45.27,13.94
2010-02-11,0.0,39.42,17.85,45.42,14.05
2010-02-12,0.0,38.71,17.61,58.9,16.64
2010-02-13,0.0,35.34,16.69,83.34,26.26
2010-02-14,0.0,34.02,16.95,89.08,35.31
2010-02-15,0.0,33.78,16.86,91.87,31.6
2010-02-16,0.0,35.94,18.6,91.2,34.83
2010-02-17,0.0,37.81,18.97,72.58,29.31
2010-02-18,0.0,36.32,19.81,84.96,30.49
2010-02-19,0.0,35.3,19.47,85.31,30.48
2010-02-20,0.0,38.36,19.15,55.79,20.6
2010-02-21,0.0,39.6,20.45,49.27,19.66
2010-02-22,0.0,42.22,21.7,41.99,13.47
2010-02-23,0.0,43.45,21.92,55.19,14.34
2010-02-24,0.0,42.59,21.56,65.72,14.38
2010-02-25,0.0,43.22,21.61,56.11,12.87
2010-02-26,0.0,40.64,21.21,73.05,18.34
2010-02-27,0.0,41.88,21.59,80.86,20.26
2010-02-28,0.0,42.19,20.61,65.28,15.58
2010-03-01,0.0,42.34,21.92,64.4,16.33
2010-03-02,0.0,37.98,20.76,73.98,25.7
2010-03-03,0.0,39.91,20.59,55.34,16.8
2010-03-04,0.0,43.22,22.39,47.27,14.04
2010-03-05,0.0,42.09,22.76,49.93,13.55
2010-03-06,0.0,41.39,20.92,58.11,15.34
2010-03-07,0.0,41.3,20.69,51.88,15.84
2010-03-08,0.0,42.27,21.8,52.08,17.34
2010-03-09,0.0,41.87,21.64,49.22,17.6
2010-03-10,0.0,41.74,21.15,46.99,16.12
2010-03-11,0.0,41.63,21.48,57.79,20.01
2010-03-12,0.0,41.21,21.3,57.54,14.7
2010-03-13,0.0,42.38,21.33,41.16,13.76
2010-03-14,0.0,42.37,21.15,43.18,16.25
2010-03-15,0.0,41.33,19.79,48.32,14.66
2010-03-16,0.0,41.58,19.72,61.24,15.93
2010-03-17,0.0,42.16,21.63,43.41,10.51
2010-03-18,0.0,39.82,20.78,25.74,9.32
2010-03-19,0.0,40.43,20.06,32.19,11.88
2010-03-20,0.0,42.19,21.84,34.3,11.3
2010-03-21,0.0,42.75,22.87,45.69,12.25
2010-03-22,0.0,41.01,22.9,76.65,23.16
2010-03-23,0.0,42.86,23.55,64.16,13.03
2010-03-24,0.0,42.18,22.34,63.63,9.61
2010-03-25,0.0,40.89,21.69,63.96,15.47
2010-03-26,0.0,41.35,21.63,70.44,13.65
2010-03-27,0.0,42.61,22.39,66.05,14.48
2010-03-28,0.0,43.24,21.75,69.19,10.66
2010-03-29,0.0,44.33,21.29,51.05,8.5
2010-03-30,0.0,42.5,21.3,63.16,14.61
2010-03-31,0.0,41.3,22.02,75.5,24.41
2010-04-01,0.0,42.42,22.31,72.29,15.68
2010-04-02,0.0,41.84,22.78,67.29,15.42
2010-04-03,0.0,43.85,23.09,64.7,10.54
2010-04-04,0.0,42.24,23.69,57.42,16.21
2010-04-05,0.0,39.85,21.9,68.82,19.25
2010-04-06,0.0,40.13,21.47,73.66,17.43
2010-04-07,0.0,42.13,22.07,62.37,15.69
2010-04-08,0.0,43.46,23.19,54.72,12.9
2010-04-09,0.0,41.95,22.54,66.1,17.63
2010-04-10,0.0,40.68,22.21,66.77,20.56
2010-04-11,0.0,39.59,21.08,71.1,24.21
2010-04-12,0.0,39.41,21.17,75.39,21.66
2010-04-13,0.0,40.39,22.04,66.88,22.5
2010-04-14,0.0,40.36,23.02,59.97,23.25
2010-04-15,0.0,40.59,23.1,62.61,26.82
2010-04-16,0.0,41.44,23.88,55.2,24.08
2010-04-17,0.0,42.52,24.43,50.48,21.37
2010-04-18,0.0,44.04,25.13,51.54,18.55
2010-04-19,0.0,41.78,25.63,56.45,21.4
2010-04-20,0.0,43.59,26.01,59.93,24.05
2010-04-21,0.0,44.23,26.68,53.83,19.18
2010-04-22,0.0,45.05,28.75,50.05,19.3
2010-04-23,0.0,44.22,27.04,62.95,21.51
2010-04-24,0.0,43.79,25.59,62.75,19.29
2010-04-25,0.0,43.77,24.66,55.02,17.06
2010-04-26,0.0,43.0,24.61,68.41,21.03
2010-04-27,0.0,42.59,24.84,71.67,19.27
2010-04-28,0.0,39.99,23.72,78.08,26.33
2010-04-29,0.0,39.9,23.21,78.77,26.61
2010-04-30,0.0,39.93,23.89,77.15,25.78
2010-05-01,0.0,39.68,23.8,78.0,25.37
2010-05-02,0.0,39.26,24.58,64.22,22.29
2010-05-03,0.0,40.08,24.63,63.21,23.94
2010-05-04,0.0,41.56,24.66,70.44,19.04
2010-05-05,0.0,43.25,24.62,60.03,14.57
2010-05-06,0.0,41.97,23.78,62.1,16.79
2010-05-07,0.0,40.32,22.92,67.16,19.92
2010-05-08,0.0,39.85,23.45,69.78,23.99
2010-05-09,0.0,40.67,23.59,70.34,23.35
2010-05-10,0.0,40.98,25.52,61.65,21.48
2010-05-11,0.0,42.36,24.67,68.58,19.68
2010-05-12,0.0,44.1,25.41,60.47,17.97
2010-05-13,0.0,43.58,25.66,59.91,19.07
2010-05-14,0.0,44.18,26.14,55.75,18.78
2010-05-15,0.0,41.9,26.43,64.31,28.37
2010-05-16,0.0,39.31,25.26,68.03,26.54
2010-05-17,0.0,41.72,25.14,58.31,18.99
2010-05-18,0.0,43.33,27.65,59.34,21.76
2010-05-19,0.0,43.54,27.11,71.18,20.86
2010-05-20,0.0,44.18,26.1,77.32,16.39
2010-05-21,0.0,43.42,24.65,71.77,15.71
2010-05-22,0.0,41.83,25.99,71.07,26.63
2010-05-23,0.0,42.01,25.62,74.85,25.77
2010-05-24,0.01,40.58,25.92,68.22,28.51
2010-05-25,0.0,40.44,26.67,68.32,34.58
2010-05-26,0.0,42.93,26.6,68.76,22.94
2010-05-27,0.0,45.06,26.62,68.46,18.86
2010-05-28,0.0,41.51,27.53,80.13,31.36
2010-05-29,0.0,40.81,26.74,84.23,38.28
2010-05-30,0.0,38.23,25.55,90.33,46.04
2010-05-31,0.0,38.17,24.25,89.73,35.94
2010-06-01,0.0,40.51,25.63,70.85,25.48
2010-06-02,0.0,40.44,25.67,71.72,26.9
2010-06-03,0.0,39.69,25.41,69.16,32.11
2010-06-04,0.0,40.66,24.71,67.55,17.77
2010-06-05,0.0,40.96,24.43,68.25,20.9
2010-06-06,1.15,40.41,25.14,75.58,28.03
2010-06-07,17.28,38.7,25.88,83.86,39.66
2010-06-08,0.0,35.56,23.52,96.74,56.64
2010-06-09,0.0,37.65,25.03,92.5,43.09
2010-06-10,0.0,39.68,25.1,81.97,29.94
2010-06-11,0.0,38.85,25.89,74.73,33.86
2010-06-12,5.03,38.66,25.32,92.4,40.14
2010-06-13,4.96,38.4,27.03,91.37,45.86
2010-06-14,0.0,38.4,23.97,96.56,33.49
2010-06-15,0.0,38.35,25.07,73.6,24.72
2010-06-16,0.0,39.04,25.14,71.68,28.78
2010-06-17,0.0,39.9,26.09,66.28,26.56
2010-06-18,0.0,40.21,26.68,64.2,23.46
2010-06-19,1.65,40.55,25.81,73.5,30.44
2010-06-20,2.31,39.99,26.59,86.31,36.5
2010-06-21,0.11,35.8,24.75,94.56,56.57
2010-06-22,0.05,37.4,25.13,89.76,39.19
2010-06-23,14.33,38.5,25.31,96.34,41.18
2010-06-24,18.0,35.41,23.93,96.16,54.54
2010-06-25,6.26,31.47,22.68,99.17,71.09
2010-06-26,0.0,34.64,23.49,97.74,54.24
2010-06-27,0.0,35.64,23.66,94.51,47.68
2010-06-28,0.87,35.52,25.74,96.95,55.16
2010-06-29,12.56,36.42,25.06,98.44,52.2
2010-06-30,0.0,36.47,24.77,96.64,51.58
2010-07-01,0.0,36.5,26.0,88.41,46.84
2010-07-02,10.46,36.13,25.03,90.08,52.74
2010-07-03,0.92,33.41,24.27,95.38,65.2
2010-07-04,3.4,32.39,24.69,96.83,70.06
2010-07-05,0.0,35.16,24.77,97.38,57.8
2010-07-06,0.0,36.25,24.99,95.72,42.31
2010-07-07,4.51,34.82,25.76,88.78,58.02
2010-07-08,1.93,35.37,25.59,95.38,56.24
2010-07-09,0.03,33.14,24.01,97.4,66.15
2010-07-10,9.14,34.83,24.36,95.13,52.88
2010-07-11,4.26,31.88,23.12,97.86,67.06
2010-07-12,8.48,34.29,23.56,98.74,58.69
2010-07-13,4.03,29.25,23.64,98.74,79.03
2010-07-14,0.0,34.83,23.4,98.59,53.77
2010-07-15,32.72,33.03,24.59,96.58,63.88
2010-07-16,0.29,33.08,22.72,99.4,62.32
2010-07-17,3.47,32.92,23.13,93.52,59.27
2010-07-18,7.02,32.08,24.17,97.44,65.55
2010-07-19,25.07,35.16,24.15,94.58,47.43
2010-07-20,6.8,29.47,22.74,99.1,76.85
2010-07-21,0.12,32.93,23.9,95.64,62.3
2010-07-22,0.02,33.69,24.62,96.8,59.13
2010-07-23,0.0,32.77,24.87,97.62,64.22
2010-07-24,5.85,33.16,24.0,91.3,54.89
2010-07-25,8.41,31.02,23.8,97.35,68.88
2010-07-26,5.49,33.93,23.46,98.43,57.77
2010-07-27,13.21,31.64,23.2,98.68,72.28
2010-07-28,17.89,34.21,23.9,98.31,58.26
2010-07-29,19.42,32.0,24.23,96.7,68.89
2010-07-30,4.9,32.72,23.79,96.81,64.57
2010-07-31,7.09,32.95,24.07,98.34,65.66
2010-08-01,0.0,33.47,23.4,95.94,61.86
2010-08-02,6.57,34.37,24.57,97.94,61.11
2010-08-03,0.2,33.21,24.54,98.73,65.74
2010-08-04,0.14,32.18,24.62,98.41,72.1
2010-08-05,6.43,31.12,24.27,98.01,75.63
2010-08-06,0.0,33.58,23.49,94.34,62.01
2010-08-07,0.39,34.57,25.23,93.17,59.89
2010-08-08,1.78,33.03,25.47,94.37,67.05
2010-08-09,9.61,33.27,23.83,98.41,61.12
2010-08-10,0.68,32.1,23.72,97.98,67.55
2010-08-11,10.78,34.48,24.01,98.78,57.22
2010-08-12,0.03,34.26,24.35,92.31,58.17
2010-08-13,23.18,32.88,24.41,99.71,68.27
2010-08-14,43.0,31.23,23.78,98.76,74.72
2010-08-15,2.65,31.55,23.57,98.77,70.6
2010-08-16,5.57,32.4,24.28,99.6,69.17
2010-08-17,27.92,33.35,24.08,99.4,65.8
2010-08-18,28.05,28.87,23.28,99.8,80.1
2010-08-19,0.0,32.19,22.98,98.85,67.91
2010-08-20,2.05,33.39,23.66,98.74,64.29
2010-08-21,36.23,34.32,23.81,92.61,60.32
2010-08-22,0.03,32.16,23.26,98.14,72.72
2010-08-23,1.76,34.07,24.3,99.42,62.8
2010-08-24,15.19,33.17,24.21,97.83,66.52
2010-08-25,21.94,32.72,22.78,98.47,65.17
2010-08-26,0.43,33.46,23.77,99.14,61.48
2010-08-27,0.14,33.43,24.43,93.62,64.12
2010-08-28,0.0,33.81,24.6,95.63,64.19
2010-08-29,0.0,34.14,24.78,96.9,63.25
2010-08-30,0.81,34.91,25.11,94.32,58.87
2010-08-31,61.49,32.67,24.52,99.25,70.77
2010-09-01,7.66,32.25,23.13,99.61,72.99
2010-09-02,5.98,31.52,24.42,99.2,77.14
2010-09-03,1.21,31.42,23.98,97.68,70.91
2010-09-04,19.64,32.78,24.07,96.12,67.22
2010-09-05,9.39,30.43,23.73,99.67,78.91
2010-09-06,5.03,31.52,23.22,99.5,69.33
2010-09-07,0.8,31.59,23.95,94.81,70.17
2010-09-08,4.16,32.12,23.33,98.98,70.44
2010-09-09,10.15,32.11,23.25,98.74,68.38
2010-09-10,55.26,30.89,23.47,99.16,78.34
2010-09-11,6.34,28.71,22.42,99.02,87.47
2010-09-12,4.03,32.81,23.31,97.8,65.39
2010-09-13,2.74,32.92,23.96,92.86,64.69
2010-09-14,3.39,33.63,23.02,98.58,63.59
2010-09-15,0.81,34.95,24.31,99.35,62.21
2010-09-16,2.02,34.27,23.45,98.22,63.92
2010-09-17,8.89,32.99,23.77,97.95,68.45
2010-09-18,20.95,33.2,23.0,99.05,66.85
2010-09-19,56.74,30.33,22.73,99.27,80.87
2010-09-20,25.92,30.57,22.8,99.62,75.29
2010-09-21,12.63,33.34,23.62,98.1,65.37
2010-09-22,7.82,32.99,22.63,99.22,68.74
2010-09-23,13.47,33.13,23.17,99.57,65.3
2010-09-24,0.0,33.0,23.4,99.31,67.3
2010-09-25,0.19,34.65,23.68,99.27,62.67
2010-09-26,5.47,32.75,24.13,96.35,69.48
2010-09-27,0.06,33.49,23.08,98.12,62.72
2010-09-28,21.33,35.23,24.68,94.02,61.27
2010-09-29,0.02,35.07,23.0,98.06,54.99
2010-09-30,23.96,33.03,25.43,98.09,68.11
2010-10-01,1.09,33.7,22.89,98.93,66.52
2010-10-02,0.09,33.98,23.48,97.72,64.07
2010-10-03,0.0,36.45,24.13,98.49,56.54
2010-10-04,0.0,37.31,25.26,98.83,51.25
2010-10-05,0.0,37.19,25.55,97.79,51.78
2010-10-06,0.0,36.09,24.49,97.92,60.24
2010-10-07,2.19,34.74,24.83,98.91,63.28
2010-10-08,0.01,34.66,23.65,97.9,58.74
2010-10-09,0.0,34.16,23.12,88.8,50.82
2010-10-10,0.09,35.58,23.14,87.03,47.87
2010-10-11,0.84,36.05,24.18,89.29,51.69
2010-10-12,0.27,34.13,24.4,98.28,64.8
2010-10-13,0.95,34.0,23.7,99.04,64.82
2010-10-14,2.41,34.08,23.51,98.24,66.07
2010-10-15,0.35,32.45,23.4,98.43,68.26
2010-10-16,0.09,31.34,23.49,98.97,75.2
2010-10-17,7.61,31.95,24.0,98.81,76.83
2010-10-18,0.0,33.56,22.66,98.52,67.82
2010-10-19,0.0,33.19,23.87,98.0,69.85
2010-10-20,17.26,33.96,23.44,98.34,65.37
2010-10-21,0.9,32.47,22.22,98.67,70.65
2010-10-22,0.0,34.46,23.0,98.7,64.3
2010-10-23,0.0,36.74,24.04,97.61,45.58
2010-10-24,0.0,37.94,24.7,79.72,41.03
2010-10-25,0.22,35.41,24.78,98.01,50.06
2010-10-26,0.0,35.6,21.64,97.95,35.45
2010-10-27,0.0,37.56,21.63,70.83,28.6
2010-10-28,1.19,37.7,24.25,71.55,38.97
2010-10-29,0.0,33.75,23.87,97.85,57.96
2010-10-30,0.0,36.18,23.7,96.21,30.33
2010-10-31,0.0,36.89,21.4,67.38,22.17
2010-11-01,0.0,36.91,18.41,63.84,19.78
2010-11-02,0.0,37.33,18.48,66.25,24.65
2010-11-03,0.0,36.85,20.94,78.82,35.54
2010-11-04,0.0,38.58,21.37,82.65,35.76
2010-11-05,0.0,37.95,21.76,83.44,30.31
2010-11-06,0.0,36.04,19.53,76.99,21.85
2010-11-07,0.0,35.92,17.16,71.91,22.79
2010-11-08,0.0,36.84,17.34,74.81,26.39
2010-11-09,0.0,36.6,19.26,79.86,33.36
2010-11-10,0.0,35.34,21.8,84.42,39.69
2010-11-11,0.0,36.28,21.74,73.24,27.85
2010-11-12,0.0,37.99,19.79,65.81,26.11
2010-11-13,0.0,37.16,19.91,65.78,26.68
2010-11-14,0.0,35.44,18.02,67.82,26.98
2010-11-15,0.0,35.53,18.04,77.72,31.9
2010-11-16,0.0,36.28,19.38,82.29,31.22
2010-11-17,0.0,37.72,18.95,85.2,29.42
2010-11-18,0.0,38.75,19.69,71.91,25.31
2010-11-19,0.0,38.07,18.97,66.66,19.43
2010-11-20,0.0,38.03,17.41,65.73,18.35
2010-11-21,0.0,37.87,17.18,61.75,17.73
2010-11-22,0.0,38.14,16.87,64.49,19.43
2010-11-23,0.0,38.25,17.87,64.87,19.98
2010-11-24,0.0,38.56,18.14,66.73,21.65
2010-11-25,0.0,39.12,18.85,65.3,19.32
2010-11-26,0.0,38.72,18.18,65.77,20.63
2010-11-27,0.0,37.52,17.71,70.65,23.3
2010-11-28,0.0,38.36,17.6,74.11,24.01
2010-11-29,0.0,38.0,18.55,95.66,36.83
2010-11-30,0.0,36.68,19.92,96.54,37.08
2010-12-01,0.0,37.83,17.9,84.96,23.92
2010-12-02,0.0,38.56,16.82,68.66,21.32
2010-12-03,0.0,38.69,16.32,71.95,21.39
2010-12-04,0.0,39.06,16.06,76.1,24.05
2010-12-05,0.0,38.97,17.0,82.77,25.6
2010-12-06,0.0,38.75,16.72,77.52,22.4
2010-12-07,0.0,38.64,16.79,76.24,21.27
2010-12-08,0.0,36.58,17.5,85.64,27.78
2010-12-09,0.0,34.01,18.74,90.62,38.03
2010-12-10,0.0,36.45,18.76,79.65,33.58
2010-12-11,0.0,36.6,18.84,71.72,25.8
2010-12-12,0.0,35.53,17.57,73.26,24.62
2010-12-13,0.0,36.04,16.19,70.61,17.96
2010-12-14,0.0,37.1,15.14,66.69,19.77
2010-12-15,0.0,36.97,16.8,73.35,20.77
2010-12-16,0.0,34.37,18.97,61.36,22.09
2010-12-17,0.0,36.52,18.44,69.59,26.1
2010-12-18,0.0,34.43,18.22,68.06,23.29
2010-12-19,0.0,36.89,17.52,67.72,22.38
2010-12-20,0.0,37.75,16.91,66.27,20.08
2010-12-21,0.0,36.67,17.41,67.95,20.49
2010-12-22,0.0,37.08,16.97,68.84,21.72
2010-12-23,0.0,35.81,16.16,80.51,27.18
2010-12-24,0.0,37.54,16.34,74.36,22.57
2010-12-25,0.0,37.36,16.33,64.17,21.59
2010-12-26,0.0,37.34,15.78,70.41,21.4
2010-12-27,0.0,37.68,15.52,66.36,21.7
2010-12-28,0.0,38.26,16.02,63.65,18.12
2010-12-29,0.0,37.47,15.87,60.73,18.2
2010-12-30,0.0,32.78,19.39,49.57,20.4
2010-12-31,0.0,34.24,18.32,48.01,13.84
2011-01-01,0.0,36.25,17.31,37.74,13.86
2011-01-02,0.0,36.67,15.68,42.5,15.89
2011-01-03,0.0,37.13,15.85,47.23,15.03
2011-01-04,0.0,36.16,15.54,45.75,15.9
2011-01-05,0.0,35.12,13.96,50.28,17.03
2011-01-06,0.0,36.38,13.36,53.85,14.95
2011-01-07,0.0,36.26,13.63,53.64,15.99
2011-01-08,0.0,36.77,15.02,49.81,16.94
2011-01-09,0.0,35.47,18.54,38.99,16.29
2011-01-10,0.0,35.45,18.18,36.78,16.49
2011-01-11,0.0,35.47,15.77,42.87,17.06
2011-01-12,0.0,35.02,17.27,33.13,15.62
2011-01-13,0.0,32.73,17.43,37.37,17.21
2011-01-14,0.0,32.32,15.32,42.8,16.18
2011-01-15,0.0,35.26,16.18,46.01,16.42
2011-01-16,0.0,36.53,15.46,50.08,19.05
2011-01-17,0.0,34.4,16.25,53.15,15.32
2011-01-18,0.0,33.16,17.49,39.72,16.85
2011-01-19,0.0,33.41,17.73,37.26,15.68
2011-01-20,0.0,35.64,16.94,40.99,15.95
2011-01-21,0.0,35.6,18.23,45.6,17.41
2011-01-22,0.0,36.07,16.68,50.72,15.95
2011-01-23,0.0,34.58,16.02,53.58,17.18
2011-01-24,0.0,33.59,16.35,63.44,24.5
2011-01-25,0.0,34.04,17.86,65.6,31.15
2011-01-26,0.0,34.14,18.11,73.74,35.07
2011-01-27,0.0,33.65,17.71,73.02,35.2
2011-01-28,0.0,36.58,18.09,68.06,30.56
2011-01-29,0.0,40.36,20.05,64.13,24.07
2011-01-30,0.0,37.55,18.44,73.16,29.32
2011-01-31,0.0,35.01,17.98,87.21,35.92
2011-02-01,0.0,35.01,19.54,75.58,38.67
2011-02-02,0.0,36.89,20.89,64.4,29.45
2011-02-03,0.0,35.38,20.66,66.3,33.3
2011-02-04,0.0,33.65,21.1,40.75,18.53
2011-02-05,0.0,33.65,19.29,25.44,15.72
2011-02-06,0.0,34.65,18.45,26.99,15.32
2011-02-07,0.0,36.13,18.34,31.75,15.1
2011-02-08,0.0,35.5,17.75,35.6,14.43
2011-02-09,0.0,35.36,18.37,34.18,15.84
2011-02-10,0.0,35.28,16.8,40.34,15.4
2011-02-11,0.0,33.91,15.71,38.29,13.44
2011-02-12,0.0,35.14,15.71,35.68,12.35
2011-02-13,0.0,34.08,16.51,29.31,11.9
2011-02-14,0.0,34.29,14.73,35.82,13.84
2011-02-15,0.0,34.84,14.28,32.52,10.71
2011-02-16,0.0,35.66,13.94,32.3,10.57
2011-02-17,0.0,37.04,15.52,45.01,13.42
2011-02-18,0.0,37.59,16.14,48.53,16.72
2011-02-19,0.0,38.41,16.79,53.87,16.38
2011-02-20,0.0,40.49,17.4,42.95,12.87
2011-02-21,0.0,41.69,18.56,35.85,9.62
2011-02-22,0.0,40.97,17.98,45.93,12.6
2011-02-23,0.0,40.36,17.8,45.84,12.83
2011-02-24,0.0,40.16,17.85,41.05,11.93
2011-02-25,0.0,39.72,17.71,39.63,12.59
2011-02-26,0.0,37.96,16.73,37.89,12.61
2011-02-27,0.0,35.91,19.44,26.4,13.1
2011-02-28,0.0,37.67,17.78,33.25,12.51
2011-03-01,0.0,39.31,17.74,38.97,12.38
2011-03-02,0.0,39.64,18.45,39.47,11.63
2011-03-03,0.0,38.38,18.53,41.01,15.31
2011-03-04,0.0,37.15,18.37,43.43,18.19
2011-03-05,0.0,38.3,18.2,41.04,15.47
2011-03-06,0.0,37.96,18.23,48.99,17.09
2011-03-07,0.0,36.26,18.52,68.1,22.95
2011-03-08,0.0,37.0,19.16,60.35,18.54
2011-03-09,0.0,39.33,19.78,47.11,15.6
2011-03-10,0.0,40.06,19.71,49.85,15.2
2011-03-11,0.0,38.7,19.51,58.97,17.89
2011-03-12,0.0,37.58,19.13,59.79,23.95
2011-03-13,0.0,36.88,19.37,57.76,23.86
2011-03-14,0.0,34.91,17.98,61.93,24.69
2011-03-15,0.0,34.62,19.67,57.22,24.45
2011-03-16,0.0,38.97,19.88,44.75,18.94
2011-03-17,0.0,40.47,21.19,37.48,16.64
2011-03-18,0.0,42.41,21.17,42.71,17.38
2011-03-19,0.0,42.81,20.7,54.13,15.42
2011-03-20,0.0,42.35,22.38,54.49,16.72
2011-03-21,0.0,41.71,21.3,74.11,19.33
2011-03-22,0.0,43.5,22.58,52.46,13.29
2011-03-23,0.0,41.31,21.49,51.69,13.68
2011-03-24,0.0,40.86,20.97,56.63,15.91
2011-03-25,0.0,41.82,20.48,58.21,15.62
2011-03-26,0.0,43.33,21.42,50.35,14.49
2011-03-27,0.0,43.16,21.83,50.68,14.85
2011-03-28,0.0,43.92,22.01,54.56,14.25
2011-03-29,0.0,41.87,22.11,71.89,24.12
2011-03-30,0.0,40.96,22.49,75.83,28.15
2011-03-31,0.0,40.25,23.01,73.31,29.39
2011-04-01,0.0,41.92,23.16,72.58,24.87
2011-04-02,0.0,43.6,22.96,78.6,16.12
2011-04-03,0.0,43.42,22.53,70.24,11.2
2011-04-04,0.0,43.05,22.48,58.57,11.43
2011-04-05,0.0,42.21,21.87,69.51,14.37
2011-04-06,0.0,41.47,21.04,58.16,12.85
2011-04-07,0.0,42.57,21.32,49.99,10.45
2011-04-08,0.0,44.46,24.64,45.01,15.39
2011-04-09,0.0,44.16,25.57,55.34,14.09
2011-04-10,0.0,42.28,24.02,79.56,15.27
2011-04-11,0.0,41.76,21.64,82.41,11.54
2011-04-12,0.0,42.52,21.16,60.6,12.15
2011-04-13,0.0,41.06,22.12,67.91,18.5
2011-04-14,0.0,40.99,22.49,64.9,17.28
2011-04-15,0.0,40.19,22.3,55.01,18.47
2011-04-16,0.0,40.93,22.31,58.01,18.26
2011-04-17,0.0,42.07,22.95,58.99,18.7
2011-04-18,0.0,41.3,23.48,54.21,20.15
2011-04-19,0.0,42.09,23.9,59.37,20.02
2011-04-20,0.0,39.91,22.77,65.09,23.92
2011-04-21,0.0,38.37,22.54,60.76,25.06
2011-04-22,0.0,41.56,24.05,57.33,17.99
2011-04-23,0.0,42.86,23.59,47.53,13.64
2011-04-24,0.0,42.7,23.26,44.44,13.63
2011-04-25,0.0,42.97,22.96,59.24,15.82
2011-04-26,0.0,41.77,22.92,63.98,17.88
2011-04-27,0.0,40.83,23.09,57.27,21.48
2011-04-28,0.0,41.06,22.9,64.51,21.48
2011-04-29,0.0,40.16,22.03,59.88,21.15
2011-04-30,0.0,39.35,21.64,67.14,22.76
2011-05-01,0.0,38.19,21.56,59.96,21.27
2011-05-02,0.0,39.76,22.0,64.37,24.17
2011-05-03,0.0,42.12,23.77,60.63,18.11
2011-05-04,0.01,44.67,24.76,55.22,14.94
2011-05-05,0.0,45.11,26.86,47.97,18.54
2011-05-06,0.0,44.3,26.19,55.68,18.31
2011-05-07,0.0,42.0,23.99,66.52,23.34
2011-05-08,0.0,40.78,23.6,72.58,23.32
2011-05-09,0.0,38.44,22.28,69.79,25.8
2011-05-10,0.0,39.7,23.21,69.29,23.85
2011-05-11,0.0,40.29,22.33,73.54,21.87
2011-05-12,0.0,38.83,21.76,72.0,22.92
2011-05-13,0.0,39.23,21.65,71.1,23.29
2011-05-14,0.11,40.42,23.03,69.09,22.72
2011-05-15,0.1,40.25,24.43,60.69,29.65
2011-05-16,0.08,41.87,27.18,63.65,29.93
2011-05-17,0.0,42.7,25.82,73.83,26.59
2011-05-18,0.0,43.07,25.59,77.53,24.75
2011-05-19,0.0,41.35,24.66,81.73,32.25
2011-05-20,0.0,41.98,25.37,77.62,29.87
2011-05-21,0.0,40.81,24.52,78.93,28.54
2011-05-22,0.0,40.1,24.14,78.32,25.86
2011-05-23,0.0,40.71,23.56,75.49,25.37
2011-05-24,0.0,41.51,23.21,80.33,24.07
2011-05-25,0.0,41.3,23.94,79.01,30.42
2011-05-26,0.0,41.66,24.31,84.55,27.14
2011-05-27,0.01,40.37,23.74,85.97,31.82
2011-05-28,0.0,41.44,23.49,86.94,27.86
2011-05-29,0.0,40.44,23.38,82.83,30.5
2011-05-30,0.0,39.93,23.4,83.86,32.96
2011-05-31,6.37,40.08,25.19,87.33,38.68
2011-06-01,8.59,38.63,24.87,89.6,40.68
2011-06-02,0.0,40.13,24.64,90.92,25.48
2011-06-03,0.0,40.07,25.21,77.5,28.96
2011-06-04,0.0,39.66,25.03,83.01,31.78
2011-06-05,0.0,39.55,24.37,76.66,27.6
2011-06-06,0.0,37.81,24.72,69.96,31.32
2011-06-07,0.0,35.83,25.96,61.37,35.55
2011-06-08,0.0,39.45,25.95,62.67,28.47
2011-06-09,0.0,40.76,25.75,71.01,27.84
2011-06-10,0.0,42.64,26.44,68.43,23.04
2011-06-11,0.0,43.11,26.95,73.81,23.63
2011-06-12,0.0,42.56,26.96,80.28,23.97
2011-06-13,0.0,40.07,25.8,77.51,28.3
2011-06-14,0.01,37.14,25.89,71.21,40.18
2011-06-15,0.03,39.43,25.2,77.12,35.18
2011-06-16,0.0,39.73,25.02,70.99,27.59
2011-06-17,0.04,39.66,26.33,70.86,33.08
2011-06-18,0.0,38.43,24.89,86.26,43.44
2011-06-19,0.0,36.56,25.19,86.45,41.31
2011-06-20,0.06,36.93,24.41,80.07,41.41
2011-06-21,1.58,35.58,25.61,80.05,47.76
2011-06-22,0.0,37.79,24.5,93.2,43.48
2011-06-23,0.0,39.22,24.74,82.83,33.85
2011-06-24,0.04,38.64,25.53,81.08,38.76
2011-06-25,13.73,34.35,22.38,97.89,62.8
2011-06-26,1.83,33.97,24.31,95.74,61.72
2011-06-27,3.39,35.4,24.55,96.59,53.7
2011-06-28,0.27,35.41,23.8,95.1,50.07
2011-06-29,0.0,36.52,24.63,92.81,47.52
2011-06-30,0.44,35.59,24.22,90.16,50.56
2011-07-01,13.33,35.21,24.52,92.85,54.53
2011-07-02,8.75,34.34,24.16,97.12,60.99
2011-07-03,0.04,35.97,23.62,98.37,50.13
2011-07-04,0.0,36.46,24.53,86.64,45.62
2011-07-05,0.04,35.67,24.87,89.69,53.63
2011-07-06,0.97,35.77,24.79,93.96,52.72
2011-07-07,0.0,36.49,24.9,87.13,46.43
2011-07-08,0.0,37.57,25.19,78.04,41.26
2011-07-09,0.0,36.79,25.25,81.53,45.16
2011-07-10,0.0,36.06,24.38,86.33,46.62
2011-07-11,0.21,35.63,24.98,83.32,48.8
2011-07-12,5.78,32.4,23.66,97.45,64.81
2011-07-13,0.58,33.27,23.4,96.51,60.87
2011-07-14,0.0,34.99,24.41,94.47,53.01
2011-07-15,0.58,35.54,24.49,92.82,52.97
2011-07-16,10.06,35.73,24.89,97.27,52.69
2011-07-17,0.68,31.49,23.48,98.91,70.17
2011-07-18,7.37,34.16,24.54,97.51,59.5
2011-07-19,0.03,32.95,24.78,98.5,66.91
2011-07-20,0.03,35.25,25.08,98.09,56.67
2011-07-21,0.0,34.98,24.29,98.79,55.36
2011-07-22,0.0,35.67,24.9,93.6,52.49
2011-07-23,0.0,36.95,24.43,83.3,38.42
2011-07-24,0.0,36.43,23.94,81.89,45.5
2011-07-25,26.89,36.07,25.18,90.05,49.99
2011-07-26,0.26,33.68,23.51,94.72,61.26
2011-07-27,3.15,33.49,24.04,99.2,63.09
2011-07-28,0.0,32.96,23.38,98.86,60.41
2011-07-29,1.17,35.45,24.69,96.69,56.14
2011-07-30,1.87,35.09,25.02,93.35,57.3
2011-07-31,0.0,35.16,24.33,93.54,55.43
2011-08-01,2.79,34.73,24.88,91.39,56.45
2011-08-02,9.79,31.82,23.55,97.62,68.57
2011-08-03,27.4,32.35,22.95,98.46,71.77
2011-08-04,5.82,34.43,23.33,98.99,58.9
2011-08-05,0.0,32.59,24.33,97.39,68.15
2011-08-06,0.19,34.13,24.28,98.32,59.18
2011-08-07,0.01,33.71,24.86,96.04,58.78
2011-08-08,19.79,34.7,24.75,97.23,56.55
2011-08-09,0.06,33.25,23.52,98.83,62.52
2011-08-10,2.0,33.84,24.24,98.52,67.31
2011-08-11,13.29,34.02,24.15,98.82,61.8
2011-08-12,0.0,33.22,24.02,96.25,66.52
2011-08-13,0.0,33.76,25.05,94.58,60.44
2011-08-14,1.9,32.48,24.71,95.08,66.93
2011-08-15,0.09,34.23,23.93,95.31,58.16
2011-08-16,22.58,33.21,24.58,97.26,65.35
2011-08-17,2.37,31.05,23.21,98.65,74.57
2011-08-18,23.48,31.99,23.49,98.32,70.05
2011-08-19,9.94,30.91,23.82,98.35,71.95
2011-08-20,15.83,31.9,23.4,97.66,68.33
2011-08-21,26.22,32.02,23.55,97.42,66.91
2011-08-22,0.94,32.78,23.62,97.45,62.93
2011-08-23,0.0,32.76,23.45,96.53,63.47
2011-08-24,35.46,31.66,23.57,98.76,70.6
2011-08-25,29.61,29.39,22.66,98.61,79.26
2011-08-26,19.42,29.45,22.95,99.12,79.56
2011-08-27,4.88,33.21,23.63,98.82,63.66
2011-08-28,0.31,34.42,23.64,98.25,61.33
2011-08-29,11.78,34.07,24.23,98.36,61.7
2011-08-30,0.02,31.93,23.24,98.14,68.99
2011-08-31,4.28,34.73,23.95,99.17,59.29
2011-09-01,35.52,33.99,23.69,98.44,67.95
2011-09-02,10.54,33.83,22.18,99.28,60.94
2011-09-03,0.25,34.37,23.83,99.57,62.49
2011-09-04,0.0,34.1,24.87,97.3,63.58
2011-09-05,0.23,35.17,24.59,98.27,62.16
2011-09-06,6.2,33.69,25.24,97.15,68.36
2011-09-07,0.15,32.95,23.68,98.42,67.89
2011-09-08,0.0,34.75,23.7,97.5,58.33
2011-09-09,0.0,34.49,24.54,96.13,59.32
2011-09-10,0.0,35.23,24.27,90.72,56.15
2011-09-11,27.63,33.54,23.22,98.31,67.14
2011-09-12,30.87,33.58,22.76,98.0,66.25
2011-09-13,0.0,32.3,22.56,98.71,67.85
2011-09-14,0.04,34.5,23.71,98.49,60.46
2011-09-15,0.29,33.81,23.17,98.2,62.31
2011-09-16,0.98,32.17,24.01,98.94,71.64
2011-09-17,2.13,34.63,23.81,98.85,62.17
2011-09-18,1.16,34.14,23.44,98.08,63.61
2011-09-19,1.22,31.23,24.1,98.52,76.16
2011-09-20,0.68,32.71,23.66,98.55,68.88
2011-09-21,0.0,35.19,23.62,98.08,57.77
2011-09-22,0.18,34.59,24.76,96.82,64.11
2011-09-23,0.74,32.49,23.8,97.35,67.5
2011-09-24,5.81,34.09,24.1,98.54,63.58
2011-09-25,2.19,34.1,23.88,97.45,64.9
2011-09-26,0.04,34.9,23.88,98.86,62.29
2011-09-27,0.0,34.42,23.89,97.63,65.72
2011-09-28,0.37,34.59,24.6,97.81,61.07
2011-09-29,14.52,33.77,22.98,98.2,64.26
2011-09-30,7.96,30.53,22.32,98.45,72.89
2011-10-01,7.79,31.05,22.34,99.06,73.45
2011-10-02,0.34,32.39,22.74,98.02,68.97
2011-10-03,0.0,33.77,22.5,97.47,63.59
2011-10-04,0.0,35.13,23.55,97.97,60.03
2011-10-05,0.0,36.24,23.59,97.34,52.9
2011-10-06,0.0,37.41,25.22,90.75,44.13
2011-10-07,0.0,38.39,25.41,84.97,40.82
2011-10-08,0.0,37.66,25.05,93.35,45.53
2011-10-09,0.0,35.36,24.17,97.14,59.38
2011-10-10,0.07,37.75,23.36,96.82,40.28
2011-10-11,0.0,37.02,24.87,95.94,46.66
2011-10-12,0.17,37.4,24.38,95.47,45.55
2011-10-13,0.01,34.95,23.81,95.66,57.65
2011-10-14,0.02,36.13,23.43,93.15,44.82
2011-10-15,1.0,37.0,25.12,81.35,50.33
2011-10-16,0.02,37.85,25.71,82.25,45.63
2011-10-17,4.53,35.8,24.26,97.64,54.65
2011-10-18,0.0,35.16,21.95,98.31,48.31
2011-10-19,0.0,37.09,23.68,75.95,28.93
2011-10-20,0.0,37.0,22.86,75.42,27.87
2011-10-21,0.0,37.17,23.02,77.72,33.95
2011-10-22,0.1,34.92,23.45,98.13,51.3
2011-10-23,0.06,34.76,22.36,96.55,39.73
2011-10-24,0.0,36.66,22.46,70.26,32.12
2011-10-25,0.0,37.7,23.2,71.58,31.49
2011-10-26,0.0,36.74,24.01,81.08,41.85
2011-10-27,0.0,37.92,23.72,92.2,39.7
2011-10-28,0.0,39.28,24.71,87.98,34.59
2011-10-29,0.37,37.82,25.05,86.16,43.6
2011-10-30,2.63,36.04,23.72,96.21,52.25
2011-10-31,0.0,36.89,23.21,94.61,46.79
2011-11-01,0.0,37.37,22.17,97.47,46.37
2011-11-02,0.0,37.52,22.68,95.31,45.83
2011-11-03,0.0,36.92,22.7,97.27,47.39
2011-11-04,0.0,36.8,22.23,97.45,42.4
2011-11-05,0.0,39.37,20.49,87.35,26.67
2011-11-06,0.0,39.07,20.48,85.73,34.52
2011-11-07,0.0,38.76,20.77,88.06,31.49
2011-11-08,0.0,38.73,20.11,74.86,23.1
2011-11-09,0.0,38.81,19.26,59.6,19.63
2011-11-10,0.0,39.09,18.67,57.34,19.96
2011-11-11,0.0,38.24,18.7,75.25,23.06
2011-11-12,0.0,36.2,19.33,89.14,31.8
2011-11-13,0.0,37.89,18.75,84.86,28.88
2011-11-14,0.0,39.17,19.53,75.51,26.54
2011-11-15,0.0,39.09,20.12,73.62,18.33
2011-11-16,0.0,39.17,17.42,60.64,17.92
2011-11-17,0.0,38.21,18.41,80.02,29.44
2011-11-18,0.0,38.74,19.46,90.25,28.94
2011-11-19,0.0,39.32,19.5,89.27,25.92
2011-11-20,0.0,39.22,19.27,77.26,18.98
2011-11-21,0.0,36.96,18.62,59.86,22.65
2011-11-22,0.0,37.54,18.0,63.19,22.37
2011-11-23,0.0,37.46,17.33,63.54,22.21
2011-11-24,0.0,36.84,16.78,63.84,21.33
2011-11-25,0.0,36.98,16.67,62.16,20.99
2011-11-26,0.0,36.69,17.55,56.9,19.57
2011-11-27,0.0,35.64,17.66,56.98,21.38
2011-11-28,0.0,36.55,18.02,55.14,18.81
2011-11-29,0.0,36.33,18.8,51.43,18.29
2011-11-30,0.0,37.03,17.13,52.82,17.17
2011-12-01,0.0,36.92,16.61,54.11,18.55
2011-12-02,0.0,36.73,16.99,54.02,19.13
2011-12-03,0.0,36.18,14.94,61.78,15.57
2011-12-04,0.0,36.38,14.19,56.74,15.73
2011-12-05,0.0,36.18,14.15,57.49,18.36
2011-12-06,0.0,35.64,14.86,62.22,18.87
2011-12-07,0.0,35.93,15.22,54.75,18.7
2011-12-08,0.0,36.03,15.12,53.51,16.86
2011-12-09,0.0,36.11,14.76,55.01,15.31
2011-12-10,0.0,36.99,14.99,52.22,17.63
2011-12-11,0.0,36.57,15.53,57.88,16.48
2011-12-12,0.0,36.58,16.25,57.44,14.74
2011-12-13,0.0,35.98,16.11,51.58,14.73
2011-12-14,0.0,35.56,16.6,44.58,14.54
2011-12-15,0.0,34.7,15.05,38.55,14.26
2011-12-16,0.0,34.0,16.78,38.77,14.9
2011-12-17,0.0,36.06,14.61,42.98,12.58
2011-12-18,0.0,34.94,13.16,45.87,14.71
2011-12-19,0.0,34.77,13.78,49.21,14.51
2011-12-20,0.0,36.0,12.92,52.7,13.98
2011-12-21,0.0,35.59,16.03,41.25,12.02
2011-12-22,0.0,32.94,16.24,35.11,13.92
2011-12-23,0.0,34.06,13.45,37.23,13.64
2011-12-24,0.0,33.4,13.4,42.41,14.16
2011-12-25,0.0,34.7,12.98,43.81,13.37
2011-12-26,0.0,34.37,13.98,47.94,15.53
2011-12-27,0.0,33.93,14.69,50.13,17.71
2011-12-28,0.0,35.61,13.66,54.03,14.32
2011-12-29,0.0,32.89,17.5,37.53,16.48
2011-12-30,0.0,31.09,16.64,29.95,16.46
2011-12-31,0.0,29.25,15.62,31.89,18.36
2012-01-01,0.0,29.3,14.33,34.65,17.77
2012-01-02,0.0,32.68,14.62,39.96,16.76
2012-01-03,0.0,34.94,16.15,34.71,15.65
2012-01-04,0.0,34.68,16.53,35.04,13.96
2012-01-05,0.0,35.59,16.63,35.97,15.4
2012-01-06,0.0,36.12,17.28,42.21,16.14
2012-01-07,0.0,35.83,16.18,47.44,17.43
2012-01-08,0.0,36.23,15.94,43.7,15.68
2012-01-09,0.0,36.79,15.8,41.27,13.86
2012-01-10,0.0,37.96,15.35,47.76,12.34
2012-01-11,0.0,38.34,15.98,42.81,12.19
2012-01-12,0.0,38.9,15.85,47.36,11.83
2012-01-13,0.0,38.77,16.02,49.0,10.25
2012-01-14,0.0,37.89,17.38,31.79,10.43
2012-01-15,0.0,37.46,17.81,26.87,10.87
2012-01-16,0.0,36.56,17.57,28.65,10.13
2012-01-17,0.0,38.03,16.75,38.58,12.65
2012-01-18,0.0,37.35,18.8,37.7,16.22
2012-01-19,0.0,34.39,15.75,50.4,18.61
2012-01-20,0.0,28.73,15.36,43.15,21.97
2012-01-21,0.0,28.2,13.14,49.89,23.89
2012-01-22,0.0,30.38,13.45,45.5,21.86
2012-01-23,0.0,33.05,15.65,36.35,17.39
2012-01-24,0.0,34.74,17.32,35.02,17.06
2012-01-25,0.0,35.13,16.79,40.39,16.0
2012-01-26,0.0,33.8,14.47,38.61,15.83
2012-01-27,0.0,34.05,12.75,40.88,15.91
2012-01-28,0.0,36.92,14.75,41.39,13.03
2012-01-29,0.0,36.82,15.18,44.82,14.04
2012-01-30,0.0,35.58,19.13,32.84,13.07
2012-01-31,0.0,37.03,18.09,37.94,12.12
2012-02-01,0.0,37.21,19.02,36.27,12.5
2012-02-02,0.0,36.26,20.27,32.43,17.51
2012-02-03,0.0,38.06,19.71,44.92,14.45
2012-02-04,0.0,37.86,19.3,36.07,14.28
2012-02-05,0.0,33.3,18.9,36.86,18.5
2012-02-06,0.0,31.31,19.12,41.69,18.26
2012-02-07,0.0,31.1,16.7,21.48,10.24
2012-02-08,0.0,31.53,18.22,28.08,13.85
2012-02-09,0.0,33.99,16.84,27.16,7.62
2012-02-10,0.0,36.02,17.27,28.23,9.56
2012-02-11,0.0,35.93,16.36,40.05,11.78
2012-02-12,0.0,35.45,18.33,29.41,12.03
2012-02-13,0.0,34.25,19.47,24.2,12.24
2012-02-14,0.0,35.87,17.96,28.22,12.35
2012-02-15,0.0,34.77,19.11,26.18,13.52
2012-02-16,0.0,38.04,19.05,32.15,12.51
2012-02-17,0.0,37.12,18.99,35.06,14.64
2012-02-18,0.0,33.61,16.77,56.38,21.0
2012-02-19,0.0,35.85,15.66,73.06,15.72
2012-02-20,0.0,36.98,15.63,49.62,13.85
2012-02-21,0.0,36.88,17.22,41.53,13.31
2012-02-22,0.0,35.52,19.09,24.15,11.79
2012-02-23,0.0,35.03,17.73,30.33,10.78
2012-02-24,0.0,36.49,17.53,27.15,10.66
2012-02-25,0.0,37.66,18.97,23.38,9.4
2012-02-26,0.0,39.03,19.17,22.4,8.4
2012-02-27,0.0,41.51,18.23,28.51,8.53
2012-02-28,0.0,41.59,18.89,38.85,11.07
2012-02-29,0.0,41.45,18.85,36.06,9.55
2012-03-01,0.0,41.19,19.71,38.35,10.07
2012-03-02,0.0,39.51,21.43,26.64,10.4
2012-03-03,0.0,38.82,20.89,21.91,9.47
2012-03-04,0.0,38.59,20.11,22.75,7.94
2012-03-05,0.0,40.09,18.61,27.97,8.6
2012-03-06,0.0,40.09,20.07,37.79,13.43
2012-03-07,0.0,40.13,19.67,60.51,13.54
2012-03-08,0.0,41.43,19.8,36.47,9.91
2012-03-09,0.0,41.07,19.88,33.88,9.56
2012-03-10,0.0,40.35,21.46,24.27,9.73
2012-03-11,0.0,39.67,20.8,28.5,10.01
2012-03-12,0.0,39.36,21.05,26.59,11.29
2012-03-13,0.0,39.89,18.52,26.77,10.06
2012-03-14,0.0,41.0,20.21,29.21,12.4
2012-03-15,0.0,41.6,20.34,42.43,9.43
2012-03-16,0.0,42.33,21.2,45.99,12.9
2012-03-17,0.0,42.48,20.48,52.67,12.95
2012-03-18,0.0,42.87,23.52,38.33,9.73
2012-03-19,0.0,43.17,25.6,31.57,11.19
2012-03-20,0.0,42.56,22.66,62.65,12.86
2012-03-21,0.0,40.51,22.41,45.11,17.21
2012-03-22,0.0,37.68,20.83,63.85,23.32
2012-03-23,0.0,38.55,20.2,56.85,15.15
2012-03-24,0.0,38.61,21.63,45.36,17.4
2012-03-25,0.0,38.41,19.54,68.26,21.86
2012-03-26,0.0,37.31,18.28,76.47,24.59
2012-03-27,0.0,35.35,18.67,83.24,29.92
2012-03-28,0.0,32.01,20.41,87.65,39.85
2012-03-29,0.0,33.76,19.63,93.35,51.06
2012-03-30,0.0,39.5,22.28,79.8,28.11
2012-03-31,0.0,40.6,22.42,56.27,21.42
2012-04-01,0.0,40.08,21.68,62.37,20.81
2012-04-02,0.0,38.9,21.26,64.2,17.17
2012-04-03,0.0,37.83,20.6,55.03,17.7
2012-04-04,0.0,38.29,21.43,55.66,16.28
2012-04-05,0.0,40.59,22.02,41.32,13.93
2012-04-06,0.0,41.52,21.93,44.31,12.25
2012-04-07,0.0,41.56,23.64,42.36,12.49
2012-04-08,0.0,40.43,22.41,53.24,16.73
2012-04-09,0.0,43.24,22.39,49.09,13.26
2012-04-10,0.0,42.69,25.88,40.88,17.03
2012-04-11,0.0,39.63,24.39,65.17,28.07
2012-04-12,0.0,40.27,24.43,69.41,26.11
2012-04-13,0.0,40.59,25.32,50.97,25.79
2012-04-14,0.0,41.01,24.45,73.2,21.18
2012-04-15,0.0,43.42,24.98,37.53,12.54
2012-04-16,0.0,42.24,23.06,34.97,7.96
2012-04-17,0.0,41.76,23.49,35.61,10.5
2012-04-18,0.0,39.57,21.76,49.08,14.38
2012-04-19,0.0,38.56,19.56,57.82,16.48
2012-04-20,0.0,40.05,20.69,60.91,18.28
2012-04-21,0.0,40.63,20.99,68.99,18.27
2012-04-22,0.0,42.6,22.94,57.03,15.65
2012-04-23,0.0,44.67,25.81,53.28,13.85
2012-04-24,0.0,44.05,24.82,52.84,15.2
2012-04-25,0.0,42.23,23.22,58.58,17.39
2012-04-26,0.0,41.32,22.54,63.95,20.86
2012-04-27,0.0,41.01,22.51,65.96,16.38
2012-04-28,0.0,42.93,22.45,59.7,14.13
2012-04-29,0.0,42.6,27.42,50.55,17.89
2012-04-30,0.0,43.62,26.65,53.36,17.95
2012-05-01,0.0,42.83,26.61,56.44,20.21
2012-05-02,0.0,44.07,26.25,55.74,13.3
2012-05-03,0.0,43.19,24.99,61.43,16.65
2012-05-04,0.0,44.74,24.62,53.38,13.97
2012-05-05,0.0,42.69,24.64,60.22,19.37
2012-05-06,0.0,42.62,24.51,66.73,19.74
2012-05-07,0.0,44.4,23.55,71.58,14.26
2012-05-08,0.0,45.47,24.93,59.83,12.74
2012-05-09,0.0,42.34,23.78,65.69,17.41
2012-05-10,0.0,40.27,22.89,78.13,26.48
2012-05-11,0.0,40.03,23.63,79.23,26.62
2012-05-12,0.0,41.32,23.86,75.62,22.21
2012-05-13,0.0,41.63,22.82,75.43,22.74
2012-05-14,0.0,38.77,23.92,79.33,31.22
2012-05-15,0.0,38.69,22.99,81.1,28.99
2012-05-16,0.0,40.07,23.36,81.69,25.5
2012-05-17,0.02,38.58,24.55,77.63,33.23
2012-05-18,3.32,40.8,25.91,76.62,33.31
2012-05-19,0.07,37.7,23.39,88.04,38.65
2012-05-20,0.05,41.36,24.12,77.84,26.31
2012-05-21,0.0,39.57,25.09,83.06,38.84
2012-05-22,0.0,37.85,23.2,93.36,41.82
2012-05-23,0.0,39.58,24.33,87.16,27.79
2012-05-24,0.0,40.65,24.66,69.18,26.48
2012-05-25,0.0,39.33,24.64,79.28,32.36
2012-05-26,0.0,39.73,25.09,84.55,32.88
2012-05-27,0.0,41.87,24.82,82.0,23.37
2012-05-28,0.0,42.82,24.74,69.65,15.7
2012-05-29,0.0,40.02,23.27,77.54,19.66
2012-05-30,0.0,40.56,22.01,78.8,19.15
2012-05-31,0.0,41.82,23.95,68.98,21.43
2012-06-01,0.0,40.58,24.21,71.67,22.49
2012-06-02,0.58,38.99,24.43,72.39,30.51
2012-06-03,0.22,39.57,25.36,73.04,31.5
2012-06-04,0.0,40.5,25.85,81.09,31.9
2012-06-05,0.0,40.22,25.05,85.28,35.67
2012-06-06,0.0,39.63,24.6,80.74,27.34
2012-06-07,0.0,40.21,24.6,72.75,23.48
2012-06-08,0.0,40.35,24.37,74.61,26.38
2012-06-09,0.0,40.69,26.14,76.43,30.65
2012-06-10,0.0,40.56,25.58,81.0,34.22
2012-06-11,0.0,39.98,25.21,79.4,31.18
2012-06-12,0.04,38.17,25.56,85.16,39.73
2012-06-13,0.0,36.7,24.5,86.48,43.14
2012-06-14,0.0,37.82,24.56,87.35,39.77
2012-06-15,0.0,38.41,24.36,84.4,32.91
2012-06-16,0.0,39.79,25.44,74.42,34.14
2012-06-17,0.0,38.42,26.1,82.83,42.4
2012-06-18,0.31,37.67,25.71,85.29,42.28
2012-06-19,9.69,38.47,25.27,81.14,39.06
2012-06-20,0.0,36.84,23.55,92.58,43.64
2012-06-21,0.0,38.98,24.78,83.99,33.52
2012-06-22,0.0,40.04,25.93,69.81,30.4
2012-06-23,0.0,37.82,26.15,81.14,42.23
2012-06-24,2.68,34.47,25.42,91.86,53.79
2012-06-25,4.97,35.95,24.61,95.26,48.01
2012-06-26,20.41,37.85,24.24,84.7,38.27
2012-06-27,6.71,37.15,24.02,81.98,39.47
2012-06-28,0.0,36.21,24.16,88.41,45.95
2012-06-29,30.38,36.43,25.3,91.17,47.65
2012-06-30,0.0,34.19,22.62,96.99,57.06
2012-07-01,0.0,34.55,24.82,91.94,56.29
2012-07-02,14.91,33.66,23.66,96.01,60.05
2012-07-03,0.03,31.95,23.14,97.28,64.14
2012-07-04,1.15,34.16,24.08,96.19,55.94
2012-07-05,0.03,34.36,23.59,93.45,55.63
2012-07-06,7.38,35.24,24.36,92.45,50.05
2012-07-07,7.18,31.94,23.95,96.85,70.91
2012-07-08,1.97,33.33,23.69,96.61,59.46
2012-07-09,0.01,34.22,24.17,95.57,59.73
2012-07-10,0.02,34.59,24.27,94.88,52.97
2012-07-11,10.84,35.54,23.79,93.84,50.25
2012-07-12,4.16,33.55,24.02,94.81,62.0
2012-07-13,0.51,33.14,23.6,94.99,62.75
2012-07-14,34.46,35.13,24.92,91.34,55.07
2012-07-15,1.33,32.13,23.27,98.47,65.42
2012-07-16,0.76,33.43,23.82,96.66,59.6
2012-07-17,0.85,33.38,23.9,98.33,62.22
2012-07-18,0.0,33.91,24.16,96.56,59.45
2012-07-19,26.99,33.53,24.75,96.75,61.54
2012-07-20,0.46,32.67,23.43,97.12,63.22
2012-07-21,8.03,29.14,23.67,98.7,76.5
2012-07-22,0.0,32.77,23.46,98.7,64.03
2012-07-23,20.14,32.59,24.49,97.1,66.27
2012-07-24,0.04,32.58,23.47,97.59,63.4
2012-07-25,0.06,33.88,24.16,93.94,58.92
2012-07-26,0.12,33.86,24.58,96.02,61.48
2012-07-27,31.35,32.77,24.73,96.66,68.56
2012-07-28,0.46,32.32,23.05,96.06,61.37
2012-07-29,0.19,34.27,24.48,94.84,57.75
2012-07-30,1.61,32.86,24.63,95.76,65.7
2012-07-31,2.2,33.17,24.7,96.35,63.27
2012-08-01,11.91,30.78,23.42,97.64,72.62
2012-08-02,0.0,33.23,23.85,97.7,63.21
2012-08-03,0.0,33.65,24.01,94.67,60.24
2012-08-04,41.86,33.33,24.14,99.0,63.89
2012-08-05,3.42,33.33,23.29,98.39,61.53
2012-08-06,1.05,33.21,23.66,97.23,62.04
2012-08-07,0.0,33.35,23.91,95.51,62.6
2012-08-08,0.02,34.73,24.23,91.28,59.74
2012-08-09,11.57,31.35,23.9,89.25,63.84
2012-08-10,2.25,32.83,23.11,93.23,63.58
2012-08-11,11.69,33.67,23.96,94.42,62.43
2012-08-12,11.66,32.08,23.29,95.97,69.5
2012-08-13,12.11,32.85,23.18,97.77,66.91
2012-08-14,6.39,31.12,23.85,98.14,71.87
2012-08-15,10.99,32.97,23.86,98.56,64.78
2012-08-16,0.51,33.41,23.58,99.04,65.96
2012-08-17,1.68,30.26,23.44,97.72,75.9
2012-08-18,13.01,29.07,23.24,96.69,77.01
2012-08-19,0.0,33.98,23.46,98.6,59.5
2012-08-20,0.06,33.31,24.98,95.42,63.42
2012-08-21,4.91,31.75,24.19,97.28,70.4
2012-08-22,11.51,29.68,23.9,97.85,80.12
2012-08-23,8.59,32.01,22.63,98.36,65.39
2012-08-24,0.5,32.2,23.78,96.65,66.27
2012-08-25,28.96,32.27,23.08,98.76,68.82
2012-08-26,3.55,30.86,23.15,97.86,77.17
2012-08-27,14.75,33.66,23.86,97.85,64.02
2012-08-28,20.99,34.0,23.47,97.65,61.61
2012-08-29,0.0,33.41,22.94,93.2,61.23
2012-08-30,3.89,33.98,24.01,92.69,60.25
2012-08-31,24.51,32.39,24.35,96.59,69.25
2012-09-01,13.13,31.37,23.57,98.33,74.75
2012-09-02,26.04,31.36,22.94,98.59,70.45
2012-09-03,0.19,31.67,23.33,98.22,69.38
2012-09-04,11.58,33.06,23.72,97.42,64.98
2012-09-05,28.34,32.55,23.71,97.02,67.95
2012-09-06,41.38,32.23,23.51,98.95,68.47
2012-09-07,1.26,31.68,23.42,98.09,67.74
2012-09-08,0.0,33.35,23.27,98.37,63.83
2012-09-09,0.5,34.44,24.09,93.94,60.03
2012-09-10,0.01,32.73,23.03,97.88,69.12
2012-09-11,1.59,35.27,24.59,98.14,58.9
2012-09-12,1.22,33.26,23.38,96.85,67.48
2012-09-13,0.0,33.7,24.4,97.53,67.52
2012-09-14,0.0,34.64,24.43,97.72,60.96
2012-09-15,0.44,33.65,23.22,96.63,61.06
2012-09-16,0.0,34.99,24.64,93.34,61.03
2012-09-17,14.05,35.92,24.33,93.19,54.24
2012-09-18,2.07,31.23,23.51,96.97,74.98
2012-09-19,4.03,30.48,22.93,97.64,72.62
2012-09-20,4.75,31.4,22.6,98.52,68.58
2012-09-21,6.92,31.76,22.96,98.35,71.0
2012-09-22,0.63,31.38,22.56,98.34,72.24
2012-09-23,16.41,34.23,23.55,96.66,60.48
2012-09-24,6.8,31.96,23.09,98.2,69.09
2012-09-25,0.36,33.78,23.07,96.61,62.04
2012-09-26,0.01,34.87,23.97,97.99,64.84
2012-09-27,31.51,34.61,24.59,97.79,65.81
2012-09-28,18.61,33.13,22.8,98.33,66.35
2012-09-29,0.77,31.29,22.78,98.01,72.96
2012-09-30,10.02,34.33,23.44,97.82,58.28
2012-10-01,0.0,35.11,22.57,98.14,54.99
2012-10-02,0.0,37.12,24.45,91.32,52.5
2012-10-03,1.01,35.44,24.19,98.28,61.4
2012-10-04,0.32,33.83,22.88,97.99,68.33
2012-10-05,0.0,33.64,22.64,97.15,66.82
2012-10-06,0.12,35.76,23.94,96.19,59.13
2012-10-07,7.13,36.27,23.8,97.55,53.53
2012-10-08,0.0,35.04,22.63,96.17,60.73
2012-10-09,0.0,34.62,23.61,96.29,63.23
2012-10-10,3.97,34.17,24.25,97.4,65.08
2012-10-11,0.06,33.14,23.02,97.62,71.73
2012-10-12,0.0,34.96,24.38,96.99,63.2
2012-10-13,0.0,35.73,24.01,97.48,55.32
2012-10-14,0.0,35.87,24.12,94.64,55.67
2012-10-15,0.0,36.06,24.29,97.23,54.69
2012-10-16,0.03,36.64,24.8,92.4,53.28
2012-10-17,0.0,36.43,24.03,92.92,44.77
2012-10-18,0.02,35.71,24.02,93.21,48.2
2012-10-19,0.0,34.74,22.88,86.75,46.89
2012-10-20,24.26,35.58,23.07,78.85,45.33
2012-10-21,0.13,33.75,22.88,90.23,54.34
2012-10-22,0.0,36.38,24.68,78.83,45.14
2012-10-23,0.0,36.27,23.68,95.98,52.85
2012-10-24,0.0,37.45,24.45,90.58,47.96
2012-10-25,0.0,38.22,23.99,92.48,43.3
2012-10-26,0.0,38.36,25.11,89.25,39.41
2012-10-27,0.08,37.48,24.06,90.0,45.36
2012-10-28,0.0,36.85,23.91,95.27,49.44
2012-10-29,0.01,36.77,24.58,93.32,50.58
2012-10-30,0.0,37.35,24.16,91.91,42.22
2012-10-31,0.0,37.28,24.1,93.85,47.8
2012-11-01,0.0,37.51,21.74,96.9,44.74
2012-11-02,0.0,39.05,22.11,89.54,38.72
2012-11-03,0.0,39.49,22.33,76.11,31.73
2012-11-04,0.0,37.68,22.32,95.83,50.2
2012-11-05,0.0,36.42,22.12,97.36,54.79
2012-11-06,0.0,37.82,22.16,97.09,47.98
2012-11-07,0.0,38.3,21.93,94.03,44.06
2012-11-08,0.0,38.76,22.31,89.69,33.98
2012-11-09,0.0,37.61,21.64,88.46,44.44
2012-11-10,1.28,37.5,22.1,96.27,55.64
2012-11-11,0.0,35.99,21.93,95.39,54.41
2012-11-12,0.0,37.53,21.81,94.33,43.01
2012-11-13,0.0,37.36,21.39,91.06,45.43
2012-11-14,0.0,37.05,21.43,88.17,45.63
2012-11-15,0.0,37.69,20.47,84.06,33.47
2012-11-16,0.0,38.72,21.54,76.53,27.76
2012-11-17,0.0,39.57,20.48,71.29,24.73
2012-11-18,0.0,39.2,20.46,65.88,27.67
2012-11-19,0.0,37.95,21.52,85.35,38.05
2012-11-20,0.0,37.63,21.02,87.55,35.5
2012-11-21,0.0,37.13,20.38,79.15,30.2
2012-11-22,0.0,38.36,20.18,72.72,27.71
2012-11-23,0.0,37.68,19.39,65.57,28.22
2012-11-24,0.0,34.81,19.36,72.26,35.51
2012-11-25,0.0,35.94,19.32,83.1,38.46
2012-11-26,0.0,35.32,19.27,93.43,41.16
2012-11-27,0.0,35.91,20.11,80.26,35.3
2012-11-28,0.0,36.83,21.08,71.12,33.75
2012-11-29,0.0,35.86,20.99,71.46,35.06
2012-11-30,0.0,36.31,21.77,66.24,31.76
2012-12-01,0.0,32.09,18.41,61.14,33.75
2012-12-02,0.0,31.06,17.18,67.42,33.3
2012-12-03,0.0,29.39,17.84,60.18,37.52
2012-12-04,0.0,29.28,15.83,63.92,27.35
2012-12-05,0.0,28.45,15.81,46.92,25.04
2012-12-06,0.0,32.75,15.06,51.15,21.93
2012-12-07,0.0,34.69,15.02,51.38,21.95
2012-12-08,0.0,35.87,15.77,51.5,17.3
2012-12-09,0.0,34.93,15.01,51.44,18.21
2012-12-10,0.0,35.61,15.33,53.45,18.76
2012-12-11,0.0,36.28,15.31,59.82,20.2
2012-12-12,0.0,35.91,15.51,53.17,18.94
2012-12-13,0.0,32.49,14.6,79.55,24.51
2012-12-14,0.0,35.14,14.74,56.49,18.92
2012-12-15,0.0,33.63,15.19,43.25,17.21
2012-12-16,0.0,34.12,15.7,37.87,17.31
2012-12-17,0.0,31.96,14.47,40.91,16.38
2012-12-18,0.0,35.61,15.79,49.28,16.18
2012-12-19,0.0,36.51,15.43,58.5,16.93
2012-12-20,0.0,37.65,16.65,56.98,16.16
2012-12-21,0.0,36.32,16.41,42.09,15.06
2012-12-22,0.0,36.23,14.89,50.73,15.9
2012-12-23,0.0,37.09,15.39,58.4,17.88
2012-12-24,0.0,35.89,16.89,66.87,20.8
2012-12-25,0.0,36.81,16.67,58.11,16.22
2012-12-26,0.0,36.65,15.91,55.75,14.65
2012-12-27,0.0,35.76,15.5,46.16,15.28
2012-12-28,0.0,35.61,14.48,45.62,14.82
2012-12-29,0.0,32.83,15.09,38.24,16.37
2012-12-30,0.0,30.42,13.44,40.0,17.35
2012-12-31,0.0,31.37,13.21,37.61,13.66
2013-01-01,0.0,32.55,13.34,46.96,16.55
2013-01-02,0.0,34.58,14.54,45.74,16.95
2013-01-03,0.0,34.56,14.15,41.57,16.43
2013-01-04,0.0,34.36,16.25,35.92,15.39
2013-01-05,0.0,30.47,14.11,38.49,18.64
2013-01-06,0.0,31.22,14.96,40.37,20.68
2013-01-07,0.0,33.46,11.77,53.68,18.29
2013-01-08,0.0,34.41,13.3,45.46,17.06
2013-01-09,0.0,35.26,15.23,45.65,19.03
2013-01-10,0.0,35.76,16.56,48.26,19.55
2013-01-11,0.0,36.44,17.01,47.94,17.21
2013-01-12,0.0,37.85,17.03,41.29,15.81
2013-01-13,0.0,38.6,17.5,41.16,14.56
2013-01-14,0.0,37.49,16.49,45.08,14.17
2013-01-15,0.0,36.64,15.71,40.74,11.89
2013-01-16,0.0,34.36,15.72,31.73,12.64
2013-01-17,0.0,32.79,15.04,30.76,14.29
2013-01-18,0.0,33.32,15.0,36.65,11.59
2013-01-19,0.0,33.27,13.75,35.5,10.59
2013-01-20,0.0,34.48,13.89,37.41,10.14
2013-01-21,0.0,35.54,13.45,47.96,11.09
2013-01-22,0.0,35.58,16.58,57.67,17.86
2013-01-23,0.0,35.15,18.05,51.99,23.56
2013-01-24,0.0,35.28,16.93,56.57,21.36
2013-01-25,0.26,30.03,19.25,56.13,26.99
2013-01-26,0.03,29.4,18.32,81.97,40.79
2013-01-27,0.0,33.63,15.85,84.62,30.34
2013-01-28,0.0,35.16,14.91,80.69,26.67
2013-01-29,0.0,36.52,16.26,55.54,20.83
2013-01-30,0.0,36.78,17.35,43.97,14.54
2013-01-31,0.0,38.77,18.03,41.12,16.29
2013-02-01,0.0,38.74,21.39,35.07,13.77
2013-02-02,0.0,38.17,19.76,31.02,12.78
2013-02-03,0.0,37.37,18.09,36.36,12.66
2013-02-04,0.0,38.52,18.48,37.76,11.42
2013-02-05,0.0,38.99,18.95,33.49,11.84
2013-02-06,0.0,37.43,20.53,27.78,10.94
2013-02-07,0.0,37.44,18.67,29.72,10.15
2013-02-08,0.0,38.95,17.9,32.58,8.55
2013-02-09,0.0,38.97,18.95,33.71,9.71
2013-02-10,0.0,38.13,19.21,39.62,11.87
2013-02-11,0.0,40.24,19.36,46.73,12.17
2013-02-12,0.0,39.0,19.3,59.09,15.87
2013-02-13,0.0,40.68,18.36,60.26,11.97
2013-02-14,0.0,41.66,18.45,40.73,9.11
2013-02-15,0.0,40.49,17.84,34.5,9.73
2013-02-16,0.0,39.75,18.26,38.21,10.41
2013-02-17,0.0,39.62,17.61,48.83,10.7
2013-02-18,0.0,40.05,17.72,46.04,11.61
2013-02-19,0.0,38.7,17.85,33.44,10.54
2013-02-20,0.0,37.81,16.73,45.75,12.24
2013-02-21,0.0,38.49,17.1,39.35,11.82
2013-02-22,0.0,38.3,16.7,44.08,15.56
2013-02-23,0.0,39.89,18.19,44.1,12.28
2013-02-24,0.0,40.34,18.7,38.84,10.89
2013-02-25,0.0,40.83,18.3,40.44,11.05
2013-02-26,0.0,40.58,19.61,38.79,11.61
2013-02-27,0.0,37.39,18.25,60.81,17.07
2013-02-28,0.0,38.43,17.97,57.89,17.76
2013-03-01,0.0,39.62,19.27,54.52,14.96
2013-03-02,0.0,40.34,21.37,42.38,15.46
2013-03-03,0.0,41.49,20.43,54.26,15.92
2013-03-04,0.0,39.15,20.13,56.57,20.78
2013-03-05,0.0,36.51,19.01,80.04,30.15
2013-03-06,0.0,38.09,19.28,81.27,26.77
2013-03-07,0.0,42.64,20.91,57.65,16.63
2013-03-08,0.0,43.76,22.36,50.14,15.18
2013-03-09,0.0,43.43,22.05,60.3,17.39
2013-03-10,0.0,43.93,22.52,51.85,14.01
2013-03-11,0.0,43.89,22.93,44.53,13.19
2013-03-12,0.0,42.43,22.15,61.09,19.36
2013-03-13,0.0,42.41,21.54,73.64,16.04
2013-03-14,0.0,43.32,21.95,48.65,10.5
2013-03-15,0.0,42.98,21.09,49.11,11.28
2013-03-16,0.0,41.72,22.43,46.37,13.05
2013-03-17,0.0,40.54,21.43,49.34,16.78
2013-03-18,0.0,39.34,20.4,68.18,24.01
2013-03-19,0.0,38.37,20.35,69.86,21.91
2013-03-20,0.0,41.54,21.34,64.57,17.12
2013-03-21,0.0,44.83,22.61,53.01,12.7
2013-03-22,0.0,42.66,22.77,57.9,17.18
2013-03-23,0.0,40.99,21.77,73.01,20.62
2013-03-24,0.0,43.52,22.91,52.33,15.92
2013-03-25,0.0,43.22,23.18,48.08,15.14
2013-03-26,0.0,42.74,23.14,41.98,12.84
2013-03-27,0.0,40.6,22.17,40.94,12.41
2013-03-28,0.0,42.3,20.84,52.21,11.35
2013-03-29,0.0,44.38,22.58,31.27,8.92
2013-03-30,0.0,43.89,22.63,45.44,11.05
2013-03-31,0.0,44.4,21.63,37.77,9.6
2013-04-01,0.0,42.41,22.16,56.42,13.11
2013-04-02,0.0,41.43,22.39,71.06,15.42
2013-04-03,0.0,40.64,20.26,72.78,16.58
2013-04-04,0.0,39.83,20.94,60.68,15.32
2013-04-05,0.0,41.3,21.07,45.16,12.04
2013-04-06,0.0,43.18,22.63,35.71,10.46
2013-04-07,0.0,42.27,23.59,52.96,15.55
2013-04-08,0.0,39.9,23.4,47.51,16.81
2013-04-09,0.0,38.89,20.83,53.81,16.49
2013-04-10,0.0,41.9,21.96,40.84,12.03
2013-04-11,0.0,43.25,22.85,39.95,12.58
2013-04-12,0.0,43.65,23.47,53.26,14.75
2013-04-13,0.0,43.05,22.82,66.35,17.14
2013-04-14,0.0,42.01,21.74,77.2,19.2
2013-04-15,0.0,44.1,22.12,69.55,12.61
2013-04-16,0.0,44.23,22.18,61.36,13.54
2013-04-17,0.0,43.32,22.68,63.32,16.56
2013-04-18,0.0,40.89,21.66,71.14,20.55
2013-04-19,0.0,38.89,20.51,72.13,25.85
2013-04-20,0.0,38.32,19.79,79.12,25.9
2013-04-21,0.0,40.23,20.62,71.54,21.61
2013-04-22,0.0,42.57,21.32,71.06,17.44
2013-04-23,0.0,42.88,22.02,66.72,14.85
2013-04-24,0.0,38.57,21.03,78.87,28.97
2013-04-25,0.0,40.35,20.74,78.67,22.85
2013-04-26,0.0,40.28,21.81,86.3,26.61
2013-04-27,0.0,41.56,22.14,80.58,20.84
2013-04-28,0.0,42.74,22.25,78.43,17.22
2013-04-29,0.0,42.57,22.75,60.91,15.78
2013-04-30,0.0,40.68,21.95,65.1,17.01
2013-05-01,0.0,40.0,21.82,61.74,17.06
2013-05-02,0.0,42.52,22.76,43.3,13.18
2013-05-03,0.0,43.19,23.41,38.84,12.0
2013-05-04,0.0,43.19,23.61,39.92,11.47
2013-05-05,0.0,44.14,24.45,33.62,10.82
2013-05-06,0.0,43.87,24.58,49.43,15.57
2013-05-07,0.0,43.9,23.9,66.01,16.36
2013-05-08,0.0,42.78,23.11,68.86,17.74
2013-05-09,0.0,42.68,23.67,74.16,21.83
2013-05-10,0.0,42.18,23.93,76.75,21.5
2013-05-11,0.0,40.01,23.4,80.54,26.49
2013-05-12,0.0,39.99,22.52,78.75,26.23
2013-05-13,0.0,42.17,22.79,80.07,23.09
2013-05-14,0.0,41.31,23.59,82.39,26.47
2013-05-15,0.0,44.08,23.69,77.91,14.77
2013-05-16,0.0,40.69,24.05,68.0,22.95
2013-05-17,0.0,39.14,23.47,71.43,24.61
2013-05-18,0.0,41.42,24.14,61.98,19.39
2013-05-19,0.0,42.76,25.89,63.5,21.96
2013-05-20,0.0,42.72,25.44,66.81,24.55
2013-05-21,0.0,42.39,25.64,75.31,25.28
2013-05-22,0.0,40.98,26.14,76.32,32.97
2013-05-23,0.0,41.92,25.96,79.35,26.32
2013-05-24,0.0,42.14,26.56,83.84,31.0
2013-05-25,0.0,42.2,26.32,82.49,31.0
2013-05-26,0.0,41.01,26.48,81.2,34.05
2013-05-27,0.0,40.64,25.4,88.92,32.4
2013-05-28,0.0,41.23,25.53,84.37,28.91
2013-05-29,0.0,41.08,25.67,81.1,34.41
2013-05-30,0.0,42.96,25.78,84.15,22.53
2013-05-31,10.66,41.2,26.02,80.55,31.12
2013-06-01,2.51,39.0,25.91,84.01,37.8
2013-06-02,1.47,37.46,24.5,92.38,42.82
2013-06-03,0.0,38.57,24.19,77.05,27.84
2013-06-04,0.0,37.29,23.66,74.98,28.71
2013-06-05,0.0,38.57,24.59,66.25,29.36
2013-06-06,0.0,39.96,25.1,72.21,28.95
2013-06-07,1.53,40.02,25.19,78.35,31.01
2013-06-08,1.16,38.16,24.94,83.78,39.35
2013-06-09,0.0,37.54,24.67,88.97,42.36
2013-06-10,0.0,39.77,25.36,77.21,29.8
2013-06-11,17.62,38.5,25.4,85.52,41.78
2013-06-12,0.0,35.87,24.0,89.56,48.78
2013-06-13,0.0,38.92,25.14,87.52,34.84
2013-06-14,0.0,38.08,25.02,84.16,40.59
2013-06-15,0.0,38.84,25.7,84.17,37.25
2013-06-16,0.14,38.13,25.73,81.11,38.03
2013-06-17,0.0,38.57,25.37,81.55,35.43
2013-06-18,0.22,37.96,25.47,83.52,42.07
2013-06-19,0.0,38.32,24.87,85.88,38.09
2013-06-20,0.0,40.11,25.16,81.62,29.55
2013-06-21,0.0,39.84,25.78,79.44,32.46
2013-06-22,0.0,39.24,25.3,79.57,31.05
2013-06-23,0.0,39.71,25.5,78.36,29.63
2013-06-24,0.0,40.62,25.65,77.97,29.93
2013-06-25,0.0,39.02,25.74,81.89,32.75
2013-06-26,1.56,37.96,24.93,78.37,37.66
2013-06-27,0.0,38.23,25.42,81.48,42.11
2013-06-28,0.02,36.14,24.53,85.32,41.91
2013-06-29,2.0,37.23,25.28,71.19,37.49
2013-06-30,17.27,37.59,25.05,87.0,40.52
2013-07-01,0.23,36.19,23.24,93.93,48.5
2013-07-02,0.01,32.11,23.74,95.73,68.12
2013-07-03,21.26,35.55,24.39,95.07,53.24
2013-07-04,0.03,35.17,23.17,96.08,53.34
2013-07-05,0.0,34.56,25.11,90.69,55.5
2013-07-06,0.7,34.3,25.48,92.09,56.2
2013-07-07,2.41,34.71,24.88,91.46,56.19
2013-07-08,5.84,34.28,23.83,94.97,56.19
2013-07-09,0.0,33.58,24.0,96.55,58.89
2013-07-10,46.63,34.15,24.37,94.81,51.71
2013-07-11,0.0,33.68,22.19,96.51,52.33
2013-07-12,4.72,34.37,22.74,86.87,46.78
2013-07-13,0.0,35.33,24.82,87.56,50.81
2013-07-14,0.1,35.45,24.94,92.0,51.09
2013-07-15,0.0,36.59,24.91,85.54,44.13
2013-07-16,13.71,36.22,25.37,88.92,48.32
2013-07-17,0.0,35.03,24.53,96.54,55.28
2013-07-18,0.0,34.35,24.94,94.87,57.12
2013-07-19,0.0,34.99,24.62,91.84,52.86
2013-07-20,25.29,35.27,25.29,93.26,54.46
2013-07-21,1.26,31.73,23.42,97.85,70.16
2013-07-22,0.06,33.86,24.12,97.4,59.15
2013-07-23,0.04,32.4,23.75,95.76,61.6
2013-07-24,0.0,35.24,24.25,96.19,53.95
2013-07-25,4.88,33.73,25.1,90.68,59.31
2013-07-26,2.22,35.02,24.56,95.32,56.79
2013-07-27,0.0,33.28,23.86,96.87,61.21
2013-07-28,0.15,34.37,24.2,93.18,57.29
2013-07-29,0.0,34.8,24.69,93.78,53.54
2013-07-30,0.0,33.72,25.21,92.61,58.26
2013-07-31,17.13,33.96,24.6,96.35,58.13
2013-08-01,7.95,32.19,23.35,97.11,64.41
2013-08-02,12.57,32.53,23.56,97.19,60.97
2013-08-03,0.73,32.35,22.91,96.72,65.52
2013-08-04,0.0,34.16,23.44,94.65,60.75
2013-08-05,0.0,34.57,24.09,95.8,58.25
2013-08-06,13.95,33.63,24.51,97.58,62.38
2013-08-07,5.86,33.31,23.82,97.81,68.04
2013-08-08,0.01,33.64,23.95,94.5,63.61
2013-08-09,6.07,32.27,24.28,96.46,66.85
2013-08-10,3.16,32.3,24.08,96.71,66.8
2013-08-11,7.57,31.94,23.76,95.74,66.95
2013-08-12,34.9,32.24,23.57,98.27,67.63
2013-08-13,2.66,32.95,23.48,98.17,65.01
2013-08-14,0.97,31.67,23.87,96.67,60.1
2013-08-15,0.0,33.4,22.96,95.48,60.21
2013-08-16,12.46,31.54,23.4,95.54,72.53
2013-08-17,0.05,34.21,23.82,95.43,58.72
2013-08-18,16.51,31.77,24.62,96.06,72.53
2013-08-19,10.38,31.77,23.75,94.94,71.95
2013-08-20,1.08,32.11,23.16,97.5,66.46
2013-08-21,0.46,32.64,23.13,98.72,64.78
2013-08-22,23.58,34.18,23.93,95.3,60.44
2013-08-23,0.0,34.68,23.64,98.18,59.34
2013-08-24,15.53,35.4,24.74,96.78,57.28
2013-08-25,8.78,28.83,22.94,98.56,83.72
2013-08-26,2.72,34.08,23.59,98.66,61.42
2013-08-27,10.41,32.78,24.46,97.59,67.93
2013-08-28,1.77,33.76,23.05,97.29,62.57
2013-08-29,35.86,31.92,24.49,95.44,67.08
2013-08-30,3.51,29.05,22.7,98.01,76.31
2013-08-31,0.16,30.35,22.25,92.52,66.74
2013-09-01,0.0,34.1,21.83,95.34,56.97
2013-09-02,0.0,35.08,24.06,90.75,54.78
2013-09-03,0.23,34.16,24.69,94.89,59.86
2013-09-04,50.5,31.28,23.71,96.46,75.57
2013-09-05,2.05,33.35,21.83,98.61,61.08
2013-09-06,35.29,30.36,22.68,97.56,74.47
2013-09-07,7.01,31.67,22.65,97.01,70.89
2013-09-08,7.52,32.3,23.25,96.95,66.22
2013-09-09,0.43,30.71,22.98,96.55,74.13
2013-09-10,0.27,33.41,22.87,96.45,62.97
2013-09-11,0.0,34.23,23.44,95.85,59.14
2013-09-12,1.63,34.99,24.15,92.2,57.14
2013-09-13,12.78,35.08,24.03,94.31,58.22
2013-09-14,14.28,31.99,23.23,97.94,69.52
2013-09-15,2.32,31.98,23.41,97.76,69.0
2013-09-16,1.33,32.52,23.02,97.12,68.05
2013-09-17,3.4,32.56,23.71,97.32,68.61
2013-09-18,8.03,34.3,24.18,95.53,63.37
2013-09-19,16.38,33.33,23.53,95.76,66.9
2013-09-20,0.0,31.99,22.71,96.41,67.45
2013-09-21,0.0,34.31,23.27,95.54,59.66
2013-09-22,1.75,35.1,24.16,95.47,56.43
2013-09-23,0.0,35.01,23.65,96.32,58.34
2013-09-24,0.0,34.62,24.58,96.38,60.14
2013-09-25,0.0,35.17,24.74,91.53,58.73
2013-09-26,2.94,34.85,24.02,96.67,60.54
2013-09-27,1.02,32.98,23.09,96.35,65.85
2013-09-28,0.05,33.26,22.21,95.03,64.34
2013-09-29,0.0,35.31,23.12,97.8,56.56
2013-09-30,0.0,35.85,23.94,96.38,55.63
2013-10-01,0.82,34.84,24.21,97.78,64.75
2013-10-02,0.0,36.5,24.09,96.85,53.42
2013-10-03,2.53,37.63,24.28,96.68,45.49
2013-10-04,0.0,34.97,23.98,91.3,61.49
2013-10-05,0.0,36.12,23.65,95.92,55.71
2013-10-06,12.85,35.88,23.87,97.46,58.36
2013-10-07,0.24,33.19,22.53,98.36,68.7
2013-10-08,0.0,34.83,22.37,98.0,60.03
2013-10-09,0.01,34.86,23.72,98.37,56.1
2013-10-10,0.0,35.67,22.98,97.89,42.83
2013-10-11,7.59,35.03,23.5,94.18,57.06
2013-10-12,0.0,35.59,23.55,96.96,53.37
2013-10-13,3.6,37.3,24.43,96.78,52.33
2013-10-14,0.02,37.06,23.11,96.18,50.84
2013-10-15,0.0,36.17,24.03,97.13,57.85
2013-10-16,2.29,36.88,24.04,96.0,53.08
2013-10-17,0.0,33.43,23.08,96.87,67.28
2013-10-18,0.01,34.64,23.79,96.97,61.28
2013-10-19,0.02,36.68,23.19,96.08,44.86
2013-10-20,0.0,36.99,23.89,94.0,51.82
2013-10-21,0.48,36.02,24.45,97.32,57.48
2013-10-22,0.0,35.06,22.09,96.54,58.28
2013-10-23,0.33,34.62,22.56,93.13,59.25
2013-10-24,0.0,36.95,22.97,97.17,44.12
2013-10-25,0.0,36.39,24.14,90.55,48.7
2013-10-26,0.0,34.56,24.37,95.93,59.16
2013-10-27,1.93,34.06,22.87,97.12,60.67
2013-10-28,0.0,33.91,22.17,97.42,57.33
2013-10-29,0.0,35.77,23.22,96.42,47.74
2013-10-30,0.0,37.18,23.87,71.78,27.39
2013-10-31,0.0,35.72,23.66,63.9,30.58
2013-11-01,0.01,36.68,21.6,70.46,33.39
2013-11-02,0.0,34.34,22.29,73.39,42.59
2013-11-03,0.0,35.72,20.71,75.14,35.0
2013-11-04,0.0,38.76,20.22,64.86,25.88
2013-11-05,0.0,39.23,21.09,74.35,31.04
2013-11-06,0.0,39.27,21.44,75.95,28.26
2013-11-07,0.0,38.52,21.17,82.55,32.68
2013-11-08,0.0,38.48,21.21,81.33,28.7
2013-11-09,0.0,38.8,20.3,73.52,27.23
2013-11-10,0.0,39.76,20.54,67.39,23.54
2013-11-11,0.0,39.68,20.04,65.13,20.32
2013-11-12,0.0,39.59,19.4,65.76,21.82
2013-11-13,0.0,38.44,20.63,82.87,27.56
2013-11-14,0.0,38.0,19.61,88.87,30.13
2013-11-15,0.0,37.38,19.67,91.65,36.0
2013-11-16,0.0,36.93,20.27,97.49,36.6
2013-11-17,0.0,35.61,21.03,67.01,26.5
2013-11-18,0.0,34.17,20.24,62.66,27.18
2013-11-19,0.0,34.14,20.01,62.74,27.38
2013-11-20,0.04,34.48,20.14,57.51,28.03
2013-11-21,0.0,31.21,19.83,66.12,30.92
2013-11-22,0.0,35.52,19.62,46.86,20.49
2013-11-23,0.0,35.84,18.68,54.45,21.01
2013-11-24,0.0,37.45,18.59,55.55,21.41
2013-11-25,0.0,37.04,17.39,63.62,24.02
2013-11-26,0.0,35.49,16.98,76.56,28.81
2013-11-27,0.0,36.73,17.58,81.54,28.83
2013-11-28,0.0,37.36,17.96,83.81,27.98
2013-11-29,0.0,40.1,19.68,63.91,24.82
2013-11-30,0.0,39.38,20.87,66.31,23.28
2013-12-01,0.0,37.81,19.45,76.52,36.21
2013-12-02,0.0,38.34,20.48,97.39,37.68
2013-12-03,0.0,39.34,20.24,94.61,30.21
2013-12-04,0.0,38.96,19.52,80.9,30.04
2013-12-05,0.0,38.23,20.1,73.76,28.89
2013-12-06,0.0,38.43,19.11,64.48,22.96
2013-12-07,0.0,37.94,18.73,60.31,23.68
2013-12-08,0.0,37.1,16.95,69.96,21.81
2013-12-09,0.0,36.89,16.31,62.14,20.68
2013-12-10,0.0,36.25,16.58,60.48,21.74
2013-12-11,0.0,34.62,15.94,52.51,17.94
2013-12-12,0.0,34.87,14.2,55.56,20.37
2013-12-13,0.0,34.05,14.9,62.84,23.47
2013-12-14,0.0,33.69,15.83,67.2,25.12
2013-12-15,0.0,32.8,15.29,64.92,26.6
2013-12-16,0.0,33.51,15.92,61.3,29.96
2013-12-17,0.23,34.18,19.28,59.18,23.94
2013-12-18,0.0,34.49,17.0,44.84,14.14
2013-12-19,0.0,33.7,17.82,35.18,13.49
2013-12-20,0.0,33.43,17.9,39.14,15.45
2013-12-21,0.0,33.58,13.5,48.71,18.89
2013-12-22,0.0,33.87,13.93,46.41,17.31
2013-12-23,0.0,31.96,13.83,41.69,18.0
2013-12-24,0.0,32.97,13.11,50.77,21.15
2013-12-25,0.0,31.99,14.69,43.2,17.72
2013-12-26,0.0,29.79,16.25,68.79,18.57
2013-12-27,0.0,35.07,16.86,45.75,17.57
2013-12-28,0.0,37.46,15.06,50.52,14.58
2013-12-29,0.0,36.85,14.91,54.12,16.0
2013-12-30,0.0,34.78,14.75,68.83,23.97
2013-12-31,0.0,34.47,13.93,70.53,23.53
2014-01-01,0.0,35.96,14.17,57.85,17.21
2014-01-02,0.0,35.8,15.42,51.56,20.58
2014-01-03,0.0,36.61,16.28,49.09,19.78
2014-01-04,0.0,36.57,16.34,44.26,16.95
2014-01-05,0.0,36.64,15.64,52.83,15.96
2014-01-06,0.0,35.9,14.1,48.64,15.06
2014-01-07,0.0,36.19,15.52,50.19,15.14
2014-01-08,0.0,37.61,17.24,46.2,15.94
2014-01-09,0.0,37.25,18.61,43.19,15.6
2014-01-10,0.0,33.02,18.05,68.54,32.31
2014-01-11,0.0,33.33,15.51,55.8,23.41
2014-01-12,0.0,37.68,15.79,57.06,17.38
2014-01-13,0.0,40.78,17.8,49.84,13.66
2014-01-14,0.0,40.53,17.84,46.76,13.41
2014-01-15,0.0,39.11,16.97,48.15,15.4
2014-01-16,0.0,37.72,15.34,44.76,13.92
2014-01-17,0.0,34.0,14.54,70.65,20.99
2014-01-18,0.0,35.0,15.34,65.97,24.49
2014-01-19,0.0,34.96,14.73,64.28,22.5
2014-01-20,0.0,36.17,14.97,54.2,20.64
2014-01-21,0.0,36.55,15.19,52.14,19.56
2014-01-22,0.0,35.93,16.53,53.46,21.5
2014-01-23,0.0,35.52,15.23,53.27,19.52
2014-01-24,0.0,35.56,15.02,50.49,19.0
2014-01-25,0.0,33.17,16.32,56.48,26.38
2014-01-26,0.0,38.72,17.15,53.86,18.09
2014-01-27,0.0,38.92,17.85,54.35,14.58
2014-01-28,0.0,38.68,17.99,36.56,14.49
2014-01-29,0.0,39.81,17.96,45.1,15.71
2014-01-30,0.0,38.46,17.22,52.45,15.85
2014-01-31,0.0,33.99,17.44,46.31,18.17
2014-02-01,0.0,33.55,15.69,47.62,14.9
2014-02-02,0.0,35.54,14.86,44.92,12.95
2014-02-03,0.0,36.06,15.67,36.66,12.32
2014-02-04,0.0,36.31,15.25,41.47,14.25
2014-02-05,0.0,37.49,16.12,42.06,13.62
2014-02-06,0.0,38.81,17.45,37.83,12.38
2014-02-07,0.0,39.27,18.32,35.53,12.1
2014-02-08,0.0,39.5,18.03,37.92,11.42
2014-02-09,0.0,39.2,17.88,37.41,11.1
2014-02-10,0.0,39.16,16.19,34.79,10.11
2014-02-11,0.0,38.56,17.1,32.56,9.93
2014-02-12,0.0,38.41,16.45,40.93,10.83
2014-02-13,0.0,38.36,17.04,36.52,11.12
2014-02-14,0.0,37.99,16.93,31.65,11.35
2014-02-15,0.0,37.82,16.68,33.76,10.72
2014-02-16,0.0,31.82,16.42,69.37,17.21
2014-02-17,0.0,31.53,13.76,58.88,22.45
2014-02-18,0.0,33.75,15.18,51.89,18.53
2014-02-19,0.0,35.27,16.85,46.1,18.17
2014-02-20,0.0,36.74,18.53,43.03,14.93
2014-02-21,0.0,38.84,18.23,35.42,12.02
2014-02-22,0.0,39.54,18.96,37.96,11.84
2014-02-23,0.0,39.49,18.07,41.1,11.65
2014-02-24,0.0,39.43,17.97,36.19,10.3
2014-02-25,0.0,39.0,17.15,34.09,9.69
2014-02-26,0.0,39.29,17.18,30.77,9.53
2014-02-27,0.0,38.13,17.92,28.83,7.91
2014-02-28,0.0,36.53,20.86,25.68,10.16
2014-03-01,0.0,36.66,20.05,22.78,10.31
2014-03-02,0.0,37.07,16.94,29.92,10.72
2014-03-03,0.0,38.03,17.4,26.75,9.44
2014-03-04,0.0,39.62,17.12,35.61,7.18
2014-03-05,0.0,39.96,16.95,41.51,8.71
2014-03-06,0.0,39.54,17.91,49.79,10.7
2014-03-07,0.0,36.93,18.08,69.31,18.06
2014-03-08,0.0,35.43,19.02,68.25,24.3
2014-03-09,0.0,36.86,18.17,66.17,18.47
2014-03-10,0.0,37.25,18.37,59.3,21.24
2014-03-11,0.0,36.75,18.84,62.27,20.94
2014-03-12,0.0,38.15,18.95,62.27,18.6
2014-03-13,0.0,40.68,19.68,44.12,13.23
2014-03-14,0.0,42.94,20.66,36.76,13.24
2014-03-15,0.0,42.81,21.93,38.92,12.78
2014-03-16,0.0,43.22,22.92,40.3,10.66
2014-03-17,0.0,41.83,22.18,34.18,10.24
2014-03-18,0.0,40.81,20.64,28.65,9.4
2014-03-19,0.0,41.24,19.13,32.54,10.11
2014-03-20,0.0,42.04,20.44,31.12,10.14
2014-03-21,0.0,41.97,19.93,33.44,9.23
2014-03-22,0.0,41.34,19.8,43.72,11.75
2014-03-23,0.0,40.71,19.41,39.47,10.81
2014-03-24,0.0,41.36,20.51,40.77,8.87
2014-03-25,0.0,41.41,19.9,52.27,12.0
2014-03-26,0.0,42.01,20.15,54.84,12.44
2014-03-27,0.0,42.09,21.64,44.14,9.68
2014-03-28,0.0,42.27,21.44,46.88,10.29
2014-03-29,0.0,38.98,19.34,57.63,13.84
2014-03-30,0.0,39.35,19.18,47.09,14.41
2014-03-31,0.0,40.48,19.8,55.49,15.09
2014-04-01,0.0,39.74,20.4,56.04,16.83
2014-04-02,0.0,39.01,20.46,59.27,17.4
2014-04-03,0.0,41.38,21.7,46.89,12.16
2014-04-04,0.0,44.86,23.7,41.3,12.61
2014-04-05,0.0,44.91,23.88,43.61,13.96
2014-04-06,0.0,43.34,22.46,50.04,10.53
2014-04-07,0.0,41.36,21.47,47.61,12.75
2014-04-08,0.0,38.32,18.12,62.22,16.17
2014-04-09,0.0,38.44,18.62,76.06,22.67
2014-04-10,0.0,39.14,19.2,70.71,19.37
2014-04-11,0.0,40.79,19.76,62.18,18.37
2014-04-12,0.0,38.93,19.77,73.25,22.52
2014-04-13,0.0,39.85,18.97,66.85,18.42
2014-04-14,0.0,41.97,21.99,56.06,16.84
2014-04-15,0.0,44.06,23.18,55.47,12.24
2014-04-16,0.0,42.54,22.97,67.19,19.28
2014-04-17,0.0,43.42,22.9,70.61,19.74
2014-04-18,0.0,44.76,22.79,74.11,14.51
2014-04-19,0.0,43.24,22.9,79.4,21.85
2014-04-20,0.0,43.16,22.74,79.44,19.59
2014-04-21,0.0,44.11,22.17,73.4,15.2
2014-04-22,0.0,44.63,23.64,64.06,17.27
2014-04-23,0.0,43.18,23.9,68.1,22.43
2014-04-24,0.0,42.0,24.42,73.73,24.91
2014-04-25,0.0,44.63,23.35,65.33,15.4
2014-04-26,0.0,44.52,23.0,67.46,15.73
2014-04-27,0.0,42.48,22.2,79.41,21.34
2014-04-28,0.0,42.39,22.04,80.83,20.23
2014-04-29,0.0,41.26,22.58,72.74,22.67
2014-04-30,0.0,41.86,22.55,83.56,21.16
2014-05-01,0.0,41.27,22.39,72.14,19.37
2014-05-02,0.0,40.79,21.79,67.97,18.53
2014-05-03,0.0,41.38,21.97,68.74,19.46
2014-05-04,0.0,39.17,22.27,73.58,26.41
2014-05-05,0.0,38.25,21.86,77.12,28.91
2014-05-06,0.0,38.68,22.25,73.93,23.46
2014-05-07,0.0,39.93,23.0,66.09,20.87
2014-05-08,0.0,41.57,23.25,69.97,19.19
2014-05-09,0.0,42.95,24.06,60.19,19.12
2014-05-10,0.0,42.51,23.83,70.39,22.25
2014-05-11,0.0,41.42,23.96,76.29,31.01
2014-05-12,0.0,40.89,24.47,74.02,30.57
2014-05-13,0.0,41.37,23.96,75.99,26.76
2014-05-14,0.0,40.34,23.58,67.4,26.73
2014-05-15,0.0,40.84,24.05,70.96,28.2
2014-05-16,0.0,41.42,24.4,72.58,27.19
2014-05-17,0.0,40.66,24.5,77.05,28.77
2014-05-18,0.0,39.56,23.62,78.45,30.26
2014-05-19,0.83,39.23,23.94,82.71,39.49
2014-05-20,1.45,40.43,24.94,71.71,31.27
2014-05-21,0.01,36.79,23.34,84.08,37.69
2014-05-22,0.0,43.28,24.31,55.56,16.13
2014-05-23,0.0,44.03,25.06,58.28,16.04
2014-05-24,0.01,45.15,25.0,56.45,14.73
2014-05-25,0.05,41.1,25.59,68.85,27.41
2014-05-26,0.0,38.74,24.1,74.9,28.98
2014-05-27,0.0,40.64,24.79,71.54,27.84
2014-05-28,0.0,45.06,25.07,71.84,17.44
2014-05-29,0.0,43.27,26.11,69.41,22.45
2014-05-30,0.0,41.48,25.69,82.12,29.11
2014-05-31,3.44,41.63,25.97,78.61,30.76
2014-06-01,0.0,38.27,24.71,83.98,39.91
2014-06-02,10.07,38.21,24.29,93.93,41.12
2014-06-03,0.0,39.36,25.0,88.87,29.38
2014-06-04,0.0,39.29,23.89,76.32,29.77
2014-06-05,0.0,39.19,26.17,75.49,33.61
2014-06-06,2.4,39.1,26.31,80.9,34.86
2014-06-07,0.0,39.59,25.54,76.33,34.61
2014-06-08,0.0,40.19,26.03,87.32,37.53
2014-06-09,0.0,38.99,25.99,82.68,34.59
2014-06-10,0.9,38.72,25.88,81.8,39.88
2014-06-11,1.48,38.75,26.36,85.81,38.56
2014-06-12,0.01,39.3,23.57,83.89,33.72
2014-06-13,0.0,40.58,25.47,69.03,23.72
2014-06-14,0.14,40.33,26.64,67.31,28.14
2014-06-15,0.05,38.1,25.2,79.61,36.67
2014-06-16,0.0,39.66,23.99,72.18,26.39
2014-06-17,0.0,40.67,24.85,73.65,28.64
2014-06-18,0.0,39.67,26.18,79.15,38.3
2014-06-19,0.0,40.6,25.32,83.6,25.66
2014-06-20,0.0,40.41,26.06,76.52,32.13
2014-06-21,0.0,37.82,25.43,90.14,48.55
2014-06-22,1.59,38.52,25.4,87.48,36.36
2014-06-23,0.0,39.28,25.4,87.4,40.16
2014-06-24,0.01,37.33,25.92,89.68,51.98
2014-06-25,0.0,37.63,25.82,88.81,42.88
2014-06-26,0.0,36.84,24.5,89.4,43.38
2014-06-27,0.0,38.01,24.89,87.74,38.04
2014-06-28,0.39,38.84,24.63,78.9,30.46
2014-06-29,0.04,38.23,25.06,73.69,36.41
2014-06-30,0.23,38.8,24.55,89.54,40.79
2014-07-01,1.7,35.73,24.24,92.95,58.45
2014-07-02,4.11,33.87,24.7,91.9,58.44
2014-07-03,3.81,33.8,24.09,93.51,59.35
2014-07-04,8.06,33.54,24.81,93.66,59.45
2014-07-05,0.0,35.26,24.98,92.78,52.49
2014-07-06,0.0,36.46,25.27,89.69,46.23
2014-07-07,0.0,35.67,24.94,85.11,49.22
2014-07-08,0.23,34.66,25.51,91.59,55.9
2014-07-09,1.93,34.47,25.34,91.05,55.26
2014-07-10,1.32,35.47,25.15,91.04,51.97
2014-07-11,3.66,34.39,25.13,91.78,57.88
2014-07-12,0.0,36.79,24.59,90.13,44.25
2014-07-13,0.0,36.15,25.35,85.64,47.92
2014-07-14,0.0,35.59,26.02,89.05,53.16
2014-07-15,2.37,32.72,24.66,95.58,61.54
2014-07-16,14.18,32.59,24.96,94.33,65.17
2014-07-17,0.17,30.07,22.44,97.68,64.53
2014-07-18,0.0,34.5,23.71,87.56,47.75
2014-07-19,9.19,33.62,23.78,89.67,54.8
2014-07-20,0.0,33.99,24.12,94.16,58.35
2014-07-21,0.0,35.64,25.02,92.06,51.01
2014-07-22,0.01,34.71,24.92,90.96,57.47
2014-07-23,5.39,33.54,25.22,93.11,61.29
2014-07-24,0.0,34.34,23.96,95.76,55.17
2014-07-25,0.13,35.87,24.96,84.6,50.35
2014-07-26,1.0,33.91,25.41,88.76,62.03
2014-07-27,0.0,37.73,24.95,91.3,41.11
2014-07-28,0.39,37.41,25.33,87.43,45.95
2014-07-29,0.7,36.42,26.09,92.2,51.58
2014-07-30,5.08,33.8,23.89,95.11,60.23
2014-07-31,7.39,35.3,24.44,92.68,53.96
2014-08-01,0.0,36.18,24.57,91.22,48.35
2014-08-02,0.0,35.26,25.49,87.48,52.25
2014-08-03,0.0,34.4,25.1,87.57,55.47
2014-08-04,1.64,34.3,24.48,88.19,53.93
2014-08-05,49.9,33.23,24.1,95.27,65.21
2014-08-06,0.28,31.51,23.51,98.22,68.28
2014-08-07,0.0,33.51,24.41,97.21,62.39
2014-08-08,0.0,34.28,25.25,95.1,58.01
2014-08-09,15.2,32.28,23.34,91.02,61.67
2014-08-10,2.57,33.53,23.44,97.99,60.25
2014-08-11,7.67,32.21,24.1,96.41,65.58
2014-08-12,0.49,33.19,23.65,97.16,63.61
2014-08-13,16.29,33.81,24.57,93.4,60.6
2014-08-14,7.45,29.83,22.9,97.69,77.71
2014-08-15,1.31,31.67,23.81,95.11,63.6
2014-08-16,4.38,32.16,23.73,96.96,65.04
2014-08-17,2.6,31.41,23.46,97.11,72.77
2014-08-18,1.36,31.04,23.3,98.13,71.89
2014-08-19,22.98,31.7,23.26,98.46,69.62
2014-08-20,0.1,32.55,23.03,98.16,64.5
2014-08-21,1.81,32.84,24.06,97.73,67.41
2014-08-22,3.16,32.76,24.34,97.14,68.0
2014-08-23,5.53,31.63,23.57,96.26,68.86
2014-08-24,0.39,32.08,23.29,97.14,67.79
2014-08-25,4.45,34.58,24.13,98.0,56.44
2014-08-26,0.29,32.44,24.46,96.71,72.48
2014-08-27,29.04,32.65,22.76,98.74,71.15
2014-08-28,0.09,30.99,22.82,98.32,72.14
2014-08-29,0.01,33.92,24.26,96.96,59.32
2014-08-30,13.03,34.67,25.06,92.75,58.06
2014-08-31,12.5,30.68,22.93,98.25,74.66
2014-09-01,0.0,33.08,23.02,97.29,62.78
2014-09-02,0.48,34.24,24.18,94.78,59.5
2014-09-03,4.85,32.5,23.1,96.51,65.41
2014-09-04,0.06,32.1,22.32,97.2,66.83
2014-09-05,0.0,34.32,23.55,92.09,59.81
2014-09-06,0.0,34.47,24.47,94.67,59.39
2014-09-07,4.66,33.66,23.79,97.29,65.38
2014-09-08,0.43,33.03,23.47,97.65,62.33
2014-09-09,1.76,33.43,23.87,97.14,66.15
2014-09-10,1.63,32.52,23.37,96.62,70.38
2014-09-11,34.79,33.62,23.41,95.46,62.67
2014-09-12,0.03,32.81,23.04,97.08,63.47
2014-09-13,0.47,33.82,23.64,96.47,63.15
2014-09-14,8.06,33.26,24.01,96.6,66.98
2014-09-15,11.12,33.14,22.62,96.81,65.66
2014-09-16,0.72,31.79,23.16,97.63,72.97
2014-09-17,12.01,31.55,22.66,98.33,75.94
2014-09-18,11.38,34.14,23.42,97.92,63.88
2014-09-19,20.45,32.49,22.41,98.26,67.62
2014-09-20,1.26,32.65,22.46,97.23,67.14
2014-09-21,3.32,33.54,22.64,97.26,62.85
2014-09-22,18.68,30.6,22.64,97.83,78.65
2014-09-23,0.15,32.17,22.92,98.44,68.51
2014-09-24,0.24,34.32,23.78,97.7,59.8
2014-09-25,12.27,32.82,23.81,97.5,69.02
2014-09-26,6.22,33.84,23.39,97.47,60.48
2014-09-27,0.02,33.87,23.07,97.14,64.05
2014-09-28,0.0,34.45,24.0,97.33,58.96
2014-09-29,0.0,34.33,24.65,96.39,64.68
2014-09-30,0.16,33.89,23.86,97.4,64.71
2014-10-01,0.16,33.44,22.72,95.26,63.59
2014-10-02,0.0,33.86,23.17,96.64,59.26
2014-10-03,1.25,32.57,23.96,96.84,72.04
2014-10-04,0.03,33.94,23.74,97.14,64.99
2014-10-05,0.0,35.49,23.66,96.86,59.08
2014-10-06,15.82,34.73,23.18,95.88,68.96
2014-10-07,6.15,33.52,23.05,95.52,71.69
2014-10-08,0.06,34.18,22.71,96.13,64.77
2014-10-09,1.14,34.34,23.74,96.58,64.84
2014-10-10,0.1,34.94,23.36,96.75,61.87
2014-10-11,0.26,35.77,24.02,96.74,58.19
2014-10-12,0.0,35.06,24.23,96.56,59.75
2014-10-13,0.0,35.46,23.93,96.93,57.74
2014-10-14,5.33,35.46,24.01,96.92,59.03
2014-10-15,0.0,34.99,23.04,96.6,58.39
2014-10-16,1.65,35.22,24.01,96.54,61.57
2014-10-17,0.0,36.68,23.03,96.52,49.59
2014-10-18,0.0,36.31,24.19,92.54,53.7
2014-10-19,0.0,35.16,24.17,97.13,61.55
2014-10-20,0.0,35.26,23.12,97.06,58.13
2014-10-21,0.09,36.88,23.9,95.24,49.64
2014-10-22,0.06,37.63,24.4,87.27,47.03
2014-10-23,0.51,35.56,24.92,96.35,59.65
2014-10-24,0.0,36.04,23.6,95.48,54.4
2014-10-25,0.0,35.32,23.43,97.46,57.48
2014-10-26,0.0,34.78,23.1,95.4,58.41
2014-10-27,0.0,35.56,23.63,95.5,53.63
2014-10-28,0.0,36.57,23.03,96.59,46.04
2014-10-29,0.0,35.49,23.9,93.96,46.6
2014-10-30,0.0,36.19,22.91,90.36,43.12
2014-10-31,0.0,36.55,22.96,89.38,39.55
2014-11-01,0.0,37.47,20.69,94.35,37.93
2014-11-02,0.0,37.73,20.58,89.45,36.06
2014-11-03,0.0,37.6,21.16,93.21,43.39
2014-11-04,0.19,36.72,22.0,96.34,51.38
2014-11-05,0.0,38.3,21.92,91.54,34.86
2014-11-06,0.0,38.5,20.43,88.75,34.13
2014-11-07,0.0,39.14,20.6,78.46,30.74
2014-11-08,0.0,39.56,22.53,77.87,28.29
2014-11-09,0.0,38.96,21.54,68.72,25.2
2014-11-10,0.0,38.56,19.94,73.46,21.67
2014-11-11,0.0,37.91,18.51,69.72,22.0
2014-11-12,0.0,38.13,17.63,66.51,21.75
2014-11-13,0.0,38.94,17.88,64.38,21.87
2014-11-14,0.0,39.27,19.49,63.14,21.65
2014-11-15,0.0,39.48,20.15,71.81,20.36
2014-11-16,0.0,38.81,20.71,76.11,24.78
2014-11-17,0.0,38.45,19.37,83.06,25.74
2014-11-18,0.0,37.34,18.83,89.38,31.09
2014-11-19,0.0,34.52,19.61,91.05,39.41
2014-11-20,0.0,32.89,21.22,79.45,43.42
2014-11-21,0.0,35.37,19.72,83.42,37.4
2014-11-22,0.0,34.31,20.84,84.58,42.34
2014-11-23,0.0,34.95,21.23,76.96,40.74
2014-11-24,0.0,35.27,20.77,68.79,35.6
2014-11-25,0.0,36.97,21.12,68.2,30.76
2014-11-26,0.0,37.9,19.59,71.82,28.03
2014-11-27,0.0,36.31,18.99,65.09,28.2
2014-11-28,0.0,34.16,18.54,66.56,30.92
2014-11-29,0.0,30.87,17.39,76.58,39.09
2014-11-30,0.0,33.56,17.81,90.8,43.42
2014-12-01,0.0,32.74,18.23,79.57,41.82
2014-12-02,0.29,31.36,19.16,71.8,42.56
2014-12-03,0.0,34.97,19.93,74.72,36.37
2014-12-04,0.0,37.36,20.15,67.41,32.15
2014-12-05,0.0,37.94,20.42,62.0,28.73
2014-12-06,0.0,38.28,19.38,66.75,26.41
2014-12-07,0.0,36.08,18.12,63.67,28.54
2014-12-08,0.0,38.14,19.49,62.22,24.33
2014-12-09,0.0,36.93,18.95,56.68,21.73
2014-12-10,0.0,36.48,17.78,50.5,19.69
2014-12-11,0.0,35.13,16.41,39.62,16.13
2014-12-12,0.0,30.56,16.52,38.66,17.77
2014-12-13,0.0,32.4,14.29,43.31,15.79
2014-12-14,0.0,33.35,15.08,43.96,17.45
2014-12-15,0.0,32.69,17.04,36.83,18.46
2014-12-16,0.0,30.28,18.58,38.74,22.53
2014-12-17,0.0,32.49,15.41,48.32,21.97
2014-12-18,0.0,34.89,16.7,41.97,18.99
2014-12-19,0.0,33.76,16.09,38.47,17.57
2014-12-20,0.0,33.97,16.59,44.37,18.65
2014-12-21,0.0,34.28,14.94,50.42,19.78
2014-12-22,0.0,35.69,15.21,49.8,21.34
2014-12-23,0.0,37.04,18.17,48.84,18.41
2014-12-24,0.0,39.34,16.48,47.54,16.73
2014-12-25,0.0,38.81,17.63,49.11,17.28
2014-12-26,0.0,38.31,17.71,42.79,15.32
2014-12-27,0.0,34.62,16.83,39.69,16.5
2014-12-28,0.0,30.97,15.07,37.09,17.97
2014-12-29,0.0,31.39,12.79,39.81,15.95
2014-12-30,0.0,32.2,11.16,44.04,16.6
2014-12-31,0.0,34.56,12.42,47.85,15.66
2015-01-01,0.0,33.73,14.91,37.86,15.39
2015-01-02,0.0,31.91,16.19,31.59,14.73
2015-01-03,0.0,33.37,14.37,36.4,15.52
2015-01-04,0.0,34.42,17.78,29.07,12.56
2015-01-05,0.0,33.61,17.03,28.35,13.24
2015-01-06,0.0,34.21,15.59,31.15,14.87
2015-01-07,0.0,35.37,14.71,38.1,13.73
2015-01-08,0.0,32.59,15.98,32.63,13.75
2015-01-09,0.0,34.79,16.1,35.24,15.47
2015-01-10,0.0,35.62,17.58,41.61,17.42
2015-01-11,0.0,35.44,17.86,40.18,15.13
2015-01-12,0.0,34.57,16.85,35.12,15.02
2015-01-13,0.0,34.9,16.85,36.91,14.56
2015-01-14,0.0,37.46,16.56,39.65,14.1
2015-01-15,0.0,36.84,17.27,39.54,15.14
2015-01-16,0.0,36.17,16.36,48.5,15.02
2015-01-17,0.0,37.14,16.45,43.02,13.05
2015-01-18,0.0,36.31,15.71,39.55,14.42
2015-01-19,0.0,35.05,16.71,41.64,16.59
2015-01-20,0.0,35.53,14.98,41.52,15.87
2015-01-21,0.0,34.21,15.24,52.26,19.66
2015-01-22,0.0,33.96,18.16,44.73,20.74
2015-01-23,0.0,37.2,18.73,38.33,16.42
2015-01-24,0.0,36.84,18.09,38.83,15.59
2015-01-25,0.0,37.08,16.94,37.13,13.02
2015-01-26,0.0,36.22,15.99,33.52,11.67
2015-01-27,0.0,34.37,16.61,25.34,10.25
2015-01-28,0.0,35.16,16.1,24.28,9.86
2015-01-29,0.0,34.86,16.49,28.0,11.7
2015-01-30,0.0,35.41,15.6,33.6,13.11
2015-01-31,0.0,36.55,15.64,33.55,11.52
2015-02-01,0.0,35.57,15.18,41.54,11.73
2015-02-02,0.0,36.32,16.83,38.23,14.49
2015-02-03,0.0,37.03,18.09,63.49,18.82
2015-02-04,0.0,36.47,16.86,59.05,22.5
2015-02-05,0.0,37.4,17.45,52.03,19.14
2015-02-06,0.0,39.87,17.73,49.65,17.42
2015-02-07,0.0,41.21,18.24,46.58,15.34
2015-02-08,0.0,39.95,18.59,49.1,15.7
2015-02-09,0.0,36.98,17.77,69.07,23.77
2015-02-10,0.0,36.88,18.09,62.73,24.47
2015-02-11,0.0,38.35,18.84,59.87,21.86
2015-02-12,0.0,38.94,18.39,65.78,20.23
2015-02-13,0.0,38.59,19.52,48.17,16.39
2015-02-14,0.0,38.55,20.76,41.21,15.95
2015-02-15,0.0,39.63,20.55,34.99,15.09
2015-02-16,0.0,39.1,20.54,38.46,13.54
2015-02-17,0.0,38.53,21.49,32.67,14.82
2015-02-18,0.0,39.33,21.52,38.76,18.2
2015-02-19,0.0,36.65,19.88,50.22,22.93
2015-02-20,0.0,32.11,18.05,48.66,23.94
2015-02-21,0.0,32.43,15.79,49.63,21.23
2015-02-22,0.0,34.81,16.01,42.27,18.81
2015-02-23,0.0,37.61,16.34,40.25,15.75
2015-02-24,0.0,39.59,17.71,38.17,12.73
2015-02-25,0.0,39.92,17.66,33.68,11.1
2015-02-26,0.0,39.24,17.59,35.69,11.1
2015-02-27,0.0,37.54,21.22,22.39,8.35
2015-02-28,0.0,37.65,20.18,19.01,10.27
2015-03-01,0.0,38.41,18.33,26.69,10.32
2015-03-02,0.0,39.22,17.95,27.67,9.95
2015-03-03,0.0,39.37,19.13,30.8,10.96
2015-03-04,0.0,40.51,18.03,36.59,12.85
2015-03-05,0.0,40.12,18.39,51.27,13.55
2015-03-06,0.0,39.78,18.82,49.22,14.15
2015-03-07,0.0,41.76,19.95,48.52,13.49
2015-03-08,0.0,38.81,19.87,63.25,20.99
2015-03-09,0.0,34.98,18.79,76.58,30.67
2015-03-10,0.0,35.18,18.44,75.82,26.08
2015-03-11,0.0,39.53,20.03,58.38,23.98
2015-03-12,0.0,42.25,22.39,46.09,12.68
2015-03-13,0.0,42.91,23.58,35.83,12.74
2015-03-14,0.0,40.09,23.34,56.03,22.16
2015-03-15,0.0,40.58,22.87,58.14,19.6
2015-03-16,0.0,41.02,20.95,55.54,13.34
2015-03-17,0.0,41.25,21.05,43.23,13.65
2015-03-18,0.0,37.88,24.09,52.63,20.46
2015-03-19,0.0,39.03,22.0,59.7,23.49
2015-03-20,0.0,38.89,20.14,44.0,17.36
2015-03-21,0.0,37.58,21.64,45.8,18.18
2015-03-22,0.0,36.33,20.07,58.61,23.82
2015-03-23,0.0,34.94,19.26,61.71,26.86
2015-03-24,0.0,35.53,18.26,66.79,20.8
2015-03-25,0.0,37.42,18.15,49.24,18.24
2015-03-26,0.0,39.26,19.72,41.15,17.05
2015-03-27,0.0,41.31,21.25,38.99,14.83
2015-03-28,0.0,43.05,21.39,43.26,11.61
2015-03-29,0.0,41.39,23.36,27.58,10.83
2015-03-30,0.0,39.64,21.64,30.61,9.56
2015-03-31,0.0,40.49,19.67,39.66,9.66
2015-04-01,0.0,42.17,20.21,32.6,8.44
2015-04-02,0.0,43.4,20.63,33.1,7.95
2015-04-03,0.0,43.23,22.28,38.82,10.9
2015-04-04,0.0,42.48,23.28,47.63,14.13
2015-04-05,0.0,41.54,22.26,65.37,21.47
2015-04-06,0.0,41.56,22.12,67.8,22.05
2015-04-07,0.0,42.02,21.27,61.08,13.31
2015-04-08,0.0,43.07,22.7,48.08,13.84
2015-04-09,0.0,44.77,25.33,40.3,10.52
2015-04-10,0.0,44.03,25.46,44.71,14.32
2015-04-11,0.0,43.05,24.13,65.3,19.41
2015-04-12,0.0,43.99,22.6,68.35,14.18
2015-04-13,0.0,41.26,22.57,69.67,23.51
2015-04-14,0.0,37.58,24.01,72.56,35.23
2015-04-15,0.0,43.04,23.24,67.05,22.64
2015-04-16,0.0,41.16,23.12,67.86,25.5
2015-04-17,0.0,40.53,21.97,77.99,25.39
2015-04-18,0.0,41.5,22.55,69.02,18.4
2015-04-19,0.0,41.92,21.86,64.0,17.17
2015-04-20,0.0,40.45,21.28,69.43,21.56
2015-04-21,0.0,41.06,21.89,68.21,19.21
2015-04-22,0.0,41.8,22.1,67.36,18.95
2015-04-23,0.0,42.05,21.93,65.68,19.76
2015-04-24,0.0,42.38,22.05,72.05,19.05
2015-04-25,0.0,41.39,21.88,75.96,26.59
2015-04-26,0.0,40.55,21.7,80.57,28.25
2015-04-27,0.0,40.31,21.56,76.48,29.54
2015-04-28,0.0,40.69,22.01,78.07,29.78
2015-04-29,0.0,41.46,21.93,78.76,28.03
2015-04-30,0.0,42.37,23.14,69.48,20.19
2015-05-01,0.0,41.54,22.88,75.25,23.29
2015-05-02,0.0,40.99,23.51,74.48,26.4
2015-05-03,0.0,41.11,23.18,83.38,23.56
2015-05-04,0.12,41.15,23.76,70.7,17.13
2015-05-05,0.06,42.88,23.99,70.7,17.29
2015-05-06,0.0,39.9,23.68,80.6,29.45
2015-05-07,0.0,40.73,23.5,84.58,26.2
2015-05-08,0.0,41.9,24.06,77.5,28.8
2015-05-09,0.0,40.14,24.19,88.11,36.23
2015-05-10,0.0,39.54,23.77,88.93,37.17
2015-05-11,0.0,39.93,23.72,84.76,36.49
2015-05-12,0.0,40.38,23.27,83.55,33.04
2015-05-13,0.0,40.94,24.33,74.45,28.68
2015-05-14,0.0,41.85,24.73,70.83,24.74
2015-05-15,0.0,42.21,25.02,69.73,25.27
2015-05-16,0.0,41.26,24.37,80.74,31.93
2015-05-17,0.0,40.66,24.73,83.14,34.96
2015-05-18,0.05,41.02,24.93,83.87,33.74
2015-05-19,0.0,39.56,24.6,86.02,36.67
2015-05-20,0.0,41.8,24.48,86.08,27.6
2015-05-21,0.12,41.5,25.26,75.28,29.59
2015-05-22,0.0,40.77,24.94,82.77,25.98
2015-05-23,0.0,42.43,24.72,62.32,15.0
2015-05-24,0.0,42.62,24.45,64.92,17.65
2015-05-25,0.0,42.21,24.33,76.27,17.45
2015-05-26,0.0,44.31,23.84,60.72,11.66
2015-05-27,0.0,43.74,24.93,50.83,11.63
2015-05-28,0.0,43.17,24.53,52.46,14.22
2015-05-29,0.0,42.0,24.09,80.67,21.38
2015-05-30,0.0,41.21,25.15,75.42,29.79
2015-05-31,0.0,40.96,26.33,75.3,29.86
2015-06-01,0.0,40.7,26.65,72.3,30.24
2015-06-02,0.13,39.07,26.54,75.37,39.28
2015-06-03,0.0,40.09,25.33,85.28,27.14
2015-06-04,0.0,38.56,23.25,72.06,23.57
2015-06-05,0.0,38.44,23.0,74.39,26.4
2015-06-06,0.0,38.97,24.39,67.42,30.35
2015-06-07,0.0,41.22,25.31,63.55,21.29
2015-06-08,0.0,41.58,25.03,64.49,24.34
2015-06-09,0.9,40.18,25.61,78.33,31.65
2015-06-10,0.0,39.53,25.03,81.04,33.57
2015-06-11,0.06,39.68,25.66,82.28,33.54
2015-06-12,0.0,40.86,26.1,82.6,31.85
2015-06-13,0.0,38.58,25.68,82.9,34.18
2015-06-14,0.0,37.89,25.46,88.78,41.65
2015-06-15,0.0,38.4,26.44,88.87,40.31
2015-06-16,0.64,37.82,25.98,91.98,45.44
2015-06-17,0.0,35.51,25.06,90.34,52.78
2015-06-18,0.0,37.5,24.53,90.56,39.34
2015-06-19,0.0,37.52,24.48,87.92,41.42
2015-06-20,3.84,37.87,25.3,88.73,41.18
2015-06-21,0.03,36.65,24.72,93.38,50.32
2015-06-22,0.03,35.21,25.38,86.9,55.54
2015-06-23,0.09,37.39,24.27,87.84,42.4
2015-06-24,0.0,36.94,25.08,89.67,46.68
2015-06-25,0.01,35.89,25.64,89.09,51.04
2015-06-26,0.0,37.29,24.58,87.31,36.74
2015-06-27,0.0,37.71,23.79,86.1,34.37
2015-06-28,0.0,37.53,23.98,85.4,37.91
2015-06-29,0.45,38.83,25.07,85.02,35.46
2015-06-30,4.78,36.76,24.63,90.38,49.3
2015-07-01,0.0,34.26,23.09,93.16,55.26
2015-07-02,0.0,38.28,24.92,88.13,39.99
2015-07-03,0.0,36.88,25.71,83.89,45.43
2015-07-04,0.0,36.45,25.32,86.57,43.9
2015-07-05,0.0,37.23,25.37,82.73,43.86
2015-07-06,0.6,34.49,25.47,87.22,58.29
2015-07-07,24.52,37.44,25.29,88.36,43.44
2015-07-08,44.52,35.99,24.64,94.69,58.58
2015-07-09,0.64,29.77,23.7,98.72,75.55
2015-07-10,0.0,33.1,24.11,95.76,59.54
2015-07-11,0.05,34.46,24.52,92.87,56.93
2015-07-12,8.93,34.6,25.05,97.53,56.56
2015-07-13,0.43,35.46,24.35,96.38,53.57
2015-07-14,12.42,34.53,25.16,91.95,58.01
2015-07-15,0.05,33.67,23.11,97.87,57.24
2015-07-16,0.31,35.79,24.98,93.81,49.45
2015-07-17,0.0,34.86,25.33,89.11,55.11
2015-07-18,16.74,36.3,25.6,91.4,50.66
2015-07-19,0.03,34.17,23.17,97.04,55.42
2015-07-20,0.0,34.95,24.01,91.48,51.48
2015-07-21,0.0,34.65,24.97,91.18,54.16
2015-07-22,0.0,35.33,24.33,88.08,47.95
2015-07-23,0.0,35.22,23.91,86.14,49.67
2015-07-24,0.0,34.83,25.11,91.6,55.6
2015-07-25,30.89,33.49,23.34,97.28,66.08
2015-07-26,0.14,32.59,23.67,97.01,64.1
2015-07-27,12.62,32.47,24.47,96.15,68.05
2015-07-28,0.11,32.33,23.75,96.59,61.98
2015-07-29,14.77,32.84,24.27,96.5,61.66
2015-07-30,11.83,29.53,23.82,98.04,76.53
2015-07-31,14.39,30.55,23.67,97.06,71.59
2015-08-01,6.3,30.95,23.71,96.61,74.56
2015-08-02,1.1,32.75,24.02,95.66,65.62
2015-08-03,9.34,33.63,24.47,97.58,61.6
2015-08-04,0.28,33.89,23.91,95.73,60.63
2015-08-05,0.04,33.2,24.56,94.76,62.15
2015-08-06,0.03,32.77,24.94,92.64,62.15
2015-08-07,0.09,33.75,25.12,92.77,58.9
2015-08-08,40.35,34.14,24.11,91.55,54.9
2015-08-09,10.06,30.02,23.74,97.96,77.35
2015-08-10,0.3,33.01,24.26,96.23,64.77
2015-08-11,3.85,34.01,24.2,97.39,62.25
2015-08-12,43.64,32.34,24.14,98.11,69.19
2015-08-13,0.0,31.75,23.91,98.74,72.3
2015-08-14,9.2,32.51,24.28,98.34,75.49
2015-08-15,3.06,33.43,23.22,97.19,64.3
2015-08-16,34.79,33.31,24.78,97.86,71.61
2015-08-17,9.87,29.66,22.87,98.9,79.74
2015-08-18,0.05,31.58,23.91,97.95,72.34
2015-08-19,10.79,32.9,24.23,96.79,68.56
2015-08-20,27.5,29.9,23.69,98.54,82.45
2015-08-21,0.07,31.45,23.81,98.63,73.71
2015-08-22,14.91,33.24,23.33,98.23,64.14
2015-08-23,0.0,29.97,23.44,98.53,79.89
2015-08-24,0.03,34.39,23.82,96.59,59.22
2015-08-25,24.03,33.97,22.62,98.29,67.96
2015-08-26,0.0,32.73,22.87,98.19,63.79
2015-08-27,12.15,34.1,24.68,91.36,58.7
2015-08-28,1.13,33.58,22.75,96.86,64.88
2015-08-29,5.9,33.06,25.18,97.34,67.88
2015-08-30,6.26,32.05,24.29,92.94,67.25
2015-08-31,3.73,31.81,23.78,97.43,66.95
2015-09-01,10.35,29.19,23.44,97.85,82.85
2015-09-02,0.01,32.84,23.72,98.29,67.66
2015-09-03,32.04,32.26,24.63,97.79,74.58
2015-09-04,2.95,33.64,23.48,98.29,64.35
2015-09-05,1.28,33.38,24.55,95.46,64.94
2015-09-06,2.08,31.97,23.32,97.76,72.31
2015-09-07,7.28,30.47,23.54,97.35,79.57
2015-09-08,0.0,32.61,23.76,97.27,66.58
2015-09-09,25.38,33.45,24.29,96.51,64.81
2015-09-10,4.19,31.33,22.55,98.36,78.24
2015-09-11,1.14,33.12,23.79,97.67,66.14
2015-09-12,17.25,34.02,23.76,95.79,62.11
2015-09-13,0.18,31.88,23.07,98.84,75.46
2015-09-14,0.04,34.18,23.28,97.38,61.1
2015-09-15,37.92,34.35,24.7,94.43,59.65
2015-09-16,0.08,32.87,23.11,97.61,65.54
2015-09-17,0.0,34.02,23.32,97.65,63.95
2015-09-18,0.0,34.66,24.04,97.99,57.34
2015-09-19,0.23,35.42,25.09,93.56,59.93
2015-09-20,4.12,33.54,24.49,97.5,65.12
2015-09-21,14.37,33.11,23.6,98.32,69.69
2015-09-22,7.94,32.38,23.67,98.16,73.41
2015-09-23,6.52,33.36,23.64,98.21,69.37
2015-09-24,1.18,33.47,23.55,97.62,68.23
2015-09-25,0.0,34.76,24.07,98.73,63.67
2015-09-26,22.07,34.0,24.81,97.57,66.45
2015-09-27,5.42,32.49,23.58,98.19,74.31
2015-09-28,10.2,29.76,23.37,98.32,81.01
2015-09-29,22.47,32.82,22.75,97.96,66.32
2015-09-30,7.21,32.11,22.73,97.83,69.28
2015-10-01,0.18,33.29,23.32,97.45,69.26
2015-10-02,0.0,35.57,24.59,98.04,61.61
2015-10-03,8.84,33.37,24.75,97.08,73.1
2015-10-04,0.27,33.08,23.02,97.67,70.82
2015-10-05,1.82,35.82,24.89,95.86,62.69
2015-10-06,15.02,33.33,23.25,96.47,71.82
2015-10-07,0.05,32.5,22.27,96.44,71.23
2015-10-08,0.06,34.85,24.44,94.19,61.35
2015-10-09,0.0,34.73,24.09,98.15,65.78
2015-10-10,0.52,34.47,24.58,96.5,67.1
2015-10-11,0.0,34.6,23.39,95.2,64.01
2015-10-12,0.99,35.11,24.05,97.76,59.04
2015-10-13,18.1,33.18,23.63,96.65,70.09
2015-10-14,2.12,32.82,23.05,97.79,67.3
2015-10-15,1.97,33.86,23.25,97.92,67.29
2015-10-16,0.0,34.7,23.46,97.04,64.03
2015-10-17,0.04,34.22,23.86,96.92,59.46
2015-10-18,0.0,36.04,24.18,96.23,56.77
2015-10-19,0.01,35.38,24.17,95.64,62.31
2015-10-20,0.84,33.13,23.46,95.52,69.65
2015-10-21,6.06,31.81,22.74,97.3,71.83
2015-10-22,14.55,33.79,22.91,96.73,64.31
2015-10-23,0.0,32.46,22.33,97.22,70.92
2015-10-24,0.39,35.13,23.15,96.56,59.03
2015-10-25,0.32,32.0,23.25,94.76,77.39
2015-10-26,0.0,34.05,23.11,96.62,58.06
2015-10-27,0.0,34.6,23.24,93.04,54.54
2015-10-28,0.0,35.92,23.46,96.39,51.42
2015-10-29,0.0,36.15,23.42,96.78,54.65
2015-10-30,0.0,35.03,23.83,97.17,61.11
2015-10-31,0.03,34.63,23.82,97.49,60.14
2015-11-01,0.82,34.66,22.04,95.85,66.39
2015-11-02,0.11,33.49,20.77,96.64,71.39
2015-11-03,0.0,33.59,21.78,96.09,68.2
2015-11-04,0.0,37.93,21.66,96.4,46.41
2015-11-05,0.0,38.11,21.89,96.58,39.68
2015-11-06,0.0,37.42,21.43,97.46,43.98
2015-11-07,0.0,37.53,21.72,97.94,40.95
2015-11-08,0.0,37.12,21.76,96.2,47.75
2015-11-09,0.0,36.47,20.82,97.56,40.64
2015-11-10,0.0,36.3,20.83,92.54,40.8
2015-11-11,0.66,36.14,20.35,95.53,43.87
2015-11-12,0.0,34.29,21.01,95.04,64.54
2015-11-13,0.0,36.46,20.9,94.48,45.93
2015-11-14,0.0,37.82,22.19,90.38,42.14
2015-11-15,0.0,36.11,21.38,83.19,37.02
2015-11-16,0.0,34.53,17.51,73.58,29.45
2015-11-17,0.0,33.38,17.04,74.77,31.8
2015-11-18,0.0,34.47,16.03,82.3,33.41
2015-11-19,0.0,34.39,17.51,81.31,30.46
2015-11-20,0.0,34.97,17.89,74.09,28.78
2015-11-21,0.0,36.01,16.8,67.79,28.45
2015-11-22,0.0,34.89,18.76,72.35,31.62
2015-11-23,0.0,35.41,18.72,67.05,29.86
2015-11-24,0.0,36.39,17.35,81.79,32.58
2015-11-25,0.0,35.64,17.85,73.57,26.56
2015-11-26,0.0,35.58,18.11,64.78,27.36
2015-11-27,0.0,35.95,18.55,68.43,27.0
2015-11-28,0.0,36.62,19.17,70.04,28.13
2015-11-29,0.0,35.27,17.28,63.36,20.34
2015-11-30,0.0,33.75,16.68,52.52,21.51
2015-12-01,0.0,33.96,14.79,62.48,22.0
2015-12-02,0.0,34.57,14.94,64.96,24.63
2015-12-03,0.0,35.84,16.29,66.24,26.17
2015-12-04,0.0,35.97,16.83,63.48,29.35
2015-12-05,0.0,35.61,16.55,67.3,24.13
2015-12-06,0.0,35.61,14.94,71.15,26.77
2015-12-07,0.0,35.42,15.94,74.61,27.13
2015-12-08,0.0,35.28,16.48,81.42,28.22
2015-12-09,0.0,35.18,15.24,70.8,25.71
2015-12-10,0.0,35.37,15.75,67.79,24.69
2015-12-11,0.0,33.43,17.98,59.71,24.36
2015-12-12,0.0,34.17,16.1,61.79,24.09
2015-12-13,0.0,33.79,14.77,67.25,22.83
2015-12-14,0.0,33.91,14.2,74.19,24.91
2015-12-15,0.0,35.46,16.37,79.24,26.21
2015-12-16,0.0,35.88,15.07,63.74,20.26
2015-12-17,0.0,33.53,13.88,62.05,21.13
2015-12-18,0.0,34.42,12.93,64.42,21.63
2015-12-19,0.0,35.16,14.15,67.05,23.14
2015-12-20,0.0,34.1,13.25,65.81,23.86
2015-12-21,0.0,34.44,13.81,65.76,23.84
2015-12-22,0.0,35.45,14.37,73.72,25.13
2015-12-23,0.0,35.27,15.57,69.78,25.34
2015-12-24,0.0,33.44,15.73,63.61,22.46
2015-12-25,0.0,35.12,15.71,58.29,22.75
2015-12-26,0.0,33.99,16.14,58.01,20.01
2015-12-27,0.03,33.44,18.86,46.23,20.41
2015-12-28,0.0,30.99,17.11,72.63,22.39
2015-12-29,0.0,32.47,16.77,50.97,21.33
2015-12-30,0.0,33.24,16.0,46.31,21.29
2015-12-31,0.0,34.66,15.53,52.53,20.86
2016-01-01,0.0,35.79,16.74,52.15,23.1
2016-01-02,0.0,32.76,17.56,48.46,24.14
2016-01-03,0.02,33.1,19.36,42.31,23.54
2016-01-04,0.0,30.82,18.89,63.42,25.13
2016-01-05,0.0,31.19,15.15,80.84,47.2
2016-01-06,0.0,32.85,14.39,91.94,38.88
2016-01-07,0.0,33.8,14.27,89.98,39.15
2016-01-08,0.0,35.51,15.51,81.94,32.73
2016-01-09,0.0,36.82,16.26,72.71,31.13
2016-01-10,0.0,37.66,17.55,74.8,28.76
2016-01-11,0.0,38.09,17.81,65.78,27.21
2016-01-12,0.0,37.4,18.32,56.54,25.12
2016-01-13,0.0,38.05,20.18,60.8,23.02
2016-01-14,0.0,38.57,18.07,68.48,19.78
2016-01-15,0.0,38.15,17.0,69.21,21.95
2016-01-16,0.0,38.45,16.02,61.57,19.7
2016-01-17,0.0,38.17,15.98,51.77,17.32
2016-01-18,0.0,38.26,15.59,66.71,19.2
2016-01-19,0.0,37.99,17.54,61.3,23.87
2016-01-20,0.0,36.64,17.17,69.57,27.45
2016-01-21,0.0,36.53,19.75,74.02,26.16
2016-01-22,0.0,37.17,17.08,77.32,17.53
2016-01-23,0.0,38.32,17.38,42.23,21.01
2016-01-24,0.0,37.47,17.87,43.72,15.89
2016-01-25,0.0,38.55,17.05,42.96,15.78
2016-01-26,0.0,36.3,19.34,40.24,16.58
2016-01-27,0.0,36.85,19.23,35.69,16.81
2016-01-28,0.0,38.0,20.66,41.66,21.36
2016-01-29,0.0,37.74,17.07,53.85,18.75
2016-01-30,0.0,37.54,17.86,47.52,16.46
2016-01-31,0.0,37.33,17.47,39.67,15.37
2016-02-01,0.0,36.16,18.25,37.5,14.59
2016-02-02,0.0,34.24,18.29,33.86,16.01
2016-02-03,0.0,35.59,16.44,39.99,14.27
2016-02-04,0.0,37.52,16.49,48.53,15.0
2016-02-05,0.0,38.81,17.81,49.17,13.19
2016-02-06,0.0,39.3,18.31,43.27,13.11
2016-02-07,0.0,39.79,19.25,40.32,11.61
2016-02-08,0.0,38.95,20.83,31.37,13.18
2016-02-09,0.0,37.87,20.79,29.5,14.42
2016-02-10,0.0,36.95,18.42,40.4,15.32
2016-02-11,0.0,38.61,18.22,42.64,14.28
2016-02-12,0.0,39.18,19.23,38.63,13.45
2016-02-13,0.0,38.17,17.86,38.9,12.41
2016-02-14,0.0,39.39,18.95,35.13,11.82
2016-02-15,0.0,38.85,18.1,34.8,10.04
2016-02-16,0.0,37.45,17.85,50.84,16.3
2016-02-17,0.0,35.05,17.91,43.7,18.82
2016-02-18,0.0,36.98,17.51,40.93,17.6
2016-02-19,0.0,35.54,17.34,31.75,10.4
2016-02-20,0.0,30.08,17.87,40.53,18.77
2016-02-21,0.0,36.11,18.46,39.63,19.04
2016-02-22,0.0,37.18,20.89,34.23,12.83
2016-02-23,0.0,40.62,20.15,35.93,11.75
2016-02-24,0.0,41.04,20.76,36.62,11.82
2016-02-25,0.0,42.15,21.46,37.3,10.59
2016-02-26,0.0,42.23,21.4,37.92,10.15
2016-02-27,0.0,41.17,21.49,40.34,12.62
2016-02-28,0.0,36.8,20.47,38.53,13.05
2016-02-29,0.0,36.41,20.78,43.23,19.72
2016-03-01,0.0,38.22,21.5,41.02,18.41
2016-03-02,0.0,40.85,21.31,44.78,15.66
2016-03-03,0.0,40.98,21.1,34.28,10.46
2016-03-04,0.0,41.66,20.52,30.37,8.9
2016-03-05,0.0,41.78,21.34,40.78,11.16
2016-03-06,0.0,41.87,21.44,31.81,10.28
2016-03-07,0.0,41.59,21.81,40.7,14.88
2016-03-08,0.0,40.83,21.81,42.7,16.29
2016-03-09,0.0,40.74,22.09,39.68,15.91
2016-03-10,0.0,39.98,20.2,49.58,16.51
2016-03-11,0.0,37.91,19.63,57.85,21.1
2016-03-12,0.0,39.4,18.83,58.17,16.65
2016-03-13,0.0,38.33,18.59,64.07,18.14
2016-03-14,0.0,37.05,18.08,72.97,25.66
2016-03-15,0.0,38.58,19.74,73.68,29.5
2016-03-16,0.0,42.09,21.63,66.93,15.66
2016-03-17,0.0,42.32,21.87,48.08,14.29
2016-03-18,0.0,42.42,21.23,50.99,12.48
2016-03-19,0.0,43.09,19.99,49.6,9.96
2016-03-20,0.0,40.29,19.65,64.14,14.04
2016-03-21,0.0,40.31,20.04,64.45,16.51
2016-03-22,0.0,39.24,21.83,43.45,16.71
2016-03-23,0.0,39.8,22.72,34.81,13.24
2016-03-24,0.0,37.58,21.37,29.82,13.22
2016-03-25,0.0,38.47,21.88,35.86,15.81
2016-03-26,0.0,40.15,19.61,35.5,12.69
2016-03-27,0.0,40.79,20.25,32.48,11.3
2016-03-28,0.0,42.15,20.62,28.33,8.95
2016-03-29,0.0,42.91,20.5,32.21,9.44
2016-03-30,0.0,39.22,19.48,56.06,18.34
2016-03-31,0.0,36.92,17.88,70.8,24.09
2016-04-01,0.0,39.13,19.46,61.41,20.69
2016-04-02,0.0,40.2,20.61,57.8,21.0
2016-04-03,0.0,39.31,20.56,61.94,22.1
2016-04-04,0.0,41.74,22.35,58.95,18.3
2016-04-05,0.0,42.33,23.34,37.86,15.03
2016-04-06,0.0,40.43,22.77,42.57,18.19
2016-04-07,0.0,38.76,20.0,69.01,27.28
2016-04-08,0.0,35.95,19.5,75.22,31.79
2016-04-09,0.0,37.05,18.38,80.53,29.43
2016-04-10,0.0,37.63,19.15,75.19,29.46
2016-04-11,0.0,39.23,20.25,71.62,29.89
2016-04-12,0.0,42.67,21.7,65.11,16.71
2016-04-13,0.0,44.83,24.23,45.0,15.49
2016-04-14,0.0,45.44,25.89,43.29,15.2
2016-04-15,0.0,43.87,23.88,70.84,25.54
2016-04-16,0.0,43.56,24.46,68.64,24.09
2016-04-17,0.0,44.47,24.86,64.97,21.48
2016-04-18,0.0,44.17,25.15,68.69,26.43
2016-04-19,0.0,43.23,24.59,77.8,29.83
2016-04-20,0.0,44.61,24.88,64.02,22.49
2016-04-21,0.0,43.99,24.35,64.85,22.29
2016-04-22,0.0,45.04,24.88,66.16,21.36
2016-04-23,0.0,42.0,25.05,76.4,34.38
2016-04-24,0.0,38.71,22.64,76.38,36.32
2016-04-25,0.0,40.18,22.95,74.57,30.75
2016-04-26,0.0,40.85,22.67,71.62,29.28
2016-04-27,0.0,41.7,23.32,65.39,26.96
2016-04-28,0.0,40.64,23.23,69.78,28.06
2016-04-29,0.0,40.43,21.58,72.27,23.61
2016-04-30,0.0,41.73,22.71,60.26,21.14
2016-05-01,0.0,43.83,24.8,58.97,17.64
2016-05-02,0.0,42.82,24.85,60.62,24.36
2016-05-03,0.0,39.68,23.37,84.15,35.56
2016-05-04,0.0,40.85,23.45,70.4,25.36
2016-05-05,0.0,41.55,24.48,51.83,20.75
2016-05-06,0.0,41.23,23.53,60.17,20.99
2016-05-07,0.0,40.15,23.56,67.1,23.87
2016-05-08,0.0,40.57,23.41,68.44,24.28
2016-05-09,0.0,41.29,23.88,64.91,24.46
2016-05-10,0.0,42.04,24.45,59.26,21.21
2016-05-11,0.0,42.01,24.65,55.6,23.08
2016-05-12,0.0,43.48,26.17,58.94,21.35
2016-05-13,0.0,45.19,26.74,49.05,17.9
2016-05-14,0.0,42.65,25.51,64.58,25.81
2016-05-15,0.0,41.6,24.95,68.95,28.85
2016-05-16,0.0,40.56,23.85,82.38,25.42
2016-05-17,0.0,41.74,21.98,71.98,18.87
2016-05-18,0.0,42.3,22.41,69.66,22.89
2016-05-19,0.0,41.15,23.83,78.6,33.73
2016-05-20,0.0,40.06,23.38,78.0,30.54
2016-05-21,0.0,40.3,23.8,66.42,22.7
2016-05-22,0.0,40.26,23.52,68.3,27.89
2016-05-23,0.0,41.5,24.84,61.01,22.65
2016-05-24,0.0,41.01,23.03,68.64,23.57
2016-05-25,0.0,40.63,22.04,71.41,23.25
2016-05-26,0.0,38.97,22.53,75.93,32.86
2016-05-27,3.43,40.89,24.62,72.33,28.72
2016-05-28,0.39,41.38,24.54,74.32,27.36
2016-05-29,0.0,43.84,25.69,64.28,22.07
2016-05-30,0.0,41.28,25.12,67.53,31.42
2016-05-31,0.23,41.5,25.45,79.9,33.58
2016-06-01,2.1,39.93,25.14,86.97,37.94
2016-06-02,0.0,39.02,24.62,82.07,26.64
2016-06-03,0.0,42.71,26.09,60.83,27.43
2016-06-04,0.0,38.41,24.7,84.89,42.06
2016-06-05,0.0,39.31,24.53,84.58,38.41
2016-06-06,0.0,40.33,23.86,82.47,27.17
2016-06-07,0.07,40.94,24.4,74.5,24.79
2016-06-08,0.0,41.49,25.12,67.53,23.2
2016-06-09,0.0,39.9,25.57,70.0,29.8
2016-06-10,0.0,37.68,24.08,88.92,37.54
2016-06-11,0.01,38.2,25.0,77.35,37.52
2016-06-12,0.19,36.16,24.71,83.3,44.73
2016-06-13,0.1,37.26,23.69,85.78,39.41
2016-06-14,0.0,38.69,23.54,78.75,32.68
2016-06-15,0.0,38.27,24.13,82.55,40.48
2016-06-16,0.0,37.99,24.73,86.58,37.94
2016-06-17,0.0,37.51,23.29,75.65,31.98
2016-06-18,0.36,38.47,24.8,77.07,36.0
2016-06-19,0.04,39.86,25.2,81.62,35.21
2016-06-20,0.0,40.37,24.52,77.23,27.92
2016-06-21,0.0,37.83,25.01,78.47,35.99
2016-06-22,0.0,37.73,25.05,83.81,41.63
2016-06-23,2.63,38.61,24.9,84.66,40.09
2016-06-24,0.65,35.56,23.65,88.78,47.45
2016-06-25,0.77,35.25,23.7,93.26,53.81
2016-06-26,0.0,34.51,24.07,88.59,55.29
2016-06-27,17.6,36.59,23.83,91.53,50.62
2016-06-28,0.02,36.24,23.46,94.51,52.73
2016-06-29,0.49,36.72,24.34,93.47,51.62
2016-06-30,3.39,35.08,24.77,94.36,57.07
2016-07-01,0.01,35.88,25.0,93.56,51.33
2016-07-02,3.21,35.11,23.79,95.6,57.84
2016-07-03,1.34,35.84,24.82,94.79,51.67
2016-07-04,1.47,34.02,24.18,92.31,60.67
2016-07-05,0.0,34.53,24.44,94.22,57.9
2016-07-06,0.0,35.76,24.27,95.22,51.19
2016-07-07,0.02,35.71,24.37,86.68,49.72
2016-07-08,0.0,36.32,25.45,86.86,50.9
2016-07-09,6.41,32.77,24.72,94.65,65.54
2016-07-10,0.0,34.94,24.08,94.98,51.04
2016-07-11,0.0,35.2,23.6,87.41,46.24
2016-07-12,0.0,34.84,23.34,83.6,47.75
2016-07-13,0.0,34.74,24.23,82.3,47.91
2016-07-14,3.8,34.8,25.43,86.71,54.37
2016-07-15,0.06,32.19,24.31,96.2,63.82
2016-07-16,0.0,36.82,24.13,86.03,42.64
2016-07-17,0.0,37.86,25.18,82.66,43.68
2016-07-18,0.04,36.9,25.74,87.46,47.77
2016-07-19,3.66,34.42,25.55,90.71,57.93
2016-07-20,38.19,31.14,24.81,97.37,71.08
2016-07-21,8.43,28.8,23.32,98.73,77.0
2016-07-22,0.0,31.23,23.5,98.02,68.36
2016-07-23,8.98,30.32,23.85,98.16,73.96
2016-07-24,49.11,27.37,23.25,99.56,89.83
2016-07-25,16.66,30.95,23.12,99.08,71.96
2016-07-26,7.83,31.21,23.3,99.11,69.19
2016-07-27,0.28,32.16,23.52,97.12,68.41
2016-07-28,0.08,33.32,24.92,98.05,62.47
2016-07-29,8.81,32.92,24.93,95.84,62.43
2016-07-30,17.11,33.41,23.94,98.05,63.0
2016-07-31,0.11,33.7,24.41,97.98,63.6
2016-08-01,0.12,33.0,24.07,96.67,64.35
2016-08-02,0.0,34.39,24.36,96.59,60.57
2016-08-03,0.0,33.63,24.79,95.68,62.2
2016-08-04,11.63,33.7,24.88,93.99,61.3
2016-08-05,0.51,30.88,23.76,96.7,72.28
2016-08-06,1.61,33.89,23.85,95.98,58.67
2016-08-07,0.08,34.49,24.79,91.05,58.08
2016-08-08,0.0,35.13,24.81,90.18,53.75
2016-08-09,0.0,34.22,24.22,92.48,55.94
2016-08-10,13.1,33.4,24.51,93.88,60.18
2016-08-11,9.34,29.51,23.71,97.87,79.14
2016-08-12,0.09,32.62,23.7,97.89,63.11
2016-08-13,6.28,33.96,23.72,96.93,64.25
2016-08-14,0.0,31.42,24.0,98.14,73.06
2016-08-15,0.31,33.6,24.34,94.85,60.22
2016-08-16,14.39,29.64,24.06,97.07,77.87
2016-08-17,2.73,31.94,23.35,97.23,68.13
2016-08-18,0.0,31.92,24.5,97.76,68.61
2016-08-19,9.11,34.21,25.05,95.11,62.79
2016-08-20,20.86,31.98,23.66,97.58,73.49
2016-08-21,0.14,33.89,23.84,97.43,60.34
2016-08-22,28.53,33.69,23.99,96.65,65.03
2016-08-23,0.0,31.78,23.64,97.7,72.67
2016-08-24,0.0,33.08,24.61,97.97,66.12
2016-08-25,0.0,33.12,24.76,97.92,62.98
2016-08-26,5.37,31.92,24.68,97.52,69.31
2016-08-27,28.48,30.9,23.94,98.63,76.03
2016-08-28,0.0,32.12,24.01,98.44,71.34
2016-08-29,33.09,31.42,24.01,98.82,74.15
2016-08-30,0.19,31.94,23.39,98.28,69.69
2016-08-31,38.15,31.92,24.08,98.83,71.01
2016-09-01,18.06,30.25,23.15,98.27,75.0
2016-09-02,1.24,33.29,23.45,98.1,67.36
2016-09-03,2.25,33.04,24.42,97.87,72.4
2016-09-04,0.0,33.93,23.51,97.3,63.84
2016-09-05,27.47,35.02,24.67,98.63,65.44
2016-09-06,0.0,33.61,23.65,98.53,68.23
2016-09-07,2.38,34.08,23.52,97.8,63.07
2016-09-08,0.0,33.77,24.43,96.44,64.72
2016-09-09,12.46,31.37,24.04,99.22,80.32
2016-09-10,24.23,33.03,23.54,99.36,67.27
2016-09-11,14.84,32.32,23.1,98.83,67.1
2016-09-12,33.21,32.25,22.81,98.34,71.48
2016-09-13,4.09,33.03,22.8,97.76,66.36
2016-09-14,0.13,33.46,23.0,93.32,64.93
2016-09-15,4.26,34.16,24.02,96.54,64.85
2016-09-16,3.62,30.62,23.46,98.01,80.06
2016-09-17,16.71,31.7,23.57,98.55,71.66
2016-09-18,13.03,33.48,23.32,96.4,63.18
2016-09-19,5.14,32.92,22.93,97.75,66.83
2016-09-20,1.39,31.14,23.07,98.08,73.15
2016-09-21,0.0,34.3,23.52,98.84,61.22
2016-09-22,11.22,33.98,24.3,97.85,65.42
2016-09-23,0.58,32.58,23.57,98.29,68.45
2016-09-24,0.55,34.51,23.55,98.26,60.98
2016-09-25,22.86,33.69,23.8,98.15,65.99
2016-09-26,0.06,33.57,23.23,97.91,63.56
2016-09-27,12.77,33.59,23.99,98.29,64.61
2016-09-28,1.37,31.35,23.15,98.38,71.91
2016-09-29,28.57,33.43,24.2,97.21,68.18
2016-09-30,0.02,32.84,23.41,98.44,68.43
2016-10-01,0.01,34.61,23.86,98.02,67.05
2016-10-02,0.0,34.53,24.46,98.16,64.76
2016-10-03,0.0,35.13,24.28,97.79,61.98
2016-10-04,0.0,35.77,23.93,98.11,60.97
2016-10-05,2.94,34.68,23.83,96.9,69.47
2016-10-06,0.13,34.99,23.21,97.6,61.73
2016-10-07,0.0,35.36,23.75,97.48,59.9
2016-10-08,0.07,34.38,23.94,97.51,66.26
2016-10-09,0.0,35.19,23.97,97.89,63.69
2016-10-10,0.0,34.57,24.19,96.08,62.93
2016-10-11,0.0,34.94,23.91,97.81,61.29
2016-10-12,0.0,35.23,23.86,96.87,65.36
2016-10-13,0.0,36.04,23.8,97.42,60.18
2016-10-14,0.0,34.9,23.82,94.97,63.54
2016-10-15,0.15,34.89,23.5,95.88,63.39
2016-10-16,0.0,32.66,23.57,97.53,72.81
2016-10-17,6.28,34.5,23.06,94.78,64.04
2016-10-18,0.0,34.93,23.18,95.67,64.53
2016-10-19,0.0,34.94,23.97,98.09,66.91
2016-10-20,0.03,34.86,24.21,96.98,64.79
2016-10-21,0.0,34.86,23.48,96.12,64.11
2016-10-22,0.0,35.57,23.4,96.98,59.13
2016-10-23,0.0,34.64,23.59,94.29,65.78
2016-10-24,0.2,34.49,22.69,95.02,58.58
2016-10-25,0.0,33.21,22.85,95.69,64.81
2016-10-26,0.0,34.61,22.16,94.0,48.93
2016-10-27,0.0,34.89,22.66,93.28,56.07
2016-10-28,0.0,36.73,23.31,92.2,48.38
2016-10-29,0.0,36.29,24.2,94.09,58.44
2016-10-30,0.54,36.06,23.8,95.82,60.78
2016-10-31,0.04,35.49,23.15,95.9,58.86
2016-11-01,0.0,33.4,20.83,96.24,68.0
2016-11-02,0.0,33.41,20.83,97.01,58.94
2016-11-03,0.0,32.2,21.62,93.36,62.67
2016-11-04,0.0,27.81,21.01,89.97,69.68
2016-11-05,0.0,30.56,20.26,90.09,58.05
2016-11-06,0.0,31.65,19.85,88.27,51.97
2016-11-07,0.0,33.7,19.56,86.58,51.24
2016-11-08,0.0,35.55,20.05,87.84,47.32
2016-11-09,0.0,35.2,20.52,92.16,45.93
2016-11-10,0.0,34.18,19.61,93.37,38.7
2016-11-11,0.0,33.36,19.15,86.12,41.92
2016-11-12,0.0,33.65,18.04,81.7,37.29
2016-11-13,0.0,33.98,16.31,85.33,38.81
2016-11-14,0.0,34.9,17.4,88.77,41.26
2016-11-15,0.0,34.4,18.55,87.76,42.33
2016-11-16,0.0,34.64,20.47,85.07,49.99
2016-11-17,0.0,35.83,19.45,82.29,42.46
2016-11-18,0.0,36.17,20.39,88.57,48.77
2016-11-19,0.0,36.04,19.81,91.6,45.39
2016-11-20,0.0,36.41,19.39,81.32,30.41
2016-11-21,0.0,36.32,18.21,86.25,34.08
2016-11-22,0.0,36.35,18.48,82.31,36.62
2016-11-23,0.0,36.84,18.99,85.83,39.22
2016-11-24,0.0,35.64,20.23,88.5,46.16
2016-11-25,0.0,36.53,20.52,79.82,35.63
2016-11-26,0.0,35.51,19.58,78.13,40.96
2016-11-27,0.0,32.82,18.64,75.36,43.68
2016-11-28,0.0,33.81,19.33,76.84,40.87
2016-11-29,0.0,34.6,18.79,84.03,44.13
2016-11-30,0.0,34.13,19.13,84.65,46.51
2016-12-01,0.0,38.13,19.49,83.74,39.89
2016-12-02,0.0,38.45,19.58,86.97,32.69
2016-12-03,0.0,37.5,19.97,94.29,43.89
2016-12-04,0.0,39.17,19.92,94.76,35.47
2016-12-05,0.0,39.05,20.27,87.72,35.35
2016-12-06,0.0,38.37,19.72,90.13,38.49
2016-12-07,0.0,38.3,19.57,92.21,29.39
2016-12-08,0.0,37.96,18.09,77.42,24.38
2016-12-09,0.0,35.94,18.2,62.58,28.07
2016-12-10,0.0,33.7,17.05,65.23,30.39
2016-12-11,0.0,34.05,16.71,67.65,31.83
2016-12-12,0.0,35.57,16.77,69.19,28.39
2016-12-13,0.0,35.5,16.24,69.01,25.28
2016-12-14,0.0,32.45,16.18,56.64,25.25
2016-12-15,0.0,31.03,16.69,50.11,24.72
2016-12-16,0.0,30.36,15.11,53.08,25.42
2016-12-17,0.0,29.74,13.96,54.92,24.99
2016-12-18,0.0,29.39,16.14,59.26,31.46
2016-12-19,0.0,30.5,16.44,63.15,29.54
2016-12-20,0.0,31.11,16.13,54.68,25.05
2016-12-21,0.0,31.68,15.89,52.83,24.31
2016-12-22,0.0,31.43,16.71,45.31,19.99
2016-12-23,0.0,31.4,14.18,52.02,20.09
2016-12-24,0.0,33.17,15.4,46.68,20.48
2016-12-25,0.0,34.23,16.33,56.37,23.23
2016-12-26,0.0,34.2,16.65,59.33,23.95
2016-12-27,0.0,34.96,16.7,58.16,22.22
2016-12-28,0.0,34.3,16.72,63.06,27.69
2016-12-29,0.0,34.14,16.51,71.5,23.36
2016-12-30,0.0,35.22,15.56,53.37,21.79
2016-12-31,0.0,34.51,15.61,47.3,20.55
2017-01-01,0.0,35.36,16.34,51.14,22.36
2017-01-02,0.0,36.11,16.73,51.54,22.02
2017-01-03,0.0,36.29,15.71,50.95,22.7
2017-01-04,0.0,34.44,15.63,46.9,20.13
2017-01-05,0.0,32.37,12.6,44.43,18.57
2017-01-06,0.0,33.13,13.01,51.19,20.54
2017-01-07,0.0,36.96,14.31,53.3,22.47
2017-01-08,0.0,36.29,16.87,61.72,24.41
2017-01-09,0.0,35.2,17.38,54.49,22.19
2017-01-10,0.0,34.37,16.63,44.59,16.3
2017-01-11,0.0,32.12,16.05,39.53,16.87
2017-01-12,0.0,33.21,13.15,40.85,16.73
2017-01-13,0.0,33.28,13.93,37.7,17.14
2017-01-14,0.0,32.65,15.21,39.87,18.99
2017-01-15,0.0,35.38,15.76,50.36,22.28
2017-01-16,0.0,36.07,16.19,55.17,24.35
2017-01-17,0.0,36.77,16.94,60.68,26.81
2017-01-18,0.0,36.63,17.18,74.18,31.3
2017-01-19,0.0,36.79,16.99,80.81,31.83
2017-01-20,0.0,36.73,18.09,52.72,20.23
2017-01-21,0.0,35.25,17.85,43.21,19.86
2017-01-22,0.0,32.23,16.64,38.36,17.31
2017-01-23,0.0,32.28,15.3,41.92,20.64
2017-01-24,0.0,33.65,14.56,50.02,22.55
2017-01-25,0.0,35.8,13.79,50.49,20.19
2017-01-26,0.0,35.92,14.77,41.29,17.3
2017-01-27,0.0,34.6,15.32,42.14,14.96
2017-01-28,0.0,35.96,15.65,39.3,14.3
2017-01-29,0.0,36.26,15.91,36.39,13.36
2017-01-30,0.0,36.93,15.44,45.38,13.23
2017-01-31,0.0,36.17,16.15,39.69,12.15
2017-02-01,0.0,35.54,14.31,41.39,12.42
2017-02-02,0.0,33.87,14.16,47.51,17.84
2017-02-03,0.0,34.0,14.34,42.74,15.11
2017-02-04,0.0,35.4,14.33,40.71,13.74
2017-02-05,0.0,35.37,17.11,33.18,13.81
2017-02-06,0.0,36.58,16.92,31.02,12.52
2017-02-07,0.0,37.89,18.4,31.21,11.89
2017-02-08,0.0,37.1,18.04,29.76,12.14
2017-02-09,0.0,36.4,16.8,36.3,13.57
2017-02-10,0.0,37.55,18.31,36.79,12.78
2017-02-11,0.0,36.03,18.97,38.45,14.97
2017-02-12,0.0,35.5,19.25,46.49,17.01
2017-02-13,0.0,34.26,19.0,60.24,22.98
2017-02-14,0.0,38.76,19.56,47.33,18.44
2017-02-15,0.0,39.57,19.87,46.67,16.61
2017-02-16,0.0,38.35,19.32,54.16,20.34
2017-02-17,0.0,39.09,19.38,58.98,21.03
2017-02-18,0.0,38.91,19.21,66.2,21.66
2017-02-19,0.0,39.24,20.22,59.65,18.22
2017-02-20,0.0,39.28,19.46,52.16,20.24
2017-02-21,0.0,37.88,18.78,54.07,19.44
2017-02-22,0.0,38.63,18.31,56.42,18.67
2017-02-23,0.0,38.6,18.63,45.28,17.43
2017-02-24,0.0,39.71,19.52,47.16,17.95
2017-02-25,0.0,40.06,21.2,44.26,19.15
2017-02-26,0.0,40.51,20.83,50.06,17.17
2017-02-27,0.0,40.87,20.79,54.0,18.36
2017-02-28,0.0,41.6,21.13,54.12,15.57
2017-03-01,0.0,42.29,20.9,42.99,12.66
2017-03-02,0.0,41.86,21.43,56.12,15.87
2017-03-03,0.0,42.19,21.22,59.76,14.28
2017-03-04,0.0,42.58,21.61,48.47,12.45
2017-03-05,0.0,40.79,21.64,49.62,14.99
2017-03-06,0.0,40.54,20.54,49.49,15.92
2017-03-07,0.0,42.51,20.54,45.58,13.92
2017-03-08,0.0,42.85,21.57,45.72,11.35
2017-03-09,0.0,42.58,20.58,48.5,11.88
2017-03-10,0.0,42.09,19.65,52.01,13.26
2017-03-11,0.0,42.02,20.19,59.78,15.59
2017-03-12,0.0,41.79,20.14,64.88,16.17
2017-03-13,0.0,42.31,20.77,66.19,14.78
2017-03-14,0.0,40.29,21.03,66.91,17.44
2017-03-15,0.0,39.89,21.0,68.23,21.14
2017-03-16,0.0,41.59,22.47,59.81,12.24
2017-03-17,0.0,40.13,22.63,42.36,14.36
2017-03-18,0.0,36.72,20.97,56.0,22.8
2017-03-19,0.0,36.4,19.07,55.78,20.15
2017-03-20,0.0,39.36,20.33,44.92,16.38
2017-03-21,0.0,41.68,22.45,33.45,13.99
2017-03-22,0.0,42.8,22.29,36.16,12.7
2017-03-23,0.0,41.03,21.65,46.47,15.18
2017-03-24,0.0,41.13,21.88,50.4,16.81
2017-03-25,0.0,39.47,22.35,57.05,22.3
2017-03-26,0.0,40.96,22.34,58.22,22.45
2017-03-27,0.0,42.81,23.34,48.26,16.83
2017-03-28,0.0,44.25,26.08,44.25,15.96
2017-03-29,0.0,44.6,27.27,47.07,16.66
2017-03-30,0.0,41.4,23.61,70.83,26.28
2017-03-31,0.0,41.91,22.81,75.85,27.86
2017-04-01,0.0,43.13,24.02,68.84,20.66
2017-04-02,0.0,42.82,23.85,67.17,16.06
2017-04-03,0.0,41.49,21.98,81.31,16.04
2017-04-04,0.0,41.59,20.57,72.76,13.96
2017-04-05,0.0,43.84,21.92,57.69,13.74
2017-04-06,0.0,42.35,22.29,68.68,13.63
2017-04-07,0.0,41.74,21.5,60.2,10.98
2017-04-08,0.0,39.74,21.05,53.51,14.65
2017-04-09,0.0,39.09,21.5,48.62,16.18
2017-04-10,0.03,41.98,22.39,46.18,12.58
2017-04-11,0.0,43.14,23.82,40.6,13.04
2017-04-12,0.0,42.6,27.05,36.21,9.06
2017-04-13,0.0,43.28,23.28,42.01,9.03
2017-04-14,0.0,43.27,25.35,27.51,9.72
2017-04-15,0.0,42.51,24.4,42.77,10.54
2017-04-16,0.0,43.51,23.09,39.49,10.18
2017-04-17,0.0,43.34,23.06,37.43,9.62
2017-04-18,0.0,42.34,22.82,52.43,14.98
2017-04-19,0.0,41.04,22.34,60.35,20.04
2017-04-20,0.0,40.34,22.69,58.95,21.2
2017-04-21,0.0,40.68,22.52,60.13,18.13
2017-04-22,0.0,41.13,22.63,58.08,18.55
2017-04-23,0.0,41.77,22.03,59.95,16.2
2017-04-24,0.0,41.07,22.14,56.05,17.3
2017-04-25,0.0,41.58,22.18,57.5,17.79
2017-04-26,0.0,42.76,23.61,48.16,15.72
2017-04-27,0.0,42.31,24.75,59.72,19.06
2017-04-28,0.0,42.03,23.35,61.25,17.72
2017-04-29,0.0,41.12,23.45,53.65,19.58
2017-04-30,0.0,42.0,23.45,55.42,17.39
2017-05-01,0.02,43.26,24.19,55.06,18.86
2017-05-02,0.0,40.86,23.3,70.24,24.35
2017-05-03,0.0,39.99,22.73,69.97,20.48
2017-05-04,0.03,38.42,21.9,63.94,21.08
2017-05-05,0.0,40.24,22.3,61.7,19.59
2017-05-06,0.0,43.39,23.63,61.61,17.88
2017-05-07,0.0,42.56,25.02,58.96,22.63
2017-05-08,0.0,40.85,24.89,67.19,29.19
2017-05-09,0.0,38.79,24.3,86.81,38.76
2017-05-10,0.0,37.71,24.77,80.62,40.09
2017-05-11,0.0,40.44,23.65,85.92,28.87
2017-05-12,0.0,42.55,23.72,63.29,20.29
2017-05-13,0.01,40.6,24.36,74.63,31.13
2017-05-14,0.12,38.94,24.52,76.5,35.47
2017-05-15,0.0,40.83,25.44,78.13,32.16
2017-05-16,0.0,41.28,25.82,78.32,26.35
2017-05-17,0.0,39.19,24.98,80.59,34.74
2017-05-18,0.0,39.76,24.62,87.7,35.36
2017-05-19,0.0,39.47,24.39,87.58,37.86
2017-05-20,0.0,39.45,24.41,86.11,36.65
2017-05-21,0.0,41.04,24.99,74.6,27.26
2017-05-22,0.0,41.32,24.56,74.03,24.11
2017-05-23,0.0,41.1,24.77,73.34,28.36
2017-05-24,0.0,40.68,25.69,74.21,30.76
2017-05-25,0.0,41.75,25.67,73.84,27.93
2017-05-26,0.0,40.88,23.33,86.98,36.56
2017-05-27,2.12,40.31,24.27,83.06,35.63
2017-05-28,0.0,36.95,24.34,85.15,45.11
2017-05-29,0.0,38.37,24.04,82.44,46.97
2017-05-30,0.0,38.5,24.62,84.3,41.24
2017-05-31,0.52,40.02,25.57,86.97,38.43
2017-06-01,0.0,40.65,25.54,79.6,23.28
2017-06-02,0.0,41.31,24.74,64.74,20.74
2017-06-03,0.0,40.78,24.73,67.69,22.46
2017-06-04,0.0,38.76,24.39,70.47,30.04
2017-06-05,0.0,39.88,25.25,73.89,28.93
2017-06-06,0.0,40.41,25.41,78.14,29.94
2017-06-07,0.0,40.9,25.93,75.93,29.85
2017-06-08,1.53,38.27,24.96,85.94,44.92
2017-06-09,0.0,38.8,25.01,90.41,38.52
2017-06-10,0.01,37.63,25.04,84.97,44.36
2017-06-11,0.25,36.84,24.96,89.69,48.39
2017-06-12,0.0,37.5,25.25,90.83,40.75
2017-06-13,0.0,38.62,24.56,80.93,32.65
2017-06-14,0.0,38.69,24.39,81.3,32.31
2017-06-15,0.0,38.84,24.67,80.08,32.63
2017-06-16,0.01,38.58,25.13,83.58,37.75
2017-06-17,0.13,37.61,25.74,82.43,39.98
2017-06-18,0.05,38.07,25.4,82.57,39.85
2017-06-19,0.0,39.71,25.28,84.43,34.73
2017-06-20,0.01,37.64,25.16,76.88,33.21
2017-06-21,0.17,36.5,24.52,82.46,40.04
2017-06-22,14.34,32.05,24.75,96.53,59.91
2017-06-23,0.0,37.38,24.6,95.46,47.83
2017-06-24,0.03,35.97,24.73,94.68,49.2
2017-06-25,0.51,35.84,24.42,91.43,46.95
2017-06-26,7.07,35.73,24.98,92.45,51.66
2017-06-27,3.34,30.28,23.59,97.02,80.28
2017-06-28,19.0,33.54,23.56,97.62,63.67
2017-06-29,14.97,32.54,23.33,97.65,64.79
2017-06-30,38.01,34.53,24.06,94.71,58.94
2017-07-01,8.77,32.55,23.26,97.96,67.1
2017-07-02,3.59,31.59,23.65,97.86,71.46
2017-07-03,0.0,34.54,24.52,95.42,57.48
2017-07-04,0.0,33.99,25.6,93.8,55.26
2017-07-05,0.0,34.33,23.68,89.08,54.6
2017-07-06,2.2,34.52,25.17,92.6,55.59
2017-07-07,0.66,34.17,24.78,94.69,56.31
2017-07-08,16.85,31.92,24.69,96.08,70.31
2017-07-09,0.0,34.21,24.16,97.13,61.83
2017-07-10,0.0,34.64,24.73,95.86,57.14
2017-07-11,0.13,34.03,24.66,93.81,58.51
2017-07-12,3.98,34.21,24.56,94.7,59.72
2017-07-13,12.9,32.46,24.35,97.07,68.12
2017-07-14,4.41,30.56,24.32,96.91,75.22
2017-07-15,14.18,29.56,23.12,97.76,77.82
2017-07-16,0.0,30.78,23.98,97.49,73.18
2017-07-17,1.28,31.53,24.26,97.7,72.66
2017-07-18,0.0,32.82,24.39,96.51,64.26
2017-07-19,0.03,32.87,24.7,95.65,64.72
2017-07-20,16.47,34.22,24.94,96.42,58.19
2017-07-21,17.31,30.43,23.2,98.93,69.85
2017-07-22,0.0,33.02,24.59,94.62,56.67
2017-07-23,0.0,34.35,23.87,92.9,57.21
2017-07-24,22.59,32.65,24.37,97.82,70.4
2017-07-25,0.0,32.04,23.76,97.79,68.5
2017-07-26,0.0,33.14,24.34,96.77,62.62
2017-07-27,0.0,34.15,24.96,95.12,58.29
2017-07-28,0.27,33.76,25.04,95.97,63.1
2017-07-29,22.32,33.29,24.86,97.49,63.87
2017-07-30,29.65,31.35,23.42,99.54,74.64
2017-07-31,0.0,32.63,23.12,94.48,63.99
2017-08-01,10.8,33.83,24.46,96.62,60.59
2017-08-02,12.3,32.66,23.87,97.93,70.53
2017-08-03,6.03,29.93,23.41,99.22,74.32
2017-08-04,0.0,31.4,23.84,97.78,72.3
2017-08-05,0.0,33.54,24.16,96.63,60.59
2017-08-06,0.01,32.97,23.44,89.82,58.36
2017-08-07,2.41,31.77,24.46,97.13,66.69
2017-08-08,9.11,32.86,24.44,89.33,59.25
2017-08-09,0.89,30.68,23.87,96.92,72.42
2017-08-10,7.39,31.57,24.49,97.63,71.23
2017-08-11,5.25,32.31,23.78,97.76,69.28
2017-08-12,37.5,32.5,24.72,97.37,66.65
2017-08-13,0.75,31.58,23.66,98.39,71.08
2017-08-14,0.01,33.89,24.17,95.87,61.42
2017-08-15,4.25,33.42,24.78,96.28,69.05
2017-08-16,4.28,32.43,24.1,94.59,69.41
2017-08-17,1.54,33.51,23.71,96.22,62.25
2017-08-18,14.18,31.34,22.59,94.59,70.71
2017-08-19,17.2,33.55,24.46,94.25,63.55
2017-08-20,6.28,29.71,22.77,97.99,77.74
2017-08-21,1.0,32.94,23.86,96.29,66.15
2017-08-22,40.17,30.82,24.52,97.12,77.76
2017-08-23,8.64,27.88,22.61,99.0,86.12
2017-08-24,2.24,29.4,23.33,98.72,78.55
2017-08-25,13.76,32.43,24.27,97.08,68.08
2017-08-26,20.45,28.59,23.69,99.78,85.4
2017-08-27,18.83,33.81,23.09,97.44,60.99
2017-08-28,0.04,31.84,23.46,98.94,69.15
2017-08-29,2.45,32.31,24.05,97.4,69.76
2017-08-30,2.7,33.67,24.03,98.09,66.35
2017-08-31,24.96,30.9,23.07,99.53,76.45
2017-09-01,0.0,33.84,23.74,98.05,61.99
2017-09-02,0.0,33.7,24.41,96.13,61.21
2017-09-03,0.07,33.06,24.05,96.86,63.48
2017-09-04,15.89,31.66,24.12,97.75,73.8
2017-09-05,0.0,31.31,22.23,98.28,74.5
2017-09-06,0.02,35.36,23.87,98.15,60.26
2017-09-07,14.23,34.5,24.97,96.76,64.34
2017-09-08,0.0,33.24,23.12,98.71,67.49
2017-09-09,2.93,33.34,24.19,98.96,66.8
2017-09-10,0.2,33.84,23.72,97.73,65.13
2017-09-11,0.0,34.26,23.15,98.03,61.89
2017-09-12,0.0,35.28,25.4,92.69,58.68
2017-09-13,0.43,34.61,24.87,97.24,63.16
2017-09-14,0.46,34.07,23.92,96.39,63.35
2017-09-15,0.0,34.49,24.78,93.8,61.67
2017-09-16,0.04,34.51,24.52,92.75,60.94
2017-09-17,0.0,33.98,24.53,94.8,61.62
2017-09-18,27.78,33.08,24.81,98.46,69.93
2017-09-19,0.0,34.45,23.39,97.79,63.89
2017-09-20,0.0,34.04,24.7,97.49,67.55
2017-09-21,0.0,35.83,24.76,95.97,58.12
2017-09-22,0.05,34.64,25.12,91.75,58.33
2017-09-23,1.19,32.13,24.59,96.86,71.59
2017-09-24,12.14,30.68,23.13,99.13,78.86
2017-09-25,0.04,28.75,22.97,98.84,83.41
2017-09-26,0.0,33.75,23.11,98.81,64.2
2017-09-27,0.0,35.33,24.17,97.76,61.09
2017-09-28,1.84,34.83,24.49,98.09,65.6
2017-09-29,0.0,34.75,24.51,98.26,65.51
2017-09-30,0.0,34.2,24.36,96.34,62.44
2017-10-01,0.0,34.24,24.46,98.37,69.47
2017-10-02,17.24,34.98,24.42,98.92,68.95
2017-10-03,0.0,34.58,23.1,97.85,65.51
2017-10-04,0.77,31.8,23.1,96.57,68.76
2017-10-05,0.0,34.52,23.09,98.26,64.35
2017-10-06,0.0,36.45,23.44,98.05,54.04
2017-10-07,0.0,35.96,24.07,97.68,54.31
2017-10-08,0.0,33.44,23.7,95.87,70.83
2017-10-09,0.0,35.05,23.73,96.55,59.92
2017-10-10,0.0,35.96,23.94,98.52,54.36
2017-10-11,15.73,34.52,24.27,98.09,66.01
2017-10-12,0.0,34.38,22.38,98.08,63.25
2017-10-13,0.0,35.15,23.65,98.2,62.33
2017-10-14,0.0,35.54,24.52,98.35,61.48
2017-10-15,0.07,34.69,24.9,98.53,67.67
2017-10-16,1.03,35.07,23.77,98.0,63.38
2017-10-17,0.0,33.88,23.23,97.61,64.48
2017-10-18,0.0,36.6,23.9,98.48,52.57
2017-10-19,0.0,36.48,25.17,89.4,54.27
2017-10-20,0.39,36.26,24.69,98.12,56.82
2017-10-21,0.0,37.19,24.22,98.56,51.07
2017-10-22,0.0,38.45,24.58,85.7,41.66
2017-10-23,0.0,37.39,24.52,90.23,50.59
2017-10-24,0.0,36.73,24.77,97.44,56.39
2017-10-25,0.0,37.3,23.52,98.82,40.85
2017-10-26,0.0,37.12,22.26,84.05,41.22
2017-10-27,0.0,37.51,23.19,97.87,46.6
2017-10-28,0.0,37.42,23.76,97.7,41.77
2017-10-29,0.0,36.99,24.16,98.48,51.24
2017-10-30,0.0,37.37,24.05,97.51,46.62
2017-10-31,0.0,38.36,24.26,94.93,38.97
2017-11-01,0.0,38.61,23.03,94.18,37.85
2017-11-02,0.0,39.48,22.43,95.65,35.59
2017-11-03,0.03,37.92,22.96,97.53,43.43
2017-11-04,0.0,38.4,22.13,97.65,37.64
2017-11-05,0.0,37.16,21.77,97.33,42.48
2017-11-06,0.0,34.82,21.48,96.56,54.87
2017-11-07,0.0,34.92,21.61,96.42,51.49
2017-11-08,0.0,34.59,21.29,96.09,52.7
2017-11-09,0.0,38.47,19.84,94.96,33.79
2017-11-10,0.0,37.7,20.68,94.8,39.99
2017-11-11,0.0,39.47,21.8,96.81,31.45
2017-11-12,0.0,37.57,20.47,62.75,20.58
2017-11-13,0.0,35.18,18.47,56.54,23.5
2017-11-14,0.0,35.92,17.08,68.15,23.4
2017-11-15,0.0,36.58,16.7,72.72,24.72
2017-11-16,0.0,37.13,17.33,70.5,24.34
2017-11-17,0.0,34.88,19.1,64.25,24.69
2017-11-18,0.0,35.27,18.27,64.59,22.01
2017-11-19,0.0,36.15,17.23,52.73,19.39
2017-11-20,0.0,36.8,17.16,62.21,20.71
2017-11-21,0.0,37.98,20.64,65.39,19.71
2017-11-22,0.0,36.68,18.46,56.28,19.71
2017-11-23,0.0,37.71,19.36,57.4,23.5
2017-11-24,0.0,37.56,20.3,65.58,28.74
2017-11-25,0.0,37.41,20.99,75.62,29.25
2017-11-26,0.0,38.21,19.88,73.16,26.48
2017-11-27,0.0,38.67,19.22,73.86,25.34
2017-11-28,0.0,38.24,19.84,73.27,27.16
2017-11-29,0.0,36.26,19.15,81.69,33.53
2017-11-30,0.0,35.94,19.84,96.71,47.65
2017-12-01,0.0,37.94,18.96,86.19,22.47
2017-12-02,0.0,37.44,17.68,65.14,20.07
2017-12-03,0.0,36.88,16.83,60.79,22.02
2017-12-04,0.0,36.89,16.54,69.82,26.93
2017-12-05,0.0,37.46,16.41,70.81,25.59
2017-12-06,0.0,34.9,16.99,57.16,24.09
2017-12-07,0.0,33.67,16.35,51.9,22.21
2017-12-08,0.0,32.44,14.56,58.64,25.43
2017-12-09,0.0,32.81,14.96,62.15,28.04
2017-12-10,0.0,34.43,15.43,60.85,24.46
2017-12-11,0.0,34.5,15.91,55.13,22.19
2017-12-12,0.0,33.82,14.94,58.35,23.3
2017-12-13,0.0,31.83,13.61,65.12,24.15
2017-12-14,0.0,30.35,13.01,68.02,29.21
2017-12-15,0.0,31.95,14.06,58.83,26.56
2017-12-16,0.0,34.97,16.29,51.66,25.23
2017-12-17,0.0,34.98,16.78,51.66,24.35
2017-12-18,0.0,33.77,16.01,49.62,21.68
2017-12-19,0.0,34.53,15.29,69.24,24.64
2017-12-20,0.0,32.73,17.24,57.53,27.71
2017-12-21,0.0,31.06,17.23,42.71,25.14
2017-12-22,0.0,29.06,16.11,38.4,22.76
2017-12-23,0.0,28.98,15.09,40.84,23.43
2017-12-24,0.0,28.33,14.45,48.85,24.28
2017-12-25,0.0,32.84,15.08,47.97,23.62
2017-12-26,0.0,34.13,17.2,41.92,22.82
2017-12-27,0.0,33.36,17.34,46.71,23.98
2017-12-28,0.0,32.8,16.07,50.09,24.69
2017-12-29,0.0,33.05,14.93,49.6,20.16
2017-12-30,0.0,33.73,14.83,45.86,24.4
2017-12-31,0.0,36.19,15.52,50.07,20.81
2018-01-01,0.0,36.53,17.43,48.45,18.47
2018-01-02,0.0,33.72,17.4,39.02,18.96
2018-01-03,0.0,35.04,17.62,39.43,19.5
2018-01-04,0.0,35.98,17.18,41.07,19.13
2018-01-05,0.0,37.02,18.07,42.72,17.62
2018-01-06,0.0,35.84,16.81,42.73,17.4
2018-01-07,0.0,33.66,15.65,42.06,17.58
2018-01-08,0.0,34.45,13.86,49.85,17.53
2018-01-09,0.0,34.37,14.69,53.91,18.02
2018-01-10,0.0,33.51,14.55,50.89,21.51
2018-01-11,0.0,33.93,14.71,51.78,21.63
2018-01-12,0.0,34.93,14.85,47.17,17.26
2018-01-13,0.0,35.26,14.24,44.48,14.32
2018-01-14,0.0,37.24,13.88,46.33,15.75
2018-01-15,0.0,36.84,14.72,45.44,15.57
2018-01-16,0.0,33.99,14.32,45.26,19.49
2018-01-17,0.0,30.31,14.22,51.51,24.41
2018-01-18,0.0,31.97,13.79,47.18,21.33
2018-01-19,0.0,33.76,15.27,42.23,18.92
2018-01-20,0.0,35.19,15.43,43.25,18.51
2018-01-21,0.0,35.11,16.05,41.72,17.31
2018-01-22,0.0,34.47,16.66,38.23,18.6
2018-01-23,0.0,35.67,15.54,44.63,19.26
2018-01-24,0.0,37.27,15.28,46.62,16.3
2018-01-25,0.0,37.61,16.56,40.85,13.87
2018-01-26,0.0,35.89,16.22,36.01,12.02
2018-01-27,0.0,35.07,16.09,40.43,16.82
2018-01-28,0.0,35.21,17.3,40.13,17.67
2018-01-29,0.0,35.44,15.0,55.29,18.3
2018-01-30,0.0,33.8,14.16,48.68,19.58
2018-01-31,0.0,34.62,16.82,41.61,17.8
2018-02-01,0.0,32.51,16.56,36.95,18.95
2018-02-02,0.0,30.19,16.85,50.26,20.64
2018-02-03,0.0,32.87,16.41,56.61,23.63
2018-02-04,0.0,35.06,18.01,43.25,24.61
2018-02-05,0.0,33.19,19.67,52.64,27.77
2018-02-06,0.0,32.03,20.14,47.2,26.6
2018-02-07,0.0,34.61,19.4,52.67,26.05
2018-02-08,0.0,32.5,17.91,42.85,22.86
2018-02-09,0.0,32.72,18.27,40.79,22.4
2018-02-10,0.0,33.23,17.19,38.09,19.0
2018-02-11,0.0,33.81,16.73,34.17,17.21
2018-02-12,0.0,35.59,17.51,28.68,16.49
2018-02-13,0.0,36.46,18.14,30.9,12.8
2018-02-14,0.0,36.8,18.36,33.38,11.32
2018-02-15,0.0,37.35,18.72,29.56,11.71
2018-02-16,0.0,36.22,20.62,40.22,14.56
2018-02-17,0.0,36.11,21.56,38.08,17.76
2018-02-18,0.0,38.5,18.76,51.04,18.38
2018-02-19,0.0,38.96,19.27,50.14,17.25
2018-02-20,0.0,40.02,18.62,56.42,18.37
2018-02-21,0.0,38.59,19.1,59.02,22.12
2018-02-22,0.0,37.22,19.24,55.79,23.48
2018-02-23,0.0,33.05,17.93,74.11,37.64
2018-02-24,0.0,32.6,16.5,84.24,30.26
2018-02-25,0.0,34.75,16.31,84.3,34.42
2018-02-26,0.0,34.56,16.46,79.63,31.58
2018-02-27,0.0,38.33,18.39,71.65,26.61
2018-02-28,0.0,36.78,19.13,68.53,28.83
2018-03-01,0.0,36.95,19.64,68.73,28.35
2018-03-02,0.0,40.0,20.68,65.69,26.24
2018-03-03,0.0,41.01,22.34,57.39,22.75
2018-03-04,0.0,40.59,21.91,58.42,20.61
2018-03-05,0.0,42.64,22.45,51.24,17.62
2018-03-06,0.0,37.12,22.27,52.05,17.12
2018-03-07,0.0,38.14,21.66,52.38,17.11
2018-03-08,0.0,36.88,20.3,58.32,17.73
2018-03-09,0.0,36.66,20.42,69.92,20.12
2018-03-10,0.0,37.33,19.72,60.25,18.91
2018-03-11,0.0,38.11,19.71,49.59,13.05
2018-03-12,0.0,38.56,19.93,65.0,18.43
2018-03-13,0.0,39.03,20.09,77.97,19.97
2018-03-14,0.0,38.81,19.74,68.78,18.48
2018-03-15,0.0,38.79,20.12,62.03,17.69
2018-03-16,0.0,37.4,21.7,62.48,17.9
2018-03-17,0.0,38.9,21.63,55.22,19.29
2018-03-18,0.0,39.63,20.49,46.23,17.27
2018-03-19,0.0,39.89,20.17,42.66,12.97
2018-03-20,0.0,41.66,21.08,41.01,13.64
2018-03-21,0.0,40.86,20.35,52.62,16.74
2018-03-22,0.0,40.53,20.11,43.25,15.71
2018-03-23,0.0,39.17,21.87,36.72,11.8
2018-03-24,0.0,37.24,21.45,25.93,9.18
2018-03-25,0.0,38.46,21.13,25.93,10.69
2018-03-26,0.0,39.69,20.68,26.23,8.74
2018-03-27,0.0,37.71,22.71,29.58,9.89
2018-03-28,0.0,41.84,22.72,33.07,12.42
2018-03-29,0.0,41.78,21.87,51.34,15.67
2018-03-30,0.0,40.02,21.46,58.62,19.92
2018-03-31,0.0,41.18,22.53,51.3,12.18
2018-04-01,0.0,41.33,22.19,43.84,15.86
2018-04-02,0.0,38.69,21.19,55.72,18.89
2018-04-03,0.0,39.3,20.23,62.36,22.28
2018-04-04,0.0,39.95,20.86,63.89,18.09
2018-04-05,0.0,42.96,22.05,52.13,14.03
2018-04-06,0.0,44.12,22.92,51.87,13.81
2018-04-07,0.0,40.66,22.69,65.18,22.5
2018-04-08,0.0,39.73,22.4,66.81,21.83
2018-04-09,0.0,40.91,21.09,64.08,18.26
2018-04-10,0.0,41.1,22.53,54.11,15.6
2018-04-11,0.0,42.08,23.62,49.74,13.13
2018-04-12,0.0,41.98,23.2,31.61,11.37
2018-04-13,0.0,40.92,22.32,41.97,14.86
2018-04-14,0.0,41.0,22.64,40.34,13.25
2018-04-15,0.0,41.09,21.86,49.31,15.82
2018-04-16,0.0,41.46,21.95,50.18,15.96
2018-04-17,0.0,40.93,21.34,50.36,16.5
2018-04-18,0.0,39.89,21.28,55.53,20.72
2018-04-19,0.0,37.76,20.31,69.3,24.44
2018-04-20,0.0,37.07,19.08,70.57,22.94
2018-04-21,0.0,38.55,19.33,69.26,23.51
2018-04-22,0.0,38.27,20.75,66.59,22.4
2018-04-23,0.0,40.09,20.9,57.33,19.97
2018-04-24,0.0,41.8,22.76,54.01,17.11
2018-04-25,0.0,43.15,23.53,39.04,15.13
2018-04-26,0.0,43.41,23.86,41.35,15.69
2018-04-27,0.0,42.64,23.12,61.65,22.0
2018-04-28,0.0,40.81,21.93,66.28,21.53
2018-04-29,0.0,42.78,22.43,58.74,16.65
2018-04-30,0.0,43.21,23.54,41.47,13.67
2018-05-01,0.0,42.55,23.74,49.96,11.68
2018-05-02,0.0,42.99,23.45,35.03,10.55
2018-05-03,0.0,42.97,23.45,35.9,12.16
2018-05-04,0.0,41.78,22.76,46.99,14.9
2018-05-05,0.0,41.21,22.12,57.62,15.67
2018-05-06,0.0,40.58,21.9,54.11,18.09
2018-05-07,0.05,41.05,22.81,56.03,18.27
2018-05-08,0.0,42.32,22.84,54.11,14.63
2018-05-09,0.0,42.41,23.25,48.45,13.96
2018-05-10,0.0,41.85,22.65,52.75,15.9
2018-05-11,0.0,40.69,22.31,59.87,17.68
2018-05-12,0.0,39.16,21.72,66.13,20.97
2018-05-13,0.0,40.86,21.81,64.47,18.02
2018-05-14,0.0,38.81,23.09,59.05,21.52
2018-05-15,0.0,38.74,22.39,64.51,23.45
2018-05-16,0.0,41.3,23.36,59.22,19.68
2018-05-17,0.0,41.2,22.82,56.52,18.82
2018-05-18,0.0,39.74,22.35,67.78,22.16
2018-05-19,0.0,39.39,22.16,70.04,21.1
2018-05-20,0.0,40.08,22.81,66.39,22.11
2018-05-21,0.0,40.7,22.51,66.15,19.88
2018-05-22,0.0,41.41,22.61,59.08,17.95
2018-05-23,0.0,42.31,23.56,52.36,16.51
2018-05-24,0.0,41.47,23.18,58.43,21.51
2018-05-25,0.0,40.67,23.23,67.42,22.85
2018-05-26,0.0,39.86,22.32,69.75,23.68
2018-05-27,0.0,39.57,22.22,71.43,25.38
2018-05-28,0.0,40.21,23.13,68.58,26.94
2018-05-29,0.0,39.19,23.91,70.52,30.09
2018-05-30,0.0,39.41,23.75,78.83,36.09
2018-05-31,0.0,38.55,23.42,79.91,32.58
2018-06-01,0.0,39.85,23.07,64.55,22.59
2018-06-02,0.0,40.16,25.28,62.84,29.28
2018-06-03,0.0,38.3,24.16,85.7,38.2
2018-06-04,0.02,37.98,23.83,87.39,37.65
2018-06-05,0.09,38.47,24.83,69.67,33.18
2018-06-06,2.58,39.02,25.87,68.46,31.98
2018-06-07,0.02,38.77,24.55,73.75,30.94
2018-06-08,0.0,39.84,25.64,67.86,25.05
2018-06-09,0.0,39.4,24.97,72.42,28.83
2018-06-10,0.0,36.24,24.84,72.47,35.3
2018-06-11,0.0,39.31,24.01,78.15,28.68
2018-06-12,0.0,40.05,24.8,74.67,29.28
2018-06-13,6.27,39.54,25.4,79.71,34.78
2018-06-14,0.0,35.47,25.14,79.37,42.63
2018-06-15,3.23,39.48,25.54,73.72,32.56
2018-06-16,0.0,39.24,25.11,71.85,28.27
2018-06-17,0.0,39.04,24.3,64.83,24.92
2018-06-18,0.0,35.4,23.88,68.03,30.91
2018-06-19,0.0,36.64,24.4,70.38,25.7
2018-06-20,0.0,38.28,24.29,68.28,25.74
2018-06-21,0.0,37.36,24.57,77.55,34.85
2018-06-22,0.0,38.6,24.88,77.48,35.8
2018-06-23,0.0,37.46,25.39,77.19,37.73
2018-06-24,0.0,38.13,25.45,80.66,39.1
2018-06-25,0.23,39.63,24.64,78.26,25.8
2018-06-26,0.0,38.12,25.56,75.74,40.13
2018-06-27,15.77,35.88,24.67,97.54,52.69
2018-06-28,0.0,33.78,22.99,96.48,57.36
2018-06-29,0.0,34.82,24.73,95.26,56.03
2018-06-30,0.01,35.27,24.2,91.5,48.6
2018-07-01,2.07,35.55,24.05,81.35,45.98
2018-07-02,0.13,35.6,23.27,89.94,49.26
2018-07-03,9.66,31.94,24.07,96.11,64.84
2018-07-04,0.1,34.0,24.23,92.85,50.01
2018-07-05,0.01,35.72,25.1,89.21,48.98
2018-07-06,3.23,35.11,24.78,92.38,50.25
2018-07-07,20.62,34.28,24.82,96.41,54.04
2018-07-08,0.0,33.42,23.08,98.21,59.57
2018-07-09,4.69,33.81,24.09,94.74,59.6
2018-07-10,10.23,34.92,24.13,95.36,53.22
2018-07-11,0.0,35.46,24.15,91.81,52.4
2018-07-12,0.0,34.08,25.59,90.91,58.5
2018-07-13,1.06,35.41,24.99,94.35,50.36
2018-07-14,0.07,33.23,24.95,91.47,59.92
2018-07-15,0.0,35.63,25.14,91.36,52.93
2018-07-16,0.0,34.95,25.35,88.79,50.67
2018-07-17,0.67,35.67,24.62,88.72,49.83
2018-07-18,6.96,36.3,25.33,86.7,48.81
2018-07-19,9.49,33.39,23.89,91.66,63.46
2018-07-20,0.02,34.48,24.35,97.21,56.5
2018-07-21,1.16,35.23,24.38,95.06,52.21
2018-07-22,6.84,35.72,24.99,89.44,49.72
2018-07-23,1.27,35.34,24.68,92.11,50.33
2018-07-24,7.19,33.96,25.38,92.69,57.41
2018-07-25,0.0,34.66,24.1,95.17,55.23
2018-07-26,0.02,34.58,23.51,86.55,51.25
2018-07-27,0.34,35.33,23.79,86.28,48.41
2018-07-28,7.22,33.02,24.63,91.67,61.04
2018-07-29,0.83,35.5,23.5,95.28,49.01
2018-07-30,0.0,37.65,24.88,80.39,44.44
2018-07-31,0.0,35.69,23.77,94.54,52.51
2018-08-01,0.0,34.4,24.09,94.72,57.52
2018-08-02,38.7,32.66,23.36,95.44,63.3
2018-08-03,17.16,29.22,23.43,98.69,73.3
2018-08-04,12.19,32.52,23.66,99.23,63.47
2018-08-05,0.0,30.75,24.04,97.65,75.73
2018-08-06,0.79,32.57,23.74,96.6,60.11
2018-08-07,0.58,32.36,23.43,97.22,63.68
2018-08-08,26.96,31.39,23.65,97.15,66.68
2018-08-09,0.77,30.6,23.22,97.88,72.45
2018-08-10,24.53,29.85,22.83,97.27,75.42
2018-08-11,0.0,31.92,22.96,98.38,62.05
2018-08-12,0.09,32.86,22.89,90.07,57.52
2018-08-13,1.96,32.46,23.89,94.93,59.08
2018-08-14,0.0,32.56,23.28,96.89,59.97
2018-08-15,0.0,34.54,24.27,91.68,54.72
2018-08-16,7.05,34.32,24.12,97.77,61.54
2018-08-17,0.49,33.63,23.97,95.28,62.27
2018-08-18,2.0,31.33,23.92,95.22,68.2
2018-08-19,0.01,32.6,23.8,92.19,62.16
2018-08-20,3.75,32.4,24.13,95.36,61.55
2018-08-21,0.0,33.96,23.93,93.51,56.27
2018-08-22,5.04,34.75,24.42,94.58,54.39
2018-08-23,25.75,33.23,23.74,97.08,64.76
2018-08-24,0.89,33.43,23.42,98.15,66.25
2018-08-25,37.97,34.33,24.74,94.52,61.29
2018-08-26,1.39,33.77,23.1,95.36,64.23
2018-08-27,9.62,32.35,24.53,97.78,68.87
2018-08-28,0.02,32.2,23.78,97.68,68.22
2018-08-29,41.34,33.51,24.33,97.78,64.47
2018-08-30,4.81,29.81,23.31,98.8,79.48
2018-08-31,0.02,32.62,23.15,96.0,63.44
2018-09-01,9.78,33.37,23.97,95.78,61.71
2018-09-02,6.02,30.29,22.94,98.89,79.91
2018-09-03,3.51,32.53,23.28,98.83,69.08
2018-09-04,34.71,32.35,23.8,97.96,69.7
2018-09-05,13.22,32.23,23.28,98.53,70.28
2018-09-06,51.52,29.54,23.24,99.42,83.25
2018-09-07,0.89,29.82,22.86,97.94,76.94
2018-09-08,0.06,32.22,23.13,92.02,64.52
2018-09-09,11.22,33.11,23.39,91.32,62.54
2018-09-10,0.76,32.03,23.38,96.73,69.08
2018-09-11,16.13,32.65,23.71,98.8,67.63
2018-09-12,5.56,31.14,23.44,99.46,77.59
2018-09-13,5.54,32.79,23.35,98.54,67.36
2018-09-14,7.47,32.41,22.35,98.44,67.47
2018-09-15,0.0,33.74,24.32,98.03,61.9
2018-09-16,4.03,34.95,24.29,96.02,62.29
2018-09-17,5.87,33.99,24.62,97.39,66.29
2018-09-18,8.48,30.14,23.21,99.19,78.39
2018-09-19,0.0,33.71,23.68,99.04,70.28
2018-09-20,0.0,33.21,23.77,98.72,64.2
2018-09-21,6.85,34.88,25.55,98.5,64.39
2018-09-22,7.84,33.73,22.7,98.29,63.52
2018-09-23,0.01,34.05,22.78,98.39,61.97
2018-09-24,7.8,32.49,22.86,99.0,67.72
2018-09-25,7.17,32.99,23.45,98.58,66.86
2018-09-26,0.04,32.59,22.68,98.31,65.29
2018-09-27,0.0,34.7,23.69,98.8,62.26
2018-09-28,6.18,32.95,24.26,97.4,68.17
2018-09-29,0.92,31.68,22.6,96.48,67.09
2018-09-30,0.0,30.2,23.55,94.85,73.85
2018-10-01,11.53,33.27,23.47,98.79,71.12
2018-10-02,1.84,32.31,22.51,99.76,74.54
2018-10-03,0.0,33.28,23.92,98.22,73.65
2018-10-04,1.26,33.91,23.77,98.57,66.71
2018-10-05,0.48,34.9,24.42,97.99,69.17
2018-10-06,0.44,34.51,24.36,98.06,68.36
2018-10-07,3.42,35.04,24.08,97.82,66.62
2018-10-08,0.0,34.23,23.04,98.08,67.6
2018-10-09,0.0,34.25,24.39,96.81,66.33
2018-10-10,0.0,34.74,24.28,98.08,63.06
2018-10-11,0.55,36.03,23.8,98.06,53.94
2018-10-12,1.97,36.37,24.69,97.35,56.23
2018-10-13,0.0,35.03,22.8,96.77,62.35
2018-10-14,4.88,34.02,23.42,98.18,65.53
2018-10-15,12.41,33.0,22.25,97.78,62.8
2018-10-16,0.12,32.38,22.03,98.39,68.44
2018-10-17,0.0,35.62,22.75,97.88,53.93
2018-10-18,0.0,36.55,23.5,95.68,49.88
2018-10-19,0.0,34.38,23.3,96.64,62.72
2018-10-20,0.0,33.42,23.29,97.8,61.34
2018-10-21,0.0,36.5,23.3,91.33,40.49
2018-10-22,0.0,37.05,23.34,78.47,41.84
2018-10-23,0.0,36.23,23.74,96.1,53.49
2018-10-24,0.0,36.42,23.7,95.74,55.2
2018-10-25,0.0,38.29,23.84,95.18,43.89
2018-10-26,0.0,36.17,24.53,94.53,56.2
2018-10-27,0.0,34.95,23.72,96.61,61.42
2018-10-28,0.0,36.42,23.35,96.16,53.0
2018-10-29,0.0,36.33,23.51,93.93,52.0
2018-10-30,0.0,35.13,23.19,96.28,54.89
2018-10-31,0.01,32.99,22.71,92.25,54.35
2018-11-01,0.02,35.52,21.36,89.86,57.93
2018-11-02,0.0,37.24,21.45,93.45,43.79
2018-11-03,0.0,37.25,20.68,80.03,31.35
2018-11-04,0.0,37.66,20.13,73.66,32.32
2018-11-05,0.0,36.22,20.54,84.71,37.68
2018-11-06,0.0,36.86,20.13,84.97,35.48
2018-11-07,0.0,36.56,20.78,88.67,37.35
2018-11-08,0.0,38.46,22.4,81.36,33.37
2018-11-09,0.0,38.87,20.34,74.93,24.99
2018-11-10,0.0,38.42,20.09,65.59,24.57
2018-11-11,0.0,38.34,19.29,68.09,23.25
2018-11-12,0.0,37.75,19.08,66.37,24.62
2018-11-13,0.0,35.67,19.5,64.94,26.18
2018-11-14,0.0,34.94,18.88,69.81,30.71
2018-11-15,0.0,33.66,20.14,65.75,33.17
2018-11-16,0.0,35.41,20.3,58.47,27.44
2018-11-17,0.0,35.7,19.87,67.61,27.28
2018-11-18,0.0,30.99,20.11,85.59,42.19
2018-11-19,0.0,33.87,18.61,93.94,45.27
2018-11-20,0.0,35.26,19.66,85.96,37.43
2018-11-21,0.0,37.19,19.76,70.8,30.57
2018-11-22,0.0,38.13,20.96,71.65,32.11
2018-11-23,0.0,36.2,21.73,60.8,29.98
2018-11-24,0.0,34.3,20.45,65.96,33.21
2018-11-25,0.0,35.5,19.97,71.78,34.42
2018-11-26,0.0,34.75,19.89,66.82,30.31
2018-11-27,0.0,35.26,18.53,62.7,29.19
2018-11-28,0.0,37.34,19.88,69.73,27.1
2018-11-29,0.0,37.75,19.52,72.4,25.54
2018-11-30,0.0,36.61,18.16,62.81,25.21
2018-12-01,0.0,36.52,17.21,63.7,26.87
2018-12-02,0.0,36.02,16.83,58.79,23.63
2018-12-03,0.0,33.69,15.95,60.81,22.78
2018-12-04,0.0,35.52,15.21,65.47,26.46
2018-12-05,0.0,36.53,15.61,66.02,23.77
2018-12-06,0.0,38.16,18.18,71.19,30.48
2018-12-07,0.0,37.15,18.49,84.63,32.85
2018-12-08,0.0,36.07,17.72,64.21,21.32
2018-12-09,0.0,36.17,15.57,57.96,22.73
2018-12-10,0.0,36.48,15.25,63.26,23.34
2018-12-11,0.0,35.66,14.62,58.87,22.39
2018-12-12,0.0,36.13,13.79,61.29,23.39
2018-12-13,0.0,35.67,16.33,65.02,29.04
2018-12-14,0.0,35.11,19.39,61.35,23.53
2018-12-15,0.0,35.91,19.94,49.97,20.54
2018-12-16,0.0,35.36,17.32,48.19,22.19
2018-12-17,0.0,35.7,16.5,56.33,23.41
2018-12-18,0.0,35.54,15.45,53.04,24.29
2018-12-19,0.0,36.53,15.59,53.88,25.61
2018-12-20,0.0,36.03,15.88,50.83,23.68
2018-12-21,0.0,35.49,15.57,50.45,23.0
2018-12-22,0.0,35.66,15.93,48.36,20.25
2018-12-23,0.0,35.19,15.95,48.44,22.55
2018-12-24,0.0,34.02,14.36,52.35,22.79
2018-12-25,0.0,35.32,14.46,53.46,21.45
2018-12-26,0.0,34.16,15.13,51.52,22.44
2018-12-27,0.0,33.93,14.65,53.08,22.85
2018-12-28,0.0,34.33,14.53,54.16,21.69
2018-12-29,0.0,34.84,14.58,52.74,19.48
2018-12-30,0.0,35.83,15.1,51.98,21.36
2018-12-31,0.0,36.71,16.65,59.01,22.29
2019-01-01,0.0,38.08,18.46,55.32,22.78
2019-01-02,0.0,37.36,19.07,49.23,22.3
2019-01-03,0.0,34.58,16.63,47.93,17.81
2019-01-04,0.0,31.68,13.83,45.55,21.4
2019-01-05,0.0,34.74,16.64,45.47,20.64
2019-01-06,0.0,34.87,15.99,49.42,17.02
2019-01-07,0.0,33.06,17.35,41.68,19.78
2019-01-08,0.0,36.34,16.5,41.83,17.31
2019-01-09,0.0,36.63,15.1,41.99,16.0
2019-01-10,0.0,35.45,16.21,44.5,16.53
2019-01-11,0.0,35.36,16.58,40.6,16.02
2019-01-12,0.0,35.98,17.45,45.4,16.79
2019-01-13,0.0,37.7,16.89,44.48,15.12
2019-01-14,0.0,38.94,16.7,39.19,14.17
2019-01-15,0.0,38.98,16.57,41.07,15.86
2019-01-16,0.0,38.17,16.45,42.36,15.25
2019-01-17,0.0,37.26,15.57,46.8,13.63
2019-01-18,0.0,33.4,15.26,47.21,14.55
2019-01-19,0.0,32.29,15.3,46.2,21.64
2019-01-20,0.0,33.14,14.17,43.08,18.66
2019-01-21,0.0,33.67,13.61,42.74,14.79
2019-01-22,0.0,33.04,13.77,36.49,13.98
2019-01-23,0.0,33.67,14.11,49.29,18.23
2019-01-24,0.0,35.9,15.5,49.23,18.22
2019-01-25,0.0,37.47,15.85,51.22,16.8
2019-01-26,0.0,38.53,18.29,47.43,15.77
2019-01-27,0.0,38.0,17.41,45.96,15.07
2019-01-28,0.0,36.32,16.51,42.2,14.7
2019-01-29,0.0,36.37,15.63,45.81,15.72
2019-01-30,0.0,36.36,14.19,51.27,17.22
2019-01-31,0.0,36.3,15.6,47.04,17.47
2019-02-01,0.0,37.01,15.74,49.71,16.26
2019-02-02,0.0,35.41,16.31,46.53,16.35
2019-02-03,0.0,37.28,16.18,54.73,18.77
2019-02-04,0.0,37.02,16.52,58.24,24.82
2019-02-05,0.0,38.63,17.07,52.73,19.96
2019-02-06,0.0,37.02,17.4,43.67,17.23
2019-02-07,0.0,37.01,17.09,40.54,16.13
2019-02-08,0.0,36.64,18.61,35.21,14.25
2019-02-09,0.0,38.5,19.41,37.8,14.26
2019-02-10,0.0,38.48,18.72,41.87,13.4
2019-02-11,0.0,39.61,19.73,39.17,12.63
2019-02-12,0.0,38.82,18.74,31.13,11.06
2019-02-13,0.0,38.2,20.13,27.85,11.36
2019-02-14,0.0,36.98,19.19,30.42,12.9
2019-02-15,0.01,39.09,20.52,32.62,12.74
2019-02-16,0.0,38.49,20.49,30.17,12.35
2019-02-17,0.0,36.89,20.02,38.35,13.06
2019-02-18,0.0,36.57,17.79,52.16,17.89
2019-02-19,0.0,35.73,18.81,42.93,16.07
2019-02-20,0.0,37.07,17.2,40.3,16.82
2019-02-21,0.0,38.94,18.86,42.62,17.2
2019-02-22,0.0,40.1,19.62,39.66,14.26
2019-02-23,0.0,38.67,20.96,32.04,12.8
2019-02-24,0.0,37.5,19.07,34.47,14.47
2019-02-25,0.0,35.96,16.86,31.14,12.8
2019-02-26,0.0,35.45,16.81,29.17,14.07
2019-02-27,0.0,33.92,17.83,25.0,13.5
2019-02-28,0.0,34.16,17.51,29.91,14.96
2019-03-01,0.0,33.71,17.27,34.87,14.66
2019-03-02,0.0,35.4,16.49,37.11,14.24
2019-03-03,0.0,36.49,16.41,38.53,13.44
2019-03-04,0.0,37.34,16.47,37.48,12.48
2019-03-05,0.0,38.93,16.95,36.18,12.65
2019-03-06,0.0,39.77,18.91,33.0,11.42
2019-03-07,0.0,39.22,17.77,32.98,11.07
2019-03-08,0.0,37.62,17.35,40.76,13.36
2019-03-09,0.0,37.52,17.34,50.2,17.06
2019-03-10,0.0,38.92,18.15,43.7,15.45
2019-03-11,0.0,40.6,19.28,36.23,14.34
2019-03-12,0.0,39.47,20.72,34.97,13.79
2019-03-13,0.0,39.17,20.94,32.75,14.27
2019-03-14,0.0,39.51,21.09,29.65,13.42
2019-03-15,0.0,40.54,20.1,30.02,13.59
2019-03-16,0.0,41.37,19.74,31.05,10.86
2019-03-17,0.0,41.57,20.52,39.67,11.64
2019-03-18,0.0,42.45,20.39,41.02,11.73
2019-03-19,0.0,42.57,20.78,50.32,14.06
2019-03-20,0.0,40.98,20.71,51.92,16.41
2019-03-21,0.0,40.32,20.09,63.87,18.15
2019-03-22,0.0,37.1,20.37,70.04,27.46
2019-03-23,0.0,33.69,18.23,89.03,39.02
2019-03-24,0.0,35.92,19.16,73.87,34.41
2019-03-25,0.0,36.62,19.48,75.5,32.1
2019-03-26,0.0,35.2,18.93,70.82,33.0
2019-03-27,0.0,37.19,20.17,69.36,29.41
2019-03-28,0.0,37.85,20.98,64.56,32.61
2019-03-29,0.0,38.17,22.44,65.33,32.06
2019-03-30,0.0,35.51,21.95,62.98,33.05
2019-03-31,0.0,39.23,22.14,66.03,27.94
2019-04-01,0.0,38.79,22.17,67.25,26.15
2019-04-02,0.0,38.55,22.81,63.18,28.92
2019-04-03,0.0,38.04,22.83,71.5,30.08
2019-04-04,0.0,36.21,21.54,72.22,32.38
2019-04-05,0.0,39.97,22.85,49.55,25.11
2019-04-06,0.0,40.94,24.17,43.74,18.96
2019-04-07,0.0,42.28,24.59,41.94,14.99
2019-04-08,0.0,42.68,25.4,32.03,14.02
2019-04-09,0.0,42.69,24.55,35.69,12.99
2019-04-10,0.0,43.12,25.0,32.95,13.41
2019-04-11,0.0,41.56,23.73,39.41,15.12
2019-04-12,0.0,40.63,23.19,32.48,12.93
2019-04-13,0.0,40.34,20.34,44.75,13.53
2019-04-14,0.0,42.02,20.3,39.39,13.04
2019-04-15,0.0,42.55,21.23,40.52,15.1
2019-04-16,0.0,43.1,21.54,53.29,14.39
2019-04-17,0.0,41.99,22.08,58.66,16.73
2019-04-18,0.0,43.29,22.31,52.46,13.79
2019-04-19,0.0,43.63,24.09,49.1,14.98
2019-04-20,0.0,42.52,23.09,55.82,18.72
2019-04-21,0.0,39.99,22.02,62.2,22.81
2019-04-22,0.0,39.58,21.13,61.2,21.98
2019-04-23,0.0,38.88,20.11,67.9,23.86
2019-04-24,0.0,41.21,20.85,70.98,18.67
2019-04-25,0.0,43.26,22.29,54.32,14.76
2019-04-26,0.0,44.95,23.32,44.15,16.59
2019-04-27,0.0,41.78,24.04,71.23,34.66
2019-04-28,0.0,43.49,24.08,67.79,22.76
2019-04-29,0.0,45.62,24.7,53.7,16.8
2019-04-30,0.0,42.41,24.22,58.62,19.73
2019-05-01,0.0,38.61,24.33,56.45,22.96
2019-05-02,0.0,38.54,20.85,65.42,24.6
2019-05-03,0.0,37.56,21.74,61.44,22.94
2019-05-04,0.0,39.08,22.03,58.27,21.89
2019-05-05,0.0,43.06,23.56,53.62,18.21
2019-05-06,0.0,44.21,24.83,48.03,19.41
2019-05-07,0.0,45.94,27.36,52.25,16.03
2019-05-08,0.0,44.29,25.33,57.88,17.3
2019-05-09,0.0,43.85,23.91,60.85,16.16
2019-05-10,0.0,40.62,22.77,78.36,27.77
2019-05-11,0.0,40.04,22.12,73.86,26.9
2019-05-12,0.0,40.2,22.43,73.16,22.58
2019-05-13,0.0,41.36,21.74,70.85,22.51
2019-05-14,0.0,40.76,22.22,69.59,24.45
2019-05-15,0.0,38.45,21.41,77.65,27.75
2019-05-16,0.0,37.27,20.87,77.21,29.69
2019-05-17,0.0,39.77,23.04,70.25,27.06
2019-05-18,0.0,38.66,23.09,64.01,23.55
2019-05-19,0.0,39.47,23.92,51.36,22.05
2019-05-20,0.0,40.14,23.69,58.21,21.38
2019-05-21,0.0,41.91,23.98,65.73,23.24
2019-05-22,0.0,41.79,24.08,59.53,22.08
2019-05-23,0.0,41.53,23.66,61.45,21.79
2019-05-24,0.0,41.16,23.86,62.82,23.28
2019-05-25,0.0,40.31,23.98,68.67,27.78
2019-05-26,0.0,38.86,23.6,68.74,28.79
2019-05-27,0.0,39.48,23.91,62.12,24.96
2019-05-28,0.0,40.25,23.26,63.53,23.01
2019-05-29,0.0,42.02,23.58,62.01,22.13
2019-05-30,0.0,41.82,25.42,52.65,19.57
2019-05-31,0.0,41.18,24.65,65.29,23.85
2019-06-01,0.0,40.33,24.85,62.69,23.57
2019-06-02,0.0,40.09,23.2,63.62,22.03
2019-06-03,0.0,40.58,23.15,57.3,21.9
2019-06-04,0.0,39.0,23.95,69.27,29.76
2019-06-05,0.0,38.06,23.88,66.49,32.78
2019-06-06,0.0,38.4,24.42,71.19,30.6
2019-06-07,0.0,40.14,23.48,73.08,23.59
2019-06-08,0.0,40.65,23.19,68.51,21.31
2019-06-09,0.0,40.51,23.93,64.13,27.34
2019-06-10,0.02,39.81,25.97,70.59,32.89
2019-06-11,0.0,39.01,25.61,80.7,37.18
2019-06-12,0.01,38.3,24.95,77.78,36.69
2019-06-13,0.0,39.14,24.74,72.27,32.97
2019-06-14,0.0,39.71,25.07,68.35,28.13
2019-06-15,0.0,41.87,24.92,62.77,21.73
2019-06-16,0.0,40.03,25.64,67.36,30.33
2019-06-17,0.0,41.1,26.15,70.05,27.38
2019-06-18,0.0,39.31,26.87,76.46,38.38
2019-06-19,2.48,41.84,25.4,79.24,32.02
2019-06-20,0.0,40.67,26.09,70.24,27.66
2019-06-21,0.0,40.22,25.19,74.87,30.62
2019-06-22,0.0,39.19,25.56,78.39,34.35
2019-06-23,1.4,37.99,24.5,78.04,35.58
2019-06-24,0.1,39.44,25.23,70.92,29.3
2019-06-25,0.0,42.01,24.69,70.12,24.74
2019-06-26,0.0,40.2,25.58,72.3,30.78
2019-06-27,0.0,40.14,26.18,73.37,35.73
2019-06-28,0.1,38.95,25.65,85.3,38.79
2019-06-29,1.42,39.85,25.08,78.75,35.93
2019-06-30,13.33,35.22,23.56,92.65,51.67
2019-07-01,11.07,37.06,24.43,90.18,52.3
2019-07-02,0.14,37.65,24.81,86.73,44.93
2019-07-03,3.23,38.95,25.41,80.76,41.87
2019-07-04,0.0,38.03,26.07,81.1,45.23
2019-07-05,0.0,37.56,25.78,85.67,43.65
2019-07-06,5.35,36.98,25.14,88.06,50.59
2019-07-07,2.68,38.58,25.27,86.38,43.76
2019-07-08,6.42,35.42,24.35,85.99,50.76
2019-07-09,2.6,36.7,25.57,84.39,47.51
2019-07-10,0.49,34.8,24.94,95.03,57.52
2019-07-11,0.01,35.76,25.33,88.64,51.32
2019-07-12,4.34,36.72,24.89,85.58,46.26
2019-07-13,1.82,37.27,24.83,82.0,43.48
2019-07-14,2.43,36.49,25.05,92.89,51.98
2019-07-15,0.0,35.54,24.69,86.33,44.69
2019-07-16,1.34,36.65,25.05,83.35,48.68
2019-07-17,0.27,34.41,24.79,94.36,57.13
2019-07-18,0.08,34.92,24.67,94.01,51.26
2019-07-19,0.0,35.06,24.03,83.88,47.33
2019-07-20,0.02,35.35,23.76,83.81,48.51
2019-07-21,0.02,36.85,25.4,80.96,45.92
2019-07-22,0.32,37.55,25.05,80.85,45.51
2019-07-23,0.01,37.41,25.33,80.42,44.45
2019-07-24,2.17,36.49,25.57,86.29,49.81
2019-07-25,9.45,32.52,23.41,98.53,66.18
2019-07-26,11.89,33.91,24.02,96.96,61.38
2019-07-27,0.24,33.74,24.52,93.51,60.69
2019-07-28,3.72,30.96,24.73,96.84,74.74
2019-07-29,6.23,34.73,24.21,96.87,55.66
2019-07-30,0.0,34.93,24.8,94.83,57.54
2019-07-31,0.0,32.38,24.99,95.16,70.63
2019-08-01,3.51,34.65,24.26,93.79,56.09
2019-08-02,0.0,35.08,25.05,83.11,49.8
2019-08-03,0.02,36.42,25.06,84.85,46.09
2019-08-04,0.0,35.21,25.19,84.61,54.43
2019-08-05,0.0,35.48,25.85,85.66,53.1
2019-08-06,0.01,34.77,24.81,83.12,51.06
2019-08-07,0.38,33.8,24.22,81.65,55.87
2019-08-08,0.12,33.99,24.45,91.5,57.14
2019-08-09,0.41,35.2,24.63,92.81,54.87
2019-08-10,0.0,36.69,24.65,90.12,49.46
2019-08-11,0.01,36.3,25.15,87.12,51.94
2019-08-12,21.05,33.2,24.72,90.25,62.76
2019-08-13,0.01,35.12,24.87,91.6,55.22
2019-08-14,0.0,35.39,25.1,85.43,55.18
2019-08-15,0.0,35.2,24.6,84.74,55.08
2019-08-16,1.48,34.91,25.18,95.2,59.18
2019-08-17,3.44,33.74,24.79,92.2,62.67
2019-08-18,20.74,32.39,23.1,99.56,66.02
2019-08-19,19.7,32.17,23.19,99.11,69.04
2019-08-20,0.28,34.91,24.48,97.76,62.92
2019-08-21,13.2,31.72,23.73,99.34,73.1
2019-08-22,30.16,30.1,23.41,98.8,77.1
2019-08-23,7.03,30.88,23.63,95.93,71.36
2019-08-24,3.49,31.68,23.7,97.11,67.33
2019-08-25,5.89,31.99,23.31,97.56,65.32
2019-08-26,12.6,32.52,23.77,92.97,63.83
2019-08-27,10.02,32.32,23.66,98.03,69.67
2019-08-28,15.83,31.87,23.42,99.07,68.15
2019-08-29,0.66,31.39,24.56,97.74,73.84
2019-08-30,58.21,31.44,23.48,99.39,71.36
2019-08-31,5.64,29.92,23.72,98.96,78.45
2019-09-01,5.9,31.31,23.6,98.23,69.93
2019-09-02,7.07,33.48,23.27,98.57,64.67
2019-09-03,6.78,34.79,24.51,93.76,60.7
2019-09-04,0.0,32.5,25.01,99.0,71.45
2019-09-05,14.52,35.23,25.04,98.59,66.25
2019-09-06,5.11,32.34,23.64,96.09,67.41
2019-09-07,1.35,30.63,23.72,98.17,77.85
2019-09-08,9.75,33.77,23.65,96.51,65.18
2019-09-09,5.4,32.95,23.53,98.19,67.3
2019-09-10,4.25,33.36,23.88,97.92,64.78
2019-09-11,8.16,33.95,23.39,97.89,63.89
2019-09-12,3.29,33.57,24.1,97.5,70.44
2019-09-13,3.13,34.31,23.87,98.72,62.47
2019-09-14,0.45,32.68,23.45,98.53,69.02
2019-09-15,1.26,34.74,24.04,96.24,62.42
2019-09-16,0.77,32.23,22.88,98.11,74.96
2019-09-17,27.97,33.81,22.92,98.11,65.78
2019-09-18,0.0,32.11,24.27,98.12,73.31
2019-09-19,13.06,28.13,22.92,99.02,87.28
2019-09-20,10.19,33.55,23.62,98.48,65.54
2019-09-21,9.87,32.81,23.23,97.44,70.43
2019-09-22,17.53,32.9,23.27,96.93,69.23
2019-09-23,1.01,32.96,23.99,97.0,66.25
2019-09-24,3.24,33.81,22.87,97.67,61.93
2019-09-25,0.35,34.39,24.36,96.34,62.66
2019-09-26,0.0,32.78,24.66,97.51,69.42
2019-09-27,0.0,34.13,24.24,98.12,63.05
2019-09-28,0.0,34.09,24.9,94.3,63.16
2019-09-29,0.0,31.17,22.84,98.52,70.62
2019-09-30,12.97,34.65,22.79,97.73,61.55
2019-10-01,0.0,35.14,24.01,98.3,63.33
2019-10-02,0.0,35.41,24.27,97.77,59.93
2019-10-03,6.48,33.1,23.76,97.16,72.63
2019-10-04,7.7,34.36,22.85,97.07,65.19
2019-10-05,1.84,33.13,23.39,98.22,73.74
2019-10-06,0.99,34.08,24.1,98.03,68.43
2019-10-07,6.04,32.46,22.42,98.58,72.9
2019-10-08,12.69,35.8,21.74,99.02,74.42
2019-10-09,3.5,33.6,22.92,98.33,63.57
2019-10-10,0.19,35.44,23.81,98.62,59.63
2019-10-11,0.0,36.24,24.15,98.44,52.53
2019-10-12,0.0,36.4,23.59,92.17,48.12
2019-10-13,0.14,31.99,23.62,97.51,62.76
2019-10-14,10.04,32.88,22.86,98.07,66.79
2019-10-15,1.31,32.13,23.58,96.1,74.38
2019-10-16,3.93,33.67,23.0,97.01,67.34
2019-10-17,0.0,34.42,24.04,97.43,64.12
2019-10-18,0.02,34.41,25.13,96.11,71.97
2019-10-19,0.0,34.42,23.02,97.16,65.98
2019-10-20,0.0,35.22,24.44,95.28,65.7
2019-10-21,0.04,34.06,23.41,97.99,63.81
2019-10-22,0.04,34.26,22.28,93.83,55.36
2019-10-23,0.0,34.43,22.0,78.35,49.81
2019-10-24,0.0,33.77,23.98,96.53,61.91
2019-10-25,0.62,33.88,23.82,97.23,68.32
2019-10-26,0.0,35.39,24.53,95.14,62.34
2019-10-27,0.0,36.78,23.79,94.49,40.56
2019-10-28,0.0,35.36,20.82,72.02,41.2
2019-10-29,0.0,36.37,20.64,76.95,36.87
2019-10-30,0.0,37.11,20.53,74.68,31.67
2019-10-31,0.0,35.83,20.56,68.23,29.88
2019-11-01,0.0,37.5,19.14,76.68,32.67
2019-11-02,0.0,37.19,20.16,73.09,35.94
2019-11-03,0.0,37.69,22.9,86.49,38.02
2019-11-04,0.0,39.12,21.77,75.7,26.86
2019-11-05,0.0,38.76,21.66,73.84,36.33
2019-11-06,0.0,37.86,22.1,80.54,37.04
2019-11-07,0.0,37.42,20.34,73.76,36.81
2019-11-08,0.0,37.39,20.29,72.34,35.32
2019-11-09,0.0,37.08,20.18,69.24,33.08
2019-11-10,0.0,37.8,20.02,67.92,30.76
2019-11-11,0.0,38.07,19.93,67.51,27.72
2019-11-12,0.0,37.63,19.67,67.23,26.11
2019-11-13,0.0,36.95,19.19,57.61,25.25
2019-11-14,0.0,37.08,19.93,68.53,31.2
2019-11-15,0.0,36.83,20.24,71.83,32.54
2019-11-16,0.0,35.81,20.36,85.16,39.52
2019-11-17,0.0,37.12,21.95,76.53,35.3
2019-11-18,0.0,37.4,21.62,65.37,27.48
2019-11-19,0.0,37.47,21.7,61.52,27.77
2019-11-20,0.0,36.99,20.93,55.62,24.39
2019-11-21,0.0,37.67,19.06,57.68,23.21
2019-11-22,0.0,37.82,18.66,51.24,22.45
2019-11-23,0.0,37.62,19.64,59.53,22.91
2019-11-24,0.0,38.41,18.66,60.54,24.06
2019-11-25,0.0,38.68,18.87,62.6,24.04
2019-11-26,0.0,38.86,19.59,63.1,25.28
2019-11-27,0.0,37.83,19.63,64.34,27.93
2019-11-28,0.0,37.84,18.75,64.51,26.53
2019-11-29,0.0,36.72,18.4,67.59,26.47
2019-11-30,0.0,38.7,20.16,62.8,24.56
2019-12-01,0.0,38.94,19.31,66.14,25.78
2019-12-02,0.0,38.86,17.96,64.21,23.68
2019-12-03,0.0,38.6,17.23,62.46,22.42
2019-12-04,0.0,37.1,17.72,60.5,25.13
2019-12-05,0.0,34.24,16.89,63.78,26.02
2019-12-06,0.0,32.79,14.83,69.52,31.23
2019-12-07,0.0,34.1,15.42,61.24,26.51
2019-12-08,0.0,33.55,18.16,55.71,29.9
2019-12-09,0.0,36.63,18.06,59.31,24.93
2019-12-10,0.0,37.27,18.04,52.19,20.13
2019-12-11,0.0,34.94,16.86,52.76,24.67
2019-12-12,0.0,34.6,15.9,54.96,24.21
2019-12-13,0.0,35.47,15.41,57.65,24.02
2019-12-14,0.0,36.87,15.94,58.49,22.9
2019-12-15,0.0,38.58,16.47,62.76,23.97
2019-12-16,0.0,37.3,16.68,60.86,20.34
2019-12-17,0.0,34.88,15.89,59.1,21.55
2019-12-18,0.0,34.85,15.6,52.9,19.13
2019-12-19,0.0,35.7,15.57,56.27,21.51
2019-12-20,0.0,34.53,16.05,53.5,22.6
2019-12-21,0.0,36.67,15.47,55.15,21.69
2019-12-22,0.0,36.78,16.76,55.76,21.33
2019-12-23,0.0,37.47,16.87,54.18,19.81
2019-12-24,0.0,37.09,16.78,55.56,21.13
2019-12-25,0.0,37.01,16.9,54.25,20.74
2019-12-26,0.0,37.67,15.79,53.07,20.03
2019-12-27,0.0,37.95,16.06,51.67,19.58
2019-12-28,0.0,38.11,15.53,60.39,21.17
2019-12-29,0.0,38.45,16.73,62.14,17.06
2019-12-30,0.0,36.99,15.69,49.14,17.97
2019-12-31,0.0,35.05,15.43,47.59,17.67
2020-01-01,0.0,34.12,15.9,45.63,19.65
2020-01-02,0.0,33.36,15.24,46.2,20.91
2020-01-03,0.0,34.5,15.54,45.92,20.3
2020-01-04,0.0,33.93,17.03,38.88,18.05
2020-01-05,0.0,31.72,15.1,41.04,21.25
2020-01-06,0.0,31.86,14.28,44.19,20.65
2020-01-07,0.0,30.89,13.7,45.77,20.6
2020-01-08,0.0,31.57,12.77,44.55,20.39
2020-01-09,0.0,31.86,14.94,40.82,19.39
2020-01-10,0.0,31.88,14.49,38.75,19.39
2020-01-11,0.0,34.25,15.45,37.27,20.52
2020-01-12,0.0,33.65,16.22,39.37,18.62
2020-01-13,0.0,33.88,16.39,35.66,17.72
2020-01-14,0.0,32.79,15.83,35.35,20.09
2020-01-15,0.0,34.02,15.65,39.34,16.73
2020-01-16,0.0,35.08,14.72,38.78,15.69
2020-01-17,0.0,34.32,14.77,37.8,16.11
2020-01-18,0.0,35.68,16.47,42.29,19.71
2020-01-19,0.0,36.1,16.91,45.5,19.39
2020-01-20,0.0,37.15,16.1,51.97,20.03
2020-01-21,0.0,37.71,16.19,47.92,20.5
2020-01-22,0.0,36.24,18.66,49.33,22.04
2020-01-23,0.0,34.16,20.57,59.87,27.42
2020-01-24,0.0,39.79,20.93,58.7,21.0
2020-01-25,0.0,39.36,21.56,42.92,16.67
2020-01-26,0.0,38.71,19.23,43.45,18.09
2020-01-27,0.0,40.52,18.68,39.54,13.56
2020-01-28,0.0,40.49,18.07,39.95,13.86
2020-01-29,0.0,40.22,17.86,46.05,11.4
2020-01-30,0.0,40.21,18.23,43.05,14.83
2020-01-31,0.0,39.82,17.51,44.44,16.14
2020-02-01,0.0,37.55,17.42,53.14,16.98
2020-02-02,0.0,40.42,19.45,58.39,22.41
2020-02-03,0.0,40.29,19.99,68.96,20.09
2020-02-04,0.0,39.4,19.06,51.96,13.83
2020-02-05,0.0,38.9,17.04,39.89,15.07
2020-02-06,0.0,39.27,17.82,35.81,13.31
2020-02-07,0.0,38.83,17.67,37.28,13.78
2020-02-08,0.0,38.55,17.82,37.59,12.99
2020-02-09,0.0,38.36,17.48,38.06,13.81
2020-02-10,0.0,38.51,16.73,39.28,14.48
2020-02-11,0.0,39.33,17.73,43.47,16.26
2020-02-12,0.0,39.83,20.0,49.4,19.74
2020-02-13,0.0,39.56,21.1,41.32,16.61
2020-02-14,0.0,39.75,19.91,34.24,13.71
2020-02-15,0.0,39.91,20.48,39.11,16.94
2020-02-16,0.0,40.1,19.89,41.68,18.01
2020-02-17,0.0,40.93,20.34,39.36,15.95
2020-02-18,0.0,40.37,20.38,35.95,11.86
2020-02-19,0.0,40.78,19.44,51.18,12.62
2020-02-20,0.0,41.22,20.05,49.06,13.18
2020-02-21,0.0,42.07,20.56,32.79,13.3
2020-02-22,0.0,41.13,20.78,43.42,17.31
2020-02-23,0.0,37.45,21.76,53.13,24.29
2020-02-24,0.0,42.92,21.03,65.28,15.14
2020-02-25,0.0,41.39,24.8,31.82,14.19
2020-02-26,0.0,42.65,23.81,29.64,12.93
2020-02-27,0.0,42.56,21.78,39.32,14.46
2020-02-28,0.0,42.08,20.18,41.85,14.71
2020-02-29,0.0,41.09,19.95,35.45,13.18
2020-03-01,0.0,41.39,20.36,33.83,10.8
2020-03-02,0.0,41.8,20.01,33.06,12.37
2020-03-03,0.0,42.24,19.54,30.92,11.44
2020-03-04,0.0,43.17,21.16,35.84,11.49
2020-03-05,0.0,43.69,21.66,35.28,11.16
2020-03-06,0.0,43.35,22.45,40.3,12.33
2020-03-07,0.0,42.44,21.28,44.9,14.37
2020-03-08,0.0,42.24,21.02,53.77,18.1
2020-03-09,0.0,43.16,21.85,47.49,14.12
2020-03-10,0.0,42.01,20.99,54.12,14.95
2020-03-11,0.0,42.5,21.36,53.23,12.42
2020-03-12,0.0,42.52,21.15,33.59,12.25
2020-03-13,0.0,42.27,21.5,32.38,12.2
2020-03-14,0.0,41.96,22.07,33.01,12.8
2020-03-15,0.0,40.97,21.06,43.83,16.76
2020-03-16,0.0,39.89,20.44,56.9,15.63
2020-03-17,0.0,41.08,20.56,44.8,17.42
2020-03-18,0.0,39.4,20.14,62.2,23.04
2020-03-19,0.0,39.35,19.79,68.46,24.66
2020-03-20,0.0,41.25,20.72,51.43,19.32
2020-03-21,0.0,42.36,21.83,44.53,18.75
2020-03-22,0.0,41.7,21.99,42.78,19.39
2020-03-23,0.0,36.98,20.81,55.82,25.08
2020-03-24,0.0,35.59,19.03,69.94,29.29
2020-03-25,0.0,38.93,20.05,45.99,19.77
2020-03-26,0.0,40.03,20.34,47.26,16.04
2020-03-27,0.0,38.27,20.63,58.1,25.32
2020-03-28,0.0,39.13,20.67,54.57,24.53
2020-03-29,0.0,42.27,22.81,45.43,19.52
2020-03-30,0.0,43.99,23.76,44.69,18.57
2020-03-31,0.0,44.98,23.95,47.61,16.4
2020-04-01,0.0,44.79,25.3,50.73,17.83
2020-04-02,0.0,45.44,25.25,59.04,20.1
2020-04-03,0.0,44.07,25.06,57.4,15.59
2020-04-04,0.0,42.15,24.25,51.46,19.26
2020-04-05,0.0,41.98,23.45,55.19,20.23
2020-04-06,0.0,45.21,23.47,52.7,14.19
2020-04-07,0.0,45.55,24.89,54.67,16.47
2020-04-08,0.0,44.59,23.9,65.12,16.96
2020-04-09,0.0,44.87,23.33,54.38,12.69
2020-04-10,0.0,44.34,23.91,62.52,16.01
2020-04-11,0.0,42.12,22.75,72.86,20.67
2020-04-12,0.0,42.18,22.77,69.59,21.19
2020-04-13,0.0,39.98,22.75,75.11,27.36
2020-04-14,0.0,40.69,22.63,77.09,24.47
2020-04-15,0.0,41.32,22.84,57.37,22.89
2020-04-16,0.0,41.82,24.56,58.99,23.31
2020-04-17,0.0,41.03,24.14,52.8,21.71
2020-04-18,0.0,38.05,23.34,53.17,26.57
2020-04-19,0.0,38.65,21.61,57.91,22.86
2020-04-20,0.0,42.16,23.57,48.65,17.21
2020-04-21,0.0,43.63,24.07,40.16,15.32
2020-04-22,0.0,42.24,23.5,46.21,15.09
2020-04-23,0.0,40.37,22.9,54.29,19.52
2020-04-24,0.0,38.34,21.44,61.76,24.76
2020-04-25,0.0,40.15,21.89,54.08,21.97
2020-04-26,0.0,40.84,23.9,49.07,22.28
2020-04-27,0.0,43.49,25.05,49.1,17.4
2020-04-28,0.0,45.07,25.26,47.5,18.27
2020-04-29,0.0,42.76,25.66,50.47,19.87
2020-04-30,0.0,43.69,24.83,54.5,21.31
2020-05-01,0.0,43.74,25.29,65.13,20.46
2020-05-02,0.0,43.0,25.47,67.69,22.75
2020-05-03,0.0,43.88,24.83,62.07,17.59
2020-05-04,0.0,43.6,23.44,69.23,19.86
2020-05-05,0.0,44.33,23.84,73.24,20.0
2020-05-06,0.0,43.84,24.14,68.74,19.28
2020-05-07,0.0,42.11,23.14,72.78,22.8
2020-05-08,0.0,43.2,24.87,64.99,20.76
2020-05-09,0.0,43.06,25.26,60.93,22.99
2020-05-10,0.0,38.53,24.02,76.42,34.39
2020-05-11,0.0,40.56,22.78,78.82,28.66
2020-05-12,0.0,39.86,23.31,75.43,27.75
2020-05-13,0.0,43.39,24.45,65.19,18.74
2020-05-14,0.0,41.91,23.96,66.11,23.51
2020-05-15,0.0,41.55,23.54,63.38,19.68
2020-05-16,0.0,42.94,24.05,59.51,17.76
2020-05-17,0.0,42.4,24.27,59.5,21.01
2020-05-18,0.0,41.36,23.97,60.27,20.32
2020-05-19,0.0,39.82,23.89,70.21,23.43
2020-05-20,0.0,40.75,23.47,62.78,22.49
2020-05-21,0.0,41.83,23.47,64.65,19.5
2020-05-22,0.0,42.55,23.3,71.38,23.5
2020-05-23,0.0,39.8,23.87,77.28,28.6
2020-05-24,0.0,40.83,23.79,76.83,27.62
2020-05-25,0.0,42.13,23.6,71.0,19.45
2020-05-26,0.0,43.19,24.03,64.59,19.97
2020-05-27,0.0,41.34,24.32,75.71,27.3
2020-05-28,0.0,41.29,25.43,76.06,30.86
2020-05-29,0.0,41.08,25.28,70.26,28.1
2020-05-30,0.0,39.27,23.63,83.85,42.8
2020-05-31,0.0,38.76,23.53,82.98,34.86
2020-06-01,0.0,39.75,25.81,70.95,33.6
2020-06-02,0.0,41.14,25.95,55.31,22.43
2020-06-03,0.0,40.19,25.09,54.55,22.14
2020-06-04,0.0,42.44,25.25,56.89,21.24
2020-06-05,0.0,40.56,25.72,59.6,26.73
2020-06-06,0.0,41.16,25.9,64.92,30.31
2020-06-07,0.01,39.48,26.68,76.83,35.18
2020-06-08,2.86,36.29,25.09,88.61,50.03
2020-06-09,2.35,34.46,24.48,90.52,62.28
2020-06-10,0.3,35.79,24.73,90.51,52.35
2020-06-11,0.0,36.57,24.93,90.39,51.93
2020-06-12,28.58,36.5,25.63,93.69,56.17
2020-06-13,0.0,33.15,23.18,96.99,66.83
2020-06-14,10.0,35.19,24.33,93.83,54.09
2020-06-15,0.0,33.78,23.66,94.62,65.58
2020-06-16,0.0,35.75,25.47,92.14,59.1
2020-06-17,0.0,36.33,25.74,92.15,55.0
2020-06-18,0.02,36.49,25.29,92.18,53.52
2020-06-19,0.53,34.74,26.4,89.88,60.96
2020-06-20,0.82,34.05,24.68,90.49,60.05
2020-06-21,0.0,37.26,25.46,91.37,51.73
2020-06-22,0.01,36.3,25.39,89.84,53.1
2020-06-23,0.0,34.46,25.23,92.43,61.38
2020-06-24,0.58,37.33,25.94,91.23,53.62
2020-06-25,8.73,34.47,24.75,91.73,61.78
2020-06-26,0.62,35.23,24.59,92.6,59.26
2020-06-27,0.33,32.15,24.18,92.42,60.27
2020-06-28,0.09,34.82,23.76,92.26,50.83
2020-06-29,0.0,36.11,24.51,90.26,52.5
2020-06-30,0.0,35.8,25.21,91.56,54.36
2020-07-01,6.92,35.46,25.25,95.84,56.46
2020-07-02,1.61,34.95,24.07,96.3,54.91
2020-07-03,1.55,34.62,24.16,95.77,55.0
2020-07-04,0.0,36.47,25.27,87.22,50.14
2020-07-05,0.0,34.8,25.64,86.17,56.41
2020-07-06,1.53,36.01,25.09,88.44,54.85
2020-07-07,0.23,35.13,25.48,93.55,58.96
2020-07-08,0.0,36.04,25.46,91.96,47.78
2020-07-09,0.0,35.36,24.85,87.49,50.82
2020-07-10,0.0,35.79,25.2,87.58,50.39
2020-07-11,24.71,33.25,25.4,96.02,66.55
2020-07-12,6.19,32.34,24.57,95.5,66.78
2020-07-13,31.09,33.0,23.7,97.33,59.0
2020-07-14,0.0,33.47,23.6,96.79,59.76
2020-07-15,4.92,34.31,24.49,91.91,57.46
2020-07-16,15.7,32.08,24.31,96.33,66.94
2020-07-17,15.37,31.21,24.3,98.22,75.18
2020-07-18,1.84,32.4,24.08,97.24,68.66
2020-07-19,0.0,33.54,24.22,95.32,62.3
2020-07-20,32.84,33.41,24.35,98.66,66.64
2020-07-21,9.95,31.35,23.3,98.72,73.4
2020-07-22,0.43,33.42,24.27,97.51,65.2
2020-07-23,18.56,33.41,24.89,96.21,66.44
2020-07-24,0.01,33.79,24.11,97.35,63.81
2020-07-25,12.96,32.53,24.13,94.97,67.58
2020-07-26,17.53,33.28,24.42,95.26,66.82
2020-07-27,1.27,32.51,24.26,99.08,69.08
2020-07-28,14.62,31.25,24.38,97.16,72.27
2020-07-29,5.9,31.83,23.73,97.47,68.36
2020-07-30,3.99,31.4,24.39,98.62,69.1
2020-07-31,2.52,32.54,23.83,97.63,65.35
2020-08-01,32.83,33.37,24.07,97.84,64.84
2020-08-02,0.0,32.3,24.28,98.93,71.9
2020-08-03,0.53,32.54,24.42,96.87,70.58
2020-08-04,0.35,31.48,23.93,97.37,70.19
2020-08-05,1.77,32.17,23.92,97.21,70.09
2020-08-06,1.0,32.38,24.19,97.08,66.92
2020-08-07,0.08,34.15,24.8,95.98,65.79
2020-08-08,0.0,34.2,25.32,93.96,63.99
2020-08-09,9.06,33.93,25.84,92.95,65.74
2020-08-10,13.52,33.12,24.68,98.58,69.11
2020-08-11,0.47,32.8,24.61,97.2,67.65
2020-08-12,14.96,33.46,24.54,97.95,67.04
2020-08-13,13.87,32.02,23.64,98.73,70.64
2020-08-14,0.16,32.16,23.12,98.16,70.63
2020-08-15,22.88,32.35,23.45,99.53,67.91
2020-08-16,0.0,33.73,25.37,98.34,64.67
2020-08-17,0.0,34.03,25.26,93.73,65.41
2020-08-18,0.03,34.29,24.51,95.87,62.7
2020-08-19,0.16,35.87,24.92,91.85,63.52
2020-08-20,22.81,33.98,25.22,97.3,66.58
2020-08-21,5.92,32.82,23.78,95.86,68.63
2020-08-22,8.47,33.32,23.13,91.33,63.49
2020-08-23,0.14,34.96,24.88,96.04,65.21
2020-08-24,0.01,33.87,24.93,98.45,65.13
2020-08-25,17.5,32.05,23.61,96.8,67.07
2020-08-26,16.26,30.52,23.13,98.43,79.41
2020-08-27,3.6,31.3,23.04,98.39,72.41
2020-08-28,0.0,32.65,23.94,94.11,66.72
2020-08-29,5.19,31.18,23.77,96.66,73.28
2020-08-30,0.4,33.47,25.04,96.45,66.13
2020-08-31,0.28,32.89,24.88,98.02,68.23
2020-09-01,32.04,31.89,24.27,98.12,72.57
2020-09-02,6.39,30.65,23.27,97.39,76.58
2020-09-03,7.47,32.17,23.49,99.06,68.2
2020-09-04,47.54,32.64,23.78,98.52,68.62
2020-09-05,67.69,29.05,23.22,99.68,84.92
2020-09-06,2.78,28.09,23.12,99.31,86.6
2020-09-07,0.67,31.28,23.25,96.62,70.73
2020-09-08,16.21,32.72,24.05,97.2,67.78
2020-09-09,23.0,31.56,22.9,98.79,73.6
2020-09-10,18.69,32.61,23.16,99.15,71.85
2020-09-11,14.19,32.18,23.32,98.88,70.93
2020-09-12,2.15,31.99,22.58,98.2,69.55
2020-09-13,0.71,33.41,22.94,95.23,65.5
2020-09-14,0.65,32.88,24.25,97.47,68.26
2020-09-15,5.65,34.74,23.87,97.04,61.7
2020-09-16,2.19,33.91,23.7,98.24,64.35
2020-09-17,7.35,33.56,23.82,97.43,68.0
2020-09-18,27.28,33.73,23.95,98.23,68.57
2020-09-19,0.37,31.18,23.32,98.97,76.64
2020-09-20,9.19,32.02,24.41,98.0,74.26
2020-09-21,0.02,31.08,23.39,98.88,77.49
2020-09-22,0.18,34.17,24.01,97.81,64.8
2020-09-23,9.38,33.57,23.93,98.05,68.66
2020-09-24,0.52,33.0,23.79,98.16,70.51
2020-09-25,1.62,34.23,23.23,98.81,64.89
2020-09-26,5.68,33.61,23.57,95.69,68.78
2020-09-27,11.99,34.1,23.5,98.25,66.68
2020-09-28,0.0,34.65,22.6,98.42,63.7
2020-09-29,0.0,34.37,23.93,98.2,66.77
2020-09-30,7.34,34.73,24.34,98.24,63.57
2020-10-01,0.0,35.27,24.06,97.91,63.15
2020-10-02,0.0,35.12,24.25,98.4,61.6
2020-10-03,33.38,34.61,23.17,98.09,66.83
2020-10-04,0.02,33.23,23.42,98.7,78.73
2020-10-05,6.02,33.5,24.09,98.33,74.64
2020-10-06,3.96,34.62,24.36,98.6,70.0
2020-10-07,18.95,34.37,24.12,98.32,69.01
2020-10-08,0.0,35.12,24.28,96.77,68.35
2020-10-09,0.0,35.73,24.38,99.08,67.56
2020-10-10,0.0,36.28,24.43,98.5,62.25
2020-10-11,0.0,33.82,24.1,98.55,69.81
2020-10-12,36.55,32.52,23.91,98.62,72.8
2020-10-13,3.53,33.18,22.48,98.12,70.59
2020-10-14,0.16,34.44,23.37,96.1,64.7
2020-10-15,0.0,33.66,24.92,95.95,70.18
2020-10-16,0.06,34.33,24.61,96.37,71.65
2020-10-17,0.18,34.46,24.3,97.39,68.4
2020-10-18,0.0,35.89,24.41,97.55,61.31
2020-10-19,0.0,36.06,25.05,97.42,57.57
2020-10-20,0.0,36.32,24.72,96.09,55.14
2020-10-21,0.0,36.23,24.44,96.28,52.7
2020-10-22,0.0,36.8,24.44,92.08,50.34
2020-10-23,0.0,36.7,24.48,88.87,48.6
2020-10-24,0.0,37.6,24.98,89.01,46.21
2020-10-25,0.0,37.94,25.34,86.27,47.43
2020-10-26,0.0,37.38,24.97,82.23,42.01
2020-10-27,0.0,37.1,23.85,77.71,37.4
2020-10-28,0.0,37.12,23.05,77.4,36.17
2020-10-29,0.0,38.06,23.25,72.32,33.79
2020-10-30,0.0,38.43,22.4,76.91,37.91
2020-10-31,0.0,37.52,22.93,76.17,40.02
2020-11-01,0.0,38.09,21.4,84.25,33.45
2020-11-02,0.0,38.85,22.34,80.91,36.63
2020-11-03,0.0,38.05,21.65,95.65,43.27
2020-11-04,0.0,36.55,22.13,95.61,53.8
2020-11-05,0.01,35.46,21.45,97.93,60.88
2020-11-06,1.33,34.18,22.08,97.44,65.02
2020-11-07,0.0,38.47,22.71,90.94,45.83
2020-11-08,0.0,39.89,23.61,83.52,33.45
2020-11-09,0.0,37.76,21.73,76.35,36.99
2020-11-10,0.0,37.64,21.69,92.95,43.18
2020-11-11,0.0,38.24,21.96,86.58,27.84
2020-11-12,0.0,37.55,19.26,73.43,31.97
2020-11-13,0.0,37.48,18.78,67.72,27.48
2020-11-14,0.0,36.89,17.98,64.69,26.46
2020-11-15,0.0,37.53,18.22,67.78,28.89
2020-11-16,0.0,37.65,18.3,67.1,27.66
2020-11-17,0.0,37.6,19.38,68.29,29.72
2020-11-18,0.0,37.93,19.49,68.35,25.58
2020-11-19,0.0,37.08,18.58,63.75,26.21
2020-11-20,0.0,37.13,18.36,70.91,29.51
2020-11-21,0.0,37.97,19.85,85.02,33.34
2020-11-22,0.0,37.13,20.79,93.27,44.57
2020-11-23,0.0,37.61,20.39,90.65,33.18
2020-11-24,0.0,35.56,19.66,62.83,27.48
2020-11-25,0.0,33.12,17.02,58.27,26.29
2020-11-26,0.0,34.42,15.58,67.18,25.93
2020-11-27,0.0,33.89,15.49,71.17,26.2
2020-11-28,0.0,31.91,16.04,71.18,27.84
2020-11-29,0.0,34.88,16.9,70.31,29.52
2020-11-30,0.0,33.76,18.83,71.59,33.12
2020-12-01,0.0,35.73,18.43,70.52,32.28
2020-12-02,0.0,36.41,18.88,75.26,35.57
2020-12-03,0.0,36.24,17.96,83.12,35.7
2020-12-04,0.0,37.39,17.61,86.9,35.53
2020-12-05,0.0,36.87,17.74,78.57,36.33
2020-12-06,0.0,38.06,17.74,71.47,30.56
2020-12-07,0.0,36.23,17.07,71.17,34.25
2020-12-08,0.0,37.27,17.16,69.45,31.87
2020-12-09,0.0,37.16,17.26,68.03,28.58
2020-12-10,0.0,37.32,17.18,65.97,27.12
2020-12-11,0.0,35.98,17.07,62.95,25.03
2020-12-12,0.0,36.45,16.99,63.3,24.33
2020-12-13,0.0,37.73,16.42,63.88,25.09
2020-12-14,0.0,36.77,16.1,64.02,25.47
2020-12-15,0.0,36.8,15.41,62.25,24.94
2020-12-16,0.0,37.17,16.14,65.57,25.14
2020-12-17,0.0,37.88,16.44,59.24,26.72
2020-12-18,0.0,35.59,17.58,61.04,27.36
2020-12-19,0.0,34.67,15.36,64.26,28.43
2020-12-20,0.0,33.99,14.58,62.63,25.04
2020-12-21,0.0,34.31,15.61,57.69,26.59
2020-12-22,0.0,34.23,16.02,53.05,25.36
2020-12-23,0.0,34.12,15.91,59.36,26.61
2020-12-24,0.0,34.85,15.39,64.94,25.78
2020-12-25,0.0,35.8,17.49,65.82,28.39
2020-12-26,0.0,35.93,18.35,60.66,24.84
2020-12-27,0.0,38.01,18.63,57.56,23.37
2020-12-28,0.0,38.69,18.76,53.87,21.35
2020-12-29,0.0,38.38,18.32,60.12,19.78
2020-12-30,0.0,39.67,18.29,54.27,22.45
2020-12-31,0.0,39.37,18.71,68.63,24.33
2021-01-01,0.0,40.66,19.83,69.35,23.52
2021-01-02,0.0,37.95,18.19,74.12,27.65
2021-01-03,0.0,37.82,16.12,72.56,26.55
2021-01-04,0.0,38.93,16.44,66.14,22.22
2021-01-05,0.0,40.1,17.03,67.74,20.62
2021-01-06,0.0,40.66,17.22,61.62,18.64
2021-01-07,0.0,40.5,16.73,73.09,20.46
2021-01-08,0.0,39.8,17.37,74.07,21.1
2021-01-09,0.0,35.82,18.56,75.88,30.64
2021-01-10,0.0,34.7,18.63,64.19,32.43
2021-01-11,0.0,33.2,18.19,55.14,28.84
2021-01-12,0.0,34.24,17.87,58.85,25.18
2021-01-13,0.0,36.81,16.13,59.11,22.98
2021-01-14,0.0,38.51,18.11,55.27,20.77
2021-01-15,0.0,36.83,17.0,60.65,21.29
2021-01-16,0.0,35.03,16.82,52.01,21.92
2021-01-17,0.0,34.16,17.0,51.71,22.08
2021-01-18,0.0,36.11,18.54,46.19,20.47
2021-01-19,0.0,35.71,15.39,54.46,20.59
2021-01-20,0.0,38.61,14.37,60.32,19.24
2021-01-21,0.0,39.79,16.09,58.79,18.95
2021-01-22,0.0,37.65,18.99,47.61,18.28
2021-01-23,0.0,36.57,16.28,51.89,18.2
2021-01-24,0.0,37.35,15.72,53.59,16.36
2021-01-25,0.0,38.8,14.32,54.45,16.11
2021-01-26,0.0,39.16,14.37,55.57,15.63
2021-01-27,0.0,39.61,14.01,57.8,16.18
2021-01-28,0.0,39.03,13.98,56.24,15.4
2021-01-29,0.0,37.67,14.46,59.75,17.55
2021-01-30,0.0,39.36,15.52,56.29,16.33
2021-01-31,0.0,38.63,16.51,56.11,15.94
2021-02-01,0.0,37.99,18.05,51.09,18.78
2021-02-02,0.0,39.8,15.33,58.09,16.65
2021-02-03,0.0,39.69,16.2,60.27,17.86
2021-02-04,0.0,39.82,17.72,57.49,15.34
2021-02-05,0.0,33.08,19.1,72.34,24.21
2021-02-06,0.0,29.95,17.55,69.41,37.13
2021-02-07,0.0,35.02,17.03,57.06,25.35
2021-02-08,0.0,36.48,17.08,45.59,29.61
2021-02-09,0.0,36.86,18.63,52.56,16.66
2021-02-10,0.0,39.75,18.13,48.08,16.36
2021-02-11,0.0,40.97,17.38,55.77,16.76
2021-02-12,0.0,41.69,18.6,45.3,18.43
2021-02-13,0.0,41.49,18.29,47.2,15.54
2021-02-14,0.0,40.73,18.97,52.75,18.99
2021-02-15,0.0,40.15,19.58,53.26,17.22
2021-02-16,0.0,39.87,18.64,57.91,18.72
2021-02-17,0.0,33.39,22.06,51.9,28.95
2021-02-18,0.0,37.05,23.3,43.93,25.86
2021-02-19,0.0,36.9,25.13,40.81,22.02
2021-02-20,0.0,38.09,23.82,44.19,20.21
2021-02-21,0.0,40.55,21.85,42.83,16.97
2021-02-22,0.0,41.39,21.22,43.14,17.94
2021-02-23,0.0,41.2,20.14,52.55,17.75
2021-02-24,0.0,41.05,19.01,53.23,15.62
2021-02-25,0.0,40.06,16.78,52.22,16.89
2021-02-26,0.0,36.9,20.29,46.01,17.4
2021-02-27,0.0,35.83,18.29,45.25,18.79
2021-02-28,0.0,36.83,18.97,43.01,20.94
2021-03-01,0.0,38.06,18.2,55.26,23.95
2021-03-02,0.0,41.0,19.31,51.53,19.72
2021-03-03,0.0,41.77,21.49,46.66,19.35
2021-03-04,0.0,41.47,21.66,53.02,19.58
2021-03-05,0.0,41.38,20.71,59.25,21.6
2021-03-06,0.0,42.7,21.21,61.75,20.27
2021-03-07,0.0,41.93,21.05,65.04,17.91
2021-03-08,0.0,40.66,21.5,52.91,21.56
2021-03-09,0.0,39.25,21.03,50.61,22.5
2021-03-10,0.0,38.19,20.8,53.54,24.83
2021-03-11,0.0,38.5,20.61,46.17,22.2
2021-03-12,0.0,39.12,19.3,51.04,29.63
2021-03-13,0.0,38.94,19.73,55.56,20.81
2021-03-14,0.0,40.63,20.43,56.83,21.08
2021-03-15,0.0,41.11,21.11,54.02,20.9
2021-03-16,0.0,40.84,19.97,56.48,20.0
2021-03-17,0.0,40.37,19.17,77.97,21.4
2021-03-18,0.0,39.89,20.08,52.21,22.19
2021-03-19,0.0,37.6,18.64,85.97,27.94
2021-03-20,0.0,39.14,18.0,81.47,23.6
2021-03-21,0.0,39.8,20.09,69.11,22.91
2021-03-22,0.0,40.86,20.47,61.57,19.89
2021-03-23,0.0,40.41,20.91,61.15,20.02
2021-03-24,0.0,43.14,23.4,43.71,16.82
2021-03-25,0.0,43.42,24.06,50.99,17.22
2021-03-26,0.0,42.97,22.32,64.56,17.59
2021-03-27,0.0,43.55,22.23,50.79,13.47
2021-03-28,0.0,42.38,20.43,69.11,15.59
2021-03-29,0.0,41.14,21.2,65.6,21.82
2021-03-30,0.0,38.94,21.82,64.15,25.79
2021-03-31,0.0,40.45,21.56,62.88,22.15
2021-04-01,0.0,44.42,22.31,59.89,18.07
2021-04-02,0.0,42.28,23.3,71.77,27.19
2021-04-03,0.0,42.28,22.91,73.56,24.21
2021-04-04,0.01,43.86,22.15,72.44,22.11
2021-04-05,0.0,44.13,22.33,77.18,19.95
2021-04-06,0.0,41.77,21.91,86.68,26.27
2021-04-07,0.0,41.64,20.94,68.37,19.2
2021-04-08,0.0,45.81,22.99,54.31,15.15
2021-04-09,0.0,45.85,23.3,65.96,17.29
2021-04-10,0.0,43.81,22.66,70.38,20.46
2021-04-11,0.0,44.43,22.93,72.84,18.71
2021-04-12,0.0,44.98,23.02,67.43,18.97
2021-04-13,0.0,43.84,23.59,72.44,19.26
2021-04-14,0.0,41.92,23.36,70.7,23.17
2021-04-15,0.0,42.03,22.99,68.62,22.7
2021-04-16,0.0,42.96,23.55,66.42,19.0
2021-04-17,0.0,43.6,24.11,57.05,19.88
2021-04-18,0.0,43.95,24.55,59.56,18.71
2021-04-19,0.0,44.71,24.0,73.18,20.02
2021-04-20,0.0,43.71,23.05,70.79,18.27
2021-04-21,0.0,41.14,22.29,72.28,22.97
2021-04-22,0.0,41.54,21.27,79.38,22.0
2021-04-23,0.0,42.95,23.28,68.42,19.53
2021-04-24,0.0,41.36,22.4,69.19,21.22
2021-04-25,0.0,41.29,20.71,74.53,22.98
2021-04-26,0.0,40.66,20.89,63.89,20.42
2021-04-27,0.0,41.74,22.98,65.05,23.1
2021-04-28,0.0,41.43,22.6,49.93,20.66
2021-04-29,0.0,42.98,23.51,62.83,23.57
2021-04-30,0.0,39.92,21.61,62.62,22.87
2021-05-01,0.0,42.19,23.68,63.53,24.5
2021-05-02,0.0,39.38,23.17,68.31,24.61
2021-05-03,0.0,39.69,21.98,68.11,23.4
2021-05-04,0.0,39.6,22.61,62.89,23.78
2021-05-05,0.0,40.09,22.86,69.16,24.51
2021-05-06,0.0,42.57,23.46,63.18,22.05
2021-05-07,0.0,41.47,25.94,73.18,29.45
2021-05-08,0.0,43.64,24.55,63.09,20.66
2021-05-09,0.0,40.76,23.48,68.97,27.02
2021-05-10,0.0,41.79,22.21,73.82,21.65
2021-05-11,0.0,40.68,23.3,72.69,26.25
2021-05-12,0.0,39.03,25.2,73.69,35.94
2021-05-13,0.0,43.08,26.01,68.38,23.7
2021-05-14,0.0,46.45,24.3,67.26,16.11
2021-05-15,0.0,42.98,24.95,74.22,26.28
2021-05-16,0.0,42.06,24.33,72.64,26.0
2021-05-17,0.0,43.82,24.19,66.22,22.85
2021-05-18,0.0,44.83,24.16,74.36,22.96
2021-05-19,0.0,42.72,25.45,73.49,31.63
2021-05-20,0.0,41.3,25.86,80.15,31.93
2021-05-21,0.0,40.21,23.68,76.89,26.53
2021-05-22,0.0,39.96,22.98,74.44,24.78
2021-05-23,0.0,40.37,22.34,78.59,29.36
2021-05-24,0.0,41.42,22.71,74.04,21.49
2021-05-25,0.0,41.3,25.14,65.55,28.94
2021-05-26,0.0,41.58,25.11,71.97,26.79
2021-05-27,0.0,41.45,24.8,78.25,28.53
2021-05-28,0.0,40.98,24.23,70.88,23.58
2021-05-29,0.0,41.06,23.6,71.53,22.01
2021-05-30,0.0,40.65,24.08,73.53,29.97
2021-05-31,0.0,38.07,24.65,78.47,37.92
2021-06-01,0.0,39.19,24.63,81.44,33.7
2021-06-02,0.0,40.82,23.83,79.53,28.17
2021-06-03,0.0,42.16,25.02,73.66,28.57
2021-06-04,0.0,40.62,27.35,63.47,31.0
2021-06-05,0.23,38.65,27.85,70.04,38.34
2021-06-06,0.0,38.47,26.7,77.97,37.88
2021-06-07,0.04,40.9,26.16,80.42,33.35
2021-06-08,11.87,40.47,26.09,87.56,35.03
2021-06-09,0.0,38.03,24.26,92.38,45.26
2021-06-10,16.25,40.16,25.81,88.01,34.25
2021-06-11,0.77,31.81,22.89,94.46,70.94
2021-06-12,0.01,37.84,25.16,93.46,40.77
2021-06-13,2.19,36.66,24.84,92.82,50.79
2021-06-14,0.02,36.3,25.46,87.74,51.6
2021-06-15,0.85,34.93,24.65,89.18,55.87
2021-06-16,0.0,38.09,25.84,88.86,48.16
2021-06-17,0.0,38.83,25.33,89.68,47.99
2021-06-18,0.0,38.89,25.91,82.72,42.36
2021-06-19,0.0,39.15,24.64,83.28,32.12
2021-06-20,0.87,37.01,24.45,82.59,40.68
2021-06-21,0.0,36.5,25.57,81.73,47.08
2021-06-22,0.0,38.25,26.23,86.18,45.12
2021-06-23,0.0,39.49,25.88,84.08,34.34
2021-06-24,0.02,38.69,24.81,86.56,36.88
2021-06-25,9.18,39.43,27.39,81.52,39.63
2021-06-26,5.02,31.68,23.52,87.13,64.82
2021-06-27,9.6,36.42,24.32,93.86,54.12
2021-06-28,0.12,37.83,24.34,93.79,42.32
2021-06-29,0.0,38.17,25.5,88.81,41.12
2021-06-30,0.07,36.51,25.8,89.67,48.58
2021-07-01,0.06,33.78,24.32,89.26,53.31
2021-07-02,7.59,37.61,24.56,94.74,44.84
2021-07-03,0.0,34.85,23.9,96.7,53.26
2021-07-04,0.0,35.23,24.48,89.5,50.38
2021-07-05,1.57,36.35,25.14,89.13,48.32
2021-07-06,0.07,36.92,25.02,89.22,47.68
2021-07-07,16.11,38.81,25.89,90.27,47.06
2021-07-08,0.0,36.86,23.79,93.81,56.58
2021-07-09,0.0,36.36,25.39,93.18,54.24
2021-07-10,0.0,34.43,25.21,93.26,56.24
2021-07-11,24.01,34.54,25.2,91.77,54.46
2021-07-12,0.0,33.09,23.65,97.75,62.55
2021-07-13,0.0,34.93,24.34,96.58,57.87
2021-07-14,0.0,35.56,24.77,92.05,55.47
2021-07-15,0.0,35.65,25.51,89.86,53.79
2021-07-16,0.0,36.44,25.5,88.61,52.98
2021-07-17,0.0,34.92,24.29,95.45,55.64
2021-07-18,0.0,36.86,26.93,89.66,52.93
2021-07-19,0.0,34.13,26.02,91.66,61.2
2021-07-20,0.0,37.0,25.48,94.51,55.71
2021-07-21,0.0,36.35,26.11,88.23,55.35
2021-07-22,0.0,36.36,26.83,86.5,51.88
2021-07-23,0.0,36.74,25.07,83.11,42.25
2021-07-24,2.52,35.11,24.09,88.44,51.75
2021-07-25,1.3,34.29,24.79,95.21,64.37
2021-07-26,0.0,36.05,24.58,94.73,53.2
2021-07-27,0.0,36.76,25.91,86.38,51.45
2021-07-28,0.56,35.87,26.02,89.34,53.85
2021-07-29,0.5,35.54,25.21,91.05,55.15
2021-07-30,12.52,34.0,24.72,94.91,64.29
2021-07-31,46.13,30.46,23.15,97.63,80.4
2021-08-01,1.08,33.43,23.67,97.03,63.57
2021-08-02,14.89,31.31,23.77,96.17,64.96
2021-08-03,5.43,32.31,23.77,97.97,68.1
2021-08-04,19.28,32.57,23.4,97.14,67.43
2021-08-05,6.9,32.87,22.75,97.6,69.37
2021-08-06,0.3,32.16,23.73,98.21,66.72
2021-08-07,11.87,32.26,24.71,97.16,64.72
2021-08-08,26.67,32.42,23.48,98.96,69.32
2021-08-09,0.0,33.38,22.24,97.64,64.16
2021-08-10,0.0,34.5,25.1,98.58,63.78
2021-08-11,0.06,34.7,25.05,95.79,54.98
2021-08-12,0.74,34.64,24.74,94.47,59.02
2021-08-13,2.0,33.65,25.44,99.04,67.26
2021-08-14,13.1,35.35,25.09,90.55,54.98
2021-08-15,0.47,30.99,23.09,97.07,74.48
2021-08-16,7.47,31.52,23.74,96.91,73.99
2021-08-17,3.34,30.77,23.67,97.2,78.61
2021-08-18,15.39,31.93,23.02,97.95,69.89
2021-08-19,7.29,32.75,23.55,97.34,71.57
2021-08-20,13.42,31.8,23.77,96.69,65.32
2021-08-21,0.0,33.98,22.27,94.23,61.17
2021-08-22,4.19,33.12,25.0,94.24,70.29
2021-08-23,0.0,34.25,23.89,95.97,60.95
2021-08-24,0.23,33.56,25.0,95.04,66.91
2021-08-25,23.97,33.78,23.37,96.89,66.92
2021-08-26,5.3,33.16,22.31,97.91,66.73
2021-08-27,9.22,32.12,24.51,96.99,70.56
2021-08-28,8.78,31.74,23.43,97.18,69.43
2021-08-29,49.97,33.68,24.11,97.34,65.39
2021-08-30,0.0,34.9,21.3,97.32,64.09
2021-08-31,18.64,34.43,24.3,95.72,59.87
2021-09-01,6.23,33.13,23.7,96.37,64.49
2021-09-02,0.1,34.17,23.91,97.55,64.65
2021-09-03,25.52,34.59,25.04,95.94,67.31
2021-09-04,2.58,32.8,22.04,96.62,66.34
2021-09-05,0.0,33.37,23.98,95.86,64.58
2021-09-06,0.79,32.88,24.6,96.03,62.51
2021-09-07,20.65,32.69,23.69,97.4,70.3
2021-09-08,0.0,35.21,23.89,96.98,62.97
2021-09-09,11.9,35.62,25.57,96.1,63.36
2021-09-10,12.7,30.07,22.22,98.12,78.43
2021-09-11,0.5,33.36,24.19,96.05,66.08
2021-09-12,0.25,34.12,25.13,97.02,64.16
2021-09-13,12.94,34.82,24.83,97.15,64.17
2021-09-14,0.0,34.5,23.84,96.18,64.16
2021-09-15,44.6,34.43,25.39,94.25,60.09
2021-09-16,14.74,33.48,22.23,98.55,67.04
2021-09-17,4.38,33.51,24.09,96.48,65.12
2021-09-18,23.62,33.04,24.26,98.24,68.78
2021-09-19,1.58,29.11,21.9,98.56,76.38
2021-09-20,0.0,34.92,23.51,96.79,64.75
2021-09-21,0.0,36.05,26.23,94.27,62.7
2021-09-22,0.0,35.09,26.03,95.11,58.58
2021-09-23,3.64,32.69,25.25,96.48,70.76
2021-09-24,0.37,33.52,23.7,98.49,70.23
2021-09-25,0.3,35.26,24.16,96.11,66.73
2021-09-26,1.69,32.92,23.47,97.44,65.81
2021-09-27,0.48,35.57,23.65,96.42,62.15
2021-09-28,0.0,36.64,23.33,95.2,57.98
2021-09-29,1.78,35.44,23.77,93.59,60.36
2021-09-30,8.21,35.66,23.81,94.58,63.17
2021-10-01,0.0,34.46,23.12,95.56,65.57
2021-10-02,16.18,33.73,24.23,97.46,67.52
2021-10-03,0.0,34.82,23.21,98.34,60.65
2021-10-04,23.11,34.99,25.73,95.51,64.7
2021-10-05,0.03,32.62,22.28,97.65,63.93
2021-10-06,0.95,35.41,23.6,97.18,60.88
2021-10-07,6.39,35.46,24.69,95.3,64.32
2021-10-08,0.0,34.58,23.54,94.68,61.68
2021-10-09,0.0,34.21,24.57,97.08,68.05
2021-10-10,0.0,34.67,25.05,97.38,64.38
2021-10-11,0.0,34.67,24.56,97.73,68.0
2021-10-12,0.06,35.1,24.88,96.82,58.64
2021-10-13,0.0,34.43,23.4,98.14,54.55
2021-10-14,0.0,36.16,22.75,96.52,48.34
2021-10-15,0.0,36.4,23.83,97.32,55.67
2021-10-16,0.0,35.45,24.7,99.29,61.89
2021-10-17,0.0,34.45,24.35,95.26,65.68
2021-10-18,0.0,33.6,22.63,100.0,68.37
2021-10-19,0.0,37.49,24.81,97.88,52.14
2021-10-20,0.0,38.06,24.4,99.31,45.52
2021-10-21,0.18,35.71,24.83,96.76,60.59
2021-10-22,0.0,36.61,23.75,95.22,48.74
2021-10-23,5.04,35.42,24.05,99.05,56.57
2021-10-24,26.44,36.56,24.1,95.8,58.86
2021-10-25,2.24,31.37,22.83,97.06,71.44
2021-10-26,0.0,34.22,24.14,95.67,64.17
2021-10-27,0.04,34.85,24.41,93.17,65.14
2021-10-28,0.0,32.7,24.1,92.09,63.57
2021-10-29,1.02,35.28,24.85,93.23,50.54
2021-10-30,1.03,30.92,25.12,94.83,67.19
2021-10-31,0.0,35.36,24.02,96.29,48.39
2021-11-01,0.0,38.21,17.05,62.14,20.37
2021-11-02,0.0,36.82,14.68,67.14,20.43
2021-11-03,0.0,37.05,13.57,69.22,22.44
2021-11-04,0.0,36.65,15.83,60.26,24.28
2021-11-05,0.0,36.05,15.13,66.38,29.71
2021-11-06,0.0,36.5,14.98,68.58,25.78
2021-11-07,0.0,36.08,15.31,66.56,27.37
2021-11-08,0.0,34.8,18.76,62.16,30.83
2021-11-09,0.0,34.78,19.66,52.4,22.49
2021-11-10,0.0,37.16,19.93,54.33,22.4
2021-11-11,0.0,39.07,19.75,65.61,23.06
2021-11-12,0.0,39.28,22.66,73.46,22.79
2021-11-13,0.0,38.01,20.85,70.86,24.01
2021-11-14,0.0,37.0,20.39,73.98,28.86
2021-11-15,0.0,35.06,20.6,70.21,35.61
2021-11-16,0.0,37.4,20.75,61.86,26.73
2021-11-17,0.0,38.15,18.7,74.69,24.38
2021-11-18,0.0,39.35,17.85,68.76,18.88
2021-11-19,0.0,38.73,18.02,65.62,22.23
2021-11-20,0.0,38.73,16.22,66.73,22.36
2021-11-21,0.0,38.16,19.43,61.36,21.05
2021-11-22,0.0,37.64,18.35,61.04,19.95
2021-11-23,0.0,36.61,18.36,59.43,20.87
2021-11-24,0.0,36.16,19.54,42.27,19.95
2021-11-25,0.0,37.12,19.82,48.17,17.22
2021-11-26,0.0,37.53,17.94,64.43,22.02
2021-11-27,0.0,35.65,20.27,66.77,24.53
2021-11-28,0.0,36.28,20.61,66.82,36.64
2021-11-29,0.0,39.07,19.62,57.8,21.44
2021-11-30,0.0,40.02,19.9,63.25,23.53
2021-12-01,0.0,38.32,18.11,76.17,26.62
2021-12-02,0.0,39.69,18.46,72.08,23.07
2021-12-03,0.0,39.54,19.71,68.68,26.31
2021-12-04,0.0,38.74,19.26,76.19,25.89
2021-12-05,0.0,38.48,18.51,72.03,23.41
2021-12-06,0.0,37.68,17.77,64.85,21.49
2021-12-07,0.0,37.46,15.26,67.88,23.79
2021-12-08,0.0,38.12,16.35,71.21,16.65
2021-12-09,0.0,38.46,17.47,72.78,24.88
2021-12-10,0.0,38.15,16.74,74.63,26.8
2021-12-11,0.0,37.77,16.93,79.44,28.8
2021-12-12,0.0,38.04,17.81,90.75,25.15
2021-12-13,0.0,38.56,18.5,71.61,24.07
2021-12-14,0.0,38.48,18.41,74.12,24.18
2021-12-15,0.0,37.7,19.82,65.35,23.14
2021-12-16,0.0,35.4,19.58,64.47,25.36
2021-12-17,0.0,36.21,19.19,67.83,25.68
2021-12-18,0.0,39.0,18.88,71.87,23.79
2021-12-19,0.0,34.35,20.53,65.1,24.7
2021-12-20,0.0,36.69,23.43,45.03,18.85
2021-12-21,0.0,32.35,20.93,64.41,30.12
2021-12-22,0.0,32.3,21.41,60.33,33.12
2021-12-23,0.0,35.36,21.3,64.99,28.48
2021-12-24,0.0,37.35,18.71,65.72,22.85
2021-12-25,0.0,37.7,20.82,63.14,26.08
2021-12-26,0.0,35.03,20.16,62.34,25.53
2021-12-27,0.0,39.99,20.7,57.7,18.14
2021-12-28,0.0,39.52,17.05,61.68,16.75
2021-12-29,0.0,37.84,15.73,64.27,17.87
2021-12-30,0.0,35.74,16.98,45.57,22.85
2021-12-31,0.0,38.61,16.21,62.96,19.94
2022-01-01,0.0,38.79,17.06,60.59,18.75
2022-01-02,0.0,38.74,17.14,59.81,18.93
2022-01-03,0.0,37.43,14.84,61.83,18.26
2022-01-04,0.0,37.53,13.88,65.31,19.57
2022-01-05,0.0,37.12,16.22,57.2,20.76
2022-01-06,0.0,37.23,15.29,62.42,20.74
2022-01-07,0.0,37.09,15.32,64.46,21.59
2022-01-08,0.0,37.06,15.46,61.94,20.58
2022-01-09,0.0,36.01,19.01,52.06,21.25
2022-01-10,0.0,34.51,20.13,45.18,22.08
2022-01-11,0.0,37.5,20.25,51.15,22.18
2022-01-12,0.0,39.17,19.81,63.33,20.67
2022-01-13,0.0,38.76,22.3,65.31,23.33
2022-01-14,0.0,38.54,20.64,62.34,21.93
2022-01-15,0.0,37.78,20.07,77.52,27.39
2022-01-16,0.0,34.9,20.45,76.32,42.52
2022-01-17,0.0,38.02,20.5,78.19,24.04
2022-01-18,0.0,38.06,18.7,76.29,23.75
2022-01-19,0.0,39.13,17.8,65.27,19.76
2022-01-20,0.0,39.05,17.69,59.84,18.87
2022-01-21,0.0,39.08,16.15,63.87,20.14
2022-01-22,0.0,38.52,19.26,56.8,19.02
2022-01-23,0.0,38.15,18.22,55.59,18.19
2022-01-24,0.0,37.06,18.41,52.15,18.86
2022-01-25,0.0,36.6,19.65,42.53,19.88
2022-01-26,0.0,37.38,19.99,46.93,17.18
2022-01-27,0.0,38.01,18.12,55.81,20.32
2022-01-28,0.0,35.68,20.0,66.91,20.44
2022-01-29,0.0,35.2,16.99,54.88,23.46
2022-01-30,0.0,39.8,19.66,52.72,18.69
2022-01-31,0.0,40.33,20.01,54.29,22.15
2022-02-01,0.0,41.0,20.48,48.72,17.78
2022-02-02,0.0,39.22,20.05,41.4,17.49
2022-02-03,0.0,38.68,17.83,63.34,17.42
2022-02-04,0.0,39.26,16.5,58.98,16.89
2022-02-05,0.0,40.22,16.28,58.36,17.39
2022-02-06,0.0,40.48,16.98,54.34,18.27
2022-02-07,0.0,41.38,16.84,66.78,17.43
2022-02-08,0.0,39.93,16.97,62.38,16.67
2022-02-09,0.0,39.6,18.13,47.63,17.37
2022-02-10,0.0,38.94,20.09,40.18,16.94
2022-02-11,0.0,38.0,21.39,38.22,18.55
2022-02-12,0.0,36.57,19.69,40.06,19.85
2022-02-13,0.0,36.06,16.65,47.6,19.99
2022-02-14,0.0,36.44,16.75,54.3,20.32
2022-02-15,0.0,36.03,19.25,46.38,21.45
2022-02-16,0.0,36.3,17.97,47.68,20.36
2022-02-17,0.0,37.06,19.06,46.29,19.82
2022-02-18,0.0,36.84,19.28,53.58,18.86
2022-02-19,0.0,37.93,18.11,49.66,19.23
2022-02-20,0.0,40.19,21.13,43.1,17.44
2022-02-21,0.0,39.97,20.2,50.35,17.09
2022-02-22,0.0,40.3,20.47,52.62,18.77
2022-02-23,0.0,39.93,19.49,68.37,17.56
2022-02-24,0.0,38.29,18.81,76.51,25.54
2022-02-25,0.0,38.85,19.33,77.51,23.78
2022-02-26,0.0,35.45,19.5,74.16,28.24
2022-02-27,0.0,35.76,19.12,70.93,24.79
2022-02-28,0.0,35.08,19.16,60.22,21.95
2022-03-01,0.0,33.99,18.17,69.3,26.55
2022-03-02,0.0,37.51,19.1,63.4,20.26
2022-03-03,0.0,39.0,20.96,53.15,18.13
2022-03-04,0.0,37.36,23.83,40.57,19.04
2022-03-05,0.0,37.16,20.24,40.64,17.44
2022-03-06,0.0,40.4,16.91,54.95,18.33
2022-03-07,0.0,38.53,19.09,50.32,18.24
2022-03-08,0.0,39.72,17.11,64.17,18.66
2022-03-09,0.0,39.96,21.19,49.81,17.09
2022-03-10,0.0,40.96,20.11,52.1,17.3
2022-03-11,0.0,41.95,21.1,44.55,22.53
2022-03-12,0.0,41.2,23.69,44.46,17.61
2022-03-13,0.0,41.48,22.05,61.32,22.11
2022-03-14,0.0,40.64,20.95,66.03,19.71
2022-03-15,0.0,38.85,19.77,54.09,21.78
2022-03-16,0.0,38.37,20.62,53.38,27.35
2022-03-17,0.0,39.87,21.01,53.35,24.94
2022-03-18,0.0,40.48,20.79,54.97,22.62
2022-03-19,0.0,41.27,20.85,53.49,21.01
2022-03-20,0.0,40.0,21.43,51.88,23.11
2022-03-21,0.0,40.07,20.7,67.15,22.86
2022-03-22,0.0,44.05,22.36,51.46,15.82
2022-03-23,0.0,42.39,21.88,58.48,19.76
2022-03-24,0.0,40.37,22.08,63.29,20.46
2022-03-25,0.0,39.42,20.91,61.77,20.08
2022-03-26,0.0,40.75,20.64,59.9,19.33
2022-03-27,0.0,38.92,20.08,60.94,20.21
2022-03-28,0.0,39.57,20.76,59.2,21.12
2022-03-29,0.0,42.14,23.95,61.64,20.42
2022-03-30,0.0,42.11,23.82,59.9,20.75
2022-03-31,0.0,41.27,24.0,62.16,23.17
2022-04-01,0.0,43.03,23.27,67.05,20.78
2022-04-02,0.0,41.43,22.27,59.77,19.69
2022-04-03,0.0,45.42,24.62,66.46,18.98
2022-04-04,0.0,36.19,20.0,71.64,25.41
2022-04-05,0.0,37.78,21.62,70.17,26.55
2022-04-06,0.0,41.56,21.89,63.57,19.43
2022-04-07,0.0,43.26,25.66,45.34,19.41
2022-04-08,0.0,44.14,25.81,57.66,16.55
2022-04-09,0.0,43.3,25.18,65.2,18.42
2022-04-10,0.0,43.87,24.32,53.22,14.88
2022-04-11,0.0,40.7,21.77,62.98,19.67
2022-04-12,0.0,39.66,21.41,66.26,25.12
2022-04-13,0.0,40.02,21.6,76.17,24.25
2022-04-14,0.0,40.81,21.3,73.23,21.77
2022-04-15,0.0,40.47,22.53,71.37,21.45
2022-04-16,0.0,40.7,22.33,66.46,20.82
2022-04-17,0.0,39.61,22.45,64.43,22.73
2022-04-18,0.0,40.41,22.82,69.98,22.23
2022-04-19,0.0,40.43,24.35,66.74,28.62
2022-04-20,0.0,42.68,24.96,62.05,21.92
2022-04-21,0.0,43.83,23.87,60.59,16.76
2022-04-22,0.0,44.06,25.3,54.32,15.32
2022-04-23,0.0,43.79,24.15,63.27,14.99
2022-04-24,0.0,44.16,25.2,50.02,16.91
2022-04-25,0.0,44.15,26.44,46.92,15.15
2022-04-26,0.0,41.08,23.76,51.54,22.96
2022-04-27,0.0,41.49,23.45,57.87,23.48
2022-04-28,0.0,42.64,23.54,61.25,22.86
2022-04-29,0.0,43.28,23.6,50.71,16.75
2022-04-30,0.0,42.89,23.04,42.86,14.57
2022-05-01,0.0,43.29,23.92,63.92,17.86
2022-05-02,0.0,43.4,23.02,62.92,19.21
2022-05-03,0.0,39.98,23.42,69.5,25.54
2022-05-04,0.0,41.34,23.16,74.29,24.14
2022-05-05,0.0,43.24,25.17,61.69,21.89
2022-05-06,0.0,45.57,26.98,56.05,19.21
2022-05-07,0.0,45.9,27.17,58.88,19.47
2022-05-08,0.0,40.67,25.15,68.17,30.84
2022-05-09,0.04,36.84,25.27,78.84,38.58
2022-05-10,0.0,41.8,25.18,75.57,27.21
2022-05-11,0.0,42.55,24.24,75.78,22.1
2022-05-12,0.0,42.14,23.73,86.56,26.99
2022-05-13,0.01,40.99,24.34,78.9,30.57
2022-05-14,0.0,43.53,24.87,78.62,21.74
2022-05-15,0.0,43.59,25.35,78.85,21.96
2022-05-16,0.0,42.52,25.91,78.53,26.27
2022-05-17,0.0,42.01,26.14,77.97,28.04
2022-05-18,0.0,41.59,27.02,59.25,30.45
2022-05-19,0.0,44.23,24.48,83.87,21.23
2022-05-20,0.0,40.54,24.44,71.38,28.94
2022-05-21,0.0,40.27,24.48,73.8,29.51
2022-05-22,0.0,39.25,23.75,81.67,29.77
2022-05-23,0.0,39.72,24.68,86.15,36.13
2022-05-24,0.0,39.43,21.36,79.93,28.94
2022-05-25,0.0,39.24,22.6,78.74,33.36
2022-05-26,4.9,39.54,25.06,83.92,38.12
2022-05-27,32.31,36.77,23.67,96.36,53.84
2022-05-28,0.15,36.74,23.94,95.3,51.32
2022-05-29,0.0,41.87,26.52,79.25,31.97
2022-05-30,0.0,41.99,27.21,71.37,31.1
2022-05-31,0.03,37.99,26.01,77.28,42.96
2022-06-01,0.0,40.81,25.73,78.93,34.48
2022-06-02,0.0,39.08,26.88,72.09,38.66
2022-06-03,0.0,40.43,27.87,70.57,35.07
2022-06-04,0.0,37.83,27.17,78.55,43.41
2022-06-05,2.39,40.75,25.97,79.25,38.34
2022-06-06,0.12,36.9,23.31,90.63,45.02
2022-06-07,0.0,35.89,25.16,89.76,49.34
2022-06-08,41.66,39.07,24.25,86.11,43.25
2022-06-09,0.02,35.33,22.16,91.94,54.59
2022-06-10,0.0,36.94,24.6,89.9,50.31
2022-06-11,0.0,36.62,24.21,87.44,48.15
2022-06-12,0.0,37.18,24.45,87.01,49.58
2022-06-13,0.24,36.26,25.04,87.65,52.6
2022-06-14,27.03,35.15,25.08,92.24,58.02
2022-06-15,1.73,31.08,22.51,97.01,71.84
2022-06-16,0.0,35.49,24.46,90.12,51.76
2022-06-17,0.0,33.45,23.81,89.55,57.56
2022-06-18,1.47,32.14,25.63,95.15,69.45
2022-06-19,6.09,34.51,24.92,93.7,55.19
2022-06-20,0.22,34.01,24.69,95.2,55.79
2022-06-21,14.02,34.81,25.32,97.06,53.91
2022-06-22,35.1,36.94,25.06,94.71,48.44
2022-06-23,2.13,34.01,23.46,96.77,63.55
2022-06-24,1.19,35.2,26.26,86.13,58.27
2022-06-25,0.64,35.91,25.8,90.9,58.09
2022-06-26,0.0,36.92,25.77,90.89,56.08
2022-06-27,0.0,37.49,25.91,91.66,54.72
2022-06-28,1.15,36.13,23.81,94.58,52.31
2022-06-29,0.0,36.78,24.82,92.61,45.18
2022-06-30,0.92,36.58,25.74,92.12,52.63
2022-07-01,0.0,36.76,25.25,90.57,50.34
2022-07-02,7.64,35.38,24.65,80.33,38.73
2022-07-03,1.27,34.86,23.01,93.93,58.06
2022-07-04,3.1,31.67,23.69,97.66,72.15
2022-07-05,0.0,34.55,24.6,96.88,62.26
2022-07-06,0.0,34.96,25.17,94.18,58.83
2022-07-07,0.89,34.82,25.68,93.31,55.79
2022-07-08,19.33,35.85,25.73,96.47,56.62
2022-07-09,1.76,32.28,23.73,92.17,72.15
2022-07-10,0.0,34.39,25.35,97.01,62.22
2022-07-11,0.01,33.06,25.13,98.45,65.36
2022-07-12,0.02,34.89,25.6,92.27,61.59
2022-07-13,0.68,33.7,26.21,92.19,61.74
2022-07-14,0.43,34.67,25.26,91.13,60.33
2022-07-15,1.05,35.85,24.92,90.31,57.49
2022-07-16,0.0,35.75,26.14,90.29,60.04
2022-07-17,0.0,34.89,26.03,91.1,54.89
2022-07-18,2.1,35.23,24.98,93.93,57.26
2022-07-19,7.69,35.15,25.15,95.32,59.22
2022-07-20,1.6,35.7,25.41,94.06,54.84
2022-07-21,20.1,34.1,25.24,94.21,62.58
2022-07-22,12.57,33.22,24.31,98.57,63.36
2022-07-23,19.46,32.62,24.24,95.87,65.54
2022-07-24,14.07,28.28,22.31,97.9,78.05
2022-07-25,0.67,31.98,23.59,97.09,67.39
2022-07-26,0.94,34.3,24.34,96.03,63.19
2022-07-27,0.0,33.66,25.23,94.06,65.4
2022-07-28,0.01,33.46,25.35,93.13,63.07
2022-07-29,0.26,32.32,24.68,94.84,66.16
2022-07-30,36.59,30.59,24.4,96.82,79.45
2022-07-31,23.61,29.02,23.24,97.82,81.37
2022-08-01,1.01,33.9,22.95,96.08,61.88
2022-08-02,1.91,34.17,24.46,97.07,62.0
2022-08-03,14.37,30.8,23.5,97.25,78.09
2022-08-04,1.3,32.44,23.8,97.78,70.73
2022-08-05,1.74,32.63,23.75,98.25,70.78
2022-08-06,2.27,33.47,24.15,97.88,67.55
2022-08-07,18.47,33.61,24.75,97.22,69.44
2022-08-08,14.27,34.58,24.08,96.82,63.82
2022-08-09,0.0,33.69,23.7,92.8,65.22
2022-08-10,0.0,34.58,26.11,93.66,62.29
2022-08-11,1.96,34.62,25.64,94.96,61.13
2022-08-12,18.1,32.66,25.13,95.19,68.96
2022-08-13,4.4,32.1,25.08,94.01,68.32
2022-08-14,0.22,31.45,23.63,94.06,70.79
2022-08-15,14.0,31.33,23.36,97.39,71.5
2022-08-16,2.1,34.24,24.17,96.2,64.63
2022-08-17,0.05,31.85,23.97,96.0,69.63
2022-08-18,24.37,31.69,24.29,96.31,69.12
2022-08-19,6.95,30.44,24.21,96.63,70.4
2022-08-20,39.06,31.4,24.03,98.81,70.51
2022-08-21,5.41,31.61,22.57,98.48,67.09
2022-08-22,0.58,33.46,24.41,97.7,65.99
2022-08-23,0.01,34.49,24.79,97.65,56.26
2022-08-24,16.95,30.67,22.55,97.01,80.28
2022-08-25,0.74,32.13,23.31,97.03,69.5
2022-08-26,9.42,32.15,24.12,97.43,73.06
2022-08-27,1.89,33.82,24.53,97.67,65.39
2022-08-28,0.24,34.3,24.74,97.01,63.24
2022-08-29,10.17,33.61,24.23,96.93,63.5
2022-08-30,9.51,30.42,24.37,95.9,79.79
2022-08-31,15.71,32.18,24.02,97.34,74.36
2022-09-01,7.45,31.01,22.96,96.9,73.18
2022-09-02,38.48,31.83,22.85,97.58,70.21
2022-09-03,18.54,30.99,23.6,98.26,78.93
2022-09-04,6.37,31.34,23.53,98.88,70.41
2022-09-05,0.09,34.2,23.88,98.99,62.52
2022-09-06,0.0,34.45,24.15,95.67,63.11
2022-09-07,20.94,35.09,23.11,96.17,61.69
2022-09-08,4.28,32.87,23.13,96.0,65.39
2022-09-09,0.61,32.68,23.06,97.54,64.6
2022-09-10,16.99,31.81,22.16,97.74,69.79
2022-09-11,0.72,33.03,22.82,97.48,68.42
2022-09-12,4.5,33.08,24.12,96.3,68.68
2022-09-13,40.53,34.8,24.31,98.21,62.19
2022-09-14,0.49,32.61,21.98,98.38,67.22
2022-09-15,0.0,35.28,25.07,97.95,59.62
2022-09-16,7.96,34.47,25.83,96.15,63.09
2022-09-17,20.01,32.79,23.55,98.11,68.0
2022-09-18,1.52,31.79,22.85,97.82,71.14
2022-09-19,9.32,31.62,23.85,98.36,77.3
2022-09-20,3.51,32.77,23.88,97.29,70.02
2022-09-21,22.84,32.41,23.56,97.19,71.83
2022-09-22,2.97,30.91,23.5,98.55,76.34
2022-09-23,0.06,33.48,23.5,96.81,63.49
2022-09-24,24.61,33.7,24.46,97.32,63.59
2022-09-25,2.89,32.95,22.48,97.1,67.29
2022-09-26,4.77,33.61,23.92,97.31,70.38
2022-09-27,0.0,33.77,23.81,94.8,58.77
2022-09-28,0.27,35.24,24.27,97.7,60.96
2022-09-29,1.05,33.63,24.02,92.27,65.0
2022-09-30,0.0,33.59,24.07,95.53,64.24
2022-10-01,11.67,34.36,24.37,96.13,64.46
2022-10-02,8.43,33.68,23.74,96.74,63.96
2022-10-03,0.09,32.76,23.94,96.74,69.14
2022-10-04,0.0,36.46,23.28,95.16,60.26
2022-10-05,2.3,36.03,25.69,96.24,60.8
2022-10-06,0.64,35.61,24.02,97.04,60.49
2022-10-07,9.91,36.24,24.77,97.29,56.3
2022-10-08,21.19,32.82,22.64,98.09,66.55
2022-10-09,1.05,30.32,22.26,98.16,79.56
2022-10-10,0.01,34.53,23.05,97.67,60.98
2022-10-11,2.06,34.59,23.33,96.87,61.01
2022-10-12,0.0,36.01,23.51,96.9,58.03
2022-10-13,23.58,34.57,24.0,95.16,64.41
2022-10-14,0.01,33.02,22.39,97.18,63.46
2022-10-15,0.0,33.14,24.18,95.95,67.68
2022-10-16,0.64,35.42,24.55,94.58,56.37
2022-10-17,0.0,34.27,24.5,95.06,64.61
2022-10-18,12.1,36.2,24.11,96.53,61.63
2022-10-19,1.0,35.8,23.41,95.75,60.86
2022-10-20,0.0,33.79,22.81,96.7,62.17
2022-10-21,0.54,35.08,24.38,97.17,61.39
2022-10-22,0.0,33.96,22.95,97.25,65.89
2022-10-23,15.49,35.46,24.08,98.07,60.68
2022-10-24,5.0,28.45,22.68,95.93,81.98
2022-10-25,0.0,34.49,23.05,95.66,56.21
2022-10-26,0.0,37.25,23.29,97.18,39.13
2022-10-27,0.0,37.93,21.43,91.63,36.81
2022-10-28,0.0,37.46,23.04,89.68,48.34
2022-10-29,0.0,35.82,24.48,98.93,52.83
2022-10-30,0.0,36.46,23.32,99.41,40.84
2022-10-31,0.0,36.32,22.08,91.16,42.79
2022-11-01,0.0,36.72,20.58,91.12,37.08
2022-11-02,0.0,36.98,20.73,91.0,35.7
2022-11-03,0.0,36.52,19.98,90.54,28.4
2022-11-04,0.0,36.48,18.32,85.27,29.01
2022-11-05,0.0,36.79,17.5,86.91,25.63
2022-11-06,0.0,36.69,18.48,89.24,28.17
2022-11-07,0.0,36.83,19.16,87.42,30.64
2022-11-08,0.0,36.45,19.46,83.87,30.57
2022-11-09,0.0,38.0,21.57,84.74,30.99
2022-11-10,0.0,36.95,20.02,94.82,33.06
2022-11-11,0.0,37.0,18.66,92.86,26.92
2022-11-12,0.0,36.96,16.87,86.4,23.94
2022-11-13,0.0,36.78,18.09,80.9,28.83
2022-11-14,0.0,35.0,21.18,84.06,32.35
2022-11-15,0.0,34.89,21.48,94.58,41.94
2022-11-16,0.0,33.92,21.13,95.41,57.67
2022-11-17,0.0,36.62,22.17,95.23,34.57
2022-11-18,0.0,37.28,18.94,83.93,24.6
2022-11-19,0.0,36.61,19.09,79.59,25.75
2022-11-20,0.0,36.98,14.33,80.54,23.72
2022-11-21,0.0,36.99,16.93,67.27,34.35
2022-11-22,0.0,37.47,16.9,70.11,28.91
2022-11-23,0.0,36.68,16.59,71.19,29.31
2022-11-24,0.0,35.11,17.02,72.2,30.62
2022-11-25,0.0,33.76,19.64,74.1,39.74
2022-11-26,0.0,36.02,18.65,68.96,30.91
2022-11-27,0.0,33.98,18.5,77.35,31.66
2022-11-28,0.0,36.73,14.27,85.03,29.1
2022-11-29,0.0,35.96,16.41,85.82,37.48
2022-11-30,0.0,36.93,19.13,84.21,36.06
2022-12-01,0.0,37.31,19.03,77.22,26.38
2022-12-02,0.0,36.08,17.67,78.9,26.06
2022-12-03,0.0,35.02,16.63,83.79,25.71
2022-12-04,0.0,33.87,18.06,92.97,37.24
2022-12-05,0.0,36.61,19.84,86.91,30.67
2022-12-06,0.0,38.75,19.17,87.11,31.93
2022-12-07,0.0,39.42,20.86,83.2,27.07
2022-12-08,0.0,40.02,21.32,81.36,30.21
2022-12-09,0.0,39.96,21.01,81.85,32.18
2022-12-10,0.0,39.62,20.18,95.67,32.38
2022-12-11,0.0,39.68,19.54,91.57,31.15
2022-12-12,0.0,38.08,16.35,74.56,28.4
2022-12-13,0.0,38.24,15.15,74.02,27.02
2022-12-14,0.0,37.46,14.06,78.02,26.37
2022-12-15,0.0,37.46,13.81,63.12,29.99
2022-12-16,0.0,37.69,13.63,76.87,27.57
2022-12-17,0.0,38.21,14.11,78.41,25.45
2022-12-18,0.0,37.9,15.03,72.69,26.97
2022-12-19,0.0,37.77,15.12,70.4,26.52
2022-12-20,0.0,36.52,17.42,67.03,26.89
2022-12-21,0.0,36.35,16.14,70.07,27.84
2022-12-22,0.0,34.74,14.82,70.09,27.77
2022-12-23,0.0,33.35,15.01,67.1,31.03
2022-12-24,0.0,34.34,15.35,67.32,29.62
2022-12-25,0.0,34.73,14.75,69.28,29.02
2022-12-26,0.0,36.12,14.37,73.61,29.72
2022-12-27,0.0,33.45,15.86,73.89,32.97
2022-12-28,0.0,29.85,18.7,72.74,43.01
2022-12-29,0.0,29.51,20.07,78.03,48.68
2022-12-30,0.0,27.37,18.07,82.88,47.04
2022-12-31,0.0,34.35,16.56,81.67,30.76
2023-01-01,0.0,35.97,17.8,68.57,25.35
2023-01-02,0.0,34.37,16.37,67.13,26.65
2023-01-03,0.0,35.76,16.17,68.47,27.51
2023-01-04,0.0,35.14,16.91,60.91,27.79
2023-01-05,0.0,33.6,16.7,62.92,27.67
2023-01-06,0.0,34.04,17.02,64.99,26.1
2023-01-07,0.0,33.27,16.76,64.43,28.45
2023-01-08,0.0,32.19,21.57,41.47,29.66
2023-01-09,0.0,33.03,22.5,46.19,25.85
2023-01-10,0.0,34.9,21.35,40.58,27.42
2023-01-11,0.0,35.13,17.69,59.78,24.14
2023-01-12,0.0,35.44,15.81,61.64,23.02
2023-01-13,0.0,35.39,15.24,65.0,28.94
2023-01-14,0.0,36.53,16.71,63.52,22.52
2023-01-15,0.0,37.5,15.58,63.63,24.83
2023-01-16,0.0,36.73,15.34,63.49,24.6
2023-01-17,0.0,37.69,17.79,53.71,22.93
2023-01-18,0.0,30.0,18.4,56.44,24.24
2023-01-19,0.0,37.6,17.41,59.3,25.77
2023-01-20,0.0,36.95,16.24,66.84,28.21
2023-01-21,0.0,34.18,15.57,74.98,27.9
2023-01-22,0.0,34.57,14.43,83.95,28.07
2023-01-23,0.0,34.16,15.17,89.72,31.69
2023-01-24,0.0,35.37,17.42,91.69,35.17
2023-01-25,0.0,35.74,18.32,90.35,42.55
2023-01-26,0.0,39.79,21.16,79.62,19.44
2023-01-27,0.0,39.99,19.59,61.39,20.66
2023-01-28,0.0,37.95,20.0,53.58,20.77
2023-01-29,0.0,35.11,14.75,55.06,19.57
2023-01-30,0.0,34.77,14.67,61.49,19.57
2023-01-31,0.0,36.88,14.74,61.77,20.37
2023-02-01,0.0,,,,
2023-02-02,0.0,,,,
2023-02-03,0.0,,,,
2023-02-04,0.0,,,,
2023-02-05,0.0,,,,
2023-02-06,0.0,,,,
2023-02-07,0.0,,,,
2023-02-08,0.0,,,,
2023-02-09,0.0,,,,
2023-02-10,0.0,,,,
2023-02-11,0.0,,,,
2023-02-12,0.0,,,,
2023-02-13,0.0,,,,
2023-02-14,0.0,,,,
2023-02-15,0.0,,,,
2023-02-16,0.0,,,,
2023-02-17,0.0,,,,
2023-02-18,0.0,,,,
2023-02-19,0.0,,,,
2023-02-20,0.0,,,,
2023-02-21,0.0,,,,
2023-02-22,0.0,,,,
2023-02-23,0.0,,,,
2023-02-24,0.0,,,,
2023-02-25,0.0,,,,
2023-02-26,0.0,,,,
2023-02-27,0.0,,,,
2023-02-28,0.0,,,,
2023-03-01,0.0,,,,
2023-03-02,0.0,,,,
2023-03-03,0.0,,,,
2023-03-04,0.0,,,,
2023-03-05,0.0,,,,
2023-03-06,0.0,,,,
2023-03-07,0.0,,,,
2023-03-08,0.0,,,,
2023-03-09,0.0,,,,
2023-03-10,0.0,,,,
2023-03-11,0.0,,,,
2023-03-12,0.0,,,,
2023-03-13,0.0,,,,
2023-03-14,0.0,,,,
2023-03-15,0.0,,,,
2023-03-16,0.0,,,,
2023-03-17,0.0,,,,
2023-03-18,0.0,,,,
2023-03-19,0.0,,,,
2023-03-20,0.0,,,,
2023-03-21,0.0,,,,
2023-03-22,0.0,,,,
2023-03-23,0.0,,,,
2023-03-24,0.0,,,,
2023-03-25,0.0,,,,
2023-03-26,0.0,,,,
2023-03-27,0.0,,,,
2023-03-28,0.0,,,,
2023-03-29,0.0,,,,
2023-03-30,0.0,,,,
2023-03-31,0.0,,,,
2023-04-01,0.0,,,,
2023-04-02,0.0,,,,
2023-04-03,0.0,,,,
2023-04-04,0.0,,,,
2023-04-05,0.0,,,,
2023-04-06,0.0,,,,
2023-04-07,0.0,,,,
2023-04-08,0.0,,,,
2023-04-09,0.0,,,,
2023-04-10,0.0,,,,
2023-04-11,0.0,,,,
2023-04-12,0.0,,,,
2023-04-13,0.0,,,,
2023-04-14,0.0,,,,
2023-04-15,0.0,,,,
2023-04-16,0.0,,,,
2023-04-17,0.0,,,,
2023-04-18,0.0,,,,
2023-04-19,0.0,,,,
2023-04-20,0.0,,,,
2023-04-21,0.0,,,,
2023-04-22,0.0,,,,
2023-04-23,0.0,,,,
2023-04-24,0.0,,,,
2023-04-25,0.0,,,,
2023-04-26,0.0,,,,
2023-04-27,0.0,,,,
2023-04-28,0.0,,,,
2023-04-29,0.0,,,,
2023-04-30,0.0,,,,
2023-05-03,0.0,,,,
2023-05-04,0.0,,,,
2023-05-05,0.0,,,,
2023-05-06,0.0,,,,
2023-05-07,0.0,,,,
2023-05-08,0.0,,,,
2023-05-09,0.37,,,,
2023-05-10,0.0,,,,
2023-05-11,0.0,,,,
2023-05-12,0.0,,,,
2023-05-13,0.0,,,,
2023-05-14,0.17,,,,
2023-05-15,0.0,,,,
2023-05-16,0.0,,,,
2023-05-17,0.0,,,,
2023-05-18,0.0,,,,
2023-05-19,0.07,,,,
2023-05-20,0.0,,,,
2023-05-21,0.06,,,,
2023-05-22,0.0,,,,
2023-05-23,0.02,,,,
2023-05-24,0.01,,,,
2023-05-25,0.0,,,,
2023-05-26,0.0,,,,
2023-05-27,0.03,,,,
2023-05-28,0.0,,,,
2023-05-29,0.0,,,,
2023-05-30,0.0,,,,
2023-05-31,0.0,,,,
2023-06-01,0.59,,,,
2023-06-02,0.22,,,,
2023-06-03,1.02,,,,
2023-06-04,0.0,,,,
2023-06-05,0.2,,,,
2023-06-06,0.0,,,,
2023-06-07,0.08,,,,
2023-06-08,0.0,,,,
2023-06-09,0.1,,,,
2023-06-10,6.5,,,,
2023-06-11,0.0,,,,
2023-06-12,0.0,,,,
2023-06-13,1.59,,,,
2023-06-14,1.01,,,,
2023-06-15,5.52,,,,
2023-06-16,0.0,,,,
2023-06-17,1.7,,,,
2023-06-18,13.48,,,,
2023-06-19,0.0,,,,
2023-06-20,0.0,,,,
2023-06-21,0.0,,,,
2023-06-22,0.0,,,,
2023-06-23,8.23,,,,
2023-06-24,0.0,,,,
2023-06-25,0.0,,,,
2023-06-26,0.0,,,,
2023-06-27,0.0,,,,
2023-06-28,0.19,,,,
2023-06-29,1.08,,,,
2023-06-30,25.53,,,,
2023-07-01,0.0,,,,
2023-07-02,1.59,,,,
2023-07-03,8.64,,,,
2023-07-04,0.0,,,,
2023-07-05,0.03,,,,
2023-07-06,0.0,,,,
2023-07-07,1.26,,,,
2023-07-08,0.33,,,,
2023-07-09,0.0,,,,
2023-07-10,35.18,,,,
2023-07-11,0.0,,,,
2023-07-12,0.33,,,,
2023-07-13,8.74,,,,
2023-07-14,0.06,,,,
2023-07-15,0.0,,,,
2023-07-16,28.48,,,,
2023-07-17,20.79,,,,
2023-07-18,8.3,,,,
2023-07-19,12.49,,,,
2023-07-20,0.34,,,,
2023-07-21,0.0,,,,
2023-07-22,0.0,,,,
2023-07-23,30.91,,,,
2023-07-24,1.46,,,,
2023-07-25,5.65,,,,
2023-07-26,0.0,,,,
2023-07-27,0.0,,,,
2023-07-28,4.56,,,,
2023-07-29,13.77,,,,
2023-07-30,0.02,,,,
2023-07-31,0.14,,,,
2023-08-01,0.0,,,,
2023-08-02,3.5,,,,
2023-08-03,0.08,,,,
2023-08-04,0.0,,,,
2023-08-05,4.67,,,,
2023-08-06,6.45,,,,
2023-08-07,1.23,,,,
2023-08-08,0.0,,,,
2023-08-09,0.0,,,,
2023-08-10,0.0,,,,
2023-08-11,1.44,,,,
2023-08-12,1.72,,,,
2023-08-13,0.67,,,,
2023-08-14,11.52,,,,
2023-08-15,11.54,,,,
2023-08-16,10.19,,,,
2023-08-17,1.91,,,,
2023-08-18,6.09,,,,
2023-08-19,13.27,,,,
2023-08-20,9.73,,,,
2023-08-21,0.24,,,,
2023-08-22,7.78,,,,
2023-08-23,0.64,,,,
2023-08-24,43.49,,,,
2023-08-25,0.0,,,,
2023-08-26,0.0,,,,
2023-08-27,5.64,,,,
2023-08-28,24.71,,,,
2023-08-29,3.38,,,,
2023-08-30,8.78,,,,
2023-08-31,0.13,,,,
2023-09-01,25.74,,,,
2023-09-02,3.31,,,,
2023-09-03,0.0,,,,
2023-09-04,26.71,,,,
2023-09-05,0.4,,,,
2023-09-06,0.02,,,,
2023-09-07,54.25,,,,
2023-09-08,0.0,,,,
2023-09-09,7.21,,,,
2023-09-10,0.02,,,,
2023-09-11,0.71,,,,
2023-09-12,0.0,,,,
2023-09-13,0.35,,,,
2023-09-14,0.0,,,,
2023-09-15,1.05,,,,
2023-09-16,7.42,,,,
2023-09-17,5.45,,,,
2023-09-18,0.3,,,,
2023-09-19,6.89,,,,
2023-09-20,0.05,,,,
2023-09-21,0.02,,,,
2023-09-22,7.58,,,,
2023-09-23,0.01,,,,
2023-09-24,2.76,,,,
2023-09-25,1.22,,,,
2023-09-26,1.25,,,,
2023-09-27,0.89,,,,
2023-09-28,2.56,,,,
2023-09-29,0.0,,,,
2023-09-30,0.03,,,,
2023-10-01,0.0,,,,
2023-10-02,8.3,,,,
2023-10-03,0.0,,,,
2023-10-04,5.42,,,,
2023-10-05,0.09,,,,
2023-10-06,6.79,,,,
2023-10-07,22.25,,,,
2023-10-08,4.57,,,,
2023-10-09,0.82,,,,
2023-10-10,1.85,,,,
2023-10-11,0.0,,,,
2023-10-12,0.0,,,,
2023-10-13,1.94,,,,
2023-10-14,0.0,,,,
2023-10-15,0.0,,,,
2023-10-16,0.0,,,,
2023-10-17,0.0,,,,
2023-10-18,0.0,,,,
2023-10-19,0.08,,,,
2023-10-20,0.0,,,,
