time,rain,tmax,tmin,rhmax,rhmin
1981-01-01,0.0,,,,
1981-01-02,0.0,,,,
1981-01-03,0.0,,,,
1981-01-04,0.0,,,,
1981-01-05,0.0,,,,
1981-01-06,0.0,,,,
1981-01-07,0.0,,,,
1981-01-08,0.0,,,,
1981-01-09,0.0,,,,
1981-01-10,0.0,,,,
1981-01-11,0.0,,,,
1981-01-12,0.0,,,,
1981-01-13,0.0,,,,
1981-01-14,0.0,,,,
1981-01-15,0.0,,,,
1981-01-16,0.0,,,,
1981-01-17,0.0,,,,
1981-01-18,0.0,,,,
1981-01-19,0.0,,,,
1981-01-20,0.0,,,,
1981-01-21,0.0,,,,
1981-01-22,0.0,,,,
1981-01-23,0.0,,,,
1981-01-24,0.0,,,,
1981-01-25,0.0,,,,
1981-01-26,0.0,,,,
1981-01-27,0.0,,,,
1981-01-28,0.0,,,,
1981-01-29,0.0,,,,
1981-01-30,0.0,,,,
1981-01-31,0.0,,,,
1981-02-01,0.0,,,,
1981-02-02,0.0,,,,
1981-02-03,0.0,,,,
1981-02-04,0.0,,,,
1981-02-05,0.0,,,,
1981-02-06,0.0,,,,
1981-02-07,0.0,,,,
1981-02-08,0.0,,,,
1981-02-09,0.0,,,,
1981-02-10,0.0,,,,
1981-02-11,0.0,,,,
1981-02-12,0.0,,,,
1981-02-13,0.0,,,,
1981-02-14,0.0,,,,
1981-02-15,0.0,,,,
1981-02-16,0.0,,,,
1981-02-17,0.0,,,,
1981-02-18,0.0,,,,
1981-02-19,0.0,,,,
1981-02-20,0.0,,,,
1981-02-21,0.0,,,,
1981-02-22,0.0,,,,
1981-02-23,0.0,,,,
1981-02-24,0.0,,,,
1981-02-25,0.0,,,,
1981-02-26,0.0,,,,
1981-02-27,0.0,,,,
1981-02-28,0.0,,,,
1981-03-01,0.0,,,,
1981-03-02,0.0,,,,
1981-03-03,0.0,,,,
1981-03-04,0.0,,,,
1981-03-05,0.0,,,,
1981-03-06,0.0,,,,
1981-03-07,0.0,,,,
1981-03-08,0.0,,,,
1981-03-09,0.0,,,,
1981-03-10,0.0,,,,
1981-03-11,0.0,,,,
1981-03-12,0.0,,,,
1981-03-13,0.0,,,,
1981-03-14,0.0,,,,
1981-03-15,0.0,,,,
1981-03-16,0.0,,,,
1981-03-17,0.0,,,,
1981-03-18,0.0,,,,
1981-03-19,0.0,,,,
1981-03-20,0.0,,,,
1981-03-21,0.0,,,,
1981-03-22,0.0,,,,
1981-03-23,0.0,,,,
1981-03-24,0.0,,,,
1981-03-25,0.0,,,,
1981-03-26,0.0,,,,
1981-03-27,0.0,,,,
1981-03-28,0.0,,,,
1981-03-29,0.0,,,,
1981-03-30,0.0,,,,
1981-03-31,0.0,,,,
1981-04-01,0.0,,,,
1981-04-02,0.0,,,,
1981-04-03,0.0,,,,
1981-04-04,0.0,,,,
1981-04-05,0.0,,,,
1981-04-06,0.0,,,,
1981-04-07,0.0,,,,
1981-04-08,0.0,,,,
1981-04-09,0.0,,,,
1981-04-10,0.0,,,,
1981-04-11,0.0,,,,
1981-04-12,0.0,,,,
1981-04-13,0.0,,,,
1981-04-14,0.0,,,,
1981-04-15,0.0,,,,
1981-04-16,0.0,,,,
1981-04-17,0.0,,,,
1981-04-18,0.0,,,,
1981-04-19,0.0,,,,
1981-04-20,0.0,,,,
1981-04-21,0.0,,,,
1981-04-22,0.0,,,,
1981-04-23,0.0,,,,
1981-04-24,0.0,,,,
1981-04-25,0.0,,,,
1981-04-26,0.0,,,,
1981-04-27,0.0,,,,
1981-04-28,0.0,,,,
1981-04-29,0.0,,,,
1981-04-30,0.0,,,,
1981-05-01,0.0,,,,
1981-05-02,0.0,,,,
1981-05-03,0.0,,,,
1981-05-04,7.74,,,,
1981-05-05,0.02,,,,
1981-05-06,0.0,,,,
1981-05-07,0.0,,,,
1981-05-08,2.49,,,,
1981-05-09,0.0,,,,
1981-05-10,0.0,,,,
1981-05-11,1.11,,,,
1981-05-12,0.79,,,,
1981-05-13,0.0,,,,
1981-05-14,0.0,,,,
1981-05-15,0.0,,,,
1981-05-16,0.0,,,,
1981-05-17,0.0,,,,
1981-05-18,0.0,,,,
1981-05-19,0.0,,,,
1981-05-20,0.0,,,,
1981-05-21,0.0,,,,
1981-05-22,0.0,,,,
1981-05-23,0.6,,,,
1981-05-24,1.11,,,,
1981-05-25,0.0,,,,
1981-05-26,0.0,,,,
1981-05-27,0.0,,,,
1981-05-28,0.0,,,,
1981-05-29,0.0,,,,
1981-05-30,0.0,,,,
1981-05-31,0.0,,,,
1981-06-01,0.0,,,,
1981-06-02,0.62,,,,
1981-06-03,0.0,,,,
1981-06-04,3.62,,,,
1981-06-05,0.0,,,,
1981-06-06,0.0,,,,
1981-06-07,0.13,,,,
1981-06-08,0.0,,,,
1981-06-09,0.0,,,,
1981-06-10,0.0,,,,
1981-06-11,0.0,,,,
1981-06-12,0.0,,,,
1981-06-13,0.0,,,,
1981-06-14,0.0,,,,
1981-06-15,0.0,,,,
1981-06-16,0.0,,,,
1981-06-17,0.0,,,,
1981-06-18,0.0,,,,
1981-06-19,0.0,,,,
1981-06-20,0.0,,,,
1981-06-21,5.62,,,,
1981-06-22,14.68,,,,
1981-06-23,0.11,,,,
1981-06-24,26.6,,,,
1981-06-25,0.0,,,,
1981-06-26,0.0,,,,
1981-06-27,0.0,,,,
1981-06-28,0.0,,,,
1981-06-29,0.0,,,,
1981-06-30,0.0,,,,
1981-07-01,4.66,,,,
1981-07-02,14.72,,,,
1981-07-03,17.72,,,,
1981-07-04,3.96,,,,
1981-07-05,11.11,,,,
1981-07-06,11.32,,,,
1981-07-07,0.34,,,,
1981-07-08,4.62,,,,
1981-07-09,17.72,,,,
1981-07-10,1.66,,,,
1981-07-11,0.0,,,,
1981-07-12,0.0,,,,
1981-07-13,0.0,,,,
1981-07-14,5.3,,,,
1981-07-15,0.0,,,,
1981-07-16,0.0,,,,
1981-07-17,0.0,,,,
1981-07-18,0.0,,,,
1981-07-19,2.11,,,,
1981-07-20,2.4,,,,
1981-07-21,1.79,,,,
1981-07-22,3.57,,,,
1981-07-23,9.19,,,,
1981-07-24,63.51,,,,
1981-07-25,7.94,,,,
1981-07-26,16.6,,,,
1981-07-27,37.79,,,,
1981-07-28,5.13,,,,
1981-07-29,8.87,,,,
1981-07-30,28.09,,,,
1981-07-31,20.66,,,,
1981-08-01,8.13,,,,
1981-08-02,27.89,,,,
1981-08-03,13.55,,,,
1981-08-04,7.15,,,,
1981-08-05,1.83,,,,
1981-08-06,45.49,,,,
1981-08-07,4.68,,,,
1981-08-08,0.0,,,,
1981-08-09,36.81,,,,
1981-08-10,12.45,,,,
1981-08-11,4.15,,,,
1981-08-12,0.0,,,,
1981-08-13,0.0,,,,
1981-08-14,19.43,,,,
1981-08-15,33.4,,,,
1981-08-16,6.7,,,,
1981-08-17,7.34,,,,
1981-08-18,15.23,,,,
1981-08-19,5.55,,,,
1981-08-20,16.74,,,,
1981-08-21,0.96,,,,
1981-08-22,1.17,,,,
1981-08-23,0.09,,,,
1981-08-24,0.0,,,,
1981-08-25,0.94,,,,
1981-08-26,4.36,,,,
1981-08-27,16.0,,,,
1981-08-28,22.6,,,,
1981-08-29,12.26,,,,
1981-08-30,7.89,,,,
1981-08-31,2.47,,,,
1981-09-01,19.13,,,,
1981-09-02,0.0,,,,
1981-09-03,0.0,,,,
1981-09-04,0.0,,,,
1981-09-05,1.89,,,,
1981-09-06,33.28,,,,
1981-09-07,5.6,,,,
1981-09-08,0.17,,,,
1981-09-09,2.43,,,,
1981-09-10,3.64,,,,
1981-09-11,13.66,,,,
1981-09-12,7.57,,,,
1981-09-13,0.91,,,,
1981-09-14,6.43,,,,
1981-09-15,3.26,,,,
1981-09-16,12.3,,,,
1981-09-17,1.96,,,,
1981-09-18,7.6,,,,
1981-09-19,0.0,,,,
1981-09-20,2.45,,,,
1981-09-21,14.32,,,,
1981-09-22,0.64,,,,
1981-09-23,2.64,,,,
1981-09-24,0.04,,,,
1981-09-25,0.0,,,,
1981-09-26,2.62,,,,
1981-09-27,4.09,,,,
1981-09-28,0.0,,,,
1981-09-29,0.0,,,,
1981-09-30,0.0,,,,
1981-10-01,0.72,,,,
1981-10-02,0.0,,,,
1981-10-03,4.66,,,,
1981-10-04,0.0,,,,
1981-10-05,0.0,,,,
1981-10-06,0.0,,,,
1981-10-07,0.0,,,,
1981-10-08,0.36,,,,
1981-10-09,14.06,,,,
1981-10-10,14.36,,,,
1981-10-11,1.17,,,,
1981-10-12,0.0,,,,
1981-10-13,0.6,,,,
1981-10-14,7.72,,,,
1981-10-15,8.72,,,,
1981-10-16,0.0,,,,
1981-10-17,0.0,,,,
1981-10-18,0.0,,,,
1981-10-19,0.0,,,,
1981-10-20,0.0,,,,
1981-10-21,9.09,,,,
1981-10-22,1.02,,,,
1981-10-23,0.57,,,,
1981-10-24,0.0,,,,
1981-10-25,0.0,,,,
1981-10-26,0.0,,,,
1981-10-27,0.0,,,,
1981-10-28,0.0,,,,
1981-10-29,0.0,,,,
1981-10-30,0.0,,,,
1981-10-31,0.0,,,,
1981-11-01,0.0,,,,
1981-11-02,0.0,,,,
1981-11-03,0.0,,,,
1981-11-04,0.0,,,,
1981-11-05,0.0,,,,
1981-11-06,0.0,,,,
1981-11-07,0.0,,,,
1981-11-08,0.0,,,,
1981-11-09,0.0,,,,
1981-11-10,0.0,,,,
1981-11-11,0.0,,,,
1981-11-12,0.0,,,,
1981-11-13,0.0,,,,
1981-11-14,0.0,,,,
1981-11-15,0.0,,,,
1981-11-16,0.0,,,,
1981-11-17,0.0,,,,
1981-11-18,0.0,,,,
1981-11-19,0.0,,,,
1981-11-20,0.0,,,,
1981-11-21,0.0,,,,
1981-11-22,0.0,,,,
1981-11-23,0.0,,,,
1981-11-24,0.0,,,,
1981-11-25,0.0,,,,
1981-11-26,0.0,,,,
1981-11-27,0.0,,,,
1981-11-28,0.0,,,,
1981-11-29,0.0,,,,
1981-11-30,0.0,,,,
1981-12-01,0.0,,,,
1981-12-02,0.0,,,,
1981-12-03,0.0,,,,
1981-12-04,0.0,,,,
1981-12-05,0.0,,,,
1981-12-06,0.0,,,,
1981-12-07,0.0,,,,
1981-12-08,0.0,,,,
1981-12-09,0.0,,,,
1981-12-10,0.0,,,,
1981-12-11,0.0,,,,
1981-12-12,0.0,,,,
1981-12-13,0.0,,,,
1981-12-14,0.0,,,,
1981-12-15,0.0,,,,
1981-12-16,0.0,,,,
1981-12-17,0.0,,,,
1981-12-18,0.0,,,,
1981-12-19,0.0,,,,
1981-12-20,0.0,,,,
1981-12-21,0.0,,,,
1981-12-22,0.0,,,,
1981-12-23,0.0,,,,
1981-12-24,0.0,,,,
1981-12-25,0.0,,,,
1981-12-26,0.0,,,,
1981-12-27,0.0,,,,
1981-12-28,0.0,,,,
1981-12-29,0.0,,,,
1981-12-30,0.0,,,,
1981-12-31,0.0,,,,
1982-01-01,0.0,,,,
1982-01-02,0.0,,,,
1982-01-03,0.0,,,,
1982-01-04,0.0,,,,
1982-01-05,0.0,,,,
1982-01-06,0.0,,,,
1982-01-07,0.0,,,,
1982-01-08,0.0,,,,
1982-01-09,0.0,,,,
1982-01-10,0.0,,,,
1982-01-11,0.0,,,,
1982-01-12,0.0,,,,
1982-01-13,0.0,,,,
1982-01-14,0.0,,,,
1982-01-15,0.0,,,,
1982-01-16,0.0,,,,
1982-01-17,0.0,,,,
1982-01-18,0.0,,,,
1982-01-19,0.0,,,,
1982-01-20,0.0,,,,
1982-01-21,0.0,,,,
1982-01-22,0.0,,,,
1982-01-23,0.0,,,,
1982-01-24,0.0,,,,
1982-01-25,0.0,,,,
1982-01-26,0.0,,,,
1982-01-27,0.0,,,,
1982-01-28,0.0,,,,
1982-01-29,0.0,,,,
1982-01-30,0.0,,,,
1982-01-31,0.0,,,,
1982-02-01,0.0,,,,
1982-02-02,0.0,,,,
1982-02-03,0.0,,,,
1982-02-04,0.0,,,,
1982-02-05,0.0,,,,
1982-02-06,0.0,,,,
1982-02-07,0.0,,,,
1982-02-08,0.0,,,,
1982-02-09,0.0,,,,
1982-02-10,0.0,,,,
1982-02-11,0.0,,,,
1982-02-12,0.0,,,,
1982-02-13,0.0,,,,
1982-02-14,0.0,,,,
1982-02-15,0.0,,,,
1982-02-16,0.0,,,,
1982-02-17,0.0,,,,
1982-02-18,0.0,,,,
1982-02-19,0.0,,,,
1982-02-20,0.0,,,,
1982-02-21,0.0,,,,
1982-02-22,0.0,,,,
1982-02-23,0.0,,,,
1982-02-24,0.0,,,,
1982-02-25,0.0,,,,
1982-02-26,0.0,,,,
1982-02-27,0.0,,,,
1982-02-28,0.0,,,,
1982-03-01,0.0,,,,
1982-03-02,0.0,,,,
1982-03-03,0.0,,,,
1982-03-04,0.0,,,,
1982-03-05,0.0,,,,
1982-03-06,0.0,,,,
1982-03-07,0.0,,,,
1982-03-08,0.0,,,,
1982-03-09,0.0,,,,
1982-03-10,0.0,,,,
1982-03-11,0.0,,,,
1982-03-12,0.0,,,,
1982-03-13,0.0,,,,
1982-03-14,0.0,,,,
1982-03-15,0.0,,,,
1982-03-16,0.0,,,,
1982-03-17,0.0,,,,
1982-03-18,0.0,,,,
1982-03-19,0.0,,,,
1982-03-20,0.0,,,,
1982-03-21,0.0,,,,
1982-03-22,0.0,,,,
1982-03-23,0.0,,,,
1982-03-24,0.0,,,,
1982-03-25,0.0,,,,
1982-03-26,0.0,,,,
1982-03-27,0.0,,,,
1982-03-28,0.0,,,,
1982-03-29,0.0,,,,
1982-03-30,0.0,,,,
1982-03-31,0.0,,,,
1982-04-01,0.0,,,,
1982-04-02,0.0,,,,
1982-04-03,0.0,,,,
1982-04-04,0.0,,,,
1982-04-05,0.0,,,,
1982-04-06,0.0,,,,
1982-04-07,0.0,,,,
1982-04-08,0.0,,,,
1982-04-09,0.0,,,,
1982-04-10,0.0,,,,
1982-04-11,0.0,,,,
1982-04-12,0.0,,,,
1982-04-13,0.0,,,,
1982-04-14,0.0,,,,
1982-04-15,0.0,,,,
1982-04-16,0.0,,,,
1982-04-17,0.0,,,,
1982-04-18,0.0,,,,
1982-04-19,0.0,,,,
1982-04-20,0.0,,,,
1982-04-21,0.0,,,,
1982-04-22,0.0,,,,
1982-04-23,0.0,,,,
1982-04-24,0.0,,,,
1982-04-25,0.0,,,,
1982-04-26,0.0,,,,
1982-04-27,0.0,,,,
1982-04-28,0.0,,,,
1982-04-29,0.0,,,,
1982-04-30,0.0,,,,
1982-05-01,0.0,,,,
1982-05-02,0.0,,,,
1982-05-03,0.0,,,,
1982-05-04,0.0,,,,
1982-05-05,0.0,,,,
1982-05-06,0.0,,,,
1982-05-07,0.0,,,,
1982-05-08,0.0,,,,
1982-05-09,0.0,,,,
1982-05-10,0.0,,,,
1982-05-11,0.21,,,,
1982-05-12,1.64,,,,
1982-05-13,0.0,,,,
1982-05-14,0.0,,,,
1982-05-15,0.0,,,,
1982-05-16,0.0,,,,
1982-05-17,0.0,,,,
1982-05-18,0.0,,,,
1982-05-19,0.0,,,,
1982-05-20,0.0,,,,
1982-05-21,0.0,,,,
1982-05-22,0.0,,,,
1982-05-23,0.0,,,,
1982-05-24,0.0,,,,
1982-05-25,0.0,,,,
1982-05-26,0.0,,,,
1982-05-27,0.0,,,,
1982-05-28,0.0,,,,
1982-05-29,0.0,,,,
1982-05-30,0.94,,,,
1982-05-31,13.11,,,,
1982-06-01,0.0,,,,
1982-06-02,0.0,,,,
1982-06-03,0.0,,,,
1982-06-04,0.0,,,,
1982-06-05,0.0,,,,
1982-06-06,0.0,,,,
1982-06-07,0.0,,,,
1982-06-08,0.0,,,,
1982-06-09,0.0,,,,
1982-06-10,0.0,,,,
1982-06-11,0.0,,,,
1982-06-12,0.0,,,,
1982-06-13,0.0,,,,
1982-06-14,0.0,,,,
1982-06-15,0.0,,,,
1982-06-16,0.0,,,,
1982-06-17,0.0,,,,
1982-06-18,0.0,,,,
1982-06-19,3.98,,,,
1982-06-20,12.21,,,,
1982-06-21,0.0,,,,
1982-06-22,0.0,,,,
1982-06-23,0.0,,,,
1982-06-24,6.64,,,,
1982-06-25,9.19,,,,
1982-06-26,0.94,,,,
1982-06-27,0.0,,,,
1982-06-28,0.0,,,,
1982-06-29,2.17,,,,
1982-06-30,0.0,,,,
1982-07-01,0.45,,,,
1982-07-02,0.36,,,,
1982-07-03,3.6,,,,
1982-07-04,0.0,,,,
1982-07-05,0.0,,,,
1982-07-06,10.43,,,,
1982-07-07,0.0,,,,
1982-07-08,0.0,,,,
1982-07-09,7.34,,,,
1982-07-10,53.4,,,,
1982-07-11,44.6,,,,
1982-07-12,0.0,,,,
1982-07-13,22.09,,,,
1982-07-14,8.91,,,,
1982-07-15,7.3,,,,
1982-07-16,0.0,,,,
1982-07-17,0.0,,,,
1982-07-18,8.55,,,,
1982-07-19,18.89,,,,
1982-07-20,7.55,,,,
1982-07-21,0.0,,,,
1982-07-22,0.0,,,,
1982-07-23,8.43,,,,
1982-07-24,10.32,,,,
1982-07-25,5.36,,,,
1982-07-26,0.77,,,,
1982-07-27,1.77,,,,
1982-07-28,0.36,,,,
1982-07-29,6.0,,,,
1982-07-30,18.06,,,,
1982-07-31,9.45,,,,
1982-08-01,22.6,,,,
1982-08-02,0.0,,,,
1982-08-03,0.0,,,,
1982-08-04,0.0,,,,
1982-08-05,0.0,,,,
1982-08-06,12.04,,,,
1982-08-07,24.11,,,,
1982-08-08,0.0,,,,
1982-08-09,14.53,,,,
1982-08-10,29.47,,,,
1982-08-11,2.68,,,,
1982-08-12,7.89,,,,
1982-08-13,5.47,,,,
1982-08-14,0.0,,,,
1982-08-15,3.0,,,,
1982-08-16,0.36,,,,
1982-08-17,0.0,,,,
1982-08-18,0.0,,,,
1982-08-19,2.7,,,,
1982-08-20,12.77,,,,
1982-08-21,31.06,,,,
1982-08-22,17.28,,,,
1982-08-23,19.3,,,,
1982-08-24,45.19,,,,
1982-08-25,68.94,,,,
1982-08-26,31.04,,,,
1982-08-27,15.3,,,,
1982-08-28,20.43,,,,
1982-08-29,31.0,,,,
1982-08-30,0.0,,,,
1982-08-31,20.51,,,,
1982-09-01,14.66,,,,
1982-09-02,0.26,,,,
1982-09-03,0.36,,,,
1982-09-04,5.32,,,,
1982-09-05,6.17,,,,
1982-09-06,10.96,,,,
1982-09-07,2.62,,,,
1982-09-08,13.11,,,,
1982-09-09,3.7,,,,
1982-09-10,11.04,,,,
1982-09-11,12.4,,,,
1982-09-12,4.94,,,,
1982-09-13,1.4,,,,
1982-09-14,1.91,,,,
1982-09-15,15.32,,,,
1982-09-16,7.66,,,,
1982-09-17,0.0,,,,
1982-09-18,0.0,,,,
1982-09-19,0.0,,,,
1982-09-20,0.83,,,,
1982-09-21,1.04,,,,
1982-09-22,1.19,,,,
1982-09-23,0.0,,,,
1982-09-24,4.66,,,,
1982-09-25,0.23,,,,
1982-09-26,0.0,,,,
1982-09-27,0.0,,,,
1982-09-28,0.0,,,,
1982-09-29,1.21,,,,
1982-09-30,0.0,,,,
1982-10-01,0.55,,,,
1982-10-02,0.0,,,,
1982-10-03,0.04,,,,
1982-10-04,0.0,,,,
1982-10-05,10.51,,,,
1982-10-06,5.17,,,,
1982-10-07,0.0,,,,
1982-10-08,4.47,,,,
1982-10-09,0.0,,,,
1982-10-10,6.62,,,,
1982-10-11,0.0,,,,
1982-10-12,0.09,,,,
1982-10-13,0.43,,,,
1982-10-14,0.0,,,,
1982-10-15,0.0,,,,
1982-10-16,4.98,,,,
1982-10-17,10.91,,,,
1982-10-18,2.81,,,,
1982-10-19,14.19,,,,
1982-10-20,0.81,,,,
1982-10-21,0.0,,,,
1982-10-22,0.0,,,,
1982-10-23,0.09,,,,
1982-10-24,0.0,,,,
1982-10-25,0.0,,,,
1982-10-26,0.0,,,,
1982-10-27,0.0,,,,
1982-10-28,0.0,,,,
1982-10-29,0.0,,,,
1982-10-30,0.0,,,,
1982-10-31,0.0,,,,
1982-11-01,0.0,,,,
1982-11-02,0.0,,,,
1982-11-03,0.0,,,,
1982-11-04,0.0,,,,
1982-11-05,0.0,,,,
1982-11-06,0.0,,,,
1982-11-07,0.0,,,,
1982-11-08,0.0,,,,
1982-11-09,0.0,,,,
1982-11-10,0.0,,,,
1982-11-11,0.0,,,,
1982-11-12,0.0,,,,
1982-11-13,0.0,,,,
1982-11-14,0.0,,,,
1982-11-15,0.0,,,,
1982-11-16,0.0,,,,
1982-11-17,0.0,,,,
1982-11-18,0.0,,,,
1982-11-19,0.0,,,,
1982-11-20,0.0,,,,
1982-11-21,0.0,,,,
1982-11-22,0.0,,,,
1982-11-23,0.0,,,,
1982-11-24,0.0,,,,
1982-11-25,0.0,,,,
1982-11-26,0.0,,,,
1982-11-27,0.0,,,,
1982-11-28,0.0,,,,
1982-11-29,0.0,,,,
1982-11-30,0.0,,,,
1982-12-01,0.0,,,,
1982-12-02,0.0,,,,
1982-12-03,0.0,,,,
1982-12-04,0.0,,,,
1982-12-05,0.0,,,,
1982-12-06,0.0,,,,
1982-12-07,0.0,,,,
1982-12-08,0.0,,,,
1982-12-09,0.0,,,,
1982-12-10,0.0,,,,
1982-12-11,0.0,,,,
1982-12-12,0.0,,,,
1982-12-13,0.0,,,,
1982-12-14,0.0,,,,
1982-12-15,0.0,,,,
1982-12-16,0.0,,,,
1982-12-17,0.0,,,,
1982-12-18,0.0,,,,
1982-12-19,0.0,,,,
1982-12-20,0.0,,,,
1982-12-21,0.0,,,,
1982-12-22,0.0,,,,
1982-12-23,0.0,,,,
1982-12-24,0.0,,,,
1982-12-25,0.0,,,,
1982-12-26,0.0,,,,
1982-12-27,0.0,,,,
1982-12-28,0.0,,,,
1982-12-29,0.0,,,,
1982-12-30,0.0,,,,
1982-12-31,0.0,,,,
1983-01-01,0.0,,,,
1983-01-02,0.0,,,,
1983-01-03,0.0,,,,
1983-01-04,0.0,,,,
1983-01-05,0.0,,,,
1983-01-06,0.0,,,,
1983-01-07,0.0,,,,
1983-01-08,0.0,,,,
1983-01-09,0.0,,,,
1983-01-10,0.0,,,,
1983-01-11,0.0,,,,
1983-01-12,0.0,,,,
1983-01-13,0.0,,,,
1983-01-14,0.0,,,,
1983-01-15,0.0,,,,
1983-01-16,0.0,,,,
1983-01-17,0.0,,,,
1983-01-18,0.0,,,,
1983-01-19,0.0,,,,
1983-01-20,0.0,,,,
1983-01-21,0.0,,,,
1983-01-22,0.0,,,,
1983-01-23,0.0,,,,
1983-01-24,0.0,,,,
1983-01-25,0.0,,,,
1983-01-26,0.0,,,,
1983-01-27,0.0,,,,
1983-01-28,0.0,,,,
1983-01-29,0.0,,,,
1983-01-30,0.0,,,,
1983-01-31,0.0,,,,
1983-02-01,0.0,,,,
1983-02-02,0.0,,,,
1983-02-03,0.0,,,,
1983-02-04,0.0,,,,
1983-02-05,0.0,,,,
1983-02-06,0.0,,,,
1983-02-07,0.0,,,,
1983-02-08,0.0,,,,
1983-02-09,0.0,,,,
1983-02-10,0.0,,,,
1983-02-11,0.0,,,,
1983-02-12,0.0,,,,
1983-02-13,0.0,,,,
1983-02-14,0.0,,,,
1983-02-15,0.0,,,,
1983-02-16,0.0,,,,
1983-02-17,0.0,,,,
1983-02-18,0.0,,,,
1983-02-19,0.0,,,,
1983-02-20,0.0,,,,
1983-02-21,0.0,,,,
1983-02-22,0.0,,,,
1983-02-23,0.0,,,,
1983-02-24,0.0,,,,
1983-02-25,0.0,,,,
1983-02-26,0.0,,,,
1983-02-27,0.0,,,,
1983-02-28,0.0,,,,
1983-03-01,0.0,,,,
1983-03-02,0.0,,,,
1983-03-03,0.0,,,,
1983-03-04,0.0,,,,
1983-03-05,0.0,,,,
1983-03-06,0.0,,,,
1983-03-07,0.0,,,,
1983-03-08,0.0,,,,
1983-03-09,0.0,,,,
1983-03-10,0.0,,,,
1983-03-11,0.0,,,,
1983-03-12,0.0,,,,
1983-03-13,0.0,,,,
1983-03-14,0.0,,,,
1983-03-15,0.0,,,,
1983-03-16,0.0,,,,
1983-03-17,0.0,,,,
1983-03-18,0.0,,,,
1983-03-19,0.0,,,,
1983-03-20,0.0,,,,
1983-03-21,0.0,,,,
1983-03-22,0.0,,,,
1983-03-23,0.0,,,,
1983-03-24,0.0,,,,
1983-03-25,0.0,,,,
1983-03-26,0.0,,,,
1983-03-27,0.01,,,,
1983-03-28,0.0,,,,
1983-03-29,0.0,,,,
1983-03-30,0.0,,,,
1983-03-31,0.0,,,,
1983-04-01,0.0,,,,
1983-04-02,0.0,,,,
1983-04-03,0.0,,,,
1983-04-04,0.0,,,,
1983-04-05,0.0,,,,
1983-04-06,0.0,,,,
1983-04-07,0.0,,,,
1983-04-08,0.0,,,,
1983-04-09,0.0,,,,
1983-04-10,0.0,,,,
1983-04-11,0.0,,,,
1983-04-12,0.0,,,,
1983-04-13,0.0,,,,
1983-04-14,0.0,,,,
1983-04-15,0.0,,,,
1983-04-16,0.0,,,,
1983-04-17,0.0,,,,
1983-04-18,0.0,,,,
1983-04-19,0.0,,,,
1983-04-20,0.0,,,,
1983-04-21,0.0,,,,
1983-04-22,0.0,,,,
1983-04-23,0.0,,,,
1983-04-24,0.0,,,,
1983-04-25,0.0,,,,
1983-04-26,0.0,,,,
1983-04-27,0.0,,,,
1983-04-28,0.0,,,,
1983-04-29,0.0,,,,
1983-04-30,0.0,,,,
1983-05-01,0.0,,,,
1983-05-02,0.0,,,,
1983-05-03,0.0,,,,
1983-05-04,0.0,,,,
1983-05-05,0.0,,,,
1983-05-06,0.0,,,,
1983-05-07,0.0,,,,
1983-05-08,0.0,,,,
1983-05-09,0.0,,,,
1983-05-10,0.0,,,,
1983-05-11,0.0,,,,
1983-05-12,0.0,,,,
1983-05-13,0.0,,,,
1983-05-14,0.0,,,,
1983-05-15,0.0,,,,
1983-05-16,0.0,,,,
1983-05-17,0.0,,,,
1983-05-18,0.0,,,,
1983-05-19,0.0,,,,
1983-05-20,0.0,,,,
1983-05-21,0.0,,,,
1983-05-22,0.0,,,,
1983-05-23,0.0,,,,
1983-05-24,0.0,,,,
1983-05-25,0.0,,,,
1983-05-26,0.0,,,,
1983-05-27,0.0,,,,
1983-05-28,2.6,,,,
1983-05-29,0.09,,,,
1983-05-30,0.0,,,,
1983-05-31,0.0,,,,
1983-06-01,0.0,,,,
1983-06-02,0.0,,,,
1983-06-03,0.0,,,,
1983-06-04,0.0,,,,
1983-06-05,0.0,,,,
1983-06-06,0.0,,,,
1983-06-07,0.0,,,,
1983-06-08,0.02,,,,
1983-06-09,0.0,,,,
1983-06-10,0.27,,,,
1983-06-11,0.0,,,,
1983-06-12,0.06,,,,
1983-06-13,0.04,,,,
1983-06-14,0.0,,,,
1983-06-15,0.0,,,,
1983-06-16,0.13,,,,
1983-06-17,0.38,,,,
1983-06-18,3.87,,,,
1983-06-19,8.18,,,,
1983-06-20,10.42,,,,
1983-06-21,4.36,,,,
1983-06-22,0.2,,,,
1983-06-23,0.0,,,,
1983-06-24,0.04,,,,
1983-06-25,0.0,,,,
1983-06-26,0.0,,,,
1983-06-27,0.29,,,,
1983-06-28,0.19,,,,
1983-06-29,0.0,,,,
1983-06-30,0.0,,,,
1983-07-01,0.83,,,,
1983-07-02,0.48,,,,
1983-07-03,0.03,,,,
1983-07-04,4.51,,,,
1983-07-05,17.59,,,,
1983-07-06,19.2,,,,
1983-07-07,0.7,,,,
1983-07-08,0.0,,,,
1983-07-09,0.27,,,,
1983-07-10,0.0,,,,
1983-07-11,13.81,,,,
1983-07-12,3.2,,,,
1983-07-13,16.95,,,,
1983-07-14,0.0,,,,
1983-07-15,0.0,,,,
1983-07-16,0.0,,,,
1983-07-17,0.0,,,,
1983-07-18,4.61,,,,
1983-07-19,26.15,,,,
1983-07-20,15.95,,,,
1983-07-21,0.01,,,,
1983-07-22,0.0,,,,
1983-07-23,0.0,,,,
1983-07-24,0.0,,,,
1983-07-25,0.0,,,,
1983-07-26,0.0,,,,
1983-07-27,0.0,,,,
1983-07-28,0.0,,,,
1983-07-29,0.0,,,,
1983-07-30,0.0,,,,
1983-07-31,0.33,,,,
1983-08-01,0.55,,,,
1983-08-02,6.43,,,,
1983-08-03,4.04,,,,
1983-08-04,0.2,,,,
1983-08-05,0.0,,,,
1983-08-06,0.0,,,,
1983-08-07,0.02,,,,
1983-08-08,3.76,,,,
1983-08-09,7.44,,,,
1983-08-10,15.87,,,,
1983-08-11,1.76,,,,
1983-08-12,0.24,,,,
1983-08-13,0.0,,,,
1983-08-14,1.47,,,,
1983-08-15,0.0,,,,
1983-08-16,3.26,,,,
1983-08-17,0.0,,,,
1983-08-18,0.09,,,,
1983-08-19,0.01,,,,
1983-08-20,0.36,,,,
1983-08-21,1.96,,,,
1983-08-22,7.84,,,,
1983-08-23,0.76,,,,
1983-08-24,12.72,,,,
1983-08-25,0.01,,,,
1983-08-26,0.0,,,,
1983-08-27,0.0,,,,
1983-08-28,0.0,,,,
1983-08-29,9.73,,,,
1983-08-30,6.04,,,,
1983-08-31,15.39,,,,
1983-09-01,1.74,,,,
1983-09-02,0.0,,,,
1983-09-03,4.65,,,,
1983-09-04,2.73,,,,
1983-09-05,0.0,,,,
1983-09-06,0.42,,,,
1983-09-07,7.53,,,,
1983-09-08,0.01,,,,
1983-09-09,3.0,,,,
1983-09-10,4.25,,,,
1983-09-11,4.69,,,,
1983-09-12,0.99,,,,
1983-09-13,0.11,,,,
1983-09-14,2.12,,,,
1983-09-15,6.51,,,,
1983-09-16,0.0,,,,
1983-09-17,0.61,,,,
1983-09-18,2.2,,,,
1983-09-19,2.39,,,,
1983-09-20,0.54,,,,
1983-09-21,1.97,,,,
1983-09-22,24.06,,,,
1983-09-23,0.09,,,,
1983-09-24,4.7,,,,
1983-09-25,0.12,,,,
1983-09-26,0.0,,,,
1983-09-27,0.0,,,,
1983-09-28,26.11,,,,
1983-09-29,2.23,,,,
1983-09-30,3.32,,,,
1983-10-01,0.0,,,,
1983-10-02,0.0,,,,
1983-10-03,0.0,,,,
1983-10-04,0.0,,,,
1983-10-05,0.02,,,,
1983-10-06,1.22,,,,
1983-10-07,0.0,,,,
1983-10-08,0.0,,,,
1983-10-09,0.97,,,,
1983-10-10,0.21,,,,
1983-10-11,0.0,,,,
1983-10-12,0.0,,,,
1983-10-13,0.0,,,,
1983-10-14,0.0,,,,
1983-10-15,2.47,,,,
1983-10-16,0.11,,,,
1983-10-17,0.09,,,,
1983-10-18,0.0,,,,
1983-10-19,0.12,,,,
1983-10-20,0.0,,,,
1983-10-21,0.0,,,,
1983-10-22,0.0,,,,
1983-10-23,0.0,,,,
1983-10-24,0.34,,,,
1983-10-25,0.0,,,,
1983-10-26,0.0,,,,
1983-10-27,0.0,,,,
1983-10-28,0.0,,,,
1983-10-29,0.0,,,,
1983-10-30,0.0,,,,
1983-10-31,0.0,,,,
1983-11-01,0.0,,,,
1983-11-02,0.0,,,,
1983-11-03,0.0,,,,
1983-11-04,0.0,,,,
1983-11-05,0.0,,,,
1983-11-06,0.0,,,,
1983-11-07,0.0,,,,
1983-11-08,0.0,,,,
1983-11-09,0.0,,,,
1983-11-10,0.0,,,,
1983-11-11,0.0,,,,
1983-11-12,0.0,,,,
1983-11-13,0.0,,,,
1983-11-14,0.0,,,,
1983-11-15,0.0,,,,
1983-11-16,0.0,,,,
1983-11-17,0.0,,,,
1983-11-18,0.0,,,,
1983-11-19,0.0,,,,
1983-11-20,0.0,,,,
1983-11-21,0.0,,,,
1983-11-22,0.0,,,,
1983-11-23,0.0,,,,
1983-11-24,0.0,,,,
1983-11-25,0.0,,,,
1983-11-26,0.0,,,,
1983-11-27,0.0,,,,
1983-11-28,0.0,,,,
1983-11-29,0.0,,,,
1983-11-30,0.0,,,,
1983-12-01,0.0,,,,
1983-12-02,0.0,,,,
1983-12-03,0.0,,,,
1983-12-04,0.0,,,,
1983-12-05,0.0,,,,
1983-12-06,0.0,,,,
1983-12-07,0.0,,,,
1983-12-08,0.0,,,,
1983-12-09,0.0,,,,
1983-12-10,0.0,,,,
1983-12-11,0.0,,,,
1983-12-12,0.0,,,,
1983-12-13,0.0,,,,
1983-12-14,0.0,,,,
1983-12-15,0.0,,,,
1983-12-16,0.0,,,,
1983-12-17,0.0,,,,
1983-12-18,0.0,,,,
1983-12-19,0.0,,,,
1983-12-20,0.0,,,,
1983-12-21,0.0,,,,
1983-12-22,0.0,,,,
1983-12-23,0.0,,,,
1983-12-24,0.0,,,,
1983-12-25,0.0,,,,
1983-12-26,0.0,,,,
1983-12-27,0.0,,,,
1983-12-28,0.0,,,,
1983-12-29,0.0,,,,
1983-12-30,0.0,,,,
1983-12-31,0.0,,,,
1984-01-01,0.0,,,,
1984-01-02,0.0,,,,
1984-01-03,0.0,,,,
1984-01-04,0.0,,,,
1984-01-05,0.0,,,,
1984-01-06,0.0,,,,
1984-01-07,0.0,,,,
1984-01-08,0.0,,,,
1984-01-09,0.0,,,,
1984-01-10,0.0,,,,
1984-01-11,0.0,,,,
1984-01-12,0.0,,,,
1984-01-13,0.0,,,,
1984-01-14,0.0,,,,
1984-01-15,0.0,,,,
1984-01-16,0.0,,,,
1984-01-17,0.0,,,,
1984-01-18,0.0,,,,
1984-01-19,0.0,,,,
1984-01-20,0.0,,,,
1984-01-21,0.0,,,,
1984-01-22,0.0,,,,
1984-01-23,0.0,,,,
1984-01-24,0.0,,,,
1984-01-25,0.0,,,,
1984-01-26,0.0,,,,
1984-01-27,0.0,,,,
1984-01-28,0.0,,,,
1984-01-29,0.0,,,,
1984-01-30,0.0,,,,
1984-01-31,0.0,,,,
1984-02-01,0.0,,,,
1984-02-02,0.0,,,,
1984-02-03,0.0,,,,
1984-02-04,0.0,,,,
1984-02-05,0.0,,,,
1984-02-06,0.0,,,,
1984-02-07,0.0,,,,
1984-02-08,0.0,,,,
1984-02-09,0.0,,,,
1984-02-10,0.0,,,,
1984-02-11,0.0,,,,
1984-02-12,0.0,,,,
1984-02-13,0.0,,,,
1984-02-14,0.0,,,,
1984-02-15,0.0,,,,
1984-02-16,0.0,,,,
1984-02-17,0.0,,,,
1984-02-18,0.0,,,,
1984-02-19,0.0,,,,
1984-02-20,0.0,,,,
1984-02-21,0.0,,,,
1984-02-22,0.0,,,,
1984-02-23,0.0,,,,
1984-02-24,0.0,,,,
1984-02-25,0.0,,,,
1984-02-26,0.0,,,,
1984-02-27,0.0,,,,
1984-02-28,0.0,,,,
1984-02-29,0.0,,,,
1984-03-01,0.0,,,,
1984-03-02,0.0,,,,
1984-03-03,0.0,,,,
1984-03-04,0.0,,,,
1984-03-05,0.0,,,,
1984-03-06,0.0,,,,
1984-03-07,0.0,,,,
1984-03-08,0.0,,,,
1984-03-09,0.0,,,,
1984-03-10,0.0,,,,
1984-03-11,0.0,,,,
1984-03-12,0.0,,,,
1984-03-13,0.0,,,,
1984-03-14,0.0,,,,
1984-03-15,0.0,,,,
1984-03-16,0.0,,,,
1984-03-17,0.0,,,,
1984-03-18,0.0,,,,
1984-03-19,0.0,,,,
1984-03-20,0.0,,,,
1984-03-21,0.0,,,,
1984-03-22,0.0,,,,
1984-03-23,0.0,,,,
1984-03-24,0.0,,,,
1984-03-25,0.0,,,,
1984-03-26,0.0,,,,
1984-03-27,0.0,,,,
1984-03-28,0.0,,,,
1984-03-29,0.0,,,,
1984-03-30,0.0,,,,
1984-03-31,0.0,,,,
1984-04-01,0.0,,,,
1984-04-02,0.0,,,,
1984-04-03,0.0,,,,
1984-04-04,0.0,,,,
1984-04-05,0.0,,,,
1984-04-06,0.0,,,,
1984-04-07,0.0,,,,
1984-04-08,0.0,,,,
1984-04-09,0.0,,,,
1984-04-10,0.0,,,,
1984-04-11,0.0,,,,
1984-04-12,0.0,,,,
1984-04-13,0.0,,,,
1984-04-14,0.0,,,,
1984-04-15,0.0,,,,
1984-04-16,0.0,,,,
1984-04-17,0.0,,,,
1984-04-18,0.0,,,,
1984-04-19,0.0,,,,
1984-04-20,0.0,,,,
1984-04-21,0.0,,,,
1984-04-22,0.0,,,,
1984-04-23,0.0,,,,
1984-04-24,0.0,,,,
1984-04-25,0.0,,,,
1984-04-26,0.0,,,,
1984-04-27,0.0,,,,
1984-04-28,0.0,,,,
1984-04-29,0.0,,,,
1984-04-30,0.0,,,,
1984-05-01,0.0,,,,
1984-05-02,0.0,,,,
1984-05-03,0.0,,,,
1984-05-04,0.0,,,,
1984-05-05,0.0,,,,
1984-05-06,0.0,,,,
1984-05-07,0.0,,,,
1984-05-08,0.0,,,,
1984-05-09,0.0,,,,
1984-05-10,0.0,,,,
1984-05-11,0.0,,,,
1984-05-12,0.0,,,,
1984-05-13,0.0,,,,
1984-05-14,0.0,,,,
1984-05-15,0.0,,,,
1984-05-16,0.02,,,,
1984-05-17,0.0,,,,
1984-05-18,0.0,,,,
1984-05-19,0.0,,,,
1984-05-20,0.0,,,,
1984-05-21,0.0,,,,
1984-05-22,0.0,,,,
1984-05-23,0.0,,,,
1984-05-24,0.02,,,,
1984-05-25,0.0,,,,
1984-05-26,0.0,,,,
1984-05-27,0.0,,,,
1984-05-28,0.0,,,,
1984-05-29,0.0,,,,
1984-05-30,0.0,,,,
1984-05-31,0.0,,,,
1984-06-01,0.0,,,,
1984-06-02,9.39,,,,
1984-06-03,0.1,,,,
1984-06-04,0.03,,,,
1984-06-05,0.0,,,,
1984-06-06,0.0,,,,
1984-06-07,0.01,,,,
1984-06-08,10.79,,,,
1984-06-09,0.93,,,,
1984-06-10,0.0,,,,
1984-06-11,0.3,,,,
1984-06-12,0.0,,,,
1984-06-13,0.0,,,,
1984-06-14,0.0,,,,
1984-06-15,1.22,,,,
1984-06-16,5.97,,,,
1984-06-17,0.03,,,,
1984-06-18,0.49,,,,
1984-06-19,9.62,,,,
1984-06-20,0.0,,,,
1984-06-21,0.0,,,,
1984-06-22,0.0,,,,
1984-06-23,0.66,,,,
1984-06-24,1.12,,,,
1984-06-25,18.66,,,,
1984-06-26,40.51,,,,
1984-06-27,13.25,,,,
1984-06-28,0.0,,,,
1984-06-29,0.21,,,,
1984-06-30,0.0,,,,
1984-07-01,0.0,,,,
1984-07-02,0.0,,,,
1984-07-03,0.0,,,,
1984-07-04,0.0,,,,
1984-07-05,0.13,,,,
1984-07-06,1.94,,,,
1984-07-07,12.09,,,,
1984-07-08,38.9,,,,
1984-07-09,24.31,,,,
1984-07-10,0.78,,,,
1984-07-11,0.0,,,,
1984-07-12,0.0,,,,
1984-07-13,2.55,,,,
1984-07-14,13.03,,,,
1984-07-15,20.62,,,,
1984-07-16,4.3,,,,
1984-07-17,0.84,,,,
1984-07-18,0.0,,,,
1984-07-19,1.43,,,,
1984-07-20,4.01,,,,
1984-07-21,8.73,,,,
1984-07-22,0.0,,,,
1984-07-23,0.36,,,,
1984-07-24,1.54,,,,
1984-07-25,0.0,,,,
1984-07-26,1.42,,,,
1984-07-27,17.44,,,,
1984-07-28,0.0,,,,
1984-07-29,0.07,,,,
1984-07-30,15.82,,,,
1984-07-31,9.91,,,,
1984-08-01,1.11,,,,
1984-08-02,16.12,,,,
1984-08-03,2.55,,,,
1984-08-04,3.17,,,,
1984-08-05,3.72,,,,
1984-08-06,2.18,,,,
1984-08-07,15.97,,,,
1984-08-08,0.0,,,,
1984-08-09,1.66,,,,
1984-08-10,1.49,,,,
1984-08-11,0.04,,,,
1984-08-12,0.06,,,,
1984-08-13,0.01,,,,
1984-08-14,0.03,,,,
1984-08-15,0.03,,,,
1984-08-16,0.1,,,,
1984-08-17,5.33,,,,
1984-08-18,9.18,,,,
1984-08-19,8.84,,,,
1984-08-20,0.0,,,,
1984-08-21,0.03,,,,
1984-08-22,2.2,,,,
1984-08-23,5.41,,,,
1984-08-24,0.04,,,,
1984-08-25,0.81,,,,
1984-08-26,0.25,,,,
1984-08-27,0.33,,,,
1984-08-28,1.86,,,,
1984-08-29,9.87,,,,
1984-08-30,6.42,,,,
1984-08-31,0.0,,,,
1984-09-01,5.57,,,,
1984-09-02,12.75,,,,
1984-09-03,13.84,,,,
1984-09-04,0.36,,,,
1984-09-05,0.01,,,,
1984-09-06,0.0,,,,
1984-09-07,2.52,,,,
1984-09-08,15.19,,,,
1984-09-09,7.14,,,,
1984-09-10,0.0,,,,
1984-09-11,0.0,,,,
1984-09-12,19.22,,,,
1984-09-13,10.67,,,,
1984-09-14,4.48,,,,
1984-09-15,0.33,,,,
1984-09-16,0.0,,,,
1984-09-17,0.0,,,,
1984-09-18,0.0,,,,
1984-09-19,15.96,,,,
1984-09-20,4.54,,,,
1984-09-21,2.29,,,,
1984-09-22,10.89,,,,
1984-09-23,3.07,,,,
1984-09-24,0.06,,,,
1984-09-25,0.82,,,,
1984-09-26,0.0,,,,
1984-09-27,0.0,,,,
1984-09-28,0.55,,,,
1984-09-29,0.0,,,,
1984-09-30,0.0,,,,
1984-10-01,4.32,,,,
1984-10-02,0.0,,,,
1984-10-03,0.0,,,,
1984-10-04,0.04,,,,
1984-10-05,0.01,,,,
1984-10-06,0.15,,,,
1984-10-07,0.0,,,,
1984-10-08,0.0,,,,
1984-10-09,0.0,,,,
1984-10-10,0.0,,,,
1984-10-11,0.0,,,,
1984-10-12,0.0,,,,
1984-10-13,0.0,,,,
1984-10-14,0.0,,,,
1984-10-15,0.0,,,,
1984-10-16,0.0,,,,
1984-10-17,0.0,,,,
1984-10-18,0.0,,,,
1984-10-19,0.0,,,,
1984-10-20,0.0,,,,
1984-10-21,0.0,,,,
1984-10-22,0.0,,,,
1984-10-23,0.0,,,,
1984-10-24,0.0,,,,
1984-10-25,0.0,,,,
1984-10-26,0.0,,,,
1984-10-27,0.0,,,,
1984-10-28,0.0,,,,
1984-10-29,0.0,,,,
1984-10-30,0.0,,,,
1984-10-31,0.5,,,,
1984-11-01,0.0,,,,
1984-11-02,0.07,,,,
1984-11-03,0.0,,,,
1984-11-04,0.0,,,,
1984-11-05,0.0,,,,
1984-11-06,0.0,,,,
1984-11-07,0.0,,,,
1984-11-08,0.0,,,,
1984-11-09,0.0,,,,
1984-11-10,0.0,,,,
1984-11-11,0.0,,,,
1984-11-12,0.0,,,,
1984-11-13,0.0,,,,
1984-11-14,0.0,,,,
1984-11-15,0.0,,,,
1984-11-16,0.0,,,,
1984-11-17,0.0,,,,
1984-11-18,0.0,,,,
1984-11-19,0.0,,,,
1984-11-20,0.0,,,,
1984-11-21,0.0,,,,
1984-11-22,0.0,,,,
1984-11-23,0.0,,,,
1984-11-24,0.0,,,,
1984-11-25,0.0,,,,
1984-11-26,0.0,,,,
1984-11-27,0.0,,,,
1984-11-28,0.0,,,,
1984-11-29,0.0,,,,
1984-11-30,0.0,,,,
1984-12-01,0.0,,,,
1984-12-02,0.0,,,,
1984-12-03,0.0,,,,
1984-12-04,0.0,,,,
1984-12-05,0.0,,,,
1984-12-06,0.0,,,,
1984-12-07,0.0,,,,
1984-12-08,0.0,,,,
1984-12-09,0.0,,,,
1984-12-10,0.0,,,,
1984-12-11,0.0,,,,
1984-12-12,0.0,,,,
1984-12-13,0.0,,,,
1984-12-14,0.0,,,,
1984-12-15,0.0,,,,
1984-12-16,0.0,,,,
1984-12-17,0.0,,,,
1984-12-18,0.0,,,,
1984-12-19,0.01,,,,
1984-12-20,0.0,,,,
1984-12-21,0.0,,,,
1984-12-22,0.0,,,,
1984-12-23,0.0,,,,
1984-12-24,0.0,,,,
1984-12-25,0.0,,,,
1984-12-26,0.0,,,,
1984-12-27,0.0,,,,
1984-12-28,0.0,,,,
1984-12-29,0.0,,,,
1984-12-30,0.0,,,,
1984-12-31,0.0,,,,
1985-01-01,0.0,,,,
1985-01-02,0.0,,,,
1985-01-03,0.0,,,,
1985-01-04,0.0,,,,
1985-01-05,0.0,,,,
1985-01-06,0.0,,,,
1985-01-07,0.0,,,,
1985-01-08,0.0,,,,
1985-01-09,0.0,,,,
1985-01-10,0.0,,,,
1985-01-11,0.0,,,,
1985-01-12,0.0,,,,
1985-01-13,0.0,,,,
1985-01-14,0.0,,,,
1985-01-15,0.0,,,,
1985-01-16,0.0,,,,
1985-01-17,0.0,,,,
1985-01-18,0.0,,,,
1985-01-19,0.0,,,,
1985-01-20,0.0,,,,
1985-01-21,0.0,,,,
1985-01-22,0.0,,,,
1985-01-23,0.0,,,,
1985-01-24,0.0,,,,
1985-01-25,0.0,,,,
1985-01-26,0.0,,,,
1985-01-27,0.0,,,,
1985-01-28,0.0,,,,
1985-01-29,0.0,,,,
1985-01-30,0.0,,,,
1985-01-31,0.0,,,,
1985-02-01,0.0,,,,
1985-02-02,0.0,,,,
1985-02-03,0.0,,,,
1985-02-04,0.0,,,,
1985-02-05,0.0,,,,
1985-02-06,0.0,,,,
1985-02-07,0.0,,,,
1985-02-08,0.0,,,,
1985-02-09,0.0,,,,
1985-02-10,0.0,,,,
1985-02-11,0.0,,,,
1985-02-12,0.0,,,,
1985-02-13,0.0,,,,
1985-02-14,0.0,,,,
1985-02-15,0.0,,,,
1985-02-16,0.0,,,,
1985-02-17,0.0,,,,
1985-02-18,0.0,,,,
1985-02-19,0.0,,,,
1985-02-20,0.0,,,,
1985-02-21,0.0,,,,
1985-02-22,0.0,,,,
1985-02-23,0.0,,,,
1985-02-24,0.0,,,,
1985-02-25,0.0,,,,
1985-02-26,0.0,,,,
1985-02-27,0.0,,,,
1985-02-28,0.0,,,,
1985-03-01,0.0,,,,
1985-03-02,0.0,,,,
1985-03-03,0.0,,,,
1985-03-04,0.0,,,,
1985-03-05,0.0,,,,
1985-03-06,0.0,,,,
1985-03-07,0.0,,,,
1985-03-08,0.0,,,,
1985-03-09,0.0,,,,
1985-03-10,0.0,,,,
1985-03-11,0.0,,,,
1985-03-12,0.0,,,,
1985-03-13,0.0,,,,
1985-03-14,0.0,,,,
1985-03-15,0.0,,,,
1985-03-16,0.0,,,,
1985-03-17,0.0,,,,
1985-03-18,0.0,,,,
1985-03-19,0.0,,,,
1985-03-20,0.0,,,,
1985-03-21,0.0,,,,
1985-03-22,0.0,,,,
1985-03-23,0.0,,,,
1985-03-24,0.0,,,,
1985-03-25,0.0,,,,
1985-03-26,0.0,,,,
1985-03-27,0.0,,,,
1985-03-28,0.0,,,,
1985-03-29,0.0,,,,
1985-03-30,0.0,,,,
1985-03-31,0.0,,,,
1985-04-01,0.0,,,,
1985-04-02,0.0,,,,
1985-04-03,0.0,,,,
1985-04-04,0.0,,,,
1985-04-05,0.0,,,,
1985-04-06,0.0,,,,
1985-04-07,0.0,,,,
1985-04-08,0.0,,,,
1985-04-09,0.0,,,,
1985-04-10,0.0,,,,
1985-04-11,0.0,,,,
1985-04-12,0.0,,,,
1985-04-13,0.0,,,,
1985-04-14,0.0,,,,
1985-04-15,0.0,,,,
1985-04-16,0.0,,,,
1985-04-17,0.0,,,,
1985-04-18,0.0,,,,
1985-04-19,0.0,,,,
1985-04-20,0.0,,,,
1985-04-21,0.0,,,,
1985-04-22,0.0,,,,
1985-04-23,0.0,,,,
1985-04-24,0.0,,,,
1985-04-25,0.0,,,,
1985-04-26,0.0,,,,
1985-04-27,0.0,,,,
1985-04-28,0.0,,,,
1985-04-29,0.0,,,,
1985-04-30,0.0,,,,
1985-05-01,0.0,,,,
1985-05-02,0.0,,,,
1985-05-03,0.0,,,,
1985-05-04,0.0,,,,
1985-05-05,0.0,,,,
1985-05-06,0.0,,,,
1985-05-07,0.0,,,,
1985-05-08,0.0,,,,
1985-05-09,0.0,,,,
1985-05-10,0.0,,,,
1985-05-11,0.0,,,,
1985-05-12,0.0,,,,
1985-05-13,0.0,,,,
1985-05-14,0.0,,,,
1985-05-15,0.0,,,,
1985-05-16,0.0,,,,
1985-05-17,0.0,,,,
1985-05-18,0.0,,,,
1985-05-19,0.0,,,,
1985-05-20,0.0,,,,
1985-05-21,0.0,,,,
1985-05-22,0.0,,,,
1985-05-23,0.0,,,,
1985-05-24,0.0,,,,
1985-05-25,0.0,,,,
1985-05-26,0.0,,,,
1985-05-27,0.0,,,,
1985-05-28,0.0,,,,
1985-05-29,0.0,,,,
1985-05-30,0.0,,,,
1985-05-31,0.0,,,,
1985-06-01,0.0,,,,
1985-06-02,0.0,,,,
1985-06-03,0.0,,,,
1985-06-04,0.11,,,,
1985-06-05,0.0,,,,
1985-06-06,0.0,,,,
1985-06-07,1.79,,,,
1985-06-08,0.0,,,,
1985-06-09,0.0,,,,
1985-06-10,0.0,,,,
1985-06-11,0.0,,,,
1985-06-12,0.0,,,,
1985-06-13,0.0,,,,
1985-06-14,0.17,,,,
1985-06-15,0.0,,,,
1985-06-16,0.0,,,,
1985-06-17,0.0,,,,
1985-06-18,0.0,,,,
1985-06-19,0.0,,,,
1985-06-20,0.0,,,,
1985-06-21,2.5,,,,
1985-06-22,5.88,,,,
1985-06-23,3.73,,,,
1985-06-24,0.02,,,,
1985-06-25,0.0,,,,
1985-06-26,0.72,,,,
1985-06-27,21.71,,,,
1985-06-28,2.34,,,,
1985-06-29,0.08,,,,
1985-06-30,0.0,,,,
1985-07-01,0.0,,,,
1985-07-02,0.0,,,,
1985-07-03,0.38,,,,
1985-07-04,9.84,,,,
1985-07-05,0.0,,,,
1985-07-06,0.0,,,,
1985-07-07,3.97,,,,
1985-07-08,9.37,,,,
1985-07-09,8.4,,,,
1985-07-10,0.65,,,,
1985-07-11,0.0,,,,
1985-07-12,0.29,,,,
1985-07-13,7.09,,,,
1985-07-14,1.33,,,,
1985-07-15,8.47,,,,
1985-07-16,7.51,,,,
1985-07-17,3.63,,,,
1985-07-18,11.93,,,,
1985-07-19,7.66,,,,
1985-07-20,1.17,,,,
1985-07-21,0.58,,,,
1985-07-22,10.42,,,,
1985-07-23,9.83,,,,
1985-07-24,15.47,,,,
1985-07-25,34.76,,,,
1985-07-26,1.91,,,,
1985-07-27,4.32,,,,
1985-07-28,4.46,,,,
1985-07-29,3.1,,,,
1985-07-30,3.33,,,,
1985-07-31,4.01,,,,
1985-08-01,1.72,,,,
1985-08-02,1.38,,,,
1985-08-03,3.38,,,,
1985-08-04,0.25,,,,
1985-08-05,0.0,,,,
1985-08-06,10.43,,,,
1985-08-07,28.77,,,,
1985-08-08,15.4,,,,
1985-08-09,29.52,,,,
1985-08-10,9.23,,,,
1985-08-11,10.47,,,,
1985-08-12,1.07,,,,
1985-08-13,0.0,,,,
1985-08-14,13.94,,,,
1985-08-15,13.73,,,,
1985-08-16,10.34,,,,
1985-08-17,11.06,,,,
1985-08-18,33.15,,,,
1985-08-19,23.97,,,,
1985-08-20,3.15,,,,
1985-08-21,5.01,,,,
1985-08-22,3.2,,,,
1985-08-23,0.5,,,,
1985-08-24,9.71,,,,
1985-08-25,0.19,,,,
1985-08-26,1.3,,,,
1985-08-27,0.69,,,,
1985-08-28,2.63,,,,
1985-08-29,0.0,,,,
1985-08-30,0.0,,,,
1985-08-31,0.0,,,,
1985-09-01,10.14,,,,
1985-09-02,31.12,,,,
1985-09-03,15.25,,,,
1985-09-04,1.28,,,,
1985-09-05,30.48,,,,
1985-09-06,22.75,,,,
1985-09-07,3.27,,,,
1985-09-08,5.26,,,,
1985-09-09,0.0,,,,
1985-09-10,0.66,,,,
1985-09-11,8.96,,,,
1985-09-12,0.0,,,,
1985-09-13,0.0,,,,
1985-09-14,27.11,,,,
1985-09-15,18.82,,,,
1985-09-16,0.0,,,,
1985-09-17,0.0,,,,
1985-09-18,2.22,,,,
1985-09-19,22.3,,,,
1985-09-20,12.89,,,,
1985-09-21,8.96,,,,
1985-09-22,0.0,,,,
1985-09-23,0.0,,,,
1985-09-24,0.0,,,,
1985-09-25,0.1,,,,
1985-09-26,0.15,,,,
1985-09-27,5.62,,,,
1985-09-28,5.7,,,,
1985-09-29,0.0,,,,
1985-09-30,0.0,,,,
1985-10-01,0.0,,,,
1985-10-02,0.0,,,,
1985-10-03,0.0,,,,
1985-10-04,0.0,,,,
1985-10-05,9.24,,,,
1985-10-06,0.0,,,,
1985-10-07,0.95,,,,
1985-10-08,0.0,,,,
1985-10-09,0.0,,,,
1985-10-10,0.0,,,,
1985-10-11,0.0,,,,
1985-10-12,8.55,,,,
1985-10-13,0.0,,,,
1985-10-14,0.06,,,,
1985-10-15,0.0,,,,
1985-10-16,0.0,,,,
1985-10-17,0.0,,,,
1985-10-18,0.0,,,,
1985-10-19,0.0,,,,
1985-10-20,0.0,,,,
1985-10-21,0.0,,,,
1985-10-22,0.0,,,,
1985-10-23,0.0,,,,
1985-10-24,0.0,,,,
1985-10-25,0.0,,,,
1985-10-26,0.0,,,,
1985-10-27,0.0,,,,
1985-10-28,0.0,,,,
1985-10-29,0.0,,,,
1985-10-30,0.0,,,,
1985-10-31,0.0,,,,
1985-11-01,0.0,,,,
1985-11-02,0.0,,,,
1985-11-03,0.0,,,,
1985-11-04,0.0,,,,
1985-11-05,0.0,,,,
1985-11-06,0.0,,,,
1985-11-07,0.0,,,,
1985-11-08,0.0,,,,
1985-11-09,0.3,,,,
1985-11-10,0.0,,,,
1985-11-11,0.0,,,,
1985-11-12,0.0,,,,
1985-11-13,0.0,,,,
1985-11-14,0.0,,,,
1985-11-15,0.0,,,,
1985-11-16,0.0,,,,
1985-11-17,0.0,,,,
1985-11-18,0.0,,,,
1985-11-19,0.0,,,,
1985-11-20,0.0,,,,
1985-11-21,0.0,,,,
1985-11-22,0.0,,,,
1985-11-23,0.0,,,,
1985-11-24,0.0,,,,
1985-11-25,0.0,,,,
1985-11-26,0.0,,,,
1985-11-27,0.0,,,,
1985-11-28,0.0,,,,
1985-11-29,0.0,,,,
1985-11-30,0.0,,,,
1985-12-01,0.0,,,,
1985-12-02,0.0,,,,
1985-12-03,0.0,,,,
1985-12-04,0.0,,,,
1985-12-05,0.0,,,,
1985-12-06,0.0,,,,
1985-12-07,0.0,,,,
1985-12-08,0.0,,,,
1985-12-09,0.0,,,,
1985-12-10,0.0,,,,
1985-12-11,0.0,,,,
1985-12-12,0.0,,,,
1985-12-13,0.0,,,,
1985-12-14,0.0,,,,
1985-12-15,0.0,,,,
1985-12-16,0.0,,,,
1985-12-17,0.0,,,,
1985-12-18,0.0,,,,
1985-12-19,1.88,,,,
1985-12-20,3.25,,,,
1985-12-21,0.03,,,,
1985-12-22,0.0,,,,
1985-12-23,0.0,,,,
1985-12-24,0.0,,,,
1985-12-25,0.0,,,,
1985-12-26,0.0,,,,
1985-12-27,0.0,,,,
1985-12-28,0.0,,,,
1985-12-29,0.0,,,,
1985-12-30,0.0,,,,
1985-12-31,0.0,,,,
1986-01-01,0.0,,,,
1986-01-02,0.0,,,,
1986-01-03,0.0,,,,
1986-01-04,0.0,,,,
1986-01-05,0.0,,,,
1986-01-06,0.0,,,,
1986-01-07,0.0,,,,
1986-01-08,0.0,,,,
1986-01-09,0.0,,,,
1986-01-10,0.0,,,,
1986-01-11,0.0,,,,
1986-01-12,0.0,,,,
1986-01-13,0.0,,,,
1986-01-14,0.0,,,,
1986-01-15,0.0,,,,
1986-01-16,0.0,,,,
1986-01-17,0.0,,,,
1986-01-18,0.0,,,,
1986-01-19,0.0,,,,
1986-01-20,0.0,,,,
1986-01-21,0.0,,,,
1986-01-22,0.0,,,,
1986-01-23,0.0,,,,
1986-01-24,0.0,,,,
1986-01-25,0.0,,,,
1986-01-26,0.0,,,,
1986-01-27,0.0,,,,
1986-01-28,0.0,,,,
1986-01-29,0.0,,,,
1986-01-30,0.0,,,,
1986-01-31,0.0,,,,
1986-02-01,0.0,,,,
1986-02-02,0.0,,,,
1986-02-03,0.0,,,,
1986-02-04,0.0,,,,
1986-02-05,0.0,,,,
1986-02-06,0.0,,,,
1986-02-07,0.0,,,,
1986-02-08,0.0,,,,
1986-02-09,0.0,,,,
1986-02-10,0.0,,,,
1986-02-11,0.0,,,,
1986-02-12,0.0,,,,
1986-02-13,0.0,,,,
1986-02-14,0.0,,,,
1986-02-15,0.0,,,,
1986-02-16,0.0,,,,
1986-02-17,0.0,,,,
1986-02-18,0.0,,,,
1986-02-19,0.0,,,,
1986-02-20,0.0,,,,
1986-02-21,0.0,,,,
1986-02-22,0.0,,,,
1986-02-23,0.0,,,,
1986-02-24,0.0,,,,
1986-02-25,0.0,,,,
1986-02-26,0.0,,,,
1986-02-27,0.0,,,,
1986-02-28,0.0,,,,
1986-03-01,0.0,,,,
1986-03-02,0.0,,,,
1986-03-03,0.0,,,,
1986-03-04,0.0,,,,
1986-03-05,0.0,,,,
1986-03-06,0.0,,,,
1986-03-07,0.0,,,,
1986-03-08,0.0,,,,
1986-03-09,0.0,,,,
1986-03-10,0.0,,,,
1986-03-11,0.0,,,,
1986-03-12,0.0,,,,
1986-03-13,0.0,,,,
1986-03-14,0.0,,,,
1986-03-15,0.0,,,,
1986-03-16,0.0,,,,
1986-03-17,0.0,,,,
1986-03-18,0.0,,,,
1986-03-19,0.0,,,,
1986-03-20,0.0,,,,
1986-03-21,0.0,,,,
1986-03-22,0.0,,,,
1986-03-23,0.0,,,,
1986-03-24,0.0,,,,
1986-03-25,0.0,,,,
1986-03-26,0.0,,,,
1986-03-27,0.0,,,,
1986-03-28,0.0,,,,
1986-03-29,0.0,,,,
1986-03-30,0.0,,,,
1986-03-31,0.0,,,,
1986-04-01,0.0,,,,
1986-04-02,0.0,,,,
1986-04-03,0.0,,,,
1986-04-04,0.04,,,,
1986-04-05,0.0,,,,
1986-04-06,0.0,,,,
1986-04-07,0.0,,,,
1986-04-08,0.0,,,,
1986-04-09,0.0,,,,
1986-04-10,0.0,,,,
1986-04-11,0.0,,,,
1986-04-12,0.0,,,,
1986-04-13,0.0,,,,
1986-04-14,0.0,,,,
1986-04-15,0.0,,,,
1986-04-16,0.0,,,,
1986-04-17,0.0,,,,
1986-04-18,0.0,,,,
1986-04-19,0.0,,,,
1986-04-20,0.0,,,,
1986-04-21,0.0,,,,
1986-04-22,0.0,,,,
1986-04-23,0.0,,,,
1986-04-24,0.0,,,,
1986-04-25,0.0,,,,
1986-04-26,0.0,,,,
1986-04-27,0.0,,,,
1986-04-28,0.0,,,,
1986-04-29,0.0,,,,
1986-04-30,0.0,,,,
1986-05-01,0.01,,,,
1986-05-02,0.0,,,,
1986-05-03,0.0,,,,
1986-05-04,0.0,,,,
1986-05-05,0.0,,,,
1986-05-06,0.0,,,,
1986-05-07,0.0,,,,
1986-05-08,0.0,,,,
1986-05-09,0.0,,,,
1986-05-10,0.0,,,,
1986-05-11,0.0,,,,
1986-05-12,0.0,,,,
1986-05-13,0.0,,,,
1986-05-14,2.81,,,,
1986-05-15,3.36,,,,
1986-05-16,0.0,,,,
1986-05-17,0.0,,,,
1986-05-18,0.0,,,,
1986-05-19,0.0,,,,
1986-05-20,0.0,,,,
1986-05-21,0.0,,,,
1986-05-22,0.0,,,,
1986-05-23,0.0,,,,
1986-05-24,0.0,,,,
1986-05-25,0.0,,,,
1986-05-26,0.0,,,,
1986-05-27,0.0,,,,
1986-05-28,0.0,,,,
1986-05-29,0.0,,,,
1986-05-30,0.0,,,,
1986-05-31,0.0,,,,
1986-06-01,0.0,,,,
1986-06-02,0.02,,,,
1986-06-03,0.0,,,,
1986-06-04,0.0,,,,
1986-06-05,0.0,,,,
1986-06-06,0.05,,,,
1986-06-07,0.0,,,,
1986-06-08,0.0,,,,
1986-06-09,0.0,,,,
1986-06-10,0.0,,,,
1986-06-11,0.0,,,,
1986-06-12,0.0,,,,
1986-06-13,0.0,,,,
1986-06-14,0.95,,,,
1986-06-15,0.0,,,,
1986-06-16,0.0,,,,
1986-06-17,0.0,,,,
1986-06-18,0.0,,,,
1986-06-19,0.45,,,,
1986-06-20,0.0,,,,
1986-06-21,0.0,,,,
1986-06-22,0.0,,,,
1986-06-23,0.0,,,,
1986-06-24,0.0,,,,
1986-06-25,0.0,,,,
1986-06-26,0.0,,,,
1986-06-27,0.32,,,,
1986-06-28,0.0,,,,
1986-06-29,0.8,,,,
1986-06-30,0.29,,,,
1986-07-01,1.07,,,,
1986-07-02,0.01,,,,
1986-07-03,0.0,,,,
1986-07-04,0.0,,,,
1986-07-05,0.0,,,,
1986-07-06,0.0,,,,
1986-07-07,0.0,,,,
1986-07-08,0.0,,,,
1986-07-09,15.26,,,,
1986-07-10,4.08,,,,
1986-07-11,24.58,,,,
1986-07-12,13.73,,,,
1986-07-13,0.0,,,,
1986-07-14,0.0,,,,
1986-07-15,31.06,,,,
1986-07-16,0.0,,,,
1986-07-17,0.0,,,,
1986-07-18,1.58,,,,
1986-07-19,0.92,,,,
1986-07-20,0.0,,,,
1986-07-21,0.1,,,,
1986-07-22,0.01,,,,
1986-07-23,0.0,,,,
1986-07-24,0.0,,,,
1986-07-25,0.0,,,,
1986-07-26,0.0,,,,
1986-07-27,0.15,,,,
1986-07-28,0.0,,,,
1986-07-29,0.06,,,,
1986-07-30,1.7,,,,
1986-07-31,1.37,,,,
1986-08-01,23.6,,,,
1986-08-02,21.55,,,,
1986-08-03,39.75,,,,
1986-08-04,10.29,,,,
1986-08-05,2.71,,,,
1986-08-06,1.32,,,,
1986-08-07,32.89,,,,
1986-08-08,9.02,,,,
1986-08-09,20.8,,,,
1986-08-10,0.0,,,,
1986-08-11,0.0,,,,
1986-08-12,0.04,,,,
1986-08-13,4.66,,,,
1986-08-14,25.56,,,,
1986-08-15,6.77,,,,
1986-08-16,16.71,,,,
1986-08-17,0.89,,,,
1986-08-18,1.67,,,,
1986-08-19,16.53,,,,
1986-08-20,0.07,,,,
1986-08-21,1.17,,,,
1986-08-22,3.25,,,,
1986-08-23,5.67,,,,
1986-08-24,0.97,,,,
1986-08-25,1.58,,,,
1986-08-26,26.79,,,,
1986-08-27,7.75,,,,
1986-08-28,8.93,,,,
1986-08-29,0.61,,,,
1986-08-30,3.03,,,,
1986-08-31,0.55,,,,
1986-09-01,2.37,,,,
1986-09-02,18.0,,,,
1986-09-03,11.82,,,,
1986-09-04,22.84,,,,
1986-09-05,0.0,,,,
1986-09-06,0.0,,,,
1986-09-07,1.7,,,,
1986-09-08,18.03,,,,
1986-09-09,14.24,,,,
1986-09-10,30.7,,,,
1986-09-11,6.64,,,,
1986-09-12,26.41,,,,
1986-09-13,2.44,,,,
1986-09-14,8.83,,,,
1986-09-15,0.56,,,,
1986-09-16,0.38,,,,
1986-09-17,0.48,,,,
1986-09-18,1.15,,,,
1986-09-19,15.48,,,,
1986-09-20,1.94,,,,
1986-09-21,0.42,,,,
1986-09-22,0.0,,,,
1986-09-23,0.4,,,,
1986-09-24,4.64,,,,
1986-09-25,8.8,,,,
1986-09-26,0.0,,,,
1986-09-27,23.79,,,,
1986-09-28,5.14,,,,
1986-09-29,15.99,,,,
1986-09-30,5.16,,,,
1986-10-01,17.18,,,,
1986-10-02,1.25,,,,
1986-10-03,0.0,,,,
1986-10-04,0.05,,,,
1986-10-05,0.0,,,,
1986-10-06,3.6,,,,
1986-10-07,0.75,,,,
1986-10-08,3.01,,,,
1986-10-09,9.04,,,,
1986-10-10,0.33,,,,
1986-10-11,2.71,,,,
1986-10-12,0.67,,,,
1986-10-13,0.94,,,,
1986-10-14,0.0,,,,
1986-10-15,0.0,,,,
1986-10-16,1.74,,,,
1986-10-17,0.0,,,,
1986-10-18,0.0,,,,
1986-10-19,0.0,,,,
1986-10-20,0.0,,,,
1986-10-21,2.06,,,,
1986-10-22,0.0,,,,
1986-10-23,0.0,,,,
1986-10-24,0.0,,,,
1986-10-25,0.0,,,,
1986-10-26,0.0,,,,
1986-10-27,0.0,,,,
1986-10-28,0.0,,,,
1986-10-29,0.0,,,,
1986-10-30,0.0,,,,
1986-10-31,0.0,,,,
1986-11-01,0.0,,,,
1986-11-02,0.0,,,,
1986-11-03,0.0,,,,
1986-11-04,0.0,,,,
1986-11-05,0.0,,,,
1986-11-06,0.02,,,,
1986-11-07,0.0,,,,
1986-11-08,0.0,,,,
1986-11-09,0.0,,,,
1986-11-10,0.0,,,,
1986-11-11,0.0,,,,
1986-11-12,0.0,,,,
1986-11-13,0.0,,,,
1986-11-14,0.0,,,,
1986-11-15,0.0,,,,
1986-11-16,0.0,,,,
1986-11-17,0.0,,,,
1986-11-18,0.0,,,,
1986-11-19,0.0,,,,
1986-11-20,0.0,,,,
1986-11-21,0.0,,,,
1986-11-22,0.0,,,,
1986-11-23,0.01,,,,
1986-11-24,0.0,,,,
1986-11-25,0.0,,,,
1986-11-26,0.01,,,,
1986-11-27,0.0,,,,
1986-11-28,0.0,,,,
1986-11-29,0.0,,,,
1986-11-30,0.01,,,,
1986-12-01,0.0,,,,
1986-12-02,0.0,,,,
1986-12-03,0.0,,,,
1986-12-04,0.0,,,,
1986-12-05,0.0,,,,
1986-12-06,0.0,,,,
1986-12-07,0.0,,,,
1986-12-08,0.0,,,,
1986-12-09,0.0,,,,
1986-12-10,0.0,,,,
1986-12-11,0.0,,,,
1986-12-12,0.0,,,,
1986-12-13,0.01,,,,
1986-12-14,0.0,,,,
1986-12-15,0.0,,,,
1986-12-16,0.0,,,,
1986-12-17,0.0,,,,
1986-12-18,0.0,,,,
1986-12-19,0.0,,,,
1986-12-20,0.0,,,,
1986-12-21,0.01,,,,
1986-12-22,0.0,,,,
1986-12-23,0.0,,,,
1986-12-24,0.0,,,,
1986-12-25,0.0,,,,
1986-12-26,0.0,,,,
1986-12-27,0.0,,,,
1986-12-28,0.0,,,,
1986-12-29,0.0,,,,
1986-12-30,0.0,,,,
1986-12-31,0.02,,,,
1987-01-01,0.0,,,,
1987-01-02,0.0,,,,
1987-01-03,0.0,,,,
1987-01-04,0.0,,,,
1987-01-05,0.0,,,,
1987-01-06,0.0,,,,
1987-01-07,0.0,,,,
1987-01-08,0.0,,,,
1987-01-09,0.0,,,,
1987-01-10,0.0,,,,
1987-01-11,0.0,,,,
1987-01-12,0.0,,,,
1987-01-13,0.0,,,,
1987-01-14,0.0,,,,
1987-01-15,0.0,,,,
1987-01-16,0.0,,,,
1987-01-17,0.0,,,,
1987-01-18,0.0,,,,
1987-01-19,0.0,,,,
1987-01-20,0.0,,,,
1987-01-21,0.0,,,,
1987-01-22,0.0,,,,
1987-01-23,0.0,,,,
1987-01-24,0.0,,,,
1987-01-25,0.0,,,,
1987-01-26,0.0,,,,
1987-01-27,0.0,,,,
1987-01-28,0.0,,,,
1987-01-29,0.0,,,,
1987-01-30,0.0,,,,
1987-01-31,0.0,,,,
1987-02-01,0.0,,,,
1987-02-02,0.0,,,,
1987-02-03,0.0,,,,
1987-02-04,0.0,,,,
1987-02-05,0.0,,,,
1987-02-06,0.0,,,,
1987-02-07,0.0,,,,
1987-02-08,0.0,,,,
1987-02-09,0.0,,,,
1987-02-10,0.0,,,,
1987-02-11,0.0,,,,
1987-02-12,0.0,,,,
1987-02-13,0.0,,,,
1987-02-14,0.0,,,,
1987-02-15,0.0,,,,
1987-02-16,0.0,,,,
1987-02-17,0.0,,,,
1987-02-18,0.01,,,,
1987-02-19,0.0,,,,
1987-02-20,0.0,,,,
1987-02-21,0.0,,,,
1987-02-22,0.0,,,,
1987-02-23,0.0,,,,
1987-02-24,0.0,,,,
1987-02-25,0.0,,,,
1987-02-26,0.0,,,,
1987-02-27,0.0,,,,
1987-02-28,0.0,,,,
1987-03-01,0.0,,,,
1987-03-02,0.0,,,,
1987-03-03,0.0,,,,
1987-03-04,0.0,,,,
1987-03-05,0.0,,,,
1987-03-06,0.0,,,,
1987-03-07,0.0,,,,
1987-03-08,0.0,,,,
1987-03-09,0.0,,,,
1987-03-10,0.0,,,,
1987-03-11,0.0,,,,
1987-03-12,0.0,,,,
1987-03-13,0.0,,,,
1987-03-14,0.0,,,,
1987-03-15,0.0,,,,
1987-03-16,0.0,,,,
1987-03-17,0.0,,,,
1987-03-18,0.0,,,,
1987-03-19,0.0,,,,
1987-03-20,0.0,,,,
1987-03-21,0.0,,,,
1987-03-22,0.0,,,,
1987-03-23,0.0,,,,
1987-03-24,0.0,,,,
1987-03-25,0.0,,,,
1987-03-26,0.0,,,,
1987-03-27,0.0,,,,
1987-03-28,0.0,,,,
1987-03-29,0.0,,,,
1987-03-30,0.0,,,,
1987-03-31,0.0,,,,
1987-04-01,0.0,,,,
1987-04-02,0.0,,,,
1987-04-03,0.0,,,,
1987-04-04,0.0,,,,
1987-04-05,0.0,,,,
1987-04-06,0.0,,,,
1987-04-07,0.0,,,,
1987-04-08,0.0,,,,
1987-04-09,0.0,,,,
1987-04-10,0.0,,,,
1987-04-11,0.0,,,,
1987-04-12,0.0,,,,
1987-04-13,0.0,,,,
1987-04-14,0.0,,,,
1987-04-15,0.0,,,,
1987-04-16,0.0,,,,
1987-04-17,0.0,,,,
1987-04-18,0.0,,,,
1987-04-19,0.0,,,,
1987-04-20,0.0,,,,
1987-04-21,0.0,,,,
1987-04-22,0.0,,,,
1987-04-23,0.0,,,,
1987-04-24,0.0,,,,
1987-04-25,0.0,,,,
1987-04-26,0.0,,,,
1987-04-27,0.0,,,,
1987-04-28,0.0,,,,
1987-04-29,0.0,,,,
1987-04-30,0.0,,,,
1987-05-01,0.0,,,,
1987-05-02,0.0,,,,
1987-05-03,0.0,,,,
1987-05-04,0.0,,,,
1987-05-05,0.0,,,,
1987-05-06,0.0,,,,
1987-05-07,0.0,,,,
1987-05-08,0.0,,,,
1987-05-09,0.0,,,,
1987-05-10,0.0,,,,
1987-05-11,0.0,,,,
1987-05-12,0.0,,,,
1987-05-13,0.0,,,,
1987-05-14,0.0,,,,
1987-05-15,0.0,,,,
1987-05-16,0.0,,,,
1987-05-17,0.0,,,,
1987-05-18,0.0,,,,
1987-05-19,0.0,,,,
1987-05-20,0.0,,,,
1987-05-21,0.0,,,,
1987-05-22,0.0,,,,
1987-05-23,0.0,,,,
1987-05-24,0.0,,,,
1987-05-25,0.0,,,,
1987-05-26,0.0,,,,
1987-05-27,0.22,,,,
1987-05-28,0.0,,,,
1987-05-29,0.0,,,,
1987-05-30,0.0,,,,
1987-05-31,0.0,,,,
1987-06-01,0.0,,,,
1987-06-02,0.0,,,,
1987-06-03,0.01,,,,
1987-06-04,0.0,,,,
1987-06-05,0.0,,,,
1987-06-06,0.0,,,,
1987-06-07,0.5,,,,
1987-06-08,5.85,,,,
1987-06-09,1.88,,,,
1987-06-10,2.02,,,,
1987-06-11,20.62,,,,
1987-06-12,0.0,,,,
1987-06-13,0.0,,,,
1987-06-14,0.0,,,,
1987-06-15,0.02,,,,
1987-06-16,2.49,,,,
1987-06-17,0.0,,,,
1987-06-18,7.72,,,,
1987-06-19,0.0,,,,
1987-06-20,0.0,,,,
1987-06-21,17.72,,,,
1987-06-22,7.34,,,,
1987-06-23,0.0,,,,
1987-06-24,0.0,,,,
1987-06-25,0.0,,,,
1987-06-26,0.0,,,,
1987-06-27,0.0,,,,
1987-06-28,0.15,,,,
1987-06-29,3.0,,,,
1987-06-30,0.3,,,,
1987-07-01,1.79,,,,
1987-07-02,0.09,,,,
1987-07-03,0.0,,,,
1987-07-04,0.16,,,,
1987-07-05,0.0,,,,
1987-07-06,0.0,,,,
1987-07-07,0.52,,,,
1987-07-08,0.22,,,,
1987-07-09,7.06,,,,
1987-07-10,0.0,,,,
1987-07-11,0.0,,,,
1987-07-12,0.0,,,,
1987-07-13,8.95,,,,
1987-07-14,0.48,,,,
1987-07-15,26.68,,,,
1987-07-16,0.02,,,,
1987-07-17,13.23,,,,
1987-07-18,3.8,,,,
1987-07-19,1.77,,,,
1987-07-20,7.69,,,,
1987-07-21,9.43,,,,
1987-07-22,0.0,,,,
1987-07-23,13.24,,,,
1987-07-24,0.92,,,,
1987-07-25,0.0,,,,
1987-07-26,0.0,,,,
1987-07-27,31.26,,,,
1987-07-28,7.37,,,,
1987-07-29,0.04,,,,
1987-07-30,0.0,,,,
1987-07-31,0.0,,,,
1987-08-01,17.87,,,,
1987-08-02,4.52,,,,
1987-08-03,21.5,,,,
1987-08-04,0.0,,,,
1987-08-05,28.17,,,,
1987-08-06,3.32,,,,
1987-08-07,1.94,,,,
1987-08-08,7.3,,,,
1987-08-09,0.08,,,,
1987-08-10,3.14,,,,
1987-08-11,7.22,,,,
1987-08-12,0.03,,,,
1987-08-13,0.74,,,,
1987-08-14,0.25,,,,
1987-08-15,0.0,,,,
1987-08-16,46.92,,,,
1987-08-17,33.47,,,,
1987-08-18,12.05,,,,
1987-08-19,2.01,,,,
1987-08-20,0.0,,,,
1987-08-21,0.2,,,,
1987-08-22,10.93,,,,
1987-08-23,29.85,,,,
1987-08-24,11.49,,,,
1987-08-25,4.57,,,,
1987-08-26,9.98,,,,
1987-08-27,6.9,,,,
1987-08-28,14.0,,,,
1987-08-29,19.48,,,,
1987-08-30,48.38,,,,
1987-08-31,0.14,,,,
1987-09-01,16.7,,,,
1987-09-02,0.49,,,,
1987-09-03,0.0,,,,
1987-09-04,0.0,,,,
1987-09-05,1.56,,,,
1987-09-06,7.64,,,,
1987-09-07,11.89,,,,
1987-09-08,0.96,,,,
1987-09-09,0.01,,,,
1987-09-10,8.0,,,,
1987-09-11,8.49,,,,
1987-09-12,11.43,,,,
1987-09-13,8.27,,,,
1987-09-14,0.01,,,,
1987-09-15,0.0,,,,
1987-09-16,0.0,,,,
1987-09-17,3.87,,,,
1987-09-18,13.65,,,,
1987-09-19,1.21,,,,
1987-09-20,0.0,,,,
1987-09-21,0.0,,,,
1987-09-22,0.48,,,,
1987-09-23,11.75,,,,
1987-09-24,6.03,,,,
1987-09-25,0.06,,,,
1987-09-26,4.03,,,,
1987-09-27,3.0,,,,
1987-09-28,2.25,,,,
1987-09-29,8.31,,,,
1987-09-30,1.72,,,,
1987-10-01,0.5,,,,
1987-10-02,0.74,,,,
1987-10-03,0.0,,,,
1987-10-04,0.13,,,,
1987-10-05,7.19,,,,
1987-10-06,1.81,,,,
1987-10-07,0.0,,,,
1987-10-08,0.37,,,,
1987-10-09,3.12,,,,
1987-10-10,4.25,,,,
1987-10-11,7.0,,,,
1987-10-12,0.52,,,,
1987-10-13,7.83,,,,
1987-10-14,0.0,,,,
1987-10-15,0.58,,,,
1987-10-16,0.0,,,,
1987-10-17,0.15,,,,
1987-10-18,0.0,,,,
1987-10-19,0.0,,,,
1987-10-20,0.0,,,,
1987-10-21,0.03,,,,
1987-10-22,0.0,,,,
1987-10-23,0.0,,,,
1987-10-24,0.0,,,,
1987-10-25,0.0,,,,
1987-10-26,0.11,,,,
1987-10-27,0.0,,,,
1987-10-28,0.0,,,,
1987-10-29,0.0,,,,
1987-10-30,0.01,,,,
1987-10-31,0.0,,,,
1987-11-01,0.0,,,,
1987-11-02,0.0,,,,
1987-11-03,0.0,,,,
1987-11-04,0.0,,,,
1987-11-05,0.0,,,,
1987-11-06,0.0,,,,
1987-11-07,0.0,,,,
1987-11-08,0.0,,,,
1987-11-09,0.0,,,,
1987-11-10,0.0,,,,
1987-11-11,0.0,,,,
1987-11-12,0.0,,,,
1987-11-13,0.01,,,,
1987-11-14,0.0,,,,
1987-11-15,0.01,,,,
1987-11-16,0.0,,,,
1987-11-17,0.0,,,,
1987-11-18,0.0,,,,
1987-11-19,0.0,,,,
1987-11-20,0.0,,,,
1987-11-21,0.0,,,,
1987-11-22,0.0,,,,
1987-11-23,0.0,,,,
1987-11-24,0.0,,,,
1987-11-25,0.01,,,,
1987-11-26,0.0,,,,
1987-11-27,0.0,,,,
1987-11-28,0.0,,,,
1987-11-29,0.0,,,,
1987-11-30,0.0,,,,
1987-12-01,0.0,,,,
1987-12-02,0.0,,,,
1987-12-03,0.0,,,,
1987-12-04,0.0,,,,
1987-12-05,0.0,,,,
1987-12-06,0.0,,,,
1987-12-07,0.0,,,,
1987-12-08,0.0,,,,
1987-12-09,0.0,,,,
1987-12-10,0.0,,,,
1987-12-11,0.0,,,,
1987-12-12,0.0,,,,
1987-12-13,0.02,,,,
1987-12-14,0.0,,,,
1987-12-15,0.0,,,,
1987-12-16,0.0,,,,
1987-12-17,0.0,,,,
1987-12-18,0.06,,,,
1987-12-19,0.0,,,,
1987-12-20,0.0,,,,
1987-12-21,0.0,,,,
1987-12-22,0.0,,,,
1987-12-23,0.0,,,,
1987-12-24,0.0,,,,
1987-12-25,0.02,,,,
1987-12-26,0.0,,,,
1987-12-27,0.0,,,,
1987-12-28,0.0,,,,
1987-12-29,0.0,,,,
1987-12-30,0.0,,,,
1987-12-31,0.01,,,,
1988-01-01,0.0,,,,
1988-01-02,0.0,,,,
1988-01-03,0.0,,,,
1988-01-04,0.0,,,,
1988-01-05,0.0,,,,
1988-01-06,0.0,,,,
1988-01-07,0.0,,,,
1988-01-08,0.02,,,,
1988-01-09,0.0,,,,
1988-01-10,0.0,,,,
1988-01-11,0.0,,,,
1988-01-12,0.0,,,,
1988-01-13,0.0,,,,
1988-01-14,0.0,,,,
1988-01-15,0.0,,,,
1988-01-16,0.0,,,,
1988-01-17,0.0,,,,
1988-01-18,0.0,,,,
1988-01-19,0.0,,,,
1988-01-20,0.0,,,,
1988-01-21,0.0,,,,
1988-01-22,0.0,,,,
1988-01-23,0.0,,,,
1988-01-24,0.0,,,,
1988-01-25,0.0,,,,
1988-01-26,0.0,,,,
1988-01-27,0.0,,,,
1988-01-28,0.0,,,,
1988-01-29,0.0,,,,
1988-01-30,0.0,,,,
1988-01-31,0.0,,,,
1988-02-01,0.0,,,,
1988-02-02,0.0,,,,
1988-02-03,0.0,,,,
1988-02-04,0.0,,,,
1988-02-05,0.0,,,,
1988-02-06,0.0,,,,
1988-02-07,0.0,,,,
1988-02-08,0.0,,,,
1988-02-09,0.0,,,,
1988-02-10,0.0,,,,
1988-02-11,0.0,,,,
1988-02-12,0.0,,,,
1988-02-13,0.0,,,,
1988-02-14,0.0,,,,
1988-02-15,0.0,,,,
1988-02-16,0.0,,,,
1988-02-17,0.0,,,,
1988-02-18,0.0,,,,
1988-02-19,0.0,,,,
1988-02-20,0.0,,,,
1988-02-21,0.0,,,,
1988-02-22,0.0,,,,
1988-02-23,0.0,,,,
1988-02-24,0.0,,,,
1988-02-25,0.0,,,,
1988-02-26,0.0,,,,
1988-02-27,0.0,,,,
1988-02-28,0.0,,,,
1988-02-29,0.0,,,,
1988-03-01,0.0,,,,
1988-03-02,0.0,,,,
1988-03-03,0.0,,,,
1988-03-04,0.0,,,,
1988-03-05,0.0,,,,
1988-03-06,0.0,,,,
1988-03-07,0.0,,,,
1988-03-08,0.0,,,,
1988-03-09,0.0,,,,
1988-03-10,0.0,,,,
1988-03-11,0.0,,,,
1988-03-12,0.0,,,,
1988-03-13,0.0,,,,
1988-03-14,0.0,,,,
1988-03-15,0.0,,,,
1988-03-16,0.0,,,,
1988-03-17,0.0,,,,
1988-03-18,0.0,,,,
1988-03-19,0.0,,,,
1988-03-20,0.0,,,,
1988-03-21,0.0,,,,
1988-03-22,0.0,,,,
1988-03-23,0.0,,,,
1988-03-24,0.0,,,,
1988-03-25,0.0,,,,
1988-03-26,0.0,,,,
1988-03-27,0.0,,,,
1988-03-28,0.0,,,,
1988-03-29,0.0,,,,
1988-03-30,0.0,,,,
1988-03-31,0.0,,,,
1988-04-01,0.0,,,,
1988-04-02,0.0,,,,
1988-04-03,0.0,,,,
1988-04-04,0.0,,,,
1988-04-05,0.0,,,,
1988-04-06,0.0,,,,
1988-04-07,0.0,,,,
1988-04-08,0.0,,,,
1988-04-09,0.0,,,,
1988-04-10,0.0,,,,
1988-04-11,0.0,,,,
1988-04-12,0.0,,,,
1988-04-13,0.0,,,,
1988-04-14,0.0,,,,
1988-04-15,0.0,,,,
1988-04-16,0.0,,,,
1988-04-17,0.0,,,,
1988-04-18,0.0,,,,
1988-04-19,0.0,,,,
1988-04-20,0.0,,,,
1988-04-21,0.0,,,,
1988-04-22,0.0,,,,
1988-04-23,0.0,,,,
1988-04-24,0.0,,,,
1988-04-25,0.0,,,,
1988-04-26,0.0,,,,
1988-04-27,0.0,,,,
1988-04-28,0.0,,,,
1988-04-29,0.0,,,,
1988-04-30,0.0,,,,
1988-05-01,0.0,,,,
1988-05-02,0.0,,,,
1988-05-03,0.0,,,,
1988-05-04,0.0,,,,
1988-05-05,0.0,,,,
1988-05-06,0.0,,,,
1988-05-07,0.0,,,,
1988-05-08,0.0,,,,
1988-05-09,0.0,,,,
1988-05-10,0.0,,,,
1988-05-11,0.0,,,,
1988-05-12,0.0,,,,
1988-05-13,0.0,,,,
1988-05-14,0.0,,,,
1988-05-15,0.0,,,,
1988-05-16,0.0,,,,
1988-05-17,0.0,,,,
1988-05-18,0.0,,,,
1988-05-19,0.0,,,,
1988-05-20,0.0,,,,
1988-05-21,0.0,,,,
1988-05-22,0.0,,,,
1988-05-23,0.0,,,,
1988-05-24,0.0,,,,
1988-05-25,0.0,,,,
1988-05-26,0.81,,,,
1988-05-27,0.0,,,,
1988-05-28,0.0,,,,
1988-05-29,0.0,,,,
1988-05-30,0.0,,,,
1988-05-31,0.0,,,,
1988-06-01,0.0,,,,
1988-06-02,0.0,,,,
1988-06-03,0.0,,,,
1988-06-04,0.01,,,,
1988-06-05,0.4,,,,
1988-06-06,0.0,,,,
1988-06-07,0.0,,,,
1988-06-08,0.0,,,,
1988-06-09,0.0,,,,
1988-06-10,0.0,,,,
1988-06-11,0.0,,,,
1988-06-12,9.61,,,,
1988-06-13,0.0,,,,
1988-06-14,0.0,,,,
1988-06-15,0.0,,,,
1988-06-16,0.0,,,,
1988-06-17,6.25,,,,
1988-06-18,0.0,,,,
1988-06-19,0.07,,,,
1988-06-20,5.83,,,,
1988-06-21,2.53,,,,
1988-06-22,0.0,,,,
1988-06-23,0.19,,,,
1988-06-24,0.81,,,,
1988-06-25,1.35,,,,
1988-06-26,1.61,,,,
1988-06-27,0.0,,,,
1988-06-28,0.0,,,,
1988-06-29,0.0,,,,
1988-06-30,0.0,,,,
1988-07-01,0.0,,,,
1988-07-02,0.0,,,,
1988-07-03,0.0,,,,
1988-07-04,0.0,,,,
1988-07-05,0.0,,,,
1988-07-06,2.42,,,,
1988-07-07,0.06,,,,
1988-07-08,0.47,,,,
1988-07-09,2.68,,,,
1988-07-10,0.0,,,,
1988-07-11,0.42,,,,
1988-07-12,3.43,,,,
1988-07-13,48.69,,,,
1988-07-14,4.71,,,,
1988-07-15,0.0,,,,
1988-07-16,0.56,,,,
1988-07-17,0.0,,,,
1988-07-18,0.16,,,,
1988-07-19,0.0,,,,
1988-07-20,22.69,,,,
1988-07-21,13.36,,,,
1988-07-22,15.85,,,,
1988-07-23,1.75,,,,
1988-07-24,2.87,,,,
1988-07-25,0.12,,,,
1988-07-26,0.86,,,,
1988-07-27,2.19,,,,
1988-07-28,50.81,,,,
1988-07-29,10.05,,,,
1988-07-30,12.45,,,,
1988-07-31,24.18,,,,
1988-08-01,0.29,,,,
1988-08-02,24.59,,,,
1988-08-03,8.27,,,,
1988-08-04,15.53,,,,
1988-08-05,53.4,,,,
1988-08-06,0.0,,,,
1988-08-07,8.23,,,,
1988-08-08,8.86,,,,
1988-08-09,27.78,,,,
1988-08-10,0.1,,,,
1988-08-11,0.03,,,,
1988-08-12,0.0,,,,
1988-08-13,2.56,,,,
1988-08-14,21.62,,,,
1988-08-15,19.84,,,,
1988-08-16,21.3,,,,
1988-08-17,13.55,,,,
1988-08-18,17.94,,,,
1988-08-19,23.09,,,,
1988-08-20,22.21,,,,
1988-08-21,30.35,,,,
1988-08-22,52.76,,,,
1988-08-23,1.54,,,,
1988-08-24,5.65,,,,
1988-08-25,0.32,,,,
1988-08-26,16.41,,,,
1988-08-27,11.03,,,,
1988-08-28,9.1,,,,
1988-08-29,43.25,,,,
1988-08-30,10.01,,,,
1988-08-31,0.48,,,,
1988-09-01,31.12,,,,
1988-09-02,31.95,,,,
1988-09-03,0.03,,,,
1988-09-04,3.07,,,,
1988-09-05,1.55,,,,
1988-09-06,7.37,,,,
1988-09-07,1.46,,,,
1988-09-08,9.17,,,,
1988-09-09,1.16,,,,
1988-09-10,0.0,,,,
1988-09-11,1.23,,,,
1988-09-12,2.18,,,,
1988-09-13,14.51,,,,
1988-09-14,9.15,,,,
1988-09-15,48.24,,,,
1988-09-16,12.32,,,,
1988-09-17,5.74,,,,
1988-09-18,29.33,,,,
1988-09-19,9.41,,,,
1988-09-20,0.1,,,,
1988-09-21,27.45,,,,
1988-09-22,0.0,,,,
1988-09-23,14.26,,,,
1988-09-24,0.0,,,,
1988-09-25,0.0,,,,
1988-09-26,5.04,,,,
1988-09-27,1.38,,,,
1988-09-28,14.94,,,,
1988-09-29,0.21,,,,
1988-09-30,0.32,,,,
1988-10-01,0.72,,,,
1988-10-02,22.46,,,,
1988-10-03,17.9,,,,
1988-10-04,0.07,,,,
1988-10-05,0.0,,,,
1988-10-06,0.0,,,,
1988-10-07,6.01,,,,
1988-10-08,0.6,,,,
1988-10-09,0.0,,,,
1988-10-10,0.0,,,,
1988-10-11,0.0,,,,
1988-10-12,0.0,,,,
1988-10-13,0.0,,,,
1988-10-14,0.0,,,,
1988-10-15,0.0,,,,
1988-10-16,0.0,,,,
1988-10-17,0.0,,,,
1988-10-18,0.18,,,,
1988-10-19,0.0,,,,
1988-10-20,0.0,,,,
1988-10-21,0.0,,,,
1988-10-22,0.0,,,,
1988-10-23,0.0,,,,
1988-10-24,0.78,,,,
1988-10-25,0.0,,,,
1988-10-26,0.0,,,,
1988-10-27,0.0,,,,
1988-10-28,0.0,,,,
1988-10-29,0.01,,,,
1988-10-30,0.0,,,,
1988-10-31,0.0,,,,
1988-11-01,0.0,,,,
1988-11-02,0.0,,,,
1988-11-03,0.0,,,,
1988-11-04,0.0,,,,
1988-11-05,0.18,,,,
1988-11-06,0.0,,,,
1988-11-07,0.01,,,,
1988-11-08,0.0,,,,
1988-11-09,0.0,,,,
1988-11-10,0.0,,,,
1988-11-11,0.0,,,,
1988-11-12,0.0,,,,
1988-11-13,0.0,,,,
1988-11-14,0.0,,,,
1988-11-15,0.0,,,,
1988-11-16,0.0,,,,
1988-11-17,0.0,,,,
1988-11-18,0.0,,,,
1988-11-19,0.0,,,,
1988-11-20,0.0,,,,
1988-11-21,0.0,,,,
1988-11-22,0.0,,,,
1988-11-23,0.0,,,,
1988-11-24,0.0,,,,
1988-11-25,0.0,,,,
1988-11-26,0.0,,,,
1988-11-27,0.0,,,,
1988-11-28,0.0,,,,
1988-11-29,0.0,,,,
1988-11-30,0.0,,,,
1988-12-01,0.0,,,,
1988-12-02,0.0,,,,
1988-12-03,0.0,,,,
1988-12-04,0.0,,,,
1988-12-05,0.0,,,,
1988-12-06,0.0,,,,
1988-12-07,0.0,,,,
1988-12-08,0.0,,,,
1988-12-09,0.0,,,,
1988-12-10,0.0,,,,
1988-12-11,0.0,,,,
1988-12-12,0.0,,,,
1988-12-13,0.0,,,,
1988-12-14,0.0,,,,
1988-12-15,0.01,,,,
1988-12-16,0.0,,,,
1988-12-17,0.0,,,,
1988-12-18,0.0,,,,
1988-12-19,0.0,,,,
1988-12-20,0.0,,,,
1988-12-21,0.0,,,,
1988-12-22,0.0,,,,
1988-12-23,0.0,,,,
1988-12-24,0.0,,,,
1988-12-25,0.0,,,,
1988-12-26,0.0,,,,
1988-12-27,0.0,,,,
1988-12-28,0.0,,,,
1988-12-29,0.0,,,,
1988-12-30,0.0,,,,
1988-12-31,0.0,,,,
1989-01-01,0.0,,,,
1989-01-02,0.0,,,,
1989-01-03,0.0,,,,
1989-01-04,0.0,,,,
1989-01-05,0.0,,,,
1989-01-06,0.02,,,,
1989-01-07,0.0,,,,
1989-01-08,0.0,,,,
1989-01-09,0.0,,,,
1989-01-10,0.0,,,,
1989-01-11,0.0,,,,
1989-01-12,0.0,,,,
1989-01-13,0.0,,,,
1989-01-14,0.0,,,,
1989-01-15,0.0,,,,
1989-01-16,0.0,,,,
1989-01-17,0.0,,,,
1989-01-18,0.0,,,,
1989-01-19,0.0,,,,
1989-01-20,0.0,,,,
1989-01-21,0.0,,,,
1989-01-22,0.0,,,,
1989-01-23,0.0,,,,
1989-01-24,0.0,,,,
1989-01-25,0.0,,,,
1989-01-26,0.0,,,,
1989-01-27,0.0,,,,
1989-01-28,0.0,,,,
1989-01-29,0.0,,,,
1989-01-30,0.0,,,,
1989-01-31,0.0,,,,
1989-02-01,0.0,,,,
1989-02-02,0.0,,,,
1989-02-03,0.0,,,,
1989-02-04,0.0,,,,
1989-02-05,0.0,,,,
1989-02-06,0.0,,,,
1989-02-07,0.0,,,,
1989-02-08,0.0,,,,
1989-02-09,0.0,,,,
1989-02-10,0.0,,,,
1989-02-11,0.0,,,,
1989-02-12,0.0,,,,
1989-02-13,0.0,,,,
1989-02-14,0.0,,,,
1989-02-15,0.0,,,,
1989-02-16,0.0,,,,
1989-02-17,0.0,,,,
1989-02-18,0.0,,,,
1989-02-19,0.0,,,,
1989-02-20,0.0,,,,
1989-02-21,0.0,,,,
1989-02-22,0.0,,,,
1989-02-23,0.0,,,,
1989-02-24,0.0,,,,
1989-02-25,0.0,,,,
1989-02-26,0.0,,,,
1989-02-27,0.0,,,,
1989-02-28,0.0,,,,
1989-03-01,0.0,,,,
1989-03-02,0.0,,,,
1989-03-03,0.0,,,,
1989-03-04,0.0,,,,
1989-03-05,0.0,,,,
1989-03-06,0.0,,,,
1989-03-07,0.0,,,,
1989-03-08,0.0,,,,
1989-03-09,0.0,,,,
1989-03-10,0.0,,,,
1989-03-11,0.0,,,,
1989-03-12,0.0,,,,
1989-03-13,0.0,,,,
1989-03-14,0.0,,,,
1989-03-15,0.0,,,,
1989-03-16,0.0,,,,
1989-03-17,0.0,,,,
1989-03-18,0.0,,,,
1989-03-19,0.0,,,,
1989-03-20,0.0,,,,
1989-03-21,0.0,,,,
1989-03-22,0.0,,,,
1989-03-23,0.0,,,,
1989-03-24,0.0,,,,
1989-03-25,0.0,,,,
1989-03-26,0.0,,,,
1989-03-27,0.0,,,,
1989-03-28,0.0,,,,
1989-03-29,0.0,,,,
1989-03-30,0.0,,,,
1989-03-31,0.0,,,,
1989-04-01,0.0,,,,
1989-04-02,0.0,,,,
1989-04-03,0.0,,,,
1989-04-04,0.0,,,,
1989-04-05,0.0,,,,
1989-04-06,0.0,,,,
1989-04-07,0.0,,,,
1989-04-08,0.0,,,,
1989-04-09,0.0,,,,
1989-04-10,0.0,,,,
1989-04-11,0.0,,,,
1989-04-12,0.0,,,,
1989-04-13,0.0,,,,
1989-04-14,0.0,,,,
1989-04-15,0.0,,,,
1989-04-16,0.0,,,,
1989-04-17,0.0,,,,
1989-04-18,0.0,,,,
1989-04-19,0.0,,,,
1989-04-20,0.0,,,,
1989-04-21,0.0,,,,
1989-04-22,0.0,,,,
1989-04-23,0.0,,,,
1989-04-24,0.0,,,,
1989-04-25,0.0,,,,
1989-04-26,0.0,,,,
1989-04-27,0.0,,,,
1989-04-28,0.0,,,,
1989-04-29,0.0,,,,
1989-04-30,0.0,,,,
1989-05-01,0.0,,,,
1989-05-02,0.0,,,,
1989-05-03,0.0,,,,
1989-05-04,0.0,,,,
1989-05-05,0.0,,,,
1989-05-06,0.0,,,,
1989-05-07,0.0,,,,
1989-05-08,0.0,,,,
1989-05-09,0.0,,,,
1989-05-10,0.0,,,,
1989-05-11,0.0,,,,
1989-05-12,0.0,,,,
1989-05-13,0.04,,,,
1989-05-14,0.21,,,,
1989-05-15,0.0,,,,
1989-05-16,0.0,,,,
1989-05-17,0.0,,,,
1989-05-18,0.0,,,,
1989-05-19,0.0,,,,
1989-05-20,0.0,,,,
1989-05-21,0.0,,,,
1989-05-22,0.0,,,,
1989-05-23,0.0,,,,
1989-05-24,0.0,,,,
1989-05-25,0.0,,,,
1989-05-26,0.0,,,,
1989-05-27,0.0,,,,
1989-05-28,0.0,,,,
1989-05-29,0.48,,,,
1989-05-30,0.0,,,,
1989-05-31,0.0,,,,
1989-06-01,0.0,,,,
1989-06-02,0.0,,,,
1989-06-03,0.0,,,,
1989-06-04,0.0,,,,
1989-06-05,3.72,,,,
1989-06-06,0.09,,,,
1989-06-07,0.0,,,,
1989-06-08,0.0,,,,
1989-06-09,0.0,,,,
1989-06-10,0.0,,,,
1989-06-11,0.35,,,,
1989-06-12,1.66,,,,
1989-06-13,0.01,,,,
1989-06-14,0.0,,,,
1989-06-15,0.0,,,,
1989-06-16,25.82,,,,
1989-06-17,15.53,,,,
1989-06-18,3.34,,,,
1989-06-19,0.0,,,,
1989-06-20,5.09,,,,
1989-06-21,0.0,,,,
1989-06-22,0.0,,,,
1989-06-23,0.34,,,,
1989-06-24,4.66,,,,
1989-06-25,0.0,,,,
1989-06-26,0.03,,,,
1989-06-27,23.56,,,,
1989-06-28,0.0,,,,
1989-06-29,0.0,,,,
1989-06-30,40.26,,,,
1989-07-01,10.12,,,,
1989-07-02,13.53,,,,
1989-07-03,0.35,,,,
1989-07-04,0.15,,,,
1989-07-05,2.7,,,,
1989-07-06,11.77,,,,
1989-07-07,0.0,,,,
1989-07-08,0.0,,,,
1989-07-09,0.15,,,,
1989-07-10,0.0,,,,
1989-07-11,1.04,,,,
1989-07-12,17.38,,,,
1989-07-13,2.93,,,,
1989-07-14,0.0,,,,
1989-07-15,45.17,,,,
1989-07-16,0.19,,,,
1989-07-17,0.0,,,,
1989-07-18,1.23,,,,
1989-07-19,1.21,,,,
1989-07-20,19.85,,,,
1989-07-21,22.29,,,,
1989-07-22,2.24,,,,
1989-07-23,0.0,,,,
1989-07-24,27.07,,,,
1989-07-25,17.19,,,,
1989-07-26,12.26,,,,
1989-07-27,12.26,,,,
1989-07-28,8.72,,,,
1989-07-29,4.62,,,,
1989-07-30,15.64,,,,
1989-07-31,11.37,,,,
1989-08-01,35.88,,,,
1989-08-02,19.66,,,,
1989-08-03,0.01,,,,
1989-08-04,0.0,,,,
1989-08-05,0.0,,,,
1989-08-06,0.34,,,,
1989-08-07,2.08,,,,
1989-08-08,0.04,,,,
1989-08-09,0.0,,,,
1989-08-10,0.0,,,,
1989-08-11,0.06,,,,
1989-08-12,14.23,,,,
1989-08-13,20.92,,,,
1989-08-14,20.6,,,,
1989-08-15,13.52,,,,
1989-08-16,2.7,,,,
1989-08-17,0.0,,,,
1989-08-18,0.05,,,,
1989-08-19,0.46,,,,
1989-08-20,0.0,,,,
1989-08-21,0.0,,,,
1989-08-22,0.0,,,,
1989-08-23,23.88,,,,
1989-08-24,25.62,,,,
1989-08-25,13.48,,,,
1989-08-26,9.37,,,,
1989-08-27,15.29,,,,
1989-08-28,42.55,,,,
1989-08-29,5.0,,,,
1989-08-30,36.41,,,,
1989-08-31,0.55,,,,
1989-09-01,4.04,,,,
1989-09-02,8.37,,,,
1989-09-03,14.93,,,,
1989-09-04,14.56,,,,
1989-09-05,0.0,,,,
1989-09-06,0.0,,,,
1989-09-07,0.0,,,,
1989-09-08,0.13,,,,
1989-09-09,34.13,,,,
1989-09-10,0.14,,,,
1989-09-11,19.05,,,,
1989-09-12,16.34,,,,
1989-09-13,12.52,,,,
1989-09-14,0.0,,,,
1989-09-15,10.95,,,,
1989-09-16,12.88,,,,
1989-09-17,3.01,,,,
1989-09-18,8.68,,,,
1989-09-19,0.0,,,,
1989-09-20,30.32,,,,
1989-09-21,7.91,,,,
1989-09-22,10.07,,,,
1989-09-23,0.06,,,,
1989-09-24,0.33,,,,
1989-09-25,0.01,,,,
1989-09-26,20.15,,,,
1989-09-27,7.72,,,,
1989-09-28,0.0,,,,
1989-09-29,0.0,,,,
1989-09-30,0.2,,,,
1989-10-01,0.0,,,,
1989-10-02,9.32,,,,
1989-10-03,0.0,,,,
1989-10-04,0.0,,,,
1989-10-05,0.01,,,,
1989-10-06,0.82,,,,
1989-10-07,0.0,,,,
1989-10-08,0.01,,,,
1989-10-09,3.7,,,,
1989-10-10,0.03,,,,
1989-10-11,1.41,,,,
1989-10-12,1.15,,,,
1989-10-13,2.33,,,,
1989-10-14,0.0,,,,
1989-10-15,0.0,,,,
1989-10-16,0.0,,,,
1989-10-17,0.0,,,,
1989-10-18,0.0,,,,
1989-10-19,18.86,,,,
1989-10-20,11.33,,,,
1989-10-21,0.01,,,,
1989-10-22,0.0,,,,
1989-10-23,0.0,,,,
1989-10-24,7.35,,,,
1989-10-25,32.19,,,,
1989-10-26,1.44,,,,
1989-10-27,0.0,,,,
1989-10-28,0.0,,,,
1989-10-29,0.0,,,,
1989-10-30,0.0,,,,
1989-10-31,0.0,,,,
1989-11-01,0.0,,,,
1989-11-02,0.02,,,,
1989-11-03,0.0,,,,
1989-11-04,0.01,,,,
1989-11-05,0.0,,,,
1989-11-06,0.02,,,,
1989-11-07,0.0,,,,
1989-11-08,0.01,,,,
1989-11-09,0.0,,,,
1989-11-10,0.0,,,,
1989-11-11,0.0,,,,
1989-11-12,0.0,,,,
1989-11-13,0.02,,,,
1989-11-14,0.01,,,,
1989-11-15,0.0,,,,
1989-11-16,0.01,,,,
1989-11-17,0.0,,,,
1989-11-18,0.0,,,,
1989-11-19,0.0,,,,
1989-11-20,0.0,,,,
1989-11-21,0.0,,,,
1989-11-22,0.0,,,,
1989-11-23,0.0,,,,
1989-11-24,0.0,,,,
1989-11-25,0.0,,,,
1989-11-26,0.0,,,,
1989-11-27,0.0,,,,
1989-11-28,0.0,,,,
1989-11-29,0.0,,,,
1989-11-30,0.0,,,,
1989-12-01,0.0,,,,
1989-12-02,0.0,,,,
1989-12-03,0.0,,,,
1989-12-04,0.0,,,,
1989-12-05,0.0,,,,
1989-12-06,0.0,,,,
1989-12-07,0.0,,,,
1989-12-08,0.0,,,,
1989-12-09,0.0,,,,
1989-12-10,0.0,,,,
1989-12-11,0.0,,,,
1989-12-12,0.01,,,,
1989-12-13,0.0,,,,
1989-12-14,0.0,,,,
1989-12-15,0.0,,,,
1989-12-16,0.0,,,,
1989-12-17,0.0,,,,
1989-12-18,0.0,,,,
1989-12-19,0.0,,,,
1989-12-20,0.0,,,,
1989-12-21,0.0,,,,
1989-12-22,0.0,,,,
1989-12-23,0.0,,,,
1989-12-24,0.0,,,,
1989-12-25,0.03,,,,
1989-12-26,0.01,,,,
1989-12-27,0.02,,,,
1989-12-28,0.0,,,,
1989-12-29,0.0,,,,
1989-12-30,0.0,,,,
1989-12-31,0.0,,,,
1990-01-01,0.0,,,,
1990-01-02,0.0,,,,
1990-01-03,0.0,,,,
1990-01-04,0.0,,,,
1990-01-05,0.09,,,,
1990-01-06,0.0,,,,
1990-01-07,0.0,,,,
1990-01-08,0.0,,,,
1990-01-09,0.0,,,,
1990-01-10,0.0,,,,
1990-01-11,0.0,,,,
1990-01-12,0.0,,,,
1990-01-13,0.0,,,,
1990-01-14,0.02,,,,
1990-01-15,0.0,,,,
1990-01-16,0.0,,,,
1990-01-17,0.0,,,,
1990-01-18,0.0,,,,
1990-01-19,0.0,,,,
1990-01-20,0.0,,,,
1990-01-21,0.0,,,,
1990-01-22,0.0,,,,
1990-01-23,0.0,,,,
1990-01-24,0.0,,,,
1990-01-25,0.0,,,,
1990-01-26,0.0,,,,
1990-01-27,0.0,,,,
1990-01-28,0.0,,,,
1990-01-29,0.0,,,,
1990-01-30,0.0,,,,
1990-01-31,0.0,,,,
1990-02-01,0.0,,,,
1990-02-02,0.0,,,,
1990-02-03,0.0,,,,
1990-02-04,0.0,,,,
1990-02-05,0.0,,,,
1990-02-06,0.0,,,,
1990-02-07,0.0,,,,
1990-02-08,0.0,,,,
1990-02-09,0.0,,,,
1990-02-10,0.0,,,,
1990-02-11,0.0,,,,
1990-02-12,0.0,,,,
1990-02-13,0.0,,,,
1990-02-14,0.0,,,,
1990-02-15,0.0,,,,
1990-02-16,0.0,,,,
1990-02-17,0.0,,,,
1990-02-18,0.0,,,,
1990-02-19,0.0,,,,
1990-02-20,0.0,,,,
1990-02-21,0.0,,,,
1990-02-22,0.0,,,,
1990-02-23,0.0,,,,
1990-02-24,0.0,,,,
1990-02-25,0.0,,,,
1990-02-26,0.0,,,,
1990-02-27,0.0,,,,
1990-02-28,0.0,,,,
1990-03-01,0.0,,,,
1990-03-02,0.0,,,,
1990-03-03,0.0,,,,
1990-03-04,0.0,,,,
1990-03-05,0.0,,,,
1990-03-06,0.0,,,,
1990-03-07,0.0,,,,
1990-03-08,0.0,,,,
1990-03-09,0.0,,,,
1990-03-10,0.0,,,,
1990-03-11,0.0,,,,
1990-03-12,0.0,,,,
1990-03-13,0.0,,,,
1990-03-14,0.0,,,,
1990-03-15,0.0,,,,
1990-03-16,0.0,,,,
1990-03-17,0.0,,,,
1990-03-18,0.0,,,,
1990-03-19,0.0,,,,
1990-03-20,0.01,,,,
1990-03-21,0.0,,,,
1990-03-22,0.0,,,,
1990-03-23,0.0,,,,
1990-03-24,0.0,,,,
1990-03-25,0.0,,,,
1990-03-26,0.0,,,,
1990-03-27,0.0,,,,
1990-03-28,0.0,,,,
1990-03-29,0.0,,,,
1990-03-30,0.0,,,,
1990-03-31,0.0,,,,
1990-04-01,0.0,,,,
1990-04-02,0.0,,,,
1990-04-03,0.0,,,,
1990-04-04,0.0,,,,
1990-04-05,0.0,,,,
1990-04-06,0.0,,,,
1990-04-07,0.0,,,,
1990-04-08,0.0,,,,
1990-04-09,0.0,,,,
1990-04-10,0.0,,,,
1990-04-11,0.0,,,,
1990-04-12,0.0,,,,
1990-04-13,0.0,,,,
1990-04-14,0.0,,,,
1990-04-15,0.0,,,,
1990-04-16,0.0,,,,
1990-04-17,0.0,,,,
1990-04-18,0.0,,,,
1990-04-19,0.0,,,,
1990-04-20,0.0,,,,
1990-04-21,0.0,,,,
1990-04-22,0.0,,,,
1990-04-23,0.0,,,,
1990-04-24,0.0,,,,
1990-04-25,0.0,,,,
1990-04-26,0.0,,,,
1990-04-27,0.0,,,,
1990-04-28,0.0,,,,
1990-04-29,0.0,,,,
1990-04-30,0.0,,,,
1990-05-01,0.0,,,,
1990-05-02,0.0,,,,
1990-05-03,0.0,,,,
1990-05-04,0.0,,,,
1990-05-05,0.0,,,,
1990-05-06,0.0,,,,
1990-05-07,0.0,,,,
1990-05-08,0.0,,,,
1990-05-09,0.0,,,,
1990-05-10,0.0,,,,
1990-05-11,0.0,,,,
1990-05-12,0.0,,,,
1990-05-13,0.0,,,,
1990-05-14,0.0,,,,
1990-05-15,0.0,,,,
1990-05-16,0.0,,,,
1990-05-17,0.0,,,,
1990-05-18,0.0,,,,
1990-05-19,0.0,,,,
1990-05-20,0.0,,,,
1990-05-21,0.0,,,,
1990-05-22,0.0,,,,
1990-05-23,0.0,,,,
1990-05-24,0.0,,,,
1990-05-25,0.0,,,,
1990-05-26,0.0,,,,
1990-05-27,0.0,,,,
1990-05-28,0.0,,,,
1990-05-29,0.0,,,,
1990-05-30,0.0,,,,
1990-05-31,0.0,,,,
1990-06-01,0.0,,,,
1990-06-02,0.0,,,,
1990-06-03,0.0,,,,
1990-06-04,0.0,,,,
1990-06-05,0.0,,,,
1990-06-06,0.04,,,,
1990-06-07,0.0,,,,
1990-06-08,0.0,,,,
1990-06-09,0.0,,,,
1990-06-10,0.0,,,,
1990-06-11,0.0,,,,
1990-06-12,0.0,,,,
1990-06-13,0.0,,,,
1990-06-14,0.0,,,,
1990-06-15,0.0,,,,
1990-06-16,0.0,,,,
1990-06-17,0.0,,,,
1990-06-18,0.08,,,,
1990-06-19,2.76,,,,
1990-06-20,10.92,,,,
1990-06-21,0.0,,,,
1990-06-22,7.32,,,,
1990-06-23,0.99,,,,
1990-06-24,0.0,,,,
1990-06-25,0.0,,,,
1990-06-26,0.0,,,,
1990-06-27,0.0,,,,
1990-06-28,0.39,,,,
1990-06-29,12.26,,,,
1990-06-30,14.92,,,,
1990-07-01,0.0,,,,
1990-07-02,0.0,,,,
1990-07-03,3.5,,,,
1990-07-04,3.22,,,,
1990-07-05,3.06,,,,
1990-07-06,13.52,,,,
1990-07-07,0.0,,,,
1990-07-08,0.0,,,,
1990-07-09,0.0,,,,
1990-07-10,0.0,,,,
1990-07-11,14.5,,,,
1990-07-12,23.12,,,,
1990-07-13,35.09,,,,
1990-07-14,16.24,,,,
1990-07-15,15.36,,,,
1990-07-16,10.35,,,,
1990-07-17,33.0,,,,
1990-07-18,0.0,,,,
1990-07-19,2.15,,,,
1990-07-20,15.54,,,,
1990-07-21,0.0,,,,
1990-07-22,0.37,,,,
1990-07-23,0.51,,,,
1990-07-24,0.74,,,,
1990-07-25,1.17,,,,
1990-07-26,9.04,,,,
1990-07-27,1.62,,,,
1990-07-28,0.0,,,,
1990-07-29,0.07,,,,
1990-07-30,17.46,,,,
1990-07-31,10.72,,,,
1990-08-01,0.51,,,,
1990-08-02,0.0,,,,
1990-08-03,0.0,,,,
1990-08-04,22.97,,,,
1990-08-05,46.09,,,,
1990-08-06,40.44,,,,
1990-08-07,8.48,,,,
1990-08-08,57.62,,,,
1990-08-09,5.31,,,,
1990-08-10,0.0,,,,
1990-08-11,25.62,,,,
1990-08-12,9.68,,,,
1990-08-13,22.31,,,,
1990-08-14,3.71,,,,
1990-08-15,5.12,,,,
1990-08-16,10.85,,,,
1990-08-17,29.01,,,,
1990-08-18,13.66,,,,
1990-08-19,0.0,,,,
1990-08-20,14.2,,,,
1990-08-21,1.89,,,,
1990-08-22,2.86,,,,
1990-08-23,27.11,,,,
1990-08-24,0.0,,,,
1990-08-25,0.0,,,,
1990-08-26,0.07,,,,
1990-08-27,6.75,,,,
1990-08-28,0.23,,,,
1990-08-29,0.44,,,,
1990-08-30,18.39,,,,
1990-08-31,0.43,,,,
1990-09-01,34.11,,,,
1990-09-02,0.0,,,,
1990-09-03,0.0,,,,
1990-09-04,1.8,,,,
1990-09-05,34.48,,,,
1990-09-06,1.16,,,,
1990-09-07,0.0,,,,
1990-09-08,0.86,,,,
1990-09-09,1.17,,,,
1990-09-10,17.67,,,,
1990-09-11,1.48,,,,
1990-09-12,0.0,,,,
1990-09-13,30.12,,,,
1990-09-14,3.35,,,,
1990-09-15,0.0,,,,
1990-09-16,4.18,,,,
1990-09-17,15.57,,,,
1990-09-18,0.0,,,,
1990-09-19,0.0,,,,
1990-09-20,0.57,,,,
1990-09-21,3.06,,,,
1990-09-22,0.22,,,,
1990-09-23,0.0,,,,
1990-09-24,0.76,,,,
1990-09-25,8.92,,,,
1990-09-26,0.11,,,,
1990-09-27,15.4,,,,
1990-09-28,0.0,,,,
1990-09-29,0.17,,,,
1990-09-30,0.0,,,,
1990-10-01,7.79,,,,
1990-10-02,20.57,,,,
1990-10-03,0.77,,,,
1990-10-04,0.0,,,,
1990-10-05,6.88,,,,
1990-10-06,0.45,,,,
1990-10-07,0.0,,,,
1990-10-08,0.0,,,,
1990-10-09,0.02,,,,
1990-10-10,1.59,,,,
1990-10-11,0.0,,,,
1990-10-12,0.0,,,,
1990-10-13,0.0,,,,
1990-10-14,0.0,,,,
1990-10-15,0.0,,,,
1990-10-16,0.33,,,,
1990-10-17,14.4,,,,
1990-10-18,9.58,,,,
1990-10-19,0.0,,,,
1990-10-20,0.0,,,,
1990-10-21,0.0,,,,
1990-10-22,0.0,,,,
1990-10-23,0.0,,,,
1990-10-24,0.0,,,,
1990-10-25,0.0,,,,
1990-10-26,0.0,,,,
1990-10-27,0.23,,,,
1990-10-28,0.0,,,,
1990-10-29,0.0,,,,
1990-10-30,0.05,,,,
1990-10-31,0.0,,,,
1990-11-01,0.03,,,,
1990-11-02,0.0,,,,
1990-11-03,0.0,,,,
1990-11-04,0.0,,,,
1990-11-05,0.0,,,,
1990-11-06,0.0,,,,
1990-11-07,0.0,,,,
1990-11-08,0.0,,,,
1990-11-09,0.0,,,,
1990-11-10,0.0,,,,
1990-11-11,0.0,,,,
1990-11-12,0.0,,,,
1990-11-13,0.0,,,,
1990-11-14,0.0,,,,
1990-11-15,0.0,,,,
1990-11-16,0.0,,,,
1990-11-17,0.0,,,,
1990-11-18,0.0,,,,
1990-11-19,0.0,,,,
1990-11-20,0.0,,,,
1990-11-21,0.0,,,,
1990-11-22,0.0,,,,
1990-11-23,0.0,,,,
1990-11-24,0.0,,,,
1990-11-25,0.0,,,,
1990-11-26,0.0,,,,
1990-11-27,0.0,,,,
1990-11-28,0.0,,,,
1990-11-29,0.0,,,,
1990-11-30,0.0,,,,
1990-12-01,0.0,,,,
1990-12-02,0.0,,,,
1990-12-03,0.0,,,,
1990-12-04,0.0,,,,
1990-12-05,0.0,,,,
1990-12-06,0.0,,,,
1990-12-07,0.0,,,,
1990-12-08,0.0,,,,
1990-12-09,0.0,,,,
1990-12-10,0.0,,,,
1990-12-11,0.0,,,,
1990-12-12,0.0,,,,
1990-12-13,0.0,,,,
1990-12-14,0.0,,,,
1990-12-15,0.02,,,,
1990-12-16,0.0,,,,
1990-12-17,0.0,,,,
1990-12-18,0.0,,,,
1990-12-19,0.0,,,,
1990-12-20,0.0,,,,
1990-12-21,0.0,,,,
1990-12-22,0.0,,,,
1990-12-23,0.0,,,,
1990-12-24,0.0,,,,
1990-12-25,0.0,,,,
1990-12-26,0.0,,,,
1990-12-27,0.0,,,,
1990-12-28,0.0,,,,
1990-12-29,0.0,,,,
1990-12-30,0.0,,,,
1990-12-31,0.0,,,,
1991-01-01,0.0,36.05,17.95,43.83,20.98
1991-01-02,0.0,35.82,17.87,51.59,17.08
1991-01-03,0.0,34.89,16.6,48.44,18.03
1991-01-04,0.0,34.74,15.64,43.89,17.96
1991-01-05,0.0,35.07,15.95,46.75,16.91
1991-01-06,0.0,35.1,16.79,43.65,17.78
1991-01-07,0.01,33.68,17.51,44.06,20.86
1991-01-08,0.0,33.28,16.91,43.15,21.79
1991-01-09,0.0,32.17,17.86,42.4,22.87
1991-01-10,0.03,34.34,17.9,46.7,25.05
1991-01-11,0.0,36.24,18.22,57.97,22.99
1991-01-12,0.0,37.07,18.66,43.47,19.83
1991-01-13,0.0,36.2,18.47,42.73,19.22
1991-01-14,0.0,34.93,18.49,45.13,20.34
1991-01-15,0.0,33.5,17.82,49.53,21.4
1991-01-16,0.0,33.82,17.63,41.22,19.95
1991-01-17,0.0,30.5,19.12,58.58,31.36
1991-01-18,0.0,36.8,19.16,60.63,28.7
1991-01-19,0.0,34.42,18.09,73.46,34.96
1991-01-20,0.0,29.62,16.77,90.18,48.11
1991-01-21,0.0,30.46,16.68,84.49,42.71
1991-01-22,0.0,30.98,16.82,82.67,43.03
1991-01-23,0.0,27.8,16.96,84.01,48.64
1991-01-24,0.01,28.9,17.07,89.28,51.37
1991-01-25,0.0,31.62,15.85,91.42,41.0
1991-01-26,0.0,36.25,18.34,62.13,28.54
1991-01-27,0.0,36.84,19.28,57.83,26.51
1991-01-28,0.0,37.27,18.3,56.43,22.96
1991-01-29,0.0,37.91,18.31,52.21,20.25
1991-01-30,0.0,37.84,19.04,56.1,17.67
1991-01-31,0.0,36.31,19.06,63.59,26.9
1991-02-01,0.0,38.48,19.89,80.61,14.87
1991-02-02,0.0,37.56,22.33,35.06,17.81
1991-02-03,0.0,34.7,21.8,28.78,15.95
1991-02-04,0.0,33.44,19.12,35.46,16.29
1991-02-05,0.01,33.94,17.28,45.86,17.89
1991-02-06,0.0,33.28,16.58,43.78,18.45
1991-02-07,0.0,36.67,17.08,44.85,17.37
1991-02-08,0.0,36.26,17.85,48.66,16.55
1991-02-09,0.0,37.56,18.15,38.69,16.26
1991-02-10,0.0,36.46,18.65,48.97,16.35
1991-02-11,0.0,37.26,19.6,38.32,16.14
1991-02-12,0.0,37.24,18.65,43.82,17.1
1991-02-13,0.0,34.09,17.3,80.12,34.1
1991-02-14,0.0,30.4,15.58,97.64,38.42
1991-02-15,0.0,32.88,15.37,85.11,31.09
1991-02-16,0.0,34.17,16.3,56.35,23.68
1991-02-17,0.0,33.66,15.58,55.34,23.66
1991-02-18,0.0,33.86,16.94,58.75,30.47
1991-02-19,0.0,33.15,18.34,67.91,25.17
1991-02-20,0.0,33.24,17.43,65.49,21.99
1991-02-21,0.0,37.13,18.54,45.28,19.47
1991-02-22,0.0,38.08,18.35,60.52,22.52
1991-02-23,0.0,39.77,19.2,63.1,17.27
1991-02-24,0.0,40.28,19.95,45.66,14.17
1991-02-25,0.0,38.86,20.41,36.28,11.44
1991-02-26,0.0,36.46,18.76,32.97,12.02
1991-02-27,0.0,36.16,16.78,36.39,12.71
1991-02-28,0.0,37.6,18.86,32.69,13.08
1991-03-01,0.0,37.84,18.77,35.59,12.81
1991-03-02,0.0,37.87,18.54,36.84,13.59
1991-03-03,0.0,38.73,19.09,43.14,16.25
1991-03-04,0.0,36.61,18.45,64.97,28.36
1991-03-05,0.01,34.98,18.27,82.14,35.59
1991-03-06,0.01,33.34,17.79,86.51,43.91
1991-03-07,0.0,31.76,16.44,96.52,38.86
1991-03-08,0.0,33.72,16.76,88.55,40.2
1991-03-09,0.0,36.0,18.25,79.64,38.8
1991-03-10,0.0,37.61,18.5,95.13,36.27
1991-03-11,0.0,36.76,17.9,93.81,37.63
1991-03-12,0.0,40.61,19.07,85.73,18.72
1991-03-13,0.0,38.34,19.54,65.11,23.31
1991-03-14,0.0,36.93,18.54,66.71,22.58
1991-03-15,0.0,36.35,18.31,57.78,24.14
1991-03-16,0.0,37.49,18.76,56.67,21.98
1991-03-17,0.0,39.22,19.19,60.18,18.54
1991-03-18,0.0,41.28,20.32,50.43,15.56
1991-03-19,0.0,40.93,21.13,36.96,13.5
1991-03-20,0.0,41.02,20.6,39.26,14.46
1991-03-21,0.0,40.01,20.39,53.49,16.22
1991-03-22,0.0,39.28,20.32,56.3,15.45
1991-03-23,0.0,38.44,19.48,55.79,19.8
1991-03-24,0.0,38.88,21.41,44.05,21.3
1991-03-25,0.0,37.75,19.92,55.14,22.03
1991-03-26,0.0,36.29,17.83,71.87,24.49
1991-03-27,0.0,34.48,17.5,87.7,35.85
1991-03-28,0.0,33.78,17.37,92.04,41.57
1991-03-29,0.0,34.96,17.72,81.8,32.63
1991-03-30,0.0,35.82,18.34,81.53,36.24
1991-03-31,0.0,33.1,17.34,84.06,39.31
1991-04-01,0.0,31.71,16.67,91.62,42.61
1991-04-02,0.0,33.55,16.91,91.55,41.55
1991-04-03,0.0,36.53,17.36,92.41,27.41
1991-04-04,0.0,40.01,20.41,58.14,14.82
1991-04-05,0.0,39.19,20.72,34.34,11.3
1991-04-06,0.0,38.7,17.82,74.64,15.74
1991-04-07,0.0,39.32,18.14,81.85,21.4
1991-04-08,0.0,40.89,19.56,69.58,14.55
1991-04-09,0.0,38.41,19.32,64.71,22.48
1991-04-10,0.0,33.82,18.15,88.49,39.63
1991-04-11,0.0,33.78,18.16,99.79,46.81
1991-04-12,0.0,34.84,18.0,100.0,39.58
1991-04-13,0.0,36.07,18.11,98.19,35.29
1991-04-14,0.0,35.15,18.4,95.08,38.56
1991-04-15,0.0,36.51,18.35,96.24,32.56
1991-04-16,0.0,36.34,18.68,81.18,32.06
1991-04-17,0.0,35.43,19.4,85.61,38.79
1991-04-18,0.0,35.94,18.65,90.36,37.04
1991-04-19,0.0,37.66,19.71,77.42,29.13
1991-04-20,0.0,38.7,20.4,76.84,27.82
1991-04-21,0.0,38.22,20.21,72.04,28.53
1991-04-22,0.0,37.39,19.1,90.95,32.8
1991-04-23,0.0,39.51,19.75,84.41,27.83
1991-04-24,0.0,36.41,20.37,88.14,43.53
1991-04-25,0.0,38.47,20.71,93.59,38.05
1991-04-26,0.0,41.04,20.55,97.49,24.24
1991-04-27,0.0,41.3,21.57,67.15,17.1
1991-04-28,0.0,36.94,20.29,71.31,32.14
1991-04-29,0.0,35.13,18.69,85.79,38.44
1991-04-30,0.0,35.92,18.64,98.37,41.19
1991-05-01,0.0,35.07,19.34,94.75,41.0
1991-05-02,0.0,34.79,20.39,98.84,47.18
1991-05-03,0.0,35.17,20.58,93.35,42.25
1991-05-04,0.0,34.82,20.1,99.99,44.7
1991-05-05,0.0,36.07,19.56,91.77,37.29
1991-05-06,0.01,35.16,19.55,90.33,39.7
1991-05-07,0.0,35.18,19.34,95.41,40.18
1991-05-08,0.0,34.95,19.86,88.28,38.44
1991-05-09,0.0,37.16,19.63,87.93,31.36
1991-05-10,0.0,39.29,21.27,67.68,22.07
1991-05-11,0.0,39.37,22.13,55.04,21.71
1991-05-12,0.0,39.72,22.43,53.95,18.2
1991-05-13,0.0,36.85,20.81,67.85,27.72
1991-05-14,0.0,36.33,19.89,76.15,27.68
1991-05-15,0.0,37.53,19.86,92.97,31.74
1991-05-16,0.0,41.4,21.12,79.69,19.26
1991-05-17,0.0,37.0,21.62,81.5,37.05
1991-05-18,0.0,34.49,21.15,99.79,48.63
1991-05-19,0.0,35.16,20.04,98.37,38.03
1991-05-20,0.0,35.85,20.6,91.83,32.37
1991-05-21,0.0,34.65,19.42,92.29,39.61
1991-05-22,0.0,34.38,19.54,99.42,44.87
1991-05-23,0.0,33.76,20.08,100.0,51.72
1991-05-24,0.0,31.73,19.91,100.0,52.87
1991-05-25,0.0,33.37,21.14,96.39,51.51
1991-05-26,0.0,33.73,19.77,100.0,50.18
1991-05-27,0.0,33.82,19.79,99.49,47.25
1991-05-28,0.0,33.25,19.69,98.71,49.2
1991-05-29,0.0,32.41,19.36,98.56,46.7
1991-05-30,0.0,33.47,19.55,90.56,45.29
1991-05-31,0.0,33.27,20.58,100.0,52.9
1991-06-01,0.79,34.04,22.71,90.59,53.41
1991-06-02,0.0,34.05,23.11,97.01,52.89
1991-06-03,0.0,33.94,23.13,95.62,53.24
1991-06-04,2.22,37.15,23.51,97.04,46.09
1991-06-05,0.0,36.84,24.29,94.37,40.85
1991-06-06,0.0,41.63,24.67,86.18,23.08
1991-06-07,0.0,41.21,26.99,75.94,25.81
1991-06-08,0.0,35.28,24.17,94.16,48.99
1991-06-09,0.0,35.49,24.2,95.79,52.64
1991-06-10,0.0,34.22,24.2,97.69,57.22
1991-06-11,0.0,34.27,23.78,97.81,57.65
1991-06-12,0.0,34.26,24.08,97.78,56.18
1991-06-13,0.0,34.29,23.53,98.37,53.5
1991-06-14,0.0,33.81,22.78,93.34,45.47
1991-06-15,0.0,34.85,22.07,84.79,39.18
1991-06-16,0.0,35.1,22.81,89.73,48.56
1991-06-17,0.0,35.85,23.67,98.56,50.11
1991-06-18,0.0,35.84,23.21,97.72,44.05
1991-06-19,1.37,34.14,23.35,92.08,52.7
1991-06-20,4.63,33.12,24.63,88.26,57.08
1991-06-21,0.0,33.63,23.15,99.11,61.4
1991-06-22,0.0,33.06,22.84,97.47,52.91
1991-06-23,0.0,34.1,23.16,89.36,50.12
1991-06-24,0.0,34.82,23.63,88.6,47.79
1991-06-25,0.0,34.06,24.07,83.24,49.59
1991-06-26,0.0,34.75,24.49,87.79,49.89
1991-06-27,0.0,34.47,23.29,98.19,46.82
1991-06-28,0.0,33.27,23.28,86.31,53.41
1991-06-29,0.0,34.5,24.06,85.92,48.07
1991-06-30,0.0,34.64,24.35,81.25,46.08
1991-07-01,0.0,34.21,24.3,85.78,54.7
1991-07-02,0.0,33.99,24.39,87.64,53.61
1991-07-03,0.0,34.62,24.05,85.16,51.77
1991-07-04,0.42,33.47,24.01,86.81,52.72
1991-07-05,0.08,32.48,22.85,99.84,65.84
1991-07-06,0.0,32.77,23.74,95.81,68.12
1991-07-07,0.18,32.96,24.14,92.56,58.7
1991-07-08,0.0,35.6,24.51,86.64,52.93
1991-07-09,10.87,34.86,25.03,98.88,58.54
1991-07-10,37.24,31.33,23.82,99.81,74.45
1991-07-11,13.56,30.55,22.67,99.55,77.27
1991-07-12,0.09,28.42,23.4,99.41,80.79
1991-07-13,2.07,30.38,23.74,99.55,78.45
1991-07-14,0.04,31.57,23.8,96.72,72.93
1991-07-15,0.0,29.6,23.39,97.87,74.57
1991-07-16,0.0,29.84,23.26,94.89,73.5
1991-07-17,0.12,28.13,23.82,98.73,78.59
1991-07-18,1.61,31.45,23.23,99.1,71.32
1991-07-19,0.13,30.57,24.03,98.72,73.73
1991-07-20,0.63,30.29,24.27,96.26,71.53
1991-07-21,1.37,31.54,24.46,91.98,68.72
1991-07-22,16.06,29.29,24.06,99.57,80.14
1991-07-23,1.7,30.83,23.3,99.53,74.77
1991-07-24,25.31,29.52,23.6,99.58,79.0
1991-07-25,0.0,29.94,23.54,99.28,69.17
1991-07-26,1.23,31.08,23.12,92.88,66.63
1991-07-27,32.01,27.62,23.08,100.0,85.48
1991-07-28,24.08,30.13,22.59,99.81,70.19
1991-07-29,0.0,30.15,23.49,99.0,75.52
1991-07-30,2.93,29.71,24.32,97.95,73.7
1991-07-31,23.37,26.81,23.07,99.86,89.15
1991-08-01,7.27,28.52,22.77,99.7,80.89
1991-08-02,0.37,29.96,23.32,97.84,80.82
1991-08-03,0.01,31.73,23.95,99.96,70.2
1991-08-04,0.0,31.16,23.86,95.16,72.91
1991-08-05,0.0,30.43,24.08,96.92,75.16
1991-08-06,0.05,31.79,23.97,98.11,70.32
1991-08-07,3.92,31.7,24.65,97.46,70.98
1991-08-08,4.08,31.31,24.0,95.85,67.62
1991-08-09,9.97,30.22,23.53,99.6,76.46
1991-08-10,0.13,30.71,23.68,98.98,74.89
1991-08-11,0.46,32.14,24.49,94.77,68.79
1991-08-12,1.63,32.67,24.56,91.84,63.13
1991-08-13,20.67,30.01,24.11,99.09,75.26
1991-08-14,3.59,29.92,23.51,99.16,78.69
1991-08-15,32.32,32.15,23.89,98.22,68.78
1991-08-16,43.81,28.99,23.02,99.86,81.79
1991-08-17,8.28,29.9,23.39,98.6,74.98
1991-08-18,12.0,29.61,23.6,98.9,79.88
1991-08-19,2.81,29.66,23.79,99.72,79.68
1991-08-20,5.64,30.9,23.58,99.53,71.48
1991-08-21,6.99,31.66,23.75,98.48,68.83
1991-08-22,31.77,31.56,23.95,99.92,72.08
1991-08-23,0.33,30.37,23.59,98.99,70.93
1991-08-24,0.0,30.83,23.39,96.0,73.85
1991-08-25,19.47,30.19,23.71,98.43,80.3
1991-08-26,1.28,30.42,23.42,99.4,80.85
1991-08-27,0.0,31.93,24.77,98.84,70.67
1991-08-28,0.0,31.78,23.93,93.49,68.9
1991-08-29,11.07,31.46,24.23,99.32,73.06
1991-08-30,8.82,29.79,23.2,99.14,78.55
1991-08-31,16.36,30.25,23.59,95.34,72.8
1991-09-01,43.31,30.74,22.7,99.85,78.06
1991-09-02,9.27,29.84,22.41,99.7,77.86
1991-09-03,0.0,30.54,23.09,99.37,74.53
1991-09-04,34.32,29.7,23.08,99.54,81.88
1991-09-05,0.01,30.26,22.85,99.5,78.83
1991-09-06,0.0,31.95,23.52,99.63,72.05
1991-09-07,2.66,32.31,23.26,99.63,70.57
1991-09-08,0.7,29.95,23.36,99.85,80.01
1991-09-09,10.96,31.69,23.2,97.89,73.74
1991-09-10,3.68,32.13,23.4,99.83,74.55
1991-09-11,7.12,31.68,23.45,98.43,71.53
1991-09-12,0.0,32.74,23.59,97.29,69.63
1991-09-13,0.0,32.28,24.09,95.42,71.53
1991-09-14,1.99,31.59,23.39,97.21,74.61
1991-09-15,0.03,31.68,23.06,99.91,72.38
1991-09-16,0.0,31.7,23.63,96.95,72.45
1991-09-17,0.02,32.68,23.81,97.13,68.93
1991-09-18,0.0,32.98,24.21,93.96,67.73
1991-09-19,19.38,31.43,23.76,95.85,73.8
1991-09-20,11.04,32.48,23.24,95.53,68.98
1991-09-21,12.84,31.56,23.06,99.98,73.32
1991-09-22,0.0,32.6,23.74,97.69,71.99
1991-09-23,0.0,33.14,24.04,99.04,65.7
1991-09-24,0.0,35.08,24.9,93.3,57.05
1991-09-25,0.0,32.65,24.28,92.48,65.24
1991-09-26,23.22,34.68,24.37,96.18,58.79
1991-09-27,0.0,31.81,23.01,96.47,72.27
1991-09-28,0.0,33.04,23.81,97.93,64.24
1991-09-29,0.0,35.68,23.94,93.48,50.39
1991-09-30,0.0,36.45,25.03,89.44,49.0
1991-10-01,0.0,35.3,24.86,95.86,60.67
1991-10-02,0.25,33.52,24.32,99.99,67.06
1991-10-03,0.0,34.11,23.55,99.58,57.31
1991-10-04,0.0,36.28,24.26,92.32,46.3
1991-10-05,4.78,35.57,24.97,94.1,58.87
1991-10-06,0.23,30.45,22.82,99.69,81.25
1991-10-07,3.81,27.54,22.55,99.71,88.57
1991-10-08,8.75,28.92,21.97,99.68,85.37
1991-10-09,1.61,30.97,22.2,99.81,76.53
1991-10-10,0.0,30.38,22.22,99.75,80.24
1991-10-11,1.55,30.12,23.05,99.85,81.99
1991-10-12,17.03,32.36,22.81,99.98,71.76
1991-10-13,0.02,31.95,22.29,99.4,72.8
1991-10-14,0.0,31.42,22.6,100.0,67.27
1991-10-15,0.0,33.38,23.03,99.87,59.21
1991-10-16,0.01,34.55,23.92,100.0,56.84
1991-10-17,0.0,34.9,22.88,96.17,44.68
1991-10-18,0.08,35.35,22.12,81.15,36.54
1991-10-19,10.43,31.8,22.81,100.0,58.57
1991-10-20,1.94,31.07,22.06,99.83,79.35
1991-10-21,0.0,34.07,22.89,99.99,54.53
1991-10-22,0.59,35.02,23.64,95.82,53.84
1991-10-23,0.0,34.5,23.04,100.0,53.44
1991-10-24,0.0,35.16,22.92,93.7,39.62
1991-10-25,0.0,35.08,22.43,80.87,41.1
1991-10-26,0.0,35.94,23.27,77.75,40.15
1991-10-27,0.0,36.27,23.25,85.99,40.74
1991-10-28,0.0,35.93,23.74,93.85,52.83
1991-10-29,0.01,35.29,24.18,91.73,53.9
1991-10-30,0.0,36.96,23.65,94.39,34.38
1991-10-31,0.0,37.09,23.78,87.58,35.91
1991-11-01,0.0,36.11,22.21,99.94,48.98
1991-11-02,0.0,34.59,21.37,99.48,54.14
1991-11-03,0.0,36.64,21.69,100.0,46.87
1991-11-04,0.0,36.83,22.14,99.94,47.02
1991-11-05,0.0,37.77,21.64,99.99,31.62
1991-11-06,0.0,36.34,22.04,100.0,50.79
1991-11-07,0.0,36.99,22.06,100.0,42.78
1991-11-08,0.0,38.04,22.18,99.82,33.35
1991-11-09,0.0,37.9,21.61,77.05,23.76
1991-11-10,0.0,37.15,21.35,66.79,32.1
1991-11-11,0.0,36.25,21.59,98.93,45.34
1991-11-12,0.0,36.66,20.75,99.99,28.14
1991-11-13,0.0,36.82,20.12,68.26,26.63
1991-11-14,0.0,34.39,20.22,55.75,27.31
1991-11-15,0.0,35.18,18.62,53.73,24.05
1991-11-16,0.0,34.02,19.25,54.55,25.15
1991-11-17,0.0,34.41,19.95,47.13,24.42
1991-11-18,0.0,35.41,20.02,51.8,23.89
1991-11-19,0.0,36.86,21.18,62.31,24.63
1991-11-20,0.01,35.66,21.22,64.56,22.17
1991-11-21,0.0,35.85,19.41,66.0,25.17
1991-11-22,0.0,36.97,19.84,99.31,23.24
1991-11-23,0.01,37.22,19.95,62.49,20.57
1991-11-24,0.0,36.95,20.4,54.05,22.14
1991-11-25,0.01,36.7,21.56,60.26,27.96
1991-11-26,0.0,36.64,20.91,45.97,21.21
1991-11-27,0.0,36.09,20.46,58.35,24.25
1991-11-28,0.0,33.21,18.63,67.57,31.5
1991-11-29,0.0,34.67,19.4,67.92,30.11
1991-11-30,0.0,34.44,20.01,64.39,28.75
1991-12-01,0.0,36.37,17.99,74.49,23.26
1991-12-02,0.0,36.86,18.7,94.35,27.64
1991-12-03,0.0,36.47,19.1,95.0,33.43
1991-12-04,0.07,36.01,19.13,95.3,23.17
1991-12-05,0.0,32.64,20.12,97.48,51.02
1991-12-06,0.0,32.25,19.69,99.26,69.6
1991-12-07,0.0,29.81,19.86,98.88,90.53
1991-12-08,0.0,33.46,19.2,97.87,63.64
1991-12-09,0.0,33.99,19.45,97.22,45.28
1991-12-10,0.0,34.03,19.23,79.92,39.86
1991-12-11,0.0,34.18,19.23,92.95,38.76
1991-12-12,0.0,33.7,18.62,79.65,36.63
1991-12-13,0.01,35.55,19.01,69.6,35.0
1991-12-14,0.0,37.39,19.95,56.68,21.52
1991-12-15,0.0,36.89,19.34,47.68,20.92
1991-12-16,0.0,36.44,18.9,49.54,20.82
1991-12-17,0.01,34.58,18.2,46.11,23.2
1991-12-18,0.0,35.07,17.78,52.52,24.52
1991-12-19,0.0,35.1,17.71,54.65,25.53
1991-12-20,0.0,35.55,19.14,77.82,25.79
1991-12-21,0.01,33.58,19.67,73.09,24.98
1991-12-22,0.0,35.43,19.19,60.65,22.79
1991-12-23,0.0,36.07,18.14,68.32,21.14
1991-12-24,0.0,36.1,17.43,43.55,15.93
1991-12-25,0.0,34.14,16.56,38.99,15.72
1991-12-26,0.0,33.49,15.68,41.74,15.45
1991-12-27,0.0,34.52,17.08,39.11,16.93
1991-12-28,0.0,35.03,17.69,45.8,19.74
1991-12-29,0.01,34.92,17.88,46.79,23.12
1991-12-30,0.01,34.32,18.16,45.94,22.47
1991-12-31,0.0,34.55,18.66,41.34,20.6
1992-01-01,0.0,31.62,16.69,67.88,23.08
1992-01-02,0.0,36.03,17.21,43.82,15.63
1992-01-03,0.0,36.98,18.36,40.1,18.14
1992-01-04,0.0,36.67,18.21,44.33,19.57
1992-01-05,0.0,36.35,19.51,38.55,17.24
1992-01-06,0.0,37.22,18.14,38.69,13.75
1992-01-07,0.0,34.24,18.3,30.61,12.88
1992-01-08,0.03,34.64,17.34,44.64,15.24
1992-01-09,0.03,33.07,17.2,78.44,23.46
1992-01-10,0.0,33.68,16.35,86.46,17.76
1992-01-11,0.0,32.16,15.78,71.74,19.47
1992-01-12,0.0,32.55,16.18,65.21,23.92
1992-01-13,0.0,32.6,18.29,90.92,40.42
1992-01-14,0.0,35.98,17.23,99.12,16.3
1992-01-15,0.0,36.14,17.84,51.43,17.44
1992-01-16,0.0,35.65,17.19,47.72,20.31
1992-01-17,0.0,35.89,16.52,69.22,21.26
1992-01-18,0.0,34.81,17.45,78.03,27.73
1992-01-19,0.0,31.11,16.61,99.62,47.21
1992-01-20,0.0,29.58,16.51,95.7,53.03
1992-01-21,0.0,31.33,16.31,98.43,51.64
1992-01-22,0.0,32.15,16.29,93.0,30.87
1992-01-23,0.0,34.1,16.11,56.05,21.45
1992-01-24,0.0,36.78,17.29,66.25,31.97
1992-01-25,0.0,37.76,18.75,87.59,33.71
1992-01-26,0.0,38.05,20.26,61.0,26.73
1992-01-27,0.0,36.24,20.26,61.51,29.86
1992-01-28,0.0,35.54,19.58,87.14,41.13
1992-01-29,0.0,34.16,19.17,98.9,52.3
1992-01-30,0.0,32.89,19.44,97.78,59.06
1992-01-31,0.0,32.21,19.06,98.76,57.53
1992-02-01,0.0,31.68,18.16,94.96,52.47
1992-02-02,0.01,30.89,16.83,98.23,44.12
1992-02-03,0.0,32.4,18.87,84.82,43.61
1992-02-04,0.0,35.17,18.95,87.11,42.12
1992-02-05,0.0,34.24,18.81,85.78,42.08
1992-02-06,0.0,34.24,18.4,87.52,37.21
1992-02-07,0.0,35.41,18.3,80.95,31.39
1992-02-08,0.0,38.4,20.47,71.03,24.34
1992-02-09,0.0,37.13,20.21,47.18,22.16
1992-02-10,0.0,35.88,20.12,44.25,23.79
1992-02-11,0.0,34.74,21.04,47.87,24.93
1992-02-12,0.0,29.14,19.38,89.28,35.16
1992-02-13,0.01,31.43,16.57,100.0,49.72
1992-02-14,0.43,32.04,17.86,90.43,36.65
1992-02-15,0.04,38.52,18.68,64.57,23.0
1992-02-16,0.0,40.04,20.29,53.64,18.59
1992-02-17,0.0,40.04,19.77,54.06,14.8
1992-02-18,0.0,39.15,19.16,48.27,15.41
1992-02-19,0.0,37.52,18.46,63.26,20.01
1992-02-20,0.0,36.59,18.03,93.65,29.17
1992-02-21,0.0,33.5,17.37,100.0,44.71
1992-02-22,0.0,31.33,17.29,99.1,58.57
1992-02-23,0.0,34.04,17.77,99.77,40.94
1992-02-24,0.0,35.29,17.41,76.18,29.52
1992-02-25,0.0,34.74,17.13,74.04,30.8
1992-02-26,0.0,33.93,17.44,76.85,32.98
1992-02-27,0.0,33.28,17.3,83.82,37.4
1992-02-28,0.0,33.54,16.58,89.53,39.07
1992-02-29,0.0,31.86,16.33,73.28,33.53
1992-03-01,0.0,33.83,15.78,71.88,23.79
1992-03-02,0.0,35.68,17.58,56.65,25.04
1992-03-03,0.0,35.02,17.69,72.15,29.76
1992-03-04,0.0,36.64,18.5,64.67,26.78
1992-03-05,0.0,37.4,19.07,48.54,22.4
1992-03-06,0.0,38.91,19.65,41.88,14.89
1992-03-07,0.0,39.72,19.09,42.53,14.75
1992-03-08,0.0,40.75,19.63,47.35,14.34
1992-03-09,0.0,40.27,20.2,46.42,16.23
1992-03-10,0.0,40.17,20.28,49.05,17.18
1992-03-11,0.0,39.6,19.95,52.64,17.92
1992-03-12,0.0,38.37,19.68,53.77,16.67
1992-03-13,0.0,37.45,19.15,38.87,16.51
1992-03-14,0.0,37.47,20.44,40.76,17.07
1992-03-15,0.02,37.01,21.52,32.64,14.38
1992-03-16,0.0,36.37,21.59,31.23,12.02
1992-03-17,0.0,36.85,20.82,30.38,12.44
1992-03-18,0.0,37.67,21.12,41.94,12.82
1992-03-19,0.0,37.05,19.29,68.22,24.71
1992-03-20,0.0,37.21,17.77,73.5,21.62
1992-03-21,0.0,39.61,18.33,65.11,15.09
1992-03-22,0.0,39.56,20.29,49.66,12.26
1992-03-23,0.0,39.14,21.02,32.99,13.57
1992-03-24,0.0,38.16,19.88,43.15,19.31
1992-03-25,0.0,38.27,18.94,63.8,19.98
1992-03-26,0.0,38.83,20.08,64.44,19.94
1992-03-27,0.0,37.36,19.44,81.3,23.27
1992-03-28,0.0,40.77,21.62,65.63,16.65
1992-03-29,0.0,40.55,21.45,53.0,16.27
1992-03-30,0.0,40.1,20.69,69.55,22.52
1992-03-31,0.0,36.6,18.86,85.09,34.71
1992-04-01,0.0,36.78,18.64,77.12,30.05
1992-04-02,0.11,36.41,18.83,81.57,30.99
1992-04-03,0.0,38.85,20.15,71.32,28.35
1992-04-04,0.0,39.02,21.07,62.17,20.28
1992-04-05,0.0,36.68,21.59,53.63,25.88
1992-04-06,0.0,38.18,19.46,73.95,18.85
1992-04-07,0.0,38.96,21.7,36.39,14.78
1992-04-08,0.0,40.37,21.4,46.43,13.5
1992-04-09,0.0,37.9,19.51,63.98,19.71
1992-04-10,0.0,35.72,18.87,74.12,30.36
1992-04-11,0.0,35.22,18.0,92.3,35.65
1992-04-12,0.0,35.87,18.27,94.73,36.6
1992-04-13,0.0,39.88,18.93,86.22,26.11
1992-04-14,0.0,41.96,21.12,71.44,17.17
1992-04-15,0.01,42.04,22.0,75.81,15.06
1992-04-16,0.0,41.66,21.79,63.24,10.87
1992-04-17,0.0,40.24,21.12,59.51,17.83
1992-04-18,0.0,40.4,19.91,75.28,17.39
1992-04-19,0.0,39.6,20.44,73.97,24.85
1992-04-20,0.0,39.8,20.14,74.2,22.37
1992-04-21,0.0,38.01,20.1,67.98,26.35
1992-04-22,0.0,34.93,19.15,79.93,33.2
1992-04-23,0.0,33.02,18.25,94.52,41.13
1992-04-24,0.0,33.66,18.42,97.21,42.25
1992-04-25,0.0,38.11,19.79,87.76,30.18
1992-04-26,0.0,41.59,20.39,83.39,20.62
1992-04-27,0.0,38.9,21.21,87.86,27.2
1992-04-28,0.0,37.38,19.88,89.27,30.52
1992-04-29,0.01,34.38,19.24,98.44,40.9
1992-04-30,0.0,34.3,19.1,99.52,42.64
1992-05-01,0.0,32.78,18.97,90.44,37.91
1992-05-02,0.0,33.39,19.36,100.0,45.49
1992-05-03,0.0,34.06,20.0,95.47,42.1
1992-05-04,0.0,36.76,20.69,87.06,28.83
1992-05-05,0.0,37.01,22.21,71.88,27.3
1992-05-06,0.0,37.88,21.25,56.66,22.15
1992-05-07,0.0,40.06,23.66,66.19,24.8
1992-05-08,0.0,36.82,22.27,86.94,40.75
1992-05-09,0.0,37.54,21.62,98.88,37.12
1992-05-10,0.0,37.55,21.21,97.53,36.84
1992-05-11,0.0,32.81,21.22,97.7,52.71
1992-05-12,0.0,33.95,20.39,97.76,45.04
1992-05-13,0.0,35.72,20.09,100.0,40.25
1992-05-14,0.0,32.9,20.55,99.99,53.47
1992-05-15,0.0,33.04,20.94,97.45,52.64
1992-05-16,0.0,32.47,21.19,97.72,53.98
1992-05-17,0.0,33.33,21.38,97.12,51.14
1992-05-18,0.0,32.52,21.8,95.41,53.17
1992-05-19,0.0,33.33,22.15,98.55,57.33
1992-05-20,0.0,35.24,21.83,95.4,47.65
1992-05-21,0.0,34.54,21.47,92.55,46.95
1992-05-22,0.0,35.0,20.64,99.18,42.93
1992-05-23,0.0,36.94,21.36,91.22,38.87
1992-05-24,0.01,35.08,21.61,85.2,39.92
1992-05-25,0.0,33.61,21.34,99.81,50.94
1992-05-26,0.0,34.32,22.56,97.28,51.49
1992-05-27,0.05,34.06,22.62,97.68,59.58
1992-05-28,0.0,33.66,21.34,98.21,59.85
1992-05-29,0.0,37.86,22.51,89.63,32.99
1992-05-30,0.13,35.75,23.34,97.42,53.58
1992-05-31,0.81,30.17,21.7,99.38,81.41
1992-06-01,0.0,32.65,23.13,98.45,55.37
1992-06-02,0.0,40.45,22.93,90.41,25.58
1992-06-03,0.0,34.16,24.28,95.18,55.01
1992-06-04,0.0,34.02,23.41,99.29,54.42
1992-06-05,0.0,35.44,24.47,84.88,45.4
1992-06-06,0.79,36.11,23.74,91.91,47.41
1992-06-07,13.57,31.52,23.53,98.05,71.85
1992-06-08,0.0,32.63,22.81,99.5,64.1
1992-06-09,0.06,31.63,23.07,98.84,70.53
1992-06-10,0.0,33.99,23.19,99.04,57.25
1992-06-11,0.0,34.0,24.18,93.73,53.19
1992-06-12,0.0,34.85,23.18,96.11,49.21
1992-06-13,0.0,33.47,23.99,92.75,58.8
1992-06-14,0.0,33.5,23.64,93.28,46.8
1992-06-15,0.0,35.11,23.12,87.85,40.96
1992-06-16,0.01,35.74,23.83,84.29,38.99
1992-06-17,0.0,34.66,23.89,88.22,50.48
1992-06-18,0.0,33.97,24.43,94.34,51.33
1992-06-19,0.0,34.14,24.21,86.67,53.2
1992-06-20,0.0,34.26,25.02,93.39,58.01
1992-06-21,0.1,30.56,23.72,97.73,78.59
1992-06-22,0.0,31.76,23.64,98.57,67.85
1992-06-23,0.0,35.03,22.95,94.47,45.17
1992-06-24,0.0,33.2,23.45,92.79,54.46
1992-06-25,0.0,33.19,24.34,94.2,55.54
1992-06-26,0.0,32.69,24.23,93.57,59.54
1992-06-27,1.31,32.44,24.36,96.13,62.28
1992-06-28,0.0,35.26,24.05,97.31,53.2
1992-06-29,2.19,30.84,23.86,98.4,77.02
1992-06-30,0.46,30.73,23.65,97.94,74.36
1992-07-01,0.03,30.76,22.89,96.46,67.59
1992-07-02,0.07,31.38,23.68,93.44,70.39
1992-07-03,0.44,32.26,24.26,98.45,65.02
1992-07-04,0.0,31.12,22.85,91.02,61.96
1992-07-05,0.0,32.18,23.13,88.06,60.1
1992-07-06,0.0,32.68,24.09,89.96,56.11
1992-07-07,0.0,33.3,24.39,86.73,54.27
1992-07-08,0.0,32.09,24.5,85.87,62.66
1992-07-09,24.86,30.98,23.88,99.6,69.39
1992-07-10,15.58,31.6,23.38,96.26,64.51
1992-07-11,7.92,29.28,23.36,100.0,81.16
1992-07-12,0.02,30.09,23.44,99.83,74.3
1992-07-13,0.0,31.0,24.24,95.92,69.65
1992-07-14,0.1,31.88,23.04,89.51,62.17
1992-07-15,8.53,30.09,23.91,95.31,71.1
1992-07-16,32.81,28.48,23.31,99.67,84.11
1992-07-17,0.87,28.61,22.59,99.86,82.85
1992-07-18,0.0,30.44,23.38,99.86,72.27
1992-07-19,0.0,31.22,23.86,97.01,69.72
1992-07-20,0.0,30.99,24.07,91.8,66.67
1992-07-21,1.11,31.6,23.25,92.19,65.79
1992-07-22,7.83,29.46,23.28,98.02,76.93
1992-07-23,0.0,29.69,23.22,99.74,75.92
1992-07-24,4.31,29.17,23.45,98.37,76.95
1992-07-25,39.69,31.32,23.89,96.13,67.34
1992-07-26,32.83,29.42,23.28,97.7,78.51
1992-07-27,5.01,30.23,23.26,96.27,70.96
1992-07-28,35.7,28.79,23.75,99.12,77.16
1992-07-29,6.83,29.32,23.12,99.38,81.13
1992-07-30,0.0,31.05,23.75,98.43,71.93
1992-07-31,0.0,30.78,23.95,98.99,73.29
1992-08-01,10.68,32.15,23.26,92.5,64.59
1992-08-02,20.67,29.68,23.84,99.39,74.76
1992-08-03,0.0,29.97,22.93,99.49,76.68
1992-08-04,9.17,30.09,23.76,98.86,76.35
1992-08-05,0.0,29.91,23.88,95.18,74.27
1992-08-06,0.0,30.97,24.23,89.42,66.5
1992-08-07,0.0,29.33,23.83,99.75,73.35
1992-08-08,0.0,29.39,23.19,99.68,77.79
1992-08-09,0.01,31.19,22.43,99.14,72.37
1992-08-10,0.15,31.52,24.33,94.82,71.69
1992-08-11,5.74,31.2,24.25,97.26,73.22
1992-08-12,2.65,30.77,24.01,98.8,76.24
1992-08-13,10.42,30.55,23.22,98.43,75.99
1992-08-14,0.0,31.47,23.11,99.27,70.46
1992-08-15,0.86,30.94,23.91,98.88,72.49
1992-08-16,1.34,30.97,23.88,96.12,69.19
1992-08-17,0.0,29.58,23.75,98.57,80.68
1992-08-18,5.53,31.36,23.32,99.46,70.21
1992-08-19,18.29,28.11,22.99,99.42,84.41
1992-08-20,3.94,29.53,23.4,99.41,77.48
1992-08-21,0.0,31.81,23.64,99.75,71.28
1992-08-22,0.0,32.14,24.65,95.99,71.48
1992-08-23,0.44,31.07,24.77,98.64,76.46
1992-08-24,0.0,31.4,24.58,97.95,73.04
1992-08-25,26.11,28.01,23.92,99.11,84.37
1992-08-26,13.8,28.51,22.98,100.0,83.57
1992-08-27,55.43,31.57,22.88,99.89,69.26
1992-08-28,1.16,30.65,22.86,99.83,74.7
1992-08-29,0.3,31.01,23.41,99.43,74.26
1992-08-30,6.01,30.34,23.48,99.16,75.9
1992-08-31,50.32,29.5,23.49,99.57,82.81
1992-09-01,4.26,31.31,22.47,99.36,71.59
1992-09-02,44.22,30.78,23.05,99.9,72.15
1992-09-03,0.1,31.76,22.52,99.37,70.22
1992-09-04,30.84,30.56,23.39,98.32,75.42
1992-09-05,4.57,30.3,22.41,99.73,71.65
1992-09-06,2.27,31.44,23.25,94.23,70.6
1992-09-07,16.46,31.18,23.59,94.99,73.51
1992-09-08,0.08,31.59,23.22,99.84,72.47
1992-09-09,0.0,30.33,22.48,99.65,73.12
1992-09-10,1.74,31.92,23.49,96.93,70.37
1992-09-11,3.78,31.81,23.54,96.89,68.64
1992-09-12,2.6,32.16,23.47,98.56,70.81
1992-09-13,11.83,31.54,23.36,97.87,72.01
1992-09-14,0.0,32.05,23.2,98.82,71.57
1992-09-15,0.0,32.29,24.25,95.29,69.94
1992-09-16,0.0,32.04,23.59,94.73,70.89
1992-09-17,28.1,30.08,23.06,99.99,77.22
1992-09-18,26.22,30.55,22.44,99.96,75.21
1992-09-19,0.42,31.18,22.4,99.43,72.55
1992-09-20,1.37,32.15,23.36,95.75,70.88
1992-09-21,3.01,31.58,22.95,97.45,74.89
1992-09-22,14.16,30.8,22.73,99.43,77.75
1992-09-23,3.3,31.96,23.0,99.58,72.42
1992-09-24,1.58,31.86,23.25,99.35,73.29
1992-09-25,0.0,31.8,22.74,99.9,72.73
1992-09-26,0.0,33.0,23.32,99.18,69.39
1992-09-27,0.0,32.18,24.52,95.93,70.9
1992-09-28,0.0,32.83,23.74,90.46,65.62
1992-09-29,0.08,32.35,23.89,89.96,68.12
1992-09-30,0.0,32.14,23.47,94.59,69.19
1992-10-01,0.64,31.49,23.55,99.97,77.03
1992-10-02,11.68,31.77,22.31,99.77,73.81
1992-10-03,0.0,30.57,22.41,99.9,74.11
1992-10-04,0.05,32.51,22.8,99.87,69.85
1992-10-05,0.02,31.8,23.56,99.63,77.49
1992-10-06,0.0,31.92,23.02,100.0,74.4
1992-10-07,0.24,31.42,23.12,100.0,78.26
1992-10-08,0.28,32.59,22.7,99.94,67.13
1992-10-09,0.0,33.31,23.58,99.83,51.67
1992-10-10,0.0,33.64,21.96,91.1,49.38
1992-10-11,0.0,33.8,22.67,87.48,49.61
1992-10-12,0.0,32.44,22.83,98.72,61.6
1992-10-13,0.0,33.84,22.69,95.94,55.45
1992-10-14,0.0,35.52,23.52,97.13,46.89
1992-10-15,0.0,35.39,23.59,93.9,51.26
1992-10-16,0.0,34.55,23.01,97.26,49.71
1992-10-17,0.0,36.12,22.79,89.15,40.23
1992-10-18,0.0,36.88,23.79,95.96,43.43
1992-10-19,0.0,36.41,23.84,99.04,51.56
1992-10-20,0.0,36.65,24.04,95.37,48.19
1992-10-21,0.0,36.9,24.05,94.63,50.06
1992-10-22,0.0,34.71,24.1,94.35,60.35
1992-10-23,0.0,36.22,24.07,92.91,47.39
1992-10-24,0.0,35.19,22.53,83.61,31.66
1992-10-25,0.0,36.15,22.1,56.0,29.1
1992-10-26,0.0,34.82,23.63,96.21,56.15
1992-10-27,0.0,33.64,23.53,99.88,58.41
1992-10-28,0.0,36.9,23.66,85.66,34.4
1992-10-29,0.0,37.92,24.2,81.85,30.11
1992-10-30,0.0,37.09,23.42,90.61,29.36
1992-10-31,0.0,34.95,22.13,72.7,36.35
1992-11-01,0.0,34.49,20.93,100.0,54.24
1992-11-02,0.0,34.5,21.32,99.65,52.95
1992-11-03,0.06,35.71,21.48,100.0,51.81
1992-11-04,0.0,36.4,21.57,100.0,39.83
1992-11-05,0.02,35.12,21.02,99.99,53.72
1992-11-06,0.0,35.01,21.46,100.0,45.76
1992-11-07,0.03,36.11,20.43,100.0,22.65
1992-11-08,0.0,35.49,18.87,51.3,22.52
1992-11-09,0.04,35.25,19.7,61.41,23.37
1992-11-10,0.0,34.52,20.11,76.61,30.47
1992-11-11,0.03,33.0,21.5,98.12,57.55
1992-11-12,0.0,34.95,20.72,99.3,53.74
1992-11-13,0.0,34.22,21.64,99.99,59.8
1992-11-14,0.0,32.89,21.47,99.77,62.74
1992-11-15,0.0,35.93,21.34,99.86,31.65
1992-11-16,0.0,36.08,19.96,53.56,23.12
1992-11-17,0.0,35.97,19.7,68.37,27.16
1992-11-18,0.0,36.15,19.83,84.09,29.23
1992-11-19,0.0,33.01,20.07,72.7,25.2
1992-11-20,0.0,34.04,18.95,52.22,26.64
1992-11-21,0.0,34.84,18.13,54.42,26.02
1992-11-22,0.0,35.12,20.12,61.82,26.5
1992-11-23,0.0,35.81,20.81,51.93,23.42
1992-11-24,0.0,36.0,20.03,48.95,24.85
1992-11-25,0.0,35.43,20.06,76.02,27.83
1992-11-26,0.0,35.5,19.08,53.25,24.56
1992-11-27,0.0,36.1,19.83,55.34,28.88
1992-11-28,0.0,35.53,20.37,61.5,24.98
1992-11-29,0.0,33.82,19.5,50.29,24.74
1992-11-30,0.0,34.91,18.35,47.23,22.9
1992-12-01,0.0,34.73,16.75,47.63,23.24
1992-12-02,0.0,35.38,17.27,52.83,22.95
1992-12-03,0.0,34.99,17.18,53.61,20.97
1992-12-04,0.0,35.26,16.35,49.17,20.73
1992-12-05,0.0,35.41,17.27,47.18,21.38
1992-12-06,0.0,35.26,17.2,45.57,21.11
1992-12-07,0.0,35.73,16.77,47.41,20.94
1992-12-08,0.0,34.58,17.3,51.34,21.08
1992-12-09,0.0,35.64,17.12,46.75,20.67
1992-12-10,0.0,35.49,17.13,76.93,20.29
1992-12-11,0.0,33.08,17.69,64.87,24.7
1992-12-12,0.0,33.12,18.37,75.99,30.68
1992-12-13,0.0,34.1,17.62,80.87,29.5
1992-12-14,0.0,34.78,20.13,64.72,29.65
1992-12-15,0.0,37.64,19.27,60.12,19.19
1992-12-16,0.0,38.12,19.05,47.27,19.51
1992-12-17,0.0,37.72,18.55,77.24,21.18
1992-12-18,0.0,38.6,18.66,69.86,19.07
1992-12-19,0.0,36.27,18.48,92.45,33.43
1992-12-20,0.0,35.66,18.41,99.99,40.07
1992-12-21,0.0,36.07,18.15,73.44,21.28
1992-12-22,0.0,36.46,18.12,55.23,22.4
1992-12-23,0.0,33.76,17.77,65.35,32.86
1992-12-24,0.0,31.59,16.69,87.97,40.75
1992-12-25,0.0,31.47,16.86,76.04,34.1
1992-12-26,0.0,34.19,17.39,61.73,31.1
1992-12-27,0.01,34.35,17.65,54.31,26.26
1992-12-28,0.0,35.16,18.83,47.99,25.02
1992-12-29,0.0,35.57,19.83,58.02,26.48
1992-12-30,0.0,34.63,18.11,71.43,30.98
1992-12-31,0.0,34.93,18.75,59.02,31.92
1993-01-01,0.0,35.24,19.72,60.48,33.67
1993-01-02,0.0,35.12,20.18,56.42,26.52
1993-01-03,0.02,35.05,18.56,53.84,27.69
1993-01-04,0.0,35.11,19.8,52.33,28.66
1993-01-05,0.0,34.77,19.82,42.06,24.94
1993-01-06,0.0,34.29,18.31,31.53,16.84
1993-01-07,0.0,31.55,17.29,27.93,15.2
1993-01-08,0.0,30.95,15.74,28.48,16.53
1993-01-09,0.0,31.8,18.05,31.01,17.1
1993-01-10,0.0,32.93,17.46,31.53,14.57
1993-01-11,0.0,33.79,17.45,30.55,15.45
1993-01-12,0.0,34.11,16.88,36.77,17.93
1993-01-13,0.0,34.31,17.03,38.87,17.4
1993-01-14,0.0,35.12,17.04,42.56,17.39
1993-01-15,0.0,36.07,17.48,43.65,19.95
1993-01-16,0.0,36.08,17.86,50.45,19.86
1993-01-17,0.0,36.35,17.23,41.66,15.97
1993-01-18,0.0,35.63,16.93,44.24,18.91
1993-01-19,0.0,34.26,16.51,58.92,24.54
1993-01-20,0.0,33.25,16.07,87.1,30.11
1993-01-21,0.0,32.56,16.44,76.9,32.85
1993-01-22,0.0,35.84,17.45,63.28,29.3
1993-01-23,0.0,37.58,17.87,73.31,20.83
1993-01-24,0.0,35.0,17.76,73.19,36.05
1993-01-25,0.0,36.61,17.79,76.82,28.0
1993-01-26,0.0,38.6,18.46,65.4,15.1
1993-01-27,0.0,37.0,18.89,41.74,17.51
1993-01-28,0.0,34.23,17.52,33.93,18.37
1993-01-29,0.0,33.22,15.39,37.31,19.45
1993-01-30,0.0,33.33,14.64,49.15,19.21
1993-01-31,0.0,32.68,15.34,60.83,20.93
1993-02-01,0.0,33.53,16.55,74.19,18.74
1993-02-02,0.0,29.29,18.8,62.19,26.92
1993-02-03,0.0,32.74,16.19,87.56,38.34
1993-02-04,0.0,32.99,17.34,55.98,29.8
1993-02-05,0.0,34.28,17.53,47.6,27.61
1993-02-06,0.0,33.91,17.65,48.79,24.14
1993-02-07,0.0,32.47,18.16,44.87,24.88
1993-02-08,0.0,35.46,18.85,44.51,18.22
1993-02-09,0.0,40.45,21.34,37.55,11.26
1993-02-10,0.0,39.4,20.3,38.62,12.1
1993-02-11,0.0,39.75,19.24,64.89,10.22
1993-02-12,0.0,40.33,20.5,34.17,11.48
1993-02-13,0.0,39.05,19.89,63.47,15.96
1993-02-14,0.06,38.45,19.13,56.23,18.7
1993-02-15,0.0,38.33,18.79,46.24,16.24
1993-02-16,0.0,37.75,18.74,56.99,21.4
1993-02-17,0.0,37.51,18.45,66.67,18.35
1993-02-18,0.0,37.91,18.54,66.29,19.4
1993-02-19,0.0,35.04,17.18,77.93,31.04
1993-02-20,0.0,33.68,17.38,77.04,41.32
1993-02-21,0.0,33.28,17.31,92.94,44.21
1993-02-22,0.0,31.4,16.16,88.3,40.85
1993-02-23,0.0,30.55,15.05,85.84,39.88
1993-02-24,0.0,33.91,15.15,82.52,30.7
1993-02-25,0.0,37.08,17.0,71.79,22.78
1993-02-26,0.0,38.54,18.36,64.99,22.14
1993-02-27,0.0,38.93,19.61,49.53,19.56
1993-02-28,0.0,36.52,18.23,66.34,24.02
1993-03-01,0.0,32.49,16.39,78.21,35.65
1993-03-02,0.0,32.49,16.48,97.65,44.03
1993-03-03,0.0,29.3,16.78,99.97,57.48
1993-03-04,0.0,34.64,18.85,86.7,34.76
1993-03-05,0.0,36.78,18.71,68.93,26.95
1993-03-06,0.0,37.44,19.88,69.56,25.79
1993-03-07,0.0,37.5,19.37,66.22,25.18
1993-03-08,0.0,36.38,18.91,64.37,27.28
1993-03-09,0.0,36.39,17.9,75.18,28.41
1993-03-10,0.0,35.04,17.49,77.26,25.65
1993-03-11,0.0,34.87,17.56,75.64,28.12
1993-03-12,0.0,37.6,17.88,73.53,23.94
1993-03-13,0.0,39.46,19.34,57.15,19.42
1993-03-14,0.02,40.46,20.47,39.95,16.13
1993-03-15,0.0,36.67,18.8,75.72,25.49
1993-03-16,0.0,31.32,17.9,86.98,37.59
1993-03-17,0.03,34.75,19.26,89.17,43.71
1993-03-18,0.0,36.47,18.99,84.75,38.71
1993-03-19,0.0,38.21,20.13,79.33,30.06
1993-03-20,0.0,36.32,19.0,90.33,37.17
1993-03-21,0.0,37.26,20.03,91.68,43.05
1993-03-22,0.0,36.5,19.31,98.83,40.43
1993-03-23,0.0,39.78,18.39,84.46,15.72
1993-03-24,0.0,41.11,20.08,63.4,13.1
1993-03-25,0.0,36.19,18.92,96.75,42.79
1993-03-26,0.0,32.78,18.54,100.0,58.62
1993-03-27,0.0,37.86,18.79,99.63,32.33
1993-03-28,0.0,40.77,19.41,75.88,19.38
1993-03-29,0.0,37.62,19.52,61.49,25.49
1993-03-30,0.0,36.36,18.51,69.93,30.11
1993-03-31,0.0,36.34,18.25,77.4,30.92
1993-04-01,0.0,35.44,18.62,80.62,33.41
1993-04-02,0.0,37.08,18.41,86.13,25.9
1993-04-03,0.0,37.87,19.73,79.86,24.73
1993-04-04,0.0,37.0,19.74,78.12,29.71
1993-04-05,0.0,37.15,19.37,79.24,32.37
1993-04-06,0.0,39.83,20.28,71.11,25.48
1993-04-07,0.0,40.5,20.55,64.04,21.93
1993-04-08,0.0,35.73,20.81,97.18,49.38
1993-04-09,0.0,36.97,19.99,99.18,40.12
1993-04-10,0.0,37.56,20.03,99.94,39.75
1993-04-11,0.0,35.21,19.61,100.0,42.85
1993-04-12,0.0,35.73,19.72,94.54,42.47
1993-04-13,0.0,34.58,19.44,90.93,36.55
1993-04-14,0.0,34.75,18.77,89.15,36.78
1993-04-15,0.0,36.25,19.89,98.63,40.06
1993-04-16,0.0,38.27,20.15,98.51,36.57
1993-04-17,0.0,40.96,21.45,80.47,26.86
1993-04-18,0.0,40.5,22.38,59.63,25.05
1993-04-19,0.0,39.08,20.88,62.18,21.82
1993-04-20,0.0,36.43,19.98,75.24,33.61
1993-04-21,0.0,34.06,19.13,89.42,43.83
1993-04-22,0.0,32.06,19.78,88.45,48.79
1993-04-23,0.0,34.83,19.98,84.71,38.95
1993-04-24,0.0,36.54,18.81,80.83,31.29
1993-04-25,0.0,37.87,19.98,87.84,31.09
1993-04-26,0.0,38.33,20.2,74.64,27.19
1993-04-27,0.0,37.83,19.52,82.09,29.4
1993-04-28,0.0,37.67,19.42,82.33,30.91
1993-04-29,0.0,37.28,20.12,88.17,35.47
1993-04-30,0.0,38.17,20.93,90.11,38.12
1993-05-01,0.0,37.66,22.35,87.51,36.07
1993-05-02,0.0,40.03,22.13,88.58,23.33
1993-05-03,0.0,38.17,23.27,83.54,32.1
1993-05-04,0.0,37.6,22.73,70.56,32.84
1993-05-05,0.0,39.03,22.64,57.43,23.07
1993-05-06,0.0,40.97,24.14,48.67,20.75
1993-05-07,0.0,40.68,22.23,73.32,22.23
1993-05-08,0.0,35.75,21.78,88.38,34.85
1993-05-09,0.0,36.69,20.37,82.71,36.08
1993-05-10,0.0,36.07,20.9,76.09,35.62
1993-05-11,0.0,37.94,20.51,83.02,28.68
1993-05-12,0.0,37.36,21.78,80.08,34.13
1993-05-13,0.0,34.08,21.15,99.06,49.79
1993-05-14,0.0,33.74,20.65,99.03,52.17
1993-05-15,0.0,33.61,21.41,97.38,51.51
1993-05-16,0.0,34.33,21.98,97.73,49.65
1993-05-17,0.0,33.38,22.21,98.0,51.61
1993-05-18,0.0,33.31,22.13,97.01,53.08
1993-05-19,0.0,33.97,21.97,94.64,51.48
1993-05-20,0.0,32.61,21.69,98.57,57.32
1993-05-21,0.0,35.41,21.87,99.02,43.33
1993-05-22,0.0,36.84,21.85,95.78,39.49
1993-05-23,0.0,34.3,21.74,99.69,48.11
1993-05-24,0.0,34.79,21.35,92.15,40.26
1993-05-25,0.0,34.33,20.68,95.3,39.49
1993-05-26,0.0,35.78,21.27,90.76,36.93
1993-05-27,0.0,39.54,21.37,90.2,25.22
1993-05-28,0.0,36.33,22.56,100.0,49.56
1993-05-29,0.0,37.05,22.57,99.14,44.82
1993-05-30,0.0,39.09,22.02,99.97,31.65
1993-05-31,0.0,37.43,22.12,98.89,35.83
1993-06-01,0.0,34.81,22.83,91.77,44.62
1993-06-02,0.0,34.41,22.71,89.76,45.63
1993-06-03,0.0,34.29,23.72,82.09,46.04
1993-06-04,0.0,34.0,23.12,87.22,49.93
1993-06-05,0.0,33.06,23.2,89.27,54.3
1993-06-06,0.6,33.15,23.5,90.31,57.46
1993-06-07,0.0,34.18,23.93,93.14,54.46
1993-06-08,0.0,34.85,23.51,92.16,48.44
1993-06-09,0.0,34.63,23.22,82.04,42.1
1993-06-10,0.0,34.99,24.14,85.63,48.93
1993-06-11,0.0,36.21,24.88,85.06,42.22
1993-06-12,0.1,35.62,24.98,82.35,47.07
1993-06-13,0.0,34.02,24.94,94.22,55.0
1993-06-14,0.04,33.46,23.76,85.01,48.79
1993-06-15,0.0,32.83,23.15,87.44,49.74
1993-06-16,0.0,34.57,23.29,90.04,52.21
1993-06-17,0.17,34.67,24.7,92.99,53.52
1993-06-18,0.01,34.97,24.42,93.64,50.52
1993-06-19,0.06,35.39,24.81,97.36,55.83
1993-06-20,0.01,30.28,23.47,97.92,81.24
1993-06-21,0.0,30.6,23.47,99.17,66.7
1993-06-22,0.0,32.03,24.03,93.69,63.62
1993-06-23,0.0,34.59,23.75,99.23,55.48
1993-06-24,6.42,34.45,24.85,99.29,60.71
1993-06-25,1.17,33.14,24.2,99.45,60.09
1993-06-26,2.61,35.2,25.2,83.0,50.85
1993-06-27,0.21,34.4,24.53,93.34,60.22
1993-06-28,8.14,33.48,24.76,98.94,63.17
1993-06-29,9.18,32.9,23.52,99.28,65.57
1993-06-30,0.26,34.76,24.17,98.93,57.28
1993-07-01,3.37,35.65,25.46,87.88,51.9
1993-07-02,0.18,34.26,25.25,85.64,55.49
1993-07-03,0.0,33.82,25.09,94.97,60.0
1993-07-04,9.71,35.57,24.83,96.52,53.02
1993-07-05,0.0,36.94,24.39,78.43,41.03
1993-07-06,0.0,35.06,25.42,83.55,55.26
1993-07-07,11.54,33.05,25.44,93.76,63.53
1993-07-08,3.29,32.93,24.85,90.02,62.56
1993-07-09,11.22,30.14,23.98,99.7,77.59
1993-07-10,1.63,30.92,23.87,98.85,73.32
1993-07-11,0.5,32.93,24.09,97.42,58.99
1993-07-12,0.0,33.07,24.54,85.1,56.28
1993-07-13,17.1,34.18,24.85,89.19,56.12
1993-07-14,0.0,31.57,23.98,98.33,71.0
1993-07-15,0.0,31.32,24.62,96.92,62.39
1993-07-16,0.7,33.22,24.81,80.88,54.54
1993-07-17,20.26,33.5,24.5,95.9,60.24
1993-07-18,4.26,29.72,23.18,99.66,80.84
1993-07-19,0.0,31.29,23.82,99.17,73.81
1993-07-20,4.47,30.75,24.45,99.0,75.32
1993-07-21,31.7,29.47,24.65,99.19,83.74
1993-07-22,4.93,30.21,23.31,99.98,77.97
1993-07-23,2.64,31.52,23.96,99.82,71.78
1993-07-24,17.6,29.71,23.53,99.46,80.71
1993-07-25,27.79,27.94,23.2,99.77,86.34
1993-07-26,19.42,30.73,23.5,98.64,72.07
1993-07-27,0.01,30.93,23.99,97.72,76.69
1993-07-28,4.24,28.99,24.17,99.98,84.38
1993-07-29,12.43,29.98,23.23,97.14,75.68
1993-07-30,9.23,30.81,23.62,99.28,73.28
1993-07-31,10.79,29.13,23.86,99.85,84.87
1993-08-01,2.09,29.93,23.93,98.57,82.1
1993-08-02,15.81,31.13,23.98,98.41,72.54
1993-08-03,0.0,31.17,24.46,97.1,74.5
1993-08-04,0.0,29.48,24.03,99.72,81.64
1993-08-05,28.01,30.17,23.1,99.5,75.46
1993-08-06,1.07,31.2,23.53,97.91,70.0
1993-08-07,0.0,31.95,24.48,95.22,74.46
1993-08-08,11.29,32.52,24.76,98.29,70.06
1993-08-09,2.14,32.5,23.58,99.34,68.86
1993-08-10,5.88,31.68,24.51,98.96,72.81
1993-08-11,0.03,31.46,22.87,99.01,74.03
1993-08-12,12.33,31.45,23.63,99.65,72.01
1993-08-13,14.65,32.72,23.47,99.06,67.88
1993-08-14,0.0,31.6,24.71,97.86,73.43
1993-08-15,14.69,31.27,24.5,94.45,72.77
1993-08-16,48.65,28.42,23.05,99.54,86.62
1993-08-17,22.48,29.43,22.78,99.43,83.83
1993-08-18,0.0,31.31,22.99,98.82,73.72
1993-08-19,0.0,32.28,23.92,99.1,70.37
1993-08-20,53.76,30.07,23.81,99.58,83.8
1993-08-21,1.69,31.59,23.02,99.86,69.48
1993-08-22,0.67,31.9,24.1,97.11,70.13
1993-08-23,0.5,30.73,23.78,99.14,74.77
1993-08-24,0.46,31.05,24.5,98.28,75.57
1993-08-25,0.45,28.76,23.65,99.47,84.03
1993-08-26,1.49,30.12,23.44,98.62,73.02
1993-08-27,21.23,29.06,23.36,98.55,80.99
1993-08-28,34.82,30.82,23.53,97.94,73.83
1993-08-29,1.37,29.74,23.67,97.79,81.33
1993-08-30,0.0,30.72,23.75,98.89,74.47
1993-08-31,28.17,31.51,24.02,95.02,72.31
1993-09-01,4.97,30.66,22.76,99.43,79.99
1993-09-02,9.25,29.94,23.21,99.83,79.33
1993-09-03,63.52,27.77,22.77,99.74,88.47
1993-09-04,7.38,27.6,22.33,99.57,86.76
1993-09-05,2.98,31.98,22.56,98.49,71.32
1993-09-06,10.58,32.31,23.08,97.78,69.8
1993-09-07,15.37,31.27,23.75,99.28,75.74
1993-09-08,0.0,31.12,23.33,99.32,73.36
1993-09-09,44.24,30.57,23.5,98.5,75.24
1993-09-10,24.0,32.26,22.93,99.16,71.66
1993-09-11,0.13,31.4,23.16,97.47,72.38
1993-09-12,0.0,31.63,23.43,97.15,70.8
1993-09-13,0.02,30.47,23.49,97.7,79.94
1993-09-14,0.0,31.33,24.12,96.33,74.25
1993-09-15,39.04,31.72,23.84,99.79,71.28
1993-09-16,5.92,31.81,22.89,99.26,74.25
1993-09-17,0.0,32.7,23.16,98.11,62.69
1993-09-18,0.0,33.49,24.77,98.89,69.3
1993-09-19,0.0,32.41,23.51,99.71,70.53
1993-09-20,0.06,30.71,23.62,97.94,81.12
1993-09-21,10.54,32.54,23.65,97.54,69.18
1993-09-22,7.04,28.43,22.9,99.86,84.19
1993-09-23,0.52,29.98,22.89,99.16,77.11
1993-09-24,0.0,32.37,23.24,96.36,69.68
1993-09-25,0.0,32.05,23.78,98.26,70.97
1993-09-26,4.95,31.08,23.16,99.49,72.58
1993-09-27,6.57,29.36,22.81,99.66,81.46
1993-09-28,0.0,32.92,23.19,99.18,66.52
1993-09-29,0.0,33.05,23.32,94.4,59.84
1993-09-30,0.0,32.07,23.98,93.77,69.61
1993-10-01,0.0,33.53,23.3,99.68,61.37
1993-10-02,9.57,33.2,23.75,100.0,71.23
1993-10-03,21.43,32.73,22.96,99.55,73.71
1993-10-04,0.0,32.03,23.01,99.64,75.55
1993-10-05,0.0,33.09,23.08,99.11,66.63
1993-10-06,0.0,32.54,23.82,99.66,74.85
1993-10-07,0.0,32.45,23.24,99.49,76.64
1993-10-08,3.59,32.22,23.04,99.15,79.64
1993-10-09,0.0,33.76,22.95,100.0,59.5
1993-10-10,0.03,34.47,23.82,98.51,59.89
1993-10-11,6.17,33.52,24.35,99.5,67.05
1993-10-12,0.0,31.56,22.64,99.79,75.24
1993-10-13,0.04,32.78,23.01,100.0,72.54
1993-10-14,0.0,31.65,23.36,100.0,72.02
1993-10-15,0.0,32.14,22.4,98.83,63.9
1993-10-16,0.0,33.71,23.12,97.37,62.62
1993-10-17,0.0,34.37,23.64,97.8,63.93
1993-10-18,0.0,33.93,23.92,96.32,60.38
1993-10-19,0.22,33.33,23.05,99.56,67.47
1993-10-20,0.04,34.86,23.04,96.22,55.66
1993-10-21,0.0,36.85,24.06,95.04,34.75
1993-10-22,0.0,36.09,22.95,79.0,34.59
1993-10-23,0.0,34.84,22.19,74.75,35.35
1993-10-24,0.0,32.76,21.75,86.6,50.8
1993-10-25,0.0,33.98,22.13,84.82,49.88
1993-10-26,16.23,34.8,23.17,87.95,48.7
1993-10-27,1.52,33.6,22.56,85.44,49.52
1993-10-28,0.56,33.75,22.83,91.76,55.0
1993-10-29,0.0,32.66,22.79,92.0,62.63
1993-10-30,0.18,32.57,22.57,90.28,59.89
1993-10-31,0.0,34.02,22.68,90.65,50.48
1993-11-01,0.07,34.06,20.38,87.33,43.63
1993-11-02,0.0,36.19,21.29,78.33,39.95
1993-11-03,0.0,35.74,21.47,82.61,43.8
1993-11-04,0.0,35.65,21.79,99.73,50.07
1993-11-05,0.04,35.41,21.93,99.99,51.23
1993-11-06,0.05,34.74,21.37,99.98,54.39
1993-11-07,0.0,35.05,21.67,99.94,47.87
1993-11-08,0.0,35.63,21.67,100.0,56.18
1993-11-09,0.0,35.91,21.37,99.98,37.19
1993-11-10,0.0,36.23,20.56,74.46,33.99
1993-11-11,0.0,34.29,20.28,65.79,32.69
1993-11-12,0.0,31.95,19.5,58.09,32.66
1993-11-13,0.0,31.75,17.59,57.03,30.98
1993-11-14,0.0,33.16,17.29,71.94,35.98
1993-11-15,0.0,33.44,18.7,67.82,36.21
1993-11-16,0.0,35.94,19.33,62.12,29.65
1993-11-17,0.0,36.92,20.34,59.2,27.12
1993-11-18,0.0,35.25,20.45,69.34,30.48
1993-11-19,0.0,32.35,18.97,80.13,37.73
1993-11-20,0.0,33.41,19.17,80.15,40.29
1993-11-21,0.0,34.06,19.7,99.96,42.03
1993-11-22,0.0,35.69,20.62,97.75,28.81
1993-11-23,0.0,33.32,19.94,66.22,38.64
1993-11-24,0.0,30.51,18.37,85.39,50.26
1993-11-25,0.0,31.62,17.68,75.29,40.03
1993-11-26,0.0,33.81,18.67,63.83,34.0
1993-11-27,0.0,35.19,19.86,58.54,32.62
1993-11-28,0.0,35.11,19.88,53.91,28.96
1993-11-29,0.0,32.15,19.4,49.68,27.5
1993-11-30,0.0,30.92,17.31,47.32,23.21
1993-12-01,0.0,32.12,14.66,50.15,22.83
1993-12-02,0.0,32.79,14.73,54.87,25.62
1993-12-03,0.0,32.88,14.84,53.31,26.66
1993-12-04,0.0,34.99,16.74,64.26,25.58
1993-12-05,0.0,35.04,18.48,47.73,23.92
1993-12-06,0.0,33.86,17.06,40.89,20.25
1993-12-07,0.0,33.83,17.39,42.5,20.45
1993-12-08,0.0,33.45,16.91,49.71,23.49
1993-12-09,0.01,35.83,17.33,63.39,22.43
1993-12-10,0.0,32.43,17.57,82.04,36.56
1993-12-11,0.0,34.56,17.76,73.74,31.96
1993-12-12,0.0,36.82,17.98,64.53,25.11
1993-12-13,0.0,37.31,18.63,47.56,22.87
1993-12-14,0.0,36.83,17.51,56.77,21.64
1993-12-15,0.0,36.7,17.6,48.39,20.71
1993-12-16,0.02,34.63,17.03,54.03,25.35
1993-12-17,0.0,33.45,17.06,53.95,26.22
1993-12-18,0.0,33.06,17.31,51.72,23.94
1993-12-19,0.0,33.76,17.47,47.48,22.43
1993-12-20,0.03,31.81,17.01,42.62,20.95
1993-12-21,0.0,32.24,17.59,50.58,25.21
1993-12-22,0.0,35.05,18.18,69.27,21.63
1993-12-23,0.0,36.19,18.47,50.52,22.59
1993-12-24,0.0,36.25,18.32,58.36,25.44
1993-12-25,0.0,36.99,18.45,53.11,20.24
1993-12-26,0.0,35.94,19.53,44.27,20.19
1993-12-27,0.0,33.73,17.75,40.19,19.75
1993-12-28,0.0,33.93,17.04,40.44,19.31
1993-12-29,0.0,33.38,16.67,39.04,17.29
1993-12-30,0.0,33.08,16.63,38.66,16.68
1993-12-31,0.0,30.87,15.13,44.25,20.45
1994-01-01,0.0,32.71,14.7,42.07,18.7
1994-01-02,0.0,32.88,16.62,37.77,19.69
1994-01-03,0.0,32.38,16.24,42.26,20.37
1994-01-04,0.0,33.4,16.18,42.44,18.13
1994-01-05,0.0,31.61,15.09,42.14,17.73
1994-01-06,0.0,31.05,14.6,46.68,18.47
1994-01-07,0.0,29.91,13.82,43.34,17.39
1994-01-08,0.0,31.37,14.02,45.71,19.82
1994-01-09,0.0,33.49,15.63,43.71,21.91
1994-01-10,0.0,33.88,16.24,55.76,22.86
1994-01-11,0.0,30.74,15.29,43.8,19.3
1994-01-12,0.0,33.64,17.69,38.06,18.66
1994-01-13,0.0,35.65,16.34,41.91,17.37
1994-01-14,0.0,34.88,16.31,37.38,15.14
1994-01-15,0.0,34.45,16.42,38.53,14.57
1994-01-16,0.0,32.01,15.03,38.46,15.73
1994-01-17,0.0,31.46,14.34,38.58,15.61
1994-01-18,0.0,30.13,13.9,75.24,30.4
1994-01-19,0.0,28.91,14.02,61.62,26.16
1994-01-20,0.0,28.42,12.72,54.68,26.53
1994-01-21,0.0,29.34,13.08,50.99,24.77
1994-01-22,0.0,29.92,13.78,57.84,27.24
1994-01-23,0.0,30.82,14.93,45.35,24.72
1994-01-24,0.0,32.54,14.9,47.45,22.41
1994-01-25,0.0,31.37,16.33,41.39,23.66
1994-01-26,0.0,31.01,15.43,38.59,20.02
1994-01-27,0.0,31.86,14.75,42.43,20.27
1994-01-28,0.0,33.32,16.52,43.71,20.12
1994-01-29,0.0,34.43,17.01,47.22,20.9
1994-01-30,0.0,37.24,18.09,41.1,15.45
1994-01-31,0.0,35.42,17.48,34.1,12.87
1994-02-01,0.0,34.22,16.69,27.17,11.5
1994-02-02,0.0,35.44,16.88,32.82,12.5
1994-02-03,0.0,34.88,17.0,36.81,12.66
1994-02-04,0.0,34.79,16.21,33.79,14.15
1994-02-05,0.0,34.87,16.07,34.13,14.83
1994-02-06,0.0,34.12,16.47,49.29,17.7
1994-02-07,0.0,35.81,15.62,51.22,19.51
1994-02-08,0.0,34.84,16.29,41.06,15.55
1994-02-09,0.0,35.35,17.04,33.06,13.0
1994-02-10,0.0,35.44,16.88,32.92,12.81
1994-02-11,0.0,36.61,17.16,33.1,12.95
1994-02-12,0.0,35.73,17.65,37.82,17.01
1994-02-13,0.0,35.79,17.39,36.28,15.61
1994-02-14,0.0,36.73,17.15,45.84,14.61
1994-02-15,0.0,37.65,18.11,55.93,16.47
1994-02-16,0.0,37.03,17.91,48.01,15.42
1994-02-17,0.0,36.39,18.35,30.04,11.6
1994-02-18,0.0,36.11,18.35,46.04,17.37
1994-02-19,0.0,36.13,17.12,45.54,19.44
1994-02-20,0.0,38.17,18.27,41.15,17.93
1994-02-21,0.0,38.72,17.77,48.25,15.68
1994-02-22,0.0,39.39,17.88,44.11,14.62
1994-02-23,0.0,39.07,18.9,44.47,16.01
1994-02-24,0.0,37.98,18.24,72.35,18.32
1994-02-25,0.0,38.73,18.04,60.02,12.17
1994-02-26,0.0,38.79,18.91,39.98,16.44
1994-02-27,0.0,36.37,19.12,46.59,17.96
1994-02-28,0.0,35.62,17.16,53.08,21.22
1994-03-01,0.0,37.76,18.74,51.41,17.65
1994-03-02,0.0,34.9,19.42,48.27,18.22
1994-03-03,0.0,36.55,18.27,45.06,18.65
1994-03-04,0.0,37.58,17.88,60.38,14.22
1994-03-05,0.0,38.4,18.02,44.41,12.76
1994-03-06,0.0,37.57,19.09,44.44,14.91
1994-03-07,0.0,32.1,18.54,62.29,28.04
1994-03-08,0.03,32.62,17.84,77.18,33.68
1994-03-09,0.0,31.91,17.86,91.72,47.07
1994-03-10,0.0,36.38,17.12,97.44,35.0
1994-03-11,0.0,38.58,19.94,74.06,22.71
1994-03-12,0.0,40.49,21.14,47.22,19.05
1994-03-13,0.0,38.74,20.21,52.85,20.03
1994-03-14,0.0,34.51,17.62,62.37,22.51
1994-03-15,0.0,35.64,16.76,64.01,23.0
1994-03-16,0.0,38.75,18.07,62.97,17.97
1994-03-17,0.0,40.56,19.6,63.69,15.8
1994-03-18,0.0,40.84,20.68,55.66,16.24
1994-03-19,0.0,42.27,21.11,48.21,14.2
1994-03-20,0.0,40.78,20.65,60.77,18.14
1994-03-21,0.0,40.46,21.32,47.26,16.27
1994-03-22,0.0,38.73,19.57,65.23,22.9
1994-03-23,0.0,36.62,17.86,80.83,30.48
1994-03-24,0.0,35.38,18.17,89.2,33.12
1994-03-25,0.0,38.96,19.7,80.17,26.63
1994-03-26,0.0,39.5,20.76,63.05,23.57
1994-03-27,0.0,39.17,21.44,76.59,31.32
1994-03-28,0.0,39.05,20.34,85.85,32.17
1994-03-29,0.0,38.96,19.37,74.0,22.44
1994-03-30,0.0,38.32,19.5,64.59,26.26
1994-03-31,0.0,38.62,20.16,69.6,28.38
1994-04-01,0.0,39.36,19.9,69.25,23.44
1994-04-02,0.0,40.57,20.89,63.08,19.2
1994-04-03,0.0,39.74,20.76,84.54,16.06
1994-04-04,0.0,39.51,18.96,86.57,21.26
1994-04-05,0.0,40.49,20.61,82.0,11.34
1994-04-06,0.0,39.79,20.07,38.77,11.2
1994-04-07,0.0,40.5,20.17,48.65,14.27
1994-04-08,0.0,38.52,19.43,67.79,23.68
1994-04-09,0.0,38.48,19.53,65.26,24.63
1994-04-10,0.0,38.99,19.66,64.58,25.19
1994-04-11,0.0,38.98,19.84,71.98,26.02
1994-04-12,0.0,34.64,18.52,83.67,40.99
1994-04-13,0.0,32.32,17.54,99.9,44.94
1994-04-14,0.0,33.38,17.93,87.27,34.46
1994-04-15,0.0,34.78,17.78,87.84,30.04
1994-04-16,0.0,35.24,19.01,90.48,35.91
1994-04-17,0.0,36.28,18.41,84.87,31.77
1994-04-18,0.0,36.12,18.57,84.92,34.72
1994-04-19,0.0,37.12,19.25,76.91,30.17
1994-04-20,0.0,35.14,18.66,87.12,35.95
1994-04-21,0.0,37.72,19.13,82.6,30.82
1994-04-22,0.0,38.79,19.58,82.47,26.33
1994-04-23,0.0,37.94,19.33,83.23,29.23
1994-04-24,0.0,42.82,20.32,75.84,14.76
1994-04-25,0.0,41.36,22.45,77.97,20.61
1994-04-26,0.0,41.8,22.13,83.77,22.34
1994-04-27,0.0,38.23,20.89,91.69,29.86
1994-04-28,0.0,34.82,19.13,94.13,40.95
1994-04-29,0.0,33.45,19.11,92.1,41.7
1994-04-30,0.0,33.8,19.62,94.29,44.23
1994-05-01,0.0,37.1,19.07,99.06,30.3
1994-05-02,0.0,38.52,19.85,85.84,23.52
1994-05-03,0.0,37.65,19.7,88.01,29.74
1994-05-04,0.0,38.67,19.94,90.75,23.36
1994-05-05,0.0,39.39,20.38,90.7,18.31
1994-05-06,0.0,36.67,19.96,82.28,29.87
1994-05-07,0.0,33.96,19.04,96.76,43.31
1994-05-08,0.0,34.77,19.35,93.29,38.95
1994-05-09,0.0,37.25,20.13,82.8,30.83
1994-05-10,0.0,36.72,20.44,84.91,33.56
1994-05-11,0.0,36.19,19.69,87.19,32.39
1994-05-12,0.0,33.29,19.22,90.4,38.37
1994-05-13,0.0,33.97,19.51,96.69,43.2
1994-05-14,0.0,33.43,19.97,96.55,43.17
1994-05-15,0.0,36.35,20.28,85.71,34.6
1994-05-16,0.0,38.31,20.53,80.44,29.09
1994-05-17,0.0,39.63,21.34,74.02,26.87
1994-05-18,0.0,37.3,21.41,93.91,40.24
1994-05-19,0.0,35.01,22.21,97.87,48.06
1994-05-20,0.0,36.22,20.76,99.72,39.7
1994-05-21,0.0,34.89,21.24,99.61,49.29
1994-05-22,0.0,36.44,21.43,96.65,38.59
1994-05-23,0.0,35.36,21.04,100.0,44.97
1994-05-24,0.0,34.81,20.95,99.32,46.58
1994-05-25,0.0,34.17,21.33,97.67,49.56
1994-05-26,0.0,34.13,20.85,99.99,47.82
1994-05-27,0.0,33.18,21.2,97.13,45.46
1994-05-28,0.0,34.03,22.13,95.28,52.77
1994-05-29,0.91,32.99,22.45,92.6,56.27
1994-05-30,0.0,34.55,22.59,97.48,54.56
1994-05-31,0.0,37.03,22.76,95.67,42.53
1994-06-01,0.25,37.36,23.24,80.87,35.88
1994-06-02,0.0,33.84,23.32,91.63,52.21
1994-06-03,0.0,33.14,24.23,85.93,54.91
1994-06-04,0.0,33.3,23.73,90.72,56.26
1994-06-05,0.0,33.01,23.62,94.81,59.76
1994-06-06,11.24,33.54,23.84,94.58,55.52
1994-06-07,4.18,34.41,23.4,89.28,49.01
1994-06-08,0.0,33.11,23.39,86.98,54.51
1994-06-09,0.0,33.51,23.63,81.79,48.63
1994-06-10,0.0,33.16,22.69,80.74,49.31
1994-06-11,0.65,34.69,23.72,85.54,49.78
1994-06-12,0.08,33.28,23.44,97.23,59.2
1994-06-13,0.0,34.94,23.69,98.28,54.28
1994-06-14,6.64,33.88,23.21,98.45,60.54
1994-06-15,0.0,33.63,23.35,99.58,55.35
1994-06-16,0.0,33.53,23.72,99.26,58.48
1994-06-17,3.87,32.91,23.6,99.0,62.52
1994-06-18,0.35,33.31,23.64,98.42,55.49
1994-06-19,0.06,34.39,24.14,91.49,54.19
1994-06-20,0.0,30.37,24.38,97.93,74.36
1994-06-21,0.0,31.12,22.69,99.12,76.7
1994-06-22,0.0,30.58,23.16,98.62,70.58
1994-06-23,0.0,31.79,23.02,98.18,64.9
1994-06-24,0.0,32.28,23.77,98.36,65.86
1994-06-25,0.71,33.88,24.4,98.69,57.4
1994-06-26,5.85,34.5,23.77,98.51,53.48
1994-06-27,0.0,34.12,24.57,89.03,56.99
1994-06-28,0.0,32.95,23.45,96.7,61.28
1994-06-29,0.0,33.15,23.6,96.58,57.21
1994-06-30,0.0,33.48,24.32,98.03,59.83
1994-07-01,0.0,33.78,24.5,92.15,57.68
1994-07-02,0.0,33.48,24.67,91.4,55.24
1994-07-03,0.0,33.29,24.12,85.93,55.5
1994-07-04,15.05,33.54,24.02,87.07,55.05
1994-07-05,16.3,32.06,23.18,99.42,64.22
1994-07-06,13.2,34.08,23.11,95.47,53.99
1994-07-07,0.0,32.94,23.41,87.01,59.88
1994-07-08,0.0,32.88,24.56,91.73,61.3
1994-07-09,10.94,30.19,24.57,98.87,78.08
1994-07-10,0.52,30.31,23.38,99.55,76.86
1994-07-11,22.08,29.03,23.77,99.96,82.02
1994-07-12,1.04,30.06,23.43,97.8,78.93
1994-07-13,0.0,32.27,24.25,95.96,66.31
1994-07-14,0.0,31.56,23.89,85.22,65.36
1994-07-15,0.0,31.65,24.21,90.38,68.38
1994-07-16,0.0,33.19,24.54,92.79,62.64
1994-07-17,0.0,33.31,24.77,89.97,54.21
1994-07-18,8.85,33.47,23.5,89.9,55.23
1994-07-19,0.0,33.4,23.98,87.89,56.57
1994-07-20,0.0,30.44,24.11,98.24,74.53
1994-07-21,0.0,31.79,23.83,95.63,64.67
1994-07-22,10.72,33.27,23.77,92.33,59.22
1994-07-23,27.99,30.57,24.01,99.82,75.78
1994-07-24,10.88,29.91,22.98,99.76,74.41
1994-07-25,37.88,30.93,23.39,97.33,67.92
1994-07-26,0.01,31.64,23.54,96.88,70.48
1994-07-27,0.0,31.48,24.48,95.52,72.91
1994-07-28,48.63,29.88,24.31,99.98,81.09
1994-07-29,0.0,29.84,23.34,99.06,76.71
1994-07-30,10.79,30.72,24.02,97.47,75.43
1994-07-31,62.94,31.85,24.27,95.88,69.34
1994-08-01,0.0,32.47,23.31,99.48,69.04
1994-08-02,2.0,32.28,24.28,93.8,65.87
1994-08-03,0.02,32.5,24.96,88.54,61.18
1994-08-04,0.0,33.11,24.89,87.37,61.96
1994-08-05,0.18,29.95,23.7,99.86,85.11
1994-08-06,21.15,29.67,23.56,99.37,79.51
1994-08-07,9.94,29.88,23.03,99.11,75.72
1994-08-08,10.87,30.55,23.83,98.15,71.98
1994-08-09,23.08,27.97,23.04,99.74,86.12
1994-08-10,44.06,28.25,23.23,99.37,86.22
1994-08-11,6.1,29.16,23.14,99.4,81.98
1994-08-12,0.32,30.22,23.69,98.88,75.17
1994-08-13,29.46,30.04,23.67,99.0,77.94
1994-08-14,18.98,29.52,23.21,99.63,78.28
1994-08-15,27.27,29.05,22.93,98.77,81.38
1994-08-16,10.03,29.71,23.06,98.13,77.37
1994-08-17,0.0,29.98,23.27,98.51,76.2
1994-08-18,5.04,31.21,23.38,99.58,71.65
1994-08-19,1.57,31.28,23.2,98.62,70.95
1994-08-20,0.0,30.67,23.9,95.32,70.57
1994-08-21,0.0,30.7,24.14,92.09,68.59
1994-08-22,1.47,31.27,24.08,98.95,70.95
1994-08-23,0.21,31.74,23.34,99.96,71.05
1994-08-24,0.57,31.39,23.93,96.91,73.53
1994-08-25,10.95,29.9,23.23,99.42,81.04
1994-08-26,3.61,29.66,23.24,98.88,78.66
1994-08-27,6.02,31.13,23.28,99.38,70.39
1994-08-28,0.24,31.59,23.82,97.88,70.95
1994-08-29,1.03,32.26,24.17,97.24,68.5
1994-08-30,8.27,29.61,23.99,98.85,82.45
1994-08-31,0.98,30.97,23.56,98.71,74.61
1994-09-01,1.93,31.35,23.46,97.38,71.47
1994-09-02,0.48,28.75,23.57,100.0,84.23
1994-09-03,8.73,31.73,22.9,99.5,74.0
1994-09-04,0.0,31.78,22.69,100.0,73.08
1994-09-05,0.0,30.8,23.69,99.11,76.92
1994-09-06,0.0,30.76,24.11,98.79,77.91
1994-09-07,0.0,31.31,23.94,99.98,70.52
1994-09-08,1.01,31.99,23.16,94.56,68.58
1994-09-09,21.73,32.15,23.67,99.22,72.38
1994-09-10,3.38,30.63,23.13,99.44,78.03
1994-09-11,1.24,32.08,23.73,98.96,74.89
1994-09-12,8.13,29.62,23.73,98.85,83.47
1994-09-13,16.8,31.05,23.58,98.23,75.68
1994-09-14,2.07,28.82,24.09,98.84,85.5
1994-09-15,0.02,30.09,23.67,98.8,79.32
1994-09-16,15.57,31.57,23.01,99.09,74.27
1994-09-17,0.77,32.9,23.61,96.9,70.94
1994-09-18,0.0,31.54,23.89,97.88,74.71
1994-09-19,0.27,30.78,23.51,97.81,76.64
1994-09-20,78.26,28.7,23.11,100.0,83.96
1994-09-21,13.19,29.07,22.69,99.97,80.99
1994-09-22,0.0,29.78,22.67,99.17,74.6
1994-09-23,0.0,31.35,22.58,90.46,65.68
1994-09-24,0.0,31.06,21.95,94.04,63.69
1994-09-25,42.41,32.2,22.83,93.26,63.63
1994-09-26,2.5,30.7,23.48,99.66,75.48
1994-09-27,2.02,31.1,22.81,99.57,73.74
1994-09-28,2.58,30.08,23.48,98.86,78.64
1994-09-29,16.25,30.86,23.25,99.27,74.91
1994-09-30,6.66,31.12,23.08,99.74,74.99
1994-10-01,6.09,31.72,22.82,99.55,77.4
1994-10-02,0.25,33.23,22.73,99.62,69.0
1994-10-03,0.0,33.97,23.74,99.87,58.17
1994-10-04,0.0,33.9,23.39,100.0,56.9
1994-10-05,22.75,33.07,23.09,99.34,66.72
1994-10-06,0.82,29.68,22.84,100.0,81.1
1994-10-07,0.1,29.37,22.42,100.0,84.58
1994-10-08,0.0,28.49,23.0,99.47,85.74
1994-10-09,0.0,30.71,21.94,99.95,65.08
1994-10-10,0.0,30.48,20.85,94.66,60.43
1994-10-11,0.0,32.02,21.46,95.27,58.4
1994-10-12,1.77,30.27,22.46,99.41,70.83
1994-10-13,0.0,32.93,22.8,99.38,72.4
1994-10-14,0.0,34.79,23.82,99.88,56.89
1994-10-15,0.0,34.44,24.33,99.99,62.62
1994-10-16,0.2,32.48,23.36,99.89,75.63
1994-10-17,0.0,31.87,22.81,99.98,71.06
1994-10-18,0.02,31.2,22.91,99.48,75.48
1994-10-19,0.0,32.13,22.46,99.96,65.16
1994-10-20,0.0,33.3,23.06,99.22,54.86
1994-10-21,0.0,34.57,22.38,88.96,50.81
1994-10-22,9.95,31.92,23.72,99.08,73.5
1994-10-23,16.42,31.26,22.88,99.74,78.31
1994-10-24,1.14,32.38,22.59,99.88,71.35
1994-10-25,0.0,33.49,22.65,92.79,55.07
1994-10-26,0.0,34.55,23.68,99.24,56.9
1994-10-27,0.0,33.4,23.82,99.42,64.0
1994-10-28,0.0,33.25,23.05,99.98,58.92
1994-10-29,0.0,32.0,22.1,94.57,59.19
1994-10-30,0.0,31.9,22.64,98.14,58.88
1994-10-31,0.0,34.87,21.55,92.52,40.8
1994-11-01,0.0,35.99,20.72,78.62,35.43
1994-11-02,0.08,36.18,20.86,83.92,35.39
1994-11-03,0.0,35.67,21.03,76.21,36.53
1994-11-04,0.0,35.09,21.15,95.39,40.97
1994-11-05,0.0,35.68,20.79,100.0,42.26
1994-11-06,0.0,36.18,21.21,99.19,42.36
1994-11-07,0.0,34.56,21.94,100.0,54.82
1994-11-08,0.0,36.82,22.05,98.68,40.14
1994-11-09,0.0,35.66,21.54,100.0,58.77
1994-11-10,0.0,34.96,22.03,99.08,58.5
1994-11-11,0.0,34.69,21.98,99.57,58.36
1994-11-12,0.0,35.51,21.51,100.0,53.03
1994-11-13,0.0,35.16,21.39,100.0,51.49
1994-11-14,0.0,35.69,21.16,100.0,47.03
1994-11-15,0.0,36.28,20.95,100.0,27.61
1994-11-16,0.0,35.84,20.44,70.05,26.74
1994-11-17,0.0,35.46,19.9,61.65,29.41
1994-11-18,0.0,35.08,18.81,64.46,29.84
1994-11-19,0.0,35.68,19.18,74.87,30.5
1994-11-20,0.0,36.72,19.8,79.18,33.89
1994-11-21,0.0,37.63,21.21,72.01,26.26
1994-11-22,0.0,36.4,19.9,76.36,24.11
1994-11-23,0.0,36.57,19.53,78.04,26.36
1994-11-24,0.0,36.51,19.31,60.86,25.49
1994-11-25,0.0,36.69,20.03,57.34,26.85
1994-11-26,0.0,35.85,20.39,73.12,33.62
1994-11-27,0.0,34.65,20.62,99.18,48.65
1994-11-28,0.0,33.79,21.15,100.0,53.52
1994-11-29,0.0,33.8,21.48,99.61,47.76
1994-11-30,0.0,36.31,20.86,95.15,25.26
1994-12-01,0.0,36.93,19.0,70.2,22.4
1994-12-02,0.0,36.16,19.01,49.0,19.88
1994-12-03,0.0,36.33,18.15,43.47,18.53
1994-12-04,0.0,35.03,18.8,42.67,20.63
1994-12-05,0.0,34.01,17.56,44.82,21.53
1994-12-06,0.0,33.25,16.75,53.09,25.74
1994-12-07,0.0,33.57,16.61,52.72,23.57
1994-12-08,0.0,32.13,16.08,45.04,22.14
1994-12-09,0.0,32.25,15.83,46.77,24.12
1994-12-10,0.0,33.48,16.65,46.97,22.7
1994-12-11,0.0,32.98,16.76,42.31,21.59
1994-12-12,0.0,33.94,15.8,48.06,22.02
1994-12-13,0.0,34.93,17.96,57.61,29.36
1994-12-14,0.0,36.21,18.41,69.45,23.68
1994-12-15,0.0,34.61,18.62,43.8,21.3
1994-12-16,0.0,33.28,17.14,36.13,18.78
1994-12-17,0.0,33.92,15.75,37.83,18.99
1994-12-18,0.0,34.69,15.96,38.55,18.39
1994-12-19,0.0,35.37,16.82,36.03,18.19
1994-12-20,0.0,33.55,16.86,43.12,20.69
1994-12-21,0.0,34.33,18.12,47.3,21.81
1994-12-22,0.0,33.08,19.65,67.47,24.92
1994-12-23,0.0,36.17,17.78,57.85,21.27
1994-12-24,0.0,37.61,19.32,80.76,29.58
1994-12-25,0.0,37.45,19.72,80.18,20.07
1994-12-26,0.0,35.08,19.56,68.51,21.05
1994-12-27,0.0,35.95,20.65,36.3,19.03
1994-12-28,0.0,33.5,19.43,36.81,17.91
1994-12-29,0.0,33.56,17.07,32.1,13.53
1994-12-30,0.0,33.93,16.48,30.57,13.24
1994-12-31,0.0,34.22,15.68,32.43,12.28
1995-01-01,0.0,35.61,16.06,35.99,14.47
1995-01-02,0.0,36.38,16.53,37.7,16.98
1995-01-03,0.0,33.92,16.51,37.28,17.04
1995-01-04,0.0,32.69,15.24,39.03,17.15
1995-01-05,0.0,34.41,16.71,39.46,17.1
1995-01-06,0.0,33.41,15.45,38.37,16.87
1995-01-07,0.0,29.76,17.66,43.82,22.31
1995-01-08,0.0,31.33,16.32,47.15,20.44
1995-01-09,0.0,32.85,14.95,34.74,13.76
1995-01-10,0.03,31.54,16.12,36.09,18.05
1995-01-11,0.0,29.91,14.66,35.17,18.56
1995-01-12,0.0,31.2,14.5,39.25,19.09
1995-01-13,0.0,32.85,14.41,41.37,17.11
1995-01-14,0.0,34.73,15.16,41.28,14.7
1995-01-15,0.0,34.28,15.54,34.78,13.65
1995-01-16,0.0,31.74,15.41,35.63,14.4
1995-01-17,0.0,31.3,13.51,33.9,13.96
1995-01-18,0.0,31.03,13.92,31.08,13.03
1995-01-19,0.0,31.41,15.1,33.39,15.72
1995-01-20,0.0,32.42,15.23,34.46,13.08
1995-01-21,0.0,33.3,14.63,32.45,12.78
1995-01-22,0.0,35.17,15.82,36.93,15.85
1995-01-23,0.0,32.44,15.58,39.81,18.0
1995-01-24,0.0,32.96,16.95,36.52,17.96
1995-01-25,0.0,33.63,17.52,36.73,18.91
1995-01-26,0.0,36.83,18.05,33.79,16.81
1995-01-27,0.0,35.95,17.85,32.91,16.66
1995-01-28,0.0,34.92,17.78,31.05,15.47
1995-01-29,0.0,35.49,18.33,30.32,14.61
1995-01-30,0.0,34.48,17.22,31.08,12.97
1995-01-31,0.0,33.06,16.83,30.21,15.06
1995-02-01,0.0,36.0,18.15,32.2,15.08
1995-02-02,0.0,36.49,18.13,45.5,17.62
1995-02-03,0.0,35.34,18.15,84.57,29.12
1995-02-04,0.0,37.34,17.84,88.35,23.71
1995-02-05,0.0,38.82,19.52,41.19,16.33
1995-02-06,0.0,38.62,19.11,35.94,13.74
1995-02-07,0.0,35.85,20.1,39.55,19.1
1995-02-08,0.0,37.32,18.66,57.44,20.22
1995-02-09,0.0,38.74,19.49,43.6,15.96
1995-02-10,0.0,34.93,20.15,32.17,14.71
1995-02-11,0.0,34.11,18.33,39.39,17.85
1995-02-12,0.0,34.29,17.89,46.0,23.16
1995-02-13,0.0,36.41,18.05,44.86,20.22
1995-02-14,0.0,36.18,18.43,38.67,18.34
1995-02-15,0.0,37.18,18.41,35.54,13.6
1995-02-16,0.0,37.23,19.57,34.14,14.22
1995-02-17,0.0,39.34,19.08,36.94,15.43
1995-02-18,0.0,39.13,18.96,54.03,19.03
1995-02-19,0.0,38.74,18.35,66.8,22.61
1995-02-20,0.0,36.55,18.8,70.1,22.86
1995-02-21,0.0,37.71,18.76,83.36,27.44
1995-02-22,0.0,38.7,19.07,79.1,24.17
1995-02-23,0.0,36.66,18.67,100.0,47.91
1995-02-24,0.0,39.1,18.73,100.0,14.93
1995-02-25,0.0,39.57,18.63,37.43,13.6
1995-02-26,0.0,38.22,19.25,45.57,16.54
1995-02-27,0.0,33.89,17.2,71.09,34.8
1995-02-28,0.0,32.38,16.52,86.98,44.55
1995-03-01,0.0,36.94,17.61,86.67,21.35
1995-03-02,0.0,37.96,19.81,36.0,17.52
1995-03-03,0.0,38.12,20.1,34.34,14.71
1995-03-04,0.0,38.78,19.89,33.74,15.03
1995-03-05,0.0,39.65,20.3,32.89,14.98
1995-03-06,0.0,39.43,19.54,37.69,15.55
1995-03-07,0.0,39.55,19.36,43.95,15.15
1995-03-08,0.0,39.64,19.82,53.61,15.42
1995-03-09,0.0,37.9,19.23,62.69,19.46
1995-03-10,0.0,34.61,17.96,65.93,28.44
1995-03-11,0.0,33.43,17.71,66.7,31.29
1995-03-12,0.0,32.96,18.05,76.77,38.2
1995-03-13,0.0,33.91,18.34,81.74,33.04
1995-03-14,0.0,35.31,18.53,74.01,34.0
1995-03-15,0.0,33.56,17.86,77.01,36.96
1995-03-16,0.0,34.74,17.63,74.37,33.03
1995-03-17,0.0,36.79,18.29,82.35,30.55
1995-03-18,0.0,36.3,18.16,82.35,31.04
1995-03-19,0.0,35.0,18.01,93.2,42.05
1995-03-20,0.0,33.71,17.56,94.95,44.81
1995-03-21,0.0,34.88,18.0,86.45,35.76
1995-03-22,0.0,36.03,18.4,76.13,33.54
1995-03-23,0.0,34.83,18.54,79.87,38.05
1995-03-24,0.0,33.45,17.54,88.44,41.61
1995-03-25,0.0,34.15,17.49,91.6,44.02
1995-03-26,0.0,34.77,18.22,90.87,42.7
1995-03-27,0.0,35.27,19.18,86.17,40.7
1995-03-28,0.0,36.17,18.69,88.91,33.55
1995-03-29,0.0,37.22,19.21,70.16,29.0
1995-03-30,0.0,36.07,19.1,72.31,33.55
1995-03-31,0.0,35.21,18.42,78.77,36.12
1995-04-01,0.0,36.43,19.46,73.97,31.75
1995-04-02,0.0,35.67,19.4,78.11,33.64
1995-04-03,0.0,35.03,19.33,72.99,34.27
1995-04-04,0.0,34.99,18.35,68.91,29.41
1995-04-05,0.0,34.26,18.65,74.78,32.14
1995-04-06,0.0,34.74,18.51,75.78,32.06
1995-04-07,0.0,34.78,18.72,85.05,37.72
1995-04-08,0.0,34.71,18.39,88.0,38.55
1995-04-09,0.0,34.96,18.42,73.47,28.06
1995-04-10,0.0,34.0,18.1,80.34,31.82
1995-04-11,0.0,35.93,19.2,71.43,30.59
1995-04-12,0.0,38.42,20.34,68.25,24.96
1995-04-13,0.0,39.32,20.03,69.0,24.25
1995-04-14,0.0,38.21,21.07,58.57,26.99
1995-04-15,0.0,34.23,18.83,76.37,34.89
1995-04-16,0.0,34.21,17.92,94.07,35.63
1995-04-17,0.0,33.57,18.13,99.98,43.87
1995-04-18,0.0,34.13,18.68,97.31,39.75
1995-04-19,0.0,36.68,19.28,78.9,31.11
1995-04-20,0.0,37.11,19.73,69.24,27.88
1995-04-21,0.0,33.36,19.17,77.41,39.57
1995-04-22,0.0,37.09,17.73,89.66,27.85
1995-04-23,0.0,40.47,20.35,68.48,16.7
1995-04-24,0.0,40.19,20.88,60.71,18.08
1995-04-25,0.0,39.09,19.73,70.06,21.79
1995-04-26,0.0,38.26,19.78,72.97,25.51
1995-04-27,0.0,38.55,20.03,77.11,22.9
1995-04-28,0.0,38.84,20.58,85.42,26.03
1995-04-29,0.0,41.51,20.69,83.36,17.73
1995-04-30,0.0,42.09,21.24,58.67,15.98
1995-05-01,0.0,38.36,20.63,85.11,25.21
1995-05-02,0.0,35.3,20.0,93.09,35.91
1995-05-03,0.0,35.31,19.45,92.54,35.13
1995-05-04,0.0,36.64,19.35,93.47,30.29
1995-05-05,0.0,37.99,20.09,72.57,23.91
1995-05-06,0.0,35.58,20.47,83.72,37.85
1995-05-07,0.0,34.45,19.25,95.12,40.35
1995-05-08,0.0,35.84,20.25,97.71,37.94
1995-05-09,0.0,36.18,20.24,94.89,39.61
1995-05-10,0.0,34.92,20.54,92.25,42.16
1995-05-11,0.0,34.99,19.86,99.32,42.32
1995-05-12,0.0,35.46,20.35,98.26,43.09
1995-05-13,0.0,33.79,20.86,100.0,50.38
1995-05-14,0.0,36.6,21.71,97.42,40.1
1995-05-15,0.0,36.52,21.58,99.61,42.39
1995-05-16,0.0,37.96,22.26,99.76,42.55
1995-05-17,0.0,37.32,22.3,98.21,45.96
1995-05-18,0.0,35.96,22.55,98.0,53.31
1995-05-19,0.0,36.72,22.65,99.16,51.16
1995-05-20,0.41,36.96,22.77,99.32,48.26
1995-05-21,0.0,37.52,22.91,98.83,45.44
1995-05-22,0.0,32.18,21.86,99.38,54.21
1995-05-23,0.0,32.85,20.83,95.78,51.53
1995-05-24,0.0,34.03,21.42,94.72,52.12
1995-05-25,0.0,35.02,22.28,97.69,50.64
1995-05-26,0.0,35.46,22.13,99.87,47.41
1995-05-27,0.0,35.69,22.81,99.46,50.61
1995-05-28,0.0,35.49,22.79,98.82,55.53
1995-05-29,0.0,36.05,22.44,95.81,37.35
1995-05-30,0.0,33.16,21.18,98.14,53.84
1995-05-31,0.0,33.79,22.33,85.58,45.71
1995-06-01,0.0,35.15,22.14,79.18,37.22
1995-06-02,0.0,36.08,22.74,84.5,38.9
1995-06-03,0.0,35.8,22.5,91.26,42.16
1995-06-04,0.0,35.84,22.79,85.56,38.94
1995-06-05,0.0,36.86,23.1,82.73,36.5
1995-06-06,0.0,37.55,22.74,81.07,30.13
1995-06-07,0.0,35.61,23.24,88.12,38.64
1995-06-08,0.0,37.41,22.81,84.32,30.52
1995-06-09,0.0,37.23,23.65,84.53,35.69
1995-06-10,0.0,34.25,24.36,90.75,46.53
1995-06-11,0.0,34.97,24.33,93.15,49.71
1995-06-12,0.02,33.47,24.42,99.33,59.94
1995-06-13,0.0,34.04,24.54,91.99,56.71
1995-06-14,1.44,34.27,24.08,97.07,58.43
1995-06-15,0.04,33.53,24.12,99.94,62.67
1995-06-16,0.0,35.56,24.29,98.82,51.68
1995-06-17,0.0,35.97,24.65,94.74,48.48
1995-06-18,0.09,35.36,24.82,95.14,56.14
1995-06-19,0.0,34.41,25.64,97.82,59.12
1995-06-20,0.0,35.75,25.42,91.83,51.33
1995-06-21,0.0,36.61,25.01,97.48,48.82
1995-06-22,0.22,34.22,25.5,98.67,59.72
1995-06-23,35.28,34.56,24.29,99.97,55.97
1995-06-24,0.0,35.2,23.94,99.08,53.66
1995-06-25,0.0,35.51,24.55,95.97,48.45
1995-06-26,0.0,35.72,24.28,91.68,42.65
1995-06-27,5.18,32.91,24.07,97.16,59.96
1995-06-28,3.92,33.3,23.57,99.97,60.67
1995-06-29,0.75,33.58,23.89,99.56,63.39
1995-06-30,0.0,33.66,25.1,98.5,57.71
1995-07-01,1.61,36.55,25.35,82.83,45.28
1995-07-02,0.0,34.48,25.21,85.91,55.87
1995-07-03,0.0,34.3,24.18,92.77,57.0
1995-07-04,0.0,31.25,24.51,99.59,70.9
1995-07-05,5.92,34.94,24.68,96.93,56.99
1995-07-06,1.06,32.9,23.95,99.24,67.76
1995-07-07,0.0,32.83,24.99,93.03,69.05
1995-07-08,9.61,30.92,24.32,97.88,73.77
1995-07-09,3.18,32.31,23.88,89.9,62.99
1995-07-10,0.0,34.03,24.07,90.45,62.7
1995-07-11,21.48,31.5,24.92,99.99,72.62
1995-07-12,11.08,30.61,23.59,99.95,73.13
1995-07-13,17.67,32.56,23.95,99.17,66.1
1995-07-14,0.0,31.77,23.41,98.52,70.35
1995-07-15,0.0,33.53,24.87,90.01,64.47
1995-07-16,0.0,33.21,25.13,91.71,63.67
1995-07-17,0.0,33.19,25.77,88.78,59.95
1995-07-18,0.0,34.42,23.83,88.84,51.53
1995-07-19,0.64,34.96,24.94,85.83,53.06
1995-07-20,0.1,30.88,24.11,99.28,73.09
1995-07-21,1.7,30.52,23.41,99.36,73.29
1995-07-22,5.25,29.09,23.73,99.97,79.18
1995-07-23,29.29,30.04,23.35,99.98,76.13
1995-07-24,2.46,30.38,23.48,99.98,79.46
1995-07-25,4.96,32.56,24.6,99.54,71.07
1995-07-26,0.0,31.24,24.62,99.98,76.79
1995-07-27,5.08,30.33,23.81,99.84,79.89
1995-07-28,20.68,29.99,23.54,99.82,77.08
1995-07-29,33.92,29.47,23.74,99.99,79.73
1995-07-30,14.15,30.8,23.82,99.94,77.77
1995-07-31,2.54,31.04,24.58,99.96,75.5
1995-08-01,18.11,32.03,24.43,97.53,71.51
1995-08-02,15.6,28.97,23.79,99.47,86.92
1995-08-03,0.0,29.86,23.54,99.77,77.52
1995-08-04,1.73,30.75,23.98,99.31,74.38
1995-08-05,1.09,31.72,24.84,98.19,72.39
1995-08-06,0.0,31.7,23.99,100.0,69.57
1995-08-07,1.09,31.25,23.78,97.12,73.03
1995-08-08,0.0,32.16,24.46,98.9,72.55
1995-08-09,0.15,32.09,24.63,93.5,68.16
1995-08-10,0.0,32.83,24.94,90.67,62.38
1995-08-11,0.05,31.58,25.17,90.36,69.92
1995-08-12,4.06,33.13,24.72,89.23,63.81
1995-08-13,14.69,30.16,23.9,98.96,72.54
1995-08-14,18.86,30.6,23.29,99.88,74.04
1995-08-15,16.36,31.87,23.43,99.78,73.47
1995-08-16,36.64,28.59,23.76,99.73,86.12
1995-08-17,19.05,27.92,23.19,99.8,88.08
1995-08-18,1.2,31.24,23.42,99.54,72.54
1995-08-19,3.0,32.26,23.76,97.75,70.93
1995-08-20,2.52,33.0,24.04,99.59,68.07
1995-08-21,21.61,32.28,23.94,98.74,70.93
1995-08-22,20.58,31.68,23.82,99.83,76.66
1995-08-23,20.59,31.71,24.24,99.67,73.85
1995-08-24,15.67,29.83,23.82,99.26,78.48
1995-08-25,32.33,29.28,23.66,99.88,83.98
1995-08-26,6.03,32.14,23.05,99.82,68.93
1995-08-27,9.74,32.33,23.03,95.01,69.36
1995-08-28,4.83,32.4,24.05,96.46,68.27
1995-08-29,8.0,30.25,23.34,99.5,74.92
1995-08-30,0.29,31.42,23.41,99.66,73.91
1995-08-31,0.35,31.35,24.06,99.95,74.4
1995-09-01,0.0,31.69,24.55,96.67,70.18
1995-09-02,0.71,30.38,23.78,99.7,76.16
1995-09-03,30.09,30.97,23.8,100.0,74.27
1995-09-04,10.58,32.66,24.12,97.52,71.6
1995-09-05,2.07,31.35,23.83,99.57,76.12
1995-09-06,0.0,31.68,23.52,99.27,73.68
1995-09-07,7.68,32.42,24.13,98.13,71.15
1995-09-08,1.37,30.67,23.46,99.04,80.78
1995-09-09,0.0,32.96,23.95,96.76,69.55
1995-09-10,17.02,31.93,24.19,99.46,72.23
1995-09-11,17.16,28.84,22.68,99.79,82.81
1995-09-12,0.0,31.46,22.93,98.78,72.25
1995-09-13,5.56,32.87,24.59,95.57,67.22
1995-09-14,4.34,31.2,23.67,97.69,76.42
1995-09-15,0.0,33.02,24.33,98.71,69.31
1995-09-16,17.3,32.04,24.53,98.7,75.68
1995-09-17,0.8,31.42,23.7,99.31,77.33
1995-09-18,12.2,32.64,23.77,95.09,66.22
1995-09-19,17.2,28.98,23.63,99.53,87.55
1995-09-20,16.91,28.6,23.62,99.73,87.35
1995-09-21,13.19,29.88,23.55,99.67,82.04
1995-09-22,16.17,33.02,22.75,99.58,71.52
1995-09-23,0.0,32.85,23.96,99.59,69.72
1995-09-24,0.37,32.33,24.17,98.87,73.99
1995-09-25,0.3,31.86,23.38,98.06,70.49
1995-09-26,0.0,31.83,22.94,93.48,66.72
1995-09-27,0.0,31.73,23.43,94.57,69.12
1995-09-28,9.63,32.42,23.55,97.52,67.55
1995-09-29,0.0,32.15,23.05,100.0,69.87
1995-09-30,0.0,32.23,23.9,98.48,70.14
1995-10-01,0.0,33.88,24.04,100.0,65.33
1995-10-02,0.0,34.19,24.21,91.54,51.41
1995-10-03,0.05,32.79,23.68,99.85,73.29
1995-10-04,0.0,33.23,24.4,99.96,72.97
1995-10-05,0.0,33.54,24.47,99.59,70.09
1995-10-06,5.82,31.46,22.89,100.0,78.82
1995-10-07,4.41,31.79,22.85,99.82,78.21
1995-10-08,0.0,30.62,22.8,99.69,83.33
1995-10-09,0.0,32.67,23.79,99.73,69.91
1995-10-10,0.0,32.75,24.15,99.62,73.96
1995-10-11,7.02,32.81,23.64,99.25,76.76
1995-10-12,12.4,31.48,23.52,99.35,81.0
1995-10-13,0.02,33.08,23.14,99.5,60.86
1995-10-14,0.0,33.07,22.99,91.36,54.45
1995-10-15,0.0,33.76,23.73,94.08,60.61
1995-10-16,0.01,33.52,23.8,98.11,60.45
1995-10-17,0.02,32.44,23.18,99.64,67.14
1995-10-18,0.0,32.47,23.54,100.0,72.26
1995-10-19,0.0,33.97,23.43,100.0,59.25
1995-10-20,0.0,33.76,23.72,98.71,48.04
1995-10-21,0.0,33.32,23.24,94.23,56.75
1995-10-22,0.0,33.78,23.53,95.3,55.65
1995-10-23,0.0,34.57,23.88,94.42,56.28
1995-10-24,0.0,34.68,23.82,100.0,59.78
1995-10-25,0.0,36.04,24.13,99.64,42.62
1995-10-26,0.0,36.65,23.24,72.85,29.05
1995-10-27,0.0,35.95,21.27,57.94,26.97
1995-10-28,0.18,35.1,22.53,81.56,41.28
1995-10-29,0.0,34.82,23.64,93.04,47.43
1995-10-30,0.0,35.48,23.87,87.6,42.94
1995-10-31,0.0,36.13,23.94,78.96,42.5
1995-11-01,0.0,37.01,21.78,99.97,43.18
1995-11-02,0.0,37.81,22.06,100.0,31.17
1995-11-03,0.0,36.61,21.58,100.0,44.62
1995-11-04,0.0,37.5,21.41,89.04,27.82
1995-11-05,0.0,37.54,21.5,66.12,30.18
1995-11-06,0.0,36.88,21.6,92.42,39.48
1995-11-07,0.0,37.1,21.54,100.0,38.04
1995-11-08,0.0,36.92,22.36,96.96,44.25
1995-11-09,0.0,36.26,22.5,100.0,37.46
1995-11-10,0.0,35.64,22.12,100.0,53.07
1995-11-11,0.0,34.04,21.06,97.32,44.6
1995-11-12,0.0,34.98,20.72,86.33,32.2
1995-11-13,0.0,38.21,22.07,66.38,29.4
1995-11-14,0.0,38.39,21.66,61.24,23.05
1995-11-15,0.0,37.35,21.33,57.19,27.4
1995-11-16,0.0,36.11,21.29,99.03,41.22
1995-11-17,0.0,37.1,21.21,99.41,33.72
1995-11-18,0.0,37.41,21.04,93.36,37.7
1995-11-19,0.0,37.52,21.51,65.32,28.8
1995-11-20,0.0,36.73,19.76,53.12,20.1
1995-11-21,0.0,35.77,18.51,57.04,23.67
1995-11-22,0.0,36.43,18.93,51.58,22.89
1995-11-23,0.0,36.24,19.82,52.54,21.97
1995-11-24,0.0,36.68,20.0,58.66,27.83
1995-11-25,0.0,36.66,20.82,74.45,26.57
1995-11-26,0.0,36.42,20.52,58.74,27.04
1995-11-27,0.0,36.57,20.49,71.43,29.23
1995-11-28,0.0,35.13,20.84,94.57,35.31
1995-11-29,0.0,34.03,21.65,92.31,34.64
1995-11-30,0.0,34.45,19.83,65.07,34.08
1995-12-01,0.0,34.14,20.33,74.52,32.77
1995-12-02,0.23,30.69,20.26,71.34,39.19
1995-12-03,0.0,32.37,18.53,86.53,49.28
1995-12-04,0.0,32.54,18.72,81.11,43.22
1995-12-05,0.0,34.02,19.22,59.04,30.06
1995-12-06,0.0,35.03,19.48,54.04,28.78
1995-12-07,0.0,34.47,19.04,54.85,26.0
1995-12-08,0.0,33.47,19.5,48.99,27.33
1995-12-09,0.0,33.45,18.67,52.25,30.65
1995-12-10,0.0,34.47,19.1,54.9,30.6
1995-12-11,0.0,34.76,19.46,60.55,33.93
1995-12-12,0.0,36.08,20.46,61.33,36.0
1995-12-13,0.0,35.12,20.54,91.4,45.49
1995-12-14,0.04,33.82,20.75,69.96,40.47
1995-12-15,0.0,32.2,18.86,78.89,49.38
1995-12-16,0.0,34.61,18.95,99.43,42.45
1995-12-17,0.0,35.83,19.94,72.67,41.75
1995-12-18,0.0,36.39,20.78,72.65,37.85
1995-12-19,0.0,35.77,19.85,66.25,38.0
1995-12-20,0.0,36.92,19.29,65.19,32.02
1995-12-21,0.0,35.84,19.07,60.75,28.09
1995-12-22,0.0,35.1,18.19,55.26,24.18
1995-12-23,0.0,33.4,16.67,49.99,22.92
1995-12-24,0.0,32.88,15.25,54.74,22.15
1995-12-25,0.0,34.39,15.4,50.11,23.6
1995-12-26,0.0,36.0,18.25,66.43,25.57
1995-12-27,0.0,37.79,19.49,59.53,21.82
1995-12-28,0.0,34.48,19.21,47.61,21.0
1995-12-29,0.0,35.79,16.99,46.88,21.86
1995-12-30,0.0,35.39,16.6,47.2,18.77
1995-12-31,0.0,36.44,15.42,45.79,17.28
1996-01-01,0.0,36.75,16.9,50.04,17.52
1996-01-02,0.0,37.13,18.63,39.05,15.83
1996-01-03,0.0,36.0,18.21,67.35,24.26
1996-01-04,0.0,36.88,18.96,92.83,24.62
1996-01-05,0.0,37.88,18.48,66.7,23.28
1996-01-06,0.0,36.59,17.9,91.15,20.86
1996-01-07,0.0,36.64,18.15,57.83,22.5
1996-01-08,0.0,37.04,17.41,57.91,20.84
1996-01-09,0.0,37.0,17.18,47.43,18.27
1996-01-10,0.0,35.3,16.73,43.17,16.27
1996-01-11,0.0,33.62,16.57,43.78,20.41
1996-01-12,0.0,33.29,15.81,59.7,26.34
1996-01-13,0.0,33.36,15.18,50.51,21.0
1996-01-14,0.0,35.24,15.96,49.31,20.05
1996-01-15,0.0,33.14,15.86,89.79,27.08
1996-01-16,0.0,28.75,14.63,98.21,58.56
1996-01-17,0.0,30.5,14.84,95.78,45.28
1996-01-18,0.0,32.52,15.46,83.61,36.02
1996-01-19,0.0,34.76,16.87,73.95,30.05
1996-01-20,0.0,34.66,17.05,62.34,25.54
1996-01-21,0.0,36.13,17.46,51.38,24.76
1996-01-22,0.0,36.45,18.12,75.6,28.06
1996-01-23,0.0,34.09,17.63,77.41,30.45
1996-01-24,0.0,34.28,17.63,71.31,35.91
1996-01-25,0.0,34.75,18.12,75.84,35.85
1996-01-26,0.0,36.63,17.83,61.5,31.06
1996-01-27,0.0,34.97,16.86,84.23,37.6
1996-01-28,0.0,33.68,17.19,93.01,38.86
1996-01-29,0.0,38.22,18.52,62.02,22.75
1996-01-30,0.0,38.03,19.43,76.57,31.41
1996-01-31,0.0,40.52,18.91,85.89,21.85
1996-02-01,0.0,41.12,20.88,54.99,24.49
1996-02-02,0.0,39.04,20.33,78.22,38.0
1996-02-03,0.0,33.03,18.66,90.93,37.96
1996-02-04,0.0,33.29,17.29,77.33,35.91
1996-02-05,0.0,37.74,18.35,67.04,28.77
1996-02-06,0.0,39.39,20.05,60.73,25.9
1996-02-07,0.0,37.28,19.37,53.01,21.28
1996-02-08,0.0,37.93,18.16,44.09,19.58
1996-02-09,0.0,36.48,17.55,61.35,21.46
1996-02-10,0.0,37.1,16.85,77.04,22.15
1996-02-11,0.0,37.63,18.2,66.36,22.6
1996-02-12,0.0,35.28,18.25,61.51,28.41
1996-02-13,0.0,36.47,17.32,66.22,26.83
1996-02-14,0.0,34.44,17.04,98.0,40.51
1996-02-15,0.0,30.83,15.89,100.0,60.13
1996-02-16,0.0,31.27,17.27,94.15,51.93
1996-02-17,0.0,34.09,17.74,95.27,37.06
1996-02-18,0.0,34.29,18.32,80.06,37.62
1996-02-19,0.0,38.66,18.72,75.54,17.66
1996-02-20,0.0,39.12,19.86,57.61,18.37
1996-02-21,0.0,36.86,19.26,96.56,43.2
1996-02-22,0.0,35.18,18.62,91.95,36.24
1996-02-23,0.0,35.78,18.36,84.48,37.58
1996-02-24,0.0,35.42,18.41,84.13,36.35
1996-02-25,0.0,34.08,17.59,98.38,46.18
1996-02-26,0.0,34.34,16.88,93.88,35.32
1996-02-27,0.0,35.92,18.04,66.95,24.82
1996-02-28,0.0,37.29,18.08,42.49,20.08
1996-02-29,0.0,39.19,18.42,43.88,18.74
1996-03-01,0.0,38.92,18.72,60.59,20.21
1996-03-02,0.0,39.2,19.15,65.33,18.38
1996-03-03,0.0,33.87,19.57,79.42,37.98
1996-03-04,0.0,30.95,17.34,96.84,48.71
1996-03-05,0.0,32.68,19.36,83.92,40.5
1996-03-06,0.0,33.76,18.56,78.67,39.3
1996-03-07,0.0,30.25,18.83,84.38,49.72
1996-03-08,0.0,31.34,17.7,82.61,45.52
1996-03-09,0.0,33.45,19.03,79.42,34.77
1996-03-10,0.0,32.29,20.12,71.98,36.91
1996-03-11,0.0,30.42,18.2,70.78,39.47
1996-03-12,0.0,31.69,16.19,83.78,32.77
1996-03-13,0.0,34.14,16.59,54.57,21.61
1996-03-14,0.0,34.95,16.99,64.01,27.03
1996-03-15,0.0,36.55,17.82,61.23,22.49
1996-03-16,0.0,37.48,19.47,54.91,22.37
1996-03-17,0.0,39.84,20.49,52.55,20.11
1996-03-18,0.0,40.97,21.83,47.82,20.19
1996-03-19,0.0,40.51,20.76,62.79,20.7
1996-03-20,0.0,40.0,19.62,76.98,26.98
1996-03-21,0.0,37.11,19.48,74.25,35.64
1996-03-22,0.0,35.5,19.07,90.11,41.92
1996-03-23,0.0,37.92,19.02,86.5,31.2
1996-03-24,0.0,37.89,19.27,84.01,32.6
1996-03-25,0.0,37.91,18.51,77.3,32.74
1996-03-26,0.0,39.03,19.05,81.16,29.27
1996-03-27,0.0,36.18,19.44,93.29,41.51
1996-03-28,0.0,36.21,20.04,92.11,43.19
1996-03-29,0.0,36.57,19.04,98.95,35.37
1996-03-30,0.0,40.89,18.84,91.64,19.94
1996-03-31,0.0,36.82,19.15,89.76,41.31
1996-04-01,0.0,33.38,19.86,100.0,55.94
1996-04-02,0.0,33.51,20.9,98.93,51.75
1996-04-03,0.0,34.32,19.36,96.19,46.34
1996-04-04,0.0,38.73,19.91,93.56,27.26
1996-04-05,0.0,36.92,19.85,77.23,29.61
1996-04-06,0.0,38.64,20.36,89.29,25.26
1996-04-07,0.0,41.94,20.39,90.81,18.11
1996-04-08,0.0,41.65,21.07,66.63,16.03
1996-04-09,0.0,37.92,19.93,82.14,29.17
1996-04-10,0.0,33.86,19.2,96.17,44.05
1996-04-11,0.0,32.6,19.91,99.73,51.33
1996-04-12,0.0,29.68,19.31,97.08,60.02
1996-04-13,0.0,30.65,18.88,98.55,55.98
1996-04-14,0.0,31.99,18.04,91.0,40.5
1996-04-15,0.0,35.92,18.53,94.48,35.6
1996-04-16,0.0,36.16,19.73,99.51,40.49
1996-04-17,0.0,39.51,19.81,95.96,26.08
1996-04-18,0.0,38.99,20.65,72.37,26.86
1996-04-19,0.0,37.09,20.2,81.62,34.91
1996-04-20,0.0,34.01,18.96,84.8,41.18
1996-04-21,0.0,33.31,18.48,89.26,42.78
1996-04-22,0.0,34.17,17.95,85.39,38.8
1996-04-23,0.0,35.37,18.84,89.74,32.96
1996-04-24,0.0,36.12,19.02,91.06,32.95
1996-04-25,0.0,36.13,19.02,98.0,40.52
1996-04-26,0.0,38.02,19.49,96.85,33.61
1996-04-27,0.0,39.55,20.62,77.26,29.66
1996-04-28,0.0,38.06,20.53,81.95,32.47
1996-04-29,0.0,38.43,20.39,83.16,32.21
1996-04-30,0.0,41.78,20.67,76.93,18.35
1996-05-01,0.0,39.34,20.65,96.29,27.76
1996-05-02,0.0,41.72,21.0,90.09,19.34
1996-05-03,0.0,42.41,23.09,76.38,18.42
1996-05-04,0.0,41.04,22.3,85.19,18.54
1996-05-05,0.0,38.2,21.91,100.0,33.93
1996-05-06,0.0,43.39,22.64,86.76,15.54
1996-05-07,0.0,38.75,22.57,95.13,37.41
1996-05-08,0.0,35.19,22.0,98.49,42.05
1996-05-09,0.0,34.83,21.01,90.47,44.71
1996-05-10,0.0,38.57,22.22,80.93,29.74
1996-05-11,0.0,41.23,22.51,68.85,18.58
1996-05-12,0.0,39.48,21.4,99.64,29.13
1996-05-13,0.0,34.45,22.31,91.1,47.33
1996-05-14,0.0,35.89,21.51,92.11,37.53
1996-05-15,0.0,36.36,21.37,97.25,39.54
1996-05-16,0.0,36.41,21.08,91.6,36.3
1996-05-17,0.0,37.4,21.24,93.7,35.57
1996-05-18,0.0,33.92,22.08,87.12,40.55
1996-05-19,0.0,38.29,22.49,79.5,34.72
1996-05-20,0.0,33.05,21.6,96.92,52.41
1996-05-21,0.0,38.04,21.64,95.39,31.8
1996-05-22,0.0,36.24,21.5,98.29,37.17
1996-05-23,0.0,33.93,21.02,97.59,44.16
1996-05-24,0.0,34.6,21.08,84.41,41.82
1996-05-25,0.02,35.96,21.06,90.6,36.39
1996-05-26,0.0,38.01,21.61,99.99,32.93
1996-05-27,0.0,34.89,22.07,99.57,46.28
1996-05-28,0.0,33.75,22.83,96.22,52.16
1996-05-29,0.0,34.77,22.74,98.43,49.39
1996-05-30,9.57,35.58,22.61,94.12,43.55
1996-05-31,0.0,35.02,22.38,95.47,36.29
1996-06-01,0.0,37.28,23.41,82.2,36.98
1996-06-02,0.0,35.31,24.09,92.13,51.63
1996-06-03,0.0,33.7,25.12,93.7,60.71
1996-06-04,0.12,34.15,24.35,97.72,56.25
1996-06-05,0.0,33.7,23.7,89.9,48.75
1996-06-06,0.0,34.97,21.12,78.91,36.62
1996-06-07,0.0,33.63,23.1,87.98,48.86
1996-06-08,0.0,34.28,23.54,92.18,54.32
1996-06-09,0.0,34.2,23.53,91.23,51.65
1996-06-10,0.0,34.17,23.03,78.89,44.39
1996-06-11,0.0,33.48,23.41,89.34,53.28
1996-06-12,0.0,34.04,23.93,88.14,50.08
1996-06-13,0.0,34.89,24.75,87.07,51.01
1996-06-14,13.46,36.47,24.74,86.74,47.95
1996-06-15,0.0,36.03,24.21,99.47,52.9
1996-06-16,0.0,34.44,24.58,98.82,54.99
1996-06-17,0.0,36.36,24.44,94.95,47.96
1996-06-18,0.0,35.72,25.11,99.21,56.92
1996-06-19,0.0,35.22,25.14,97.29,58.52
1996-06-20,0.0,36.04,24.63,88.07,41.29
1996-06-21,0.0,34.83,23.95,93.93,49.9
1996-06-22,0.0,33.24,24.08,96.61,54.56
1996-06-23,0.0,33.08,23.83,95.07,57.62
1996-06-24,0.0,34.3,24.09,89.86,52.95
1996-06-25,0.08,34.17,24.39,97.73,57.74
1996-06-26,0.01,34.08,23.77,91.37,51.54
1996-06-27,0.0,34.87,24.2,89.12,48.68
1996-06-28,0.0,34.3,23.16,84.77,47.34
1996-06-29,0.0,34.9,24.67,90.3,53.41
1996-06-30,22.81,33.55,24.02,99.58,62.81
1996-07-01,0.06,30.75,23.78,99.61,75.12
1996-07-02,2.6,32.45,23.57,94.99,65.11
1996-07-03,1.49,34.79,23.68,98.75,54.33
1996-07-04,0.0,34.15,25.07,92.01,60.32
1996-07-05,0.0,34.93,25.54,87.0,52.72
1996-07-06,0.0,33.95,25.09,89.15,55.39
1996-07-07,25.1,33.1,25.0,95.96,59.94
1996-07-08,4.12,31.78,23.06,100.0,68.14
1996-07-09,0.0,33.38,23.33,93.81,60.72
1996-07-10,14.6,34.08,24.51,98.14,60.6
1996-07-11,0.0,33.03,24.57,93.06,58.04
1996-07-12,0.51,33.54,25.42,82.68,54.36
1996-07-13,7.97,32.22,24.74,96.75,66.69
1996-07-14,0.2,33.67,24.27,97.21,59.36
1996-07-15,8.08,33.6,24.31,92.04,58.6
1996-07-16,0.0,34.55,24.67,91.4,53.14
1996-07-17,0.0,35.22,24.53,89.81,53.41
1996-07-18,12.15,32.9,24.66,90.36,64.92
1996-07-19,0.22,32.56,24.57,100.0,71.62
1996-07-20,17.24,32.6,24.73,99.77,69.5
1996-07-21,0.0,35.0,23.96,93.01,54.55
1996-07-22,0.0,31.43,25.16,99.8,71.21
1996-07-23,18.33,30.76,24.3,99.97,75.09
1996-07-24,24.5,28.86,22.96,99.85,83.08
1996-07-25,8.89,31.2,23.1,99.88,73.8
1996-07-26,9.12,31.54,23.62,99.98,73.54
1996-07-27,10.58,31.15,24.48,99.29,75.57
1996-07-28,24.29,30.32,23.8,99.72,79.87
1996-07-29,11.19,30.52,23.84,100.0,75.32
1996-07-30,29.08,30.34,23.25,99.91,77.85
1996-07-31,62.01,30.08,23.15,99.84,78.48
1996-08-01,2.34,30.89,23.75,98.71,72.08
1996-08-02,0.67,31.43,23.78,97.06,70.3
1996-08-03,1.16,32.05,23.71,94.43,67.21
1996-08-04,32.88,33.16,24.47,90.98,62.78
1996-08-05,15.41,33.31,24.76,88.93,62.28
1996-08-06,4.17,30.42,23.22,99.63,79.3
1996-08-07,18.84,31.74,23.75,98.45,70.18
1996-08-08,0.53,33.07,23.67,96.6,67.3
1996-08-09,0.0,32.64,24.7,96.45,70.47
1996-08-10,0.0,31.74,25.13,93.56,72.26
1996-08-11,0.0,32.74,24.77,93.61,61.8
1996-08-12,2.79,31.61,24.49,97.94,69.93
1996-08-13,0.0,30.67,23.67,98.88,76.23
1996-08-14,0.1,31.19,24.03,98.35,71.61
1996-08-15,2.15,33.13,24.66,90.79,62.8
1996-08-16,2.21,30.6,24.05,92.27,76.45
1996-08-17,0.0,33.58,23.48,96.23,61.59
1996-08-18,0.36,31.89,24.74,96.32,68.34
1996-08-19,0.22,31.07,23.69,99.85,74.05
1996-08-20,1.92,32.97,23.43,92.83,62.23
1996-08-21,3.62,29.35,24.02,99.6,79.96
1996-08-22,14.57,32.4,23.82,99.36,68.77
1996-08-23,4.1,30.76,23.68,99.83,77.98
1996-08-24,15.07,28.87,23.62,97.77,81.6
1996-08-25,0.33,31.95,23.41,99.17,73.2
1996-08-26,4.25,31.13,24.25,96.0,75.36
1996-08-27,0.0,30.05,23.52,98.96,77.32
1996-08-28,22.05,31.43,23.85,99.0,72.02
1996-08-29,1.96,30.79,23.67,99.53,75.45
1996-08-30,0.0,31.13,24.27,99.38,76.56
1996-08-31,0.05,31.92,23.67,94.97,67.37
1996-09-01,0.0,31.0,23.77,99.78,77.84
1996-09-02,29.59,32.7,22.94,97.89,59.76
1996-09-03,0.37,29.86,23.04,99.82,79.28
1996-09-04,7.45,30.44,23.07,97.8,76.02
1996-09-05,37.82,32.57,23.81,97.8,68.93
1996-09-06,4.35,32.48,23.64,98.95,69.04
1996-09-07,28.93,30.21,23.0,99.7,78.89
1996-09-08,0.0,30.88,22.8,99.4,74.3
1996-09-09,0.0,31.83,23.8,94.04,71.44
1996-09-10,0.0,32.24,24.74,94.02,69.17
1996-09-11,0.0,32.68,24.03,92.55,65.08
1996-09-12,0.0,30.98,23.99,96.58,70.68
1996-09-13,5.28,32.71,22.79,88.52,58.79
1996-09-14,0.92,32.72,23.02,85.85,51.02
1996-09-15,0.49,32.65,23.35,92.55,61.15
1996-09-16,6.19,33.07,23.9,98.3,64.31
1996-09-17,8.89,32.24,23.2,99.62,73.89
1996-09-18,4.14,33.08,24.08,99.44,72.87
1996-09-19,0.02,30.98,23.54,99.17,77.9
1996-09-20,0.0,31.99,23.99,96.63,72.43
1996-09-21,0.0,31.82,23.97,97.14,72.37
1996-09-22,17.88,32.79,23.65,96.63,67.43
1996-09-23,0.21,32.37,23.29,98.96,72.07
1996-09-24,0.0,31.93,23.17,99.15,70.77
1996-09-25,0.0,32.45,24.24,98.11,69.28
1996-09-26,6.48,34.2,23.39,92.97,54.96
1996-09-27,11.04,32.04,23.46,99.47,72.71
1996-09-28,0.0,31.48,22.74,99.69,72.73
1996-09-29,0.0,32.62,23.92,96.45,69.84
1996-09-30,26.7,33.02,23.89,95.19,68.52
1996-10-01,0.0,30.52,22.34,99.27,82.34
1996-10-02,0.0,30.31,22.53,99.2,78.65
1996-10-03,0.0,32.89,23.03,99.98,69.11
1996-10-04,0.0,32.67,23.49,98.62,76.63
1996-10-05,0.0,32.64,23.2,100.0,72.04
1996-10-06,0.0,32.89,23.93,99.79,69.54
1996-10-07,6.05,33.34,24.11,99.56,71.28
1996-10-08,0.65,32.58,23.18,99.36,72.05
1996-10-09,0.0,32.18,22.91,99.52,77.0
1996-10-10,0.0,32.28,23.6,99.6,72.85
1996-10-11,0.0,33.31,24.15,99.34,69.98
1996-10-12,0.0,34.27,24.54,99.41,64.5
1996-10-13,0.0,35.26,24.1,95.56,56.78
1996-10-14,0.0,35.97,24.28,95.14,54.68
1996-10-15,0.0,35.91,23.34,99.7,53.48
1996-10-16,5.17,32.48,24.13,100.0,72.4
1996-10-17,0.07,31.78,22.52,99.7,72.04
1996-10-18,0.0,35.5,23.78,99.95,47.77
1996-10-19,0.0,35.0,23.37,89.9,49.54
1996-10-20,0.0,35.71,23.95,87.54,48.59
1996-10-21,0.0,36.16,24.36,93.12,51.7
1996-10-22,0.0,35.22,24.12,96.59,58.53
1996-10-23,0.0,36.5,24.64,92.57,40.76
1996-10-24,0.0,37.29,23.35,79.18,27.8
1996-10-25,0.48,36.01,23.69,84.93,44.46
1996-10-26,0.13,35.45,23.61,85.87,50.62
1996-10-27,0.0,36.59,24.24,89.44,44.8
1996-10-28,0.0,38.49,24.25,90.87,27.71
1996-10-29,0.0,37.42,24.4,87.29,34.85
1996-10-30,0.0,37.1,24.15,86.68,34.39
1996-10-31,0.0,37.49,24.58,83.47,38.37
1996-11-01,0.0,36.92,22.37,98.5,46.13
1996-11-02,0.0,35.75,22.39,100.0,52.54
1996-11-03,0.0,37.27,22.33,99.66,34.39
1996-11-04,0.0,37.38,21.64,81.81,19.58
1996-11-05,0.0,36.95,19.89,53.24,22.84
1996-11-06,0.0,37.0,20.94,67.53,25.38
1996-11-07,3.02,35.17,22.04,92.79,49.59
1996-11-08,0.0,35.08,21.84,99.43,44.31
1996-11-09,0.0,37.26,21.27,60.18,19.78
1996-11-10,0.0,37.62,19.83,48.18,20.29
1996-11-11,0.0,36.04,20.56,67.96,25.9
1996-11-12,0.0,36.05,20.44,89.17,35.09
1996-11-13,0.0,35.45,20.41,94.27,35.22
1996-11-14,0.0,35.32,20.17,93.61,31.61
1996-11-15,0.0,35.71,20.21,82.7,25.63
1996-11-16,0.0,34.27,20.96,67.08,28.3
1996-11-17,0.0,37.36,20.62,57.16,19.93
1996-11-18,0.0,35.73,20.15,58.0,24.42
1996-11-19,0.0,36.63,20.21,54.0,23.32
1996-11-20,0.0,36.45,19.73,60.56,21.09
1996-11-21,0.0,37.42,19.98,47.68,18.32
1996-11-22,0.0,37.14,19.21,48.63,17.89
1996-11-23,0.0,36.1,19.26,62.02,18.47
1996-11-24,0.0,37.32,19.57,51.84,16.45
1996-11-25,0.0,36.29,19.86,86.5,32.81
1996-11-26,0.0,36.06,20.69,100.0,40.85
1996-11-27,0.0,35.49,20.5,100.0,41.67
1996-11-28,0.0,35.54,20.05,100.0,33.92
1996-11-29,0.0,35.82,18.95,99.14,16.18
1996-11-30,0.0,36.06,17.75,45.03,14.46
1996-12-01,0.0,36.08,17.27,48.7,18.86
1996-12-02,0.0,35.58,17.29,64.62,22.82
1996-12-03,0.0,36.28,18.31,56.28,19.16
1996-12-04,0.0,34.91,18.31,53.45,19.13
1996-12-05,0.0,34.94,18.41,41.85,19.49
1996-12-06,0.0,34.14,18.8,48.88,19.79
1996-12-07,0.0,35.0,18.09,42.0,19.4
1996-12-08,0.0,34.93,18.19,47.81,22.73
1996-12-09,0.0,34.21,17.43,48.06,23.32
1996-12-10,0.0,35.4,18.01,51.48,23.7
1996-12-11,0.0,36.48,18.52,53.05,23.32
1996-12-12,0.0,37.2,18.33,78.79,23.12
1996-12-13,0.0,37.96,18.88,72.62,22.02
1996-12-14,0.0,38.93,18.72,51.19,19.76
1996-12-15,0.0,36.51,19.08,43.38,17.77
1996-12-16,0.0,36.94,17.28,38.77,13.69
1996-12-17,0.0,36.33,16.25,44.21,12.27
1996-12-18,0.0,35.69,16.63,52.91,15.19
1996-12-19,0.0,35.59,16.57,39.0,14.52
1996-12-20,0.0,36.08,16.66,40.97,15.46
1996-12-21,0.0,32.52,17.28,84.65,23.36
1996-12-22,0.0,30.8,16.19,96.53,48.57
1996-12-23,0.0,32.63,16.74,95.94,42.24
1996-12-24,0.0,34.96,17.79,73.02,31.09
1996-12-25,0.0,36.86,18.87,63.79,19.35
1996-12-26,0.0,37.18,18.48,49.59,18.3
1996-12-27,0.0,36.8,18.09,51.32,16.67
1996-12-28,0.0,36.67,19.22,38.14,15.23
1996-12-29,0.0,35.86,18.56,44.03,18.36
1996-12-30,0.0,36.61,18.84,56.15,19.71
1996-12-31,0.0,34.11,17.82,97.26,40.33
1997-01-01,0.0,32.06,17.21,100.0,38.48
1997-01-02,0.0,34.1,17.51,62.82,26.45
1997-01-03,0.0,36.61,18.57,52.27,21.24
1997-01-04,0.0,35.76,19.99,48.41,26.84
1997-01-05,0.0,36.54,19.32,53.91,28.17
1997-01-06,0.0,38.16,19.58,58.28,26.29
1997-01-07,0.0,37.23,20.18,70.95,25.76
1997-01-08,0.0,37.08,20.33,60.22,24.37
1997-01-09,0.0,38.54,21.05,41.06,18.7
1997-01-10,0.0,36.75,19.23,45.72,20.95
1997-01-11,0.0,36.77,19.0,51.26,20.93
1997-01-12,0.0,36.16,19.81,78.8,30.87
1997-01-13,0.0,32.42,17.08,87.13,42.56
1997-01-14,0.0,31.63,17.11,87.98,44.76
1997-01-15,0.0,32.69,16.73,87.66,41.67
1997-01-16,0.0,35.6,17.69,70.54,30.91
1997-01-17,0.0,38.0,18.76,59.21,25.79
1997-01-18,0.0,38.21,19.49,48.77,18.87
1997-01-19,0.0,38.35,18.48,50.62,17.55
1997-01-20,0.0,34.76,17.95,58.09,24.87
1997-01-21,0.0,29.49,16.04,88.14,49.47
1997-01-22,0.0,29.77,15.0,84.28,35.3
1997-01-23,0.0,32.59,16.0,60.26,26.65
1997-01-24,0.0,34.2,17.93,43.15,22.09
1997-01-25,0.0,36.16,17.45,45.8,21.98
1997-01-26,0.0,37.16,18.15,47.15,21.63
1997-01-27,0.0,37.25,17.98,72.13,26.12
1997-01-28,0.0,37.73,18.73,65.52,14.95
1997-01-29,0.0,36.03,17.57,35.8,14.99
1997-01-30,0.0,37.86,17.49,55.5,14.46
1997-01-31,0.0,36.93,17.28,84.91,18.58
1997-02-01,0.0,37.9,18.77,62.55,14.54
1997-02-02,0.0,35.44,18.35,98.18,30.95
1997-02-03,0.0,33.18,18.08,98.52,52.85
1997-02-04,0.0,33.32,17.52,97.7,52.36
1997-02-05,0.0,34.37,17.84,98.84,42.38
1997-02-06,0.0,37.89,18.11,99.94,19.85
1997-02-07,0.0,38.22,18.95,78.64,23.51
1997-02-08,0.0,35.83,18.17,100.0,42.37
1997-02-09,0.0,38.49,17.82,99.59,13.68
1997-02-10,0.0,39.36,19.67,38.42,11.65
1997-02-11,0.0,38.44,18.46,49.16,17.82
1997-02-12,0.0,34.69,18.09,100.0,44.6
1997-02-13,0.0,38.18,18.49,97.96,21.41
1997-02-14,0.0,38.94,19.19,47.6,14.16
1997-02-15,0.0,38.49,18.44,35.92,15.49
1997-02-16,0.0,38.6,18.79,57.34,16.58
1997-02-17,0.0,38.57,18.44,60.51,9.57
1997-02-18,0.0,39.03,18.36,30.58,11.43
1997-02-19,0.0,39.05,18.78,36.13,13.47
1997-02-20,0.0,39.74,19.09,73.34,9.88
1997-02-21,0.0,39.44,19.19,44.0,14.79
1997-02-22,0.0,37.92,18.74,87.55,28.1
1997-02-23,0.0,39.41,18.33,83.59,11.17
1997-02-24,0.0,39.68,19.13,51.67,12.17
1997-02-25,0.0,38.5,18.57,89.1,26.96
1997-02-26,0.0,40.27,18.75,97.4,11.59
1997-02-27,0.0,39.62,20.01,35.12,10.94
1997-02-28,0.0,36.62,19.6,82.45,17.77
1997-03-01,0.0,39.53,20.23,63.57,14.01
1997-03-02,0.0,40.2,19.34,76.72,15.06
1997-03-03,0.0,41.27,20.29,71.33,12.22
1997-03-04,0.0,40.23,21.17,67.29,15.57
1997-03-05,0.0,39.85,20.73,83.32,9.3
1997-03-06,0.0,39.31,19.87,29.05,10.63
1997-03-07,0.0,40.04,19.77,34.92,10.12
1997-03-08,0.0,39.92,21.77,49.26,13.27
1997-03-09,0.0,36.4,21.76,64.35,17.17
1997-03-10,0.0,38.78,22.02,60.63,21.6
1997-03-11,0.0,40.71,21.53,60.79,15.96
1997-03-12,0.0,41.05,22.48,41.16,13.87
1997-03-13,0.0,39.59,20.91,36.98,11.84
1997-03-14,0.0,37.33,19.15,25.08,10.3
1997-03-15,0.0,36.17,19.31,26.44,11.42
1997-03-16,0.0,38.29,19.69,27.84,12.05
1997-03-17,0.0,39.8,20.73,31.94,12.46
1997-03-18,0.0,40.64,20.86,36.86,10.18
1997-03-19,0.01,41.29,21.49,34.7,9.62
1997-03-20,0.0,40.79,21.79,47.21,13.52
1997-03-21,0.0,41.09,20.42,60.36,14.03
1997-03-22,0.0,39.4,19.98,59.58,19.37
1997-03-23,0.0,35.74,19.0,69.03,29.83
1997-03-24,0.0,34.24,17.79,72.47,33.75
1997-03-25,0.0,35.23,17.49,85.46,30.82
1997-03-26,0.0,34.29,17.7,85.72,36.2
1997-03-27,0.0,34.05,17.31,98.43,35.29
1997-03-28,0.0,33.38,17.37,96.56,33.64
1997-03-29,0.0,31.31,18.42,85.37,43.83
1997-03-30,0.0,32.75,17.08,86.95,40.8
1997-03-31,0.0,34.86,17.29,90.74,38.41
1997-04-01,0.0,34.79,19.36,95.65,39.2
1997-04-02,0.0,33.58,18.33,95.96,46.07
1997-04-03,0.0,30.5,18.88,97.95,53.23
1997-04-04,0.0,30.04,17.95,97.04,51.54
1997-04-05,0.0,34.31,18.53,91.63,37.31
1997-04-06,0.0,35.57,18.48,90.67,37.53
1997-04-07,0.0,37.76,20.36,79.76,33.04
1997-04-08,0.0,38.52,20.74,75.18,26.88
1997-04-09,0.0,39.58,20.22,70.27,22.57
1997-04-10,0.0,40.74,19.77,89.65,22.68
1997-04-11,0.0,37.63,19.68,84.99,32.81
1997-04-12,0.0,38.6,19.71,78.26,26.54
1997-04-13,0.0,38.03,19.97,75.83,25.17
1997-04-14,0.0,38.65,19.67,68.68,22.83
1997-04-15,0.0,37.68,20.23,78.23,28.82
1997-04-16,0.0,35.96,19.14,80.11,32.81
1997-04-17,0.0,36.0,18.88,77.42,31.78
1997-04-18,0.0,35.15,18.72,82.66,33.43
1997-04-19,0.0,34.54,18.28,96.86,37.88
1997-04-20,0.0,35.09,18.33,89.55,38.32
1997-04-21,0.0,37.5,19.72,90.29,30.59
1997-04-22,0.0,39.89,20.37,70.05,18.0
1997-04-23,0.0,40.39,21.03,67.05,19.53
1997-04-24,0.0,40.27,20.31,74.79,19.91
1997-04-25,0.0,40.0,20.46,84.31,23.72
1997-04-26,0.0,40.56,20.85,74.75,19.36
1997-04-27,0.0,35.88,19.84,93.91,43.91
1997-04-28,0.0,35.67,20.07,99.35,49.51
1997-04-29,0.0,34.56,19.89,99.13,55.58
1997-04-30,0.0,36.35,19.86,99.9,43.43
1997-05-01,0.0,33.82,20.08,99.95,46.16
1997-05-02,0.0,36.2,19.47,100.0,37.57
1997-05-03,0.0,36.81,20.45,98.79,37.52
1997-05-04,0.0,34.12,20.23,100.0,49.13
1997-05-05,0.0,33.83,20.42,99.4,50.54
1997-05-06,0.0,34.69,20.27,99.97,48.43
1997-05-07,0.0,33.85,20.89,99.94,56.82
1997-05-08,0.06,34.69,22.11,100.0,54.64
1997-05-09,0.0,35.07,22.54,99.08,52.83
1997-05-10,0.04,37.49,22.75,99.46,41.59
1997-05-11,0.0,37.6,22.66,99.99,36.89
1997-05-12,0.0,40.49,22.86,82.8,22.95
1997-05-13,0.0,37.55,22.09,93.87,34.48
1997-05-14,0.0,40.27,22.81,87.63,23.58
1997-05-15,0.0,37.65,22.25,99.3,38.74
1997-05-16,0.0,36.86,21.84,97.13,38.7
1997-05-17,0.0,37.4,21.03,97.75,32.13
1997-05-18,0.0,37.95,21.36,98.39,32.54
1997-05-19,0.0,36.99,21.72,99.66,37.92
1997-05-20,0.0,39.81,22.48,92.93,32.9
1997-05-21,0.07,35.05,22.55,98.18,52.6
1997-05-22,0.0,39.08,22.55,95.38,32.18
1997-05-23,0.0,38.88,22.66,98.27,33.88
1997-05-24,0.0,36.22,22.26,99.32,46.65
1997-05-25,0.0,35.6,22.04,99.91,45.89
1997-05-26,0.0,37.29,22.08,90.67,36.27
1997-05-27,0.0,37.0,22.56,93.27,41.81
1997-05-28,0.0,36.39,23.16,98.25,49.74
1997-05-29,0.0,36.41,23.11,96.5,48.42
1997-05-30,0.1,36.48,23.3,96.01,50.56
1997-05-31,0.0,37.07,22.93,98.18,48.95
1997-06-01,0.02,35.57,23.65,99.77,51.58
1997-06-02,0.0,35.09,23.98,98.02,50.58
1997-06-03,0.0,35.18,24.18,88.12,46.74
1997-06-04,0.0,35.81,24.77,87.88,47.88
1997-06-05,2.12,34.79,24.89,90.02,53.55
1997-06-06,0.0,34.52,24.38,96.05,55.78
1997-06-07,0.0,36.75,24.37,95.21,45.83
1997-06-08,6.14,34.47,25.39,99.73,60.99
1997-06-09,0.31,36.28,24.02,96.09,50.74
1997-06-10,0.0,34.59,24.66,95.87,54.35
1997-06-11,0.0,33.02,25.17,97.63,62.27
1997-06-12,0.21,33.03,24.1,98.15,62.25
1997-06-13,0.01,32.95,24.02,98.92,60.7
1997-06-14,1.45,32.82,23.92,97.51,63.58
1997-06-15,0.0,35.67,24.42,96.24,47.47
1997-06-16,4.85,35.93,24.54,91.75,50.77
1997-06-17,0.0,35.36,24.83,98.34,54.47
1997-06-18,0.02,31.27,23.2,98.92,69.8
1997-06-19,0.0,33.6,23.33,98.98,61.14
1997-06-20,6.7,33.02,24.44,99.36,64.15
1997-06-21,0.0,34.1,24.15,98.73,53.76
1997-06-22,0.0,34.98,24.08,92.77,51.66
1997-06-23,0.0,33.87,24.99,96.35,58.59
1997-06-24,0.0,34.2,24.94,92.41,55.0
1997-06-25,0.0,34.72,24.93,90.85,55.3
1997-06-26,0.11,33.86,24.7,98.7,58.55
1997-06-27,21.09,33.43,24.74,99.42,60.79
1997-06-28,0.35,29.58,23.32,99.15,86.95
1997-06-29,6.08,30.57,23.2,99.15,77.72
1997-06-30,5.94,31.6,23.73,99.08,71.61
1997-07-01,5.43,31.64,23.95,98.86,71.64
1997-07-02,7.53,29.91,23.68,99.94,77.91
1997-07-03,0.0,30.41,23.07,98.11,68.89
1997-07-04,0.0,31.67,23.57,93.56,71.43
1997-07-05,0.0,30.38,24.58,98.63,75.82
1997-07-06,0.0,31.53,24.47,93.8,69.55
1997-07-07,0.02,30.86,24.24,98.17,73.52
1997-07-08,10.05,30.18,23.92,99.52,77.19
1997-07-09,10.5,31.21,24.6,99.33,74.72
1997-07-10,4.3,30.37,23.89,99.04,75.85
1997-07-11,5.45,31.05,23.83,99.52,74.03
1997-07-12,0.14,31.11,23.82,99.76,76.02
1997-07-13,0.01,31.81,24.52,99.94,72.34
1997-07-14,0.0,31.27,23.62,93.34,67.05
1997-07-15,0.07,31.61,23.39,89.86,67.15
1997-07-16,0.0,31.71,23.66,91.62,64.01
1997-07-17,0.12,31.48,23.77,90.29,67.09
1997-07-18,0.05,30.98,24.31,96.59,68.32
1997-07-19,0.0,30.52,24.25,97.42,73.4
1997-07-20,1.06,28.69,23.76,98.36,81.98
1997-07-21,17.42,30.49,23.74,98.81,74.42
1997-07-22,0.0,30.5,23.19,99.32,74.94
1997-07-23,0.0,32.4,23.94,98.51,65.79
1997-07-24,2.44,31.52,23.86,92.56,70.07
1997-07-25,12.99,29.87,23.98,99.42,76.8
1997-07-26,15.72,31.12,22.9,99.55,72.08
1997-07-27,0.07,30.8,23.46,97.93,73.31
1997-07-28,0.06,30.63,24.59,96.63,74.78
1997-07-29,0.46,30.15,24.43,98.69,78.42
1997-07-30,0.13,29.54,23.87,98.47,83.66
1997-07-31,0.97,30.21,24.65,97.53,73.71
1997-08-01,0.01,31.1,23.74,92.49,63.06
1997-08-02,2.02,27.99,23.58,99.28,87.29
1997-08-03,3.87,31.02,23.13,99.64,69.72
1997-08-04,21.43,31.94,24.15,94.1,69.89
1997-08-05,1.8,31.62,23.92,97.29,72.63
1997-08-06,0.59,31.93,24.47,97.17,70.9
1997-08-07,0.09,32.46,24.7,93.86,66.82
1997-08-08,0.0,31.44,24.94,98.24,70.69
1997-08-09,5.02,29.7,23.96,99.9,79.29
1997-08-10,0.04,32.23,24.08,97.05,66.95
1997-08-11,0.06,32.59,23.74,90.46,62.04
1997-08-12,0.49,31.98,23.45,99.99,69.97
1997-08-13,5.29,31.44,24.3,97.88,72.45
1997-08-14,22.49,29.44,23.53,99.88,82.51
1997-08-15,7.22,32.86,23.28,98.42,69.35
1997-08-16,22.98,31.62,24.13,99.35,76.4
1997-08-17,17.71,31.72,23.69,98.95,72.31
1997-08-18,0.0,32.42,23.99,99.54,69.87
1997-08-19,0.0,31.63,24.39,96.94,72.31
1997-08-20,19.05,28.86,24.2,99.98,84.87
1997-08-21,1.47,28.7,23.61,99.92,87.64
1997-08-22,9.49,29.77,23.44,99.73,78.73
1997-08-23,36.82,30.32,23.62,99.59,76.68
1997-08-24,7.29,31.84,23.53,99.84,70.4
1997-08-25,9.32,30.82,23.99,99.37,75.22
1997-08-26,18.15,28.48,23.44,99.84,84.09
1997-08-27,3.34,28.88,22.97,99.97,80.33
1997-08-28,6.84,32.0,23.32,98.59,67.4
1997-08-29,0.01,31.74,23.88,97.72,71.44
1997-08-30,10.55,31.34,23.98,99.17,78.97
1997-08-31,11.26,32.59,23.72,99.45,67.21
1997-09-01,2.84,31.51,23.44,99.95,73.85
1997-09-02,15.57,32.26,24.23,98.66,71.18
1997-09-03,2.39,32.84,23.6,95.33,69.36
1997-09-04,20.3,29.64,23.62,99.9,85.79
1997-09-05,7.4,28.74,23.08,99.42,85.86
1997-09-06,13.9,32.12,23.02,98.69,72.41
1997-09-07,31.92,32.18,22.99,99.04,73.73
1997-09-08,0.0,32.6,23.66,98.84,71.32
1997-09-09,0.0,31.7,24.04,96.01,74.45
1997-09-10,3.65,31.64,23.92,96.97,74.31
1997-09-11,15.07,30.39,23.37,99.3,77.41
1997-09-12,5.68,32.5,23.14,98.76,68.54
1997-09-13,0.02,32.27,23.35,99.41,72.48
1997-09-14,0.15,33.05,23.79,96.31,71.11
1997-09-15,2.02,32.3,23.98,96.28,72.51
1997-09-16,0.0,32.89,24.67,95.63,72.48
1997-09-17,20.96,32.43,24.43,95.6,72.31
1997-09-18,11.26,32.45,23.74,97.56,69.56
1997-09-19,30.1,32.42,23.61,99.17,72.41
1997-09-20,0.0,30.13,23.33,99.6,79.61
1997-09-21,32.8,32.61,23.97,97.42,71.96
1997-09-22,0.22,31.47,23.98,98.37,75.36
1997-09-23,0.02,32.22,24.29,97.07,71.29
1997-09-24,1.5,33.44,24.75,97.09,73.99
1997-09-25,0.0,32.77,24.01,99.61,73.48
1997-09-26,0.15,30.98,23.93,98.12,77.11
1997-09-27,17.61,31.45,23.68,99.94,76.86
1997-09-28,4.26,31.86,23.6,99.05,73.39
1997-09-29,0.0,32.09,23.69,97.22,73.2
1997-09-30,13.23,32.53,23.89,96.92,69.75
1997-10-01,0.0,33.66,23.61,99.76,68.14
1997-10-02,0.0,33.98,24.49,100.0,66.18
1997-10-03,0.0,33.2,24.48,100.0,71.46
1997-10-04,0.16,33.62,24.5,100.0,67.81
1997-10-05,0.91,34.09,24.48,98.59,63.23
1997-10-06,0.63,31.22,24.08,100.0,79.9
1997-10-07,1.99,30.13,22.68,99.31,84.12
1997-10-08,8.0,31.25,23.23,99.52,79.29
1997-10-09,0.0,32.05,22.93,99.31,75.57
1997-10-10,0.0,33.88,23.74,98.51,68.88
1997-10-11,0.36,32.32,23.2,99.15,78.94
1997-10-12,0.5,32.7,23.04,99.21,72.92
1997-10-13,1.52,32.27,23.7,99.53,77.67
1997-10-14,0.0,32.74,23.63,99.23,67.48
1997-10-15,0.0,33.36,24.67,99.06,59.29
1997-10-16,0.0,32.65,22.75,89.84,54.18
1997-10-17,0.0,32.13,23.3,90.18,63.47
1997-10-18,0.0,30.89,23.58,99.77,74.19
1997-10-19,0.48,33.35,22.59,99.95,65.02
1997-10-20,0.0,33.22,23.18,99.99,58.8
1997-10-21,0.0,34.32,23.96,100.0,60.65
1997-10-22,0.0,33.51,24.16,100.0,66.42
1997-10-23,0.0,34.11,23.92,99.28,61.76
1997-10-24,0.0,33.58,23.77,99.69,64.59
1997-10-25,0.05,33.48,23.83,98.77,67.9
1997-10-26,0.0,33.82,23.92,99.74,62.48
1997-10-27,0.0,35.71,24.27,98.76,54.16
1997-10-28,0.0,36.77,24.46,99.26,49.12
1997-10-29,0.0,36.46,24.59,98.99,53.28
1997-10-30,0.0,34.71,24.62,98.57,61.9
1997-10-31,0.0,34.58,24.36,97.56,58.64
1997-11-01,0.0,34.7,22.36,99.26,67.49
1997-11-02,0.0,35.55,22.85,99.4,60.1
1997-11-03,0.0,36.2,22.26,100.0,53.75
1997-11-04,0.0,35.89,22.38,100.0,58.16
1997-11-05,0.0,36.02,22.36,99.24,54.46
1997-11-06,0.0,35.63,21.89,100.0,47.63
1997-11-07,0.0,35.48,21.83,99.95,59.24
1997-11-08,0.0,35.28,21.9,99.55,60.73
1997-11-09,0.0,37.86,22.66,100.0,45.56
1997-11-10,0.0,38.91,22.57,100.0,34.2
1997-11-11,0.0,36.52,22.38,99.99,52.9
1997-11-12,0.0,35.75,22.15,99.93,44.08
1997-11-13,0.0,36.74,21.61,100.0,34.47
1997-11-14,0.0,36.38,21.13,98.16,37.32
1997-11-15,0.0,34.99,21.66,99.88,54.78
1997-11-16,0.0,34.33,21.54,100.0,51.97
1997-11-17,0.0,35.65,21.94,99.91,50.76
1997-11-18,0.0,38.09,21.92,100.0,36.52
1997-11-19,0.0,36.31,21.83,100.0,42.65
1997-11-20,0.0,35.99,20.66,100.0,29.36
1997-11-21,0.0,34.3,19.1,82.27,40.02
1997-11-22,0.0,36.39,19.78,98.07,29.74
1997-11-23,0.0,37.09,20.8,96.28,27.72
1997-11-24,0.0,36.75,20.34,57.92,23.46
1997-11-25,0.0,36.17,20.17,50.16,22.54
1997-11-26,0.0,35.39,19.16,51.74,23.33
1997-11-27,0.0,34.31,19.57,52.88,24.41
1997-11-28,0.0,34.62,19.85,48.46,20.98
1997-11-29,0.0,35.75,19.48,61.5,26.05
1997-11-30,0.0,36.92,20.09,64.6,28.34
1997-12-01,0.0,37.03,19.09,80.86,27.29
1997-12-02,0.0,36.17,18.52,64.47,26.47
1997-12-03,0.0,35.4,19.58,94.34,33.71
1997-12-04,0.0,34.6,18.8,86.85,36.3
1997-12-05,0.0,33.34,18.43,93.87,34.19
1997-12-06,0.0,36.31,19.05,77.64,22.14
1997-12-07,0.0,34.28,19.42,52.69,27.86
1997-12-08,0.0,33.31,18.79,62.29,29.74
1997-12-09,0.0,34.96,18.02,65.24,26.39
1997-12-10,0.0,33.7,17.56,52.33,25.83
1997-12-11,0.0,32.23,17.01,32.6,19.21
1997-12-12,0.0,32.6,15.89,38.54,22.64
1997-12-13,0.0,34.83,16.76,50.62,24.12
1997-12-14,0.0,35.5,17.51,54.69,22.72
1997-12-15,0.0,34.59,17.64,60.32,24.85
1997-12-16,0.0,33.89,17.67,52.05,26.64
1997-12-17,0.0,34.12,17.58,76.02,21.46
1997-12-18,0.0,33.43,17.33,55.83,20.33
1997-12-19,0.0,32.83,16.97,46.21,19.14
1997-12-20,0.0,34.45,17.11,46.53,18.18
1997-12-21,0.0,35.67,16.78,45.93,17.5
1997-12-22,0.0,35.43,17.27,53.74,20.88
1997-12-23,0.0,35.91,17.01,58.37,21.71
1997-12-24,0.0,35.92,17.08,47.13,18.54
1997-12-25,0.0,33.63,16.88,45.35,20.25
1997-12-26,0.0,32.58,15.92,49.87,23.95
1997-12-27,0.0,33.17,15.35,49.84,20.17
1997-12-28,0.0,32.85,15.46,46.71,20.42
1997-12-29,0.0,32.99,15.28,47.03,20.43
1997-12-30,0.0,33.39,15.41,48.05,21.54
1997-12-31,0.0,33.07,15.43,53.87,22.26
1998-01-01,0.0,31.89,15.59,67.44,24.29
1998-01-02,0.0,32.06,15.18,61.51,24.91
1998-01-03,0.0,35.2,16.39,49.34,24.5
1998-01-04,0.0,34.05,19.21,56.25,25.24
1998-01-05,0.0,33.91,18.4,41.9,21.17
1998-01-06,0.0,36.01,17.56,40.92,18.14
1998-01-07,0.0,36.59,18.13,43.19,19.18
1998-01-08,0.0,35.67,17.87,41.06,18.33
1998-01-09,0.0,36.24,16.93,41.4,17.32
1998-01-10,0.0,35.0,18.99,54.68,23.64
1998-01-11,0.0,35.75,18.01,83.53,24.47
1998-01-12,0.0,35.86,17.35,58.09,20.04
1998-01-13,0.0,37.48,18.22,42.91,17.54
1998-01-14,0.0,37.09,17.83,38.84,15.74
1998-01-15,0.0,36.37,18.04,34.88,14.76
1998-01-16,0.0,36.24,18.31,32.78,13.98
1998-01-17,0.0,34.51,17.03,35.16,16.1
1998-01-18,0.0,33.99,16.05,39.81,17.54
1998-01-19,0.0,35.41,16.91,38.66,15.16
1998-01-20,0.0,36.91,18.88,34.88,15.15
1998-01-21,0.0,36.84,17.72,43.79,12.49
1998-01-22,0.0,36.72,16.69,37.92,12.72
1998-01-23,0.0,37.86,17.12,41.39,14.48
1998-01-24,0.0,37.41,17.75,62.04,14.4
1998-01-25,0.0,36.44,17.5,65.41,16.62
1998-01-26,0.0,35.92,17.38,73.11,20.28
1998-01-27,0.0,33.19,18.23,79.67,34.24
1998-01-28,0.0,31.08,17.56,79.69,40.88
1998-01-29,0.0,32.49,17.46,87.82,46.45
1998-01-30,0.0,32.84,16.73,91.67,44.79
1998-01-31,0.0,32.76,17.22,96.26,46.43
1998-02-01,0.0,35.84,18.88,91.47,42.7
1998-02-02,0.0,35.49,18.96,88.62,41.3
1998-02-03,0.0,37.92,19.21,75.13,31.86
1998-02-04,0.0,41.04,19.69,57.72,19.23
1998-02-05,0.0,41.09,21.23,69.62,22.05
1998-02-06,0.0,35.03,20.23,100.0,59.29
1998-02-07,0.0,33.63,19.94,98.76,61.21
1998-02-08,0.0,36.29,20.89,93.45,44.71
1998-02-09,0.0,36.25,20.02,94.41,46.77
1998-02-10,0.0,37.16,19.66,92.34,41.45
1998-02-11,0.0,36.9,19.45,90.76,41.28
1998-02-12,0.0,36.79,19.65,92.3,42.5
1998-02-13,0.0,36.66,18.58,96.24,35.44
1998-02-14,0.0,39.7,19.39,86.24,31.59
1998-02-15,0.0,41.44,21.49,73.39,17.93
1998-02-16,0.0,39.58,20.89,65.74,16.53
1998-02-17,0.0,39.14,19.06,47.67,20.33
1998-02-18,0.0,39.57,19.24,68.55,19.99
1998-02-19,0.0,41.68,19.84,73.99,11.78
1998-02-20,0.0,40.37,19.92,39.78,12.48
1998-02-21,0.0,39.79,19.18,38.51,12.78
1998-02-22,0.0,40.21,20.49,33.81,14.77
1998-02-23,0.0,38.29,22.03,42.26,14.72
1998-02-24,0.0,39.31,21.99,38.2,13.08
1998-02-25,0.0,38.6,20.7,45.1,13.81
1998-02-26,0.0,40.94,21.44,57.5,13.21
1998-02-27,0.0,41.76,20.95,56.63,13.5
1998-02-28,0.0,42.51,20.93,36.02,11.93
1998-03-01,0.0,41.25,21.33,38.61,11.55
1998-03-02,0.0,41.47,20.57,39.46,11.28
1998-03-03,0.0,38.9,20.82,28.16,11.49
1998-03-04,0.0,38.15,19.71,36.44,15.15
1998-03-05,0.0,38.97,21.07,45.74,14.97
1998-03-06,0.0,38.43,20.72,69.5,28.15
1998-03-07,0.0,41.01,21.4,72.89,10.74
1998-03-08,0.0,41.26,21.4,33.62,10.73
1998-03-09,0.0,40.15,20.55,49.51,14.58
1998-03-10,0.0,38.95,19.12,67.26,19.07
1998-03-11,0.0,38.82,19.26,82.19,26.71
1998-03-12,0.0,38.78,19.38,85.15,27.86
1998-03-13,0.0,40.99,20.23,84.86,16.41
1998-03-14,0.0,39.21,20.6,58.93,16.81
1998-03-15,0.0,39.77,21.97,41.13,16.95
1998-03-16,0.0,38.61,23.32,37.1,17.11
1998-03-17,0.0,39.27,23.0,35.99,16.08
1998-03-18,0.0,41.85,22.16,45.55,15.95
1998-03-19,0.0,42.93,22.97,34.26,13.21
1998-03-20,0.0,42.3,23.04,33.67,13.9
1998-03-21,0.0,41.78,21.75,46.89,18.07
1998-03-22,0.0,36.74,20.6,82.23,38.62
1998-03-23,0.0,36.47,20.08,96.03,43.83
1998-03-24,0.0,36.5,20.47,93.84,40.55
1998-03-25,0.0,38.91,20.56,85.63,29.7
1998-03-26,0.0,37.38,20.43,93.86,44.77
1998-03-27,0.0,34.24,20.09,98.91,58.29
1998-03-28,0.0,36.52,20.26,96.75,39.01
1998-03-29,0.0,35.89,20.03,90.84,40.04
1998-03-30,0.0,37.9,20.08,92.45,39.67
1998-03-31,0.0,38.06,20.65,98.13,41.02
1998-04-01,0.0,41.62,21.26,97.22,26.04
1998-04-02,0.0,39.09,21.94,93.94,39.94
1998-04-03,0.0,39.31,20.68,98.05,34.53
1998-04-04,0.0,37.38,20.55,84.96,33.7
1998-04-05,0.0,38.38,20.07,82.2,30.48
1998-04-06,0.0,39.58,21.07,81.01,30.21
1998-04-07,0.0,38.43,21.4,76.55,33.78
1998-04-08,0.0,36.08,20.48,90.83,41.3
1998-04-09,0.0,34.44,20.22,96.63,48.92
1998-04-10,0.0,37.58,20.4,92.75,37.96
1998-04-11,0.0,39.72,21.15,84.73,26.56
1998-04-12,0.0,40.47,21.81,66.46,20.61
1998-04-13,0.0,39.93,22.12,67.97,24.54
1998-04-14,0.0,39.36,22.01,64.69,24.56
1998-04-15,0.0,38.42,21.0,70.22,23.03
1998-04-16,0.0,41.39,22.33,61.55,19.25
1998-04-17,0.0,40.12,23.29,58.49,26.13
1998-04-18,0.0,37.72,21.73,71.0,33.33
1998-04-19,0.0,37.47,20.38,77.55,33.5
1998-04-20,0.0,36.37,20.05,83.68,35.35
1998-04-21,0.0,36.7,20.05,85.75,35.65
1998-04-22,0.0,38.42,20.55,81.93,29.35
1998-04-23,0.0,40.32,20.57,87.53,25.77
1998-04-24,0.0,41.36,20.96,89.29,25.76
1998-04-25,0.0,38.34,21.2,85.29,34.73
1998-04-26,0.0,38.96,21.12,88.87,32.35
1998-04-27,0.0,38.39,21.36,88.09,35.91
1998-04-28,0.0,35.23,20.85,98.45,46.26
1998-04-29,0.0,34.63,20.19,99.85,51.17
1998-04-30,0.0,35.81,20.18,99.58,42.73
1998-05-01,0.0,34.3,19.63,100.0,43.72
1998-05-02,0.0,38.02,20.48,93.76,28.46
1998-05-03,0.0,36.42,20.65,82.28,33.89
1998-05-04,0.0,37.91,20.76,78.84,27.23
1998-05-05,0.0,36.24,21.6,82.4,36.12
1998-05-06,0.0,34.65,20.17,97.16,37.73
1998-05-07,0.0,35.61,20.74,94.34,38.65
1998-05-08,0.0,39.94,21.88,80.69,25.04
1998-05-09,0.0,39.34,21.95,77.03,28.35
1998-05-10,0.0,40.06,23.9,75.06,29.04
1998-05-11,0.0,36.99,23.11,95.81,44.28
1998-05-12,0.0,38.49,22.32,89.57,33.81
1998-05-13,0.0,35.78,20.74,97.06,42.0
1998-05-14,0.0,34.1,20.97,99.88,48.08
1998-05-15,0.0,34.43,21.2,99.32,49.91
1998-05-16,0.0,36.59,22.06,95.58,43.63
1998-05-17,0.0,37.19,22.03,97.75,41.22
1998-05-18,0.0,38.77,22.91,96.14,39.29
1998-05-19,0.0,36.99,22.95,97.86,47.58
1998-05-20,0.0,35.97,22.19,99.71,47.94
1998-05-21,0.0,34.07,22.28,99.22,47.8
1998-05-22,0.0,36.2,21.24,98.54,42.41
1998-05-23,0.0,36.21,21.82,95.72,40.98
1998-05-24,0.0,36.77,22.49,89.39,38.58
1998-05-25,0.0,36.35,21.66,88.43,36.65
1998-05-26,0.0,37.68,21.89,84.46,34.31
1998-05-27,0.0,39.2,22.17,77.5,28.63
1998-05-28,0.0,38.07,22.31,89.66,33.76
1998-05-29,0.0,37.06,22.28,96.77,38.54
1998-05-30,0.0,36.0,22.76,96.28,47.22
1998-05-31,0.0,35.13,22.28,98.86,47.33
1998-06-01,0.0,37.12,22.98,93.28,36.64
1998-06-02,0.0,32.51,22.6,96.98,52.22
1998-06-03,0.0,33.87,23.21,85.81,46.3
1998-06-04,0.0,34.38,22.66,85.33,47.37
1998-06-05,0.0,35.16,22.68,84.56,38.04
1998-06-06,0.0,34.84,23.65,85.42,45.52
1998-06-07,0.0,32.41,23.21,84.26,49.5
1998-06-08,0.0,34.32,22.99,82.81,43.24
1998-06-09,0.0,34.04,22.85,88.69,45.82
1998-06-10,0.0,34.92,23.54,82.39,40.89
1998-06-11,0.0,33.75,23.97,85.13,49.88
1998-06-12,0.0,34.53,24.09,85.28,49.25
1998-06-13,0.0,35.45,24.48,85.83,46.99
1998-06-14,0.0,35.68,24.5,94.15,49.1
1998-06-15,0.0,35.62,24.34,97.94,50.9
1998-06-16,1.14,35.78,24.94,90.86,51.68
1998-06-17,4.45,34.37,24.15,99.46,63.02
1998-06-18,0.0,36.91,24.16,99.62,48.8
1998-06-19,0.0,33.53,24.89,89.67,53.85
1998-06-20,0.0,35.14,23.67,89.04,47.41
1998-06-21,16.59,34.32,24.03,93.82,56.79
1998-06-22,0.0,35.71,23.98,99.26,53.36
1998-06-23,0.0,36.45,24.88,98.01,53.06
1998-06-24,0.0,35.09,25.09,95.45,54.32
1998-06-25,0.0,33.82,25.52,91.4,61.3
1998-06-26,0.0,34.82,25.15,96.02,57.71
1998-06-27,0.0,34.94,25.57,96.05,58.09
1998-06-28,0.0,33.27,23.82,92.14,56.27
1998-06-29,0.0,33.57,23.57,95.4,53.89
1998-06-30,0.0,33.98,24.37,85.14,53.87
1998-07-01,0.0,35.41,24.81,88.92,51.94
1998-07-02,5.2,34.14,24.22,95.21,59.26
1998-07-03,0.0,33.83,24.24,96.49,58.86
1998-07-04,0.0,36.02,23.96,78.11,43.49
1998-07-05,0.0,35.21,24.94,82.07,51.93
1998-07-06,0.0,32.82,25.15,88.28,58.4
1998-07-07,0.0,33.22,23.92,86.88,53.39
1998-07-08,0.0,35.33,24.19,80.63,49.1
1998-07-09,0.0,32.63,24.78,96.72,64.8
1998-07-10,0.0,30.63,24.67,97.56,75.34
1998-07-11,0.0,31.24,24.36,99.52,73.73
1998-07-12,0.0,31.98,23.34,96.18,54.15
1998-07-13,0.0,32.53,22.66,81.5,52.46
1998-07-14,0.0,32.71,23.21,83.63,53.45
1998-07-15,0.0,32.7,23.59,90.12,55.47
1998-07-16,21.53,34.72,23.99,89.21,52.17
1998-07-17,5.27,33.6,24.83,91.03,63.06
1998-07-18,10.81,32.88,24.63,95.14,63.37
1998-07-19,15.66,33.87,24.85,91.55,58.29
1998-07-20,1.95,32.47,23.46,99.56,73.45
1998-07-21,0.17,31.7,24.39,98.95,70.64
1998-07-22,0.96,32.21,24.74,98.27,69.58
1998-07-23,37.27,29.6,24.17,99.69,84.61
1998-07-24,1.1,29.14,23.87,98.91,82.97
1998-07-25,10.78,31.21,23.39,98.85,73.49
1998-07-26,0.02,31.52,24.48,98.8,78.76
1998-07-27,0.07,31.39,24.96,99.11,75.32
1998-07-28,7.59,29.42,24.33,99.2,84.41
1998-07-29,2.52,28.44,23.72,98.91,81.83
1998-07-30,0.0,30.19,23.52,99.38,76.66
1998-07-31,0.03,30.81,23.92,98.02,73.88
1998-08-01,0.44,31.62,24.84,92.91,68.97
1998-08-02,0.0,32.8,24.76,89.42,60.71
1998-08-03,15.42,30.36,24.6,93.31,73.01
1998-08-04,45.83,30.78,24.05,99.36,75.58
1998-08-05,26.27,31.79,23.83,99.48,72.45
1998-08-06,5.67,31.79,24.02,99.65,72.14
1998-08-07,0.01,31.97,24.12,99.55,71.06
1998-08-08,0.0,33.29,24.72,94.39,67.24
1998-08-09,34.98,34.14,25.09,91.33,60.03
1998-08-10,29.72,29.01,23.54,100.0,85.03
1998-08-11,11.52,32.05,23.49,99.35,69.72
1998-08-12,0.0,31.73,24.3,98.43,74.03
1998-08-13,1.14,31.13,24.59,98.97,70.33
1998-08-14,21.64,30.18,24.18,99.55,78.68
1998-08-15,17.85,30.86,23.73,99.41,75.72
1998-08-16,12.35,29.84,23.49,99.71,81.79
1998-08-17,8.39,30.2,24.1,99.44,80.15
1998-08-18,0.04,32.45,23.83,99.0,70.8
1998-08-19,8.52,32.59,24.39,95.59,70.02
1998-08-20,15.79,32.32,24.09,99.62,71.78
1998-08-21,0.02,31.22,23.83,99.42,76.43
1998-08-22,30.45,29.87,23.45,99.19,79.72
1998-08-23,0.0,31.67,23.19,97.54,71.43
1998-08-24,0.0,32.26,23.96,95.57,68.99
1998-08-25,0.0,33.31,24.6,97.13,69.77
1998-08-26,2.53,31.85,24.32,98.7,76.28
1998-08-27,42.54,30.95,23.96,99.99,78.25
1998-08-28,0.01,31.53,23.28,98.61,70.76
1998-08-29,0.0,31.62,24.45,95.4,74.6
1998-08-30,0.06,31.64,25.1,96.54,74.38
1998-08-31,0.32,31.41,24.63,98.04,74.99
1998-09-01,17.82,32.68,24.45,97.35,67.82
1998-09-02,17.67,32.05,23.68,99.47,73.48
1998-09-03,2.23,32.98,23.83,99.15,71.31
1998-09-04,0.06,31.68,24.42,97.74,74.01
1998-09-05,0.0,32.0,24.1,97.33,71.64
1998-09-06,1.32,33.49,24.71,96.47,69.25
1998-09-07,26.27,30.35,24.44,99.54,83.83
1998-09-08,14.79,29.86,23.24,99.62,78.16
1998-09-09,26.04,28.77,23.23,99.7,88.1
1998-09-10,17.16,29.48,23.49,99.46,86.04
1998-09-11,6.79,28.32,23.46,99.54,88.81
1998-09-12,1.17,31.49,23.13,99.69,74.57
1998-09-13,31.44,32.57,23.82,97.88,70.1
1998-09-14,0.82,33.14,24.08,98.84,71.96
1998-09-15,24.26,32.84,23.66,97.56,70.45
1998-09-16,11.09,30.97,23.74,98.88,75.48
1998-09-17,0.13,33.07,23.73,99.12,68.31
1998-09-18,4.26,31.53,23.86,99.26,75.7
1998-09-19,11.88,32.06,23.0,99.7,75.94
1998-09-20,29.5,33.26,23.66,99.13,68.78
1998-09-21,0.06,32.26,23.7,99.5,68.45
1998-09-22,9.28,32.54,23.68,95.79,71.07
1998-09-23,0.0,31.15,24.31,96.82,76.77
1998-09-24,1.3,32.3,24.86,96.26,69.64
1998-09-25,8.47,29.38,23.9,98.49,84.09
1998-09-26,0.0,30.99,23.19,99.49,75.0
1998-09-27,0.0,32.89,23.74,95.98,66.53
1998-09-28,5.61,33.65,23.5,99.04,68.11
1998-09-29,2.74,32.07,23.84,98.2,73.65
1998-09-30,7.47,33.14,23.35,98.55,71.3
1998-10-01,0.0,31.8,23.7,99.48,78.85
1998-10-02,1.23,30.97,23.81,99.33,82.81
1998-10-03,1.21,31.37,23.98,99.43,79.99
1998-10-04,0.81,33.35,23.75,99.47,72.89
1998-10-05,0.0,32.86,23.71,99.27,74.51
1998-10-06,0.98,32.77,24.04,99.98,73.45
1998-10-07,0.0,32.46,23.62,99.57,78.84
1998-10-08,0.0,35.91,24.56,99.3,52.16
1998-10-09,0.0,34.36,24.81,86.16,44.18
1998-10-10,0.0,31.08,21.92,97.04,66.47
1998-10-11,2.02,31.73,22.93,99.77,71.22
1998-10-12,0.0,32.94,23.34,98.74,70.3
1998-10-13,0.0,33.55,23.97,99.93,65.97
1998-10-14,0.0,34.82,24.29,100.0,62.5
1998-10-15,0.0,33.76,24.18,100.0,67.9
1998-10-16,0.0,33.59,24.36,99.45,66.83
1998-10-17,3.73,34.68,24.08,95.54,58.21
1998-10-18,0.0,34.93,23.69,96.07,60.05
1998-10-19,0.08,35.34,24.25,99.1,57.46
1998-10-20,0.38,35.12,24.05,97.44,61.65
1998-10-21,0.0,35.67,24.83,98.86,59.64
1998-10-22,0.39,34.98,24.49,93.28,59.67
1998-10-23,0.0,34.76,24.68,96.51,63.01
1998-10-24,0.0,36.61,24.33,97.53,47.41
1998-10-25,0.24,36.59,24.43,95.02,46.13
1998-10-26,0.0,36.89,24.73,89.33,45.71
1998-10-27,0.21,36.45,24.87,92.35,51.55
1998-10-28,0.0,36.81,24.81,95.44,45.07
1998-10-29,0.0,37.68,24.35,91.33,30.61
1998-10-30,0.0,35.16,24.31,95.65,57.46
1998-10-31,0.0,31.9,23.83,99.34,70.56
1998-11-01,0.0,34.16,21.72,99.02,65.87
1998-11-02,0.0,38.28,22.41,99.98,34.07
1998-11-03,0.0,36.49,22.92,100.0,47.45
1998-11-04,0.0,35.96,21.98,99.96,50.73
1998-11-05,0.0,36.68,21.63,99.26,44.2
1998-11-06,0.02,37.21,22.02,98.99,42.49
1998-11-07,0.0,36.04,21.77,96.7,39.58
1998-11-08,0.0,35.93,21.13,92.22,34.27
1998-11-09,0.0,37.77,21.38,94.64,35.01
1998-11-10,0.0,36.2,22.12,100.0,42.02
1998-11-11,0.0,37.11,21.19,100.0,30.5
1998-11-12,0.0,36.38,21.5,99.59,45.32
1998-11-13,0.0,36.81,21.71,99.92,31.83
1998-11-14,0.0,35.88,21.04,96.6,36.94
1998-11-15,0.0,35.74,20.81,89.93,27.65
1998-11-16,0.0,37.41,21.22,63.17,24.75
1998-11-17,0.0,37.91,21.67,66.0,22.88
1998-11-18,0.0,38.33,22.19,65.87,25.9
1998-11-19,0.0,37.27,22.07,68.92,30.72
1998-11-20,0.0,36.16,20.86,100.0,41.16
1998-11-21,0.0,37.1,20.9,100.0,18.98
1998-11-22,0.0,36.64,19.86,47.24,18.86
1998-11-23,0.0,37.05,19.73,55.62,20.72
1998-11-24,0.0,36.71,20.25,53.15,23.13
1998-11-25,0.0,36.84,21.26,45.36,19.81
1998-11-26,0.0,36.12,20.26,43.91,20.04
1998-11-27,0.0,35.83,20.14,58.32,22.71
1998-11-28,0.0,35.97,20.15,53.31,21.42
1998-11-29,0.0,34.19,19.58,42.14,20.81
1998-11-30,0.0,33.49,19.51,41.98,21.5
1998-12-01,0.0,34.57,19.55,41.78,19.24
1998-12-02,0.0,36.86,18.81,51.21,20.84
1998-12-03,0.0,37.49,18.87,62.89,25.78
1998-12-04,0.0,37.02,19.42,67.5,25.31
1998-12-05,0.0,37.26,19.74,66.54,31.63
1998-12-06,0.0,37.85,19.61,88.56,27.85
1998-12-07,0.0,37.76,19.89,63.25,23.02
1998-12-08,0.0,36.49,20.34,48.53,21.98
1998-12-09,0.0,34.61,18.75,49.04,26.08
1998-12-10,0.0,32.02,17.72,47.0,22.5
1998-12-11,0.0,30.74,16.91,44.26,25.47
1998-12-12,0.0,32.94,16.85,47.53,23.4
1998-12-13,0.0,35.73,18.29,48.91,22.53
1998-12-14,0.0,36.91,19.43,51.26,25.07
1998-12-15,0.0,36.68,19.85,66.32,23.91
1998-12-16,0.0,37.53,19.31,50.73,21.36
1998-12-17,0.0,37.33,18.92,78.75,23.7
1998-12-18,0.0,38.24,19.26,59.81,20.95
1998-12-19,0.0,37.93,19.47,64.8,26.75
1998-12-20,0.0,36.74,19.28,100.0,21.91
1998-12-21,0.0,35.76,20.62,42.67,21.23
1998-12-22,0.0,36.12,18.61,46.49,20.76
1998-12-23,0.0,36.07,17.86,48.06,19.23
1998-12-24,0.0,35.89,17.72,48.11,19.71
1998-12-25,0.0,35.38,17.91,74.55,24.21
1998-12-26,0.0,33.38,17.21,96.06,33.53
1998-12-27,0.0,34.15,17.82,100.0,33.47
1998-12-28,0.07,31.32,18.95,50.84,23.22
1998-12-29,0.0,32.61,17.39,65.41,31.19
1998-12-30,0.0,32.68,17.23,60.03,28.24
1998-12-31,0.0,31.84,16.45,47.48,21.18
1999-01-01,0.0,30.88,15.09,47.71,22.37
1999-01-02,0.0,31.86,15.49,43.05,20.24
1999-01-03,0.0,33.09,16.19,41.77,19.36
1999-01-04,0.0,33.17,17.01,53.19,19.75
1999-01-05,0.0,33.49,18.98,50.94,22.07
1999-01-06,0.0,32.25,18.68,63.92,28.3
1999-01-07,0.0,29.91,17.03,92.86,51.88
1999-01-08,0.0,31.31,17.4,98.42,53.57
1999-01-09,0.0,30.1,17.74,97.1,59.95
1999-01-10,0.0,31.84,16.8,95.31,38.14
1999-01-11,0.0,32.78,16.59,70.4,32.02
1999-01-12,0.0,30.39,16.16,65.53,30.45
1999-01-13,0.0,29.02,15.1,85.05,36.4
1999-01-14,0.0,29.53,14.17,92.67,35.54
1999-01-15,0.0,31.15,14.67,57.68,27.22
1999-01-16,0.0,34.69,15.91,50.94,26.12
1999-01-17,0.0,35.52,18.35,45.15,23.59
1999-01-18,0.0,34.62,18.91,36.93,19.02
1999-01-19,0.0,32.25,16.91,45.0,21.8
1999-01-20,0.0,32.68,16.07,49.63,23.64
1999-01-21,0.0,33.38,15.98,49.17,21.43
1999-01-22,0.0,32.41,15.63,37.01,20.55
1999-01-23,0.0,31.83,15.36,45.29,20.95
1999-01-24,0.0,33.57,15.8,42.01,19.26
1999-01-25,0.0,34.41,16.79,41.94,19.42
1999-01-26,0.0,34.89,17.66,38.64,18.14
1999-01-27,0.0,33.32,17.77,37.96,19.62
1999-01-28,0.0,33.04,16.67,38.5,18.52
1999-01-29,0.0,34.28,15.41,37.63,16.64
1999-01-30,0.0,35.47,15.81,39.85,16.39
1999-01-31,0.0,36.35,16.77,37.22,16.07
1999-02-01,0.0,36.54,17.79,45.07,15.49
1999-02-02,0.0,36.54,16.69,54.06,15.26
1999-02-03,0.0,35.17,18.49,61.01,19.75
1999-02-04,0.0,36.29,18.8,67.04,17.48
1999-02-05,0.0,33.88,19.23,32.22,12.56
1999-02-06,0.0,33.33,17.7,25.59,12.08
1999-02-07,0.0,32.22,16.61,26.16,12.3
1999-02-08,0.0,34.38,15.35,30.48,12.44
1999-02-09,0.0,36.34,16.24,39.87,13.53
1999-02-10,0.0,37.37,17.29,48.45,13.6
1999-02-11,0.0,37.61,18.09,42.07,17.64
1999-02-12,0.0,38.02,18.34,44.37,17.31
1999-02-13,0.0,36.09,18.35,45.78,20.34
1999-02-14,0.0,34.98,17.13,52.48,22.06
1999-02-15,0.0,34.0,16.56,59.88,22.98
1999-02-16,0.0,32.83,17.17,51.08,23.47
1999-02-17,0.0,34.61,15.77,53.24,18.18
1999-02-18,0.0,36.44,16.58,39.72,16.45
1999-02-19,0.0,35.29,18.23,39.38,17.04
1999-02-20,0.0,33.9,17.78,33.47,16.91
1999-02-21,0.0,35.4,17.91,32.45,16.12
1999-02-22,0.0,36.61,18.44,37.17,15.94
1999-02-23,0.0,38.22,18.35,40.84,14.78
1999-02-24,0.0,39.37,19.15,37.61,14.84
1999-02-25,0.0,39.3,20.89,42.28,16.51
1999-02-26,0.0,38.48,19.49,48.27,17.22
1999-02-27,0.0,37.97,18.71,47.75,15.93
1999-02-28,0.0,35.29,19.8,40.15,18.83
1999-03-01,0.0,38.22,20.16,42.04,17.01
1999-03-02,0.0,37.63,19.62,47.09,21.51
1999-03-03,0.0,37.4,19.45,42.32,16.72
1999-03-04,0.0,38.61,18.9,46.04,17.36
1999-03-05,0.0,38.35,20.15,42.93,18.14
1999-03-06,0.0,38.18,21.35,49.21,16.64
1999-03-07,0.0,39.4,20.21,36.66,15.53
1999-03-08,0.0,39.73,20.06,41.48,16.61
1999-03-09,0.0,37.41,19.26,55.48,26.02
1999-03-10,0.0,34.94,17.99,66.35,29.34
1999-03-11,0.0,34.84,18.2,66.98,32.05
1999-03-12,0.0,35.33,17.77,79.65,29.83
1999-03-13,0.0,33.8,16.49,82.94,30.76
1999-03-14,0.0,35.12,17.35,78.95,29.86
1999-03-15,0.0,36.75,18.45,67.16,26.48
1999-03-16,0.0,39.03,19.37,49.82,18.14
1999-03-17,0.0,40.19,20.05,45.23,17.36
1999-03-18,0.0,38.49,18.79,67.06,25.18
1999-03-19,0.0,37.52,18.2,79.24,26.8
1999-03-20,0.0,39.57,19.7,77.8,24.55
1999-03-21,0.0,40.69,18.99,72.2,23.2
1999-03-22,0.0,37.16,18.93,76.5,33.0
1999-03-23,0.0,36.23,18.05,91.09,32.87
1999-03-24,0.0,34.79,18.05,85.1,38.74
1999-03-25,0.0,34.54,17.09,88.14,40.56
1999-03-26,0.0,35.81,17.63,76.82,29.07
1999-03-27,0.0,38.74,19.0,58.87,21.2
1999-03-28,0.0,37.93,19.96,46.76,20.68
1999-03-29,0.0,37.57,18.93,66.71,23.97
1999-03-30,0.0,35.42,18.51,77.62,32.35
1999-03-31,0.0,36.04,17.85,83.88,31.26
1999-04-01,0.0,36.24,18.54,75.96,30.91
1999-04-02,0.0,37.51,18.6,74.23,29.26
1999-04-03,0.0,39.19,20.07,72.08,25.38
1999-04-04,0.0,40.12,19.52,84.34,23.35
1999-04-05,0.0,39.86,19.31,80.33,22.61
1999-04-06,0.0,36.3,19.02,86.5,34.47
1999-04-07,0.0,36.16,18.54,88.0,31.53
1999-04-08,0.0,34.04,18.99,79.37,37.97
1999-04-09,0.0,34.8,19.94,77.76,32.47
1999-04-10,0.0,35.42,20.88,70.72,31.83
1999-04-11,0.0,40.87,21.69,64.56,25.57
1999-04-12,0.0,42.16,25.28,62.73,25.42
1999-04-13,0.0,37.01,21.27,80.32,36.59
1999-04-14,0.0,32.67,18.53,88.36,43.85
1999-04-15,0.0,31.46,18.28,90.65,46.73
1999-04-16,0.0,32.8,19.21,88.47,41.09
1999-04-17,0.0,35.7,19.66,89.11,36.15
1999-04-18,0.0,40.9,20.14,78.77,23.3
1999-04-19,0.0,41.0,21.21,70.02,21.87
1999-04-20,0.0,39.14,22.88,54.47,19.44
1999-04-21,0.0,39.58,20.87,61.9,21.06
1999-04-22,0.0,38.45,19.8,79.98,29.02
1999-04-23,0.0,36.5,20.23,79.79,35.2
1999-04-24,0.0,35.49,19.73,95.66,41.87
1999-04-25,0.0,35.4,19.68,99.14,45.63
1999-04-26,0.0,34.36,20.09,98.45,51.1
1999-04-27,0.0,34.16,20.07,99.08,49.46
1999-04-28,0.0,30.64,20.23,98.84,54.67
1999-04-29,0.0,32.46,19.56,86.54,46.48
1999-04-30,0.0,36.36,20.28,88.13,33.3
1999-05-01,0.0,36.89,21.77,77.31,29.24
1999-05-02,0.0,39.38,21.94,63.16,22.8
1999-05-03,0.0,41.46,22.92,53.89,18.42
1999-05-04,0.0,38.42,22.45,75.74,32.24
1999-05-05,0.0,35.57,20.74,95.34,41.56
1999-05-06,0.0,35.12,19.62,99.94,40.53
1999-05-07,0.0,34.59,19.61,98.22,41.67
1999-05-08,0.0,34.36,20.46,98.89,47.37
1999-05-09,0.0,33.74,20.22,97.91,49.69
1999-05-10,0.0,34.03,19.83,100.0,48.55
1999-05-11,0.0,34.69,19.9,99.82,41.43
1999-05-12,0.0,33.04,20.22,99.89,53.86
1999-05-13,0.0,33.57,21.91,96.9,55.22
1999-05-14,0.0,33.63,22.17,98.4,53.65
1999-05-15,0.0,32.84,20.88,100.0,57.65
1999-05-16,0.0,32.91,22.07,98.77,58.53
1999-05-17,0.0,33.1,21.87,97.45,52.32
1999-05-18,0.0,34.97,22.25,96.36,48.03
1999-05-19,0.4,36.66,22.12,98.7,48.38
1999-05-20,0.0,36.96,22.74,97.6,47.14
1999-05-21,0.0,35.59,21.74,99.64,49.93
1999-05-22,0.0,36.22,23.87,98.7,52.54
1999-05-23,0.0,34.91,23.11,97.7,59.09
1999-05-24,0.0,36.06,23.3,99.37,49.51
1999-05-25,0.0,35.3,21.78,99.21,39.34
1999-05-26,0.0,33.33,21.4,91.02,47.76
1999-05-27,0.0,34.69,22.16,87.56,39.61
1999-05-28,0.0,36.63,21.3,88.56,40.2
1999-05-29,0.0,35.73,22.72,99.98,47.95
1999-05-30,0.0,34.97,23.33,95.32,54.82
1999-05-31,0.0,35.94,23.45,98.9,50.06
1999-06-01,0.0,36.2,23.96,89.73,41.99
1999-06-02,0.12,36.2,23.88,93.59,48.87
1999-06-03,0.0,34.32,25.0,93.15,56.33
1999-06-04,0.0,34.82,24.97,91.42,52.53
1999-06-05,5.56,35.51,24.86,86.41,51.69
1999-06-06,0.0,29.77,24.19,99.52,72.75
1999-06-07,0.0,31.92,23.71,98.19,74.53
1999-06-08,0.0,31.65,23.7,98.45,63.96
1999-06-09,0.59,34.22,25.33,92.85,60.43
1999-06-10,0.0,33.07,24.64,98.66,60.89
1999-06-11,0.0,33.64,23.92,98.41,57.83
1999-06-12,0.0,33.42,25.08,90.79,57.14
1999-06-13,0.0,35.66,25.72,83.56,49.98
1999-06-14,11.31,36.27,25.54,89.04,51.84
1999-06-15,0.0,35.99,24.66,97.16,53.32
1999-06-16,0.0,34.58,25.33,90.45,52.15
1999-06-17,0.9,34.92,24.46,92.54,55.45
1999-06-18,1.89,30.41,22.84,98.4,76.62
1999-06-19,0.0,33.08,23.45,99.79,61.98
1999-06-20,12.48,36.41,24.43,92.24,50.27
1999-06-21,5.36,35.75,24.53,98.68,55.64
1999-06-22,9.74,31.14,24.36,98.78,82.88
1999-06-23,0.0,31.42,23.23,98.36,71.35
1999-06-24,0.0,31.4,23.16,99.71,72.53
1999-06-25,0.0,32.53,24.53,97.84,68.22
1999-06-26,17.14,32.86,24.45,98.64,65.42
1999-06-27,15.45,34.32,23.88,98.85,58.85
1999-06-28,2.34,33.87,24.05,99.61,60.92
1999-06-29,24.2,31.14,24.53,99.28,69.02
1999-06-30,0.06,33.94,22.74,99.19,58.21
1999-07-01,15.87,31.95,24.83,91.59,66.7
1999-07-02,1.91,35.07,24.45,91.74,55.57
1999-07-03,23.51,33.0,22.94,97.95,62.89
1999-07-04,10.41,31.46,22.88,99.22,71.2
1999-07-05,4.54,28.89,22.83,100.0,82.73
1999-07-06,16.28,31.14,22.95,99.58,75.79
1999-07-07,0.05,30.71,23.3,97.46,74.17
1999-07-08,0.06,31.84,23.85,94.45,67.56
1999-07-09,0.0,31.6,24.24,95.51,63.84
1999-07-10,0.0,34.44,23.54,85.24,52.69
1999-07-11,14.11,34.29,25.3,87.7,58.35
1999-07-12,17.25,31.92,23.67,99.29,74.33
1999-07-13,17.38,31.52,23.94,95.24,71.45
1999-07-14,9.26,30.58,23.34,99.34,77.41
1999-07-15,11.06,31.2,23.32,99.77,73.83
1999-07-16,0.53,31.73,23.54,99.56,71.77
1999-07-17,0.09,32.25,24.45,98.53,66.98
1999-07-18,0.0,33.1,25.68,91.91,59.35
1999-07-19,0.0,32.99,25.34,83.77,58.74
1999-07-20,23.91,31.49,24.75,94.73,72.79
1999-07-21,12.37,33.31,24.5,92.76,62.23
1999-07-22,23.11,30.95,24.22,99.98,73.01
1999-07-23,41.01,29.07,23.33,99.45,83.37
1999-07-24,5.21,29.83,23.12,99.47,79.25
1999-07-25,0.0,30.66,24.59,98.5,73.48
1999-07-26,0.0,31.58,24.68,89.9,64.04
1999-07-27,2.68,30.41,24.94,97.15,73.1
1999-07-28,2.12,30.67,23.52,99.47,74.61
1999-07-29,13.48,30.26,23.28,99.81,76.83
1999-07-30,0.0,31.42,24.26,99.41,73.46
1999-07-31,2.63,29.75,24.67,99.97,82.2
1999-08-01,12.57,30.94,23.83,99.64,73.3
1999-08-02,9.87,31.2,24.15,92.98,70.47
1999-08-03,10.03,33.6,23.61,99.6,62.37
1999-08-04,18.19,32.2,24.45,98.31,72.42
1999-08-05,21.67,30.15,24.06,99.34,79.09
1999-08-06,8.92,30.38,22.87,96.2,74.73
1999-08-07,1.95,29.91,24.07,99.71,77.45
1999-08-08,0.56,30.2,23.85,99.19,76.17
1999-08-09,1.41,30.45,24.18,97.2,73.06
1999-08-10,36.28,28.42,23.79,99.79,85.83
1999-08-11,27.79,28.68,23.19,99.12,83.88
1999-08-12,36.12,30.65,23.18,98.39,73.67
1999-08-13,12.59,31.72,23.57,96.13,71.16
1999-08-14,16.65,30.55,24.01,98.75,77.9
1999-08-15,12.99,30.45,23.27,99.62,75.88
1999-08-16,10.85,27.52,23.42,99.83,91.14
1999-08-17,38.63,28.3,23.39,99.87,85.92
1999-08-18,54.7,28.4,23.76,99.78,86.71
1999-08-19,0.78,30.42,23.11,95.6,72.08
1999-08-20,0.67,30.82,23.55,93.3,72.21
1999-08-21,0.54,29.48,23.89,97.99,78.65
1999-08-22,25.43,30.75,23.55,99.61,73.92
1999-08-23,10.44,30.88,23.29,99.78,75.37
1999-08-24,0.0,29.53,23.59,99.44,78.61
1999-08-25,0.0,29.45,23.7,98.86,81.16
1999-08-26,9.55,28.88,23.83,99.17,82.69
1999-08-27,23.45,30.44,23.59,99.53,75.23
1999-08-28,51.53,30.11,22.91,99.78,79.74
1999-08-29,0.0,30.52,23.53,99.6,76.73
1999-08-30,6.9,29.39,23.51,99.53,81.5
1999-08-31,14.14,30.43,23.38,99.73,77.75
1999-09-01,0.0,31.05,23.09,99.68,72.98
1999-09-02,5.97,30.39,23.51,99.64,78.75
1999-09-03,3.53,32.52,23.35,99.67,67.8
1999-09-04,23.65,32.19,23.42,97.07,71.47
1999-09-05,0.08,31.96,23.01,96.3,70.49
1999-09-06,0.33,32.53,23.7,96.41,72.45
1999-09-07,12.73,30.68,23.54,99.47,74.56
1999-09-08,0.0,30.72,23.29,92.83,72.14
1999-09-09,9.59,30.88,23.77,94.89,74.58
1999-09-10,1.04,30.92,22.65,99.58,72.29
1999-09-11,12.19,32.11,23.18,96.02,68.28
1999-09-12,0.0,31.63,22.84,97.73,72.02
1999-09-13,0.3,31.49,23.9,96.08,70.21
1999-09-14,0.02,31.09,23.85,98.32,73.52
1999-09-15,6.49,29.56,23.26,99.52,81.26
1999-09-16,32.21,30.33,22.72,99.59,78.24
1999-09-17,0.19,31.54,22.88,99.19,75.46
1999-09-18,11.2,33.1,23.51,99.11,67.33
1999-09-19,7.91,30.84,23.92,99.61,81.59
1999-09-20,13.21,32.38,23.4,99.56,71.08
1999-09-21,0.84,32.72,23.26,98.96,67.77
1999-09-22,1.39,32.78,23.04,98.58,67.28
1999-09-23,5.88,32.99,23.81,99.13,69.51
1999-09-24,0.0,31.12,23.2,98.97,77.85
1999-09-25,0.0,33.24,23.76,98.41,66.63
1999-09-26,0.01,30.73,24.3,94.49,77.5
1999-09-27,0.0,30.73,23.74,97.61,77.31
1999-09-28,0.65,32.03,23.01,99.05,70.18
1999-09-29,4.88,29.96,23.76,98.44,79.23
1999-09-30,1.82,33.38,23.08,99.52,64.76
1999-10-01,0.0,32.84,23.86,99.46,76.89
1999-10-02,16.42,31.26,23.58,99.19,79.69
1999-10-03,3.16,32.63,22.45,99.08,73.16
1999-10-04,23.88,31.89,23.38,99.66,76.58
1999-10-05,19.84,29.87,22.64,99.32,83.48
1999-10-06,0.0,32.18,22.1,99.55,73.41
1999-10-07,0.88,32.18,23.8,99.15,75.53
1999-10-08,8.23,31.37,23.55,99.26,79.65
1999-10-09,15.56,29.45,22.29,99.61,81.76
1999-10-10,5.52,30.57,22.53,98.92,81.71
1999-10-11,4.13,32.31,23.17,99.83,72.04
1999-10-12,0.0,32.15,23.11,99.56,75.07
1999-10-13,0.0,33.51,23.84,99.53,70.73
1999-10-14,0.0,32.32,23.56,99.79,76.0
1999-10-15,0.34,31.18,23.4,99.3,79.54
1999-10-16,20.46,30.82,23.56,99.45,81.76
1999-10-17,13.45,30.46,22.22,99.12,78.42
1999-10-18,1.48,29.46,22.51,99.49,81.28
1999-10-19,0.61,31.8,22.72,99.9,72.48
1999-10-20,0.0,32.07,22.59,99.96,66.15
1999-10-21,0.0,33.86,22.9,97.72,58.39
1999-10-22,0.0,33.55,23.53,97.8,65.07
1999-10-23,0.0,35.08,23.99,97.26,55.07
1999-10-24,0.0,33.91,24.76,99.16,55.28
1999-10-25,0.0,32.01,23.64,98.28,68.89
1999-10-26,0.0,32.27,22.97,99.34,66.48
1999-10-27,0.0,30.11,22.61,99.85,75.2
1999-10-28,0.76,32.16,22.1,100.0,62.19
1999-10-29,0.01,32.25,22.12,81.63,50.45
1999-10-30,0.0,33.06,21.81,87.25,51.6
1999-10-31,0.0,33.06,22.17,98.19,65.23
1999-11-01,0.44,32.44,21.67,99.33,78.99
1999-11-02,0.0,35.85,21.38,99.61,41.44
1999-11-03,0.0,35.42,21.21,100.0,50.44
1999-11-04,0.0,34.09,21.34,99.76,61.05
1999-11-05,0.0,33.41,21.22,99.71,66.17
1999-11-06,0.0,35.67,21.26,99.74,52.36
1999-11-07,0.0,36.86,21.94,92.45,40.82
1999-11-08,0.0,36.67,21.93,100.0,29.86
1999-11-09,0.0,35.11,21.22,60.64,27.5
1999-11-10,0.0,35.82,19.77,66.97,33.38
1999-11-11,0.0,35.34,20.61,99.98,48.71
1999-11-12,0.0,35.64,21.1,99.99,49.97
1999-11-13,0.0,37.03,21.42,87.09,32.54
1999-11-14,0.0,35.85,21.13,72.93,30.0
1999-11-15,0.0,32.96,21.19,82.65,44.12
1999-11-16,0.0,34.96,20.92,85.87,35.99
1999-11-17,0.0,34.51,19.49,88.13,34.12
1999-11-18,0.0,34.7,20.36,74.43,32.34
1999-11-19,0.0,34.2,21.1,93.67,41.57
1999-11-20,0.0,35.21,20.69,86.94,37.96
1999-11-21,0.0,35.18,20.81,91.16,42.95
1999-11-22,0.0,36.56,21.36,91.25,39.01
1999-11-23,0.0,36.7,21.83,89.17,40.84
1999-11-24,0.0,36.91,22.05,97.68,41.6
1999-11-25,0.0,36.37,21.62,100.0,47.36
1999-11-26,0.0,35.21,21.2,99.97,54.56
1999-11-27,0.0,33.45,20.5,99.99,49.94
1999-11-28,0.0,34.85,20.26,100.0,47.33
1999-11-29,0.0,35.37,20.88,100.0,43.01
1999-11-30,0.0,36.93,20.82,87.35,32.16
1999-12-01,0.0,35.68,19.56,81.54,36.65
1999-12-02,0.0,36.27,19.25,87.96,37.78
1999-12-03,0.0,37.06,19.93,75.48,35.38
1999-12-04,0.0,37.03,19.85,82.73,29.65
1999-12-05,0.0,37.08,18.83,70.07,29.43
1999-12-06,0.0,36.01,18.63,69.91,28.21
1999-12-07,0.0,36.19,18.53,66.24,28.5
1999-12-08,0.0,37.04,19.2,65.44,28.28
1999-12-09,0.0,35.18,18.64,61.31,27.93
1999-12-10,0.0,34.25,17.89,57.93,27.52
1999-12-11,0.0,34.79,17.82,54.22,27.79
1999-12-12,0.0,35.76,18.44,63.95,29.08
1999-12-13,0.0,34.42,17.27,54.61,26.42
1999-12-14,0.0,32.84,17.37,52.42,27.2
1999-12-15,0.0,32.91,16.72,52.79,26.97
1999-12-16,0.0,35.26,17.36,55.11,24.4
1999-12-17,0.0,35.52,17.25,57.33,24.48
1999-12-18,0.0,32.34,17.3,46.23,21.87
1999-12-19,0.0,29.64,16.94,49.25,25.18
1999-12-20,0.0,28.58,14.74,36.06,19.81
1999-12-21,0.0,30.33,14.44,40.3,19.97
1999-12-22,0.0,30.55,16.19,44.78,24.52
1999-12-23,0.0,30.21,16.06,42.97,21.71
1999-12-24,0.0,31.44,16.4,41.68,21.77
1999-12-25,0.0,30.47,16.09,46.63,24.62
1999-12-26,0.0,31.28,16.69,72.95,34.5
1999-12-27,0.0,34.6,19.27,54.79,29.22
1999-12-28,0.0,33.78,19.25,61.66,23.67
1999-12-29,0.0,35.49,18.37,50.5,21.97
1999-12-30,0.0,34.56,17.81,57.54,18.0
1999-12-31,0.0,30.98,17.54,70.13,26.91
2000-01-01,0.0,31.5,16.87,95.54,43.25
2000-01-02,0.0,33.73,17.35,99.55,28.16
2000-01-03,0.0,33.7,18.09,62.29,24.92
2000-01-04,0.0,31.6,18.02,91.68,29.46
2000-01-05,0.0,26.48,16.3,95.06,74.24
2000-01-06,0.0,31.61,17.46,88.96,45.51
2000-01-07,0.0,32.63,18.44,64.92,30.89
2000-01-08,0.0,32.84,17.82,55.81,28.61
2000-01-09,0.0,33.38,17.29,50.22,23.89
2000-01-10,0.0,34.39,17.23,62.42,33.61
2000-01-11,0.0,36.33,18.79,83.66,34.28
2000-01-12,0.0,35.96,19.12,63.51,33.59
2000-01-13,0.0,35.05,18.69,53.59,26.48
2000-01-14,0.0,34.41,17.62,44.15,24.17
2000-01-15,0.0,33.88,17.25,49.88,24.5
2000-01-16,0.0,34.64,17.88,45.48,23.12
2000-01-17,0.0,34.95,18.03,39.23,16.79
2000-01-18,0.0,35.92,18.6,34.43,16.35
2000-01-19,0.0,37.01,18.6,41.67,21.14
2000-01-20,0.0,37.03,17.9,47.82,23.72
2000-01-21,0.0,36.25,17.46,56.78,21.58
2000-01-22,0.0,35.09,16.93,57.05,21.02
2000-01-23,0.0,35.65,18.93,57.33,23.41
2000-01-24,0.0,33.92,18.43,63.46,27.01
2000-01-25,0.0,33.18,17.22,65.08,26.57
2000-01-26,0.0,32.73,16.37,69.55,33.24
2000-01-27,0.0,33.64,16.57,67.65,25.62
2000-01-28,0.0,37.5,19.13,48.47,22.68
2000-01-29,0.0,38.46,19.69,47.7,22.19
2000-01-30,0.0,39.54,19.39,73.16,21.43
2000-01-31,0.0,40.32,19.69,42.39,20.34
2000-02-01,0.0,37.54,20.32,45.1,21.57
2000-02-02,0.0,36.81,18.48,44.1,19.2
2000-02-03,0.0,36.07,18.26,43.95,15.83
2000-02-04,0.0,35.5,17.89,30.57,13.18
2000-02-05,0.0,36.26,17.46,32.78,14.19
2000-02-06,0.0,34.72,17.94,35.8,15.33
2000-02-07,0.0,34.35,18.48,32.13,15.97
2000-02-08,0.0,35.3,19.18,29.82,14.73
2000-02-09,0.0,36.06,18.51,37.66,16.02
2000-02-10,0.0,35.2,17.86,39.28,16.68
2000-02-11,0.0,36.83,18.19,36.3,14.72
2000-02-12,0.0,37.62,17.86,39.35,15.41
2000-02-13,0.0,38.59,19.08,60.82,13.25
2000-02-14,0.0,37.54,19.59,36.31,13.61
2000-02-15,0.0,37.91,19.8,28.86,11.09
2000-02-16,0.0,38.05,19.31,26.24,11.76
2000-02-17,0.0,37.47,18.23,32.73,13.36
2000-02-18,0.0,37.77,17.75,36.3,13.33
2000-02-19,0.0,38.42,18.73,34.53,13.96
2000-02-20,0.0,37.7,18.45,52.69,16.08
2000-02-21,0.0,35.58,17.32,69.62,26.61
2000-02-22,0.0,32.72,17.95,89.11,41.89
2000-02-23,0.0,32.85,18.53,87.05,42.29
2000-02-24,0.0,31.04,18.71,78.83,45.07
2000-02-25,0.0,35.39,18.44,74.17,32.45
2000-02-26,0.0,34.86,17.81,74.21,31.47
2000-02-27,0.0,37.3,18.53,79.8,24.54
2000-02-28,0.0,34.43,17.86,80.35,36.45
2000-02-29,0.0,32.92,17.2,85.72,42.99
2000-03-01,0.0,32.4,18.13,97.4,48.76
2000-03-02,0.0,33.51,18.07,98.66,45.73
2000-03-03,0.0,34.7,18.21,92.74,45.99
2000-03-04,0.0,36.88,18.92,92.2,33.09
2000-03-05,0.0,37.76,18.92,78.47,27.38
2000-03-06,0.0,37.87,18.92,85.7,24.26
2000-03-07,0.0,40.1,19.8,64.05,16.58
2000-03-08,0.0,37.69,19.57,82.95,37.34
2000-03-09,0.0,37.27,19.66,99.17,41.71
2000-03-10,0.0,41.91,19.65,90.27,12.64
2000-03-11,0.0,39.88,20.19,71.93,20.09
2000-03-12,0.0,37.46,19.7,99.98,42.84
2000-03-13,0.0,37.67,19.33,99.37,40.6
2000-03-14,0.0,40.5,19.52,92.21,16.38
2000-03-15,0.0,40.77,20.18,49.91,10.28
2000-03-16,0.0,39.55,19.28,63.51,15.37
2000-03-17,0.0,40.32,19.22,66.06,12.87
2000-03-18,0.0,41.48,20.88,46.41,9.69
2000-03-19,0.0,40.81,20.34,56.37,13.35
2000-03-20,0.0,38.83,20.01,67.81,19.91
2000-03-21,0.0,35.28,18.61,86.95,35.84
2000-03-22,0.0,36.5,18.32,92.72,34.88
2000-03-23,0.0,37.65,18.69,88.66,27.23
2000-03-24,0.0,35.15,18.55,96.62,37.25
2000-03-25,0.0,35.53,18.71,88.31,38.96
2000-03-26,0.0,37.98,19.08,84.35,27.78
2000-03-27,0.0,38.63,19.25,81.33,23.03
2000-03-28,0.0,36.68,18.81,78.88,32.57
2000-03-29,0.0,37.17,18.6,91.54,35.84
2000-03-30,0.0,38.02,19.16,89.87,33.43
2000-03-31,0.0,39.21,20.1,86.25,32.55
2000-04-01,0.0,37.44,20.72,95.43,39.36
2000-04-02,0.0,35.78,19.81,92.21,40.45
2000-04-03,0.0,35.64,19.08,85.35,36.66
2000-04-04,0.0,36.05,19.15,84.34,38.5
2000-04-05,0.0,37.39,20.12,85.82,37.07
2000-04-06,0.0,37.05,20.44,81.9,36.29
2000-04-07,0.0,37.07,19.79,87.07,32.95
2000-04-08,0.0,37.44,19.39,85.94,35.07
2000-04-09,0.0,36.98,19.51,82.3,36.99
2000-04-10,0.0,38.13,19.12,84.67,34.17
2000-04-11,0.0,37.58,20.02,87.14,34.95
2000-04-12,0.0,40.49,19.79,89.64,23.0
2000-04-13,0.0,38.97,19.89,91.85,29.88
2000-04-14,0.0,42.74,21.65,81.38,18.5
2000-04-15,0.0,38.99,20.86,89.07,35.9
2000-04-16,0.0,38.78,21.01,86.83,31.84
2000-04-17,0.02,33.85,20.26,98.43,56.97
2000-04-18,0.0,31.89,20.75,99.5,60.22
2000-04-19,0.0,35.4,21.18,99.92,54.89
2000-04-20,0.0,34.38,21.21,100.0,55.75
2000-04-21,0.0,39.21,20.66,99.97,32.05
2000-04-22,0.0,39.88,21.49,82.56,29.7
2000-04-23,0.0,37.77,21.0,95.17,41.64
2000-04-24,0.0,36.35,20.24,98.25,41.99
2000-04-25,0.0,36.64,21.38,98.84,47.81
2000-04-26,0.0,36.73,21.85,97.76,46.48
2000-04-27,0.0,36.78,20.52,97.01,42.64
2000-04-28,0.0,39.58,20.68,93.78,30.03
2000-04-29,0.0,39.3,20.8,88.52,31.09
2000-04-30,0.0,37.72,20.02,83.56,27.95
2000-05-01,0.0,36.14,20.12,75.42,30.77
2000-05-02,0.0,33.9,19.57,87.03,36.42
2000-05-03,0.0,33.9,19.44,94.28,38.06
2000-05-04,0.0,36.4,20.07,93.67,33.19
2000-05-05,0.0,36.93,21.24,71.9,31.16
2000-05-06,0.0,38.67,20.98,69.9,26.7
2000-05-07,0.0,39.2,21.68,68.13,25.86
2000-05-08,0.0,36.11,21.24,79.85,34.75
2000-05-09,0.0,35.48,20.33,85.76,36.49
2000-05-10,0.0,34.66,20.15,89.61,41.2
2000-05-11,0.0,32.75,20.28,97.69,47.56
2000-05-12,0.0,34.57,19.87,96.66,42.64
2000-05-13,0.0,33.78,19.82,99.39,44.56
2000-05-14,0.0,35.84,20.37,92.22,36.34
2000-05-15,0.0,33.86,20.24,92.61,45.92
2000-05-16,0.0,34.81,20.17,99.7,42.48
2000-05-17,0.0,35.39,20.26,93.38,38.51
2000-05-18,0.0,36.61,20.52,91.8,38.07
2000-05-19,0.0,37.45,21.08,86.17,34.75
2000-05-20,0.0,34.84,21.09,92.49,43.12
2000-05-21,0.0,33.07,20.9,91.97,45.67
2000-05-22,0.0,32.58,20.25,85.19,45.77
2000-05-23,0.0,33.98,21.14,82.61,35.86
2000-05-24,0.0,35.74,21.29,96.17,40.02
2000-05-25,0.0,34.7,21.48,100.0,52.99
2000-05-26,0.0,34.85,22.65,97.6,53.17
2000-05-27,0.0,35.97,22.27,99.25,48.92
2000-05-28,0.0,34.1,22.0,98.9,49.98
2000-05-29,0.0,36.97,21.33,96.81,40.42
2000-05-30,0.0,35.93,21.22,99.52,43.53
2000-05-31,0.0,35.39,21.51,99.99,48.51
2000-06-01,0.0,34.55,23.17,91.89,50.7
2000-06-02,0.0,31.97,23.95,98.15,65.61
2000-06-03,0.0,35.33,23.88,98.92,50.47
2000-06-04,0.0,34.57,23.57,93.92,49.35
2000-06-05,0.0,33.56,23.02,90.14,46.64
2000-06-06,0.0,34.83,22.79,75.49,35.29
2000-06-07,0.0,33.83,21.34,87.49,40.43
2000-06-08,0.0,34.33,21.73,82.05,41.23
2000-06-09,0.0,33.38,22.72,85.27,49.85
2000-06-10,0.0,35.42,23.47,86.6,48.21
2000-06-11,0.0,37.14,24.66,85.13,40.52
2000-06-12,0.0,34.78,24.52,95.02,54.05
2000-06-13,3.98,34.49,24.34,95.33,55.65
2000-06-14,0.0,31.81,22.51,99.45,69.02
2000-06-15,0.0,34.53,22.87,99.36,47.42
2000-06-16,0.0,33.63,23.31,87.48,52.07
2000-06-17,0.0,33.88,24.38,85.16,53.91
2000-06-18,0.0,34.81,24.49,92.77,56.39
2000-06-19,0.0,34.26,24.47,90.29,56.8
2000-06-20,0.0,34.5,23.89,94.3,53.81
2000-06-21,20.56,34.29,23.74,99.62,58.73
2000-06-22,0.0,33.61,23.02,98.72,60.66
2000-06-23,1.2,32.19,23.64,99.25,72.32
2000-06-24,2.9,29.99,24.41,98.64,84.56
2000-06-25,0.43,29.82,22.8,98.58,84.65
2000-06-26,1.43,31.78,23.33,98.56,73.23
2000-06-27,2.04,32.45,23.62,98.8,66.64
2000-06-28,0.04,32.36,23.34,99.99,64.35
2000-06-29,0.9,31.26,23.79,99.31,71.92
2000-06-30,0.0,31.86,23.72,99.54,74.37
2000-07-01,0.0,32.04,24.19,93.3,67.83
2000-07-02,0.81,32.45,24.36,91.78,67.48
2000-07-03,0.05,33.24,24.48,92.11,64.75
2000-07-04,0.07,30.95,24.18,98.74,77.52
2000-07-05,0.08,30.95,24.48,98.35,70.98
2000-07-06,13.68,32.03,23.19,95.21,69.96
2000-07-07,19.28,30.22,23.92,99.71,74.5
2000-07-08,11.61,28.08,23.17,99.75,85.12
2000-07-09,0.0,31.41,22.77,97.18,72.74
2000-07-10,0.0,31.37,23.77,96.86,72.13
2000-07-11,0.0,31.66,24.71,91.98,67.94
2000-07-12,1.77,31.95,24.32,90.56,66.7
2000-07-13,5.22,33.01,24.3,94.0,63.45
2000-07-14,0.11,32.36,23.57,98.94,69.8
2000-07-15,1.93,31.28,23.75,96.6,73.83
2000-07-16,0.89,30.26,24.69,98.62,77.1
2000-07-17,5.78,29.03,23.79,99.3,86.08
2000-07-18,63.11,28.08,23.26,99.73,88.3
2000-07-19,0.0,30.79,23.47,99.58,70.71
2000-07-20,0.0,29.99,23.05,97.21,70.52
2000-07-21,4.88,28.84,23.49,99.16,78.14
2000-07-22,1.62,28.53,23.14,99.29,85.47
2000-07-23,24.63,31.03,23.27,99.57,72.41
2000-07-24,0.88,31.75,23.59,99.66,71.24
2000-07-25,37.36,29.13,24.02,99.67,86.7
2000-07-26,24.73,27.98,23.36,99.48,87.35
2000-07-27,31.09,26.94,22.49,99.62,88.54
2000-07-28,13.92,29.01,23.34,99.59,81.77
2000-07-29,11.45,31.76,23.37,99.26,70.96
2000-07-30,14.09,30.65,23.61,99.33,74.45
2000-07-31,13.89,29.05,23.02,99.37,77.7
2000-08-01,6.74,27.19,22.61,99.92,89.38
2000-08-02,9.3,29.9,22.63,99.53,79.07
2000-08-03,0.0,30.05,23.33,97.96,80.17
2000-08-04,14.07,30.7,23.28,98.55,73.55
2000-08-05,0.0,28.17,22.88,99.15,86.2
2000-08-06,0.0,32.88,23.72,98.38,67.4
2000-08-07,0.0,32.29,24.1,94.42,71.52
2000-08-08,10.08,30.5,23.84,97.36,78.39
2000-08-09,7.16,32.31,23.13,98.24,68.35
2000-08-10,22.57,31.04,23.57,98.33,73.27
2000-08-11,0.11,31.41,23.25,99.03,71.29
2000-08-12,0.0,31.86,23.87,98.35,70.54
2000-08-13,0.5,31.66,23.61,99.13,71.12
2000-08-14,49.76,30.73,23.63,99.35,76.71
2000-08-15,0.0,29.88,23.0,99.69,80.5
2000-08-16,2.94,32.03,22.76,99.36,66.43
2000-08-17,0.78,31.53,22.66,98.44,68.52
2000-08-18,8.51,30.94,24.23,97.0,77.55
2000-08-19,1.29,31.19,23.96,99.9,77.29
2000-08-20,13.65,29.62,23.18,98.77,79.15
2000-08-21,15.53,29.05,22.9,99.71,81.49
2000-08-22,38.99,31.19,22.98,99.7,73.83
2000-08-23,0.26,32.05,23.37,99.43,73.01
2000-08-24,0.0,32.4,24.82,97.16,73.91
2000-08-25,5.18,30.73,24.58,99.59,81.71
2000-08-26,0.16,32.33,23.51,98.86,70.16
2000-08-27,4.27,32.67,23.82,99.68,75.23
2000-08-28,0.0,31.74,23.97,98.57,74.43
2000-08-29,4.99,33.46,24.13,97.95,66.38
2000-08-30,2.64,32.45,23.86,94.85,68.25
2000-08-31,2.73,34.07,24.05,93.98,63.98
2000-09-01,2.88,33.0,23.84,97.5,69.36
2000-09-02,14.84,30.67,23.53,99.99,82.85
2000-09-03,4.06,32.4,22.8,99.49,71.35
2000-09-04,0.0,32.32,24.01,96.38,69.79
2000-09-05,0.0,32.8,24.5,93.74,72.02
2000-09-06,0.0,31.23,24.69,98.56,80.85
2000-09-07,4.03,31.73,24.0,99.69,77.3
2000-09-08,0.04,32.72,23.05,99.14,67.74
2000-09-09,18.26,32.5,23.51,98.45,72.11
2000-09-10,40.76,30.16,23.07,99.82,81.77
2000-09-11,0.0,31.5,22.59,99.54,72.09
2000-09-12,17.98,32.76,23.57,96.07,70.71
2000-09-13,1.71,31.04,23.55,96.33,75.97
2000-09-14,26.24,31.07,22.69,99.65,76.7
2000-09-15,0.77,31.87,22.61,99.44,75.88
2000-09-16,14.98,31.91,23.58,99.56,76.7
2000-09-17,1.8,32.04,23.18,99.8,73.06
2000-09-18,1.87,31.94,23.44,98.8,74.16
2000-09-19,19.4,29.89,22.73,99.28,78.78
2000-09-20,6.67,31.66,23.71,99.01,79.23
2000-09-21,8.49,31.2,23.18,99.56,75.09
2000-09-22,28.57,32.09,23.33,98.8,70.27
2000-09-23,0.0,32.08,22.53,99.51,71.7
2000-09-24,0.0,32.24,23.18,97.97,73.77
2000-09-25,0.0,32.44,24.81,92.95,70.66
2000-09-26,4.38,30.71,23.76,97.09,74.86
2000-09-27,1.09,31.37,22.97,99.41,72.62
2000-09-28,0.0,32.66,22.32,99.41,64.88
2000-09-29,0.0,32.46,23.59,93.09,69.35
2000-09-30,0.0,33.48,23.78,96.38,66.27
2000-10-01,5.1,31.67,23.36,99.32,81.3
2000-10-02,11.06,30.65,22.62,99.5,82.44
2000-10-03,24.41,32.32,22.44,99.63,75.51
2000-10-04,8.09,32.0,22.31,99.52,70.2
2000-10-05,0.0,30.46,22.74,99.53,82.56
2000-10-06,0.09,32.25,22.87,99.82,71.79
2000-10-07,0.0,32.68,23.69,99.99,70.71
2000-10-08,0.0,32.08,22.67,98.97,60.72
2000-10-09,0.0,33.1,22.78,96.52,60.74
2000-10-10,0.0,32.86,23.79,98.88,68.48
2000-10-11,0.0,32.64,24.01,99.05,71.58
2000-10-12,0.0,31.74,23.39,99.31,76.91
2000-10-13,32.21,31.52,23.02,99.63,75.28
2000-10-14,22.58,27.91,22.53,99.66,92.05
2000-10-15,3.07,29.02,22.04,99.75,84.67
2000-10-16,7.36,29.11,22.98,99.66,86.88
2000-10-17,26.71,31.46,22.1,99.67,69.99
2000-10-18,0.0,32.3,22.16,99.92,69.36
2000-10-19,0.0,32.07,22.11,99.42,62.74
2000-10-20,0.0,33.16,22.65,91.43,53.02
2000-10-21,0.0,33.65,22.9,79.28,53.83
2000-10-22,0.0,32.95,22.78,87.32,50.57
2000-10-23,0.0,30.97,21.47,84.07,52.09
2000-10-24,0.0,31.66,20.8,77.63,47.72
2000-10-25,0.39,31.78,21.7,76.23,52.52
2000-10-26,0.0,32.62,23.08,90.95,61.9
2000-10-27,0.0,34.51,23.06,94.11,50.67
2000-10-28,0.0,34.0,23.32,99.12,61.09
2000-10-29,0.0,33.03,23.55,99.95,68.42
2000-10-30,0.0,32.19,23.1,99.9,67.86
2000-10-31,0.0,32.53,22.75,99.69,68.76
2000-11-01,0.0,33.58,21.08,99.62,69.75
2000-11-02,0.0,36.06,21.19,99.95,44.27
2000-11-03,0.0,36.01,20.79,99.84,34.68
2000-11-04,0.0,36.13,20.73,70.74,28.88
2000-11-05,0.0,36.27,20.51,57.96,30.06
2000-11-06,0.0,37.56,21.23,72.55,30.57
2000-11-07,0.0,34.43,20.82,100.0,55.57
2000-11-08,0.0,34.06,20.97,99.83,61.02
2000-11-09,0.0,33.16,21.25,99.7,72.68
2000-11-10,0.0,32.25,20.76,99.64,64.63
2000-11-11,0.0,34.1,20.01,99.71,47.9
2000-11-12,0.0,33.1,20.41,97.71,51.17
2000-11-13,0.0,33.8,20.61,99.8,54.87
2000-11-14,0.0,33.63,20.94,99.78,64.87
2000-11-15,0.0,33.83,20.75,99.69,58.83
2000-11-16,0.0,34.63,21.26,99.99,48.55
2000-11-17,0.0,36.72,21.54,100.0,33.74
2000-11-18,0.0,36.59,20.43,74.08,28.55
2000-11-19,0.0,36.14,20.34,60.78,29.96
2000-11-20,0.0,36.06,20.21,72.23,28.45
2000-11-21,0.0,36.28,20.07,61.34,25.53
2000-11-22,0.0,35.37,19.66,56.21,21.57
2000-11-23,0.0,33.85,19.01,40.41,18.32
2000-11-24,0.0,33.61,18.28,43.82,21.37
2000-11-25,0.0,33.23,18.06,41.01,20.04
2000-11-26,0.0,33.91,18.2,43.33,22.1
2000-11-27,0.0,34.49,18.73,52.77,25.79
2000-11-28,0.0,34.08,18.42,52.03,25.1
2000-11-29,0.0,34.18,18.89,48.26,23.76
2000-11-30,0.0,35.39,19.6,61.51,30.68
2000-12-01,0.0,36.8,18.98,71.06,25.2
2000-12-02,0.0,34.52,17.83,52.88,25.15
2000-12-03,0.0,33.04,16.86,50.24,22.66
2000-12-04,0.0,33.98,17.79,45.24,23.81
2000-12-05,0.0,33.34,17.89,48.96,24.9
2000-12-06,0.0,36.32,19.23,51.43,24.19
2000-12-07,0.0,36.39,18.53,62.53,27.77
2000-12-08,0.0,36.56,18.68,66.29,25.03
2000-12-09,0.0,35.29,17.41,50.76,22.27
2000-12-10,0.0,34.91,16.59,47.71,22.18
2000-12-11,0.0,35.66,17.24,49.06,22.83
2000-12-12,0.0,34.79,17.02,44.38,23.1
2000-12-13,0.0,34.76,16.93,49.56,24.85
2000-12-14,0.0,35.17,17.86,50.41,25.06
2000-12-15,0.0,35.29,17.69,51.08,23.43
2000-12-16,0.0,34.52,17.2,46.33,23.83
2000-12-17,0.0,35.19,17.63,45.7,23.15
2000-12-18,0.0,34.85,17.23,47.89,23.56
2000-12-19,0.0,34.97,17.74,63.3,23.4
2000-12-20,0.0,31.13,16.56,52.85,23.61
2000-12-21,0.0,29.31,15.89,51.3,24.19
2000-12-22,0.0,31.02,18.13,48.05,28.4
2000-12-23,0.0,30.17,15.74,56.88,27.89
2000-12-24,0.0,30.72,16.64,61.39,27.57
2000-12-25,0.0,32.19,16.71,55.78,26.11
2000-12-26,0.0,32.26,17.32,53.98,27.56
2000-12-27,0.0,33.09,16.73,75.18,27.23
2000-12-28,0.0,34.96,17.02,49.66,23.78
2000-12-29,0.0,34.52,16.8,56.56,25.51
2000-12-30,0.0,34.09,16.02,61.36,29.48
2000-12-31,0.0,34.71,15.98,63.84,27.3
2001-01-01,0.0,33.26,15.91,94.95,34.6
2001-01-02,0.0,32.08,15.62,91.18,30.39
2001-01-03,0.0,33.61,16.09,92.12,23.89
2001-01-04,0.0,36.36,16.81,67.96,20.05
2001-01-05,0.0,36.21,16.74,43.13,17.43
2001-01-06,0.0,34.87,15.78,43.69,19.01
2001-01-07,0.0,34.27,15.35,41.08,19.04
2001-01-08,0.0,33.72,15.4,46.34,18.86
2001-01-09,0.0,34.78,16.13,41.82,20.07
2001-01-10,0.0,35.63,16.7,45.82,19.55
2001-01-11,0.0,35.93,17.09,40.76,17.67
2001-01-12,0.0,34.99,17.31,43.16,17.29
2001-01-13,0.0,35.76,16.11,42.21,16.5
2001-01-14,0.0,32.61,15.95,44.04,20.33
2001-01-15,0.0,33.43,16.0,58.88,29.35
2001-01-16,0.0,36.22,15.96,62.43,23.65
2001-01-17,0.0,34.93,16.64,51.61,18.75
2001-01-18,0.0,33.14,15.62,43.0,18.17
2001-01-19,0.0,32.48,15.78,40.91,18.97
2001-01-20,0.0,34.34,15.67,44.98,17.3
2001-01-21,0.0,36.16,16.61,44.69,17.37
2001-01-22,0.0,34.98,16.28,42.89,16.18
2001-01-23,0.0,34.53,15.81,45.11,18.83
2001-01-24,0.0,36.64,15.85,41.58,14.93
2001-01-25,0.0,35.22,16.56,35.84,14.41
2001-01-26,0.0,32.31,15.4,34.21,15.5
2001-01-27,0.0,34.67,14.92,40.52,14.78
2001-01-28,0.0,34.8,14.55,41.93,14.45
2001-01-29,0.0,34.44,15.44,39.53,15.0
2001-01-30,0.0,33.77,14.24,40.59,16.54
2001-01-31,0.0,33.56,15.25,49.53,23.44
2001-02-01,0.0,35.92,16.96,48.66,15.1
2001-02-02,0.0,33.51,17.03,33.74,16.38
2001-02-03,0.0,34.8,16.43,37.83,14.9
2001-02-04,0.0,34.3,15.94,37.02,15.8
2001-02-05,0.0,35.21,16.75,47.38,18.34
2001-02-06,0.0,34.73,16.83,46.59,18.5
2001-02-07,0.0,37.45,17.64,57.0,17.13
2001-02-08,0.0,37.82,18.31,38.64,13.06
2001-02-09,0.0,38.26,19.03,35.7,12.72
2001-02-10,0.0,37.51,17.2,37.74,11.61
2001-02-11,0.0,37.75,17.94,36.43,12.15
2001-02-12,0.0,37.68,18.56,37.42,12.36
2001-02-13,0.0,36.84,17.79,49.73,11.48
2001-02-14,0.0,35.28,16.48,35.03,12.5
2001-02-15,0.0,35.64,16.92,36.32,15.16
2001-02-16,0.0,36.98,17.28,39.14,15.41
2001-02-17,0.0,37.81,18.09,46.41,14.97
2001-02-18,0.0,38.14,19.1,43.73,14.29
2001-02-19,0.0,36.41,20.13,52.08,18.26
2001-02-20,0.0,37.42,20.31,41.32,15.77
2001-02-21,0.0,40.13,20.74,37.46,12.15
2001-02-22,0.0,38.63,20.12,71.65,17.17
2001-02-23,0.0,39.31,19.88,72.39,17.47
2001-02-24,0.0,38.22,18.83,59.73,26.51
2001-02-25,0.0,38.6,20.11,57.22,23.0
2001-02-26,0.0,37.94,21.42,54.37,20.31
2001-02-27,0.0,40.5,22.67,45.02,18.69
2001-02-28,0.0,39.79,20.73,41.79,14.42
2001-03-01,0.0,37.66,19.06,33.29,14.91
2001-03-02,0.0,38.32,18.36,31.98,14.48
2001-03-03,0.0,39.53,19.3,32.07,14.69
2001-03-04,0.0,40.62,20.07,46.25,14.92
2001-03-05,0.0,41.76,20.59,46.7,12.7
2001-03-06,0.0,40.26,20.12,63.45,17.23
2001-03-07,0.0,42.62,21.41,43.92,12.37
2001-03-08,0.0,41.68,21.56,55.61,13.57
2001-03-09,0.0,41.02,20.01,50.09,13.91
2001-03-10,0.0,36.87,18.95,92.44,39.96
2001-03-11,0.0,38.69,18.64,98.93,24.07
2001-03-12,0.0,39.73,19.58,72.38,17.03
2001-03-13,0.0,33.88,18.25,71.32,35.38
2001-03-14,0.0,32.76,16.63,76.59,32.73
2001-03-15,0.0,32.43,17.22,84.87,35.21
2001-03-16,0.0,32.01,17.41,84.99,36.56
2001-03-17,0.0,33.98,18.04,86.58,42.77
2001-03-18,0.0,37.29,18.57,92.19,31.35
2001-03-19,0.0,39.49,19.71,69.82,25.08
2001-03-20,0.0,37.81,19.47,87.3,36.38
2001-03-21,0.0,36.8,19.57,87.12,40.85
2001-03-22,0.0,37.85,19.55,91.07,40.15
2001-03-23,0.0,40.45,19.53,82.51,19.8
2001-03-24,0.0,38.63,19.31,67.05,24.83
2001-03-25,0.0,33.25,18.53,82.4,43.48
2001-03-26,0.0,33.97,18.3,97.06,44.94
2001-03-27,0.0,31.71,18.61,98.0,54.74
2001-03-28,0.0,35.05,18.82,96.46,42.29
2001-03-29,0.0,39.95,20.01,79.88,17.48
2001-03-30,0.0,40.4,21.01,51.43,18.5
2001-03-31,0.0,39.24,18.74,94.86,21.7
2001-04-01,0.0,40.65,20.02,76.64,18.2
2001-04-02,0.0,40.32,21.83,53.9,17.59
2001-04-03,0.0,34.54,19.22,76.14,35.98
2001-04-04,0.0,32.5,17.78,87.89,38.38
2001-04-05,0.0,35.13,18.06,90.31,37.35
2001-04-06,0.0,42.05,20.07,80.94,13.05
2001-04-07,0.0,40.64,21.43,51.91,17.56
2001-04-08,0.0,37.61,20.84,75.11,33.45
2001-04-09,0.0,36.74,20.61,81.76,37.45
2001-04-10,0.0,42.87,21.03,84.45,15.85
2001-04-11,0.0,40.69,21.98,70.33,26.79
2001-04-12,0.0,36.67,20.8,100.0,44.34
2001-04-13,0.0,37.6,20.49,91.5,32.33
2001-04-14,0.0,33.79,19.92,88.41,44.31
2001-04-15,0.0,34.43,18.96,83.04,40.2
2001-04-16,0.0,35.21,19.46,87.14,41.23
2001-04-17,0.0,33.92,18.94,98.48,48.54
2001-04-18,0.0,33.89,18.89,99.73,44.73
2001-04-19,0.0,33.86,18.54,92.72,39.36
2001-04-20,0.0,32.73,19.57,89.81,38.44
2001-04-21,0.0,37.99,20.78,82.04,29.49
2001-04-22,0.0,36.28,19.47,70.0,28.93
2001-04-23,0.0,38.58,20.26,57.76,20.01
2001-04-24,0.0,39.94,20.04,66.23,17.77
2001-04-25,0.0,39.84,19.99,84.75,22.41
2001-04-26,0.0,38.64,19.93,86.81,27.41
2001-04-27,0.0,41.34,20.1,86.8,19.83
2001-04-28,0.0,40.08,20.69,94.57,29.46
2001-04-29,0.0,37.43,20.53,99.45,33.2
2001-04-30,0.0,32.41,18.51,98.88,43.8
2001-05-01,0.0,35.13,20.44,88.96,36.42
2001-05-02,0.0,32.67,20.79,88.96,47.2
2001-05-03,0.0,34.05,21.16,87.11,39.84
2001-05-04,0.0,35.46,20.49,90.83,36.92
2001-05-05,0.0,38.41,21.09,80.3,27.54
2001-05-06,0.0,39.01,21.36,75.04,27.04
2001-05-07,0.0,40.06,22.26,81.57,29.54
2001-05-08,0.0,34.23,22.88,88.05,43.7
2001-05-09,0.0,39.33,21.12,97.28,24.79
2001-05-10,0.0,41.02,22.53,76.81,24.47
2001-05-11,0.0,42.92,23.74,67.21,20.88
2001-05-12,0.03,38.49,23.7,82.3,36.44
2001-05-13,0.0,34.59,21.57,98.65,46.8
2001-05-14,0.0,34.87,19.8,100.0,40.91
2001-05-15,0.0,35.94,20.6,97.11,36.21
2001-05-16,0.0,34.06,21.19,99.9,45.22
2001-05-17,0.0,36.66,21.27,88.76,35.96
2001-05-18,0.0,31.88,21.56,94.66,50.1
2001-05-19,0.0,32.32,21.66,92.27,49.26
2001-05-20,0.0,34.29,21.35,91.08,46.23
2001-05-21,0.0,35.14,21.54,99.34,49.89
2001-05-22,0.0,35.53,22.55,99.35,50.78
2001-05-23,0.0,34.78,22.39,98.69,46.51
2001-05-24,0.0,35.39,22.28,92.25,41.07
2001-05-25,0.0,35.0,21.35,99.99,43.1
2001-05-26,0.0,34.0,22.33,94.59,47.73
2001-05-27,0.0,36.77,23.18,92.6,37.47
2001-05-28,0.0,35.73,22.12,99.99,46.75
2001-05-29,0.0,35.33,21.53,98.57,43.02
2001-05-30,0.0,33.62,22.09,96.46,52.47
2001-05-31,0.0,33.73,21.86,96.16,52.15
2001-06-01,0.0,35.81,23.4,86.57,38.52
2001-06-02,0.0,34.39,23.44,91.54,50.75
2001-06-03,0.0,34.02,24.19,89.15,52.14
2001-06-04,0.0,34.88,24.27,88.08,46.93
2001-06-05,0.24,35.07,24.7,84.12,46.77
2001-06-06,0.0,33.94,24.72,96.32,57.36
2001-06-07,0.0,33.8,24.88,94.78,53.55
2001-06-08,13.3,34.06,24.27,100.0,54.95
2001-06-09,0.38,32.42,23.07,99.38,63.17
2001-06-10,0.0,30.15,23.53,99.06,76.25
2001-06-11,0.0,31.91,23.14,99.63,58.66
2001-06-12,0.0,34.47,24.04,89.76,48.12
2001-06-13,19.19,35.05,24.31,99.25,50.55
2001-06-14,0.87,31.83,22.58,100.0,71.73
2001-06-15,0.08,30.5,22.89,100.0,68.41
2001-06-16,0.0,30.98,22.52,98.97,66.64
2001-06-17,0.0,32.71,23.8,96.71,63.83
2001-06-18,0.0,31.44,24.8,98.58,69.22
2001-06-19,0.0,32.99,24.45,99.16,57.02
2001-06-20,0.0,33.53,24.28,89.49,53.24
2001-06-21,0.0,31.54,24.54,87.56,56.97
2001-06-22,0.0,34.49,23.63,95.05,50.98
2001-06-23,0.03,34.21,24.47,94.23,48.33
2001-06-24,8.34,35.11,24.66,90.38,46.77
2001-06-25,0.0,30.58,23.08,99.99,71.28
2001-06-26,20.32,32.03,23.44,98.79,68.14
2001-06-27,0.0,29.16,23.17,99.15,79.43
2001-06-28,0.0,31.13,23.59,99.53,71.6
2001-06-29,0.77,31.06,24.05,99.29,73.52
2001-06-30,1.27,32.49,23.66,99.1,65.9
2001-07-01,0.0,32.05,23.99,99.61,70.71
2001-07-02,37.66,31.7,24.54,98.71,72.4
2001-07-03,9.27,30.0,23.38,99.58,82.6
2001-07-04,0.04,30.89,23.24,99.92,75.5
2001-07-05,2.66,28.81,23.51,99.48,85.04
2001-07-06,0.0,31.12,23.4,99.98,74.78
2001-07-07,0.0,32.52,24.37,99.09,73.17
2001-07-08,0.0,33.43,25.07,96.69,72.28
2001-07-09,8.71,30.31,24.73,99.72,79.54
2001-07-10,1.28,30.62,23.93,99.7,78.39
2001-07-11,0.0,31.39,23.85,96.68,66.95
2001-07-12,35.81,32.28,24.01,96.86,71.1
2001-07-13,21.02,30.47,23.83,99.87,78.56
2001-07-14,0.0,30.7,23.02,99.71,72.91
2001-07-15,0.0,31.69,24.04,98.74,68.06
2001-07-16,0.0,30.75,24.91,94.72,67.45
2001-07-17,20.91,30.66,24.8,98.48,68.15
2001-07-18,17.91,29.94,23.49,99.19,76.57
2001-07-19,26.78,28.11,23.05,99.58,85.7
2001-07-20,0.16,32.08,23.45,99.02,69.73
2001-07-21,17.29,31.75,24.11,99.51,73.18
2001-07-22,0.0,31.46,23.35,99.96,71.4
2001-07-23,0.0,31.68,23.92,97.02,69.84
2001-07-24,0.38,32.3,23.88,93.97,63.24
2001-07-25,3.61,30.29,23.66,99.31,76.63
2001-07-26,24.11,30.47,23.86,100.0,76.3
2001-07-27,14.49,28.33,22.88,99.78,84.22
2001-07-28,7.75,30.76,22.84,99.6,74.41
2001-07-29,0.67,30.78,23.33,99.51,75.85
2001-07-30,0.23,30.99,24.46,97.56,74.35
2001-07-31,15.84,30.16,24.53,96.79,78.46
2001-08-01,39.72,28.71,23.52,98.81,85.59
2001-08-02,26.73,30.99,22.63,99.81,74.86
2001-08-03,25.36,30.3,23.25,99.5,80.24
2001-08-04,0.0,31.68,23.99,97.96,70.6
2001-08-05,14.84,30.56,23.92,99.46,76.61
2001-08-06,9.86,29.49,23.71,99.56,80.99
2001-08-07,5.35,32.79,24.18,97.35,69.62
2001-08-08,0.0,31.39,24.42,99.68,78.76
2001-08-09,1.41,31.25,24.22,99.88,74.65
2001-08-10,16.4,30.2,23.41,99.66,76.26
2001-08-11,19.59,30.35,23.31,99.72,78.64
2001-08-12,0.0,31.98,23.4,99.34,70.51
2001-08-13,2.69,31.03,24.1,97.29,75.48
2001-08-14,44.11,31.08,24.33,99.68,77.83
2001-08-15,9.6,28.36,23.21,99.77,86.39
2001-08-16,0.01,31.98,23.81,98.51,72.25
2001-08-17,1.36,33.48,23.82,98.57,68.04
2001-08-18,0.0,33.44,24.12,96.96,66.19
2001-08-19,0.0,32.56,25.17,97.81,72.86
2001-08-20,0.04,32.6,25.05,95.33,69.65
2001-08-21,0.0,32.06,24.62,93.95,70.34
2001-08-22,0.0,31.92,24.0,93.48,69.32
2001-08-23,13.2,32.58,24.45,96.36,71.63
2001-08-24,7.25,32.07,24.02,98.19,70.72
2001-08-25,3.99,31.52,23.56,98.94,74.49
2001-08-26,8.79,31.56,24.17,99.37,72.72
2001-08-27,1.15,29.76,23.9,98.77,81.69
2001-08-28,18.22,31.58,23.73,97.85,72.71
2001-08-29,0.0,32.29,23.82,98.79,71.96
2001-08-30,0.0,30.19,24.32,97.14,80.32
2001-08-31,0.0,32.43,23.6,98.58,68.06
2001-09-01,22.07,32.32,24.12,97.06,71.09
2001-09-02,0.78,31.2,23.49,99.72,80.44
2001-09-03,3.87,32.54,23.58,99.57,72.24
2001-09-04,25.42,30.96,23.15,99.61,75.49
2001-09-05,26.1,30.68,22.93,99.7,77.54
2001-09-06,19.53,31.87,22.92,99.39,72.52
2001-09-07,0.01,30.97,23.06,99.46,76.09
2001-09-08,30.64,31.55,23.25,99.31,73.48
2001-09-09,14.33,31.37,23.27,99.23,73.39
2001-09-10,0.02,32.1,23.32,99.46,74.57
2001-09-11,0.0,33.63,24.0,99.13,68.51
2001-09-12,0.05,33.56,23.8,99.37,68.76
2001-09-13,0.38,30.95,24.46,98.33,79.69
2001-09-14,0.0,31.72,24.32,99.11,74.73
2001-09-15,3.09,32.77,23.98,98.26,70.4
2001-09-16,18.06,32.18,23.04,99.45,74.21
2001-09-17,5.87,30.41,23.06,99.65,78.09
2001-09-18,0.78,32.03,23.19,98.81,73.79
2001-09-19,0.0,31.72,23.7,98.42,76.42
2001-09-20,0.71,31.48,23.49,97.81,75.37
2001-09-21,0.11,30.75,22.94,99.32,76.2
2001-09-22,16.69,31.47,23.21,99.21,74.51
2001-09-23,1.96,31.31,23.24,98.64,74.84
2001-09-24,6.37,32.57,24.3,96.29,71.7
2001-09-25,4.85,32.28,23.31,98.4,70.67
2001-09-26,0.0,31.95,23.05,99.36,73.22
2001-09-27,0.0,33.33,24.54,97.6,70.86
2001-09-28,15.67,33.37,24.24,94.96,67.77
2001-09-29,8.16,30.75,23.51,96.53,79.18
2001-09-30,8.11,33.09,23.74,97.74,71.29
2001-10-01,7.59,32.09,23.18,99.37,78.44
2001-10-02,0.0,33.14,22.97,99.68,68.39
2001-10-03,0.0,33.4,24.14,99.37,69.39
2001-10-04,0.0,33.24,23.78,97.99,64.25
2001-10-05,0.0,31.42,23.45,99.66,77.96
2001-10-06,0.0,32.55,22.63,99.53,74.33
2001-10-07,0.0,33.04,23.39,99.51,71.63
2001-10-08,2.48,33.01,23.68,99.8,71.65
2001-10-09,0.0,34.46,24.32,98.69,65.57
2001-10-10,0.0,32.74,23.95,100.0,78.28
2001-10-11,27.15,29.76,23.44,99.43,84.99
2001-10-12,8.57,30.65,22.67,99.52,80.63
2001-10-13,0.0,32.79,22.96,99.5,73.07
2001-10-14,0.0,32.97,24.49,99.45,73.9
2001-10-15,0.0,33.11,23.62,99.41,73.59
2001-10-16,0.0,33.04,24.02,99.42,74.08
2001-10-17,0.0,34.32,24.43,100.0,65.71
2001-10-18,0.0,33.61,24.41,99.8,70.67
2001-10-19,0.0,35.53,24.18,99.34,55.61
2001-10-20,0.0,34.71,24.66,96.23,63.19
2001-10-21,0.0,34.47,24.26,98.01,57.64
2001-10-22,0.0,34.52,24.13,93.59,60.53
2001-10-23,0.0,34.45,24.04,97.54,64.28
2001-10-24,0.0,35.85,23.8,94.36,51.85
2001-10-25,0.0,34.78,24.44,98.19,64.24
2001-10-26,0.0,34.21,23.97,99.09,65.17
2001-10-27,0.0,34.4,23.44,99.95,63.36
2001-10-28,0.0,35.23,23.54,99.79,49.01
2001-10-29,0.0,36.76,24.02,88.94,40.71
2001-10-30,0.0,36.86,24.36,83.67,44.62
2001-10-31,0.0,34.85,24.34,91.39,57.02
2001-11-01,0.31,33.43,21.4,99.5,73.38
2001-11-02,0.0,30.48,21.4,99.55,90.87
2001-11-03,0.0,33.61,21.18,99.23,40.42
2001-11-04,0.0,36.69,19.94,66.36,32.71
2001-11-05,0.0,36.15,21.53,98.05,48.39
2001-11-06,0.0,36.89,21.71,100.0,41.21
2001-11-07,0.0,37.01,21.37,100.0,36.94
2001-11-08,0.0,37.97,21.05,95.04,30.42
2001-11-09,0.0,38.14,21.89,96.96,28.47
2001-11-10,0.0,35.88,21.64,87.71,36.09
2001-11-11,0.0,35.78,21.36,100.0,35.96
2001-11-12,0.0,35.96,20.96,93.72,31.6
2001-11-13,0.0,36.12,21.59,98.48,43.83
2001-11-14,0.0,37.0,20.82,93.06,32.73
2001-11-15,0.0,36.81,20.79,73.33,30.92
2001-11-16,0.0,36.63,21.36,91.67,32.71
2001-11-17,0.0,36.76,21.37,100.0,36.92
2001-11-18,0.0,37.07,21.94,100.0,50.77
2001-11-19,0.0,36.79,21.83,100.0,51.6
2001-11-20,0.0,34.03,22.49,99.99,60.67
2001-11-21,0.0,34.52,21.11,95.9,37.19
2001-11-22,0.0,33.91,20.85,78.8,40.43
2001-11-23,0.0,34.55,19.98,85.27,38.33
2001-11-24,0.0,34.49,21.11,93.76,42.4
2001-11-25,0.0,34.28,21.5,86.68,42.3
2001-11-26,0.0,32.4,21.49,99.31,54.67
2001-11-27,0.0,31.05,20.68,98.59,57.55
2001-11-28,0.0,33.3,20.88,92.48,35.77
2001-11-29,0.0,33.76,21.07,74.43,34.61
2001-11-30,0.0,32.16,20.99,81.03,34.36
2001-12-01,0.0,33.81,20.06,57.07,30.48
2001-12-02,0.0,35.73,19.56,56.5,28.33
2001-12-03,0.0,35.98,18.84,59.81,23.51
2001-12-04,0.0,34.75,18.43,51.9,23.73
2001-12-05,0.0,31.07,19.89,48.55,26.65
2001-12-06,0.0,35.04,19.4,52.55,26.85
2001-12-07,0.0,37.24,18.93,52.71,24.33
2001-12-08,0.0,36.08,19.26,93.54,37.89
2001-12-09,0.0,35.52,19.87,99.71,40.9
2001-12-10,0.0,36.12,20.28,68.33,22.99
2001-12-11,0.0,33.39,20.61,67.03,28.48
2001-12-12,0.0,36.34,19.3,46.18,21.17
2001-12-13,0.0,36.25,18.03,51.27,21.97
2001-12-14,0.0,36.13,18.66,47.87,22.85
2001-12-15,0.0,36.36,18.03,52.79,23.98
2001-12-16,0.0,35.08,19.0,49.86,23.81
2001-12-17,0.0,34.54,20.4,45.68,23.37
2001-12-18,0.0,37.76,20.49,48.93,23.42
2001-12-19,0.0,37.56,20.9,59.88,23.58
2001-12-20,0.0,36.37,19.83,94.88,33.69
2001-12-21,0.0,35.34,19.23,100.0,54.95
2001-12-22,0.0,35.23,19.85,100.0,46.11
2001-12-23,0.0,34.9,20.15,100.0,53.07
2001-12-24,0.0,35.91,19.44,100.0,46.91
2001-12-25,0.0,34.64,19.71,100.0,39.82
2001-12-26,0.0,37.01,19.5,99.27,41.39
2001-12-27,0.0,35.35,19.62,100.0,56.76
2001-12-28,0.0,34.53,20.38,100.0,63.18
2001-12-29,0.0,34.72,20.42,99.62,63.92
2001-12-30,0.0,34.66,19.78,100.0,60.3
2001-12-31,0.0,33.27,19.19,99.76,62.95
2002-01-01,0.0,33.4,19.49,99.58,39.1
2002-01-02,0.0,33.46,18.57,91.91,35.34
2002-01-03,0.0,35.81,18.05,69.85,22.1
2002-01-04,0.0,36.9,17.91,47.46,15.24
2002-01-05,0.0,36.58,17.61,47.31,16.49
2002-01-06,0.0,31.93,17.24,93.92,45.75
2002-01-07,0.0,31.39,17.08,99.33,55.57
2002-01-08,0.0,31.73,16.84,99.14,53.51
2002-01-09,0.0,29.08,18.47,97.7,68.58
2002-01-10,0.0,29.12,17.64,90.09,38.25
2002-01-11,0.42,29.27,17.21,60.62,32.41
2002-01-12,0.0,34.46,16.42,54.81,29.65
2002-01-13,0.0,35.68,16.99,75.77,20.65
2002-01-14,0.0,35.44,16.8,45.34,18.2
2002-01-15,0.0,35.96,17.83,48.62,19.01
2002-01-16,0.0,37.11,18.02,46.62,17.18
2002-01-17,0.0,36.98,18.5,44.06,17.99
2002-01-18,0.0,36.41,19.16,40.54,17.58
2002-01-19,0.0,35.72,19.21,37.53,17.75
2002-01-20,0.0,33.18,19.37,39.56,20.57
2002-01-21,0.0,36.35,20.14,36.96,19.79
2002-01-22,0.0,35.77,19.02,34.78,17.89
2002-01-23,0.0,35.82,18.19,39.88,17.55
2002-01-24,0.0,36.04,17.88,39.73,16.14
2002-01-25,0.0,38.22,18.38,42.03,16.28
2002-01-26,0.0,37.92,18.32,39.88,14.12
2002-01-27,0.0,37.43,17.66,44.5,13.55
2002-01-28,0.0,37.03,17.72,35.55,12.57
2002-01-29,0.0,37.3,17.77,55.0,12.25
2002-01-30,0.0,35.94,17.75,38.85,12.83
2002-01-31,0.0,36.26,17.5,38.25,15.32
2002-02-01,0.0,35.87,18.36,37.38,16.62
2002-02-02,0.0,38.41,20.73,40.73,17.15
2002-02-03,0.0,35.58,21.18,34.77,14.62
2002-02-04,0.0,37.54,18.65,36.27,15.43
2002-02-05,0.0,36.96,20.09,36.06,15.75
2002-02-06,0.0,35.87,18.05,36.21,16.2
2002-02-07,0.0,35.89,16.98,41.43,16.89
2002-02-08,0.0,37.98,17.77,44.97,18.19
2002-02-09,0.0,38.09,18.73,37.0,12.52
2002-02-10,0.0,36.15,18.87,34.36,14.7
2002-02-11,0.0,37.61,18.84,34.82,14.65
2002-02-12,0.0,39.12,18.54,35.72,12.45
2002-02-13,0.0,39.93,19.35,67.22,12.22
2002-02-14,0.0,39.27,18.66,42.8,13.85
2002-02-15,0.0,39.07,19.04,38.11,13.82
2002-02-16,0.0,38.3,18.71,46.63,16.64
2002-02-17,0.0,34.43,17.32,72.37,32.1
2002-02-18,0.0,34.03,16.96,76.34,27.46
2002-02-19,0.0,35.33,17.54,55.53,25.95
2002-02-20,0.0,36.21,19.26,49.72,24.81
2002-02-21,0.0,37.87,19.71,61.39,24.78
2002-02-22,0.0,34.23,17.68,76.67,37.75
2002-02-23,0.0,35.53,17.81,93.05,38.68
2002-02-24,0.0,37.45,17.91,96.6,27.6
2002-02-25,0.0,41.24,20.14,54.42,15.19
2002-02-26,0.01,38.5,20.78,40.6,13.29
2002-02-27,0.0,37.84,19.43,31.02,13.12
2002-02-28,0.0,37.85,18.98,36.76,13.31
2002-03-01,0.0,37.23,18.36,58.97,16.46
2002-03-02,0.0,36.84,18.04,76.31,20.25
2002-03-03,0.0,35.41,17.64,80.15,25.04
2002-03-04,0.0,35.66,18.55,79.24,31.45
2002-03-05,0.0,37.08,19.17,69.55,27.32
2002-03-06,0.0,38.83,19.38,63.52,21.64
2002-03-07,0.0,39.28,19.65,52.99,20.55
2002-03-08,0.0,37.42,18.78,62.55,22.69
2002-03-09,0.0,37.18,18.34,69.04,24.14
2002-03-10,0.0,37.2,18.06,76.59,26.49
2002-03-11,0.0,34.62,17.68,84.54,34.57
2002-03-12,0.0,35.49,18.1,86.04,33.91
2002-03-13,0.0,34.94,17.97,70.32,31.86
2002-03-14,0.0,36.02,18.03,68.0,29.02
2002-03-15,0.0,36.87,18.77,66.4,27.11
2002-03-16,0.0,38.29,19.23,51.22,18.5
2002-03-17,0.0,38.68,20.04,42.47,15.67
2002-03-18,0.0,39.51,19.58,38.11,15.55
2002-03-19,0.0,40.38,19.62,44.08,15.18
2002-03-20,0.0,40.59,19.51,66.52,18.41
2002-03-21,0.0,43.25,20.5,60.74,12.22
2002-03-22,0.0,43.24,21.14,48.77,11.91
2002-03-23,0.0,37.68,19.87,76.78,35.25
2002-03-24,0.0,34.44,19.83,100.0,53.18
2002-03-25,0.0,33.29,19.88,98.82,55.57
2002-03-26,0.0,32.77,18.81,97.71,41.31
2002-03-27,0.0,35.2,18.09,82.01,30.06
2002-03-28,0.0,34.89,19.22,69.72,34.13
2002-03-29,0.0,36.63,19.73,79.62,37.29
2002-03-30,0.0,36.13,18.45,81.6,35.95
2002-03-31,0.0,34.99,18.98,83.57,41.8
2002-04-01,0.0,34.82,18.62,74.93,35.61
2002-04-02,0.0,36.35,19.06,74.3,29.22
2002-04-03,0.0,39.32,21.09,53.57,22.38
2002-04-04,0.0,39.11,21.08,49.9,21.51
2002-04-05,0.0,37.48,19.86,69.56,26.88
2002-04-06,0.0,33.05,17.9,86.02,42.88
2002-04-07,0.0,31.67,16.73,97.57,43.01
2002-04-08,0.0,30.82,17.54,98.57,44.13
2002-04-09,0.0,33.02,18.42,92.28,42.72
2002-04-10,0.0,34.3,17.96,87.13,35.82
2002-04-11,0.0,34.88,18.75,69.76,31.94
2002-04-12,0.0,34.34,18.71,67.65,35.92
2002-04-13,0.0,33.19,18.2,81.66,39.79
2002-04-14,0.0,34.06,17.57,86.42,36.23
2002-04-15,0.0,34.64,18.02,91.91,37.21
2002-04-16,0.0,37.34,18.99,81.99,28.38
2002-04-17,0.0,36.5,18.71,86.95,31.7
2002-04-18,0.0,38.94,19.68,74.09,25.24
2002-04-19,0.0,39.91,20.54,60.92,19.63
2002-04-20,0.0,37.83,19.21,67.89,24.95
2002-04-21,0.0,37.62,18.9,80.53,22.87
2002-04-22,0.0,35.83,18.39,90.63,32.89
2002-04-23,0.0,37.9,19.76,87.58,30.46
2002-04-24,0.0,43.55,21.92,60.24,15.08
2002-04-25,0.0,41.49,22.1,77.84,12.64
2002-04-26,0.0,42.62,23.42,46.4,12.65
2002-04-27,0.0,42.05,21.95,54.99,13.68
2002-04-28,0.0,40.02,21.32,73.41,20.56
2002-04-29,0.0,40.16,20.91,75.88,22.78
2002-04-30,0.0,36.82,19.8,80.58,30.64
2002-05-01,0.0,34.83,19.22,87.89,37.7
2002-05-02,0.0,34.69,19.07,90.62,35.05
2002-05-03,0.0,32.34,18.44,99.75,44.13
2002-05-04,0.0,33.27,18.72,96.71,44.02
2002-05-05,0.0,34.61,19.15,86.92,40.39
2002-05-06,0.0,34.86,19.38,88.88,34.15
2002-05-07,0.0,35.16,19.3,86.82,31.31
2002-05-08,0.0,34.46,19.43,92.35,36.04
2002-05-09,0.0,35.11,19.61,86.35,38.15
2002-05-10,0.0,40.03,21.23,73.76,21.36
2002-05-11,0.0,41.93,23.64,63.06,21.39
2002-05-12,0.0,37.6,21.39,84.66,31.87
2002-05-13,0.0,36.79,20.26,90.74,32.11
2002-05-14,0.0,37.93,20.42,84.62,31.57
2002-05-15,0.0,36.53,20.72,96.7,38.69
2002-05-16,0.0,35.69,22.6,93.02,50.49
2002-05-17,0.0,35.09,21.58,97.81,49.62
2002-05-18,0.0,35.21,21.85,99.88,48.3
2002-05-19,0.0,35.96,22.9,99.02,52.7
2002-05-20,0.0,33.58,22.15,99.69,54.5
2002-05-21,0.0,33.49,21.29,95.52,46.54
2002-05-22,0.0,36.02,21.78,98.65,39.17
2002-05-23,0.0,35.93,21.0,97.35,40.7
2002-05-24,0.13,35.87,21.81,98.1,45.31
2002-05-25,0.0,37.78,22.63,98.93,44.95
2002-05-26,0.0,38.27,22.58,99.66,38.43
2002-05-27,0.0,37.74,22.66,99.98,40.77
2002-05-28,0.0,37.3,22.76,99.94,45.73
2002-05-29,0.0,36.12,22.13,99.4,42.59
2002-05-30,0.0,36.14,21.67,96.1,37.8
2002-05-31,0.0,35.68,22.36,92.2,40.63
2002-06-01,0.0,35.67,23.25,85.39,38.49
2002-06-02,0.0,35.16,24.56,90.18,50.22
2002-06-03,0.0,35.6,23.74,95.24,50.73
2002-06-04,0.0,34.52,24.91,90.12,55.06
2002-06-05,0.55,31.2,23.53,97.99,71.25
2002-06-06,0.02,33.57,23.46,98.18,60.26
2002-06-07,0.0,33.45,23.36,97.87,59.09
2002-06-08,0.0,36.79,23.37,97.64,40.34
2002-06-09,0.0,34.46,23.71,95.59,54.74
2002-06-10,0.0,34.29,24.16,89.94,53.52
2002-06-11,0.0,34.42,24.41,89.4,50.89
2002-06-12,16.75,35.72,23.86,94.72,47.85
2002-06-13,1.62,34.73,23.56,99.94,57.27
2002-06-14,0.0,33.14,23.61,96.88,53.96
2002-06-15,0.0,33.65,23.26,90.62,51.23
2002-06-16,0.0,35.23,23.62,85.84,46.16
2002-06-17,0.01,32.86,24.62,86.1,52.45
2002-06-18,0.0,34.53,24.32,98.12,57.11
2002-06-19,0.0,33.76,24.67,93.6,53.65
2002-06-20,0.0,34.65,24.36,89.02,52.49
2002-06-21,0.0,33.51,24.98,98.71,63.57
2002-06-22,0.56,33.53,23.92,98.57,63.6
2002-06-23,0.0,32.05,24.19,98.36,76.32
2002-06-24,0.0,30.36,24.44,99.24,80.94
2002-06-25,0.0,30.95,24.83,97.6,72.47
2002-06-26,3.99,32.23,24.61,98.38,66.04
2002-06-27,16.48,34.57,23.95,97.73,56.64
2002-06-28,0.73,34.79,24.09,97.01,58.45
2002-06-29,0.0,33.08,24.24,99.52,62.05
2002-06-30,0.0,34.38,24.44,95.59,56.39
2002-07-01,0.0,35.12,25.22,89.44,55.03
2002-07-02,0.0,31.99,24.86,98.97,66.95
2002-07-03,0.0,35.46,24.83,96.79,54.64
2002-07-04,0.09,33.33,24.04,97.72,54.67
2002-07-05,2.26,34.59,24.37,85.8,52.5
2002-07-06,10.9,34.0,24.44,99.99,60.07
2002-07-07,0.0,35.06,24.6,91.56,54.03
2002-07-08,0.0,34.57,23.91,97.45,61.11
2002-07-09,11.94,34.21,25.18,97.77,59.16
2002-07-10,0.0,34.05,24.03,89.45,51.81
2002-07-11,0.0,34.37,24.34,85.4,50.46
2002-07-12,0.0,34.48,23.99,79.59,50.57
2002-07-13,0.0,35.16,24.8,80.89,51.52
2002-07-14,8.46,35.04,25.37,86.53,56.44
2002-07-15,0.5,33.49,24.57,94.28,61.74
2002-07-16,0.0,34.01,25.04,91.9,59.97
2002-07-17,12.47,32.95,24.76,94.16,61.77
2002-07-18,1.05,33.55,24.14,86.1,54.22
2002-07-19,0.0,35.34,24.7,85.42,52.54
2002-07-20,0.28,34.14,25.08,82.23,55.11
2002-07-21,6.6,35.73,25.07,86.11,53.48
2002-07-22,9.66,33.14,25.09,91.78,65.59
2002-07-23,0.13,33.31,24.05,92.08,62.32
2002-07-24,0.0,34.69,24.99,89.43,55.59
2002-07-25,0.0,35.01,25.14,88.62,57.89
2002-07-26,0.0,34.24,26.27,86.81,58.18
2002-07-27,0.0,34.39,25.23,83.39,51.73
2002-07-28,0.0,34.97,25.19,78.74,48.47
2002-07-29,0.0,35.22,24.86,77.96,48.23
2002-07-30,0.12,34.68,24.59,75.11,45.74
2002-07-31,0.0,34.22,24.57,79.82,49.2
2002-08-01,1.41,35.94,24.54,84.84,52.21
2002-08-02,0.53,34.23,24.82,92.27,58.92
2002-08-03,0.0,34.82,25.53,84.79,50.31
2002-08-04,0.0,33.67,25.79,78.78,53.22
2002-08-05,0.0,35.75,24.26,83.67,45.76
2002-08-06,0.0,36.72,25.13,81.01,47.46
2002-08-07,0.0,34.64,25.58,80.21,55.91
2002-08-08,1.81,36.43,25.14,85.64,48.76
2002-08-09,0.05,36.32,24.87,85.51,50.65
2002-08-10,14.44,31.24,24.27,97.03,72.34
2002-08-11,0.47,31.19,23.69,97.73,77.42
2002-08-12,0.0,33.04,24.63,97.07,73.26
2002-08-13,0.0,32.23,24.74,96.61,72.68
2002-08-14,0.01,32.88,24.06,99.08,69.84
2002-08-15,0.01,32.5,24.86,96.48,72.2
2002-08-16,0.12,30.49,24.27,99.33,76.88
2002-08-17,0.0,32.62,24.05,98.22,67.08
2002-08-18,9.0,31.22,24.16,97.22,75.96
2002-08-19,7.22,32.77,23.83,99.52,69.18
2002-08-20,7.93,31.63,23.87,98.96,74.32
2002-08-21,13.63,32.13,24.34,98.74,76.89
2002-08-22,7.03,32.95,23.61,99.67,68.0
2002-08-23,7.38,30.86,24.27,98.95,79.04
2002-08-24,1.07,32.17,23.96,99.01,71.48
2002-08-25,34.82,33.45,24.35,94.67,67.2
2002-08-26,0.0,32.22,23.97,99.24,74.11
2002-08-27,0.27,31.53,24.91,97.96,79.76
2002-08-28,38.21,29.14,23.47,99.33,84.97
2002-08-29,29.73,28.39,22.77,99.82,87.96
2002-08-30,0.82,32.72,23.68,97.83,72.02
2002-08-31,8.41,32.12,24.04,99.23,73.19
2002-09-01,0.54,28.14,22.9,99.57,87.34
2002-09-02,34.2,32.54,22.96,98.88,67.9
2002-09-03,0.0,32.44,23.38,97.57,75.41
2002-09-04,0.0,33.01,24.58,96.46,66.61
2002-09-05,7.64,31.63,24.26,95.93,74.49
2002-09-06,1.84,32.06,23.28,99.97,68.38
2002-09-07,4.96,32.67,23.35,95.21,70.32
2002-09-08,5.49,30.19,23.2,99.28,78.68
2002-09-09,6.54,32.07,23.68,99.43,74.06
2002-09-10,14.07,32.51,23.6,97.16,71.52
2002-09-11,0.0,30.92,23.12,98.13,80.34
2002-09-12,13.11,33.6,23.93,96.22,67.65
2002-09-13,2.37,31.4,23.73,98.75,73.94
2002-09-14,9.16,32.97,23.6,99.3,71.2
2002-09-15,37.13,29.89,23.81,98.89,82.5
2002-09-16,17.01,32.61,23.29,99.09,71.46
2002-09-17,17.01,33.38,23.67,99.42,69.31
2002-09-18,0.0,32.21,23.4,99.71,74.24
2002-09-19,8.26,33.42,24.61,95.96,67.04
2002-09-20,0.0,31.84,23.69,99.59,73.68
2002-09-21,7.5,32.23,23.31,99.39,72.03
2002-09-22,15.14,32.02,23.28,97.86,75.73
2002-09-23,0.0,32.71,24.0,95.96,68.18
2002-09-24,0.0,32.58,23.77,94.45,70.03
2002-09-25,0.03,33.53,24.31,98.5,68.95
2002-09-26,4.34,32.41,24.19,99.32,75.37
2002-09-27,1.73,32.92,23.64,98.82,69.61
2002-09-28,0.79,31.69,23.56,96.35,73.52
2002-09-29,0.0,32.91,24.53,94.63,69.51
2002-09-30,0.0,32.5,24.66,98.96,71.6
2002-10-01,0.48,32.6,24.04,99.8,73.71
2002-10-02,0.0,32.23,24.11,99.53,77.6
2002-10-03,0.0,32.67,24.2,99.53,73.49
2002-10-04,0.0,31.83,24.04,99.33,72.78
2002-10-05,0.0,32.33,22.99,99.54,65.1
2002-10-06,0.0,34.01,23.01,96.04,59.24
2002-10-07,1.71,33.64,24.02,97.95,63.73
2002-10-08,0.0,32.12,23.64,99.14,75.45
2002-10-09,6.02,31.7,23.4,99.33,78.8
2002-10-10,24.34,31.56,23.5,99.46,78.64
2002-10-11,5.19,29.46,22.29,99.58,86.76
2002-10-12,0.0,31.8,23.29,99.62,75.04
2002-10-13,0.0,33.28,23.87,99.33,71.31
2002-10-14,0.0,33.67,23.79,100.0,66.8
2002-10-15,0.0,32.95,23.43,100.0,70.92
2002-10-16,0.0,34.28,23.8,97.48,57.93
2002-10-17,0.08,34.54,24.08,99.11,60.94
2002-10-18,1.7,32.91,23.92,99.92,72.6
2002-10-19,0.02,32.44,23.52,100.0,73.92
2002-10-20,0.07,33.82,23.28,100.0,56.96
2002-10-21,1.37,35.8,24.0,96.94,57.62
2002-10-22,0.0,35.07,24.26,97.81,60.66
2002-10-23,0.0,34.08,23.93,99.23,65.92
2002-10-24,0.0,34.71,23.96,98.24,61.01
2002-10-25,0.01,34.22,23.49,99.62,63.73
2002-10-26,0.0,33.82,23.4,99.13,61.9
2002-10-27,0.0,36.33,24.09,93.84,45.45
2002-10-28,0.0,36.89,24.19,89.96,40.01
2002-10-29,0.0,35.81,24.29,89.05,51.72
2002-10-30,0.0,35.86,24.01,94.14,47.5
2002-10-31,0.0,36.12,24.71,90.56,46.82
2002-11-01,0.0,36.82,23.13,99.61,48.0
2002-11-02,0.0,37.42,21.7,77.58,25.27
2002-11-03,0.0,37.58,20.2,54.27,23.82
2002-11-04,0.0,37.22,20.9,62.69,27.22
2002-11-05,0.0,36.26,21.56,100.0,42.6
2002-11-06,0.0,37.0,21.54,99.85,31.64
2002-11-07,0.0,36.72,20.99,86.97,23.94
2002-11-08,0.0,37.68,20.24,60.46,21.63
2002-11-09,0.0,36.6,19.91,54.09,23.79
2002-11-10,0.0,35.69,19.81,64.09,25.43
2002-11-11,0.0,35.6,19.0,55.5,22.0
2002-11-12,0.0,36.94,20.02,58.48,22.87
2002-11-13,0.0,37.7,20.72,66.5,20.73
2002-11-14,0.0,37.44,20.8,63.53,22.11
2002-11-15,0.0,34.86,21.0,100.0,42.82
2002-11-16,0.0,32.23,19.65,92.64,36.47
2002-11-17,0.0,33.41,19.63,80.95,38.65
2002-11-18,0.0,35.72,20.24,70.89,34.5
2002-11-19,0.0,36.38,20.95,78.56,32.49
2002-11-20,0.0,36.54,20.84,65.54,28.5
2002-11-21,0.0,35.58,20.27,57.1,28.41
2002-11-22,0.0,35.03,20.18,73.0,29.02
2002-11-23,0.0,33.97,20.56,99.83,49.22
2002-11-24,0.0,34.44,20.84,100.0,53.5
2002-11-25,0.0,33.9,20.68,99.95,35.36
2002-11-26,0.0,33.67,20.72,61.96,29.81
2002-11-27,0.0,36.37,21.0,60.02,28.43
2002-11-28,0.0,36.13,20.33,77.65,28.34
2002-11-29,0.0,37.16,21.96,62.58,27.61
2002-11-30,0.0,36.01,21.51,80.75,40.08
2002-12-01,0.0,34.86,19.4,99.99,25.3
2002-12-02,0.0,33.55,18.43,48.58,25.51
2002-12-03,0.0,34.99,17.72,55.81,26.8
2002-12-04,0.0,35.05,18.21,67.89,26.53
2002-12-05,0.0,32.51,17.77,55.95,22.74
2002-12-06,0.0,35.68,18.71,50.58,23.4
2002-12-07,0.0,31.85,18.27,98.8,47.0
2002-12-08,0.0,35.72,20.23,70.91,33.52
2002-12-09,0.24,36.01,20.48,68.23,28.66
2002-12-10,0.0,32.86,21.59,65.57,34.56
2002-12-11,0.01,33.73,19.4,77.78,34.2
2002-12-12,0.0,36.19,20.17,60.72,31.28
2002-12-13,0.0,37.13,20.2,58.58,31.47
2002-12-14,0.0,37.22,21.85,68.18,25.64
2002-12-15,0.0,38.8,21.24,48.85,19.33
2002-12-16,0.0,38.11,19.75,51.69,20.77
2002-12-17,0.0,37.66,19.04,82.24,23.64
2002-12-18,0.0,37.84,19.6,64.44,27.99
2002-12-19,0.0,36.56,19.35,99.84,46.1
2002-12-20,0.0,37.7,19.22,100.0,22.75
2002-12-21,0.0,36.05,17.29,49.58,17.03
2002-12-22,0.0,37.12,17.39,72.97,18.87
2002-12-23,0.0,37.57,18.15,69.23,16.04
2002-12-24,0.0,37.17,18.04,42.86,16.39
2002-12-25,0.0,36.49,17.32,49.25,17.29
2002-12-26,0.0,36.24,17.35,37.99,16.0
2002-12-27,0.0,35.83,16.48,43.07,17.83
2002-12-28,0.0,36.29,16.48,47.65,17.72
2002-12-29,0.0,34.93,16.34,37.15,16.7
2002-12-30,0.0,34.67,15.7,35.47,13.88
2002-12-31,0.0,35.76,16.14,34.8,12.93
2003-01-01,0.0,36.18,16.81,34.74,12.92
2003-01-02,0.0,34.27,15.83,34.46,12.26
2003-01-03,0.0,36.74,15.99,40.6,16.87
2003-01-04,0.0,36.51,17.5,74.23,18.34
2003-01-05,0.0,35.35,15.79,54.01,16.18
2003-01-06,0.0,35.06,16.23,41.01,13.02
2003-01-07,0.0,33.95,15.55,37.66,14.15
2003-01-08,0.0,32.73,15.39,38.68,14.97
2003-01-09,0.0,33.72,18.05,41.77,15.93
2003-01-10,0.0,32.65,16.75,60.84,32.36
2003-01-11,0.0,30.83,16.05,65.35,32.94
2003-01-12,0.0,32.44,15.08,65.51,29.91
2003-01-13,0.0,33.6,15.83,63.69,27.45
2003-01-14,0.0,33.76,16.36,82.14,27.64
2003-01-15,0.0,34.38,16.67,77.14,20.53
2003-01-16,0.0,32.4,16.35,43.92,24.72
2003-01-17,0.0,32.17,15.26,57.23,27.74
2003-01-18,0.0,35.0,16.71,58.42,31.44
2003-01-19,0.0,36.0,18.48,55.66,30.99
2003-01-20,0.0,34.73,20.08,54.98,28.87
2003-01-21,0.0,36.36,19.03,48.65,21.14
2003-01-22,0.0,36.21,17.87,49.94,20.66
2003-01-23,0.0,37.15,17.33,45.57,20.24
2003-01-24,0.0,38.53,17.57,46.73,22.84
2003-01-25,0.0,39.11,19.61,55.28,24.58
2003-01-26,0.0,37.6,20.5,79.06,19.6
2003-01-27,0.0,33.88,19.96,31.63,14.0
2003-01-28,0.0,34.71,17.2,26.51,11.76
2003-01-29,0.0,33.39,16.4,31.08,12.47
2003-01-30,0.0,34.69,15.62,35.23,14.42
2003-01-31,0.0,35.43,16.28,33.71,14.89
2003-02-01,0.0,34.29,17.38,39.54,17.45
2003-02-02,0.0,36.41,17.11,47.29,17.02
2003-02-03,0.0,38.16,18.05,49.15,16.64
2003-02-04,0.0,39.23,18.83,44.71,17.04
2003-02-05,0.0,39.25,18.27,46.37,17.04
2003-02-06,0.0,37.08,18.15,72.24,17.56
2003-02-07,0.0,33.81,17.14,79.67,32.26
2003-02-08,0.0,30.63,16.79,86.75,51.51
2003-02-09,0.0,29.84,16.3,99.2,50.86
2003-02-10,0.0,31.34,16.83,94.7,40.96
2003-02-11,0.0,31.93,18.13,88.04,46.91
2003-02-12,0.0,33.96,18.6,79.87,39.58
2003-02-13,0.0,30.74,18.39,88.65,50.72
2003-02-14,0.0,31.85,17.92,84.41,34.44
2003-02-15,0.0,34.36,17.39,69.36,25.07
2003-02-16,0.0,37.07,18.19,49.04,20.88
2003-02-17,0.0,35.56,18.15,32.69,14.2
2003-02-18,0.0,38.46,18.53,35.78,15.45
2003-02-19,0.0,38.5,18.48,50.25,16.95
2003-02-20,0.0,37.3,18.48,46.47,18.38
2003-02-21,0.0,34.47,17.23,69.09,28.13
2003-02-22,0.0,34.68,16.71,85.64,30.7
2003-02-23,0.0,34.13,17.61,81.75,39.02
2003-02-24,0.0,33.89,16.7,88.2,34.12
2003-02-25,0.0,34.03,16.56,74.93,37.34
2003-02-26,0.0,36.0,17.52,71.13,28.95
2003-02-27,0.0,40.99,18.38,59.31,17.54
2003-02-28,0.0,41.17,20.08,40.49,17.07
2003-03-01,0.0,41.16,20.27,51.49,20.12
2003-03-02,0.0,39.85,20.33,74.35,18.31
2003-03-03,0.0,40.41,20.23,57.54,15.47
2003-03-04,0.0,41.01,20.71,39.51,15.02
2003-03-05,0.0,40.21,21.31,32.88,14.8
2003-03-06,0.0,39.84,20.79,38.28,14.91
2003-03-07,0.0,39.39,19.71,53.39,18.51
2003-03-08,0.0,35.94,19.69,71.69,36.25
2003-03-09,0.0,38.14,19.74,82.57,31.49
2003-03-10,0.0,41.12,19.88,74.77,15.18
2003-03-11,0.0,41.03,20.5,35.65,12.41
2003-03-12,0.0,38.77,18.68,68.98,17.69
2003-03-13,0.0,35.0,18.24,92.12,40.82
2003-03-14,0.0,37.71,19.57,89.68,37.33
2003-03-15,0.0,39.11,19.39,84.85,26.16
2003-03-16,0.0,34.98,18.66,90.2,39.68
2003-03-17,0.0,35.56,18.38,87.29,37.04
2003-03-18,0.0,37.87,18.94,82.77,28.56
2003-03-19,0.0,40.65,20.07,70.28,22.76
2003-03-20,0.0,37.73,19.61,71.43,26.68
2003-03-21,0.0,32.44,17.61,90.84,47.24
2003-03-22,0.0,33.16,16.18,88.29,35.32
2003-03-23,0.0,35.38,17.05,89.58,31.25
2003-03-24,0.0,37.98,18.08,85.2,23.38
2003-03-25,0.0,39.57,18.59,71.69,22.99
2003-03-26,0.0,40.9,18.85,67.76,19.32
2003-03-27,0.0,41.65,19.61,60.45,17.1
2003-03-28,0.0,43.07,21.11,49.0,16.72
2003-03-29,0.0,41.56,20.11,64.64,23.35
2003-03-30,0.0,40.1,19.36,82.63,30.0
2003-03-31,0.0,42.68,19.25,79.75,13.99
2003-04-01,0.0,42.52,22.67,43.81,14.53
2003-04-02,0.0,41.4,21.56,50.18,18.42
2003-04-03,0.0,35.25,19.29,87.65,40.68
2003-04-04,0.0,36.13,18.12,99.92,34.24
2003-04-05,0.0,36.3,19.18,79.26,29.48
2003-04-06,0.0,34.51,18.82,89.64,39.82
2003-04-07,0.0,32.97,18.47,89.45,41.24
2003-04-08,0.0,33.88,18.26,86.79,37.5
2003-04-09,0.0,34.82,18.99,79.19,36.93
2003-04-10,0.0,36.88,19.45,71.42,28.28
2003-04-11,0.0,40.76,21.17,62.61,18.37
2003-04-12,0.0,44.24,23.56,51.04,15.66
2003-04-13,0.0,38.93,20.66,82.12,25.02
2003-04-14,0.0,37.52,20.44,74.03,29.41
2003-04-15,0.0,37.0,19.45,77.42,26.94
2003-04-16,0.0,37.84,19.41,79.32,24.06
2003-04-17,0.0,37.59,19.12,78.42,25.92
2003-04-18,0.0,37.57,19.17,87.6,28.94
2003-04-19,0.0,36.61,19.21,94.34,36.78
2003-04-20,0.0,35.52,20.2,94.93,43.01
2003-04-21,0.0,37.0,20.12,92.33,31.07
2003-04-22,0.0,38.49,20.45,69.82,26.71
2003-04-23,0.0,41.09,21.08,65.81,20.12
2003-04-24,0.0,41.04,22.02,72.68,22.99
2003-04-25,0.0,38.91,20.36,86.6,30.73
2003-04-26,0.0,38.45,20.88,87.15,36.47
2003-04-27,0.0,38.65,20.36,98.32,35.96
2003-04-28,0.0,36.88,20.67,98.76,45.02
2003-04-29,0.0,35.9,20.78,98.68,48.32
2003-04-30,0.0,35.09,20.22,99.83,49.61
2003-05-01,0.0,33.37,22.1,99.47,51.39
2003-05-02,0.0,34.06,20.88,99.58,51.92
2003-05-03,0.0,34.48,21.51,99.79,46.98
2003-05-04,0.0,34.81,21.14,96.83,43.6
2003-05-05,0.0,33.9,20.64,95.33,48.34
2003-05-06,0.0,34.32,22.14,93.88,52.14
2003-05-07,0.0,33.77,21.02,98.01,49.66
2003-05-08,0.0,33.31,20.53,99.08,48.07
2003-05-09,0.0,35.24,20.58,99.07,43.56
2003-05-10,0.0,33.29,21.08,99.76,44.93
2003-05-11,0.0,34.22,20.97,99.12,41.83
2003-05-12,0.0,32.23,21.88,97.43,53.14
2003-05-13,0.0,33.16,22.05,94.83,49.7
2003-05-14,0.0,35.64,22.14,92.78,40.31
2003-05-15,0.0,35.2,20.96,99.94,41.34
2003-05-16,0.0,34.66,20.86,99.83,43.06
2003-05-17,0.0,35.7,21.42,92.45,37.59
2003-05-18,0.0,33.24,20.73,98.94,40.48
2003-05-19,0.0,35.11,22.41,83.19,36.15
2003-05-20,0.0,37.24,22.6,92.43,39.16
2003-05-21,0.0,36.2,22.29,99.85,50.9
2003-05-22,0.02,33.86,23.65,96.15,60.17
2003-05-23,0.0,33.83,22.95,97.38,61.86
2003-05-24,0.0,34.19,23.48,97.63,54.8
2003-05-25,0.0,34.88,23.15,99.07,56.33
2003-05-26,0.0,34.24,22.59,99.15,56.61
2003-05-27,0.0,37.24,22.95,93.51,32.18
2003-05-28,0.0,35.07,21.62,88.26,38.73
2003-05-29,0.0,33.25,21.83,84.29,46.4
2003-05-30,0.0,34.62,20.71,80.77,36.24
2003-05-31,0.0,34.32,20.48,81.11,33.06
2003-06-01,0.0,35.76,24.02,74.72,33.53
2003-06-02,0.01,33.87,22.97,84.87,45.8
2003-06-03,0.06,33.77,23.57,82.42,46.39
2003-06-04,0.0,35.62,23.95,78.33,39.7
2003-06-05,0.0,35.2,23.58,91.85,46.2
2003-06-06,0.0,33.95,23.39,93.69,49.87
2003-06-07,6.15,31.41,24.75,89.68,53.22
2003-06-08,21.15,34.76,23.46,99.22,58.07
2003-06-09,0.0,34.41,23.91,99.29,57.37
2003-06-10,0.0,35.93,24.15,89.14,39.27
2003-06-11,0.0,34.26,23.41,92.7,50.18
2003-06-12,0.01,34.59,23.72,86.3,44.27
2003-06-13,0.01,36.18,24.31,76.9,38.32
2003-06-14,2.11,37.64,24.71,76.88,33.16
2003-06-15,0.0,36.8,24.71,88.53,50.17
2003-06-16,0.0,33.27,23.76,98.4,61.36
2003-06-17,0.0,33.81,24.96,92.84,57.68
2003-06-18,0.0,33.67,24.38,95.32,57.43
2003-06-19,0.0,34.13,24.64,95.77,53.43
2003-06-20,0.0,32.94,23.69,84.82,53.26
2003-06-21,0.0,33.69,24.51,82.11,50.41
2003-06-22,0.0,34.83,24.13,91.95,50.68
2003-06-23,0.34,32.84,23.83,97.24,60.44
2003-06-24,10.08,30.33,23.86,97.16,78.38
2003-06-25,0.0,30.69,22.76,99.32,76.49
2003-06-26,0.0,31.79,23.58,99.45,69.78
2003-06-27,15.6,32.75,24.59,98.15,67.34
2003-06-28,22.02,28.99,23.77,98.79,87.1
2003-06-29,5.29,29.71,22.32,98.75,81.04
2003-06-30,0.25,30.21,23.57,98.59,77.95
2003-07-01,2.09,31.46,23.4,98.33,71.66
2003-07-02,15.8,31.01,23.51,99.36,73.16
2003-07-03,0.0,31.56,24.37,97.86,69.2
2003-07-04,0.0,31.84,24.34,98.65,71.05
2003-07-05,0.11,31.52,24.46,97.97,72.18
2003-07-06,0.64,33.04,24.57,92.25,65.64
2003-07-07,13.99,30.86,24.03,99.77,73.78
2003-07-08,0.05,32.72,24.8,91.6,66.2
2003-07-09,22.9,31.83,25.18,95.1,70.66
2003-07-10,8.92,30.89,24.33,97.04,71.34
2003-07-11,19.8,33.71,24.29,92.22,58.91
2003-07-12,0.68,29.17,23.18,99.67,80.08
2003-07-13,0.12,31.81,24.28,97.4,72.41
2003-07-14,4.71,30.78,24.3,98.02,75.55
2003-07-15,2.8,29.8,24.22,99.33,81.56
2003-07-16,25.23,28.08,23.22,99.85,89.24
2003-07-17,3.98,30.42,23.06,99.49,73.48
2003-07-18,0.24,30.97,24.11,97.71,71.8
2003-07-19,1.49,32.1,24.32,92.87,69.08
2003-07-20,29.97,32.34,24.68,99.87,68.67
2003-07-21,4.57,29.45,23.46,99.72,79.58
2003-07-22,0.0,30.67,22.92,99.87,74.51
2003-07-23,0.58,30.83,23.83,96.56,72.48
2003-07-24,0.0,32.83,24.8,91.4,66.02
2003-07-25,0.17,31.36,25.41,92.06,72.1
2003-07-26,12.73,30.48,23.94,99.6,77.11
2003-07-27,2.92,31.25,24.42,98.95,75.41
2003-07-28,10.39,33.1,23.95,97.67,69.25
2003-07-29,0.23,33.44,24.15,95.33,65.56
2003-07-30,9.41,32.73,25.25,95.14,69.98
2003-07-31,13.47,29.33,23.99,99.68,87.14
2003-08-01,0.98,29.52,23.76,99.07,81.31
2003-08-02,4.61,31.86,24.24,94.75,71.02
2003-08-03,1.57,33.68,24.6,94.72,61.3
2003-08-04,0.0,30.79,24.64,97.7,74.55
2003-08-05,0.15,32.25,24.11,98.55,71.32
2003-08-06,7.22,30.12,24.69,96.73,79.19
2003-08-07,0.0,30.46,23.38,97.79,77.29
2003-08-08,32.4,28.05,23.53,99.15,88.55
2003-08-09,38.46,27.93,23.46,99.71,89.19
2003-08-10,1.81,28.67,23.68,99.43,87.97
2003-08-11,0.3,30.99,24.25,95.25,68.3
2003-08-12,5.19,30.52,23.74,99.03,74.11
2003-08-13,0.6,30.73,23.96,98.65,73.13
2003-08-14,0.02,30.86,24.36,98.85,77.9
2003-08-15,2.67,30.48,23.7,99.31,76.85
2003-08-16,10.69,29.45,23.15,99.42,78.65
2003-08-17,25.96,29.82,23.93,99.01,80.14
2003-08-18,9.07,31.15,23.31,99.62,73.87
2003-08-19,0.5,29.48,23.56,96.48,80.99
2003-08-20,0.31,32.16,23.87,93.84,69.85
2003-08-21,10.54,32.56,24.5,91.82,68.62
2003-08-22,0.89,31.81,24.08,98.12,73.41
2003-08-23,0.83,30.47,23.72,99.38,76.46
2003-08-24,35.74,31.58,23.77,98.58,71.71
2003-08-25,5.59,30.32,23.83,98.07,79.63
2003-08-26,0.0,30.76,22.77,98.1,74.2
2003-08-27,0.03,31.5,24.07,97.27,75.01
2003-08-28,5.13,32.91,24.65,96.83,69.09
2003-08-29,0.0,32.87,24.03,98.27,70.26
2003-08-30,11.74,32.38,24.37,99.2,70.94
2003-08-31,10.33,31.23,23.9,98.39,74.12
2003-09-01,9.51,31.7,23.79,97.04,72.99
2003-09-02,3.36,32.54,23.77,99.81,69.91
2003-09-03,0.12,31.13,23.71,95.65,72.82
2003-09-04,0.0,30.37,23.38,99.18,79.15
2003-09-05,14.18,30.07,22.83,99.2,77.21
2003-09-06,15.86,31.08,22.84,98.94,74.32
2003-09-07,2.0,33.1,23.21,96.66,69.98
2003-09-08,0.0,31.86,23.81,99.68,72.66
2003-09-09,11.92,29.51,22.95,99.04,81.36
2003-09-10,15.74,31.35,23.24,95.62,72.88
2003-09-11,17.31,32.19,23.5,99.11,71.49
2003-09-12,5.65,33.28,23.68,99.23,68.53
2003-09-13,0.05,32.27,24.28,96.66,72.81
2003-09-14,32.46,32.42,23.54,99.0,69.07
2003-09-15,0.0,30.7,23.6,98.21,77.9
2003-09-16,11.05,32.38,23.69,98.15,68.97
2003-09-17,7.52,29.66,23.2,99.91,83.62
2003-09-18,3.29,30.8,23.09,98.44,76.16
2003-09-19,0.15,32.82,23.45,99.13,66.64
2003-09-20,0.0,32.73,23.81,93.69,69.68
2003-09-21,8.31,32.83,24.29,99.29,71.95
2003-09-22,10.28,31.66,22.96,99.83,74.84
2003-09-23,22.82,32.18,23.19,98.6,69.75
2003-09-24,0.0,32.71,23.64,93.94,65.6
2003-09-25,0.0,33.74,24.15,96.68,64.63
2003-09-26,0.0,34.41,25.13,94.92,66.1
2003-09-27,0.0,32.44,24.71,94.84,73.9
2003-09-28,0.0,32.35,23.92,96.86,72.25
2003-09-29,0.0,33.57,24.67,95.2,66.04
2003-09-30,9.38,31.75,24.54,98.06,77.88
2003-10-01,2.44,32.16,22.37,99.44,74.47
2003-10-02,0.0,33.11,22.95,99.42,69.63
2003-10-03,0.0,33.07,24.2,99.95,71.06
2003-10-04,0.0,33.66,24.26,98.54,66.9
2003-10-05,0.0,31.93,24.0,99.87,75.6
2003-10-06,1.11,31.93,23.36,99.33,76.4
2003-10-07,12.34,32.53,23.3,99.46,73.42
2003-10-08,6.74,33.48,23.19,99.03,67.5
2003-10-09,0.01,34.28,23.36,95.5,61.08
2003-10-10,0.0,33.57,24.57,99.43,71.51
2003-10-11,0.0,34.85,24.52,98.43,64.51
2003-10-12,0.0,36.22,25.04,95.4,58.62
2003-10-13,0.0,35.08,25.03,96.12,62.61
2003-10-14,0.0,35.84,24.94,97.33,56.43
2003-10-15,0.0,34.75,24.45,99.72,62.62
2003-10-16,0.0,35.53,24.25,99.49,57.76
2003-10-17,0.0,33.76,24.79,99.83,71.05
2003-10-18,3.03,32.48,23.56,99.93,77.58
2003-10-19,7.36,31.15,23.52,99.71,80.89
2003-10-20,8.65,30.79,22.79,99.52,79.74
2003-10-21,2.13,31.76,22.44,99.65,77.22
2003-10-22,0.59,30.6,23.39,99.08,84.92
2003-10-23,0.0,32.45,23.27,99.53,71.9
2003-10-24,0.27,32.01,23.08,99.3,69.99
2003-10-25,0.0,32.51,22.25,91.93,61.46
2003-10-26,0.0,31.53,21.87,91.37,57.83
2003-10-27,0.0,33.5,22.18,83.56,51.02
2003-10-28,0.0,34.97,23.91,83.45,55.59
2003-10-29,0.94,35.58,24.46,93.34,60.2
2003-10-30,0.01,33.92,24.19,100.0,68.57
2003-10-31,0.32,32.63,23.76,99.9,69.77
2003-11-01,0.0,35.69,22.05,99.67,46.52
2003-11-02,0.0,35.15,20.6,95.7,43.42
2003-11-03,0.0,35.91,21.18,99.94,45.97
2003-11-04,0.0,36.87,22.43,83.57,48.73
2003-11-05,0.0,39.01,22.59,100.0,31.1
2003-11-06,0.0,37.38,22.13,95.33,45.66
2003-11-07,0.0,34.29,21.86,100.0,63.06
2003-11-08,0.0,35.05,21.79,99.58,49.45
2003-11-09,0.0,35.92,21.91,100.0,52.38
2003-11-10,0.0,37.38,22.77,84.33,36.48
2003-11-11,0.0,37.51,22.51,71.04,32.42
2003-11-12,0.0,38.6,22.23,68.01,28.05
2003-11-13,0.0,37.46,21.61,64.86,28.0
2003-11-14,0.0,36.5,20.7,61.78,27.14
2003-11-15,0.0,36.04,19.34,57.31,27.78
2003-11-16,0.0,36.44,19.51,58.2,27.65
2003-11-17,0.0,36.29,19.74,70.49,27.47
2003-11-18,0.0,36.15,20.41,78.28,29.74
2003-11-19,0.0,34.19,20.05,76.28,33.4
2003-11-20,0.0,33.42,20.97,80.65,34.66
2003-11-21,0.0,34.89,20.89,72.47,33.62
2003-11-22,0.0,35.43,21.41,84.49,37.63
2003-11-23,0.0,33.54,20.11,79.18,37.8
2003-11-24,0.0,34.73,20.07,71.13,36.16
2003-11-25,0.0,35.23,20.0,70.27,35.16
2003-11-26,0.0,35.72,20.54,68.85,36.67
2003-11-27,0.0,36.41,21.06,75.51,33.97
2003-11-28,0.0,35.95,21.05,80.09,33.6
2003-11-29,0.0,35.83,22.13,93.83,48.99
2003-11-30,0.0,37.07,21.13,100.0,31.49
2003-12-01,0.0,37.74,19.85,58.77,26.37
2003-12-02,0.0,36.23,19.12,56.2,27.8
2003-12-03,0.0,34.37,17.34,60.9,24.6
2003-12-04,0.0,33.5,16.83,56.31,27.07
2003-12-05,0.0,34.26,19.32,54.48,31.09
2003-12-06,0.0,33.97,19.13,63.8,31.4
2003-12-07,0.0,36.67,19.59,69.45,26.28
2003-12-08,0.0,36.39,19.48,66.98,21.85
2003-12-09,0.0,36.51,18.86,48.71,22.12
2003-12-10,0.0,37.3,18.88,50.11,22.1
2003-12-11,0.0,36.83,19.25,77.66,34.69
2003-12-12,0.0,35.88,18.8,100.0,31.4
2003-12-13,0.0,36.35,18.43,64.23,29.29
2003-12-14,0.0,35.74,18.23,83.52,24.2
2003-12-15,0.0,34.37,17.5,47.67,22.75
2003-12-16,0.0,34.4,17.41,47.9,23.04
2003-12-17,0.0,35.75,18.17,55.19,24.04
2003-12-18,0.0,36.95,18.5,64.25,20.07
2003-12-19,0.0,37.56,18.78,48.79,19.63
2003-12-20,0.0,37.08,18.53,61.26,24.81
2003-12-21,0.0,34.71,18.41,90.3,45.73
2003-12-22,0.0,35.68,18.44,100.0,38.7
2003-12-23,0.0,34.94,19.37,99.68,22.41
2003-12-24,0.0,36.73,18.13,48.47,16.85
2003-12-25,0.0,37.33,18.47,42.61,14.9
2003-12-26,0.0,34.82,17.65,41.37,16.95
2003-12-27,0.0,32.9,16.28,32.58,14.81
2003-12-28,0.0,31.57,16.1,34.29,17.37
2003-12-29,0.0,30.94,16.73,32.22,14.93
2003-12-30,0.0,32.19,16.82,33.53,16.37
2003-12-31,0.0,36.02,17.38,43.07,17.41
2004-01-01,0.0,36.74,17.68,45.87,17.33
2004-01-02,0.0,36.55,17.47,39.76,17.59
2004-01-03,0.0,36.12,17.38,42.87,19.06
2004-01-04,0.0,35.58,17.33,47.26,20.85
2004-01-05,0.0,35.91,18.09,49.08,20.28
2004-01-06,0.0,37.21,17.6,50.86,19.38
2004-01-07,0.0,33.23,18.68,44.97,21.91
2004-01-08,0.0,31.5,19.91,43.9,21.2
2004-01-09,0.0,29.75,18.41,44.94,25.61
2004-01-10,0.0,33.19,18.47,59.32,33.1
2004-01-11,0.0,35.99,18.54,55.92,24.84
2004-01-12,0.0,34.54,20.16,44.19,25.42
2004-01-13,0.0,35.82,20.14,64.68,29.52
2004-01-14,0.0,32.88,18.48,67.46,26.79
2004-01-15,0.0,34.5,17.1,82.12,22.59
2004-01-16,0.0,35.51,17.64,52.47,25.95
2004-01-17,0.0,35.77,17.75,71.06,30.67
2004-01-18,0.0,36.39,18.14,65.15,30.33
2004-01-19,0.0,35.15,17.18,72.35,30.64
2004-01-20,0.0,32.62,15.27,86.21,31.44
2004-01-21,0.0,35.98,15.99,72.66,20.88
2004-01-22,0.0,35.08,17.34,45.67,17.47
2004-01-23,0.0,33.63,16.94,29.84,15.32
2004-01-24,0.0,34.31,17.06,32.53,16.41
2004-01-25,0.0,34.43,16.77,31.79,14.99
2004-01-26,0.0,35.31,15.75,37.22,15.26
2004-01-27,0.0,37.15,16.43,41.69,14.21
2004-01-28,0.0,37.72,17.46,34.12,13.82
2004-01-29,0.0,37.16,17.79,34.54,15.83
2004-01-30,0.0,36.54,18.19,31.48,14.69
2004-01-31,0.0,34.92,17.81,34.98,15.37
2004-02-01,0.0,33.68,15.69,47.83,17.87
2004-02-02,0.0,36.5,16.52,46.06,17.2
2004-02-03,0.0,37.82,18.31,39.95,16.35
2004-02-04,0.0,39.45,19.33,34.87,13.07
2004-02-05,0.0,37.05,18.81,29.53,11.99
2004-02-06,0.0,36.26,16.71,34.52,13.31
2004-02-07,0.0,36.91,17.59,33.72,13.29
2004-02-08,0.0,37.44,18.34,34.2,13.58
2004-02-09,0.0,37.43,18.76,47.19,16.29
2004-02-10,0.0,34.85,17.3,72.61,25.56
2004-02-11,0.0,32.11,16.83,87.12,32.4
2004-02-12,0.0,36.02,18.04,69.65,22.82
2004-02-13,0.0,35.61,17.8,83.39,26.1
2004-02-14,0.0,39.14,19.41,67.89,18.73
2004-02-15,0.0,39.95,20.22,60.0,14.98
2004-02-16,0.0,38.46,18.48,81.79,27.17
2004-02-17,0.0,37.66,18.75,78.87,30.95
2004-02-18,0.0,36.42,19.03,87.95,39.21
2004-02-19,0.0,31.78,17.83,100.0,58.99
2004-02-20,0.0,31.44,18.03,99.29,60.81
2004-02-21,0.0,33.89,18.92,98.52,48.99
2004-02-22,0.0,35.5,18.42,84.08,37.44
2004-02-23,0.0,35.14,18.93,81.88,42.87
2004-02-24,0.0,34.92,18.78,87.05,43.92
2004-02-25,0.0,35.69,18.29,84.98,39.67
2004-02-26,0.0,36.22,18.43,84.8,35.99
2004-02-27,0.0,35.48,17.85,91.49,42.85
2004-02-28,0.0,34.17,17.45,89.5,43.83
2004-02-29,0.0,35.94,17.65,87.04,28.4
2004-03-01,0.0,36.62,18.81,50.35,22.43
2004-03-02,0.0,38.58,18.48,43.15,17.2
2004-03-03,0.0,39.62,18.84,43.07,14.78
2004-03-04,0.0,40.08,19.66,38.95,12.64
2004-03-05,0.0,35.57,19.39,25.66,11.58
2004-03-06,0.0,36.9,17.0,32.65,12.81
2004-03-07,0.0,38.37,18.29,44.1,13.96
2004-03-08,0.0,39.03,19.44,56.93,16.52
2004-03-09,0.0,40.36,20.06,53.89,11.09
2004-03-10,0.0,39.32,19.02,57.32,17.02
2004-03-11,0.0,40.37,18.94,65.98,14.94
2004-03-12,0.0,41.2,19.74,73.25,15.61
2004-03-13,0.0,41.67,20.94,63.81,13.51
2004-03-14,0.0,41.91,20.91,48.98,11.6
2004-03-15,0.0,40.4,20.89,42.54,14.98
2004-03-16,0.0,40.31,19.83,54.26,16.29
2004-03-17,0.0,40.87,19.56,69.51,19.53
2004-03-18,0.0,41.5,20.07,75.55,15.52
2004-03-19,0.0,42.21,20.84,75.86,10.42
2004-03-20,0.0,40.71,21.07,50.48,13.98
2004-03-21,0.0,34.69,18.77,87.49,38.7
2004-03-22,0.0,34.13,18.7,98.96,42.9
2004-03-23,0.0,34.05,19.29,96.01,43.41
2004-03-24,0.0,35.82,19.2,94.51,34.32
2004-03-25,0.0,35.2,19.52,93.22,43.28
2004-03-26,0.0,34.35,21.0,92.2,49.2
2004-03-27,0.0,35.58,20.09,90.53,38.6
2004-03-28,0.0,35.01,18.7,85.12,37.64
2004-03-29,0.0,35.25,19.11,76.32,32.04
2004-03-30,0.0,36.22,19.81,69.66,29.73
2004-03-31,0.0,36.22,19.19,85.55,35.96
2004-04-01,0.0,36.63,20.1,85.28,33.44
2004-04-02,0.0,35.77,20.24,87.96,35.72
2004-04-03,0.0,36.09,19.84,97.77,42.43
2004-04-04,0.0,35.7,20.08,97.85,44.5
2004-04-05,0.0,36.33,20.57,92.95,42.19
2004-04-06,0.0,36.38,21.2,86.71,42.61
2004-04-07,0.0,36.25,20.66,97.02,47.05
2004-04-08,0.0,36.74,19.81,98.44,40.09
2004-04-09,0.0,36.0,20.06,84.62,36.24
2004-04-10,0.0,36.51,19.26,82.18,32.37
2004-04-11,0.0,35.0,19.06,86.22,35.85
2004-04-12,0.0,36.88,20.82,87.22,30.03
2004-04-13,0.0,36.21,20.72,77.08,33.17
2004-04-14,0.0,33.89,19.34,80.12,42.22
2004-04-15,0.0,35.1,17.59,69.0,23.69
2004-04-16,0.0,34.81,18.95,77.99,27.05
2004-04-17,0.0,35.24,19.14,89.34,37.58
2004-04-18,0.0,36.19,19.35,78.61,30.45
2004-04-19,0.0,39.4,20.07,75.93,23.5
2004-04-20,0.0,40.27,21.07,68.25,19.39
2004-04-21,0.0,38.38,19.95,72.37,22.85
2004-04-22,0.0,36.03,19.4,98.09,37.94
2004-04-23,0.0,34.0,19.85,99.55,47.06
2004-04-24,0.0,34.92,20.42,99.06,45.66
2004-04-25,0.0,34.92,20.09,99.6,44.84
2004-04-26,0.0,32.74,19.23,99.5,46.29
2004-04-27,0.0,35.87,19.92,86.89,33.78
2004-04-28,0.0,34.6,19.48,81.86,35.84
2004-04-29,0.0,35.02,18.61,83.63,32.42
2004-04-30,0.0,36.65,19.93,84.84,33.64
2004-05-01,0.0,36.55,20.12,88.89,29.96
2004-05-02,0.0,37.73,20.33,74.01,24.77
2004-05-03,0.0,38.9,21.88,67.36,28.9
2004-05-04,0.0,38.01,21.09,73.5,28.43
2004-05-05,0.0,37.9,20.74,75.81,25.25
2004-05-06,0.0,36.92,20.75,90.75,32.93
2004-05-07,0.0,35.93,20.04,98.7,35.95
2004-05-08,0.0,37.85,20.27,96.95,25.57
2004-05-09,0.0,37.27,20.29,94.07,32.6
2004-05-10,0.0,36.37,20.15,83.89,32.41
2004-05-11,0.0,35.16,20.21,99.32,41.24
2004-05-12,0.0,36.74,20.36,99.73,33.01
2004-05-13,0.0,38.23,20.76,90.35,24.33
2004-05-14,0.0,37.02,20.43,91.85,28.32
2004-05-15,4.68,34.59,20.73,97.91,37.03
2004-05-16,0.0,35.19,20.68,93.97,34.2
2004-05-17,0.0,35.55,20.32,94.79,37.1
2004-05-18,0.0,35.28,21.13,95.18,39.34
2004-05-19,0.0,37.11,21.02,95.94,35.5
2004-05-20,0.0,38.19,21.4,97.9,35.61
2004-05-21,0.0,34.95,22.73,97.33,48.94
2004-05-22,0.0,36.07,21.95,96.8,43.62
2004-05-23,0.0,39.43,21.36,97.79,29.13
2004-05-24,0.0,34.79,22.2,99.64,52.36
2004-05-25,0.0,35.45,22.2,98.2,51.54
2004-05-26,0.0,37.13,21.63,98.17,36.74
2004-05-27,0.0,36.59,21.52,96.86,37.92
2004-05-28,1.25,35.5,21.36,97.05,47.62
2004-05-29,0.0,34.67,21.6,97.97,58.23
2004-05-30,0.0,34.39,21.83,96.97,55.59
2004-05-31,0.0,35.88,21.32,97.23,43.15
2004-06-01,0.0,35.88,23.35,93.77,45.38
2004-06-02,0.0,34.16,24.14,90.21,54.02
2004-06-03,24.84,35.63,24.41,91.2,48.7
2004-06-04,0.08,35.21,22.91,99.36,53.09
2004-06-05,0.0,36.18,24.13,96.28,48.32
2004-06-06,0.0,35.14,23.7,93.08,49.46
2004-06-07,0.0,34.46,24.25,95.98,55.75
2004-06-08,0.0,35.11,23.85,97.3,51.11
2004-06-09,3.58,34.6,23.26,97.76,53.38
2004-06-10,5.45,29.8,22.74,98.15,77.39
2004-06-11,0.0,30.05,22.3,98.83,64.43
2004-06-12,0.0,31.02,22.0,99.63,66.63
2004-06-13,0.0,31.79,23.39,98.49,68.02
2004-06-14,16.42,32.17,23.89,99.25,67.36
2004-06-15,0.0,31.9,23.69,94.19,63.88
2004-06-16,0.0,33.82,22.99,80.79,41.42
2004-06-17,0.0,33.79,22.09,91.39,45.59
2004-06-18,0.0,33.62,23.88,85.62,48.19
2004-06-19,0.0,34.46,23.84,87.98,47.35
2004-06-20,0.0,33.4,24.6,91.0,57.23
2004-06-21,0.0,33.29,24.04,83.65,51.79
2004-06-22,0.0,33.85,23.55,90.54,58.99
2004-06-23,0.0,35.76,24.8,97.33,51.55
2004-06-24,0.0,35.57,23.97,91.9,45.83
2004-06-25,0.0,34.91,24.14,88.89,50.19
2004-06-26,27.6,33.43,24.66,97.5,60.68
2004-06-27,0.0,31.28,23.43,99.61,68.81
2004-06-28,0.09,33.9,23.87,97.6,56.61
2004-06-29,0.0,34.52,23.41,93.58,60.08
2004-06-30,0.0,33.89,24.48,92.8,57.97
2004-07-01,0.0,33.47,24.54,86.52,57.62
2004-07-02,0.0,35.67,24.83,85.34,50.97
2004-07-03,6.37,30.92,24.06,96.74,72.01
2004-07-04,0.0,33.49,24.19,99.23,57.87
2004-07-05,0.0,34.72,24.15,83.05,54.14
2004-07-06,18.02,32.43,24.49,93.46,66.2
2004-07-07,0.0,32.12,23.93,98.11,65.45
2004-07-08,0.0,34.28,23.92,91.98,57.33
2004-07-09,1.96,34.33,24.88,84.38,57.76
2004-07-10,14.49,35.07,24.82,97.67,55.33
2004-07-11,11.41,30.88,23.57,99.26,72.33
2004-07-12,0.11,30.78,22.98,98.33,71.79
2004-07-13,1.19,29.83,23.27,99.57,78.09
2004-07-14,29.2,31.31,23.66,98.66,71.52
2004-07-15,0.0,32.05,23.53,99.02,67.77
2004-07-16,0.0,31.39,23.7,98.28,71.84
2004-07-17,0.0,32.98,24.74,93.34,59.77
2004-07-18,1.05,34.32,24.54,87.5,53.77
2004-07-19,15.46,34.83,24.22,97.14,59.4
2004-07-20,0.0,32.84,24.95,93.94,60.95
2004-07-21,0.0,33.33,25.2,87.58,57.47
2004-07-22,7.32,31.02,22.98,100.0,70.05
2004-07-23,0.02,32.65,23.29,98.11,62.53
2004-07-24,37.8,29.08,23.56,99.66,80.35
2004-07-25,36.26,27.19,22.91,99.56,89.63
2004-07-26,20.11,29.54,22.66,99.27,78.56
2004-07-27,10.82,28.21,22.86,99.43,82.96
2004-07-28,17.88,28.82,23.02,99.14,81.5
2004-07-29,0.23,31.73,23.28,99.2,71.29
2004-07-30,0.67,32.13,24.34,99.54,72.92
2004-07-31,9.64,29.82,24.13,99.66,80.7
2004-08-01,11.43,29.5,23.73,99.51,83.45
2004-08-02,0.0,31.15,23.54,99.47,71.76
2004-08-03,32.87,30.08,23.55,95.89,79.17
2004-08-04,0.0,32.86,24.14,93.17,67.3
2004-08-05,0.43,32.32,24.57,98.02,70.71
2004-08-06,5.42,32.3,24.14,99.61,69.16
2004-08-07,1.14,31.97,24.02,98.8,71.57
2004-08-08,22.69,31.23,23.96,97.59,76.21
2004-08-09,15.85,31.04,23.57,98.72,75.72
2004-08-10,0.0,33.38,24.33,97.02,67.18
2004-08-11,0.0,33.14,24.47,95.72,66.55
2004-08-12,3.83,32.35,24.56,97.71,73.98
2004-08-13,0.0,31.12,23.74,96.75,71.18
2004-08-14,2.05,29.32,23.49,98.39,79.58
2004-08-15,0.0,31.87,23.77,97.31,69.24
2004-08-16,1.07,33.52,24.47,94.26,66.93
2004-08-17,0.0,31.72,24.95,95.7,71.28
2004-08-18,26.54,31.0,24.67,97.88,73.8
2004-08-19,0.82,29.69,23.7,99.48,80.09
2004-08-20,32.18,32.34,23.63,96.47,68.83
2004-08-21,0.12,32.26,23.58,99.54,72.67
2004-08-22,0.0,32.52,24.31,94.88,70.13
2004-08-23,0.0,33.82,24.44,94.67,65.04
2004-08-24,17.32,33.35,24.72,97.49,69.82
2004-08-25,12.61,32.16,24.15,99.19,69.92
2004-08-26,8.55,30.58,24.07,99.48,78.13
2004-08-27,13.27,32.45,23.57,98.18,68.89
2004-08-28,17.17,29.09,23.73,98.56,81.89
2004-08-29,0.12,30.32,23.46,99.3,74.22
2004-08-30,23.32,31.52,23.7,98.86,73.42
2004-08-31,0.0,30.43,23.53,98.06,78.54
2004-09-01,0.0,32.0,23.9,98.43,74.64
2004-09-02,0.0,31.94,23.69,98.08,71.09
2004-09-03,21.98,31.82,23.85,93.17,71.37
2004-09-04,0.0,32.68,23.22,96.45,67.61
2004-09-05,0.0,33.32,23.9,98.55,68.95
2004-09-06,8.91,32.04,23.68,99.2,76.9
2004-09-07,2.37,32.33,23.3,93.89,69.04
2004-09-08,0.0,31.03,24.27,94.99,78.54
2004-09-09,7.82,28.51,23.41,97.7,87.02
2004-09-10,24.48,31.43,23.46,99.35,75.43
2004-09-11,0.0,33.11,23.21,99.6,68.06
2004-09-12,0.0,33.25,24.52,97.04,70.42
2004-09-13,39.26,32.49,23.92,97.76,70.68
2004-09-14,1.26,30.75,23.21,98.7,79.17
2004-09-15,29.13,31.95,23.92,99.15,75.87
2004-09-16,1.15,30.89,23.11,99.54,75.04
2004-09-17,9.64,32.79,23.44,99.05,67.34
2004-09-18,0.05,33.91,23.63,95.14,65.73
2004-09-19,0.0,32.82,24.27,95.94,70.78
2004-09-20,0.0,32.65,24.26,95.42,70.99
2004-09-21,9.84,32.85,22.75,99.61,67.59
2004-09-22,0.0,30.12,23.0,98.33,81.13
2004-09-23,15.85,32.38,23.41,99.0,70.4
2004-09-24,0.0,32.38,22.94,97.51,71.81
2004-09-25,9.88,32.57,23.6,97.64,70.07
2004-09-26,0.0,32.85,23.7,98.54,72.1
2004-09-27,6.54,33.09,24.37,94.89,67.43
2004-09-28,0.09,32.57,23.91,94.76,69.24
2004-09-29,0.0,33.27,24.0,94.87,64.65
2004-09-30,0.0,34.65,24.58,91.06,56.46
2004-10-01,0.0,35.37,23.75,97.97,49.4
2004-10-02,0.0,36.41,24.45,96.95,56.02
2004-10-03,0.0,36.68,24.26,98.24,57.46
2004-10-04,0.0,35.74,24.51,99.46,58.02
2004-10-05,0.0,36.19,24.86,93.44,55.67
2004-10-06,0.91,31.47,24.35,99.55,76.95
2004-10-07,6.27,31.96,23.78,99.02,77.01
2004-10-08,9.68,32.34,23.46,99.16,75.7
2004-10-09,0.02,32.93,23.22,99.03,66.88
2004-10-10,0.0,38.03,23.85,89.4,31.1
2004-10-11,0.0,35.87,24.5,94.3,56.82
2004-10-12,0.0,35.25,24.08,96.17,59.81
2004-10-13,0.17,35.25,24.3,99.13,58.38
2004-10-14,0.05,36.23,24.27,87.94,50.97
2004-10-15,0.0,36.96,25.01,92.08,52.6
2004-10-16,0.0,35.4,24.45,92.14,57.17
2004-10-17,0.0,35.5,24.56,88.64,55.37
2004-10-18,0.0,36.99,24.75,90.59,42.86
2004-10-19,0.0,35.82,24.63,86.05,46.81
2004-10-20,0.0,37.83,24.52,86.31,36.83
2004-10-21,0.0,36.42,24.98,85.5,52.79
2004-10-22,0.0,35.5,24.28,94.84,58.27
2004-10-23,0.0,35.15,24.26,93.1,59.76
2004-10-24,0.0,31.46,22.73,99.85,66.07
2004-10-25,0.0,37.2,24.31,86.12,37.94
2004-10-26,0.0,37.14,24.72,86.92,37.54
2004-10-27,0.0,36.4,24.29,86.45,50.05
2004-10-28,0.0,35.55,24.54,98.13,59.72
2004-10-29,0.96,35.26,24.34,90.44,56.76
2004-10-30,0.0,37.9,24.79,84.78,30.9
2004-10-31,0.0,36.36,23.53,72.17,35.6
2004-11-01,0.0,36.78,22.13,97.95,45.62
2004-11-02,0.0,37.46,22.03,99.85,34.74
2004-11-03,0.0,37.34,21.44,78.25,29.93
2004-11-04,0.0,37.07,21.25,85.98,29.16
2004-11-05,0.0,34.92,21.34,92.96,44.7
2004-11-06,0.0,33.34,21.1,100.0,60.5
2004-11-07,0.0,34.89,21.47,96.73,49.26
2004-11-08,0.0,36.75,21.96,90.87,37.99
2004-11-09,0.0,36.2,22.58,95.92,38.84
2004-11-10,0.0,37.24,21.37,86.22,30.31
2004-11-11,0.0,38.65,22.4,82.42,31.68
2004-11-12,0.0,38.01,22.51,66.88,35.22
2004-11-13,0.0,36.54,22.53,77.22,37.85
2004-11-14,0.0,38.05,22.49,86.78,30.46
2004-11-15,0.0,38.32,22.31,59.47,28.6
2004-11-16,0.0,38.34,22.94,58.84,28.27
2004-11-17,0.0,37.34,22.72,80.65,21.03
2004-11-18,0.0,37.42,22.93,46.56,22.14
2004-11-19,0.0,36.6,21.71,45.62,19.33
2004-11-20,0.0,36.8,19.74,49.05,19.11
2004-11-21,0.0,37.8,20.5,56.85,22.26
2004-11-22,0.0,38.65,21.11,64.29,20.93
2004-11-23,0.0,38.84,21.48,74.49,23.57
2004-11-24,0.0,38.37,21.21,82.58,26.01
2004-11-25,0.0,36.23,21.01,100.0,48.04
2004-11-26,0.0,36.82,21.01,97.79,38.58
2004-11-27,0.0,37.61,21.28,99.09,25.25
2004-11-28,0.0,37.35,20.5,82.82,21.82
2004-11-29,0.0,37.42,20.65,74.66,20.66
2004-11-30,0.0,35.58,20.33,74.87,24.69
2004-12-01,0.0,33.81,18.35,66.77,30.76
2004-12-02,0.0,34.52,19.0,85.59,40.17
2004-12-03,0.0,33.44,18.85,94.08,44.42
2004-12-04,0.0,34.74,19.05,87.26,36.58
2004-12-05,0.0,37.18,19.55,93.03,25.93
2004-12-06,0.0,36.85,19.34,64.5,25.21
2004-12-07,0.0,36.85,19.62,57.83,25.39
2004-12-08,0.0,35.25,18.82,47.47,23.74
2004-12-09,0.0,35.75,18.22,43.03,19.47
2004-12-10,0.0,36.72,18.22,44.55,19.0
2004-12-11,0.0,35.78,18.77,49.4,19.99
2004-12-12,0.0,36.3,18.89,46.26,19.37
2004-12-13,0.0,35.05,18.94,72.75,20.7
2004-12-14,0.0,31.66,18.84,97.85,54.23
2004-12-15,0.0,32.99,18.76,98.21,52.56
2004-12-16,0.0,33.83,18.61,98.86,46.18
2004-12-17,0.0,32.78,19.29,83.39,42.13
2004-12-18,0.0,37.05,20.09,66.32,32.26
2004-12-19,0.0,37.77,20.43,72.86,32.49
2004-12-20,0.0,37.74,20.2,75.7,35.01
2004-12-21,0.0,35.94,19.17,91.73,38.72
2004-12-22,0.0,35.61,18.79,99.93,38.18
2004-12-23,0.0,38.1,19.09,82.73,24.8
2004-12-24,0.0,37.7,19.75,59.33,28.75
2004-12-25,0.0,35.51,18.83,54.8,26.98
2004-12-26,0.0,34.63,18.07,48.34,22.93
2004-12-27,0.0,33.7,17.06,47.44,22.57
2004-12-28,0.0,33.29,17.44,51.15,24.55
2004-12-29,0.0,35.96,17.71,48.41,22.63
2004-12-30,0.0,33.4,19.09,47.35,21.76
2004-12-31,0.0,36.48,18.67,39.03,16.48
2005-01-01,0.0,35.02,18.05,34.09,15.12
2005-01-02,0.0,32.81,17.49,33.6,17.74
2005-01-03,0.0,33.18,16.52,35.65,18.29
2005-01-04,0.0,33.42,16.04,41.25,17.6
2005-01-05,0.0,33.45,15.78,41.16,20.4
2005-01-06,0.0,35.09,17.07,42.03,21.38
2005-01-07,0.0,36.16,19.5,42.88,22.44
2005-01-08,0.0,36.88,20.31,35.67,17.81
2005-01-09,0.0,35.72,17.8,37.29,17.1
2005-01-10,0.0,34.43,18.25,35.59,17.62
2005-01-11,0.0,32.45,18.59,35.88,19.83
2005-01-12,0.0,31.81,18.65,37.65,19.06
2005-01-13,0.0,34.14,18.55,36.17,18.77
2005-01-14,0.0,35.67,17.5,41.88,19.0
2005-01-15,0.0,35.71,17.17,42.83,19.77
2005-01-16,0.0,35.86,17.7,52.49,23.25
2005-01-17,0.0,32.74,17.94,84.97,41.52
2005-01-18,0.0,36.06,17.5,97.55,33.67
2005-01-19,0.0,36.81,18.75,81.43,16.82
2005-01-20,0.0,37.07,19.6,31.98,13.59
2005-01-21,0.0,35.87,20.27,34.78,15.2
2005-01-22,0.0,37.13,18.01,38.15,13.69
2005-01-23,0.0,37.16,17.82,48.06,17.53
2005-01-24,0.0,36.78,17.33,58.0,19.38
2005-01-25,0.0,35.64,17.22,62.22,22.59
2005-01-26,0.0,34.15,16.32,74.36,25.49
2005-01-27,0.0,33.39,16.01,63.39,25.83
2005-01-28,0.0,32.48,15.52,90.91,29.35
2005-01-29,0.0,34.47,15.46,68.06,25.36
2005-01-30,0.0,35.07,16.61,89.03,28.77
2005-01-31,0.0,35.9,16.9,70.03,23.28
2005-02-01,0.0,34.65,17.95,50.5,24.01
2005-02-02,0.0,37.81,18.58,44.48,21.57
2005-02-03,0.0,38.86,20.09,41.73,20.19
2005-02-04,0.0,37.3,19.31,40.27,19.92
2005-02-05,0.0,35.59,17.8,36.39,17.5
2005-02-06,0.01,34.66,16.95,42.1,20.7
2005-02-07,0.0,34.48,16.81,48.87,17.65
2005-02-08,0.0,32.89,16.28,31.96,17.0
2005-02-09,0.0,34.08,16.26,43.75,20.24
2005-02-10,0.0,35.77,16.92,43.47,21.33
2005-02-11,0.0,37.08,18.3,48.58,23.4
2005-02-12,0.0,32.5,18.93,70.74,30.93
2005-02-13,0.05,36.49,19.78,58.4,32.72
2005-02-14,0.24,35.94,20.5,66.51,37.14
2005-02-15,0.0,33.44,18.62,92.37,43.62
2005-02-16,0.0,33.63,18.69,87.57,40.27
2005-02-17,0.01,35.1,18.8,82.84,36.48
2005-02-18,0.0,35.56,18.93,69.23,32.29
2005-02-19,0.0,35.92,19.0,78.39,35.82
2005-02-20,0.0,35.85,18.45,80.61,32.9
2005-02-21,0.0,36.64,18.86,72.71,30.31
2005-02-22,0.0,35.25,19.57,72.87,37.61
2005-02-23,0.0,35.55,19.04,79.12,38.91
2005-02-24,0.0,34.03,18.86,80.15,40.72
2005-02-25,0.0,34.13,19.0,74.34,37.06
2005-02-26,0.0,35.83,19.91,69.33,39.0
2005-02-27,0.0,36.29,19.46,80.76,40.13
2005-02-28,0.0,36.25,18.53,82.0,37.88
2005-03-01,0.0,35.64,19.78,79.97,39.09
2005-03-02,0.0,36.61,19.67,83.01,39.93
2005-03-03,0.0,31.44,18.86,95.67,61.26
2005-03-04,0.0,36.28,19.67,95.94,43.97
2005-03-05,0.0,35.42,19.39,80.06,39.69
2005-03-06,0.0,35.08,18.74,72.87,33.9
2005-03-07,0.0,39.15,19.78,69.51,24.52
2005-03-08,0.0,39.59,20.21,58.53,21.74
2005-03-09,0.0,40.56,20.6,51.96,15.13
2005-03-10,0.0,41.98,20.55,56.46,17.31
2005-03-11,0.0,40.48,21.47,61.46,22.54
2005-03-12,0.0,37.04,19.72,71.93,26.81
2005-03-13,0.0,34.16,17.39,91.9,35.54
2005-03-14,0.0,35.86,17.93,86.95,31.73
2005-03-15,0.0,41.05,19.52,79.96,17.97
2005-03-16,0.0,42.39,21.62,43.97,17.12
2005-03-17,0.0,41.5,21.65,56.9,22.18
2005-03-18,0.0,39.61,19.37,77.53,22.44
2005-03-19,0.0,42.24,19.83,76.63,15.17
2005-03-20,0.0,42.09,19.47,80.55,15.19
2005-03-21,0.0,41.82,19.88,74.32,12.32
2005-03-22,0.0,42.45,20.54,68.4,12.35
2005-03-23,0.0,41.08,19.59,72.98,17.15
2005-03-24,0.0,39.37,19.12,84.69,25.54
2005-03-25,0.0,39.22,18.74,82.28,24.94
2005-03-26,0.0,41.05,19.79,69.92,21.02
2005-03-27,0.0,41.48,20.13,66.77,20.47
2005-03-28,0.0,36.44,19.03,99.95,45.46
2005-03-29,0.0,37.89,19.71,93.94,39.14
2005-03-30,0.0,37.37,20.1,93.57,40.07
2005-03-31,0.0,41.69,19.96,89.31,20.44
2005-04-01,0.0,41.76,20.9,79.61,17.52
2005-04-02,0.0,38.24,20.08,92.14,32.05
2005-04-03,0.0,37.08,19.82,98.63,34.83
2005-04-04,0.0,38.13,19.8,93.94,31.77
2005-04-05,0.0,39.77,19.48,98.87,27.11
2005-04-06,0.0,38.71,20.8,86.35,32.33
2005-04-07,0.0,39.68,20.87,92.81,33.9
2005-04-08,0.0,41.27,21.37,86.81,25.08
2005-04-09,0.0,39.7,20.48,97.65,30.15
2005-04-10,0.0,40.34,20.23,95.18,25.66
2005-04-11,0.0,40.05,21.11,78.75,25.73
2005-04-12,0.0,35.63,20.48,96.3,48.48
2005-04-13,0.0,34.04,20.54,97.01,46.8
2005-04-14,0.0,36.43,21.04,94.8,37.14
2005-04-15,0.0,36.64,19.85,78.38,31.22
2005-04-16,0.0,37.02,20.48,83.26,32.99
2005-04-17,0.0,37.29,20.17,73.18,22.57
2005-04-18,0.0,37.99,20.87,60.61,22.02
2005-04-19,0.0,36.87,19.45,83.34,29.67
2005-04-20,0.0,36.98,20.31,89.58,32.85
2005-04-21,0.0,37.71,20.88,81.87,34.01
2005-04-22,0.0,39.25,20.34,85.76,25.69
2005-04-23,0.0,37.89,20.31,81.8,31.18
2005-04-24,0.0,35.59,19.68,100.0,40.31
2005-04-25,0.0,34.29,19.47,98.61,43.69
2005-04-26,0.0,36.0,20.6,96.86,43.17
2005-04-27,0.0,37.55,20.63,99.15,45.33
2005-04-28,0.0,37.3,20.35,98.43,41.14
2005-04-29,0.0,38.05,21.09,97.95,42.04
2005-04-30,0.0,37.12,21.71,99.66,49.32
2005-05-01,0.0,36.22,22.02,98.71,50.79
2005-05-02,0.0,36.8,21.86,99.59,42.13
2005-05-03,0.0,35.79,21.34,99.61,43.33
2005-05-04,0.0,34.1,20.86,100.0,43.57
2005-05-05,0.0,34.46,20.78,99.73,44.96
2005-05-06,0.0,34.64,21.72,95.01,45.41
2005-05-07,0.0,35.19,21.41,99.79,47.02
2005-05-08,0.0,36.56,21.97,99.98,49.01
2005-05-09,0.0,37.44,23.0,99.44,50.31
2005-05-10,0.0,34.95,23.24,98.64,60.64
2005-05-11,0.0,31.07,21.87,97.41,79.31
2005-05-12,0.0,32.23,21.97,97.23,73.69
2005-05-13,0.0,35.72,22.66,97.11,56.66
2005-05-14,0.0,35.9,23.52,99.19,54.82
2005-05-15,0.0,35.44,22.82,97.51,54.88
2005-05-16,0.0,36.95,23.57,98.4,56.87
2005-05-17,0.0,36.77,23.82,96.93,53.45
2005-05-18,0.0,36.45,24.16,96.88,54.44
2005-05-19,0.0,37.58,23.54,97.87,47.56
2005-05-20,0.08,38.22,25.01,91.48,46.07
2005-05-21,0.0,35.17,25.07,96.48,59.14
2005-05-22,0.0,36.59,24.8,97.45,51.38
2005-05-23,1.16,35.44,24.73,97.48,59.99
2005-05-24,0.0,35.77,23.45,98.08,54.92
2005-05-25,0.0,36.3,23.88,99.3,46.97
2005-05-26,0.0,35.26,23.83,97.77,53.05
2005-05-27,0.02,35.49,24.43,98.14,58.39
2005-05-28,0.0,35.14,23.77,98.47,59.9
2005-05-29,0.0,34.92,23.35,97.67,55.32
2005-05-30,0.0,35.64,22.83,98.55,55.41
2005-05-31,0.0,37.52,24.06,92.68,41.39
2005-06-01,0.0,35.98,24.55,86.51,42.34
2005-06-02,0.0,36.01,23.55,85.28,40.22
2005-06-03,0.0,34.0,23.9,87.44,49.35
2005-06-04,0.0,33.89,23.99,83.81,47.53
2005-06-05,0.16,34.92,24.45,84.57,47.5
2005-06-06,0.0,34.57,24.4,92.86,56.3
2005-06-07,10.29,36.25,25.1,98.85,55.02
2005-06-08,0.04,35.26,24.06,99.39,55.19
2005-06-09,0.0,35.39,25.51,96.95,52.42
2005-06-10,0.0,34.93,25.18,95.34,54.56
2005-06-11,0.0,36.31,25.19,97.83,51.15
2005-06-12,0.17,36.4,24.53,99.04,51.46
2005-06-13,0.0,35.67,24.52,91.01,51.82
2005-06-14,0.0,35.23,25.25,79.67,43.89
2005-06-15,0.0,36.69,25.23,84.42,46.17
2005-06-16,0.0,35.14,25.28,99.69,61.37
2005-06-17,0.0,32.6,23.77,98.08,72.76
2005-06-18,0.0,33.34,24.66,97.98,61.28
2005-06-19,0.0,34.27,24.88,92.11,56.98
2005-06-20,0.0,34.87,24.38,93.65,53.45
2005-06-21,0.05,32.98,24.88,97.78,64.49
2005-06-22,0.0,35.39,24.37,93.23,46.86
2005-06-23,0.0,34.53,24.1,88.04,50.45
2005-06-24,0.34,31.42,24.89,93.16,67.34
2005-06-25,0.0,33.41,24.75,98.85,60.7
2005-06-26,6.15,34.32,25.57,94.41,57.44
2005-06-27,21.79,33.36,25.33,99.09,66.1
2005-06-28,0.0,30.38,23.6,99.1,82.82
2005-06-29,1.92,31.12,24.41,98.98,78.92
2005-06-30,13.27,31.06,23.99,99.14,78.3
2005-07-01,0.0,32.05,24.98,94.46,71.74
2005-07-02,0.57,33.71,25.51,93.35,66.82
2005-07-03,40.57,30.26,24.74,99.78,79.11
2005-07-04,0.38,31.88,23.47,99.82,71.08
2005-07-05,0.14,33.38,24.21,97.26,65.69
2005-07-06,24.23,33.43,25.01,90.16,63.46
2005-07-07,0.0,32.89,25.05,89.02,64.03
2005-07-08,0.47,32.61,24.62,95.79,63.52
2005-07-09,0.29,34.43,24.94,86.67,51.77
2005-07-10,35.87,35.66,24.28,82.57,50.46
2005-07-11,6.0,32.43,24.55,94.84,64.96
2005-07-12,28.34,31.03,24.32,98.84,71.54
2005-07-13,0.19,30.11,24.06,97.01,79.23
2005-07-14,3.19,32.57,23.81,94.82,65.43
2005-07-15,18.86,34.31,24.12,94.56,59.34
2005-07-16,2.4,29.94,23.5,99.99,78.56
2005-07-17,0.0,31.54,24.08,94.47,69.55
2005-07-18,0.03,32.56,24.49,93.36,68.57
2005-07-19,0.86,32.61,25.84,90.22,65.9
2005-07-20,38.96,29.07,23.8,99.46,89.79
2005-07-21,0.0,31.57,23.77,99.66,74.53
2005-07-22,0.01,33.1,24.55,98.85,69.23
2005-07-23,22.92,31.17,24.65,99.0,80.01
2005-07-24,13.61,30.98,24.45,99.64,80.26
2005-07-25,5.51,31.15,23.92,98.08,78.5
2005-07-26,0.11,32.51,24.93,96.37,72.04
2005-07-27,2.62,32.68,25.34,95.66,69.17
2005-07-28,0.0,32.72,25.36,95.58,68.12
2005-07-29,0.0,32.97,25.94,88.07,66.03
2005-07-30,0.23,33.39,25.96,87.2,67.33
2005-07-31,0.11,32.75,25.51,93.14,68.14
2005-08-01,0.38,33.7,24.45,94.46,65.85
2005-08-02,0.09,32.35,24.37,99.85,72.35
2005-08-03,1.78,32.32,24.32,98.73,77.07
2005-08-04,0.21,33.33,24.14,98.52,70.24
2005-08-05,5.0,31.6,24.76,99.37,76.07
2005-08-06,0.0,32.21,24.4,99.99,76.01
2005-08-07,0.0,32.55,24.86,98.54,71.29
2005-08-08,0.0,31.77,25.05,98.82,79.92
2005-08-09,9.06,31.36,25.18,99.63,78.42
2005-08-10,24.63,29.03,24.06,99.64,87.54
2005-08-11,9.27,29.5,23.74,98.62,84.01
2005-08-12,4.93,29.42,23.68,99.46,79.98
2005-08-13,0.0,32.66,23.72,98.23,71.8
2005-08-14,0.48,33.11,25.08,97.59,71.14
2005-08-15,7.16,31.2,25.06,99.64,79.96
2005-08-16,14.72,28.96,23.95,98.87,84.92
2005-08-17,17.93,28.41,23.85,99.15,84.73
2005-08-18,37.86,30.96,23.37,99.32,76.84
2005-08-19,16.89,29.71,23.9,98.94,84.32
2005-08-20,7.59,28.09,24.01,99.26,89.04
2005-08-21,24.59,31.49,23.19,99.23,71.7
2005-08-22,21.07,30.07,23.71,98.3,82.56
2005-08-23,0.0,31.87,24.06,98.33,75.93
2005-08-24,2.08,33.1,24.36,97.95,70.24
2005-08-25,0.58,31.03,24.3,99.64,78.89
2005-08-26,1.33,32.73,24.2,94.91,68.21
2005-08-27,0.43,32.76,24.43,92.54,67.83
2005-08-28,5.91,32.71,24.12,96.46,69.3
2005-08-29,25.1,32.14,24.15,97.29,73.58
2005-08-30,0.0,33.02,24.19,98.0,66.32
2005-08-31,8.12,32.65,24.39,99.12,69.64
2005-09-01,4.83,32.03,22.22,99.46,68.4
2005-09-02,0.16,30.25,23.41,96.54,79.43
2005-09-03,37.36,31.56,23.79,94.92,73.14
2005-09-04,1.22,29.72,22.97,99.66,80.59
2005-09-05,0.01,31.81,23.43,99.05,74.31
2005-09-06,0.0,31.32,24.06,97.03,74.65
2005-09-07,3.37,32.72,24.74,99.0,74.02
2005-09-08,6.65,29.75,23.53,99.16,80.22
2005-09-09,5.82,31.5,22.71,99.42,72.71
2005-09-10,0.0,32.38,23.58,98.06,73.04
2005-09-11,0.0,32.9,24.43,99.02,73.55
2005-09-12,0.0,33.37,25.11,98.21,69.27
2005-09-13,14.94,33.72,25.15,99.23,72.09
2005-09-14,18.67,32.44,23.42,99.63,75.78
2005-09-15,10.35,31.52,23.58,99.39,76.96
2005-09-16,0.0,33.44,23.72,98.79,66.56
2005-09-17,18.95,33.68,24.46,95.39,69.45
2005-09-18,0.23,32.92,24.01,97.43,72.26
2005-09-19,0.27,33.31,23.85,98.79,71.28
2005-09-20,0.0,33.43,24.8,99.03,66.79
2005-09-21,9.48,34.48,25.25,93.16,64.48
2005-09-22,0.03,32.9,24.08,99.36,70.39
2005-09-23,0.0,32.67,23.73,98.84,70.38
2005-09-24,6.29,32.85,24.66,96.64,74.14
2005-09-25,0.0,32.31,24.03,95.92,74.77
2005-09-26,7.21,31.03,24.45,97.38,78.4
2005-09-27,33.28,29.08,23.44,99.53,90.34
2005-09-28,27.29,29.39,23.35,99.74,81.57
2005-09-29,5.43,32.11,23.82,96.77,66.29
2005-09-30,20.26,32.97,23.65,98.79,70.73
2005-10-01,4.46,32.6,23.39,99.36,80.54
2005-10-02,0.0,31.4,23.67,99.31,83.62
2005-10-03,0.0,33.81,24.47,99.51,71.6
2005-10-04,0.0,33.42,24.7,99.61,73.73
2005-10-05,1.1,31.63,24.28,99.35,81.01
2005-10-06,10.43,30.66,22.79,99.39,81.58
2005-10-07,0.25,32.51,23.07,99.52,74.31
2005-10-08,6.25,31.71,23.63,99.36,80.36
2005-10-09,1.09,30.54,22.92,99.46,82.04
2005-10-10,0.53,32.44,22.58,99.62,75.15
2005-10-11,0.0,32.8,23.26,99.73,73.94
2005-10-12,1.15,33.21,23.44,99.17,72.19
2005-10-13,0.22,31.75,22.49,99.38,73.02
2005-10-14,0.0,32.69,23.56,99.68,72.78
2005-10-15,0.0,33.76,24.16,99.95,68.31
2005-10-16,0.0,33.24,24.58,100.0,73.8
2005-10-17,0.0,34.37,23.94,99.86,65.83
2005-10-18,0.0,34.55,25.07,99.67,66.65
2005-10-19,0.24,33.16,24.58,99.98,74.75
2005-10-20,1.2,31.46,23.43,99.05,77.96
2005-10-21,0.0,33.39,23.33,99.89,72.32
2005-10-22,0.0,33.84,24.35,98.29,66.74
2005-10-23,20.0,34.01,24.25,98.8,69.61
2005-10-24,0.02,31.28,22.79,99.37,79.17
2005-10-25,0.0,32.33,22.98,99.45,74.91
2005-10-26,0.01,33.03,23.92,99.26,67.29
2005-10-27,0.0,32.32,23.65,97.82,73.78
2005-10-28,0.0,33.44,23.73,98.99,64.87
2005-10-29,0.0,32.6,23.86,97.72,71.78
2005-10-30,0.0,32.82,24.07,97.04,70.34
2005-10-31,0.0,34.28,23.64,92.88,43.99
2005-11-01,0.0,34.11,21.23,100.0,68.37
2005-11-02,0.0,32.59,21.53,99.05,75.76
2005-11-03,0.0,34.24,21.81,99.45,68.96
2005-11-04,0.0,36.11,22.22,99.72,47.47
2005-11-05,0.0,36.98,21.71,93.75,37.91
2005-11-06,0.0,35.61,21.72,100.0,56.04
2005-11-07,0.0,35.86,21.48,99.88,50.82
2005-11-08,0.0,37.75,22.1,100.0,38.75
2005-11-09,0.0,37.84,21.56,71.56,25.98
2005-11-10,0.0,36.84,19.92,56.6,26.14
2005-11-11,0.0,37.24,20.93,66.8,33.02
2005-11-12,0.0,36.94,21.81,91.04,34.2
2005-11-13,0.0,33.32,21.67,61.1,31.56
2005-11-14,0.0,34.6,19.43,62.52,30.92
2005-11-15,0.0,35.07,20.53,73.34,36.65
2005-11-16,0.0,35.37,20.66,65.19,33.3
2005-11-17,0.0,34.72,21.4,69.96,37.92
2005-11-18,0.0,34.61,20.03,79.7,35.97
2005-11-19,0.0,33.95,19.87,83.59,38.07
2005-11-20,0.0,34.44,20.33,89.88,38.42
2005-11-21,0.0,34.77,20.72,94.92,44.16
2005-11-22,0.0,34.1,20.53,96.69,41.05
2005-11-23,0.0,34.66,20.95,99.16,43.76
2005-11-24,0.0,35.28,20.63,89.01,39.52
2005-11-25,0.0,36.81,21.15,84.22,38.08
2005-11-26,0.0,36.51,20.8,67.93,33.7
2005-11-27,0.0,36.22,21.07,82.74,33.55
2005-11-28,0.0,36.48,20.28,75.85,32.79
2005-11-29,0.0,37.29,20.34,70.77,29.87
2005-11-30,0.0,33.63,20.44,85.22,44.78
2005-12-01,0.0,33.92,18.46,80.55,38.01
2005-12-02,0.0,34.54,18.32,63.29,33.44
2005-12-03,0.0,35.48,18.99,63.61,30.7
2005-12-04,0.0,36.65,19.4,64.08,29.84
2005-12-05,0.0,38.01,19.67,76.64,25.78
2005-12-06,0.0,37.8,19.31,66.34,28.36
2005-12-07,0.0,36.65,19.12,69.91,30.05
2005-12-08,0.0,34.2,18.72,75.83,33.4
2005-12-09,0.0,32.84,18.32,93.15,48.92
2005-12-10,0.0,30.82,19.75,92.93,43.13
2005-12-11,0.0,34.47,19.65,86.86,42.36
2005-12-12,0.0,35.63,19.59,87.48,34.57
2005-12-13,0.0,36.34,19.15,63.6,27.42
2005-12-14,0.0,35.69,20.44,53.65,25.69
2005-12-15,0.0,36.32,19.57,52.49,24.66
2005-12-16,0.0,36.81,19.75,60.14,27.82
2005-12-17,0.0,37.03,19.4,100.0,33.18
2005-12-18,0.0,38.22,19.79,62.17,21.4
2005-12-19,0.0,37.92,19.54,59.51,23.43
2005-12-20,0.0,36.05,19.23,100.0,48.11
2005-12-21,0.0,36.34,19.63,100.0,32.29
2005-12-22,0.0,34.95,19.75,100.0,55.52
2005-12-23,0.0,34.39,20.32,99.72,48.91
2005-12-24,0.0,35.88,20.91,88.1,30.24
2005-12-25,0.0,36.37,20.95,53.59,27.64
2005-12-26,0.0,37.41,21.04,84.69,33.18
2005-12-27,0.0,36.89,20.85,94.51,24.62
2005-12-28,0.0,37.69,20.01,49.09,17.36
2005-12-29,0.0,35.31,19.8,43.72,21.48
2005-12-30,0.0,33.29,18.62,52.84,28.48
2005-12-31,0.0,32.33,16.69,54.38,25.96
2006-01-01,0.0,32.42,17.11,47.13,27.47
2006-01-02,0.0,34.24,17.03,57.91,27.76
2006-01-03,0.0,34.42,16.49,51.67,22.86
2006-01-04,0.0,34.56,16.25,49.92,21.77
2006-01-05,0.0,34.47,16.79,54.59,21.9
2006-01-06,0.0,33.84,18.36,42.89,19.46
2006-01-07,0.0,34.28,18.38,34.25,16.36
2006-01-08,0.0,31.98,15.4,36.83,17.31
2006-01-09,0.0,32.48,15.77,42.81,19.23
2006-01-10,0.0,35.13,17.39,57.16,22.25
2006-01-11,0.0,31.07,18.84,86.73,53.99
2006-01-12,0.0,35.02,18.59,89.13,21.24
2006-01-13,0.0,36.37,18.48,45.07,16.88
2006-01-14,0.0,36.09,18.97,39.1,19.08
2006-01-15,0.0,34.89,19.02,51.55,23.01
2006-01-16,0.0,33.5,17.82,38.03,20.56
2006-01-17,0.0,30.79,16.54,31.14,17.75
2006-01-18,0.0,29.34,15.37,56.32,22.64
2006-01-19,0.0,32.18,14.71,52.92,25.86
2006-01-20,0.0,32.37,17.05,47.13,24.77
2006-01-21,0.0,36.76,19.26,40.91,19.89
2006-01-22,0.0,36.79,18.69,37.84,18.1
2006-01-23,0.0,37.7,19.72,44.22,23.14
2006-01-24,0.0,38.0,19.46,47.52,18.3
2006-01-25,0.0,37.29,19.53,39.96,18.01
2006-01-26,0.0,35.03,19.57,44.02,23.73
2006-01-27,0.0,33.82,18.5,53.74,28.56
2006-01-28,0.0,31.63,16.68,76.78,40.18
2006-01-29,0.0,33.36,15.68,81.38,35.83
2006-01-30,0.0,33.57,17.37,53.76,27.57
2006-01-31,0.0,33.18,16.76,42.52,18.66
2006-02-01,0.0,35.97,17.77,38.37,17.18
2006-02-02,0.0,35.88,18.46,55.87,19.6
2006-02-03,0.0,37.97,19.32,42.48,14.75
2006-02-04,0.0,38.13,19.69,35.02,15.95
2006-02-05,0.0,39.3,20.15,40.95,16.9
2006-02-06,0.0,39.06,20.17,60.42,20.38
2006-02-07,0.0,39.81,19.42,61.52,17.82
2006-02-08,0.0,39.28,21.54,53.96,16.93
2006-02-09,0.0,36.17,19.01,79.69,25.61
2006-02-10,0.0,31.52,19.89,80.43,37.13
2006-02-11,0.0,30.84,17.56,87.88,43.57
2006-02-12,0.0,30.13,17.35,81.06,42.68
2006-02-13,0.0,33.49,17.31,84.27,34.76
2006-02-14,0.0,34.52,17.16,74.99,28.44
2006-02-15,0.0,33.0,17.57,55.48,27.6
2006-02-16,0.0,33.55,16.89,73.62,28.01
2006-02-17,0.0,35.14,16.41,59.48,22.57
2006-02-18,0.0,37.5,18.57,47.83,25.04
2006-02-19,0.0,38.1,19.49,47.11,20.66
2006-02-20,0.0,37.79,20.03,43.87,19.62
2006-02-21,0.0,37.83,19.53,48.84,22.16
2006-02-22,0.0,37.42,18.67,41.71,18.64
2006-02-23,0.0,38.5,19.05,35.95,15.52
2006-02-24,0.0,38.7,18.79,41.63,14.94
2006-02-25,0.0,36.92,18.67,33.78,17.16
2006-02-26,0.0,37.73,18.13,35.24,14.5
2006-02-27,0.0,38.82,18.86,37.93,15.32
2006-02-28,0.0,36.66,18.27,55.76,27.24
2006-03-01,0.0,32.98,17.4,78.53,32.49
2006-03-02,0.0,34.97,16.39,77.1,28.79
2006-03-03,0.0,37.09,18.25,68.02,28.26
2006-03-04,0.0,39.69,20.23,54.37,20.28
2006-03-05,0.0,40.71,21.23,43.26,18.71
2006-03-06,0.0,40.93,20.7,45.1,16.18
2006-03-07,0.0,40.47,20.52,59.14,15.22
2006-03-08,0.0,39.25,20.8,34.74,11.89
2006-03-09,0.0,38.64,19.9,33.91,12.68
2006-03-10,0.0,39.58,19.63,47.77,12.1
2006-03-11,0.0,38.14,19.71,57.48,22.58
2006-03-12,0.0,34.1,19.21,70.29,32.81
2006-03-13,0.0,38.48,19.2,65.79,21.06
2006-03-14,0.0,36.07,19.16,71.94,31.67
2006-03-15,0.0,35.57,18.84,78.12,35.75
2006-03-16,0.0,33.85,18.45,96.43,41.36
2006-03-17,0.0,33.46,19.29,93.3,45.87
2006-03-18,0.0,35.08,17.84,94.25,34.2
2006-03-19,0.0,34.06,17.84,92.33,41.9
2006-03-20,0.0,34.76,17.88,82.87,36.58
2006-03-21,0.0,36.66,18.42,74.05,27.5
2006-03-22,0.0,39.67,19.31,59.04,22.86
2006-03-23,0.0,41.72,19.93,70.58,18.79
2006-03-24,0.0,37.31,19.91,81.24,37.21
2006-03-25,0.0,37.68,19.75,82.82,35.85
2006-03-26,0.0,38.81,19.78,82.81,29.61
2006-03-27,0.0,41.82,20.55,77.78,16.12
2006-03-28,0.0,38.85,19.65,90.38,23.78
2006-03-29,0.0,33.11,18.92,98.59,51.41
2006-03-30,0.0,36.17,20.09,91.83,47.04
2006-03-31,0.0,38.89,20.2,86.26,32.74
2006-04-01,0.0,41.26,20.15,83.54,17.24
2006-04-02,0.0,38.85,21.62,70.01,30.02
2006-04-03,0.0,36.86,20.47,82.8,31.72
2006-04-04,0.0,41.18,20.1,88.7,18.85
2006-04-05,0.0,39.75,20.89,68.66,20.3
2006-04-06,0.0,36.89,20.15,97.67,39.42
2006-04-07,0.0,34.14,19.41,97.65,44.35
2006-04-08,0.0,35.06,19.82,99.6,44.29
2006-04-09,0.0,35.29,19.59,98.06,42.78
2006-04-10,0.0,35.52,19.64,96.94,40.69
2006-04-11,0.0,35.14,19.14,99.99,45.92
2006-04-12,0.0,34.48,19.95,99.6,50.35
2006-04-13,0.0,34.05,20.62,100.0,55.61
2006-04-14,0.0,34.54,21.56,99.81,50.15
2006-04-15,0.0,37.07,19.88,92.63,37.46
2006-04-16,0.0,37.98,20.71,92.58,36.44
2006-04-17,0.0,33.14,20.34,99.97,56.49
2006-04-18,0.0,34.2,21.13,94.96,48.15
2006-04-19,0.0,33.31,21.09,98.2,51.62
2006-04-20,0.0,34.73,20.98,94.75,44.97
2006-04-21,0.0,35.08,20.27,97.5,38.92
2006-04-22,0.0,34.5,20.5,92.9,41.98
2006-04-23,0.0,34.96,20.22,94.65,40.67
2006-04-24,0.0,37.58,20.5,81.06,30.56
2006-04-25,0.0,41.28,22.24,69.25,17.01
2006-04-26,0.0,42.08,22.12,57.98,14.73
2006-04-27,0.0,40.0,21.4,71.84,21.77
2006-04-28,0.0,37.45,20.27,91.62,27.69
2006-04-29,0.0,33.99,19.63,83.47,38.04
2006-04-30,0.0,34.63,19.34,88.61,37.18
2006-05-01,0.0,34.09,19.52,79.03,35.21
2006-05-02,0.0,35.42,20.25,77.09,30.04
2006-05-03,0.0,36.63,20.94,70.18,30.04
2006-05-04,0.0,37.25,21.55,75.71,30.52
2006-05-05,0.0,40.53,22.01,74.25,24.18
2006-05-06,0.0,39.82,22.75,75.11,25.74
2006-05-07,0.0,36.16,21.22,93.5,38.89
2006-05-08,0.0,35.25,20.54,93.57,36.94
2006-05-09,0.0,33.35,20.66,98.95,43.97
2006-05-10,0.0,34.93,20.01,96.95,36.82
2006-05-11,0.0,37.63,20.36,92.45,30.51
2006-05-12,0.0,36.34,21.03,94.98,38.12
2006-05-13,0.0,35.49,20.63,97.96,40.66
2006-05-14,0.0,37.28,20.86,81.88,29.18
2006-05-15,0.0,35.14,20.05,99.71,37.42
2006-05-16,0.0,33.01,20.46,86.83,43.72
2006-05-17,0.0,36.17,20.38,96.42,35.23
2006-05-18,0.0,36.6,21.05,97.76,42.92
2006-05-19,0.0,36.26,21.4,99.84,47.55
2006-05-20,0.0,35.59,22.53,98.9,53.16
2006-05-21,0.0,35.81,22.26,98.29,54.22
2006-05-22,0.0,34.57,21.63,94.7,45.54
2006-05-23,0.0,35.79,20.56,92.62,36.48
2006-05-24,0.0,35.52,21.92,92.4,40.63
2006-05-25,0.0,35.29,21.39,96.54,40.87
2006-05-26,0.0,34.0,21.98,97.46,51.06
2006-05-27,0.0,35.42,23.12,93.81,43.45
2006-05-28,0.0,36.72,22.54,95.26,36.31
2006-05-29,0.0,39.19,22.39,91.93,33.86
2006-05-30,0.0,38.01,23.39,98.23,44.86
2006-05-31,0.0,36.73,23.36,98.01,49.39
2006-06-01,0.59,37.17,25.05,84.45,38.65
2006-06-02,11.49,36.93,24.41,98.26,44.93
2006-06-03,0.0,35.14,22.97,99.46,54.32
2006-06-04,0.0,35.73,24.32,89.88,45.71
2006-06-05,0.0,36.58,23.89,94.35,45.19
2006-06-06,0.43,35.7,24.72,97.29,52.86
2006-06-07,0.0,35.6,24.75,98.28,52.71
2006-06-08,0.25,34.09,24.01,91.91,57.19
2006-06-09,0.0,34.24,24.37,92.08,50.4
2006-06-10,0.0,34.63,24.3,87.64,48.85
2006-06-11,0.0,35.84,24.59,87.99,50.08
2006-06-12,0.0,35.21,24.93,88.88,51.76
2006-06-13,8.28,36.23,24.71,99.81,47.63
2006-06-14,46.34,33.83,23.56,99.46,62.27
2006-06-15,0.0,28.85,22.86,99.58,86.9
2006-06-16,0.0,30.63,23.68,98.68,65.68
2006-06-17,0.0,32.31,23.05,96.97,62.14
2006-06-18,0.0,33.04,24.43,97.82,65.35
2006-06-19,0.0,31.79,24.6,97.96,61.41
2006-06-20,0.0,33.63,23.75,90.99,53.42
2006-06-21,40.73,32.08,24.46,97.91,65.19
2006-06-22,0.74,29.29,23.03,99.2,81.74
2006-06-23,0.0,31.27,22.75,97.82,71.92
2006-06-24,0.0,33.08,23.22,97.1,61.16
2006-06-25,0.0,33.71,24.49,95.27,63.35
2006-06-26,0.0,34.97,25.11,91.3,55.07
2006-06-27,0.0,36.19,24.77,96.38,53.35
2006-06-28,0.0,35.54,24.95,98.65,56.15
2006-06-29,0.0,34.16,25.76,94.99,56.59
2006-06-30,0.0,34.77,24.17,90.74,54.27
2006-07-01,0.0,35.84,25.75,80.64,52.03
2006-07-02,33.26,35.76,25.82,86.9,53.1
2006-07-03,8.96,35.16,24.8,96.66,56.39
2006-07-04,0.04,32.53,24.61,99.09,68.91
2006-07-05,0.08,32.11,24.58,97.48,71.2
2006-07-06,6.36,30.84,23.47,93.81,72.14
2006-07-07,0.0,33.19,24.45,98.44,66.42
2006-07-08,0.57,32.24,25.21,99.35,68.26
2006-07-09,0.27,34.49,24.94,88.0,57.52
2006-07-10,0.0,36.21,25.01,84.79,51.28
2006-07-11,2.75,35.27,25.12,91.58,51.14
2006-07-12,13.46,34.07,24.48,94.89,63.3
2006-07-13,0.09,34.04,24.61,92.13,59.83
2006-07-14,0.0,33.57,25.69,96.46,55.91
2006-07-15,26.3,34.61,24.65,87.98,55.48
2006-07-16,0.01,32.63,24.22,100.0,66.48
2006-07-17,12.96,31.44,24.11,99.71,81.19
2006-07-18,0.0,31.81,24.42,98.05,73.11
2006-07-19,0.0,31.39,25.25,96.17,69.62
2006-07-20,0.2,33.08,25.15,96.89,63.47
2006-07-21,2.87,29.52,23.12,99.52,89.55
2006-07-22,8.91,29.8,22.78,98.55,73.54
2006-07-23,0.01,31.37,24.21,98.47,72.44
2006-07-24,0.35,31.92,24.3,98.82,72.65
2006-07-25,1.48,31.16,24.03,99.52,78.64
2006-07-26,31.54,31.94,24.25,99.51,75.2
2006-07-27,14.86,30.42,23.92,99.08,79.08
2006-07-28,0.03,30.62,23.83,98.82,75.96
2006-07-29,4.16,30.62,24.11,98.79,76.75
2006-07-30,0.13,32.23,24.45,99.12,71.31
2006-07-31,10.3,30.26,23.92,99.45,80.2
2006-08-01,12.06,31.26,23.73,98.5,72.54
2006-08-02,0.01,30.83,23.63,99.45,74.23
2006-08-03,11.95,32.04,24.1,97.73,70.84
2006-08-04,0.84,31.58,24.11,99.44,75.58
2006-08-05,1.81,32.42,23.65,98.98,68.98
2006-08-06,15.88,29.27,24.11,98.51,81.59
2006-08-07,0.0,32.37,23.7,98.12,68.55
2006-08-08,13.44,30.88,24.24,97.89,80.0
2006-08-09,0.17,32.0,24.23,98.66,71.99
2006-08-10,3.27,32.05,24.23,94.66,65.63
2006-08-11,36.67,32.73,24.22,97.08,65.01
2006-08-12,0.33,30.18,23.37,100.0,80.15
2006-08-13,28.68,32.18,23.79,97.91,69.97
2006-08-14,9.59,29.84,23.74,98.81,85.27
2006-08-15,5.17,30.63,24.13,99.37,77.15
2006-08-16,6.02,31.52,24.34,98.97,75.18
2006-08-17,0.0,33.6,24.75,96.32,67.71
2006-08-18,0.02,33.61,25.31,97.47,70.65
2006-08-19,20.1,33.18,24.36,97.67,69.38
2006-08-20,19.43,30.57,24.04,98.3,80.89
2006-08-21,0.0,31.69,23.5,99.03,72.47
2006-08-22,0.0,31.69,24.06,99.09,73.68
2006-08-23,0.07,31.53,24.72,98.63,74.62
2006-08-24,16.41,30.95,24.94,98.07,73.11
2006-08-25,1.47,28.03,23.87,99.88,89.47
2006-08-26,15.05,30.55,23.38,99.5,75.07
2006-08-27,30.51,30.32,23.29,99.65,76.82
2006-08-28,5.29,31.05,23.59,99.64,73.58
2006-08-29,2.04,29.6,23.89,99.4,80.63
2006-08-30,0.21,33.18,23.98,95.14,66.52
2006-08-31,18.5,31.63,23.93,99.53,75.49
2006-09-01,10.37,31.42,23.19,99.52,74.96
2006-09-02,0.08,28.96,22.78,99.16,83.63
2006-09-03,0.0,29.46,23.34,99.25,83.21
2006-09-04,0.0,33.25,24.25,96.56,68.6
2006-09-05,9.73,33.05,24.67,96.99,70.83
2006-09-06,0.01,30.69,23.6,98.93,77.79
2006-09-07,24.75,30.62,23.27,99.33,78.68
2006-09-08,7.85,31.12,22.86,99.68,72.54
2006-09-09,0.88,31.45,22.91,97.83,73.46
2006-09-10,0.0,31.8,23.75,97.93,70.81
2006-09-11,24.63,28.58,23.05,99.7,87.01
2006-09-12,7.01,29.46,22.45,99.59,81.64
2006-09-13,23.73,30.21,23.0,99.35,77.66
2006-09-14,0.65,29.43,22.97,99.63,83.4
2006-09-15,0.05,30.46,22.85,99.63,74.8
2006-09-16,2.23,31.67,23.81,92.9,70.98
2006-09-17,25.34,32.69,24.04,97.29,69.01
2006-09-18,3.23,30.94,23.72,99.73,79.38
2006-09-19,19.96,33.07,23.4,99.57,63.12
2006-09-20,27.46,31.2,24.38,97.63,79.95
2006-09-21,0.0,32.37,23.43,97.88,72.04
2006-09-22,15.78,32.61,24.07,98.53,73.3
2006-09-23,0.0,33.04,23.88,97.8,68.27
2006-09-24,0.0,32.95,24.37,99.87,67.03
2006-09-25,35.16,30.77,24.2,99.73,78.61
2006-09-26,6.78,28.66,23.32,99.71,87.11
2006-09-27,12.71,32.63,23.23,98.33,66.59
2006-09-28,12.67,32.25,23.76,96.57,71.6
2006-09-29,0.0,33.26,23.51,98.47,69.21
2006-09-30,0.0,32.29,24.2,98.24,75.2
2006-10-01,0.0,32.45,24.46,99.18,76.36
2006-10-02,0.0,32.56,24.51,99.03,76.45
2006-10-03,0.0,33.67,24.26,100.0,70.98
2006-10-04,8.72,30.73,23.82,99.33,83.36
2006-10-05,3.61,34.23,23.66,99.95,67.26
2006-10-06,0.13,33.16,24.46,99.39,76.29
2006-10-07,0.0,32.33,24.55,99.74,76.21
2006-10-08,10.75,32.62,24.5,99.46,79.59
2006-10-09,10.91,32.24,23.61,99.21,79.08
2006-10-10,0.06,31.26,23.27,99.67,79.95
2006-10-11,0.0,32.48,23.94,99.43,75.61
2006-10-12,0.02,32.34,24.7,99.99,74.74
2006-10-13,9.42,32.29,23.18,99.51,72.17
2006-10-14,10.69,31.25,23.09,99.75,80.48
2006-10-15,0.13,33.18,23.2,99.56,71.35
2006-10-16,3.78,33.15,24.33,100.0,74.3
2006-10-17,0.0,32.91,23.99,99.14,72.88
2006-10-18,0.0,33.14,24.48,97.88,69.97
2006-10-19,0.0,34.21,24.26,98.3,65.82
2006-10-20,0.09,33.7,23.78,99.11,75.77
2006-10-21,0.33,34.41,24.21,99.47,67.41
2006-10-22,0.04,32.64,24.36,99.58,75.0
2006-10-23,0.0,33.39,23.07,99.79,65.11
2006-10-24,0.0,34.51,24.02,97.25,53.2
2006-10-25,0.0,35.35,23.89,97.67,47.74
2006-10-26,0.0,35.74,23.3,86.48,41.75
2006-10-27,0.0,34.14,23.23,89.6,53.33
2006-10-28,0.0,32.93,22.79,96.87,57.37
2006-10-29,0.0,34.8,23.4,92.59,55.92
2006-10-30,0.0,35.36,23.85,93.63,45.23
2006-10-31,0.0,35.34,23.98,90.12,48.71
2006-11-01,0.0,35.85,22.23,99.93,55.39
2006-11-02,0.0,34.5,22.11,99.47,66.82
2006-11-03,0.0,35.67,22.18,99.29,58.49
2006-11-04,0.0,36.3,22.53,99.5,57.97
2006-11-05,0.0,36.27,22.62,100.0,60.12
2006-11-06,0.0,37.16,22.44,99.45,48.22
2006-11-07,0.0,37.56,22.25,100.0,42.22
2006-11-08,0.0,36.57,22.09,100.0,53.2
2006-11-09,0.0,35.72,22.22,99.27,59.64
2006-11-10,0.0,35.9,22.62,99.37,60.15
2006-11-11,0.0,36.64,22.77,99.63,59.17
2006-11-12,0.0,38.07,22.57,100.0,37.7
2006-11-13,0.0,38.11,22.16,65.18,30.74
2006-11-14,0.0,36.93,21.38,63.16,27.01
2006-11-15,0.0,35.72,19.21,52.71,24.61
2006-11-16,0.0,35.61,18.47,53.94,25.23
2006-11-17,0.0,35.98,20.11,53.46,28.39
2006-11-18,0.0,38.0,20.91,66.34,30.56
2006-11-19,0.0,37.13,21.9,100.0,40.28
2006-11-20,0.0,35.74,21.83,100.0,43.79
2006-11-21,0.0,36.6,21.23,97.49,41.08
2006-11-22,0.0,36.29,21.22,100.0,37.1
2006-11-23,0.0,36.11,20.38,91.84,25.59
2006-11-24,0.0,35.97,20.26,81.22,34.07
2006-11-25,0.0,35.34,20.98,75.99,24.88
2006-11-26,0.0,35.59,19.25,53.19,22.48
2006-11-27,0.0,36.6,19.32,54.77,22.45
2006-11-28,0.0,37.16,19.86,53.99,25.05
2006-11-29,0.0,35.83,19.36,53.85,22.53
2006-11-30,0.0,34.88,18.47,50.02,23.64
2006-12-01,0.0,35.92,17.29,54.33,22.41
2006-12-02,0.0,33.88,16.31,52.25,23.95
2006-12-03,0.0,34.21,15.99,56.0,23.04
2006-12-04,0.0,35.97,16.76,51.91,22.98
2006-12-05,0.0,35.94,17.84,52.84,20.74
2006-12-06,0.0,32.27,16.98,45.33,20.79
2006-12-07,0.0,33.67,16.51,51.95,25.98
2006-12-08,0.0,33.41,17.03,54.19,24.28
2006-12-09,0.0,33.25,16.73,48.39,24.57
2006-12-10,0.0,32.42,16.61,49.11,20.51
2006-12-11,0.0,31.1,16.02,47.91,21.24
2006-12-12,0.0,31.83,16.89,48.04,25.37
2006-12-13,0.0,32.27,17.6,53.58,28.67
2006-12-14,0.0,34.26,18.19,56.29,29.2
2006-12-15,0.0,36.64,18.42,60.76,24.21
2006-12-16,0.0,37.83,18.88,79.51,24.74
2006-12-17,0.0,37.45,19.15,55.87,21.73
2006-12-18,0.0,33.76,18.18,50.6,22.89
2006-12-19,0.0,32.22,16.59,45.03,23.31
2006-12-20,0.0,33.01,15.27,50.16,22.84
2006-12-21,0.0,33.87,15.36,52.38,23.84
2006-12-22,0.0,34.28,16.95,52.43,26.24
2006-12-23,0.0,34.66,17.64,49.98,21.05
2006-12-24,0.0,36.21,17.57,51.23,20.0
2006-12-25,0.0,36.15,18.16,75.75,31.08
2006-12-26,0.0,34.56,17.35,100.0,38.86
2006-12-27,0.0,35.64,17.82,95.36,20.46
2006-12-28,0.0,33.83,17.07,43.15,14.54
2006-12-29,0.0,33.65,15.7,44.09,18.47
2006-12-30,0.0,35.4,17.1,43.8,17.89
2006-12-31,0.0,35.05,17.33,39.89,16.3
2007-01-01,0.0,32.83,16.76,38.25,17.17
2007-01-02,0.0,32.13,14.98,44.06,18.6
2007-01-03,0.0,32.79,15.17,39.39,15.65
2007-01-04,0.0,32.57,15.33,37.52,19.18
2007-01-05,0.0,31.83,14.43,42.62,18.92
2007-01-06,0.0,32.3,14.57,41.5,17.86
2007-01-07,0.0,32.18,14.96,36.92,18.34
2007-01-08,0.0,33.59,16.23,42.71,19.28
2007-01-09,0.0,35.35,17.5,48.57,22.85
2007-01-10,0.0,36.8,18.47,59.66,20.23
2007-01-11,0.0,37.53,19.38,49.83,14.43
2007-01-12,0.0,37.53,19.8,34.35,17.31
2007-01-13,0.0,37.59,18.9,39.17,17.92
2007-01-14,0.0,36.77,18.68,36.91,14.48
2007-01-15,0.0,35.44,16.92,38.91,18.25
2007-01-16,0.0,35.24,15.95,39.61,16.99
2007-01-17,0.0,35.58,16.17,41.23,18.2
2007-01-18,0.0,36.03,17.46,88.91,29.4
2007-01-19,0.0,36.97,18.66,67.66,18.12
2007-01-20,0.0,37.35,18.85,37.59,16.46
2007-01-21,0.0,37.13,18.26,39.74,17.44
2007-01-22,0.0,35.98,18.19,59.75,21.32
2007-01-23,0.0,34.25,17.48,82.58,34.13
2007-01-24,0.0,35.17,17.52,95.07,32.07
2007-01-25,0.0,32.36,18.42,64.5,34.99
2007-01-26,0.0,32.23,16.79,80.7,41.89
2007-01-27,0.0,32.79,16.6,97.16,49.69
2007-01-28,0.0,31.05,16.98,97.28,55.89
2007-01-29,0.0,32.6,17.15,98.05,50.21
2007-01-30,0.0,34.68,17.53,93.8,45.6
2007-01-31,0.0,35.85,18.08,95.48,29.25
2007-02-01,0.0,36.17,19.18,66.79,28.12
2007-02-02,0.0,35.44,19.11,87.23,29.11
2007-02-03,0.0,38.06,19.57,77.55,24.2
2007-02-04,0.0,39.22,19.89,76.77,23.49
2007-02-05,0.0,38.47,18.94,88.13,23.18
2007-02-06,0.0,35.09,19.37,60.9,26.38
2007-02-07,0.0,32.67,18.23,78.83,34.0
2007-02-08,0.0,34.74,18.08,63.86,26.27
2007-02-09,0.0,37.54,17.89,53.03,18.44
2007-02-10,0.0,38.56,19.27,44.36,16.91
2007-02-11,0.0,38.45,18.14,45.13,16.64
2007-02-12,0.0,39.05,18.31,41.39,16.02
2007-02-13,0.0,38.47,18.3,84.11,19.82
2007-02-14,0.0,39.86,19.04,56.31,13.65
2007-02-15,0.0,39.06,19.34,53.3,19.0
2007-02-16,0.0,39.12,19.08,70.81,19.19
2007-02-17,0.0,39.75,18.21,64.82,14.82
2007-02-18,0.0,37.31,19.46,47.34,16.05
2007-02-19,0.0,38.18,19.89,56.52,15.48
2007-02-20,0.0,35.77,20.18,51.07,19.59
2007-02-21,0.0,36.54,18.28,43.5,17.55
2007-02-22,0.0,36.6,18.27,39.25,13.81
2007-02-23,0.0,37.29,17.27,37.66,13.91
2007-02-24,0.0,37.95,18.16,40.95,15.62
2007-02-25,0.0,37.55,18.07,40.18,14.3
2007-02-26,0.0,38.3,17.57,40.38,15.86
2007-02-27,0.0,38.86,18.14,38.57,13.0
2007-02-28,0.0,39.78,18.66,38.82,13.11
2007-03-01,0.0,40.13,19.44,39.18,12.88
2007-03-02,0.0,40.93,19.56,40.35,11.05
2007-03-03,0.0,40.55,20.62,35.21,11.04
2007-03-04,0.0,41.85,21.53,41.82,11.27
2007-03-05,0.0,41.95,21.33,34.09,9.14
2007-03-06,0.0,41.24,20.55,73.05,10.45
2007-03-07,0.0,41.98,20.05,42.33,9.22
2007-03-08,0.0,41.97,19.47,48.54,8.22
2007-03-09,0.0,41.36,19.41,69.01,9.1
2007-03-10,0.0,39.89,19.52,54.59,15.76
2007-03-11,0.0,39.35,20.06,81.82,16.6
2007-03-12,0.0,39.4,19.09,43.89,15.41
2007-03-13,0.0,39.9,19.07,62.57,17.12
2007-03-14,0.0,36.81,18.9,64.41,23.41
2007-03-15,0.0,33.44,17.85,78.56,34.8
2007-03-16,0.0,34.44,17.61,77.21,33.08
2007-03-17,0.0,38.02,19.23,67.08,22.56
2007-03-18,0.0,38.52,20.24,62.41,20.66
2007-03-19,0.0,35.19,19.76,67.38,32.1
2007-03-20,0.0,33.44,18.11,81.57,38.12
2007-03-21,0.0,33.57,19.17,79.94,35.47
2007-03-22,0.0,37.67,19.25,72.5,29.45
2007-03-23,0.0,41.49,20.27,72.08,22.85
2007-03-24,0.0,40.32,21.01,66.41,25.01
2007-03-25,0.0,38.77,19.93,86.55,32.68
2007-03-26,0.0,41.19,20.43,78.75,25.25
2007-03-27,0.0,40.46,20.81,72.75,25.97
2007-03-28,0.0,40.76,21.17,70.72,23.18
2007-03-29,0.0,40.74,22.16,50.21,20.06
2007-03-30,0.0,41.69,21.63,45.4,16.34
2007-03-31,0.0,41.03,21.04,57.0,19.65
2007-04-01,0.0,37.09,19.85,66.47,26.93
2007-04-02,0.0,35.75,19.25,86.34,35.97
2007-04-03,0.0,37.99,19.87,77.19,30.73
2007-04-04,0.0,39.54,20.35,73.56,25.61
2007-04-05,0.0,38.04,21.9,73.41,32.08
2007-04-06,0.0,35.88,20.53,99.99,50.47
2007-04-07,0.0,36.68,20.22,94.21,38.91
2007-04-08,0.0,35.26,19.75,99.41,43.34
2007-04-09,0.0,38.12,21.17,95.54,35.8
2007-04-10,0.0,34.63,20.97,83.35,41.23
2007-04-11,0.0,36.13,20.42,84.48,34.72
2007-04-12,0.0,38.59,20.73,68.17,29.78
2007-04-13,0.0,41.74,21.91,64.99,22.38
2007-04-14,0.0,39.05,21.28,74.78,31.59
2007-04-15,0.0,39.19,20.28,83.07,25.08
2007-04-16,0.0,35.38,19.95,88.3,37.77
2007-04-17,0.0,35.1,19.05,99.61,37.09
2007-04-18,0.0,35.87,18.35,94.98,35.41
2007-04-19,0.0,37.92,19.36,96.06,30.34
2007-04-20,0.0,37.7,19.68,91.69,27.99
2007-04-21,0.0,35.74,19.38,96.58,35.14
2007-04-22,0.0,35.52,19.0,92.34,38.38
2007-04-23,0.0,38.56,19.75,93.5,27.78
2007-04-24,0.0,34.73,19.7,95.01,40.93
2007-04-25,0.0,34.49,18.88,96.41,42.15
2007-04-26,0.0,31.39,19.25,95.65,51.03
2007-04-27,0.0,31.0,19.19,89.57,54.6
2007-04-28,0.0,34.37,20.06,92.01,42.36
2007-04-29,0.0,36.37,20.6,94.69,36.9
2007-04-30,0.0,38.47,19.51,85.36,27.69
2007-05-01,0.0,36.97,20.17,86.11,30.68
2007-05-02,0.0,34.73,19.72,93.2,41.66
2007-05-03,0.0,35.41,19.98,99.05,39.29
2007-05-04,0.0,36.53,20.85,88.83,38.22
2007-05-05,0.0,38.83,20.51,95.51,31.94
2007-05-06,0.0,36.39,22.23,86.95,32.73
2007-05-07,0.0,37.35,21.29,83.71,33.05
2007-05-08,0.0,37.1,21.11,85.37,36.31
2007-05-09,0.0,37.49,22.06,97.41,46.62
2007-05-10,0.0,39.25,22.86,81.15,22.69
2007-05-11,0.0,42.7,24.12,60.33,14.58
2007-05-12,0.0,35.83,22.72,91.04,42.22
2007-05-13,0.0,33.66,22.28,98.99,54.97
2007-05-14,0.0,34.72,21.98,99.54,54.23
2007-05-15,0.0,33.82,22.47,99.04,57.54
2007-05-16,0.0,34.56,22.45,98.86,51.45
2007-05-17,0.0,35.39,22.24,97.7,48.11
2007-05-18,0.0,37.35,20.85,99.27,34.25
2007-05-19,0.0,35.23,21.44,92.43,35.96
2007-05-20,0.02,37.49,22.18,85.39,40.58
2007-05-21,0.0,36.44,23.57,85.01,37.64
2007-05-22,0.0,36.53,22.5,85.43,39.35
2007-05-23,0.0,37.39,21.71,86.51,32.17
2007-05-24,0.0,36.04,21.02,83.7,36.4
2007-05-25,0.0,37.11,21.09,87.73,32.52
2007-05-26,0.0,37.56,21.45,78.65,30.3
2007-05-27,0.0,36.34,21.45,94.47,39.59
2007-05-28,0.0,35.09,21.67,98.13,48.86
2007-05-29,0.0,35.61,21.63,97.34,53.01
2007-05-30,0.0,35.81,22.05,98.17,53.72
2007-05-31,0.0,34.83,22.55,98.08,57.83
2007-06-01,0.0,34.79,23.45,98.23,52.29
2007-06-02,0.0,34.68,22.5,95.27,44.89
2007-06-03,0.0,33.37,21.82,91.6,42.51
2007-06-04,0.0,31.4,21.5,88.35,49.25
2007-06-05,0.0,33.53,21.89,83.13,45.39
2007-06-06,0.0,32.53,22.24,85.73,51.49
2007-06-07,0.0,33.25,22.08,89.74,51.68
2007-06-08,0.0,34.45,23.57,85.43,44.33
2007-06-09,0.0,37.35,23.32,84.58,37.29
2007-06-10,0.0,36.05,24.31,92.22,54.39
2007-06-11,0.0,35.35,24.22,98.39,55.75
2007-06-12,0.0,36.46,23.2,96.89,41.47
2007-06-13,0.0,34.57,23.94,93.15,53.49
2007-06-14,0.07,34.18,23.93,97.77,55.29
2007-06-15,0.0,36.35,24.38,92.09,44.06
2007-06-16,0.3,35.31,24.07,97.29,49.36
2007-06-17,0.0,34.16,24.45,94.93,55.5
2007-06-18,2.69,34.87,24.95,90.58,54.0
2007-06-19,0.14,35.1,24.24,99.19,54.97
2007-06-20,0.0,32.56,22.96,98.33,71.22
2007-06-21,0.0,33.9,23.83,97.76,56.71
2007-06-22,0.0,33.52,23.8,95.72,54.75
2007-06-23,0.0,34.61,24.04,94.14,53.1
2007-06-24,7.96,32.95,24.11,98.18,62.04
2007-06-25,0.0,33.28,23.86,98.12,60.25
2007-06-26,0.0,33.24,24.29,97.24,57.59
2007-06-27,0.0,34.71,23.74,96.94,54.83
2007-06-28,0.0,33.46,24.78,96.15,61.0
2007-06-29,0.0,34.89,24.7,92.78,55.07
2007-06-30,0.0,34.64,24.56,92.42,49.78
2007-07-01,0.0,32.82,23.33,84.08,53.14
2007-07-02,0.0,33.17,23.08,90.26,50.16
2007-07-03,0.0,34.91,23.78,79.01,46.85
2007-07-04,0.0,33.95,24.52,84.66,53.63
2007-07-05,0.04,34.87,25.28,87.39,52.93
2007-07-06,0.0,35.42,25.24,90.04,52.17
2007-07-07,0.0,34.24,24.9,82.08,53.29
2007-07-08,0.0,33.88,23.82,80.32,54.27
2007-07-09,1.05,36.14,24.21,89.29,48.48
2007-07-10,1.04,35.14,24.91,91.12,55.73
2007-07-11,0.94,35.03,24.97,92.61,56.88
2007-07-12,0.0,35.27,25.42,85.99,53.12
2007-07-13,0.0,35.18,25.54,86.83,55.21
2007-07-14,0.0,34.2,25.29,89.26,58.05
2007-07-15,0.0,33.54,24.56,90.27,57.68
2007-07-16,0.0,32.91,24.69,87.43,56.63
2007-07-17,21.35,34.99,24.3,98.74,53.78
2007-07-18,1.68,31.4,23.92,98.85,75.37
2007-07-19,5.13,30.6,23.4,99.16,75.33
2007-07-20,0.0,31.36,23.23,96.59,70.55
2007-07-21,10.32,28.55,23.78,99.05,80.93
2007-07-22,0.12,28.18,23.33,99.05,83.82
2007-07-23,18.67,30.72,24.03,98.49,74.59
2007-07-24,21.09,30.21,23.71,99.06,77.78
2007-07-25,2.08,28.8,23.79,99.24,84.3
2007-07-26,0.0,30.04,23.83,99.2,77.96
2007-07-27,0.02,30.21,22.75,94.27,65.25
2007-07-28,0.0,32.41,23.22,89.59,60.63
2007-07-29,4.23,30.88,24.13,94.0,71.79
2007-07-30,30.07,30.27,24.02,98.61,77.68
2007-07-31,3.48,28.24,23.4,99.56,87.55
2007-08-01,12.56,30.86,23.5,99.45,76.39
2007-08-02,20.66,30.15,23.74,98.3,75.57
2007-08-03,0.09,29.91,23.74,99.36,78.18
2007-08-04,27.33,32.46,24.31,97.53,68.51
2007-08-05,0.6,31.41,24.22,97.97,73.3
2007-08-06,4.7,29.97,24.65,98.92,84.36
2007-08-07,0.01,29.83,24.54,98.71,81.84
2007-08-08,7.52,29.08,24.15,99.36,85.47
2007-08-09,0.19,30.2,23.65,99.23,76.45
2007-08-10,12.01,32.52,22.97,98.06,65.91
2007-08-11,0.02,31.97,24.34,99.66,70.3
2007-08-12,44.73,31.05,23.56,94.29,72.27
2007-08-13,0.0,30.27,23.29,99.37,76.04
2007-08-14,0.28,31.23,23.96,97.48,74.98
2007-08-15,9.27,31.01,24.09,96.2,78.54
2007-08-16,4.85,31.95,23.6,98.03,69.16
2007-08-17,1.53,31.86,23.46,99.53,70.63
2007-08-18,0.68,31.27,24.3,95.35,73.9
2007-08-19,0.37,31.69,24.27,96.76,73.15
2007-08-20,0.0,31.11,24.45,99.19,76.08
2007-08-21,0.19,31.58,24.31,99.07,67.39
2007-08-22,19.16,31.83,23.33,95.71,70.59
2007-08-23,5.38,29.94,23.3,99.21,75.31
2007-08-24,2.78,30.36,23.36,97.76,74.96
2007-08-25,0.03,31.56,24.26,98.78,73.47
2007-08-26,3.98,31.74,23.93,97.51,71.82
2007-08-27,17.98,29.87,24.21,98.88,82.49
2007-08-28,20.36,29.48,23.47,99.56,82.48
2007-08-29,3.04,29.52,22.96,98.96,76.72
2007-08-30,7.65,29.99,23.56,98.44,75.99
2007-08-31,19.97,29.82,23.67,99.25,79.45
2007-09-01,2.73,30.51,23.06,99.42,74.12
2007-09-02,9.04,29.93,23.39,98.99,80.18
2007-09-03,0.0,29.83,23.41,99.33,77.85
2007-09-04,0.0,30.6,23.29,97.44,75.05
2007-09-05,0.0,31.36,24.13,93.53,76.19
2007-09-06,14.45,32.62,23.95,97.89,71.95
2007-09-07,6.09,32.93,23.47,99.39,66.07
2007-09-08,17.87,29.54,23.53,99.29,82.53
2007-09-09,17.59,30.28,23.58,99.51,78.52
2007-09-10,0.0,32.06,23.65,97.93,71.5
2007-09-11,44.79,32.7,24.19,97.87,68.67
2007-09-12,0.53,29.8,23.06,99.54,84.18
2007-09-13,2.16,30.1,23.17,99.68,78.7
2007-09-14,0.0,32.93,23.38,93.87,66.13
2007-09-15,0.0,33.2,24.36,96.0,67.06
2007-09-16,8.7,32.54,24.26,94.83,71.09
2007-09-17,19.14,33.91,24.48,96.78,65.5
2007-09-18,34.01,32.58,23.84,98.59,70.97
2007-09-19,30.45,30.11,23.54,97.7,79.81
2007-09-20,0.0,33.0,23.46,95.17,67.08
2007-09-21,11.46,33.02,23.81,98.5,72.59
2007-09-22,12.74,33.14,23.88,99.19,75.33
2007-09-23,16.85,33.06,23.64,98.51,69.38
2007-09-24,0.0,32.45,23.67,98.11,69.47
2007-09-25,1.05,32.46,23.94,97.49,71.87
2007-09-26,10.16,30.13,22.99,99.48,77.8
2007-09-27,3.85,31.14,23.87,90.67,66.79
2007-09-28,0.0,32.57,22.9,94.78,65.05
2007-09-29,2.11,33.92,24.02,94.08,62.32
2007-09-30,0.0,32.8,23.91,97.93,71.97
2007-10-01,0.0,32.62,23.3,99.19,74.9
2007-10-02,0.0,32.58,24.12,99.47,72.25
2007-10-03,0.0,32.42,23.51,99.11,72.63
2007-10-04,0.0,32.6,23.19,99.3,68.64
2007-10-05,0.0,33.23,23.16,98.92,65.43
2007-10-06,0.0,34.24,23.31,99.26,63.5
2007-10-07,0.0,35.88,24.4,94.38,55.9
2007-10-08,0.0,34.13,24.01,97.85,64.66
2007-10-09,0.0,35.29,23.23,99.01,55.88
2007-10-10,0.0,32.47,23.94,98.37,68.54
2007-10-11,1.61,30.45,23.62,99.35,82.73
2007-10-12,0.0,31.43,22.08,99.02,70.22
2007-10-13,0.0,34.59,23.84,96.48,57.14
2007-10-14,0.0,35.48,24.4,95.27,46.59
2007-10-15,0.0,37.07,24.38,94.58,42.13
2007-10-16,0.0,37.05,24.75,93.08,50.72
2007-10-17,0.0,35.14,24.47,95.18,59.43
2007-10-18,0.0,36.05,24.4,96.14,57.93
2007-10-19,0.0,34.81,24.13,94.82,57.36
2007-10-20,0.0,33.88,22.99,89.25,49.13
2007-10-21,0.0,33.67,22.42,94.7,55.11
2007-10-22,0.18,35.93,23.66,86.55,47.89
2007-10-23,0.0,33.82,23.54,100.0,58.34
2007-10-24,0.0,35.22,23.46,99.53,56.37
2007-10-25,0.0,36.11,23.83,99.86,53.26
2007-10-26,0.0,37.75,24.64,94.84,46.79
2007-10-27,0.0,37.19,24.73,90.17,44.48
2007-10-28,0.0,35.99,23.66,80.37,40.22
2007-10-29,0.0,35.03,23.74,87.97,51.26
2007-10-30,0.0,36.5,24.45,89.53,45.21
2007-10-31,0.0,38.32,25.26,83.25,38.35
2007-11-01,0.0,35.26,22.73,99.99,64.27
2007-11-02,0.0,34.69,22.11,98.84,58.01
2007-11-03,0.0,36.41,22.67,100.0,48.95
2007-11-04,0.0,35.72,22.22,99.93,52.74
2007-11-05,0.0,36.88,22.02,100.0,48.42
2007-11-06,0.0,37.08,22.25,99.42,43.61
2007-11-07,0.0,37.49,21.87,60.03,19.85
2007-11-08,0.0,35.76,19.0,51.77,21.09
2007-11-09,0.0,36.08,18.83,55.26,24.96
2007-11-10,0.0,35.55,19.05,53.95,24.78
2007-11-11,0.0,37.0,20.1,57.82,26.09
2007-11-12,0.0,35.87,21.85,71.77,34.79
2007-11-13,0.0,36.13,22.31,99.82,52.54
2007-11-14,0.0,38.14,22.48,81.46,22.3
2007-11-15,0.0,35.84,20.75,65.25,26.24
2007-11-16,0.0,35.2,20.05,85.77,41.27
2007-11-17,0.0,35.09,20.25,99.21,46.36
2007-11-18,0.0,35.45,20.6,99.71,44.65
2007-11-19,0.0,36.19,20.75,98.89,38.36
2007-11-20,0.0,38.31,21.99,89.27,29.79
2007-11-21,0.0,37.57,21.61,72.12,20.76
2007-11-22,0.0,36.15,18.97,49.72,17.91
2007-11-23,0.0,36.77,19.81,53.76,24.02
2007-11-24,0.0,36.83,19.97,67.8,30.64
2007-11-25,0.0,36.6,19.79,76.23,31.09
2007-11-26,0.0,34.97,19.65,60.47,29.9
2007-11-27,0.0,33.87,18.92,53.86,26.38
2007-11-28,0.0,33.56,18.04,56.05,27.24
2007-11-29,0.0,34.17,17.99,53.41,26.88
2007-11-30,0.0,32.91,19.88,56.07,29.4
2007-12-01,0.0,33.86,18.71,70.19,26.4
2007-12-02,0.0,36.88,19.6,52.76,26.08
2007-12-03,0.0,36.06,20.37,53.51,24.27
2007-12-04,0.0,33.75,18.45,44.77,22.4
2007-12-05,0.0,31.42,15.86,40.48,21.44
2007-12-06,0.0,32.19,14.8,47.48,24.14
2007-12-07,0.0,33.72,16.06,49.0,22.44
2007-12-08,0.0,34.72,17.01,51.6,27.17
2007-12-09,0.0,35.1,17.68,57.19,28.73
2007-12-10,0.0,36.26,17.93,62.81,28.99
2007-12-11,0.0,35.16,18.47,88.12,40.43
2007-12-12,0.0,36.78,18.75,89.62,34.86
2007-12-13,0.0,36.14,19.17,98.62,40.19
2007-12-14,0.0,37.27,19.59,91.25,24.18
2007-12-15,0.0,35.6,18.53,41.97,21.02
2007-12-16,0.0,34.4,18.3,38.89,20.76
2007-12-17,0.0,35.86,18.07,45.7,22.29
2007-12-18,0.0,36.59,17.79,54.1,21.49
2007-12-19,0.0,35.67,18.26,80.24,32.81
2007-12-20,0.0,32.33,17.8,73.97,35.52
2007-12-21,0.0,35.31,18.57,58.7,30.41
2007-12-22,0.0,36.08,18.45,57.21,29.44
2007-12-23,0.0,36.22,18.39,84.75,32.8
2007-12-24,0.0,36.23,18.21,79.1,26.67
2007-12-25,0.0,35.87,17.68,62.54,20.15
2007-12-26,0.0,35.09,16.85,44.54,22.03
2007-12-27,0.0,35.19,16.72,49.09,23.05
2007-12-28,0.0,34.74,16.47,53.0,23.29
2007-12-29,0.0,33.71,16.55,49.48,22.24
2007-12-30,0.0,30.9,15.95,49.49,27.2
2007-12-31,0.0,31.5,15.48,50.1,26.06
2008-01-01,0.0,30.01,14.87,46.14,25.68
2008-01-02,0.0,31.42,14.94,47.62,24.97
2008-01-03,0.0,32.72,15.58,45.7,22.56
2008-01-04,0.0,32.38,15.42,36.79,17.39
2008-01-05,0.0,30.81,14.79,38.17,18.99
2008-01-06,0.0,33.91,15.07,51.87,22.64
2008-01-07,0.0,31.11,15.3,45.15,21.18
2008-01-08,0.0,32.01,13.63,48.87,20.99
2008-01-09,0.0,32.4,14.21,46.21,19.93
2008-01-10,0.0,32.59,14.38,52.63,23.7
2008-01-11,0.0,34.28,15.79,60.36,26.79
2008-01-12,0.0,33.86,16.73,56.43,26.63
2008-01-13,0.0,35.69,17.25,53.21,24.79
2008-01-14,0.0,35.7,18.7,51.37,24.4
2008-01-15,0.0,35.33,19.39,45.4,23.68
2008-01-16,0.0,36.24,19.47,44.21,20.49
2008-01-17,0.0,34.07,17.93,36.72,21.4
2008-01-18,0.0,35.19,17.71,39.41,18.33
2008-01-19,0.0,35.65,16.68,38.87,17.56
2008-01-20,0.0,36.56,16.87,43.35,17.09
2008-01-21,0.0,36.61,16.9,40.82,19.39
2008-01-22,0.0,36.73,17.47,54.45,18.34
2008-01-23,0.0,36.15,17.61,76.85,18.29
2008-01-24,0.0,36.28,16.92,59.43,17.8
2008-01-25,0.0,36.52,18.21,44.1,17.08
2008-01-26,0.0,36.97,18.06,39.86,16.64
2008-01-27,0.0,36.71,17.12,40.89,15.25
2008-01-28,0.0,36.81,18.85,37.33,17.58
2008-01-29,0.0,37.07,18.8,38.21,17.02
2008-01-30,0.0,37.07,17.48,43.99,18.0
2008-01-31,0.0,36.65,17.83,43.45,17.66
2008-02-01,0.0,37.91,18.38,43.02,16.05
2008-02-02,0.0,37.59,19.32,36.32,15.04
2008-02-03,0.0,37.47,19.39,37.77,15.86
2008-02-04,0.0,37.65,18.96,36.71,16.5
2008-02-05,0.0,37.35,18.67,41.24,16.35
2008-02-06,0.0,38.29,18.91,66.57,17.58
2008-02-07,0.0,38.47,19.55,46.98,18.08
2008-02-08,0.0,37.62,19.1,65.74,26.97
2008-02-09,0.0,32.19,17.49,90.37,46.46
2008-02-10,0.0,31.51,16.76,93.08,40.83
2008-02-11,0.0,32.37,18.34,80.94,40.19
2008-02-12,0.0,32.85,18.69,79.09,38.8
2008-02-13,0.0,36.88,18.74,73.45,26.98
2008-02-14,0.0,35.94,18.88,81.32,33.54
2008-02-15,0.0,38.03,19.31,68.94,22.44
2008-02-16,0.0,35.31,19.04,80.95,36.79
2008-02-17,0.0,37.49,18.51,94.09,34.43
2008-02-18,0.0,40.49,20.32,77.02,19.23
2008-02-19,0.0,40.85,20.79,57.41,15.98
2008-02-20,0.0,39.02,19.98,84.81,29.11
2008-02-21,0.0,37.07,19.12,99.98,36.47
2008-02-22,0.0,37.35,18.6,99.58,31.01
2008-02-23,0.0,38.75,19.3,72.54,19.45
2008-02-24,0.0,38.12,19.11,66.41,23.38
2008-02-25,0.0,35.99,18.17,82.9,34.26
2008-02-26,0.0,36.84,18.14,85.09,29.19
2008-02-27,0.0,37.42,18.52,62.82,27.18
2008-02-28,0.0,38.73,19.23,67.9,26.76
2008-02-29,0.0,40.05,18.75,80.28,20.71
2008-03-01,0.0,40.54,19.78,79.41,18.46
2008-03-02,0.0,40.55,20.52,59.49,14.7
2008-03-03,0.0,38.38,19.77,77.37,32.39
2008-03-04,0.0,38.96,20.01,89.77,27.94
2008-03-05,0.0,37.28,19.79,78.53,28.75
2008-03-06,0.0,36.93,19.09,96.76,33.56
2008-03-07,0.0,40.74,20.28,84.19,19.95
2008-03-08,0.0,41.44,21.16,70.21,18.78
2008-03-09,0.0,40.98,20.71,75.1,21.34
2008-03-10,0.0,38.82,20.38,68.7,28.25
2008-03-11,0.0,36.79,18.97,78.77,33.92
2008-03-12,0.0,35.17,18.38,91.96,44.45
2008-03-13,0.0,33.15,19.24,99.67,55.62
2008-03-14,0.0,32.23,19.72,98.7,61.55
2008-03-15,0.0,36.26,20.36,99.63,52.27
2008-03-16,0.0,37.71,20.31,97.34,42.97
2008-03-17,0.0,38.48,20.12,98.63,41.28
2008-03-18,0.0,37.82,20.92,99.85,49.35
2008-03-19,0.0,37.05,20.84,99.61,49.13
2008-03-20,0.0,36.77,20.19,99.1,40.9
2008-03-21,0.0,36.52,18.82,90.57,35.22
2008-03-22,0.0,36.84,18.4,81.75,29.08
2008-03-23,0.0,35.26,18.35,94.59,33.67
2008-03-24,0.0,35.1,18.23,93.24,33.6
2008-03-25,0.0,35.37,18.47,87.44,32.89
2008-03-26,0.0,34.76,18.83,91.28,41.54
2008-03-27,0.0,38.15,20.03,81.17,33.38
2008-03-28,0.0,36.2,19.82,94.27,43.56
2008-03-29,0.0,38.52,20.68,86.93,38.86
2008-03-30,0.0,38.3,20.88,94.46,44.31
2008-03-31,0.0,35.86,20.43,99.66,55.87
2008-04-01,0.0,38.56,20.8,99.41,39.73
2008-04-02,0.0,36.25,20.95,98.07,48.98
2008-04-03,0.0,35.05,20.81,99.72,59.22
2008-04-04,0.0,36.9,20.94,99.35,49.27
2008-04-05,0.0,36.38,20.57,98.78,48.28
2008-04-06,0.0,36.3,20.08,99.21,43.39
2008-04-07,0.0,36.32,20.12,98.59,36.19
2008-04-08,0.0,40.99,20.19,89.68,21.51
2008-04-09,0.0,39.87,20.15,88.56,24.55
2008-04-10,0.0,41.15,20.28,89.79,20.44
2008-04-11,0.0,40.07,20.26,92.2,23.65
2008-04-12,0.0,37.15,19.96,98.8,40.88
2008-04-13,0.0,35.1,19.85,98.73,50.64
2008-04-14,0.0,38.79,20.39,92.73,30.74
2008-04-15,0.0,37.43,19.69,89.4,31.45
2008-04-16,0.0,36.72,19.01,95.33,34.45
2008-04-17,0.0,34.38,19.2,98.79,46.33
2008-04-18,0.0,34.67,19.01,100.0,42.66
2008-04-19,0.0,36.4,20.23,94.19,39.55
2008-04-20,0.0,37.0,20.13,96.73,42.88
2008-04-21,0.0,37.31,20.79,90.87,42.12
2008-04-22,0.0,37.75,20.63,95.21,37.4
2008-04-23,0.0,39.28,21.25,85.56,32.61
2008-04-24,0.0,37.06,21.4,84.35,37.91
2008-04-25,0.0,36.6,20.39,99.82,42.4
2008-04-26,0.0,35.27,20.68,99.77,53.16
2008-04-27,0.0,37.88,21.38,99.23,40.19
2008-04-28,0.0,37.58,21.11,95.94,37.43
2008-04-29,0.0,37.41,21.1,93.2,37.09
2008-04-30,0.0,36.62,20.04,99.42,39.37
2008-05-01,0.0,34.96,20.33,99.36,40.81
2008-05-02,0.0,37.39,20.63,99.63,31.44
2008-05-03,0.0,38.15,21.85,88.6,28.05
2008-05-04,0.0,42.24,22.46,75.63,23.47
2008-05-05,0.0,36.2,22.55,98.41,50.09
2008-05-06,0.0,36.36,22.53,98.97,51.51
2008-05-07,0.0,36.05,22.98,98.83,52.13
2008-05-08,0.0,34.85,21.48,97.37,46.89
2008-05-09,0.0,35.66,20.73,91.06,36.89
2008-05-10,0.0,37.21,21.49,96.5,35.91
2008-05-11,0.0,38.88,21.72,94.8,30.44
2008-05-12,0.0,39.23,21.44,77.82,24.63
2008-05-13,0.0,36.86,21.73,93.86,37.14
2008-05-14,0.0,35.39,22.37,97.3,46.68
2008-05-15,0.0,35.13,22.03,95.71,44.25
2008-05-16,0.0,36.63,21.98,99.77,35.8
2008-05-17,0.0,37.86,22.17,73.5,25.16
2008-05-18,0.0,38.0,21.85,79.1,31.91
2008-05-19,0.0,37.0,21.31,92.43,39.0
2008-05-20,0.0,34.9,23.07,97.11,50.27
2008-05-21,0.04,36.49,22.85,97.47,49.03
2008-05-22,0.23,36.8,23.41,97.45,50.22
2008-05-23,0.0,35.09,22.96,98.86,53.05
2008-05-24,0.0,38.63,22.33,100.0,31.92
2008-05-25,0.0,37.73,21.97,94.42,29.2
2008-05-26,0.0,35.04,21.63,96.29,39.37
2008-05-27,0.0,35.78,22.21,94.0,39.86
2008-05-28,0.0,39.01,22.48,95.3,33.18
2008-05-29,0.0,39.26,23.19,98.15,29.24
2008-05-30,0.0,37.69,23.01,99.28,46.03
2008-05-31,0.39,31.24,23.68,96.42,80.51
2008-06-01,7.91,32.06,23.63,97.15,65.7
2008-06-02,0.0,34.01,23.26,98.16,54.51
2008-06-03,0.0,37.83,24.31,89.21,39.44
2008-06-04,0.0,36.75,24.31,92.04,44.96
2008-06-05,5.14,35.7,25.29,93.84,53.92
2008-06-06,0.0,35.38,24.1,98.09,54.85
2008-06-07,0.0,33.72,23.63,98.49,53.94
2008-06-08,0.0,34.6,23.29,87.6,45.87
2008-06-09,0.0,35.19,23.49,91.76,50.33
2008-06-10,0.0,38.14,24.24,89.44,34.37
2008-06-11,1.11,38.74,24.24,80.18,29.12
2008-06-12,4.82,32.97,24.59,96.7,63.25
2008-06-13,0.52,34.55,24.51,97.85,57.34
2008-06-14,0.0,36.84,24.68,97.96,47.58
2008-06-15,0.58,35.79,24.88,95.67,55.05
2008-06-16,0.0,34.42,24.65,97.47,56.62
2008-06-17,0.0,34.76,24.69,97.74,50.61
2008-06-18,0.0,36.84,23.45,90.57,38.52
2008-06-19,0.75,35.69,24.84,92.47,53.21
2008-06-20,7.28,34.11,25.35,96.94,63.39
2008-06-21,0.0,33.79,23.53,98.21,59.87
2008-06-22,0.0,35.15,25.24,91.76,56.91
2008-06-23,0.0,34.19,25.45,97.88,64.65
2008-06-24,0.0,30.15,24.56,98.23,82.56
2008-06-25,0.0,31.3,23.52,97.78,72.32
2008-06-26,0.0,33.0,23.9,98.62,64.44
2008-06-27,23.13,33.0,24.35,99.18,63.64
2008-06-28,41.12,27.45,23.21,99.5,93.16
2008-06-29,17.33,30.66,23.5,99.25,79.96
2008-06-30,24.61,30.95,23.43,99.2,78.24
2008-07-01,3.8,31.0,23.43,99.62,73.58
2008-07-02,5.89,29.82,23.81,99.32,77.32
2008-07-03,14.7,32.43,23.91,99.54,69.41
2008-07-04,2.8,31.06,24.11,98.81,74.11
2008-07-05,0.0,31.89,23.8,99.12,71.49
2008-07-06,0.0,30.54,24.4,97.32,70.2
2008-07-07,27.81,30.98,24.09,96.88,70.08
2008-07-08,0.0,31.4,23.31,99.23,72.36
2008-07-09,24.6,32.83,24.03,98.38,69.05
2008-07-10,14.71,32.54,23.56,99.93,70.09
2008-07-11,10.37,32.01,23.97,97.55,72.01
2008-07-12,10.02,31.16,24.43,96.86,73.87
2008-07-13,4.27,30.36,23.86,100.0,80.8
2008-07-14,4.99,31.83,24.18,95.88,73.13
2008-07-15,0.18,32.08,24.61,99.04,70.53
2008-07-16,0.84,31.26,24.94,94.44,72.92
2008-07-17,5.5,31.5,25.4,88.74,69.75
2008-07-18,9.13,30.06,23.93,98.1,78.29
2008-07-19,6.85,28.36,23.16,99.32,85.73
2008-07-20,18.47,28.43,23.55,99.61,87.97
2008-07-21,65.07,29.73,23.72,99.38,81.81
2008-07-22,7.44,30.28,23.35,99.14,76.99
2008-07-23,0.0,31.39,24.07,99.1,72.11
2008-07-24,0.0,32.11,24.22,98.66,73.45
2008-07-25,2.78,30.26,24.67,99.1,79.44
2008-07-26,9.58,29.59,23.89,99.14,82.25
2008-07-27,3.51,31.34,24.69,99.24,72.94
2008-07-28,8.35,31.29,24.02,98.62,71.42
2008-07-29,25.14,29.55,23.8,99.51,82.46
2008-07-30,26.01,28.14,23.25,99.37,85.0
2008-07-31,11.86,31.02,23.67,99.64,72.68
2008-08-01,0.0,32.77,23.87,97.65,70.16
2008-08-02,0.0,32.41,24.57,96.49,70.7
2008-08-03,6.72,31.59,24.96,96.0,74.91
2008-08-04,0.0,30.18,23.36,98.16,75.37
2008-08-05,18.98,30.86,23.75,99.01,74.99
2008-08-06,6.69,30.61,23.41,99.3,78.13
2008-08-07,1.53,31.49,23.61,98.01,73.37
2008-08-08,15.54,32.05,23.39,97.74,72.34
2008-08-09,30.6,31.5,23.95,98.2,75.17
2008-08-10,0.4,30.47,23.6,98.5,80.18
2008-08-11,1.28,31.33,23.74,97.65,71.56
2008-08-12,1.55,30.09,24.08,98.34,81.85
2008-08-13,1.12,32.68,24.52,99.46,72.13
2008-08-14,15.04,31.68,24.17,99.02,71.56
2008-08-15,5.08,28.7,23.15,99.89,81.8
2008-08-16,22.54,28.37,23.25,99.45,86.71
2008-08-17,3.89,29.91,23.08,99.48,80.31
2008-08-18,2.14,30.53,23.98,99.29,79.83
2008-08-19,14.39,30.87,24.21,98.91,80.12
2008-08-20,20.33,30.54,23.72,99.72,76.53
2008-08-21,27.47,28.75,23.37,99.54,81.65
2008-08-22,0.52,32.04,23.75,97.11,67.62
2008-08-23,2.03,31.15,24.46,96.88,74.93
2008-08-24,30.75,28.93,23.88,99.68,85.9
2008-08-25,23.26,28.85,23.17,99.62,83.04
2008-08-26,5.37,27.68,22.53,99.62,84.72
2008-08-27,8.49,29.7,23.17,99.41,81.92
2008-08-28,19.51,30.57,23.52,99.27,74.73
2008-08-29,7.6,30.74,23.19,99.44,75.55
2008-08-30,0.09,31.47,23.47,97.36,69.46
2008-08-31,30.65,30.68,24.28,95.34,74.41
2008-09-01,2.34,31.1,23.25,99.61,73.8
2008-09-02,22.5,32.15,23.54,98.33,71.3
2008-09-03,10.96,28.65,23.1,99.54,81.82
2008-09-04,0.0,31.35,22.9,99.05,73.97
2008-09-05,12.23,32.49,24.11,94.97,70.59
2008-09-06,1.06,32.9,23.02,99.65,69.35
2008-09-07,0.61,32.31,23.87,98.88,73.21
2008-09-08,12.18,32.74,23.98,94.61,70.04
2008-09-09,1.11,32.69,23.23,99.23,73.12
2008-09-10,0.32,33.16,24.1,99.41,68.1
2008-09-11,0.0,32.7,24.38,95.4,71.34
2008-09-12,1.31,33.18,24.67,99.18,69.75
2008-09-13,9.46,30.91,24.3,96.28,75.81
2008-09-14,0.0,30.9,23.8,99.17,77.85
2008-09-15,5.51,32.13,24.55,96.49,74.94
2008-09-16,7.84,31.7,24.0,98.03,75.5
2008-09-17,6.14,29.88,23.72,99.41,81.6
2008-09-18,3.9,30.91,23.66,99.78,78.54
2008-09-19,14.06,32.9,23.62,97.05,67.54
2008-09-20,13.03,33.21,23.52,98.46,66.49
2008-09-21,0.72,31.1,23.39,99.73,77.47
2008-09-22,7.89,31.4,23.64,98.0,76.82
2008-09-23,1.35,33.69,24.04,96.46,68.7
2008-09-24,16.0,32.62,23.96,95.65,73.37
2008-09-25,13.42,32.91,23.5,98.12,69.8
2008-09-26,17.4,30.61,23.74,99.64,79.5
2008-09-27,15.27,32.58,23.37,98.45,69.84
2008-09-28,5.94,33.41,23.29,99.05,65.65
2008-09-29,2.32,33.17,23.99,98.05,71.65
2008-09-30,5.49,31.39,23.5,99.02,76.88
2008-10-01,0.0,32.91,23.87,99.43,75.74
2008-10-02,0.35,32.02,23.44,99.31,78.12
2008-10-03,15.2,30.9,23.32,99.27,82.16
2008-10-04,30.85,32.09,23.03,99.44,76.13
2008-10-05,0.0,32.88,22.72,99.14,76.07
2008-10-06,6.94,34.23,24.57,99.14,69.82
2008-10-07,0.0,33.7,23.35,99.17,72.01
2008-10-08,0.95,32.68,23.9,98.98,77.95
2008-10-09,0.0,33.18,23.45,99.33,73.47
2008-10-10,0.0,32.01,24.05,98.93,73.98
2008-10-11,0.0,32.5,23.38,98.96,67.49
2008-10-12,0.0,33.04,22.75,98.08,54.58
2008-10-13,3.21,33.48,23.48,92.87,61.95
2008-10-14,5.74,33.68,24.0,99.15,70.52
2008-10-15,12.65,33.28,23.09,98.93,72.69
2008-10-16,0.0,32.29,22.98,99.05,71.14
2008-10-17,0.0,33.96,23.79,99.98,66.28
2008-10-18,0.0,33.74,24.83,99.34,68.51
2008-10-19,0.0,34.34,24.76,98.78,63.13
2008-10-20,23.77,30.87,23.61,99.72,83.26
2008-10-21,11.0,31.29,22.52,99.4,75.88
2008-10-22,0.15,31.39,22.96,99.39,75.2
2008-10-23,0.0,33.02,23.5,99.45,71.21
2008-10-24,0.36,34.19,23.86,99.99,60.34
2008-10-25,1.68,33.68,24.35,99.77,70.12
2008-10-26,0.06,33.43,24.03,99.84,57.42
2008-10-27,0.0,33.08,21.35,84.28,47.62
2008-10-28,0.0,33.39,21.98,90.78,52.42
2008-10-29,0.0,33.77,22.86,93.45,59.47
2008-10-30,0.0,34.48,22.93,99.4,56.96
2008-10-31,0.0,35.16,23.02,90.92,33.84
2008-11-01,0.0,36.16,21.05,89.58,39.18
2008-11-02,0.0,35.13,21.52,87.45,41.42
2008-11-03,0.0,36.32,21.26,89.7,43.5
2008-11-04,0.0,37.42,21.17,93.99,41.18
2008-11-05,0.0,36.92,21.77,99.94,43.7
2008-11-06,0.0,37.5,21.36,99.67,34.63
2008-11-07,0.0,36.85,21.17,99.17,44.65
2008-11-08,0.0,36.24,21.29,99.99,48.24
2008-11-09,0.0,35.32,21.25,99.93,53.44
2008-11-10,0.0,35.47,21.44,100.0,54.68
2008-11-11,0.0,34.28,20.65,100.0,54.51
2008-11-12,0.0,34.67,20.33,99.8,35.89
2008-11-13,0.0,37.2,20.39,89.37,28.35
2008-11-14,0.0,37.48,21.52,71.42,29.72
2008-11-15,0.0,36.17,21.49,100.0,37.63
2008-11-16,0.0,36.9,21.32,97.11,35.8
2008-11-17,0.0,37.73,22.32,82.49,30.2
2008-11-18,0.0,37.84,22.24,91.25,32.36
2008-11-19,0.0,36.72,21.82,92.49,36.98
2008-11-20,0.0,35.48,21.66,100.0,39.3
2008-11-21,0.0,35.57,20.98,82.1,35.56
2008-11-22,0.0,35.64,21.04,83.74,31.14
2008-11-23,0.0,34.7,21.47,78.9,34.34
2008-11-24,0.0,37.27,22.13,62.27,27.87
2008-11-25,0.0,37.04,20.63,60.54,26.87
2008-11-26,0.0,37.27,21.19,66.05,29.41
2008-11-27,0.0,37.24,21.05,79.45,33.89
2008-11-28,0.0,36.45,21.07,65.62,32.56
2008-11-29,0.0,36.3,20.67,64.78,33.56
2008-11-30,0.0,34.77,19.48,68.52,32.55
2008-12-01,0.0,35.68,18.69,82.86,33.5
2008-12-02,0.0,37.22,19.18,96.25,30.82
2008-12-03,0.0,36.93,19.62,76.87,29.89
2008-12-04,0.0,33.21,17.25,55.47,28.06
2008-12-05,0.0,32.16,16.41,50.15,24.84
2008-12-06,0.0,32.07,15.44,44.49,22.91
2008-12-07,0.0,33.67,15.31,48.41,25.88
2008-12-08,0.0,35.15,17.2,54.54,26.29
2008-12-09,0.0,33.7,17.9,47.77,24.76
2008-12-10,0.0,33.23,18.36,55.17,24.13
2008-12-11,0.0,35.2,18.19,43.9,20.6
2008-12-12,0.0,35.49,18.51,53.0,23.63
2008-12-13,0.0,33.62,17.03,57.18,27.31
2008-12-14,0.0,33.32,16.87,54.16,26.07
2008-12-15,0.0,31.83,16.67,53.46,21.14
2008-12-16,0.0,31.95,16.64,51.47,23.69
2008-12-17,0.0,33.14,17.19,69.29,30.0
2008-12-18,0.0,32.59,17.87,56.26,32.4
2008-12-19,0.0,33.3,18.42,65.85,32.74
2008-12-20,0.0,33.96,17.64,78.83,33.51
2008-12-21,0.0,36.55,19.64,53.29,25.02
2008-12-22,0.0,36.92,19.34,59.83,21.4
2008-12-23,0.0,36.61,18.62,59.19,22.98
2008-12-24,0.0,36.6,18.66,51.06,22.63
2008-12-25,0.0,33.55,18.01,74.8,25.84
2008-12-26,0.0,32.41,17.55,66.5,34.25
2008-12-27,0.0,33.52,17.49,78.88,35.08
2008-12-28,0.0,34.77,17.94,67.43,28.69
2008-12-29,0.0,37.73,18.53,51.63,22.3
2008-12-30,0.0,36.9,18.6,85.75,29.59
2008-12-31,0.0,38.22,18.02,76.23,19.44
2009-01-01,0.0,36.49,18.99,45.08,21.07
2009-01-02,0.0,38.22,19.12,44.22,18.73
2009-01-03,0.0,37.73,18.54,44.65,18.73
2009-01-04,0.0,36.86,18.24,46.84,17.97
2009-01-05,0.0,36.75,17.6,45.12,17.16
2009-01-06,0.01,35.66,17.85,45.72,21.82
2009-01-07,0.0,31.79,16.3,51.98,25.56
2009-01-08,0.0,30.83,14.36,62.44,26.27
2009-01-09,0.0,31.72,14.13,52.74,24.76
2009-01-10,0.0,32.14,15.47,47.47,22.45
2009-01-11,0.0,30.66,15.15,49.9,23.16
2009-01-12,0.0,31.79,15.51,71.29,28.08
2009-01-13,0.0,31.2,14.25,53.49,25.38
2009-01-14,0.0,31.3,16.1,47.86,26.53
2009-01-15,0.0,30.94,16.95,48.08,27.03
2009-01-16,0.0,31.57,16.23,44.59,20.44
2009-01-17,0.0,30.21,15.36,53.99,22.8
2009-01-18,0.0,29.59,12.97,56.64,25.41
2009-01-19,0.0,31.24,13.82,60.05,21.58
2009-01-20,0.0,31.55,13.13,45.17,16.44
2009-01-21,0.0,32.18,13.05,47.5,21.3
2009-01-22,0.0,31.3,14.94,60.78,23.96
2009-01-23,0.0,32.36,14.57,36.77,15.21
2009-01-24,0.0,29.22,14.61,25.23,13.95
2009-01-25,0.0,32.03,16.82,32.39,15.65
2009-01-26,0.0,33.18,16.38,50.1,20.75
2009-01-27,0.0,34.75,16.58,57.49,29.63
2009-01-28,0.0,34.27,16.86,63.6,30.82
2009-01-29,0.0,33.12,16.04,69.75,32.25
2009-01-30,0.0,35.17,16.71,83.06,32.23
2009-01-31,0.0,36.49,18.21,62.62,20.76
2009-02-01,0.0,34.68,18.21,45.53,19.85
2009-02-02,0.0,31.85,16.41,66.84,32.71
2009-02-03,0.0,31.28,15.12,84.16,38.85
2009-02-04,0.0,31.69,16.37,92.41,42.98
2009-02-05,0.0,31.85,16.3,86.66,36.43
2009-02-06,0.0,31.15,17.36,81.88,40.23
2009-02-07,0.0,33.69,16.58,75.62,24.63
2009-02-08,0.0,34.6,17.45,42.68,20.95
2009-02-09,0.0,36.1,17.82,42.6,18.4
2009-02-10,0.0,38.17,18.66,39.64,16.55
2009-02-11,0.0,38.49,18.48,39.44,14.61
2009-02-12,0.0,38.85,17.98,56.57,14.54
2009-02-13,0.0,37.22,17.39,67.8,20.5
2009-02-14,0.0,32.38,16.68,83.08,42.18
2009-02-15,0.0,31.54,15.43,94.67,40.12
2009-02-16,0.0,30.74,15.1,76.83,39.0
2009-02-17,0.0,32.04,14.95,85.86,35.95
2009-02-18,0.0,33.19,16.21,82.62,35.02
2009-02-19,0.0,34.85,17.72,80.05,21.03
2009-02-20,0.0,36.49,18.76,48.05,19.76
2009-02-21,0.0,33.9,18.25,54.27,24.85
2009-02-22,0.0,37.8,19.2,53.97,24.58
2009-02-23,0.0,39.16,19.19,69.42,28.69
2009-02-24,0.0,33.71,17.8,82.85,41.64
2009-02-25,0.0,30.8,16.61,93.31,50.41
2009-02-26,0.0,32.03,17.28,82.3,35.98
2009-02-27,0.0,30.17,17.53,73.72,42.39
2009-02-28,0.0,33.25,18.3,66.7,33.19
2009-03-01,0.0,36.19,19.75,53.74,26.75
2009-03-02,0.0,38.14,19.94,52.49,21.41
2009-03-03,0.0,36.02,18.45,66.48,23.94
2009-03-04,0.0,38.12,20.07,47.43,18.48
2009-03-05,0.0,38.28,22.16,35.14,16.72
2009-03-06,0.0,38.07,20.07,41.12,17.99
2009-03-07,0.0,36.78,19.47,46.43,17.31
2009-03-08,0.0,38.99,20.21,56.39,21.29
2009-03-09,0.0,33.99,18.57,82.27,40.8
2009-03-10,0.0,30.57,16.52,92.5,48.98
2009-03-11,0.0,29.55,17.63,80.43,46.81
2009-03-12,0.0,29.63,16.98,86.04,42.77
2009-03-13,0.0,32.2,17.31,89.9,41.02
2009-03-14,0.0,32.13,17.28,97.61,49.44
2009-03-15,0.0,31.24,17.42,98.7,55.36
2009-03-16,0.0,33.18,17.74,97.05,51.05
2009-03-17,0.0,33.4,17.62,95.15,43.84
2009-03-18,0.0,33.68,17.72,86.28,42.41
2009-03-19,0.0,33.98,17.51,86.9,41.01
2009-03-20,0.0,35.13,17.66,95.29,39.78
2009-03-21,0.0,36.28,18.64,93.49,35.87
2009-03-22,0.0,36.6,18.92,87.67,36.8
2009-03-23,0.0,37.39,19.25,82.37,31.01
2009-03-24,0.0,36.28,18.97,74.49,32.84
2009-03-25,0.0,36.0,18.7,80.82,31.37
2009-03-26,0.0,35.75,19.35,75.45,35.81
2009-03-27,0.0,36.43,18.82,84.93,36.12
2009-03-28,0.0,34.93,18.82,75.4,29.64
2009-03-29,0.0,34.21,18.53,76.36,37.63
2009-03-30,0.0,36.83,18.79,77.32,30.65
2009-03-31,0.0,36.69,18.93,71.96,29.45
2009-04-01,0.0,35.91,18.66,80.07,30.38
2009-04-02,0.0,37.82,19.9,73.31,26.86
2009-04-03,0.0,40.31,19.91,67.5,19.08
2009-04-04,0.0,39.47,20.45,56.4,19.71
2009-04-05,0.0,37.86,19.82,70.22,25.22
2009-04-06,0.0,36.82,18.82,82.0,33.05
2009-04-07,0.0,35.23,18.36,88.96,34.79
2009-04-08,0.0,34.65,18.38,86.98,40.35
2009-04-09,0.0,33.53,18.04,85.66,39.53
2009-04-10,0.0,34.41,18.31,79.69,34.77
2009-04-11,0.0,36.86,18.86,85.2,31.31
2009-04-12,0.0,35.73,19.18,76.3,32.56
2009-04-13,0.0,33.79,17.98,87.9,42.24
2009-04-14,0.0,34.22,17.57,95.51,39.32
2009-04-15,0.0,33.32,17.7,94.75,38.22
2009-04-16,0.0,35.48,18.27,88.95,35.23
2009-04-17,0.0,37.06,19.6,73.02,27.2
2009-04-18,0.0,41.25,20.43,65.33,17.65
2009-04-19,0.0,40.97,21.43,51.45,17.08
2009-04-20,0.0,38.64,20.22,74.11,24.96
2009-04-21,0.0,37.45,19.95,80.5,31.39
2009-04-22,0.0,37.99,20.26,75.4,31.32
2009-04-23,0.0,37.42,20.09,79.37,33.2
2009-04-24,0.0,37.05,19.51,96.81,36.65
2009-04-25,0.0,36.25,20.16,89.24,40.9
2009-04-26,0.0,36.83,20.17,95.77,38.21
2009-04-27,0.0,37.02,20.09,87.18,35.05
2009-04-28,0.0,40.65,20.48,76.39,23.22
2009-04-29,0.0,41.63,20.48,90.53,22.05
2009-04-30,0.0,36.16,20.93,88.24,41.8
2009-05-01,0.0,35.76,21.08,98.75,41.9
2009-05-02,0.0,34.3,20.58,98.54,44.18
2009-05-03,0.0,37.53,20.45,93.95,31.74
2009-05-04,0.0,40.03,20.75,87.46,24.36
2009-05-05,0.0,38.51,21.02,92.87,24.38
2009-05-06,0.0,33.66,20.19,95.43,46.28
2009-05-07,0.0,31.0,19.58,98.62,54.55
2009-05-08,0.0,33.5,20.84,91.24,45.81
2009-05-09,0.0,34.76,19.71,99.99,40.72
2009-05-10,0.0,35.79,20.15,95.46,36.08
2009-05-11,0.0,35.24,19.48,91.63,35.48
2009-05-12,0.0,32.61,20.46,97.21,48.93
2009-05-13,0.0,33.81,21.26,92.54,47.42
2009-05-14,0.0,36.06,22.07,96.83,50.31
2009-05-15,0.0,34.82,22.23,95.04,49.19
2009-05-16,0.0,37.26,22.05,93.79,40.83
2009-05-17,0.0,38.88,23.16,80.01,26.85
2009-05-18,0.0,38.26,22.81,77.48,30.67
2009-05-19,0.0,35.41,21.19,96.17,43.61
2009-05-20,0.0,34.38,21.45,99.73,49.84
2009-05-21,0.0,35.55,22.47,99.78,45.29
2009-05-22,0.0,38.14,21.3,99.47,35.47
2009-05-23,0.0,35.65,21.88,97.77,50.53
2009-05-24,0.0,34.7,22.14,98.38,51.43
2009-05-25,0.0,34.47,22.0,99.36,49.52
2009-05-26,0.0,36.11,21.85,99.77,44.55
2009-05-27,0.0,35.54,22.37,95.72,47.57
2009-05-28,0.0,34.36,22.47,99.32,51.13
2009-05-29,0.0,34.47,22.77,96.31,48.48
2009-05-30,0.0,34.63,21.01,98.41,42.87
2009-05-31,0.0,34.44,20.96,99.74,46.84
2009-06-01,0.0,36.99,23.28,79.33,35.83
2009-06-02,0.0,36.57,23.08,83.96,41.4
2009-06-03,0.0,36.49,24.09,89.65,43.72
2009-06-04,0.0,35.02,24.13,95.0,50.98
2009-06-05,0.0,34.92,23.9,95.74,53.37
2009-06-06,0.0,34.58,23.92,86.44,49.27
2009-06-07,0.0,34.85,23.69,88.3,49.7
2009-06-08,0.0,35.55,24.02,88.74,44.19
2009-06-09,0.0,33.5,23.09,89.22,46.74
2009-06-10,0.0,35.37,23.96,90.71,49.5
2009-06-11,0.0,36.27,24.95,91.24,46.97
2009-06-12,0.0,35.21,24.38,94.11,50.32
2009-06-13,0.48,36.56,24.06,83.82,41.41
2009-06-14,0.12,34.04,24.28,89.63,58.77
2009-06-15,0.38,35.38,23.63,98.31,51.83
2009-06-16,1.0,34.93,23.97,90.51,51.09
2009-06-17,4.74,34.96,24.49,96.03,55.58
2009-06-18,21.9,32.63,23.58,98.55,64.72
2009-06-19,0.0,34.03,23.19,99.61,55.15
2009-06-20,0.15,34.52,24.81,85.87,54.2
2009-06-21,0.0,34.4,24.93,92.59,53.4
2009-06-22,0.0,34.46,25.04,95.79,60.43
2009-06-23,7.97,34.53,24.91,98.6,58.13
2009-06-24,0.0,31.95,24.13,98.79,75.96
2009-06-25,3.87,31.73,23.12,98.49,62.37
2009-06-26,0.03,35.11,24.13,98.92,53.87
2009-06-27,0.06,33.71,24.89,90.75,58.19
2009-06-28,0.0,33.01,24.72,93.44,59.47
2009-06-29,0.0,35.13,24.44,97.46,52.55
2009-06-30,0.0,33.08,24.7,97.43,69.06
2009-07-01,19.72,35.68,24.32,91.38,54.59
2009-07-02,0.0,32.18,24.17,99.89,67.08
2009-07-03,0.0,31.65,24.81,98.33,73.69
2009-07-04,1.56,32.56,24.5,98.81,73.04
2009-07-05,8.51,30.06,23.99,98.71,78.5
2009-07-06,0.0,32.02,24.21,95.8,69.98
2009-07-07,0.16,32.27,23.82,93.32,67.01
2009-07-08,1.05,33.4,24.46,94.8,60.41
2009-07-09,13.55,30.89,24.21,98.68,76.5
2009-07-10,0.0,32.6,23.94,98.28,69.23
2009-07-11,0.09,33.23,24.85,94.22,65.35
2009-07-12,14.79,35.51,25.34,88.95,56.11
2009-07-13,9.73,31.5,24.29,99.88,71.8
2009-07-14,31.62,32.94,24.52,99.5,70.69
2009-07-15,0.0,31.18,23.78,99.5,73.84
2009-07-16,4.42,30.59,24.15,99.12,77.12
2009-07-17,0.0,31.96,24.53,95.18,69.89
2009-07-18,0.0,32.29,24.84,98.62,71.15
2009-07-19,4.19,31.34,25.19,98.9,74.34
2009-07-20,2.46,29.23,24.14,99.21,85.38
2009-07-21,16.04,28.22,23.61,99.33,87.82
2009-07-22,5.24,31.22,23.75,99.46,76.78
2009-07-23,0.47,32.43,24.8,98.91,73.39
2009-07-24,11.08,32.51,24.77,97.72,70.11
2009-07-25,0.45,32.0,25.35,96.42,72.06
2009-07-26,13.84,31.49,24.94,98.87,76.58
2009-07-27,10.2,29.3,23.69,99.34,84.17
2009-07-28,30.99,30.09,23.68,99.36,77.36
2009-07-29,0.0,32.1,23.48,99.52,70.21
2009-07-30,7.5,30.22,24.02,99.49,80.07
2009-07-31,0.0,32.26,23.68,99.05,70.21
2009-08-01,0.07,33.14,24.92,92.43,68.61
2009-08-02,11.05,31.49,24.66,98.56,77.05
2009-08-03,6.71,31.95,23.83,98.94,71.09
2009-08-04,0.38,32.08,24.14,96.23,70.74
2009-08-05,57.11,32.29,24.69,98.38,71.53
2009-08-06,12.14,31.12,24.23,98.72,76.54
2009-08-07,21.9,31.62,24.01,99.17,73.33
2009-08-08,14.39,30.14,23.38,99.13,79.37
2009-08-09,2.53,31.11,23.57,98.95,74.81
2009-08-10,4.22,31.42,24.34,99.01,74.74
2009-08-11,6.89,30.53,24.07,99.43,79.9
2009-08-12,1.06,32.84,23.91,97.91,68.09
2009-08-13,0.47,31.3,23.48,98.34,76.46
2009-08-14,2.46,31.92,24.33,98.71,72.17
2009-08-15,35.63,30.57,23.55,99.16,79.79
2009-08-16,18.01,33.53,23.52,98.22,65.25
2009-08-17,0.0,31.3,24.09,98.97,81.75
2009-08-18,31.67,31.1,24.49,98.87,80.25
2009-08-19,8.65,32.24,23.49,98.6,67.6
2009-08-20,47.44,31.61,23.87,99.29,71.75
2009-08-21,31.97,31.42,23.98,98.96,76.35
2009-08-22,0.24,32.63,23.79,98.29,68.63
2009-08-23,6.89,30.36,23.97,98.43,79.54
2009-08-24,28.05,30.07,23.88,98.58,78.11
2009-08-25,36.67,30.44,23.92,99.3,79.85
2009-08-26,4.08,31.95,23.61,99.34,70.38
2009-08-27,28.97,33.25,24.63,97.65,67.14
2009-08-28,11.85,30.81,23.57,99.54,75.77
2009-08-29,0.04,30.07,23.49,99.28,78.58
2009-08-30,0.0,32.25,24.07,97.61,72.22
2009-08-31,40.1,30.85,24.05,97.93,75.63
2009-09-01,3.62,29.53,22.89,99.38,80.62
2009-09-02,40.08,32.06,23.81,98.16,73.86
2009-09-03,9.11,28.95,23.74,99.36,86.39
2009-09-04,0.0,31.06,23.2,98.78,75.66
2009-09-05,14.7,31.52,23.63,99.37,75.3
2009-09-06,30.02,28.02,23.76,99.47,89.9
2009-09-07,1.1,29.74,23.68,99.51,82.24
2009-09-08,23.83,28.41,22.9,99.61,85.23
2009-09-09,31.9,27.93,23.42,99.8,89.67
2009-09-10,13.4,32.6,23.61,99.41,69.22
2009-09-11,15.23,32.91,23.81,99.65,68.48
2009-09-12,0.0,30.59,23.35,96.61,77.0
2009-09-13,0.01,32.21,23.9,95.03,69.22
2009-09-14,1.23,30.35,24.55,92.3,77.54
2009-09-15,31.5,32.63,23.8,99.05,72.69
2009-09-16,18.43,31.67,23.61,99.32,73.57
2009-09-17,3.13,31.8,22.88,99.58,69.83
2009-09-18,10.65,31.39,23.45,98.9,74.01
2009-09-19,0.0,32.66,23.5,98.76,68.99
2009-09-20,0.0,33.11,24.52,95.74,71.38
2009-09-21,0.42,33.43,24.85,94.97,69.91
2009-09-22,9.12,31.86,24.25,98.47,72.97
2009-09-23,29.22,32.95,23.11,99.27,65.52
2009-09-24,17.05,33.49,24.36,98.17,68.62
2009-09-25,1.54,31.55,23.93,99.21,75.34
2009-09-26,0.0,33.68,24.05,98.75,68.03
2009-09-27,0.0,32.71,24.53,97.12,74.64
2009-09-28,0.0,34.21,24.98,98.68,68.43
2009-09-29,0.0,34.11,25.44,96.88,70.79
2009-09-30,10.03,33.23,24.44,97.86,70.3
2009-10-01,0.0,31.92,23.71,99.19,78.56
2009-10-02,0.0,33.46,24.0,99.28,71.73
2009-10-03,0.08,32.65,24.16,99.17,73.89
2009-10-04,0.0,34.12,24.64,99.26,72.83
2009-10-05,0.0,34.15,24.51,99.38,68.72
2009-10-06,0.0,33.22,23.9,99.39,73.0
2009-10-07,1.48,32.82,24.26,99.09,76.45
2009-10-08,0.0,33.36,23.88,98.99,71.26
2009-10-09,0.0,33.31,24.65,98.99,73.43
2009-10-10,0.0,33.3,24.42,98.29,72.82
2009-10-11,0.0,33.26,24.33,95.75,72.03
2009-10-12,0.0,34.37,23.96,98.18,65.79
2009-10-13,0.85,33.25,24.38,99.89,71.5
2009-10-14,0.0,31.49,23.82,99.36,81.73
2009-10-15,0.0,32.03,23.75,99.56,76.88
2009-10-16,0.0,33.83,23.62,100.0,55.91
2009-10-17,0.0,31.53,24.03,99.37,76.57
2009-10-18,17.95,32.68,22.87,98.84,72.51
2009-10-19,0.0,33.21,22.79,98.64,69.13
2009-10-20,0.0,33.9,23.29,99.96,56.68
2009-10-21,0.0,34.2,23.78,97.98,60.29
2009-10-22,0.0,33.76,23.76,99.97,62.68
2009-10-23,0.0,35.56,23.41,94.62,45.58
2009-10-24,0.05,33.14,24.44,99.91,60.07
2009-10-25,0.0,32.18,22.81,99.12,73.51
2009-10-26,0.04,31.88,23.61,98.78,74.35
2009-10-27,0.0,32.11,23.33,99.23,74.68
2009-10-28,0.0,33.39,23.81,99.41,71.67
2009-10-29,0.0,33.71,23.91,99.95,67.08
2009-10-30,0.0,33.43,23.86,99.85,38.41
2009-10-31,0.0,34.09,21.57,63.01,36.96
2009-11-01,0.0,35.57,21.29,76.12,41.11
2009-11-02,0.0,32.37,21.6,99.75,71.29
2009-11-03,0.0,30.92,20.96,99.01,79.67
2009-11-04,0.0,36.22,21.72,98.15,47.43
2009-11-05,0.0,38.02,22.38,86.21,39.95
2009-11-06,0.0,37.96,22.88,85.68,30.63
2009-11-07,0.0,36.05,21.28,68.52,35.72
2009-11-08,0.0,36.62,20.14,75.04,35.87
2009-11-09,0.0,36.32,20.98,93.59,40.77
2009-11-10,0.0,34.71,21.67,99.13,60.54
2009-11-11,0.0,34.46,22.09,99.13,61.84
2009-11-12,0.0,35.4,22.03,98.59,51.58
2009-11-13,0.0,36.74,21.71,98.54,37.15
2009-11-14,0.0,37.36,22.3,59.71,22.49
2009-11-15,0.0,35.24,19.89,54.16,21.13
2009-11-16,0.0,35.76,19.54,59.26,25.36
2009-11-17,0.0,33.05,20.49,61.03,29.07
2009-11-18,0.0,32.83,20.53,92.15,34.84
2009-11-19,0.0,35.6,20.88,73.22,35.75
2009-11-20,0.0,36.25,21.1,78.05,23.81
2009-11-21,0.0,35.45,19.57,53.95,23.65
2009-11-22,0.0,35.68,19.58,57.64,24.63
2009-11-23,0.0,34.53,19.07,52.41,22.2
2009-11-24,0.0,35.62,18.33,60.48,26.68
2009-11-25,0.0,36.22,19.62,60.38,26.12
2009-11-26,0.0,35.52,20.37,58.62,27.93
2009-11-27,0.0,35.65,20.38,58.89,24.07
2009-11-28,0.0,32.59,20.67,56.98,34.21
2009-11-29,0.0,33.51,19.82,62.24,32.53
2009-11-30,0.0,33.11,21.7,58.88,31.69
2009-12-01,0.0,33.95,20.36,63.4,35.47
2009-12-02,0.0,34.63,20.16,59.44,26.24
2009-12-03,0.0,36.35,19.81,50.04,23.98
2009-12-04,0.0,35.64,19.24,51.5,22.74
2009-12-05,0.0,34.88,18.29,51.95,24.99
2009-12-06,0.0,36.0,18.66,74.9,31.02
2009-12-07,0.0,34.8,19.61,55.86,25.33
2009-12-08,0.0,31.18,20.18,51.95,27.24
2009-12-09,0.0,32.59,19.02,68.34,39.58
2009-12-10,0.0,32.75,18.58,76.98,30.53
2009-12-11,0.0,32.09,18.51,44.81,21.46
2009-12-12,0.0,29.76,17.36,43.48,21.75
2009-12-13,0.0,31.35,15.31,52.32,20.65
2009-12-14,0.0,31.45,16.13,82.55,27.14
2009-12-15,0.0,32.22,16.91,92.74,41.27
2009-12-16,0.0,32.69,17.96,84.55,39.18
2009-12-17,0.0,36.39,19.28,76.83,31.12
2009-12-18,0.0,36.14,19.83,76.73,26.45
2009-12-19,0.0,36.44,19.8,56.39,25.01
2009-12-20,0.0,38.07,20.45,58.78,27.0
2009-12-21,0.0,35.42,19.9,82.14,37.12
2009-12-22,0.0,36.45,18.83,79.63,34.51
2009-12-23,0.0,35.86,18.75,73.64,30.25
2009-12-24,0.0,34.8,18.16,80.45,33.87
2009-12-25,0.0,32.82,17.58,87.59,37.91
2009-12-26,0.0,34.27,17.94,74.75,29.43
2009-12-27,0.0,35.42,18.58,54.57,19.61
2009-12-28,0.0,35.72,17.85,46.89,19.33
2009-12-29,0.0,36.22,17.65,52.58,22.27
2009-12-30,0.0,36.09,17.4,98.36,29.72
2009-12-31,0.0,35.29,17.96,94.77,29.29
2010-01-01,0.0,34.61,18.61,99.85,36.75
2010-01-02,0.0,35.47,18.83,99.95,60.43
2010-01-03,0.0,36.7,18.61,100.0,19.63
2010-01-04,0.0,37.02,18.58,44.33,17.02
2010-01-05,0.0,36.81,17.83,43.33,16.8
2010-01-06,0.0,36.38,17.56,48.0,18.59
2010-01-07,0.0,34.65,17.1,50.69,21.12
2010-01-08,0.0,34.56,17.94,57.64,25.29
2010-01-09,0.0,35.4,17.51,60.52,24.94
2010-01-10,0.0,35.18,18.82,58.55,29.89
2010-01-11,0.0,33.82,18.96,49.84,27.27
2010-01-12,0.0,35.06,18.52,43.1,20.41
2010-01-13,0.0,36.33,16.93,44.75,17.11
2010-01-14,0.0,35.44,16.72,43.22,17.31
2010-01-15,0.0,34.34,16.51,46.44,20.74
2010-01-16,0.0,37.66,16.42,53.71,17.5
2010-01-17,0.0,36.41,16.85,82.65,15.98
2010-01-18,0.0,35.13,16.62,40.55,12.47
2010-01-19,0.0,35.58,18.92,38.1,16.44
2010-01-20,0.0,35.73,17.0,57.14,18.89
2010-01-21,0.0,37.83,17.94,44.12,18.43
2010-01-22,0.0,36.35,18.21,45.15,20.71
2010-01-23,0.0,37.65,17.97,51.29,17.15
2010-01-24,0.0,37.96,18.17,41.25,14.26
2010-01-25,0.0,37.29,18.64,36.45,14.6
2010-01-26,0.0,34.97,16.25,45.15,20.33
2010-01-27,0.0,34.48,16.86,61.95,25.06
2010-01-28,0.0,32.69,17.03,73.6,28.37
2010-01-29,0.0,34.31,17.52,69.72,26.28
2010-01-30,0.0,37.31,19.55,59.77,21.15
2010-01-31,0.0,36.32,19.18,74.25,31.62
2010-02-01,0.0,35.22,19.69,85.18,39.92
2010-02-02,0.0,34.78,20.5,83.94,43.0
2010-02-03,0.0,36.06,19.53,83.45,30.47
2010-02-04,0.0,37.93,20.16,70.71,25.88
2010-02-05,0.0,38.85,20.76,61.97,26.09
2010-02-06,0.0,41.36,20.01,98.08,15.83
2010-02-07,0.0,40.55,21.82,37.46,14.67
2010-02-08,0.0,39.62,19.78,41.92,14.6
2010-02-09,0.0,38.94,19.59,50.92,18.09
2010-02-10,0.0,37.55,19.63,67.6,24.86
2010-02-11,0.0,38.4,19.19,60.55,21.83
2010-02-12,0.0,36.14,18.09,75.32,32.5
2010-02-13,0.0,32.16,16.99,91.36,45.17
2010-02-14,0.0,30.16,17.77,98.97,58.67
2010-02-15,0.0,31.95,17.8,98.41,49.69
2010-02-16,0.0,34.79,17.83,98.1,49.38
2010-02-17,0.0,34.51,18.28,96.88,48.84
2010-02-18,0.0,33.31,17.99,98.52,44.2
2010-02-19,0.0,34.3,18.53,96.7,39.01
2010-02-20,0.0,36.1,19.28,63.37,31.13
2010-02-21,0.0,36.08,19.38,70.14,29.24
2010-02-22,0.0,39.66,20.1,63.83,22.25
2010-02-23,0.0,42.16,21.25,53.65,20.11
2010-02-24,0.0,39.75,20.45,80.89,31.06
2010-02-25,0.0,42.16,21.21,70.53,18.65
2010-02-26,0.0,35.88,19.93,80.71,38.14
2010-02-27,0.0,34.78,19.77,97.34,51.46
2010-02-28,0.0,38.19,18.94,87.35,29.18
2010-03-01,0.0,37.73,20.89,85.49,38.42
2010-03-02,0.0,34.95,19.19,97.0,41.4
2010-03-03,0.0,36.77,19.26,78.37,31.68
2010-03-04,0.0,37.88,20.07,80.55,30.97
2010-03-05,0.0,36.59,19.93,79.02,35.05
2010-03-06,0.0,37.59,19.02,80.55,30.63
2010-03-07,0.0,38.7,19.42,64.18,23.83
2010-03-08,0.0,39.58,20.36,66.17,26.65
2010-03-09,0.0,40.89,20.93,68.08,21.54
2010-03-10,0.0,41.22,20.97,60.36,20.27
2010-03-11,0.0,40.97,21.16,60.73,26.87
2010-03-12,0.0,38.8,20.83,88.41,29.74
2010-03-13,0.0,41.73,21.49,66.34,16.03
2010-03-14,0.0,40.91,21.7,54.87,21.11
2010-03-15,0.0,38.96,19.5,66.1,24.61
2010-03-16,0.0,38.23,19.16,93.35,30.44
2010-03-17,0.0,42.44,20.69,76.29,12.56
2010-03-18,0.0,40.09,21.14,35.4,11.03
2010-03-19,0.0,40.39,20.49,38.82,11.63
2010-03-20,0.0,40.37,20.9,56.58,18.76
2010-03-21,0.0,37.15,20.41,82.93,37.52
2010-03-22,0.0,36.9,20.28,99.24,45.11
2010-03-23,0.0,38.32,20.78,86.07,37.56
2010-03-24,0.0,36.64,20.15,96.83,38.66
2010-03-25,0.0,36.12,19.42,90.2,40.09
2010-03-26,0.0,36.68,19.77,96.22,38.58
2010-03-27,0.0,37.72,20.58,90.34,33.97
2010-03-28,0.0,38.86,20.19,91.18,35.02
2010-03-29,0.0,40.66,20.8,84.67,22.45
2010-03-30,0.0,36.52,19.88,85.58,39.14
2010-03-31,0.0,35.4,21.0,97.3,48.43
2010-04-01,0.0,34.8,20.38,88.63,43.06
2010-04-02,0.0,35.96,20.54,90.91,40.38
2010-04-03,0.0,38.42,21.03,86.68,30.81
2010-04-04,0.0,38.81,21.87,73.82,28.71
2010-04-05,0.0,36.38,20.46,85.59,36.78
2010-04-06,0.0,35.06,19.39,98.23,39.62
2010-04-07,0.0,36.31,20.19,90.13,39.21
2010-04-08,0.0,37.51,20.59,90.25,40.03
2010-04-09,0.0,35.52,20.39,94.78,47.83
2010-04-10,0.0,35.31,20.48,96.76,47.28
2010-04-11,0.0,33.58,19.23,99.13,50.11
2010-04-12,0.0,33.31,20.28,94.49,46.72
2010-04-13,0.0,34.54,20.52,90.91,45.87
2010-04-14,0.0,34.16,21.08,88.99,47.37
2010-04-15,0.0,36.5,20.45,93.21,41.23
2010-04-16,0.0,38.12,21.09,80.55,33.51
2010-04-17,0.0,39.54,21.3,74.2,30.49
2010-04-18,0.0,39.49,21.53,78.28,33.6
2010-04-19,0.0,37.54,21.62,91.5,40.88
2010-04-20,0.0,40.47,22.94,84.84,35.25
2010-04-21,0.0,41.44,22.56,86.23,27.55
2010-04-22,0.0,42.82,23.79,83.05,29.52
2010-04-23,0.0,40.46,23.23,88.53,36.46
2010-04-24,0.0,38.45,21.41,97.87,37.82
2010-04-25,0.0,40.29,21.87,79.62,29.0
2010-04-26,0.0,35.96,21.35,99.91,49.48
2010-04-27,0.0,36.75,22.7,97.07,45.11
2010-04-28,0.0,34.59,21.43,99.87,49.82
2010-04-29,0.0,33.61,21.62,98.01,53.57
2010-04-30,0.0,34.07,21.57,96.74,51.18
2010-05-01,0.0,35.29,22.52,91.46,45.29
2010-05-02,0.0,36.63,21.99,96.62,35.2
2010-05-03,0.0,36.59,22.31,90.11,38.32
2010-05-04,0.0,36.84,22.3,96.58,40.51
2010-05-05,0.0,38.51,22.01,91.93,32.65
2010-05-06,0.0,37.92,21.75,82.12,32.71
2010-05-07,0.0,34.62,20.8,92.01,42.37
2010-05-08,0.0,33.94,22.2,88.39,47.54
2010-05-09,0.0,36.53,22.36,89.38,40.32
2010-05-10,0.0,35.98,22.21,94.67,40.53
2010-05-11,0.0,37.69,22.11,97.41,38.27
2010-05-12,0.0,38.94,22.72,91.32,33.07
2010-05-13,0.0,37.95,22.36,96.55,36.08
2010-05-14,0.0,41.16,22.47,84.6,26.48
2010-05-15,0.0,37.18,22.64,93.75,47.8
2010-05-16,0.0,34.37,22.65,96.35,51.02
2010-05-17,0.0,39.23,22.64,84.42,29.87
2010-05-18,0.0,38.73,23.87,92.63,41.45
2010-05-19,0.0,36.86,23.53,96.97,47.53
2010-05-20,0.0,37.89,23.31,99.88,45.99
2010-05-21,0.0,37.53,22.36,98.23,40.36
2010-05-22,0.0,36.41,22.98,99.96,48.71
2010-05-23,0.0,36.51,22.91,99.71,47.99
2010-05-24,0.0,36.54,23.95,94.25,45.58
2010-05-25,0.0,34.64,23.53,97.8,54.99
2010-05-26,0.0,37.34,24.41,95.2,46.86
2010-05-27,0.0,40.7,23.57,96.25,34.98
2010-05-28,0.0,36.81,24.39,98.39,55.27
2010-05-29,0.0,36.3,24.37,96.04,61.44
2010-05-30,0.0,35.42,24.46,97.55,58.5
2010-05-31,0.0,35.86,23.04,97.09,48.75
2010-06-01,0.0,33.89,22.98,98.53,50.21
2010-06-02,0.0,35.54,24.37,85.28,46.89
2010-06-03,0.0,35.5,24.25,85.56,48.8
2010-06-04,0.0,36.5,24.19,83.51,38.7
2010-06-05,0.0,36.12,23.53,81.36,37.51
2010-06-06,0.0,34.94,23.66,89.57,50.24
2010-06-07,6.55,34.45,25.37,87.37,56.35
2010-06-08,0.0,35.47,24.19,98.71,54.95
2010-06-09,0.0,32.41,23.99,98.09,67.4
2010-06-10,0.0,34.99,24.02,99.01,53.76
2010-06-11,0.0,35.29,25.08,86.8,48.24
2010-06-12,3.41,36.28,25.34,91.24,51.68
2010-06-13,0.27,35.08,26.13,97.6,61.07
2010-06-14,0.0,35.25,24.76,92.31,53.17
2010-06-15,0.03,36.09,24.96,83.43,37.46
2010-06-16,0.0,35.55,24.39,81.33,41.2
2010-06-17,0.0,36.81,24.61,81.09,40.05
2010-06-18,0.0,35.11,25.26,89.21,47.91
2010-06-19,0.0,36.59,24.98,85.63,46.02
2010-06-20,0.0,36.5,25.45,91.34,53.2
2010-06-21,0.0,34.04,25.47,98.4,64.13
2010-06-22,0.24,37.1,25.36,97.17,44.12
2010-06-23,13.73,36.73,25.4,89.26,45.16
2010-06-24,2.46,35.18,25.18,90.96,54.36
2010-06-25,11.9,30.05,23.82,98.85,81.8
2010-06-26,0.0,33.15,24.19,99.06,67.25
2010-06-27,0.0,36.61,24.36,90.24,43.4
2010-06-28,11.41,35.45,25.63,98.96,54.47
2010-06-29,27.68,32.92,24.16,99.32,75.49
2010-06-30,0.0,31.8,23.85,99.72,78.93
2010-07-01,0.0,32.5,25.57,96.49,68.25
2010-07-02,23.39,33.31,25.38,93.57,67.39
2010-07-03,3.48,31.26,24.34,98.92,82.13
2010-07-04,15.47,30.44,23.79,99.03,79.02
2010-07-05,0.0,32.98,24.63,100.0,69.29
2010-07-06,0.0,32.22,25.31,94.82,68.32
2010-07-07,2.75,32.49,25.39,90.53,68.64
2010-07-08,4.33,31.51,24.86,99.01,78.1
2010-07-09,0.0,32.03,24.9,98.86,74.7
2010-07-10,0.0,32.18,24.85,97.4,70.28
2010-07-11,19.15,30.57,24.07,99.5,77.04
2010-07-12,3.42,31.86,23.66,99.33,72.11
2010-07-13,15.23,28.83,24.03,99.4,84.64
2010-07-14,0.0,33.33,23.46,99.18,64.64
2010-07-15,27.23,30.8,24.7,98.11,77.61
2010-07-16,0.0,31.41,23.86,99.35,73.04
2010-07-17,0.04,30.76,23.92,94.96,70.29
2010-07-18,0.01,28.8,24.38,97.24,81.54
2010-07-19,3.14,32.47,23.74,99.39,70.69
2010-07-20,16.18,28.29,23.78,99.53,87.51
2010-07-21,0.19,31.56,24.09,99.69,72.12
2010-07-22,0.15,30.89,24.36,98.53,74.96
2010-07-23,0.0,29.37,24.42,98.7,85.72
2010-07-24,4.42,30.77,24.67,96.49,67.16
2010-07-25,19.55,28.7,23.37,99.47,79.41
2010-07-26,7.66,28.79,23.21,99.75,83.69
2010-07-27,19.55,30.89,23.91,99.38,81.66
2010-07-28,7.24,31.84,24.2,99.16,74.6
2010-07-29,28.6,31.02,24.6,99.98,74.8
2010-07-30,8.95,30.34,23.67,99.77,77.85
2010-07-31,12.79,31.04,24.33,99.61,75.99
2010-08-01,0.0,31.36,23.8,99.22,78.1
2010-08-02,10.29,31.62,24.49,99.16,75.57
2010-08-03,5.29,31.14,24.19,99.84,75.99
2010-08-04,0.85,30.51,24.4,99.17,77.19
2010-08-05,32.31,28.91,24.06,99.64,88.11
2010-08-06,0.0,31.32,23.69,98.98,73.75
2010-08-07,8.65,31.38,25.18,95.83,76.29
2010-08-08,0.0,31.42,24.99,99.38,73.26
2010-08-09,0.1,31.77,24.02,96.95,68.92
2010-08-10,0.02,32.83,24.41,96.37,61.35
2010-08-11,1.68,33.1,24.43,90.4,63.68
2010-08-12,0.0,33.0,24.89,93.51,67.89
2010-08-13,6.45,32.09,24.37,99.85,71.18
2010-08-14,13.22,30.05,24.44,99.73,83.48
2010-08-15,3.77,29.9,23.84,99.75,81.74
2010-08-16,6.9,29.89,24.25,99.58,81.17
2010-08-17,26.74,30.81,24.09,99.72,77.24
2010-08-18,21.35,29.17,23.8,100.0,87.73
2010-08-19,5.58,32.89,23.77,97.25,69.28
2010-08-20,7.19,31.98,23.75,98.52,70.73
2010-08-21,36.8,32.15,23.78,96.77,70.88
2010-08-22,0.0,31.95,23.91,99.13,75.9
2010-08-23,0.07,31.41,24.4,99.44,75.63
2010-08-24,0.01,31.52,24.1,96.97,74.28
2010-08-25,23.46,31.25,24.0,99.12,75.47
2010-08-26,1.43,32.94,23.73,99.87,67.84
2010-08-27,14.83,32.68,24.59,95.6,68.35
2010-08-28,0.0,32.12,24.7,93.26,71.41
2010-08-29,0.01,31.8,25.17,98.38,76.72
2010-08-30,1.77,32.39,24.93,96.53,72.54
2010-08-31,28.21,32.19,24.9,99.54,74.76
2010-09-01,29.86,30.85,23.78,99.98,81.46
2010-09-02,15.57,31.14,23.75,99.86,79.33
2010-09-03,3.18,31.1,23.96,99.48,75.35
2010-09-04,12.02,30.28,23.65,99.56,81.66
2010-09-05,58.05,31.06,23.98,99.8,75.09
2010-09-06,27.67,28.19,22.76,99.9,87.64
2010-09-07,8.28,29.45,22.91,99.94,77.17
2010-09-08,2.12,29.79,23.29,98.16,77.59
2010-09-09,12.73,30.41,23.11,98.54,76.18
2010-09-10,47.9,30.16,23.52,99.59,78.35
2010-09-11,40.02,28.24,23.04,99.86,89.12
2010-09-12,2.23,31.17,23.04,99.4,75.36
2010-09-13,7.27,30.76,23.54,98.77,78.95
2010-09-14,5.69,32.29,23.76,94.71,69.45
2010-09-15,9.51,33.0,24.25,99.57,70.57
2010-09-16,0.28,32.57,23.7,99.43,69.11
2010-09-17,12.28,32.15,23.83,98.77,73.03
2010-09-18,43.26,32.0,23.6,98.97,72.83
2010-09-19,25.04,29.99,23.52,99.65,83.66
2010-09-20,17.84,27.84,22.73,99.84,89.83
2010-09-21,0.0,31.94,23.12,99.53,72.48
2010-09-22,4.75,33.02,23.98,96.87,66.8
2010-09-23,26.97,32.66,23.25,99.38,69.22
2010-09-24,0.0,32.11,23.55,99.6,74.13
2010-09-25,10.86,33.48,23.72,99.3,68.05
2010-09-26,3.92,32.02,23.76,99.27,74.12
2010-09-27,1.88,32.64,23.62,98.6,70.99
2010-09-28,12.57,33.37,24.55,97.04,71.7
2010-09-29,0.0,33.7,23.72,99.2,65.52
2010-09-30,5.03,32.88,24.8,98.41,74.12
2010-10-01,3.86,32.35,23.76,99.27,75.51
2010-10-02,0.02,32.56,23.81,99.43,73.31
2010-10-03,0.0,33.93,23.61,98.9,71.83
2010-10-04,0.0,33.92,24.99,99.38,73.79
2010-10-05,0.39,33.64,25.03,99.94,71.77
2010-10-06,0.0,32.48,24.39,99.88,75.78
2010-10-07,0.02,32.61,24.53,99.27,75.98
2010-10-08,0.0,32.65,23.84,99.21,70.6
2010-10-09,0.0,32.18,23.01,99.18,69.48
2010-10-10,0.0,33.01,23.13,99.97,63.65
2010-10-11,0.69,33.59,24.19,100.0,68.62
2010-10-12,1.96,31.64,23.72,99.3,77.97
2010-10-13,4.69,32.65,23.92,99.18,75.02
2010-10-14,0.01,33.1,23.54,98.95,70.39
2010-10-15,17.82,30.97,23.72,99.05,80.91
2010-10-16,9.8,29.94,23.35,99.36,84.33
2010-10-17,3.93,28.31,23.09,99.29,93.8
2010-10-18,0.0,33.32,23.08,99.48,71.78
2010-10-19,0.0,32.91,23.82,99.12,74.62
2010-10-20,0.0,31.14,23.25,99.48,79.24
2010-10-21,0.47,31.34,22.87,99.07,78.57
2010-10-22,0.0,33.61,23.18,99.41,69.39
2010-10-23,0.0,33.61,24.28,99.38,72.84
2010-10-24,0.03,35.09,24.15,97.9,61.13
2010-10-25,0.35,31.84,24.25,98.84,78.74
2010-10-26,0.0,32.33,23.45,98.58,53.36
2010-10-27,0.0,33.61,21.77,89.76,50.2
2010-10-28,4.09,35.38,24.18,82.78,49.15
2010-10-29,0.0,30.59,22.93,98.1,78.35
2010-10-30,0.0,33.41,23.2,99.08,56.71
2010-10-31,0.0,33.91,22.99,67.71,38.02
2010-11-01,0.0,32.55,19.05,70.93,41.22
2010-11-02,0.0,33.27,19.64,84.26,42.26
2010-11-03,0.0,32.72,21.28,100.0,62.88
2010-11-04,0.0,33.16,21.51,99.33,58.95
2010-11-05,0.0,34.34,21.8,100.0,63.63
2010-11-06,0.0,33.89,21.94,100.0,46.72
2010-11-07,0.0,33.75,18.96,69.0,33.48
2010-11-08,0.0,34.8,20.19,72.49,38.97
2010-11-09,0.0,34.4,20.57,93.4,51.1
2010-11-10,0.07,33.76,21.55,98.51,61.57
2010-11-11,0.0,36.07,21.93,99.66,32.41
2010-11-12,0.0,37.53,21.27,73.53,29.91
2010-11-13,0.0,37.19,21.27,74.4,31.87
2010-11-14,0.0,35.12,20.15,68.21,32.89
2010-11-15,0.0,33.94,19.59,87.09,41.92
2010-11-16,0.0,34.14,20.5,99.79,46.81
2010-11-17,0.0,34.61,20.89,99.42,47.62
2010-11-18,0.0,38.14,20.88,94.32,33.17
2010-11-19,0.0,37.58,21.82,74.71,24.57
2010-11-20,0.0,37.44,20.18,59.76,22.66
2010-11-21,0.0,37.01,20.28,55.19,23.88
2010-11-22,0.0,37.12,20.17,65.79,23.89
2010-11-23,0.0,37.36,19.92,61.06,25.29
2010-11-24,0.0,37.51,21.02,67.51,24.27
2010-11-25,0.0,37.92,21.03,59.64,24.59
2010-11-26,0.0,37.37,20.87,67.4,28.76
2010-11-27,0.0,35.65,20.51,74.55,32.03
2010-11-28,0.0,36.74,20.61,74.44,33.99
2010-11-29,0.0,34.73,21.64,99.27,60.99
2010-11-30,0.0,33.77,21.64,98.76,54.63
2010-12-01,0.0,36.44,19.94,98.4,36.42
2010-12-02,0.0,38.0,19.63,73.73,27.14
2010-12-03,0.0,37.69,19.42,76.09,29.24
2010-12-04,0.0,37.32,19.85,92.48,36.79
2010-12-05,0.0,36.63,20.11,100.0,43.11
2010-12-06,0.0,36.71,19.79,100.0,38.12
2010-12-07,0.0,35.93,19.39,99.95,40.87
2010-12-08,0.0,33.93,19.75,99.4,53.09
2010-12-09,0.0,33.2,19.64,99.0,51.89
2010-12-10,0.0,35.09,19.66,87.55,45.6
2010-12-11,0.0,34.0,19.85,87.79,40.69
2010-12-12,0.0,33.61,19.41,99.48,39.5
2010-12-13,0.0,33.69,18.11,83.28,28.62
2010-12-14,0.0,35.75,18.34,76.77,32.82
2010-12-15,0.0,35.2,19.51,97.82,35.21
2010-12-16,0.0,34.06,20.05,86.82,34.95
2010-12-17,0.0,34.5,19.76,87.11,42.17
2010-12-18,0.0,32.65,19.14,99.02,38.73
2010-12-19,0.0,33.93,18.84,78.66,37.34
2010-12-20,0.0,35.22,18.96,76.88,33.97
2010-12-21,0.0,33.95,18.58,85.84,37.35
2010-12-22,0.0,34.18,18.79,84.25,38.0
2010-12-23,0.0,32.4,17.9,85.73,42.23
2010-12-24,0.0,35.11,18.48,78.03,37.66
2010-12-25,0.0,34.88,18.49,77.45,34.08
2010-12-26,0.0,35.71,17.95,71.85,32.17
2010-12-27,0.0,35.79,17.61,80.03,30.02
2010-12-28,0.0,36.76,17.84,85.64,26.35
2010-12-29,0.0,35.47,18.42,73.14,25.34
2010-12-30,0.0,32.51,19.68,50.98,28.03
2010-12-31,0.0,34.07,19.06,43.23,18.38
2011-01-01,0.0,35.53,17.78,40.88,18.86
2011-01-02,0.0,35.96,17.4,41.49,19.32
2011-01-03,0.0,36.55,17.71,48.64,19.74
2011-01-04,0.0,36.03,17.52,46.41,19.82
2011-01-05,0.0,34.08,16.09,47.38,21.23
2011-01-06,0.0,35.68,16.47,49.7,20.77
2011-01-07,0.0,36.38,16.98,47.34,20.38
2011-01-08,0.0,35.34,17.52,45.97,21.5
2011-01-09,0.0,34.02,18.97,40.81,21.26
2011-01-10,0.0,35.19,19.26,36.89,18.61
2011-01-11,0.0,35.67,18.18,37.65,17.76
2011-01-12,0.0,35.45,18.11,34.42,15.95
2011-01-13,0.0,33.02,17.96,37.33,18.51
2011-01-14,0.0,32.33,17.36,39.12,18.64
2011-01-15,0.0,34.78,16.92,42.77,19.74
2011-01-16,0.0,35.42,16.69,59.44,20.62
2011-01-17,0.0,35.78,17.87,51.62,16.46
2011-01-18,0.0,33.66,18.6,37.72,19.84
2011-01-19,0.0,34.2,18.56,41.66,20.81
2011-01-20,0.0,35.16,18.11,45.07,21.39
2011-01-21,0.0,34.11,19.27,57.3,23.81
2011-01-22,0.0,33.64,17.44,81.11,29.25
2011-01-23,0.0,32.17,17.1,75.93,32.44
2011-01-24,0.0,30.9,17.19,83.75,43.64
2011-01-25,0.0,32.79,17.91,86.69,45.12
2011-01-26,0.0,33.05,17.81,91.61,41.18
2011-01-27,0.0,32.62,17.73,81.2,41.19
2011-01-28,0.0,34.4,17.78,77.9,39.62
2011-01-29,0.0,37.5,19.47,83.12,37.8
2011-01-30,0.0,34.75,17.98,97.24,42.22
2011-01-31,0.0,32.2,18.19,98.92,56.03
2011-02-01,0.0,32.45,19.14,95.8,51.62
2011-02-02,0.0,36.3,19.61,99.14,37.41
2011-02-03,0.0,36.28,20.57,78.53,36.1
2011-02-04,0.0,35.31,21.24,56.11,23.27
2011-02-05,0.0,35.36,20.33,32.66,17.22
2011-02-06,0.0,35.07,19.07,34.07,17.48
2011-02-07,0.0,36.46,19.12,34.05,17.79
2011-02-08,0.0,36.17,19.25,37.57,18.98
2011-02-09,0.0,35.72,19.28,39.51,20.0
2011-02-10,0.0,34.06,17.45,55.83,20.63
2011-02-11,0.0,32.74,15.83,54.22,18.71
2011-02-12,0.0,34.88,16.43,42.02,15.36
2011-02-13,0.0,34.46,17.19,29.43,13.73
2011-02-14,0.0,34.38,15.7,34.89,14.37
2011-02-15,0.0,34.99,15.91,33.3,13.58
2011-02-16,0.0,35.33,15.65,35.39,13.52
2011-02-17,0.0,36.93,16.44,43.39,16.27
2011-02-18,0.0,37.06,17.94,50.02,22.79
2011-02-19,0.0,37.92,18.05,57.13,22.08
2011-02-20,0.0,40.0,19.03,43.91,17.65
2011-02-21,0.0,41.78,20.0,39.03,12.93
2011-02-22,0.0,40.1,19.71,41.25,16.73
2011-02-23,0.0,40.02,19.16,55.31,15.81
2011-02-24,0.0,39.81,19.23,42.56,15.58
2011-02-25,0.0,39.72,19.31,40.51,15.21
2011-02-26,0.0,38.89,18.59,43.93,13.43
2011-02-27,0.0,37.25,18.56,34.23,12.54
2011-02-28,0.0,37.76,18.22,38.09,15.24
2011-03-01,0.0,39.06,19.01,42.3,14.56
2011-03-02,0.0,39.37,19.6,48.18,13.82
2011-03-03,0.0,37.82,19.61,47.26,20.19
2011-03-04,0.0,35.64,18.59,51.31,24.59
2011-03-05,0.0,35.79,18.21,55.33,20.38
2011-03-06,0.0,34.13,18.13,77.01,35.38
2011-03-07,0.0,33.53,17.81,85.17,36.5
2011-03-08,0.0,34.71,18.42,71.76,32.34
2011-03-09,0.0,36.09,18.8,66.89,28.65
2011-03-10,0.0,35.85,18.64,74.89,31.37
2011-03-11,0.0,34.56,18.12,86.26,33.33
2011-03-12,0.0,35.77,18.29,71.38,32.71
2011-03-13,0.0,33.79,18.22,75.7,38.94
2011-03-14,0.0,33.13,16.8,76.53,34.8
2011-03-15,0.0,33.05,18.21,76.7,31.64
2011-03-16,0.0,37.46,18.5,55.69,24.47
2011-03-17,0.0,38.92,20.13,51.23,20.03
2011-03-18,0.0,40.42,19.96,56.64,21.08
2011-03-19,0.0,40.78,19.32,70.55,21.32
2011-03-20,0.0,39.87,20.11,71.24,22.69
2011-03-21,0.0,37.75,19.23,92.95,33.28
2011-03-22,0.0,40.78,19.74,82.71,23.27
2011-03-23,0.0,39.01,20.1,64.71,23.0
2011-03-24,0.0,37.4,19.46,71.14,32.78
2011-03-25,0.0,36.85,19.06,83.75,36.43
2011-03-26,0.0,39.63,19.34,80.56,26.63
2011-03-27,0.0,38.94,19.64,69.72,27.28
2011-03-28,0.0,40.28,20.05,73.81,23.87
2011-03-29,0.0,36.87,19.72,89.89,42.87
2011-03-30,0.0,34.45,19.89,94.43,48.1
2011-03-31,0.0,34.02,21.55,91.63,49.11
2011-04-01,0.0,36.21,20.34,90.88,39.2
2011-04-02,0.0,37.61,19.85,99.31,40.76
2011-04-03,0.0,38.78,19.81,89.66,28.43
2011-04-04,0.0,38.36,19.84,82.3,29.01
2011-04-05,0.0,38.41,20.07,85.65,29.47
2011-04-06,0.0,36.83,18.85,84.45,29.92
2011-04-07,0.0,37.87,19.01,77.95,25.95
2011-04-08,0.0,39.7,20.46,78.77,25.73
2011-04-09,0.0,41.9,22.57,65.7,24.15
2011-04-10,0.0,37.11,21.71,98.22,48.49
2011-04-11,0.0,35.64,20.1,99.71,38.34
2011-04-12,0.0,35.58,19.69,82.69,36.06
2011-04-13,0.0,36.96,20.34,86.55,36.44
2011-04-14,0.0,37.24,20.87,86.78,34.33
2011-04-15,0.0,36.68,20.09,84.65,36.0
2011-04-16,0.0,37.33,20.25,79.27,33.85
2011-04-17,0.0,36.45,20.33,88.8,41.17
2011-04-18,0.0,37.82,20.46,84.43,35.47
2011-04-19,0.0,36.69,21.02,83.19,39.12
2011-04-20,0.0,34.43,20.09,94.06,47.92
2011-04-21,0.0,34.41,19.94,86.4,41.09
2011-04-22,0.0,36.37,20.63,85.94,38.73
2011-04-23,0.0,37.7,20.28,80.62,28.84
2011-04-24,0.0,39.16,20.2,77.32,24.33
2011-04-25,0.02,37.84,19.73,98.66,36.21
2011-04-26,0.0,35.86,19.33,99.1,39.78
2011-04-27,0.0,36.45,20.17,87.64,37.58
2011-04-28,0.0,35.28,20.07,96.23,42.79
2011-04-29,0.0,35.87,19.82,81.92,35.74
2011-04-30,0.0,35.12,19.51,86.15,38.07
2011-05-01,0.0,34.9,19.4,81.98,31.59
2011-05-02,0.0,36.76,20.45,80.21,31.66
2011-05-03,0.0,37.89,21.15,82.66,31.08
2011-05-04,0.0,39.98,21.37,80.34,27.12
2011-05-05,0.0,41.41,22.25,75.91,26.58
2011-05-06,0.0,40.35,22.93,77.43,28.18
2011-05-07,0.0,35.65,21.05,95.88,42.46
2011-05-08,0.0,34.84,20.86,98.94,44.9
2011-05-09,0.0,33.94,19.9,97.89,43.89
2011-05-10,0.0,34.54,20.58,93.05,42.45
2011-05-11,0.0,34.71,19.82,94.92,38.27
2011-05-12,0.0,32.77,20.12,92.78,44.27
2011-05-13,0.0,33.57,20.49,87.91,41.51
2011-05-14,0.0,35.66,20.41,89.64,36.75
2011-05-15,0.0,38.0,21.63,81.45,34.25
2011-05-16,0.0,37.11,23.36,87.85,43.04
2011-05-17,0.0,36.84,22.71,97.48,48.34
2011-05-18,0.26,35.87,22.13,98.43,50.32
2011-05-19,0.0,35.69,22.45,97.7,51.5
2011-05-20,0.0,35.74,21.93,99.1,50.69
2011-05-21,0.0,34.81,22.95,97.39,51.78
2011-05-22,0.0,33.58,22.52,98.0,51.85
2011-05-23,0.0,35.45,21.92,95.45,42.86
2011-05-24,0.0,36.03,22.08,96.08,43.77
2011-05-25,0.0,34.7,21.28,100.0,49.58
2011-05-26,0.0,34.91,22.27,99.62,51.99
2011-05-27,0.06,33.73,22.49,98.86,55.58
2011-05-28,0.0,35.25,22.07,99.4,45.97
2011-05-29,0.0,34.25,22.05,98.71,49.31
2011-05-30,0.0,35.28,22.8,98.68,51.12
2011-05-31,0.16,35.23,22.69,97.89,54.39
2011-06-01,2.32,35.89,24.16,99.22,55.54
2011-06-02,0.0,35.8,23.87,97.98,50.01
2011-06-03,0.0,36.44,23.95,93.28,45.86
2011-06-04,0.0,35.02,24.1,99.16,53.53
2011-06-05,0.0,35.35,22.95,97.1,44.43
2011-06-06,0.0,35.58,23.65,84.53,43.0
2011-06-07,0.0,32.25,24.1,81.84,53.19
2011-06-08,0.0,34.57,24.35,85.45,48.39
2011-06-09,0.0,34.85,24.43,91.35,51.35
2011-06-10,0.0,36.72,24.35,91.3,46.0
2011-06-11,0.0,37.29,24.76,94.58,48.31
2011-06-12,0.0,36.6,25.06,93.76,46.95
2011-06-13,0.0,35.24,24.39,97.3,46.49
2011-06-14,0.0,36.17,24.61,86.19,47.97
2011-06-15,0.0,34.91,23.87,99.49,56.93
2011-06-16,0.0,35.1,24.14,93.29,48.0
2011-06-17,2.79,35.71,25.25,82.35,48.66
2011-06-18,0.0,35.2,25.01,88.82,55.49
2011-06-19,0.0,33.14,24.83,97.42,59.52
2011-06-20,0.0,34.16,23.14,97.52,53.14
2011-06-21,5.37,34.76,24.31,99.38,58.23
2011-06-22,0.0,33.03,23.78,99.22,64.99
2011-06-23,0.0,34.11,24.07,94.87,55.95
2011-06-24,0.0,34.69,23.99,96.98,56.14
2011-06-25,7.11,30.33,24.21,99.09,78.38
2011-06-26,14.32,30.0,23.75,98.9,83.91
2011-06-27,0.0,32.0,24.01,99.0,76.3
2011-06-28,0.57,31.71,23.36,98.14,74.72
2011-06-29,0.0,32.56,24.51,98.7,70.35
2011-06-30,0.0,31.62,24.5,97.64,69.04
2011-07-01,0.43,31.82,24.75,92.09,70.97
2011-07-02,31.06,32.44,23.87,99.7,71.31
2011-07-03,0.0,32.67,23.93,99.86,67.66
2011-07-04,0.0,32.71,24.21,95.21,64.25
2011-07-05,9.02,31.74,24.98,99.71,71.82
2011-07-06,5.4,30.41,24.08,99.45,80.86
2011-07-07,0.0,32.06,24.06,98.75,68.93
2011-07-08,0.0,32.63,24.01,89.79,65.22
2011-07-09,0.0,32.08,25.52,88.12,65.9
2011-07-10,0.0,32.27,24.89,88.38,61.71
2011-07-11,0.0,33.26,24.97,86.61,57.92
2011-07-12,11.17,30.3,24.11,99.08,74.86
2011-07-13,9.29,32.34,23.52,98.93,67.57
2011-07-14,0.01,32.89,23.94,99.01,66.77
2011-07-15,0.08,32.58,24.97,89.7,66.43
2011-07-16,10.54,33.27,24.57,98.96,65.87
2011-07-17,5.17,32.11,24.64,99.11,65.8
2011-07-18,11.18,32.58,24.35,99.41,69.4
2011-07-19,17.13,31.91,24.66,97.18,70.82
2011-07-20,0.0,34.39,24.21,99.31,61.74
2011-07-21,0.19,34.19,25.0,89.18,61.02
2011-07-22,0.0,33.38,24.89,99.64,63.86
2011-07-23,0.0,35.32,24.36,89.25,51.27
2011-07-24,0.0,34.8,24.93,82.43,53.54
2011-07-25,2.2,34.59,25.17,88.73,56.46
2011-07-26,0.09,33.78,24.6,92.79,62.04
2011-07-27,0.92,31.21,24.04,99.32,73.01
2011-07-28,0.17,30.68,23.07,98.97,73.62
2011-07-29,0.18,32.69,24.09,98.95,69.32
2011-07-30,0.13,30.72,24.94,99.38,79.11
2011-07-31,0.0,32.0,23.85,99.62,77.79
2011-08-01,3.58,32.8,24.23,98.01,68.88
2011-08-02,18.52,31.7,24.28,97.06,70.33
2011-08-03,24.24,30.99,23.77,98.99,79.37
2011-08-04,14.54,33.21,24.02,99.26,67.65
2011-08-05,0.0,31.71,24.19,98.84,74.01
2011-08-06,25.98,31.35,24.13,99.12,77.55
2011-08-07,0.0,31.86,24.39,98.54,74.98
2011-08-08,71.71,32.47,24.26,99.71,69.82
2011-08-09,0.0,31.58,23.3,99.93,72.73
2011-08-10,20.54,31.3,24.37,97.76,79.57
2011-08-11,13.19,32.99,24.47,98.19,70.82
2011-08-12,0.03,32.12,24.29,97.58,75.34
2011-08-13,5.82,31.39,25.1,98.92,76.1
2011-08-14,20.43,30.16,24.42,99.61,83.92
2011-08-15,0.0,30.21,23.3,99.41,80.86
2011-08-16,5.26,31.46,24.19,97.6,73.46
2011-08-17,8.76,30.03,23.99,99.38,83.32
2011-08-18,30.56,29.48,23.77,99.65,82.57
2011-08-19,19.41,29.08,23.66,99.69,81.62
2011-08-20,25.01,29.46,23.19,99.75,78.81
2011-08-21,11.29,29.42,23.54,99.33,81.95
2011-08-22,18.48,29.8,23.94,99.12,78.96
2011-08-23,0.0,31.18,23.39,99.48,75.14
2011-08-24,8.09,28.56,23.64,99.37,86.81
2011-08-25,18.73,27.71,22.9,99.8,87.75
2011-08-26,30.44,28.48,22.99,99.74,84.78
2011-08-27,30.67,32.63,23.53,99.53,72.94
2011-08-28,3.03,33.19,23.87,99.47,69.91
2011-08-29,2.27,31.52,24.17,98.92,72.94
2011-08-30,3.02,30.96,24.27,98.07,76.84
2011-08-31,0.76,32.59,24.02,98.24,70.91
2011-09-01,30.65,32.94,24.16,98.32,70.62
2011-09-02,2.31,31.89,22.84,99.34,75.42
2011-09-03,4.0,32.65,23.82,99.61,72.52
2011-09-04,0.29,31.94,24.59,97.54,78.36
2011-09-05,0.44,32.87,24.24,98.43,73.01
2011-09-06,21.52,31.61,24.53,98.49,81.5
2011-09-07,0.0,31.66,24.05,99.33,76.35
2011-09-08,0.0,32.91,23.67,98.53,70.04
2011-09-09,0.0,33.25,24.37,95.48,70.21
2011-09-10,0.0,32.83,24.32,96.07,71.05
2011-09-11,33.41,32.77,23.83,98.55,72.54
2011-09-12,30.29,32.61,23.44,99.79,69.2
2011-09-13,0.0,31.99,23.27,99.23,72.33
2011-09-14,2.42,33.54,24.12,99.6,68.8
2011-09-15,6.16,32.8,23.45,99.25,73.2
2011-09-16,6.34,30.14,23.7,99.75,83.44
2011-09-17,0.16,32.82,23.19,99.24,70.83
2011-09-18,0.0,32.9,23.49,98.61,72.93
2011-09-19,0.79,31.88,24.18,99.51,78.76
2011-09-20,15.85,31.7,23.56,99.43,74.84
2011-09-21,0.0,33.76,23.61,99.94,67.07
2011-09-22,2.16,31.95,24.11,97.63,77.75
2011-09-23,1.41,32.34,23.49,99.5,74.43
2011-09-24,8.38,32.55,23.78,99.35,71.58
2011-09-25,17.61,33.23,23.97,98.91,69.69
2011-09-26,1.04,33.2,23.62,99.48,69.79
2011-09-27,0.0,33.46,23.82,97.3,66.28
2011-09-28,0.0,33.23,24.86,96.76,67.37
2011-09-29,3.07,32.79,24.54,97.29,70.11
2011-09-30,1.48,30.91,23.0,99.56,76.63
2011-10-01,13.19,29.89,22.48,99.62,82.55
2011-10-02,0.41,32.06,22.59,99.17,75.86
2011-10-03,0.0,33.09,23.15,99.56,73.93
2011-10-04,0.19,33.26,24.36,99.59,78.26
2011-10-05,0.0,33.78,24.07,99.16,72.13
2011-10-06,0.0,35.37,25.02,99.69,64.7
2011-10-07,0.0,35.49,25.27,100.0,63.76
2011-10-08,0.0,34.32,25.5,99.66,71.54
2011-10-09,0.0,33.14,24.39,99.29,74.15
2011-10-10,0.0,33.87,24.25,99.41,70.32
2011-10-11,0.0,34.14,24.16,99.11,71.79
2011-10-12,0.23,33.98,24.2,99.33,71.32
2011-10-13,0.0,32.75,23.77,99.24,75.61
2011-10-14,0.0,32.86,23.71,99.3,67.59
2011-10-15,0.0,34.63,24.26,96.04,60.96
2011-10-16,14.11,33.15,24.99,99.98,68.11
2011-10-17,13.47,33.91,22.93,99.5,70.03
2011-10-18,0.0,31.57,22.71,99.33,77.92
2011-10-19,0.0,34.61,23.53,100.0,50.08
2011-10-20,0.0,34.04,24.05,97.5,57.39
2011-10-21,0.0,33.74,23.67,99.75,63.94
2011-10-22,0.22,31.47,24.04,98.81,78.98
2011-10-23,0.05,31.84,22.52,99.84,61.97
2011-10-24,0.0,32.76,22.3,88.3,51.05
2011-10-25,0.0,33.61,22.22,95.67,53.04
2011-10-26,0.0,33.48,23.25,97.13,63.32
2011-10-27,0.0,33.75,23.42,99.87,67.02
2011-10-28,0.0,35.57,24.09,99.76,56.13
2011-10-29,0.0,34.04,24.07,99.99,66.9
2011-10-30,2.91,32.8,23.43,98.85,72.96
2011-10-31,0.0,32.11,23.06,98.98,71.69
2011-11-01,0.0,32.88,22.03,99.24,76.3
2011-11-02,0.0,33.66,22.06,99.94,71.12
2011-11-03,0.0,31.59,21.94,99.5,83.63
2011-11-04,0.0,32.79,21.76,98.74,72.43
2011-11-05,0.0,35.26,21.51,100.0,48.69
2011-11-06,0.0,36.22,21.5,100.0,53.23
2011-11-07,0.0,35.81,21.92,100.0,54.48
2011-11-08,0.0,36.57,21.55,100.0,29.66
2011-11-09,0.0,36.94,20.29,58.68,25.53
2011-11-10,0.0,35.75,19.65,64.8,29.69
2011-11-11,0.0,34.94,20.62,100.0,42.9
2011-11-12,0.0,33.95,20.24,99.94,51.31
2011-11-13,0.0,34.98,20.26,99.51,40.26
2011-11-14,0.0,37.05,20.59,97.53,39.1
2011-11-15,0.0,37.71,21.45,89.43,31.61
2011-11-16,0.0,37.27,20.54,72.49,27.65
2011-11-17,0.0,35.66,21.28,100.0,49.17
2011-11-18,0.0,36.21,21.32,100.0,52.27
2011-11-19,0.0,36.15,21.36,100.0,53.38
2011-11-20,0.0,37.31,20.86,99.4,27.02
2011-11-21,0.0,35.55,20.28,59.89,29.34
2011-11-22,0.0,36.06,19.98,70.24,29.14
2011-11-23,0.0,36.34,19.83,63.72,28.62
2011-11-24,0.0,35.69,19.39,61.52,27.75
2011-11-25,0.0,34.55,18.95,61.42,29.28
2011-11-26,0.0,35.21,19.47,56.01,26.42
2011-11-27,0.0,35.3,19.46,59.11,27.53
2011-11-28,0.0,35.43,20.04,56.05,26.28
2011-11-29,0.0,35.58,20.42,56.79,25.11
2011-11-30,0.0,35.49,19.49,54.19,24.13
2011-12-01,0.0,34.92,18.27,50.9,25.42
2011-12-02,0.0,35.28,19.15,58.29,24.61
2011-12-03,0.0,34.7,18.37,61.82,23.11
2011-12-04,0.0,34.66,17.2,51.37,22.97
2011-12-05,0.0,34.0,16.46,57.33,27.26
2011-12-06,0.0,35.27,17.64,71.32,29.29
2011-12-07,0.0,34.25,17.26,56.89,26.68
2011-12-08,0.0,33.95,17.35,54.92,25.83
2011-12-09,0.0,34.17,17.15,54.68,24.5
2011-12-10,0.0,34.55,17.43,51.69,24.43
2011-12-11,0.0,35.76,18.05,64.16,26.98
2011-12-12,0.0,34.58,18.24,89.05,30.91
2011-12-13,0.0,34.58,19.08,57.54,21.33
2011-12-14,0.0,34.54,17.94,45.73,20.46
2011-12-15,0.0,33.91,17.49,43.64,19.62
2011-12-16,0.0,34.3,18.18,43.69,20.8
2011-12-17,0.0,35.2,17.14,42.71,18.11
2011-12-18,0.0,33.71,15.99,45.23,17.95
2011-12-19,0.0,33.83,16.23,48.07,21.48
2011-12-20,0.0,34.8,15.83,49.84,20.68
2011-12-21,0.0,35.38,17.94,51.92,18.26
2011-12-22,0.0,31.67,16.91,44.13,21.11
2011-12-23,0.0,31.48,15.79,39.52,19.42
2011-12-24,0.0,31.14,15.45,45.74,19.69
2011-12-25,0.0,31.48,15.36,43.34,18.39
2011-12-26,0.0,33.83,16.6,48.85,22.24
2011-12-27,0.0,32.9,16.87,48.48,25.1
2011-12-28,0.0,34.52,16.55,49.06,20.97
2011-12-29,0.0,32.72,17.88,48.1,22.68
2011-12-30,0.0,31.24,17.21,36.3,20.21
2011-12-31,0.0,29.57,16.02,36.67,20.94
2012-01-01,0.0,29.85,15.27,35.61,20.6
2012-01-02,0.0,31.23,15.21,38.97,20.28
2012-01-03,0.0,33.69,16.84,41.81,20.35
2012-01-04,0.0,33.52,17.34,41.28,18.79
2012-01-05,0.0,35.58,17.93,38.47,17.65
2012-01-06,0.0,34.73,17.98,41.9,20.74
2012-01-07,0.0,34.69,17.19,47.25,21.57
2012-01-08,0.0,35.45,17.32,47.11,20.09
2012-01-09,0.0,36.03,18.02,40.82,16.31
2012-01-10,0.0,37.01,18.05,51.42,16.3
2012-01-11,0.0,37.37,18.03,54.8,18.29
2012-01-12,0.0,36.69,17.97,74.52,23.34
2012-01-13,0.0,38.19,18.06,76.43,15.44
2012-01-14,0.0,37.74,18.37,41.4,13.39
2012-01-15,0.0,36.63,17.24,56.23,13.76
2012-01-16,0.0,36.08,17.6,32.27,12.32
2012-01-17,0.0,37.75,17.4,39.65,14.04
2012-01-18,0.0,37.12,18.53,43.47,19.65
2012-01-19,0.0,34.4,17.84,52.8,23.09
2012-01-20,0.0,29.62,15.46,45.86,24.6
2012-01-21,0.0,29.04,13.55,47.99,25.44
2012-01-22,0.0,30.69,13.91,47.88,25.37
2012-01-23,0.0,32.8,15.9,42.01,22.29
2012-01-24,0.0,34.3,17.33,40.41,21.34
2012-01-25,0.0,35.36,17.87,44.16,20.9
2012-01-26,0.0,33.27,16.21,41.64,20.15
2012-01-27,0.0,33.69,15.23,43.27,18.43
2012-01-28,0.0,36.04,16.1,42.21,17.99
2012-01-29,0.0,36.21,16.94,48.33,18.17
2012-01-30,0.0,34.39,19.24,41.17,18.63
2012-01-31,0.0,36.58,18.46,40.73,15.33
2012-02-01,0.0,37.8,19.66,38.76,15.02
2012-02-02,0.0,36.17,20.38,35.46,18.02
2012-02-03,0.0,37.88,20.5,52.88,18.7
2012-02-04,0.0,37.39,19.74,40.21,17.32
2012-02-05,0.0,32.96,19.12,42.94,19.66
2012-02-06,0.0,34.08,18.61,52.47,19.03
2012-02-07,0.0,31.95,17.59,35.45,11.96
2012-02-08,0.0,32.24,18.19,35.69,15.35
2012-02-09,0.0,33.6,17.48,33.77,13.18
2012-02-10,0.0,35.72,17.59,35.21,12.37
2012-02-11,0.03,35.41,17.67,43.99,18.03
2012-02-12,0.0,34.78,17.9,39.32,17.74
2012-02-13,0.0,33.55,19.22,33.37,18.44
2012-02-14,0.0,35.5,18.03,34.44,17.65
2012-02-15,0.0,34.14,19.29,32.76,17.78
2012-02-16,0.0,36.96,18.89,44.41,17.82
2012-02-17,0.0,33.51,17.79,57.07,29.97
2012-02-18,0.0,31.51,16.1,70.82,33.85
2012-02-19,0.0,32.31,15.55,90.52,38.32
2012-02-20,0.0,35.4,15.83,82.1,23.28
2012-02-21,0.0,37.34,17.32,61.29,19.72
2012-02-22,0.0,36.13,18.54,33.23,14.79
2012-02-23,0.0,34.22,17.8,32.99,15.96
2012-02-24,0.0,36.49,17.73,36.87,13.53
2012-02-25,0.0,37.19,18.41,34.76,12.8
2012-02-26,0.0,37.49,19.02,32.07,13.14
2012-02-27,0.0,40.1,19.1,37.76,11.39
2012-02-28,0.0,39.04,18.32,57.73,17.04
2012-02-29,0.0,38.2,17.82,51.3,19.14
2012-03-01,0.0,40.4,19.01,48.44,14.4
2012-03-02,0.0,39.36,19.69,58.36,13.0
2012-03-03,0.0,37.79,19.76,35.17,12.25
2012-03-04,0.0,37.4,19.9,29.42,12.28
2012-03-05,0.0,38.3,19.02,29.57,11.9
2012-03-06,0.0,37.79,19.36,52.99,19.4
2012-03-07,0.0,34.58,18.6,89.21,31.68
2012-03-08,0.0,38.84,18.72,60.14,15.08
2012-03-09,0.0,41.04,19.64,52.54,9.84
2012-03-10,0.0,39.76,20.51,62.6,18.15
2012-03-11,0.0,38.05,19.67,79.13,18.55
2012-03-12,0.0,39.59,19.27,53.25,11.16
2012-03-13,0.0,39.91,18.82,35.99,11.33
2012-03-14,0.0,40.1,20.23,37.07,12.06
2012-03-15,0.0,38.52,19.34,67.47,22.38
2012-03-16,0.0,36.01,19.01,73.62,34.25
2012-03-17,0.0,36.35,18.8,90.21,34.29
2012-03-18,0.0,41.84,20.77,66.75,12.87
2012-03-19,0.0,42.16,22.46,44.66,13.24
2012-03-20,0.0,39.45,20.49,79.48,25.61
2012-03-21,0.0,37.44,20.64,64.11,28.62
2012-03-22,0.0,33.79,18.9,82.16,41.13
2012-03-23,0.0,37.19,19.01,74.77,21.39
2012-03-24,0.0,35.82,19.43,73.38,32.86
2012-03-25,0.0,33.18,18.01,85.95,44.57
2012-03-26,0.0,31.27,16.88,99.79,48.45
2012-03-27,0.0,29.64,18.11,90.42,56.43
2012-03-28,0.0,26.44,16.77,97.14,77.49
2012-03-29,0.0,31.6,17.72,96.94,67.24
2012-03-30,0.0,35.7,19.14,93.4,44.51
2012-03-31,0.0,34.39,19.37,89.13,44.28
2012-04-01,0.0,33.72,19.04,90.74,43.3
2012-04-02,0.0,33.39,18.76,93.36,41.09
2012-04-03,0.0,34.69,18.2,83.47,35.44
2012-04-04,0.0,35.51,19.0,76.09,30.3
2012-04-05,0.0,37.41,20.0,70.82,26.74
2012-04-06,0.0,37.14,19.57,71.16,26.19
2012-04-07,0.0,37.53,20.52,75.84,28.42
2012-04-08,0.0,33.89,18.89,89.39,40.75
2012-04-09,0.0,37.21,19.36,77.05,29.37
2012-04-10,0.0,38.48,20.98,68.54,28.2
2012-04-11,0.0,36.08,20.34,89.65,42.87
2012-04-12,0.0,37.76,20.63,89.96,38.68
2012-04-13,0.0,38.21,20.63,82.88,33.01
2012-04-14,0.0,38.59,21.54,86.92,30.8
2012-04-15,0.0,41.83,24.01,57.98,17.36
2012-04-16,0.0,39.91,21.48,44.54,14.44
2012-04-17,0.0,39.5,22.49,52.03,17.76
2012-04-18,0.0,35.62,19.34,72.23,31.73
2012-04-19,0.0,33.4,17.93,79.49,36.74
2012-04-20,0.0,34.11,17.99,86.4,39.05
2012-04-21,0.0,35.25,18.49,94.06,39.79
2012-04-22,0.0,37.24,19.79,88.29,35.49
2012-04-23,0.0,40.98,21.53,75.91,25.22
2012-04-24,0.0,39.41,20.77,84.63,30.87
2012-04-25,0.0,37.04,20.09,89.1,35.02
2012-04-26,0.0,35.28,19.36,93.01,41.74
2012-04-27,0.0,35.22,19.68,96.33,37.21
2012-04-28,0.0,36.78,20.02,86.01,32.94
2012-04-29,0.0,40.01,23.15,72.77,29.11
2012-04-30,0.0,38.24,22.21,83.58,37.83
2012-05-01,0.0,38.54,22.3,87.65,33.96
2012-05-02,0.0,41.59,22.91,75.98,19.88
2012-05-03,0.0,37.67,21.06,91.5,34.44
2012-05-04,0.0,39.33,20.57,88.32,25.49
2012-05-05,0.0,36.24,20.55,96.38,39.45
2012-05-06,0.0,34.73,21.01,92.62,44.7
2012-05-07,0.0,36.59,21.05,95.24,38.32
2012-05-08,0.0,40.49,21.27,91.02,25.08
2012-05-09,0.0,35.11,20.91,95.37,40.23
2012-05-10,0.0,32.82,20.15,100.0,51.21
2012-05-11,0.0,32.31,21.64,95.4,50.17
2012-05-12,0.0,34.01,21.91,99.64,53.14
2012-05-13,0.0,34.83,20.95,99.52,47.91
2012-05-14,0.0,34.08,21.14,97.84,52.06
2012-05-15,0.0,33.7,20.92,99.92,52.6
2012-05-16,0.0,34.13,20.72,99.73,49.79
2012-05-17,0.0,35.77,22.52,97.6,47.28
2012-05-18,4.61,35.85,23.33,98.74,52.9
2012-05-19,0.1,33.18,21.76,99.02,61.85
2012-05-20,0.0,35.27,21.75,98.67,49.55
2012-05-21,0.0,35.14,22.2,99.3,55.52
2012-05-22,0.0,34.24,23.34,98.21,58.89
2012-05-23,0.0,35.99,23.09,97.32,49.42
2012-05-24,0.0,34.07,22.61,98.35,54.24
2012-05-25,0.0,34.82,22.77,99.75,50.52
2012-05-26,0.0,35.25,23.16,97.52,50.28
2012-05-27,0.0,36.25,22.46,98.4,49.61
2012-05-28,0.0,39.03,22.67,96.9,32.44
2012-05-29,0.0,35.51,21.43,99.62,38.73
2012-05-30,0.0,36.43,20.55,98.49,36.51
2012-05-31,0.0,36.94,22.03,99.82,37.63
2012-06-01,0.0,34.81,22.87,91.99,42.7
2012-06-02,0.83,34.08,23.73,85.64,46.86
2012-06-03,0.28,36.13,23.85,84.77,43.33
2012-06-04,0.0,35.3,24.45,91.93,52.59
2012-06-05,0.0,35.42,24.38,98.21,48.57
2012-06-06,0.0,35.81,24.64,89.88,43.49
2012-06-07,0.0,34.35,23.34,90.97,47.0
2012-06-08,0.0,35.78,23.23,93.0,41.82
2012-06-09,0.0,35.3,24.62,88.69,51.68
2012-06-10,0.0,32.94,23.54,97.72,65.42
2012-06-11,0.0,34.52,23.77,97.94,56.7
2012-06-12,0.0,34.71,24.24,98.17,53.79
2012-06-13,0.0,34.54,24.11,92.97,53.39
2012-06-14,0.0,35.07,24.42,97.13,54.8
2012-06-15,0.0,35.29,24.6,88.66,50.23
2012-06-16,0.0,36.12,24.58,88.84,48.75
2012-06-17,0.0,34.35,25.43,93.09,57.48
2012-06-18,0.59,33.81,24.97,96.68,59.38
2012-06-19,0.0,34.38,23.92,98.84,54.68
2012-06-20,0.0,36.04,24.44,92.21,49.96
2012-06-21,0.0,35.34,24.54,89.52,50.59
2012-06-22,0.0,35.02,24.72,89.99,48.38
2012-06-23,0.0,34.32,25.11,92.88,56.07
2012-06-24,1.34,32.17,24.59,98.61,65.99
2012-06-25,17.72,32.84,23.5,99.36,61.64
2012-06-26,0.29,34.31,23.82,96.63,53.54
2012-06-27,0.0,35.06,23.9,90.87,48.67
2012-06-28,0.0,34.46,23.51,99.92,56.77
2012-06-29,11.78,31.94,23.76,97.9,70.02
2012-06-30,0.0,30.99,22.89,98.98,75.1
2012-07-01,1.12,31.15,24.21,99.55,73.82
2012-07-02,25.72,29.46,23.98,98.81,85.32
2012-07-03,7.98,29.09,23.22,99.51,83.95
2012-07-04,1.48,31.12,23.98,99.7,72.94
2012-07-05,0.0,30.94,24.04,97.35,73.3
2012-07-06,2.92,31.68,24.24,98.57,72.11
2012-07-07,27.06,28.62,23.83,99.58,87.27
2012-07-08,5.61,28.31,23.37,99.39,84.32
2012-07-09,2.44,31.03,23.78,99.28,73.63
2012-07-10,0.03,31.3,24.11,98.46,70.93
2012-07-11,5.72,32.41,24.25,95.69,67.62
2012-07-12,0.19,31.09,24.36,99.45,76.37
2012-07-13,0.0,29.92,24.0,99.48,79.88
2012-07-14,27.02,32.57,24.61,98.37,69.45
2012-07-15,2.92,30.76,23.51,99.91,74.43
2012-07-16,0.69,31.03,23.83,99.36,76.34
2012-07-17,3.02,30.7,24.01,99.2,78.68
2012-07-18,0.49,31.46,24.13,99.04,74.45
2012-07-19,5.73,31.2,24.43,98.93,74.4
2012-07-20,17.96,30.09,23.97,99.75,77.11
2012-07-21,1.6,28.27,23.19,99.89,85.49
2012-07-22,2.58,30.45,23.42,99.24,76.31
2012-07-23,40.78,30.42,24.1,99.27,76.31
2012-07-24,0.02,30.34,23.39,99.73,75.79
2012-07-25,0.05,31.59,24.05,99.39,70.74
2012-07-26,0.04,30.64,24.33,99.34,77.78
2012-07-27,9.18,30.34,24.37,99.36,81.01
2012-07-28,0.0,31.24,23.37,99.22,69.87
2012-07-29,0.0,31.68,24.57,96.46,70.42
2012-07-30,4.5,30.92,24.44,99.17,78.46
2012-07-31,16.85,30.63,24.21,99.67,78.77
2012-08-01,1.75,30.17,24.39,98.97,78.53
2012-08-02,6.28,30.7,23.61,99.35,77.58
2012-08-03,0.0,31.37,23.71,98.25,71.58
2012-08-04,31.72,31.88,23.9,98.82,69.24
2012-08-05,24.97,30.69,23.26,99.95,75.74
2012-08-06,1.45,31.3,23.72,99.65,74.46
2012-08-07,0.0,31.08,23.62,99.26,71.83
2012-08-08,1.26,31.5,24.02,98.89,73.3
2012-08-09,0.0,30.17,24.59,93.57,70.3
2012-08-10,3.25,30.93,23.35,96.46,74.5
2012-08-11,30.48,30.66,23.63,97.88,76.17
2012-08-12,8.65,29.19,23.6,99.56,84.45
2012-08-13,20.57,30.76,23.01,98.9,75.55
2012-08-14,8.56,29.67,23.78,99.53,82.22
2012-08-15,24.71,31.05,23.97,98.25,76.81
2012-08-16,43.26,31.42,24.04,99.82,75.76
2012-08-17,3.82,28.47,23.47,99.75,87.01
2012-08-18,18.01,28.88,23.05,99.78,81.32
2012-08-19,8.03,32.55,23.66,96.75,66.76
2012-08-20,19.31,32.02,24.39,98.47,72.92
2012-08-21,0.11,31.2,24.04,98.89,72.36
2012-08-22,14.07,29.39,23.93,99.28,83.91
2012-08-23,13.64,29.58,23.21,99.62,78.99
2012-08-24,0.0,30.82,22.91,99.33,77.68
2012-08-25,21.76,30.29,23.45,99.62,76.71
2012-08-26,25.27,29.29,23.29,99.97,82.79
2012-08-27,14.23,31.58,23.44,99.43,74.85
2012-08-28,2.63,31.25,23.61,99.59,73.66
2012-08-29,0.0,31.37,23.35,94.91,71.36
2012-08-30,2.46,31.74,24.59,93.94,71.23
2012-08-31,0.01,30.53,24.48,98.88,77.97
2012-09-01,23.49,28.96,23.6,99.47,86.91
2012-09-02,12.72,28.14,22.64,99.78,88.38
2012-09-03,21.28,29.14,23.17,99.72,84.57
2012-09-04,37.57,30.32,23.01,99.91,78.12
2012-09-05,48.85,30.71,23.51,99.52,76.47
2012-09-06,35.86,30.02,23.6,99.83,80.34
2012-09-07,4.57,30.81,23.6,99.58,78.73
2012-09-08,0.06,29.99,22.86,99.35,78.72
2012-09-09,5.06,32.26,23.56,94.45,71.27
2012-09-10,3.88,30.99,23.38,99.51,77.84
2012-09-11,9.83,33.05,23.71,99.6,68.81
2012-09-12,3.18,31.52,23.77,99.05,78.77
2012-09-13,0.0,32.05,24.37,98.93,76.86
2012-09-14,0.0,32.73,24.64,95.93,69.74
2012-09-15,0.01,32.43,24.06,98.87,70.85
2012-09-16,0.0,33.36,24.4,97.15,69.75
2012-09-17,1.34,32.77,24.73,95.79,70.97
2012-09-18,6.47,32.17,24.02,97.93,70.62
2012-09-19,8.42,29.84,23.54,99.49,81.65
2012-09-20,0.12,31.59,23.39,98.04,71.18
2012-09-21,0.0,31.32,23.36,99.63,76.63
2012-09-22,0.37,27.92,22.71,99.75,88.21
2012-09-23,13.88,30.44,23.38,99.62,80.79
2012-09-24,2.28,27.48,22.75,99.17,89.37
2012-09-25,0.0,32.86,22.86,99.5,66.17
2012-09-26,0.14,33.19,23.91,99.51,73.28
2012-09-27,14.57,32.77,24.18,98.94,74.6
2012-09-28,10.95,31.42,23.74,98.84,75.45
2012-09-29,0.18,31.5,23.46,99.54,75.74
2012-09-30,0.0,32.64,23.15,98.52,68.0
2012-10-01,0.0,33.59,23.48,99.81,67.83
2012-10-02,0.0,35.1,24.4,99.99,64.89
2012-10-03,11.81,33.28,24.18,99.65,73.47
2012-10-04,0.05,31.19,23.1,99.46,81.28
2012-10-05,0.22,31.71,22.88,99.26,78.39
2012-10-06,0.03,33.55,23.66,99.4,74.18
2012-10-07,0.0,33.56,24.42,99.27,68.63
2012-10-08,0.0,33.04,23.11,99.34,70.1
2012-10-09,0.0,33.07,23.59,99.06,71.12
2012-10-10,3.92,32.43,24.14,99.18,76.6
2012-10-11,0.08,32.84,23.45,99.19,75.32
2012-10-12,0.29,33.02,23.77,99.46,74.83
2012-10-13,0.15,33.47,24.58,99.51,70.35
2012-10-14,0.0,32.83,24.6,99.93,73.08
2012-10-15,0.0,33.46,24.39,99.96,71.58
2012-10-16,0.0,33.3,24.55,99.42,73.13
2012-10-17,0.05,33.35,24.23,99.69,66.94
2012-10-18,0.0,32.75,23.64,99.99,69.49
2012-10-19,0.0,31.79,23.07,97.11,65.04
2012-10-20,0.0,32.91,22.75,87.79,60.43
2012-10-21,0.01,32.61,23.52,99.99,70.9
2012-10-22,0.0,32.93,23.74,100.0,65.59
2012-10-23,0.0,33.77,23.9,100.0,67.88
2012-10-24,0.0,34.3,24.15,100.0,69.62
2012-10-25,0.0,34.1,23.95,99.86,67.15
2012-10-26,0.0,34.41,24.37,99.92,63.72
2012-10-27,0.0,33.22,24.08,99.46,69.26
2012-10-28,0.0,34.1,23.85,99.94,64.48
2012-10-29,0.0,33.4,23.87,99.99,69.63
2012-10-30,0.0,33.35,23.57,100.0,67.35
2012-10-31,0.0,32.43,23.34,99.8,75.25
2012-11-01,0.0,32.43,21.17,99.21,76.49
2012-11-02,0.0,35.42,21.32,99.77,56.84
2012-11-03,0.0,37.43,22.22,99.95,46.28
2012-11-04,0.0,34.76,22.28,98.73,71.82
2012-11-05,0.0,32.1,21.66,99.29,84.47
2012-11-06,0.0,32.35,21.86,99.61,83.72
2012-11-07,0.0,33.46,21.44,99.36,68.78
2012-11-08,0.0,35.26,21.72,99.77,49.05
2012-11-09,0.0,35.51,21.64,100.0,54.42
2012-11-10,0.99,33.21,22.2,99.15,78.89
2012-11-11,0.0,32.63,21.46,98.62,82.21
2012-11-12,0.0,33.16,21.8,99.6,78.99
2012-11-13,0.0,33.86,21.87,99.99,65.84
2012-11-14,0.0,35.79,21.13,94.06,46.07
2012-11-15,0.0,35.89,21.26,90.09,41.99
2012-11-16,0.0,35.62,21.5,91.18,40.43
2012-11-17,0.0,36.98,21.33,91.56,36.7
2012-11-18,0.0,37.12,21.51,79.29,34.19
2012-11-19,0.0,35.91,21.87,98.41,53.16
2012-11-20,0.0,34.89,21.7,99.33,53.94
2012-11-21,0.0,34.13,21.13,99.48,48.57
2012-11-22,0.0,35.17,20.44,90.18,40.55
2012-11-23,0.0,35.25,20.44,79.63,38.42
2012-11-24,0.0,33.07,20.46,89.81,48.56
2012-11-25,0.0,33.62,20.68,99.7,53.97
2012-11-26,0.0,33.08,20.43,99.19,56.42
2012-11-27,0.0,34.92,21.03,88.01,43.12
2012-11-28,0.0,34.63,21.27,79.74,43.02
2012-11-29,0.0,33.73,21.56,82.48,45.75
2012-11-30,0.0,35.35,21.9,84.78,36.84
2012-12-01,0.0,32.68,19.77,62.87,38.86
2012-12-02,0.0,31.48,18.63,63.35,37.31
2012-12-03,0.0,29.04,19.07,70.59,44.46
2012-12-04,0.0,28.28,17.13,76.54,40.28
2012-12-05,0.0,29.44,17.18,56.22,32.51
2012-12-06,0.0,33.17,16.41,56.06,26.95
2012-12-07,0.0,34.46,16.92,56.94,28.39
2012-12-08,0.0,35.41,17.77,56.0,22.91
2012-12-09,0.0,34.5,17.29,46.54,21.82
2012-12-10,0.0,34.92,17.25,46.71,22.21
2012-12-11,0.0,36.18,18.08,55.87,25.32
2012-12-12,0.0,34.32,17.55,64.67,26.4
2012-12-13,0.0,30.22,16.71,89.92,41.8
2012-12-14,0.0,34.48,16.39,68.55,24.18
2012-12-15,0.0,33.66,17.14,47.72,22.16
2012-12-16,0.0,34.16,17.23,43.45,21.51
2012-12-17,0.0,31.72,16.49,43.97,21.62
2012-12-18,0.0,33.66,16.21,45.81,22.44
2012-12-19,0.0,35.31,17.19,58.83,24.83
2012-12-20,0.0,36.55,18.36,55.52,24.83
2012-12-21,0.0,35.94,18.1,45.42,19.39
2012-12-22,0.0,35.53,17.14,52.85,22.32
2012-12-23,0.0,35.82,17.7,59.38,26.34
2012-12-24,0.0,33.43,18.22,99.35,48.57
2012-12-25,0.0,35.2,18.11,86.45,23.51
2012-12-26,0.0,34.97,18.0,55.2,22.26
2012-12-27,0.0,35.02,17.4,52.0,21.35
2012-12-28,0.0,34.62,16.57,54.56,21.24
2012-12-29,0.0,32.86,16.77,43.73,21.39
2012-12-30,0.0,30.53,15.35,45.1,23.18
2012-12-31,0.0,31.37,14.81,47.54,19.98
2013-01-01,0.0,31.88,14.98,49.02,23.33
2013-01-02,0.0,33.88,16.23,46.42,22.25
2013-01-03,0.0,34.07,17.11,45.25,22.57
2013-01-04,0.0,34.31,18.03,40.09,20.18
2013-01-05,0.0,29.95,15.92,42.79,21.59
2013-01-06,0.0,31.31,15.98,48.12,24.19
2013-01-07,0.0,32.62,14.51,55.41,22.99
2013-01-08,0.0,33.98,15.31,46.14,20.07
2013-01-09,0.0,34.63,16.3,47.03,23.53
2013-01-10,0.0,34.49,17.18,51.51,24.13
2013-01-11,0.0,36.19,18.54,47.21,20.9
2013-01-12,0.0,37.71,18.96,41.51,16.91
2013-01-13,0.0,37.94,18.82,42.73,16.65
2013-01-14,0.0,37.53,17.96,42.73,17.64
2013-01-15,0.0,35.86,17.35,39.14,15.39
2013-01-16,0.0,33.12,16.11,35.02,16.99
2013-01-17,0.0,32.28,16.82,35.02,17.45
2013-01-18,0.0,32.64,17.76,31.59,16.26
2013-01-19,0.0,32.75,15.14,35.12,15.02
2013-01-20,0.0,32.58,15.36,35.15,14.4
2013-01-21,0.0,35.0,16.0,46.4,17.1
2013-01-22,0.0,34.18,17.37,76.58,34.28
2013-01-23,0.0,35.07,18.34,66.07,30.83
2013-01-24,0.0,33.55,17.58,60.51,29.48
2013-01-25,0.07,30.54,18.6,54.29,31.7
2013-01-26,0.72,30.7,18.63,72.09,38.37
2013-01-27,0.0,34.73,17.96,83.48,34.09
2013-01-28,0.0,35.33,16.66,92.43,28.39
2013-01-29,0.0,36.84,17.3,47.57,22.71
2013-01-30,0.0,37.53,19.16,48.62,20.8
2013-01-31,0.0,38.82,19.45,44.0,21.57
2013-02-01,0.0,39.79,20.87,44.99,16.97
2013-02-02,0.0,38.95,20.44,36.97,15.47
2013-02-03,0.0,37.23,19.13,39.04,16.6
2013-02-04,0.0,37.53,19.71,44.55,16.64
2013-02-05,0.0,38.97,19.64,57.5,15.4
2013-02-06,0.0,38.02,21.26,34.01,14.89
2013-02-07,0.0,37.94,19.66,37.29,13.88
2013-02-08,0.0,38.1,19.27,32.28,12.67
2013-02-09,0.0,37.76,19.67,42.12,14.7
2013-02-10,0.0,35.56,18.69,53.44,18.58
2013-02-11,0.0,35.68,18.4,71.76,29.73
2013-02-12,0.0,33.26,18.08,97.8,51.06
2013-02-13,0.0,38.46,19.23,77.89,26.43
2013-02-14,0.0,39.97,19.57,53.39,17.39
2013-02-15,0.0,38.57,19.07,49.65,16.0
2013-02-16,0.0,36.28,18.1,65.79,26.56
2013-02-17,0.0,37.03,17.6,83.33,21.17
2013-02-18,0.0,38.87,18.41,75.9,20.33
2013-02-19,0.0,37.75,18.46,61.53,14.73
2013-02-20,0.0,35.5,17.29,50.08,22.16
2013-02-21,0.0,37.76,17.65,47.0,16.83
2013-02-22,0.0,37.02,18.06,46.03,18.32
2013-02-23,0.0,38.3,19.18,46.21,17.47
2013-02-24,0.0,39.76,19.34,38.83,15.4
2013-02-25,0.0,39.67,19.04,55.58,16.57
2013-02-26,0.0,37.61,18.92,61.54,24.2
2013-02-27,0.0,33.37,17.4,81.78,40.16
2013-02-28,0.0,35.73,17.23,81.89,29.69
2013-03-01,0.0,36.94,19.16,62.92,25.98
2013-03-02,0.0,37.86,20.62,59.66,25.05
2013-03-03,0.0,38.93,20.26,63.02,24.81
2013-03-04,0.0,34.85,19.2,76.26,41.25
2013-03-05,0.0,34.29,18.13,92.66,38.63
2013-03-06,0.0,36.1,18.43,87.24,36.38
2013-03-07,0.0,38.81,20.22,72.46,32.38
2013-03-08,0.0,40.68,20.44,72.94,28.36
2013-03-09,0.0,39.37,19.93,82.06,32.89
2013-03-10,0.0,39.99,20.18,82.13,30.73
2013-03-11,0.0,41.87,21.01,72.53,21.58
2013-03-12,0.0,39.91,21.51,78.08,31.56
2013-03-13,0.0,39.32,20.73,79.75,29.07
2013-03-14,0.0,41.52,20.59,74.42,16.43
2013-03-15,0.0,38.04,19.82,84.1,33.68
2013-03-16,0.0,37.31,20.36,77.56,33.43
2013-03-17,0.0,37.25,19.35,77.32,30.61
2013-03-18,0.0,36.8,19.41,80.94,35.42
2013-03-19,0.0,34.22,19.34,85.03,39.31
2013-03-20,0.0,37.28,19.38,93.59,38.22
2013-03-21,0.0,38.86,19.77,95.81,34.57
2013-03-22,0.0,37.65,19.76,88.42,36.34
2013-03-23,0.0,36.26,19.86,93.34,42.93
2013-03-24,0.0,39.39,19.97,90.52,30.02
2013-03-25,0.0,41.88,20.65,76.46,19.02
2013-03-26,0.0,40.31,21.13,64.98,21.9
2013-03-27,0.0,37.06,19.51,77.39,29.94
2013-03-28,0.0,37.35,18.59,88.5,33.98
2013-03-29,0.0,41.69,20.23,70.46,16.43
2013-03-30,0.0,42.43,21.05,61.72,17.88
2013-03-31,0.0,41.52,21.24,63.75,16.82
2013-04-01,0.0,36.04,19.75,81.59,35.83
2013-04-02,0.0,32.69,18.93,93.91,49.58
2013-04-03,0.0,35.78,18.66,95.26,38.4
2013-04-04,0.0,36.59,18.97,78.8,31.9
2013-04-05,0.0,37.55,19.18,66.2,19.28
2013-04-06,0.0,41.08,20.59,48.23,16.45
2013-04-07,0.0,39.58,20.88,81.83,25.0
2013-04-08,0.0,35.15,20.21,72.58,32.0
2013-04-09,0.0,35.66,18.5,69.43,28.58
2013-04-10,0.0,38.34,20.08,63.68,24.49
2013-04-11,0.0,38.08,20.36,65.88,28.24
2013-04-12,0.0,37.64,20.28,82.24,34.1
2013-04-13,0.0,34.97,19.87,95.97,43.97
2013-04-14,0.0,34.96,19.79,98.02,49.23
2013-04-15,0.0,37.29,19.96,91.77,36.09
2013-04-16,0.0,38.75,20.18,84.59,31.87
2013-04-17,0.0,37.82,20.15,88.36,35.94
2013-04-18,0.0,34.94,18.74,99.48,41.36
2013-04-19,0.0,32.43,18.31,98.9,50.27
2013-04-20,0.0,32.67,18.17,99.99,49.62
2013-04-21,0.0,35.56,18.76,97.26,40.74
2013-04-22,0.0,36.73,19.27,92.72,39.39
2013-04-23,0.0,35.93,19.49,97.78,42.59
2013-04-24,0.0,32.26,19.55,99.68,56.8
2013-04-25,0.0,34.64,20.45,96.34,48.92
2013-04-26,0.0,33.61,19.56,99.97,60.64
2013-04-27,0.0,34.54,19.67,100.0,52.7
2013-04-28,0.0,37.1,19.93,100.0,40.46
2013-04-29,0.0,36.55,19.92,99.37,40.64
2013-04-30,0.0,37.18,19.75,87.3,33.05
2013-05-01,0.0,35.97,20.09,83.12,34.6
2013-05-02,0.0,38.41,20.58,76.24,22.77
2013-05-03,0.0,39.85,21.05,72.1,18.86
2013-05-04,0.0,40.21,21.49,62.28,17.5
2013-05-05,0.0,41.35,21.4,68.31,15.98
2013-05-06,0.0,38.65,22.29,70.01,30.71
2013-05-07,0.0,37.42,21.61,89.08,35.91
2013-05-08,0.0,35.62,21.12,98.23,44.06
2013-05-09,0.0,35.16,21.08,98.88,48.94
2013-05-10,0.0,35.03,21.57,99.45,49.49
2013-05-11,0.0,33.87,21.2,98.81,54.58
2013-05-12,0.0,33.94,22.24,98.72,50.21
2013-05-13,0.0,35.84,21.52,98.72,49.17
2013-05-14,0.0,34.94,22.13,98.62,55.1
2013-05-15,0.0,38.82,21.95,99.01,35.99
2013-05-16,0.0,36.73,21.59,99.83,40.08
2013-05-17,0.0,35.74,21.36,98.42,38.99
2013-05-18,0.0,37.51,22.4,89.63,35.87
2013-05-19,0.0,36.15,22.71,96.99,45.02
2013-05-20,0.0,37.22,22.49,98.21,45.27
2013-05-21,0.0,37.19,22.91,99.94,47.0
2013-05-22,0.0,35.91,22.82,98.23,55.34
2013-05-23,0.0,36.78,23.76,96.48,53.37
2013-05-24,0.0,36.89,23.87,97.07,54.44
2013-05-25,0.0,36.55,23.98,95.98,53.02
2013-05-26,0.0,36.14,23.49,97.17,55.32
2013-05-27,0.0,35.04,23.7,96.76,56.5
2013-05-28,0.0,35.6,24.02,97.81,51.6
2013-05-29,0.0,37.18,23.77,98.21,51.61
2013-05-30,0.0,37.09,23.86,97.61,51.96
2013-05-31,10.08,37.4,23.89,99.34,50.98
2013-06-01,0.03,34.72,24.92,96.74,57.85
2013-06-02,0.0,31.43,24.09,97.97,74.57
2013-06-03,0.0,33.04,22.94,99.49,52.49
2013-06-04,0.0,33.83,22.59,88.77,45.31
2013-06-05,0.0,34.79,22.98,85.66,46.23
2013-06-06,0.0,34.64,23.72,85.47,44.87
2013-06-07,2.1,35.13,23.96,90.0,48.64
2013-06-08,0.0,35.06,24.49,98.99,54.24
2013-06-09,0.0,34.33,23.42,99.14,57.68
2013-06-10,0.0,36.35,24.56,92.93,46.1
2013-06-11,0.0,34.25,24.32,92.51,58.91
2013-06-12,0.0,33.64,24.13,98.87,61.2
2013-06-13,0.0,35.08,24.66,98.52,56.14
2013-06-14,0.0,34.25,24.42,94.42,55.72
2013-06-15,0.0,35.0,24.99,94.97,56.0
2013-06-16,0.0,33.41,24.88,97.16,61.58
2013-06-17,0.0,34.98,24.24,98.85,54.97
2013-06-18,0.0,34.9,24.77,93.05,55.59
2013-06-19,0.0,34.32,24.65,94.99,56.92
2013-06-20,0.0,35.37,24.57,94.99,51.12
2013-06-21,0.0,34.87,25.58,85.92,52.7
2013-06-22,0.0,34.46,24.96,93.72,53.95
2013-06-23,0.0,35.46,25.03,87.58,51.41
2013-06-24,0.0,36.19,25.48,85.94,51.13
2013-06-25,0.0,34.54,25.48,94.03,56.65
2013-06-26,0.0,34.5,24.93,88.55,53.95
2013-06-27,0.0,33.62,24.76,96.21,60.33
2013-06-28,0.0,33.22,24.75,95.74,55.82
2013-06-29,16.01,36.0,24.4,86.26,46.34
2013-06-30,6.32,31.05,23.03,99.18,76.21
2013-07-01,0.0,31.31,23.56,99.81,75.29
2013-07-02,0.0,29.57,23.47,99.54,79.41
2013-07-03,17.5,32.0,23.69,99.31,72.3
2013-07-04,0.0,32.39,23.66,99.22,72.94
2013-07-05,0.0,31.24,24.78,98.63,73.79
2013-07-06,0.0,31.4,24.81,98.37,73.97
2013-07-07,4.7,32.28,24.29,98.82,69.88
2013-07-08,20.73,29.98,24.11,99.45,83.56
2013-07-09,0.0,31.23,23.98,99.59,75.72
2013-07-10,10.95,30.63,23.85,99.31,70.96
2013-07-11,0.0,30.62,23.05,99.41,69.55
2013-07-12,0.03,31.61,23.21,93.44,65.27
2013-07-13,0.23,31.97,24.18,97.58,68.86
2013-07-14,4.44,32.25,24.26,98.28,71.6
2013-07-15,0.0,32.27,24.52,96.88,68.33
2013-07-16,7.47,32.44,24.69,96.15,69.23
2013-07-17,0.0,32.49,24.4,99.6,69.26
2013-07-18,0.68,30.96,24.5,98.69,78.37
2013-07-19,0.02,31.99,25.36,96.48,69.02
2013-07-20,7.05,32.29,24.77,98.13,73.7
2013-07-21,8.32,31.25,23.57,99.26,74.27
2013-07-22,9.5,31.27,23.85,99.38,75.58
2013-07-23,0.45,29.6,23.41,99.04,80.99
2013-07-24,0.0,32.57,23.86,96.83,68.85
2013-07-25,0.17,32.39,25.23,94.17,70.12
2013-07-26,0.0,31.83,24.8,98.71,71.5
2013-07-27,0.0,28.65,23.33,99.52,85.21
2013-07-28,0.0,32.56,24.33,94.37,68.64
2013-07-29,0.0,32.2,25.28,93.9,69.67
2013-07-30,1.48,31.37,25.36,98.73,72.9
2013-07-31,37.87,29.85,23.93,99.26,82.94
2013-08-01,0.0,28.96,23.5,99.65,82.15
2013-08-02,13.92,31.21,23.76,99.5,70.7
2013-08-03,5.91,29.28,23.48,98.78,79.83
2013-08-04,3.35,31.95,24.0,98.61,72.05
2013-08-05,0.0,32.25,24.57,98.92,71.5
2013-08-06,0.18,31.4,24.55,99.54,76.4
2013-08-07,22.29,30.52,23.79,99.31,77.51
2013-08-08,0.0,31.62,23.88,99.28,73.41
2013-08-09,35.77,31.54,24.89,98.61,74.26
2013-08-10,3.6,30.11,23.96,99.29,77.32
2013-08-11,54.31,30.37,23.39,99.79,77.26
2013-08-12,41.99,28.55,23.51,99.92,88.42
2013-08-13,8.33,29.24,23.18,99.8,81.05
2013-08-14,5.63,30.2,23.24,98.7,73.03
2013-08-15,10.7,31.68,23.89,93.16,69.59
2013-08-16,3.17,30.88,23.83,98.75,76.1
2013-08-17,0.0,32.42,24.13,96.93,67.95
2013-08-18,14.71,29.59,24.11,99.79,79.09
2013-08-19,3.87,28.1,23.69,99.78,89.69
2013-08-20,4.5,29.96,23.03,99.78,80.54
2013-08-21,0.0,31.02,23.94,98.63,72.42
2013-08-22,0.8,30.68,24.15,99.88,78.05
2013-08-23,0.02,32.48,23.75,99.43,68.92
2013-08-24,0.01,33.34,24.19,98.19,67.6
2013-08-25,1.53,29.16,24.02,99.59,85.04
2013-08-26,0.28,33.22,24.14,99.66,68.4
2013-08-27,2.34,32.58,24.16,99.65,71.5
2013-08-28,0.05,32.74,24.29,98.57,70.28
2013-08-29,8.32,32.14,24.76,99.32,68.76
2013-08-30,32.51,27.08,22.68,99.74,90.3
2013-08-31,0.07,27.52,22.56,99.82,85.47
2013-09-01,0.0,32.73,22.31,98.29,65.58
2013-09-02,0.28,32.96,24.61,96.01,67.96
2013-09-03,10.79,33.2,23.96,99.15,68.22
2013-09-04,33.99,30.0,23.4,98.91,84.05
2013-09-05,0.0,29.71,22.24,99.81,77.32
2013-09-06,21.96,28.8,23.41,98.95,83.66
2013-09-07,34.58,29.18,22.56,98.75,84.89
2013-09-08,14.98,29.61,23.35,99.33,80.65
2013-09-09,1.46,27.98,22.85,98.57,87.62
2013-09-10,0.0,31.41,22.81,98.58,72.48
2013-09-11,0.0,32.81,23.31,97.48,67.48
2013-09-12,2.98,32.05,24.14,95.42,70.36
2013-09-13,0.06,32.96,23.67,99.88,71.75
2013-09-14,3.03,31.86,23.26,99.2,73.17
2013-09-15,0.0,29.01,23.3,99.3,82.34
2013-09-16,0.05,31.36,23.3,97.81,74.36
2013-09-17,3.02,31.58,23.69,99.22,73.14
2013-09-18,1.24,31.3,23.82,98.67,79.54
2013-09-19,16.15,31.8,23.82,98.27,74.77
2013-09-20,0.0,31.23,23.34,98.77,75.2
2013-09-21,0.0,33.69,23.98,95.03,62.94
2013-09-22,2.94,33.62,24.31,96.43,68.39
2013-09-23,0.0,33.79,23.96,98.77,67.1
2013-09-24,0.0,31.89,24.8,97.97,73.08
2013-09-25,0.0,33.44,25.12,91.59,69.19
2013-09-26,0.86,33.11,25.0,96.13,72.16
2013-09-27,13.57,30.81,23.45,98.84,78.92
2013-09-28,0.0,31.84,23.04,97.89,75.69
2013-09-29,0.0,32.27,23.93,98.78,75.83
2013-09-30,0.0,33.36,24.64,99.02,69.99
2013-10-01,0.18,32.75,24.81,98.92,74.89
2013-10-02,0.0,32.33,24.15,98.95,75.67
2013-10-03,0.03,34.28,24.57,99.38,63.12
2013-10-04,0.0,33.45,23.69,97.45,68.43
2013-10-05,1.38,32.41,23.8,99.11,78.49
2013-10-06,15.49,32.74,23.35,99.26,77.4
2013-10-07,0.14,31.99,22.63,99.73,77.04
2013-10-08,0.0,32.71,23.11,99.56,74.07
2013-10-09,15.53,32.77,23.33,99.65,74.22
2013-10-10,0.0,32.61,23.3,99.74,69.24
2013-10-11,6.13,31.71,23.76,99.55,78.14
2013-10-12,18.74,31.39,23.17,99.51,78.83
2013-10-13,19.98,33.83,23.73,99.85,71.49
2013-10-14,0.0,33.48,23.23,99.52,72.53
2013-10-15,0.0,33.42,23.66,99.28,72.57
2013-10-16,1.34,33.51,24.28,99.39,71.0
2013-10-17,0.0,30.86,23.27,99.03,82.95
2013-10-18,0.03,32.4,23.19,99.51,71.75
2013-10-19,0.0,32.88,23.41,99.34,69.98
2013-10-20,0.0,33.75,24.59,97.71,69.67
2013-10-21,0.0,32.98,24.33,99.08,73.63
2013-10-22,1.0,32.42,23.16,99.34,76.76
2013-10-23,0.0,32.61,23.09,99.0,71.78
2013-10-24,0.0,32.97,23.42,99.29,72.95
2013-10-25,0.0,33.18,24.26,98.89,68.03
2013-10-26,0.0,31.8,24.55,99.69,75.59
2013-10-27,5.85,31.1,23.4,99.53,80.14
2013-10-28,0.0,31.74,22.41,99.27,70.59
2013-10-29,0.0,32.23,23.2,99.44,71.59
2013-10-30,0.0,32.91,21.84,97.94,50.09
2013-10-31,0.0,32.29,22.59,85.78,52.61
2013-11-01,0.0,32.06,20.94,92.69,57.66
2013-11-02,0.0,31.58,21.6,96.62,65.95
2013-11-03,0.0,31.43,20.3,99.9,60.74
2013-11-04,0.0,33.62,20.26,88.99,51.54
2013-11-05,0.0,34.44,21.44,99.62,59.57
2013-11-06,0.0,34.49,22.12,100.0,62.88
2013-11-07,0.0,33.75,22.17,100.0,72.52
2013-11-08,0.0,34.56,21.78,100.0,57.6
2013-11-09,0.0,35.21,21.04,97.2,50.61
2013-11-10,0.0,36.55,21.78,100.0,36.69
2013-11-11,0.0,37.27,22.27,69.45,31.83
2013-11-12,0.0,37.23,20.87,74.4,34.03
2013-11-13,0.0,35.19,21.98,100.0,52.56
2013-11-14,0.0,34.4,21.04,99.25,56.36
2013-11-15,0.0,33.59,21.14,99.83,63.43
2013-11-16,0.0,33.54,21.05,99.38,57.25
2013-11-17,0.0,33.87,20.99,75.6,33.77
2013-11-18,0.0,32.3,20.73,74.5,38.64
2013-11-19,0.0,32.81,21.07,68.55,38.21
2013-11-20,0.0,31.27,20.79,68.17,39.35
2013-11-21,0.0,28.7,17.52,94.46,63.5
2013-11-22,0.0,30.35,17.67,88.91,45.23
2013-11-23,0.0,33.49,18.86,78.24,34.58
2013-11-24,0.0,35.06,19.54,70.82,34.47
2013-11-25,0.0,33.43,18.69,95.27,40.04
2013-11-26,0.0,31.37,18.62,98.14,52.01
2013-11-27,0.0,33.31,18.52,100.0,50.13
2013-11-28,0.0,34.1,19.41,99.61,44.45
2013-11-29,0.0,36.74,20.3,75.49,36.08
2013-11-30,0.0,38.41,21.99,80.03,32.13
2013-12-01,0.0,36.0,20.85,99.64,49.83
2013-12-02,0.0,35.47,20.7,99.76,66.51
2013-12-03,0.0,36.45,20.79,99.21,53.34
2013-12-04,0.0,36.57,20.24,99.6,45.07
2013-12-05,0.0,36.6,20.76,94.23,45.58
2013-12-06,0.0,37.84,20.23,73.59,30.83
2013-12-07,0.0,37.56,19.65,69.85,31.94
2013-12-08,0.0,36.47,19.92,72.82,34.48
2013-12-09,0.0,36.35,18.99,64.26,27.74
2013-12-10,0.0,35.93,18.36,62.76,29.62
2013-12-11,0.0,34.51,17.78,57.6,25.98
2013-12-12,0.0,33.73,16.17,51.95,26.39
2013-12-13,0.0,32.33,16.73,74.87,34.23
2013-12-14,0.0,32.29,16.8,81.4,32.04
2013-12-15,0.0,31.73,16.47,66.86,34.21
2013-12-16,0.0,32.59,16.28,63.51,32.9
2013-12-17,0.07,33.22,19.27,59.87,33.99
2013-12-18,0.0,33.13,19.92,45.85,21.92
2013-12-19,0.0,32.24,18.43,42.59,20.65
2013-12-20,0.0,32.67,18.11,42.67,21.56
2013-12-21,0.0,31.74,15.5,50.34,25.57
2013-12-22,0.0,31.63,15.83,47.8,24.84
2013-12-23,0.0,29.71,15.82,48.9,26.29
2013-12-24,0.0,30.16,14.86,54.55,28.59
2013-12-25,0.0,29.7,15.64,47.88,23.95
2013-12-26,0.0,29.3,17.44,57.09,23.1
2013-12-27,0.0,33.4,17.86,52.76,25.13
2013-12-28,0.0,34.88,17.26,52.37,24.52
2013-12-29,0.0,32.76,16.96,60.05,24.96
2013-12-30,0.0,31.86,16.68,77.0,39.07
2013-12-31,0.0,30.5,15.3,81.09,38.43
2014-01-01,0.0,34.61,16.41,83.06,22.9
2014-01-02,0.0,33.76,17.21,55.02,24.75
2014-01-03,0.0,34.65,17.15,54.08,27.15
2014-01-04,0.0,34.43,17.44,50.48,23.75
2014-01-05,0.0,33.77,16.54,51.8,23.84
2014-01-06,0.0,33.69,16.56,52.66,21.53
2014-01-07,0.0,34.83,17.61,47.7,21.12
2014-01-08,0.0,35.68,19.03,50.4,22.91
2014-01-09,0.0,34.41,18.39,71.9,29.44
2014-01-10,0.0,29.5,17.1,82.15,45.04
2014-01-11,0.0,30.06,16.33,63.16,35.07
2014-01-12,0.0,34.72,17.58,62.28,26.92
2014-01-13,0.0,38.65,18.61,54.84,19.8
2014-01-14,0.0,38.4,18.96,46.95,21.33
2014-01-15,0.0,37.3,18.16,58.63,21.95
2014-01-16,0.0,35.59,17.26,53.44,23.54
2014-01-17,0.0,31.19,15.74,88.39,43.1
2014-01-18,0.0,32.77,15.2,85.5,33.82
2014-01-19,0.0,32.33,15.82,70.63,31.63
2014-01-20,0.0,34.04,16.3,58.47,28.33
2014-01-21,0.0,35.06,16.82,56.46,26.18
2014-01-22,0.0,34.17,17.1,59.46,30.35
2014-01-23,0.0,33.67,16.25,61.97,28.98
2014-01-24,0.0,33.5,16.36,59.27,27.94
2014-01-25,0.0,30.68,15.66,77.42,35.11
2014-01-26,0.0,34.42,16.57,74.37,36.95
2014-01-27,0.0,37.09,17.11,97.63,23.08
2014-01-28,0.0,37.26,18.73,44.99,18.3
2014-01-29,0.0,36.89,18.83,66.3,24.34
2014-01-30,0.0,37.35,17.22,86.72,20.98
2014-01-31,0.0,33.06,17.89,57.13,24.29
2014-02-01,0.0,33.15,16.47,46.56,18.35
2014-02-02,0.0,34.76,15.6,42.95,16.41
2014-02-03,0.0,35.49,16.2,37.14,14.6
2014-02-04,0.0,36.0,16.59,42.39,15.61
2014-02-05,0.0,37.34,17.4,42.84,16.25
2014-02-06,0.0,38.62,18.25,41.62,15.3
2014-02-07,0.0,38.72,19.17,34.32,15.14
2014-02-08,0.0,39.33,19.05,35.45,13.23
2014-02-09,0.0,38.59,19.01,35.43,14.18
2014-02-10,0.0,38.04,17.65,35.55,13.99
2014-02-11,0.0,37.74,18.34,35.79,12.8
2014-02-12,0.0,37.16,17.26,43.25,14.97
2014-02-13,0.0,37.81,17.68,41.75,14.13
2014-02-14,0.0,34.92,17.74,37.87,14.96
2014-02-15,0.0,34.78,17.97,51.31,17.27
2014-02-16,0.0,30.08,15.48,83.06,24.03
2014-02-17,0.0,31.19,14.2,59.34,26.54
2014-02-18,0.0,33.03,15.21,55.81,24.47
2014-02-19,0.0,35.28,17.3,49.91,23.31
2014-02-20,0.0,35.51,18.63,47.18,22.7
2014-02-21,0.0,38.1,19.28,42.34,18.39
2014-02-22,0.0,39.5,19.57,51.9,15.79
2014-02-23,0.0,38.41,18.75,57.95,17.8
2014-02-24,0.0,37.63,18.23,56.47,18.32
2014-02-25,0.0,37.93,18.04,48.05,14.85
2014-02-26,0.0,38.58,18.29,34.63,13.32
2014-02-27,0.0,38.33,18.7,30.62,10.92
2014-02-28,0.0,37.58,20.03,28.52,12.28
2014-03-01,0.0,37.25,19.01,27.4,12.17
2014-03-02,0.0,37.12,17.9,34.41,13.31
2014-03-03,0.0,37.64,17.99,34.25,12.71
2014-03-04,0.0,39.05,18.86,46.85,11.29
2014-03-05,0.0,37.13,18.0,61.92,21.77
2014-03-06,0.0,35.79,17.03,79.83,29.04
2014-03-07,0.0,30.46,16.55,91.18,48.57
2014-03-08,0.0,31.97,17.37,93.54,45.88
2014-03-09,0.0,32.89,16.92,84.43,38.76
2014-03-10,0.0,32.71,16.91,87.98,40.58
2014-03-11,0.0,32.08,17.0,92.26,44.57
2014-03-12,0.0,34.63,17.49,84.89,36.13
2014-03-13,0.0,37.36,17.91,84.13,27.82
2014-03-14,0.0,41.35,19.55,61.59,17.56
2014-03-15,0.0,41.75,20.34,53.57,16.33
2014-03-16,0.0,42.27,20.81,59.8,14.07
2014-03-17,0.0,41.31,20.91,47.4,15.01
2014-03-18,0.0,40.43,20.3,43.37,12.72
2014-03-19,0.0,40.55,19.85,41.57,13.71
2014-03-20,0.0,40.52,19.53,53.91,13.9
2014-03-21,0.0,40.28,19.54,51.95,14.14
2014-03-22,0.0,38.66,18.68,70.6,20.55
2014-03-23,0.0,39.36,19.08,65.71,16.28
2014-03-24,0.0,39.77,19.63,57.71,16.0
2014-03-25,0.0,36.64,17.99,77.69,28.47
2014-03-26,0.0,36.07,18.38,77.16,31.24
2014-03-27,0.0,38.25,19.64,75.17,24.16
2014-03-28,0.0,36.28,19.78,75.87,31.54
2014-03-29,0.0,35.43,17.29,87.53,29.15
2014-03-30,0.0,34.87,17.81,74.52,30.97
2014-03-31,0.0,33.82,17.57,96.48,41.23
2014-04-01,0.0,33.65,18.11,94.7,40.84
2014-04-02,0.0,34.83,18.16,87.76,32.49
2014-04-03,0.0,37.45,19.34,72.22,25.72
2014-04-04,0.0,41.64,20.73,69.93,20.46
2014-04-05,0.0,41.45,21.68,62.43,20.64
2014-04-06,0.0,40.03,19.83,74.39,19.21
2014-04-07,0.0,37.92,19.45,73.89,24.95
2014-04-08,0.0,32.06,16.94,82.11,37.58
2014-04-09,0.0,31.68,18.91,85.64,44.28
2014-04-10,0.0,33.3,18.68,85.37,36.13
2014-04-11,0.0,33.88,17.83,86.27,38.4
2014-04-12,0.0,31.87,17.64,98.33,51.8
2014-04-13,0.0,33.04,17.71,91.71,41.44
2014-04-14,0.0,36.99,19.02,87.22,31.18
2014-04-15,0.0,38.59,19.65,79.97,31.45
2014-04-16,0.0,37.03,19.81,92.72,39.32
2014-04-17,0.0,36.09,20.06,92.98,46.84
2014-04-18,0.0,36.5,20.23,99.0,45.94
2014-04-19,0.0,35.72,20.51,99.45,52.02
2014-04-20,0.0,35.94,20.98,96.69,46.08
2014-04-21,0.0,39.17,20.0,98.76,34.8
2014-04-22,0.0,38.49,21.13,89.08,38.18
2014-04-23,0.0,36.37,20.72,84.42,41.24
2014-04-24,0.0,35.12,21.4,90.73,47.09
2014-04-25,0.0,36.14,20.29,96.23,43.0
2014-04-26,0.0,37.1,21.11,81.47,38.24
2014-04-27,0.0,35.08,20.8,90.54,47.87
2014-04-28,0.0,34.49,20.26,98.02,46.9
2014-04-29,0.0,33.59,20.82,96.68,55.76
2014-04-30,0.0,35.65,21.35,98.42,48.61
2014-05-01,0.0,34.1,20.76,97.2,44.17
2014-05-02,0.0,34.88,20.27,88.73,43.07
2014-05-03,0.0,36.09,20.12,90.47,38.47
2014-05-04,0.0,32.47,20.16,97.67,49.28
2014-05-05,0.0,32.1,20.38,97.03,54.2
2014-05-06,0.0,34.6,20.7,90.33,37.67
2014-05-07,0.0,34.35,20.41,93.39,38.29
2014-05-08,0.0,35.41,20.5,96.9,42.06
2014-05-09,0.0,36.56,20.77,89.71,40.1
2014-05-10,0.0,35.47,20.56,98.78,46.55
2014-05-11,0.0,34.95,20.91,100.0,50.86
2014-05-12,0.0,35.77,21.82,98.7,47.26
2014-05-13,0.0,36.31,21.57,98.51,46.78
2014-05-14,0.0,33.92,21.17,97.68,53.19
2014-05-15,0.0,34.15,22.21,95.24,50.23
2014-05-16,0.0,34.99,22.12,97.98,51.88
2014-05-17,0.0,35.43,21.99,98.96,49.22
2014-05-18,0.0,35.06,21.76,98.89,51.3
2014-05-19,0.0,35.71,22.22,98.4,49.93
2014-05-20,5.37,36.62,22.69,95.68,44.66
2014-05-21,0.0,35.19,22.39,92.23,44.0
2014-05-22,0.0,40.93,23.07,71.6,21.65
2014-05-23,0.0,38.94,22.76,78.37,31.02
2014-05-24,0.0,40.21,22.0,82.88,27.68
2014-05-25,0.0,35.86,21.92,99.22,46.38
2014-05-26,0.0,34.34,22.26,96.38,49.19
2014-05-27,0.0,34.37,21.57,99.92,52.93
2014-05-28,0.0,40.87,22.05,98.57,31.34
2014-05-29,0.0,37.65,22.7,98.83,44.19
2014-05-30,0.0,36.23,22.97,99.65,55.33
2014-05-31,0.0,35.94,23.19,97.66,52.25
2014-06-01,0.0,35.02,24.24,98.73,55.73
2014-06-02,27.89,34.83,22.9,99.79,58.05
2014-06-03,0.0,31.89,23.18,99.04,70.91
2014-06-04,0.0,33.39,21.97,99.99,53.24
2014-06-05,0.0,35.19,24.13,94.26,53.36
2014-06-06,0.08,33.81,24.68,94.89,58.49
2014-06-07,0.0,35.6,24.55,94.86,52.69
2014-06-08,0.0,33.17,24.03,97.37,70.51
2014-06-09,0.0,31.34,24.19,97.29,70.69
2014-06-10,0.0,34.95,23.55,97.19,55.79
2014-06-11,2.48,34.14,25.3,94.05,57.47
2014-06-12,0.31,35.02,23.5,97.06,52.89
2014-06-13,0.02,37.12,23.95,82.2,38.49
2014-06-14,0.48,37.12,24.68,83.19,38.21
2014-06-15,2.98,33.23,23.8,98.79,63.03
2014-06-16,0.0,35.22,23.1,87.59,42.64
2014-06-17,0.0,36.28,24.04,85.57,43.02
2014-06-18,0.0,34.44,24.56,93.93,59.89
2014-06-19,0.0,35.22,24.56,97.82,48.65
2014-06-20,0.0,36.62,25.12,79.73,41.37
2014-06-21,0.0,35.47,24.99,96.75,57.01
2014-06-22,0.0,34.59,25.47,97.11,52.7
2014-06-23,0.0,35.78,24.68,94.55,55.65
2014-06-24,0.12,32.9,24.94,97.53,72.42
2014-06-25,0.0,32.5,25.19,96.94,71.03
2014-06-26,0.0,32.94,24.57,96.93,64.55
2014-06-27,0.0,34.17,24.83,96.64,58.62
2014-06-28,0.0,34.4,24.92,90.52,52.37
2014-06-29,0.0,33.99,24.77,90.9,57.86
2014-06-30,0.03,35.6,25.12,95.84,55.04
2014-07-01,0.0,32.13,24.86,97.55,70.53
2014-07-02,0.0,31.09,24.95,97.35,73.03
2014-07-03,4.52,31.04,24.86,97.9,76.21
2014-07-04,18.67,30.38,24.2,98.89,77.71
2014-07-05,0.0,32.78,24.3,98.8,69.55
2014-07-06,0.0,32.77,24.61,98.45,68.71
2014-07-07,0.0,31.74,24.36,93.17,69.76
2014-07-08,0.0,31.83,25.65,94.48,73.06
2014-07-09,0.74,31.86,24.67,97.12,70.68
2014-07-10,0.0,31.31,24.48,97.54,76.33
2014-07-11,18.27,32.08,24.65,98.49,75.09
2014-07-12,0.0,32.66,24.45,98.33,68.39
2014-07-13,0.0,31.83,24.95,97.65,71.11
2014-07-14,0.0,33.24,25.64,92.0,66.37
2014-07-15,1.3,30.67,24.98,98.53,76.23
2014-07-16,9.85,29.73,24.29,97.99,82.83
2014-07-17,0.01,29.62,23.52,98.3,73.18
2014-07-18,0.0,32.16,24.16,94.3,67.68
2014-07-19,0.01,29.22,23.93,98.91,78.69
2014-07-20,0.0,32.94,24.06,99.65,70.16
2014-07-21,0.0,32.22,25.1,98.46,72.25
2014-07-22,0.0,31.13,24.47,99.79,76.84
2014-07-23,13.39,29.13,24.0,99.18,86.94
2014-07-24,0.0,31.11,23.37,99.33,72.14
2014-07-25,0.08,32.78,24.41,93.83,67.96
2014-07-26,7.63,30.58,24.31,99.69,79.91
2014-07-27,0.0,32.21,24.39,99.26,72.01
2014-07-28,2.65,32.87,24.59,93.45,68.43
2014-07-29,0.0,32.0,25.5,94.52,72.0
2014-07-30,17.93,30.89,24.36,98.83,79.62
2014-07-31,17.65,29.61,24.06,99.98,85.17
2014-08-01,1.3,32.79,23.87,98.55,68.45
2014-08-02,0.15,31.89,24.92,95.8,71.79
2014-08-03,4.29,30.61,24.57,97.03,70.97
2014-08-04,1.24,30.61,23.76,96.58,75.88
2014-08-05,29.64,30.49,23.64,99.71,75.63
2014-08-06,1.49,31.42,23.58,99.61,72.06
2014-08-07,0.0,31.97,24.33,98.57,71.67
2014-08-08,0.27,31.79,24.96,98.88,70.98
2014-08-09,0.74,31.93,25.05,93.53,68.26
2014-08-10,4.43,32.0,23.95,99.13,70.66
2014-08-11,64.4,30.08,23.51,99.25,77.51
2014-08-12,4.31,29.5,23.73,99.6,84.42
2014-08-13,25.74,31.18,24.39,99.51,76.4
2014-08-14,37.25,29.01,23.23,99.96,87.22
2014-08-15,11.31,29.06,23.18,99.82,80.29
2014-08-16,20.22,30.23,23.64,99.43,76.51
2014-08-17,40.35,30.13,23.74,99.37,79.4
2014-08-18,27.75,28.85,23.47,99.85,83.99
2014-08-19,35.47,28.11,23.08,99.95,88.22
2014-08-20,3.02,30.46,23.7,97.77,73.09
2014-08-21,17.1,31.02,24.06,98.98,76.94
2014-08-22,22.54,29.48,23.9,98.46,84.41
2014-08-23,7.31,29.9,23.24,99.7,77.26
2014-08-24,3.05,29.22,23.46,99.35,83.24
2014-08-25,22.89,32.93,23.94,97.84,66.28
2014-08-26,10.25,30.57,23.85,99.52,82.91
2014-08-27,43.8,31.02,24.37,99.98,83.19
2014-08-28,0.36,30.02,23.55,99.8,82.27
2014-08-29,0.9,32.0,24.04,99.46,71.33
2014-08-30,0.09,33.29,24.56,94.79,64.76
2014-08-31,5.59,31.6,24.02,98.1,75.4
2014-09-01,0.0,32.55,23.62,98.78,72.39
2014-09-02,0.0,32.73,24.52,92.32,68.46
2014-09-03,20.42,32.81,23.81,97.43,70.64
2014-09-04,0.63,31.1,22.44,99.71,75.12
2014-09-05,0.0,32.57,23.52,95.7,68.57
2014-09-06,0.0,31.68,24.57,95.46,73.73
2014-09-07,2.38,30.72,24.15,99.33,80.89
2014-09-08,0.63,30.58,23.48,99.54,76.76
2014-09-09,40.89,31.2,23.35,99.49,77.04
2014-09-10,1.26,32.31,23.45,99.57,72.64
2014-09-11,25.49,32.08,23.2,99.11,72.83
2014-09-12,0.0,31.61,23.32,99.02,73.56
2014-09-13,8.17,33.6,24.27,95.92,67.35
2014-09-14,0.01,31.86,23.58,99.39,76.73
2014-09-15,32.38,32.11,23.72,99.35,71.61
2014-09-16,0.17,30.95,22.94,99.74,77.52
2014-09-17,12.65,29.98,23.2,99.72,81.7
2014-09-18,19.48,32.24,23.44,99.62,70.49
2014-09-19,7.79,30.41,22.76,99.96,78.0
2014-09-20,2.54,29.23,23.02,99.74,81.65
2014-09-21,14.23,31.69,22.97,99.57,71.9
2014-09-22,0.0,31.16,22.99,99.49,77.19
2014-09-23,0.59,31.44,23.57,99.14,73.85
2014-09-24,6.08,32.82,23.66,98.44,69.16
2014-09-25,30.51,30.91,23.62,98.56,78.94
2014-09-26,13.14,32.67,23.03,99.4,73.24
2014-09-27,0.0,33.15,23.91,99.62,70.99
2014-09-28,0.0,32.94,24.62,98.37,70.97
2014-09-29,0.0,33.35,24.44,97.19,70.03
2014-09-30,0.0,33.19,24.37,99.2,71.03
2014-10-01,0.0,31.78,23.46,99.25,77.72
2014-10-02,0.0,33.07,24.01,99.41,66.08
2014-10-03,0.0,31.13,23.85,99.35,82.27
2014-10-04,0.15,31.63,24.02,99.49,77.47
2014-10-05,0.0,33.94,23.45,99.58,71.38
2014-10-06,4.81,33.03,23.66,98.6,78.08
2014-10-07,0.27,31.58,23.52,98.96,81.06
2014-10-08,0.08,32.5,22.93,98.98,75.16
2014-10-09,1.45,33.19,23.1,99.35,74.67
2014-10-10,0.0,33.77,23.38,99.67,73.51
2014-10-11,0.0,34.14,24.33,99.1,69.85
2014-10-12,0.0,33.03,24.78,98.89,74.34
2014-10-13,0.0,33.66,24.27,99.31,70.31
2014-10-14,0.0,32.67,24.58,99.33,79.59
2014-10-15,0.0,33.24,23.24,99.3,72.13
2014-10-16,0.0,33.38,24.05,99.29,74.75
2014-10-17,0.0,33.91,23.78,99.26,64.24
2014-10-18,0.0,34.42,24.83,98.57,68.57
2014-10-19,0.0,33.57,24.35,99.39,70.44
2014-10-20,0.01,33.93,24.22,99.74,69.36
2014-10-21,0.0,34.29,23.31,99.57,65.99
2014-10-22,0.0,33.51,24.16,99.76,73.86
2014-10-23,0.0,32.5,24.33,98.69,76.9
2014-10-24,0.0,32.61,24.11,99.06,77.12
2014-10-25,0.0,32.36,23.87,99.4,75.5
2014-10-26,0.0,31.79,23.29,99.21,77.5
2014-10-27,0.0,33.4,23.73,99.02,70.4
2014-10-28,0.0,34.11,24.0,99.42,65.14
2014-10-29,0.0,32.66,23.94,98.84,69.38
2014-10-30,0.0,32.39,23.25,99.59,70.65
2014-10-31,0.0,32.36,23.09,99.92,63.82
2014-11-01,0.0,31.99,20.8,98.7,72.31
2014-11-02,0.0,33.08,21.02,99.8,65.76
2014-11-03,0.0,33.55,21.76,99.2,70.03
2014-11-04,0.0,33.19,21.77,99.3,82.48
2014-11-05,0.0,33.2,22.02,99.37,67.93
2014-11-06,0.0,32.42,20.7,100.0,64.63
2014-11-07,0.0,34.11,20.52,100.0,56.97
2014-11-08,0.0,35.93,21.95,100.0,48.56
2014-11-09,0.0,35.68,22.32,96.8,47.95
2014-11-10,0.0,35.78,21.69,99.71,42.25
2014-11-11,0.0,36.35,20.65,100.0,36.29
2014-11-12,0.0,36.3,20.87,77.16,32.07
2014-11-13,0.0,37.18,20.28,74.91,29.95
2014-11-14,0.0,37.61,21.19,76.46,33.24
2014-11-15,0.0,37.07,21.44,100.0,36.76
2014-11-16,0.0,35.56,21.5,100.0,54.58
2014-11-17,0.0,35.03,20.73,100.0,43.32
2014-11-18,0.0,34.04,19.79,100.0,54.04
2014-11-19,0.0,32.33,20.21,99.53,60.55
2014-11-20,0.0,32.64,21.23,97.76,57.28
2014-11-21,0.0,34.0,20.46,98.34,48.5
2014-11-22,0.0,33.95,21.01,98.25,52.2
2014-11-23,0.0,34.23,21.77,91.58,50.85
2014-11-24,0.0,33.23,21.03,85.15,44.12
2014-11-25,0.0,35.5,21.42,76.16,40.42
2014-11-26,0.0,36.89,20.9,77.39,34.93
2014-11-27,0.0,34.11,20.25,69.31,37.46
2014-11-28,0.0,33.1,19.92,73.84,40.21
2014-11-29,0.0,29.91,18.75,92.17,55.76
2014-11-30,0.0,32.35,18.77,98.11,54.99
2014-12-01,0.0,32.26,19.06,95.98,51.8
2014-12-02,0.0,29.84,19.49,94.69,59.87
2014-12-03,0.0,34.05,19.36,95.83,45.34
2014-12-04,0.0,36.3,20.58,73.75,40.11
2014-12-05,0.0,37.27,21.05,72.58,36.0
2014-12-06,0.0,37.29,20.57,83.48,35.35
2014-12-07,0.0,32.97,19.68,87.97,39.92
2014-12-08,0.0,34.35,19.09,98.9,45.59
2014-12-09,0.0,36.32,20.15,85.1,35.86
2014-12-10,0.0,36.14,19.48,62.12,25.71
2014-12-11,0.0,33.11,17.48,50.07,23.69
2014-12-12,0.0,30.16,17.13,46.68,26.77
2014-12-13,0.0,29.98,16.01,44.96,24.92
2014-12-14,0.0,32.51,16.74,46.72,23.49
2014-12-15,0.0,30.66,17.81,49.53,25.65
2014-12-16,0.0,31.23,18.71,42.63,26.34
2014-12-17,0.0,30.81,16.85,50.83,30.29
2014-12-18,0.0,33.58,18.2,50.37,25.93
2014-12-19,0.0,33.22,17.82,47.72,23.02
2014-12-20,0.0,32.31,17.57,45.79,23.41
2014-12-21,0.0,32.56,17.01,54.56,27.63
2014-12-22,0.0,34.0,17.33,55.83,27.29
2014-12-23,0.0,35.11,18.39,76.0,27.85
2014-12-24,0.0,37.18,18.02,65.03,22.05
2014-12-25,0.0,37.58,19.16,56.95,24.96
2014-12-26,0.0,37.75,19.6,45.84,20.49
2014-12-27,0.0,34.85,18.26,47.27,22.63
2014-12-28,0.0,30.65,15.93,40.45,22.81
2014-12-29,0.0,29.34,14.16,44.8,23.35
2014-12-30,0.0,30.42,13.65,45.54,22.6
2014-12-31,0.0,32.89,15.25,49.83,24.02
2015-01-01,0.0,33.75,16.06,55.37,20.95
2015-01-02,0.0,31.64,16.51,38.35,20.61
2015-01-03,0.0,33.13,15.91,42.29,23.23
2015-01-04,0.0,34.84,18.35,38.63,19.04
2015-01-05,0.0,32.72,17.42,34.66,18.52
2015-01-06,0.0,33.07,16.03,39.54,18.26
2015-01-07,0.0,34.27,15.98,42.1,18.7
2015-01-08,0.0,32.12,16.38,40.44,18.32
2015-01-09,0.0,31.46,16.62,40.41,19.61
2015-01-10,0.0,34.83,17.82,59.03,27.48
2015-01-11,0.0,35.56,17.83,76.99,20.7
2015-01-12,0.0,34.6,18.14,41.35,19.91
2015-01-13,0.0,33.63,17.93,42.27,20.57
2015-01-14,0.0,35.31,17.22,48.4,21.06
2015-01-15,0.0,35.78,17.63,62.17,20.39
2015-01-16,0.0,34.57,17.33,69.81,23.79
2015-01-17,0.0,36.3,17.62,59.68,18.04
2015-01-18,0.0,35.01,16.99,41.66,18.08
2015-01-19,0.0,33.64,17.12,48.27,23.1
2015-01-20,0.0,34.16,16.63,48.2,22.15
2015-01-21,0.0,32.79,16.65,53.54,26.6
2015-01-22,0.0,32.82,18.28,53.74,27.94
2015-01-23,0.0,35.62,18.64,41.47,21.38
2015-01-24,0.0,36.47,18.63,41.38,20.12
2015-01-25,0.0,35.27,17.49,39.94,18.56
2015-01-26,0.0,35.84,17.29,41.5,15.46
2015-01-27,0.0,34.03,17.25,34.37,13.84
2015-01-28,0.0,34.24,17.07,30.93,11.97
2015-01-29,0.0,34.03,17.44,30.69,12.65
2015-01-30,0.0,34.36,16.18,36.66,15.92
2015-01-31,0.0,35.84,17.07,35.16,15.36
2015-02-01,0.0,34.46,17.11,40.65,17.41
2015-02-02,0.0,32.9,17.55,73.01,25.19
2015-02-03,0.0,34.06,17.29,91.56,40.84
2015-02-04,0.0,33.83,16.68,87.62,35.63
2015-02-05,0.0,34.09,17.18,69.72,32.66
2015-02-06,0.0,37.18,17.74,71.4,25.86
2015-02-07,0.0,39.09,18.41,71.52,20.52
2015-02-08,0.0,33.85,17.99,73.99,36.07
2015-02-09,0.0,32.86,17.02,85.83,43.15
2015-02-10,0.0,33.23,17.35,83.12,41.43
2015-02-11,0.0,32.66,17.67,89.27,48.62
2015-02-12,0.0,34.47,17.23,93.06,42.52
2015-02-13,0.0,35.67,17.75,78.98,26.99
2015-02-14,0.0,37.58,19.41,50.6,19.91
2015-02-15,0.0,38.53,19.98,41.88,19.5
2015-02-16,0.0,38.79,19.48,48.73,16.37
2015-02-17,0.0,38.36,19.82,59.78,17.36
2015-02-18,0.0,37.83,21.04,56.19,23.29
2015-02-19,0.0,34.48,18.06,79.17,38.15
2015-02-20,0.0,31.84,17.39,57.72,27.14
2015-02-21,0.0,32.43,15.85,52.23,24.64
2015-02-22,0.0,34.53,16.39,47.88,21.29
2015-02-23,0.0,37.49,17.48,42.9,18.34
2015-02-24,0.0,38.73,18.78,43.75,16.21
2015-02-25,0.0,38.24,18.24,50.7,16.63
2015-02-26,0.0,39.06,18.3,50.39,13.15
2015-02-27,0.0,37.78,19.03,36.32,11.32
2015-02-28,0.0,37.22,19.13,23.25,11.08
2015-03-01,0.0,38.07,18.79,32.2,11.73
2015-03-02,0.0,39.04,18.89,30.45,10.93
2015-03-03,0.0,39.33,19.03,31.84,11.97
2015-03-04,0.0,38.41,18.9,50.76,18.63
2015-03-05,0.0,36.39,18.12,69.96,25.14
2015-03-06,0.0,33.81,17.69,74.97,32.74
2015-03-07,0.0,34.49,18.01,77.43,35.01
2015-03-08,0.0,31.43,17.52,96.36,49.81
2015-03-09,0.0,30.25,18.77,90.93,53.05
2015-03-10,0.0,33.16,18.12,92.72,37.98
2015-03-11,0.0,36.15,18.0,92.6,37.82
2015-03-12,0.0,39.85,19.2,85.11,22.4
2015-03-13,0.0,42.65,21.37,56.24,15.14
2015-03-14,0.0,36.94,20.83,72.78,36.89
2015-03-15,0.0,36.26,19.86,78.77,38.75
2015-03-16,0.0,36.81,19.47,72.75,27.03
2015-03-17,0.0,35.96,18.83,72.22,29.65
2015-03-18,0.0,33.47,20.29,79.79,37.92
2015-03-19,0.0,36.28,20.26,72.33,36.17
2015-03-20,0.0,33.7,18.74,69.45,30.51
2015-03-21,0.0,34.48,19.12,73.78,34.17
2015-03-22,0.0,32.81,18.35,81.01,40.61
2015-03-23,0.0,32.01,17.25,87.96,41.9
2015-03-24,0.0,33.43,16.95,79.02,34.78
2015-03-25,0.0,35.59,16.75,85.0,26.61
2015-03-26,0.0,37.62,18.9,72.72,20.48
2015-03-27,0.0,40.02,20.23,68.73,20.43
2015-03-28,0.0,41.53,20.28,67.5,17.3
2015-03-29,0.0,41.67,21.21,59.87,12.92
2015-03-30,0.0,39.83,20.55,40.98,12.22
2015-03-31,0.0,39.53,19.31,41.84,14.79
2015-04-01,0.0,40.86,20.21,56.29,11.86
2015-04-02,0.0,40.31,20.74,58.08,14.7
2015-04-03,0.0,38.74,20.0,65.54,23.21
2015-04-04,0.0,36.37,19.86,75.15,35.31
2015-04-05,0.0,36.08,19.42,85.13,39.79
2015-04-06,0.0,36.21,19.66,92.74,41.03
2015-04-07,0.0,36.77,19.15,85.04,33.17
2015-04-08,0.0,37.81,20.04,72.46,29.1
2015-04-09,0.0,40.79,20.78,71.77,20.27
2015-04-10,0.0,42.11,22.67,60.91,21.26
2015-04-11,0.0,37.5,20.96,92.24,39.92
2015-04-12,0.0,38.49,20.56,80.5,32.78
2015-04-13,0.0,36.06,19.97,88.82,44.71
2015-04-14,0.0,32.44,20.53,92.85,51.52
2015-04-15,0.0,36.37,20.11,91.43,44.0
2015-04-16,0.0,35.56,20.35,86.62,43.74
2015-04-17,0.0,33.49,19.71,97.59,50.29
2015-04-18,0.0,34.88,19.53,99.62,47.57
2015-04-19,0.0,34.03,19.1,95.98,45.58
2015-04-20,0.0,33.37,19.19,93.23,48.79
2015-04-21,0.0,34.39,19.43,94.92,46.11
2015-04-22,0.0,33.53,19.34,95.08,52.09
2015-04-23,0.0,35.04,19.74,89.41,46.85
2015-04-24,0.0,35.07,19.49,96.9,46.64
2015-04-25,0.0,34.64,20.26,95.29,48.57
2015-04-26,0.0,34.02,20.19,99.31,51.12
2015-04-27,0.0,33.33,21.07,95.72,53.2
2015-04-28,0.0,34.27,21.0,97.66,52.95
2015-04-29,0.0,33.75,21.2,98.24,56.14
2015-04-30,0.0,35.59,21.08,95.01,44.12
2015-05-01,0.0,33.95,21.16,94.48,47.52
2015-05-02,0.0,34.73,21.8,99.12,52.43
2015-05-03,0.0,34.96,22.18,99.44,52.96
2015-05-04,0.32,33.36,21.92,99.89,48.95
2015-05-05,0.0,36.82,21.52,94.51,38.34
2015-05-06,0.02,34.97,21.98,99.51,52.83
2015-05-07,0.0,34.68,22.32,99.51,49.23
2015-05-08,0.0,35.82,21.83,99.9,48.61
2015-05-09,0.0,34.87,22.67,99.96,56.0
2015-05-10,0.0,34.18,22.85,99.18,57.45
2015-05-11,0.0,33.75,22.86,98.02,56.78
2015-05-12,0.0,34.99,22.98,97.83,52.81
2015-05-13,0.0,36.38,22.37,99.17,46.12
2015-05-14,0.0,36.72,22.39,97.3,44.4
2015-05-15,0.0,36.71,22.6,97.79,46.14
2015-05-16,0.0,35.88,22.35,99.78,53.23
2015-05-17,0.0,34.81,22.73,99.48,57.2
2015-05-18,0.0,35.51,23.69,99.84,56.51
2015-05-19,0.0,34.76,23.68,97.74,57.69
2015-05-20,0.0,36.17,23.02,97.73,46.7
2015-05-21,0.0,36.64,22.85,99.58,48.98
2015-05-22,0.0,34.99,23.43,97.71,57.84
2015-05-23,0.0,37.33,22.76,98.41,36.83
2015-05-24,0.0,37.56,22.29,98.92,35.7
2015-05-25,0.0,37.08,23.53,93.73,39.71
2015-05-26,0.0,40.06,22.3,99.2,23.45
2015-05-27,0.0,39.95,22.59,91.96,21.44
2015-05-28,0.0,38.19,22.2,86.46,29.77
2015-05-29,0.0,35.28,22.83,98.36,47.84
2015-05-30,0.0,35.63,23.61,97.7,51.97
2015-05-31,0.0,35.11,24.11,99.22,55.3
2015-06-01,0.0,35.08,24.36,92.69,50.84
2015-06-02,0.0,34.84,25.07,90.69,54.77
2015-06-03,0.0,35.75,24.59,97.69,49.43
2015-06-04,0.0,35.06,22.58,88.45,37.2
2015-06-05,0.0,33.79,22.46,84.89,43.26
2015-06-06,0.0,34.7,23.72,79.78,46.78
2015-06-07,0.0,35.82,24.43,87.11,47.49
2015-06-08,0.0,36.15,23.59,85.15,44.38
2015-06-09,0.0,35.36,24.36,91.05,51.18
2015-06-10,0.0,35.53,24.56,93.62,52.08
2015-06-11,0.0,36.62,24.7,95.24,48.5
2015-06-12,0.0,36.45,24.57,97.94,50.07
2015-06-13,0.0,32.51,24.57,98.88,67.01
2015-06-14,0.0,34.13,24.38,97.45,58.54
2015-06-15,0.0,35.22,25.78,97.17,56.7
2015-06-16,1.9,32.94,25.3,97.58,66.46
2015-06-17,0.0,31.12,24.12,98.3,75.72
2015-06-18,0.0,33.75,24.19,97.74,58.76
2015-06-19,0.23,33.82,24.65,94.3,57.09
2015-06-20,0.0,34.27,24.82,95.64,59.01
2015-06-21,0.05,32.59,24.35,97.83,69.95
2015-06-22,0.0,30.61,25.11,96.84,79.17
2015-06-23,0.0,30.97,23.69,97.71,75.41
2015-06-24,0.0,32.7,23.64,97.01,68.07
2015-06-25,0.0,30.52,24.96,97.79,79.67
2015-06-26,0.0,32.04,24.5,98.3,67.4
2015-06-27,0.0,32.22,24.29,94.06,62.5
2015-06-28,0.0,33.66,24.19,94.27,57.5
2015-06-29,0.0,35.46,24.19,93.84,50.97
2015-06-30,8.17,31.07,24.23,97.24,72.54
2015-07-01,2.61,30.38,23.79,98.5,79.04
2015-07-02,0.0,32.84,24.22,97.66,69.12
2015-07-03,0.0,31.74,24.79,95.09,75.37
2015-07-04,0.0,31.25,24.69,97.72,72.06
2015-07-05,0.0,32.16,24.87,92.87,68.08
2015-07-06,4.81,30.64,24.85,98.08,79.04
2015-07-07,1.16,31.8,24.07,98.93,72.63
2015-07-08,39.52,32.08,24.34,98.35,72.72
2015-07-09,14.99,29.75,23.99,99.89,83.29
2015-07-10,0.0,29.56,23.84,99.18,82.08
2015-07-11,0.0,32.43,24.65,99.43,70.13
2015-07-12,20.44,32.08,24.79,100.0,74.09
2015-07-13,3.01,33.28,24.29,99.47,69.5
2015-07-14,4.87,33.12,24.47,98.9,71.21
2015-07-15,0.0,32.0,24.75,98.64,73.79
2015-07-16,0.32,32.36,25.44,98.44,70.33
2015-07-17,0.0,31.6,25.25,98.23,73.49
2015-07-18,1.18,32.29,24.76,98.55,72.28
2015-07-19,9.84,32.09,24.05,99.68,74.17
2015-07-20,0.0,31.61,24.74,96.14,69.99
2015-07-21,0.0,32.31,25.02,90.51,65.52
2015-07-22,0.0,31.65,24.86,94.71,69.04
2015-07-23,2.22,32.28,24.63,92.24,66.9
2015-07-24,0.4,31.12,24.63,98.93,78.91
2015-07-25,25.65,29.32,23.88,99.4,85.6
2015-07-26,0.08,29.95,23.45,99.45,78.79
2015-07-27,18.28,31.31,24.34,99.33,75.39
2015-07-28,2.27,30.67,23.9,99.65,75.93
2015-07-29,19.72,30.72,24.14,98.77,76.76
2015-07-30,23.35,27.48,23.56,99.36,90.2
2015-07-31,38.86,27.61,23.21,99.45,91.07
2015-08-01,36.48,28.59,23.57,99.81,87.98
2015-08-02,7.49,30.15,23.78,99.24,79.71
2015-08-03,13.97,31.39,24.55,98.39,75.28
2015-08-04,31.94,31.5,23.95,99.46,74.59
2015-08-05,0.28,32.33,23.75,99.32,70.68
2015-08-06,0.08,31.0,24.39,98.32,74.12
2015-08-07,0.0,30.74,25.08,97.32,77.47
2015-08-08,31.65,33.09,24.56,96.34,60.61
2015-08-09,8.49,29.5,24.43,98.54,83.71
2015-08-10,0.21,31.48,24.3,98.74,73.39
2015-08-11,0.67,33.21,24.6,98.54,68.0
2015-08-12,29.39,30.55,24.27,99.54,80.41
2015-08-13,0.0,31.83,24.27,99.53,74.58
2015-08-14,29.77,31.67,24.32,99.64,82.47
2015-08-15,0.0,33.02,24.51,99.11,69.96
2015-08-16,38.54,31.81,25.44,99.15,79.45
2015-08-17,15.31,28.14,23.53,99.96,89.27
2015-08-18,1.3,28.88,23.93,99.54,87.15
2015-08-19,28.23,31.58,24.23,99.39,75.76
2015-08-20,23.49,29.19,24.11,99.54,86.85
2015-08-21,0.97,30.87,24.1,99.8,79.15
2015-08-22,21.35,30.11,24.46,99.02,80.91
2015-08-23,0.0,28.79,23.78,99.73,87.25
2015-08-24,0.28,32.32,24.18,99.14,71.21
2015-08-25,28.56,33.61,23.91,99.37,69.29
2015-08-26,0.0,32.47,23.34,99.53,69.66
2015-08-27,8.03,33.26,24.65,92.19,66.45
2015-08-28,3.33,32.76,24.19,98.09,72.87
2015-08-29,20.17,30.21,24.95,99.23,86.36
2015-08-30,10.39,29.47,23.79,99.02,79.31
2015-08-31,0.0,29.95,23.34,98.88,78.94
2015-09-01,9.23,28.72,23.65,99.0,88.62
2015-09-02,0.6,31.93,23.47,99.67,71.91
2015-09-03,33.06,31.19,24.14,99.52,76.91
2015-09-04,0.0,32.75,23.44,99.81,72.9
2015-09-05,0.15,32.6,24.1,97.97,71.6
2015-09-06,30.97,30.35,24.29,99.41,82.32
2015-09-07,25.68,28.62,23.37,99.64,86.22
2015-09-08,0.0,31.29,23.66,98.1,77.56
2015-09-09,14.07,32.53,24.52,97.04,71.48
2015-09-10,0.0,30.84,23.47,99.77,79.78
2015-09-11,4.4,31.36,23.73,99.58,76.4
2015-09-12,28.01,32.77,23.95,98.39,70.26
2015-09-13,1.21,30.52,23.58,98.95,82.29
2015-09-14,0.0,33.31,23.91,99.18,67.98
2015-09-15,34.72,33.05,24.8,94.77,71.08
2015-09-16,2.02,31.15,23.68,99.43,76.84
2015-09-17,0.0,33.05,23.63,98.91,69.35
2015-09-18,0.0,33.23,24.62,96.75,67.25
2015-09-19,5.63,34.42,24.72,96.4,63.49
2015-09-20,26.15,32.17,24.06,98.78,75.85
2015-09-21,4.28,29.54,23.53,99.69,84.58
2015-09-22,31.41,32.92,23.5,99.73,70.22
2015-09-23,15.24,30.5,23.4,99.83,79.61
2015-09-24,0.0,31.0,23.73,99.46,77.34
2015-09-25,0.0,32.56,24.34,97.8,74.96
2015-09-26,3.61,32.62,24.73,98.43,76.01
2015-09-27,22.48,31.06,23.92,99.37,80.24
2015-09-28,7.11,30.08,23.08,99.86,79.67
2015-09-29,1.93,31.31,23.22,99.25,73.11
2015-09-30,1.54,30.45,22.89,99.25,79.01
2015-10-01,12.08,31.77,23.63,99.59,80.0
2015-10-02,1.64,33.84,23.72,99.74,73.85
2015-10-03,14.21,32.89,24.01,99.32,78.57
2015-10-04,0.01,32.52,23.47,99.54,76.73
2015-10-05,8.86,34.24,24.91,99.61,73.39
2015-10-06,9.85,31.28,24.02,99.52,86.29
2015-10-07,0.0,30.46,22.72,99.5,78.36
2015-10-08,0.0,33.43,23.93,99.69,70.36
2015-10-09,0.0,33.67,24.31,99.01,73.15
2015-10-10,0.0,33.74,24.81,99.11,73.36
2015-10-11,0.0,33.45,24.44,99.43,74.6
2015-10-12,25.09,33.59,24.24,99.33,71.85
2015-10-13,40.55,31.99,23.8,99.47,81.2
2015-10-14,7.48,28.58,23.06,99.47,89.39
2015-10-15,0.11,32.8,22.82,99.63,73.45
2015-10-16,0.25,33.36,23.29,99.42,72.93
2015-10-17,0.0,32.13,23.73,99.39,76.02
2015-10-18,0.62,33.9,23.92,99.44,67.83
2015-10-19,0.0,33.39,23.39,98.74,70.45
2015-10-20,0.04,31.95,23.46,98.35,78.23
2015-10-21,0.46,31.16,23.51,99.38,78.5
2015-10-22,28.05,32.24,23.04,99.07,74.93
2015-10-23,0.07,32.12,22.67,99.72,78.85
2015-10-24,7.87,32.99,23.21,99.33,72.1
2015-10-25,0.0,30.84,23.71,99.25,84.14
2015-10-26,0.0,30.02,23.37,99.02,80.6
2015-10-27,0.0,32.53,23.16,98.95,67.62
2015-10-28,0.0,33.18,23.9,99.56,69.96
2015-10-29,0.0,33.85,24.07,99.16,69.89
2015-10-30,0.0,33.66,24.3,99.19,72.58
2015-10-31,0.0,33.44,23.79,99.28,72.12
2015-11-01,2.57,32.61,22.23,99.44,85.82
2015-11-02,9.4,31.58,21.28,99.53,89.56
2015-11-03,1.94,31.4,21.31,99.09,83.27
2015-11-04,0.0,34.25,21.91,99.19,75.39
2015-11-05,0.0,35.23,22.93,99.57,69.19
2015-11-06,0.0,33.79,22.94,99.34,76.57
2015-11-07,0.0,34.27,22.65,99.33,71.81
2015-11-08,0.0,33.43,22.37,99.76,77.31
2015-11-09,0.0,33.38,21.82,99.61,77.19
2015-11-10,0.02,33.69,22.06,99.9,65.55
2015-11-11,5.09,33.23,21.52,99.23,75.06
2015-11-12,0.0,30.76,21.59,98.83,87.23
2015-11-13,0.0,31.71,21.54,98.97,79.48
2015-11-14,0.0,34.17,22.2,97.76,68.01
2015-11-15,0.0,34.08,22.2,99.15,64.13
2015-11-16,0.0,31.75,19.27,97.07,49.72
2015-11-17,0.0,30.45,18.23,92.87,54.25
2015-11-18,0.0,31.35,17.69,95.52,59.44
2015-11-19,0.0,31.41,19.09,92.37,53.47
2015-11-20,0.0,31.82,18.29,90.23,48.32
2015-11-21,0.0,33.24,18.6,84.54,43.71
2015-11-22,0.0,32.2,20.18,80.03,50.23
2015-11-23,0.0,33.14,19.19,81.45,44.12
2015-11-24,0.0,34.61,19.43,85.42,46.12
2015-11-25,0.0,34.86,19.07,78.07,37.53
2015-11-26,0.0,34.25,19.81,76.31,35.36
2015-11-27,0.0,34.95,19.88,76.39,36.06
2015-11-28,0.0,35.92,20.35,76.39,36.66
2015-11-29,0.0,34.44,20.05,74.82,29.52
2015-11-30,0.0,32.56,19.04,52.62,24.92
2015-12-01,0.0,32.46,16.96,58.74,28.65
2015-12-02,0.0,33.42,17.52,68.02,33.39
2015-12-03,0.0,35.99,17.9,71.48,32.82
2015-12-04,0.0,36.07,18.9,80.44,36.88
2015-12-05,0.0,35.79,18.73,82.03,32.69
2015-12-06,0.0,35.52,17.67,74.81,35.45
2015-12-07,0.0,35.51,18.37,91.01,43.38
2015-12-08,0.0,35.74,19.13,99.12,41.88
2015-12-09,0.0,35.64,18.12,75.92,32.35
2015-12-10,0.0,35.37,18.31,74.33,33.06
2015-12-11,0.0,33.47,19.43,67.71,31.98
2015-12-12,0.0,33.62,18.1,64.59,32.34
2015-12-13,0.0,33.24,17.44,64.52,31.02
2015-12-14,0.0,33.07,17.28,68.23,34.08
2015-12-15,0.0,35.21,18.42,70.06,34.78
2015-12-16,0.0,35.44,18.0,67.67,27.07
2015-12-17,0.0,32.96,16.86,62.38,27.83
2015-12-18,0.0,33.57,15.93,64.67,28.03
2015-12-19,0.0,35.19,17.64,69.5,31.17
2015-12-20,0.0,34.12,16.91,69.26,28.53
2015-12-21,0.0,34.54,17.05,67.19,30.58
2015-12-22,0.0,35.82,17.73,69.41,32.29
2015-12-23,0.0,35.25,18.4,75.82,34.15
2015-12-24,0.0,33.57,18.07,66.49,29.2
2015-12-25,0.0,34.51,17.5,59.12,29.45
2015-12-26,0.0,33.54,18.54,62.66,28.91
2015-12-27,0.64,33.55,19.57,41.7,23.88
2015-12-28,0.0,31.0,15.53,93.71,34.36
2015-12-29,0.0,31.62,15.77,87.01,27.66
2015-12-30,0.0,33.7,17.42,49.34,25.36
2015-12-31,0.0,34.85,17.86,55.89,25.39
2016-01-01,0.0,35.63,18.68,61.53,30.29
2016-01-02,0.0,34.62,19.2,55.27,27.34
2016-01-03,0.01,33.21,19.59,47.05,29.56
2016-01-04,0.0,31.25,19.69,62.36,32.97
2016-01-05,0.0,30.08,15.47,92.48,66.47
2016-01-06,0.0,32.57,15.99,97.55,49.2
2016-01-07,0.0,34.12,16.75,88.13,40.42
2016-01-08,0.0,35.14,17.29,85.88,39.06
2016-01-09,0.0,36.29,18.08,78.59,35.67
2016-01-10,0.0,37.29,19.04,74.69,35.46
2016-01-11,0.0,38.13,19.8,70.29,32.83
2016-01-12,0.0,36.64,20.1,64.41,30.24
2016-01-13,0.0,36.55,21.04,76.96,36.43
2016-01-14,0.0,35.82,18.98,100.0,50.88
2016-01-15,0.0,36.86,18.8,96.57,38.48
2016-01-16,0.0,37.38,18.72,84.52,38.38
2016-01-17,0.0,37.29,18.24,98.48,31.34
2016-01-18,0.0,36.22,18.02,99.93,46.27
2016-01-19,0.0,37.08,18.6,80.92,35.3
2016-01-20,0.0,33.61,18.28,100.0,58.02
2016-01-21,0.0,34.7,20.09,98.03,56.98
2016-01-22,0.0,35.93,18.03,96.37,42.22
2016-01-23,0.0,37.81,18.62,68.57,27.6
2016-01-24,0.0,37.53,19.31,55.73,22.42
2016-01-25,0.0,38.03,19.46,47.31,20.25
2016-01-26,0.0,36.99,19.51,69.35,27.88
2016-01-27,0.0,36.93,19.72,48.65,20.72
2016-01-28,0.0,38.25,20.25,43.76,23.46
2016-01-29,0.0,37.89,18.66,58.59,21.34
2016-01-30,0.0,37.49,19.25,53.22,19.23
2016-01-31,0.0,37.69,18.88,41.67,16.97
2016-02-01,0.0,36.67,19.1,47.21,18.28
2016-02-02,0.0,34.06,18.54,40.01,19.55
2016-02-03,0.0,35.88,17.25,44.98,18.62
2016-02-04,0.0,37.37,18.21,49.51,20.68
2016-02-05,0.0,37.79,19.0,69.76,23.15
2016-02-06,0.0,38.81,19.03,93.61,19.37
2016-02-07,0.0,40.33,19.9,67.91,14.45
2016-02-08,0.0,39.5,20.24,48.19,17.12
2016-02-09,0.0,38.5,19.66,66.41,15.81
2016-02-10,0.0,37.74,19.83,39.44,17.63
2016-02-11,0.0,38.4,19.16,41.87,17.4
2016-02-12,0.0,39.34,19.91,43.59,15.01
2016-02-13,0.0,38.7,19.46,38.95,13.44
2016-02-14,0.0,39.84,19.66,38.75,14.36
2016-02-15,0.0,39.26,19.15,60.15,12.61
2016-02-16,0.0,37.32,18.81,54.64,19.52
2016-02-17,0.0,34.61,18.25,48.87,22.14
2016-02-18,0.0,36.34,18.2,46.83,19.92
2016-02-19,0.0,34.41,17.24,40.88,15.04
2016-02-20,0.0,30.81,17.28,48.52,22.22
2016-02-21,0.0,34.63,17.82,44.87,22.41
2016-02-22,0.0,38.15,19.91,41.22,16.65
2016-02-23,0.0,39.68,20.13,40.93,16.45
2016-02-24,0.0,40.61,20.4,43.92,15.73
2016-02-25,0.0,41.42,20.7,43.64,16.2
2016-02-26,0.0,41.59,21.59,43.01,16.06
2016-02-27,0.0,40.15,20.55,64.12,18.44
2016-02-28,0.0,35.99,20.2,43.0,18.45
2016-02-29,0.0,36.23,19.55,53.67,24.0
2016-03-01,0.0,38.24,21.05,52.5,23.89
2016-03-02,0.0,41.1,21.28,63.1,20.0
2016-03-03,0.0,41.73,21.97,42.9,13.51
2016-03-04,0.0,41.84,21.21,33.2,11.13
2016-03-05,0.0,40.62,21.05,51.99,16.65
2016-03-06,0.0,41.79,21.34,61.23,11.17
2016-03-07,0.0,41.7,21.75,44.34,16.86
2016-03-08,0.0,40.15,21.2,49.01,21.74
2016-03-09,0.0,38.84,20.61,56.16,24.92
2016-03-10,0.0,37.08,19.15,75.25,33.29
2016-03-11,0.0,34.26,18.34,81.35,41.55
2016-03-12,0.0,35.74,18.11,92.86,40.68
2016-03-13,0.0,34.49,17.32,99.01,41.13
2016-03-14,0.0,32.81,17.24,98.2,50.08
2016-03-15,0.0,34.72,17.7,98.7,51.46
2016-03-16,0.0,36.23,19.08,96.29,49.3
2016-03-17,0.0,36.66,18.69,92.59,37.98
2016-03-18,0.0,37.36,19.25,81.6,28.46
2016-03-19,0.0,40.49,19.76,67.55,20.36
2016-03-20,0.0,35.17,18.83,82.16,40.78
2016-03-21,0.0,36.45,18.67,96.11,40.88
2016-03-22,0.0,37.36,19.48,80.94,26.12
2016-03-23,0.0,39.85,21.24,44.08,20.0
2016-03-24,0.0,37.3,20.54,39.75,19.36
2016-03-25,0.0,39.23,21.05,44.78,18.77
2016-03-26,0.0,40.75,20.75,45.95,16.89
2016-03-27,0.0,41.23,20.69,38.51,13.14
2016-03-28,0.0,41.33,21.15,40.34,14.1
2016-03-29,0.0,38.98,19.64,63.74,25.01
2016-03-30,0.0,34.06,17.88,90.46,41.99
2016-03-31,0.0,33.26,16.85,95.72,40.51
2016-04-01,0.0,35.32,18.16,92.01,37.29
2016-04-02,0.0,33.99,18.52,97.66,45.87
2016-04-03,0.0,35.59,18.68,89.94,37.84
2016-04-04,0.0,37.32,19.83,91.01,37.41
2016-04-05,0.0,39.95,20.5,65.04,24.31
2016-04-06,0.0,37.6,20.7,67.72,33.31
2016-04-07,0.0,34.42,18.61,85.05,44.83
2016-04-08,0.0,31.63,17.35,99.27,48.48
2016-04-09,0.0,33.08,17.51,98.51,45.03
2016-04-10,0.0,34.2,18.0,97.24,44.47
2016-04-11,0.0,35.31,18.89,95.43,45.33
2016-04-12,0.0,39.64,20.38,92.65,31.42
2016-04-13,0.0,40.93,21.74,68.1,24.84
2016-04-14,0.0,42.32,22.91,71.19,26.19
2016-04-15,0.0,39.29,21.51,84.91,39.62
2016-04-16,0.0,38.95,21.62,89.78,40.85
2016-04-17,0.0,40.68,21.84,90.05,37.5
2016-04-18,0.0,39.22,22.1,92.6,44.31
2016-04-19,0.0,38.01,21.89,99.47,45.06
2016-04-20,0.0,40.47,21.98,86.67,36.38
2016-04-21,0.0,37.54,21.55,85.17,41.44
2016-04-22,0.0,39.46,22.36,81.22,37.89
2016-04-23,0.0,36.59,21.77,93.34,45.58
2016-04-24,0.0,34.18,20.63,95.08,52.06
2016-04-25,0.0,35.82,21.55,96.4,49.24
2016-04-26,0.0,34.98,20.48,96.9,50.11
2016-04-27,0.0,35.76,20.59,93.58,47.69
2016-04-28,0.0,35.46,20.1,99.48,50.53
2016-04-29,0.0,35.07,19.56,96.64,44.23
2016-04-30,0.0,38.19,20.77,87.67,37.42
2016-05-01,0.0,35.06,21.52,87.96,45.17
2016-05-02,0.0,37.06,21.71,91.43,42.68
2016-05-03,0.0,33.43,20.93,96.45,57.22
2016-05-04,0.0,36.55,20.85,89.57,42.02
2016-05-05,0.0,34.65,21.96,77.61,41.05
2016-05-06,0.0,35.48,20.67,85.97,44.38
2016-05-07,0.0,33.1,20.75,95.24,51.11
2016-05-08,0.0,33.84,21.07,97.27,49.38
2016-05-09,0.0,36.58,21.35,94.52,43.53
2016-05-10,0.0,37.49,21.41,94.7,40.72
2016-05-11,0.0,38.51,21.51,89.41,34.86
2016-05-12,0.0,39.02,22.58,79.4,34.37
2016-05-13,0.0,39.75,22.48,77.38,34.55
2016-05-14,0.0,36.86,21.64,95.75,46.06
2016-05-15,0.0,35.88,21.67,96.02,49.54
2016-05-16,0.0,34.39,21.13,97.28,53.61
2016-05-17,0.0,34.48,19.75,99.96,44.64
2016-05-18,0.0,35.11,20.2,95.95,47.13
2016-05-19,0.0,35.54,21.2,98.65,50.25
2016-05-20,0.0,32.6,21.47,98.25,61.05
2016-05-21,0.0,35.0,21.49,97.08,43.12
2016-05-22,0.0,35.13,21.2,94.94,47.47
2016-05-23,0.0,36.57,21.62,92.78,41.38
2016-05-24,0.0,34.02,20.28,99.6,49.05
2016-05-25,0.04,35.46,20.26,95.84,43.62
2016-05-26,0.0,35.24,20.64,94.93,44.82
2016-05-27,7.79,36.89,21.64,98.29,44.8
2016-05-28,0.47,36.48,21.37,99.85,47.25
2016-05-29,0.0,34.36,22.0,98.44,56.19
2016-05-30,0.0,36.48,21.74,98.98,46.25
2016-05-31,0.0,36.64,22.8,98.44,53.68
2016-06-01,0.02,35.9,24.32,98.26,55.04
2016-06-02,0.0,35.7,23.16,95.64,46.04
2016-06-03,0.0,37.04,23.24,91.03,46.17
2016-06-04,0.0,34.38,23.97,94.23,59.17
2016-06-05,0.0,36.2,24.31,97.23,53.32
2016-06-06,0.0,35.93,23.39,93.01,46.86
2016-06-07,0.08,35.1,23.21,94.71,49.11
2016-06-08,0.0,36.35,23.37,93.09,43.3
2016-06-09,0.0,34.49,23.43,92.45,50.74
2016-06-10,0.0,33.7,23.03,98.95,57.1
2016-06-11,0.0,34.38,24.38,91.56,53.9
2016-06-12,0.12,31.97,24.11,97.94,65.66
2016-06-13,0.22,32.77,23.37,97.34,57.18
2016-06-14,0.0,32.45,21.99,97.21,58.69
2016-06-15,0.0,34.56,23.55,92.62,55.24
2016-06-16,0.0,33.95,23.94,98.35,56.31
2016-06-17,0.0,32.72,22.53,94.39,54.31
2016-06-18,0.0,33.85,23.16,91.02,53.68
2016-06-19,0.0,35.61,24.13,88.04,50.76
2016-06-20,0.0,35.23,24.85,87.33,50.03
2016-06-21,0.0,34.26,24.0,93.31,51.91
2016-06-22,0.0,33.92,24.5,94.78,56.01
2016-06-23,0.34,33.76,24.51,94.38,58.77
2016-06-24,0.0,35.56,23.87,85.83,45.0
2016-06-25,0.0,34.51,24.5,84.26,52.7
2016-06-26,0.0,31.9,23.98,97.74,65.9
2016-06-27,12.79,31.46,23.59,98.43,76.66
2016-06-28,0.03,31.52,23.64,98.62,77.42
2016-06-29,0.0,31.25,23.04,97.68,76.62
2016-06-30,11.32,32.74,23.7,98.92,75.34
2016-07-01,0.0,32.49,24.44,95.11,69.71
2016-07-02,4.43,33.21,24.35,97.95,67.27
2016-07-03,13.95,33.69,25.17,89.15,62.8
2016-07-04,6.42,33.41,24.82,95.88,68.72
2016-07-05,0.0,32.33,24.2,99.08,74.51
2016-07-06,0.0,32.95,24.8,96.2,67.57
2016-07-07,0.0,33.03,24.49,87.06,62.16
2016-07-08,0.0,35.18,24.82,91.37,57.37
2016-07-09,16.83,36.02,25.23,91.53,54.47
2016-07-10,0.0,32.62,24.54,99.07,70.44
2016-07-11,0.0,32.83,23.85,95.27,61.74
2016-07-12,0.0,33.72,24.75,80.87,51.49
2016-07-13,0.0,33.63,24.7,84.51,53.54
2016-07-14,0.0,34.84,25.13,88.4,55.2
2016-07-15,5.3,30.69,24.94,99.18,77.76
2016-07-16,0.0,33.04,24.21,99.43,63.56
2016-07-17,0.0,32.92,24.07,93.54,69.11
2016-07-18,0.0,33.56,25.63,91.52,66.56
2016-07-19,6.6,30.86,25.01,98.43,74.83
2016-07-20,37.99,30.1,24.47,99.57,84.32
2016-07-21,24.98,27.38,23.67,99.62,90.75
2016-07-22,0.0,29.89,23.42,99.64,77.51
2016-07-23,13.56,28.78,23.67,98.56,85.17
2016-07-24,73.02,28.06,23.59,99.5,88.85
2016-07-25,15.21,28.88,23.27,99.83,85.2
2016-07-26,1.3,28.93,23.51,99.51,86.12
2016-07-27,4.21,30.68,23.86,99.29,78.57
2016-07-28,0.0,31.62,24.47,99.36,76.63
2016-07-29,6.33,31.98,24.17,98.98,69.16
2016-07-30,47.12,31.45,23.53,99.43,77.19
2016-07-31,0.0,32.45,24.1,100.0,72.37
2016-08-01,7.11,30.65,24.33,99.05,81.68
2016-08-02,0.0,32.53,24.31,98.68,70.91
2016-08-03,0.0,31.68,24.33,98.17,74.72
2016-08-04,0.04,32.58,24.95,98.78,73.16
2016-08-05,0.0,30.49,24.27,99.08,82.2
2016-08-06,0.42,31.92,23.55,98.39,68.92
2016-08-07,0.0,32.87,24.45,96.94,67.54
2016-08-08,0.0,33.06,24.76,93.33,68.75
2016-08-09,0.0,32.61,24.37,94.68,66.57
2016-08-10,9.84,31.9,24.7,94.41,70.86
2016-08-11,13.55,29.93,24.21,97.09,79.1
2016-08-12,0.01,29.34,23.82,97.7,83.28
2016-08-13,12.29,33.0,23.91,98.05,69.67
2016-08-14,0.0,30.04,23.75,99.48,83.01
2016-08-15,0.0,31.84,24.44,97.61,72.34
2016-08-16,29.18,29.04,23.76,99.73,87.7
2016-08-17,0.03,29.68,23.68,99.65,83.88
2016-08-18,0.03,30.71,24.46,98.53,79.44
2016-08-19,23.1,32.58,24.63,97.4,71.17
2016-08-20,48.06,32.12,24.26,98.95,74.71
2016-08-21,0.13,31.82,23.88,99.24,71.88
2016-08-22,26.5,33.52,23.92,94.77,69.22
2016-08-23,0.0,31.86,24.37,96.98,77.72
2016-08-24,0.0,31.42,24.87,98.25,77.84
2016-08-25,0.05,31.6,24.98,98.14,77.43
2016-08-26,7.75,31.11,24.42,97.76,75.24
2016-08-27,20.16,31.26,24.42,98.95,78.78
2016-08-28,0.0,31.83,24.25,99.54,76.12
2016-08-29,44.89,31.04,24.54,99.59,83.93
2016-08-30,0.0,30.48,23.56,99.72,79.71
2016-08-31,41.13,30.73,23.81,99.32,78.6
2016-09-01,44.01,28.25,23.23,99.58,86.78
2016-09-02,0.0,31.45,23.1,99.9,73.38
2016-09-03,16.19,33.05,24.1,95.63,70.31
2016-09-04,0.0,31.81,23.8,99.26,74.09
2016-09-05,29.71,33.86,24.7,98.35,72.69
2016-09-06,15.19,33.42,23.82,99.77,71.56
2016-09-07,0.0,33.12,23.29,99.81,71.47
2016-09-08,0.0,33.63,24.32,97.04,69.04
2016-09-09,26.09,30.04,24.01,100.0,82.85
2016-09-10,30.13,31.22,23.46,99.94,75.55
2016-09-11,25.95,30.22,23.31,99.94,78.36
2016-09-12,23.17,31.17,23.06,99.86,77.58
2016-09-13,11.98,29.16,22.67,99.77,81.34
2016-09-14,0.17,32.13,23.43,95.58,71.46
2016-09-15,9.88,32.21,24.17,98.56,72.48
2016-09-16,5.54,31.69,24.34,99.31,76.82
2016-09-17,7.88,29.67,23.64,99.67,79.52
2016-09-18,7.75,30.1,22.5,99.09,78.54
2016-09-19,15.18,32.2,23.52,97.49,71.81
2016-09-20,8.05,31.0,23.1,99.54,76.35
2016-09-21,0.0,32.1,23.44,99.42,74.33
2016-09-22,6.92,33.13,24.08,96.21,71.19
2016-09-23,0.0,31.55,24.13,99.53,77.16
2016-09-24,18.46,32.89,23.32,99.52,69.13
2016-09-25,26.99,31.89,23.62,99.41,75.22
2016-09-26,0.02,32.5,23.96,99.59,73.02
2016-09-27,27.54,32.06,23.74,99.28,73.81
2016-09-28,11.71,30.37,23.07,99.61,78.64
2016-09-29,34.95,33.14,23.99,97.89,67.08
2016-09-30,0.0,31.15,23.88,99.72,77.99
2016-10-01,4.02,33.29,23.74,99.39,76.08
2016-10-02,0.0,32.21,24.12,99.37,77.38
2016-10-03,0.0,33.36,24.08,99.51,69.6
2016-10-04,0.0,34.39,24.19,99.51,70.13
2016-10-05,0.16,33.2,23.77,98.78,75.1
2016-10-06,1.68,33.52,23.49,98.78,68.94
2016-10-07,0.0,33.69,24.19,99.44,69.15
2016-10-08,0.0,33.02,23.9,99.2,77.78
2016-10-09,0.0,33.78,24.16,99.12,74.48
2016-10-10,0.0,33.59,24.28,98.89,75.22
2016-10-11,0.0,33.18,23.98,99.47,73.07
2016-10-12,0.0,32.32,24.44,99.04,79.56
2016-10-13,0.0,34.1,24.52,99.17,67.99
2016-10-14,0.0,33.58,24.51,99.51,69.68
2016-10-15,0.0,32.2,23.6,98.77,75.46
2016-10-16,0.0,32.07,23.87,98.8,78.46
2016-10-17,7.83,30.98,22.54,99.16,74.19
2016-10-18,0.0,32.4,23.11,99.4,76.56
2016-10-19,0.0,30.7,23.6,98.6,83.48
2016-10-20,0.08,32.47,23.95,98.96,72.92
2016-10-21,1.1,32.42,23.88,99.78,75.1
2016-10-22,0.0,32.47,23.65,99.43,75.06
2016-10-23,0.0,33.15,23.57,99.28,69.74
2016-10-24,0.02,32.14,23.43,98.84,66.84
2016-10-25,0.0,30.37,23.52,98.96,80.94
2016-10-26,0.0,31.79,22.97,98.44,65.44
2016-10-27,0.0,32.91,23.24,98.22,63.72
2016-10-28,0.0,32.82,23.67,98.89,65.4
2016-10-29,0.0,32.89,23.9,98.58,71.6
2016-10-30,0.02,32.52,23.56,98.22,74.38
2016-10-31,0.0,32.9,23.01,99.17,71.85
2016-11-01,0.02,30.05,20.73,99.24,90.0
2016-11-02,0.0,32.53,20.72,99.11,78.43
2016-11-03,0.0,30.53,21.36,98.96,87.81
2016-11-04,0.0,27.95,20.87,98.3,87.37
2016-11-05,0.0,31.78,19.76,98.08,74.44
2016-11-06,0.0,31.46,20.35,97.06,74.33
2016-11-07,0.0,31.52,20.07,97.17,82.16
2016-11-08,0.0,33.3,20.96,97.88,74.55
2016-11-09,0.0,34.41,21.53,98.72,74.97
2016-11-10,0.0,33.5,21.24,98.62,66.94
2016-11-11,0.0,32.11,19.99,99.09,67.91
2016-11-12,0.0,32.05,19.24,97.72,60.94
2016-11-13,0.0,31.04,18.46,97.87,65.58
2016-11-14,0.0,30.99,19.12,97.61,69.65
2016-11-15,0.0,30.81,19.67,98.85,69.68
2016-11-16,0.0,31.3,20.6,97.66,77.31
2016-11-17,0.0,32.6,20.26,97.2,66.87
2016-11-18,0.0,31.62,21.02,98.0,78.98
2016-11-19,0.0,32.03,20.79,98.19,80.81
2016-11-20,0.0,33.95,21.3,96.93,63.05
2016-11-21,0.0,33.03,20.08,98.91,62.54
2016-11-22,0.0,32.12,20.46,97.19,65.49
2016-11-23,0.0,33.59,20.75,96.9,67.71
2016-11-24,0.0,32.93,21.42,97.59,71.88
2016-11-25,0.0,33.2,20.98,96.2,60.82
2016-11-26,0.0,31.73,20.43,95.34,63.97
2016-11-27,0.0,29.53,18.81,94.32,61.27
2016-11-28,0.0,31.02,19.84,95.64,62.04
2016-11-29,0.0,31.21,19.59,98.55,69.64
2016-11-30,0.0,32.41,19.88,98.1,63.69
2016-12-01,0.0,35.2,19.68,96.92,65.72
2016-12-02,0.0,35.72,20.86,98.7,64.42
2016-12-03,0.0,33.8,20.86,99.53,84.44
2016-12-04,0.0,34.78,20.6,99.14,74.54
2016-12-05,0.0,35.01,21.0,98.53,71.15
2016-12-06,0.0,34.06,20.22,99.02,78.75
2016-12-07,0.0,35.21,20.46,99.52,58.12
2016-12-08,0.0,36.91,20.28,100.0,33.2
2016-12-09,0.0,36.3,19.5,76.85,35.08
2016-12-10,0.0,34.08,18.17,84.13,38.99
2016-12-11,0.0,33.94,17.64,79.41,38.33
2016-12-12,0.0,35.36,18.76,75.73,37.12
2016-12-13,0.0,35.09,18.24,75.69,32.86
2016-12-14,0.0,32.08,17.73,67.06,33.43
2016-12-15,0.0,30.6,17.31,62.87,31.9
2016-12-16,0.0,29.76,16.33,55.89,33.37
2016-12-17,0.0,28.77,15.38,62.65,35.11
2016-12-18,0.0,28.76,16.26,68.04,40.13
2016-12-19,0.0,29.39,16.63,74.61,40.44
2016-12-20,0.0,30.52,16.5,63.02,33.76
2016-12-21,0.0,31.0,16.72,61.95,30.93
2016-12-22,0.0,32.18,16.96,57.35,27.86
2016-12-23,0.0,29.95,15.4,53.4,26.38
2016-12-24,0.0,31.77,16.29,55.72,29.63
2016-12-25,0.0,34.12,17.19,66.33,32.31
2016-12-26,0.0,33.25,17.91,65.27,31.83
2016-12-27,0.0,35.34,18.52,63.68,31.59
2016-12-28,0.0,35.33,18.22,74.38,34.09
2016-12-29,0.0,35.38,18.33,78.93,32.15
2016-12-30,0.0,33.67,17.72,64.16,30.04
2016-12-31,0.0,33.7,17.27,56.16,26.87
2017-01-01,0.0,34.4,17.95,58.18,29.8
2017-01-02,0.0,36.52,18.08,61.06,26.65
2017-01-03,0.0,36.18,17.95,60.86,27.65
2017-01-04,0.0,35.2,17.37,56.58,24.05
2017-01-05,0.0,31.1,15.04,47.22,22.38
2017-01-06,0.0,33.71,16.2,52.35,26.24
2017-01-07,0.0,36.37,16.32,57.34,29.06
2017-01-08,0.0,34.95,18.66,75.49,35.2
2017-01-09,0.0,34.61,18.66,57.88,27.2
2017-01-10,0.0,34.14,17.46,48.78,21.32
2017-01-11,0.0,29.98,18.09,44.94,23.51
2017-01-12,0.0,32.83,15.54,42.94,20.39
2017-01-13,0.0,33.13,15.48,46.01,22.54
2017-01-14,0.0,34.51,17.15,48.01,23.94
2017-01-15,0.0,35.46,17.61,54.17,27.12
2017-01-16,0.0,34.77,17.91,70.11,32.3
2017-01-17,0.0,33.33,17.09,97.2,39.83
2017-01-18,0.0,31.52,16.68,100.0,54.88
2017-01-19,0.0,34.45,17.84,99.47,48.73
2017-01-20,0.0,36.7,18.84,70.03,25.25
2017-01-21,0.0,34.7,18.49,49.51,26.88
2017-01-22,0.0,31.57,17.58,50.45,24.32
2017-01-23,0.0,32.53,16.01,43.46,24.76
2017-01-24,0.0,32.92,16.08,57.72,30.35
2017-01-25,0.0,34.76,16.26,54.8,26.39
2017-01-26,0.0,35.48,16.81,54.0,20.9
2017-01-27,0.0,35.03,17.32,46.0,19.71
2017-01-28,0.0,34.27,17.97,43.01,19.39
2017-01-29,0.0,35.9,17.47,43.09,17.8
2017-01-30,0.0,34.95,17.5,38.86,19.27
2017-01-31,0.0,33.63,17.3,41.39,20.39
2017-02-01,0.0,34.41,16.5,46.56,18.01
2017-02-02,0.0,33.58,15.62,49.4,20.07
2017-02-03,0.0,33.32,15.78,48.73,21.33
2017-02-04,0.0,33.92,16.49,40.5,19.61
2017-02-05,0.0,35.23,17.61,39.72,17.8
2017-02-06,0.0,36.16,17.84,38.27,17.72
2017-02-07,0.0,37.89,18.77,36.02,14.18
2017-02-08,0.0,37.52,19.23,33.21,14.66
2017-02-09,0.0,37.01,18.63,34.95,16.24
2017-02-10,0.0,37.21,18.73,38.43,16.89
2017-02-11,0.0,35.01,19.17,46.87,20.54
2017-02-12,0.0,32.22,18.01,70.53,35.81
2017-02-13,0.0,33.97,17.95,82.41,33.77
2017-02-14,0.0,36.15,19.02,74.21,31.2
2017-02-15,0.0,36.47,18.83,74.37,28.86
2017-02-16,0.0,33.73,18.1,74.73,38.1
2017-02-17,0.0,33.87,18.0,85.32,42.85
2017-02-18,0.0,34.8,17.58,88.19,40.92
2017-02-19,0.0,35.26,18.36,84.96,39.79
2017-02-20,0.0,34.98,18.21,73.84,38.57
2017-02-21,0.0,33.81,17.48,75.08,39.2
2017-02-22,0.0,35.63,17.32,82.59,35.66
2017-02-23,0.0,36.7,17.71,72.53,28.11
2017-02-24,0.0,38.73,18.77,60.24,24.62
2017-02-25,0.0,39.67,20.8,52.73,26.39
2017-02-26,0.0,39.81,20.92,55.82,25.24
2017-02-27,0.0,39.18,20.25,64.77,29.5
2017-02-28,0.0,38.47,19.16,71.05,28.71
2017-03-01,0.0,38.9,19.62,62.31,23.4
2017-03-02,0.0,37.87,19.79,70.08,29.66
2017-03-03,0.0,35.79,19.11,90.92,37.41
2017-03-04,0.0,39.58,19.41,78.8,22.19
2017-03-05,0.0,39.46,20.7,54.13,23.52
2017-03-06,0.0,38.04,20.35,62.59,24.7
2017-03-07,0.0,37.71,19.28,71.62,24.72
2017-03-08,0.0,37.63,19.32,66.39,27.42
2017-03-09,0.0,37.32,19.25,79.16,29.4
2017-03-10,0.0,37.23,18.92,70.36,29.1
2017-03-11,0.0,34.31,19.11,76.26,39.02
2017-03-12,0.0,36.89,19.62,75.71,34.68
2017-03-13,0.0,37.81,19.61,75.16,30.87
2017-03-14,0.0,35.73,19.43,82.02,37.35
2017-03-15,0.0,35.06,19.42,85.4,42.8
2017-03-16,0.0,37.21,19.71,89.31,28.07
2017-03-17,0.0,36.23,19.96,77.83,32.08
2017-03-18,0.0,34.52,19.44,77.38,38.19
2017-03-19,0.0,34.2,18.26,75.45,34.55
2017-03-20,0.0,36.77,18.83,72.17,30.93
2017-03-21,0.0,40.85,20.68,58.52,19.23
2017-03-22,0.0,41.25,21.93,50.39,20.12
2017-03-23,0.0,37.8,19.78,67.11,28.56
2017-03-24,0.0,37.2,19.53,80.24,33.25
2017-03-25,0.0,36.11,18.99,93.48,43.84
2017-03-26,0.0,37.8,19.86,88.3,37.17
2017-03-27,0.0,38.9,20.04,83.21,33.21
2017-03-28,0.0,42.44,23.42,60.76,24.9
2017-03-29,0.0,40.68,22.9,79.52,32.68
2017-03-30,0.0,35.33,20.48,92.53,47.75
2017-03-31,0.0,35.83,20.4,98.51,47.45
2017-04-01,0.0,38.11,20.9,92.24,42.83
2017-04-02,0.0,37.15,21.38,90.87,45.28
2017-04-03,0.0,37.01,20.46,99.75,46.17
2017-04-04,0.0,35.1,19.15,88.61,36.78
2017-04-05,0.0,38.84,20.65,76.92,29.5
2017-04-06,0.0,38.25,20.85,80.73,31.87
2017-04-07,0.0,38.63,20.49,77.34,22.28
2017-04-08,0.0,36.77,19.51,72.05,26.38
2017-04-09,0.0,37.37,20.29,62.76,24.7
2017-04-10,0.0,38.88,20.46,70.47,23.35
2017-04-11,0.0,39.87,21.69,63.19,26.33
2017-04-12,0.0,41.74,23.96,69.97,17.22
2017-04-13,0.0,39.69,21.13,95.55,28.36
2017-04-14,0.0,42.48,22.6,58.97,12.7
2017-04-15,0.0,41.34,22.34,64.43,18.67
2017-04-16,0.0,38.95,21.55,68.37,25.52
2017-04-17,0.0,40.1,21.81,67.02,20.56
2017-04-18,0.0,38.2,20.64,84.7,32.93
2017-04-19,0.0,36.86,20.4,89.1,38.62
2017-04-20,0.0,36.46,20.61,86.36,38.73
2017-04-21,0.0,37.42,20.18,82.84,32.84
2017-04-22,0.0,37.51,20.83,75.07,32.23
2017-04-23,0.0,36.58,19.85,93.51,38.35
2017-04-24,0.0,36.28,19.83,82.88,35.92
2017-04-25,0.0,36.52,19.9,89.86,39.04
2017-04-26,0.0,38.72,20.6,81.57,29.26
2017-04-27,0.0,38.8,21.82,86.41,35.59
2017-04-28,0.0,38.59,20.94,88.24,34.39
2017-04-29,0.0,36.76,20.63,84.21,34.0
2017-04-30,0.0,37.47,21.07,76.36,34.35
2017-05-01,0.0,35.9,21.26,79.98,41.93
2017-05-02,0.0,33.2,21.05,95.12,51.68
2017-05-03,0.0,33.21,20.64,98.09,48.4
2017-05-04,0.0,32.22,19.81,96.82,45.48
2017-05-05,0.0,33.96,20.41,84.59,40.72
2017-05-06,0.0,36.04,21.04,88.28,39.75
2017-05-07,0.0,34.42,21.29,89.18,48.73
2017-05-08,0.0,34.11,22.18,91.06,51.59
2017-05-09,0.0,32.36,21.94,98.23,62.55
2017-05-10,0.0,35.47,22.51,97.54,52.78
2017-05-11,0.0,34.07,22.52,97.56,54.72
2017-05-12,0.0,35.76,21.22,88.57,43.92
2017-05-13,0.0,33.68,21.65,97.25,57.16
2017-05-14,2.08,34.15,22.15,98.66,53.61
2017-05-15,0.0,35.81,22.93,97.86,53.59
2017-05-16,0.0,34.89,23.42,97.19,55.05
2017-05-17,0.0,34.59,23.41,97.36,55.45
2017-05-18,0.0,34.54,22.85,97.79,56.92
2017-05-19,0.0,34.98,22.84,98.08,56.2
2017-05-20,0.0,35.9,23.17,98.18,52.25
2017-05-21,0.0,36.94,22.42,97.98,41.17
2017-05-22,0.0,36.89,22.15,97.85,38.68
2017-05-23,0.0,35.8,23.14,94.46,48.5
2017-05-24,0.0,34.09,23.66,94.03,53.44
2017-05-25,0.0,34.78,23.66,95.85,54.77
2017-05-26,0.0,35.56,21.83,97.14,53.94
2017-05-27,0.0,35.86,23.0,97.29,51.79
2017-05-28,0.0,31.85,22.61,97.17,69.42
2017-05-29,0.0,31.16,22.13,98.32,71.96
2017-05-30,0.0,35.11,22.14,97.53,58.03
2017-05-31,0.0,35.55,24.08,97.38,59.67
2017-06-01,0.0,35.92,24.34,95.61,44.14
2017-06-02,0.0,36.63,23.67,85.42,39.4
2017-06-03,0.0,37.17,23.84,84.1,35.9
2017-06-04,0.0,34.0,23.47,82.25,48.5
2017-06-05,0.0,34.43,23.95,91.19,51.83
2017-06-06,0.0,35.7,23.98,89.48,47.71
2017-06-07,0.0,36.34,24.91,85.12,47.06
2017-06-08,0.01,34.57,24.68,96.19,59.15
2017-06-09,0.0,36.07,24.71,97.78,50.29
2017-06-10,0.0,33.44,24.59,96.86,64.45
2017-06-11,3.18,34.52,24.85,97.14,58.62
2017-06-12,0.0,34.69,24.88,97.42,55.93
2017-06-13,0.0,34.81,23.59,97.81,47.89
2017-06-14,0.0,34.7,24.51,85.91,48.51
2017-06-15,0.0,34.89,24.97,83.45,50.21
2017-06-16,0.04,35.5,25.21,83.84,50.14
2017-06-17,0.0,35.72,25.31,86.78,50.09
2017-06-18,0.35,34.84,24.69,90.78,54.48
2017-06-19,0.0,36.56,25.05,96.65,50.12
2017-06-20,0.0,34.24,24.51,91.79,51.29
2017-06-21,0.0,33.13,24.27,90.4,55.16
2017-06-22,10.96,30.93,24.38,99.38,71.28
2017-06-23,0.0,34.86,23.74,99.18,57.17
2017-06-24,0.05,34.56,25.01,97.62,54.44
2017-06-25,1.07,34.73,24.94,96.88,58.33
2017-06-26,2.88,30.65,24.31,97.99,79.49
2017-06-27,7.46,28.85,23.58,99.03,86.87
2017-06-28,14.02,31.72,23.64,99.42,75.31
2017-06-29,3.65,30.49,23.22,98.9,83.37
2017-06-30,0.0,31.65,24.1,98.37,72.35
2017-07-01,3.08,30.48,24.33,99.58,80.16
2017-07-02,7.66,29.11,23.71,99.34,83.91
2017-07-03,0.42,31.53,24.29,99.23,73.37
2017-07-04,0.0,31.22,25.41,95.62,72.72
2017-07-05,0.0,32.03,24.11,91.71,67.69
2017-07-06,5.19,31.86,24.45,96.06,70.93
2017-07-07,7.48,29.41,24.32,98.28,83.3
2017-07-08,27.31,29.78,23.69,99.82,81.41
2017-07-09,0.0,31.86,24.14,99.88,74.06
2017-07-10,0.0,32.13,25.03,95.6,70.72
2017-07-11,0.03,30.5,24.64,98.24,77.37
2017-07-12,7.91,31.66,24.52,99.28,71.0
2017-07-13,15.51,30.77,23.94,99.11,78.53
2017-07-14,15.07,29.07,24.04,99.36,86.08
2017-07-15,6.34,28.2,23.79,99.21,87.29
2017-07-16,3.0,29.44,23.62,99.31,81.39
2017-07-17,24.2,30.14,24.3,98.64,81.83
2017-07-18,0.0,30.24,23.86,99.37,83.4
2017-07-19,4.77,31.1,24.14,98.73,78.6
2017-07-20,7.9,31.31,24.72,99.3,76.25
2017-07-21,27.63,28.7,23.39,99.31,76.45
2017-07-22,0.01,30.82,24.22,99.24,69.34
2017-07-23,0.0,32.48,23.47,94.56,68.59
2017-07-24,40.88,30.42,24.51,99.95,78.55
2017-07-25,0.05,29.22,23.37,99.48,84.25
2017-07-26,0.0,30.82,24.1,98.11,76.36
2017-07-27,0.25,32.43,24.92,98.47,70.44
2017-07-28,0.74,31.7,24.78,99.32,75.5
2017-07-29,26.92,31.01,24.85,99.58,77.67
2017-07-30,60.26,28.85,23.35,99.92,87.53
2017-07-31,0.18,29.7,23.07,99.36,83.24
2017-08-01,11.67,32.28,24.74,96.19,68.02
2017-08-02,23.44,30.24,24.06,98.95,77.58
2017-08-03,5.64,32.6,23.86,99.45,72.56
2017-08-04,0.0,30.12,24.25,97.76,81.65
2017-08-05,0.0,32.17,24.81,97.06,70.72
2017-08-06,0.0,31.94,23.88,91.41,65.42
2017-08-07,0.0,29.56,24.48,97.15,75.37
2017-08-08,1.57,30.54,23.82,98.34,75.01
2017-08-09,12.41,30.19,23.84,99.27,77.96
2017-08-10,11.74,30.63,24.03,99.62,79.99
2017-08-11,10.16,29.45,23.79,99.39,82.89
2017-08-12,42.19,29.2,24.09,99.78,83.81
2017-08-13,33.73,29.75,23.73,99.59,82.22
2017-08-14,8.6,32.07,23.62,99.03,71.03
2017-08-15,15.83,32.05,24.24,98.7,73.05
2017-08-16,0.55,31.44,24.38,99.03,76.47
2017-08-17,0.13,31.47,23.89,98.4,72.29
2017-08-18,11.85,30.63,23.97,95.97,76.65
2017-08-19,33.28,32.25,24.65,98.62,70.5
2017-08-20,45.32,28.53,23.39,99.88,85.72
2017-08-21,1.98,30.23,23.9,99.29,80.18
2017-08-22,77.25,30.23,23.71,99.68,84.7
2017-08-23,25.79,28.78,23.46,99.69,86.76
2017-08-24,0.0,29.75,23.56,99.7,77.97
2017-08-25,0.0,30.84,24.1,98.85,78.25
2017-08-26,16.66,29.12,24.19,98.92,84.22
2017-08-27,9.42,32.38,23.28,99.29,69.78
2017-08-28,0.97,29.8,23.85,98.91,77.05
2017-08-29,1.17,31.99,23.92,98.86,71.9
2017-08-30,0.0,32.57,24.51,97.37,71.02
2017-08-31,19.75,31.35,24.43,98.16,80.42
2017-09-01,0.0,32.01,23.68,99.68,72.84
2017-09-02,0.0,31.8,24.58,93.27,70.37
2017-09-03,0.0,32.52,23.74,92.84,70.12
2017-09-04,16.57,31.13,24.44,97.71,73.65
2017-09-05,0.0,30.43,22.71,99.61,79.25
2017-09-06,0.47,33.24,23.72,99.2,67.43
2017-09-07,9.57,33.52,24.31,97.64,70.51
2017-09-08,2.18,32.72,23.9,99.57,71.61
2017-09-09,12.03,32.34,23.75,99.44,71.33
2017-09-10,0.0,32.68,23.77,96.98,70.32
2017-09-11,0.0,33.02,24.58,91.3,69.07
2017-09-12,0.0,33.64,24.83,98.05,71.0
2017-09-13,14.13,31.95,24.23,99.12,78.23
2017-09-14,0.0,32.77,24.01,97.06,68.06
2017-09-15,0.0,32.26,24.68,93.99,70.95
2017-09-16,0.0,32.79,24.63,95.04,66.49
2017-09-17,0.0,32.63,24.3,95.19,71.24
2017-09-18,5.73,32.97,24.86,99.4,71.74
2017-09-19,0.0,31.49,23.57,99.67,78.06
2017-09-20,0.0,32.02,24.55,97.52,79.08
2017-09-21,0.0,33.52,25.55,95.73,69.19
2017-09-22,0.0,33.45,25.35,92.99,67.99
2017-09-23,3.22,31.12,24.95,98.98,78.29
2017-09-24,45.67,29.86,23.66,99.22,81.58
2017-09-25,9.56,27.97,23.28,99.83,90.48
2017-09-26,0.0,31.02,23.41,99.67,72.86
2017-09-27,0.0,33.14,23.91,97.12,72.12
2017-09-28,0.0,33.02,23.95,97.56,72.39
2017-09-29,0.06,33.11,24.02,98.88,72.19
2017-09-30,0.0,33.46,24.44,98.67,70.56
2017-10-01,0.0,32.41,24.54,99.17,79.87
2017-10-02,25.08,33.71,24.68,99.59,73.97
2017-10-03,0.37,32.55,23.61,99.36,73.64
2017-10-04,0.0,32.22,23.18,99.3,73.57
2017-10-05,0.0,33.15,23.37,99.07,72.61
2017-10-06,0.0,34.37,24.05,99.38,66.38
2017-10-07,0.0,33.76,24.76,99.35,75.67
2017-10-08,0.0,32.35,23.89,98.59,78.95
2017-10-09,0.0,32.05,23.75,98.7,75.72
2017-10-10,0.0,33.69,24.58,99.37,68.69
2017-10-11,4.67,33.19,24.25,99.25,75.56
2017-10-12,0.0,33.23,23.32,99.25,70.29
2017-10-13,0.0,33.2,23.62,99.7,74.68
2017-10-14,0.0,33.92,24.76,99.08,73.16
2017-10-15,0.0,33.67,24.41,99.52,74.0
2017-10-16,6.71,33.25,24.05,99.02,71.83
2017-10-17,0.01,31.98,22.59,99.42,79.8
2017-10-18,0.0,34.59,23.87,99.05,66.98
2017-10-19,0.0,35.14,25.32,100.0,66.7
2017-10-20,0.0,34.23,24.93,99.34,72.46
2017-10-21,0.0,34.82,24.57,99.39,66.89
2017-10-22,0.0,35.78,25.64,94.17,60.88
2017-10-23,0.0,34.39,25.23,99.07,71.83
2017-10-24,0.0,33.86,25.16,98.32,73.62
2017-10-25,0.0,34.39,24.82,99.27,61.3
2017-10-26,0.0,34.61,24.38,91.82,57.13
2017-10-27,0.0,34.68,23.67,99.21,64.79
2017-10-28,0.0,34.8,24.36,98.78,65.19
2017-10-29,0.0,34.42,24.51,98.72,68.75
2017-10-30,0.0,33.85,24.52,98.74,70.47
2017-10-31,0.02,34.11,24.52,99.03,68.34
2017-11-01,0.0,33.58,22.75,99.25,77.38
2017-11-02,0.0,34.78,22.75,98.78,68.3
2017-11-03,0.0,34.31,23.12,98.61,73.63
2017-11-04,0.0,33.64,22.57,98.62,73.22
2017-11-05,0.0,34.01,22.54,99.09,70.08
2017-11-06,0.0,33.22,22.06,98.84,73.15
2017-11-07,0.0,31.64,21.58,98.74,82.66
2017-11-08,0.0,32.95,21.75,97.89,66.86
2017-11-09,0.0,34.08,21.26,99.43,68.06
2017-11-10,0.0,34.57,22.19,99.07,63.11
2017-11-11,0.0,36.24,22.39,99.09,55.5
2017-11-12,0.0,36.94,22.43,93.43,34.02
2017-11-13,0.0,35.64,20.34,68.86,27.63
2017-11-14,0.0,35.23,19.14,66.61,30.34
2017-11-15,0.0,35.37,20.01,74.44,34.62
2017-11-16,0.0,35.94,20.06,72.88,33.59
2017-11-17,0.0,34.45,21.17,68.97,33.93
2017-11-18,0.0,35.95,20.53,65.85,29.17
2017-11-19,0.0,35.54,20.15,58.19,23.76
2017-11-20,0.0,36.21,20.17,56.29,25.2
2017-11-21,0.0,36.43,21.17,68.81,29.19
2017-11-22,0.0,36.39,20.43,68.7,23.31
2017-11-23,0.0,36.43,20.7,52.67,24.92
2017-11-24,0.0,36.11,20.98,72.89,34.77
2017-11-25,0.0,36.33,21.96,80.55,40.52
2017-11-26,0.0,36.11,21.79,100.0,52.94
2017-11-27,0.0,36.99,21.91,100.0,41.91
2017-11-28,0.0,36.56,21.76,99.17,45.77
2017-11-29,0.0,34.39,21.88,99.99,62.89
2017-11-30,0.0,32.0,21.12,99.51,75.56
2017-12-01,0.0,34.2,19.96,98.24,46.96
2017-12-02,0.0,37.23,18.95,64.07,24.54
2017-12-03,0.0,36.36,19.44,56.79,27.22
2017-12-04,0.0,36.42,18.92,67.69,31.75
2017-12-05,0.0,36.48,18.78,65.54,30.69
2017-12-06,0.0,33.56,18.92,64.08,28.01
2017-12-07,0.0,33.1,17.87,55.06,26.33
2017-12-08,0.0,31.03,16.96,58.53,32.22
2017-12-09,0.0,31.84,16.91,63.99,33.75
2017-12-10,0.0,33.48,17.3,69.17,33.33
2017-12-11,0.0,34.96,17.85,62.68,28.02
2017-12-12,0.0,33.69,17.6,58.06,26.92
2017-12-13,0.0,30.46,16.18,81.27,32.14
2017-12-14,0.0,29.81,15.15,65.35,32.49
2017-12-15,0.0,31.6,15.45,61.36,32.58
2017-12-16,0.0,33.37,17.84,54.1,30.06
2017-12-17,0.0,34.24,18.71,54.77,28.64
2017-12-18,0.0,32.54,17.62,51.93,27.98
2017-12-19,0.0,33.56,17.24,60.85,30.31
2017-12-20,0.0,32.21,17.8,61.81,34.1
2017-12-21,0.0,30.7,17.96,52.23,33.3
2017-12-22,0.0,29.11,16.54,46.27,28.39
2017-12-23,0.0,29.81,16.02,44.76,28.84
2017-12-24,0.0,27.63,15.55,49.43,29.6
2017-12-25,0.0,32.67,16.48,52.49,29.62
2017-12-26,0.0,34.3,17.78,51.1,27.42
2017-12-27,0.0,32.29,18.46,50.4,29.75
2017-12-28,0.0,31.89,18.17,53.03,30.67
2017-12-29,0.0,30.99,16.53,52.77,29.12
2017-12-30,0.0,32.35,16.54,50.83,27.55
2017-12-31,0.0,35.52,17.66,58.49,28.59
2018-01-01,0.0,36.06,18.67,47.7,22.4
2018-01-02,0.0,33.58,18.17,44.36,23.05
2018-01-03,0.0,34.19,18.18,45.99,23.63
2018-01-04,0.0,34.84,18.0,46.63,24.03
2018-01-05,0.0,36.31,19.14,51.37,21.49
2018-01-06,0.0,34.97,18.22,47.58,22.54
2018-01-07,0.0,30.59,16.04,60.43,26.16
2018-01-08,0.0,32.71,15.26,51.19,24.6
2018-01-09,0.0,34.14,16.75,52.38,23.8
2018-01-10,0.0,32.0,16.19,55.85,28.62
2018-01-11,0.0,32.33,16.15,55.94,27.95
2018-01-12,0.0,34.91,16.03,51.57,22.94
2018-01-13,0.0,34.52,16.59,46.6,20.31
2018-01-14,0.0,36.1,16.03,45.64,19.49
2018-01-15,0.0,36.67,16.79,46.94,17.8
2018-01-16,0.0,33.24,16.74,43.07,20.96
2018-01-17,0.0,29.4,14.93,58.22,27.61
2018-01-18,0.0,31.23,14.49,51.44,25.08
2018-01-19,0.0,33.26,16.01,44.67,22.63
2018-01-20,0.0,34.86,16.8,47.37,20.89
2018-01-21,0.0,35.43,16.88,49.17,19.69
2018-01-22,0.0,33.62,17.23,43.0,21.37
2018-01-23,0.0,34.48,17.02,46.22,21.72
2018-01-24,0.0,36.56,16.54,44.83,18.73
2018-01-25,0.0,37.59,17.68,45.74,16.49
2018-01-26,0.0,36.11,17.63,36.35,15.3
2018-01-27,0.0,34.6,17.56,35.91,19.97
2018-01-28,0.0,33.75,18.02,50.54,23.2
2018-01-29,0.0,33.63,15.14,71.97,27.78
2018-01-30,0.0,31.45,14.91,69.11,25.91
2018-01-31,0.0,33.48,16.48,46.69,22.95
2018-02-01,0.0,31.14,16.74,56.05,27.91
2018-02-02,0.0,29.31,16.16,63.97,24.16
2018-02-03,0.0,32.83,17.04,49.27,24.49
2018-02-04,0.0,35.08,18.08,49.78,26.65
2018-02-05,0.0,33.13,19.27,60.26,33.31
2018-02-06,0.0,31.18,19.77,54.8,33.2
2018-02-07,0.0,34.5,17.41,81.05,29.56
2018-02-08,0.0,33.07,18.34,46.3,26.57
2018-02-09,0.0,33.15,18.14,44.62,25.67
2018-02-10,0.0,33.59,17.23,44.65,23.05
2018-02-11,0.0,34.46,17.11,38.14,17.65
2018-02-12,0.0,35.66,17.65,36.01,17.21
2018-02-13,0.0,37.03,18.22,37.09,16.09
2018-02-14,0.0,38.32,19.27,40.31,14.74
2018-02-15,0.0,37.87,18.92,35.62,13.6
2018-02-16,0.0,36.21,19.72,38.74,17.7
2018-02-17,0.0,34.63,20.08,62.49,25.19
2018-02-18,0.0,35.24,17.63,73.72,34.77
2018-02-19,0.0,35.01,17.69,77.66,38.43
2018-02-20,0.0,35.63,17.35,84.33,35.34
2018-02-21,0.0,35.09,17.26,85.28,38.27
2018-02-22,0.0,32.59,17.17,88.06,46.51
2018-02-23,0.0,28.11,16.09,98.98,65.86
2018-02-24,0.0,30.01,15.79,98.68,50.17
2018-02-25,0.0,31.12,15.43,99.15,49.77
2018-02-26,0.0,32.54,15.88,98.74,44.61
2018-02-27,0.0,34.32,17.04,95.87,43.38
2018-02-28,0.0,33.28,17.23,94.1,43.97
2018-03-01,0.0,34.0,18.12,88.79,38.23
2018-03-02,0.0,36.7,18.96,86.72,40.53
2018-03-03,0.0,37.76,20.04,78.46,35.62
2018-03-04,0.0,38.14,19.68,75.16,29.83
2018-03-05,0.0,40.4,20.99,62.79,26.44
2018-03-06,0.0,38.08,21.63,61.32,25.61
2018-03-07,0.0,39.4,20.7,68.65,23.4
2018-03-08,0.0,38.62,20.18,69.01,25.2
2018-03-09,0.0,35.5,19.73,81.98,37.47
2018-03-10,0.0,38.2,19.08,82.81,26.14
2018-03-11,0.0,39.97,19.58,69.2,17.35
2018-03-12,0.0,37.35,19.98,83.13,36.01
2018-03-13,0.0,37.32,19.01,95.61,37.17
2018-03-14,0.0,37.85,19.1,83.82,29.67
2018-03-15,0.0,35.22,18.9,79.92,35.66
2018-03-16,0.0,35.14,19.81,81.84,37.29
2018-03-17,0.0,35.76,19.06,77.21,34.77
2018-03-18,0.0,38.99,19.62,71.14,21.07
2018-03-19,0.0,38.85,19.77,51.38,17.9
2018-03-20,0.0,40.43,20.6,56.52,17.9
2018-03-21,0.0,39.49,20.03,72.8,21.87
2018-03-22,0.0,39.47,19.54,64.98,19.43
2018-03-23,0.0,40.0,21.08,49.71,14.33
2018-03-24,0.0,38.52,21.16,31.11,10.25
2018-03-25,0.0,39.35,20.95,33.06,11.34
2018-03-26,0.0,39.48,20.74,45.08,11.87
2018-03-27,0.0,38.64,21.65,55.15,17.43
2018-03-28,0.0,40.57,21.51,62.2,20.94
2018-03-29,0.0,37.03,19.46,73.97,33.36
2018-03-30,0.0,36.51,18.68,83.56,32.26
2018-03-31,0.0,38.93,20.11,68.35,24.99
2018-04-01,0.0,38.11,20.24,62.81,26.7
2018-04-02,0.0,35.07,19.14,75.06,32.19
2018-04-03,0.0,34.52,18.57,79.73,35.07
2018-04-04,0.0,34.27,18.62,89.5,38.38
2018-04-05,0.0,37.74,19.61,79.93,30.31
2018-04-06,0.0,37.78,19.73,78.88,33.32
2018-04-07,0.0,36.86,19.33,86.4,36.18
2018-04-08,0.0,34.22,19.44,89.43,43.48
2018-04-09,0.0,35.39,18.7,86.5,37.98
2018-04-10,0.0,38.91,19.77,80.11,22.25
2018-04-11,0.0,40.37,21.02,73.6,20.41
2018-04-12,0.0,40.71,21.44,45.27,15.04
2018-04-13,0.0,39.54,20.67,60.43,21.53
2018-04-14,0.0,39.37,19.98,61.95,20.11
2018-04-15,0.0,38.79,20.14,66.89,23.44
2018-04-16,0.0,36.94,19.31,73.52,30.07
2018-04-17,0.0,35.98,18.86,79.36,34.36
2018-04-18,0.0,35.09,19.28,80.06,38.51
2018-04-19,0.0,31.37,18.31,89.61,47.96
2018-04-20,0.0,31.43,18.85,82.25,43.66
2018-04-21,0.0,32.64,18.22,82.73,37.5
2018-04-22,0.0,33.11,18.17,95.5,42.36
2018-04-23,0.0,34.84,18.74,86.06,37.38
2018-04-24,0.0,37.01,19.8,81.98,32.67
2018-04-25,0.0,39.01,20.57,64.88,22.75
2018-04-26,0.0,40.15,20.82,62.77,23.1
2018-04-27,0.0,36.5,19.9,84.4,39.48
2018-04-28,0.0,36.35,19.35,94.2,35.46
2018-04-29,0.0,38.98,19.19,87.23,27.22
2018-04-30,0.0,39.05,20.52,70.91,24.76
2018-05-01,0.0,40.15,20.45,70.85,16.44
2018-05-02,0.0,39.66,20.81,58.71,18.95
2018-05-03,0.0,40.58,21.23,64.28,17.23
2018-05-04,0.0,39.15,20.25,68.24,20.49
2018-05-05,0.0,35.54,19.43,85.76,33.66
2018-05-06,0.0,36.42,19.46,77.67,31.33
2018-05-07,0.01,35.33,19.74,82.64,35.36
2018-05-08,0.0,36.55,19.79,81.96,31.73
2018-05-09,0.0,36.94,19.96,79.06,28.52
2018-05-10,0.0,36.71,19.38,83.84,29.46
2018-05-11,0.0,34.01,19.23,88.25,38.27
2018-05-12,0.0,31.97,18.33,98.84,44.83
2018-05-13,0.0,35.39,20.0,84.3,36.99
2018-05-14,0.0,34.89,19.63,87.41,35.77
2018-05-15,0.0,33.25,19.74,90.26,45.82
2018-05-16,0.0,35.47,20.66,80.86,37.76
2018-05-17,0.0,35.35,20.06,82.0,34.89
2018-05-18,0.0,35.26,19.82,91.43,38.05
2018-05-19,0.0,32.73,19.19,96.19,44.58
2018-05-20,0.0,32.89,19.33,95.08,44.1
2018-05-21,0.0,33.91,19.8,95.79,44.86
2018-05-22,0.0,35.46,19.93,87.12,37.84
2018-05-23,0.0,36.24,20.25,75.17,33.22
2018-05-24,0.0,35.07,20.18,84.23,41.35
2018-05-25,0.0,34.96,20.38,87.61,41.73
2018-05-26,0.0,33.04,19.79,97.58,48.07
2018-05-27,0.0,33.5,19.68,99.48,46.05
2018-05-28,0.0,34.25,20.3,98.18,49.18
2018-05-29,0.0,33.86,21.11,98.02,49.68
2018-05-30,0.0,34.02,22.19,97.11,54.89
2018-05-31,0.0,33.7,21.88,97.36,55.11
2018-06-01,0.0,33.58,21.28,89.92,46.28
2018-06-02,0.0,35.37,22.42,88.54,45.16
2018-06-03,0.0,33.82,23.46,97.8,55.01
2018-06-04,0.0,34.8,22.21,94.81,47.95
2018-06-05,0.0,35.66,22.89,88.13,45.15
2018-06-06,2.35,35.5,23.59,84.19,46.52
2018-06-07,0.1,34.98,22.43,94.52,45.47
2018-06-08,0.0,34.09,23.28,90.33,48.53
2018-06-09,0.0,33.89,22.96,94.2,51.03
2018-06-10,0.0,32.35,22.84,93.15,52.63
2018-06-11,0.0,33.47,22.87,92.55,49.94
2018-06-12,0.0,35.21,23.06,90.74,45.77
2018-06-13,3.21,35.06,24.27,89.23,50.82
2018-06-14,0.0,34.61,24.12,93.44,55.64
2018-06-15,0.69,35.12,23.71,98.02,52.69
2018-06-16,0.0,34.93,23.76,89.26,49.42
2018-06-17,0.0,33.04,23.3,82.63,45.79
2018-06-18,0.0,30.8,22.33,87.73,55.29
2018-06-19,0.0,33.78,23.33,83.69,43.92
2018-06-20,0.0,33.33,22.92,81.71,45.97
2018-06-21,0.0,32.9,23.63,88.73,53.32
2018-06-22,0.0,33.41,23.92,87.63,54.38
2018-06-23,0.0,33.72,24.31,88.16,54.42
2018-06-24,0.0,34.64,24.35,96.85,55.34
2018-06-25,0.03,34.02,23.96,96.78,49.08
2018-06-26,0.0,35.93,24.0,87.8,46.71
2018-06-27,33.62,34.64,24.69,99.38,56.39
2018-06-28,0.0,31.63,22.61,99.03,73.68
2018-06-29,0.0,32.33,23.79,97.84,68.64
2018-06-30,0.0,33.82,24.38,97.16,57.31
2018-07-01,0.0,35.11,23.5,79.46,46.4
2018-07-02,11.17,33.15,24.47,84.39,54.84
2018-07-03,21.48,33.45,24.45,99.31,60.45
2018-07-04,0.23,34.37,24.3,96.41,57.49
2018-07-05,0.01,34.1,24.51,98.79,60.85
2018-07-06,29.85,34.06,25.17,94.75,59.77
2018-07-07,48.61,32.08,24.42,99.99,72.25
2018-07-08,5.89,29.96,23.28,99.44,78.56
2018-07-09,14.76,31.71,23.9,97.63,71.32
2018-07-10,30.73,32.09,23.74,99.14,69.88
2018-07-11,0.0,33.73,23.96,92.91,63.55
2018-07-12,0.01,32.82,25.14,97.15,70.15
2018-07-13,5.76,31.03,25.14,97.08,72.62
2018-07-14,1.24,31.97,23.7,98.51,70.76
2018-07-15,0.0,31.3,24.73,99.46,75.93
2018-07-16,0.02,30.88,25.23,98.03,69.28
2018-07-17,0.0,32.53,24.72,84.97,59.8
2018-07-18,7.07,31.74,25.02,91.22,68.5
2018-07-19,43.22,31.34,23.77,100.0,73.48
2018-07-20,4.39,33.24,24.58,97.36,62.5
2018-07-21,3.27,34.58,25.29,91.0,57.55
2018-07-22,32.76,34.74,24.69,84.93,56.52
2018-07-23,4.72,33.68,24.36,92.59,62.36
2018-07-24,0.77,31.17,25.01,95.95,71.01
2018-07-25,1.44,34.23,24.81,97.85,59.36
2018-07-26,0.0,33.44,24.33,88.56,57.04
2018-07-27,3.96,33.29,23.85,89.61,56.6
2018-07-28,12.36,28.93,23.76,99.55,77.73
2018-07-29,0.0,31.56,23.74,99.68,70.33
2018-07-30,0.0,33.8,23.77,88.57,63.13
2018-07-31,0.16,33.44,25.41,91.95,65.77
2018-08-01,0.0,32.07,24.6,95.17,69.66
2018-08-02,34.18,30.3,24.59,99.71,76.81
2018-08-03,14.26,28.9,23.86,99.76,83.61
2018-08-04,0.0,31.13,23.74,99.36,73.12
2018-08-05,0.01,29.78,23.71,99.02,83.94
2018-08-06,2.79,30.29,23.86,98.74,77.48
2018-08-07,9.01,30.33,23.6,99.48,74.15
2018-08-08,46.48,29.03,23.82,100.0,83.98
2018-08-09,16.38,27.62,23.29,100.0,89.78
2018-08-10,19.8,29.46,23.16,97.43,77.78
2018-08-11,0.01,30.74,23.93,99.68,71.33
2018-08-12,0.57,30.26,22.46,95.92,69.74
2018-08-13,0.0,31.59,23.14,90.77,63.55
2018-08-14,0.0,30.78,23.65,88.04,64.36
2018-08-15,0.0,32.61,23.58,91.95,64.54
2018-08-16,26.6,32.6,24.19,96.85,70.53
2018-08-17,1.85,31.12,24.15,99.16,78.65
2018-08-18,5.08,29.91,24.09,98.32,80.42
2018-08-19,0.01,31.12,24.09,98.02,72.25
2018-08-20,0.0,29.67,24.2,96.13,76.19
2018-08-21,0.0,31.17,23.67,98.5,69.65
2018-08-22,11.09,32.29,23.57,93.49,66.96
2018-08-23,5.83,32.37,23.46,97.01,69.22
2018-08-24,8.86,31.71,24.15,99.26,76.81
2018-08-25,14.51,31.6,24.45,99.14,73.99
2018-08-26,7.46,32.19,23.41,96.22,71.74
2018-08-27,22.04,30.27,23.9,96.67,78.7
2018-08-28,0.13,29.95,23.79,99.91,82.03
2018-08-29,39.1,31.02,23.64,96.81,75.25
2018-08-30,47.99,30.02,23.6,99.49,82.64
2018-08-31,1.21,30.65,23.47,97.91,75.79
2018-09-01,1.13,31.59,24.12,93.11,71.71
2018-09-02,5.02,29.63,23.66,99.13,81.21
2018-09-03,4.85,30.26,23.33,99.62,81.5
2018-09-04,16.17,31.54,23.38,99.84,75.38
2018-09-05,16.45,31.88,23.69,99.19,73.27
2018-09-06,93.32,28.51,23.42,99.99,88.65
2018-09-07,21.06,28.26,22.92,99.75,88.66
2018-09-08,4.26,28.89,22.83,98.05,81.76
2018-09-09,5.96,31.22,23.0,96.21,70.51
2018-09-10,0.0,30.71,23.07,96.44,74.99
2018-09-11,1.25,31.53,23.78,97.68,75.29
2018-09-12,0.67,31.6,23.54,95.96,70.01
2018-09-13,0.0,31.98,23.33,97.67,68.13
2018-09-14,2.25,30.76,23.21,99.18,79.91
2018-09-15,0.0,31.92,23.69,99.23,72.85
2018-09-16,0.01,33.05,23.58,99.07,68.81
2018-09-17,0.01,32.76,24.34,95.5,70.95
2018-09-18,21.93,30.23,23.8,99.24,82.84
2018-09-19,0.0,32.14,23.44,99.48,76.16
2018-09-20,0.0,32.38,23.63,98.35,71.6
2018-09-21,4.86,32.73,25.29,99.28,78.01
2018-09-22,0.0,33.45,23.1,97.84,68.82
2018-09-23,0.0,31.78,23.94,95.42,71.76
2018-09-24,1.25,32.82,23.13,97.9,67.47
2018-09-25,20.72,31.26,23.65,99.6,77.28
2018-09-26,0.5,31.85,23.03,98.98,70.43
2018-09-27,0.0,33.41,24.09,99.51,69.73
2018-09-28,4.25,32.24,24.63,99.26,75.79
2018-09-29,8.5,31.07,23.08,97.29,76.46
2018-09-30,1.89,32.47,23.37,91.94,66.75
2018-10-01,23.5,31.03,23.46,99.84,81.49
2018-10-02,9.81,30.81,23.16,99.74,81.6
2018-10-03,0.0,32.09,23.46,99.65,80.9
2018-10-04,0.45,32.19,24.1,99.46,77.2
2018-10-05,0.02,33.62,24.02,99.47,71.96
2018-10-06,0.05,32.63,24.11,98.96,76.29
2018-10-07,17.58,33.09,23.78,98.88,75.91
2018-10-08,0.0,32.32,23.28,99.58,76.8
2018-10-09,0.0,32.31,24.09,99.13,78.23
2018-10-10,0.0,32.54,23.9,99.55,75.18
2018-10-11,0.0,33.89,24.08,99.67,64.6
2018-10-12,0.0,33.95,24.9,99.76,71.49
2018-10-13,0.06,33.86,23.59,99.5,68.48
2018-10-14,0.62,32.91,24.06,99.33,71.53
2018-10-15,7.47,32.61,22.74,98.85,71.42
2018-10-16,0.0,31.25,22.33,99.4,77.75
2018-10-17,0.0,32.73,23.25,99.19,75.62
2018-10-18,0.0,33.51,23.68,98.98,65.23
2018-10-19,0.0,32.9,23.3,98.95,72.88
2018-10-20,0.0,32.47,23.73,99.03,74.62
2018-10-21,0.0,34.56,23.77,97.81,54.37
2018-10-22,0.0,34.42,23.94,94.94,55.94
2018-10-23,0.0,34.9,24.21,99.01,63.36
2018-10-24,0.0,34.08,24.23,98.86,72.07
2018-10-25,0.0,35.11,24.4,99.18,62.3
2018-10-26,0.0,32.87,24.63,98.96,73.35
2018-10-27,0.0,34.27,23.75,97.92,63.27
2018-10-28,0.0,35.78,23.84,97.45,51.33
2018-10-29,0.0,36.24,23.99,85.01,47.3
2018-10-30,0.0,34.39,23.65,97.65,52.95
2018-10-31,0.0,35.67,23.84,88.49,51.58
2018-11-01,0.13,34.79,22.06,97.54,65.54
2018-11-02,0.0,32.85,21.73,98.27,81.35
2018-11-03,0.0,34.72,21.14,98.91,46.58
2018-11-04,0.0,36.87,20.97,81.06,37.58
2018-11-05,0.0,34.93,21.36,95.83,51.54
2018-11-06,0.0,35.28,21.39,99.3,48.23
2018-11-07,0.0,35.54,21.86,99.1,49.02
2018-11-08,0.0,37.24,22.86,94.97,44.44
2018-11-09,0.0,38.56,22.51,82.22,30.8
2018-11-10,0.0,37.96,22.63,66.63,30.13
2018-11-11,0.0,37.8,21.29,68.77,30.03
2018-11-12,0.0,36.07,20.65,70.85,33.67
2018-11-13,0.0,34.16,21.02,75.6,39.85
2018-11-14,0.0,33.33,20.38,82.51,41.84
2018-11-15,0.0,32.48,20.87,86.19,40.3
2018-11-16,0.0,34.47,20.65,68.94,34.93
2018-11-17,0.0,32.81,20.69,84.15,42.24
2018-11-18,0.0,29.66,20.23,90.51,61.48
2018-11-19,0.0,33.7,19.81,97.61,53.01
2018-11-20,0.0,35.54,20.46,89.33,44.55
2018-11-21,0.0,36.85,21.96,82.06,37.07
2018-11-22,0.0,37.11,21.42,84.84,39.56
2018-11-23,0.0,34.44,21.36,77.86,40.1
2018-11-24,0.0,33.55,21.24,66.24,40.71
2018-11-25,0.0,35.48,20.87,69.71,38.4
2018-11-26,0.0,34.54,21.05,66.99,34.96
2018-11-27,0.0,35.84,20.28,65.2,32.14
2018-11-28,0.0,37.21,21.22,68.39,34.28
2018-11-29,0.0,37.3,21.58,79.22,35.65
2018-11-30,0.0,37.16,20.9,64.53,26.42
2018-12-01,0.0,36.5,19.32,62.79,29.53
2018-12-02,0.0,36.82,19.58,69.0,28.05
2018-12-03,0.0,35.17,18.35,63.83,27.46
2018-12-04,0.0,35.36,17.52,62.44,31.17
2018-12-05,0.0,36.75,18.93,68.76,27.73
2018-12-06,0.0,37.33,19.74,73.45,35.36
2018-12-07,0.0,32.77,18.92,97.42,57.7
2018-12-08,0.0,35.27,20.08,98.42,30.06
2018-12-09,0.0,36.2,18.38,59.91,27.92
2018-12-10,0.0,36.35,18.11,70.56,27.57
2018-12-11,0.0,35.23,17.87,61.18,23.2
2018-12-12,0.0,35.28,16.82,69.34,23.92
2018-12-13,0.0,35.68,18.2,75.82,30.71
2018-12-14,0.0,34.57,20.53,72.5,28.25
2018-12-15,0.0,34.85,20.87,46.97,22.6
2018-12-16,0.0,36.1,19.6,42.24,19.96
2018-12-17,0.0,36.26,18.67,47.51,20.78
2018-12-18,0.0,36.32,18.32,50.47,21.43
2018-12-19,0.0,35.76,17.84,48.72,21.58
2018-12-20,0.0,36.35,17.79,49.44,22.51
2018-12-21,0.0,35.53,17.92,53.72,22.74
2018-12-22,0.0,35.48,17.52,51.18,20.33
2018-12-23,0.0,35.25,17.75,49.16,22.52
2018-12-24,0.0,34.6,17.14,50.84,22.85
2018-12-25,0.0,35.19,16.36,51.79,22.44
2018-12-26,0.0,34.51,17.11,55.44,20.76
2018-12-27,0.0,34.85,16.9,50.92,21.37
2018-12-28,0.0,34.57,16.37,48.99,20.91
2018-12-29,0.0,34.93,16.83,48.18,20.63
2018-12-30,0.0,35.99,17.24,52.15,24.04
2018-12-31,0.0,36.65,18.7,67.92,26.79
2019-01-01,0.0,38.31,19.79,57.32,26.39
2019-01-02,0.0,37.94,20.35,54.71,21.6
2019-01-03,0.0,35.74,17.94,45.81,20.31
2019-01-04,0.0,31.13,15.78,46.44,24.33
2019-01-05,0.0,34.87,17.54,44.77,22.48
2019-01-06,0.0,35.06,17.72,45.95,21.48
2019-01-07,0.0,33.54,18.77,40.0,19.87
2019-01-08,0.0,36.82,18.38,41.59,19.05
2019-01-09,0.0,36.69,17.81,50.97,19.28
2019-01-10,0.0,35.26,18.22,46.47,20.08
2019-01-11,0.0,35.73,17.98,41.14,17.9
2019-01-12,0.0,36.66,18.49,52.76,19.13
2019-01-13,0.0,37.69,18.4,76.9,19.13
2019-01-14,0.0,38.17,18.56,56.93,18.02
2019-01-15,0.0,37.5,18.15,48.09,19.24
2019-01-16,0.0,35.54,17.6,57.66,24.81
2019-01-17,0.0,34.45,16.67,78.43,24.49
2019-01-18,0.0,33.22,16.66,60.97,18.32
2019-01-19,0.0,33.02,16.12,47.64,24.21
2019-01-20,0.0,33.69,15.8,45.16,22.57
2019-01-21,0.0,34.26,16.19,40.07,18.92
2019-01-22,0.0,33.35,16.02,36.57,16.79
2019-01-23,0.0,33.81,16.19,48.7,22.08
2019-01-24,0.0,35.57,17.64,54.29,22.83
2019-01-25,0.0,35.11,17.0,80.86,32.39
2019-01-26,0.0,37.87,17.99,81.64,20.49
2019-01-27,0.0,39.0,19.44,38.53,17.04
2019-01-28,0.0,36.56,18.75,40.46,16.39
2019-01-29,0.0,36.34,16.83,47.19,18.24
2019-01-30,0.0,35.63,16.11,52.98,20.42
2019-01-31,0.0,35.43,17.04,49.81,22.14
2019-02-01,0.0,36.38,17.3,72.8,20.16
2019-02-02,0.0,34.28,16.81,60.14,24.97
2019-02-03,0.0,36.49,17.82,59.18,24.38
2019-02-04,0.0,35.38,17.61,69.99,31.09
2019-02-05,0.0,36.07,17.19,74.24,31.0
2019-02-06,0.0,37.88,17.73,77.95,18.59
2019-02-07,0.0,37.53,18.49,39.3,16.95
2019-02-08,0.0,37.93,19.06,35.21,14.58
2019-02-09,0.0,39.31,20.09,34.62,14.48
2019-02-10,0.0,38.74,19.84,38.29,17.19
2019-02-11,0.0,40.55,20.46,43.44,14.55
2019-02-12,0.0,39.39,19.93,34.12,11.83
2019-02-13,0.0,38.72,20.26,28.64,11.26
2019-02-14,0.0,38.01,20.62,33.42,12.91
2019-02-15,0.0,38.28,20.95,37.99,15.24
2019-02-16,0.0,36.48,19.92,48.09,18.4
2019-02-17,0.0,34.7,18.04,61.7,26.0
2019-02-18,0.0,33.18,17.17,69.46,35.05
2019-02-19,0.0,34.66,17.79,69.28,24.02
2019-02-20,0.0,35.8,17.69,68.37,20.04
2019-02-21,0.0,38.04,18.85,63.08,19.84
2019-02-22,0.0,39.91,20.38,49.05,16.69
2019-02-23,0.0,39.25,22.5,32.89,11.77
2019-02-24,0.0,37.64,20.01,34.36,13.72
2019-02-25,0.0,36.09,17.35,31.9,13.14
2019-02-26,0.0,36.19,17.2,31.62,12.67
2019-02-27,0.0,35.08,17.49,28.31,13.8
2019-02-28,0.0,35.03,17.16,39.74,15.37
2019-03-01,0.0,34.75,17.51,30.43,14.51
2019-03-02,0.0,35.92,17.16,41.57,15.56
2019-03-03,0.0,36.92,17.89,43.75,15.34
2019-03-04,0.0,37.71,18.38,38.61,14.01
2019-03-05,0.0,39.09,18.64,41.54,15.04
2019-03-06,0.0,38.91,19.44,47.02,14.35
2019-03-07,0.0,38.22,18.61,46.34,13.42
2019-03-08,0.0,37.56,18.3,45.71,18.14
2019-03-09,0.0,37.11,17.75,56.34,20.03
2019-03-10,0.0,38.49,18.5,53.49,16.83
2019-03-11,0.0,41.06,19.91,40.77,14.13
2019-03-12,0.0,40.34,20.82,36.59,13.23
2019-03-13,0.0,39.76,20.5,36.33,14.01
2019-03-14,0.0,39.87,21.01,30.18,12.68
2019-03-15,0.0,40.53,20.51,37.21,13.32
2019-03-16,0.0,39.07,20.0,52.19,16.74
2019-03-17,0.0,36.99,19.09,63.92,25.23
2019-03-18,0.0,36.66,19.27,73.24,29.24
2019-03-19,0.0,39.4,19.52,73.76,22.83
2019-03-20,0.0,35.47,19.2,72.37,30.87
2019-03-21,0.0,33.56,18.16,97.34,45.23
2019-03-22,0.0,32.57,17.9,99.86,51.71
2019-03-23,0.0,31.88,17.05,98.12,50.15
2019-03-24,0.0,31.81,17.66,93.44,48.94
2019-03-25,0.0,30.74,18.37,92.3,48.59
2019-03-26,0.0,32.73,18.0,88.39,43.84
2019-03-27,0.0,34.59,18.35,88.35,42.7
2019-03-28,0.0,34.5,19.32,90.4,45.58
2019-03-29,0.0,35.24,19.76,92.81,46.09
2019-03-30,0.0,35.31,19.6,78.25,35.91
2019-03-31,0.0,37.78,20.47,76.35,30.68
2019-04-01,0.0,34.0,18.68,95.02,36.58
2019-04-02,0.0,34.97,19.25,92.02,42.49
2019-04-03,0.0,35.0,19.67,82.14,41.04
2019-04-04,0.0,34.5,19.16,92.05,41.34
2019-04-05,0.0,37.89,20.58,68.43,32.15
2019-04-06,0.0,38.11,21.28,72.28,30.34
2019-04-07,0.0,41.45,22.37,53.59,18.73
2019-04-08,0.0,41.41,22.74,52.92,16.28
2019-04-09,0.0,40.55,21.75,56.7,17.07
2019-04-10,0.0,41.54,21.99,55.88,16.78
2019-04-11,0.0,39.2,21.83,54.7,22.25
2019-04-12,0.0,38.55,21.37,54.62,16.88
2019-04-13,0.0,37.6,18.92,68.59,24.28
2019-04-14,0.0,38.22,18.6,74.79,24.93
2019-04-15,0.0,38.55,19.38,74.0,25.11
2019-04-16,0.0,37.13,19.17,78.45,31.13
2019-04-17,0.0,37.36,19.31,83.56,32.17
2019-04-18,0.0,39.51,20.63,70.03,25.62
2019-04-19,0.0,39.08,20.65,68.12,27.94
2019-04-20,0.0,37.39,20.35,75.74,32.53
2019-04-21,0.0,33.54,18.89,92.92,42.43
2019-04-22,0.0,34.21,19.8,90.16,42.08
2019-04-23,0.0,33.0,18.23,95.19,43.43
2019-04-24,0.0,35.35,18.54,99.75,43.42
2019-04-25,0.0,37.96,19.75,89.53,32.23
2019-04-26,0.0,40.12,20.08,78.48,25.99
2019-04-27,0.0,41.36,21.34,71.5,29.85
2019-04-28,0.0,39.77,21.71,75.83,33.58
2019-04-29,0.0,40.7,20.88,80.64,26.55
2019-04-30,0.0,37.72,20.55,81.55,32.63
2019-05-01,0.0,30.17,20.58,82.9,49.24
2019-05-02,0.0,32.69,18.75,91.33,43.88
2019-05-03,0.0,31.46,18.99,89.41,45.21
2019-05-04,0.0,34.77,19.29,79.81,36.08
2019-05-05,0.0,38.07,20.65,78.56,31.41
2019-05-06,0.0,39.58,21.25,76.38,28.19
2019-05-07,0.0,41.07,23.16,72.75,23.4
2019-05-08,0.0,36.81,21.18,91.21,36.41
2019-05-09,0.0,36.27,21.01,92.79,39.13
2019-05-10,0.0,32.18,20.64,97.84,55.1
2019-05-11,0.0,32.92,21.18,95.07,46.8
2019-05-12,0.0,34.23,21.62,90.16,45.68
2019-05-13,0.0,33.98,19.58,99.21,45.48
2019-05-14,0.0,34.83,19.87,97.02,42.27
2019-05-15,0.0,32.32,19.48,96.44,49.64
2019-05-16,0.0,31.7,20.27,91.89,49.37
2019-05-17,0.0,34.54,20.78,90.05,41.3
2019-05-18,0.0,34.62,20.52,87.22,39.74
2019-05-19,0.0,35.07,20.66,80.63,36.04
2019-05-20,0.0,33.74,20.28,79.11,34.58
2019-05-21,0.0,36.54,21.61,87.74,38.27
2019-05-22,0.0,35.64,20.89,93.11,38.83
2019-05-23,0.0,37.48,20.91,79.52,33.51
2019-05-24,0.0,36.09,20.7,92.84,39.81
2019-05-25,0.0,33.71,20.83,97.44,45.83
2019-05-26,0.0,32.04,21.04,85.96,46.35
2019-05-27,0.0,32.43,21.91,84.71,45.6
2019-05-28,0.0,35.08,21.99,86.47,39.52
2019-05-29,0.0,35.6,21.14,94.89,40.37
2019-05-30,0.0,38.16,21.97,79.71,34.75
2019-05-31,0.0,37.07,22.21,92.89,41.85
2019-06-01,0.0,34.87,22.54,84.5,41.31
2019-06-02,0.0,34.4,21.73,83.71,38.89
2019-06-03,0.0,34.24,21.67,77.58,41.15
2019-06-04,0.0,33.14,22.38,87.69,51.16
2019-06-05,0.0,32.7,22.25,93.08,53.12
2019-06-06,0.0,32.18,23.1,86.25,54.06
2019-06-07,0.0,35.22,22.62,87.04,41.66
2019-06-08,0.0,34.29,22.18,88.58,42.03
2019-06-09,0.0,33.97,22.75,91.46,50.93
2019-06-10,0.0,35.11,23.84,88.2,48.54
2019-06-11,0.08,34.25,24.61,95.61,56.29
2019-06-12,0.0,33.56,23.27,98.81,54.07
2019-06-13,0.0,35.05,23.69,83.7,46.62
2019-06-14,0.0,35.47,24.2,83.43,45.37
2019-06-15,0.0,34.77,24.02,82.06,40.73
2019-06-16,0.0,35.5,23.28,86.68,44.07
2019-06-17,0.0,35.99,24.93,84.87,48.59
2019-06-18,0.0,35.01,25.68,89.4,56.15
2019-06-19,8.98,37.03,24.15,93.52,45.97
2019-06-20,0.0,34.49,24.23,95.93,48.16
2019-06-21,0.0,34.94,23.75,91.75,49.66
2019-06-22,0.0,34.54,23.88,93.46,52.85
2019-06-23,0.0,33.26,23.8,89.43,54.2
2019-06-24,0.0,34.16,23.72,83.87,46.8
2019-06-25,0.0,35.28,22.89,88.63,44.74
2019-06-26,0.0,35.12,23.25,95.72,45.62
2019-06-27,0.0,35.54,24.58,86.54,51.28
2019-06-28,0.0,34.71,24.37,96.73,55.55
2019-06-29,0.29,34.77,23.75,95.51,51.76
2019-06-30,8.75,34.34,23.74,93.82,56.13
2019-07-01,4.33,32.85,24.74,88.81,65.19
2019-07-02,3.51,35.81,25.17,88.11,51.89
2019-07-03,12.15,36.26,24.42,88.24,51.76
2019-07-04,0.0,35.22,25.11,88.68,55.82
2019-07-05,0.0,33.98,25.54,87.87,54.63
2019-07-06,1.25,34.72,25.1,81.74,54.86
2019-07-07,4.68,35.45,25.5,86.64,52.98
2019-07-08,8.59,33.87,24.39,87.19,57.42
2019-07-09,3.67,35.12,25.09,90.01,54.11
2019-07-10,2.47,32.16,24.76,99.91,67.26
2019-07-11,0.0,32.38,24.7,98.48,66.59
2019-07-12,1.58,34.51,23.97,86.52,50.96
2019-07-13,4.9,35.82,25.11,79.26,48.91
2019-07-14,0.24,34.88,25.39,90.21,57.53
2019-07-15,0.03,33.98,25.06,90.1,55.21
2019-07-16,0.0,34.93,24.21,85.63,52.04
2019-07-17,1.85,32.27,24.48,93.87,66.78
2019-07-18,6.4,33.84,24.85,90.6,56.56
2019-07-19,0.0,33.13,24.05,89.44,55.86
2019-07-20,0.0,34.66,23.09,87.67,50.17
2019-07-21,0.0,35.68,24.56,86.11,49.61
2019-07-22,0.0,35.54,24.62,86.05,54.97
2019-07-23,0.01,36.18,24.79,89.24,50.54
2019-07-24,5.58,35.63,25.29,89.24,54.15
2019-07-25,2.14,30.32,24.3,100.0,72.78
2019-07-26,25.94,31.53,23.7,99.94,71.0
2019-07-27,0.0,32.19,24.16,97.93,70.9
2019-07-28,3.92,29.8,24.2,99.4,83.27
2019-07-29,39.49,32.62,24.02,99.46,70.57
2019-07-30,0.0,32.12,24.18,99.0,71.82
2019-07-31,0.0,29.3,24.2,99.16,88.06
2019-08-01,13.35,31.53,24.13,97.85,73.46
2019-08-02,0.0,32.16,23.92,94.92,69.18
2019-08-03,0.0,32.19,23.68,91.42,61.17
2019-08-04,0.0,33.61,24.89,85.93,62.31
2019-08-05,0.03,32.6,25.23,91.38,68.01
2019-08-06,0.01,32.02,24.98,90.23,64.12
2019-08-07,1.47,31.91,23.68,88.45,60.7
2019-08-08,0.08,33.05,24.19,91.96,62.17
2019-08-09,0.0,34.33,24.82,84.91,58.82
2019-08-10,3.71,32.13,24.48,94.4,67.7
2019-08-11,0.0,32.89,24.11,95.32,67.37
2019-08-12,7.06,30.16,23.52,99.73,80.63
2019-08-13,0.23,32.24,24.41,97.54,69.47
2019-08-14,0.0,33.13,25.09,88.02,64.5
2019-08-15,0.0,32.82,24.74,89.05,63.13
2019-08-16,0.0,31.45,25.19,93.14,72.49
2019-08-17,0.34,31.35,24.41,97.71,74.7
2019-08-18,48.83,31.51,23.94,96.68,70.2
2019-08-19,19.66,32.58,24.62,97.44,65.09
2019-08-20,0.0,33.59,24.47,99.25,69.65
2019-08-21,13.3,29.75,24.11,99.42,85.13
2019-08-22,20.6,28.76,23.95,99.8,88.3
2019-08-23,29.45,28.42,23.42,99.38,85.4
2019-08-24,0.16,30.06,23.57,99.55,79.02
2019-08-25,0.0,31.06,24.6,91.08,68.92
2019-08-26,6.23,31.29,24.34,90.89,69.5
2019-08-27,5.56,29.97,24.2,99.62,79.89
2019-08-28,17.74,29.95,24.0,99.53,81.89
2019-08-29,1.89,29.95,23.94,99.73,80.07
2019-08-30,49.58,29.89,23.23,99.7,76.52
2019-08-31,5.78,27.91,23.35,99.36,85.67
2019-09-01,11.47,30.41,23.26,99.7,76.79
2019-09-02,3.68,32.06,23.85,95.28,71.06
2019-09-03,7.33,32.93,23.34,97.41,70.35
2019-09-04,0.0,31.75,24.58,99.0,78.56
2019-09-05,11.9,32.34,24.1,99.7,75.22
2019-09-06,1.3,32.41,23.41,97.52,72.5
2019-09-07,8.17,31.04,23.49,98.39,76.67
2019-09-08,12.87,31.9,23.77,98.11,74.88
2019-09-09,29.53,30.69,23.77,99.69,80.64
2019-09-10,16.83,31.99,23.54,99.46,73.12
2019-09-11,12.86,32.79,23.71,99.67,69.75
2019-09-12,12.02,32.42,23.6,99.3,77.81
2019-09-13,0.0,33.52,24.53,99.44,67.49
2019-09-14,23.93,32.55,23.82,99.42,73.8
2019-09-15,6.32,32.13,23.6,99.6,74.27
2019-09-16,0.62,31.74,23.78,98.16,75.38
2019-09-17,26.09,32.83,23.69,98.82,72.45
2019-09-18,0.0,31.38,24.27,98.97,78.34
2019-09-19,2.26,28.18,22.98,99.37,91.29
2019-09-20,2.69,32.66,23.42,99.57,71.95
2019-09-21,9.16,32.24,23.54,99.01,74.15
2019-09-22,18.3,31.86,23.42,99.46,74.12
2019-09-23,11.97,32.49,23.52,99.26,69.65
2019-09-24,1.49,33.13,23.84,97.8,69.16
2019-09-25,1.2,32.45,24.3,97.8,71.53
2019-09-26,0.0,32.34,24.36,95.73,74.06
2019-09-27,0.0,32.64,24.42,95.68,68.91
2019-09-28,0.0,32.19,24.26,95.93,70.02
2019-09-29,0.0,31.36,23.57,93.37,70.76
2019-09-30,21.33,33.46,23.06,94.66,67.21
2019-10-01,0.0,33.12,24.13,99.16,77.9
2019-10-02,0.0,32.65,24.49,98.72,72.25
2019-10-03,0.14,30.84,23.62,99.44,84.37
2019-10-04,4.84,32.87,23.32,99.21,75.21
2019-10-05,8.6,32.04,23.51,99.6,79.31
2019-10-06,1.1,32.84,23.87,98.81,74.23
2019-10-07,2.76,30.92,23.76,99.63,83.41
2019-10-08,0.62,31.75,23.12,99.38,82.65
2019-10-09,5.45,31.96,22.85,99.45,75.63
2019-10-10,1.82,33.35,23.67,99.49,73.25
2019-10-11,0.0,32.88,24.02,99.09,76.51
2019-10-12,0.0,33.05,23.8,99.81,65.92
2019-10-13,0.0,30.47,23.83,99.41,84.86
2019-10-14,17.01,31.04,22.82,99.44,78.81
2019-10-15,9.66,30.83,23.37,99.27,80.83
2019-10-16,11.03,32.98,23.3,99.32,74.1
2019-10-17,0.0,32.86,24.4,99.17,75.47
2019-10-18,0.0,32.87,24.85,99.18,74.97
2019-10-19,0.0,32.89,24.37,98.59,76.46
2019-10-20,0.0,33.52,24.67,99.16,74.06
2019-10-21,0.45,33.51,23.63,99.19,65.17
2019-10-22,0.0,32.35,22.59,94.21,66.17
2019-10-23,0.0,32.19,22.38,91.4,54.07
2019-10-24,0.0,33.52,24.03,100.0,59.1
2019-10-25,1.65,32.67,23.55,99.4,73.51
2019-10-26,0.0,33.02,24.11,99.12,77.35
2019-10-27,0.0,34.81,24.54,98.46,67.76
2019-10-28,0.0,34.31,22.68,92.34,37.65
2019-10-29,0.0,35.31,22.52,67.26,43.03
2019-10-30,0.0,37.31,22.38,71.93,37.68
2019-10-31,0.0,36.55,22.66,68.53,31.77
2019-11-01,0.0,36.78,20.74,74.99,37.51
2019-11-02,0.0,37.7,22.04,79.21,39.71
2019-11-03,0.0,36.23,22.7,98.92,57.75
2019-11-04,0.0,38.2,22.9,100.0,35.39
2019-11-05,0.0,38.05,22.84,91.18,41.69
2019-11-06,0.0,37.9,22.97,92.1,39.2
2019-11-07,0.0,36.71,21.42,82.31,39.57
2019-11-08,0.0,36.12,21.0,84.66,38.68
2019-11-09,0.0,35.2,20.54,83.28,41.84
2019-11-10,0.0,34.95,20.64,89.57,45.6
2019-11-11,0.0,36.83,20.66,93.01,34.93
2019-11-12,0.0,37.69,21.24,72.36,33.43
2019-11-13,0.0,36.91,21.23,60.4,29.58
2019-11-14,0.0,35.78,22.2,79.21,39.26
2019-11-15,0.0,35.06,21.17,98.6,48.68
2019-11-16,0.0,33.75,21.31,98.32,58.34
2019-11-17,0.0,36.63,21.94,99.4,45.04
2019-11-18,0.0,37.33,22.03,91.58,33.37
2019-11-19,0.0,37.36,22.14,68.43,31.24
2019-11-20,0.0,36.87,21.78,60.79,27.42
2019-11-21,0.0,37.07,20.96,55.26,23.84
2019-11-22,0.0,35.37,20.21,58.34,25.39
2019-11-23,0.0,36.45,20.25,69.63,27.3
2019-11-24,0.0,37.62,20.66,55.76,26.82
2019-11-25,0.0,37.94,20.92,59.9,29.48
2019-11-26,0.0,37.29,21.04,69.15,32.41
2019-11-27,0.0,36.45,20.58,73.99,36.42
2019-11-28,0.0,35.11,20.12,79.04,40.19
2019-11-29,0.0,35.75,19.92,80.98,36.46
2019-11-30,0.0,37.17,20.91,69.78,30.89
2019-12-01,0.0,38.88,20.35,69.6,30.61
2019-12-02,0.0,38.13,20.3,63.62,27.47
2019-12-03,0.0,37.78,19.24,67.4,28.61
2019-12-04,0.0,35.69,19.34,69.59,31.18
2019-12-05,0.0,32.45,18.81,75.15,40.0
2019-12-06,0.0,31.49,16.84,91.93,43.28
2019-12-07,0.0,33.62,17.04,72.04,31.5
2019-12-08,0.0,33.47,18.81,55.49,34.97
2019-12-09,0.0,35.8,18.86,60.53,30.7
2019-12-10,0.0,36.81,19.68,53.98,22.35
2019-12-11,0.0,34.69,18.33,53.74,28.09
2019-12-12,0.0,34.43,18.1,57.95,28.78
2019-12-13,0.0,34.07,17.0,58.61,30.62
2019-12-14,0.0,36.42,17.7,64.71,26.77
2019-12-15,0.0,36.91,18.21,73.23,28.83
2019-12-16,0.0,33.12,17.62,91.7,34.19
2019-12-17,0.0,32.79,17.25,69.13,26.03
2019-12-18,0.0,34.38,17.83,49.95,21.08
2019-12-19,0.0,33.69,17.32,53.75,25.16
2019-12-20,0.0,33.47,18.4,53.82,25.57
2019-12-21,0.0,35.94,18.1,52.97,26.69
2019-12-22,0.0,36.88,18.33,57.43,25.08
2019-12-23,0.0,37.67,18.49,54.74,21.89
2019-12-24,0.0,37.06,18.43,53.12,23.37
2019-12-25,0.0,37.25,18.58,55.6,21.3
2019-12-26,0.0,37.25,17.28,50.83,20.61
2019-12-27,0.0,36.41,17.09,68.33,19.96
2019-12-28,0.0,34.62,17.31,81.76,26.93
2019-12-29,0.0,37.76,18.13,83.42,23.45
2019-12-30,0.0,37.24,18.2,49.87,19.33
2019-12-31,0.0,35.08,17.24,44.98,20.51
2020-01-01,0.0,34.03,17.06,46.74,23.23
2020-01-02,0.0,32.54,16.93,42.01,24.27
2020-01-03,0.0,34.46,17.23,41.63,22.93
2020-01-04,0.0,34.33,18.13,40.81,21.71
2020-01-05,0.0,33.0,16.82,41.08,21.56
2020-01-06,0.0,31.68,15.1,43.13,22.82
2020-01-07,0.02,31.49,15.05,44.18,23.0
2020-01-08,0.0,32.25,14.29,42.64,22.1
2020-01-09,0.0,32.07,15.75,38.38,21.51
2020-01-10,0.0,32.81,15.53,38.97,21.2
2020-01-11,0.0,34.3,16.43,39.72,21.61
2020-01-12,0.0,33.57,17.09,38.15,18.99
2020-01-13,0.0,33.66,17.26,35.57,19.26
2020-01-14,0.0,32.24,16.63,36.96,20.77
2020-01-15,0.0,34.1,16.4,38.67,18.13
2020-01-16,0.0,34.86,16.04,35.67,16.96
2020-01-17,0.0,35.06,16.13,38.11,15.73
2020-01-18,0.0,36.05,16.88,43.42,19.09
2020-01-19,0.0,36.62,18.09,48.02,21.87
2020-01-20,0.0,36.27,17.79,49.81,25.57
2020-01-21,0.0,36.68,18.33,64.46,25.67
2020-01-22,0.0,34.73,19.23,68.35,25.61
2020-01-23,0.0,31.67,19.65,89.08,35.28
2020-01-24,0.0,39.14,18.88,85.24,26.84
2020-01-25,0.0,39.09,21.5,57.77,20.16
2020-01-26,0.0,38.91,20.95,39.71,16.4
2020-01-27,0.0,39.81,19.71,43.0,14.82
2020-01-28,0.0,39.24,19.26,42.52,14.58
2020-01-29,0.0,38.5,18.83,69.86,21.19
2020-01-30,0.0,39.89,19.8,42.85,15.71
2020-01-31,0.0,39.05,19.06,45.67,16.81
2020-02-01,0.0,37.06,18.72,44.9,21.4
2020-02-02,0.0,37.55,19.48,72.4,30.61
2020-02-03,0.0,36.76,19.99,90.96,45.17
2020-02-04,0.0,39.04,19.42,97.23,21.12
2020-02-05,0.0,39.18,18.77,43.15,14.91
2020-02-06,0.0,39.22,18.89,38.98,13.94
2020-02-07,0.0,39.26,18.62,41.43,14.25
2020-02-08,0.0,38.85,18.89,37.71,14.8
2020-02-09,0.0,38.17,19.02,38.07,15.76
2020-02-10,0.0,38.69,18.11,41.67,16.99
2020-02-11,0.0,39.2,18.79,41.87,17.85
2020-02-12,0.0,40.25,19.75,52.44,23.93
2020-02-13,0.0,40.41,21.45,50.03,18.59
2020-02-14,0.0,40.03,20.33,40.62,15.67
2020-02-15,0.0,40.18,20.78,40.49,16.26
2020-02-16,0.0,39.94,20.67,44.04,17.07
2020-02-17,0.0,41.28,20.65,49.51,12.39
2020-02-18,0.0,40.57,20.16,43.16,12.87
2020-02-19,0.0,38.96,19.83,92.14,28.86
2020-02-20,0.0,40.29,19.81,73.12,16.22
2020-02-21,0.0,39.99,20.5,55.18,21.45
2020-02-22,0.0,36.79,19.81,73.3,34.87
2020-02-23,0.0,34.65,19.74,89.86,43.75
2020-02-24,0.0,41.12,19.67,95.17,19.25
2020-02-25,0.0,41.39,22.35,76.2,18.44
2020-02-26,0.0,42.59,22.12,66.82,12.83
2020-02-27,0.0,42.68,21.89,53.31,13.69
2020-02-28,0.0,41.73,21.06,49.68,17.49
2020-02-29,0.0,41.11,19.83,53.36,12.98
2020-03-01,0.0,41.58,21.19,37.41,11.51
2020-03-02,0.0,41.49,21.0,34.24,10.59
2020-03-03,0.0,41.42,21.38,40.41,12.4
2020-03-04,0.0,42.38,21.12,60.85,12.94
2020-03-05,0.0,43.13,21.47,57.26,13.23
2020-03-06,0.0,42.38,21.77,56.49,14.21
2020-03-07,0.0,41.23,21.23,64.56,17.05
2020-03-08,0.0,39.65,20.71,67.7,27.56
2020-03-09,0.0,41.92,21.11,70.21,19.25
2020-03-10,0.0,41.34,21.07,74.54,19.58
2020-03-11,0.0,40.98,20.99,75.06,18.56
2020-03-12,0.0,42.39,21.29,59.16,12.93
2020-03-13,0.0,42.16,21.73,50.8,12.23
2020-03-14,0.0,41.2,22.0,47.37,15.16
2020-03-15,0.0,38.87,20.67,59.04,25.6
2020-03-16,0.0,37.54,19.66,71.52,27.71
2020-03-17,0.0,36.97,19.36,83.12,32.31
2020-03-18,0.0,34.59,18.75,93.43,44.18
2020-03-19,0.0,34.42,18.65,99.42,43.17
2020-03-20,0.0,38.98,19.0,93.49,23.99
2020-03-21,0.0,41.37,20.59,69.89,19.5
2020-03-22,0.0,39.67,20.69,73.55,24.46
2020-03-23,0.0,34.56,18.91,84.03,37.93
2020-03-24,0.0,34.66,17.9,73.15,33.93
2020-03-25,0.0,37.65,18.93,66.93,23.56
2020-03-26,0.0,35.84,18.44,91.53,31.69
2020-03-27,0.0,35.37,18.61,92.25,42.81
2020-03-28,0.0,36.92,18.8,81.08,36.52
2020-03-29,0.0,40.28,20.26,78.34,26.63
2020-03-30,0.0,42.46,21.26,66.97,21.57
2020-03-31,0.0,44.06,22.0,65.65,20.19
2020-04-01,0.0,43.02,22.2,72.84,23.7
2020-04-02,0.0,41.81,22.68,81.06,31.02
2020-04-03,0.0,39.89,21.68,81.41,26.27
2020-04-04,0.0,39.05,20.72,74.59,26.43
2020-04-05,0.0,38.9,20.9,73.75,30.38
2020-04-06,0.0,39.77,20.68,86.74,29.11
2020-04-07,0.0,42.65,21.98,69.25,20.0
2020-04-08,0.0,39.83,21.31,78.61,31.27
2020-04-09,0.0,41.85,20.89,73.66,22.68
2020-04-10,0.0,40.34,21.19,77.21,26.12
2020-04-11,0.0,36.6,20.73,81.92,39.94
2020-04-12,0.0,36.52,20.31,87.04,39.53
2020-04-13,0.0,35.25,19.9,100.0,44.32
2020-04-14,0.0,36.68,20.47,95.48,39.52
2020-04-15,0.0,38.64,20.52,79.58,28.61
2020-04-16,0.0,38.7,21.37,73.91,27.44
2020-04-17,0.0,38.3,21.45,68.87,28.43
2020-04-18,0.0,35.6,20.49,75.97,36.78
2020-04-19,0.0,37.59,20.16,71.36,30.33
2020-04-20,0.0,38.12,20.9,83.13,31.55
2020-04-21,0.0,40.75,21.1,75.27,24.06
2020-04-22,0.0,39.57,21.4,69.63,22.25
2020-04-23,0.0,35.31,20.26,80.61,39.2
2020-04-24,0.0,34.59,19.42,84.75,40.96
2020-04-25,0.0,36.55,19.96,79.49,32.41
2020-04-26,0.0,37.02,20.5,83.55,34.31
2020-04-27,0.0,39.61,21.23,81.53,30.88
2020-04-28,0.0,43.73,22.29,64.49,19.94
2020-04-29,0.0,40.39,23.11,68.77,26.85
2020-04-30,0.0,38.75,21.97,78.55,35.35
2020-05-01,0.0,37.33,22.19,89.57,40.67
2020-05-02,0.0,35.73,22.0,98.17,43.49
2020-05-03,0.0,38.07,21.24,97.42,32.17
2020-05-04,0.0,37.9,21.1,99.23,37.01
2020-05-05,0.0,37.04,21.04,99.87,42.98
2020-05-06,0.0,36.3,21.47,96.93,42.02
2020-05-07,0.0,35.61,20.79,99.33,43.52
2020-05-08,0.0,36.1,22.0,90.49,43.83
2020-05-09,0.0,35.21,21.42,90.51,45.19
2020-05-10,0.0,32.22,21.05,99.19,57.9
2020-05-11,0.0,34.12,21.46,94.47,49.05
2020-05-12,0.0,33.89,20.67,99.97,48.95
2020-05-13,0.0,37.82,21.84,93.65,36.1
2020-05-14,0.0,37.97,22.03,93.31,36.74
2020-05-15,0.0,36.64,21.27,89.13,38.06
2020-05-16,0.0,37.12,21.08,88.91,36.41
2020-05-17,0.0,37.86,21.45,84.58,33.56
2020-05-18,0.0,35.12,21.37,83.94,40.52
2020-05-19,0.0,35.29,22.46,93.33,41.5
2020-05-20,0.0,35.84,21.0,90.04,39.04
2020-05-21,0.0,35.94,21.31,88.97,39.37
2020-05-22,0.0,35.42,21.41,96.23,48.2
2020-05-23,0.0,34.9,21.96,97.84,49.75
2020-05-24,0.0,35.79,21.96,95.55,45.63
2020-05-25,0.0,37.05,21.53,95.58,37.13
2020-05-26,0.0,37.46,21.83,89.35,37.04
2020-05-27,0.0,36.05,22.18,99.54,47.07
2020-05-28,0.0,37.02,24.08,93.83,49.53
2020-05-29,1.15,37.39,23.22,97.9,42.82
2020-05-30,0.0,30.68,22.29,98.53,67.41
2020-05-31,0.0,32.92,21.43,98.82,55.13
2020-06-01,0.0,36.38,23.58,83.79,43.27
2020-06-02,0.0,36.85,23.79,80.14,37.26
2020-06-03,0.0,36.23,23.33,80.42,34.08
2020-06-04,0.0,35.81,22.92,88.89,40.63
2020-06-05,0.0,35.6,24.23,82.5,45.9
2020-06-06,0.0,37.22,24.15,83.16,42.76
2020-06-07,0.0,36.53,24.49,92.5,49.15
2020-06-08,0.01,33.51,25.0,97.45,62.95
2020-06-09,9.3,32.86,24.73,97.24,66.59
2020-06-10,0.0,31.42,23.2,97.52,71.7
2020-06-11,0.0,31.76,23.24,97.8,70.49
2020-06-12,15.61,32.05,24.13,97.3,70.1
2020-06-13,0.0,34.77,23.32,98.97,56.54
2020-06-14,20.0,36.17,24.07,98.65,49.3
2020-06-15,0.0,33.24,24.2,99.1,71.11
2020-06-16,0.0,31.8,24.49,97.99,80.79
2020-06-17,0.0,31.92,24.88,97.66,75.97
2020-06-18,2.98,33.01,24.67,97.95,68.2
2020-06-19,0.4,31.3,25.13,97.79,77.33
2020-06-20,6.24,31.23,24.67,98.03,79.22
2020-06-21,0.33,32.76,23.94,98.99,73.1
2020-06-22,0.0,32.4,24.34,97.3,69.36
2020-06-23,0.0,32.27,25.2,98.07,73.3
2020-06-24,0.66,33.33,24.94,98.06,72.51
2020-06-25,22.44,31.3,24.32,98.08,79.99
2020-06-26,0.0,31.65,24.6,98.73,76.04
2020-06-27,4.75,31.44,24.74,98.49,77.73
2020-06-28,0.0,30.71,23.88,98.66,75.82
2020-06-29,0.0,32.14,24.0,97.42,69.09
2020-06-30,1.43,32.98,24.5,98.36,71.6
2020-07-01,6.94,32.44,25.43,91.81,69.45
2020-07-02,19.16,33.45,25.09,97.99,66.6
2020-07-03,0.01,32.73,24.22,99.67,70.34
2020-07-04,0.0,32.58,25.21,97.33,69.78
2020-07-05,0.0,33.12,25.47,91.25,63.42
2020-07-06,2.5,32.64,25.0,98.17,67.97
2020-07-07,2.86,34.49,25.33,98.89,60.54
2020-07-08,0.0,32.18,25.35,98.0,72.1
2020-07-09,0.01,31.72,25.11,92.2,68.21
2020-07-10,0.01,33.24,25.9,88.54,62.97
2020-07-11,17.05,30.86,24.93,99.33,78.12
2020-07-12,11.72,28.77,24.0,99.86,84.37
2020-07-13,16.86,28.28,23.33,99.64,82.01
2020-07-14,0.0,31.41,24.07,99.84,74.01
2020-07-15,15.41,31.28,24.63,96.22,72.57
2020-07-16,19.4,29.67,23.91,99.45,82.09
2020-07-17,36.02,29.26,23.66,99.53,83.87
2020-07-18,27.97,28.95,23.69,99.54,86.07
2020-07-19,3.78,30.26,23.84,99.15,80.99
2020-07-20,29.44,30.4,24.06,99.53,78.04
2020-07-21,0.92,29.59,23.72,99.6,85.02
2020-07-22,0.0,30.77,24.08,99.16,75.81
2020-07-23,4.45,30.92,24.81,96.45,74.22
2020-07-24,0.0,31.49,24.67,98.53,76.16
2020-07-25,14.59,30.12,24.17,99.56,79.57
2020-07-26,0.82,31.03,24.49,99.5,80.07
2020-07-27,14.63,29.6,24.42,99.79,87.21
2020-07-28,108.5,28.27,23.97,99.67,90.8
2020-07-29,15.53,27.62,23.43,99.45,91.07
2020-07-30,26.45,29.73,24.14,99.43,82.57
2020-07-31,8.08,29.48,23.6,99.26,84.61
2020-08-01,40.22,31.81,24.54,98.51,73.56
2020-08-02,9.06,30.75,24.19,98.98,81.8
2020-08-03,0.8,30.56,24.32,99.62,81.8
2020-08-04,19.29,29.95,24.06,99.56,83.78
2020-08-05,18.35,29.75,23.57,99.49,82.15
2020-08-06,9.89,29.51,23.9,99.15,81.61
2020-08-07,28.41,31.74,24.01,99.54,76.33
2020-08-08,0.06,31.0,24.52,99.79,81.94
2020-08-09,19.41,30.57,24.73,99.81,81.07
2020-08-10,52.07,29.94,24.17,99.99,80.81
2020-08-11,0.01,30.05,24.4,99.51,81.75
2020-08-12,25.75,30.47,24.18,99.14,79.45
2020-08-13,26.56,27.86,23.37,99.88,90.84
2020-08-14,17.84,30.76,23.19,99.41,77.83
2020-08-15,21.47,31.68,23.98,99.87,75.99
2020-08-16,0.14,32.86,24.95,99.74,68.67
2020-08-17,2.54,31.32,24.64,96.34,77.8
2020-08-18,0.07,30.29,24.65,99.07,81.88
2020-08-19,0.11,31.95,24.54,98.08,75.45
2020-08-20,25.43,32.18,24.9,99.26,75.66
2020-08-21,28.68,30.07,23.7,99.89,79.15
2020-08-22,2.74,31.2,23.29,96.35,72.41
2020-08-23,0.0,32.53,24.5,95.16,73.19
2020-08-24,0.02,32.01,24.35,99.46,73.3
2020-08-25,3.86,30.35,23.83,97.83,73.72
2020-08-26,50.65,29.42,23.58,99.53,79.51
2020-08-27,12.68,29.25,23.33,99.56,83.42
2020-08-28,0.0,29.2,23.39,99.67,84.28
2020-08-29,9.16,29.87,23.62,98.14,78.23
2020-08-30,20.35,31.64,24.48,98.77,75.75
2020-08-31,4.66,31.11,24.52,99.33,77.48
2020-09-01,54.83,30.04,23.88,99.46,84.46
2020-09-02,25.45,29.37,23.1,99.59,83.71
2020-09-03,17.36,29.76,23.25,99.77,82.65
2020-09-04,21.17,31.18,23.59,99.52,76.5
2020-09-05,74.67,28.15,23.0,99.84,91.52
2020-09-06,16.19,27.03,23.14,99.66,92.85
2020-09-07,2.9,29.06,22.88,99.55,84.18
2020-09-08,0.13,30.3,23.32,99.59,79.71
2020-09-09,42.93,31.6,23.61,99.51,75.99
2020-09-10,19.12,31.57,23.24,99.8,77.47
2020-09-11,10.15,30.4,22.98,99.71,79.01
2020-09-12,0.34,28.92,22.61,99.62,82.6
2020-09-13,3.7,31.26,23.29,99.46,75.33
2020-09-14,25.26,31.4,24.25,99.51,81.09
2020-09-15,19.33,33.17,23.45,99.54,69.78
2020-09-16,0.55,32.61,24.02,95.5,70.93
2020-09-17,0.05,32.0,23.68,97.97,76.57
2020-09-18,3.41,31.55,23.71,99.19,75.78
2020-09-19,8.96,29.83,23.15,99.74,86.04
2020-09-20,0.07,30.73,23.72,99.0,77.55
2020-09-21,0.0,30.56,23.41,99.63,81.56
2020-09-22,0.0,32.98,24.05,98.05,68.13
2020-09-23,10.32,31.68,24.27,99.31,78.42
2020-09-24,17.95,32.56,23.6,99.05,72.02
2020-09-25,4.49,32.19,23.25,99.6,74.09
2020-09-26,6.35,32.05,23.93,98.76,76.02
2020-09-27,7.29,32.45,23.94,98.31,73.04
2020-09-28,0.0,33.36,22.7,99.23,69.02
2020-09-29,0.13,32.79,24.08,97.15,73.28
2020-09-30,18.2,32.54,24.04,98.1,76.24
2020-10-01,0.0,32.93,24.28,99.22,74.47
2020-10-02,0.0,32.1,24.25,99.94,76.36
2020-10-03,21.65,33.29,24.25,99.27,74.13
2020-10-04,2.61,31.68,23.43,99.54,82.4
2020-10-05,21.81,30.62,23.27,99.4,85.15
2020-10-06,0.1,32.66,23.62,99.58,76.44
2020-10-07,27.35,32.67,23.75,99.48,77.44
2020-10-08,0.0,32.47,23.84,99.22,79.53
2020-10-09,0.0,33.35,24.54,99.27,74.72
2020-10-10,0.0,33.95,25.18,99.68,68.88
2020-10-11,0.0,33.17,24.3,98.99,72.91
2020-10-12,15.52,31.4,23.88,99.37,80.98
2020-10-13,11.56,31.81,23.12,99.43,78.52
2020-10-14,0.54,31.63,22.95,99.33,77.58
2020-10-15,0.0,31.74,23.87,99.2,79.69
2020-10-16,0.0,32.09,24.04,99.38,80.97
2020-10-17,0.1,32.72,24.03,99.06,75.35
2020-10-18,0.0,33.55,24.3,98.8,72.19
2020-10-19,0.0,33.42,24.95,99.37,78.63
2020-10-20,0.0,33.95,24.93,99.67,74.88
2020-10-21,0.0,33.26,24.88,98.96,70.41
2020-10-22,0.0,33.79,24.51,96.11,68.93
2020-10-23,0.0,34.18,24.56,99.15,68.22
2020-10-24,0.0,34.24,24.07,99.79,66.72
2020-10-25,0.0,34.86,24.17,99.99,65.4
2020-10-26,0.0,35.27,24.72,99.39,55.87
2020-10-27,0.0,35.25,24.16,85.83,50.29
2020-10-28,0.0,35.16,24.04,80.39,49.25
2020-10-29,0.0,35.01,24.33,71.63,46.98
2020-10-30,0.0,36.06,23.51,76.04,42.3
2020-10-31,0.0,37.01,23.05,67.11,40.24
2020-11-01,0.0,37.3,22.48,87.1,47.01
2020-11-02,0.0,37.77,23.06,100.0,46.54
2020-11-03,0.0,36.58,22.27,100.0,59.52
2020-11-04,0.0,31.24,21.58,98.33,91.02
2020-11-05,0.0,32.66,21.57,98.65,81.02
2020-11-06,0.0,31.43,21.99,98.9,88.19
2020-11-07,0.0,34.35,22.59,97.19,74.49
2020-11-08,0.0,36.26,22.69,98.16,61.07
2020-11-09,0.0,34.71,21.92,100.0,66.55
2020-11-10,0.0,34.13,22.61,98.42,73.54
2020-11-11,0.0,36.35,22.13,99.3,45.85
2020-11-12,0.0,37.12,21.16,73.22,38.89
2020-11-13,0.0,37.0,20.66,71.72,34.07
2020-11-14,0.0,36.87,20.47,65.09,29.71
2020-11-15,0.0,37.1,20.41,65.06,29.73
2020-11-16,0.0,37.16,20.42,72.56,30.78
2020-11-17,0.0,37.29,21.05,67.79,32.68
2020-11-18,0.0,37.44,20.98,72.43,29.98
2020-11-19,0.0,36.94,20.53,68.22,27.44
2020-11-20,0.0,36.86,20.12,69.46,31.93
2020-11-21,0.0,35.83,21.3,99.99,51.03
2020-11-22,0.0,35.09,21.41,98.15,67.71
2020-11-23,0.0,33.44,20.94,98.45,72.06
2020-11-24,0.0,36.17,21.56,100.0,31.48
2020-11-25,0.0,32.75,18.71,62.7,30.83
2020-11-26,0.0,34.2,18.64,56.9,25.66
2020-11-27,0.0,34.07,17.33,58.85,25.37
2020-11-28,0.0,31.83,17.62,66.57,30.75
2020-11-29,0.0,33.67,18.7,67.01,34.69
2020-11-30,0.0,33.86,20.33,91.97,42.29
2020-12-01,0.0,34.68,20.0,79.46,44.0
2020-12-02,0.0,35.08,19.55,95.69,50.95
2020-12-03,0.0,34.48,19.54,99.83,49.14
2020-12-04,0.0,34.73,19.17,99.44,52.88
2020-12-05,0.0,34.88,18.94,98.65,48.67
2020-12-06,0.0,35.67,18.91,93.97,38.99
2020-12-07,0.0,35.71,18.83,74.11,36.69
2020-12-08,0.0,36.25,18.9,66.31,35.11
2020-12-09,0.0,35.9,19.02,63.41,33.35
2020-12-10,0.0,36.55,18.88,60.11,32.39
2020-12-11,0.0,36.35,18.77,55.07,28.48
2020-12-12,0.0,36.64,18.91,53.23,28.08
2020-12-13,0.0,35.55,18.24,51.77,27.11
2020-12-14,0.0,34.97,17.66,63.68,26.17
2020-12-15,0.0,34.61,17.32,60.29,29.07
2020-12-16,0.0,34.86,18.15,90.47,35.52
2020-12-17,0.0,36.22,18.48,79.15,31.23
2020-12-18,0.0,35.04,18.8,63.08,32.81
2020-12-19,0.0,34.1,17.55,54.09,31.05
2020-12-20,0.0,32.77,16.87,51.29,30.42
2020-12-21,0.0,32.46,17.62,49.65,31.17
2020-12-22,0.0,34.34,17.73,51.48,29.42
2020-12-23,0.0,34.53,17.17,48.83,27.65
2020-12-24,0.0,35.34,17.95,61.65,32.66
2020-12-25,0.0,33.51,17.86,97.69,50.53
2020-12-26,0.0,33.91,18.83,92.45,37.66
2020-12-27,0.0,35.47,19.59,69.73,32.81
2020-12-28,0.0,35.28,18.69,74.01,31.0
2020-12-29,0.0,35.67,18.51,75.11,26.94
2020-12-30,0.0,37.13,18.87,62.95,30.21
2020-12-31,0.0,36.58,19.35,92.97,36.23
2021-01-01,0.0,39.07,19.49,68.71,25.82
2021-01-02,0.0,37.69,19.02,77.1,32.7
2021-01-03,0.0,36.54,17.28,73.17,27.88
2021-01-04,0.0,37.96,18.0,62.04,23.34
2021-01-05,0.0,38.54,18.02,74.03,21.68
2021-01-06,0.0,39.12,18.82,74.3,22.45
2021-01-07,0.0,37.15,18.39,94.87,35.96
2021-01-08,0.0,35.7,19.09,96.41,34.0
2021-01-09,0.0,33.8,18.68,87.68,37.27
2021-01-10,0.0,33.33,18.42,74.28,36.34
2021-01-11,0.0,32.22,17.46,62.83,30.29
2021-01-12,0.0,32.17,18.86,63.86,29.82
2021-01-13,0.0,35.52,17.36,67.23,25.01
2021-01-14,0.0,37.01,18.19,65.97,24.09
2021-01-15,0.0,36.45,18.51,62.95,23.0
2021-01-16,0.0,34.68,18.08,59.16,21.04
2021-01-17,0.0,33.66,17.83,55.05,20.87
2021-01-18,0.0,34.77,19.11,53.38,19.51
2021-01-19,0.0,35.23,16.37,57.14,20.21
2021-01-20,0.0,36.11,16.45,57.39,19.31
2021-01-21,0.0,37.84,17.16,62.63,18.02
2021-01-22,0.0,36.87,18.84,59.55,18.29
2021-01-23,0.0,36.26,18.5,53.7,17.0
2021-01-24,0.0,37.08,15.49,62.61,14.73
2021-01-25,0.0,37.3,15.25,61.23,11.8
2021-01-26,0.0,39.12,16.47,66.97,13.61
2021-01-27,0.0,39.04,15.29,63.65,9.86
2021-01-28,0.0,38.46,15.33,64.1,14.98
2021-01-29,0.0,37.32,16.73,61.18,15.25
2021-01-30,0.0,38.65,16.41,63.89,14.53
2021-01-31,0.0,38.28,17.75,61.19,16.31
2021-02-01,0.0,38.29,19.04,58.32,17.98
2021-02-02,0.0,38.68,17.45,69.37,16.98
2021-02-03,0.0,37.08,17.9,81.52,22.15
2021-02-04,0.0,36.63,18.63,74.59,22.71
2021-02-05,0.0,29.32,18.29,85.04,44.32
2021-02-06,0.0,28.66,17.54,77.66,42.33
2021-02-07,0.0,33.45,16.44,64.21,27.02
2021-02-08,0.0,35.96,17.7,62.29,25.42
2021-02-09,0.0,36.92,19.34,54.87,20.43
2021-02-10,0.0,37.83,19.87,55.29,20.45
2021-02-11,0.0,38.83,18.69,63.65,18.11
2021-02-12,0.0,40.52,19.56,61.68,16.37
2021-02-13,0.0,39.73,19.19,56.93,18.83
2021-02-14,0.0,38.71,18.17,63.47,19.98
2021-02-15,0.0,37.87,19.76,77.52,26.3
2021-02-16,0.0,38.99,18.66,83.57,18.37
2021-02-17,0.0,32.0,21.5,69.37,31.8
2021-02-18,0.0,35.37,22.69,54.58,29.28
2021-02-19,0.0,34.71,23.35,55.58,27.89
2021-02-20,0.0,34.78,21.63,66.22,28.82
2021-02-21,0.0,38.18,20.44,62.01,18.83
2021-02-22,0.0,40.09,20.28,52.9,18.26
2021-02-23,0.0,39.85,19.75,58.52,19.67
2021-02-24,0.0,40.48,19.09,83.57,16.42
2021-02-25,0.0,39.76,18.33,62.36,16.54
2021-02-26,0.0,37.37,19.77,60.16,16.05
2021-02-27,0.0,36.19,19.95,51.74,19.13
2021-02-28,0.0,35.13,19.13,54.04,22.08
2021-03-01,0.0,35.95,18.22,64.91,25.96
2021-03-02,0.0,39.58,19.65,61.63,17.41
2021-03-03,0.0,40.8,20.99,54.63,18.17
2021-03-04,0.0,39.73,20.04,64.59,21.37
2021-03-05,0.0,38.1,19.13,74.66,29.69
2021-03-06,0.0,38.76,19.26,72.29,27.06
2021-03-07,0.0,38.89,19.59,67.38,22.89
2021-03-08,0.0,38.26,20.87,63.06,23.01
2021-03-09,0.0,37.9,19.44,63.83,23.08
2021-03-10,0.0,37.36,20.06,56.83,23.56
2021-03-11,0.0,37.46,19.66,54.87,20.26
2021-03-12,0.0,39.13,18.96,56.8,19.97
2021-03-13,0.0,39.18,20.33,60.34,21.16
2021-03-14,0.0,39.13,19.91,77.87,22.52
2021-03-15,0.0,39.27,19.95,73.96,18.89
2021-03-16,0.0,36.79,18.76,77.79,27.05
2021-03-17,0.0,33.27,18.13,96.84,44.74
2021-03-18,0.0,34.93,17.87,83.07,42.05
2021-03-19,0.0,31.43,18.0,99.23,52.98
2021-03-20,0.0,33.0,16.75,99.5,44.11
2021-03-21,0.0,33.5,18.59,89.29,46.3
2021-03-22,0.0,35.97,18.54,89.08,32.16
2021-03-23,0.0,37.59,19.0,85.67,27.19
2021-03-24,0.0,39.75,20.55,75.2,20.68
2021-03-25,0.0,40.81,21.93,60.91,19.36
2021-03-26,0.0,39.0,20.08,80.52,25.94
2021-03-27,0.0,39.76,20.3,73.12,21.97
2021-03-28,0.0,37.26,18.39,81.25,31.44
2021-03-29,0.0,36.79,18.1,83.76,35.84
2021-03-30,0.0,33.56,18.02,86.79,45.11
2021-03-31,0.0,34.83,18.86,86.67,37.61
2021-04-01,0.0,38.29,19.75,76.22,32.52
2021-04-02,0.0,36.98,19.85,91.35,39.59
2021-04-03,0.0,36.18,20.59,92.35,36.75
2021-04-04,0.0,35.1,19.19,99.54,45.86
2021-04-05,0.0,36.74,20.11,94.17,40.37
2021-04-06,0.0,35.04,19.79,97.86,44.56
2021-04-07,0.0,36.02,19.0,82.55,33.52
2021-04-08,0.0,43.22,21.44,79.12,16.95
2021-04-09,0.0,40.44,20.97,82.08,26.09
2021-04-10,0.0,37.12,19.63,91.19,37.51
2021-04-11,0.0,36.22,20.39,87.03,43.57
2021-04-12,0.0,40.63,20.46,87.44,27.74
2021-04-13,0.0,40.03,21.1,90.41,33.92
2021-04-14,0.0,36.99,20.36,93.85,35.34
2021-04-15,0.0,36.63,21.04,86.52,39.63
2021-04-16,0.0,36.0,20.67,89.3,42.03
2021-04-17,0.0,39.01,20.71,81.51,34.29
2021-04-18,0.0,40.27,20.87,81.11,29.35
2021-04-19,0.0,39.82,21.48,85.31,28.56
2021-04-20,0.0,37.53,20.61,86.49,35.17
2021-04-21,0.0,35.15,19.86,91.63,44.0
2021-04-22,0.0,34.5,19.17,99.7,44.69
2021-04-23,0.0,36.98,20.43,93.3,37.88
2021-04-24,0.0,35.2,19.46,96.03,43.36
2021-04-25,0.0,35.66,18.87,93.35,40.2
2021-04-26,0.0,37.45,18.77,83.87,28.5
2021-04-27,0.0,34.93,20.19,90.05,42.46
2021-04-28,0.0,36.56,19.59,84.56,37.02
2021-04-29,0.0,37.2,20.78,82.33,36.92
2021-04-30,0.0,36.01,18.44,88.47,33.71
2021-05-01,0.0,37.23,20.59,81.2,37.21
2021-05-02,0.0,35.28,19.85,93.28,41.23
2021-05-03,0.0,34.82,19.09,94.88,38.89
2021-05-04,0.0,33.78,19.3,92.04,42.16
2021-05-05,0.0,33.39,19.45,99.85,47.25
2021-05-06,0.0,35.91,20.29,92.74,38.56
2021-05-07,0.0,36.29,23.28,97.04,40.28
2021-05-08,0.0,38.55,21.02,84.24,32.75
2021-05-09,0.0,34.56,20.75,87.71,41.0
2021-05-10,0.0,35.41,19.23,96.96,40.4
2021-05-11,0.0,34.38,20.3,95.4,47.22
2021-05-12,0.0,34.98,21.59,97.6,48.67
2021-05-13,0.0,36.67,23.54,92.64,45.55
2021-05-14,0.0,39.41,22.25,94.17,34.51
2021-05-15,0.0,37.83,22.45,90.78,38.84
2021-05-16,0.0,38.29,21.69,91.2,33.83
2021-05-17,0.0,36.6,21.18,90.73,39.77
2021-05-18,0.0,38.26,21.29,96.15,38.91
2021-05-19,0.0,37.39,21.89,93.18,45.01
2021-05-20,0.0,35.58,23.25,95.81,49.45
2021-05-21,0.0,35.38,21.56,99.37,49.32
2021-05-22,0.0,35.29,20.74,97.97,40.04
2021-05-23,0.0,36.11,21.06,93.7,40.89
2021-05-24,0.0,35.29,20.89,92.91,41.15
2021-05-25,0.0,34.6,22.28,91.66,47.61
2021-05-26,0.0,35.09,22.31,94.44,48.42
2021-05-27,0.0,36.38,22.59,95.82,46.88
2021-05-28,0.0,35.8,21.39,97.69,40.87
2021-05-29,0.0,35.18,21.09,97.92,40.16
2021-05-30,0.0,33.95,21.23,99.98,57.27
2021-05-31,0.0,32.75,22.12,97.12,55.92
2021-06-01,0.0,32.94,23.29,90.07,54.05
2021-06-02,0.0,34.73,22.2,94.43,47.61
2021-06-03,0.0,37.49,22.36,98.34,47.05
2021-06-04,0.0,35.38,23.76,84.78,48.97
2021-06-05,0.0,34.93,24.72,91.65,53.38
2021-06-06,0.0,33.31,24.59,97.64,61.58
2021-06-07,0.0,35.99,24.19,96.7,46.53
2021-06-08,4.95,35.34,24.52,91.85,59.28
2021-06-09,0.0,33.33,24.58,92.39,66.07
2021-06-10,6.14,33.51,25.14,90.51,67.64
2021-06-11,1.41,31.23,22.84,96.07,79.11
2021-06-12,0.37,33.96,25.04,94.52,67.74
2021-06-13,0.02,32.84,24.45,94.5,67.9
2021-06-14,0.0,32.43,25.45,92.53,66.26
2021-06-15,0.17,34.2,25.66,96.16,64.14
2021-06-16,0.0,34.97,25.35,90.93,57.85
2021-06-17,0.0,35.93,25.46,89.55,54.53
2021-06-18,0.0,35.64,25.47,93.07,53.01
2021-06-19,0.0,35.66,25.01,87.47,47.73
2021-06-20,0.01,33.92,24.36,88.63,53.65
2021-06-21,0.0,34.49,25.12,87.47,53.48
2021-06-22,0.0,34.93,25.85,93.82,56.42
2021-06-23,0.0,32.44,25.19,93.62,67.65
2021-06-24,0.0,36.8,24.21,92.45,47.1
2021-06-25,2.33,37.64,26.47,87.16,48.01
2021-06-26,0.27,30.94,24.35,92.36,71.47
2021-06-27,23.49,34.15,24.76,95.02,63.91
2021-06-28,0.0,35.69,24.37,94.39,56.07
2021-06-29,0.0,35.7,25.06,89.88,58.97
2021-06-30,0.0,33.0,25.89,91.81,67.45
2021-07-01,0.0,33.75,25.09,88.43,61.47
2021-07-02,21.56,35.35,24.67,92.98,57.14
2021-07-03,0.0,32.17,23.86,98.52,66.75
2021-07-04,0.0,32.35,25.24,91.0,66.15
2021-07-05,9.61,34.16,25.63,89.45,62.11
2021-07-06,3.88,34.04,25.11,96.16,66.04
2021-07-07,22.63,35.16,25.52,92.66,60.33
2021-07-08,0.0,33.57,23.72,95.26,66.07
2021-07-09,0.0,32.94,25.76,93.77,67.97
2021-07-10,0.0,32.81,25.99,89.13,63.82
2021-07-11,10.27,32.81,25.95,83.42,62.6
2021-07-12,0.0,31.85,24.38,99.66,64.23
2021-07-13,0.0,32.45,24.34,99.98,71.39
2021-07-14,0.0,32.35,25.27,96.56,71.59
2021-07-15,0.0,32.4,26.61,89.82,67.33
2021-07-16,0.0,33.18,25.47,90.09,65.87
2021-07-17,0.0,33.94,24.41,91.58,64.47
2021-07-18,0.0,33.28,26.3,94.91,68.04
2021-07-19,0.0,31.3,25.76,94.67,78.6
2021-07-20,0.0,33.2,25.64,99.06,71.29
2021-07-21,0.0,33.06,26.05,94.95,69.58
2021-07-22,0.0,31.92,26.07,93.49,76.51
2021-07-23,0.0,31.42,25.8,88.59,64.01
2021-07-24,0.0,33.59,22.81,91.01,57.66
2021-07-25,17.41,31.63,24.83,97.34,71.45
2021-07-26,0.01,32.29,24.25,92.42,66.41
2021-07-27,0.0,32.98,26.21,87.2,64.42
2021-07-28,6.39,32.8,26.18,85.17,66.38
2021-07-29,0.81,33.59,24.82,94.98,59.45
2021-07-30,47.89,32.36,24.54,95.88,70.26
2021-07-31,46.76,29.51,23.0,97.26,85.12
2021-08-01,4.27,32.51,23.72,97.43,69.96
2021-08-02,60.84,30.38,23.78,98.55,77.64
2021-08-03,19.74,30.91,23.9,98.55,76.41
2021-08-04,27.89,30.58,24.75,95.87,79.4
2021-08-05,35.92,32.43,23.27,96.8,70.16
2021-08-06,1.06,30.51,23.03,99.2,76.81
2021-08-07,15.46,30.69,24.34,98.1,77.95
2021-08-08,31.76,31.23,24.26,97.43,73.82
2021-08-09,0.0,31.77,22.47,97.19,75.97
2021-08-10,0.01,32.51,25.25,96.31,73.22
2021-08-11,0.01,32.48,25.61,98.18,70.69
2021-08-12,0.0,31.86,24.61,99.53,73.27
2021-08-13,8.4,31.92,24.88,99.43,76.45
2021-08-14,1.42,31.23,25.28,93.66,75.03
2021-08-15,1.65,29.64,23.6,95.68,81.76
2021-08-16,34.5,30.86,24.6,96.53,78.23
2021-08-17,1.03,31.44,23.94,96.33,73.59
2021-08-18,33.98,31.66,23.84,97.23,70.68
2021-08-19,16.39,31.04,23.83,97.41,83.65
2021-08-20,0.01,30.05,23.94,97.41,80.1
2021-08-21,0.0,31.52,23.32,98.95,75.79
2021-08-22,0.0,31.27,24.3,96.13,73.6
2021-08-23,0.0,33.0,24.3,95.59,66.39
2021-08-24,0.0,32.58,25.35,94.03,74.19
2021-08-25,15.75,31.74,24.52,95.03,74.21
2021-08-26,0.0,31.98,22.81,96.95,70.29
2021-08-27,4.86,31.96,24.06,95.4,73.87
2021-08-28,16.27,31.34,23.55,96.16,70.92
2021-08-29,22.19,32.64,24.88,96.75,68.06
2021-08-30,0.0,32.9,22.06,97.6,68.28
2021-08-31,24.39,32.63,24.45,97.42,66.6
2021-09-01,38.14,32.38,22.62,98.02,71.47
2021-09-02,0.0,32.34,24.06,96.1,73.74
2021-09-03,19.74,33.21,24.96,96.6,70.83
2021-09-04,5.07,31.98,22.44,95.31,72.01
2021-09-05,2.11,30.85,24.11,96.61,78.98
2021-09-06,0.0,32.57,24.61,96.77,70.62
2021-09-07,22.94,31.56,24.31,96.95,78.11
2021-09-08,0.0,33.27,23.56,97.94,68.83
2021-09-09,10.86,32.81,25.29,94.29,72.66
2021-09-10,40.21,30.06,22.58,97.51,81.85
2021-09-11,0.0,31.84,23.7,97.0,74.17
2021-09-12,14.17,33.23,25.51,96.2,69.2
2021-09-13,63.43,33.41,24.87,96.76,73.12
2021-09-14,0.0,32.71,23.23,96.36,73.47
2021-09-15,17.79,33.95,24.83,96.6,69.79
2021-09-16,23.19,31.84,22.94,97.27,73.24
2021-09-17,9.47,32.33,24.05,96.48,72.61
2021-09-18,29.31,32.83,24.57,96.27,72.78
2021-09-19,1.77,28.74,22.58,97.45,83.84
2021-09-20,0.0,33.55,23.76,95.55,68.89
2021-09-21,0.0,34.9,26.24,92.89,68.36
2021-09-22,0.0,34.4,26.25,94.39,68.41
2021-09-23,19.4,32.17,25.25,97.72,78.67
2021-09-24,3.25,31.77,24.64,99.47,77.65
2021-09-25,9.52,33.05,24.21,96.03,72.87
2021-09-26,0.0,34.11,24.51,98.52,66.5
2021-09-27,0.28,34.53,24.62,98.17,66.13
2021-09-28,0.09,34.49,23.61,96.13,66.74
2021-09-29,0.0,34.04,24.05,94.0,62.01
2021-09-30,2.44,33.57,24.92,91.72,69.91
2021-10-01,0.0,33.08,24.03,95.75,72.93
2021-10-02,6.84,33.57,24.39,96.3,67.62
2021-10-03,0.0,33.23,23.78,97.26,69.37
2021-10-04,10.66,32.51,25.05,94.67,74.53
2021-10-05,0.06,30.77,23.05,96.96,74.64
2021-10-06,6.69,34.12,23.51,97.76,70.6
2021-10-07,0.0,34.42,24.79,96.83,69.89
2021-10-08,0.0,32.58,23.81,95.93,71.95
2021-10-09,0.0,32.27,25.65,96.09,79.07
2021-10-10,0.0,33.46,25.45,96.48,72.37
2021-10-11,0.0,33.72,24.08,99.29,71.71
2021-10-12,0.05,34.13,24.68,98.31,71.09
2021-10-13,0.0,32.9,23.65,99.79,70.84
2021-10-14,0.0,33.46,23.22,100.0,61.19
2021-10-15,0.0,34.08,24.33,99.99,71.56
2021-10-16,0.0,32.42,24.76,95.72,73.52
2021-10-17,0.0,34.05,24.69,96.12,66.97
2021-10-18,0.0,32.35,23.28,100.0,77.43
2021-10-19,0.0,33.97,25.05,97.21,68.75
2021-10-20,0.0,35.25,25.03,98.93,59.52
2021-10-21,0.02,34.82,24.64,98.4,66.5
2021-10-22,0.0,34.67,23.88,96.1,63.05
2021-10-23,8.75,34.77,24.35,99.98,56.88
2021-10-24,9.07,34.09,24.26,95.24,68.31
2021-10-25,10.98,32.27,23.06,95.78,70.17
2021-10-26,0.0,31.13,24.19,94.98,79.4
2021-10-27,0.9,33.29,24.29,93.29,65.58
2021-10-28,0.0,32.46,23.92,93.4,72.58
2021-10-29,1.2,32.34,24.51,92.83,67.64
2021-10-30,8.52,28.32,23.61,95.95,83.35
2021-10-31,0.0,32.8,23.76,98.34,71.01
2021-11-01,0.0,35.42,17.62,91.01,38.85
2021-11-02,0.0,33.79,16.38,85.92,44.66
2021-11-03,0.0,33.36,15.65,78.78,47.14
2021-11-04,0.0,33.21,16.98,78.39,45.48
2021-11-05,0.0,33.53,17.01,81.38,46.59
2021-11-06,0.0,33.28,17.88,78.74,44.9
2021-11-07,0.0,33.36,17.3,82.15,43.56
2021-11-08,0.0,31.85,19.88,77.21,47.24
2021-11-09,0.0,30.5,20.04,66.35,41.04
2021-11-10,0.0,34.14,19.86,74.9,39.65
2021-11-11,0.0,36.25,19.93,81.21,37.26
2021-11-12,0.0,35.21,21.13,86.11,47.85
2021-11-13,0.0,34.67,21.12,97.38,38.22
2021-11-14,0.0,35.21,20.4,81.61,37.26
2021-11-15,0.0,32.76,20.05,86.47,50.95
2021-11-16,0.0,35.71,20.37,88.98,36.84
2021-11-17,0.0,35.78,20.38,92.44,41.88
2021-11-18,0.0,37.87,19.59,87.82,29.8
2021-11-19,0.0,38.26,18.46,80.67,25.3
2021-11-20,0.0,37.41,18.27,85.6,35.21
2021-11-21,0.0,38.31,20.17,86.44,25.3
2021-11-22,0.0,37.56,19.81,83.73,23.77
2021-11-23,0.0,35.91,18.71,84.36,27.48
2021-11-24,0.0,35.74,21.14,59.08,25.08
2021-11-25,0.0,35.68,20.11,65.36,28.89
2021-11-26,0.0,35.42,18.54,84.42,33.04
2021-11-27,0.0,34.52,18.89,85.5,34.33
2021-11-28,0.0,36.1,21.31,76.76,40.11
2021-11-29,0.0,36.16,20.12,69.87,31.0
2021-11-30,0.0,37.17,19.87,74.07,28.71
2021-12-01,0.0,37.22,19.13,75.69,29.95
2021-12-02,0.0,38.21,19.96,69.08,27.77
2021-12-03,0.0,36.81,21.28,69.09,32.18
2021-12-04,0.0,38.4,21.29,74.67,32.45
2021-12-05,0.0,37.91,20.01,72.77,27.49
2021-12-06,0.0,36.47,19.27,76.35,22.62
2021-12-07,0.0,36.6,18.11,73.09,27.27
2021-12-08,0.0,37.62,18.68,71.79,19.91
2021-12-09,0.0,37.5,19.19,73.19,29.08
2021-12-10,0.0,37.19,18.89,77.86,31.36
2021-12-11,0.0,36.86,18.55,79.06,33.65
2021-12-12,0.0,36.77,19.01,99.93,45.87
2021-12-13,0.0,37.77,20.39,99.96,31.32
2021-12-14,0.0,37.97,20.87,74.61,27.56
2021-12-15,0.0,37.13,21.99,61.89,26.33
2021-12-16,0.0,35.75,21.44,67.18,30.21
2021-12-17,0.0,35.88,20.08,73.74,29.68
2021-12-18,0.0,37.5,20.6,77.78,32.85
2021-12-19,0.0,33.17,21.23,71.49,35.48
2021-12-20,0.0,36.75,22.97,49.31,19.02
2021-12-21,0.0,32.94,21.12,71.58,31.15
2021-12-22,0.0,32.59,21.57,69.08,33.62
2021-12-23,0.0,35.21,22.54,64.58,29.74
2021-12-24,0.0,36.56,19.61,92.23,25.12
2021-12-25,0.0,34.55,20.73,83.43,49.91
2021-12-26,0.0,32.77,20.02,76.63,40.39
2021-12-27,0.0,35.97,21.51,75.6,32.98
2021-12-28,0.0,39.17,18.13,85.73,22.07
2021-12-29,0.0,38.48,16.81,77.92,21.0
2021-12-30,0.0,36.02,18.61,54.59,27.45
2021-12-31,0.0,37.46,17.56,72.62,24.94
2022-01-01,0.0,38.55,17.86,73.71,22.38
2022-01-02,0.0,38.33,17.83,73.49,22.39
2022-01-03,0.0,36.92,16.42,72.97,20.76
2022-01-04,0.0,36.96,15.55,72.34,23.35
2022-01-05,0.0,36.75,17.59,71.57,26.67
2022-01-06,0.0,36.79,17.59,78.25,20.8
2022-01-07,0.0,36.5,17.72,67.57,24.84
2022-01-08,0.0,36.11,17.53,70.65,24.0
2022-01-09,0.0,35.53,19.98,62.51,25.96
2022-01-10,0.0,32.19,20.97,54.39,27.19
2022-01-11,0.0,35.43,20.53,60.84,31.5
2022-01-12,0.0,37.85,20.45,80.02,28.19
2022-01-13,0.0,35.95,20.25,88.11,39.34
2022-01-14,0.0,35.35,20.59,88.79,39.32
2022-01-15,0.0,35.35,20.71,74.75,37.84
2022-01-16,0.0,32.66,20.29,90.06,54.41
2022-01-17,0.0,35.86,20.52,82.35,39.33
2022-01-18,0.0,36.79,20.41,95.78,37.23
2022-01-19,0.0,38.17,19.63,77.25,24.96
2022-01-20,0.0,38.13,18.46,88.8,32.53
2022-01-21,0.0,37.21,17.8,95.25,40.03
2022-01-22,0.0,38.19,19.85,88.4,21.4
2022-01-23,0.0,37.72,19.2,58.52,20.15
2022-01-24,0.0,35.94,18.56,57.37,21.88
2022-01-25,0.0,36.66,21.07,47.39,22.74
2022-01-26,0.0,36.89,20.0,52.42,18.66
2022-01-27,0.0,36.06,18.84,67.76,24.09
2022-01-28,0.0,33.64,18.34,81.47,37.8
2022-01-29,0.0,33.75,17.2,76.15,35.01
2022-01-30,0.0,34.92,19.7,74.94,30.14
2022-01-31,0.0,37.8,19.79,74.58,26.99
2022-02-01,0.0,39.94,20.36,55.88,23.48
2022-02-02,0.0,39.31,20.53,75.73,22.25
2022-02-03,0.0,36.55,19.54,99.99,32.59
2022-02-04,0.0,37.83,17.32,86.92,23.32
2022-02-05,0.0,39.34,17.93,60.82,23.47
2022-02-06,0.0,39.78,17.97,65.95,22.62
2022-02-07,0.0,39.19,18.21,91.56,29.81
2022-02-08,0.0,38.33,17.67,92.36,25.47
2022-02-09,0.0,39.42,17.89,85.95,14.27
2022-02-10,0.0,39.22,19.4,54.82,17.95
2022-02-11,0.0,38.41,21.64,47.34,19.73
2022-02-12,0.0,36.45,19.4,49.96,20.03
2022-02-13,0.0,36.4,18.21,55.38,18.42
2022-02-14,0.0,37.31,17.93,55.38,21.78
2022-02-15,0.0,37.13,20.07,48.66,25.4
2022-02-16,0.0,36.99,19.71,52.37,23.65
2022-02-17,0.0,37.62,19.18,56.29,27.99
2022-02-18,0.0,36.59,20.06,55.79,25.2
2022-02-19,0.0,36.35,17.67,63.81,28.11
2022-02-20,0.0,38.17,20.74,61.12,26.33
2022-02-21,0.0,38.04,19.63,69.97,31.67
2022-02-22,0.0,37.53,19.39,76.78,31.9
2022-02-23,0.0,35.95,18.81,87.46,41.72
2022-02-24,0.0,34.9,18.1,90.74,43.66
2022-02-25,0.0,32.9,18.21,95.51,48.96
2022-02-26,0.0,31.99,18.16,93.66,51.18
2022-02-27,0.0,33.67,17.46,91.17,38.73
2022-02-28,0.0,33.53,17.8,81.82,31.82
2022-03-01,0.0,32.93,16.89,86.89,37.6
2022-03-02,0.0,35.85,17.86,83.16,30.3
2022-03-03,0.0,38.87,19.57,77.5,19.74
2022-03-04,0.0,37.94,23.35,49.7,22.12
2022-03-05,0.0,37.04,20.14,55.45,21.17
2022-03-06,0.0,39.03,17.74,66.63,25.09
2022-03-07,0.0,38.33,18.78,63.73,20.61
2022-03-08,0.0,38.03,18.05,73.03,22.7
2022-03-09,0.0,37.76,20.88,67.65,23.43
2022-03-10,0.0,36.57,19.06,74.46,31.64
2022-03-11,0.0,41.25,19.93,73.43,22.07
2022-03-12,0.0,40.35,22.16,58.66,21.96
2022-03-13,0.0,37.37,20.28,77.45,33.87
2022-03-14,0.0,37.95,18.68,87.1,27.26
2022-03-15,0.0,36.49,18.54,77.53,31.88
2022-03-16,0.0,35.72,18.22,72.33,32.35
2022-03-17,0.0,37.06,19.41,67.88,30.39
2022-03-18,0.0,37.49,19.4,70.91,29.53
2022-03-19,0.0,36.94,18.99,78.66,32.55
2022-03-20,0.0,35.6,18.93,75.99,40.63
2022-03-21,0.0,35.78,18.64,87.45,41.25
2022-03-22,0.0,38.49,19.36,76.72,29.24
2022-03-23,0.0,36.3,18.62,82.33,35.97
2022-03-24,0.0,36.72,18.85,81.34,34.55
2022-03-25,0.0,35.29,17.93,83.99,36.08
2022-03-26,0.0,36.32,17.88,89.98,31.13
2022-03-27,0.0,35.55,17.28,89.78,37.57
2022-03-28,0.0,37.12,18.31,85.22,31.78
2022-03-29,0.0,38.85,20.77,78.78,30.78
2022-03-30,0.0,38.73,20.8,76.41,32.79
2022-03-31,0.0,36.32,20.2,84.72,42.36
2022-04-01,0.0,37.71,19.47,87.65,34.39
2022-04-02,0.0,34.99,18.59,94.38,40.04
2022-04-03,0.0,38.26,21.17,96.56,38.92
2022-04-04,0.0,34.33,18.38,90.59,35.29
2022-04-05,0.0,34.19,19.49,90.7,42.52
2022-04-06,0.0,37.13,19.35,81.97,36.15
2022-04-07,0.0,40.78,21.23,75.5,26.37
2022-04-08,0.0,41.95,23.78,68.34,24.72
2022-04-09,0.0,38.38,22.07,84.95,35.59
2022-04-10,0.0,39.99,21.28,77.69,28.58
2022-04-11,0.0,36.21,18.99,85.44,36.56
2022-04-12,0.0,33.59,18.66,86.88,47.03
2022-04-13,0.0,31.97,18.96,95.92,53.52
2022-04-14,0.0,33.43,18.78,96.05,48.23
2022-04-15,0.0,33.62,19.08,93.38,45.43
2022-04-16,0.0,35.55,18.77,92.69,37.98
2022-04-17,0.0,34.66,19.33,84.6,39.01
2022-04-18,0.0,34.22,19.36,87.55,40.17
2022-04-19,0.0,34.92,19.86,90.64,45.48
2022-04-20,0.0,37.63,20.2,87.49,33.12
2022-04-21,0.0,36.86,20.82,85.06,37.28
2022-04-22,0.0,42.38,21.21,74.5,19.46
2022-04-23,0.0,39.91,20.68,84.24,29.28
2022-04-24,0.0,42.86,21.22,78.63,18.75
2022-04-25,0.0,43.34,23.37,67.6,20.87
2022-04-26,0.0,37.88,21.31,67.67,33.43
2022-04-27,0.0,38.79,21.1,74.75,33.2
2022-04-28,0.0,38.38,20.85,85.74,33.7
2022-04-29,0.0,37.38,20.66,83.29,33.46
2022-04-30,0.0,37.21,19.73,80.45,33.54
2022-05-01,0.0,36.01,20.09,91.81,38.84
2022-05-02,0.0,36.66,19.81,93.47,41.35
2022-05-03,0.0,33.13,19.95,95.63,47.87
2022-05-04,0.0,33.68,20.09,98.84,45.72
2022-05-05,0.0,37.49,21.21,92.41,36.94
2022-05-06,0.0,41.1,22.29,78.97,25.02
2022-05-07,0.0,41.54,23.25,74.44,27.47
2022-05-08,0.0,36.71,21.84,86.8,40.31
2022-05-09,0.02,35.65,21.76,89.12,45.45
2022-05-10,0.0,37.52,21.96,91.55,40.25
2022-05-11,0.0,34.98,21.04,99.45,50.94
2022-05-12,0.0,34.47,21.99,99.0,55.17
2022-05-13,0.0,35.06,21.87,98.47,55.03
2022-05-14,0.0,36.66,21.68,99.97,42.9
2022-05-15,0.0,36.56,22.45,99.97,50.32
2022-05-16,0.0,36.73,23.58,99.98,50.29
2022-05-17,0.0,36.26,24.07,99.98,50.54
2022-05-18,0.0,36.29,24.49,85.18,51.4
2022-05-19,0.0,37.02,23.83,98.66,44.3
2022-05-20,0.0,36.09,23.05,87.5,43.83
2022-05-21,0.0,34.43,21.79,99.27,49.54
2022-05-22,0.0,33.33,22.59,98.15,51.74
2022-05-23,0.0,35.32,22.32,99.56,50.31
2022-05-24,0.0,34.34,20.81,92.53,43.47
2022-05-25,0.0,33.35,20.51,76.22,53.37
2022-05-26,2.1,35.94,22.65,95.28,49.67
2022-05-27,35.63,36.36,24.13,99.38,60.15
2022-05-28,0.16,34.56,23.72,100.0,60.58
2022-05-29,0.0,38.33,24.24,92.18,40.66
2022-05-30,0.0,35.57,24.05,91.89,46.71
2022-05-31,0.0,33.95,23.75,97.92,56.7
2022-06-01,0.0,35.76,23.87,93.19,50.36
2022-06-02,0.0,35.16,24.38,94.82,52.71
2022-06-03,0.0,34.87,25.38,95.93,55.54
2022-06-04,0.0,31.95,25.19,96.68,64.16
2022-06-05,0.0,34.58,25.35,87.81,56.44
2022-06-06,0.04,34.97,24.7,91.73,54.29
2022-06-07,0.0,34.17,25.07,92.79,57.22
2022-06-08,29.1,35.83,24.66,90.89,52.24
2022-06-09,0.0,30.07,22.69,95.9,74.98
2022-06-10,0.0,32.38,23.08,93.82,68.21
2022-06-11,0.0,33.59,23.99,98.74,61.19
2022-06-12,0.0,33.59,24.61,91.99,59.86
2022-06-13,0.0,34.28,24.86,92.42,57.71
2022-06-14,9.15,30.57,24.59,90.98,76.29
2022-06-15,0.21,28.45,23.68,94.88,86.6
2022-06-16,0.0,31.51,24.13,91.8,72.21
2022-06-17,0.0,30.62,23.62,94.44,70.28
2022-06-18,3.37,31.29,24.6,94.78,74.85
2022-06-19,17.96,31.31,24.42,95.65,71.41
2022-06-20,2.78,30.31,24.29,96.18,77.98
2022-06-21,12.27,32.7,24.61,98.17,67.98
2022-06-22,27.09,34.33,23.88,96.49,62.99
2022-06-23,0.36,32.83,23.32,96.79,68.07
2022-06-24,11.69,32.62,25.88,93.05,75.25
2022-06-25,12.48,32.03,24.64,93.71,74.45
2022-06-26,0.07,33.43,24.73,95.04,69.95
2022-06-27,0.0,34.18,24.76,94.65,68.5
2022-06-28,0.0,33.3,23.86,96.76,70.3
2022-06-29,0.0,33.23,24.61,94.43,61.87
2022-06-30,1.29,32.62,24.94,94.57,71.28
2022-07-01,0.0,33.72,25.19,95.42,67.89
2022-07-02,0.0,31.76,24.98,90.93,65.02
2022-07-03,2.5,32.31,23.93,96.58,66.81
2022-07-04,4.17,31.08,24.69,98.79,75.51
2022-07-05,0.0,32.26,23.99,98.21,70.97
2022-07-06,0.0,32.47,25.25,95.86,70.39
2022-07-07,0.08,32.02,25.77,98.05,73.35
2022-07-08,15.82,32.96,25.78,94.67,70.18
2022-07-09,0.0,31.44,23.67,96.73,73.89
2022-07-10,4.32,31.55,25.1,98.14,76.86
2022-07-11,0.0,31.03,24.97,98.71,77.85
2022-07-12,3.45,32.26,24.92,99.01,77.97
2022-07-13,9.79,31.58,25.75,98.88,78.97
2022-07-14,6.31,32.28,24.79,99.23,72.72
2022-07-15,7.34,32.38,24.73,96.13,75.19
2022-07-16,0.02,32.39,25.89,94.29,75.07
2022-07-17,0.0,31.5,26.48,95.78,71.27
2022-07-18,0.39,32.26,25.88,91.9,67.4
2022-07-19,7.8,30.95,25.12,96.14,78.19
2022-07-20,47.38,33.03,26.15,90.88,65.9
2022-07-21,15.05,32.53,24.57,97.04,74.39
2022-07-22,33.81,30.9,24.46,98.99,78.3
2022-07-23,14.3,30.24,23.82,98.46,80.45
2022-07-24,21.89,28.21,22.79,98.83,85.95
2022-07-25,24.99,30.8,23.22,98.45,74.89
2022-07-26,0.27,31.41,23.91,98.99,78.63
2022-07-27,0.04,30.61,24.76,96.97,80.38
2022-07-28,1.22,31.24,24.8,95.76,76.57
2022-07-29,6.99,31.34,24.72,96.37,75.93
2022-07-30,34.72,30.0,24.97,96.54,82.13
2022-07-31,38.41,28.29,24.05,98.23,87.54
2022-08-01,2.11,31.57,23.69,97.9,73.69
2022-08-02,5.72,32.3,25.2,94.22,66.97
2022-08-03,23.77,30.32,23.85,98.09,80.2
2022-08-04,12.84,31.59,24.1,98.28,72.86
2022-08-05,0.0,31.15,24.08,98.84,82.53
2022-08-06,14.92,31.67,24.08,97.52,75.17
2022-08-07,39.02,32.24,24.57,98.04,72.86
2022-08-08,26.02,32.98,24.2,98.06,72.53
2022-08-09,0.0,30.94,22.88,97.51,76.62
2022-08-10,0.0,33.11,25.27,93.62,73.39
2022-08-11,3.27,32.36,25.21,93.82,73.42
2022-08-12,10.97,31.75,25.27,97.68,74.55
2022-08-13,13.22,30.68,24.82,98.75,78.1
2022-08-14,0.03,31.17,23.77,98.81,74.27
2022-08-15,4.18,31.11,23.87,97.79,73.49
2022-08-16,6.82,32.81,24.44,99.36,75.54
2022-08-17,0.46,30.76,23.8,97.78,80.82
2022-08-18,9.76,30.68,24.41,98.08,78.31
2022-08-19,11.59,30.37,24.48,97.92,79.76
2022-08-20,8.0,29.91,23.93,99.12,79.15
2022-08-21,13.21,29.39,23.36,98.54,80.44
2022-08-22,0.1,32.16,24.45,98.57,73.57
2022-08-23,0.02,32.37,24.31,97.96,70.54
2022-08-24,32.93,30.55,23.27,98.23,84.1
2022-08-25,8.37,31.76,23.4,97.9,74.86
2022-08-26,12.77,31.36,23.98,99.27,80.38
2022-08-27,4.9,31.29,24.76,98.74,78.52
2022-08-28,5.34,33.08,24.72,98.94,72.57
2022-08-29,8.72,30.86,23.67,98.26,76.48
2022-08-30,34.02,29.07,23.97,99.06,88.6
2022-08-31,21.38,29.8,24.05,98.23,83.4
2022-09-01,0.14,28.55,23.31,98.82,86.95
2022-09-02,33.17,32.11,23.75,98.3,76.67
2022-09-03,45.43,29.54,23.72,98.54,86.48
2022-09-04,8.66,31.55,23.38,99.02,75.56
2022-09-05,1.92,31.24,24.0,98.84,77.89
2022-09-06,0.24,31.9,24.06,96.94,75.78
2022-09-07,13.18,33.22,23.65,98.3,71.27
2022-09-08,4.3,32.32,23.55,97.72,71.69
2022-09-09,0.08,31.66,23.6,98.1,74.46
2022-09-10,18.0,32.49,23.53,96.97,76.29
2022-09-11,12.85,32.26,23.25,98.19,76.18
2022-09-12,5.83,31.84,24.48,98.09,76.51
2022-09-13,20.93,32.88,24.31,97.37,73.55
2022-09-14,0.06,31.13,22.28,98.63,79.78
2022-09-15,0.0,33.59,25.14,98.57,71.65
2022-09-16,0.0,32.37,25.61,99.3,72.04
2022-09-17,18.68,32.1,24.58,98.52,75.11
2022-09-18,1.29,31.03,23.11,99.75,76.64
2022-09-19,23.31,30.98,24.04,99.27,80.76
2022-09-20,4.89,30.94,23.92,98.3,78.67
2022-09-21,11.36,32.12,24.41,98.3,81.29
2022-09-22,12.66,30.16,23.73,98.86,81.3
2022-09-23,0.0,31.25,24.39,98.06,75.53
2022-09-24,6.77,31.12,24.97,98.65,78.97
2022-09-25,0.06,31.6,22.62,99.01,79.01
2022-09-26,3.82,32.8,24.06,97.7,70.17
2022-09-27,0.42,32.84,23.99,98.09,66.43
2022-09-28,4.73,33.05,22.37,98.82,69.27
2022-09-29,24.33,32.36,23.6,96.36,69.7
2022-09-30,0.0,31.38,23.58,97.2,76.35
2022-10-01,19.43,32.55,24.63,98.27,75.12
2022-10-02,9.37,32.5,24.16,97.16,70.86
2022-10-03,2.3,31.95,23.76,97.3,74.27
2022-10-04,5.13,33.98,23.23,96.07,71.08
2022-10-05,0.0,33.13,24.96,99.21,73.71
2022-10-06,0.0,33.59,25.04,97.07,70.33
2022-10-07,18.36,33.83,24.14,97.98,66.69
2022-10-08,8.6,31.46,22.87,97.75,74.76
2022-10-09,0.0,30.39,22.7,98.5,81.26
2022-10-10,0.08,32.69,23.66,98.13,71.37
2022-10-11,0.0,32.85,23.84,97.13,75.11
2022-10-12,0.02,33.71,23.57,97.85,67.35
2022-10-13,32.7,32.68,23.15,96.38,75.5
2022-10-14,0.0,32.86,23.15,97.72,70.37
2022-10-15,0.0,32.7,24.35,96.69,74.99
2022-10-16,0.03,32.67,25.26,97.1,74.6
2022-10-17,0.0,32.5,24.5,96.15,75.72
2022-10-18,11.9,34.32,24.55,98.24,74.12
2022-10-19,4.57,34.6,23.79,97.88,68.99
2022-10-20,0.0,32.09,23.21,96.92,69.9
2022-10-21,0.05,33.32,23.76,97.71,72.94
2022-10-22,0.0,32.91,23.82,97.58,72.32
2022-10-23,22.21,33.97,23.52,98.04,71.53
2022-10-24,1.95,27.16,23.0,96.75,87.3
2022-10-25,0.0,32.53,23.38,96.8,70.94
2022-10-26,0.0,35.19,23.84,100.0,57.26
2022-10-27,0.0,35.79,22.97,97.27,52.1
2022-10-28,0.0,34.45,23.47,99.99,66.49
2022-10-29,0.0,33.57,24.39,99.18,70.88
2022-10-30,0.0,34.62,24.16,99.88,65.59
2022-10-31,0.0,34.86,23.77,99.99,60.51
2022-11-01,0.0,34.87,21.93,97.48,59.81
2022-11-02,0.0,35.14,22.38,99.84,54.85
2022-11-03,0.0,34.08,22.1,100.0,52.39
2022-11-04,0.0,33.46,20.16,97.96,53.47
2022-11-05,0.0,34.05,18.82,99.66,50.62
2022-11-06,0.0,33.35,19.93,100.0,52.15
2022-11-07,0.0,33.53,19.67,99.67,54.19
2022-11-08,0.0,32.63,19.56,99.98,57.03
2022-11-09,0.0,35.47,20.3,99.95,50.77
2022-11-10,0.0,34.95,22.01,100.0,56.54
2022-11-11,0.0,35.25,21.33,100.0,50.28
2022-11-12,0.0,35.77,20.13,99.96,36.94
2022-11-13,0.0,35.18,19.12,94.35,40.85
2022-11-14,0.0,33.95,20.7,97.97,51.12
2022-11-15,0.0,36.17,22.89,100.0,51.53
2022-11-16,0.0,32.44,21.95,98.43,69.77
2022-11-17,0.0,33.96,22.46,98.38,68.24
2022-11-18,0.0,34.98,21.51,89.53,44.96
2022-11-19,0.0,33.37,20.8,99.46,44.26
2022-11-20,0.0,33.82,16.12,92.04,39.05
2022-11-21,0.0,35.82,16.99,92.24,40.45
2022-11-22,0.0,36.37,18.29,90.5,35.43
2022-11-23,0.0,34.56,17.64,84.07,35.76
2022-11-24,0.0,32.91,18.39,82.77,40.63
2022-11-25,0.0,32.03,20.63,81.82,45.67
2022-11-26,0.0,35.34,21.02,82.32,43.01
2022-11-27,0.0,33.72,19.27,81.12,36.04
2022-11-28,0.0,36.05,16.7,86.31,35.76
2022-11-29,0.0,35.21,17.5,92.82,42.5
2022-11-30,0.0,35.65,18.71,99.98,43.27
2022-12-01,0.0,35.8,20.07,91.51,31.67
2022-12-02,0.0,34.42,20.01,97.94,39.81
2022-12-03,0.0,33.07,18.25,99.99,45.62
2022-12-04,0.0,32.3,18.67,96.55,58.59
2022-12-05,0.0,35.02,19.59,93.94,49.9
2022-12-06,0.0,37.67,20.48,88.14,38.07
2022-12-07,0.0,36.69,21.04,87.32,43.47
2022-12-08,0.0,38.2,21.98,90.12,39.8
2022-12-09,0.0,38.34,21.05,83.37,38.71
2022-12-10,0.0,37.27,21.34,100.0,50.3
2022-12-11,0.0,38.33,20.89,100.0,38.58
2022-12-12,0.0,37.57,19.76,84.91,28.59
2022-12-13,0.0,37.63,17.52,84.1,26.29
2022-12-14,0.0,36.58,15.65,78.65,28.72
2022-12-15,0.0,37.75,15.97,79.78,27.87
2022-12-16,0.0,37.32,16.29,81.44,30.31
2022-12-17,0.0,37.14,16.6,81.96,33.33
2022-12-18,0.0,37.16,17.12,78.59,32.5
2022-12-19,0.0,36.72,16.7,76.54,30.95
2022-12-20,0.0,36.69,17.42,76.76,29.73
2022-12-21,0.0,36.08,17.16,73.89,34.27
2022-12-22,0.0,35.56,16.03,77.87,34.35
2022-12-23,0.0,34.64,16.46,70.63,25.49
2022-12-24,0.0,35.51,16.16,75.37,34.51
2022-12-25,0.0,35.01,16.38,74.83,34.54
2022-12-26,0.0,35.54,16.99,75.21,35.51
2022-12-27,0.0,32.64,16.63,95.58,53.93
2022-12-28,0.0,31.33,18.67,93.55,56.98
2022-12-29,0.0,28.41,20.14,93.02,66.31
2022-12-30,0.0,27.67,17.5,93.33,70.77
2022-12-31,0.0,32.47,17.47,93.53,43.87
2023-01-01,0.0,36.41,18.57,78.13,36.89
2023-01-02,0.0,36.4,16.72,76.6,33.38
2023-01-03,0.0,36.31,17.68,75.98,37.23
2023-01-04,0.0,35.66,18.19,73.39,34.07
2023-01-05,0.0,34.47,17.25,82.52,35.0
2023-01-06,0.0,35.05,17.23,74.12,35.3
2023-01-07,0.0,33.74,17.59,67.87,36.51
2023-01-08,0.0,31.36,23.24,50.26,39.58
2023-01-09,0.0,33.79,20.1,76.5,34.3
2023-01-10,0.0,35.15,20.11,51.41,37.39
2023-01-11,0.0,35.15,18.44,68.94,33.66
2023-01-12,0.0,35.38,17.04,70.54,34.5
2023-01-13,0.0,35.64,16.06,73.82,38.04
2023-01-14,0.0,36.57,17.09,73.05,40.23
2023-01-15,0.0,37.11,16.02,70.64,33.71
2023-01-16,0.0,36.28,16.22,100.0,35.92
2023-01-17,0.0,37.4,17.26,63.8,35.01
2023-01-18,0.0,37.04,17.98,71.54,36.94
2023-01-19,0.0,37.59,17.35,66.98,37.0
2023-01-20,0.0,35.79,17.56,78.22,38.56
2023-01-21,0.0,32.75,16.74,93.8,50.9
2023-01-22,0.0,32.84,15.51,99.21,52.43
2023-01-23,0.0,28.6,15.6,99.59,63.39
2023-01-24,0.0,30.65,16.87,94.82,58.43
2023-01-25,0.0,31.17,18.71,99.54,68.29
2023-01-26,0.0,35.86,20.04,94.02,49.18
2023-01-27,0.0,39.81,19.19,97.39,31.04
2023-01-28,0.0,38.69,20.03,69.42,30.65
2023-01-29,0.0,36.35,17.05,70.42,27.04
2023-01-30,0.0,35.65,15.03,73.54,29.36
2023-01-31,0.0,36.28,16.19,70.93,30.26
2023-02-01,0.0,,,,
2023-02-02,0.0,,,,
2023-02-03,0.0,,,,
2023-02-04,0.0,,,,
2023-02-05,0.0,,,,
2023-02-06,0.0,,,,
2023-02-07,0.0,,,,
2023-02-08,0.0,,,,
2023-02-09,0.0,,,,
2023-02-10,0.0,,,,
2023-02-11,0.0,,,,
2023-02-12,0.0,,,,
2023-02-13,0.0,,,,
2023-02-14,0.0,,,,
2023-02-15,0.0,,,,
2023-02-16,0.0,,,,
2023-02-17,0.0,,,,
2023-02-18,0.0,,,,
2023-02-19,0.0,,,,
2023-02-20,0.0,,,,
2023-02-21,0.0,,,,
2023-02-22,0.0,,,,
2023-02-23,0.0,,,,
2023-02-24,0.0,,,,
2023-02-25,0.0,,,,
2023-02-26,0.0,,,,
2023-02-27,0.0,,,,
2023-02-28,0.0,,,,
2023-03-01,0.0,,,,
2023-03-02,0.0,,,,
2023-03-03,0.0,,,,
2023-03-04,0.0,,,,
2023-03-05,0.0,,,,
2023-03-06,0.0,,,,
2023-03-07,0.0,,,,
2023-03-08,0.0,,,,
2023-03-09,0.0,,,,
2023-03-10,0.0,,,,
2023-03-11,0.0,,,,
2023-03-12,0.0,,,,
2023-03-13,0.0,,,,
2023-03-14,0.0,,,,
2023-03-15,0.0,,,,
2023-03-16,0.0,,,,
2023-03-17,0.0,,,,
2023-03-18,0.0,,,,
2023-03-19,0.0,,,,
2023-03-20,0.0,,,,
2023-03-21,0.0,,,,
2023-03-22,0.0,,,,
2023-03-23,0.0,,,,
2023-03-24,0.0,,,,
2023-03-25,0.0,,,,
2023-03-26,0.0,,,,
2023-03-27,0.0,,,,
2023-03-28,0.0,,,,
2023-03-29,0.0,,,,
2023-03-30,0.0,,,,
2023-03-31,0.0,,,,
2023-04-01,0.0,,,,
2023-04-02,0.0,,,,
2023-04-03,0.0,,,,
2023-04-04,0.0,,,,
2023-04-05,0.0,,,,
2023-04-06,0.0,,,,
2023-04-07,0.0,,,,
2023-04-08,0.0,,,,
2023-04-09,0.0,,,,
2023-04-10,0.0,,,,
2023-04-11,0.0,,,,
2023-04-12,0.0,,,,
2023-04-13,0.0,,,,
2023-04-14,0.0,,,,
2023-04-15,0.0,,,,
2023-04-16,0.0,,,,
2023-04-17,0.0,,,,
2023-04-18,0.0,,,,
2023-04-19,0.0,,,,
2023-04-20,0.0,,,,
2023-04-21,0.0,,,,
2023-04-22,0.0,,,,
2023-04-23,0.0,,,,
2023-04-24,0.0,,,,
2023-04-25,0.0,,,,
2023-04-26,0.0,,,,
2023-04-27,0.0,,,,
2023-04-28,0.0,,,,
2023-04-29,0.0,,,,
2023-04-30,0.0,,,,
2023-05-03,0.0,,,,
2023-05-04,0.0,,,,
2023-05-05,0.0,,,,
2023-05-06,0.0,,,,
2023-05-07,0.0,,,,
2023-05-08,0.0,,,,
2023-05-09,0.0,,,,
2023-05-10,0.0,,,,
2023-05-11,0.0,,,,
2023-05-12,0.0,,,,
2023-05-13,0.0,,,,
2023-05-14,0.0,,,,
2023-05-15,0.0,,,,
2023-05-16,0.0,,,,
2023-05-17,0.0,,,,
2023-05-18,0.0,,,,
2023-05-19,0.88,,,,
2023-05-20,0.0,,,,
2023-05-21,0.0,,,,
2023-05-22,0.0,,,,
2023-05-23,0.0,,,,
2023-05-24,0.01,,,,
2023-05-25,0.04,,,,
2023-05-26,0.0,,,,
2023-05-27,0.05,,,,
2023-05-28,0.0,,,,
2023-05-29,0.0,,,,
2023-05-30,0.0,,,,
2023-05-31,0.15,,,,
2023-06-01,2.37,,,,
2023-06-02,1.35,,,,
2023-06-03,0.0,,,,
2023-06-04,0.0,,,,
2023-06-05,1.0,,,,
2023-06-06,0.0,,,,
2023-06-07,0.0,,,,
2023-06-08,0.0,,,,
2023-06-09,0.0,,,,
2023-06-10,0.01,,,,
2023-06-11,0.0,,,,
2023-06-12,0.0,,,,
2023-06-13,0.0,,,,
2023-06-14,0.0,,,,
2023-06-15,0.0,,,,
2023-06-16,0.0,,,,
2023-06-17,9.92,,,,
2023-06-18,0.04,,,,
2023-06-19,0.0,,,,
2023-06-20,1.19,,,,
2023-06-21,0.0,,,,
2023-06-22,0.0,,,,
2023-06-23,17.65,,,,
2023-06-24,0.0,,,,
2023-06-25,0.0,,,,
2023-06-26,0.0,,,,
2023-06-27,0.0,,,,
2023-06-28,0.98,,,,
2023-06-29,3.37,,,,
2023-06-30,22.45,,,,
2023-07-01,0.0,,,,
2023-07-02,8.13,,,,
2023-07-03,6.51,,,,
2023-07-04,0.0,,,,
2023-07-05,0.0,,,,
2023-07-06,0.0,,,,
2023-07-07,0.37,,,,
2023-07-08,0.0,,,,
2023-07-09,0.0,,,,
2023-07-10,21.56,,,,
2023-07-11,0.0,,,,
2023-07-12,8.44,,,,
2023-07-13,15.48,,,,
2023-07-14,0.29,,,,
2023-07-15,0.05,,,,
2023-07-16,14.46,,,,
2023-07-17,25.57,,,,
2023-07-18,14.43,,,,
2023-07-19,18.4,,,,
2023-07-20,4.8,,,,
2023-07-21,0.0,,,,
2023-07-22,0.0,,,,
2023-07-23,10.32,,,,
2023-07-24,12.87,,,,
2023-07-25,20.94,,,,
2023-07-26,0.92,,,,
2023-07-27,0.21,,,,
2023-07-28,0.0,,,,
2023-07-29,13.33,,,,
2023-07-30,0.0,,,,
2023-07-31,0.09,,,,
2023-08-01,10.06,,,,
2023-08-02,10.56,,,,
2023-08-03,0.77,,,,
2023-08-04,0.56,,,,
2023-08-05,6.17,,,,
2023-08-06,0.0,,,,
2023-08-07,0.0,,,,
2023-08-08,0.0,,,,
2023-08-09,0.0,,,,
2023-08-10,0.61,,,,
2023-08-11,13.92,,,,
2023-08-12,14.65,,,,
2023-08-13,9.27,,,,
2023-08-14,3.29,,,,
2023-08-15,18.07,,,,
2023-08-16,23.08,,,,
2023-08-17,4.88,,,,
2023-08-18,7.62,,,,
2023-08-19,17.13,,,,
2023-08-20,33.16,,,,
2023-08-21,7.5,,,,
2023-08-22,4.76,,,,
2023-08-23,2.15,,,,
2023-08-24,52.87,,,,
2023-08-25,1.18,,,,
2023-08-26,0.0,,,,
2023-08-27,0.0,,,,
2023-08-28,4.72,,,,
2023-08-29,15.26,,,,
2023-08-30,25.2,,,,
2023-08-31,3.81,,,,
2023-09-01,37.09,,,,
2023-09-02,8.65,,,,
2023-09-03,0.0,,,,
2023-09-04,28.64,,,,
2023-09-05,6.9,,,,
2023-09-06,0.07,,,,
2023-09-07,14.11,,,,
2023-09-08,0.0,,,,
2023-09-09,17.8,,,,
2023-09-10,0.11,,,,
2023-09-11,0.84,,,,
2023-09-12,0.41,,,,
2023-09-13,0.0,,,,
2023-09-14,0.0,,,,
2023-09-15,0.0,,,,
2023-09-16,8.78,,,,
2023-09-17,8.22,,,,
2023-09-18,6.94,,,,
2023-09-19,22.68,,,,
2023-09-20,6.42,,,,
2023-09-21,0.0,,,,
2023-09-22,27.78,,,,
2023-09-23,0.0,,,,
2023-09-24,0.0,,,,
2023-09-25,6.05,,,,
2023-09-26,0.19,,,,
2023-09-27,5.06,,,,
2023-09-28,0.33,,,,
2023-09-29,0.0,,,,
2023-09-30,0.0,,,,
2023-10-01,0.0,,,,
2023-10-02,2.98,,,,
2023-10-03,0.0,,,,
2023-10-04,0.55,,,,
2023-10-05,2.27,,,,
2023-10-06,12.3,,,,
2023-10-07,14.77,,,,
2023-10-08,3.74,,,,
2023-10-09,8.76,,,,
2023-10-10,12.74,,,,
2023-10-11,0.0,,,,
2023-10-12,0.0,,,,
2023-10-13,2.84,,,,
2023-10-14,0.0,,,,
2023-10-15,0.0,,,,
2023-10-16,0.0,,,,
2023-10-17,0.05,,,,
2023-10-18,0.0,,,,
2023-10-19,0.78,,,,
2023-10-20,0.0,,,,
