time,rain,tmax,tmin,rhmax,rhmin
1981-01-01,0.0,,,,
1981-01-02,0.0,,,,
1981-01-03,0.0,,,,
1981-01-04,0.0,,,,
1981-01-05,0.0,,,,
1981-01-06,0.0,,,,
1981-01-07,0.0,,,,
1981-01-08,0.0,,,,
1981-01-09,0.0,,,,
1981-01-10,0.0,,,,
1981-01-11,0.0,,,,
1981-01-12,0.0,,,,
1981-01-13,0.0,,,,
1981-01-14,0.0,,,,
1981-01-15,0.04,,,,
1981-01-16,0.52,,,,
1981-01-17,0.0,,,,
1981-01-18,0.0,,,,
1981-01-19,0.0,,,,
1981-01-20,0.0,,,,
1981-01-21,0.0,,,,
1981-01-22,0.0,,,,
1981-01-23,0.0,,,,
1981-01-24,0.0,,,,
1981-01-25,0.0,,,,
1981-01-26,0.0,,,,
1981-01-27,0.0,,,,
1981-01-28,0.0,,,,
1981-01-29,0.0,,,,
1981-01-30,0.0,,,,
1981-01-31,0.0,,,,
1981-02-01,0.0,,,,
1981-02-02,0.0,,,,
1981-02-03,0.0,,,,
1981-02-04,0.0,,,,
1981-02-05,0.0,,,,
1981-02-06,0.0,,,,
1981-02-07,0.0,,,,
1981-02-08,0.0,,,,
1981-02-09,0.0,,,,
1981-02-10,0.0,,,,
1981-02-11,0.0,,,,
1981-02-12,0.0,,,,
1981-02-13,0.0,,,,
1981-02-14,0.0,,,,
1981-02-15,0.0,,,,
1981-02-16,0.0,,,,
1981-02-17,0.0,,,,
1981-02-18,0.0,,,,
1981-02-19,0.0,,,,
1981-02-20,0.0,,,,
1981-02-21,0.0,,,,
1981-02-22,0.0,,,,
1981-02-23,0.0,,,,
1981-02-24,0.0,,,,
1981-02-25,0.0,,,,
1981-02-26,0.0,,,,
1981-02-27,0.0,,,,
1981-02-28,0.0,,,,
1981-03-01,0.0,,,,
1981-03-02,0.0,,,,
1981-03-03,0.0,,,,
1981-03-04,0.0,,,,
1981-03-05,0.0,,,,
1981-03-06,0.0,,,,
1981-03-07,0.0,,,,
1981-03-08,0.0,,,,
1981-03-09,0.0,,,,
1981-03-10,0.0,,,,
1981-03-11,0.0,,,,
1981-03-12,0.0,,,,
1981-03-13,0.0,,,,
1981-03-14,0.0,,,,
1981-03-15,0.0,,,,
1981-03-16,0.0,,,,
1981-03-17,0.0,,,,
1981-03-18,0.0,,,,
1981-03-19,0.0,,,,
1981-03-20,0.0,,,,
1981-03-21,0.0,,,,
1981-03-22,0.92,,,,
1981-03-23,0.0,,,,
1981-03-24,0.0,,,,
1981-03-25,0.0,,,,
1981-03-26,0.0,,,,
1981-03-27,0.0,,,,
1981-03-28,0.0,,,,
1981-03-29,0.0,,,,
1981-03-30,0.0,,,,
1981-03-31,0.0,,,,
1981-04-01,0.0,,,,
1981-04-02,0.0,,,,
1981-04-03,0.0,,,,
1981-04-04,0.0,,,,
1981-04-05,0.0,,,,
1981-04-06,0.0,,,,
1981-04-07,0.0,,,,
1981-04-08,0.0,,,,
1981-04-09,0.0,,,,
1981-04-10,0.0,,,,
1981-04-11,0.0,,,,
1981-04-12,0.0,,,,
1981-04-13,0.0,,,,
1981-04-14,0.0,,,,
1981-04-15,0.0,,,,
1981-04-16,0.0,,,,
1981-04-17,0.0,,,,
1981-04-18,0.0,,,,
1981-04-19,0.0,,,,
1981-04-20,0.0,,,,
1981-04-21,0.0,,,,
1981-04-22,0.0,,,,
1981-04-23,0.0,,,,
1981-04-24,0.0,,,,
1981-04-25,0.0,,,,
1981-04-26,0.0,,,,
1981-04-27,0.0,,,,
1981-04-28,0.0,,,,
1981-04-29,0.0,,,,
1981-04-30,0.0,,,,
1981-05-01,0.0,,,,
1981-05-02,0.0,,,,
1981-05-03,0.0,,,,
1981-05-04,0.0,,,,
1981-05-05,0.0,,,,
1981-05-06,0.0,,,,
1981-05-07,0.0,,,,
1981-05-08,0.0,,,,
1981-05-09,0.0,,,,
1981-05-10,0.0,,,,
1981-05-11,0.0,,,,
1981-05-12,0.0,,,,
1981-05-13,0.0,,,,
1981-05-14,0.0,,,,
1981-05-15,0.0,,,,
1981-05-16,0.0,,,,
1981-05-17,0.0,,,,
1981-05-18,0.0,,,,
1981-05-19,0.0,,,,
1981-05-20,0.0,,,,
1981-05-21,0.0,,,,
1981-05-22,0.0,,,,
1981-05-23,0.0,,,,
1981-05-24,0.0,,,,
1981-05-25,0.0,,,,
1981-05-26,0.0,,,,
1981-05-27,0.0,,,,
1981-05-28,0.0,,,,
1981-05-29,0.0,,,,
1981-05-30,0.0,,,,
1981-05-31,0.0,,,,
1981-06-01,0.0,,,,
1981-06-02,0.0,,,,
1981-06-03,0.0,,,,
1981-06-04,0.0,,,,
1981-06-05,0.0,,,,
1981-06-06,0.0,,,,
1981-06-07,0.0,,,,
1981-06-08,0.0,,,,
1981-06-09,0.0,,,,
1981-06-10,0.0,,,,
1981-06-11,0.0,,,,
1981-06-12,0.0,,,,
1981-06-13,0.0,,,,
1981-06-14,0.0,,,,
1981-06-15,0.0,,,,
1981-06-16,0.0,,,,
1981-06-17,0.0,,,,
1981-06-18,0.0,,,,
1981-06-19,0.0,,,,
1981-06-20,0.0,,,,
1981-06-21,0.0,,,,
1981-06-22,0.0,,,,
1981-06-23,0.0,,,,
1981-06-24,7.58,,,,
1981-06-25,0.0,,,,
1981-06-26,0.0,,,,
1981-06-27,0.0,,,,
1981-06-28,0.0,,,,
1981-06-29,0.0,,,,
1981-06-30,0.0,,,,
1981-07-01,0.27,,,,
1981-07-02,0.0,,,,
1981-07-03,0.09,,,,
1981-07-04,0.44,,,,
1981-07-05,0.0,,,,
1981-07-06,0.0,,,,
1981-07-07,0.02,,,,
1981-07-08,0.0,,,,
1981-07-09,0.0,,,,
1981-07-10,0.0,,,,
1981-07-11,0.0,,,,
1981-07-12,0.0,,,,
1981-07-13,0.0,,,,
1981-07-14,0.0,,,,
1981-07-15,0.0,,,,
1981-07-16,0.0,,,,
1981-07-17,0.0,,,,
1981-07-18,0.0,,,,
1981-07-19,0.0,,,,
1981-07-20,0.0,,,,
1981-07-21,0.0,,,,
1981-07-22,0.0,,,,
1981-07-23,5.42,,,,
1981-07-24,27.82,,,,
1981-07-25,22.52,,,,
1981-07-26,6.87,,,,
1981-07-27,0.0,,,,
1981-07-28,0.64,,,,
1981-07-29,5.72,,,,
1981-07-30,1.82,,,,
1981-07-31,12.96,,,,
1981-08-01,12.14,,,,
1981-08-02,16.91,,,,
1981-08-03,22.55,,,,
1981-08-04,3.99,,,,
1981-08-05,0.0,,,,
1981-08-06,2.57,,,,
1981-08-07,0.09,,,,
1981-08-08,0.0,,,,
1981-08-09,0.0,,,,
1981-08-10,0.0,,,,
1981-08-11,0.01,,,,
1981-08-12,5.45,,,,
1981-08-13,0.0,,,,
1981-08-14,0.0,,,,
1981-08-15,0.0,,,,
1981-08-16,0.0,,,,
1981-08-17,0.0,,,,
1981-08-18,0.0,,,,
1981-08-19,0.4,,,,
1981-08-20,0.46,,,,
1981-08-21,0.0,,,,
1981-08-22,0.07,,,,
1981-08-23,0.0,,,,
1981-08-24,0.0,,,,
1981-08-25,11.4,,,,
1981-08-26,5.32,,,,
1981-08-27,1.45,,,,
1981-08-28,1.33,,,,
1981-08-29,0.13,,,,
1981-08-30,1.28,,,,
1981-08-31,0.07,,,,
1981-09-01,20.26,,,,
1981-09-02,3.1,,,,
1981-09-03,0.0,,,,
1981-09-04,1.66,,,,
1981-09-05,6.86,,,,
1981-09-06,4.62,,,,
1981-09-07,0.84,,,,
1981-09-08,1.48,,,,
1981-09-09,1.2,,,,
1981-09-10,6.61,,,,
1981-09-11,4.67,,,,
1981-09-12,1.15,,,,
1981-09-13,0.0,,,,
1981-09-14,0.0,,,,
1981-09-15,0.0,,,,
1981-09-16,12.66,,,,
1981-09-17,0.35,,,,
1981-09-18,0.0,,,,
1981-09-19,0.0,,,,
1981-09-20,0.0,,,,
1981-09-21,0.0,,,,
1981-09-22,0.0,,,,
1981-09-23,0.0,,,,
1981-09-24,0.0,,,,
1981-09-25,0.0,,,,
1981-09-26,0.0,,,,
1981-09-27,0.0,,,,
1981-09-28,0.0,,,,
1981-09-29,0.0,,,,
1981-09-30,0.0,,,,
1981-10-01,0.0,,,,
1981-10-02,0.0,,,,
1981-10-03,0.0,,,,
1981-10-04,0.0,,,,
1981-10-05,0.0,,,,
1981-10-06,0.0,,,,
1981-10-07,0.0,,,,
1981-10-08,0.0,,,,
1981-10-09,0.07,,,,
1981-10-10,0.04,,,,
1981-10-11,0.0,,,,
1981-10-12,0.0,,,,
1981-10-13,0.0,,,,
1981-10-14,1.13,,,,
1981-10-15,1.02,,,,
1981-10-16,0.0,,,,
1981-10-17,0.0,,,,
1981-10-18,0.0,,,,
1981-10-19,0.0,,,,
1981-10-20,0.0,,,,
1981-10-21,0.0,,,,
1981-10-22,0.0,,,,
1981-10-23,0.0,,,,
1981-10-24,0.0,,,,
1981-10-25,0.0,,,,
1981-10-26,0.0,,,,
1981-10-27,0.0,,,,
1981-10-28,0.0,,,,
1981-10-29,0.0,,,,
1981-10-30,0.0,,,,
1981-10-31,0.0,,,,
1981-11-01,0.0,,,,
1981-11-02,0.0,,,,
1981-11-03,0.0,,,,
1981-11-04,0.0,,,,
1981-11-05,0.0,,,,
1981-11-06,0.0,,,,
1981-11-07,0.0,,,,
1981-11-08,0.0,,,,
1981-11-09,0.0,,,,
1981-11-10,0.0,,,,
1981-11-11,0.0,,,,
1981-11-12,0.0,,,,
1981-11-13,0.0,,,,
1981-11-14,0.0,,,,
1981-11-15,0.0,,,,
1981-11-16,0.0,,,,
1981-11-17,0.0,,,,
1981-11-18,0.0,,,,
1981-11-19,0.0,,,,
1981-11-20,0.0,,,,
1981-11-21,0.0,,,,
1981-11-22,0.0,,,,
1981-11-23,0.0,,,,
1981-11-24,0.0,,,,
1981-11-25,0.0,,,,
1981-11-26,0.0,,,,
1981-11-27,0.0,,,,
1981-11-28,0.0,,,,
1981-11-29,0.0,,,,
1981-11-30,0.0,,,,
1981-12-01,0.0,,,,
1981-12-02,0.0,,,,
1981-12-03,0.0,,,,
1981-12-04,0.0,,,,
1981-12-05,0.0,,,,
1981-12-06,0.0,,,,
1981-12-07,0.0,,,,
1981-12-08,0.0,,,,
1981-12-09,0.0,,,,
1981-12-10,0.0,,,,
1981-12-11,0.0,,,,
1981-12-12,0.0,,,,
1981-12-13,0.0,,,,
1981-12-14,0.0,,,,
1981-12-15,0.0,,,,
1981-12-16,0.0,,,,
1981-12-17,0.0,,,,
1981-12-18,0.0,,,,
1981-12-19,0.0,,,,
1981-12-20,0.0,,,,
1981-12-21,0.0,,,,
1981-12-22,0.0,,,,
1981-12-23,0.0,,,,
1981-12-24,0.0,,,,
1981-12-25,0.0,,,,
1981-12-26,0.0,,,,
1981-12-27,0.0,,,,
1981-12-28,0.0,,,,
1981-12-29,0.0,,,,
1981-12-30,0.0,,,,
1981-12-31,0.0,,,,
1982-01-01,0.0,,,,
1982-01-02,0.0,,,,
1982-01-03,0.0,,,,
1982-01-04,0.0,,,,
1982-01-05,0.0,,,,
1982-01-06,0.0,,,,
1982-01-07,0.0,,,,
1982-01-08,0.0,,,,
1982-01-09,0.0,,,,
1982-01-10,0.0,,,,
1982-01-11,0.0,,,,
1982-01-12,0.0,,,,
1982-01-13,0.0,,,,
1982-01-14,0.0,,,,
1982-01-15,0.0,,,,
1982-01-16,0.0,,,,
1982-01-17,0.0,,,,
1982-01-18,0.0,,,,
1982-01-19,0.0,,,,
1982-01-20,0.0,,,,
1982-01-21,0.0,,,,
1982-01-22,0.0,,,,
1982-01-23,0.0,,,,
1982-01-24,0.0,,,,
1982-01-25,0.0,,,,
1982-01-26,0.0,,,,
1982-01-27,0.0,,,,
1982-01-28,0.0,,,,
1982-01-29,0.0,,,,
1982-01-30,0.0,,,,
1982-01-31,0.0,,,,
1982-02-01,0.0,,,,
1982-02-02,0.0,,,,
1982-02-03,0.0,,,,
1982-02-04,0.0,,,,
1982-02-05,0.0,,,,
1982-02-06,0.0,,,,
1982-02-07,0.0,,,,
1982-02-08,0.0,,,,
1982-02-09,0.0,,,,
1982-02-10,0.0,,,,
1982-02-11,0.0,,,,
1982-02-12,0.0,,,,
1982-02-13,0.0,,,,
1982-02-14,0.0,,,,
1982-02-15,0.0,,,,
1982-02-16,0.0,,,,
1982-02-17,0.0,,,,
1982-02-18,0.0,,,,
1982-02-19,0.0,,,,
1982-02-20,0.0,,,,
1982-02-21,0.0,,,,
1982-02-22,0.0,,,,
1982-02-23,0.0,,,,
1982-02-24,0.0,,,,
1982-02-25,0.0,,,,
1982-02-26,0.0,,,,
1982-02-27,0.0,,,,
1982-02-28,0.0,,,,
1982-03-01,0.0,,,,
1982-03-02,0.0,,,,
1982-03-03,0.0,,,,
1982-03-04,0.0,,,,
1982-03-05,0.0,,,,
1982-03-06,0.0,,,,
1982-03-07,0.0,,,,
1982-03-08,0.0,,,,
1982-03-09,0.0,,,,
1982-03-10,0.0,,,,
1982-03-11,0.0,,,,
1982-03-12,0.0,,,,
1982-03-13,0.0,,,,
1982-03-14,0.0,,,,
1982-03-15,0.0,,,,
1982-03-16,0.0,,,,
1982-03-17,0.0,,,,
1982-03-18,0.0,,,,
1982-03-19,0.0,,,,
1982-03-20,0.0,,,,
1982-03-21,0.0,,,,
1982-03-22,0.0,,,,
1982-03-23,0.0,,,,
1982-03-24,0.0,,,,
1982-03-25,0.0,,,,
1982-03-26,0.0,,,,
1982-03-27,0.0,,,,
1982-03-28,0.0,,,,
1982-03-29,0.0,,,,
1982-03-30,0.0,,,,
1982-03-31,0.0,,,,
1982-04-01,0.0,,,,
1982-04-02,0.0,,,,
1982-04-03,0.0,,,,
1982-04-04,0.0,,,,
1982-04-05,0.0,,,,
1982-04-06,0.0,,,,
1982-04-07,0.0,,,,
1982-04-08,0.0,,,,
1982-04-09,0.0,,,,
1982-04-10,0.0,,,,
1982-04-11,0.0,,,,
1982-04-12,0.0,,,,
1982-04-13,0.0,,,,
1982-04-14,0.0,,,,
1982-04-15,0.0,,,,
1982-04-16,0.0,,,,
1982-04-17,0.0,,,,
1982-04-18,0.0,,,,
1982-04-19,0.0,,,,
1982-04-20,0.0,,,,
1982-04-21,0.0,,,,
1982-04-22,0.0,,,,
1982-04-23,0.0,,,,
1982-04-24,0.0,,,,
1982-04-25,0.0,,,,
1982-04-26,0.0,,,,
1982-04-27,0.0,,,,
1982-04-28,0.0,,,,
1982-04-29,0.0,,,,
1982-04-30,0.0,,,,
1982-05-01,0.0,,,,
1982-05-02,0.0,,,,
1982-05-03,0.0,,,,
1982-05-04,0.0,,,,
1982-05-05,0.0,,,,
1982-05-06,0.0,,,,
1982-05-07,0.0,,,,
1982-05-08,0.0,,,,
1982-05-09,0.0,,,,
1982-05-10,0.0,,,,
1982-05-11,0.0,,,,
1982-05-12,0.0,,,,
1982-05-13,0.0,,,,
1982-05-14,0.0,,,,
1982-05-15,0.0,,,,
1982-05-16,0.0,,,,
1982-05-17,0.0,,,,
1982-05-18,0.0,,,,
1982-05-19,0.0,,,,
1982-05-20,0.0,,,,
1982-05-21,0.0,,,,
1982-05-22,0.0,,,,
1982-05-23,0.0,,,,
1982-05-24,0.0,,,,
1982-05-25,0.0,,,,
1982-05-26,0.0,,,,
1982-05-27,0.0,,,,
1982-05-28,0.0,,,,
1982-05-29,0.0,,,,
1982-05-30,0.0,,,,
1982-05-31,0.0,,,,
1982-06-01,0.0,,,,
1982-06-02,0.0,,,,
1982-06-03,0.0,,,,
1982-06-04,0.0,,,,
1982-06-05,0.0,,,,
1982-06-06,0.0,,,,
1982-06-07,0.0,,,,
1982-06-08,0.0,,,,
1982-06-09,0.0,,,,
1982-06-10,0.0,,,,
1982-06-11,0.0,,,,
1982-06-12,0.0,,,,
1982-06-13,0.0,,,,
1982-06-14,0.0,,,,
1982-06-15,0.0,,,,
1982-06-16,0.0,,,,
1982-06-17,0.0,,,,
1982-06-18,0.0,,,,
1982-06-19,0.0,,,,
1982-06-20,0.0,,,,
1982-06-21,0.0,,,,
1982-06-22,0.0,,,,
1982-06-23,0.0,,,,
1982-06-24,0.0,,,,
1982-06-25,0.08,,,,
1982-06-26,0.01,,,,
1982-06-27,0.0,,,,
1982-06-28,0.0,,,,
1982-06-29,0.0,,,,
1982-06-30,0.06,,,,
1982-07-01,0.0,,,,
1982-07-02,0.0,,,,
1982-07-03,0.0,,,,
1982-07-04,0.0,,,,
1982-07-05,0.0,,,,
1982-07-06,0.0,,,,
1982-07-07,0.0,,,,
1982-07-08,0.0,,,,
1982-07-09,3.36,,,,
1982-07-10,1.83,,,,
1982-07-11,6.07,,,,
1982-07-12,1.93,,,,
1982-07-13,0.58,,,,
1982-07-14,1.33,,,,
1982-07-15,0.57,,,,
1982-07-16,0.01,,,,
1982-07-17,0.0,,,,
1982-07-18,0.0,,,,
1982-07-19,0.0,,,,
1982-07-20,0.94,,,,
1982-07-21,2.33,,,,
1982-07-22,0.78,,,,
1982-07-23,0.0,,,,
1982-07-24,5.28,,,,
1982-07-25,1.19,,,,
1982-07-26,0.0,,,,
1982-07-27,2.82,,,,
1982-07-28,14.44,,,,
1982-07-29,3.39,,,,
1982-07-30,0.0,,,,
1982-07-31,0.0,,,,
1982-08-01,0.0,,,,
1982-08-02,0.0,,,,
1982-08-03,0.0,,,,
1982-08-04,0.0,,,,
1982-08-05,0.0,,,,
1982-08-06,0.21,,,,
1982-08-07,0.87,,,,
1982-08-08,0.0,,,,
1982-08-09,0.0,,,,
1982-08-10,0.0,,,,
1982-08-11,2.2,,,,
1982-08-12,1.93,,,,
1982-08-13,0.0,,,,
1982-08-14,1.13,,,,
1982-08-15,0.0,,,,
1982-08-16,0.0,,,,
1982-08-17,22.63,,,,
1982-08-18,2.45,,,,
1982-08-19,0.0,,,,
1982-08-20,0.35,,,,
1982-08-21,0.67,,,,
1982-08-22,24.77,,,,
1982-08-23,16.1,,,,
1982-08-24,3.6,,,,
1982-08-25,0.0,,,,
1982-08-26,3.09,,,,
1982-08-27,3.6,,,,
1982-08-28,0.95,,,,
1982-08-29,0.0,,,,
1982-08-30,0.0,,,,
1982-08-31,0.04,,,,
1982-09-01,0.25,,,,
1982-09-02,0.0,,,,
1982-09-03,0.01,,,,
1982-09-04,1.1,,,,
1982-09-05,0.43,,,,
1982-09-06,0.0,,,,
1982-09-07,0.0,,,,
1982-09-08,0.01,,,,
1982-09-09,0.0,,,,
1982-09-10,8.13,,,,
1982-09-11,1.55,,,,
1982-09-12,0.0,,,,
1982-09-13,0.0,,,,
1982-09-14,1.04,,,,
1982-09-15,0.0,,,,
1982-09-16,0.04,,,,
1982-09-17,0.84,,,,
1982-09-18,0.0,,,,
1982-09-19,0.0,,,,
1982-09-20,0.0,,,,
1982-09-21,0.01,,,,
1982-09-22,0.0,,,,
1982-09-23,0.0,,,,
1982-09-24,0.0,,,,
1982-09-25,0.01,,,,
1982-09-26,0.44,,,,
1982-09-27,0.0,,,,
1982-09-28,0.0,,,,
1982-09-29,0.0,,,,
1982-09-30,0.0,,,,
1982-10-01,0.04,,,,
1982-10-02,0.0,,,,
1982-10-03,0.0,,,,
1982-10-04,1.16,,,,
1982-10-05,1.09,,,,
1982-10-06,0.0,,,,
1982-10-07,0.0,,,,
1982-10-08,0.12,,,,
1982-10-09,0.0,,,,
1982-10-10,0.0,,,,
1982-10-11,0.0,,,,
1982-10-12,0.0,,,,
1982-10-13,0.02,,,,
1982-10-14,0.0,,,,
1982-10-15,0.0,,,,
1982-10-16,0.0,,,,
1982-10-17,0.0,,,,
1982-10-18,0.0,,,,
1982-10-19,0.0,,,,
1982-10-20,0.0,,,,
1982-10-21,0.0,,,,
1982-10-22,0.0,,,,
1982-10-23,0.0,,,,
1982-10-24,0.0,,,,
1982-10-25,0.0,,,,
1982-10-26,0.0,,,,
1982-10-27,0.0,,,,
1982-10-28,0.0,,,,
1982-10-29,0.0,,,,
1982-10-30,0.0,,,,
1982-10-31,0.0,,,,
1982-11-01,0.0,,,,
1982-11-02,0.0,,,,
1982-11-03,0.0,,,,
1982-11-04,0.0,,,,
1982-11-05,0.0,,,,
1982-11-06,0.0,,,,
1982-11-07,0.0,,,,
1982-11-08,0.0,,,,
1982-11-09,0.0,,,,
1982-11-10,0.0,,,,
1982-11-11,0.0,,,,
1982-11-12,0.0,,,,
1982-11-13,0.0,,,,
1982-11-14,0.0,,,,
1982-11-15,0.0,,,,
1982-11-16,0.0,,,,
1982-11-17,0.0,,,,
1982-11-18,0.0,,,,
1982-11-19,0.0,,,,
1982-11-20,0.0,,,,
1982-11-21,0.0,,,,
1982-11-22,0.0,,,,
1982-11-23,0.0,,,,
1982-11-24,0.0,,,,
1982-11-25,0.0,,,,
1982-11-26,0.0,,,,
1982-11-27,0.0,,,,
1982-11-28,0.0,,,,
1982-11-29,0.0,,,,
1982-11-30,0.0,,,,
1982-12-01,0.0,,,,
1982-12-02,0.0,,,,
1982-12-03,0.0,,,,
1982-12-04,0.0,,,,
1982-12-05,0.0,,,,
1982-12-06,0.0,,,,
1982-12-07,0.0,,,,
1982-12-08,0.0,,,,
1982-12-09,0.0,,,,
1982-12-10,0.0,,,,
1982-12-11,0.0,,,,
1982-12-12,0.0,,,,
1982-12-13,0.0,,,,
1982-12-14,0.0,,,,
1982-12-15,0.0,,,,
1982-12-16,0.0,,,,
1982-12-17,0.0,,,,
1982-12-18,0.0,,,,
1982-12-19,0.0,,,,
1982-12-20,0.0,,,,
1982-12-21,0.0,,,,
1982-12-22,0.0,,,,
1982-12-23,0.0,,,,
1982-12-24,0.0,,,,
1982-12-25,0.0,,,,
1982-12-26,0.0,,,,
1982-12-27,0.0,,,,
1982-12-28,0.0,,,,
1982-12-29,0.0,,,,
1982-12-30,0.0,,,,
1982-12-31,0.0,,,,
1983-01-01,0.0,,,,
1983-01-02,0.0,,,,
1983-01-03,0.0,,,,
1983-01-04,0.0,,,,
1983-01-05,0.0,,,,
1983-01-06,0.0,,,,
1983-01-07,0.0,,,,
1983-01-08,0.0,,,,
1983-01-09,0.0,,,,
1983-01-10,0.0,,,,
1983-01-11,0.0,,,,
1983-01-12,0.0,,,,
1983-01-13,0.0,,,,
1983-01-14,0.0,,,,
1983-01-15,0.0,,,,
1983-01-16,0.0,,,,
1983-01-17,0.0,,,,
1983-01-18,0.0,,,,
1983-01-19,0.0,,,,
1983-01-20,0.0,,,,
1983-01-21,0.0,,,,
1983-01-22,0.0,,,,
1983-01-23,0.0,,,,
1983-01-24,0.0,,,,
1983-01-25,0.0,,,,
1983-01-26,0.0,,,,
1983-01-27,0.0,,,,
1983-01-28,0.0,,,,
1983-01-29,0.0,,,,
1983-01-30,0.0,,,,
1983-01-31,0.0,,,,
1983-02-01,0.0,,,,
1983-02-02,0.0,,,,
1983-02-03,0.0,,,,
1983-02-04,0.0,,,,
1983-02-05,0.0,,,,
1983-02-06,0.0,,,,
1983-02-07,0.0,,,,
1983-02-08,0.0,,,,
1983-02-09,0.0,,,,
1983-02-10,0.0,,,,
1983-02-11,0.09,,,,
1983-02-12,0.0,,,,
1983-02-13,0.0,,,,
1983-02-14,0.0,,,,
1983-02-15,0.0,,,,
1983-02-16,0.0,,,,
1983-02-17,0.0,,,,
1983-02-18,0.0,,,,
1983-02-19,0.0,,,,
1983-02-20,0.0,,,,
1983-02-21,0.0,,,,
1983-02-22,0.0,,,,
1983-02-23,0.0,,,,
1983-02-24,0.0,,,,
1983-02-25,0.0,,,,
1983-02-26,0.0,,,,
1983-02-27,0.0,,,,
1983-02-28,0.0,,,,
1983-03-01,0.0,,,,
1983-03-02,0.0,,,,
1983-03-03,0.03,,,,
1983-03-04,0.0,,,,
1983-03-05,0.0,,,,
1983-03-06,0.0,,,,
1983-03-07,0.0,,,,
1983-03-08,0.0,,,,
1983-03-09,0.0,,,,
1983-03-10,0.0,,,,
1983-03-11,0.0,,,,
1983-03-12,0.0,,,,
1983-03-13,0.16,,,,
1983-03-14,0.0,,,,
1983-03-15,0.0,,,,
1983-03-16,0.0,,,,
1983-03-17,0.0,,,,
1983-03-18,0.0,,,,
1983-03-19,0.0,,,,
1983-03-20,0.0,,,,
1983-03-21,0.0,,,,
1983-03-22,0.0,,,,
1983-03-23,0.0,,,,
1983-03-24,0.0,,,,
1983-03-25,0.0,,,,
1983-03-26,0.01,,,,
1983-03-27,0.0,,,,
1983-03-28,0.0,,,,
1983-03-29,0.0,,,,
1983-03-30,0.0,,,,
1983-03-31,0.0,,,,
1983-04-01,0.0,,,,
1983-04-02,0.0,,,,
1983-04-03,0.0,,,,
1983-04-04,0.0,,,,
1983-04-05,0.0,,,,
1983-04-06,0.0,,,,
1983-04-07,0.0,,,,
1983-04-08,0.0,,,,
1983-04-09,0.0,,,,
1983-04-10,0.0,,,,
1983-04-11,0.0,,,,
1983-04-12,0.0,,,,
1983-04-13,0.0,,,,
1983-04-14,0.0,,,,
1983-04-15,0.0,,,,
1983-04-16,0.0,,,,
1983-04-17,0.0,,,,
1983-04-18,0.0,,,,
1983-04-19,0.0,,,,
1983-04-20,0.0,,,,
1983-04-21,0.0,,,,
1983-04-22,0.0,,,,
1983-04-23,0.0,,,,
1983-04-24,0.0,,,,
1983-04-25,0.0,,,,
1983-04-26,0.0,,,,
1983-04-27,0.0,,,,
1983-04-28,0.0,,,,
1983-04-29,0.0,,,,
1983-04-30,0.0,,,,
1983-05-01,0.0,,,,
1983-05-02,0.0,,,,
1983-05-03,0.0,,,,
1983-05-04,0.0,,,,
1983-05-05,0.0,,,,
1983-05-06,0.0,,,,
1983-05-07,0.0,,,,
1983-05-08,0.0,,,,
1983-05-09,0.0,,,,
1983-05-10,0.0,,,,
1983-05-11,0.0,,,,
1983-05-12,0.0,,,,
1983-05-13,0.0,,,,
1983-05-14,0.0,,,,
1983-05-15,0.0,,,,
1983-05-16,0.0,,,,
1983-05-17,0.0,,,,
1983-05-18,0.0,,,,
1983-05-19,0.0,,,,
1983-05-20,0.0,,,,
1983-05-21,0.0,,,,
1983-05-22,0.0,,,,
1983-05-23,0.0,,,,
1983-05-24,0.0,,,,
1983-05-25,0.0,,,,
1983-05-26,0.0,,,,
1983-05-27,0.0,,,,
1983-05-28,0.0,,,,
1983-05-29,0.0,,,,
1983-05-30,0.0,,,,
1983-05-31,0.0,,,,
1983-06-01,0.0,,,,
1983-06-02,0.0,,,,
1983-06-03,0.0,,,,
1983-06-04,0.0,,,,
1983-06-05,0.0,,,,
1983-06-06,0.0,,,,
1983-06-07,0.0,,,,
1983-06-08,0.1,,,,
1983-06-09,0.0,,,,
1983-06-10,0.0,,,,
1983-06-11,0.0,,,,
1983-06-12,0.0,,,,
1983-06-13,0.0,,,,
1983-06-14,0.0,,,,
1983-06-15,0.0,,,,
1983-06-16,0.0,,,,
1983-06-17,0.0,,,,
1983-06-18,0.0,,,,
1983-06-19,0.0,,,,
1983-06-20,0.01,,,,
1983-06-21,0.0,,,,
1983-06-22,0.0,,,,
1983-06-23,0.0,,,,
1983-06-24,0.0,,,,
1983-06-25,0.0,,,,
1983-06-26,0.04,,,,
1983-06-27,0.0,,,,
1983-06-28,0.0,,,,
1983-06-29,0.0,,,,
1983-06-30,0.0,,,,
1983-07-01,0.0,,,,
1983-07-02,0.0,,,,
1983-07-03,0.0,,,,
1983-07-04,0.0,,,,
1983-07-05,0.0,,,,
1983-07-06,0.0,,,,
1983-07-07,0.0,,,,
1983-07-08,0.0,,,,
1983-07-09,0.0,,,,
1983-07-10,0.0,,,,
1983-07-11,0.0,,,,
1983-07-12,0.44,,,,
1983-07-13,0.53,,,,
1983-07-14,0.0,,,,
1983-07-15,0.0,,,,
1983-07-16,0.0,,,,
1983-07-17,0.0,,,,
1983-07-18,0.0,,,,
1983-07-19,0.0,,,,
1983-07-20,0.0,,,,
1983-07-21,0.0,,,,
1983-07-22,0.0,,,,
1983-07-23,0.0,,,,
1983-07-24,0.0,,,,
1983-07-25,0.0,,,,
1983-07-26,0.0,,,,
1983-07-27,0.0,,,,
1983-07-28,0.0,,,,
1983-07-29,0.0,,,,
1983-07-30,0.0,,,,
1983-07-31,0.42,,,,
1983-08-01,0.21,,,,
1983-08-02,0.03,,,,
1983-08-03,0.0,,,,
1983-08-04,0.0,,,,
1983-08-05,0.14,,,,
1983-08-06,0.0,,,,
1983-08-07,0.0,,,,
1983-08-08,0.0,,,,
1983-08-09,4.56,,,,
1983-08-10,0.1,,,,
1983-08-11,0.0,,,,
1983-08-12,0.96,,,,
1983-08-13,0.0,,,,
1983-08-14,0.0,,,,
1983-08-15,0.0,,,,
1983-08-16,0.0,,,,
1983-08-17,0.0,,,,
1983-08-18,0.0,,,,
1983-08-19,0.0,,,,
1983-08-20,1.28,,,,
1983-08-21,1.84,,,,
1983-08-22,0.0,,,,
1983-08-23,3.67,,,,
1983-08-24,0.0,,,,
1983-08-25,0.0,,,,
1983-08-26,0.0,,,,
1983-08-27,0.0,,,,
1983-08-28,0.0,,,,
1983-08-29,0.0,,,,
1983-08-30,0.26,,,,
1983-08-31,0.0,,,,
1983-09-01,0.68,,,,
1983-09-02,0.0,,,,
1983-09-03,0.0,,,,
1983-09-04,0.0,,,,
1983-09-05,0.0,,,,
1983-09-06,0.0,,,,
1983-09-07,0.0,,,,
1983-09-08,0.0,,,,
1983-09-09,0.58,,,,
1983-09-10,0.0,,,,
1983-09-11,0.0,,,,
1983-09-12,1.38,,,,
1983-09-13,0.0,,,,
1983-09-14,0.0,,,,
1983-09-15,0.0,,,,
1983-09-16,0.0,,,,
1983-09-17,0.0,,,,
1983-09-18,0.0,,,,
1983-09-19,0.0,,,,
1983-09-20,0.0,,,,
1983-09-21,0.12,,,,
1983-09-22,0.0,,,,
1983-09-23,0.0,,,,
1983-09-24,0.0,,,,
1983-09-25,0.0,,,,
1983-09-26,0.41,,,,
1983-09-27,0.38,,,,
1983-09-28,0.15,,,,
1983-09-29,0.26,,,,
1983-09-30,0.0,,,,
1983-10-01,0.0,,,,
1983-10-02,0.0,,,,
1983-10-03,0.0,,,,
1983-10-04,0.0,,,,
1983-10-05,0.0,,,,
1983-10-06,0.0,,,,
1983-10-07,0.0,,,,
1983-10-08,0.02,,,,
1983-10-09,0.01,,,,
1983-10-10,0.0,,,,
1983-10-11,0.0,,,,
1983-10-12,0.0,,,,
1983-10-13,0.0,,,,
1983-10-14,0.0,,,,
1983-10-15,0.0,,,,
1983-10-16,0.0,,,,
1983-10-17,0.0,,,,
1983-10-18,0.0,,,,
1983-10-19,0.0,,,,
1983-10-20,0.0,,,,
1983-10-21,0.0,,,,
1983-10-22,0.0,,,,
1983-10-23,0.0,,,,
1983-10-24,0.0,,,,
1983-10-25,0.0,,,,
1983-10-26,0.0,,,,
1983-10-27,0.0,,,,
1983-10-28,0.0,,,,
1983-10-29,0.0,,,,
1983-10-30,0.0,,,,
1983-10-31,0.0,,,,
1983-11-01,0.0,,,,
1983-11-02,0.0,,,,
1983-11-03,0.0,,,,
1983-11-04,0.0,,,,
1983-11-05,0.0,,,,
1983-11-06,0.0,,,,
1983-11-07,0.0,,,,
1983-11-08,0.0,,,,
1983-11-09,0.0,,,,
1983-11-10,0.0,,,,
1983-11-11,0.0,,,,
1983-11-12,0.0,,,,
1983-11-13,0.0,,,,
1983-11-14,0.0,,,,
1983-11-15,0.0,,,,
1983-11-16,0.0,,,,
1983-11-17,0.0,,,,
1983-11-18,0.0,,,,
1983-11-19,0.0,,,,
1983-11-20,0.0,,,,
1983-11-21,0.0,,,,
1983-11-22,0.0,,,,
1983-11-23,0.0,,,,
1983-11-24,0.0,,,,
1983-11-25,0.0,,,,
1983-11-26,0.0,,,,
1983-11-27,0.0,,,,
1983-11-28,0.0,,,,
1983-11-29,0.0,,,,
1983-11-30,0.0,,,,
1983-12-01,0.0,,,,
1983-12-02,0.0,,,,
1983-12-03,0.0,,,,
1983-12-04,0.0,,,,
1983-12-05,0.0,,,,
1983-12-06,0.0,,,,
1983-12-07,0.0,,,,
1983-12-08,0.0,,,,
1983-12-09,0.0,,,,
1983-12-10,0.0,,,,
1983-12-11,0.0,,,,
1983-12-12,0.0,,,,
1983-12-13,0.0,,,,
1983-12-14,0.0,,,,
1983-12-15,0.0,,,,
1983-12-16,0.0,,,,
1983-12-17,0.0,,,,
1983-12-18,0.0,,,,
1983-12-19,0.0,,,,
1983-12-20,0.0,,,,
1983-12-21,0.0,,,,
1983-12-22,0.0,,,,
1983-12-23,0.0,,,,
1983-12-24,0.0,,,,
1983-12-25,0.0,,,,
1983-12-26,0.0,,,,
1983-12-27,0.0,,,,
1983-12-28,0.0,,,,
1983-12-29,0.0,,,,
1983-12-30,0.0,,,,
1983-12-31,0.0,,,,
1984-01-01,0.0,,,,
1984-01-02,0.0,,,,
1984-01-03,0.0,,,,
1984-01-04,0.0,,,,
1984-01-05,0.0,,,,
1984-01-06,0.0,,,,
1984-01-07,0.0,,,,
1984-01-08,0.0,,,,
1984-01-09,0.0,,,,
1984-01-10,0.0,,,,
1984-01-11,0.0,,,,
1984-01-12,0.0,,,,
1984-01-13,0.0,,,,
1984-01-14,0.0,,,,
1984-01-15,0.0,,,,
1984-01-16,0.0,,,,
1984-01-17,0.0,,,,
1984-01-18,0.0,,,,
1984-01-19,0.0,,,,
1984-01-20,0.0,,,,
1984-01-21,0.0,,,,
1984-01-22,0.0,,,,
1984-01-23,0.0,,,,
1984-01-24,0.0,,,,
1984-01-25,0.0,,,,
1984-01-26,0.0,,,,
1984-01-27,0.0,,,,
1984-01-28,0.0,,,,
1984-01-29,0.0,,,,
1984-01-30,0.0,,,,
1984-01-31,0.0,,,,
1984-02-01,0.0,,,,
1984-02-02,0.0,,,,
1984-02-03,0.0,,,,
1984-02-04,0.0,,,,
1984-02-05,0.0,,,,
1984-02-06,0.0,,,,
1984-02-07,0.0,,,,
1984-02-08,0.0,,,,
1984-02-09,0.04,,,,
1984-02-10,0.0,,,,
1984-02-11,0.0,,,,
1984-02-12,0.0,,,,
1984-02-13,0.0,,,,
1984-02-14,0.0,,,,
1984-02-15,0.0,,,,
1984-02-16,0.0,,,,
1984-02-17,0.0,,,,
1984-02-18,0.0,,,,
1984-02-19,0.0,,,,
1984-02-20,0.0,,,,
1984-02-21,0.0,,,,
1984-02-22,0.0,,,,
1984-02-23,0.0,,,,
1984-02-24,0.0,,,,
1984-02-25,0.0,,,,
1984-02-26,0.0,,,,
1984-02-27,0.0,,,,
1984-02-28,0.0,,,,
1984-02-29,0.0,,,,
1984-03-01,0.0,,,,
1984-03-02,0.0,,,,
1984-03-03,0.0,,,,
1984-03-04,0.0,,,,
1984-03-05,0.0,,,,
1984-03-06,0.0,,,,
1984-03-07,0.0,,,,
1984-03-08,0.0,,,,
1984-03-09,0.0,,,,
1984-03-10,0.0,,,,
1984-03-11,0.0,,,,
1984-03-12,0.0,,,,
1984-03-13,0.0,,,,
1984-03-14,0.0,,,,
1984-03-15,0.0,,,,
1984-03-16,0.0,,,,
1984-03-17,0.0,,,,
1984-03-18,0.0,,,,
1984-03-19,0.0,,,,
1984-03-20,0.0,,,,
1984-03-21,0.0,,,,
1984-03-22,0.0,,,,
1984-03-23,0.0,,,,
1984-03-24,0.0,,,,
1984-03-25,0.0,,,,
1984-03-26,0.0,,,,
1984-03-27,0.0,,,,
1984-03-28,0.0,,,,
1984-03-29,0.0,,,,
1984-03-30,0.0,,,,
1984-03-31,0.0,,,,
1984-04-01,0.0,,,,
1984-04-02,0.0,,,,
1984-04-03,0.0,,,,
1984-04-04,0.0,,,,
1984-04-05,0.0,,,,
1984-04-06,0.0,,,,
1984-04-07,0.0,,,,
1984-04-08,0.0,,,,
1984-04-09,0.0,,,,
1984-04-10,0.0,,,,
1984-04-11,0.0,,,,
1984-04-12,0.0,,,,
1984-04-13,0.0,,,,
1984-04-14,0.0,,,,
1984-04-15,0.0,,,,
1984-04-16,0.0,,,,
1984-04-17,0.0,,,,
1984-04-18,0.0,,,,
1984-04-19,0.0,,,,
1984-04-20,0.0,,,,
1984-04-21,0.0,,,,
1984-04-22,0.0,,,,
1984-04-23,0.0,,,,
1984-04-24,0.0,,,,
1984-04-25,0.0,,,,
1984-04-26,0.0,,,,
1984-04-27,0.0,,,,
1984-04-28,0.0,,,,
1984-04-29,0.0,,,,
1984-04-30,0.0,,,,
1984-05-01,0.0,,,,
1984-05-02,0.0,,,,
1984-05-03,0.0,,,,
1984-05-04,0.0,,,,
1984-05-05,0.0,,,,
1984-05-06,0.0,,,,
1984-05-07,0.0,,,,
1984-05-08,0.0,,,,
1984-05-09,0.0,,,,
1984-05-10,0.0,,,,
1984-05-11,0.0,,,,
1984-05-12,0.0,,,,
1984-05-13,0.0,,,,
1984-05-14,0.0,,,,
1984-05-15,0.0,,,,
1984-05-16,0.0,,,,
1984-05-17,0.0,,,,
1984-05-18,0.0,,,,
1984-05-19,0.0,,,,
1984-05-20,0.0,,,,
1984-05-21,0.0,,,,
1984-05-22,0.0,,,,
1984-05-23,0.0,,,,
1984-05-24,0.0,,,,
1984-05-25,0.0,,,,
1984-05-26,0.0,,,,
1984-05-27,0.0,,,,
1984-05-28,0.0,,,,
1984-05-29,0.0,,,,
1984-05-30,0.0,,,,
1984-05-31,0.0,,,,
1984-06-01,0.38,,,,
1984-06-02,0.06,,,,
1984-06-03,1.48,,,,
1984-06-04,0.04,,,,
1984-06-05,0.22,,,,
1984-06-06,0.0,,,,
1984-06-07,0.0,,,,
1984-06-08,0.0,,,,
1984-06-09,0.0,,,,
1984-06-10,0.0,,,,
1984-06-11,0.0,,,,
1984-06-12,0.0,,,,
1984-06-13,0.0,,,,
1984-06-14,0.0,,,,
1984-06-15,0.0,,,,
1984-06-16,0.0,,,,
1984-06-17,0.16,,,,
1984-06-18,0.01,,,,
1984-06-19,0.94,,,,
1984-06-20,0.0,,,,
1984-06-21,0.0,,,,
1984-06-22,0.0,,,,
1984-06-23,0.0,,,,
1984-06-24,0.0,,,,
1984-06-25,0.0,,,,
1984-06-26,1.25,,,,
1984-06-27,0.0,,,,
1984-06-28,0.0,,,,
1984-06-29,0.0,,,,
1984-06-30,0.0,,,,
1984-07-01,0.0,,,,
1984-07-02,0.0,,,,
1984-07-03,0.0,,,,
1984-07-04,0.0,,,,
1984-07-05,0.0,,,,
1984-07-06,0.0,,,,
1984-07-07,0.0,,,,
1984-07-08,0.0,,,,
1984-07-09,0.0,,,,
1984-07-10,0.0,,,,
1984-07-11,0.0,,,,
1984-07-12,0.0,,,,
1984-07-13,0.25,,,,
1984-07-14,1.5,,,,
1984-07-15,0.0,,,,
1984-07-16,0.0,,,,
1984-07-17,0.0,,,,
1984-07-18,0.0,,,,
1984-07-19,0.0,,,,
1984-07-20,0.0,,,,
1984-07-21,0.0,,,,
1984-07-22,0.0,,,,
1984-07-23,0.0,,,,
1984-07-24,0.0,,,,
1984-07-25,0.0,,,,
1984-07-26,0.74,,,,
1984-07-27,0.0,,,,
1984-07-28,0.0,,,,
1984-07-29,0.02,,,,
1984-07-30,0.19,,,,
1984-07-31,0.0,,,,
1984-08-01,14.26,,,,
1984-08-02,0.0,,,,
1984-08-03,0.0,,,,
1984-08-04,0.0,,,,
1984-08-05,0.0,,,,
1984-08-06,1.54,,,,
1984-08-07,0.0,,,,
1984-08-08,0.0,,,,
1984-08-09,0.0,,,,
1984-08-10,0.0,,,,
1984-08-11,0.0,,,,
1984-08-12,0.0,,,,
1984-08-13,0.02,,,,
1984-08-14,0.12,,,,
1984-08-15,0.0,,,,
1984-08-16,0.0,,,,
1984-08-17,0.0,,,,
1984-08-18,0.0,,,,
1984-08-19,0.0,,,,
1984-08-20,0.0,,,,
1984-08-21,0.09,,,,
1984-08-22,0.0,,,,
1984-08-23,0.05,,,,
1984-08-24,0.0,,,,
1984-08-25,0.21,,,,
1984-08-26,0.0,,,,
1984-08-27,0.0,,,,
1984-08-28,0.0,,,,
1984-08-29,0.0,,,,
1984-08-30,0.0,,,,
1984-08-31,0.0,,,,
1984-09-01,0.02,,,,
1984-09-02,0.0,,,,
1984-09-03,0.0,,,,
1984-09-04,0.04,,,,
1984-09-05,0.0,,,,
1984-09-06,0.0,,,,
1984-09-07,0.8,,,,
1984-09-08,0.0,,,,
1984-09-09,0.0,,,,
1984-09-10,0.01,,,,
1984-09-11,4.43,,,,
1984-09-12,1.03,,,,
1984-09-13,3.51,,,,
1984-09-14,0.31,,,,
1984-09-15,0.01,,,,
1984-09-16,0.0,,,,
1984-09-17,0.0,,,,
1984-09-18,0.0,,,,
1984-09-19,0.07,,,,
1984-09-20,0.05,,,,
1984-09-21,0.75,,,,
1984-09-22,0.13,,,,
1984-09-23,0.77,,,,
1984-09-24,0.46,,,,
1984-09-25,0.0,,,,
1984-09-26,0.0,,,,
1984-09-27,0.0,,,,
1984-09-28,0.0,,,,
1984-09-29,0.6,,,,
1984-09-30,0.0,,,,
1984-10-01,0.0,,,,
1984-10-02,0.0,,,,
1984-10-03,0.0,,,,
1984-10-04,1.52,,,,
1984-10-05,0.13,,,,
1984-10-06,0.0,,,,
1984-10-07,0.0,,,,
1984-10-08,0.0,,,,
1984-10-09,0.0,,,,
1984-10-10,0.0,,,,
1984-10-11,0.0,,,,
1984-10-12,0.0,,,,
1984-10-13,0.0,,,,
1984-10-14,0.0,,,,
1984-10-15,0.0,,,,
1984-10-16,0.0,,,,
1984-10-17,0.0,,,,
1984-10-18,0.0,,,,
1984-10-19,0.0,,,,
1984-10-20,0.0,,,,
1984-10-21,0.0,,,,
1984-10-22,0.0,,,,
1984-10-23,0.0,,,,
1984-10-24,0.0,,,,
1984-10-25,0.0,,,,
1984-10-26,0.0,,,,
1984-10-27,0.0,,,,
1984-10-28,0.0,,,,
1984-10-29,0.0,,,,
1984-10-30,0.0,,,,
1984-10-31,0.0,,,,
1984-11-01,0.0,,,,
1984-11-02,0.0,,,,
1984-11-03,0.0,,,,
1984-11-04,0.0,,,,
1984-11-05,0.0,,,,
1984-11-06,0.0,,,,
1984-11-07,0.0,,,,
1984-11-08,0.0,,,,
1984-11-09,0.0,,,,
1984-11-10,0.0,,,,
1984-11-11,0.0,,,,
1984-11-12,0.0,,,,
1984-11-13,0.0,,,,
1984-11-14,0.0,,,,
1984-11-15,0.0,,,,
1984-11-16,0.0,,,,
1984-11-17,0.0,,,,
1984-11-18,0.0,,,,
1984-11-19,0.0,,,,
1984-11-20,0.0,,,,
1984-11-21,0.0,,,,
1984-11-22,0.0,,,,
1984-11-23,0.0,,,,
1984-11-24,0.0,,,,
1984-11-25,0.0,,,,
1984-11-26,0.0,,,,
1984-11-27,0.0,,,,
1984-11-28,0.0,,,,
1984-11-29,0.0,,,,
1984-11-30,0.0,,,,
1984-12-01,0.0,,,,
1984-12-02,0.0,,,,
1984-12-03,0.0,,,,
1984-12-04,0.0,,,,
1984-12-05,0.0,,,,
1984-12-06,0.0,,,,
1984-12-07,0.0,,,,
1984-12-08,0.0,,,,
1984-12-09,0.0,,,,
1984-12-10,0.0,,,,
1984-12-11,0.0,,,,
1984-12-12,0.0,,,,
1984-12-13,0.0,,,,
1984-12-14,0.0,,,,
1984-12-15,0.0,,,,
1984-12-16,0.0,,,,
1984-12-17,0.0,,,,
1984-12-18,0.0,,,,
1984-12-19,0.0,,,,
1984-12-20,0.0,,,,
1984-12-21,0.0,,,,
1984-12-22,0.0,,,,
1984-12-23,0.0,,,,
1984-12-24,0.0,,,,
1984-12-25,0.0,,,,
1984-12-26,0.0,,,,
1984-12-27,0.0,,,,
1984-12-28,0.0,,,,
1984-12-29,0.0,,,,
1984-12-30,0.0,,,,
1984-12-31,0.0,,,,
1985-01-01,0.0,,,,
1985-01-02,0.0,,,,
1985-01-03,0.0,,,,
1985-01-04,0.0,,,,
1985-01-05,0.0,,,,
1985-01-06,0.0,,,,
1985-01-07,0.0,,,,
1985-01-08,0.0,,,,
1985-01-09,0.0,,,,
1985-01-10,0.0,,,,
1985-01-11,0.0,,,,
1985-01-12,0.0,,,,
1985-01-13,0.0,,,,
1985-01-14,0.0,,,,
1985-01-15,0.0,,,,
1985-01-16,0.0,,,,
1985-01-17,0.0,,,,
1985-01-18,0.0,,,,
1985-01-19,0.0,,,,
1985-01-20,0.0,,,,
1985-01-21,0.0,,,,
1985-01-22,0.0,,,,
1985-01-23,0.0,,,,
1985-01-24,0.0,,,,
1985-01-25,0.0,,,,
1985-01-26,0.0,,,,
1985-01-27,0.0,,,,
1985-01-28,0.0,,,,
1985-01-29,0.0,,,,
1985-01-30,0.0,,,,
1985-01-31,0.0,,,,
1985-02-01,0.0,,,,
1985-02-02,0.0,,,,
1985-02-03,0.0,,,,
1985-02-04,0.0,,,,
1985-02-05,0.0,,,,
1985-02-06,0.0,,,,
1985-02-07,0.0,,,,
1985-02-08,0.0,,,,
1985-02-09,0.0,,,,
1985-02-10,0.0,,,,
1985-02-11,0.0,,,,
1985-02-12,0.0,,,,
1985-02-13,0.0,,,,
1985-02-14,0.0,,,,
1985-02-15,0.0,,,,
1985-02-16,0.0,,,,
1985-02-17,0.0,,,,
1985-02-18,0.0,,,,
1985-02-19,0.0,,,,
1985-02-20,0.0,,,,
1985-02-21,0.0,,,,
1985-02-22,0.0,,,,
1985-02-23,0.0,,,,
1985-02-24,0.0,,,,
1985-02-25,0.0,,,,
1985-02-26,0.0,,,,
1985-02-27,0.0,,,,
1985-02-28,0.0,,,,
1985-03-01,0.0,,,,
1985-03-02,0.0,,,,
1985-03-03,0.0,,,,
1985-03-04,0.0,,,,
1985-03-05,0.0,,,,
1985-03-06,0.0,,,,
1985-03-07,0.0,,,,
1985-03-08,0.0,,,,
1985-03-09,0.0,,,,
1985-03-10,0.0,,,,
1985-03-11,0.0,,,,
1985-03-12,0.0,,,,
1985-03-13,0.0,,,,
1985-03-14,0.0,,,,
1985-03-15,0.0,,,,
1985-03-16,0.0,,,,
1985-03-17,0.0,,,,
1985-03-18,0.0,,,,
1985-03-19,0.0,,,,
1985-03-20,0.0,,,,
1985-03-21,0.0,,,,
1985-03-22,0.0,,,,
1985-03-23,0.0,,,,
1985-03-24,0.0,,,,
1985-03-25,0.0,,,,
1985-03-26,0.0,,,,
1985-03-27,0.0,,,,
1985-03-28,0.0,,,,
1985-03-29,0.0,,,,
1985-03-30,0.0,,,,
1985-03-31,0.0,,,,
1985-04-01,0.0,,,,
1985-04-02,0.0,,,,
1985-04-03,0.0,,,,
1985-04-04,0.0,,,,
1985-04-05,0.0,,,,
1985-04-06,0.0,,,,
1985-04-07,0.0,,,,
1985-04-08,0.0,,,,
1985-04-09,0.0,,,,
1985-04-10,0.0,,,,
1985-04-11,0.0,,,,
1985-04-12,0.0,,,,
1985-04-13,0.0,,,,
1985-04-14,0.0,,,,
1985-04-15,0.0,,,,
1985-04-16,0.0,,,,
1985-04-17,0.0,,,,
1985-04-18,0.0,,,,
1985-04-19,0.0,,,,
1985-04-20,0.0,,,,
1985-04-21,0.01,,,,
1985-04-22,0.0,,,,
1985-04-23,0.0,,,,
1985-04-24,0.0,,,,
1985-04-25,0.0,,,,
1985-04-26,0.0,,,,
1985-04-27,0.0,,,,
1985-04-28,0.0,,,,
1985-04-29,0.0,,,,
1985-04-30,0.0,,,,
1985-05-01,0.0,,,,
1985-05-02,0.0,,,,
1985-05-03,0.0,,,,
1985-05-04,0.0,,,,
1985-05-05,0.0,,,,
1985-05-06,0.0,,,,
1985-05-07,0.0,,,,
1985-05-08,0.0,,,,
1985-05-09,0.0,,,,
1985-05-10,0.0,,,,
1985-05-11,0.0,,,,
1985-05-12,0.0,,,,
1985-05-13,0.0,,,,
1985-05-14,0.0,,,,
1985-05-15,0.0,,,,
1985-05-16,0.0,,,,
1985-05-17,0.0,,,,
1985-05-18,0.0,,,,
1985-05-19,0.0,,,,
1985-05-20,0.0,,,,
1985-05-21,0.0,,,,
1985-05-22,0.0,,,,
1985-05-23,0.0,,,,
1985-05-24,0.0,,,,
1985-05-25,0.0,,,,
1985-05-26,0.0,,,,
1985-05-27,0.0,,,,
1985-05-28,0.0,,,,
1985-05-29,0.0,,,,
1985-05-30,0.0,,,,
1985-05-31,0.0,,,,
1985-06-01,0.0,,,,
1985-06-02,0.0,,,,
1985-06-03,0.0,,,,
1985-06-04,0.0,,,,
1985-06-05,0.0,,,,
1985-06-06,0.0,,,,
1985-06-07,0.0,,,,
1985-06-08,0.0,,,,
1985-06-09,0.0,,,,
1985-06-10,0.0,,,,
1985-06-11,0.0,,,,
1985-06-12,0.0,,,,
1985-06-13,0.0,,,,
1985-06-14,0.0,,,,
1985-06-15,0.0,,,,
1985-06-16,0.0,,,,
1985-06-17,0.0,,,,
1985-06-18,0.0,,,,
1985-06-19,0.0,,,,
1985-06-20,0.0,,,,
1985-06-21,0.0,,,,
1985-06-22,0.0,,,,
1985-06-23,0.53,,,,
1985-06-24,0.0,,,,
1985-06-25,0.0,,,,
1985-06-26,0.58,,,,
1985-06-27,0.2,,,,
1985-06-28,0.0,,,,
1985-06-29,0.0,,,,
1985-06-30,0.0,,,,
1985-07-01,0.0,,,,
1985-07-02,0.0,,,,
1985-07-03,0.0,,,,
1985-07-04,0.0,,,,
1985-07-05,0.0,,,,
1985-07-06,0.0,,,,
1985-07-07,0.0,,,,
1985-07-08,0.0,,,,
1985-07-09,0.0,,,,
1985-07-10,0.0,,,,
1985-07-11,0.13,,,,
1985-07-12,0.15,,,,
1985-07-13,3.01,,,,
1985-07-14,0.0,,,,
1985-07-15,0.0,,,,
1985-07-16,0.0,,,,
1985-07-17,0.0,,,,
1985-07-18,2.02,,,,
1985-07-19,6.75,,,,
1985-07-20,0.0,,,,
1985-07-21,0.0,,,,
1985-07-22,0.0,,,,
1985-07-23,0.0,,,,
1985-07-24,0.36,,,,
1985-07-25,0.0,,,,
1985-07-26,0.0,,,,
1985-07-27,0.0,,,,
1985-07-28,0.0,,,,
1985-07-29,0.0,,,,
1985-07-30,0.01,,,,
1985-07-31,0.0,,,,
1985-08-01,14.07,,,,
1985-08-02,0.01,,,,
1985-08-03,0.0,,,,
1985-08-04,0.0,,,,
1985-08-05,0.0,,,,
1985-08-06,0.0,,,,
1985-08-07,0.93,,,,
1985-08-08,0.0,,,,
1985-08-09,0.0,,,,
1985-08-10,0.05,,,,
1985-08-11,0.0,,,,
1985-08-12,0.0,,,,
1985-08-13,0.0,,,,
1985-08-14,0.42,,,,
1985-08-15,3.41,,,,
1985-08-16,0.0,,,,
1985-08-17,1.28,,,,
1985-08-18,10.6,,,,
1985-08-19,0.09,,,,
1985-08-20,0.0,,,,
1985-08-21,0.0,,,,
1985-08-22,0.09,,,,
1985-08-23,0.0,,,,
1985-08-24,0.0,,,,
1985-08-25,3.4,,,,
1985-08-26,4.87,,,,
1985-08-27,0.0,,,,
1985-08-28,4.09,,,,
1985-08-29,0.0,,,,
1985-08-30,0.0,,,,
1985-08-31,0.0,,,,
1985-09-01,2.73,,,,
1985-09-02,1.43,,,,
1985-09-03,1.26,,,,
1985-09-04,0.0,,,,
1985-09-05,4.93,,,,
1985-09-06,0.03,,,,
1985-09-07,0.0,,,,
1985-09-08,0.0,,,,
1985-09-09,0.0,,,,
1985-09-10,0.0,,,,
1985-09-11,0.87,,,,
1985-09-12,0.0,,,,
1985-09-13,2.53,,,,
1985-09-14,0.05,,,,
1985-09-15,0.0,,,,
1985-09-16,0.0,,,,
1985-09-17,0.08,,,,
1985-09-18,1.56,,,,
1985-09-19,10.32,,,,
1985-09-20,0.07,,,,
1985-09-21,0.0,,,,
1985-09-22,0.0,,,,
1985-09-23,0.0,,,,
1985-09-24,0.0,,,,
1985-09-25,0.0,,,,
1985-09-26,0.0,,,,
1985-09-27,0.0,,,,
1985-09-28,0.0,,,,
1985-09-29,0.0,,,,
1985-09-30,0.0,,,,
1985-10-01,0.0,,,,
1985-10-02,0.0,,,,
1985-10-03,0.0,,,,
1985-10-04,0.0,,,,
1985-10-05,0.0,,,,
1985-10-06,0.0,,,,
1985-10-07,0.0,,,,
1985-10-08,0.0,,,,
1985-10-09,0.0,,,,
1985-10-10,0.0,,,,
1985-10-11,0.0,,,,
1985-10-12,0.0,,,,
1985-10-13,0.0,,,,
1985-10-14,0.0,,,,
1985-10-15,0.0,,,,
1985-10-16,0.0,,,,
1985-10-17,0.0,,,,
1985-10-18,0.0,,,,
1985-10-19,0.0,,,,
1985-10-20,0.0,,,,
1985-10-21,0.0,,,,
1985-10-22,0.0,,,,
1985-10-23,0.75,,,,
1985-10-24,0.0,,,,
1985-10-25,0.0,,,,
1985-10-26,0.0,,,,
1985-10-27,0.0,,,,
1985-10-28,0.0,,,,
1985-10-29,0.0,,,,
1985-10-30,0.0,,,,
1985-10-31,0.0,,,,
1985-11-01,0.0,,,,
1985-11-02,0.0,,,,
1985-11-03,0.0,,,,
1985-11-04,0.0,,,,
1985-11-05,0.0,,,,
1985-11-06,0.0,,,,
1985-11-07,0.0,,,,
1985-11-08,0.0,,,,
1985-11-09,0.0,,,,
1985-11-10,0.0,,,,
1985-11-11,0.0,,,,
1985-11-12,0.0,,,,
1985-11-13,0.0,,,,
1985-11-14,0.0,,,,
1985-11-15,0.0,,,,
1985-11-16,0.0,,,,
1985-11-17,0.0,,,,
1985-11-18,0.0,,,,
1985-11-19,0.0,,,,
1985-11-20,0.0,,,,
1985-11-21,0.0,,,,
1985-11-22,0.0,,,,
1985-11-23,0.0,,,,
1985-11-24,0.0,,,,
1985-11-25,0.0,,,,
1985-11-26,0.0,,,,
1985-11-27,0.0,,,,
1985-11-28,0.0,,,,
1985-11-29,0.0,,,,
1985-11-30,0.0,,,,
1985-12-01,0.0,,,,
1985-12-02,0.0,,,,
1985-12-03,0.0,,,,
1985-12-04,0.0,,,,
1985-12-05,0.0,,,,
1985-12-06,0.0,,,,
1985-12-07,0.0,,,,
1985-12-08,0.0,,,,
1985-12-09,0.0,,,,
1985-12-10,0.0,,,,
1985-12-11,0.0,,,,
1985-12-12,0.0,,,,
1985-12-13,0.0,,,,
1985-12-14,0.0,,,,
1985-12-15,0.0,,,,
1985-12-16,0.0,,,,
1985-12-17,0.0,,,,
1985-12-18,0.0,,,,
1985-12-19,0.0,,,,
1985-12-20,0.0,,,,
1985-12-21,0.01,,,,
1985-12-22,0.0,,,,
1985-12-23,0.0,,,,
1985-12-24,0.0,,,,
1985-12-25,0.0,,,,
1985-12-26,0.0,,,,
1985-12-27,0.0,,,,
1985-12-28,0.0,,,,
1985-12-29,0.0,,,,
1985-12-30,0.0,,,,
1985-12-31,0.0,,,,
1986-01-01,0.0,,,,
1986-01-02,0.0,,,,
1986-01-03,0.0,,,,
1986-01-04,0.0,,,,
1986-01-05,0.0,,,,
1986-01-06,0.0,,,,
1986-01-07,0.0,,,,
1986-01-08,0.0,,,,
1986-01-09,0.0,,,,
1986-01-10,0.0,,,,
1986-01-11,0.0,,,,
1986-01-12,0.0,,,,
1986-01-13,0.0,,,,
1986-01-14,0.0,,,,
1986-01-15,0.0,,,,
1986-01-16,0.0,,,,
1986-01-17,0.0,,,,
1986-01-18,0.0,,,,
1986-01-19,0.0,,,,
1986-01-20,0.0,,,,
1986-01-21,0.0,,,,
1986-01-22,0.0,,,,
1986-01-23,0.0,,,,
1986-01-24,0.0,,,,
1986-01-25,0.0,,,,
1986-01-26,0.0,,,,
1986-01-27,0.0,,,,
1986-01-28,0.0,,,,
1986-01-29,0.0,,,,
1986-01-30,0.0,,,,
1986-01-31,0.0,,,,
1986-02-01,0.01,,,,
1986-02-02,0.0,,,,
1986-02-03,0.0,,,,
1986-02-04,0.0,,,,
1986-02-05,0.0,,,,
1986-02-06,0.0,,,,
1986-02-07,0.0,,,,
1986-02-08,0.0,,,,
1986-02-09,0.0,,,,
1986-02-10,0.0,,,,
1986-02-11,0.0,,,,
1986-02-12,0.0,,,,
1986-02-13,0.0,,,,
1986-02-14,0.0,,,,
1986-02-15,0.0,,,,
1986-02-16,0.0,,,,
1986-02-17,0.0,,,,
1986-02-18,0.0,,,,
1986-02-19,0.0,,,,
1986-02-20,0.0,,,,
1986-02-21,0.0,,,,
1986-02-22,0.0,,,,
1986-02-23,0.0,,,,
1986-02-24,0.0,,,,
1986-02-25,0.0,,,,
1986-02-26,0.0,,,,
1986-02-27,0.0,,,,
1986-02-28,0.0,,,,
1986-03-01,0.0,,,,
1986-03-02,0.0,,,,
1986-03-03,0.0,,,,
1986-03-04,0.0,,,,
1986-03-05,0.0,,,,
1986-03-06,0.0,,,,
1986-03-07,0.0,,,,
1986-03-08,0.0,,,,
1986-03-09,0.0,,,,
1986-03-10,0.0,,,,
1986-03-11,0.0,,,,
1986-03-12,0.0,,,,
1986-03-13,0.0,,,,
1986-03-14,0.0,,,,
1986-03-15,0.0,,,,
1986-03-16,0.0,,,,
1986-03-17,0.0,,,,
1986-03-18,0.0,,,,
1986-03-19,0.0,,,,
1986-03-20,0.0,,,,
1986-03-21,0.0,,,,
1986-03-22,0.0,,,,
1986-03-23,0.0,,,,
1986-03-24,0.0,,,,
1986-03-25,0.0,,,,
1986-03-26,0.0,,,,
1986-03-27,0.0,,,,
1986-03-28,0.0,,,,
1986-03-29,0.0,,,,
1986-03-30,0.0,,,,
1986-03-31,0.0,,,,
1986-04-01,0.0,,,,
1986-04-02,0.03,,,,
1986-04-03,0.0,,,,
1986-04-04,0.0,,,,
1986-04-05,0.0,,,,
1986-04-06,0.0,,,,
1986-04-07,0.0,,,,
1986-04-08,0.0,,,,
1986-04-09,0.0,,,,
1986-04-10,0.0,,,,
1986-04-11,0.0,,,,
1986-04-12,0.0,,,,
1986-04-13,0.0,,,,
1986-04-14,0.0,,,,
1986-04-15,0.0,,,,
1986-04-16,0.0,,,,
1986-04-17,0.0,,,,
1986-04-18,0.03,,,,
1986-04-19,0.0,,,,
1986-04-20,0.0,,,,
1986-04-21,0.05,,,,
1986-04-22,0.0,,,,
1986-04-23,0.0,,,,
1986-04-24,0.0,,,,
1986-04-25,0.0,,,,
1986-04-26,0.0,,,,
1986-04-27,0.0,,,,
1986-04-28,0.0,,,,
1986-04-29,0.0,,,,
1986-04-30,0.0,,,,
1986-05-01,0.0,,,,
1986-05-02,0.0,,,,
1986-05-03,0.0,,,,
1986-05-04,0.0,,,,
1986-05-05,0.0,,,,
1986-05-06,0.0,,,,
1986-05-07,0.0,,,,
1986-05-08,0.0,,,,
1986-05-09,0.0,,,,
1986-05-10,0.0,,,,
1986-05-11,0.0,,,,
1986-05-12,0.0,,,,
1986-05-13,0.0,,,,
1986-05-14,0.05,,,,
1986-05-15,0.0,,,,
1986-05-16,0.0,,,,
1986-05-17,0.0,,,,
1986-05-18,0.0,,,,
1986-05-19,0.0,,,,
1986-05-20,0.0,,,,
1986-05-21,0.0,,,,
1986-05-22,0.0,,,,
1986-05-23,0.0,,,,
1986-05-24,0.0,,,,
1986-05-25,0.0,,,,
1986-05-26,0.0,,,,
1986-05-27,0.0,,,,
1986-05-28,0.0,,,,
1986-05-29,0.0,,,,
1986-05-30,0.0,,,,
1986-05-31,0.0,,,,
1986-06-01,0.0,,,,
1986-06-02,0.0,,,,
1986-06-03,0.0,,,,
1986-06-04,0.0,,,,
1986-06-05,0.0,,,,
1986-06-06,0.0,,,,
1986-06-07,0.0,,,,
1986-06-08,0.0,,,,
1986-06-09,0.0,,,,
1986-06-10,0.0,,,,
1986-06-11,0.0,,,,
1986-06-12,0.0,,,,
1986-06-13,0.0,,,,
1986-06-14,0.0,,,,
1986-06-15,0.0,,,,
1986-06-16,0.0,,,,
1986-06-17,0.0,,,,
1986-06-18,0.0,,,,
1986-06-19,0.0,,,,
1986-06-20,0.0,,,,
1986-06-21,0.0,,,,
1986-06-22,0.0,,,,
1986-06-23,0.0,,,,
1986-06-24,0.0,,,,
1986-06-25,0.0,,,,
1986-06-26,0.0,,,,
1986-06-27,0.0,,,,
1986-06-28,0.0,,,,
1986-06-29,0.0,,,,
1986-06-30,0.0,,,,
1986-07-01,0.0,,,,
1986-07-02,0.01,,,,
1986-07-03,0.0,,,,
1986-07-04,0.0,,,,
1986-07-05,0.0,,,,
1986-07-06,0.0,,,,
1986-07-07,0.0,,,,
1986-07-08,0.94,,,,
1986-07-09,10.82,,,,
1986-07-10,0.0,,,,
1986-07-11,0.0,,,,
1986-07-12,0.0,,,,
1986-07-13,0.0,,,,
1986-07-14,0.0,,,,
1986-07-15,0.0,,,,
1986-07-16,0.0,,,,
1986-07-17,0.0,,,,
1986-07-18,0.0,,,,
1986-07-19,0.0,,,,
1986-07-20,0.0,,,,
1986-07-21,0.0,,,,
1986-07-22,0.0,,,,
1986-07-23,0.0,,,,
1986-07-24,0.0,,,,
1986-07-25,0.0,,,,
1986-07-26,0.0,,,,
1986-07-27,0.0,,,,
1986-07-28,0.0,,,,
1986-07-29,0.01,,,,
1986-07-30,0.0,,,,
1986-07-31,3.23,,,,
1986-08-01,15.4,,,,
1986-08-02,1.02,,,,
1986-08-03,2.83,,,,
1986-08-04,8.31,,,,
1986-08-05,18.04,,,,
1986-08-06,0.0,,,,
1986-08-07,1.39,,,,
1986-08-08,11.61,,,,
1986-08-09,0.0,,,,
1986-08-10,0.0,,,,
1986-08-11,0.0,,,,
1986-08-12,0.0,,,,
1986-08-13,0.0,,,,
1986-08-14,0.0,,,,
1986-08-15,0.0,,,,
1986-08-16,0.0,,,,
1986-08-17,3.98,,,,
1986-08-18,0.0,,,,
1986-08-19,0.0,,,,
1986-08-20,0.0,,,,
1986-08-21,0.0,,,,
1986-08-22,0.0,,,,
1986-08-23,0.0,,,,
1986-08-24,0.0,,,,
1986-08-25,0.45,,,,
1986-08-26,0.02,,,,
1986-08-27,0.0,,,,
1986-08-28,0.0,,,,
1986-08-29,0.0,,,,
1986-08-30,0.0,,,,
1986-08-31,0.01,,,,
1986-09-01,0.33,,,,
1986-09-02,11.31,,,,
1986-09-03,0.79,,,,
1986-09-04,0.0,,,,
1986-09-05,0.0,,,,
1986-09-06,0.2,,,,
1986-09-07,5.53,,,,
1986-09-08,0.09,,,,
1986-09-09,0.2,,,,
1986-09-10,0.21,,,,
1986-09-11,3.03,,,,
1986-09-12,20.09,,,,
1986-09-13,1.48,,,,
1986-09-14,0.39,,,,
1986-09-15,0.43,,,,
1986-09-16,0.0,,,,
1986-09-17,0.51,,,,
1986-09-18,0.01,,,,
1986-09-19,0.0,,,,
1986-09-20,0.0,,,,
1986-09-21,0.12,,,,
1986-09-22,0.0,,,,
1986-09-23,0.02,,,,
1986-09-24,5.94,,,,
1986-09-25,0.94,,,,
1986-09-26,1.65,,,,
1986-09-27,0.04,,,,
1986-09-28,1.15,,,,
1986-09-29,0.0,,,,
1986-09-30,0.0,,,,
1986-10-01,0.0,,,,
1986-10-02,0.0,,,,
1986-10-03,0.0,,,,
1986-10-04,0.0,,,,
1986-10-05,0.0,,,,
1986-10-06,0.0,,,,
1986-10-07,0.49,,,,
1986-10-08,1.72,,,,
1986-10-09,0.0,,,,
1986-10-10,0.0,,,,
1986-10-11,0.0,,,,
1986-10-12,0.0,,,,
1986-10-13,0.0,,,,
1986-10-14,0.0,,,,
1986-10-15,0.0,,,,
1986-10-16,0.0,,,,
1986-10-17,0.0,,,,
1986-10-18,0.0,,,,
1986-10-19,0.0,,,,
1986-10-20,0.0,,,,
1986-10-21,0.0,,,,
1986-10-22,0.0,,,,
1986-10-23,0.0,,,,
1986-10-24,0.0,,,,
1986-10-25,0.0,,,,
1986-10-26,0.01,,,,
1986-10-27,0.0,,,,
1986-10-28,0.0,,,,
1986-10-29,0.0,,,,
1986-10-30,0.0,,,,
1986-10-31,0.0,,,,
1986-11-01,0.0,,,,
1986-11-02,0.0,,,,
1986-11-03,0.0,,,,
1986-11-04,0.0,,,,
1986-11-05,0.0,,,,
1986-11-06,0.0,,,,
1986-11-07,0.03,,,,
1986-11-08,0.0,,,,
1986-11-09,0.0,,,,
1986-11-10,0.0,,,,
1986-11-11,0.0,,,,
1986-11-12,0.0,,,,
1986-11-13,0.0,,,,
1986-11-14,0.0,,,,
1986-11-15,0.0,,,,
1986-11-16,0.0,,,,
1986-11-17,0.0,,,,
1986-11-18,0.01,,,,
1986-11-19,0.0,,,,
1986-11-20,0.0,,,,
1986-11-21,0.0,,,,
1986-11-22,0.0,,,,
1986-11-23,0.0,,,,
1986-11-24,0.0,,,,
1986-11-25,0.0,,,,
1986-11-26,0.0,,,,
1986-11-27,0.0,,,,
1986-11-28,0.0,,,,
1986-11-29,0.03,,,,
1986-11-30,0.03,,,,
1986-12-01,0.0,,,,
1986-12-02,0.0,,,,
1986-12-03,0.0,,,,
1986-12-04,0.0,,,,
1986-12-05,0.01,,,,
1986-12-06,0.01,,,,
1986-12-07,0.01,,,,
1986-12-08,0.0,,,,
1986-12-09,0.0,,,,
1986-12-10,0.0,,,,
1986-12-11,0.0,,,,
1986-12-12,0.0,,,,
1986-12-13,0.0,,,,
1986-12-14,0.0,,,,
1986-12-15,0.0,,,,
1986-12-16,0.0,,,,
1986-12-17,0.0,,,,
1986-12-18,0.03,,,,
1986-12-19,0.0,,,,
1986-12-20,0.0,,,,
1986-12-21,0.0,,,,
1986-12-22,0.0,,,,
1986-12-23,0.0,,,,
1986-12-24,0.0,,,,
1986-12-25,0.0,,,,
1986-12-26,0.0,,,,
1986-12-27,0.0,,,,
1986-12-28,0.0,,,,
1986-12-29,0.0,,,,
1986-12-30,0.0,,,,
1986-12-31,0.0,,,,
1987-01-01,0.0,,,,
1987-01-02,0.0,,,,
1987-01-03,0.0,,,,
1987-01-04,0.0,,,,
1987-01-05,0.0,,,,
1987-01-06,0.0,,,,
1987-01-07,0.0,,,,
1987-01-08,0.0,,,,
1987-01-09,0.0,,,,
1987-01-10,0.0,,,,
1987-01-11,0.0,,,,
1987-01-12,0.0,,,,
1987-01-13,0.0,,,,
1987-01-14,0.0,,,,
1987-01-15,0.0,,,,
1987-01-16,0.0,,,,
1987-01-17,0.0,,,,
1987-01-18,0.0,,,,
1987-01-19,0.0,,,,
1987-01-20,0.0,,,,
1987-01-21,0.0,,,,
1987-01-22,0.0,,,,
1987-01-23,0.0,,,,
1987-01-24,0.0,,,,
1987-01-25,0.0,,,,
1987-01-26,0.0,,,,
1987-01-27,0.0,,,,
1987-01-28,0.0,,,,
1987-01-29,0.0,,,,
1987-01-30,0.0,,,,
1987-01-31,0.0,,,,
1987-02-01,0.0,,,,
1987-02-02,0.0,,,,
1987-02-03,0.0,,,,
1987-02-04,0.0,,,,
1987-02-05,0.0,,,,
1987-02-06,0.0,,,,
1987-02-07,0.0,,,,
1987-02-08,0.0,,,,
1987-02-09,0.0,,,,
1987-02-10,0.0,,,,
1987-02-11,0.0,,,,
1987-02-12,0.0,,,,
1987-02-13,0.0,,,,
1987-02-14,0.0,,,,
1987-02-15,0.0,,,,
1987-02-16,0.0,,,,
1987-02-17,0.0,,,,
1987-02-18,0.0,,,,
1987-02-19,0.0,,,,
1987-02-20,0.0,,,,
1987-02-21,0.0,,,,
1987-02-22,0.0,,,,
1987-02-23,0.0,,,,
1987-02-24,0.0,,,,
1987-02-25,0.0,,,,
1987-02-26,0.0,,,,
1987-02-27,0.0,,,,
1987-02-28,0.0,,,,
1987-03-01,0.0,,,,
1987-03-02,0.0,,,,
1987-03-03,0.0,,,,
1987-03-04,0.0,,,,
1987-03-05,0.0,,,,
1987-03-06,0.0,,,,
1987-03-07,0.0,,,,
1987-03-08,0.0,,,,
1987-03-09,0.0,,,,
1987-03-10,0.0,,,,
1987-03-11,0.0,,,,
1987-03-12,0.0,,,,
1987-03-13,0.0,,,,
1987-03-14,0.0,,,,
1987-03-15,0.0,,,,
1987-03-16,0.0,,,,
1987-03-17,0.0,,,,
1987-03-18,0.0,,,,
1987-03-19,0.0,,,,
1987-03-20,0.0,,,,
1987-03-21,0.0,,,,
1987-03-22,0.0,,,,
1987-03-23,0.0,,,,
1987-03-24,0.0,,,,
1987-03-25,0.0,,,,
1987-03-26,0.0,,,,
1987-03-27,0.0,,,,
1987-03-28,0.0,,,,
1987-03-29,0.0,,,,
1987-03-30,0.0,,,,
1987-03-31,0.0,,,,
1987-04-01,0.0,,,,
1987-04-02,0.0,,,,
1987-04-03,0.0,,,,
1987-04-04,0.0,,,,
1987-04-05,0.0,,,,
1987-04-06,0.0,,,,
1987-04-07,0.0,,,,
1987-04-08,0.0,,,,
1987-04-09,0.0,,,,
1987-04-10,0.0,,,,
1987-04-11,0.0,,,,
1987-04-12,0.0,,,,
1987-04-13,0.0,,,,
1987-04-14,0.0,,,,
1987-04-15,0.0,,,,
1987-04-16,0.0,,,,
1987-04-17,0.0,,,,
1987-04-18,0.0,,,,
1987-04-19,0.0,,,,
1987-04-20,0.0,,,,
1987-04-21,0.0,,,,
1987-04-22,0.0,,,,
1987-04-23,0.0,,,,
1987-04-24,0.0,,,,
1987-04-25,0.0,,,,
1987-04-26,0.0,,,,
1987-04-27,0.0,,,,
1987-04-28,0.0,,,,
1987-04-29,0.0,,,,
1987-04-30,0.0,,,,
1987-05-01,0.0,,,,
1987-05-02,0.0,,,,
1987-05-03,0.0,,,,
1987-05-04,0.0,,,,
1987-05-05,0.0,,,,
1987-05-06,0.0,,,,
1987-05-07,0.0,,,,
1987-05-08,0.0,,,,
1987-05-09,0.0,,,,
1987-05-10,0.0,,,,
1987-05-11,0.0,,,,
1987-05-12,0.0,,,,
1987-05-13,0.0,,,,
1987-05-14,0.0,,,,
1987-05-15,0.0,,,,
1987-05-16,0.0,,,,
1987-05-17,0.0,,,,
1987-05-18,0.0,,,,
1987-05-19,0.0,,,,
1987-05-20,0.0,,,,
1987-05-21,0.0,,,,
1987-05-22,0.0,,,,
1987-05-23,0.0,,,,
1987-05-24,0.0,,,,
1987-05-25,0.0,,,,
1987-05-26,0.0,,,,
1987-05-27,0.0,,,,
1987-05-28,0.0,,,,
1987-05-29,0.0,,,,
1987-05-30,0.0,,,,
1987-05-31,0.0,,,,
1987-06-01,0.0,,,,
1987-06-02,0.0,,,,
1987-06-03,0.0,,,,
1987-06-04,0.0,,,,
1987-06-05,0.0,,,,
1987-06-06,0.0,,,,
1987-06-07,0.0,,,,
1987-06-08,0.0,,,,
1987-06-09,0.01,,,,
1987-06-10,0.0,,,,
1987-06-11,0.5,,,,
1987-06-12,0.0,,,,
1987-06-13,0.0,,,,
1987-06-14,0.0,,,,
1987-06-15,0.0,,,,
1987-06-16,0.0,,,,
1987-06-17,0.0,,,,
1987-06-18,0.0,,,,
1987-06-19,0.0,,,,
1987-06-20,0.0,,,,
1987-06-21,0.5,,,,
1987-06-22,0.0,,,,
1987-06-23,0.0,,,,
1987-06-24,0.0,,,,
1987-06-25,0.0,,,,
1987-06-26,0.0,,,,
1987-06-27,0.0,,,,
1987-06-28,0.0,,,,
1987-06-29,0.0,,,,
1987-06-30,0.0,,,,
1987-07-01,0.0,,,,
1987-07-02,0.0,,,,
1987-07-03,0.0,,,,
1987-07-04,0.0,,,,
1987-07-05,0.0,,,,
1987-07-06,0.0,,,,
1987-07-07,0.0,,,,
1987-07-08,0.03,,,,
1987-07-09,0.0,,,,
1987-07-10,0.0,,,,
1987-07-11,0.0,,,,
1987-07-12,0.0,,,,
1987-07-13,0.0,,,,
1987-07-14,0.0,,,,
1987-07-15,0.47,,,,
1987-07-16,0.4,,,,
1987-07-17,0.0,,,,
1987-07-18,0.0,,,,
1987-07-19,26.03,,,,
1987-07-20,9.76,,,,
1987-07-21,0.0,,,,
1987-07-22,0.0,,,,
1987-07-23,0.43,,,,
1987-07-24,0.0,,,,
1987-07-25,0.0,,,,
1987-07-26,0.0,,,,
1987-07-27,0.4,,,,
1987-07-28,0.64,,,,
1987-07-29,2.15,,,,
1987-07-30,0.0,,,,
1987-07-31,0.0,,,,
1987-08-01,0.0,,,,
1987-08-02,0.11,,,,
1987-08-03,6.71,,,,
1987-08-04,0.0,,,,
1987-08-05,0.0,,,,
1987-08-06,4.96,,,,
1987-08-07,0.0,,,,
1987-08-08,1.99,,,,
1987-08-09,0.0,,,,
1987-08-10,0.0,,,,
1987-08-11,0.0,,,,
1987-08-12,0.0,,,,
1987-08-13,0.0,,,,
1987-08-14,0.0,,,,
1987-08-15,0.0,,,,
1987-08-16,0.0,,,,
1987-08-17,0.0,,,,
1987-08-18,0.0,,,,
1987-08-19,0.0,,,,
1987-08-20,0.0,,,,
1987-08-21,0.03,,,,
1987-08-22,0.63,,,,
1987-08-23,2.69,,,,
1987-08-24,25.86,,,,
1987-08-25,0.2,,,,
1987-08-26,0.0,,,,
1987-08-27,0.0,,,,
1987-08-28,0.03,,,,
1987-08-29,1.46,,,,
1987-08-30,0.04,,,,
1987-08-31,0.0,,,,
1987-09-01,0.0,,,,
1987-09-02,0.0,,,,
1987-09-03,0.0,,,,
1987-09-04,16.85,,,,
1987-09-05,0.0,,,,
1987-09-06,0.36,,,,
1987-09-07,2.81,,,,
1987-09-08,0.0,,,,
1987-09-09,0.0,,,,
1987-09-10,0.18,,,,
1987-09-11,0.38,,,,
1987-09-12,0.92,,,,
1987-09-13,0.0,,,,
1987-09-14,0.0,,,,
1987-09-15,0.0,,,,
1987-09-16,0.16,,,,
1987-09-17,3.18,,,,
1987-09-18,0.04,,,,
1987-09-19,0.0,,,,
1987-09-20,0.0,,,,
1987-09-21,0.0,,,,
1987-09-22,0.0,,,,
1987-09-23,1.15,,,,
1987-09-24,5.07,,,,
1987-09-25,0.0,,,,
1987-09-26,5.28,,,,
1987-09-27,15.12,,,,
1987-09-28,5.02,,,,
1987-09-29,10.16,,,,
1987-09-30,1.74,,,,
1987-10-01,0.0,,,,
1987-10-02,0.0,,,,
1987-10-03,0.0,,,,
1987-10-04,1.71,,,,
1987-10-05,0.0,,,,
1987-10-06,0.0,,,,
1987-10-07,0.0,,,,
1987-10-08,0.0,,,,
1987-10-09,0.0,,,,
1987-10-10,0.0,,,,
1987-10-11,0.0,,,,
1987-10-12,1.1,,,,
1987-10-13,0.0,,,,
1987-10-14,0.0,,,,
1987-10-15,0.0,,,,
1987-10-16,0.01,,,,
1987-10-17,5.71,,,,
1987-10-18,0.0,,,,
1987-10-19,0.0,,,,
1987-10-20,0.0,,,,
1987-10-21,0.0,,,,
1987-10-22,0.0,,,,
1987-10-23,0.0,,,,
1987-10-24,0.0,,,,
1987-10-25,0.0,,,,
1987-10-26,0.0,,,,
1987-10-27,0.0,,,,
1987-10-28,0.0,,,,
1987-10-29,0.0,,,,
1987-10-30,0.0,,,,
1987-10-31,0.72,,,,
1987-11-01,0.0,,,,
1987-11-02,0.0,,,,
1987-11-03,0.0,,,,
1987-11-04,0.0,,,,
1987-11-05,0.0,,,,
1987-11-06,0.0,,,,
1987-11-07,0.0,,,,
1987-11-08,0.0,,,,
1987-11-09,0.0,,,,
1987-11-10,0.0,,,,
1987-11-11,0.0,,,,
1987-11-12,0.0,,,,
1987-11-13,0.0,,,,
1987-11-14,0.0,,,,
1987-11-15,0.01,,,,
1987-11-16,0.0,,,,
1987-11-17,0.0,,,,
1987-11-18,0.0,,,,
1987-11-19,0.0,,,,
1987-11-20,0.0,,,,
1987-11-21,0.0,,,,
1987-11-22,0.0,,,,
1987-11-23,0.0,,,,
1987-11-24,0.0,,,,
1987-11-25,0.0,,,,
1987-11-26,0.0,,,,
1987-11-27,0.0,,,,
1987-11-28,0.0,,,,
1987-11-29,0.0,,,,
1987-11-30,0.0,,,,
1987-12-01,0.0,,,,
1987-12-02,0.0,,,,
1987-12-03,0.0,,,,
1987-12-04,0.0,,,,
1987-12-05,0.0,,,,
1987-12-06,0.0,,,,
1987-12-07,0.0,,,,
1987-12-08,0.0,,,,
1987-12-09,0.0,,,,
1987-12-10,0.0,,,,
1987-12-11,0.0,,,,
1987-12-12,0.0,,,,
1987-12-13,0.0,,,,
1987-12-14,0.0,,,,
1987-12-15,0.0,,,,
1987-12-16,0.0,,,,
1987-12-17,0.0,,,,
1987-12-18,0.0,,,,
1987-12-19,0.0,,,,
1987-12-20,0.0,,,,
1987-12-21,0.0,,,,
1987-12-22,0.0,,,,
1987-12-23,0.0,,,,
1987-12-24,0.0,,,,
1987-12-25,0.0,,,,
1987-12-26,0.0,,,,
1987-12-27,0.0,,,,
1987-12-28,0.0,,,,
1987-12-29,0.0,,,,
1987-12-30,0.0,,,,
1987-12-31,0.0,,,,
1988-01-01,0.0,,,,
1988-01-02,0.0,,,,
1988-01-03,0.0,,,,
1988-01-04,0.0,,,,
1988-01-05,0.0,,,,
1988-01-06,0.0,,,,
1988-01-07,0.0,,,,
1988-01-08,0.08,,,,
1988-01-09,0.0,,,,
1988-01-10,0.0,,,,
1988-01-11,0.0,,,,
1988-01-12,0.0,,,,
1988-01-13,0.0,,,,
1988-01-14,0.0,,,,
1988-01-15,0.0,,,,
1988-01-16,0.0,,,,
1988-01-17,0.0,,,,
1988-01-18,0.0,,,,
1988-01-19,0.0,,,,
1988-01-20,0.0,,,,
1988-01-21,0.0,,,,
1988-01-22,0.0,,,,
1988-01-23,0.0,,,,
1988-01-24,0.0,,,,
1988-01-25,0.0,,,,
1988-01-26,0.0,,,,
1988-01-27,0.0,,,,
1988-01-28,0.0,,,,
1988-01-29,0.0,,,,
1988-01-30,0.0,,,,
1988-01-31,0.0,,,,
1988-02-01,0.0,,,,
1988-02-02,0.0,,,,
1988-02-03,0.0,,,,
1988-02-04,0.0,,,,
1988-02-05,0.0,,,,
1988-02-06,0.0,,,,
1988-02-07,0.0,,,,
1988-02-08,0.0,,,,
1988-02-09,0.0,,,,
1988-02-10,0.0,,,,
1988-02-11,0.0,,,,
1988-02-12,0.0,,,,
1988-02-13,0.0,,,,
1988-02-14,0.0,,,,
1988-02-15,0.04,,,,
1988-02-16,0.0,,,,
1988-02-17,0.0,,,,
1988-02-18,0.0,,,,
1988-02-19,0.0,,,,
1988-02-20,0.0,,,,
1988-02-21,0.0,,,,
1988-02-22,0.0,,,,
1988-02-23,0.0,,,,
1988-02-24,0.0,,,,
1988-02-25,0.01,,,,
1988-02-26,0.0,,,,
1988-02-27,0.0,,,,
1988-02-28,0.0,,,,
1988-02-29,0.0,,,,
1988-03-01,0.0,,,,
1988-03-02,0.0,,,,
1988-03-03,0.0,,,,
1988-03-04,0.0,,,,
1988-03-05,0.0,,,,
1988-03-06,0.0,,,,
1988-03-07,0.0,,,,
1988-03-08,0.0,,,,
1988-03-09,0.0,,,,
1988-03-10,0.0,,,,
1988-03-11,0.0,,,,
1988-03-12,0.0,,,,
1988-03-13,0.0,,,,
1988-03-14,0.0,,,,
1988-03-15,0.0,,,,
1988-03-16,0.0,,,,
1988-03-17,0.0,,,,
1988-03-18,0.0,,,,
1988-03-19,0.0,,,,
1988-03-20,0.0,,,,
1988-03-21,0.0,,,,
1988-03-22,0.0,,,,
1988-03-23,0.0,,,,
1988-03-24,0.0,,,,
1988-03-25,0.0,,,,
1988-03-26,0.0,,,,
1988-03-27,0.0,,,,
1988-03-28,0.0,,,,
1988-03-29,0.0,,,,
1988-03-30,0.0,,,,
1988-03-31,0.0,,,,
1988-04-01,0.0,,,,
1988-04-02,0.0,,,,
1988-04-03,0.0,,,,
1988-04-04,0.0,,,,
1988-04-05,0.0,,,,
1988-04-06,0.0,,,,
1988-04-07,0.0,,,,
1988-04-08,0.0,,,,
1988-04-09,0.0,,,,
1988-04-10,0.0,,,,
1988-04-11,0.0,,,,
1988-04-12,0.0,,,,
1988-04-13,0.0,,,,
1988-04-14,0.0,,,,
1988-04-15,0.0,,,,
1988-04-16,0.0,,,,
1988-04-17,0.0,,,,
1988-04-18,0.0,,,,
1988-04-19,0.0,,,,
1988-04-20,0.0,,,,
1988-04-21,0.0,,,,
1988-04-22,0.0,,,,
1988-04-23,0.0,,,,
1988-04-24,0.0,,,,
1988-04-25,0.0,,,,
1988-04-26,0.0,,,,
1988-04-27,0.0,,,,
1988-04-28,0.0,,,,
1988-04-29,0.0,,,,
1988-04-30,0.0,,,,
1988-05-01,0.0,,,,
1988-05-02,0.0,,,,
1988-05-03,0.0,,,,
1988-05-04,0.0,,,,
1988-05-05,0.0,,,,
1988-05-06,0.0,,,,
1988-05-07,0.0,,,,
1988-05-08,0.0,,,,
1988-05-09,0.0,,,,
1988-05-10,0.0,,,,
1988-05-11,0.0,,,,
1988-05-12,0.0,,,,
1988-05-13,0.0,,,,
1988-05-14,0.0,,,,
1988-05-15,0.0,,,,
1988-05-16,0.0,,,,
1988-05-17,0.0,,,,
1988-05-18,0.0,,,,
1988-05-19,0.0,,,,
1988-05-20,0.0,,,,
1988-05-21,0.0,,,,
1988-05-22,0.0,,,,
1988-05-23,0.0,,,,
1988-05-24,0.0,,,,
1988-05-25,0.0,,,,
1988-05-26,0.0,,,,
1988-05-27,0.0,,,,
1988-05-28,0.0,,,,
1988-05-29,0.0,,,,
1988-05-30,0.0,,,,
1988-05-31,0.0,,,,
1988-06-01,0.0,,,,
1988-06-02,0.0,,,,
1988-06-03,0.0,,,,
1988-06-04,0.0,,,,
1988-06-05,0.0,,,,
1988-06-06,0.0,,,,
1988-06-07,0.0,,,,
1988-06-08,0.0,,,,
1988-06-09,0.0,,,,
1988-06-10,0.0,,,,
1988-06-11,0.0,,,,
1988-06-12,0.0,,,,
1988-06-13,0.0,,,,
1988-06-14,0.0,,,,
1988-06-15,0.0,,,,
1988-06-16,0.0,,,,
1988-06-17,0.0,,,,
1988-06-18,0.0,,,,
1988-06-19,0.38,,,,
1988-06-20,0.0,,,,
1988-06-21,0.0,,,,
1988-06-22,0.0,,,,
1988-06-23,0.0,,,,
1988-06-24,0.0,,,,
1988-06-25,0.0,,,,
1988-06-26,0.0,,,,
1988-06-27,0.0,,,,
1988-06-28,0.0,,,,
1988-06-29,0.0,,,,
1988-06-30,0.0,,,,
1988-07-01,0.0,,,,
1988-07-02,0.0,,,,
1988-07-03,0.0,,,,
1988-07-04,0.0,,,,
1988-07-05,0.0,,,,
1988-07-06,0.0,,,,
1988-07-07,0.0,,,,
1988-07-08,0.0,,,,
1988-07-09,0.0,,,,
1988-07-10,0.0,,,,
1988-07-11,0.63,,,,
1988-07-12,0.01,,,,
1988-07-13,0.0,,,,
1988-07-14,0.0,,,,
1988-07-15,0.0,,,,
1988-07-16,0.13,,,,
1988-07-17,0.0,,,,
1988-07-18,0.0,,,,
1988-07-19,0.0,,,,
1988-07-20,0.0,,,,
1988-07-21,0.0,,,,
1988-07-22,0.0,,,,
1988-07-23,0.16,,,,
1988-07-24,1.58,,,,
1988-07-25,0.0,,,,
1988-07-26,0.0,,,,
1988-07-27,0.0,,,,
1988-07-28,0.02,,,,
1988-07-29,0.02,,,,
1988-07-30,0.0,,,,
1988-07-31,0.0,,,,
1988-08-01,10.7,,,,
1988-08-02,3.76,,,,
1988-08-03,9.52,,,,
1988-08-04,0.0,,,,
1988-08-05,0.0,,,,
1988-08-06,0.0,,,,
1988-08-07,0.46,,,,
1988-08-08,0.11,,,,
1988-08-09,0.0,,,,
1988-08-10,0.0,,,,
1988-08-11,0.0,,,,
1988-08-12,0.0,,,,
1988-08-13,0.1,,,,
1988-08-14,9.64,,,,
1988-08-15,0.0,,,,
1988-08-16,7.75,,,,
1988-08-17,28.5,,,,
1988-08-18,8.11,,,,
1988-08-19,2.7,,,,
1988-08-20,3.25,,,,
1988-08-21,10.85,,,,
1988-08-22,5.33,,,,
1988-08-23,0.24,,,,
1988-08-24,0.04,,,,
1988-08-25,0.01,,,,
1988-08-26,3.02,,,,
1988-08-27,0.34,,,,
1988-08-28,0.05,,,,
1988-08-29,0.0,,,,
1988-08-30,15.82,,,,
1988-08-31,6.32,,,,
1988-09-01,5.01,,,,
1988-09-02,0.0,,,,
1988-09-03,0.0,,,,
1988-09-04,3.36,,,,
1988-09-05,0.1,,,,
1988-09-06,0.49,,,,
1988-09-07,1.33,,,,
1988-09-08,0.0,,,,
1988-09-09,0.01,,,,
1988-09-10,0.0,,,,
1988-09-11,6.34,,,,
1988-09-12,6.56,,,,
1988-09-13,0.0,,,,
1988-09-14,0.8,,,,
1988-09-15,0.07,,,,
1988-09-16,7.44,,,,
1988-09-17,0.0,,,,
1988-09-18,0.05,,,,
1988-09-19,0.0,,,,
1988-09-20,2.66,,,,
1988-09-21,2.17,,,,
1988-09-22,0.0,,,,
1988-09-23,0.0,,,,
1988-09-24,0.0,,,,
1988-09-25,0.0,,,,
1988-09-26,0.0,,,,
1988-09-27,0.24,,,,
1988-09-28,0.0,,,,
1988-09-29,0.0,,,,
1988-09-30,0.0,,,,
1988-10-01,0.0,,,,
1988-10-02,0.0,,,,
1988-10-03,0.0,,,,
1988-10-04,0.0,,,,
1988-10-05,0.0,,,,
1988-10-06,0.0,,,,
1988-10-07,0.0,,,,
1988-10-08,0.0,,,,
1988-10-09,0.0,,,,
1988-10-10,0.09,,,,
1988-10-11,0.0,,,,
1988-10-12,0.0,,,,
1988-10-13,0.0,,,,
1988-10-14,0.0,,,,
1988-10-15,0.0,,,,
1988-10-16,0.0,,,,
1988-10-17,0.0,,,,
1988-10-18,0.0,,,,
1988-10-19,0.0,,,,
1988-10-20,0.0,,,,
1988-10-21,0.0,,,,
1988-10-22,0.0,,,,
1988-10-23,0.0,,,,
1988-10-24,0.0,,,,
1988-10-25,0.0,,,,
1988-10-26,0.0,,,,
1988-10-27,0.0,,,,
1988-10-28,0.0,,,,
1988-10-29,0.0,,,,
1988-10-30,0.0,,,,
1988-10-31,0.0,,,,
1988-11-01,0.01,,,,
1988-11-02,0.01,,,,
1988-11-03,0.0,,,,
1988-11-04,0.0,,,,
1988-11-05,0.0,,,,
1988-11-06,0.0,,,,
1988-11-07,0.0,,,,
1988-11-08,0.0,,,,
1988-11-09,0.0,,,,
1988-11-10,0.03,,,,
1988-11-11,0.0,,,,
1988-11-12,0.0,,,,
1988-11-13,0.0,,,,
1988-11-14,0.0,,,,
1988-11-15,0.0,,,,
1988-11-16,0.0,,,,
1988-11-17,0.0,,,,
1988-11-18,0.0,,,,
1988-11-19,0.0,,,,
1988-11-20,0.0,,,,
1988-11-21,0.0,,,,
1988-11-22,0.0,,,,
1988-11-23,0.0,,,,
1988-11-24,0.0,,,,
1988-11-25,0.0,,,,
1988-11-26,0.0,,,,
1988-11-27,0.0,,,,
1988-11-28,0.0,,,,
1988-11-29,0.0,,,,
1988-11-30,0.0,,,,
1988-12-01,0.0,,,,
1988-12-02,0.0,,,,
1988-12-03,0.0,,,,
1988-12-04,0.0,,,,
1988-12-05,0.0,,,,
1988-12-06,0.0,,,,
1988-12-07,0.0,,,,
1988-12-08,0.0,,,,
1988-12-09,0.0,,,,
1988-12-10,0.0,,,,
1988-12-11,0.0,,,,
1988-12-12,0.0,,,,
1988-12-13,0.0,,,,
1988-12-14,0.0,,,,
1988-12-15,0.0,,,,
1988-12-16,0.0,,,,
1988-12-17,0.0,,,,
1988-12-18,0.0,,,,
1988-12-19,0.0,,,,
1988-12-20,0.0,,,,
1988-12-21,0.0,,,,
1988-12-22,0.0,,,,
1988-12-23,0.0,,,,
1988-12-24,0.0,,,,
1988-12-25,0.0,,,,
1988-12-26,0.0,,,,
1988-12-27,0.0,,,,
1988-12-28,0.0,,,,
1988-12-29,0.0,,,,
1988-12-30,0.0,,,,
1988-12-31,0.0,,,,
1989-01-01,0.0,,,,
1989-01-02,0.0,,,,
1989-01-03,0.0,,,,
1989-01-04,0.0,,,,
1989-01-05,0.0,,,,
1989-01-06,0.0,,,,
1989-01-07,0.0,,,,
1989-01-08,0.02,,,,
1989-01-09,0.0,,,,
1989-01-10,0.0,,,,
1989-01-11,0.0,,,,
1989-01-12,0.0,,,,
1989-01-13,0.0,,,,
1989-01-14,0.0,,,,
1989-01-15,0.0,,,,
1989-01-16,0.0,,,,
1989-01-17,0.0,,,,
1989-01-18,0.0,,,,
1989-01-19,0.02,,,,
1989-01-20,0.0,,,,
1989-01-21,0.0,,,,
1989-01-22,0.0,,,,
1989-01-23,0.0,,,,
1989-01-24,0.04,,,,
1989-01-25,0.03,,,,
1989-01-26,0.04,,,,
1989-01-27,0.02,,,,
1989-01-28,0.0,,,,
1989-01-29,0.0,,,,
1989-01-30,0.0,,,,
1989-01-31,0.0,,,,
1989-02-01,0.0,,,,
1989-02-02,0.04,,,,
1989-02-03,0.0,,,,
1989-02-04,0.0,,,,
1989-02-05,0.0,,,,
1989-02-06,0.0,,,,
1989-02-07,0.0,,,,
1989-02-08,0.0,,,,
1989-02-09,0.0,,,,
1989-02-10,0.0,,,,
1989-02-11,0.0,,,,
1989-02-12,0.01,,,,
1989-02-13,0.0,,,,
1989-02-14,0.05,,,,
1989-02-15,0.09,,,,
1989-02-16,0.07,,,,
1989-02-17,0.02,,,,
1989-02-18,0.02,,,,
1989-02-19,0.0,,,,
1989-02-20,0.0,,,,
1989-02-21,0.0,,,,
1989-02-22,0.0,,,,
1989-02-23,0.0,,,,
1989-02-24,0.0,,,,
1989-02-25,0.0,,,,
1989-02-26,0.0,,,,
1989-02-27,0.0,,,,
1989-02-28,0.0,,,,
1989-03-01,0.0,,,,
1989-03-02,0.0,,,,
1989-03-03,0.0,,,,
1989-03-04,0.0,,,,
1989-03-05,0.0,,,,
1989-03-06,0.0,,,,
1989-03-07,0.0,,,,
1989-03-08,0.0,,,,
1989-03-09,0.0,,,,
1989-03-10,0.0,,,,
1989-03-11,0.0,,,,
1989-03-12,0.0,,,,
1989-03-13,0.0,,,,
1989-03-14,0.0,,,,
1989-03-15,0.0,,,,
1989-03-16,0.0,,,,
1989-03-17,0.0,,,,
1989-03-18,0.0,,,,
1989-03-19,0.0,,,,
1989-03-20,0.0,,,,
1989-03-21,0.0,,,,
1989-03-22,0.02,,,,
1989-03-23,0.0,,,,
1989-03-24,0.0,,,,
1989-03-25,0.0,,,,
1989-03-26,0.0,,,,
1989-03-27,0.0,,,,
1989-03-28,0.0,,,,
1989-03-29,0.0,,,,
1989-03-30,0.0,,,,
1989-03-31,0.0,,,,
1989-04-01,0.0,,,,
1989-04-02,0.0,,,,
1989-04-03,0.0,,,,
1989-04-04,0.0,,,,
1989-04-05,0.0,,,,
1989-04-06,0.0,,,,
1989-04-07,0.0,,,,
1989-04-08,0.0,,,,
1989-04-09,0.0,,,,
1989-04-10,0.0,,,,
1989-04-11,0.0,,,,
1989-04-12,0.0,,,,
1989-04-13,0.0,,,,
1989-04-14,0.05,,,,
1989-04-15,0.0,,,,
1989-04-16,0.0,,,,
1989-04-17,0.0,,,,
1989-04-18,0.0,,,,
1989-04-19,0.0,,,,
1989-04-20,0.0,,,,
1989-04-21,0.0,,,,
1989-04-22,0.0,,,,
1989-04-23,0.0,,,,
1989-04-24,0.0,,,,
1989-04-25,0.0,,,,
1989-04-26,0.01,,,,
1989-04-27,0.0,,,,
1989-04-28,0.0,,,,
1989-04-29,0.0,,,,
1989-04-30,0.0,,,,
1989-05-01,0.0,,,,
1989-05-02,0.0,,,,
1989-05-03,0.0,,,,
1989-05-04,0.0,,,,
1989-05-05,0.0,,,,
1989-05-06,0.0,,,,
1989-05-07,0.0,,,,
1989-05-08,0.0,,,,
1989-05-09,0.0,,,,
1989-05-10,0.0,,,,
1989-05-11,0.0,,,,
1989-05-12,0.0,,,,
1989-05-13,0.0,,,,
1989-05-14,0.0,,,,
1989-05-15,0.0,,,,
1989-05-16,0.0,,,,
1989-05-17,0.0,,,,
1989-05-18,0.0,,,,
1989-05-19,0.0,,,,
1989-05-20,0.0,,,,
1989-05-21,0.0,,,,
1989-05-22,0.0,,,,
1989-05-23,0.0,,,,
1989-05-24,0.0,,,,
1989-05-25,0.0,,,,
1989-05-26,0.0,,,,
1989-05-27,0.0,,,,
1989-05-28,0.0,,,,
1989-05-29,0.0,,,,
1989-05-30,0.0,,,,
1989-05-31,0.0,,,,
1989-06-01,0.0,,,,
1989-06-02,0.35,,,,
1989-06-03,0.0,,,,
1989-06-04,0.0,,,,
1989-06-05,0.0,,,,
1989-06-06,0.0,,,,
1989-06-07,0.0,,,,
1989-06-08,0.0,,,,
1989-06-09,0.0,,,,
1989-06-10,0.0,,,,
1989-06-11,0.0,,,,
1989-06-12,0.0,,,,
1989-06-13,0.07,,,,
1989-06-14,0.0,,,,
1989-06-15,0.0,,,,
1989-06-16,1.24,,,,
1989-06-17,6.92,,,,
1989-06-18,0.02,,,,
1989-06-19,0.0,,,,
1989-06-20,0.0,,,,
1989-06-21,0.0,,,,
1989-06-22,0.0,,,,
1989-06-23,0.0,,,,
1989-06-24,0.0,,,,
1989-06-25,0.0,,,,
1989-06-26,0.0,,,,
1989-06-27,9.18,,,,
1989-06-28,0.0,,,,
1989-06-29,0.0,,,,
1989-06-30,0.01,,,,
1989-07-01,0.02,,,,
1989-07-02,0.0,,,,
1989-07-03,0.0,,,,
1989-07-04,0.13,,,,
1989-07-05,0.0,,,,
1989-07-06,0.0,,,,
1989-07-07,0.07,,,,
1989-07-08,0.0,,,,
1989-07-09,0.0,,,,
1989-07-10,0.0,,,,
1989-07-11,26.4,,,,
1989-07-12,0.05,,,,
1989-07-13,0.13,,,,
1989-07-14,0.0,,,,
1989-07-15,1.28,,,,
1989-07-16,0.74,,,,
1989-07-17,5.18,,,,
1989-07-18,2.68,,,,
1989-07-19,0.0,,,,
1989-07-20,0.0,,,,
1989-07-21,0.03,,,,
1989-07-22,0.0,,,,
1989-07-23,0.0,,,,
1989-07-24,0.0,,,,
1989-07-25,0.28,,,,
1989-07-26,0.0,,,,
1989-07-27,0.0,,,,
1989-07-28,0.0,,,,
1989-07-29,0.0,,,,
1989-07-30,0.0,,,,
1989-07-31,0.0,,,,
1989-08-01,0.21,,,,
1989-08-02,1.89,,,,
1989-08-03,0.0,,,,
1989-08-04,0.0,,,,
1989-08-05,0.0,,,,
1989-08-06,0.0,,,,
1989-08-07,0.0,,,,
1989-08-08,0.0,,,,
1989-08-09,0.89,,,,
1989-08-10,4.73,,,,
1989-08-11,36.66,,,,
1989-08-12,15.44,,,,
1989-08-13,4.77,,,,
1989-08-14,1.69,,,,
1989-08-15,14.79,,,,
1989-08-16,3.14,,,,
1989-08-17,0.0,,,,
1989-08-18,0.0,,,,
1989-08-19,0.24,,,,
1989-08-20,0.0,,,,
1989-08-21,7.79,,,,
1989-08-22,4.63,,,,
1989-08-23,2.88,,,,
1989-08-24,11.98,,,,
1989-08-25,7.75,,,,
1989-08-26,7.55,,,,
1989-08-27,1.55,,,,
1989-08-28,0.01,,,,
1989-08-29,0.0,,,,
1989-08-30,0.0,,,,
1989-08-31,0.0,,,,
1989-09-01,1.51,,,,
1989-09-02,0.0,,,,
1989-09-03,0.0,,,,
1989-09-04,0.4,,,,
1989-09-05,7.43,,,,
1989-09-06,0.0,,,,
1989-09-07,0.0,,,,
1989-09-08,0.0,,,,
1989-09-09,0.03,,,,
1989-09-10,0.0,,,,
1989-09-11,0.0,,,,
1989-09-12,0.18,,,,
1989-09-13,0.53,,,,
1989-09-14,0.0,,,,
1989-09-15,0.0,,,,
1989-09-16,0.0,,,,
1989-09-17,0.0,,,,
1989-09-18,0.0,,,,
1989-09-19,0.0,,,,
1989-09-20,1.98,,,,
1989-09-21,0.0,,,,
1989-09-22,0.0,,,,
1989-09-23,0.0,,,,
1989-09-24,1.36,,,,
1989-09-25,0.0,,,,
1989-09-26,0.0,,,,
1989-09-27,0.0,,,,
1989-09-28,0.0,,,,
1989-09-29,0.0,,,,
1989-09-30,0.0,,,,
1989-10-01,0.0,,,,
1989-10-02,0.0,,,,
1989-10-03,0.0,,,,
1989-10-04,0.0,,,,
1989-10-05,0.0,,,,
1989-10-06,0.0,,,,
1989-10-07,0.0,,,,
1989-10-08,0.0,,,,
1989-10-09,0.0,,,,
1989-10-10,0.0,,,,
1989-10-11,0.0,,,,
1989-10-12,0.0,,,,
1989-10-13,0.0,,,,
1989-10-14,0.0,,,,
1989-10-15,0.0,,,,
1989-10-16,0.0,,,,
1989-10-17,0.0,,,,
1989-10-18,0.27,,,,
1989-10-19,0.0,,,,
1989-10-20,0.0,,,,
1989-10-21,0.0,,,,
1989-10-22,0.0,,,,
1989-10-23,0.1,,,,
1989-10-24,0.05,,,,
1989-10-25,0.02,,,,
1989-10-26,0.0,,,,
1989-10-27,0.0,,,,
1989-10-28,0.0,,,,
1989-10-29,0.0,,,,
1989-10-30,0.0,,,,
1989-10-31,0.0,,,,
1989-11-01,0.0,,,,
1989-11-02,0.0,,,,
1989-11-03,0.0,,,,
1989-11-04,0.0,,,,
1989-11-05,0.0,,,,
1989-11-06,0.0,,,,
1989-11-07,0.0,,,,
1989-11-08,0.0,,,,
1989-11-09,0.0,,,,
1989-11-10,0.0,,,,
1989-11-11,0.0,,,,
1989-11-12,0.0,,,,
1989-11-13,0.0,,,,
1989-11-14,0.0,,,,
1989-11-15,0.0,,,,
1989-11-16,0.0,,,,
1989-11-17,0.0,,,,
1989-11-18,0.0,,,,
1989-11-19,0.0,,,,
1989-11-20,0.0,,,,
1989-11-21,0.0,,,,
1989-11-22,0.0,,,,
1989-11-23,0.0,,,,
1989-11-24,0.0,,,,
1989-11-25,0.22,,,,
1989-11-26,0.0,,,,
1989-11-27,0.0,,,,
1989-11-28,0.0,,,,
1989-11-29,0.0,,,,
1989-11-30,0.0,,,,
1989-12-01,0.0,,,,
1989-12-02,0.0,,,,
1989-12-03,0.0,,,,
1989-12-04,0.0,,,,
1989-12-05,0.0,,,,
1989-12-06,0.0,,,,
1989-12-07,0.0,,,,
1989-12-08,0.0,,,,
1989-12-09,0.0,,,,
1989-12-10,0.01,,,,
1989-12-11,0.0,,,,
1989-12-12,0.01,,,,
1989-12-13,0.0,,,,
1989-12-14,0.0,,,,
1989-12-15,0.0,,,,
1989-12-16,0.0,,,,
1989-12-17,0.0,,,,
1989-12-18,0.0,,,,
1989-12-19,0.0,,,,
1989-12-20,0.0,,,,
1989-12-21,0.0,,,,
1989-12-22,0.0,,,,
1989-12-23,0.0,,,,
1989-12-24,0.0,,,,
1989-12-25,0.0,,,,
1989-12-26,0.0,,,,
1989-12-27,0.0,,,,
1989-12-28,0.0,,,,
1989-12-29,0.0,,,,
1989-12-30,0.0,,,,
1989-12-31,0.0,,,,
1990-01-01,0.0,,,,
1990-01-02,0.0,,,,
1990-01-03,0.0,,,,
1990-01-04,0.05,,,,
1990-01-05,0.0,,,,
1990-01-06,0.0,,,,
1990-01-07,0.0,,,,
1990-01-08,0.0,,,,
1990-01-09,0.0,,,,
1990-01-10,0.0,,,,
1990-01-11,0.0,,,,
1990-01-12,0.0,,,,
1990-01-13,0.07,,,,
1990-01-14,0.04,,,,
1990-01-15,0.01,,,,
1990-01-16,0.0,,,,
1990-01-17,0.0,,,,
1990-01-18,0.0,,,,
1990-01-19,0.0,,,,
1990-01-20,0.0,,,,
1990-01-21,0.0,,,,
1990-01-22,0.0,,,,
1990-01-23,0.0,,,,
1990-01-24,0.02,,,,
1990-01-25,0.02,,,,
1990-01-26,0.01,,,,
1990-01-27,0.0,,,,
1990-01-28,0.4,,,,
1990-01-29,1.79,,,,
1990-01-30,0.0,,,,
1990-01-31,0.0,,,,
1990-02-01,0.0,,,,
1990-02-02,0.0,,,,
1990-02-03,0.0,,,,
1990-02-04,0.0,,,,
1990-02-05,0.0,,,,
1990-02-06,0.0,,,,
1990-02-07,0.0,,,,
1990-02-08,0.0,,,,
1990-02-09,0.0,,,,
1990-02-10,0.0,,,,
1990-02-11,0.0,,,,
1990-02-12,0.0,,,,
1990-02-13,0.0,,,,
1990-02-14,0.0,,,,
1990-02-15,0.0,,,,
1990-02-16,0.0,,,,
1990-02-17,0.0,,,,
1990-02-18,0.0,,,,
1990-02-19,0.0,,,,
1990-02-20,0.0,,,,
1990-02-21,0.0,,,,
1990-02-22,0.02,,,,
1990-02-23,0.0,,,,
1990-02-24,0.0,,,,
1990-02-25,0.0,,,,
1990-02-26,0.13,,,,
1990-02-27,0.0,,,,
1990-02-28,0.0,,,,
1990-03-01,0.0,,,,
1990-03-02,0.04,,,,
1990-03-03,0.0,,,,
1990-03-04,0.0,,,,
1990-03-05,0.0,,,,
1990-03-06,0.0,,,,
1990-03-07,0.0,,,,
1990-03-08,0.0,,,,
1990-03-09,0.0,,,,
1990-03-10,0.0,,,,
1990-03-11,0.0,,,,
1990-03-12,0.0,,,,
1990-03-13,0.0,,,,
1990-03-14,0.0,,,,
1990-03-15,0.0,,,,
1990-03-16,0.0,,,,
1990-03-17,0.0,,,,
1990-03-18,0.0,,,,
1990-03-19,0.0,,,,
1990-03-20,0.01,,,,
1990-03-21,0.0,,,,
1990-03-22,0.0,,,,
1990-03-23,0.0,,,,
1990-03-24,0.0,,,,
1990-03-25,0.0,,,,
1990-03-26,0.0,,,,
1990-03-27,0.0,,,,
1990-03-28,0.0,,,,
1990-03-29,0.0,,,,
1990-03-30,0.01,,,,
1990-03-31,0.01,,,,
1990-04-01,0.0,,,,
1990-04-02,0.0,,,,
1990-04-03,0.0,,,,
1990-04-04,0.0,,,,
1990-04-05,0.0,,,,
1990-04-06,0.0,,,,
1990-04-07,0.0,,,,
1990-04-08,0.0,,,,
1990-04-09,0.0,,,,
1990-04-10,0.0,,,,
1990-04-11,0.0,,,,
1990-04-12,0.0,,,,
1990-04-13,0.0,,,,
1990-04-14,0.0,,,,
1990-04-15,0.0,,,,
1990-04-16,0.0,,,,
1990-04-17,0.0,,,,
1990-04-18,0.0,,,,
1990-04-19,0.0,,,,
1990-04-20,0.0,,,,
1990-04-21,0.0,,,,
1990-04-22,0.0,,,,
1990-04-23,0.0,,,,
1990-04-24,0.03,,,,
1990-04-25,0.0,,,,
1990-04-26,0.0,,,,
1990-04-27,0.0,,,,
1990-04-28,0.0,,,,
1990-04-29,0.0,,,,
1990-04-30,0.0,,,,
1990-05-01,0.0,,,,
1990-05-02,0.0,,,,
1990-05-03,0.0,,,,
1990-05-04,0.0,,,,
1990-05-05,0.0,,,,
1990-05-06,0.0,,,,
1990-05-07,0.0,,,,
1990-05-08,0.0,,,,
1990-05-09,0.0,,,,
1990-05-10,0.0,,,,
1990-05-11,0.0,,,,
1990-05-12,0.0,,,,
1990-05-13,0.0,,,,
1990-05-14,0.0,,,,
1990-05-15,0.0,,,,
1990-05-16,0.0,,,,
1990-05-17,0.0,,,,
1990-05-18,0.0,,,,
1990-05-19,0.0,,,,
1990-05-20,0.0,,,,
1990-05-21,0.0,,,,
1990-05-22,0.0,,,,
1990-05-23,0.0,,,,
1990-05-24,0.0,,,,
1990-05-25,0.0,,,,
1990-05-26,0.0,,,,
1990-05-27,0.0,,,,
1990-05-28,0.0,,,,
1990-05-29,0.0,,,,
1990-05-30,0.0,,,,
1990-05-31,0.0,,,,
1990-06-01,0.0,,,,
1990-06-02,0.0,,,,
1990-06-03,0.0,,,,
1990-06-04,0.0,,,,
1990-06-05,0.0,,,,
1990-06-06,0.0,,,,
1990-06-07,0.0,,,,
1990-06-08,0.0,,,,
1990-06-09,0.0,,,,
1990-06-10,0.0,,,,
1990-06-11,0.0,,,,
1990-06-12,0.0,,,,
1990-06-13,0.0,,,,
1990-06-14,0.0,,,,
1990-06-15,0.0,,,,
1990-06-16,0.0,,,,
1990-06-17,0.0,,,,
1990-06-18,0.0,,,,
1990-06-19,0.0,,,,
1990-06-20,0.0,,,,
1990-06-21,0.0,,,,
1990-06-22,0.0,,,,
1990-06-23,0.0,,,,
1990-06-24,0.0,,,,
1990-06-25,0.0,,,,
1990-06-26,0.0,,,,
1990-06-27,0.0,,,,
1990-06-28,0.0,,,,
1990-06-29,0.0,,,,
1990-06-30,0.0,,,,
1990-07-01,0.0,,,,
1990-07-02,0.0,,,,
1990-07-03,0.0,,,,
1990-07-04,0.0,,,,
1990-07-05,0.0,,,,
1990-07-06,0.0,,,,
1990-07-07,0.0,,,,
1990-07-08,0.0,,,,
1990-07-09,0.0,,,,
1990-07-10,0.0,,,,
1990-07-11,0.0,,,,
1990-07-12,0.0,,,,
1990-07-13,0.0,,,,
1990-07-14,0.0,,,,
1990-07-15,43.19,,,,
1990-07-16,0.26,,,,
1990-07-17,0.0,,,,
1990-07-18,0.0,,,,
1990-07-19,0.0,,,,
1990-07-20,0.0,,,,
1990-07-21,2.93,,,,
1990-07-22,1.17,,,,
1990-07-23,3.74,,,,
1990-07-24,0.09,,,,
1990-07-25,0.0,,,,
1990-07-26,0.0,,,,
1990-07-27,0.65,,,,
1990-07-28,0.06,,,,
1990-07-29,0.36,,,,
1990-07-30,1.2,,,,
1990-07-31,0.0,,,,
1990-08-01,0.0,,,,
1990-08-02,0.0,,,,
1990-08-03,0.46,,,,
1990-08-04,2.06,,,,
1990-08-05,2.11,,,,
1990-08-06,9.73,,,,
1990-08-07,0.55,,,,
1990-08-08,0.0,,,,
1990-08-09,0.0,,,,
1990-08-10,1.12,,,,
1990-08-11,12.51,,,,
1990-08-12,0.12,,,,
1990-08-13,0.0,,,,
1990-08-14,0.0,,,,
1990-08-15,0.07,,,,
1990-08-16,0.12,,,,
1990-08-17,0.0,,,,
1990-08-18,0.05,,,,
1990-08-19,1.66,,,,
1990-08-20,0.58,,,,
1990-08-21,0.88,,,,
1990-08-22,0.0,,,,
1990-08-23,0.0,,,,
1990-08-24,0.0,,,,
1990-08-25,0.0,,,,
1990-08-26,0.0,,,,
1990-08-27,0.01,,,,
1990-08-28,0.0,,,,
1990-08-29,0.0,,,,
1990-08-30,0.0,,,,
1990-08-31,2.86,,,,
1990-09-01,0.0,,,,
1990-09-02,0.0,,,,
1990-09-03,0.48,,,,
1990-09-04,0.0,,,,
1990-09-05,0.0,,,,
1990-09-06,0.0,,,,
1990-09-07,0.82,,,,
1990-09-08,0.1,,,,
1990-09-09,0.0,,,,
1990-09-10,0.0,,,,
1990-09-11,0.0,,,,
1990-09-12,0.0,,,,
1990-09-13,0.0,,,,
1990-09-14,0.0,,,,
1990-09-15,0.0,,,,
1990-09-16,0.0,,,,
1990-09-17,0.0,,,,
1990-09-18,0.0,,,,
1990-09-19,0.0,,,,
1990-09-20,0.05,,,,
1990-09-21,0.0,,,,
1990-09-22,0.0,,,,
1990-09-23,0.0,,,,
1990-09-24,0.0,,,,
1990-09-25,0.34,,,,
1990-09-26,0.0,,,,
1990-09-27,0.0,,,,
1990-09-28,0.18,,,,
1990-09-29,0.09,,,,
1990-09-30,0.03,,,,
1990-10-01,0.12,,,,
1990-10-02,0.0,,,,
1990-10-03,0.0,,,,
1990-10-04,0.13,,,,
1990-10-05,5.01,,,,
1990-10-06,0.18,,,,
1990-10-07,0.0,,,,
1990-10-08,0.0,,,,
1990-10-09,0.0,,,,
1990-10-10,0.0,,,,
1990-10-11,0.0,,,,
1990-10-12,0.0,,,,
1990-10-13,0.0,,,,
1990-10-14,0.0,,,,
1990-10-15,0.0,,,,
1990-10-16,0.0,,,,
1990-10-17,0.0,,,,
1990-10-18,0.3,,,,
1990-10-19,0.0,,,,
1990-10-20,0.0,,,,
1990-10-21,0.02,,,,
1990-10-22,0.0,,,,
1990-10-23,0.0,,,,
1990-10-24,0.0,,,,
1990-10-25,0.0,,,,
1990-10-26,0.0,,,,
1990-10-27,0.0,,,,
1990-10-28,0.0,,,,
1990-10-29,0.0,,,,
1990-10-30,0.0,,,,
1990-10-31,0.0,,,,
1990-11-01,0.0,,,,
1990-11-02,0.0,,,,
1990-11-03,0.0,,,,
1990-11-04,0.0,,,,
1990-11-05,0.0,,,,
1990-11-06,0.0,,,,
1990-11-07,0.0,,,,
1990-11-08,0.0,,,,
1990-11-09,0.0,,,,
1990-11-10,0.0,,,,
1990-11-11,0.0,,,,
1990-11-12,0.0,,,,
1990-11-13,0.0,,,,
1990-11-14,0.0,,,,
1990-11-15,0.0,,,,
1990-11-16,0.0,,,,
1990-11-17,0.0,,,,
1990-11-18,0.0,,,,
1990-11-19,0.0,,,,
1990-11-20,0.0,,,,
1990-11-21,0.0,,,,
1990-11-22,0.0,,,,
1990-11-23,0.0,,,,
1990-11-24,0.01,,,,
1990-11-25,0.0,,,,
1990-11-26,0.0,,,,
1990-11-27,0.0,,,,
1990-11-28,0.0,,,,
1990-11-29,0.0,,,,
1990-11-30,0.0,,,,
1990-12-01,0.0,,,,
1990-12-02,0.0,,,,
1990-12-03,0.0,,,,
1990-12-04,0.0,,,,
1990-12-05,0.0,,,,
1990-12-06,0.0,,,,
1990-12-07,0.0,,,,
1990-12-08,0.0,,,,
1990-12-09,0.0,,,,
1990-12-10,0.0,,,,
1990-12-11,0.0,,,,
1990-12-12,0.0,,,,
1990-12-13,0.01,,,,
1990-12-14,0.0,,,,
1990-12-15,0.0,,,,
1990-12-16,0.0,,,,
1990-12-17,0.0,,,,
1990-12-18,0.0,,,,
1990-12-19,0.0,,,,
1990-12-20,0.0,,,,
1990-12-21,0.0,,,,
1990-12-22,0.0,,,,
1990-12-23,0.0,,,,
1990-12-24,0.0,,,,
1990-12-25,0.0,,,,
1990-12-26,0.0,,,,
1990-12-27,0.0,,,,
1990-12-28,0.0,,,,
1990-12-29,0.0,,,,
1990-12-30,0.0,,,,
1990-12-31,0.0,,,,
1991-01-01,0.0,34.43,17.35,33.02,12.61
1991-01-02,0.0,32.85,17.7,24.84,12.28
1991-01-03,0.0,32.78,15.41,33.27,13.42
1991-01-04,0.0,33.04,15.14,36.49,12.05
1991-01-05,0.04,32.54,15.51,34.91,15.16
1991-01-06,0.0,32.2,15.82,36.36,17.11
1991-01-07,0.0,30.59,16.75,49.33,20.3
1991-01-08,0.0,28.64,14.97,46.53,21.91
1991-01-09,0.18,28.19,16.4,38.89,21.18
1991-01-10,0.0,32.86,16.41,39.26,17.81
1991-01-11,0.01,32.98,17.83,34.12,16.64
1991-01-12,0.0,33.14,17.36,31.89,14.31
1991-01-13,0.0,33.17,17.2,31.11,14.47
1991-01-14,0.0,32.21,17.13,30.5,12.22
1991-01-15,0.0,27.73,15.75,54.22,14.35
1991-01-16,0.0,27.65,16.16,35.3,16.48
1991-01-17,0.0,29.6,16.09,63.88,28.09
1991-01-18,0.0,34.82,17.57,47.63,20.91
1991-01-19,0.0,31.08,15.59,90.91,34.07
1991-01-20,0.0,29.11,15.33,92.04,42.67
1991-01-21,0.0,28.04,14.54,97.27,46.57
1991-01-22,0.0,29.23,16.48,82.81,41.79
1991-01-23,0.0,26.78,14.23,97.35,54.58
1991-01-24,0.88,24.63,16.18,94.28,58.17
1991-01-25,0.0,30.72,14.35,96.67,23.1
1991-01-26,0.05,34.12,16.16,54.15,25.86
1991-01-27,0.02,34.62,18.66,49.92,20.62
1991-01-28,0.0,37.4,17.63,47.69,17.41
1991-01-29,0.0,37.34,18.56,41.72,15.62
1991-01-30,0.0,35.94,18.44,35.19,12.48
1991-01-31,0.0,36.02,19.83,26.66,11.04
1991-02-01,0.0,35.69,22.17,22.0,13.74
1991-02-02,0.03,33.38,20.8,23.35,8.38
1991-02-03,0.0,31.32,19.77,18.14,10.27
1991-02-04,0.0,29.51,15.82,47.76,15.6
1991-02-05,0.0,30.51,14.97,46.42,13.22
1991-02-06,0.0,31.71,14.86,42.12,15.67
1991-02-07,0.0,32.99,15.29,34.38,12.28
1991-02-08,0.0,32.46,15.12,28.88,10.54
1991-02-09,0.0,32.92,15.02,31.4,9.61
1991-02-10,0.0,33.3,15.91,29.46,9.78
1991-02-11,0.0,32.8,16.92,32.08,12.05
1991-02-12,0.0,35.02,17.74,35.37,12.14
1991-02-13,0.0,32.12,16.34,77.1,19.11
1991-02-14,0.0,27.98,13.1,99.64,43.73
1991-02-15,0.0,29.51,12.46,99.36,25.18
1991-02-16,0.0,30.79,13.32,68.59,21.11
1991-02-17,0.03,31.52,13.64,56.85,18.55
1991-02-18,0.0,31.21,14.17,79.67,23.02
1991-02-19,0.0,30.61,13.66,70.84,27.71
1991-02-20,0.0,29.99,13.74,59.04,17.71
1991-02-21,0.0,34.08,16.28,60.53,19.38
1991-02-22,0.0,36.67,17.51,38.7,12.93
1991-02-23,0.0,37.54,18.61,28.7,9.25
1991-02-24,0.0,37.87,20.46,25.87,8.92
1991-02-25,0.0,33.95,19.03,27.51,9.13
1991-02-26,0.0,32.18,14.84,28.68,10.63
1991-02-27,0.0,33.25,14.06,30.93,10.08
1991-02-28,0.0,35.05,14.93,32.51,8.75
1991-03-01,0.0,34.87,15.83,31.08,8.43
1991-03-02,0.0,34.91,15.42,32.51,10.01
1991-03-03,0.0,36.7,16.85,44.51,9.97
1991-03-04,0.0,35.6,18.11,73.87,21.59
1991-03-05,0.0,34.02,16.67,95.12,25.55
1991-03-06,0.0,31.75,15.56,94.96,28.42
1991-03-07,0.0,30.39,14.07,98.9,36.72
1991-03-08,0.0,31.65,13.94,98.73,35.67
1991-03-09,0.0,35.71,15.87,98.47,30.24
1991-03-10,0.0,38.03,19.16,87.66,23.01
1991-03-11,0.0,38.7,17.95,84.62,17.55
1991-03-12,0.0,38.85,19.63,46.77,12.9
1991-03-13,0.0,36.9,16.67,89.99,14.93
1991-03-14,0.0,33.07,16.2,67.5,23.12
1991-03-15,0.0,33.09,15.06,53.03,18.35
1991-03-16,0.0,35.6,16.25,43.23,11.34
1991-03-17,0.0,37.5,17.55,34.81,10.17
1991-03-18,0.0,38.27,18.77,29.1,8.07
1991-03-19,0.0,38.63,18.97,29.25,7.75
1991-03-20,0.0,38.48,19.59,25.88,7.96
1991-03-21,0.0,37.21,19.69,24.85,7.22
1991-03-22,0.0,37.67,18.83,24.61,7.54
1991-03-23,0.0,35.73,17.08,56.92,11.42
1991-03-24,0.0,33.8,16.64,39.05,13.52
1991-03-25,0.0,34.69,16.74,37.0,11.15
1991-03-26,0.0,34.7,15.15,68.07,15.05
1991-03-27,0.0,34.8,15.66,68.54,18.33
1991-03-28,0.0,32.41,14.31,95.33,23.84
1991-03-29,0.0,32.92,14.42,98.88,26.73
1991-03-30,0.0,35.08,15.68,90.74,17.18
1991-03-31,0.0,32.02,13.83,97.38,32.18
1991-04-01,0.0,32.83,14.64,97.56,21.99
1991-04-02,0.0,34.82,14.64,98.2,15.36
1991-04-03,0.0,36.81,18.12,51.19,13.61
1991-04-04,0.0,35.83,18.59,35.65,8.94
1991-04-05,0.0,36.68,17.26,35.43,9.53
1991-04-06,0.0,39.46,18.06,47.76,9.91
1991-04-07,0.0,41.2,19.17,45.33,6.77
1991-04-08,0.0,40.92,19.65,41.76,8.11
1991-04-09,0.0,37.08,17.79,72.05,19.46
1991-04-10,0.0,36.45,15.81,96.43,17.34
1991-04-11,0.0,39.99,17.23,79.91,10.01
1991-04-12,0.0,41.04,19.64,44.01,10.39
1991-04-13,0.0,41.85,21.07,29.29,6.18
1991-04-14,0.0,41.32,19.93,47.68,9.92
1991-04-15,0.0,37.74,18.18,65.05,19.1
1991-04-16,0.0,35.68,16.9,91.97,25.81
1991-04-17,0.0,35.11,17.61,87.04,28.7
1991-04-18,0.0,33.72,18.68,85.2,29.55
1991-04-19,0.0,36.42,17.99,82.95,22.0
1991-04-20,0.0,35.48,19.92,65.75,19.0
1991-04-21,0.0,35.29,18.17,93.29,27.33
1991-04-22,0.0,36.65,17.89,91.19,20.15
1991-04-23,0.0,42.61,19.91,69.31,11.12
1991-04-24,0.0,45.03,24.73,30.26,9.9
1991-04-25,0.0,42.94,25.56,27.77,6.46
1991-04-26,0.0,39.52,22.68,23.13,8.03
1991-04-27,0.0,38.84,20.67,42.42,11.83
1991-04-28,0.0,37.66,17.07,91.85,13.45
1991-04-29,0.0,35.94,16.24,93.48,26.07
1991-04-30,0.0,36.46,16.37,98.1,24.73
1991-05-01,0.0,40.41,19.13,77.82,15.33
1991-05-02,0.0,43.54,22.59,49.92,10.17
1991-05-03,0.0,41.27,21.1,57.24,15.75
1991-05-04,0.0,38.09,19.11,76.4,25.4
1991-05-05,0.0,35.22,17.58,95.02,28.76
1991-05-06,0.0,36.66,17.91,86.2,21.72
1991-05-07,0.0,36.16,18.08,79.63,21.42
1991-05-08,0.0,35.35,18.21,82.47,24.89
1991-05-09,0.0,37.27,18.25,87.08,15.29
1991-05-10,0.0,37.38,20.15,44.35,11.98
1991-05-11,0.0,37.15,20.05,41.47,10.41
1991-05-12,0.0,36.38,19.3,39.81,12.92
1991-05-13,0.0,36.48,18.0,52.98,10.75
1991-05-14,0.0,38.79,16.91,77.43,11.49
1991-05-15,0.0,41.21,19.97,53.76,10.56
1991-05-16,0.0,42.36,23.52,26.58,7.13
1991-05-17,0.0,42.1,24.18,20.44,5.53
1991-05-18,0.0,41.32,20.46,36.6,4.36
1991-05-19,0.0,40.14,20.41,45.99,8.16
1991-05-20,0.0,37.98,17.71,84.57,16.59
1991-05-21,0.0,36.62,16.72,98.37,24.52
1991-05-22,0.0,38.26,18.8,82.31,22.52
1991-05-23,0.0,38.51,20.84,72.69,25.24
1991-05-24,0.0,34.44,19.75,89.16,36.7
1991-05-25,0.0,35.26,19.27,86.88,33.48
1991-05-26,0.0,34.21,18.84,85.23,34.33
1991-05-27,0.0,34.05,17.63,97.12,35.18
1991-05-28,0.0,33.35,19.61,81.45,32.8
1991-05-29,0.0,32.89,18.92,79.55,33.68
1991-05-30,0.29,37.96,18.27,88.12,20.9
1991-05-31,0.43,40.08,21.78,79.88,26.54
1991-06-01,0.0,37.29,22.47,81.84,30.69
1991-06-02,0.0,39.02,21.45,91.98,27.35
1991-06-03,0.04,39.84,22.92,84.34,27.0
1991-06-04,0.0,39.12,24.99,64.52,24.41
1991-06-05,0.03,38.26,25.56,57.95,25.34
1991-06-06,0.0,41.4,25.61,51.78,19.3
1991-06-07,0.0,43.19,24.7,66.16,16.99
1991-06-08,0.0,43.98,24.85,59.34,12.24
1991-06-09,0.0,39.65,24.01,68.14,25.79
1991-06-10,0.0,40.66,22.88,74.92,23.3
1991-06-11,0.0,44.95,25.16,61.22,11.54
1991-06-12,0.0,42.11,25.32,55.46,18.5
1991-06-13,0.0,38.05,22.12,72.0,21.5
1991-06-14,0.0,34.8,19.04,89.43,32.77
1991-06-15,0.0,35.84,19.62,79.49,27.62
1991-06-16,0.0,36.64,20.34,86.37,31.84
1991-06-17,0.0,36.36,21.79,84.1,30.54
1991-06-18,0.0,37.21,21.48,84.91,33.23
1991-06-19,0.0,39.21,22.84,79.48,27.09
1991-06-20,0.0,39.28,22.75,73.21,26.31
1991-06-21,0.0,35.11,20.83,85.8,36.88
1991-06-22,0.0,34.23,20.15,82.29,34.81
1991-06-23,0.0,36.62,21.26,81.27,31.05
1991-06-24,0.0,37.22,21.07,90.27,32.86
1991-06-25,0.0,38.77,22.23,81.28,29.49
1991-06-26,0.0,39.08,22.28,76.04,25.62
1991-06-27,0.0,37.25,21.93,79.13,27.88
1991-06-28,0.0,35.37,20.55,86.76,35.03
1991-06-29,0.0,35.75,21.38,85.08,31.62
1991-06-30,0.0,36.72,21.02,89.85,33.24
1991-07-01,0.0,37.31,24.18,68.54,30.85
1991-07-02,0.0,36.69,22.58,84.1,32.5
1991-07-03,0.0,35.23,20.99,85.25,36.85
1991-07-04,0.0,35.68,22.21,73.58,30.79
1991-07-05,0.0,37.11,22.78,71.74,33.09
1991-07-06,0.0,35.78,22.79,84.98,36.41
1991-07-07,0.0,45.55,24.61,76.05,12.46
1991-07-08,0.0,40.17,26.92,67.56,31.44
1991-07-09,0.0,37.99,24.95,94.59,45.39
1991-07-10,0.15,32.99,23.45,97.99,50.95
1991-07-11,0.01,35.84,21.74,94.88,38.64
1991-07-12,0.0,37.21,23.75,85.35,42.28
1991-07-13,0.74,37.12,23.88,95.68,42.82
1991-07-14,0.0,37.71,23.01,93.87,36.51
1991-07-15,0.0,37.95,23.62,78.06,32.97
1991-07-16,0.0,38.78,23.36,86.03,35.96
1991-07-17,0.0,36.16,24.39,94.29,45.52
1991-07-18,0.0,36.86,24.75,94.24,44.98
1991-07-19,0.0,35.95,23.31,97.4,40.34
1991-07-20,0.0,41.08,22.87,86.87,22.6
1991-07-21,0.14,37.48,23.46,90.0,39.38
1991-07-22,0.32,39.03,24.16,88.77,37.22
1991-07-23,0.02,37.01,23.8,98.31,46.9
1991-07-24,0.0,35.11,23.04,98.55,46.2
1991-07-25,0.0,36.95,22.18,85.64,34.43
1991-07-26,0.0,35.35,21.55,85.64,36.9
1991-07-27,0.0,36.32,21.74,84.33,40.0
1991-07-28,0.07,36.34,23.55,85.21,41.47
1991-07-29,0.01,36.26,23.34,93.11,39.22
1991-07-30,0.0,39.37,22.94,89.82,31.91
1991-07-31,4.61,37.8,23.94,93.36,36.85
1991-08-01,2.94,36.95,24.37,92.63,45.81
1991-08-02,0.0,36.95,22.92,94.87,43.93
1991-08-03,0.0,37.51,23.99,81.5,35.39
1991-08-04,0.0,38.77,25.58,71.93,34.56
1991-08-05,0.0,37.71,23.95,82.25,38.74
1991-08-06,0.0,36.84,24.51,82.72,42.51
1991-08-07,0.0,36.2,23.63,89.0,43.72
1991-08-08,0.01,37.19,23.58,79.26,38.44
1991-08-09,0.0,39.41,24.58,82.16,35.08
1991-08-10,0.03,36.23,25.0,84.76,46.33
1991-08-11,0.0,37.17,23.65,93.82,35.71
1991-08-12,0.0,36.74,22.26,81.34,34.56
1991-08-13,0.0,34.87,22.43,84.48,42.79
1991-08-14,0.0,37.35,23.79,79.05,37.64
1991-08-15,0.35,38.0,23.91,80.39,39.06
1991-08-16,0.0,38.38,24.21,87.18,38.76
1991-08-17,0.0,37.83,25.21,78.62,40.88
1991-08-18,0.0,35.95,25.01,81.66,44.74
1991-08-19,0.0,36.94,23.16,85.49,35.33
1991-08-20,0.0,37.76,22.65,76.26,32.66
1991-08-21,0.01,39.3,24.89,77.34,35.18
1991-08-22,0.07,40.6,26.74,69.33,33.12
1991-08-23,0.05,38.19,24.42,95.42,41.31
1991-08-24,0.0,34.48,24.04,98.15,58.06
1991-08-25,0.0,33.25,23.99,98.24,65.39
1991-08-26,0.0,36.78,23.44,94.97,30.18
1991-08-27,0.0,39.07,23.13,84.05,30.52
1991-08-28,0.0,37.79,23.54,86.56,39.61
1991-08-29,0.45,39.13,24.34,92.9,38.52
1991-08-30,10.44,31.79,24.34,98.66,74.01
1991-08-31,1.21,31.56,23.98,99.02,74.02
1991-09-01,9.16,31.87,23.24,98.4,70.92
1991-09-02,2.42,32.59,23.24,98.84,67.31
1991-09-03,0.0,32.95,23.26,98.88,62.79
1991-09-04,0.0,34.2,23.23,99.02,58.64
1991-09-05,0.0,35.87,23.92,98.42,50.29
1991-09-06,0.9,37.62,23.37,85.93,36.66
1991-09-07,0.02,38.46,22.81,86.54,40.74
1991-09-08,0.13,38.7,24.41,89.66,36.71
1991-09-09,0.0,38.08,23.67,89.95,39.13
1991-09-10,0.12,38.7,24.82,85.84,38.98
1991-09-11,4.0,37.52,24.44,90.71,41.29
1991-09-12,0.0,39.43,23.7,89.11,31.9
1991-09-13,0.0,40.16,24.1,85.19,30.49
1991-09-14,0.0,37.34,24.41,90.69,41.69
1991-09-15,0.0,37.94,23.42,91.98,37.49
1991-09-16,0.0,39.63,24.44,85.14,29.89
1991-09-17,0.0,43.04,24.23,81.32,15.28
1991-09-18,0.0,39.39,24.96,80.24,33.46
1991-09-19,0.0,39.05,24.64,94.87,35.43
1991-09-20,1.65,38.85,23.83,94.03,36.03
1991-09-21,0.0,37.75,23.48,88.77,41.73
1991-09-22,0.0,37.45,24.28,92.19,42.21
1991-09-23,0.0,40.11,23.76,86.7,21.87
1991-09-24,0.0,43.02,24.85,68.09,10.85
1991-09-25,0.0,39.33,24.79,78.24,23.39
1991-09-26,0.17,38.67,23.96,94.76,35.35
1991-09-27,0.0,37.89,23.6,80.55,29.29
1991-09-28,0.0,39.4,24.73,68.57,21.74
1991-09-29,0.0,41.39,24.69,67.72,13.73
1991-09-30,0.0,41.32,26.16,55.32,18.07
1991-10-01,0.0,40.82,23.22,61.78,17.66
1991-10-02,0.0,40.25,23.59,47.76,18.81
1991-10-03,0.0,39.1,22.43,69.28,21.98
1991-10-04,0.0,39.56,22.01,93.82,19.24
1991-10-05,0.0,42.49,24.32,73.74,11.91
1991-10-06,0.0,40.7,26.22,65.44,18.84
1991-10-07,0.21,37.98,25.15,86.68,30.65
1991-10-08,1.15,32.6,23.82,97.58,50.07
1991-10-09,17.35,32.27,22.21,99.21,58.05
1991-10-10,0.0,36.35,21.7,99.1,42.23
1991-10-11,0.0,37.29,22.91,99.43,42.92
1991-10-12,0.0,36.62,23.19,98.52,46.08
1991-10-13,0.0,35.81,22.56,97.44,43.96
1991-10-14,0.0,36.64,22.32,90.47,36.62
1991-10-15,0.0,40.18,22.08,95.14,20.1
1991-10-16,0.0,37.83,24.13,48.65,19.62
1991-10-17,0.0,35.97,20.66,48.45,18.14
1991-10-18,0.0,37.9,20.53,53.01,16.67
1991-10-19,0.0,37.69,23.54,58.9,29.69
1991-10-20,0.0,39.22,25.3,78.7,22.48
1991-10-21,0.0,39.94,24.27,62.42,14.01
1991-10-22,0.0,39.58,23.79,44.99,15.03
1991-10-23,0.0,36.41,21.03,84.65,27.83
1991-10-24,0.0,36.3,19.65,95.32,28.06
1991-10-25,0.0,35.35,19.86,95.97,30.36
1991-10-26,0.0,37.79,20.18,95.94,24.36
1991-10-27,0.0,40.18,22.44,78.6,15.12
1991-10-28,0.0,41.2,23.02,61.57,9.51
1991-10-29,0.0,40.86,23.61,42.59,7.78
1991-10-30,0.0,40.25,22.82,41.7,11.58
1991-10-31,0.0,37.92,23.1,50.61,19.53
1991-11-01,0.0,37.45,18.65,93.9,25.27
1991-11-02,0.0,39.33,19.71,94.14,20.67
1991-11-03,0.0,40.13,21.53,56.3,16.87
1991-11-04,0.0,39.17,21.84,41.41,15.2
1991-11-05,0.0,38.16,20.15,45.05,15.21
1991-11-06,0.0,39.01,19.89,43.55,15.01
1991-11-07,0.0,40.31,21.23,36.55,12.58
1991-11-08,0.0,40.68,22.18,29.88,11.05
1991-11-09,0.0,37.76,20.81,32.2,12.66
1991-11-10,0.0,36.38,18.88,29.32,10.35
1991-11-11,0.0,36.72,18.35,29.68,10.08
1991-11-12,0.0,37.24,18.38,31.83,10.91
1991-11-13,0.0,36.0,18.82,32.13,12.41
1991-11-14,0.0,35.31,18.93,33.55,13.61
1991-11-15,0.0,34.87,17.88,39.21,15.35
1991-11-16,0.0,34.01,17.54,34.46,13.79
1991-11-17,0.0,34.22,17.69,29.48,12.52
1991-11-18,0.0,36.58,18.8,32.11,11.66
1991-11-19,0.0,36.32,18.94,30.74,9.82
1991-11-20,0.01,35.53,19.33,33.8,12.02
1991-11-21,0.0,36.06,19.41,62.64,13.17
1991-11-22,0.0,36.74,20.38,39.28,13.75
1991-11-23,0.0,36.05,18.72,38.06,13.23
1991-11-24,0.01,36.4,18.77,40.57,14.72
1991-11-25,0.0,33.65,20.07,34.7,13.52
1991-11-26,0.0,34.9,19.83,39.7,19.4
1991-11-27,0.0,32.87,18.94,52.92,23.72
1991-11-28,0.0,31.5,18.3,84.54,31.37
1991-11-29,0.0,33.12,18.34,58.89,23.63
1991-11-30,0.0,33.96,17.71,53.85,22.02
1991-12-01,0.0,36.34,17.1,51.81,17.9
1991-12-02,0.0,37.09,18.83,39.76,14.81
1991-12-03,0.0,36.84,18.5,36.66,14.7
1991-12-04,0.04,34.16,19.9,27.88,14.02
1991-12-05,0.0,35.04,19.27,64.21,22.84
1991-12-06,0.04,33.47,16.88,98.76,52.25
1991-12-07,0.0,30.16,18.72,98.34,80.27
1991-12-08,0.0,31.24,17.46,98.49,63.25
1991-12-09,0.0,32.16,16.36,97.56,46.81
1991-12-10,0.0,32.47,16.96,95.91,43.32
1991-12-11,0.0,32.83,17.29,96.79,39.19
1991-12-12,0.0,33.21,17.34,89.39,32.97
1991-12-13,0.0,36.76,18.4,72.87,12.48
1991-12-14,0.0,35.69,19.95,33.33,16.66
1991-12-15,0.0,36.06,19.18,32.88,16.1
1991-12-16,0.0,35.35,17.96,39.29,15.42
1991-12-17,0.0,33.29,18.55,40.23,21.97
1991-12-18,0.0,31.11,17.49,45.97,23.39
1991-12-19,0.0,31.76,16.21,44.56,20.92
1991-12-20,0.0,33.76,17.78,34.96,15.34
1991-12-21,0.0,31.16,19.11,32.02,19.54
1991-12-22,0.0,34.16,18.63,35.26,16.74
1991-12-23,0.0,34.7,18.19,33.68,15.59
1991-12-24,0.0,32.68,17.06,30.13,11.89
1991-12-25,0.0,30.59,14.15,23.42,10.71
1991-12-26,0.0,29.94,12.53,27.4,10.75
1991-12-27,0.0,31.83,13.34,27.88,11.01
1991-12-28,0.0,32.88,16.77,35.26,15.65
1991-12-29,0.0,33.15,17.27,34.14,15.48
1991-12-30,0.0,29.97,17.7,32.67,18.51
1991-12-31,0.0,29.38,17.23,34.35,15.35
1992-01-01,0.0,30.94,15.04,32.21,12.98
1992-01-02,0.0,31.81,15.01,26.13,10.53
1992-01-03,0.0,36.4,18.95,25.04,11.78
1992-01-04,0.0,34.64,17.61,30.41,13.45
1992-01-05,0.0,35.44,17.33,24.89,10.56
1992-01-06,0.0,35.47,18.95,22.93,9.59
1992-01-07,0.15,33.35,17.06,20.93,9.27
1992-01-08,0.0,33.13,15.45,26.68,8.9
1992-01-09,0.0,32.65,15.24,30.44,10.38
1992-01-10,0.0,32.35,14.71,34.6,10.77
1992-01-11,0.0,31.5,13.8,66.88,15.39
1992-01-12,0.0,34.49,15.22,47.75,11.9
1992-01-13,0.0,34.28,19.54,32.83,11.53
1992-01-14,0.0,33.79,15.7,30.83,12.29
1992-01-15,0.0,33.48,16.46,39.88,14.12
1992-01-16,0.0,33.31,14.81,23.74,9.62
1992-01-17,0.0,34.05,15.21,29.67,11.51
1992-01-18,0.0,35.36,15.9,33.34,13.11
1992-01-19,0.0,32.84,15.3,67.75,21.3
1992-01-20,0.0,28.7,13.99,99.68,52.7
1992-01-21,0.0,30.31,13.09,99.74,32.22
1992-01-22,0.0,31.91,13.67,81.33,17.07
1992-01-23,0.0,30.89,13.5,56.42,20.96
1992-01-24,0.0,34.17,15.12,74.68,33.96
1992-01-25,0.0,37.12,19.02,71.49,25.99
1992-01-26,0.0,35.63,19.37,69.46,28.43
1992-01-27,0.0,34.31,18.92,55.9,22.03
1992-01-28,0.0,34.81,18.61,40.08,18.55
1992-01-29,0.0,36.96,18.71,48.5,17.99
1992-01-30,0.0,34.13,17.31,97.76,42.44
1992-01-31,0.0,31.72,15.58,99.02,46.01
1992-02-01,0.0,29.4,14.29,98.46,48.87
1992-02-02,0.0,29.27,13.0,98.64,38.49
1992-02-03,0.0,30.62,15.13,97.87,43.31
1992-02-04,0.0,31.13,15.44,98.1,38.23
1992-02-05,0.0,31.77,15.05,97.73,34.27
1992-02-06,0.0,31.83,15.04,95.25,23.48
1992-02-07,0.0,33.32,15.61,68.53,21.1
1992-02-08,0.0,33.15,17.0,48.37,21.11
1992-02-09,0.34,31.83,16.77,52.19,20.81
1992-02-10,0.46,33.04,15.97,49.29,18.19
1992-02-11,2.97,27.69,17.19,59.04,22.83
1992-02-12,3.07,23.75,16.15,99.61,56.61
1992-02-13,0.05,26.65,14.79,98.98,68.79
1992-02-14,0.0,30.54,16.07,98.0,44.34
1992-02-15,0.0,35.58,18.23,77.85,24.08
1992-02-16,0.0,38.15,19.19,53.6,12.89
1992-02-17,0.0,38.16,19.79,39.97,12.31
1992-02-18,0.0,38.11,18.94,49.38,10.78
1992-02-19,0.0,37.84,18.19,59.81,12.27
1992-02-20,0.0,38.42,17.76,64.29,9.3
1992-02-21,0.0,36.85,18.02,51.07,13.82
1992-02-22,0.0,38.09,18.35,47.5,13.65
1992-02-23,0.0,34.77,17.17,87.63,23.02
1992-02-24,0.0,32.43,16.17,76.8,27.89
1992-02-25,0.0,36.49,17.43,56.38,14.57
1992-02-26,0.0,36.49,18.08,35.15,11.98
1992-02-27,0.0,35.72,17.93,39.6,13.98
1992-02-28,0.01,33.47,16.89,74.96,15.54
1992-02-29,0.0,28.13,13.48,92.64,29.31
1992-03-01,0.0,30.99,13.43,68.97,21.2
1992-03-02,0.0,32.34,14.06,78.64,18.54
1992-03-03,0.0,32.81,14.54,88.18,19.17
1992-03-04,0.0,32.25,14.94,80.45,17.92
1992-03-05,0.0,32.93,14.58,55.84,15.79
1992-03-06,0.0,34.4,16.08,46.81,13.66
1992-03-07,0.0,35.92,16.42,39.6,9.63
1992-03-08,0.0,36.72,17.63,32.08,11.48
1992-03-09,0.0,36.33,18.77,34.89,12.3
1992-03-10,0.0,36.88,18.89,35.01,12.69
1992-03-11,0.0,35.64,19.28,33.88,13.15
1992-03-12,0.0,33.3,17.67,34.26,12.63
1992-03-13,0.0,33.24,16.06,43.7,14.27
1992-03-14,0.0,32.25,19.11,29.33,11.98
1992-03-15,0.0,34.1,19.11,22.3,10.94
1992-03-16,0.0,33.14,19.71,20.91,7.65
1992-03-17,0.0,35.93,18.58,20.27,6.97
1992-03-18,0.0,31.91,18.61,52.61,8.57
1992-03-19,0.0,35.83,16.97,57.87,13.31
1992-03-20,0.0,36.78,16.55,46.46,9.77
1992-03-21,0.0,37.1,17.73,34.69,8.51
1992-03-22,0.0,36.55,18.61,26.03,10.65
1992-03-23,0.0,35.35,18.92,31.33,10.43
1992-03-24,0.0,37.19,18.1,28.04,10.23
1992-03-25,0.0,37.63,17.93,48.54,11.14
1992-03-26,0.0,38.7,18.08,59.21,11.89
1992-03-27,0.0,38.35,21.13,31.27,11.56
1992-03-28,0.0,37.8,20.32,23.8,9.04
1992-03-29,0.0,39.56,21.3,31.38,12.45
1992-03-30,0.02,39.62,21.63,40.32,12.92
1992-03-31,0.0,35.07,19.28,72.55,29.03
1992-04-01,0.0,36.1,17.13,88.22,21.65
1992-04-02,0.0,33.14,17.65,83.61,32.0
1992-04-03,0.0,35.66,18.06,72.66,23.4
1992-04-04,0.0,35.45,17.78,67.4,15.61
1992-04-05,0.0,34.28,16.69,93.86,21.94
1992-04-06,0.0,33.82,17.55,50.38,13.57
1992-04-07,0.0,34.88,17.63,35.07,9.26
1992-04-08,0.01,36.59,17.97,27.11,7.67
1992-04-09,0.0,36.05,16.88,85.57,17.73
1992-04-10,0.0,34.67,14.85,98.76,27.07
1992-04-11,0.0,34.26,14.94,97.92,25.97
1992-04-12,0.0,34.95,16.68,87.54,29.36
1992-04-13,0.0,39.69,18.35,74.1,19.26
1992-04-14,0.0,42.11,21.85,49.82,11.39
1992-04-15,0.01,41.43,23.17,45.27,6.51
1992-04-16,0.01,40.02,21.1,50.91,7.68
1992-04-17,0.0,38.48,19.58,70.61,14.86
1992-04-18,0.0,40.06,19.29,68.43,16.44
1992-04-19,0.0,39.13,19.71,70.04,19.78
1992-04-20,0.0,36.64,18.81,78.11,25.32
1992-04-21,0.0,34.71,16.9,90.22,26.65
1992-04-22,0.0,33.82,15.96,98.26,32.56
1992-04-23,0.0,34.17,16.5,93.71,32.3
1992-04-24,0.01,35.2,16.13,98.76,29.44
1992-04-25,0.02,41.23,18.6,83.57,11.24
1992-04-26,0.0,42.71,23.12,33.48,11.11
1992-04-27,0.0,40.8,22.16,43.63,10.91
1992-04-28,0.0,37.28,19.42,66.62,19.23
1992-04-29,0.0,35.82,17.44,97.08,29.4
1992-04-30,0.0,33.83,16.44,99.14,31.88
1992-05-01,0.0,33.68,18.72,85.48,27.8
1992-05-02,0.0,33.6,18.59,94.19,37.92
1992-05-03,0.0,36.95,19.59,80.43,25.11
1992-05-04,0.0,38.15,19.02,82.69,14.53
1992-05-05,0.0,37.83,19.72,65.84,9.44
1992-05-06,0.0,37.94,21.02,60.53,14.59
1992-05-07,0.0,43.21,23.05,59.91,8.53
1992-05-08,0.0,43.71,26.47,33.89,10.69
1992-05-09,0.0,42.09,24.49,41.91,11.02
1992-05-10,0.0,40.28,20.89,53.7,11.2
1992-05-11,0.0,39.84,20.41,58.5,15.34
1992-05-12,0.0,40.11,18.76,94.49,16.7
1992-05-13,0.0,40.56,19.21,87.91,18.11
1992-05-14,0.0,41.15,21.32,73.26,15.13
1992-05-15,0.0,37.7,18.89,91.16,27.49
1992-05-16,0.0,34.94,17.68,98.24,38.45
1992-05-17,0.0,38.35,20.28,91.83,28.18
1992-05-18,0.0,38.26,20.46,85.11,28.97
1992-05-19,0.0,36.31,21.51,90.79,36.01
1992-05-20,0.0,35.91,19.45,93.69,34.73
1992-05-21,0.0,35.52,19.32,93.79,33.84
1992-05-22,0.0,36.97,19.11,95.08,28.17
1992-05-23,0.0,37.55,18.97,92.69,25.9
1992-05-24,0.0,41.24,20.86,66.49,14.89
1992-05-25,0.0,38.91,20.3,79.84,21.96
1992-05-26,0.0,36.12,22.17,68.07,29.48
1992-05-27,0.11,36.4,20.97,81.1,28.5
1992-05-28,0.0,37.72,20.33,81.36,24.52
1992-05-29,0.0,40.76,22.76,64.39,18.77
1992-05-30,0.0,43.88,25.26,58.53,14.53
1992-05-31,0.0,37.0,21.68,87.23,33.19
1992-06-01,0.0,41.59,23.24,72.27,15.08
1992-06-02,0.0,40.38,24.19,64.83,21.72
1992-06-03,0.0,42.12,24.02,55.97,16.12
1992-06-04,0.0,42.28,24.72,57.27,17.25
1992-06-05,0.0,42.88,26.05,29.37,10.03
1992-06-06,0.0,42.83,28.34,33.2,8.77
1992-06-07,0.0,40.4,25.32,54.94,17.54
1992-06-08,0.0,36.02,21.74,84.81,34.61
1992-06-09,0.0,37.61,22.03,79.77,31.81
1992-06-10,0.0,37.12,21.56,84.29,29.5
1992-06-11,0.0,42.46,22.65,72.84,11.35
1992-06-12,0.0,41.29,26.17,36.05,9.7
1992-06-13,0.0,39.28,23.1,52.89,13.8
1992-06-14,0.0,37.3,19.24,93.14,25.26
1992-06-15,0.0,37.75,19.21,97.56,27.22
1992-06-16,0.0,38.41,21.13,76.19,22.77
1992-06-17,0.0,38.64,22.5,75.25,26.04
1992-06-18,0.0,40.32,21.51,89.93,21.44
1992-06-19,0.0,42.62,23.94,64.89,15.14
1992-06-20,0.0,38.94,23.64,79.52,30.44
1992-06-21,0.0,37.2,22.35,85.58,32.05
1992-06-22,0.0,39.29,20.81,87.41,22.78
1992-06-23,0.0,41.79,22.34,77.33,15.93
1992-06-24,0.0,41.82,24.08,61.33,16.58
1992-06-25,0.0,41.19,22.61,83.06,21.68
1992-06-26,0.0,40.89,23.34,74.57,23.23
1992-06-27,0.0,41.2,21.99,84.69,16.59
1992-06-28,0.0,38.57,22.93,87.99,33.13
1992-06-29,0.0,37.76,24.05,80.72,33.67
1992-06-30,0.0,37.54,22.25,89.59,31.3
1992-07-01,0.0,38.12,22.34,77.62,29.61
1992-07-02,0.0,38.01,22.39,80.94,29.28
1992-07-03,0.0,36.49,23.68,77.65,33.3
1992-07-04,0.0,36.42,21.83,80.3,32.43
1992-07-05,0.0,37.06,22.68,75.11,33.06
1992-07-06,0.0,34.89,23.11,84.85,37.53
1992-07-07,0.0,37.72,23.7,77.85,32.07
1992-07-08,0.0,36.59,22.87,86.58,38.96
1992-07-09,0.2,36.34,23.52,78.95,36.3
1992-07-10,0.0,36.64,24.3,69.35,31.94
1992-07-11,0.0,37.98,24.69,68.8,30.39
1992-07-12,0.0,37.07,23.33,83.1,37.2
1992-07-13,0.0,36.12,24.37,71.69,32.68
1992-07-14,0.0,36.54,21.44,78.26,32.01
1992-07-15,4.17,36.35,22.61,74.85,37.63
1992-07-16,8.35,36.68,23.53,78.53,38.41
1992-07-17,0.0,35.35,22.79,93.7,42.74
1992-07-18,0.0,37.62,24.29,79.41,38.23
1992-07-19,0.0,35.87,24.1,92.43,41.65
1992-07-20,0.0,35.23,22.28,93.93,37.78
1992-07-21,3.09,36.81,21.99,81.42,33.45
1992-07-22,0.36,38.35,23.06,79.57,36.02
1992-07-23,0.07,34.87,23.23,88.02,44.36
1992-07-24,0.0,35.02,24.02,83.82,44.77
1992-07-25,0.0,37.56,24.13,89.29,40.25
1992-07-26,0.0,37.09,23.7,94.74,42.82
1992-07-27,0.0,36.52,23.31,97.06,43.89
1992-07-28,0.0,35.78,24.2,94.81,41.6
1992-07-29,0.0,36.26,22.93,82.29,35.02
1992-07-30,0.0,37.11,23.69,79.87,36.8
1992-07-31,0.0,36.03,23.62,81.24,40.39
1992-08-01,0.0,37.9,23.14,80.47,35.91
1992-08-02,0.08,37.82,23.69,78.88,36.22
1992-08-03,0.0,38.17,23.74,82.33,36.99
1992-08-04,0.0,36.35,24.03,91.17,45.14
1992-08-05,0.0,38.11,25.31,76.9,29.91
1992-08-06,2.25,40.32,24.88,71.42,24.05
1992-08-07,0.01,39.11,25.5,82.7,33.97
1992-08-08,0.0,39.36,25.7,86.68,35.66
1992-08-09,0.11,38.28,25.3,88.59,41.09
1992-08-10,0.0,38.01,24.34,93.23,36.45
1992-08-11,0.0,38.28,24.33,74.83,33.45
1992-08-12,0.0,37.32,23.13,80.05,37.91
1992-08-13,0.0,38.03,23.89,80.5,36.01
1992-08-14,0.0,37.46,25.33,71.95,37.31
1992-08-15,0.0,37.13,23.95,81.91,36.85
1992-08-16,1.02,37.8,23.43,95.14,39.99
1992-08-17,0.0,37.07,23.41,87.19,39.32
1992-08-18,0.11,39.25,24.01,74.78,30.47
1992-08-19,0.0,37.61,23.83,86.43,41.1
1992-08-20,0.0,37.73,24.2,93.72,42.38
1992-08-21,0.0,39.17,23.69,91.11,34.72
1992-08-22,0.0,39.01,25.62,71.9,32.46
1992-08-23,0.0,36.97,24.1,83.48,40.79
1992-08-24,0.0,38.31,23.23,90.43,32.37
1992-08-25,0.79,37.75,24.9,74.59,39.59
1992-08-26,0.0,38.34,23.72,96.6,36.62
1992-08-27,0.17,35.71,24.07,89.38,44.9
1992-08-28,0.0,38.36,24.21,85.04,37.66
1992-08-29,1.77,38.93,25.73,70.86,33.3
1992-08-30,17.71,36.49,23.58,91.21,45.57
1992-08-31,0.12,34.41,23.26,93.04,55.1
1992-09-01,0.91,36.17,23.48,97.29,48.58
1992-09-02,0.0,36.78,23.11,98.05,46.3
1992-09-03,0.0,38.24,24.66,92.35,42.47
1992-09-04,0.0,39.35,24.17,96.66,29.91
1992-09-05,0.09,36.46,24.51,81.82,44.3
1992-09-06,0.0,38.73,24.82,85.18,36.28
1992-09-07,0.0,38.52,24.22,94.49,32.77
1992-09-08,7.21,38.46,23.15,89.04,34.72
1992-09-09,0.0,33.94,23.71,98.82,61.65
1992-09-10,0.01,32.73,22.88,99.02,62.73
1992-09-11,0.0,34.64,22.04,98.91,43.22
1992-09-12,0.0,36.79,22.36,91.39,38.88
1992-09-13,0.0,36.73,23.39,92.7,42.37
1992-09-14,0.0,36.78,23.26,92.0,40.39
1992-09-15,0.0,37.13,23.39,81.29,36.09
1992-09-16,0.0,38.87,23.26,76.95,29.73
1992-09-17,2.36,37.9,23.23,83.18,34.21
1992-09-18,0.0,37.22,23.41,87.46,37.46
1992-09-19,0.0,38.48,24.17,89.47,34.91
1992-09-20,0.0,37.94,23.79,93.43,33.98
1992-09-21,4.65,38.73,22.98,89.87,33.14
1992-09-22,0.0,40.68,23.63,83.83,16.24
1992-09-23,0.0,41.27,24.59,61.7,16.68
1992-09-24,0.0,41.59,24.13,76.76,16.38
1992-09-25,0.0,40.44,24.27,81.5,17.8
1992-09-26,0.0,40.76,23.43,75.74,18.92
1992-09-27,0.0,42.49,24.76,60.94,13.54
1992-09-28,0.0,41.95,25.83,40.33,13.61
1992-09-29,0.0,41.95,25.71,48.46,14.22
1992-09-30,9.06,41.08,26.18,41.4,16.96
1992-10-01,0.01,40.81,24.51,69.97,19.58
1992-10-02,0.0,39.92,24.13,86.18,32.64
1992-10-03,0.0,38.12,23.52,98.17,36.08
1992-10-04,0.0,38.46,22.82,97.91,32.19
1992-10-05,0.0,39.0,21.63,99.0,27.28
1992-10-06,0.0,40.37,21.92,99.62,14.42
1992-10-07,0.0,39.71,23.2,56.21,16.45
1992-10-08,0.0,38.21,21.56,84.84,20.79
1992-10-09,0.0,38.76,21.38,88.91,20.26
1992-10-10,0.0,37.9,21.23,85.08,21.29
1992-10-11,0.0,38.58,20.71,94.34,20.44
1992-10-12,0.0,37.79,20.38,99.13,27.24
1992-10-13,0.0,38.74,20.75,99.15,24.03
1992-10-14,0.0,38.89,21.11,95.14,22.63
1992-10-15,0.0,38.65,22.26,74.75,24.55
1992-10-16,0.0,36.22,21.1,94.13,30.12
1992-10-17,0.0,38.41,22.59,67.16,24.21
1992-10-18,0.0,39.48,22.68,85.16,23.83
1992-10-19,0.0,40.51,22.7,74.66,18.5
1992-10-20,0.0,42.1,24.22,65.62,12.14
1992-10-21,0.0,42.03,24.85,36.47,11.8
1992-10-22,0.0,41.27,25.64,38.48,13.67
1992-10-23,0.0,35.45,23.87,43.83,22.01
1992-10-24,0.0,32.92,18.35,48.51,18.99
1992-10-25,0.0,35.37,18.48,39.17,13.68
1992-10-26,0.0,38.23,21.09,31.5,11.14
1992-10-27,0.0,39.09,23.49,26.15,12.81
1992-10-28,0.07,39.85,24.84,33.91,10.74
1992-10-29,0.0,38.46,23.22,37.3,14.0
1992-10-30,0.0,36.87,20.99,48.95,16.54
1992-10-31,0.0,35.76,18.66,91.87,23.25
1992-11-01,0.0,37.54,18.9,82.24,19.95
1992-11-02,0.0,38.93,21.38,59.61,16.09
1992-11-03,0.02,38.33,22.81,43.36,13.55
1992-11-04,0.0,39.18,20.9,35.91,13.11
1992-11-05,0.0,36.83,21.37,32.92,12.4
1992-11-06,0.0,35.63,19.31,25.89,10.65
1992-11-07,0.0,34.38,18.08,40.38,15.82
1992-11-08,0.0,33.39,16.67,36.0,15.07
1992-11-09,0.0,35.21,16.99,42.52,15.51
1992-11-10,0.0,36.61,18.65,43.36,17.86
1992-11-11,0.03,35.84,20.27,97.89,34.26
1992-11-12,0.0,34.3,21.21,94.11,33.18
1992-11-13,0.0,37.27,20.71,56.3,15.64
1992-11-14,0.0,36.95,21.77,47.79,16.1
1992-11-15,0.0,36.26,21.68,35.08,13.14
1992-11-16,0.0,35.29,19.37,34.26,13.75
1992-11-17,0.0,33.78,18.83,38.14,18.7
1992-11-18,0.0,35.72,17.9,53.08,17.37
1992-11-19,0.0,32.1,17.95,30.03,18.01
1992-11-20,0.0,31.53,15.69,46.1,18.44
1992-11-21,0.0,33.3,15.29,43.17,15.0
1992-11-22,0.0,36.09,18.09,34.34,13.11
1992-11-23,0.0,35.77,20.46,29.18,12.25
1992-11-24,0.0,35.48,19.01,28.93,12.62
1992-11-25,0.0,35.03,17.94,34.13,14.48
1992-11-26,0.0,35.23,17.97,37.92,15.58
1992-11-27,0.0,35.41,18.81,34.72,12.97
1992-11-28,0.0,33.92,18.81,29.18,14.16
1992-11-29,0.0,32.56,18.72,35.73,16.92
1992-11-30,0.0,33.47,17.6,37.09,14.91
1992-12-01,0.0,33.64,16.0,33.24,13.81
1992-12-02,0.0,34.04,16.49,32.62,13.3
1992-12-03,0.0,32.42,15.24,33.49,14.92
1992-12-04,0.0,32.9,14.41,34.82,14.44
1992-12-05,0.0,33.58,15.61,34.93,14.71
1992-12-06,0.0,33.25,14.92,39.02,16.07
1992-12-07,0.0,33.21,15.06,39.12,14.71
1992-12-08,0.0,32.84,15.67,33.23,12.75
1992-12-09,0.0,33.35,16.02,29.19,9.92
1992-12-10,0.0,32.85,15.48,32.13,11.71
1992-12-11,0.01,32.57,16.4,53.39,19.67
1992-12-12,0.0,31.46,16.57,84.04,32.53
1992-12-13,0.04,32.61,15.72,96.22,26.7
1992-12-14,0.0,33.68,18.23,67.13,23.08
1992-12-15,0.0,36.77,18.26,64.45,13.06
1992-12-16,0.0,37.03,18.67,39.71,18.21
1992-12-17,0.0,36.78,18.71,46.42,17.04
1992-12-18,0.0,36.5,17.61,46.29,15.83
1992-12-19,0.0,37.01,17.86,41.84,11.42
1992-12-20,0.0,35.54,17.01,39.86,13.61
1992-12-21,0.0,32.44,15.91,62.26,23.52
1992-12-22,0.0,33.75,15.67,58.04,18.95
1992-12-23,0.0,31.66,15.55,66.26,24.76
1992-12-24,0.0,29.41,14.82,94.98,30.7
1992-12-25,0.0,30.6,16.03,67.15,26.64
1992-12-26,0.0,32.25,16.39,50.1,20.09
1992-12-27,0.0,33.33,16.85,44.88,18.96
1992-12-28,0.0,34.32,18.17,39.65,17.87
1992-12-29,0.0,32.84,19.26,41.95,21.56
1992-12-30,0.0,30.82,18.27,49.99,25.6
1992-12-31,0.0,31.79,16.33,57.3,26.37
1993-01-01,0.0,32.29,18.74,52.05,28.53
1993-01-02,0.02,31.46,18.81,56.3,25.87
1993-01-03,0.0,31.79,18.08,50.1,28.2
1993-01-04,0.0,30.15,18.65,44.97,24.96
1993-01-05,0.0,30.88,17.81,51.95,18.54
1993-01-06,0.0,29.6,15.54,31.92,14.29
1993-01-07,0.0,26.11,13.89,25.65,11.01
1993-01-08,0.0,26.89,13.61,23.81,14.16
1993-01-09,0.05,24.1,15.51,65.09,20.44
1993-01-10,0.0,26.87,13.38,75.0,20.6
1993-01-11,0.0,30.9,15.66,40.45,13.77
1993-01-12,0.04,31.56,15.27,31.11,13.52
1993-01-13,0.02,31.72,15.16,35.99,14.88
1993-01-14,0.0,33.5,16.45,37.81,14.61
1993-01-15,0.0,32.6,17.56,33.49,14.46
1993-01-16,0.0,33.27,17.46,42.66,16.66
1993-01-17,0.0,33.7,15.89,55.09,13.31
1993-01-18,0.0,32.45,14.51,39.85,15.03
1993-01-19,0.0,33.2,14.81,40.1,14.39
1993-01-20,0.0,32.07,14.26,72.28,23.19
1993-01-21,0.0,32.11,14.02,71.49,16.81
1993-01-22,0.0,34.58,15.28,42.62,12.75
1993-01-23,0.0,36.02,16.98,33.66,11.52
1993-01-24,0.0,37.99,18.67,26.39,7.76
1993-01-25,0.0,37.87,18.53,26.34,9.62
1993-01-26,0.0,36.95,18.63,26.26,10.91
1993-01-27,0.0,32.73,16.97,30.75,14.94
1993-01-28,0.0,28.98,14.61,27.03,12.59
1993-01-29,0.0,29.72,13.8,31.74,11.94
1993-01-30,0.0,30.24,12.85,33.14,10.3
1993-01-31,0.01,30.08,13.13,34.62,10.99
1993-02-01,0.0,30.38,15.5,40.03,17.24
1993-02-02,0.0,30.08,16.81,59.39,26.44
1993-02-03,0.0,29.6,13.98,66.56,26.07
1993-02-04,0.0,29.49,13.09,57.69,22.58
1993-02-05,0.0,30.8,13.29,55.14,20.56
1993-02-06,0.0,30.81,13.94,45.98,17.63
1993-02-07,0.0,31.5,14.65,43.75,16.56
1993-02-08,0.0,34.42,16.93,36.37,14.8
1993-02-09,0.0,38.21,20.3,30.68,10.43
1993-02-10,0.0,39.06,21.16,24.14,4.89
1993-02-11,0.0,37.99,21.72,16.76,7.82
1993-02-12,0.0,38.14,22.21,23.48,10.33
1993-02-13,0.0,38.09,20.77,31.07,11.33
1993-02-14,0.0,35.61,18.49,28.01,10.72
1993-02-15,0.0,34.53,16.77,28.12,11.12
1993-02-16,0.0,34.98,16.83,30.89,12.42
1993-02-17,0.0,35.94,17.69,29.71,11.7
1993-02-18,0.0,34.82,18.41,48.68,15.73
1993-02-19,0.0,32.59,15.55,90.58,25.62
1993-02-20,0.0,33.27,16.51,85.43,27.81
1993-02-21,0.0,31.35,17.42,87.65,38.12
1993-02-22,0.0,28.67,14.92,99.43,36.81
1993-02-23,0.0,28.5,12.08,97.97,30.67
1993-02-24,0.0,31.31,12.34,97.83,18.56
1993-02-25,0.0,34.99,15.22,49.51,14.88
1993-02-26,0.0,36.76,17.85,36.37,13.54
1993-02-27,0.0,36.16,17.9,35.05,12.39
1993-02-28,0.0,33.24,16.57,46.27,15.91
1993-03-01,0.0,32.23,13.83,97.1,20.45
1993-03-02,0.0,35.24,15.65,56.82,14.52
1993-03-03,0.0,30.96,15.33,92.34,33.76
1993-03-04,0.0,31.76,16.95,82.45,24.12
1993-03-05,0.0,32.42,16.35,84.68,30.61
1993-03-06,0.0,34.4,17.03,84.54,22.91
1993-03-07,0.0,34.21,17.5,68.29,22.82
1993-03-08,0.0,34.22,17.15,56.22,19.59
1993-03-09,0.0,35.32,16.45,67.05,15.23
1993-03-10,0.0,33.85,15.25,74.48,14.85
1993-03-11,0.0,34.14,14.69,92.24,17.75
1993-03-12,0.0,36.82,16.51,61.58,13.65
1993-03-13,0.0,38.09,17.11,58.08,8.88
1993-03-14,0.0,37.74,18.69,27.08,7.19
1993-03-15,0.0,35.98,18.67,54.56,12.73
1993-03-16,0.0,29.0,13.78,98.14,29.13
1993-03-17,0.01,34.21,18.96,66.85,27.43
1993-03-18,0.0,35.05,17.07,92.98,27.24
1993-03-19,0.0,39.11,18.34,88.65,12.9
1993-03-20,0.01,43.37,21.18,55.16,5.69
1993-03-21,0.01,40.47,22.18,19.05,6.38
1993-03-22,0.0,40.7,21.54,23.02,6.46
1993-03-23,0.0,40.78,20.57,19.34,6.41
1993-03-24,0.0,41.97,20.69,27.42,7.42
1993-03-25,0.0,42.34,22.32,26.08,6.93
1993-03-26,0.0,41.71,21.32,29.09,7.87
1993-03-27,0.0,40.17,19.64,57.64,10.84
1993-03-28,0.0,39.48,19.73,46.25,10.85
1993-03-29,0.0,34.74,16.65,86.69,23.5
1993-03-30,0.0,35.95,15.52,97.54,14.63
1993-03-31,0.0,37.03,17.3,59.37,12.41
1993-04-01,0.0,38.66,17.66,68.32,9.64
1993-04-02,0.0,38.72,17.88,79.23,8.48
1993-04-03,0.0,37.94,21.9,58.34,13.16
1993-04-04,0.0,36.32,17.71,88.73,23.97
1993-04-05,0.0,36.65,18.02,79.47,23.04
1993-04-06,0.0,39.58,20.34,59.66,16.49
1993-04-07,0.0,40.29,20.0,66.73,15.06
1993-04-08,0.0,41.15,21.25,58.7,11.73
1993-04-09,0.0,43.7,22.53,46.94,4.96
1993-04-10,0.0,43.08,23.8,17.76,4.59
1993-04-11,0.0,42.31,21.41,41.28,6.0
1993-04-12,0.0,40.18,21.28,51.81,11.65
1993-04-13,0.0,33.72,16.63,91.2,26.66
1993-04-14,0.06,34.54,18.19,77.39,27.27
1993-04-15,0.05,38.67,19.4,80.11,15.7
1993-04-16,0.0,41.13,22.48,55.68,17.26
1993-04-17,0.0,40.31,21.94,49.14,14.33
1993-04-18,0.0,38.82,20.18,57.34,13.2
1993-04-19,0.0,37.38,17.62,77.0,14.91
1993-04-20,0.0,34.66,17.43,79.89,26.99
1993-04-21,0.0,33.05,18.8,81.41,32.31
1993-04-22,0.04,31.92,16.79,84.93,33.2
1993-04-23,0.0,31.47,18.36,83.87,37.56
1993-04-24,0.0,36.62,18.95,78.8,22.98
1993-04-25,0.0,38.49,20.12,61.3,12.88
1993-04-26,0.0,38.07,19.14,60.66,13.05
1993-04-27,0.0,38.04,18.82,77.08,16.21
1993-04-28,0.0,36.97,18.15,80.94,25.89
1993-04-29,0.0,37.8,17.91,88.94,25.66
1993-04-30,0.0,40.62,20.03,73.96,20.27
1993-05-01,0.0,41.63,22.47,63.05,16.54
1993-05-02,0.0,39.37,24.47,51.87,21.16
1993-05-03,0.0,35.95,20.77,83.26,31.88
1993-05-04,0.0,33.7,18.34,92.37,25.94
1993-05-05,0.0,35.51,19.3,61.6,19.21
1993-05-06,0.0,39.8,20.93,36.89,11.18
1993-05-07,0.0,41.17,21.6,44.63,8.91
1993-05-08,0.0,36.47,20.47,64.91,24.23
1993-05-09,0.0,35.32,18.98,90.07,27.38
1993-05-10,0.0,39.25,19.43,75.82,19.88
1993-05-11,0.0,37.47,20.07,75.78,23.49
1993-05-12,0.0,42.41,21.68,59.11,15.9
1993-05-13,0.0,41.57,22.16,62.2,16.74
1993-05-14,0.0,40.78,20.22,70.32,13.52
1993-05-15,0.0,41.19,21.94,51.22,14.0
1993-05-16,0.0,43.49,21.91,67.3,13.63
1993-05-17,0.0,44.92,23.88,57.55,10.92
1993-05-18,0.0,42.79,23.81,57.43,12.06
1993-05-19,0.0,42.45,22.97,55.82,14.17
1993-05-20,0.0,41.44,22.34,65.15,18.85
1993-05-21,0.0,41.39,22.12,59.69,14.8
1993-05-22,0.0,42.0,22.62,63.66,15.42
1993-05-23,0.0,38.49,20.89,68.99,21.65
1993-05-24,0.0,36.04,19.09,91.4,30.09
1993-05-25,0.01,36.89,19.25,84.23,24.34
1993-05-26,0.0,36.4,18.33,94.69,26.77
1993-05-27,0.0,39.54,19.45,85.33,17.0
1993-05-28,0.0,42.59,23.69,44.12,12.58
1993-05-29,0.0,43.12,22.75,59.81,12.9
1993-05-30,0.0,41.28,20.72,74.34,12.72
1993-05-31,0.0,41.78,20.7,75.78,10.28
1993-06-01,0.0,40.93,21.82,67.47,13.07
1993-06-02,0.0,39.75,20.9,77.66,19.7
1993-06-03,0.0,40.53,21.1,72.4,16.55
1993-06-04,0.0,39.33,21.42,79.11,20.73
1993-06-05,0.0,36.41,21.28,81.99,32.29
1993-06-06,0.0,36.7,21.92,78.64,32.33
1993-06-07,0.0,35.43,22.49,82.69,35.78
1993-06-08,0.0,35.6,21.39,80.2,32.29
1993-06-09,0.0,37.27,22.23,76.86,32.66
1993-06-10,0.0,37.41,21.85,88.95,31.05
1993-06-11,0.0,44.86,23.26,72.75,11.37
1993-06-12,0.0,43.57,27.8,37.93,14.68
1993-06-13,0.0,39.26,22.28,78.55,19.1
1993-06-14,0.0,36.65,20.63,92.35,30.26
1993-06-15,0.0,39.59,20.52,94.33,21.7
1993-06-16,0.0,37.06,20.28,98.1,35.3
1993-06-17,0.0,38.55,23.29,81.81,28.59
1993-06-18,0.0,38.46,22.06,89.21,30.37
1993-06-19,0.0,38.82,22.71,87.31,33.58
1993-06-20,0.0,36.99,22.17,94.78,31.93
1993-06-21,0.0,37.25,21.21,91.05,32.2
1993-06-22,0.0,39.24,21.81,89.47,25.72
1993-06-23,0.0,38.95,21.92,91.02,29.22
1993-06-24,0.0,37.71,22.24,93.41,35.05
1993-06-25,0.0,38.21,21.49,87.68,29.26
1993-06-26,0.0,39.8,22.11,82.69,26.77
1993-06-27,0.0,37.98,22.69,85.07,35.45
1993-06-28,0.0,36.91,22.22,97.19,41.3
1993-06-29,0.0,37.13,23.91,91.74,41.95
1993-06-30,0.01,38.86,24.64,82.25,35.12
1993-07-01,0.0,37.75,22.28,81.19,30.84
1993-07-02,0.0,37.13,24.16,73.94,35.72
1993-07-03,0.0,36.4,22.58,79.68,34.11
1993-07-04,0.0,38.91,22.3,75.88,24.09
1993-07-05,0.0,39.53,22.33,83.36,22.46
1993-07-06,0.0,39.41,24.11,73.57,29.12
1993-07-07,0.0,37.57,23.47,88.0,35.62
1993-07-08,0.0,37.73,23.03,87.02,34.27
1993-07-09,0.02,38.28,23.68,83.24,36.77
1993-07-10,0.0,36.23,25.06,79.73,36.88
1993-07-11,0.0,36.58,23.65,76.27,36.88
1993-07-12,0.0,38.91,22.72,74.57,29.26
1993-07-13,0.0,37.46,24.74,82.04,39.64
1993-07-14,0.0,35.73,23.9,86.83,35.64
1993-07-15,0.0,35.48,23.72,75.18,37.28
1993-07-16,0.37,38.06,21.48,88.48,31.28
1993-07-17,0.0,38.82,23.77,91.48,34.42
1993-07-18,0.02,37.2,23.69,87.12,34.31
1993-07-19,0.0,37.57,24.49,77.01,33.53
1993-07-20,0.0,35.7,23.84,78.83,39.58
1993-07-21,0.0,35.43,22.59,92.67,42.45
1993-07-22,0.0,35.2,22.2,98.8,43.19
1993-07-23,0.28,37.68,23.27,87.14,38.3
1993-07-24,4.8,38.65,23.7,86.23,35.24
1993-07-25,0.0,35.28,23.78,84.56,41.02
1993-07-26,0.0,35.61,23.61,70.95,34.88
1993-07-27,0.0,38.25,25.15,70.69,31.93
1993-07-28,0.0,38.96,24.65,77.1,32.12
1993-07-29,0.25,37.7,24.49,87.51,42.29
1993-07-30,0.0,37.24,24.09,95.01,42.86
1993-07-31,0.07,36.88,24.52,94.47,44.77
1993-08-01,0.0,37.15,24.38,81.54,40.24
1993-08-02,0.0,37.59,24.06,77.35,38.8
1993-08-03,0.0,38.64,23.49,86.91,36.32
1993-08-04,0.53,39.47,24.03,80.98,33.8
1993-08-05,0.0,38.55,24.23,85.15,40.61
1993-08-06,0.0,39.52,24.91,88.69,39.33
1993-08-07,0.06,40.17,25.54,89.41,34.23
1993-08-08,0.0,39.19,24.48,86.85,39.57
1993-08-09,0.0,38.36,26.09,87.97,43.57
1993-08-10,0.11,36.95,25.03,90.97,45.18
1993-08-11,16.16,37.81,24.88,88.58,41.91
1993-08-12,22.45,36.06,23.73,92.33,43.79
1993-08-13,0.0,36.87,23.3,86.33,37.87
1993-08-14,0.0,36.59,24.46,75.12,39.98
1993-08-15,14.13,37.63,23.55,87.07,37.74
1993-08-16,9.49,35.85,23.6,92.41,46.5
1993-08-17,0.0,36.09,23.05,96.18,47.76
1993-08-18,0.0,36.92,24.01,97.67,45.55
1993-08-19,0.0,38.2,24.56,77.76,35.73
1993-08-20,0.02,39.64,24.1,89.39,34.74
1993-08-21,0.0,36.02,24.58,92.88,54.7
1993-08-22,0.0,33.63,24.07,97.8,64.38
1993-08-23,0.0,35.75,24.62,98.03,46.23
1993-08-24,0.0,36.57,23.48,91.52,41.86
1993-08-25,0.0,38.76,24.13,89.58,36.57
1993-08-26,44.0,34.21,23.92,97.85,65.87
1993-08-27,0.0,31.91,23.16,99.81,67.33
1993-08-28,16.16,32.69,23.91,99.4,70.18
1993-08-29,0.33,31.8,23.13,99.57,66.87
1993-08-30,0.0,36.36,23.58,94.21,38.43
1993-08-31,0.44,41.26,24.84,84.0,18.63
1993-09-01,10.43,38.27,24.33,70.45,27.22
1993-09-02,6.77,38.02,25.2,81.13,40.75
1993-09-03,4.67,36.34,24.17,98.88,47.85
1993-09-04,4.28,35.45,23.48,97.77,44.72
1993-09-05,0.53,36.5,23.33,98.62,44.42
1993-09-06,1.66,36.71,22.57,100.0,42.5
1993-09-07,0.13,40.51,24.32,92.43,29.75
1993-09-08,0.0,36.34,25.5,91.94,48.82
1993-09-09,0.01,38.8,23.81,99.37,28.78
1993-09-10,0.0,39.77,24.72,85.27,30.71
1993-09-11,0.01,40.92,24.78,80.86,24.04
1993-09-12,0.0,39.61,24.83,84.31,33.12
1993-09-13,0.0,39.54,24.08,97.91,26.28
1993-09-14,0.0,39.03,23.18,82.97,25.5
1993-09-15,0.0,37.08,22.73,83.21,35.18
1993-09-16,0.0,37.35,22.97,82.33,30.06
1993-09-17,0.0,41.75,23.87,76.44,14.02
1993-09-18,0.0,42.66,26.36,32.24,10.82
1993-09-19,0.0,39.57,25.33,84.75,21.08
1993-09-20,0.0,41.95,24.07,92.02,16.0
1993-09-21,7.71,42.23,26.1,48.18,17.42
1993-09-22,10.49,36.67,24.7,87.21,43.51
1993-09-23,0.03,34.82,22.34,99.67,51.5
1993-09-24,0.07,36.92,23.34,99.86,42.26
1993-09-25,0.0,41.13,22.99,93.38,17.26
1993-09-26,13.51,38.98,25.84,55.51,30.56
1993-09-27,0.33,37.29,25.18,84.2,40.15
1993-09-28,0.0,38.31,24.19,88.07,24.89
1993-09-29,0.0,39.63,23.7,72.27,21.61
1993-09-30,0.0,39.57,23.5,64.89,19.85
1993-10-01,0.0,40.95,22.64,74.61,15.63
1993-10-02,0.0,41.87,23.69,69.9,17.81
1993-10-03,0.0,39.21,24.56,84.09,26.73
1993-10-04,0.0,39.42,22.33,99.46,28.29
1993-10-05,0.0,41.15,22.67,88.44,18.24
1993-10-06,0.0,42.69,24.8,56.77,15.56
1993-10-07,0.0,39.54,23.81,97.24,25.49
1993-10-08,0.0,39.44,22.2,99.16,20.25
1993-10-09,0.0,41.88,22.15,81.64,11.51
1993-10-10,0.0,42.29,23.89,52.71,11.52
1993-10-11,0.06,41.45,23.89,52.35,12.31
1993-10-12,0.0,37.77,22.09,91.71,28.57
1993-10-13,0.0,35.45,21.94,98.32,35.69
1993-10-14,0.0,39.02,22.56,92.37,26.56
1993-10-15,0.0,40.05,22.35,99.41,15.53
1993-10-16,0.0,40.17,23.09,58.17,18.46
1993-10-17,0.0,39.91,22.87,75.69,18.69
1993-10-18,0.0,41.42,22.55,75.75,12.79
1993-10-19,0.0,40.27,24.14,35.44,15.59
1993-10-20,0.0,39.74,22.29,80.53,16.03
1993-10-21,0.0,40.57,22.7,48.21,11.64
1993-10-22,0.0,38.03,20.68,78.51,15.59
1993-10-23,0.0,35.46,18.94,98.24,26.35
1993-10-24,0.0,36.08,18.73,94.43,20.97
1993-10-25,0.0,36.25,19.23,75.77,16.53
1993-10-26,0.0,34.76,19.7,94.0,28.93
1993-10-27,0.0,34.07,19.88,88.88,36.54
1993-10-28,0.0,34.78,21.41,87.44,38.8
1993-10-29,0.0,33.26,21.51,94.16,43.61
1993-10-30,0.0,33.88,20.33,97.8,45.93
1993-10-31,0.0,32.5,19.75,96.79,38.78
1993-11-01,0.0,34.56,20.51,73.5,33.44
1993-11-02,0.0,34.14,21.24,73.92,32.67
1993-11-03,0.0,38.1,20.94,88.45,26.1
1993-11-04,0.0,37.13,20.05,95.81,28.41
1993-11-05,0.0,40.22,21.33,79.83,18.59
1993-11-06,0.0,38.91,20.75,88.86,21.39
1993-11-07,0.0,37.77,21.7,61.95,21.82
1993-11-08,0.15,33.86,22.06,60.21,28.18
1993-11-09,0.0,35.15,19.23,58.09,24.24
1993-11-10,0.0,35.01,19.32,52.32,21.95
1993-11-11,0.0,32.1,18.38,52.7,23.42
1993-11-12,0.0,30.05,15.32,57.0,20.45
1993-11-13,0.0,30.17,14.15,73.35,33.58
1993-11-14,0.0,31.91,15.32,83.16,32.89
1993-11-15,0.0,33.32,16.0,76.39,24.65
1993-11-16,0.0,35.36,17.92,54.5,18.32
1993-11-17,0.0,35.61,18.76,41.57,15.02
1993-11-18,0.0,35.16,19.44,40.1,15.91
1993-11-19,0.01,33.59,17.01,85.79,22.46
1993-11-20,0.0,35.13,16.48,93.06,18.39
1993-11-21,0.0,35.51,20.22,50.52,18.6
1993-11-22,0.0,35.3,20.5,50.4,22.24
1993-11-23,0.0,29.7,16.97,95.02,39.52
1993-11-24,0.0,28.84,15.2,94.39,37.51
1993-11-25,0.0,29.2,14.82,76.04,28.8
1993-11-26,0.0,31.5,15.72,65.71,24.88
1993-11-27,0.0,31.93,16.55,50.46,20.09
1993-11-28,0.0,31.17,16.21,41.43,16.5
1993-11-29,0.0,30.9,15.25,32.09,13.36
1993-11-30,0.0,30.58,13.61,37.7,14.46
1993-12-01,0.0,30.3,13.74,42.38,22.08
1993-12-02,0.0,30.71,13.98,52.87,17.67
1993-12-03,0.0,31.89,13.03,55.47,17.74
1993-12-04,0.0,31.08,14.85,48.37,19.77
1993-12-05,0.0,30.18,15.93,31.78,10.96
1993-12-06,0.0,30.72,15.15,32.1,13.12
1993-12-07,0.0,29.75,15.36,39.48,16.09
1993-12-08,0.0,32.98,15.03,43.55,14.89
1993-12-09,0.0,33.12,16.94,53.35,21.14
1993-12-10,0.01,30.78,15.96,92.68,38.26
1993-12-11,0.0,32.18,19.83,63.32,30.02
1993-12-12,0.0,35.91,18.24,53.12,17.31
1993-12-13,0.0,36.53,19.5,36.38,15.02
1993-12-14,0.0,35.52,18.1,40.86,15.05
1993-12-15,0.0,34.79,17.64,36.09,15.2
1993-12-16,0.0,29.14,14.97,60.76,26.82
1993-12-17,0.0,30.91,13.49,50.88,20.6
1993-12-18,0.01,31.23,14.81,48.16,17.6
1993-12-19,0.0,29.43,14.91,35.53,16.25
1993-12-20,0.0,30.8,15.02,47.62,18.37
1993-12-21,0.01,32.05,16.39,44.21,14.94
1993-12-22,0.0,33.12,18.81,41.04,18.09
1993-12-23,0.0,33.7,16.39,50.84,22.14
1993-12-24,0.0,33.9,16.14,47.29,21.65
1993-12-25,0.0,33.76,18.08,49.71,19.73
1993-12-26,0.0,32.4,17.82,38.51,16.14
1993-12-27,0.0,30.46,15.81,37.77,16.58
1993-12-28,0.0,30.93,15.91,35.53,13.93
1993-12-29,0.01,29.8,13.87,46.04,15.13
1993-12-30,0.0,28.43,14.28,38.71,18.06
1993-12-31,0.0,27.36,13.29,38.11,15.88
1994-01-01,0.0,29.46,12.59,37.63,14.06
1994-01-02,0.0,30.34,14.69,33.5,13.53
1994-01-03,0.0,30.01,13.6,34.34,12.16
1994-01-04,0.0,29.96,13.14,35.15,11.88
1994-01-05,0.0,29.74,12.52,32.57,11.04
1994-01-06,0.0,29.28,12.6,37.74,11.3
1994-01-07,0.0,28.13,11.62,66.66,19.11
1994-01-08,0.0,29.28,11.66,66.01,23.31
1994-01-09,0.0,30.81,12.93,69.26,23.27
1994-01-10,0.0,31.15,13.91,63.88,15.42
1994-01-11,0.0,28.48,12.66,33.87,13.11
1994-01-12,0.0,30.32,12.29,34.96,11.14
1994-01-13,0.0,31.58,14.35,27.63,8.91
1994-01-14,0.0,33.82,18.89,20.46,9.74
1994-01-15,0.0,31.03,14.87,22.99,8.94
1994-01-16,0.0,30.39,14.17,26.25,9.85
1994-01-17,0.0,26.97,12.44,59.24,17.8
1994-01-18,0.0,25.63,11.3,99.61,36.94
1994-01-19,0.0,23.61,10.87,63.89,30.05
1994-01-20,0.0,24.27,8.74,72.41,27.1
1994-01-21,0.0,25.64,10.46,74.1,27.46
1994-01-22,0.0,26.32,10.48,71.49,23.86
1994-01-23,0.0,26.55,11.15,53.47,22.3
1994-01-24,0.0,28.77,11.93,44.33,17.65
1994-01-25,0.0,26.0,14.02,35.39,17.27
1994-01-26,0.0,26.51,11.78,36.86,16.63
1994-01-27,0.0,29.68,12.47,40.64,17.38
1994-01-28,0.0,31.28,15.27,41.23,16.59
1994-01-29,0.0,33.51,16.1,36.25,13.4
1994-01-30,0.0,34.15,17.96,31.77,10.33
1994-01-31,0.0,32.22,16.63,16.42,5.09
1994-02-01,0.0,31.5,15.16,15.8,6.27
1994-02-02,0.0,33.27,16.83,25.04,6.77
1994-02-03,0.0,32.08,14.69,32.02,7.41
1994-02-04,0.0,30.79,13.56,30.28,10.57
1994-02-05,0.0,30.56,13.65,38.27,14.84
1994-02-06,0.0,29.89,13.03,61.76,20.32
1994-02-07,0.0,33.23,13.58,45.48,12.85
1994-02-08,0.0,32.22,14.69,27.93,8.0
1994-02-09,0.0,33.68,16.71,18.95,6.45
1994-02-10,0.0,33.82,14.36,22.77,5.3
1994-02-11,0.0,32.63,14.96,30.59,9.4
1994-02-12,0.0,30.04,14.91,25.26,10.02
1994-02-13,0.0,33.5,14.3,35.53,7.35
1994-02-14,0.0,35.27,15.22,25.39,7.26
1994-02-15,0.0,35.0,16.93,27.52,5.66
1994-02-16,0.0,33.15,16.76,20.21,5.5
1994-02-17,0.0,32.42,15.01,60.05,8.88
1994-02-18,0.0,31.85,14.15,52.17,16.6
1994-02-19,0.0,32.84,14.65,38.28,9.44
1994-02-20,0.0,34.4,16.35,28.95,10.22
1994-02-21,0.0,36.3,16.25,27.05,8.05
1994-02-22,0.0,36.53,16.79,23.28,5.95
1994-02-23,0.0,36.65,16.96,17.66,6.4
1994-02-24,0.0,37.43,17.35,21.57,6.21
1994-02-25,0.0,37.92,18.29,30.67,8.14
1994-02-26,0.0,34.59,16.72,65.29,16.47
1994-02-27,0.0,31.03,14.61,53.64,18.69
1994-02-28,0.0,35.64,16.85,46.25,13.92
1994-03-01,0.0,33.13,17.42,52.85,17.99
1994-03-02,0.0,31.72,15.15,50.38,18.39
1994-03-03,0.0,33.36,14.63,46.5,13.22
1994-03-04,0.0,34.63,15.83,34.26,10.04
1994-03-05,0.0,35.54,16.76,29.62,10.94
1994-03-06,0.0,34.49,17.91,32.61,13.52
1994-03-07,0.0,32.68,15.68,82.88,19.6
1994-03-08,0.0,26.52,16.24,98.48,47.71
1994-03-09,0.0,29.66,13.74,98.93,39.32
1994-03-10,0.0,34.59,16.41,81.22,19.47
1994-03-11,0.0,36.43,18.61,45.67,15.15
1994-03-12,0.0,38.36,20.44,36.59,11.62
1994-03-13,0.0,33.92,18.26,47.7,18.24
1994-03-14,0.0,30.2,14.1,76.58,22.59
1994-03-15,0.0,33.68,14.03,96.15,16.03
1994-03-16,0.0,36.48,16.67,30.98,8.52
1994-03-17,0.0,38.4,18.5,26.04,8.03
1994-03-18,0.0,38.9,21.46,24.31,8.58
1994-03-19,0.0,39.96,22.84,24.59,9.69
1994-03-20,0.0,39.34,21.13,29.2,11.11
1994-03-21,0.0,38.38,19.01,50.7,11.2
1994-03-22,0.0,37.15,17.14,64.12,9.44
1994-03-23,0.0,37.43,18.15,28.15,8.71
1994-03-24,0.0,38.65,18.66,31.28,9.33
1994-03-25,0.0,38.49,21.06,32.89,12.01
1994-03-26,0.0,39.02,21.14,34.12,12.61
1994-03-27,0.0,38.96,21.36,27.57,12.15
1994-03-28,0.0,39.49,20.29,29.86,10.1
1994-03-29,0.0,37.32,19.38,64.29,20.38
1994-03-30,0.0,37.35,17.84,78.95,16.53
1994-03-31,0.0,38.5,20.64,61.4,15.09
1994-04-01,0.0,41.31,19.57,76.09,6.39
1994-04-02,0.0,39.61,23.06,20.1,4.02
1994-04-03,0.0,39.69,21.1,27.59,8.57
1994-04-04,0.0,40.3,20.94,34.28,8.89
1994-04-05,0.0,37.3,20.45,20.97,6.35
1994-04-06,0.0,36.78,18.77,24.32,9.66
1994-04-07,0.0,39.32,19.51,35.72,9.42
1994-04-08,0.0,40.98,18.78,52.04,10.18
1994-04-09,0.0,38.67,18.9,59.49,15.53
1994-04-10,0.0,39.29,19.07,55.47,13.19
1994-04-11,0.0,37.04,18.09,73.02,20.64
1994-04-12,0.0,33.3,16.66,94.15,32.66
1994-04-13,0.0,32.15,16.53,91.48,33.63
1994-04-14,0.0,32.71,17.43,74.43,26.15
1994-04-15,0.0,34.49,14.52,93.2,25.68
1994-04-16,0.0,34.1,15.83,94.68,27.4
1994-04-17,0.0,33.41,18.67,70.78,26.82
1994-04-18,0.0,32.94,17.13,94.65,34.34
1994-04-19,0.0,33.08,18.01,91.37,33.34
1994-04-20,0.0,32.37,16.23,97.02,35.19
1994-04-21,0.0,37.08,16.05,99.28,17.85
1994-04-22,0.0,38.07,19.0,65.97,16.49
1994-04-23,0.0,39.66,19.27,82.01,12.93
1994-04-24,0.0,41.92,20.68,71.61,12.66
1994-04-25,0.0,41.66,25.05,34.29,13.02
1994-04-26,0.0,38.42,21.7,70.85,24.53
1994-04-27,0.0,37.33,19.59,78.46,25.75
1994-04-28,0.0,36.19,17.89,90.5,21.41
1994-04-29,0.0,34.58,18.12,95.85,34.83
1994-04-30,0.0,35.56,17.87,91.24,26.11
1994-05-01,0.0,38.05,17.77,94.36,21.9
1994-05-02,0.0,38.38,19.21,82.25,18.93
1994-05-03,0.0,39.26,18.95,80.9,14.89
1994-05-04,0.0,39.93,19.55,74.67,9.88
1994-05-05,0.0,38.94,19.02,78.47,17.83
1994-05-06,0.0,37.77,18.51,76.17,22.21
1994-05-07,0.0,36.23,17.41,93.51,28.16
1994-05-08,0.0,35.3,16.75,99.82,27.4
1994-05-09,0.0,39.47,18.37,85.77,14.01
1994-05-10,0.0,38.63,20.0,62.79,15.12
1994-05-11,0.0,34.97,17.68,89.49,25.71
1994-05-12,0.0,34.98,16.04,98.99,29.27
1994-05-13,0.0,35.64,16.72,96.25,24.36
1994-05-14,0.0,33.95,17.53,92.4,33.26
1994-05-15,0.0,35.69,18.86,77.98,25.2
1994-05-16,0.0,37.89,18.83,88.86,18.6
1994-05-17,0.0,42.15,22.66,50.7,12.55
1994-05-18,0.0,42.64,23.72,43.19,13.09
1994-05-19,0.0,41.46,23.69,36.16,11.47
1994-05-20,0.0,42.08,23.62,24.17,7.57
1994-05-21,0.0,40.68,21.41,56.33,12.72
1994-05-22,0.0,40.95,20.59,63.34,16.87
1994-05-23,0.0,43.38,22.93,56.51,12.5
1994-05-24,0.0,39.98,22.56,58.23,19.41
1994-05-25,0.0,34.97,19.84,82.89,35.48
1994-05-26,0.0,39.43,20.5,86.2,22.73
1994-05-27,0.0,36.79,20.43,88.85,34.53
1994-05-28,0.0,35.83,19.86,92.43,36.34
1994-05-29,0.0,36.89,19.77,97.41,34.42
1994-05-30,0.0,36.25,21.73,87.25,36.89
1994-05-31,0.0,37.38,20.73,87.66,30.81
1994-06-01,0.0,40.7,21.12,84.2,21.98
1994-06-02,0.0,43.09,24.63,63.47,16.58
1994-06-03,0.0,40.59,22.52,68.65,17.09
1994-06-04,0.0,37.19,21.23,79.02,30.69
1994-06-05,0.0,36.25,21.68,73.81,33.83
1994-06-06,0.0,35.57,20.5,97.93,35.47
1994-06-07,0.0,34.3,19.57,97.89,38.01
1994-06-08,0.0,34.73,20.78,92.65,38.58
1994-06-09,0.0,34.74,20.57,95.43,39.98
1994-06-10,0.0,36.75,19.85,99.04,31.33
1994-06-11,0.0,36.99,20.96,89.11,32.92
1994-06-12,0.0,36.42,21.92,87.54,32.77
1994-06-13,0.0,37.27,22.56,86.15,33.82
1994-06-14,0.0,39.75,22.74,78.92,26.78
1994-06-15,0.0,41.93,23.24,72.47,16.59
1994-06-16,0.0,39.05,23.24,79.11,31.46
1994-06-17,0.0,37.39,22.37,98.51,39.86
1994-06-18,0.0,38.71,22.03,98.22,25.76
1994-06-19,0.0,41.7,22.76,74.21,19.96
1994-06-20,0.0,38.77,24.09,81.94,31.08
1994-06-21,0.0,39.61,22.48,90.77,23.35
1994-06-22,0.0,40.37,22.11,78.58,20.21
1994-06-23,0.0,36.53,20.96,94.98,36.57
1994-06-24,0.0,38.09,22.22,87.13,37.04
1994-06-25,0.01,37.36,22.02,97.46,39.26
1994-06-26,0.0,37.37,22.27,94.59,33.61
1994-06-27,0.0,37.38,21.88,90.41,32.05
1994-06-28,0.0,37.72,21.58,91.04,31.45
1994-06-29,0.0,37.63,21.93,93.05,34.29
1994-06-30,0.0,36.94,21.91,93.06,35.14
1994-07-01,0.0,35.13,22.38,82.31,38.54
1994-07-02,0.0,34.86,21.26,82.95,36.58
1994-07-03,0.0,34.62,20.7,85.22,35.84
1994-07-04,0.0,35.11,20.61,83.4,35.62
1994-07-05,0.0,35.85,23.23,72.24,35.61
1994-07-06,0.0,37.16,22.89,79.11,31.71
1994-07-07,0.0,36.16,24.21,73.51,37.38
1994-07-08,0.0,35.95,22.46,93.05,39.25
1994-07-09,0.0,35.21,23.19,98.43,44.45
1994-07-10,0.0,36.1,21.73,97.36,37.77
1994-07-11,0.04,36.06,23.71,79.79,38.36
1994-07-12,0.0,37.19,23.45,81.22,38.19
1994-07-13,0.0,35.53,23.99,83.4,39.22
1994-07-14,0.0,35.85,22.69,81.17,36.38
1994-07-15,0.0,37.14,22.76,81.87,35.43
1994-07-16,0.0,36.05,23.39,83.39,38.64
1994-07-17,0.0,35.7,22.18,85.77,37.49
1994-07-18,0.08,38.19,22.6,79.04,33.11
1994-07-19,0.0,37.76,23.99,84.02,39.41
1994-07-20,0.0,36.78,24.29,87.09,39.07
1994-07-21,0.0,35.94,23.16,85.23,38.39
1994-07-22,0.64,35.17,22.13,86.07,38.45
1994-07-23,6.97,37.36,23.49,88.36,39.64
1994-07-24,0.0,36.85,22.96,85.09,40.86
1994-07-25,0.0,37.25,24.7,79.83,36.35
1994-07-26,0.0,38.49,25.07,77.8,34.02
1994-07-27,0.0,37.66,24.44,82.61,40.54
1994-07-28,0.03,36.32,23.65,95.18,42.56
1994-07-29,0.36,36.27,22.45,98.93,43.03
1994-07-30,0.0,36.68,23.4,99.52,42.96
1994-07-31,0.0,38.27,24.72,91.35,38.44
1994-08-01,0.0,38.97,23.68,94.23,30.27
1994-08-02,0.0,39.43,23.07,85.48,27.73
1994-08-03,0.0,39.89,23.59,85.95,28.4
1994-08-04,0.33,40.62,24.67,75.79,23.51
1994-08-05,0.14,39.28,24.39,80.53,34.93
1994-08-06,0.24,36.72,23.5,87.91,45.92
1994-08-07,0.18,35.86,24.23,89.08,46.95
1994-08-08,0.23,37.3,24.57,79.2,38.92
1994-08-09,9.02,36.68,23.77,83.21,41.56
1994-08-10,14.99,38.37,24.99,82.34,39.48
1994-08-11,6.3,33.78,23.75,97.87,63.12
1994-08-12,9.08,33.2,24.01,99.2,61.21
1994-08-13,0.0,35.13,23.66,98.32,47.1
1994-08-14,0.0,36.27,23.26,82.47,39.07
1994-08-15,2.82,36.87,23.54,82.49,38.03
1994-08-16,1.37,35.32,23.51,83.53,46.27
1994-08-17,0.04,39.52,25.26,77.51,30.81
1994-08-18,0.26,39.65,25.7,75.78,36.44
1994-08-19,0.0,39.06,25.13,82.99,37.59
1994-08-20,0.0,35.52,24.13,89.9,45.05
1994-08-21,0.0,40.12,22.58,88.74,23.89
1994-08-22,0.94,37.34,24.85,79.64,36.72
1994-08-23,0.0,39.7,25.66,83.32,32.48
1994-08-24,0.09,36.69,24.14,89.21,45.26
1994-08-25,1.92,36.1,23.34,95.73,46.02
1994-08-26,2.6,37.4,23.99,90.96,39.89
1994-08-27,0.45,38.07,24.57,95.43,41.05
1994-08-28,0.2,36.8,23.47,91.89,42.6
1994-08-29,0.0,38.49,23.75,83.71,31.3
1994-08-30,0.0,39.84,24.96,76.2,35.1
1994-08-31,0.07,37.86,24.9,87.62,41.33
1994-09-01,0.0,36.91,23.21,97.47,37.96
1994-09-02,0.0,38.87,24.86,74.68,34.47
1994-09-03,0.0,38.68,24.67,85.09,38.02
1994-09-04,0.0,38.24,24.31,92.12,39.61
1994-09-05,0.0,37.84,23.9,95.86,39.13
1994-09-06,0.0,36.65,23.74,93.69,44.03
1994-09-07,0.03,35.71,22.24,97.43,39.82
1994-09-08,0.0,36.76,22.23,82.37,34.77
1994-09-09,0.01,38.83,23.61,77.43,32.52
1994-09-10,0.04,37.87,23.57,83.85,35.69
1994-09-11,0.0,38.3,24.44,81.68,38.13
1994-09-12,0.0,38.5,24.49,81.05,36.56
1994-09-13,0.02,38.44,23.78,82.17,35.09
1994-09-14,0.21,39.54,24.57,81.2,33.7
1994-09-15,0.41,38.6,26.01,83.91,37.74
1994-09-16,0.0,38.97,26.55,70.63,36.74
1994-09-17,0.15,39.53,25.71,76.92,32.29
1994-09-18,0.0,39.88,23.2,91.58,23.41
1994-09-19,0.0,39.35,23.33,81.08,26.68
1994-09-20,0.0,37.73,23.28,84.42,36.73
1994-09-21,19.37,32.42,23.46,99.6,66.26
1994-09-22,0.0,32.89,22.66,99.62,60.51
1994-09-23,0.0,35.04,22.42,98.3,44.1
1994-09-24,0.0,35.82,21.43,87.87,36.01
1994-09-25,0.01,37.65,22.95,81.24,33.9
1994-09-26,0.0,35.7,24.09,89.57,45.74
1994-09-27,0.04,37.7,24.15,92.89,40.98
1994-09-28,1.55,32.13,23.39,98.77,74.76
1994-09-29,4.93,30.17,22.75,99.03,78.35
1994-09-30,0.51,33.7,22.13,99.81,44.36
1994-10-01,0.0,38.07,23.56,92.11,32.28
1994-10-02,0.0,40.1,24.89,60.82,21.92
1994-10-03,0.0,40.43,24.75,55.99,16.49
1994-10-04,0.0,40.11,23.56,58.95,19.57
1994-10-05,0.0,38.62,22.27,93.67,30.07
1994-10-06,0.0,36.38,22.13,93.14,39.19
1994-10-07,0.0,36.01,22.49,95.29,41.3
1994-10-08,0.0,33.87,21.62,98.01,43.38
1994-10-09,0.0,33.09,18.93,96.55,37.23
1994-10-10,0.0,33.99,18.55,96.75,33.09
1994-10-11,0.0,36.69,19.92,97.47,30.66
1994-10-12,0.89,37.88,23.98,97.77,37.76
1994-10-13,0.0,40.07,24.79,96.9,25.01
1994-10-14,0.0,39.92,24.27,56.9,18.52
1994-10-15,0.0,39.6,23.37,47.88,18.16
1994-10-16,0.0,39.65,23.5,48.75,18.81
1994-10-17,0.0,39.28,23.58,62.04,22.78
1994-10-18,0.06,40.41,25.73,44.46,18.27
1994-10-19,0.0,39.22,22.77,71.21,17.69
1994-10-20,0.0,38.04,21.47,83.32,19.72
1994-10-21,0.0,39.37,21.81,77.12,22.46
1994-10-22,0.0,37.33,24.5,97.12,36.66
1994-10-23,5.98,35.66,22.61,98.88,48.08
1994-10-24,0.0,38.43,24.03,96.03,26.23
1994-10-25,0.0,39.19,23.03,80.01,24.38
1994-10-26,0.0,40.09,23.86,69.73,18.21
1994-10-27,0.0,39.55,23.3,78.05,23.14
1994-10-28,0.0,35.42,21.53,89.26,30.94
1994-10-29,0.0,34.47,20.41,93.24,30.26
1994-10-30,0.0,34.94,19.95,94.37,27.05
1994-10-31,0.0,35.16,18.89,79.04,21.13
1994-11-01,0.0,37.75,19.9,52.23,18.8
1994-11-02,0.0,36.93,20.23,55.93,17.66
1994-11-03,0.0,36.56,19.26,78.1,22.82
1994-11-04,0.0,37.58,19.76,66.14,21.29
1994-11-05,0.0,37.92,19.7,80.06,22.28
1994-11-06,0.0,38.03,20.69,50.85,20.65
1994-11-07,0.0,37.6,20.8,49.93,22.87
1994-11-08,0.0,39.01,20.98,48.33,17.55
1994-11-09,0.0,40.2,21.58,45.53,18.96
1994-11-10,0.0,40.93,22.13,48.7,16.49
1994-11-11,0.0,40.94,22.07,44.49,13.92
1994-11-12,0.0,39.99,21.73,44.86,16.75
1994-11-13,0.0,39.33,21.38,43.26,13.97
1994-11-14,0.0,37.23,21.79,34.29,12.48
1994-11-15,0.0,37.16,19.38,39.43,14.31
1994-11-16,0.0,36.27,20.63,38.37,19.77
1994-11-17,0.0,33.98,20.67,43.11,21.25
1994-11-18,0.0,34.06,17.4,57.64,20.01
1994-11-19,0.0,35.95,17.58,52.3,17.05
1994-11-20,0.0,37.62,19.28,42.69,14.58
1994-11-21,0.0,38.79,20.72,35.88,11.06
1994-11-22,0.0,35.13,19.34,32.01,10.34
1994-11-23,0.0,36.26,18.54,30.82,11.43
1994-11-24,0.0,36.7,18.62,31.74,11.01
1994-11-25,0.0,36.27,19.89,35.73,13.42
1994-11-26,0.0,36.76,19.52,39.77,14.61
1994-11-27,0.0,36.09,19.79,37.55,15.27
1994-11-28,0.0,36.4,19.34,36.75,13.43
1994-11-29,0.0,36.51,19.46,34.25,12.76
1994-11-30,0.0,36.22,19.03,37.28,12.98
1994-12-01,0.0,36.66,18.17,35.46,13.4
1994-12-02,0.0,35.37,17.6,32.87,12.84
1994-12-03,0.0,34.63,16.28,32.99,11.33
1994-12-04,0.0,34.39,16.56,32.45,12.63
1994-12-05,0.0,31.36,15.79,39.65,18.95
1994-12-06,0.0,31.58,14.93,47.23,20.57
1994-12-07,0.0,31.66,14.99,43.26,16.68
1994-12-08,0.0,29.75,13.98,35.1,14.61
1994-12-09,0.0,30.47,13.21,37.63,15.4
1994-12-10,0.0,30.75,13.85,33.2,12.11
1994-12-11,0.0,29.59,12.97,26.47,10.47
1994-12-12,0.0,31.18,13.25,33.61,14.0
1994-12-13,0.0,34.03,15.85,36.1,14.89
1994-12-14,0.0,36.32,18.68,32.28,13.61
1994-12-15,0.0,32.75,18.87,25.99,13.28
1994-12-16,0.0,31.37,15.91,30.21,13.13
1994-12-17,0.0,32.66,15.56,32.94,12.8
1994-12-18,0.0,33.55,15.88,32.29,13.3
1994-12-19,0.0,33.04,16.91,29.83,12.19
1994-12-20,0.0,33.85,16.46,31.98,12.59
1994-12-21,0.0,32.49,17.82,28.46,14.83
1994-12-22,0.0,33.77,17.77,40.4,17.61
1994-12-23,0.0,35.25,16.82,44.93,19.5
1994-12-24,0.0,36.27,20.56,41.66,22.12
1994-12-25,0.0,37.1,20.64,36.06,12.24
1994-12-26,0.0,34.14,18.75,43.06,14.23
1994-12-27,0.0,32.73,20.5,39.3,17.49
1994-12-28,0.0,33.4,18.25,35.0,13.86
1994-12-29,0.0,32.72,18.53,37.81,8.72
1994-12-30,0.0,31.67,16.47,20.35,6.05
1994-12-31,0.0,31.99,14.78,20.12,7.4
1995-01-01,0.0,32.39,14.7,23.35,8.6
1995-01-02,0.0,32.61,14.32,27.52,9.87
1995-01-03,0.0,30.15,13.98,24.29,7.99
1995-01-04,0.0,31.1,14.55,24.21,7.93
1995-01-05,0.0,31.55,13.87,26.33,7.88
1995-01-06,0.0,30.86,14.65,38.21,12.95
1995-01-07,0.0,26.23,14.31,22.58,10.81
1995-01-08,0.0,29.19,13.44,21.52,7.34
1995-01-09,0.0,30.14,13.37,40.63,17.4
1995-01-10,0.0,26.72,13.78,33.21,16.17
1995-01-11,0.0,25.5,11.44,38.07,16.14
1995-01-12,0.0,27.17,12.91,27.06,13.69
1995-01-13,0.0,29.97,12.32,35.26,12.43
1995-01-14,0.0,31.28,12.99,30.93,10.77
1995-01-15,0.0,30.73,13.55,31.1,12.7
1995-01-16,0.0,27.35,11.41,25.38,8.92
1995-01-17,0.0,27.14,11.19,19.93,6.59
1995-01-18,0.0,28.5,14.26,19.59,9.18
1995-01-19,0.0,28.86,11.98,20.37,8.77
1995-01-20,0.0,29.44,12.28,22.61,7.86
1995-01-21,0.0,30.48,12.37,22.39,8.76
1995-01-22,0.0,30.46,14.15,27.27,11.4
1995-01-23,0.0,31.89,14.06,26.72,10.71
1995-01-24,0.0,31.99,15.4,24.72,10.59
1995-01-25,0.0,32.75,16.58,25.52,11.11
1995-01-26,0.0,32.82,15.41,23.34,11.2
1995-01-27,0.0,32.42,14.67,26.28,11.59
1995-01-28,0.0,31.06,13.96,27.18,11.95
1995-01-29,0.0,31.43,13.79,25.16,10.0
1995-01-30,0.0,30.7,13.68,22.07,7.87
1995-01-31,0.0,31.11,12.98,26.5,8.85
1995-02-01,0.0,32.09,14.55,25.29,8.42
1995-02-02,0.0,32.94,16.14,19.39,9.91
1995-02-03,0.0,32.54,17.7,31.79,13.04
1995-02-04,0.0,33.82,17.61,33.19,13.17
1995-02-05,0.0,35.7,16.81,30.61,10.31
1995-02-06,0.0,34.74,16.06,31.48,11.51
1995-02-07,0.0,34.85,16.66,31.83,10.16
1995-02-08,0.0,36.05,18.32,31.99,10.93
1995-02-09,0.0,34.61,18.31,26.02,10.65
1995-02-10,0.11,30.2,18.33,24.8,11.97
1995-02-11,0.0,30.37,15.89,67.13,22.96
1995-02-12,0.0,30.15,13.65,63.42,21.36
1995-02-13,0.0,31.97,15.57,39.39,13.32
1995-02-14,0.0,32.28,16.81,29.82,11.79
1995-02-15,0.0,33.82,16.55,31.95,10.35
1995-02-16,0.0,35.76,18.68,27.09,8.65
1995-02-17,0.0,36.9,19.58,22.66,8.03
1995-02-18,0.0,38.16,19.16,24.02,7.26
1995-02-19,0.0,39.57,18.72,27.85,6.77
1995-02-20,0.0,40.07,19.61,28.83,7.58
1995-02-21,0.0,40.26,20.12,27.96,8.77
1995-02-22,0.0,40.78,20.78,25.18,5.66
1995-02-23,0.0,39.37,21.64,18.56,6.25
1995-02-24,0.0,37.04,20.85,20.68,7.05
1995-02-25,0.0,36.46,17.99,25.2,7.32
1995-02-26,0.0,34.82,16.2,66.52,17.23
1995-02-27,0.0,31.75,16.01,84.78,34.2
1995-02-28,0.0,34.34,15.21,95.45,15.75
1995-03-01,0.0,31.46,15.66,44.07,13.9
1995-03-02,0.0,33.23,15.74,28.15,9.36
1995-03-03,0.0,35.32,17.09,26.58,6.69
1995-03-04,0.0,35.21,16.57,27.98,6.77
1995-03-05,0.0,35.42,18.18,26.17,7.87
1995-03-06,0.0,36.56,17.71,23.65,6.99
1995-03-07,0.0,36.95,18.31,21.28,7.85
1995-03-08,0.0,37.59,19.39,25.27,7.63
1995-03-09,0.0,35.21,19.82,47.36,10.6
1995-03-10,0.0,31.2,17.41,82.69,30.0
1995-03-11,0.0,29.77,15.96,86.29,33.61
1995-03-12,0.0,31.32,15.08,97.29,34.05
1995-03-13,0.0,28.32,15.5,93.78,42.39
1995-03-14,0.0,32.5,15.62,91.33,29.08
1995-03-15,0.0,30.52,15.42,92.94,34.27
1995-03-16,0.0,33.5,14.7,97.47,23.27
1995-03-17,0.0,35.21,16.73,55.1,17.32
1995-03-18,0.0,37.85,17.98,42.96,13.9
1995-03-19,0.0,36.5,17.95,65.05,22.6
1995-03-20,0.0,32.84,17.7,95.76,34.15
1995-03-21,0.0,34.52,17.98,79.15,24.95
1995-03-22,0.0,34.85,15.75,97.73,25.03
1995-03-23,0.0,35.85,16.13,95.87,23.09
1995-03-24,0.0,33.85,15.6,97.85,33.02
1995-03-25,0.0,35.01,17.07,90.3,28.88
1995-03-26,0.0,35.33,17.51,95.02,26.76
1995-03-27,0.0,33.94,18.46,86.41,35.37
1995-03-28,0.0,33.8,17.71,89.16,31.65
1995-03-29,0.0,35.38,17.21,83.64,27.52
1995-03-30,0.0,33.3,16.61,92.57,29.68
1995-03-31,0.0,34.3,18.5,72.51,32.71
1995-04-01,0.0,35.13,16.63,94.6,23.62
1995-04-02,0.0,34.22,16.74,96.21,27.98
1995-04-03,0.0,32.03,16.15,94.86,30.75
1995-04-04,0.0,32.68,17.17,85.94,26.57
1995-04-05,0.0,33.87,15.33,99.35,29.11
1995-04-06,0.0,33.66,15.32,98.46,29.94
1995-04-07,0.0,33.6,16.9,87.65,30.2
1995-04-08,0.0,32.8,17.67,93.46,28.47
1995-04-09,0.0,32.46,17.51,78.76,26.76
1995-04-10,0.0,33.24,15.03,99.15,23.98
1995-04-11,0.0,36.21,15.4,97.8,15.79
1995-04-12,0.0,38.13,18.49,72.46,16.51
1995-04-13,0.0,37.86,19.27,65.62,18.46
1995-04-14,0.0,34.33,17.42,80.9,22.24
1995-04-15,0.0,35.36,15.96,92.65,16.69
1995-04-16,0.0,36.59,16.1,91.65,15.37
1995-04-17,0.0,37.27,16.81,92.4,20.68
1995-04-18,0.0,35.82,17.21,81.74,19.53
1995-04-19,0.0,34.79,16.6,86.74,25.45
1995-04-20,0.0,35.71,16.82,93.96,22.49
1995-04-21,0.0,33.75,15.64,99.26,21.0
1995-04-22,0.0,35.48,16.61,73.83,14.13
1995-04-23,0.0,37.74,17.35,40.17,8.86
1995-04-24,0.0,39.3,19.86,28.36,11.16
1995-04-25,0.0,39.65,19.6,40.49,8.97
1995-04-26,0.0,40.03,19.39,51.13,11.34
1995-04-27,0.0,40.0,19.1,58.9,13.57
1995-04-28,0.0,41.39,20.6,52.64,11.66
1995-04-29,0.0,41.5,20.66,50.82,9.47
1995-04-30,0.0,41.09,19.63,52.94,8.96
1995-05-01,0.0,39.96,19.37,72.18,14.74
1995-05-02,0.0,37.92,17.8,88.96,23.29
1995-05-03,0.0,36.8,16.92,93.64,21.85
1995-05-04,0.0,35.58,17.64,87.55,24.99
1995-05-05,0.0,37.34,17.35,85.07,21.8
1995-05-06,0.0,37.68,18.36,92.33,22.13
1995-05-07,0.0,36.52,16.93,98.24,29.88
1995-05-08,0.0,35.97,17.81,95.79,28.74
1995-05-09,0.0,36.75,19.05,84.42,27.87
1995-05-10,0.0,37.39,19.22,81.07,25.61
1995-05-11,0.0,36.5,18.82,84.32,26.82
1995-05-12,0.0,38.41,19.28,80.37,22.79
1995-05-13,0.0,38.78,20.15,75.73,27.25
1995-05-14,0.0,39.56,19.66,84.5,23.2
1995-05-15,0.13,43.7,22.27,68.06,21.42
1995-05-16,0.0,44.37,24.47,53.08,15.59
1995-05-17,0.0,45.41,25.3,49.81,11.53
1995-05-18,0.0,43.57,25.41,49.48,13.64
1995-05-19,0.0,44.61,23.27,58.72,13.79
1995-05-20,0.0,43.99,23.42,60.74,14.42
1995-05-21,0.0,38.19,22.34,72.5,28.88
1995-05-22,0.0,34.86,19.04,96.47,34.57
1995-05-23,0.0,34.75,17.51,99.64,34.72
1995-05-24,0.0,34.69,19.15,93.61,32.27
1995-05-25,0.0,38.23,20.4,87.25,27.95
1995-05-26,0.0,43.34,21.17,82.25,16.01
1995-05-27,0.0,44.39,24.77,42.74,12.23
1995-05-28,0.0,40.95,22.28,63.13,14.85
1995-05-29,0.0,36.29,18.62,95.67,30.58
1995-05-30,0.0,34.58,19.61,91.48,33.77
1995-05-31,0.0,34.78,20.17,76.63,32.71
1995-06-01,0.0,35.44,19.87,82.65,29.29
1995-06-02,0.0,36.1,20.22,90.18,31.57
1995-06-03,0.0,36.32,20.32,89.14,30.17
1995-06-04,0.0,37.14,20.54,87.34,25.74
1995-06-05,0.0,37.61,21.29,76.94,22.06
1995-06-06,0.0,37.76,21.44,73.61,21.34
1995-06-07,0.0,36.24,20.86,90.05,30.11
1995-06-08,0.0,37.15,21.26,78.12,28.21
1995-06-09,0.0,39.39,21.42,80.08,23.18
1995-06-10,0.0,39.54,21.88,77.7,24.73
1995-06-11,0.0,39.19,23.95,64.46,20.71
1995-06-12,0.0,37.79,22.64,76.62,31.45
1995-06-13,0.0,38.54,22.43,79.03,29.76
1995-06-14,0.0,37.57,22.8,75.75,33.43
1995-06-15,0.0,38.41,21.76,94.34,30.73
1995-06-16,0.0,39.09,21.82,89.76,27.53
1995-06-17,0.0,45.0,25.06,66.11,13.19
1995-06-18,0.0,43.33,24.96,76.64,16.37
1995-06-19,0.0,40.91,23.11,97.61,24.34
1995-06-20,0.0,44.61,22.6,91.25,12.4
1995-06-21,0.0,44.28,26.6,51.89,13.67
1995-06-22,4.45,40.02,23.74,87.37,35.24
1995-06-23,0.0,37.49,22.42,99.77,43.14
1995-06-24,0.0,37.75,22.76,98.27,38.44
1995-06-25,0.0,40.18,23.22,81.9,19.48
1995-06-26,0.0,38.8,21.22,77.88,18.46
1995-06-27,0.0,36.86,20.24,99.47,33.96
1995-06-28,0.0,37.64,22.24,87.48,32.22
1995-06-29,0.0,36.34,22.54,91.68,38.05
1995-06-30,0.0,40.23,23.56,94.38,27.47
1995-07-01,0.0,43.2,24.69,66.5,11.93
1995-07-02,0.25,40.89,27.26,61.1,25.71
1995-07-03,5.27,39.04,25.52,94.6,38.07
1995-07-04,0.0,37.74,23.98,97.17,39.82
1995-07-05,0.0,44.93,24.63,80.47,8.69
1995-07-06,0.0,40.7,27.83,77.85,26.9
1995-07-07,0.0,37.67,25.49,97.18,45.72
1995-07-08,0.0,35.79,24.82,87.18,33.49
1995-07-09,0.0,39.96,23.04,74.98,22.38
1995-07-10,0.0,39.97,24.83,82.95,31.41
1995-07-11,9.26,40.34,25.74,88.15,35.8
1995-07-12,4.74,34.41,23.42,97.26,57.58
1995-07-13,0.0,38.01,23.34,98.65,41.17
1995-07-14,0.0,40.52,23.98,97.12,21.91
1995-07-15,0.0,41.82,27.21,59.96,26.25
1995-07-16,0.0,38.28,26.16,85.72,39.72
1995-07-17,0.0,35.83,23.22,81.5,36.71
1995-07-18,0.0,37.05,22.66,75.04,33.76
1995-07-19,13.01,38.0,23.31,81.3,36.27
1995-07-20,0.0,36.57,24.22,82.22,38.98
1995-07-21,0.0,36.36,24.11,76.93,35.09
1995-07-22,0.0,38.04,24.74,70.83,34.31
1995-07-23,0.05,38.65,24.9,87.1,39.65
1995-07-24,0.0,37.86,24.94,97.8,42.8
1995-07-25,0.0,37.27,23.36,90.96,37.62
1995-07-26,0.0,38.33,24.92,80.1,37.29
1995-07-27,0.01,38.3,24.98,84.75,39.86
1995-07-28,5.1,35.18,24.3,97.87,56.43
1995-07-29,8.46,30.63,23.74,99.45,81.14
1995-07-30,0.42,33.49,23.4,99.63,59.12
1995-07-31,0.08,34.63,23.36,98.61,49.49
1995-08-01,12.91,37.14,22.67,96.72,40.34
1995-08-02,0.12,35.11,24.52,93.4,55.78
1995-08-03,0.0,35.73,23.68,98.0,48.61
1995-08-04,0.0,35.25,24.88,93.63,49.71
1995-08-05,0.0,38.92,23.85,90.57,34.4
1995-08-06,0.0,39.47,27.18,75.15,36.6
1995-08-07,4.24,36.23,25.44,93.1,48.64
1995-08-08,0.0,35.46,25.2,89.17,47.73
1995-08-09,0.0,38.58,23.47,81.79,34.88
1995-08-10,0.0,38.43,23.54,88.86,35.03
1995-08-11,0.74,37.73,24.14,85.49,37.32
1995-08-12,0.0,40.24,25.1,79.57,34.02
1995-08-13,0.0,38.69,26.4,84.35,42.47
1995-08-14,13.41,37.74,25.08,93.51,42.56
1995-08-15,0.88,34.94,23.61,99.59,58.3
1995-08-16,1.95,34.5,24.38,99.38,58.98
1995-08-17,4.53,30.32,24.17,99.62,70.97
1995-08-18,0.36,35.33,23.2,98.65,54.5
1995-08-19,0.0,36.35,24.9,98.78,52.54
1995-08-20,0.0,37.67,24.49,99.01,47.36
1995-08-21,0.0,31.94,24.78,98.64,75.89
1995-08-22,1.19,34.98,23.92,98.68,51.05
1995-08-23,5.88,37.32,25.11,85.06,46.04
1995-08-24,0.0,33.75,24.25,99.12,57.9
1995-08-25,10.77,32.46,24.25,99.17,69.49
1995-08-26,12.74,32.75,23.68,99.34,68.71
1995-08-27,0.0,35.41,24.08,97.19,53.24
1995-08-28,0.06,34.22,24.89,96.26,62.73
1995-08-29,0.49,33.94,23.91,98.31,57.08
1995-08-30,0.0,35.15,23.68,95.87,50.94
1995-08-31,0.0,36.84,24.3,91.65,44.22
1995-09-01,0.18,37.03,24.56,92.71,44.6
1995-09-02,2.1,36.49,24.0,97.21,47.43
1995-09-03,0.27,37.57,23.9,98.73,43.24
1995-09-04,0.0,38.58,24.23,95.36,40.82
1995-09-05,0.0,38.31,24.56,89.15,41.12
1995-09-06,0.0,38.2,25.15,95.08,43.46
1995-09-07,0.0,35.89,25.35,94.83,54.6
1995-09-08,0.0,37.95,24.5,92.03,40.21
1995-09-09,0.0,39.09,26.04,83.85,38.04
1995-09-10,10.36,38.13,25.55,92.97,43.58
1995-09-11,0.0,32.35,23.57,99.05,67.19
1995-09-12,0.0,33.01,23.59,99.12,65.45
1995-09-13,0.0,35.86,24.52,99.07,58.3
1995-09-14,0.0,35.91,24.83,96.26,48.93
1995-09-15,0.0,37.29,24.11,98.88,43.5
1995-09-16,0.04,39.36,24.6,82.1,33.59
1995-09-17,0.0,40.08,24.21,70.62,19.51
1995-09-18,0.0,38.79,23.78,89.45,30.32
1995-09-19,0.62,38.1,23.88,87.96,38.76
1995-09-20,3.09,31.83,23.65,99.26,77.08
1995-09-21,0.0,31.01,23.2,99.26,72.87
1995-09-22,0.54,35.18,23.69,99.05,55.66
1995-09-23,0.71,35.27,23.36,99.25,44.44
1995-09-24,0.0,39.72,23.97,80.6,23.09
1995-09-25,0.0,37.28,23.31,67.3,20.97
1995-09-26,0.0,35.75,21.1,81.61,31.81
1995-09-27,0.0,35.25,21.39,91.29,38.64
1995-09-28,0.0,35.88,21.48,85.61,34.07
1995-09-29,0.0,37.94,22.75,77.23,28.39
1995-09-30,0.0,39.22,23.84,82.0,23.48
1995-10-01,0.0,40.84,24.21,76.41,11.12
1995-10-02,0.0,41.22,24.28,34.92,9.5
1995-10-03,0.0,41.9,24.38,34.41,9.51
1995-10-04,0.0,41.67,24.59,51.88,16.42
1995-10-05,0.0,40.0,22.5,90.33,21.8
1995-10-06,0.0,38.17,22.09,99.12,33.46
1995-10-07,0.0,39.41,23.43,89.48,33.23
1995-10-08,0.0,38.62,23.62,94.4,32.79
1995-10-09,0.0,42.63,24.93,74.09,15.85
1995-10-10,0.0,42.1,27.09,45.18,20.53
1995-10-11,0.58,37.76,25.48,98.1,42.87
1995-10-12,0.0,39.76,23.56,98.48,19.51
1995-10-13,0.0,38.23,23.37,58.36,19.73
1995-10-14,0.0,39.86,22.55,55.85,17.12
1995-10-15,0.0,40.84,23.68,48.23,17.67
1995-10-16,0.0,40.4,23.02,67.56,16.46
1995-10-17,0.0,38.73,21.92,92.06,26.46
1995-10-18,0.0,38.55,22.43,94.04,25.5
1995-10-19,0.0,38.85,22.78,97.68,9.49
1995-10-20,0.0,36.82,21.75,38.71,13.71
1995-10-21,0.0,37.53,21.14,39.64,13.75
1995-10-22,0.0,38.49,21.39,45.24,11.91
1995-10-23,0.0,39.98,23.13,38.69,13.21
1995-10-24,0.0,41.32,24.14,37.92,10.99
1995-10-25,0.0,39.69,24.52,36.48,12.17
1995-10-26,0.0,37.68,21.87,32.04,10.64
1995-10-27,0.0,37.12,20.42,33.77,11.09
1995-10-28,0.0,39.04,21.49,39.98,13.02
1995-10-29,0.0,38.5,21.96,62.53,18.33
1995-10-30,0.01,37.43,22.41,90.05,18.38
1995-10-31,0.0,38.49,23.32,73.86,22.3
1995-11-01,0.0,40.1,20.48,94.9,15.74
1995-11-02,0.0,40.71,22.15,42.39,7.61
1995-11-03,0.0,40.07,20.56,29.73,9.13
1995-11-04,0.0,39.97,21.35,38.28,11.81
1995-11-05,0.0,39.58,20.74,52.83,16.27
1995-11-06,0.0,39.34,20.08,74.76,15.68
1995-11-07,0.0,39.03,20.07,62.41,14.33
1995-11-08,0.0,38.62,20.82,41.73,13.71
1995-11-09,0.0,36.3,19.38,73.93,20.01
1995-11-10,0.0,35.04,18.75,84.25,26.45
1995-11-11,0.0,36.03,19.69,90.68,27.12
1995-11-12,0.0,38.69,19.7,72.82,13.4
1995-11-13,0.0,40.91,21.95,36.0,10.13
1995-11-14,0.0,40.14,21.8,34.41,11.34
1995-11-15,0.0,39.6,21.85,39.93,15.64
1995-11-16,0.0,39.8,20.9,43.74,14.9
1995-11-17,0.0,38.0,20.03,37.19,11.46
1995-11-18,0.0,39.14,18.27,39.34,11.31
1995-11-19,0.0,38.68,20.62,30.71,9.98
1995-11-20,0.0,35.71,18.56,30.12,9.95
1995-11-21,0.0,36.76,18.05,29.86,7.64
1995-11-22,0.0,36.51,17.94,30.75,9.82
1995-11-23,0.0,37.4,18.72,45.35,15.83
1995-11-24,0.0,37.22,19.17,45.76,14.63
1995-11-25,0.0,36.74,19.54,41.39,15.35
1995-11-26,0.0,36.3,19.41,42.22,15.23
1995-11-27,0.0,36.57,18.95,45.4,15.91
1995-11-28,0.0,35.44,20.4,49.98,18.76
1995-11-29,0.0,31.57,19.27,84.52,27.87
1995-11-30,0.0,35.62,18.92,61.42,20.95
1995-12-01,0.2,30.36,20.06,66.87,36.16
1995-12-02,0.0,29.63,18.22,84.76,49.31
1995-12-03,0.01,31.3,16.94,99.56,46.32
1995-12-04,0.0,30.91,16.08,99.46,26.16
1995-12-05,0.0,30.97,15.27,46.26,21.39
1995-12-06,0.0,31.6,14.64,41.39,17.56
1995-12-07,0.0,31.23,16.29,46.56,22.34
1995-12-08,0.0,29.15,17.76,46.81,25.08
1995-12-09,0.0,28.51,17.44,54.0,30.64
1995-12-10,0.0,29.52,15.8,83.52,41.0
1995-12-11,0.0,32.29,17.67,82.44,35.25
1995-12-12,0.0,35.1,19.87,64.2,28.7
1995-12-13,0.01,32.59,20.3,66.76,33.6
1995-12-14,0.78,27.6,17.65,100.0,54.22
1995-12-15,0.0,30.22,17.36,99.77,68.62
1995-12-16,0.0,32.79,17.36,99.34,51.54
1995-12-17,0.0,33.8,17.79,99.97,42.67
1995-12-18,0.0,33.03,18.69,89.75,42.42
1995-12-19,0.0,33.64,18.31,74.53,32.25
1995-12-20,0.0,34.22,17.98,59.76,25.22
1995-12-21,0.0,33.84,17.47,52.68,21.89
1995-12-22,0.0,32.11,16.71,47.27,21.87
1995-12-23,0.0,30.34,14.74,49.53,22.88
1995-12-24,0.0,30.09,13.35,54.06,19.05
1995-12-25,0.0,31.93,13.16,53.78,18.77
1995-12-26,0.0,35.99,16.54,46.77,18.81
1995-12-27,0.0,36.82,19.3,39.55,15.5
1995-12-28,0.0,34.2,17.09,42.28,16.98
1995-12-29,0.0,32.53,14.04,43.28,15.34
1995-12-30,0.0,33.16,14.59,39.05,10.21
1995-12-31,0.0,33.15,14.5,30.61,9.59
1996-01-01,0.0,37.03,18.47,32.01,11.87
1996-01-02,0.0,35.17,18.19,55.5,19.66
1996-01-03,0.0,35.8,17.47,41.76,16.21
1996-01-04,0.0,36.27,17.75,38.64,16.22
1996-01-05,0.0,36.33,18.13,38.98,15.5
1996-01-06,0.0,35.72,16.98,39.43,13.12
1996-01-07,0.0,35.82,16.68,38.34,13.11
1996-01-08,0.0,35.28,16.52,37.12,12.33
1996-01-09,0.0,34.23,16.28,36.29,11.31
1996-01-10,0.0,32.45,15.33,34.51,12.19
1996-01-11,0.0,29.53,14.85,67.95,22.93
1996-01-12,0.0,30.64,13.84,56.04,19.27
1996-01-13,0.0,32.15,14.35,53.25,16.52
1996-01-14,0.0,32.71,15.23,53.18,19.77
1996-01-15,0.0,30.11,14.52,82.04,23.66
1996-01-16,0.0,28.33,12.68,99.69,42.95
1996-01-17,0.0,28.51,12.32,98.63,37.24
1996-01-18,0.0,30.04,13.1,90.17,30.82
1996-01-19,0.0,31.38,14.93,59.94,24.22
1996-01-20,0.0,30.11,14.5,41.4,21.9
1996-01-21,0.0,32.27,14.24,57.59,22.54
1996-01-22,0.0,34.17,16.44,49.96,20.5
1996-01-23,0.0,33.69,16.47,58.54,21.66
1996-01-24,0.0,33.43,16.34,79.71,30.01
1996-01-25,0.0,30.73,15.33,68.2,22.25
1996-01-26,0.0,32.49,14.28,49.08,20.47
1996-01-27,0.0,33.04,15.47,52.76,21.76
1996-01-28,0.0,31.56,15.22,93.79,32.37
1996-01-29,0.0,37.5,19.17,51.86,17.51
1996-01-30,0.0,39.56,19.84,40.63,15.67
1996-01-31,0.0,40.0,19.31,75.06,18.97
1996-02-01,0.0,40.23,21.05,59.66,20.06
1996-02-02,0.0,37.94,19.95,84.5,29.47
1996-02-03,0.0,30.16,16.64,89.3,32.08
1996-02-04,0.0,31.47,15.56,86.4,29.29
1996-02-05,0.0,33.75,16.77,62.83,25.72
1996-02-06,0.0,36.27,19.36,47.79,15.88
1996-02-07,0.0,34.48,18.04,33.7,12.09
1996-02-08,0.0,34.11,15.85,44.53,12.89
1996-02-09,0.0,35.91,16.31,40.71,11.21
1996-02-10,0.0,36.17,16.36,51.56,16.18
1996-02-11,0.0,32.97,17.04,60.52,26.68
1996-02-12,0.0,32.36,15.35,62.79,23.82
1996-02-13,0.0,35.21,16.19,50.1,13.51
1996-02-14,0.0,34.09,16.95,39.62,13.54
1996-02-15,0.0,34.89,16.4,32.64,12.06
1996-02-16,0.0,35.2,17.7,41.7,13.33
1996-02-17,0.0,32.15,17.51,71.92,25.49
1996-02-18,0.0,31.82,16.9,94.16,34.42
1996-02-19,0.0,36.21,20.28,58.81,6.76
1996-02-20,0.0,36.97,20.37,16.03,6.22
1996-02-21,0.0,39.76,19.79,23.2,7.47
1996-02-22,0.0,41.62,20.75,22.67,6.9
1996-02-23,0.0,41.31,20.37,29.65,7.2
1996-02-24,0.0,35.11,17.86,85.1,28.36
1996-02-25,0.0,34.09,16.44,95.4,31.03
1996-02-26,0.0,34.31,16.42,80.13,18.35
1996-02-27,0.0,31.91,16.16,47.43,15.08
1996-02-28,0.0,33.31,14.35,38.24,12.01
1996-02-29,0.0,34.39,15.48,35.73,11.74
1996-03-01,0.0,35.67,16.31,28.38,7.31
1996-03-02,0.0,35.5,18.72,21.91,8.2
1996-03-03,0.0,32.15,18.4,69.23,15.49
1996-03-04,0.0,30.28,16.13,92.05,40.25
1996-03-05,0.0,31.36,17.78,88.72,36.17
1996-03-06,0.0,31.23,17.07,97.58,42.12
1996-03-07,0.0,30.62,14.93,97.32,34.1
1996-03-08,0.0,28.52,15.83,96.42,44.43
1996-03-09,0.0,26.04,16.08,97.47,50.09
1996-03-10,0.0,28.79,16.36,84.3,25.9
1996-03-11,0.0,29.33,15.38,97.23,40.65
1996-03-12,0.0,29.17,12.71,98.52,23.35
1996-03-13,0.0,30.95,13.46,74.71,26.18
1996-03-14,0.0,31.87,13.48,98.02,18.9
1996-03-15,0.0,34.53,14.87,91.04,16.33
1996-03-16,0.0,35.98,17.23,45.32,13.45
1996-03-17,0.0,37.38,18.06,42.82,12.86
1996-03-18,0.0,39.69,19.14,41.07,9.35
1996-03-19,0.0,40.45,20.37,36.97,11.76
1996-03-20,0.0,38.33,20.23,61.37,21.23
1996-03-21,0.0,38.02,18.11,85.84,23.16
1996-03-22,0.0,36.63,18.38,88.69,29.01
1996-03-23,0.0,36.64,18.08,84.16,25.47
1996-03-24,0.0,37.36,18.17,94.78,24.98
1996-03-25,0.0,37.61,17.93,89.08,24.98
1996-03-26,0.0,41.72,19.71,66.22,14.15
1996-03-27,0.0,44.52,22.77,48.81,6.3
1996-03-28,0.0,43.47,21.98,42.63,8.21
1996-03-29,0.0,42.65,19.23,71.61,7.3
1996-03-30,0.0,43.92,20.68,65.4,5.65
1996-03-31,0.0,44.17,22.31,24.93,4.4
1996-04-01,0.0,43.41,22.32,32.45,4.94
1996-04-02,0.0,42.58,20.9,46.59,6.51
1996-04-03,0.0,42.02,21.11,35.99,7.83
1996-04-04,0.0,40.93,20.73,45.93,8.75
1996-04-05,0.0,40.59,19.42,65.47,9.27
1996-04-06,0.0,42.06,20.89,45.64,9.1
1996-04-07,0.0,40.76,21.8,33.05,10.15
1996-04-08,0.0,40.69,19.82,47.7,10.74
1996-04-09,0.0,40.52,18.93,68.45,13.94
1996-04-10,0.0,41.06,19.22,72.6,9.31
1996-04-11,0.0,39.72,20.87,41.84,9.39
1996-04-12,0.0,36.49,18.67,81.39,23.46
1996-04-13,0.0,32.27,16.12,98.32,38.54
1996-04-14,0.01,34.27,16.67,87.38,27.05
1996-04-15,0.0,38.44,16.34,98.71,14.53
1996-04-16,0.0,41.06,19.48,62.98,8.9
1996-04-17,0.0,41.98,20.66,39.8,9.23
1996-04-18,0.0,40.93,20.08,60.01,16.31
1996-04-19,0.0,38.26,19.41,66.02,21.47
1996-04-20,0.0,33.61,16.28,99.64,32.76
1996-04-21,0.0,32.06,19.08,82.02,36.08
1996-04-22,0.0,33.03,16.97,93.64,29.23
1996-04-23,0.0,35.03,15.82,98.85,29.85
1996-04-24,0.0,36.88,16.71,96.13,23.54
1996-04-25,0.01,38.29,18.92,85.03,23.94
1996-04-26,0.0,36.85,19.35,77.6,26.67
1996-04-27,0.0,37.17,18.88,82.61,20.78
1996-04-28,0.0,37.75,19.17,84.56,23.36
1996-04-29,0.0,39.84,19.06,80.74,13.89
1996-04-30,0.0,41.26,19.64,62.6,11.68
1996-05-01,0.0,42.52,22.13,45.78,10.56
1996-05-02,0.0,42.08,22.71,52.67,13.93
1996-05-03,0.0,42.0,23.73,39.17,10.11
1996-05-04,0.0,42.54,24.43,30.71,12.14
1996-05-05,0.0,43.51,24.81,37.58,13.59
1996-05-06,0.0,43.91,23.91,55.09,12.41
1996-05-07,0.0,43.59,23.74,61.95,13.69
1996-05-08,0.0,38.03,21.05,70.35,23.67
1996-05-09,0.0,36.21,19.59,95.87,27.8
1996-05-10,0.0,39.14,20.22,73.93,13.72
1996-05-11,0.0,41.06,22.62,38.57,9.08
1996-05-12,0.0,43.02,23.94,25.42,9.29
1996-05-13,0.0,41.68,24.2,38.77,11.42
1996-05-14,0.0,39.8,20.47,81.89,17.81
1996-05-15,0.0,36.84,18.94,95.07,27.45
1996-05-16,0.0,37.19,18.79,94.29,26.84
1996-05-17,0.0,39.31,20.05,85.18,23.6
1996-05-18,0.0,39.28,22.56,63.86,20.7
1996-05-19,0.0,39.65,21.04,78.23,18.6
1996-05-20,0.0,42.58,21.79,70.37,14.27
1996-05-21,0.0,41.06,21.77,59.65,13.48
1996-05-22,0.0,38.02,20.68,63.57,18.87
1996-05-23,0.0,35.74,18.81,95.5,33.66
1996-05-24,0.0,34.58,19.05,97.63,35.48
1996-05-25,0.0,35.68,20.13,89.27,31.87
1996-05-26,0.0,36.77,19.81,92.04,30.23
1996-05-27,1.97,38.66,21.95,81.64,31.91
1996-05-28,0.0,38.31,21.79,94.23,33.4
1996-05-29,0.0,37.42,22.0,91.71,31.04
1996-05-30,0.0,36.39,18.52,97.05,31.55
1996-05-31,0.0,37.97,18.92,94.98,24.13
1996-06-01,0.0,43.62,24.23,58.0,13.29
1996-06-02,0.0,43.83,26.58,41.21,11.95
1996-06-03,0.0,36.81,22.01,86.64,31.27
1996-06-04,0.0,33.49,21.24,81.32,35.43
1996-06-05,0.0,33.55,20.27,73.7,32.05
1996-06-06,0.0,36.48,21.77,75.23,34.61
1996-06-07,0.0,35.22,21.02,92.54,35.83
1996-06-08,0.0,34.86,21.26,90.12,37.98
1996-06-09,0.0,35.21,21.35,86.0,38.67
1996-06-10,0.0,34.98,22.14,89.7,41.92
1996-06-11,0.0,37.26,22.52,94.0,42.0
1996-06-12,0.0,38.42,22.83,96.56,36.15
1996-06-13,0.0,41.37,22.18,89.24,26.12
1996-06-14,3.34,39.53,25.68,71.03,32.1
1996-06-15,0.0,36.42,24.81,77.0,39.87
1996-06-16,0.0,39.87,23.17,80.93,26.68
1996-06-17,0.0,44.67,24.25,70.71,15.09
1996-06-18,0.0,43.58,24.25,73.07,13.63
1996-06-19,0.0,42.07,25.58,64.02,17.56
1996-06-20,0.0,37.13,21.23,93.66,34.22
1996-06-21,0.0,36.99,21.41,95.62,36.86
1996-06-22,0.0,39.24,23.65,85.27,31.91
1996-06-23,0.0,40.69,22.26,98.13,27.6
1996-06-24,0.0,37.55,23.44,85.21,35.77
1996-06-25,0.0,37.3,21.72,83.16,28.03
1996-06-26,0.0,35.62,19.48,90.87,33.73
1996-06-27,0.0,37.06,21.1,76.75,28.33
1996-06-28,0.0,45.04,21.34,98.28,13.51
1996-06-29,22.03,40.42,26.04,80.95,24.86
1996-06-30,0.0,36.19,23.53,99.35,53.12
1996-07-01,0.0,36.45,23.42,92.72,36.56
1996-07-02,0.0,37.09,22.64,81.63,35.07
1996-07-03,0.0,38.92,23.56,84.81,33.35
1996-07-04,0.0,38.13,23.81,78.15,29.12
1996-07-05,0.0,40.01,22.55,84.9,21.14
1996-07-06,0.0,37.64,22.29,83.56,32.31
1996-07-07,0.0,35.75,22.67,80.5,38.23
1996-07-08,0.13,36.51,24.79,72.06,35.71
1996-07-09,0.0,38.23,23.49,76.06,32.68
1996-07-10,0.0,37.47,24.93,74.93,35.28
1996-07-11,0.0,35.84,22.9,91.36,38.98
1996-07-12,0.0,35.56,22.02,84.01,38.49
1996-07-13,0.0,36.0,21.89,88.36,36.74
1996-07-14,0.0,36.38,23.56,82.04,38.02
1996-07-15,0.0,36.77,24.34,74.08,35.3
1996-07-16,0.0,40.27,23.59,80.15,22.28
1996-07-17,0.0,39.17,23.26,86.3,32.58
1996-07-18,1.64,37.52,23.67,89.68,35.44
1996-07-19,0.0,38.3,24.8,78.73,32.23
1996-07-20,0.0,37.16,24.02,85.51,39.33
1996-07-21,0.0,38.18,25.55,73.65,34.98
1996-07-22,0.0,37.92,23.61,91.12,39.3
1996-07-23,0.0,37.35,24.51,93.53,42.65
1996-07-24,0.0,37.1,24.58,96.19,41.03
1996-07-25,0.0,37.61,23.5,93.84,39.75
1996-07-26,0.0,37.93,23.82,90.52,36.53
1996-07-27,0.0,36.51,23.59,91.38,39.18
1996-07-28,0.0,36.5,23.52,94.66,41.74
1996-07-29,3.67,37.89,23.87,94.78,40.29
1996-07-30,0.33,38.45,24.2,94.17,40.87
1996-07-31,0.76,37.7,23.91,93.33,41.36
1996-08-01,0.06,36.89,24.18,95.86,42.26
1996-08-02,7.57,37.28,24.68,89.42,42.5
1996-08-03,0.0,37.19,23.43,97.94,42.18
1996-08-04,0.0,35.42,23.47,97.72,44.3
1996-08-05,0.63,36.67,23.17,90.36,39.24
1996-08-06,0.0,37.0,25.47,79.66,44.33
1996-08-07,0.63,37.54,24.39,90.8,46.86
1996-08-08,0.01,38.26,24.42,90.17,29.65
1996-08-09,0.0,40.76,23.65,85.5,22.14
1996-08-10,0.28,39.82,24.01,86.99,29.39
1996-08-11,0.0,39.95,23.73,84.97,26.01
1996-08-12,0.0,38.92,25.17,78.84,36.53
1996-08-13,4.13,38.14,25.87,83.54,40.78
1996-08-14,0.31,36.19,23.74,96.78,44.54
1996-08-15,0.0,38.3,23.19,84.54,33.49
1996-08-16,0.0,39.32,25.33,76.65,35.84
1996-08-17,0.0,36.5,24.46,94.22,44.94
1996-08-18,0.0,37.45,24.61,92.5,39.76
1996-08-19,0.69,38.92,24.05,87.14,36.93
1996-08-20,0.37,37.52,25.48,84.22,41.4
1996-08-21,10.84,36.42,24.18,95.45,48.55
1996-08-22,0.0,36.9,23.44,86.59,46.12
1996-08-23,0.0,35.67,24.59,98.8,51.57
1996-08-24,0.0,32.94,24.66,98.44,70.39
1996-08-25,0.0,35.59,23.96,99.76,50.77
1996-08-26,0.97,37.0,24.58,81.27,41.21
1996-08-27,0.0,38.95,23.75,88.56,36.48
1996-08-28,0.0,37.77,24.75,92.37,42.98
1996-08-29,0.0,38.43,24.68,91.13,37.25
1996-08-30,0.01,39.29,24.03,89.18,39.24
1996-08-31,0.09,38.54,24.77,91.43,38.03
1996-09-01,0.0,37.68,23.58,97.84,33.13
1996-09-02,0.0,39.06,23.16,82.36,28.21
1996-09-03,0.0,37.16,25.36,83.78,39.25
1996-09-04,0.0,37.37,24.31,94.01,39.47
1996-09-05,0.01,37.6,24.36,99.11,44.07
1996-09-06,0.0,38.61,23.45,92.81,33.95
1996-09-07,0.0,39.05,24.01,89.8,34.93
1996-09-08,0.0,38.91,25.48,82.44,35.89
1996-09-09,0.0,37.89,24.82,98.95,40.32
1996-09-10,0.0,39.07,23.42,92.71,20.99
1996-09-11,0.0,36.72,21.93,82.67,29.0
1996-09-12,0.0,35.26,21.54,86.67,40.29
1996-09-13,0.0,35.83,20.76,94.01,36.32
1996-09-14,0.0,37.1,21.84,88.31,33.92
1996-09-15,0.01,38.93,25.23,77.89,33.42
1996-09-16,0.0,37.46,24.31,95.31,44.35
1996-09-17,0.0,40.09,24.19,92.89,34.05
1996-09-18,0.0,41.88,26.38,74.75,22.54
1996-09-19,0.0,41.43,28.04,58.09,21.45
1996-09-20,0.29,37.59,23.19,83.08,38.58
1996-09-21,0.0,38.08,23.91,78.36,36.04
1996-09-22,0.0,38.43,24.91,77.05,34.17
1996-09-23,0.0,38.5,24.39,80.75,36.03
1996-09-24,0.0,38.89,24.59,83.83,35.08
1996-09-25,0.0,41.29,24.9,82.33,17.9
1996-09-26,2.17,39.7,24.85,68.05,21.15
1996-09-27,0.02,39.48,23.71,73.04,27.63
1996-09-28,0.0,38.14,23.78,79.4,33.31
1996-09-29,0.0,38.59,23.51,90.47,37.03
1996-09-30,0.0,39.42,24.43,87.49,32.25
1996-10-01,0.01,37.87,23.32,98.4,43.91
1996-10-02,0.5,30.16,21.78,99.15,79.45
1996-10-03,0.0,32.01,21.84,99.56,70.2
1996-10-04,0.0,32.28,21.97,96.59,59.02
1996-10-05,0.0,37.69,22.23,98.49,23.15
1996-10-06,0.0,38.33,22.59,93.67,30.67
1996-10-07,0.09,39.36,23.23,92.1,30.14
1996-10-08,0.19,40.5,24.03,85.65,32.93
1996-10-09,0.0,40.14,24.25,98.35,30.15
1996-10-10,0.0,40.44,23.14,89.31,20.33
1996-10-11,0.0,41.67,24.96,65.5,15.59
1996-10-12,0.0,41.5,24.39,76.91,15.06
1996-10-13,0.0,40.94,23.78,58.89,15.23
1996-10-14,0.0,41.24,23.1,58.09,14.03
1996-10-15,0.0,41.11,25.32,59.43,18.58
1996-10-16,0.03,40.64,26.43,62.58,21.9
1996-10-17,0.0,39.57,24.09,65.09,20.2
1996-10-18,0.0,35.54,21.0,84.38,33.34
1996-10-19,0.0,37.15,20.64,90.77,30.66
1996-10-20,0.0,38.7,21.35,97.87,20.74
1996-10-21,0.0,41.32,22.12,83.15,10.68
1996-10-22,0.0,40.87,23.89,37.05,9.93
1996-10-23,0.0,39.04,22.27,54.48,13.1
1996-10-24,0.0,39.42,21.08,71.33,13.08
1996-10-25,0.0,39.78,21.56,64.4,16.31
1996-10-26,0.0,38.12,21.63,90.3,22.16
1996-10-27,0.0,41.04,22.25,71.29,9.2
1996-10-28,0.0,40.3,23.18,29.72,9.25
1996-10-29,0.0,38.88,21.68,34.12,9.82
1996-10-30,0.0,38.81,21.48,37.14,12.63
1996-10-31,0.0,39.58,23.08,34.63,11.97
1996-11-01,0.0,40.04,22.73,27.61,8.37
1996-11-02,0.0,39.03,20.76,30.53,11.57
1996-11-03,0.0,39.14,21.67,29.69,9.77
1996-11-04,0.0,36.59,19.92,24.94,11.1
1996-11-05,0.0,36.21,18.49,35.98,12.82
1996-11-06,0.0,37.51,18.33,41.64,13.46
1996-11-07,0.0,38.86,20.14,43.74,19.56
1996-11-08,0.0,37.37,22.01,72.29,16.13
1996-11-09,0.0,36.61,21.72,32.8,12.15
1996-11-10,0.0,36.92,20.41,36.59,13.75
1996-11-11,0.0,36.49,18.82,41.34,14.14
1996-11-12,0.0,36.93,19.38,39.93,13.67
1996-11-13,0.0,34.7,17.95,78.89,24.37
1996-11-14,0.0,34.5,18.04,79.25,17.82
1996-11-15,0.0,34.17,18.54,68.84,23.0
1996-11-16,0.0,33.87,18.1,69.57,24.41
1996-11-17,0.0,35.75,20.52,52.16,21.61
1996-11-18,0.0,34.24,19.49,58.31,22.74
1996-11-19,0.0,35.28,20.45,46.57,19.9
1996-11-20,0.0,37.33,19.52,47.89,13.64
1996-11-21,0.0,37.43,20.32,29.93,10.07
1996-11-22,0.0,36.75,18.71,29.79,10.65
1996-11-23,0.0,34.75,17.24,29.87,10.27
1996-11-24,0.0,35.68,18.48,25.28,6.77
1996-11-25,0.0,36.61,18.22,27.0,9.42
1996-11-26,0.0,34.94,20.04,27.27,10.05
1996-11-27,0.0,35.74,17.88,24.19,7.77
1996-11-28,0.0,34.51,17.26,24.98,8.25
1996-11-29,0.0,34.5,16.5,26.09,9.45
1996-11-30,0.0,33.96,17.59,35.47,14.18
1996-12-01,0.0,33.9,16.09,62.31,19.87
1996-12-02,0.0,34.09,15.79,77.69,16.19
1996-12-03,0.0,33.72,15.75,32.81,12.42
1996-12-04,0.0,33.05,15.44,34.2,10.6
1996-12-05,0.0,32.65,15.45,32.37,10.92
1996-12-06,0.0,32.33,15.39,35.64,11.7
1996-12-07,0.0,30.56,14.73,47.08,20.83
1996-12-08,0.0,29.06,14.16,58.88,22.85
1996-12-09,0.0,29.72,13.18,59.41,22.69
1996-12-10,0.0,31.43,14.77,61.73,23.31
1996-12-11,0.0,34.26,15.79,49.52,17.19
1996-12-12,0.0,36.74,17.65,38.01,12.86
1996-12-13,0.0,37.6,19.09,30.01,12.49
1996-12-14,0.0,37.0,19.45,37.62,14.85
1996-12-15,0.0,34.51,17.79,25.85,8.24
1996-12-16,0.0,33.68,17.67,24.81,7.33
1996-12-17,0.0,32.74,15.17,20.84,8.45
1996-12-18,0.0,33.3,15.61,25.8,10.84
1996-12-19,0.0,34.11,16.47,23.09,9.57
1996-12-20,0.0,31.98,16.86,88.64,18.67
1996-12-21,0.0,30.29,14.82,99.38,50.4
1996-12-22,0.0,30.02,14.3,99.26,48.19
1996-12-23,0.0,30.04,14.41,99.54,41.25
1996-12-24,0.0,32.58,15.01,72.87,31.8
1996-12-25,0.0,35.62,17.57,59.22,16.65
1996-12-26,0.0,36.07,18.18,36.29,11.3
1996-12-27,0.0,35.04,18.83,30.4,12.11
1996-12-28,0.0,34.34,19.21,38.74,13.6
1996-12-29,0.0,34.01,18.11,57.65,20.7
1996-12-30,0.0,34.87,17.31,57.52,20.68
1996-12-31,0.0,35.13,17.23,63.76,21.55
1997-01-01,0.0,30.42,14.83,96.92,31.24
1997-01-02,0.0,31.9,15.92,68.01,26.93
1997-01-03,0.0,33.57,17.9,51.13,21.47
1997-01-04,0.0,34.17,18.86,46.48,23.53
1997-01-05,0.0,35.01,17.24,57.48,23.9
1997-01-06,0.0,36.25,18.24,50.95,22.85
1997-01-07,0.0,37.22,19.39,44.7,18.55
1997-01-08,0.0,36.5,18.59,37.49,15.37
1997-01-09,0.0,36.08,19.5,31.78,14.87
1997-01-10,0.0,31.97,19.27,35.93,18.63
1997-01-11,0.0,32.99,18.92,39.27,20.42
1997-01-12,0.0,36.1,18.91,64.02,23.74
1997-01-13,0.0,29.1,13.96,96.35,50.39
1997-01-14,0.0,30.5,17.26,94.88,54.25
1997-01-15,0.0,30.51,13.81,98.52,38.95
1997-01-16,0.0,32.28,14.78,77.39,26.13
1997-01-17,0.0,32.84,16.46,51.06,22.3
1997-01-18,0.0,33.54,16.51,37.38,16.22
1997-01-19,0.0,34.9,17.23,33.59,13.55
1997-01-20,0.0,31.15,16.27,57.59,24.56
1997-01-21,0.0,26.74,14.11,98.0,40.03
1997-01-22,0.0,27.06,11.96,99.02,41.58
1997-01-23,0.0,28.98,12.16,71.15,27.31
1997-01-24,0.0,30.18,12.93,58.22,20.44
1997-01-25,0.0,31.79,13.37,52.55,17.25
1997-01-26,0.0,34.88,15.62,35.17,13.95
1997-01-27,0.0,35.71,17.94,28.0,11.73
1997-01-28,0.0,33.52,16.54,24.1,9.95
1997-01-29,0.0,34.29,16.09,29.93,9.98
1997-01-30,0.0,36.26,16.59,25.52,8.44
1997-01-31,0.0,35.54,17.92,22.83,10.02
1997-02-01,0.0,34.58,17.34,22.2,9.63
1997-02-02,0.0,34.97,17.25,21.53,8.02
1997-02-03,0.0,35.45,16.98,22.51,7.77
1997-02-04,0.0,37.01,18.03,25.51,7.3
1997-02-05,0.0,37.29,18.58,23.87,7.0
1997-02-06,0.0,38.68,20.63,22.94,6.28
1997-02-07,0.0,37.48,19.62,21.85,7.43
1997-02-08,0.0,37.04,19.42,22.46,8.76
1997-02-09,0.0,37.26,20.16,28.26,9.61
1997-02-10,0.0,36.89,19.91,49.72,12.93
1997-02-11,0.03,38.13,18.74,52.26,5.58
1997-02-12,0.0,38.15,18.89,25.3,5.54
1997-02-13,0.0,37.46,20.01,19.75,9.95
1997-02-14,0.0,33.72,18.71,26.25,11.65
1997-02-15,0.0,35.75,16.89,25.48,11.14
1997-02-16,0.0,36.46,18.64,25.53,7.32
1997-02-17,0.0,35.55,17.03,20.11,6.5
1997-02-18,0.0,35.64,16.92,18.0,5.92
1997-02-19,0.0,37.15,18.16,21.16,8.34
1997-02-20,0.0,37.12,18.0,19.73,6.19
1997-02-21,0.0,37.39,17.74,20.66,5.91
1997-02-22,0.0,37.67,18.98,19.92,7.08
1997-02-23,0.0,37.03,18.06,22.45,7.52
1997-02-24,0.0,37.62,18.29,23.71,8.01
1997-02-25,0.0,38.22,18.71,24.38,8.51
1997-02-26,0.0,37.89,18.71,25.54,8.97
1997-02-27,0.0,36.85,18.63,24.77,8.73
1997-02-28,0.0,37.84,18.31,22.13,8.62
1997-03-01,0.0,37.65,18.95,20.64,6.81
1997-03-02,0.0,38.41,19.03,19.6,8.65
1997-03-03,0.0,38.18,19.71,22.05,6.82
1997-03-04,0.0,37.39,19.94,17.76,4.91
1997-03-05,0.0,36.1,18.56,17.85,6.67
1997-03-06,0.0,35.58,17.59,19.37,7.24
1997-03-07,0.0,36.18,18.94,21.22,8.02
1997-03-08,0.0,36.6,19.67,20.36,7.13
1997-03-09,0.0,35.81,21.51,50.15,10.34
1997-03-10,0.0,34.69,19.26,89.96,35.03
1997-03-11,0.0,38.03,18.16,88.9,18.39
1997-03-12,0.0,37.11,20.27,37.17,11.16
1997-03-13,0.0,33.68,17.29,20.72,7.53
1997-03-14,0.0,33.11,15.45,25.05,8.34
1997-03-15,0.0,33.06,15.26,23.91,9.92
1997-03-16,0.0,33.83,15.13,32.53,10.36
1997-03-17,0.0,35.36,16.33,28.21,6.27
1997-03-18,0.0,36.41,17.45,18.28,4.71
1997-03-19,0.0,37.34,18.7,19.61,5.75
1997-03-20,0.0,39.09,19.86,21.25,6.81
1997-03-21,0.0,39.06,19.14,31.26,8.25
1997-03-22,0.0,35.79,17.37,70.2,17.43
1997-03-23,0.0,32.03,16.66,88.27,26.89
1997-03-24,0.0,32.71,15.02,97.58,23.62
1997-03-25,0.0,32.74,14.78,97.73,25.4
1997-03-26,0.0,33.11,14.88,98.42,27.32
1997-03-27,0.0,33.18,13.85,98.8,23.57
1997-03-28,0.0,32.14,14.35,95.37,29.17
1997-03-29,0.0,30.62,14.46,99.94,36.61
1997-03-30,0.0,30.78,13.81,97.85,32.88
1997-03-31,0.0,33.98,14.24,98.02,27.36
1997-04-01,0.0,34.76,16.66,94.81,29.44
1997-04-02,0.0,35.77,16.55,97.7,29.19
1997-04-03,0.0,32.25,15.61,98.67,37.0
1997-04-04,0.0,30.55,15.2,99.48,38.95
1997-04-05,0.0,32.82,14.76,98.65,32.84
1997-04-06,0.0,34.14,15.66,98.82,31.49
1997-04-07,0.0,35.78,16.93,95.2,24.84
1997-04-08,0.0,37.7,17.98,77.78,18.09
1997-04-09,0.0,38.82,17.9,75.42,16.83
1997-04-10,0.0,40.86,20.41,42.38,11.18
1997-04-11,0.0,41.31,21.34,41.91,11.82
1997-04-12,0.0,39.07,19.86,71.79,20.75
1997-04-13,0.0,35.38,16.95,92.9,24.56
1997-04-14,0.0,38.21,17.91,77.81,15.78
1997-04-15,0.0,37.56,17.89,83.01,20.9
1997-04-16,0.0,33.67,16.51,96.72,31.62
1997-04-17,0.0,34.59,16.76,99.26,33.58
1997-04-18,0.0,33.81,16.32,99.86,37.04
1997-04-19,0.0,33.12,16.34,99.96,35.47
1997-04-20,0.0,36.56,18.15,97.76,25.13
1997-04-21,0.0,38.03,18.1,73.75,11.03
1997-04-22,0.0,38.23,19.06,36.41,11.31
1997-04-23,0.0,39.87,19.79,40.59,12.21
1997-04-24,0.0,40.51,20.7,36.77,10.23
1997-04-25,0.0,41.14,20.67,40.95,9.87
1997-04-26,0.0,43.1,21.33,41.27,6.9
1997-04-27,0.0,43.02,23.66,22.68,7.31
1997-04-28,0.0,42.81,23.52,28.38,7.67
1997-04-29,0.0,42.09,22.5,33.88,11.32
1997-04-30,0.0,41.7,20.86,50.96,10.85
1997-05-01,0.0,38.54,19.11,72.64,19.96
1997-05-02,0.0,39.48,18.49,90.4,18.46
1997-05-03,0.0,42.9,19.52,84.85,7.19
1997-05-04,0.0,43.52,21.56,49.74,9.13
1997-05-05,0.0,43.12,23.13,40.96,8.33
1997-05-06,0.0,43.6,21.67,51.83,9.83
1997-05-07,0.0,40.89,21.37,67.0,18.17
1997-05-08,0.0,40.12,21.6,66.36,21.73
1997-05-09,0.0,40.88,22.9,63.97,26.54
1997-05-10,0.07,37.2,23.02,84.76,20.28
1997-05-11,0.0,38.62,23.89,64.11,19.35
1997-05-12,0.0,42.24,23.28,56.87,12.31
1997-05-13,0.0,41.48,22.84,51.61,15.31
1997-05-14,0.0,39.43,22.97,49.67,17.26
1997-05-15,0.0,40.94,21.48,59.83,15.96
1997-05-16,0.0,39.58,21.31,56.45,14.2
1997-05-17,0.0,40.29,21.07,65.28,15.19
1997-05-18,0.0,41.18,21.2,67.67,15.49
1997-05-19,0.0,42.49,22.71,50.58,13.71
1997-05-20,0.0,41.09,22.46,58.09,18.62
1997-05-21,0.0,41.57,23.66,59.9,20.66
1997-05-22,0.0,42.42,22.24,73.59,19.26
1997-05-23,0.0,42.63,23.83,58.71,15.72
1997-05-24,0.0,41.75,23.14,59.14,18.58
1997-05-25,0.0,40.01,22.19,63.17,24.62
1997-05-26,0.0,38.18,20.94,76.1,29.11
1997-05-27,0.0,41.2,20.93,83.82,23.33
1997-05-28,0.0,42.59,23.29,67.23,19.24
1997-05-29,0.0,41.58,23.63,66.04,23.91
1997-05-30,0.0,40.61,22.14,83.46,27.01
1997-05-31,0.0,42.16,23.55,66.49,24.02
1997-06-01,0.03,40.22,25.11,60.35,25.59
1997-06-02,0.0,40.21,23.83,73.05,27.25
1997-06-03,0.0,40.2,23.02,78.47,26.45
1997-06-04,0.0,42.47,24.91,62.57,20.69
1997-06-05,0.0,42.82,25.39,60.57,21.55
1997-06-06,0.0,39.0,22.63,86.28,30.21
1997-06-07,0.0,45.01,24.07,68.95,13.87
1997-06-08,0.0,41.34,25.97,76.27,17.2
1997-06-09,0.51,40.56,23.4,92.65,24.03
1997-06-10,0.0,45.16,23.3,66.19,10.8
1997-06-11,0.0,40.59,24.43,80.7,27.44
1997-06-12,0.0,38.39,22.65,88.28,32.86
1997-06-13,0.0,36.85,20.87,91.22,33.7
1997-06-14,0.0,38.54,21.28,85.74,27.38
1997-06-15,0.0,40.48,22.18,87.31,24.23
1997-06-16,0.0,43.22,25.44,64.19,18.59
1997-06-17,22.28,40.43,25.44,73.8,33.43
1997-06-18,0.11,36.08,22.56,99.1,49.01
1997-06-19,0.0,38.45,22.1,95.23,30.21
1997-06-20,0.0,39.31,22.02,89.53,26.98
1997-06-21,0.0,43.39,22.22,84.99,13.53
1997-06-22,0.0,44.0,26.34,55.42,13.09
1997-06-23,0.0,43.72,24.74,60.8,14.35
1997-06-24,0.0,43.04,23.89,67.74,14.8
1997-06-25,0.0,41.03,23.31,77.7,20.37
1997-06-26,0.0,37.56,22.5,91.88,36.74
1997-06-27,0.0,37.65,24.28,90.79,42.6
1997-06-28,0.0,36.58,23.45,97.68,40.35
1997-06-29,0.0,38.8,23.76,86.08,27.8
1997-06-30,0.0,41.91,23.26,88.03,22.32
1997-07-01,0.0,38.92,25.8,77.21,35.4
1997-07-02,0.0,37.77,25.71,69.13,31.49
1997-07-03,0.0,42.79,23.26,80.25,15.4
1997-07-04,0.0,40.42,26.32,69.37,30.82
1997-07-05,0.0,41.03,23.6,90.9,18.14
1997-07-06,0.0,42.64,24.33,69.27,12.08
1997-07-07,0.0,38.2,22.84,86.73,33.51
1997-07-08,0.0,37.95,23.93,92.15,41.92
1997-07-09,0.0,35.93,23.09,94.67,43.53
1997-07-10,0.0,36.94,22.56,84.76,32.17
1997-07-11,0.0,37.52,23.5,72.56,32.15
1997-07-12,0.0,38.54,25.13,69.86,27.69
1997-07-13,0.0,39.99,22.7,80.4,21.13
1997-07-14,0.0,39.42,22.69,84.21,21.83
1997-07-15,0.0,39.84,22.63,83.65,25.28
1997-07-16,0.0,38.89,22.28,92.26,31.43
1997-07-17,0.0,37.9,23.77,78.98,37.47
1997-07-18,0.0,36.05,24.43,83.48,43.18
1997-07-19,0.0,36.81,22.8,94.13,40.62
1997-07-20,0.91,37.93,24.17,89.36,41.28
1997-07-21,0.23,36.26,23.62,95.15,45.28
1997-07-22,0.0,36.27,23.56,92.86,41.89
1997-07-23,0.0,39.05,24.91,75.25,28.95
1997-07-24,0.0,42.48,24.56,78.31,20.62
1997-07-25,0.0,40.61,25.49,82.9,34.26
1997-07-26,0.0,35.91,24.72,97.8,59.02
1997-07-27,0.0,32.89,23.34,97.9,51.8
1997-07-28,0.0,36.02,23.21,97.71,47.23
1997-07-29,0.0,37.69,23.82,95.98,43.92
1997-07-30,0.0,35.9,23.98,95.49,45.04
1997-07-31,0.0,35.63,22.83,84.76,39.44
1997-08-01,0.0,35.83,21.52,82.68,38.12
1997-08-02,0.0,34.07,22.56,89.82,41.69
1997-08-03,0.0,37.26,22.45,89.63,37.87
1997-08-04,0.0,38.35,23.27,86.04,39.08
1997-08-05,0.0,37.91,23.84,81.06,37.03
1997-08-06,0.0,41.28,25.94,70.67,26.26
1997-08-07,0.0,42.95,24.98,72.7,15.55
1997-08-08,0.0,39.62,23.12,80.79,27.68
1997-08-09,0.0,37.11,23.29,77.47,38.19
1997-08-10,0.0,36.11,23.57,77.03,33.93
1997-08-11,0.0,37.1,23.8,73.81,33.65
1997-08-12,0.0,37.74,24.23,78.67,36.67
1997-08-13,0.0,37.73,24.0,86.64,37.54
1997-08-14,0.45,39.36,24.63,86.1,38.32
1997-08-15,0.0,38.6,24.54,89.89,39.73
1997-08-16,0.0,35.7,24.14,96.96,50.43
1997-08-17,0.0,37.81,24.32,87.34,40.64
1997-08-18,0.0,37.8,25.02,79.4,39.56
1997-08-19,0.0,38.42,25.24,74.41,36.14
1997-08-20,0.01,38.64,24.41,83.6,37.61
1997-08-21,14.66,37.85,25.97,95.14,42.77
1997-08-22,20.36,31.4,24.03,99.0,76.11
1997-08-23,1.32,30.3,24.26,99.15,79.35
1997-08-24,8.6,30.67,24.06,99.03,77.53
1997-08-25,0.95,30.84,24.25,98.87,77.91
1997-08-26,8.24,32.23,24.11,99.12,69.46
1997-08-27,0.56,31.5,23.61,98.48,69.93
1997-08-28,0.0,33.01,23.45,98.88,61.75
1997-08-29,0.0,33.09,24.14,98.44,70.58
1997-08-30,0.0,34.75,24.56,98.07,41.24
1997-08-31,5.78,36.39,23.74,98.32,46.33
1997-09-01,0.0,36.58,23.7,96.66,46.18
1997-09-02,0.0,36.52,22.42,91.91,37.07
1997-09-03,0.0,39.31,24.18,82.45,36.91
1997-09-04,0.0,37.98,24.8,82.96,41.41
1997-09-05,3.71,36.95,24.35,93.27,42.75
1997-09-06,1.52,36.18,24.17,99.75,52.21
1997-09-07,0.0,33.57,23.3,99.94,63.33
1997-09-08,0.0,37.49,24.69,98.42,44.26
1997-09-09,0.0,38.37,23.76,92.36,36.61
1997-09-10,0.0,38.86,23.91,95.62,34.66
1997-09-11,3.17,39.0,25.26,84.84,34.95
1997-09-12,1.73,34.99,24.11,97.36,54.49
1997-09-13,0.0,37.79,23.85,99.55,31.21
1997-09-14,0.0,41.89,25.13,78.5,20.88
1997-09-15,0.0,41.01,25.61,79.56,26.77
1997-09-16,0.0,41.0,25.34,73.84,21.79
1997-09-17,0.0,39.79,25.59,68.62,32.57
1997-09-18,0.0,40.11,25.4,75.65,29.67
1997-09-19,0.0,40.57,25.27,79.45,26.32
1997-09-20,0.0,39.73,26.55,67.46,33.79
1997-09-21,0.0,39.53,25.94,85.6,37.86
1997-09-22,0.0,41.4,24.25,98.07,23.34
1997-09-23,0.0,40.07,24.78,91.09,31.42
1997-09-24,0.0,40.63,24.24,78.49,20.01
1997-09-25,0.0,38.23,23.32,84.22,28.33
1997-09-26,0.0,38.65,22.68,84.07,29.98
1997-09-27,0.0,38.18,24.46,78.2,36.4
1997-09-28,0.0,36.93,23.35,88.43,42.42
1997-09-29,0.0,36.79,23.49,88.82,41.68
1997-09-30,0.0,36.63,23.23,83.91,38.41
1997-10-01,0.0,37.54,22.6,94.73,35.75
1997-10-02,0.0,38.61,23.46,94.23,34.62
1997-10-03,0.0,40.59,23.98,92.44,28.88
1997-10-04,0.0,40.17,23.92,91.83,27.92
1997-10-05,0.0,41.1,24.92,68.66,21.01
1997-10-06,0.0,38.93,22.93,83.46,26.17
1997-10-07,0.0,38.1,22.9,95.37,38.08
1997-10-08,0.32,38.83,23.24,97.88,37.25
1997-10-09,0.0,32.94,23.46,96.43,69.19
1997-10-10,0.0,38.69,23.88,94.14,33.34
1997-10-11,0.0,40.86,25.27,73.51,25.39
1997-10-12,0.0,40.85,26.35,70.97,19.96
1997-10-13,0.0,40.77,24.18,59.32,20.39
1997-10-14,0.0,40.6,24.52,61.49,20.81
1997-10-15,0.0,39.54,23.33,70.21,20.24
1997-10-16,0.0,35.39,21.57,83.45,29.7
1997-10-17,0.0,35.62,21.94,76.4,33.33
1997-10-18,0.0,35.79,22.18,89.58,37.01
1997-10-19,0.0,38.66,23.33,73.38,29.54
1997-10-20,0.0,40.04,24.35,77.07,26.31
1997-10-21,0.0,40.97,23.69,79.19,19.17
1997-10-22,0.0,41.58,24.51,58.73,15.43
1997-10-23,0.0,41.28,24.38,55.1,17.27
1997-10-24,0.0,40.47,23.65,75.51,22.49
1997-10-25,0.0,40.67,22.91,85.83,19.03
1997-10-26,0.0,42.16,24.06,65.02,15.2
1997-10-27,0.09,42.31,25.65,42.22,14.77
1997-10-28,0.0,42.18,25.42,42.88,15.14
1997-10-29,0.0,41.54,24.74,49.32,16.24
1997-10-30,0.0,41.11,24.53,39.05,12.04
1997-10-31,0.0,40.22,23.4,51.4,10.53
1997-11-01,0.0,40.05,22.29,55.9,18.35
1997-11-02,0.0,40.47,22.72,57.1,10.45
1997-11-03,0.0,40.08,22.71,32.85,9.61
1997-11-04,0.0,39.57,21.43,31.71,10.26
1997-11-05,0.0,40.49,22.25,44.6,13.47
1997-11-06,0.0,40.3,21.93,43.89,13.27
1997-11-07,0.0,38.63,20.76,93.87,24.7
1997-11-08,0.0,39.3,21.59,66.28,19.65
1997-11-09,0.0,40.89,23.99,49.68,17.44
1997-11-10,0.0,39.92,22.78,43.08,16.0
1997-11-11,0.0,39.92,22.04,40.77,13.44
1997-11-12,0.0,39.6,21.57,41.27,15.1
1997-11-13,0.0,38.1,21.33,52.03,19.5
1997-11-14,0.0,39.09,21.02,51.82,19.42
1997-11-15,0.0,38.99,21.35,56.0,22.66
1997-11-16,0.0,39.49,20.25,73.9,13.64
1997-11-17,0.0,40.47,21.84,45.04,11.97
1997-11-18,0.0,40.11,20.98,56.57,17.63
1997-11-19,0.0,37.55,19.95,64.13,14.86
1997-11-20,0.0,34.7,17.65,68.81,25.15
1997-11-21,0.0,36.46,18.1,75.23,18.82
1997-11-22,0.0,37.45,19.48,41.88,12.84
1997-11-23,0.0,36.81,19.67,40.46,14.36
1997-11-24,0.0,35.31,18.55,43.79,16.05
1997-11-25,0.0,35.11,18.39,36.15,12.51
1997-11-26,0.0,33.92,17.54,29.08,8.74
1997-11-27,0.0,32.36,16.23,36.27,12.17
1997-11-28,0.0,32.56,17.01,72.44,24.33
1997-11-29,0.0,35.44,18.07,62.21,20.95
1997-11-30,0.0,36.8,19.03,51.21,17.1
1997-12-01,0.0,36.52,17.78,48.17,17.5
1997-12-02,0.0,35.2,17.31,43.84,16.58
1997-12-03,0.0,35.87,18.36,39.26,15.77
1997-12-04,0.0,36.5,18.5,48.33,14.96
1997-12-05,0.0,35.5,15.98,68.47,12.99
1997-12-06,0.0,34.79,17.01,35.17,14.25
1997-12-07,0.0,32.77,17.67,59.09,29.92
1997-12-08,0.0,32.66,15.77,63.19,26.19
1997-12-09,0.0,31.32,15.82,45.93,19.21
1997-12-10,0.0,30.11,14.78,33.64,13.01
1997-12-11,0.0,29.68,14.57,27.6,14.12
1997-12-12,0.0,30.98,14.99,28.82,12.74
1997-12-13,0.0,33.25,14.66,31.75,12.15
1997-12-14,0.0,34.04,15.45,32.63,13.02
1997-12-15,0.0,33.85,15.8,31.25,12.33
1997-12-16,0.0,33.51,15.56,26.37,8.92
1997-12-17,0.0,33.24,15.2,28.23,8.66
1997-12-18,0.0,32.48,15.05,29.5,9.61
1997-12-19,0.0,32.92,16.24,29.2,10.3
1997-12-20,0.0,33.01,15.63,34.57,11.58
1997-12-21,0.0,33.57,15.37,72.98,24.67
1997-12-22,0.0,32.87,15.63,72.28,28.04
1997-12-23,0.0,33.04,15.39,61.47,20.02
1997-12-24,0.0,32.76,15.95,45.03,16.53
1997-12-25,0.0,29.58,15.45,42.85,19.45
1997-12-26,0.0,29.13,13.39,57.24,24.64
1997-12-27,0.0,29.73,13.16,54.77,19.39
1997-12-28,0.0,30.05,13.19,46.78,18.5
1997-12-29,0.0,30.92,13.51,45.65,20.18
1997-12-30,0.0,31.0,13.66,47.18,16.84
1997-12-31,0.0,30.25,12.52,39.78,16.02
1998-01-01,0.0,29.02,13.36,62.62,26.01
1998-01-02,0.0,30.38,13.78,77.54,21.15
1998-01-03,0.0,33.26,15.54,72.41,24.39
1998-01-04,0.0,33.03,17.88,53.06,17.36
1998-01-05,0.0,31.53,16.92,28.82,13.79
1998-01-06,0.0,34.1,17.54,25.68,11.4
1998-01-07,0.0,34.48,17.59,28.32,11.64
1998-01-08,0.0,33.39,16.18,31.12,11.51
1998-01-09,0.0,33.08,15.12,32.57,13.19
1998-01-10,0.0,33.48,16.4,36.2,13.37
1998-01-11,0.0,34.71,16.11,40.4,12.0
1998-01-12,0.0,34.87,15.86,55.6,13.11
1998-01-13,0.0,36.05,17.56,31.65,10.15
1998-01-14,0.0,34.9,17.54,24.79,9.29
1998-01-15,0.0,34.53,16.3,25.88,10.7
1998-01-16,0.0,33.26,16.27,25.87,11.3
1998-01-17,0.0,31.92,15.5,35.38,15.64
1998-01-18,0.0,31.22,13.98,28.77,12.23
1998-01-19,0.0,32.35,15.25,30.18,10.73
1998-01-20,0.0,33.69,17.32,25.04,10.62
1998-01-21,0.0,33.77,16.29,29.7,10.2
1998-01-22,0.0,34.3,16.13,27.94,8.39
1998-01-23,0.0,35.12,16.31,24.84,6.71
1998-01-24,0.0,35.19,16.5,24.58,6.19
1998-01-25,0.0,35.43,16.71,26.08,6.97
1998-01-26,0.0,33.25,16.01,48.61,13.05
1998-01-27,0.0,26.99,15.43,97.05,51.2
1998-01-28,0.0,27.0,14.89,97.26,60.76
1998-01-29,0.0,27.73,15.07,96.44,50.66
1998-01-30,0.0,30.02,14.1,98.78,46.08
1998-01-31,0.0,31.94,14.14,98.99,41.73
1998-02-01,0.0,31.95,16.27,98.29,46.51
1998-02-02,0.0,31.27,16.16,97.21,41.48
1998-02-03,0.0,32.27,17.51,93.76,36.16
1998-02-04,0.0,39.49,20.64,52.15,15.68
1998-02-05,0.0,41.47,21.27,44.0,14.17
1998-02-06,0.0,41.35,22.84,34.48,14.22
1998-02-07,0.0,39.62,20.58,80.85,15.77
1998-02-08,0.0,40.81,22.61,35.11,14.22
1998-02-09,0.0,40.23,21.95,37.05,15.26
1998-02-10,0.0,38.24,21.34,56.66,20.37
1998-02-11,0.0,37.76,19.83,77.82,26.1
1998-02-12,0.0,35.37,18.64,84.53,34.23
1998-02-13,0.0,36.48,18.08,83.54,26.69
1998-02-14,0.0,39.47,18.83,90.54,14.35
1998-02-15,0.0,41.59,22.15,39.72,11.62
1998-02-16,0.0,35.53,20.96,31.42,12.03
1998-02-17,0.0,36.25,17.07,34.38,11.34
1998-02-18,0.0,39.29,19.45,28.89,8.58
1998-02-19,0.0,39.55,20.28,19.76,7.57
1998-02-20,0.0,37.79,19.53,21.97,7.77
1998-02-21,0.0,36.1,17.48,29.01,10.71
1998-02-22,0.0,37.26,18.74,31.69,9.51
1998-02-23,0.0,36.12,21.94,24.86,8.66
1998-02-24,0.0,37.53,18.95,19.72,6.91
1998-02-25,0.0,38.65,19.7,23.86,8.02
1998-02-26,0.0,38.5,20.2,27.34,7.49
1998-02-27,0.0,39.87,20.71,20.14,6.57
1998-02-28,0.0,40.04,20.25,20.35,5.65
1998-03-01,0.0,39.74,20.24,21.12,6.51
1998-03-02,0.0,37.37,18.73,23.35,7.12
1998-03-03,0.0,35.54,18.53,22.03,8.37
1998-03-04,0.0,37.03,19.17,25.81,7.77
1998-03-05,0.0,39.48,22.21,20.84,5.61
1998-03-06,0.0,39.61,21.06,19.46,5.57
1998-03-07,0.0,38.37,19.32,18.11,5.14
1998-03-08,0.0,38.91,19.38,18.51,5.51
1998-03-09,0.0,38.93,18.61,36.28,5.67
1998-03-10,0.0,38.1,17.24,53.42,8.91
1998-03-11,0.0,41.15,18.77,40.65,3.85
1998-03-12,0.0,40.74,20.8,21.08,4.65
1998-03-13,0.0,37.07,21.08,30.46,11.51
1998-03-14,0.0,35.59,18.08,47.23,14.29
1998-03-15,0.0,37.3,19.0,34.95,13.16
1998-03-16,0.0,34.31,21.72,30.35,11.64
1998-03-17,0.0,37.29,19.37,26.35,8.06
1998-03-18,0.0,39.86,21.15,23.99,7.99
1998-03-19,0.0,40.51,20.78,23.88,7.35
1998-03-20,0.0,39.48,20.22,21.84,7.01
1998-03-21,0.0,41.14,20.07,22.44,6.63
1998-03-22,0.0,42.29,22.3,30.57,8.9
1998-03-23,0.0,35.21,19.81,67.54,28.05
1998-03-24,0.0,32.95,18.56,96.49,39.89
1998-03-25,0.0,37.72,19.31,85.45,25.87
1998-03-26,0.0,41.47,20.06,93.31,12.0
1998-03-27,0.0,36.85,18.74,98.85,24.46
1998-03-28,0.0,33.53,18.15,92.4,43.13
1998-03-29,0.0,34.4,16.39,96.16,35.15
1998-03-30,0.0,40.94,19.03,84.11,18.97
1998-03-31,0.0,43.68,23.51,47.47,14.23
1998-04-01,0.0,44.36,24.68,41.67,11.23
1998-04-02,0.0,42.51,24.88,38.03,13.36
1998-04-03,0.0,39.8,21.86,42.01,14.96
1998-04-04,0.0,38.81,20.59,56.44,17.14
1998-04-05,0.0,39.99,19.58,70.73,15.08
1998-04-06,0.0,42.0,20.9,61.86,12.15
1998-04-07,0.0,40.86,21.64,62.45,16.03
1998-04-08,0.0,36.88,20.3,76.71,27.94
1998-04-09,0.0,38.9,19.25,83.73,20.85
1998-04-10,0.0,40.73,20.7,72.2,14.14
1998-04-11,0.0,39.9,20.86,42.54,11.36
1998-04-12,0.0,39.03,19.83,51.14,15.12
1998-04-13,0.0,35.65,20.83,66.96,25.98
1998-04-14,0.0,39.21,20.22,71.23,16.02
1998-04-15,0.0,37.0,21.13,54.77,22.5
1998-04-16,0.0,39.22,21.13,70.13,16.65
1998-04-17,0.0,37.2,20.04,77.27,25.69
1998-04-18,0.0,35.72,18.27,93.28,28.16
1998-04-19,0.0,38.6,18.46,90.54,19.77
1998-04-20,0.0,35.74,19.1,74.93,21.27
1998-04-21,0.0,39.57,19.56,75.39,13.57
1998-04-22,0.0,41.18,20.71,55.42,9.93
1998-04-23,0.0,41.84,22.63,30.96,10.18
1998-04-24,0.0,41.66,23.97,29.21,11.43
1998-04-25,0.0,43.2,23.78,37.09,9.98
1998-04-26,0.0,41.3,21.61,67.09,17.99
1998-04-27,0.0,45.34,22.08,67.73,8.14
1998-04-28,0.0,44.19,24.75,33.71,8.31
1998-04-29,0.0,41.17,22.85,38.46,11.46
1998-04-30,0.0,37.31,19.21,81.42,26.45
1998-05-01,0.0,37.69,18.86,94.01,25.67
1998-05-02,0.0,37.57,18.48,84.44,21.52
1998-05-03,0.0,38.76,18.72,83.33,15.2
1998-05-04,0.0,39.59,20.02,62.54,13.17
1998-05-05,0.0,38.53,18.98,79.65,17.01
1998-05-06,0.0,37.21,17.85,88.19,21.61
1998-05-07,0.0,33.65,18.74,84.36,26.97
1998-05-08,0.0,39.89,21.29,62.35,19.55
1998-05-09,0.0,41.75,22.08,58.59,15.21
1998-05-10,0.0,41.5,25.47,48.99,19.62
1998-05-11,0.0,40.08,22.53,73.85,23.41
1998-05-12,0.0,39.84,21.87,61.88,20.22
1998-05-13,0.0,40.45,20.88,71.03,21.79
1998-05-14,0.0,42.35,21.9,62.72,17.06
1998-05-15,0.0,44.01,22.76,55.6,13.67
1998-05-16,0.0,43.28,23.96,52.63,15.03
1998-05-17,0.0,42.54,21.57,72.51,19.13
1998-05-18,0.0,43.29,23.84,62.18,18.88
1998-05-19,0.0,42.44,23.77,68.41,24.72
1998-05-20,0.0,38.49,22.26,76.02,30.01
1998-05-21,0.0,35.63,20.03,89.4,34.14
1998-05-22,0.0,35.96,21.43,83.91,31.79
1998-05-23,0.0,35.65,19.78,93.45,30.13
1998-05-24,0.0,39.34,22.09,72.34,21.05
1998-05-25,0.0,36.79,19.91,81.31,25.74
1998-05-26,0.0,36.79,20.04,79.87,25.9
1998-05-27,0.0,39.95,21.45,68.75,16.47
1998-05-28,0.0,41.39,24.17,41.85,14.84
1998-05-29,0.0,42.46,23.87,37.8,13.16
1998-05-30,0.0,42.45,23.57,44.71,11.94
1998-05-31,0.0,42.74,23.2,50.76,12.59
1998-06-01,0.0,41.52,23.48,52.82,13.89
1998-06-02,0.0,41.46,23.47,66.73,18.5
1998-06-03,0.0,41.27,22.26,79.14,16.5
1998-06-04,0.0,36.14,20.81,78.58,28.59
1998-06-05,0.0,35.72,20.93,87.15,31.22
1998-06-06,0.0,36.41,20.48,94.26,32.34
1998-06-07,0.0,37.82,20.83,90.48,26.55
1998-06-08,0.0,38.83,20.72,89.79,22.17
1998-06-09,0.0,37.86,22.3,81.82,27.74
1998-06-10,0.0,39.26,22.2,76.1,25.65
1998-06-11,0.0,37.74,22.43,80.52,32.74
1998-06-12,0.0,37.94,23.23,83.28,34.38
1998-06-13,0.0,39.45,23.36,86.41,33.09
1998-06-14,0.0,42.32,24.49,82.78,20.98
1998-06-15,0.0,44.74,25.83,55.4,8.01
1998-06-16,0.0,43.55,25.54,46.91,12.43
1998-06-17,0.0,40.55,24.39,58.62,21.25
1998-06-18,0.0,39.03,24.63,61.47,24.51
1998-06-19,0.0,43.86,24.3,62.12,12.71
1998-06-20,0.0,41.61,23.79,70.43,19.82
1998-06-21,0.0,37.83,22.44,86.31,35.82
1998-06-22,0.0,39.65,21.99,94.38,34.5
1998-06-23,0.0,41.18,24.38,77.97,26.91
1998-06-24,0.0,46.32,26.0,66.88,15.11
1998-06-25,0.0,39.87,25.1,84.03,37.27
1998-06-26,0.0,38.39,22.97,97.99,39.69
1998-06-27,0.0,36.9,23.82,88.88,34.2
1998-06-28,0.0,36.82,22.07,89.91,35.59
1998-06-29,0.0,41.45,21.98,91.09,17.81
1998-06-30,0.0,42.71,23.76,71.52,16.54
1998-07-01,0.0,38.45,23.88,69.29,31.54
1998-07-02,0.0,38.42,23.47,80.28,28.62
1998-07-03,0.0,37.74,21.63,83.85,25.39
1998-07-04,0.0,44.17,23.9,68.6,10.44
1998-07-05,0.0,40.56,25.24,67.5,17.88
1998-07-06,0.0,35.62,21.85,78.29,35.77
1998-07-07,0.0,35.38,22.72,69.14,34.95
1998-07-08,0.0,37.12,22.09,77.16,30.86
1998-07-09,0.0,38.0,24.83,76.03,36.03
1998-07-10,0.0,38.17,24.36,80.87,30.01
1998-07-11,0.0,35.49,23.74,70.37,34.75
1998-07-12,0.0,33.68,21.68,72.88,35.67
1998-07-13,0.0,34.52,21.98,69.44,33.3
1998-07-14,0.0,35.55,21.11,74.35,34.12
1998-07-15,0.0,36.61,22.92,81.68,33.33
1998-07-16,0.0,38.37,23.61,81.28,36.35
1998-07-17,0.0,37.52,23.66,87.74,36.42
1998-07-18,0.0,37.9,22.32,92.09,36.25
1998-07-19,0.0,37.84,23.77,89.76,39.69
1998-07-20,0.0,36.88,23.97,85.49,34.86
1998-07-21,0.0,35.21,22.35,87.83,36.36
1998-07-22,0.66,36.23,22.73,89.83,40.1
1998-07-23,2.64,38.5,23.49,94.26,40.67
1998-07-24,24.33,35.18,24.13,99.09,54.17
1998-07-25,0.0,32.71,23.66,99.16,65.29
1998-07-26,0.0,36.46,23.78,97.15,46.15
1998-07-27,0.0,36.29,23.92,98.26,50.02
1998-07-28,0.0,35.37,24.35,97.76,44.47
1998-07-29,0.0,36.91,22.52,91.69,39.28
1998-07-30,0.0,37.38,25.87,88.51,44.1
1998-07-31,0.0,37.19,25.2,93.42,44.08
1998-08-01,0.0,37.2,22.63,93.29,37.08
1998-08-02,0.0,38.4,23.89,78.76,36.24
1998-08-03,0.57,38.31,25.0,83.22,39.24
1998-08-04,28.21,37.42,24.46,92.37,43.42
1998-08-05,0.0,37.67,23.62,89.52,42.37
1998-08-06,0.0,39.49,24.56,88.82,39.85
1998-08-07,1.69,37.72,25.23,93.42,46.29
1998-08-08,0.0,37.67,23.92,92.93,37.94
1998-08-09,3.43,39.29,23.74,78.94,33.98
1998-08-10,2.86,38.39,25.19,79.11,42.51
1998-08-11,0.25,37.74,24.64,85.2,44.36
1998-08-12,0.0,36.86,25.62,91.39,43.95
1998-08-13,0.0,35.66,23.39,83.37,44.88
1998-08-14,0.0,38.8,24.48,89.0,37.86
1998-08-15,0.6,39.15,25.68,85.81,39.31
1998-08-16,4.8,38.64,24.5,94.87,34.23
1998-08-17,0.0,38.79,24.34,80.09,36.53
1998-08-18,0.0,39.9,25.02,85.59,35.88
1998-08-19,0.0,38.97,25.62,87.09,41.31
1998-08-20,7.26,37.7,24.86,93.37,45.73
1998-08-21,1.23,32.28,24.57,99.56,74.49
1998-08-22,0.0,34.6,24.14,98.19,58.09
1998-08-23,0.2,36.69,24.36,98.01,49.05
1998-08-24,0.0,37.42,23.82,99.25,42.84
1998-08-25,0.0,39.77,23.98,78.7,31.7
1998-08-26,0.0,40.36,24.69,83.83,35.05
1998-08-27,0.63,37.85,25.32,89.87,46.25
1998-08-28,0.0,38.52,24.56,96.9,43.76
1998-08-29,0.0,38.03,24.9,94.41,40.1
1998-08-30,0.0,38.79,23.93,95.7,37.33
1998-08-31,0.0,37.8,24.3,90.08,41.67
1998-09-01,8.43,37.91,23.34,83.0,37.0
1998-09-02,0.38,38.16,24.43,83.7,44.15
1998-09-03,0.0,39.48,25.57,91.89,37.21
1998-09-04,0.0,39.25,25.06,86.83,36.62
1998-09-05,0.14,37.49,24.23,94.48,45.28
1998-09-06,0.0,38.82,25.3,93.82,41.12
1998-09-07,0.1,36.9,25.51,85.84,44.48
1998-09-08,3.74,37.55,25.35,84.64,45.58
1998-09-09,4.9,31.95,23.32,99.25,66.82
1998-09-10,40.22,33.28,23.32,99.72,63.66
1998-09-11,3.31,30.37,23.52,99.52,79.08
1998-09-12,10.58,31.6,23.07,99.25,71.54
1998-09-13,0.0,32.72,22.87,98.87,65.65
1998-09-14,0.0,36.45,24.18,99.16,47.65
1998-09-15,0.06,36.03,26.1,90.79,58.91
1998-09-16,3.48,33.9,24.18,98.87,63.35
1998-09-17,0.0,37.01,24.18,99.01,47.74
1998-09-18,0.0,38.47,24.96,94.83,36.29
1998-09-19,0.0,40.64,24.17,85.8,25.29
1998-09-20,0.0,41.33,26.34,67.98,28.2
1998-09-21,2.59,39.01,26.75,81.29,37.45
1998-09-22,0.0,38.95,25.86,79.26,38.75
1998-09-23,0.0,38.78,24.97,91.76,35.17
1998-09-24,0.0,41.38,24.13,86.1,18.19
1998-09-25,1.52,39.6,26.75,67.06,35.37
1998-09-26,2.86,34.87,24.02,99.48,64.75
1998-09-27,0.0,33.22,23.89,98.72,64.59
1998-09-28,0.0,42.14,24.22,95.62,17.1
1998-09-29,0.0,39.61,26.07,74.56,30.77
1998-09-30,0.0,40.88,25.28,76.94,27.72
1998-10-01,0.0,40.67,24.33,94.79,28.3
1998-10-02,0.0,41.0,23.96,95.0,28.86
1998-10-03,5.74,39.54,24.09,99.48,38.8
1998-10-04,0.0,39.46,24.36,99.43,36.45
1998-10-05,0.0,42.73,23.56,91.1,18.84
1998-10-06,0.0,40.78,25.27,90.48,30.63
1998-10-07,0.0,41.84,24.4,98.08,20.61
1998-10-08,0.0,41.95,26.8,51.1,15.12
1998-10-09,0.0,37.18,22.87,60.35,23.16
1998-10-10,0.0,36.25,19.81,98.86,32.3
1998-10-11,0.0,36.47,21.64,95.57,43.74
1998-10-12,0.0,38.16,22.95,97.37,32.52
1998-10-13,0.0,40.21,22.54,97.94,19.8
1998-10-14,0.0,40.64,24.52,33.64,9.19
1998-10-15,0.0,41.65,24.56,33.53,12.5
1998-10-16,0.0,40.77,24.12,34.25,12.47
1998-10-17,0.0,40.94,23.1,49.1,15.56
1998-10-18,0.0,41.76,24.1,46.14,15.59
1998-10-19,0.0,43.14,25.25,49.13,13.69
1998-10-20,0.14,41.89,26.54,66.47,23.81
1998-10-21,0.0,41.66,24.47,78.37,14.97
1998-10-22,0.0,40.47,24.11,38.96,13.47
1998-10-23,0.0,40.22,23.76,34.59,13.94
1998-10-24,0.0,37.68,22.73,39.9,15.94
1998-10-25,0.0,38.8,21.92,42.81,15.27
1998-10-26,0.12,39.94,23.0,41.22,14.42
1998-10-27,0.0,40.86,25.43,41.6,15.18
1998-10-28,0.0,40.36,25.0,38.4,11.81
1998-10-29,0.0,37.75,21.72,31.32,12.78
1998-10-30,0.0,38.41,20.99,45.5,16.08
1998-10-31,0.0,39.5,24.06,52.2,19.51
1998-11-01,0.0,41.71,22.64,70.14,14.76
1998-11-02,0.0,40.81,22.7,35.41,10.42
1998-11-03,0.0,38.81,19.92,30.0,10.35
1998-11-04,0.0,39.18,19.96,31.94,10.91
1998-11-05,0.0,39.91,20.83,32.19,14.41
1998-11-06,0.0,38.96,20.82,51.08,17.07
1998-11-07,0.0,36.8,19.6,88.36,26.75
1998-11-08,0.0,39.12,19.38,93.86,12.59
1998-11-09,0.0,40.62,21.66,49.7,8.84
1998-11-10,0.0,39.32,20.38,23.48,6.42
1998-11-11,0.0,38.01,19.45,29.81,10.91
1998-11-12,0.0,37.86,19.95,33.68,14.0
1998-11-13,0.0,36.95,20.09,30.78,10.58
1998-11-14,0.0,35.05,18.95,31.69,13.49
1998-11-15,0.0,37.12,18.78,33.31,12.95
1998-11-16,0.0,37.73,20.1,33.02,12.23
1998-11-17,0.0,39.52,21.02,31.49,10.99
1998-11-18,0.0,39.21,22.01,28.4,12.07
1998-11-19,0.0,38.8,21.92,27.24,10.35
1998-11-20,0.0,38.07,21.73,25.92,9.68
1998-11-21,0.0,35.97,21.48,24.08,9.77
1998-11-22,0.0,36.79,21.47,26.42,12.38
1998-11-23,0.0,37.02,19.84,35.89,14.87
1998-11-24,0.0,36.59,19.53,36.6,13.92
1998-11-25,0.0,34.63,20.06,34.39,12.82
1998-11-26,0.0,34.73,19.62,26.6,11.32
1998-11-27,0.0,34.22,19.82,27.62,11.3
1998-11-28,0.0,34.11,18.15,27.98,12.03
1998-11-29,0.0,32.87,18.19,30.35,13.72
1998-11-30,0.0,33.61,19.45,27.29,9.96
1998-12-01,0.0,35.87,18.11,47.21,19.73
1998-12-02,0.0,36.31,18.4,44.51,19.49
1998-12-03,0.0,35.26,17.57,45.03,21.88
1998-12-04,0.0,34.51,17.48,46.98,23.14
1998-12-05,0.0,36.29,18.17,52.29,22.55
1998-12-06,0.0,37.04,19.27,40.92,18.45
1998-12-07,0.0,35.56,18.66,50.52,19.51
1998-12-08,0.0,34.45,19.82,40.96,22.06
1998-12-09,0.0,31.14,17.36,55.8,18.74
1998-12-10,0.0,26.96,14.08,30.69,19.56
1998-12-11,0.0,27.15,12.6,39.51,20.21
1998-12-12,0.0,30.43,14.41,43.0,18.56
1998-12-13,0.0,33.0,16.93,39.75,18.62
1998-12-14,0.0,33.9,17.94,76.17,26.12
1998-12-15,0.0,35.86,19.08,54.7,18.13
1998-12-16,0.0,36.12,17.92,55.49,18.59
1998-12-17,0.0,35.52,18.29,54.14,22.12
1998-12-18,0.0,36.59,17.69,52.43,16.27
1998-12-19,0.0,37.48,19.02,38.32,15.69
1998-12-20,0.0,34.48,19.12,36.11,18.16
1998-12-21,0.0,34.02,18.57,43.19,18.58
1998-12-22,0.0,33.35,18.41,38.69,18.63
1998-12-23,0.0,33.45,16.1,44.29,17.72
1998-12-24,0.0,33.64,15.59,42.13,15.87
1998-12-25,0.0,34.87,17.09,41.29,15.76
1998-12-26,0.0,34.93,17.3,36.26,14.45
1998-12-27,0.0,31.58,17.38,35.25,13.55
1998-12-28,0.0,27.53,16.84,78.38,38.16
1998-12-29,0.0,28.21,12.67,96.15,38.12
1998-12-30,0.0,28.48,12.49,74.93,26.12
1998-12-31,0.0,27.61,11.32,64.34,28.99
1999-01-01,0.0,27.49,11.82,60.14,23.77
1999-01-02,0.0,29.37,11.78,64.4,27.83
1999-01-03,0.0,31.68,14.03,87.11,32.17
1999-01-04,0.0,32.12,15.29,60.64,21.48
1999-01-05,0.0,32.28,17.35,33.25,16.02
1999-01-06,0.0,30.4,16.86,58.78,21.45
1999-01-07,0.0,28.51,14.9,99.98,51.36
1999-01-08,0.0,29.35,15.34,98.95,49.34
1999-01-09,0.0,29.84,15.14,99.11,53.47
1999-01-10,0.0,29.35,13.58,99.36,37.24
1999-01-11,0.0,29.2,13.42,96.59,30.24
1999-01-12,0.0,26.21,12.99,78.84,38.68
1999-01-13,0.0,26.88,11.68,99.56,44.67
1999-01-14,0.0,26.71,11.31,99.09,33.11
1999-01-15,0.0,27.21,10.56,74.89,23.74
1999-01-16,0.0,29.69,12.23,60.9,22.86
1999-01-17,0.0,30.67,13.95,51.31,18.7
1999-01-18,0.0,29.15,13.94,45.69,21.59
1999-01-19,0.0,28.57,12.29,60.52,25.83
1999-01-20,0.0,30.86,12.51,63.16,17.52
1999-01-21,0.0,29.41,13.56,51.16,15.87
1999-01-22,0.0,28.56,11.04,50.36,19.32
1999-01-23,0.0,28.6,11.69,46.47,17.17
1999-01-24,0.0,29.43,12.22,60.41,22.36
1999-01-25,0.0,31.5,13.9,46.95,17.72
1999-01-26,0.0,30.08,14.59,38.72,16.85
1999-01-27,0.0,28.95,13.79,42.56,18.98
1999-01-28,0.0,29.44,12.93,37.47,15.15
1999-01-29,0.0,30.78,13.01,37.87,12.79
1999-01-30,0.0,30.17,12.36,34.98,11.43
1999-01-31,0.0,33.09,14.52,26.06,8.65
1999-02-01,0.0,33.88,16.94,21.23,8.5
1999-02-02,0.0,32.77,14.98,35.98,10.28
1999-02-03,0.0,34.26,16.16,33.42,9.76
1999-02-04,0.0,30.11,18.63,32.49,12.1
1999-02-05,0.0,28.99,15.59,16.36,7.08
1999-02-06,0.0,28.14,13.81,22.92,9.77
1999-02-07,0.03,28.27,11.3,22.36,9.61
1999-02-08,0.01,31.55,13.62,36.31,9.86
1999-02-09,0.0,33.59,15.03,32.72,9.51
1999-02-10,0.0,34.36,15.8,43.59,12.73
1999-02-11,0.0,34.62,16.4,47.49,15.38
1999-02-12,0.0,34.06,16.63,44.79,15.78
1999-02-13,0.02,31.9,15.53,46.34,18.34
1999-02-14,0.0,31.41,14.69,55.54,17.42
1999-02-15,0.0,29.3,13.39,57.01,19.82
1999-02-16,0.0,30.14,14.41,50.18,16.16
1999-02-17,0.0,30.3,13.17,37.55,14.04
1999-02-18,0.0,30.38,13.27,35.41,14.15
1999-02-19,0.0,29.4,13.92,33.03,13.99
1999-02-20,0.0,29.36,12.92,29.91,13.24
1999-02-21,0.0,30.46,13.54,34.34,15.18
1999-02-22,0.0,31.39,14.41,34.24,13.98
1999-02-23,0.0,33.56,15.17,34.85,13.24
1999-02-24,0.0,35.92,16.73,28.75,10.53
1999-02-25,0.0,37.32,17.95,26.43,9.53
1999-02-26,0.0,35.91,17.39,26.73,8.94
1999-02-27,0.0,34.13,17.9,29.77,15.23
1999-02-28,0.0,31.6,18.84,40.86,16.42
1999-03-01,0.0,31.23,16.74,48.85,19.76
1999-03-02,0.0,33.18,17.1,44.45,15.9
1999-03-03,0.0,33.67,15.2,45.46,10.5
1999-03-04,0.0,33.61,16.11,31.74,13.1
1999-03-05,0.0,35.3,16.23,28.08,10.21
1999-03-06,0.0,34.54,17.48,27.39,10.5
1999-03-07,0.0,36.92,19.34,31.53,9.91
1999-03-08,0.0,35.34,18.12,47.66,16.99
1999-03-09,0.0,33.14,15.36,88.0,24.71
1999-03-10,0.0,31.58,14.3,96.41,25.83
1999-03-11,0.0,32.92,14.94,97.7,27.48
1999-03-12,0.0,33.58,14.38,91.03,18.3
1999-03-13,0.0,33.16,13.69,98.05,22.11
1999-03-14,0.0,33.57,14.37,97.2,22.56
1999-03-15,0.0,34.85,16.39,71.48,15.32
1999-03-16,0.0,35.61,16.83,38.8,12.24
1999-03-17,0.0,37.21,19.02,37.13,13.72
1999-03-18,0.0,39.36,20.26,39.37,12.71
1999-03-19,0.0,37.51,17.28,66.07,16.25
1999-03-20,0.0,36.98,18.18,70.08,23.03
1999-03-21,0.0,37.21,18.48,73.03,22.71
1999-03-22,0.0,37.74,18.46,67.3,18.76
1999-03-23,0.0,35.64,17.28,79.16,20.52
1999-03-24,0.0,35.03,17.3,84.46,26.94
1999-03-25,0.0,34.41,16.46,95.65,29.48
1999-03-26,0.0,32.81,16.5,87.31,20.67
1999-03-27,0.0,34.2,17.44,42.51,16.82
1999-03-28,0.0,36.16,17.14,40.61,13.49
1999-03-29,0.0,39.27,18.93,41.4,9.6
1999-03-30,0.0,40.67,19.64,38.56,7.8
1999-03-31,0.0,35.91,17.53,66.8,20.59
1999-04-01,0.0,35.41,16.98,81.68,22.29
1999-04-02,0.0,38.69,17.99,73.43,16.83
1999-04-03,0.0,41.8,21.11,52.7,13.52
1999-04-04,0.0,40.56,20.11,58.91,14.32
1999-04-05,0.0,38.91,18.81,67.51,17.13
1999-04-06,0.0,41.89,19.64,55.1,5.98
1999-04-07,0.0,40.64,22.32,21.02,7.57
1999-04-08,0.0,41.76,21.72,24.67,8.0
1999-04-09,0.0,39.52,19.97,48.37,15.57
1999-04-10,0.0,33.77,19.58,61.29,27.54
1999-04-11,0.0,39.83,21.45,57.95,21.77
1999-04-12,0.0,41.01,22.79,69.79,25.08
1999-04-13,0.0,38.37,20.71,66.62,21.69
1999-04-14,0.0,32.54,15.7,98.46,35.87
1999-04-15,0.0,32.47,16.95,95.91,36.62
1999-04-16,0.0,35.22,16.0,96.65,29.9
1999-04-17,0.0,38.99,17.33,88.74,15.13
1999-04-18,0.0,40.74,20.66,55.45,11.75
1999-04-19,0.0,39.77,21.85,44.55,11.43
1999-04-20,0.0,38.26,20.39,35.86,10.58
1999-04-21,0.0,39.23,18.59,58.02,12.24
1999-04-22,0.0,41.24,20.22,55.45,12.25
1999-04-23,0.0,45.1,22.13,43.54,7.5
1999-04-24,0.0,43.99,22.81,40.81,10.79
1999-04-25,0.0,43.46,23.09,42.75,11.76
1999-04-26,0.0,38.72,21.14,55.2,24.37
1999-04-27,0.0,35.6,19.47,79.08,33.75
1999-04-28,0.0,34.97,17.7,91.91,31.98
1999-04-29,0.0,35.12,15.93,98.11,29.26
1999-04-30,0.0,37.12,18.06,85.26,20.12
1999-05-01,0.0,37.1,20.38,65.62,15.85
1999-05-02,0.0,40.13,21.12,60.45,11.78
1999-05-03,0.0,40.16,21.62,41.24,10.59
1999-05-04,0.0,40.52,21.88,34.09,12.29
1999-05-05,0.0,41.38,21.79,47.04,10.98
1999-05-06,0.0,39.75,19.99,64.08,14.83
1999-05-07,0.0,40.08,19.59,76.39,17.34
1999-05-08,0.0,38.03,19.93,78.49,24.17
1999-05-09,0.0,35.51,19.11,80.24,30.85
1999-05-10,0.0,37.78,19.45,73.74,24.02
1999-05-11,0.0,38.8,19.41,69.74,21.1
1999-05-12,0.0,44.4,20.64,62.9,9.98
1999-05-13,0.0,37.42,20.19,83.88,29.35
1999-05-14,0.0,37.43,21.24,78.81,29.62
1999-05-15,0.0,36.41,20.46,79.48,31.14
1999-05-16,0.0,36.52,20.04,82.3,32.89
1999-05-17,0.0,37.94,19.6,85.04,27.7
1999-05-18,0.0,39.11,21.61,72.64,25.22
1999-05-19,0.0,38.14,22.23,69.92,25.57
1999-05-20,0.0,40.56,22.13,75.51,19.66
1999-05-21,0.0,45.6,25.33,47.24,7.56
1999-05-22,0.0,42.28,23.38,72.16,22.28
1999-05-23,0.0,42.6,21.41,86.81,12.55
1999-05-24,0.0,40.03,21.83,58.45,15.17
1999-05-25,0.0,35.34,17.82,94.81,33.96
1999-05-26,0.0,34.58,18.31,92.66,32.11
1999-05-27,0.0,35.56,18.8,88.84,32.02
1999-05-28,0.0,42.78,20.21,92.58,12.78
1999-05-29,0.0,38.01,21.16,78.9,29.19
1999-05-30,0.0,38.81,22.5,76.82,30.99
1999-05-31,0.0,40.45,23.56,67.14,24.99
1999-06-01,0.0,39.45,22.33,76.31,24.01
1999-06-02,0.0,40.02,24.02,68.62,27.68
1999-06-03,0.0,41.04,23.56,77.11,25.82
1999-06-04,0.0,39.8,22.63,79.67,26.95
1999-06-05,0.0,39.36,23.47,76.48,31.65
1999-06-06,0.0,38.58,22.66,94.57,33.27
1999-06-07,0.0,38.14,22.78,89.8,26.01
1999-06-08,0.0,38.07,21.62,86.21,27.93
1999-06-09,0.0,40.31,24.14,71.8,26.21
1999-06-10,0.0,41.31,22.04,91.68,19.01
1999-06-11,0.0,39.38,22.02,86.07,29.53
1999-06-12,0.0,40.77,23.03,85.85,21.42
1999-06-13,0.0,39.43,22.93,81.22,31.34
1999-06-14,0.0,39.73,24.97,76.5,34.35
1999-06-15,0.0,40.19,23.38,96.35,20.03
1999-06-16,0.0,44.42,23.78,72.41,6.04
1999-06-17,0.0,38.9,23.89,94.4,15.45
1999-06-18,0.0,37.53,23.13,98.07,40.44
1999-06-19,0.0,39.05,22.42,87.65,30.36
1999-06-20,0.0,43.71,23.33,80.88,16.45
1999-06-21,0.0,40.31,24.11,78.76,32.64
1999-06-22,0.0,38.14,23.28,86.26,33.15
1999-06-23,0.0,37.46,21.36,95.58,34.01
1999-06-24,0.0,39.07,22.15,89.13,31.67
1999-06-25,0.0,37.2,22.28,96.87,40.32
1999-06-26,0.0,38.61,22.91,90.86,36.28
1999-06-27,0.0,36.28,23.74,88.02,37.06
1999-06-28,0.0,37.98,22.66,93.61,31.01
1999-06-29,0.0,38.62,22.29,92.48,35.52
1999-06-30,0.0,38.72,23.05,97.11,41.13
1999-07-01,0.0,37.63,23.53,90.72,36.23
1999-07-02,0.0,35.79,22.96,78.65,37.96
1999-07-03,0.0,36.42,22.76,75.74,36.74
1999-07-04,0.0,38.16,24.0,74.71,34.3
1999-07-05,0.85,37.75,23.33,91.98,38.11
1999-07-06,26.78,39.04,25.35,84.78,36.33
1999-07-07,1.76,37.24,23.14,94.47,41.2
1999-07-08,0.0,37.13,24.28,82.91,32.68
1999-07-09,0.0,37.85,22.58,81.57,32.61
1999-07-10,0.0,38.36,22.91,78.28,33.29
1999-07-11,13.6,39.15,25.45,80.79,39.21
1999-07-12,2.78,36.55,23.21,98.7,46.34
1999-07-13,0.0,36.59,23.71,99.87,47.18
1999-07-14,0.0,38.2,23.24,98.42,39.12
1999-07-15,0.58,35.32,23.57,97.24,56.19
1999-07-16,0.42,36.45,24.12,98.62,48.3
1999-07-17,0.02,38.34,23.91,97.92,33.52
1999-07-18,0.0,37.62,22.99,88.49,35.07
1999-07-19,0.0,38.16,23.5,91.3,37.88
1999-07-20,0.11,35.8,24.67,98.04,54.02
1999-07-21,0.0,38.29,24.58,94.56,38.24
1999-07-22,0.0,37.67,22.82,93.88,35.72
1999-07-23,3.8,38.78,23.56,84.21,37.9
1999-07-24,0.0,38.09,24.89,99.36,41.59
1999-07-25,0.0,37.03,24.02,94.29,34.79
1999-07-26,0.0,37.87,23.17,89.63,36.2
1999-07-27,0.05,40.22,24.11,87.84,32.7
1999-07-28,0.0,39.97,25.46,90.08,36.37
1999-07-29,0.41,34.39,23.87,98.46,56.5
1999-07-30,0.0,36.3,22.85,93.93,36.31
1999-07-31,0.0,37.28,22.63,93.22,39.15
1999-08-01,0.0,37.7,24.16,83.51,41.88
1999-08-02,2.7,38.86,25.84,85.69,38.67
1999-08-03,0.0,38.97,25.08,90.16,37.99
1999-08-04,0.02,37.13,24.85,82.37,43.24
1999-08-05,9.1,39.31,25.58,90.3,40.81
1999-08-06,0.0,33.56,24.09,98.49,59.69
1999-08-07,0.0,35.38,24.17,96.31,51.04
1999-08-08,0.0,36.1,23.95,89.06,40.63
1999-08-09,12.38,38.9,23.69,85.81,36.77
1999-08-10,3.77,33.94,24.51,98.15,62.97
1999-08-11,0.0,34.12,23.14,98.36,53.04
1999-08-12,0.61,35.88,23.59,95.87,47.07
1999-08-13,0.0,37.66,24.76,91.8,42.54
1999-08-14,10.91,38.7,24.72,82.99,39.41
1999-08-15,1.07,38.2,24.19,86.99,41.53
1999-08-16,14.32,33.3,24.09,99.75,72.07
1999-08-17,8.77,34.73,24.12,99.69,55.01
1999-08-18,0.0,32.04,24.14,99.22,73.62
1999-08-19,0.0,31.18,22.24,98.51,67.72
1999-08-20,4.63,33.51,23.04,99.4,59.25
1999-08-21,11.2,34.73,23.22,99.81,54.35
1999-08-22,0.0,36.17,24.05,97.91,45.24
1999-08-23,0.0,37.28,23.59,81.7,42.75
1999-08-24,0.0,34.22,24.61,98.82,55.58
1999-08-25,0.0,35.17,24.29,96.59,50.98
1999-08-26,0.0,29.25,23.9,98.1,80.12
1999-08-27,0.0,31.04,23.57,98.4,68.82
1999-08-28,32.74,33.99,23.15,96.28,60.16
1999-08-29,5.94,31.08,23.76,99.52,75.84
1999-08-30,0.06,29.66,23.21,99.16,76.82
1999-08-31,1.56,31.98,23.55,98.65,69.01
1999-09-01,12.66,32.55,23.23,100.0,64.17
1999-09-02,0.0,34.66,23.08,99.92,54.99
1999-09-03,0.0,35.17,24.32,99.43,52.28
1999-09-04,0.0,34.64,24.47,92.79,57.54
1999-09-05,0.0,36.62,23.65,99.89,40.73
1999-09-06,0.0,37.11,24.04,91.9,43.65
1999-09-07,0.0,32.51,24.82,99.57,69.88
1999-09-08,0.0,31.12,23.58,99.35,77.93
1999-09-09,0.37,36.81,23.07,98.69,43.81
1999-09-10,0.0,34.99,23.74,99.22,53.33
1999-09-11,0.0,36.53,23.64,99.24,42.7
1999-09-12,0.0,36.06,24.27,91.78,47.73
1999-09-13,0.0,35.93,22.88,98.28,42.92
1999-09-14,8.69,36.3,23.42,88.51,45.85
1999-09-15,0.0,33.01,23.6,99.6,65.14
1999-09-16,0.0,32.92,23.31,99.28,66.36
1999-09-17,0.06,32.07,24.45,99.58,75.39
1999-09-18,0.01,32.97,23.53,99.15,66.68
1999-09-19,0.0,35.56,23.27,99.74,49.69
1999-09-20,0.0,37.29,24.39,92.82,43.77
1999-09-21,6.66,36.4,24.62,97.78,48.51
1999-09-22,0.0,36.77,23.08,97.57,38.67
1999-09-23,0.0,39.08,23.43,77.57,25.22
1999-09-24,0.0,37.59,25.7,78.17,39.31
1999-09-25,0.0,38.73,24.86,97.86,38.7
1999-09-26,0.0,38.78,24.43,93.43,35.32
1999-09-27,0.02,36.94,24.12,95.4,46.24
1999-09-28,0.0,37.89,24.12,95.73,38.55
1999-09-29,0.0,38.86,24.4,91.85,33.26
1999-09-30,1.34,38.7,25.04,94.22,33.09
1999-10-01,0.0,41.84,25.23,98.79,23.74
1999-10-02,0.0,41.76,24.33,93.56,18.86
1999-10-03,0.07,39.57,23.28,92.37,31.14
1999-10-04,1.68,38.74,22.89,98.24,33.96
1999-10-05,1.32,33.36,22.58,99.24,61.05
1999-10-06,0.0,37.0,22.08,98.95,42.15
1999-10-07,0.0,40.02,23.88,97.81,24.7
1999-10-08,0.03,40.7,25.9,55.23,26.07
1999-10-09,4.37,36.73,24.95,96.71,45.87
1999-10-10,0.27,34.74,22.02,99.17,55.19
1999-10-11,0.0,37.22,22.6,98.63,43.54
1999-10-12,0.0,38.3,22.85,98.19,36.97
1999-10-13,0.0,41.65,24.14,95.86,21.06
1999-10-14,0.0,39.56,24.41,87.5,35.46
1999-10-15,0.0,39.24,23.17,99.22,35.07
1999-10-16,0.0,39.57,23.83,91.88,36.07
1999-10-17,4.39,37.37,23.89,98.59,44.05
1999-10-18,13.26,36.55,25.29,89.66,46.68
1999-10-19,0.0,37.2,22.52,99.88,40.62
1999-10-20,0.0,38.45,21.75,98.91,24.63
1999-10-21,0.0,39.91,23.95,58.07,20.83
1999-10-22,0.0,40.84,23.81,61.17,17.58
1999-10-23,0.0,41.25,24.46,52.57,14.03
1999-10-24,0.0,41.32,24.34,41.84,14.19
1999-10-25,0.0,39.45,23.07,64.15,18.55
1999-10-26,0.0,34.45,19.95,93.95,35.19
1999-10-27,0.0,33.99,19.28,97.47,31.71
1999-10-28,0.0,34.69,19.73,77.58,26.47
1999-10-29,0.0,36.92,21.29,65.9,22.93
1999-10-30,0.0,39.75,22.48,81.62,10.1
1999-10-31,0.0,38.85,22.45,38.15,12.14
1999-11-01,0.0,39.82,21.74,41.05,11.81
1999-11-02,0.0,40.09,21.72,37.67,12.45
1999-11-03,0.0,39.53,21.44,41.35,14.61
1999-11-04,0.0,39.82,21.31,45.22,18.45
1999-11-05,0.0,38.99,21.74,64.74,25.76
1999-11-06,0.0,40.1,22.67,61.0,15.59
1999-11-07,0.0,39.83,22.95,41.71,14.25
1999-11-08,0.0,37.7,22.42,35.73,15.44
1999-11-09,0.0,37.25,20.79,30.19,9.94
1999-11-10,0.0,37.64,18.97,37.25,11.49
1999-11-11,0.0,38.29,20.44,42.2,17.42
1999-11-12,0.0,37.51,19.86,70.16,20.86
1999-11-13,0.0,37.81,19.41,66.64,15.72
1999-11-14,0.0,37.52,19.4,65.04,19.08
1999-11-15,0.0,35.14,19.46,88.81,27.61
1999-11-16,0.0,34.35,18.7,63.26,22.95
1999-11-17,0.0,32.92,18.84,55.65,24.93
1999-11-18,0.0,32.74,20.18,51.29,26.44
1999-11-19,0.0,33.86,19.19,47.67,26.01
1999-11-20,0.0,36.32,20.05,64.84,29.45
1999-11-21,0.0,35.58,20.91,63.34,30.45
1999-11-22,0.0,37.09,21.02,63.59,29.08
1999-11-23,0.0,38.33,21.68,60.35,25.05
1999-11-24,0.0,38.77,22.21,57.02,25.76
1999-11-25,0.0,39.38,22.72,55.14,20.32
1999-11-26,0.0,38.26,21.29,45.1,17.71
1999-11-27,0.0,37.0,19.92,50.83,16.44
1999-11-28,0.0,38.21,19.83,56.48,14.18
1999-11-29,0.0,37.98,19.96,46.79,18.5
1999-11-30,0.0,36.5,19.43,64.19,22.94
1999-12-01,0.0,33.57,16.79,94.61,30.52
1999-12-02,0.0,35.85,17.45,79.4,26.76
1999-12-03,0.0,38.37,20.24,51.07,17.29
1999-12-04,0.0,35.45,19.19,47.89,17.92
1999-12-05,0.0,35.14,18.56,46.14,20.07
1999-12-06,0.0,34.03,17.16,50.34,21.33
1999-12-07,0.0,36.48,17.67,50.49,18.63
1999-12-08,0.0,36.87,18.18,49.36,18.15
1999-12-09,0.0,33.91,18.02,49.71,20.49
1999-12-10,0.0,33.76,17.07,42.39,16.8
1999-12-11,0.0,32.89,15.9,43.26,17.89
1999-12-12,0.0,33.36,16.38,39.95,17.68
1999-12-13,0.0,32.07,16.13,39.83,18.72
1999-12-14,0.0,31.03,16.06,40.81,17.87
1999-12-15,0.0,31.62,14.82,42.71,17.84
1999-12-16,0.0,32.84,15.13,42.95,17.04
1999-12-17,0.0,32.0,15.23,37.3,15.29
1999-12-18,0.0,30.96,15.02,55.77,22.25
1999-12-19,0.0,26.63,14.39,43.23,12.82
1999-12-20,0.0,26.08,11.24,27.4,14.91
1999-12-21,0.0,27.88,11.76,34.46,16.63
1999-12-22,0.0,29.36,13.74,36.05,14.79
1999-12-23,0.0,29.67,14.69,26.78,12.98
1999-12-24,0.0,27.61,14.58,40.93,21.45
1999-12-25,0.0,28.44,14.5,43.0,20.6
1999-12-26,0.0,32.54,15.17,58.37,20.81
1999-12-27,0.0,33.41,19.31,35.34,18.42
1999-12-28,0.0,30.73,18.25,42.05,19.97
1999-12-29,0.0,34.24,18.58,40.63,15.98
1999-12-30,0.0,30.68,17.22,38.81,14.89
1999-12-31,0.0,30.49,16.07,83.74,37.79
2000-01-01,0.0,32.15,14.76,91.15,28.31
2000-01-02,0.0,32.78,17.1,72.65,27.88
2000-01-03,0.0,32.42,18.22,56.46,27.24
2000-01-04,0.0,31.53,18.94,54.42,27.85
2000-01-05,0.0,32.15,17.54,46.14,21.54
2000-01-06,0.0,28.43,13.76,38.42,18.28
2000-01-07,0.0,30.5,14.18,33.66,16.1
2000-01-08,0.0,28.92,14.6,46.75,15.69
2000-01-09,0.0,29.97,13.12,46.18,20.73
2000-01-10,0.0,32.32,14.34,58.19,38.76
2000-01-11,0.0,31.41,16.57,53.03,30.2
2000-01-12,0.0,28.94,14.92,38.75,20.33
2000-01-13,0.0,29.25,15.52,34.78,13.52
2000-01-14,0.0,28.51,13.05,40.75,20.38
2000-01-15,0.0,29.85,13.75,44.33,14.55
2000-01-16,0.0,31.84,15.1,27.24,9.63
2000-01-17,0.0,33.92,16.06,23.37,8.39
2000-01-18,0.0,35.05,17.44,23.26,11.56
2000-01-19,0.0,34.02,16.44,28.85,14.4
2000-01-20,0.0,33.92,15.34,29.07,12.03
2000-01-21,0.0,33.97,15.4,24.07,11.53
2000-01-22,0.0,34.69,15.81,30.11,11.96
2000-01-23,0.0,35.02,15.49,29.49,14.67
2000-01-24,0.0,32.58,16.13,42.94,12.66
2000-01-25,0.0,29.78,16.9,57.58,25.24
2000-01-26,0.0,33.11,16.98,61.96,18.55
2000-01-27,0.0,34.91,16.31,51.09,16.11
2000-01-28,0.0,35.25,19.26,46.45,20.29
2000-01-29,0.0,38.58,19.42,42.21,13.93
2000-01-30,0.0,39.88,19.71,35.21,11.04
2000-01-31,0.0,38.55,21.39,27.6,15.39
2000-02-01,0.0,34.03,18.77,31.75,12.87
2000-02-02,0.0,33.31,17.54,26.14,8.71
2000-02-03,0.0,31.84,15.51,19.05,8.55
2000-02-04,0.0,32.47,14.21,28.84,9.58
2000-02-05,0.0,33.39,14.87,29.35,10.73
2000-02-06,0.0,32.22,14.49,32.92,13.47
2000-02-07,0.0,32.14,16.1,34.09,12.77
2000-02-08,0.0,32.56,17.09,27.95,12.72
2000-02-09,0.0,31.94,17.94,28.09,12.53
2000-02-10,0.0,31.98,14.81,22.48,10.68
2000-02-11,0.0,33.13,17.25,23.86,10.71
2000-02-12,0.0,35.3,17.99,24.23,7.99
2000-02-13,0.0,35.3,19.5,17.85,8.45
2000-02-14,0.0,35.52,19.79,19.94,5.86
2000-02-15,0.0,35.49,19.76,10.62,4.5
2000-02-16,0.0,34.15,18.11,15.22,5.25
2000-02-17,0.0,34.24,17.44,17.16,7.53
2000-02-18,0.0,34.99,16.52,20.54,7.01
2000-02-19,0.0,35.4,16.68,20.88,6.59
2000-02-20,0.0,35.57,16.65,23.1,7.09
2000-02-21,0.0,36.95,17.84,36.06,8.45
2000-02-22,0.0,35.57,19.66,50.1,18.05
2000-02-23,0.0,32.45,17.66,73.77,33.31
2000-02-24,0.0,30.18,16.93,79.54,31.79
2000-02-25,0.0,30.4,16.76,74.68,33.47
2000-02-26,0.0,35.7,17.26,76.42,18.86
2000-02-27,0.0,37.88,18.01,63.11,14.68
2000-02-28,0.0,36.45,16.95,79.28,16.38
2000-02-29,0.0,39.23,18.1,52.06,12.54
2000-03-01,0.0,39.1,19.1,51.88,17.06
2000-03-02,0.0,36.07,18.63,68.8,26.74
2000-03-03,0.0,36.29,17.87,79.21,23.18
2000-03-04,0.0,36.99,18.1,76.21,17.73
2000-03-05,0.0,37.38,17.3,86.71,17.42
2000-03-06,0.0,39.25,17.92,83.4,8.79
2000-03-07,0.0,41.97,20.23,33.14,4.46
2000-03-08,0.0,42.49,21.11,17.94,4.13
2000-03-09,0.0,41.93,21.63,20.78,5.41
2000-03-10,0.0,40.53,20.73,20.4,6.18
2000-03-11,0.0,39.93,20.6,21.54,7.42
2000-03-12,0.0,39.8,19.6,25.56,7.42
2000-03-13,0.0,40.86,20.33,22.35,5.92
2000-03-14,0.0,40.16,21.12,19.08,5.1
2000-03-15,0.0,39.16,19.43,18.25,5.07
2000-03-16,0.0,39.25,19.3,16.36,4.61
2000-03-17,0.0,40.02,19.25,21.19,3.53
2000-03-18,0.0,39.97,20.4,17.39,5.49
2000-03-19,0.0,40.14,20.37,22.87,6.16
2000-03-20,0.0,38.99,18.63,54.03,8.53
2000-03-21,0.0,37.26,17.01,83.76,17.62
2000-03-22,0.0,38.01,16.72,79.07,11.47
2000-03-23,0.0,40.07,18.0,62.66,5.53
2000-03-24,0.0,39.92,18.31,63.36,7.4
2000-03-25,0.0,38.92,18.74,54.99,11.37
2000-03-26,0.0,37.03,19.02,37.04,12.2
2000-03-27,0.0,37.03,17.83,63.27,12.35
2000-03-28,0.0,38.28,17.37,77.86,14.05
2000-03-29,0.0,37.77,18.31,77.29,21.25
2000-03-30,0.0,37.19,18.37,82.87,23.52
2000-03-31,0.0,41.85,20.29,67.99,15.97
2000-04-01,0.0,41.42,21.75,65.4,17.01
2000-04-02,0.0,34.17,18.82,85.39,29.51
2000-04-03,0.0,34.15,16.87,97.49,25.17
2000-04-04,0.0,37.57,16.47,96.31,15.5
2000-04-05,0.0,40.15,20.98,46.55,14.83
2000-04-06,0.0,40.91,21.54,46.46,13.37
2000-04-07,0.0,33.71,19.21,80.42,31.08
2000-04-08,0.0,35.61,17.86,88.09,24.89
2000-04-09,0.0,36.32,18.43,82.34,22.75
2000-04-10,0.0,38.55,18.58,85.6,17.01
2000-04-11,0.0,41.74,19.82,73.75,11.02
2000-04-12,0.0,42.22,22.33,40.03,8.34
2000-04-13,0.0,42.36,20.89,59.18,11.2
2000-04-14,0.0,43.45,22.84,35.87,9.94
2000-04-15,0.0,43.34,24.03,35.16,10.37
2000-04-16,0.0,40.33,20.89,59.27,17.17
2000-04-17,0.02,43.97,23.1,47.51,13.18
2000-04-18,0.0,43.29,24.34,33.77,11.9
2000-04-19,0.0,43.42,23.71,35.46,8.32
2000-04-20,0.0,43.22,22.38,48.9,9.47
2000-04-21,0.0,44.85,24.15,25.06,6.58
2000-04-22,0.0,44.07,25.51,23.11,7.05
2000-04-23,0.0,43.4,23.86,29.93,6.41
2000-04-24,0.0,41.67,20.1,64.11,10.94
2000-04-25,0.0,34.81,19.18,77.62,29.78
2000-04-26,0.0,36.54,20.52,72.06,26.96
2000-04-27,0.0,43.76,21.41,68.35,11.21
2000-04-28,0.0,42.23,23.59,38.52,7.56
2000-04-29,0.0,39.92,21.44,39.67,9.4
2000-04-30,0.0,36.27,17.61,88.48,17.42
2000-05-01,0.0,36.29,17.45,92.01,19.88
2000-05-02,0.0,33.83,15.84,98.41,30.74
2000-05-03,0.0,33.76,17.74,89.39,30.76
2000-05-04,0.0,34.45,18.7,87.04,26.12
2000-05-05,0.0,37.18,19.32,71.83,23.15
2000-05-06,0.0,38.26,19.64,72.03,21.57
2000-05-07,0.0,39.02,19.66,72.71,17.14
2000-05-08,0.0,38.43,19.94,74.18,19.46
2000-05-09,0.0,37.3,18.93,78.42,19.09
2000-05-10,0.0,40.7,19.79,72.03,13.11
2000-05-11,0.0,35.29,19.26,74.1,30.03
2000-05-12,0.0,36.0,18.38,90.8,27.9
2000-05-13,0.0,37.69,19.12,84.98,23.34
2000-05-14,0.0,37.24,19.13,80.02,23.56
2000-05-15,0.0,36.63,19.14,82.63,27.17
2000-05-16,0.0,34.55,18.33,93.97,34.31
2000-05-17,0.0,35.27,17.9,95.38,32.65
2000-05-18,0.0,37.4,19.23,92.7,27.57
2000-05-19,0.0,39.13,20.54,78.35,22.98
2000-05-20,0.0,36.32,19.99,80.22,26.67
2000-05-21,0.0,32.64,19.52,93.23,36.1
2000-05-22,0.0,33.18,19.75,84.91,37.26
2000-05-23,0.0,34.39,20.0,75.89,31.02
2000-05-24,0.0,40.73,20.32,81.65,21.35
2000-05-25,0.0,43.89,24.66,51.24,13.27
2000-05-26,0.0,42.45,26.32,31.73,10.29
2000-05-27,0.0,39.24,21.41,69.53,21.01
2000-05-28,0.0,36.27,19.46,91.3,34.86
2000-05-29,0.0,37.75,19.84,84.71,27.96
2000-05-30,0.0,41.08,20.2,78.4,20.02
2000-05-31,0.0,42.97,21.09,73.7,14.23
2000-06-01,0.0,39.5,23.22,66.26,24.44
2000-06-02,0.0,37.27,21.27,94.01,34.32
2000-06-03,0.0,36.03,21.54,74.8,32.02
2000-06-04,0.0,37.67,21.31,75.31,26.17
2000-06-05,0.0,35.41,19.15,88.38,27.3
2000-06-06,0.0,34.8,18.62,93.01,29.9
2000-06-07,0.0,35.23,20.22,86.95,33.09
2000-06-08,0.0,36.63,20.52,86.42,28.73
2000-06-09,0.0,36.64,20.94,92.11,38.46
2000-06-10,0.0,36.47,23.19,80.29,37.38
2000-06-11,0.0,38.4,22.72,90.44,31.91
2000-06-12,0.0,37.93,23.91,84.95,34.42
2000-06-13,0.0,37.31,24.31,81.58,36.94
2000-06-14,0.0,37.33,21.85,97.09,35.51
2000-06-15,0.0,38.81,22.19,78.83,27.27
2000-06-16,0.0,36.88,21.26,93.67,36.4
2000-06-17,0.0,36.31,21.92,89.28,39.32
2000-06-18,0.0,36.82,21.76,93.41,39.98
2000-06-19,0.0,37.77,22.1,91.53,34.56
2000-06-20,0.0,38.6,21.47,87.06,29.21
2000-06-21,0.0,37.93,21.93,97.13,41.2
2000-06-22,0.0,37.27,22.49,97.23,41.53
2000-06-23,0.0,39.36,21.84,92.23,29.92
2000-06-24,0.0,37.56,22.03,98.31,36.0
2000-06-25,0.0,38.22,24.1,83.44,38.1
2000-06-26,0.0,36.86,22.85,92.18,39.12
2000-06-27,0.0,39.03,23.99,84.0,31.11
2000-06-28,0.0,37.96,22.5,89.24,34.56
2000-06-29,0.0,38.66,23.81,91.81,38.76
2000-06-30,0.0,37.98,22.95,97.32,34.77
2000-07-01,0.0,36.95,22.53,83.59,36.17
2000-07-02,0.0,38.07,23.07,79.8,34.17
2000-07-03,0.0,37.39,23.13,84.64,34.89
2000-07-04,0.0,36.38,22.07,90.77,36.48
2000-07-05,0.0,37.69,22.94,84.59,32.68
2000-07-06,20.33,40.15,22.87,75.66,29.87
2000-07-07,0.0,35.19,23.48,95.28,61.29
2000-07-08,0.41,36.79,22.43,99.13,36.18
2000-07-09,0.0,39.33,23.88,79.47,34.03
2000-07-10,0.0,37.25,23.29,90.98,36.51
2000-07-11,0.0,37.44,23.19,82.44,34.44
2000-07-12,0.0,36.08,22.27,78.05,32.4
2000-07-13,0.0,37.75,22.52,77.74,33.7
2000-07-14,0.0,37.8,24.82,76.0,33.07
2000-07-15,0.0,36.83,24.46,81.05,39.23
2000-07-16,0.0,37.63,24.75,79.54,38.32
2000-07-17,0.0,38.15,23.74,90.82,42.45
2000-07-18,0.0,34.4,23.98,98.37,53.51
2000-07-19,0.0,33.72,22.65,90.54,44.95
2000-07-20,0.0,38.4,24.14,77.51,33.01
2000-07-21,0.36,37.76,24.74,86.33,42.57
2000-07-22,0.0,35.14,23.49,99.69,53.91
2000-07-23,0.0,38.24,23.45,93.96,38.77
2000-07-24,0.0,38.15,24.03,88.76,35.69
2000-07-25,1.78,37.12,24.07,88.89,42.22
2000-07-26,14.2,37.26,23.73,96.99,44.98
2000-07-27,4.8,28.53,22.9,99.96,88.32
2000-07-28,0.0,31.65,23.49,99.07,71.04
2000-07-29,1.49,32.19,22.1,98.58,61.09
2000-07-30,0.0,34.37,22.4,98.05,61.26
2000-07-31,5.64,33.95,23.56,98.82,58.79
2000-08-01,8.77,28.78,22.61,99.53,85.58
2000-08-02,0.78,32.17,22.58,99.72,67.22
2000-08-03,0.0,32.53,22.51,98.68,67.33
2000-08-04,23.85,32.64,23.8,98.31,61.53
2000-08-05,0.0,32.97,22.84,99.27,63.72
2000-08-06,0.0,34.73,22.89,96.27,50.05
2000-08-07,0.0,36.58,22.91,93.04,38.27
2000-08-08,0.03,35.84,22.92,94.74,48.03
2000-08-09,0.0,36.56,24.01,87.64,47.87
2000-08-10,0.0,36.22,23.95,89.47,44.99
2000-08-11,0.0,35.64,22.33,91.14,42.24
2000-08-12,0.0,38.28,22.8,89.08,38.35
2000-08-13,0.0,38.56,25.28,85.04,41.83
2000-08-14,0.08,35.33,24.84,97.76,51.07
2000-08-15,0.0,35.95,22.73,97.55,47.81
2000-08-16,0.0,38.31,24.12,93.45,39.14
2000-08-17,0.0,37.65,25.05,90.47,43.71
2000-08-18,0.0,37.12,24.62,95.17,45.62
2000-08-19,8.66,37.44,23.93,86.59,43.81
2000-08-20,0.35,34.02,24.89,99.4,62.18
2000-08-21,0.54,32.26,23.13,99.34,64.05
2000-08-22,0.0,35.76,22.82,98.94,44.04
2000-08-23,0.0,38.09,24.43,89.72,42.08
2000-08-24,0.0,37.81,24.53,89.68,42.16
2000-08-25,0.15,37.74,24.25,84.55,42.24
2000-08-26,0.0,38.21,25.24,87.61,38.96
2000-08-27,0.0,38.25,25.59,84.89,38.96
2000-08-28,0.0,41.09,25.92,79.49,28.16
2000-08-29,0.0,40.36,25.68,78.4,32.68
2000-08-30,0.0,38.89,24.63,87.33,32.96
2000-08-31,0.0,40.03,24.16,79.75,26.43
2000-09-01,0.0,39.18,24.09,85.02,29.61
2000-09-02,0.0,39.58,24.16,76.07,30.3
2000-09-03,2.61,39.27,24.8,79.47,35.53
2000-09-04,0.31,38.73,23.69,86.29,33.84
2000-09-05,0.0,42.13,24.39,82.54,19.45
2000-09-06,0.0,39.58,25.22,85.93,36.46
2000-09-07,0.23,37.05,24.79,90.74,50.38
2000-09-08,0.0,39.04,24.57,87.27,37.29
2000-09-09,0.0,37.36,24.51,82.6,38.78
2000-09-10,0.0,39.36,24.31,79.31,33.16
2000-09-11,0.0,36.41,24.33,89.96,43.36
2000-09-12,0.0,39.29,24.55,93.28,35.84
2000-09-13,0.0,37.56,23.79,92.74,41.15
2000-09-14,21.74,38.04,24.03,94.01,40.38
2000-09-15,0.0,38.88,24.31,84.82,37.15
2000-09-16,0.0,39.65,25.12,89.22,31.22
2000-09-17,6.0,38.77,23.94,92.72,37.71
2000-09-18,0.0,39.13,24.72,90.35,35.84
2000-09-19,0.0,39.73,25.01,87.22,28.8
2000-09-20,0.42,40.26,23.85,85.68,24.8
2000-09-21,0.14,38.04,25.56,86.57,40.46
2000-09-22,18.36,37.34,25.12,94.19,46.74
2000-09-23,4.36,37.7,23.3,97.07,37.89
2000-09-24,0.0,40.88,23.94,88.08,25.86
2000-09-25,0.0,42.48,25.79,70.01,17.76
2000-09-26,0.41,38.98,25.54,84.81,38.18
2000-09-27,0.0,31.29,23.79,97.76,63.73
2000-09-28,0.0,36.58,22.95,94.41,35.54
2000-09-29,0.0,40.97,23.13,91.68,19.57
2000-09-30,0.0,39.8,23.98,83.43,26.15
2000-10-01,1.01,40.9,24.86,62.52,23.24
2000-10-02,1.08,37.87,23.22,98.28,39.49
2000-10-03,3.12,39.04,23.24,99.19,36.01
2000-10-04,0.0,39.82,22.31,98.89,27.84
2000-10-05,0.0,39.76,23.29,91.04,25.22
2000-10-06,0.67,38.08,22.39,98.11,30.69
2000-10-07,0.0,38.42,21.57,83.5,21.68
2000-10-08,0.0,38.12,20.72,95.84,24.3
2000-10-09,0.0,39.11,21.12,98.28,25.16
2000-10-10,0.0,41.11,22.35,83.67,16.37
2000-10-11,0.0,43.01,24.61,63.18,9.36
2000-10-12,0.15,41.29,25.13,51.76,17.6
2000-10-13,0.0,35.63,25.37,98.67,46.05
2000-10-14,0.0,31.46,22.43,98.06,69.76
2000-10-15,6.48,32.95,21.01,98.96,52.31
2000-10-16,0.77,33.27,22.39,99.77,57.04
2000-10-17,0.0,34.44,22.09,99.28,42.58
2000-10-18,6.51,33.29,23.71,88.8,48.59
2000-10-19,0.0,35.42,21.33,97.75,30.87
2000-10-20,0.0,39.19,23.34,54.38,11.87
2000-10-21,0.0,38.23,22.45,30.85,11.22
2000-10-22,0.0,37.41,21.13,32.33,10.36
2000-10-23,0.0,35.74,19.58,71.05,16.35
2000-10-24,0.0,35.73,19.63,61.15,17.79
2000-10-25,0.0,37.17,20.21,49.5,16.85
2000-10-26,0.0,39.75,23.41,38.73,16.77
2000-10-27,0.0,41.33,24.82,43.52,15.49
2000-10-28,0.0,41.38,25.05,48.62,14.96
2000-10-29,0.0,40.06,24.51,43.67,16.22
2000-10-30,0.0,39.0,22.39,57.43,18.04
2000-10-31,0.0,39.49,21.61,67.12,17.12
2000-11-01,0.0,39.97,21.29,78.45,21.06
2000-11-02,0.0,39.79,21.51,67.31,18.42
2000-11-03,0.0,38.87,21.19,57.52,14.76
2000-11-04,0.0,38.49,20.19,38.42,10.97
2000-11-05,0.0,40.74,21.2,35.6,10.48
2000-11-06,0.0,40.72,21.57,25.4,8.66
2000-11-07,0.0,39.85,21.44,33.16,11.32
2000-11-08,0.0,38.79,20.39,34.97,12.66
2000-11-09,0.0,37.83,20.04,44.73,15.93
2000-11-10,0.0,36.91,19.53,51.69,19.9
2000-11-11,0.0,34.83,18.38,84.44,25.17
2000-11-12,0.0,33.14,17.51,91.84,35.06
2000-11-13,0.0,34.33,18.52,87.88,36.59
2000-11-14,0.0,36.56,19.42,90.78,29.56
2000-11-15,0.0,37.5,18.99,98.09,21.28
2000-11-16,0.0,38.76,20.56,83.4,21.11
2000-11-17,0.0,37.81,22.61,48.12,20.47
2000-11-18,0.0,36.49,21.27,42.08,17.12
2000-11-19,0.0,36.62,20.15,35.94,15.2
2000-11-20,0.0,36.05,19.76,33.16,13.86
2000-11-21,0.0,35.32,19.07,29.48,12.77
2000-11-22,0.0,33.99,18.38,20.3,8.34
2000-11-23,0.0,33.41,18.25,24.22,10.44
2000-11-24,0.0,33.28,17.31,28.67,10.46
2000-11-25,0.0,32.48,16.4,24.98,10.58
2000-11-26,0.0,33.75,16.73,26.65,11.08
2000-11-27,0.0,34.45,16.7,32.98,13.83
2000-11-28,0.0,34.71,16.73,33.41,12.0
2000-11-29,0.0,36.59,17.35,35.57,12.8
2000-11-30,0.0,38.16,19.03,35.19,11.01
2000-12-01,0.0,37.27,18.56,31.34,10.4
2000-12-02,0.0,35.34,16.72,29.54,9.03
2000-12-03,0.0,33.95,15.32,25.84,11.59
2000-12-04,0.0,34.39,15.41,33.42,13.85
2000-12-05,0.0,35.0,15.5,33.08,14.61
2000-12-06,0.0,36.4,17.33,34.68,12.88
2000-12-07,0.0,36.86,17.55,28.34,10.38
2000-12-08,0.0,36.06,17.69,27.39,10.39
2000-12-09,0.0,35.29,16.7,32.23,11.31
2000-12-10,0.0,35.34,16.22,31.08,12.83
2000-12-11,0.0,35.29,16.22,33.83,12.19
2000-12-12,0.0,34.4,17.05,32.84,14.91
2000-12-13,0.0,33.14,15.72,42.72,16.73
2000-12-14,0.0,34.73,15.79,44.94,15.24
2000-12-15,0.0,34.65,16.9,29.72,12.01
2000-12-16,0.0,34.54,16.79,35.36,13.88
2000-12-17,0.0,34.23,16.83,37.7,15.05
2000-12-18,0.0,33.68,16.12,40.12,16.6
2000-12-19,0.0,33.65,17.4,34.69,14.12
2000-12-20,0.0,29.9,14.1,70.18,23.71
2000-12-21,0.0,29.99,13.51,66.25,22.42
2000-12-22,0.0,29.58,13.98,57.85,23.55
2000-12-23,0.0,30.81,13.92,50.14,18.5
2000-12-24,0.0,31.39,14.73,61.66,18.14
2000-12-25,0.0,31.98,16.07,42.02,16.88
2000-12-26,0.0,33.43,16.8,42.03,15.22
2000-12-27,0.0,33.01,15.78,57.02,17.2
2000-12-28,0.0,32.42,15.28,55.47,23.26
2000-12-29,0.0,31.4,14.54,69.45,26.92
2000-12-30,0.0,32.37,13.68,61.22,20.58
2000-12-31,0.0,34.18,14.83,50.49,16.81
2001-01-01,0.0,34.0,16.36,38.7,13.92
2001-01-02,0.0,33.38,15.51,35.51,12.07
2001-01-03,0.0,33.92,16.05,37.58,11.69
2001-01-04,0.0,34.65,17.28,30.3,10.51
2001-01-05,0.0,32.38,15.89,27.64,10.88
2001-01-06,0.0,33.34,16.76,24.95,8.87
2001-01-07,0.0,32.14,15.12,25.51,9.25
2001-01-08,0.0,31.09,15.6,23.89,9.81
2001-01-09,0.0,32.8,16.18,27.47,11.91
2001-01-10,0.0,34.02,16.59,27.68,10.29
2001-01-11,0.0,34.11,16.28,25.97,9.38
2001-01-12,0.0,32.28,15.42,28.85,10.68
2001-01-13,0.0,32.35,15.23,28.05,11.61
2001-01-14,0.0,29.97,14.57,71.81,25.96
2001-01-15,0.0,31.66,13.78,53.78,20.46
2001-01-16,0.0,33.55,15.15,46.46,16.49
2001-01-17,0.0,31.83,15.18,31.03,12.85
2001-01-18,0.0,32.41,14.17,29.06,13.52
2001-01-19,0.0,30.98,14.25,34.69,12.96
2001-01-20,0.0,33.39,15.36,25.61,10.88
2001-01-21,0.0,33.91,16.15,27.16,10.15
2001-01-22,0.0,33.93,15.71,26.29,9.4
2001-01-23,0.0,33.51,14.21,33.29,9.45
2001-01-24,0.0,33.53,14.79,26.44,8.43
2001-01-25,0.0,31.1,13.91,18.7,10.42
2001-01-26,0.0,31.46,13.11,31.08,11.65
2001-01-27,0.0,31.29,13.18,29.02,11.11
2001-01-28,0.0,32.25,13.17,40.54,9.8
2001-01-29,0.0,31.41,13.23,27.62,10.44
2001-01-30,0.0,31.32,12.7,71.79,23.61
2001-01-31,0.0,33.06,13.47,56.34,16.49
2001-02-01,0.0,33.47,15.29,41.55,9.13
2001-02-02,0.0,29.81,13.71,28.96,10.43
2001-02-03,0.0,31.03,16.79,21.55,8.11
2001-02-04,0.0,33.37,16.66,24.12,9.24
2001-02-05,0.0,33.36,15.4,30.17,9.81
2001-02-06,0.0,35.19,15.77,29.04,9.57
2001-02-07,0.0,37.46,17.82,24.41,8.1
2001-02-08,0.0,36.84,18.21,21.34,7.06
2001-02-09,0.0,34.4,16.62,17.17,6.3
2001-02-10,0.0,35.73,15.92,16.18,6.81
2001-02-11,0.0,34.19,16.55,15.64,6.26
2001-02-12,0.0,34.86,17.0,16.29,5.92
2001-02-13,0.0,32.81,15.33,20.35,7.35
2001-02-14,0.0,31.95,13.5,23.12,9.38
2001-02-15,0.0,32.59,14.29,23.05,9.21
2001-02-16,0.0,34.1,15.9,25.09,9.93
2001-02-17,0.0,35.93,17.88,22.47,7.3
2001-02-18,0.0,36.36,18.3,22.19,8.15
2001-02-19,0.0,35.93,19.93,23.5,7.35
2001-02-20,0.0,38.8,20.15,19.04,5.78
2001-02-21,0.0,40.29,21.69,20.73,7.17
2001-02-22,0.0,41.45,21.28,24.04,6.97
2001-02-23,0.0,39.64,20.39,37.44,9.54
2001-02-24,0.0,37.08,19.41,56.54,18.65
2001-02-25,0.0,37.2,20.63,46.82,16.41
2001-02-26,0.0,38.14,21.15,37.1,17.08
2001-02-27,0.0,38.85,21.21,35.43,12.86
2001-02-28,0.0,35.22,18.68,32.41,13.13
2001-03-01,0.0,34.53,16.46,38.93,11.06
2001-03-02,0.0,36.42,16.4,28.7,7.85
2001-03-03,0.02,37.91,17.9,25.34,7.67
2001-03-04,0.0,40.02,19.51,25.32,7.11
2001-03-05,0.0,41.01,20.65,24.45,6.1
2001-03-06,0.0,41.88,20.48,36.28,5.72
2001-03-07,0.0,42.75,21.2,33.8,5.5
2001-03-08,0.0,41.17,21.08,22.14,4.11
2001-03-09,0.0,39.64,19.29,40.25,7.89
2001-03-10,0.0,40.02,19.02,31.16,8.17
2001-03-11,0.0,41.02,19.83,27.17,6.11
2001-03-12,0.0,38.15,18.4,47.33,13.21
2001-03-13,0.0,30.69,14.67,98.78,36.02
2001-03-14,0.0,31.57,16.04,93.04,32.21
2001-03-15,0.0,32.62,14.48,99.86,35.11
2001-03-16,0.0,33.46,14.94,99.88,36.22
2001-03-17,0.0,37.43,15.71,98.69,17.05
2001-03-18,0.0,39.93,18.49,63.33,11.32
2001-03-19,0.0,40.93,20.92,36.59,13.57
2001-03-20,0.0,42.09,21.92,33.69,12.17
2001-03-21,0.0,43.35,22.41,34.71,9.12
2001-03-22,0.0,42.47,22.29,31.52,7.6
2001-03-23,0.0,40.67,19.87,47.55,11.38
2001-03-24,0.0,34.53,16.46,91.1,28.45
2001-03-25,0.0,34.94,17.0,93.12,29.47
2001-03-26,0.0,38.88,18.54,81.86,15.08
2001-03-27,0.0,38.65,19.03,70.25,18.51
2001-03-28,0.0,38.77,19.73,60.87,12.19
2001-03-29,0.0,37.39,21.07,32.42,13.43
2001-03-30,0.0,39.46,21.1,33.66,9.58
2001-03-31,0.0,41.21,20.32,49.85,10.17
2001-04-01,0.0,40.49,20.58,47.91,8.94
2001-04-02,0.0,36.73,19.73,61.0,20.19
2001-04-03,0.0,32.88,16.49,99.14,31.47
2001-04-04,0.0,34.36,16.87,97.37,28.11
2001-04-05,0.0,40.51,16.87,96.49,10.22
2001-04-06,0.0,41.68,21.11,23.29,4.36
2001-04-07,0.0,43.19,21.08,37.21,5.83
2001-04-08,0.32,44.78,23.19,31.67,6.58
2001-04-09,0.0,43.82,25.39,28.5,7.09
2001-04-10,0.0,43.96,24.45,21.77,5.62
2001-04-11,0.0,43.79,24.42,17.02,5.42
2001-04-12,0.0,43.09,22.67,33.81,7.56
2001-04-13,0.0,37.34,19.49,60.27,21.92
2001-04-14,0.0,35.19,18.24,75.44,27.7
2001-04-15,0.0,33.45,16.55,92.3,31.93
2001-04-16,0.0,34.27,17.43,88.13,33.42
2001-04-17,0.0,34.43,17.89,83.87,33.46
2001-04-18,0.0,32.26,16.98,95.97,35.72
2001-04-19,0.0,34.41,18.28,74.78,25.35
2001-04-20,0.0,36.53,16.67,90.72,16.57
2001-04-21,0.0,38.02,21.25,59.47,15.23
2001-04-22,0.0,33.8,17.4,88.3,16.69
2001-04-23,0.0,35.7,17.14,50.31,13.79
2001-04-24,0.0,38.39,17.5,51.62,10.02
2001-04-25,0.0,41.08,19.58,49.81,9.62
2001-04-26,0.0,40.27,19.73,57.13,13.69
2001-04-27,0.0,43.63,20.81,57.41,10.16
2001-04-28,0.0,42.88,21.9,55.08,14.47
2001-04-29,0.0,35.06,18.59,85.88,28.97
2001-04-30,0.0,35.67,16.94,97.65,19.44
2001-05-01,0.0,35.7,16.55,94.52,22.29
2001-05-02,0.0,34.11,17.29,88.75,34.07
2001-05-03,0.0,36.63,18.68,81.04,22.77
2001-05-04,0.0,39.36,19.91,63.88,12.48
2001-05-05,0.07,40.73,21.39,49.52,12.73
2001-05-06,0.0,43.26,23.22,35.65,9.79
2001-05-07,0.0,43.79,25.93,32.21,9.19
2001-05-08,0.0,43.42,25.14,40.31,10.6
2001-05-09,0.0,40.99,21.58,65.93,18.29
2001-05-10,0.0,42.03,21.75,63.35,17.17
2001-05-11,0.0,43.01,24.69,39.3,9.64
2001-05-12,0.0,43.23,23.03,40.33,8.4
2001-05-13,0.0,38.07,20.14,73.36,21.44
2001-05-14,0.0,39.05,18.87,91.67,18.5
2001-05-15,0.0,41.03,19.95,75.42,12.9
2001-05-16,0.0,38.17,19.57,69.05,22.43
2001-05-17,0.0,36.47,17.67,95.7,29.67
2001-05-18,0.0,37.03,18.76,96.65,28.88
2001-05-19,0.0,36.13,20.7,83.62,27.36
2001-05-20,0.0,40.67,20.23,87.35,16.08
2001-05-21,0.0,41.2,21.35,72.26,17.99
2001-05-22,0.0,40.79,20.75,74.61,15.54
2001-05-23,0.0,40.48,20.48,73.87,16.4
2001-05-24,0.0,39.21,19.39,80.95,18.4
2001-05-25,0.0,40.02,20.47,80.56,19.57
2001-05-26,0.0,40.24,20.39,78.07,15.94
2001-05-27,0.0,37.92,19.68,78.65,24.36
2001-05-28,0.0,37.47,20.0,86.49,34.59
2001-05-29,0.0,36.73,20.75,88.69,34.63
2001-05-30,0.0,38.15,21.03,86.37,31.84
2001-05-31,0.0,37.27,20.46,91.64,33.1
2001-06-01,0.0,40.13,21.35,83.62,21.85
2001-06-02,0.0,41.61,23.4,68.54,20.17
2001-06-03,0.0,38.37,21.72,85.16,29.6
2001-06-04,0.0,40.46,21.78,75.45,19.36
2001-06-05,0.0,40.78,23.27,61.5,21.7
2001-06-06,0.0,38.08,22.81,93.44,35.56
2001-06-07,0.0,36.96,21.07,98.7,35.11
2001-06-08,0.0,37.83,22.7,79.89,34.81
2001-06-09,0.0,37.87,22.88,93.85,40.24
2001-06-10,0.0,37.14,22.24,97.89,39.92
2001-06-11,0.0,41.14,22.25,95.59,16.49
2001-06-12,0.0,40.98,23.37,73.15,17.18
2001-06-13,0.0,37.91,20.7,86.87,27.02
2001-06-14,0.0,36.07,20.84,95.48,33.32
2001-06-15,0.0,37.45,21.84,81.75,28.88
2001-06-16,0.0,43.27,24.13,80.05,14.94
2001-06-17,0.0,38.85,23.0,93.48,38.06
2001-06-18,0.0,37.3,22.42,97.78,41.33
2001-06-19,0.0,37.94,22.81,87.46,33.09
2001-06-20,0.0,38.02,21.74,84.1,31.04
2001-06-21,0.0,40.12,21.15,96.85,19.39
2001-06-22,0.0,38.8,22.43,85.35,32.85
2001-06-23,0.0,38.34,21.51,92.37,27.62
2001-06-24,0.04,37.2,21.02,91.15,31.4
2001-06-25,0.0,39.3,22.99,82.65,33.36
2001-06-26,0.0,38.62,22.78,90.62,31.3
2001-06-27,0.0,37.74,21.65,97.83,35.32
2001-06-28,0.04,38.69,23.43,86.38,37.64
2001-06-29,0.0,37.84,23.71,94.37,40.22
2001-06-30,0.0,37.6,22.96,86.51,39.31
2001-07-01,0.0,39.46,24.05,80.53,33.54
2001-07-02,0.0,38.05,24.19,81.0,38.1
2001-07-03,0.11,38.6,23.41,94.7,34.12
2001-07-04,0.0,38.3,23.23,88.79,34.06
2001-07-05,0.0,38.49,24.08,89.5,34.54
2001-07-06,0.0,37.97,23.88,82.92,40.37
2001-07-07,0.0,38.68,23.35,92.48,35.35
2001-07-08,2.89,42.09,23.92,84.74,18.75
2001-07-09,0.0,39.2,24.63,83.66,38.27
2001-07-10,0.0,38.59,24.06,89.17,29.9
2001-07-11,0.0,42.34,23.21,79.87,15.01
2001-07-12,0.18,40.54,24.45,73.3,28.41
2001-07-13,0.0,38.2,24.99,90.38,42.54
2001-07-14,0.0,33.57,23.38,98.69,59.35
2001-07-15,0.0,35.47,23.66,97.73,42.9
2001-07-16,0.0,38.57,23.29,90.83,29.62
2001-07-17,0.09,36.17,23.27,87.03,44.38
2001-07-18,20.49,38.74,24.89,89.4,34.79
2001-07-19,20.2,36.41,23.38,93.32,42.01
2001-07-20,0.0,36.89,23.16,92.03,38.0
2001-07-21,0.0,38.37,23.9,69.83,30.75
2001-07-22,0.0,36.94,23.98,81.54,36.66
2001-07-23,0.0,37.67,22.92,78.26,30.32
2001-07-24,0.84,40.12,23.87,78.6,29.37
2001-07-25,0.02,39.86,25.94,87.4,34.96
2001-07-26,0.0,38.47,25.37,86.79,41.27
2001-07-27,0.55,36.82,24.3,94.51,43.03
2001-07-28,25.03,37.4,24.37,97.49,43.39
2001-07-29,0.0,37.18,24.45,96.37,44.08
2001-07-30,0.0,36.98,23.59,98.09,40.79
2001-07-31,0.11,38.67,23.68,82.21,37.26
2001-08-01,2.78,38.1,25.79,85.07,39.13
2001-08-02,0.0,37.01,23.88,94.08,46.38
2001-08-03,0.0,38.44,24.04,92.59,40.34
2001-08-04,0.0,38.08,26.18,79.66,43.05
2001-08-05,3.7,38.66,25.21,90.26,41.07
2001-08-06,0.36,33.09,23.58,99.58,65.68
2001-08-07,0.0,37.46,23.9,94.46,42.97
2001-08-08,0.0,37.1,25.12,88.72,41.82
2001-08-09,0.56,36.29,23.71,94.42,47.33
2001-08-10,9.86,34.82,25.02,97.53,57.76
2001-08-11,0.0,32.18,23.99,99.02,68.88
2001-08-12,0.26,35.52,24.57,96.96,54.61
2001-08-13,0.0,35.92,24.53,93.26,50.14
2001-08-14,0.0,34.18,22.93,95.53,49.71
2001-08-15,1.56,36.9,23.9,89.65,46.13
2001-08-16,0.76,36.56,24.54,93.83,50.34
2001-08-17,0.0,38.06,25.06,98.96,46.59
2001-08-18,0.0,38.37,24.68,94.43,42.91
2001-08-19,0.0,39.35,24.71,85.18,30.61
2001-08-20,0.0,38.61,23.28,80.26,30.77
2001-08-21,0.06,37.92,23.16,84.08,35.23
2001-08-22,0.0,39.77,24.93,76.06,33.54
2001-08-23,0.0,39.59,25.74,82.05,39.45
2001-08-24,26.22,39.88,26.02,86.44,39.55
2001-08-25,2.73,37.62,24.37,98.62,45.93
2001-08-26,5.53,34.2,24.75,99.07,61.25
2001-08-27,0.01,36.06,24.25,99.07,50.79
2001-08-28,0.0,35.48,24.57,97.56,52.64
2001-08-29,0.0,36.24,23.77,98.22,44.55
2001-08-30,0.0,39.26,24.23,84.27,35.82
2001-08-31,0.0,39.26,26.26,85.16,38.04
2001-09-01,11.03,37.85,24.23,97.27,45.59
2001-09-02,0.0,40.03,23.75,91.98,25.01
2001-09-03,0.0,39.61,24.15,81.7,29.37
2001-09-04,0.44,39.17,24.17,83.73,32.2
2001-09-05,0.0,40.25,23.78,81.47,26.77
2001-09-06,14.39,41.16,26.27,75.84,32.17
2001-09-07,0.0,36.9,24.34,93.38,45.87
2001-09-08,41.91,38.34,23.74,96.35,39.11
2001-09-09,13.19,35.99,23.63,98.23,48.63
2001-09-10,0.0,38.46,23.27,98.73,37.76
2001-09-11,0.0,41.16,24.6,84.87,20.95
2001-09-12,0.0,40.09,25.49,80.12,35.75
2001-09-13,0.0,40.63,27.1,74.57,31.13
2001-09-14,0.0,40.89,24.66,90.2,24.25
2001-09-15,17.71,39.46,24.98,76.55,36.57
2001-09-16,1.28,35.74,24.48,96.18,48.47
2001-09-17,2.54,34.33,23.59,99.16,53.95
2001-09-18,0.0,37.54,23.84,95.71,46.36
2001-09-19,0.0,37.96,24.17,98.53,39.02
2001-09-20,0.0,39.46,24.63,93.85,34.89
2001-09-21,0.23,36.28,24.82,92.98,49.22
2001-09-22,0.02,30.7,23.69,99.64,73.85
2001-09-23,0.0,38.88,22.83,98.74,26.11
2001-09-24,0.0,39.11,26.03,68.92,34.84
2001-09-25,0.0,37.45,25.25,93.21,44.32
2001-09-26,0.0,39.66,24.02,98.86,26.0
2001-09-27,0.0,41.21,27.43,57.58,20.14
2001-09-28,0.46,39.13,25.5,91.43,37.56
2001-09-29,0.0,41.62,23.8,90.1,15.99
2001-09-30,0.0,41.33,25.9,60.35,20.93
2001-10-01,1.84,39.76,25.15,99.06,44.52
2001-10-02,0.0,38.75,22.94,97.91,31.77
2001-10-03,0.0,39.76,23.04,82.23,19.29
2001-10-04,0.0,40.08,22.94,74.38,18.55
2001-10-05,0.0,41.4,24.01,70.4,17.34
2001-10-06,0.0,40.58,23.97,82.54,27.47
2001-10-07,0.0,41.34,24.29,88.06,28.6
2001-10-08,0.0,41.06,24.07,87.89,24.59
2001-10-09,0.0,42.49,24.01,85.31,16.03
2001-10-10,0.0,40.75,24.56,66.26,21.25
2001-10-11,0.0,34.54,22.43,98.23,57.57
2001-10-12,0.0,34.45,22.45,98.66,57.03
2001-10-13,0.0,40.26,22.94,96.92,22.16
2001-10-14,0.0,40.79,25.06,78.67,19.76
2001-10-15,0.0,40.54,24.62,98.89,27.2
2001-10-16,0.0,40.25,23.55,99.59,20.57
2001-10-17,0.0,41.66,23.54,62.98,9.12
2001-10-18,0.0,41.98,24.93,34.38,13.08
2001-10-19,0.0,42.34,24.81,32.9,9.52
2001-10-20,0.0,41.97,24.51,34.17,10.85
2001-10-21,0.0,42.36,24.44,47.76,10.98
2001-10-22,0.0,41.56,24.15,54.37,15.42
2001-10-23,0.0,41.0,23.4,75.33,15.41
2001-10-24,0.1,41.15,23.22,68.08,12.0
2001-10-25,0.0,41.31,23.9,30.83,10.2
2001-10-26,0.0,40.51,23.63,29.19,10.45
2001-10-27,0.0,39.86,23.82,36.88,11.91
2001-10-28,0.0,39.97,23.19,37.48,10.49
2001-10-29,0.0,40.8,22.97,33.46,10.39
2001-10-30,0.0,39.76,23.37,26.29,9.13
2001-10-31,0.0,39.1,22.16,37.61,9.61
2001-11-01,0.0,38.08,20.18,72.56,27.65
2001-11-02,0.0,37.43,21.58,85.66,24.25
2001-11-03,0.0,38.7,22.93,31.11,9.9
2001-11-04,0.0,38.75,20.07,32.8,11.39
2001-11-05,0.0,39.44,20.54,33.61,10.88
2001-11-06,0.0,39.65,20.79,37.71,11.27
2001-11-07,0.0,39.6,20.29,52.15,12.56
2001-11-08,0.0,40.24,20.38,54.37,12.55
2001-11-09,0.0,40.27,21.21,47.07,12.35
2001-11-10,0.0,38.5,20.65,61.75,18.19
2001-11-11,0.0,35.72,18.83,59.25,20.26
2001-11-12,0.0,35.26,18.2,57.49,20.06
2001-11-13,0.0,36.52,18.69,46.14,17.72
2001-11-14,0.0,36.81,19.53,46.69,18.79
2001-11-15,0.0,37.79,20.14,50.53,17.64
2001-11-16,0.0,39.36,21.03,43.53,14.77
2001-11-17,0.0,39.79,20.99,38.42,13.73
2001-11-18,0.0,40.81,21.1,40.94,9.46
2001-11-19,0.0,39.16,20.89,31.78,8.56
2001-11-20,0.0,37.25,19.56,44.64,11.35
2001-11-21,0.0,32.43,17.29,98.41,37.27
2001-11-22,0.0,33.48,19.04,87.72,34.88
2001-11-23,0.0,34.22,17.18,97.55,28.13
2001-11-24,0.0,35.08,18.32,92.75,26.49
2001-11-25,0.0,35.44,19.45,91.35,29.81
2001-11-26,0.0,33.03,19.61,95.88,43.17
2001-11-27,0.0,31.52,18.81,97.98,49.32
2001-11-28,0.0,33.87,17.87,90.34,26.64
2001-11-29,0.21,35.79,20.0,60.24,26.43
2001-11-30,0.0,35.2,19.69,63.74,24.73
2001-12-01,0.0,35.52,19.77,47.8,22.16
2001-12-02,0.0,34.61,18.57,43.44,19.24
2001-12-03,0.0,34.51,19.05,33.86,15.36
2001-12-04,0.0,33.82,19.56,21.82,14.05
2001-12-05,0.0,33.06,18.95,41.3,17.01
2001-12-06,0.0,36.47,18.96,42.89,16.0
2001-12-07,0.0,36.53,21.71,34.95,18.76
2001-12-08,0.0,39.0,21.1,37.09,16.68
2001-12-09,0.0,37.35,20.99,30.11,14.18
2001-12-10,0.0,36.55,21.1,33.54,15.98
2001-12-11,0.0,37.19,21.14,27.66,13.44
2001-12-12,0.0,36.9,18.76,29.71,14.11
2001-12-13,0.0,34.8,17.64,39.15,16.84
2001-12-14,0.0,33.73,17.95,38.13,18.29
2001-12-15,0.0,34.65,19.44,33.86,16.6
2001-12-16,0.0,35.78,18.96,37.36,16.71
2001-12-17,0.0,37.39,20.01,36.79,14.86
2001-12-18,0.0,39.14,19.47,36.23,15.0
2001-12-19,0.0,39.38,19.54,38.98,14.79
2001-12-20,0.0,39.36,19.98,37.85,15.7
2001-12-21,0.0,37.44,18.15,73.65,20.06
2001-12-22,0.0,37.95,18.47,64.51,17.79
2001-12-23,0.0,38.19,19.06,76.5,20.81
2001-12-24,0.0,36.54,17.75,95.73,21.63
2001-12-25,0.0,38.71,18.85,64.15,12.78
2001-12-26,0.0,39.94,20.45,30.2,8.4
2001-12-27,0.0,39.22,19.44,29.87,9.87
2001-12-28,0.0,37.45,20.63,26.87,9.64
2001-12-29,0.0,38.83,20.1,33.72,11.17
2001-12-30,0.0,36.93,18.79,47.19,16.16
2001-12-31,0.0,35.44,17.21,42.56,12.86
2002-01-01,0.0,31.81,15.88,99.23,39.55
2002-01-02,0.0,34.15,16.43,97.53,24.23
2002-01-03,0.0,36.12,17.59,58.4,13.21
2002-01-04,0.0,36.24,17.73,31.44,9.96
2002-01-05,0.0,34.15,17.25,54.89,15.27
2002-01-06,0.0,29.01,13.63,99.01,49.78
2002-01-07,0.0,30.46,14.21,99.4,46.34
2002-01-08,0.0,31.51,15.15,98.97,43.75
2002-01-09,0.08,29.5,17.69,98.55,51.03
2002-01-10,7.52,24.57,16.09,99.54,72.65
2002-01-11,1.79,25.59,14.92,84.16,51.02
2002-01-12,0.0,31.35,14.59,91.0,43.9
2002-01-13,0.0,32.32,16.32,85.72,20.43
2002-01-14,0.0,32.24,15.69,40.18,16.87
2002-01-15,0.0,32.69,15.15,40.62,15.05
2002-01-16,0.0,33.54,16.23,36.4,14.76
2002-01-17,0.0,33.74,16.44,36.41,13.58
2002-01-18,0.0,33.57,16.57,32.81,12.53
2002-01-19,0.0,31.52,18.17,27.0,13.89
2002-01-20,0.0,31.59,15.79,29.75,15.36
2002-01-21,0.0,30.67,17.55,24.98,13.93
2002-01-22,0.0,29.87,16.8,25.81,15.51
2002-01-23,0.0,32.91,16.4,30.89,12.8
2002-01-24,0.0,34.27,15.77,32.72,12.42
2002-01-25,0.0,34.93,17.66,28.38,10.16
2002-01-26,0.0,34.77,16.69,22.28,9.74
2002-01-27,0.0,33.99,16.76,21.48,8.02
2002-01-28,0.0,35.17,16.41,21.67,8.9
2002-01-29,0.0,34.21,16.39,17.33,7.68
2002-01-30,0.0,34.21,16.02,23.71,9.66
2002-01-31,0.0,33.9,15.05,28.3,11.45
2002-02-01,0.0,34.88,16.42,32.18,11.0
2002-02-02,0.0,32.66,19.12,24.84,10.71
2002-02-03,0.0,34.73,19.49,24.19,9.03
2002-02-04,0.0,34.61,19.64,23.98,10.06
2002-02-05,0.0,31.83,17.82,26.93,12.58
2002-02-06,0.0,32.12,17.01,26.76,12.32
2002-02-07,0.0,32.91,14.91,26.98,10.85
2002-02-08,0.0,34.51,15.55,32.5,9.53
2002-02-09,0.0,33.7,16.38,23.12,9.95
2002-02-10,0.0,32.02,16.5,26.65,10.3
2002-02-11,0.0,34.29,16.42,23.94,8.4
2002-02-12,0.0,37.22,18.68,19.38,7.65
2002-02-13,0.0,38.03,19.12,24.22,8.12
2002-02-14,0.0,37.66,18.54,28.31,9.23
2002-02-15,0.0,36.88,18.37,34.88,9.8
2002-02-16,0.0,35.11,17.42,44.58,16.18
2002-02-17,0.0,33.14,15.96,88.57,23.03
2002-02-18,0.0,31.82,14.98,85.67,23.26
2002-02-19,0.0,32.32,16.61,48.66,19.13
2002-02-20,0.0,35.61,18.78,38.99,14.9
2002-02-21,0.0,35.66,19.02,51.71,19.4
2002-02-22,0.0,32.43,15.47,97.41,37.79
2002-02-23,0.0,35.48,20.07,71.03,27.89
2002-02-24,0.06,37.54,16.77,90.24,14.67
2002-02-25,0.0,40.15,20.48,34.97,9.74
2002-02-26,0.06,35.31,19.44,26.69,9.23
2002-02-27,0.0,35.3,18.95,26.95,8.05
2002-02-28,0.0,35.83,16.96,20.8,6.24
2002-03-01,0.0,35.91,16.28,26.6,6.83
2002-03-02,0.0,36.21,17.01,41.87,7.75
2002-03-03,0.0,34.01,16.74,74.53,21.56
2002-03-04,0.0,34.67,17.2,90.19,22.09
2002-03-05,0.0,35.26,18.16,57.17,18.01
2002-03-06,0.0,35.03,17.6,45.79,15.57
2002-03-07,0.0,35.64,17.64,40.07,12.12
2002-03-08,0.0,36.28,18.2,33.26,13.5
2002-03-09,0.0,34.97,17.06,55.67,14.51
2002-03-10,0.0,37.2,17.62,49.88,14.13
2002-03-11,0.0,34.52,16.04,89.31,24.47
2002-03-12,0.0,32.17,15.53,97.31,28.54
2002-03-13,0.0,32.4,18.15,72.54,26.16
2002-03-14,0.0,34.68,16.28,63.67,18.39
2002-03-15,0.0,35.34,17.51,42.28,13.36
2002-03-16,0.0,35.03,18.06,42.13,14.2
2002-03-17,0.0,34.12,18.27,34.82,12.59
2002-03-18,0.0,36.28,16.53,39.56,9.99
2002-03-19,0.0,39.05,18.45,25.13,7.15
2002-03-20,0.0,41.53,20.24,27.82,6.79
2002-03-21,0.0,41.96,21.65,22.76,7.02
2002-03-22,0.0,41.37,20.82,23.63,7.03
2002-03-23,0.0,40.92,21.45,21.28,7.13
2002-03-24,0.0,41.35,20.92,25.3,7.34
2002-03-25,0.0,39.11,19.7,42.42,13.18
2002-03-26,0.0,32.03,16.69,93.39,32.86
2002-03-27,0.0,33.78,18.4,72.2,27.55
2002-03-28,0.0,34.36,16.61,95.86,26.39
2002-03-29,0.0,34.55,18.24,82.85,27.6
2002-03-30,0.0,35.38,17.21,87.97,22.38
2002-03-31,0.0,32.96,17.35,92.35,31.44
2002-04-01,0.0,29.99,18.32,91.36,32.53
2002-04-02,0.0,34.27,16.63,96.93,23.83
2002-04-03,0.0,36.2,18.41,53.91,13.47
2002-04-04,0.0,36.69,17.59,45.19,11.81
2002-04-05,0.0,36.86,17.53,67.29,15.43
2002-04-06,0.0,35.05,15.93,93.45,23.76
2002-04-07,0.0,32.82,14.27,97.95,33.97
2002-04-08,0.0,32.72,15.01,98.56,34.45
2002-04-09,0.0,32.08,16.25,86.42,31.83
2002-04-10,0.0,31.84,16.08,98.81,31.18
2002-04-11,0.0,31.81,15.18,98.6,20.66
2002-04-12,0.0,33.77,15.28,96.91,20.53
2002-04-13,0.0,32.79,14.85,96.63,26.15
2002-04-14,0.0,36.23,15.38,94.39,13.88
2002-04-15,0.0,38.01,18.6,47.25,12.55
2002-04-16,0.0,38.64,19.21,37.4,11.97
2002-04-17,0.0,39.37,19.19,57.45,12.47
2002-04-18,0.0,38.16,19.68,50.16,14.33
2002-04-19,0.0,37.69,18.63,41.02,9.43
2002-04-20,0.0,38.8,18.46,47.14,10.59
2002-04-21,0.0,38.67,17.48,75.85,13.24
2002-04-22,0.0,36.26,16.89,89.08,25.93
2002-04-23,0.0,38.48,18.7,74.27,18.62
2002-04-24,0.0,43.01,22.63,55.09,7.29
2002-04-25,0.0,38.84,24.96,15.97,7.2
2002-04-26,0.0,41.93,22.71,19.58,7.01
2002-04-27,0.0,42.48,23.18,23.66,5.44
2002-04-28,0.0,40.78,23.03,35.6,10.83
2002-04-29,0.0,39.34,21.39,53.95,19.04
2002-04-30,0.0,37.37,18.62,83.79,24.17
2002-05-01,0.0,38.49,18.27,86.77,16.59
2002-05-02,0.0,38.19,18.19,70.3,13.27
2002-05-03,0.0,36.49,17.68,80.03,25.43
2002-05-04,0.0,33.49,16.4,97.15,35.43
2002-05-05,0.0,35.49,17.8,92.94,25.66
2002-05-06,0.0,36.32,16.67,93.48,17.21
2002-05-07,0.0,35.71,15.72,94.08,19.95
2002-05-08,0.0,33.44,16.45,96.11,31.73
2002-05-09,0.0,37.31,19.13,79.74,18.66
2002-05-10,0.0,40.38,21.62,52.96,13.53
2002-05-11,0.0,40.67,22.59,33.7,10.61
2002-05-12,0.0,41.33,21.85,38.13,11.8
2002-05-13,0.0,41.47,21.18,54.48,14.41
2002-05-14,0.0,43.5,21.81,48.69,12.23
2002-05-15,0.0,46.37,23.95,46.67,7.38
2002-05-16,0.0,40.09,25.64,43.69,17.97
2002-05-17,0.0,46.34,23.15,58.43,8.07
2002-05-18,0.0,45.79,28.19,23.43,6.84
2002-05-19,0.0,42.71,24.4,50.15,13.02
2002-05-20,0.0,38.29,19.96,84.93,18.9
2002-05-21,0.0,37.73,17.75,97.25,20.99
2002-05-22,0.0,39.24,19.13,85.55,16.99
2002-05-23,0.0,41.18,20.39,68.94,15.15
2002-05-24,0.0,43.49,22.89,55.48,17.72
2002-05-25,0.0,41.63,24.47,82.78,17.71
2002-05-26,0.0,42.85,23.43,67.87,15.93
2002-05-27,0.0,44.39,23.81,55.67,10.04
2002-05-28,0.0,43.08,24.06,52.54,11.25
2002-05-29,0.0,39.44,20.63,67.71,20.96
2002-05-30,0.0,38.47,19.93,72.83,21.4
2002-05-31,0.0,41.02,21.1,65.99,16.64
2002-06-01,0.0,43.43,22.29,65.08,13.76
2002-06-02,0.0,45.47,25.16,52.11,7.6
2002-06-03,0.0,44.34,27.0,37.46,8.78
2002-06-04,0.0,43.4,26.24,27.38,7.59
2002-06-05,0.0,37.01,23.02,82.79,25.95
2002-06-06,0.0,37.36,21.86,84.03,30.98
2002-06-07,0.0,41.47,21.9,68.7,15.69
2002-06-08,0.0,42.06,24.56,53.51,13.38
2002-06-09,0.0,40.92,22.82,66.66,17.82
2002-06-10,0.0,38.1,20.98,84.0,26.76
2002-06-11,0.0,37.91,20.75,81.51,27.49
2002-06-12,0.0,37.79,21.25,83.86,29.91
2002-06-13,0.0,35.09,22.52,80.03,38.59
2002-06-14,0.0,37.93,20.75,94.72,29.76
2002-06-15,0.0,38.8,20.61,86.58,20.18
2002-06-16,0.0,37.46,20.35,94.44,29.75
2002-06-17,9.09,39.48,22.1,84.37,31.24
2002-06-18,0.0,37.77,22.89,93.49,36.57
2002-06-19,0.0,40.53,21.94,92.55,22.99
2002-06-20,0.0,40.47,22.97,79.19,28.41
2002-06-21,0.0,38.5,23.01,97.67,39.82
2002-06-22,0.34,35.97,23.0,93.39,35.53
2002-06-23,0.0,38.93,24.1,72.96,31.61
2002-06-24,0.0,36.88,21.37,98.01,39.32
2002-06-25,0.0,36.43,21.69,97.12,42.34
2002-06-26,0.0,37.4,21.84,97.28,39.5
2002-06-27,0.0,38.33,22.56,84.15,33.16
2002-06-28,0.32,39.48,22.94,85.95,26.08
2002-06-29,0.0,41.94,23.14,83.85,15.22
2002-06-30,0.0,43.6,28.12,35.66,10.37
2002-07-01,0.0,38.47,24.93,74.29,19.0
2002-07-02,0.0,37.0,22.5,78.54,32.33
2002-07-03,0.0,38.95,23.96,72.9,25.45
2002-07-04,0.0,42.0,22.73,77.06,16.21
2002-07-05,0.69,43.66,25.68,53.09,13.6
2002-07-06,0.32,39.9,25.06,78.57,36.52
2002-07-07,2.63,37.13,23.34,90.85,41.13
2002-07-08,0.0,39.34,23.3,78.45,24.85
2002-07-09,0.0,40.34,23.78,64.76,21.33
2002-07-10,0.0,38.36,22.21,79.58,28.83
2002-07-11,0.0,39.75,22.52,84.74,21.46
2002-07-12,0.0,39.37,22.17,80.3,26.42
2002-07-13,0.0,38.65,23.83,76.43,33.82
2002-07-14,0.0,39.14,24.91,76.24,33.86
2002-07-15,0.0,36.54,23.15,92.45,38.86
2002-07-16,0.0,35.95,22.82,83.81,38.77
2002-07-17,0.0,35.65,23.15,72.83,34.34
2002-07-18,0.0,35.2,22.49,72.14,37.66
2002-07-19,0.0,36.6,24.1,65.98,32.8
2002-07-20,0.0,37.88,23.54,75.41,34.24
2002-07-21,0.0,40.02,24.48,74.22,30.08
2002-07-22,0.0,40.17,25.31,75.16,31.78
2002-07-23,0.0,38.61,23.48,79.79,31.0
2002-07-24,5.02,39.52,23.69,83.14,34.44
2002-07-25,0.0,38.6,24.24,91.87,36.61
2002-07-26,0.0,37.47,24.07,76.18,31.05
2002-07-27,0.0,38.1,22.08,86.38,32.24
2002-07-28,0.0,35.6,21.77,76.87,35.83
2002-07-29,0.0,35.63,21.83,83.76,35.47
2002-07-30,0.0,35.46,22.5,75.45,39.05
2002-07-31,0.0,38.1,24.25,73.3,31.17
2002-08-01,0.0,38.36,24.24,73.78,34.93
2002-08-02,0.0,37.5,25.11,77.2,31.41
2002-08-03,0.0,34.78,24.17,75.86,38.63
2002-08-04,0.0,36.47,23.49,82.36,36.28
2002-08-05,0.0,38.96,23.15,82.02,32.53
2002-08-06,0.0,38.64,24.14,83.98,37.3
2002-08-07,0.0,37.86,27.02,72.08,41.04
2002-08-08,0.0,39.79,25.09,79.69,31.25
2002-08-09,0.0,38.26,25.9,84.23,39.99
2002-08-10,9.74,38.89,24.41,93.21,37.56
2002-08-11,0.0,38.15,24.63,89.85,35.2
2002-08-12,0.0,43.7,25.77,67.7,14.79
2002-08-13,0.03,38.01,25.43,76.12,33.83
2002-08-14,0.0,40.85,25.18,80.42,31.53
2002-08-15,0.0,38.18,25.03,86.46,36.21
2002-08-16,0.0,39.36,24.49,83.22,34.86
2002-08-17,0.0,39.48,25.34,83.96,34.43
2002-08-18,4.31,39.24,24.57,89.51,38.03
2002-08-19,5.39,38.44,24.69,85.3,38.14
2002-08-20,0.01,38.79,24.21,86.64,36.71
2002-08-21,0.0,38.35,24.81,77.83,32.59
2002-08-22,0.0,38.96,24.35,76.8,33.17
2002-08-23,1.28,41.29,25.19,77.12,31.57
2002-08-24,0.0,39.26,24.94,87.59,37.16
2002-08-25,0.27,38.59,26.27,82.39,41.02
2002-08-26,0.0,40.67,24.15,88.38,25.22
2002-08-27,0.0,41.52,25.92,69.19,28.61
2002-08-28,9.07,38.32,25.54,90.02,40.64
2002-08-29,0.0,35.65,24.15,95.89,47.86
2002-08-30,0.12,40.21,24.67,87.57,36.66
2002-08-31,0.0,41.56,25.7,83.74,30.8
2002-09-01,0.03,37.33,26.21,83.9,44.85
2002-09-02,0.0,38.77,24.65,87.08,37.76
2002-09-03,0.0,39.56,24.06,95.18,34.89
2002-09-04,0.0,40.56,24.89,81.63,33.51
2002-09-05,0.0,40.26,24.58,94.03,30.93
2002-09-06,0.0,40.19,26.31,75.55,30.57
2002-09-07,0.19,39.58,26.62,78.7,38.0
2002-09-08,0.0,38.02,24.89,92.76,41.01
2002-09-09,0.0,38.51,25.19,87.03,38.14
2002-09-10,1.82,41.11,25.96,84.22,30.96
2002-09-11,0.25,40.24,26.11,78.99,29.9
2002-09-12,0.0,40.99,24.73,80.07,32.33
2002-09-13,0.0,37.51,26.31,92.04,45.29
2002-09-14,0.53,30.02,23.95,99.36,77.36
2002-09-15,0.0,34.71,23.3,94.01,52.71
2002-09-16,0.0,38.07,24.02,94.69,34.57
2002-09-17,0.0,40.32,25.01,79.75,34.69
2002-09-18,0.0,39.78,24.97,85.4,30.69
2002-09-19,0.0,42.01,25.59,75.17,20.34
2002-09-20,0.05,40.67,26.42,81.52,35.72
2002-09-21,0.0,37.53,25.32,93.2,42.4
2002-09-22,0.0,38.46,23.96,92.69,35.47
2002-09-23,0.0,42.79,24.16,82.83,18.77
2002-09-24,10.12,38.05,25.37,81.49,41.27
2002-09-25,0.0,38.53,24.06,96.54,39.49
2002-09-26,0.0,42.3,25.54,77.38,27.31
2002-09-27,0.0,41.73,27.62,70.22,29.12
2002-09-28,0.0,40.54,25.05,87.9,31.37
2002-09-29,0.0,41.46,25.05,92.98,29.12
2002-09-30,0.0,40.53,24.82,93.49,36.31
2002-10-01,0.0,39.66,24.52,98.79,39.5
2002-10-02,0.0,41.46,24.45,98.32,25.1
2002-10-03,0.0,40.83,24.98,59.86,20.08
2002-10-04,0.0,36.5,21.56,96.55,34.69
2002-10-05,0.0,36.32,21.14,97.34,38.58
2002-10-06,0.0,37.63,21.91,91.23,32.47
2002-10-07,0.32,40.06,23.08,98.04,36.1
2002-10-08,14.01,40.68,24.37,98.24,34.35
2002-10-09,0.59,38.28,25.59,97.33,45.15
2002-10-10,12.6,32.71,23.68,99.2,72.5
2002-10-11,18.33,30.83,22.83,99.58,80.63
2002-10-12,0.84,32.93,22.69,99.23,63.05
2002-10-13,0.0,37.23,22.15,98.43,29.44
2002-10-14,0.0,40.04,23.08,75.21,21.78
2002-10-15,0.0,39.34,23.44,74.24,26.56
2002-10-16,0.0,39.74,22.85,90.62,21.47
2002-10-17,0.0,41.03,22.49,88.35,16.29
2002-10-18,0.0,38.78,22.44,93.21,27.86
2002-10-19,0.0,37.53,21.79,98.08,31.41
2002-10-20,0.0,39.25,22.13,94.95,19.36
2002-10-21,0.0,42.71,24.5,64.02,14.23
2002-10-22,0.0,42.88,26.18,35.43,11.39
2002-10-23,0.0,41.52,24.88,36.9,9.41
2002-10-24,0.0,40.84,24.12,41.78,9.82
2002-10-25,0.0,40.18,24.35,32.48,12.04
2002-10-26,0.0,38.99,23.77,57.07,16.25
2002-10-27,0.0,39.87,24.05,45.07,12.62
2002-10-28,0.0,40.84,25.18,27.71,9.15
2002-10-29,0.0,39.45,23.67,29.69,12.1
2002-10-30,0.0,39.71,24.44,29.3,9.48
2002-10-31,0.0,39.52,24.95,26.42,9.57
2002-11-01,0.0,39.17,23.64,33.18,12.83
2002-11-02,0.0,37.52,21.28,34.48,10.92
2002-11-03,0.0,39.12,20.92,30.67,11.35
2002-11-04,0.0,37.89,20.65,33.62,12.49
2002-11-05,0.0,37.1,19.11,34.87,13.2
2002-11-06,0.0,38.16,18.93,36.94,11.09
2002-11-07,0.0,37.97,19.38,33.91,11.73
2002-11-08,0.0,37.64,19.51,40.42,15.2
2002-11-09,0.0,35.29,18.84,32.44,11.0
2002-11-10,0.0,34.95,17.81,36.49,11.47
2002-11-11,0.0,34.73,16.97,32.65,12.18
2002-11-12,0.0,36.4,18.34,34.33,11.0
2002-11-13,0.0,37.73,19.35,30.71,9.43
2002-11-14,0.0,38.12,20.04,28.09,10.55
2002-11-15,0.0,35.28,18.9,59.1,17.61
2002-11-16,0.0,32.05,17.5,80.36,36.87
2002-11-17,0.0,34.35,17.6,98.41,30.05
2002-11-18,0.0,36.8,19.48,62.25,22.89
2002-11-19,0.0,36.28,19.98,46.72,19.35
2002-11-20,0.0,35.41,19.16,40.29,16.43
2002-11-21,0.0,35.14,18.32,43.48,14.38
2002-11-22,0.0,39.12,20.13,33.04,13.16
2002-11-23,0.0,38.94,20.36,48.76,15.27
2002-11-24,0.0,39.6,20.68,53.12,12.41
2002-11-25,0.0,34.97,20.34,51.63,20.73
2002-11-26,0.0,33.63,19.03,46.71,20.17
2002-11-27,0.0,36.69,18.82,59.05,21.64
2002-11-28,0.0,37.39,19.02,66.85,20.6
2002-11-29,0.0,37.37,19.62,49.76,18.44
2002-11-30,0.0,34.47,20.04,40.4,15.66
2002-12-01,0.0,33.65,19.08,25.13,12.99
2002-12-02,0.0,31.89,17.3,46.12,22.81
2002-12-03,0.0,33.46,16.66,44.61,16.38
2002-12-04,0.0,34.15,16.69,28.22,12.08
2002-12-05,0.0,32.07,16.68,31.93,15.97
2002-12-06,0.0,33.09,19.74,42.36,22.2
2002-12-07,0.0,34.5,19.1,57.71,22.97
2002-12-08,0.0,33.86,19.52,40.02,24.18
2002-12-09,0.2,32.24,19.58,53.66,29.47
2002-12-10,0.0,35.68,19.34,68.19,35.05
2002-12-11,0.0,35.76,18.25,81.93,28.01
2002-12-12,0.0,37.3,18.65,69.68,24.6
2002-12-13,0.0,37.42,18.25,86.2,22.02
2002-12-14,0.0,38.23,20.27,42.58,19.36
2002-12-15,0.0,37.99,19.8,42.6,14.81
2002-12-16,0.0,36.55,18.54,34.38,12.92
2002-12-17,0.0,37.1,18.08,36.02,15.89
2002-12-18,0.0,39.44,19.61,39.43,15.23
2002-12-19,0.0,39.5,20.1,38.07,11.72
2002-12-20,0.0,37.74,19.28,33.72,9.92
2002-12-21,0.0,35.74,17.21,31.05,10.56
2002-12-22,0.0,36.45,17.18,35.82,11.9
2002-12-23,0.0,37.15,17.52,35.8,10.81
2002-12-24,0.0,36.61,18.32,36.95,14.89
2002-12-25,0.0,34.83,16.97,39.28,14.99
2002-12-26,0.0,33.33,15.79,39.77,15.82
2002-12-27,0.0,33.25,14.93,40.85,15.76
2002-12-28,0.0,33.84,15.36,41.33,13.28
2002-12-29,0.0,33.31,15.05,29.45,9.36
2002-12-30,0.0,32.45,14.47,22.59,7.75
2002-12-31,0.0,32.39,13.99,23.07,7.72
2003-01-01,0.0,32.93,15.03,19.7,6.71
2003-01-02,0.0,31.88,13.67,20.73,7.64
2003-01-03,0.0,33.43,14.42,24.17,8.92
2003-01-04,0.0,33.79,15.38,27.42,7.75
2003-01-05,0.0,33.09,15.12,28.46,7.62
2003-01-06,0.0,31.97,14.13,29.95,8.39
2003-01-07,0.0,30.87,13.2,28.38,8.21
2003-01-08,0.0,31.19,14.75,41.92,12.63
2003-01-09,0.0,31.86,14.32,74.74,25.83
2003-01-10,0.0,29.06,14.18,76.44,30.65
2003-01-11,0.0,29.33,13.61,70.69,32.5
2003-01-12,0.0,28.96,13.14,67.05,23.45
2003-01-13,0.0,31.58,14.06,44.37,15.53
2003-01-14,0.0,32.86,14.8,34.52,13.8
2003-01-15,0.0,29.78,15.09,37.83,17.3
2003-01-16,0.0,29.07,12.68,46.63,18.56
2003-01-17,0.0,31.27,13.42,40.76,19.51
2003-01-18,0.0,31.55,15.29,60.99,28.41
2003-01-19,0.0,32.73,15.52,45.59,24.41
2003-01-20,0.0,31.23,18.95,36.87,21.3
2003-01-21,0.04,33.4,18.6,55.3,27.22
2003-01-22,0.0,33.53,15.6,66.27,17.99
2003-01-23,0.0,34.29,15.33,33.81,12.68
2003-01-24,0.0,34.85,15.89,31.22,15.14
2003-01-25,0.0,36.59,17.78,48.96,13.82
2003-01-26,0.0,34.24,19.57,20.19,13.71
2003-01-27,0.0,28.64,15.15,17.37,9.37
2003-01-28,0.0,30.5,14.08,20.14,7.79
2003-01-29,0.0,30.48,14.13,24.76,10.97
2003-01-30,0.0,32.02,15.61,28.39,11.35
2003-01-31,0.0,32.19,13.96,30.38,10.86
2003-02-01,0.0,32.28,14.81,37.05,14.11
2003-02-02,0.0,35.32,16.4,37.74,10.72
2003-02-03,0.0,37.51,18.17,30.38,8.7
2003-02-04,0.0,36.42,18.29,29.58,9.59
2003-02-05,0.0,36.12,18.53,27.61,7.09
2003-02-06,0.0,36.43,18.4,22.37,8.62
2003-02-07,0.0,35.85,18.56,30.98,13.28
2003-02-08,0.0,31.67,15.95,83.03,31.43
2003-02-09,0.0,30.7,17.99,85.93,36.08
2003-02-10,0.0,32.7,15.94,93.76,24.09
2003-02-11,0.0,33.36,17.33,77.01,31.41
2003-02-12,0.0,33.81,18.8,64.95,26.05
2003-02-13,0.0,29.09,18.42,93.0,45.97
2003-02-14,0.0,30.05,16.64,76.71,28.2
2003-02-15,0.0,31.54,14.76,82.56,26.98
2003-02-16,0.0,30.67,14.65,54.4,13.18
2003-02-17,0.0,32.13,13.8,50.36,17.95
2003-02-18,0.0,33.5,15.3,46.73,12.25
2003-02-19,0.0,35.0,15.97,33.67,10.98
2003-02-20,0.0,35.6,16.07,29.96,8.12
2003-02-21,0.0,32.98,14.68,58.86,18.79
2003-02-22,0.0,32.37,13.54,92.81,22.81
2003-02-23,0.0,33.73,15.34,84.23,25.17
2003-02-24,0.0,30.3,15.33,95.05,31.71
2003-02-25,0.0,33.55,14.77,98.53,24.46
2003-02-26,0.0,35.66,15.52,75.65,16.57
2003-02-27,0.0,37.3,17.65,40.71,10.57
2003-02-28,0.0,37.49,18.38,60.04,17.22
2003-03-01,0.0,39.3,18.82,48.99,14.32
2003-03-02,0.0,36.03,20.69,24.67,8.78
2003-03-03,0.0,36.78,18.5,30.67,10.83
2003-03-04,0.0,38.22,18.62,28.76,8.51
2003-03-05,0.0,38.02,19.42,24.48,7.86
2003-03-06,0.0,38.7,18.82,27.64,7.39
2003-03-07,0.0,40.84,19.33,29.12,5.9
2003-03-08,0.0,42.03,21.45,20.25,5.65
2003-03-09,0.0,41.07,22.76,18.62,7.66
2003-03-10,0.0,40.09,22.24,19.25,7.59
2003-03-11,0.0,39.63,19.23,21.98,5.84
2003-03-12,0.0,37.93,17.65,53.86,13.62
2003-03-13,0.0,37.18,16.69,74.07,14.92
2003-03-14,0.0,38.93,17.97,73.18,11.25
2003-03-15,0.0,41.4,19.17,54.9,10.43
2003-03-16,0.0,37.59,17.15,90.92,17.76
2003-03-17,0.0,36.76,17.03,91.3,22.24
2003-03-18,0.0,39.86,18.2,77.31,15.79
2003-03-19,0.0,40.53,19.85,54.1,15.24
2003-03-20,0.0,36.87,17.79,65.35,19.29
2003-03-21,0.0,31.19,15.44,97.58,35.22
2003-03-22,0.0,33.19,14.12,96.92,21.55
2003-03-23,0.0,36.06,15.3,74.03,13.87
2003-03-24,0.0,38.07,17.83,45.9,11.61
2003-03-25,0.0,40.46,19.91,39.62,10.15
2003-03-26,0.0,41.0,18.76,51.68,8.66
2003-03-27,0.0,39.9,18.73,52.78,13.36
2003-03-28,0.0,41.8,19.88,51.7,11.27
2003-03-29,0.0,42.12,19.97,53.69,11.9
2003-03-30,0.0,38.98,18.88,70.88,17.22
2003-03-31,0.0,41.51,19.94,52.83,10.55
2003-04-01,0.0,41.52,20.94,42.93,8.62
2003-04-02,0.0,43.11,21.48,34.58,8.07
2003-04-03,0.0,40.25,21.54,43.37,12.7
2003-04-04,0.0,37.25,17.39,91.46,16.49
2003-04-05,0.0,36.15,16.73,88.04,21.54
2003-04-06,0.0,35.48,16.76,95.81,24.9
2003-04-07,0.0,32.54,16.06,97.59,33.07
2003-04-08,0.0,31.94,17.51,82.73,32.0
2003-04-09,0.0,33.46,15.6,98.11,27.87
2003-04-10,0.0,37.17,16.46,93.78,13.31
2003-04-11,0.0,40.17,19.35,50.12,11.25
2003-04-12,0.0,42.61,22.95,27.14,9.86
2003-04-13,0.0,38.28,21.27,52.31,13.0
2003-04-14,0.0,36.17,19.41,66.39,20.69
2003-04-15,0.0,36.63,17.1,78.03,12.4
2003-04-16,0.0,37.9,17.84,52.06,12.14
2003-04-17,0.0,39.82,18.89,53.89,13.7
2003-04-18,0.0,40.51,19.5,64.24,14.91
2003-04-19,0.0,41.37,20.84,67.77,14.46
2003-04-20,0.0,40.68,20.24,70.35,16.2
2003-04-21,0.0,34.53,19.26,67.37,28.99
2003-04-22,0.0,38.3,18.79,73.73,19.62
2003-04-23,0.0,40.76,20.17,60.19,14.73
2003-04-24,0.0,40.9,20.87,64.07,19.5
2003-04-25,0.0,43.08,21.5,59.61,13.58
2003-04-26,0.0,45.71,23.39,50.23,12.01
2003-04-27,0.0,46.93,24.19,50.41,11.14
2003-04-28,0.0,46.26,25.59,30.22,6.07
2003-04-29,0.0,42.76,21.61,61.84,12.24
2003-04-30,0.0,44.5,22.67,51.49,7.87
2003-05-01,0.0,43.95,22.67,63.82,12.42
2003-05-02,0.0,43.18,23.35,52.11,16.02
2003-05-03,0.0,42.22,22.15,58.69,15.45
2003-05-04,0.0,43.97,22.4,53.9,12.41
2003-05-05,0.0,44.23,23.79,40.7,9.99
2003-05-06,0.0,43.35,23.97,44.6,10.42
2003-05-07,0.0,41.84,23.06,34.63,12.88
2003-05-08,0.0,40.55,21.16,45.95,13.45
2003-05-09,0.0,40.85,21.11,54.6,12.17
2003-05-10,0.0,39.39,19.78,72.32,15.82
2003-05-11,0.0,40.37,19.83,81.12,18.65
2003-05-12,0.0,42.41,22.42,56.81,16.17
2003-05-13,0.0,40.22,21.36,71.28,21.42
2003-05-14,0.0,37.85,19.42,84.92,24.65
2003-05-15,0.0,38.53,19.48,85.79,22.43
2003-05-16,0.0,37.02,19.11,85.34,27.75
2003-05-17,0.0,35.03,19.3,84.33,36.9
2003-05-18,0.0,35.48,20.01,91.07,31.68
2003-05-19,0.0,38.09,20.37,84.24,24.25
2003-05-20,0.0,44.33,21.76,71.18,16.09
2003-05-21,0.0,45.31,25.85,55.84,12.17
2003-05-22,0.0,41.68,25.49,57.62,16.92
2003-05-23,0.0,38.92,22.99,72.4,21.55
2003-05-24,0.0,42.18,22.2,60.53,14.31
2003-05-25,0.0,42.76,21.76,73.82,9.36
2003-05-26,0.0,42.14,21.29,66.56,10.1
2003-05-27,0.0,36.68,20.14,67.0,24.5
2003-05-28,0.0,33.21,20.01,73.04,33.49
2003-05-29,0.0,32.27,18.93,89.52,40.4
2003-05-30,0.0,33.31,17.52,82.93,36.22
2003-05-31,0.0,34.47,20.41,70.52,34.35
2003-06-01,0.0,35.62,22.21,69.46,30.48
2003-06-02,0.0,36.4,20.62,85.76,34.54
2003-06-03,0.0,37.11,21.27,86.31,30.38
2003-06-04,0.0,38.41,21.39,79.23,26.73
2003-06-05,0.0,40.83,21.74,82.5,19.15
2003-06-06,0.0,40.06,22.44,75.76,22.32
2003-06-07,0.02,41.99,24.05,65.98,21.3
2003-06-08,0.0,38.69,23.02,70.4,29.99
2003-06-09,0.0,36.35,21.43,95.2,33.15
2003-06-10,0.0,38.21,22.45,76.02,30.2
2003-06-11,0.0,35.39,20.74,85.38,33.88
2003-06-12,0.0,35.1,21.38,70.0,31.29
2003-06-13,0.0,37.57,20.49,77.99,25.75
2003-06-14,0.0,35.95,22.7,78.49,33.01
2003-06-15,0.0,40.7,25.02,75.91,30.36
2003-06-16,0.0,37.77,23.94,80.96,37.2
2003-06-17,0.0,37.84,23.03,94.43,38.15
2003-06-18,0.0,38.64,23.33,81.94,33.51
2003-06-19,0.0,36.74,21.39,96.53,33.79
2003-06-20,0.0,38.96,21.33,92.76,28.8
2003-06-21,0.0,41.34,22.46,90.73,20.56
2003-06-22,0.0,37.84,23.14,84.74,38.04
2003-06-23,0.0,38.26,22.25,97.97,36.01
2003-06-24,0.0,38.01,24.07,80.98,36.18
2003-06-25,0.0,37.9,23.6,87.13,35.41
2003-06-26,0.0,37.8,22.31,95.17,35.93
2003-06-27,7.56,39.19,22.89,96.42,37.97
2003-06-28,1.14,32.9,21.83,98.96,71.84
2003-06-29,0.0,34.27,23.13,98.51,61.49
2003-06-30,0.0,36.91,22.47,98.5,49.53
2003-07-01,0.0,35.21,23.18,97.53,43.95
2003-07-02,0.0,37.03,22.97,85.74,35.53
2003-07-03,0.0,36.42,22.21,89.42,39.88
2003-07-04,0.06,38.38,23.2,87.57,37.44
2003-07-05,0.0,37.9,23.23,84.22,32.51
2003-07-06,0.0,38.59,22.88,85.07,31.64
2003-07-07,0.0,37.39,22.8,90.6,39.06
2003-07-08,0.0,38.14,25.6,73.94,34.16
2003-07-09,0.0,36.54,24.16,86.48,40.65
2003-07-10,0.1,39.1,23.82,82.88,34.2
2003-07-11,0.56,36.7,24.25,96.0,44.66
2003-07-12,0.0,37.55,24.12,92.57,35.56
2003-07-13,0.0,38.92,25.29,72.67,34.66
2003-07-14,0.0,37.96,25.82,75.96,38.65
2003-07-15,0.0,36.57,24.76,90.84,45.82
2003-07-16,5.72,37.23,23.17,97.57,41.69
2003-07-17,0.0,35.42,23.23,92.94,50.81
2003-07-18,0.0,37.67,24.16,86.47,40.6
2003-07-19,0.0,38.92,24.68,89.36,36.15
2003-07-20,0.13,38.68,23.95,96.61,36.2
2003-07-21,1.04,37.66,23.89,96.21,43.13
2003-07-22,0.0,35.54,24.54,97.98,55.13
2003-07-23,0.0,36.13,23.73,98.41,51.36
2003-07-24,0.0,36.98,25.12,86.71,40.78
2003-07-25,0.12,38.49,23.27,95.48,37.25
2003-07-26,1.33,37.7,24.97,87.45,42.8
2003-07-27,7.15,38.43,24.02,98.28,40.24
2003-07-28,0.0,38.42,24.08,89.0,32.78
2003-07-29,0.0,38.28,24.69,74.03,35.04
2003-07-30,0.0,38.01,24.2,81.12,37.76
2003-07-31,0.0,38.24,24.57,85.94,39.69
2003-08-01,0.0,38.52,24.21,80.77,36.96
2003-08-02,0.0,38.22,24.09,79.12,38.42
2003-08-03,0.0,37.85,24.4,74.01,35.54
2003-08-04,0.0,39.33,24.07,80.68,34.56
2003-08-05,0.0,38.15,24.25,81.33,38.46
2003-08-06,0.0,39.29,25.87,70.49,34.38
2003-08-07,0.0,40.15,25.14,82.82,35.67
2003-08-08,0.0,36.96,25.63,91.75,47.06
2003-08-09,0.0,33.43,24.98,97.75,64.76
2003-08-10,0.55,36.18,23.97,92.94,46.08
2003-08-11,0.0,36.78,24.3,87.66,40.88
2003-08-12,0.02,38.23,24.3,79.43,32.91
2003-08-13,3.97,38.32,24.86,82.05,40.75
2003-08-14,0.0,37.78,24.67,97.93,45.6
2003-08-15,4.51,37.31,24.28,97.81,43.56
2003-08-16,6.39,38.5,23.79,91.1,38.67
2003-08-17,0.0,37.94,24.6,91.04,40.75
2003-08-18,0.9,39.59,25.23,76.29,35.7
2003-08-19,0.0,39.21,25.09,82.53,36.65
2003-08-20,1.97,38.57,24.91,87.36,41.64
2003-08-21,6.23,40.01,25.28,83.34,35.76
2003-08-22,2.55,40.52,24.33,87.15,37.26
2003-08-23,0.26,36.69,24.73,93.24,49.24
2003-08-24,0.0,38.17,24.75,95.66,39.76
2003-08-25,0.1,38.61,24.24,88.51,37.56
2003-08-26,0.0,39.22,24.29,86.66,33.94
2003-08-27,0.0,38.91,26.06,87.52,40.76
2003-08-28,0.0,37.21,24.36,98.14,38.57
2003-08-29,0.02,40.21,25.3,66.9,30.24
2003-08-30,1.25,39.58,25.49,76.44,34.86
2003-08-31,0.24,38.88,24.57,83.44,39.44
2003-09-01,0.0,39.83,24.63,86.4,34.9
2003-09-02,0.0,39.32,24.48,89.15,37.15
2003-09-03,7.5,40.07,25.75,84.48,34.34
2003-09-04,0.62,35.17,23.59,99.43,64.24
2003-09-05,0.0,33.28,24.26,98.33,66.6
2003-09-06,2.25,34.26,24.19,99.21,57.91
2003-09-07,0.15,37.22,24.45,99.12,45.73
2003-09-08,1.75,33.04,24.5,99.07,64.29
2003-09-09,7.44,33.27,22.53,99.42,61.35
2003-09-10,0.0,35.37,22.98,99.46,47.86
2003-09-11,0.0,37.39,23.83,93.66,41.69
2003-09-12,0.0,39.98,24.18,82.38,28.1
2003-09-13,0.0,40.42,25.17,78.45,31.47
2003-09-14,0.0,36.55,24.77,95.95,45.87
2003-09-15,0.0,37.02,23.13,87.74,36.73
2003-09-16,0.0,39.93,24.93,77.74,28.4
2003-09-17,0.46,38.26,25.53,86.55,37.8
2003-09-18,0.02,38.92,25.99,76.97,38.5
2003-09-19,0.0,39.24,25.11,92.21,35.81
2003-09-20,0.0,40.86,24.92,90.06,30.67
2003-09-21,0.02,41.84,26.64,76.21,27.39
2003-09-22,1.08,39.84,27.0,75.59,35.15
2003-09-23,15.49,38.17,24.41,98.48,42.02
2003-09-24,0.0,37.57,24.42,94.61,43.51
2003-09-25,0.0,42.43,24.49,89.47,18.43
2003-09-26,0.0,43.33,27.67,57.17,20.9
2003-09-27,0.0,41.94,27.11,60.65,24.68
2003-09-28,0.0,39.89,24.23,84.68,28.72
2003-09-29,0.0,40.46,24.61,78.11,27.62
2003-09-30,1.72,40.93,25.56,70.73,28.71
2003-10-01,3.59,35.9,24.01,99.88,54.16
2003-10-02,0.01,37.39,22.58,99.0,42.42
2003-10-03,0.0,40.77,23.62,98.22,23.77
2003-10-04,0.0,43.55,24.71,84.75,19.1
2003-10-05,0.0,40.58,25.17,92.72,34.62
2003-10-06,2.27,38.0,24.16,98.58,44.18
2003-10-07,0.0,38.65,24.11,99.32,38.85
2003-10-08,0.0,40.23,24.24,96.6,27.11
2003-10-09,0.15,41.41,24.93,83.04,23.83
2003-10-10,0.0,41.7,24.38,87.62,27.42
2003-10-11,0.0,41.66,24.75,84.54,25.79
2003-10-12,0.0,41.83,24.66,85.08,25.27
2003-10-13,0.0,40.35,24.62,87.78,29.31
2003-10-14,0.0,40.49,23.59,87.93,26.43
2003-10-15,0.0,40.71,23.29,94.76,23.05
2003-10-16,0.0,40.18,23.73,99.39,25.74
2003-10-17,0.0,39.65,23.09,89.61,24.51
2003-10-18,0.0,40.24,22.69,89.83,24.84
2003-10-19,0.0,39.61,24.82,78.28,31.23
2003-10-20,9.6,38.64,23.98,93.14,35.58
2003-10-21,6.63,33.49,23.02,99.47,59.94
2003-10-22,0.94,27.57,21.84,99.72,90.16
2003-10-23,0.0,30.88,21.3,99.72,69.06
2003-10-24,0.0,30.4,19.91,97.23,56.59
2003-10-25,0.0,30.94,19.95,98.51,50.45
2003-10-26,0.0,32.51,19.49,97.5,40.86
2003-10-27,0.0,36.59,21.02,85.24,27.54
2003-10-28,0.0,39.05,22.5,84.1,22.78
2003-10-29,0.0,41.58,24.64,63.19,16.36
2003-10-30,0.0,41.05,25.03,44.98,19.43
2003-10-31,0.0,38.67,24.53,49.35,20.96
2003-11-01,0.0,35.46,20.18,87.91,26.17
2003-11-02,0.0,36.52,18.67,91.25,25.17
2003-11-03,0.0,38.86,19.56,90.13,22.97
2003-11-04,0.0,40.98,21.97,80.18,22.51
2003-11-05,0.0,40.73,23.02,50.16,11.51
2003-11-06,0.0,37.81,20.05,27.41,9.13
2003-11-07,0.0,38.71,19.99,30.12,9.3
2003-11-08,0.0,38.0,19.83,48.99,16.65
2003-11-09,0.01,36.31,19.5,87.33,23.8
2003-11-10,0.0,39.45,21.16,74.17,17.47
2003-11-11,0.0,39.91,21.32,55.49,16.52
2003-11-12,0.0,39.69,21.62,47.23,14.4
2003-11-13,0.0,38.27,20.44,41.63,14.94
2003-11-14,0.0,35.61,19.07,37.17,13.1
2003-11-15,0.0,35.44,17.91,47.89,15.7
2003-11-16,0.0,35.93,18.0,43.03,14.65
2003-11-17,0.0,35.58,17.91,42.6,15.26
2003-11-18,0.0,34.92,17.59,52.13,19.82
2003-11-19,0.0,34.85,18.05,52.43,20.58
2003-11-20,0.0,35.51,19.29,64.84,19.59
2003-11-21,0.0,35.4,18.33,80.94,23.97
2003-11-22,0.0,33.6,18.32,87.25,31.19
2003-11-23,0.0,32.68,17.67,83.94,30.81
2003-11-24,0.0,32.99,17.99,82.57,30.53
2003-11-25,0.0,33.96,18.37,69.22,28.62
2003-11-26,0.0,35.75,19.2,60.14,26.9
2003-11-27,0.0,35.77,19.01,52.83,23.31
2003-11-28,0.0,37.15,19.12,51.67,20.29
2003-11-29,0.0,39.21,21.37,46.29,17.01
2003-11-30,0.0,38.81,21.4,45.17,16.33
2003-12-01,0.0,37.41,19.8,43.04,15.56
2003-12-02,0.0,34.26,17.26,39.57,16.69
2003-12-03,0.0,31.18,14.89,48.23,23.45
2003-12-04,0.01,31.18,13.87,70.23,24.36
2003-12-05,0.0,31.65,16.37,49.62,20.88
2003-12-06,0.0,33.76,18.13,48.42,19.52
2003-12-07,0.0,37.37,18.67,43.2,14.67
2003-12-08,0.0,37.69,20.48,35.28,11.64
2003-12-09,0.0,37.59,19.4,32.13,13.36
2003-12-10,0.0,37.73,19.32,43.61,18.53
2003-12-11,0.0,34.16,18.47,53.32,18.0
2003-12-12,0.0,33.56,15.83,71.37,26.82
2003-12-13,0.0,33.45,16.57,65.1,18.51
2003-12-14,0.0,32.27,15.54,39.34,15.63
2003-12-15,0.0,31.24,14.16,36.97,13.97
2003-12-16,0.0,32.73,14.82,49.27,19.48
2003-12-17,0.0,33.13,15.62,47.92,17.79
2003-12-18,0.0,33.84,15.39,40.19,14.12
2003-12-19,0.0,34.65,16.28,38.43,13.79
2003-12-20,0.0,35.16,16.68,40.44,12.78
2003-12-21,0.0,35.73,18.0,35.09,13.46
2003-12-22,0.0,33.03,18.79,29.68,14.38
2003-12-23,0.0,34.79,18.4,29.15,10.89
2003-12-24,0.0,34.62,16.97,29.25,11.19
2003-12-25,0.0,34.93,16.39,34.26,12.7
2003-12-26,0.0,30.95,15.85,29.14,8.56
2003-12-27,0.0,29.85,17.55,17.73,10.48
2003-12-28,0.0,27.73,13.35,25.67,12.54
2003-12-29,0.0,30.85,14.5,24.35,8.77
2003-12-30,0.0,31.85,15.24,35.17,11.32
2003-12-31,0.0,33.64,15.16,28.84,10.05
2004-01-01,0.0,33.88,16.22,27.77,11.12
2004-01-02,0.0,34.15,16.24,36.11,15.81
2004-01-03,0.0,34.3,16.65,41.82,15.32
2004-01-04,0.0,32.85,16.13,43.49,17.25
2004-01-05,0.0,34.98,17.59,44.93,15.11
2004-01-06,0.0,35.83,18.31,33.15,10.87
2004-01-07,0.0,31.58,18.69,39.42,17.42
2004-01-08,0.0,29.39,18.22,50.31,20.22
2004-01-09,0.0,29.99,18.0,54.66,24.9
2004-01-10,0.0,33.69,16.87,78.97,24.07
2004-01-11,0.0,34.96,17.19,40.99,13.17
2004-01-12,0.0,35.6,19.35,34.21,13.8
2004-01-13,0.0,31.34,19.59,32.0,17.37
2004-01-14,0.0,32.59,19.25,35.51,16.9
2004-01-15,0.0,32.95,18.53,52.2,28.73
2004-01-16,0.0,33.61,16.38,74.1,28.18
2004-01-17,0.0,33.51,16.91,74.41,29.47
2004-01-18,0.0,33.78,16.15,59.18,23.53
2004-01-19,0.0,32.73,15.16,55.56,20.28
2004-01-20,0.0,32.17,13.49,79.61,16.01
2004-01-21,0.0,31.62,13.9,48.67,17.06
2004-01-22,0.0,28.83,13.56,33.57,7.37
2004-01-23,0.0,29.75,15.62,21.82,8.48
2004-01-24,0.0,30.59,13.46,24.14,9.27
2004-01-25,0.0,29.75,12.36,30.09,11.54
2004-01-26,0.0,31.26,12.23,35.22,10.56
2004-01-27,0.0,32.44,13.14,29.33,9.18
2004-01-28,0.0,33.48,14.96,25.9,8.3
2004-01-29,0.0,34.25,16.16,25.04,6.8
2004-01-30,0.0,32.87,14.94,27.89,10.07
2004-01-31,0.0,31.45,13.24,47.76,20.7
2004-02-01,0.0,33.6,14.82,67.12,17.42
2004-02-02,0.0,34.19,15.53,41.12,13.43
2004-02-03,0.0,34.82,15.46,38.98,11.6
2004-02-04,0.0,36.81,18.26,27.48,8.37
2004-02-05,0.0,32.83,15.65,17.86,7.82
2004-02-06,0.0,32.74,14.6,21.79,8.94
2004-02-07,0.0,33.33,14.4,22.06,10.43
2004-02-08,0.0,33.88,15.9,27.04,11.61
2004-02-09,0.0,35.26,17.18,30.36,11.95
2004-02-10,0.0,33.52,16.67,47.35,12.46
2004-02-11,0.0,29.02,13.8,86.5,23.27
2004-02-12,0.0,34.03,18.41,52.18,16.89
2004-02-13,0.03,35.61,17.93,62.32,14.63
2004-02-14,0.0,35.25,18.62,68.35,22.02
2004-02-15,0.0,39.4,19.07,41.93,11.69
2004-02-16,0.0,40.58,20.53,36.07,11.85
2004-02-17,0.0,39.92,20.45,39.85,11.69
2004-02-18,0.0,38.54,16.93,84.18,17.72
2004-02-19,0.0,30.38,15.28,99.0,53.09
2004-02-20,0.0,31.74,16.78,99.24,45.02
2004-02-21,0.0,31.47,14.72,99.52,39.35
2004-02-22,0.0,32.26,14.94,99.29,36.99
2004-02-23,0.0,32.86,16.18,97.5,38.35
2004-02-24,0.0,32.14,19.29,80.45,32.44
2004-02-25,0.0,34.33,18.9,86.62,32.95
2004-02-26,0.0,35.3,17.68,89.71,23.36
2004-02-27,0.0,34.22,17.57,87.38,33.09
2004-02-28,0.0,34.8,15.52,96.75,22.88
2004-02-29,0.0,33.17,16.54,63.65,21.54
2004-03-01,0.0,32.23,14.89,52.91,16.07
2004-03-02,0.0,34.48,15.12,39.15,10.53
2004-03-03,0.0,36.42,16.32,34.53,8.94
2004-03-04,0.0,33.87,17.95,26.55,6.41
2004-03-05,0.0,31.76,14.58,21.89,8.78
2004-03-06,0.0,33.68,13.82,36.16,9.13
2004-03-07,0.0,36.33,15.74,31.02,7.64
2004-03-08,0.0,38.17,17.18,19.77,5.15
2004-03-09,0.0,39.23,19.01,20.12,5.14
2004-03-10,0.0,39.16,17.62,44.08,6.59
2004-03-11,0.0,40.47,19.25,31.04,5.89
2004-03-12,0.0,42.3,21.4,20.65,5.45
2004-03-13,0.0,40.5,20.59,31.76,6.73
2004-03-14,0.0,36.31,19.57,39.67,13.59
2004-03-15,0.0,34.82,17.3,34.67,10.57
2004-03-16,0.0,39.84,18.18,29.71,8.29
2004-03-17,0.0,42.8,20.39,26.1,7.76
2004-03-18,0.0,43.6,22.72,22.57,5.52
2004-03-19,0.0,41.34,22.7,18.79,4.98
2004-03-20,0.0,40.59,21.07,23.46,6.89
2004-03-21,0.0,40.98,21.09,36.12,10.05
2004-03-22,0.0,38.86,18.63,59.68,20.65
2004-03-23,0.0,34.94,17.35,86.84,29.62
2004-03-24,0.0,34.22,17.09,83.82,30.41
2004-03-25,0.0,35.47,20.21,69.12,29.88
2004-03-26,0.0,33.26,19.8,84.78,41.6
2004-03-27,0.0,33.79,19.22,90.0,30.51
2004-03-28,0.0,32.2,18.01,92.79,37.58
2004-03-29,0.0,32.8,15.14,98.5,27.08
2004-03-30,0.0,35.23,16.68,96.41,15.94
2004-03-31,0.0,37.94,18.67,46.74,14.83
2004-04-01,0.0,38.65,19.9,50.77,12.32
2004-04-02,0.0,40.4,21.27,48.41,13.49
2004-04-03,0.0,42.8,22.87,46.63,14.18
2004-04-04,0.0,43.7,21.08,60.06,12.32
2004-04-05,0.0,43.98,22.4,57.97,9.59
2004-04-06,0.0,43.44,22.51,46.74,8.11
2004-04-07,0.0,43.31,21.25,57.9,7.99
2004-04-08,0.0,35.94,18.92,84.79,25.95
2004-04-09,0.0,36.05,17.76,87.48,21.9
2004-04-10,0.0,34.57,16.69,97.41,26.05
2004-04-11,0.0,36.5,15.86,98.88,19.49
2004-04-12,0.0,38.6,19.48,73.54,15.72
2004-04-13,0.0,37.36,20.34,68.37,18.14
2004-04-14,0.0,33.46,17.74,89.83,22.53
2004-04-15,0.0,32.09,14.27,96.54,16.21
2004-04-16,0.0,37.18,16.49,56.91,11.83
2004-04-17,0.0,34.6,18.28,75.32,25.25
2004-04-18,0.0,35.62,18.01,72.53,16.64
2004-04-19,0.0,39.01,19.68,54.78,11.06
2004-04-20,0.0,38.33,20.31,42.53,13.28
2004-04-21,0.0,40.4,17.93,82.65,10.36
2004-04-22,0.0,43.64,20.65,58.36,9.02
2004-04-23,0.0,43.7,21.32,58.67,12.47
2004-04-24,0.0,41.72,21.28,55.41,14.0
2004-04-25,0.0,40.17,20.26,68.1,16.77
2004-04-26,0.0,36.43,18.38,83.47,26.28
2004-04-27,0.0,34.84,18.06,92.59,25.6
2004-04-28,0.0,33.82,19.33,83.73,29.28
2004-04-29,0.0,34.41,18.19,85.41,25.58
2004-04-30,0.0,37.52,16.89,94.96,17.58
2004-05-01,0.0,36.99,18.3,81.84,20.38
2004-05-02,0.0,37.08,19.34,62.84,18.93
2004-05-03,0.0,36.61,19.94,79.81,23.1
2004-05-04,0.0,38.36,18.88,81.41,13.34
2004-05-05,0.0,40.05,19.7,61.61,11.3
2004-05-06,0.0,40.76,21.31,33.32,9.5
2004-05-07,0.0,40.89,20.28,60.73,12.6
2004-05-08,0.0,40.12,20.41,56.2,13.31
2004-05-09,0.0,41.02,21.2,56.04,13.99
2004-05-10,0.0,40.26,20.31,67.06,13.23
2004-05-11,0.0,40.04,21.1,53.75,12.34
2004-05-12,0.0,40.49,21.27,46.94,13.24
2004-05-13,0.0,39.72,20.87,44.42,12.02
2004-05-14,0.0,39.43,20.54,45.94,11.69
2004-05-15,0.0,39.01,19.53,70.8,14.11
2004-05-16,0.0,36.03,18.92,74.07,22.66
2004-05-17,0.0,37.37,19.45,75.82,21.94
2004-05-18,0.0,38.04,19.77,70.64,22.6
2004-05-19,0.0,43.66,21.32,61.22,10.55
2004-05-20,0.0,44.46,24.06,48.36,8.83
2004-05-21,0.0,43.52,23.66,46.73,11.25
2004-05-22,0.0,42.73,22.67,58.8,15.88
2004-05-23,0.0,42.79,22.38,67.29,16.04
2004-05-24,0.0,43.0,24.16,53.0,16.05
2004-05-25,0.0,41.47,21.67,77.58,18.0
2004-05-26,0.0,40.73,22.32,62.79,19.85
2004-05-27,0.0,40.72,20.95,71.52,13.95
2004-05-28,0.0,40.84,21.7,47.31,12.78
2004-05-29,0.0,36.66,19.88,69.37,29.07
2004-05-30,0.0,36.87,21.61,71.07,28.03
2004-05-31,0.0,43.32,22.04,67.68,14.17
2004-06-01,0.0,44.13,26.16,43.22,7.07
2004-06-02,0.0,41.14,24.17,55.82,12.41
2004-06-03,0.0,38.79,22.63,96.29,31.92
2004-06-04,0.0,39.35,23.36,70.69,25.19
2004-06-05,0.0,37.26,22.04,79.77,28.85
2004-06-06,0.0,40.86,23.17,70.17,21.25
2004-06-07,0.0,37.12,22.07,90.66,35.35
2004-06-08,0.0,38.79,20.82,87.12,23.21
2004-06-09,0.0,38.59,22.6,70.56,28.19
2004-06-10,0.0,38.79,23.6,71.68,23.55
2004-06-11,0.0,42.64,21.87,80.31,12.67
2004-06-12,0.0,42.29,23.37,70.73,16.42
2004-06-13,0.0,37.12,21.95,85.51,32.66
2004-06-14,0.0,36.23,20.44,97.62,35.23
2004-06-15,0.0,35.93,20.54,84.08,28.56
2004-06-16,0.0,36.11,22.38,69.59,32.26
2004-06-17,0.0,38.46,20.89,89.68,27.24
2004-06-18,0.0,41.01,21.04,89.3,18.34
2004-06-19,0.0,43.11,23.17,71.15,10.76
2004-06-20,0.0,38.58,21.67,85.24,22.02
2004-06-21,0.0,37.89,19.7,90.13,22.43
2004-06-22,0.0,38.17,20.14,90.01,26.74
2004-06-23,0.0,40.98,21.38,85.7,16.8
2004-06-24,0.0,41.56,23.07,72.83,10.84
2004-06-25,0.0,41.9,24.43,55.03,17.32
2004-06-26,0.0,38.58,23.16,86.35,39.44
2004-06-27,0.0,37.09,21.71,98.01,34.21
2004-06-28,0.03,38.42,22.03,89.36,35.05
2004-06-29,0.0,39.48,23.15,89.56,32.09
2004-06-30,0.0,38.01,21.97,97.32,37.62
2004-07-01,0.0,37.48,22.68,83.93,36.94
2004-07-02,0.0,38.44,25.02,76.89,35.33
2004-07-03,0.0,37.87,23.69,84.73,35.12
2004-07-04,0.0,37.13,22.05,98.85,35.59
2004-07-05,0.0,38.85,23.68,77.81,34.71
2004-07-06,0.02,37.06,25.0,82.22,39.91
2004-07-07,0.0,39.69,23.12,88.16,22.28
2004-07-08,0.0,42.5,24.66,66.68,13.11
2004-07-09,0.0,39.67,24.86,66.5,27.91
2004-07-10,0.0,38.05,24.03,78.23,36.01
2004-07-11,0.01,36.71,23.32,86.51,33.11
2004-07-12,0.2,36.74,22.39,74.53,35.13
2004-07-13,0.0,38.65,24.72,74.07,34.79
2004-07-14,0.0,36.94,23.46,93.31,41.52
2004-07-15,0.0,37.76,23.04,93.97,29.68
2004-07-16,0.0,38.31,25.65,70.46,33.1
2004-07-17,0.17,37.69,23.13,81.92,34.28
2004-07-18,0.03,39.41,23.96,80.64,33.01
2004-07-19,0.0,40.18,24.84,89.53,32.94
2004-07-20,0.0,37.6,23.35,96.76,32.71
2004-07-21,0.0,35.6,21.53,94.38,37.21
2004-07-22,0.0,39.77,22.58,92.91,30.03
2004-07-23,5.7,35.12,23.25,98.25,60.49
2004-07-24,1.07,31.54,23.57,99.1,69.13
2004-07-25,0.0,32.21,23.43,99.36,57.02
2004-07-26,8.85,34.99,22.54,99.06,46.2
2004-07-27,0.0,33.93,23.22,99.06,53.29
2004-07-28,0.0,35.9,23.22,98.6,48.14
2004-07-29,0.0,38.79,24.12,98.79,37.78
2004-07-30,0.55,37.96,23.76,90.65,35.41
2004-07-31,3.78,38.27,24.68,85.9,39.86
2004-08-01,9.38,36.57,23.78,93.99,47.93
2004-08-02,0.01,36.89,24.15,98.99,43.89
2004-08-03,0.32,36.73,24.31,97.45,43.96
2004-08-04,0.0,39.74,24.23,87.66,31.56
2004-08-05,0.0,38.35,25.21,79.81,37.46
2004-08-06,0.0,38.14,24.24,87.96,38.7
2004-08-07,0.01,37.64,23.31,88.65,39.65
2004-08-08,0.0,38.21,23.65,82.54,34.51
2004-08-09,0.02,39.11,24.28,80.9,32.19
2004-08-10,0.0,38.67,23.98,85.57,32.8
2004-08-11,0.02,45.31,25.26,75.16,10.54
2004-08-12,15.79,42.13,28.07,65.66,25.1
2004-08-13,34.58,37.25,24.68,98.76,60.01
2004-08-14,0.0,31.93,23.03,98.66,73.29
2004-08-15,0.0,32.7,23.63,98.77,62.32
2004-08-16,0.0,35.0,22.99,96.8,47.05
2004-08-17,0.0,36.03,23.53,89.51,45.64
2004-08-18,0.97,37.33,23.93,97.24,43.31
2004-08-19,0.67,33.09,24.16,99.41,68.19
2004-08-20,4.55,34.81,24.42,98.83,54.79
2004-08-21,0.94,35.31,23.08,95.02,45.37
2004-08-22,0.0,39.51,23.47,89.97,27.13
2004-08-23,0.0,39.1,24.72,74.03,32.78
2004-08-24,0.0,37.15,23.99,81.95,41.05
2004-08-25,0.11,36.21,23.6,83.57,38.63
2004-08-26,1.13,35.84,24.39,84.01,47.27
2004-08-27,1.28,38.22,24.56,90.28,41.33
2004-08-28,3.69,39.39,25.02,90.54,37.84
2004-08-29,0.09,38.94,23.91,85.39,34.74
2004-08-30,2.98,39.05,25.02,85.2,36.37
2004-08-31,4.29,37.33,25.17,93.63,43.0
2004-09-01,0.0,39.62,23.79,85.37,30.65
2004-09-02,0.12,39.34,24.58,81.3,34.72
2004-09-03,0.0,37.6,24.07,91.95,41.68
2004-09-04,0.0,40.74,25.18,77.75,25.52
2004-09-05,0.0,41.21,27.22,65.08,31.49
2004-09-06,0.0,41.61,25.54,73.13,21.8
2004-09-07,3.73,40.44,23.89,86.26,28.52
2004-09-08,1.56,38.6,24.71,91.16,39.39
2004-09-09,0.72,40.72,24.79,80.83,28.38
2004-09-10,0.0,40.75,26.23,80.77,28.59
2004-09-11,0.0,41.65,25.91,79.41,26.53
2004-09-12,0.0,41.59,24.97,80.12,26.47
2004-09-13,0.13,40.16,24.87,88.3,33.95
2004-09-14,0.14,40.56,25.38,84.63,31.29
2004-09-15,4.52,39.99,25.04,89.67,34.53
2004-09-16,3.47,36.52,23.43,95.72,39.28
2004-09-17,0.0,39.92,24.37,73.53,26.33
2004-09-18,0.0,42.75,25.8,67.85,18.17
2004-09-19,0.68,40.55,25.08,79.5,29.67
2004-09-20,1.21,38.56,24.76,89.56,38.69
2004-09-21,0.0,37.92,23.4,91.99,38.63
2004-09-22,0.0,38.37,25.4,82.16,34.44
2004-09-23,0.0,39.18,25.27,83.97,36.15
2004-09-24,0.0,39.22,24.23,88.83,35.83
2004-09-25,0.0,39.47,24.35,86.12,27.08
2004-09-26,0.13,40.8,24.23,77.5,26.79
2004-09-27,0.95,40.58,25.42,71.28,24.62
2004-09-28,0.36,40.53,23.77,76.45,16.37
2004-09-29,0.0,39.43,22.89,70.9,21.11
2004-09-30,0.0,38.38,22.56,79.9,24.97
2004-10-01,0.0,39.61,22.21,86.41,24.41
2004-10-02,0.0,41.77,23.26,78.64,17.09
2004-10-03,0.0,42.51,23.63,83.32,15.43
2004-10-04,0.0,43.76,23.67,74.19,8.87
2004-10-05,0.0,43.61,24.38,61.4,11.27
2004-10-06,0.0,41.31,24.92,62.42,23.86
2004-10-07,0.0,40.2,24.21,89.93,33.89
2004-10-08,0.0,39.7,23.65,96.99,27.48
2004-10-09,0.0,41.2,23.18,85.0,16.69
2004-10-10,0.0,41.14,25.63,42.97,14.4
2004-10-11,0.0,42.65,25.15,48.0,12.73
2004-10-12,0.0,42.54,24.9,51.17,13.24
2004-10-13,0.0,42.32,23.41,95.97,16.8
2004-10-14,0.0,42.85,24.27,68.44,12.69
2004-10-15,0.0,43.59,25.96,35.12,10.02
2004-10-16,0.0,41.98,25.85,35.0,14.99
2004-10-17,0.0,39.47,23.06,72.78,22.3
2004-10-18,0.0,37.43,20.82,93.27,26.54
2004-10-19,0.0,39.79,22.36,85.79,24.02
2004-10-20,0.0,42.67,22.26,86.14,9.15
2004-10-21,0.0,43.04,24.87,38.98,10.02
2004-10-22,0.0,41.0,23.85,56.63,16.82
2004-10-23,0.0,39.22,22.87,75.18,26.38
2004-10-24,0.0,37.86,22.21,87.22,29.38
2004-10-25,0.0,40.87,22.63,77.66,12.08
2004-10-26,0.0,42.16,23.33,45.83,6.14
2004-10-27,0.01,41.88,24.34,26.36,7.37
2004-10-28,0.0,40.74,24.43,32.22,12.75
2004-10-29,0.0,40.31,23.46,50.04,11.9
2004-10-30,0.0,37.55,21.99,45.5,16.56
2004-10-31,0.0,37.1,20.44,98.52,24.66
2004-11-01,0.0,38.54,19.96,97.83,23.39
2004-11-02,0.0,37.27,20.06,56.82,18.95
2004-11-03,0.0,36.9,18.98,57.82,17.78
2004-11-04,0.0,36.89,18.86,75.68,21.07
2004-11-05,0.0,36.31,18.14,96.65,27.75
2004-11-06,0.0,33.63,18.4,99.61,37.21
2004-11-07,0.0,35.02,22.0,73.87,32.98
2004-11-08,0.0,36.02,20.19,82.34,24.52
2004-11-09,0.0,37.75,21.99,48.78,18.89
2004-11-10,0.0,39.43,21.15,48.45,15.74
2004-11-11,0.0,38.91,22.33,70.04,23.15
2004-11-12,0.0,36.95,21.63,80.94,36.18
2004-11-13,0.0,36.71,20.58,82.4,26.02
2004-11-14,0.0,37.09,20.35,55.12,21.78
2004-11-15,0.06,37.35,20.13,45.2,18.53
2004-11-16,0.0,38.43,20.76,37.11,14.86
2004-11-17,0.0,37.05,21.58,32.37,15.79
2004-11-18,0.0,37.66,21.73,33.07,13.01
2004-11-19,0.0,35.81,20.62,35.14,15.78
2004-11-20,0.0,36.85,19.54,42.26,18.9
2004-11-21,0.0,38.07,20.42,43.27,16.83
2004-11-22,0.0,38.81,20.47,43.39,14.72
2004-11-23,0.0,38.95,20.53,43.69,12.48
2004-11-24,0.0,38.61,20.73,39.56,13.28
2004-11-25,0.0,39.06,20.62,39.36,13.18
2004-11-26,0.0,38.76,19.99,49.08,13.41
2004-11-27,0.0,35.81,19.33,36.44,14.97
2004-11-28,0.0,36.2,18.58,42.18,14.89
2004-11-29,0.0,37.6,18.84,42.55,13.8
2004-11-30,0.0,31.6,17.23,79.88,31.62
2004-12-01,0.0,32.66,19.23,91.0,46.15
2004-12-02,0.0,33.87,16.84,98.88,35.2
2004-12-03,0.0,33.9,16.83,99.56,31.14
2004-12-04,0.0,36.97,18.69,68.48,20.56
2004-12-05,0.0,35.61,19.27,47.75,20.52
2004-12-06,0.0,34.47,19.22,42.03,21.12
2004-12-07,0.0,31.45,17.81,49.02,21.68
2004-12-08,0.0,31.13,16.31,40.03,15.61
2004-12-09,0.0,32.82,15.92,32.49,13.15
2004-12-10,0.0,33.79,16.19,34.07,13.07
2004-12-11,0.0,32.65,16.05,33.52,14.25
2004-12-12,0.0,31.96,15.19,31.52,9.89
2004-12-13,0.0,33.53,18.56,37.13,9.05
2004-12-14,0.0,30.68,16.0,97.31,39.73
2004-12-15,0.0,31.79,16.4,98.72,46.15
2004-12-16,0.0,29.58,16.15,98.27,47.8
2004-12-17,0.0,33.66,17.79,81.66,30.02
2004-12-18,0.0,36.39,19.26,54.77,27.7
2004-12-19,0.0,34.36,19.65,62.19,29.25
2004-12-20,0.0,37.27,19.73,61.42,23.21
2004-12-21,0.0,36.72,19.14,59.49,23.38
2004-12-22,0.0,36.21,19.14,60.99,23.56
2004-12-23,0.0,36.68,19.49,45.39,18.47
2004-12-24,0.0,33.53,18.38,58.11,25.41
2004-12-25,0.0,31.95,16.84,41.44,19.58
2004-12-26,0.0,28.24,14.42,40.26,20.72
2004-12-27,0.0,28.95,13.52,59.29,26.84
2004-12-28,0.0,28.11,13.03,65.07,22.61
2004-12-29,0.0,33.67,16.96,40.57,17.34
2004-12-30,0.0,29.9,15.67,30.49,9.39
2004-12-31,0.0,29.48,16.12,14.79,5.85
2005-01-01,0.0,29.87,16.08,34.0,9.98
2005-01-02,0.0,28.27,14.15,33.38,15.5
2005-01-03,0.0,27.66,13.16,35.15,16.99
2005-01-04,0.0,27.46,13.36,33.7,16.21
2005-01-05,0.0,30.66,12.71,36.71,14.47
2005-01-06,0.0,32.66,14.78,34.18,16.6
2005-01-07,0.0,33.01,18.04,37.58,17.96
2005-01-08,0.0,33.29,19.23,27.69,13.36
2005-01-09,0.0,34.73,17.86,24.88,11.27
2005-01-10,0.0,32.9,18.39,27.58,13.0
2005-01-11,0.0,31.83,18.03,27.3,15.78
2005-01-12,0.0,32.84,16.49,29.98,13.21
2005-01-13,0.0,33.11,16.07,26.75,12.21
2005-01-14,0.0,34.05,15.96,35.13,14.5
2005-01-15,0.0,33.52,15.96,40.36,15.2
2005-01-16,0.0,33.49,16.42,35.48,15.41
2005-01-17,0.0,33.45,17.43,55.01,14.9
2005-01-18,0.0,36.38,18.25,46.83,10.71
2005-01-19,0.0,35.38,20.49,28.35,9.62
2005-01-20,0.0,34.51,19.77,28.11,12.69
2005-01-21,0.0,35.99,19.08,23.69,6.81
2005-01-22,0.0,34.4,16.74,16.72,7.26
2005-01-23,0.0,34.45,16.17,25.77,10.21
2005-01-24,0.0,34.49,15.71,31.77,10.59
2005-01-25,0.0,33.17,14.85,57.9,15.45
2005-01-26,0.0,31.68,13.51,72.4,11.63
2005-01-27,0.0,30.54,12.88,65.8,14.83
2005-01-28,0.0,30.09,12.33,82.49,24.48
2005-01-29,0.0,31.88,13.25,73.25,22.69
2005-01-30,0.0,32.85,14.63,53.4,19.07
2005-01-31,0.0,32.51,14.61,37.29,15.8
2005-02-01,0.0,32.16,15.0,41.3,14.11
2005-02-02,0.0,32.89,15.32,33.55,12.3
2005-02-03,0.0,29.35,15.4,30.88,15.06
2005-02-04,0.0,30.85,14.36,26.88,10.24
2005-02-05,0.0,30.14,13.0,20.5,10.9
2005-02-06,0.0,30.29,13.18,31.67,11.58
2005-02-07,0.0,29.27,12.64,25.56,9.42
2005-02-08,0.0,28.18,11.01,51.88,15.07
2005-02-09,0.0,30.31,11.84,54.06,16.26
2005-02-10,0.0,32.19,13.48,48.69,15.17
2005-02-11,0.0,34.98,15.32,46.81,12.99
2005-02-12,0.0,34.18,17.57,57.26,14.48
2005-02-13,0.0,34.06,18.23,77.35,28.09
2005-02-14,0.0,34.93,19.19,80.23,33.29
2005-02-15,0.0,31.48,15.92,97.55,39.47
2005-02-16,0.0,31.11,16.31,93.52,34.26
2005-02-17,0.0,33.06,16.88,70.65,20.85
2005-02-18,0.0,33.09,17.13,69.9,25.17
2005-02-19,0.0,33.41,17.39,80.34,26.04
2005-02-20,0.22,31.09,18.37,72.58,32.55
2005-02-21,0.0,32.75,16.41,97.6,36.15
2005-02-22,0.0,32.11,15.54,90.66,31.7
2005-02-23,0.35,30.93,17.94,76.23,36.43
2005-02-24,0.0,27.44,15.22,96.64,48.56
2005-02-25,0.0,30.05,13.37,97.41,35.24
2005-02-26,0.0,33.62,15.82,85.74,28.39
2005-02-27,0.0,30.04,18.04,80.74,43.73
2005-02-28,0.0,32.19,16.9,83.91,31.66
2005-03-01,0.0,28.26,15.87,97.99,52.53
2005-03-02,0.0,32.72,16.19,97.77,36.08
2005-03-03,0.0,28.37,15.8,98.09,62.24
2005-03-04,0.0,30.7,16.97,98.75,49.2
2005-03-05,0.0,31.02,15.58,97.9,33.18
2005-03-06,0.0,33.2,14.11,98.57,21.63
2005-03-07,0.0,34.69,16.6,55.31,19.84
2005-03-08,0.0,36.68,16.49,41.87,11.07
2005-03-09,0.0,39.23,18.38,26.65,11.37
2005-03-10,0.0,37.67,19.79,37.21,11.08
2005-03-11,0.0,36.9,18.65,22.64,8.54
2005-03-12,0.0,37.36,17.71,46.61,10.02
2005-03-13,0.0,32.65,14.96,98.15,32.14
2005-03-14,0.0,35.86,17.42,88.89,17.4
2005-03-15,0.0,38.32,17.93,47.45,14.99
2005-03-16,0.0,39.06,19.23,46.51,14.5
2005-03-17,0.0,39.57,19.39,37.25,10.55
2005-03-18,0.0,40.57,19.68,41.09,10.2
2005-03-19,0.0,42.02,19.88,37.37,8.93
2005-03-20,0.0,41.61,20.39,34.38,9.25
2005-03-21,0.0,40.7,19.63,31.63,10.41
2005-03-22,0.0,40.78,19.36,38.29,10.01
2005-03-23,0.0,40.34,18.49,66.19,11.56
2005-03-24,0.0,40.96,18.83,64.11,12.19
2005-03-25,0.0,38.59,17.38,87.25,15.28
2005-03-26,0.0,41.44,18.9,65.32,10.95
2005-03-27,0.0,43.13,20.15,58.22,8.53
2005-03-28,0.0,44.18,21.67,46.37,6.48
2005-03-29,0.0,43.02,22.46,28.54,6.7
2005-03-30,0.0,44.49,22.62,21.63,6.15
2005-03-31,0.0,44.56,22.4,26.61,4.05
2005-04-01,0.0,41.92,19.75,65.8,8.81
2005-04-02,0.0,41.27,19.87,64.7,10.23
2005-04-03,0.0,41.25,19.68,71.34,13.54
2005-04-04,0.0,42.06,19.53,64.47,11.25
2005-04-05,0.0,42.16,19.94,58.93,12.33
2005-04-06,0.0,43.53,21.28,56.32,11.0
2005-04-07,0.0,43.21,21.83,50.75,11.09
2005-04-08,0.0,42.04,21.22,62.72,12.11
2005-04-09,0.0,39.34,21.12,55.14,14.06
2005-04-10,0.0,39.76,20.04,55.14,12.4
2005-04-11,0.0,41.21,19.92,49.16,11.51
2005-04-12,0.0,43.07,20.97,61.98,10.21
2005-04-13,0.0,39.64,20.0,67.16,20.39
2005-04-14,0.0,35.05,17.07,99.03,24.19
2005-04-15,0.0,36.65,17.58,95.67,17.76
2005-04-16,0.0,37.14,18.11,88.11,11.75
2005-04-17,0.0,33.8,17.4,71.6,18.89
2005-04-18,0.0,36.29,16.42,78.44,15.09
2005-04-19,0.01,38.55,17.15,93.72,12.42
2005-04-20,0.0,40.35,20.62,63.26,9.09
2005-04-21,0.0,42.12,22.75,42.43,8.79
2005-04-22,0.0,41.17,20.59,55.02,10.3
2005-04-23,0.0,37.36,18.24,90.01,24.53
2005-04-24,0.0,35.02,17.6,97.22,31.28
2005-04-25,0.01,35.52,18.42,85.41,30.13
2005-04-26,0.0,36.72,18.72,90.5,27.65
2005-04-27,0.0,41.85,21.62,63.66,15.73
2005-04-28,0.0,45.24,22.14,65.13,11.6
2005-04-29,0.0,47.33,24.6,49.69,11.24
2005-04-30,0.0,45.64,26.31,39.21,12.13
2005-05-01,0.0,42.45,22.41,64.56,13.86
2005-05-02,0.0,42.64,22.18,62.27,11.58
2005-05-03,0.0,40.87,21.36,62.3,12.52
2005-05-04,0.0,38.28,19.1,92.29,24.12
2005-05-05,0.0,37.61,19.21,84.56,26.52
2005-05-06,0.0,38.04,19.92,85.07,25.21
2005-05-07,0.0,43.52,19.91,85.01,13.03
2005-05-08,0.0,39.61,22.04,82.93,26.4
2005-05-09,0.28,43.88,24.72,68.77,21.97
2005-05-10,0.0,39.97,21.87,93.78,33.8
2005-05-11,0.0,42.21,22.96,85.91,26.33
2005-05-12,0.13,41.32,23.6,89.23,30.14
2005-05-13,0.0,43.12,23.42,70.65,16.3
2005-05-14,0.0,45.16,24.11,63.77,14.64
2005-05-15,0.0,45.68,26.59,52.85,11.59
2005-05-16,0.0,40.51,24.34,77.12,25.81
2005-05-17,0.0,42.76,22.91,79.23,17.0
2005-05-18,0.0,39.0,21.59,77.7,28.21
2005-05-19,0.0,42.78,23.6,59.73,23.91
2005-05-20,0.0,44.1,24.45,64.77,17.02
2005-05-21,0.0,39.59,22.58,76.98,28.49
2005-05-22,0.0,39.32,22.22,84.83,29.6
2005-05-23,0.0,39.72,23.13,81.91,33.44
2005-05-24,0.01,37.75,22.06,89.48,27.72
2005-05-25,0.0,40.84,22.29,69.58,17.63
2005-05-26,0.0,41.07,23.79,64.54,23.41
2005-05-27,0.0,39.6,22.76,78.57,28.13
2005-05-28,0.0,39.42,21.12,99.25,25.93
2005-05-29,0.0,40.34,20.83,95.43,20.01
2005-05-30,0.0,41.92,22.57,85.7,15.93
2005-05-31,0.0,41.26,22.29,62.35,13.25
2005-06-01,0.0,38.57,21.39,85.99,25.52
2005-06-02,0.0,37.21,20.47,93.23,29.38
2005-06-03,0.0,36.01,21.88,81.98,31.14
2005-06-04,0.0,37.51,22.58,85.08,30.58
2005-06-05,0.0,38.13,22.91,89.85,30.83
2005-06-06,0.0,39.9,24.09,81.1,31.68
2005-06-07,0.0,41.78,25.42,73.3,27.92
2005-06-08,0.0,40.95,24.53,80.38,29.62
2005-06-09,0.0,43.69,25.06,77.57,18.28
2005-06-10,0.0,39.43,22.81,88.53,24.76
2005-06-11,0.0,39.12,21.78,96.46,28.84
2005-06-12,0.0,37.46,21.62,94.29,33.94
2005-06-13,0.0,37.97,22.54,83.07,26.48
2005-06-14,0.0,40.31,22.33,81.09,20.52
2005-06-15,1.03,41.73,23.94,75.09,24.03
2005-06-16,10.57,41.38,25.81,67.15,27.11
2005-06-17,0.0,40.14,23.64,77.87,26.56
2005-06-18,0.0,43.55,23.97,71.04,10.51
2005-06-19,0.0,38.31,22.27,81.24,25.36
2005-06-20,0.0,36.4,21.64,79.95,35.69
2005-06-21,0.0,35.22,21.1,97.97,40.55
2005-06-22,0.0,35.48,21.38,88.12,36.78
2005-06-23,0.0,38.61,22.59,91.15,32.8
2005-06-24,0.0,39.1,25.16,77.79,35.82
2005-06-25,0.0,37.37,22.27,97.9,39.56
2005-06-26,0.0,37.27,22.21,97.45,44.4
2005-06-27,17.09,40.26,23.98,91.51,35.62
2005-06-28,0.0,37.77,22.96,99.11,39.98
2005-06-29,0.0,38.15,23.1,97.26,35.51
2005-06-30,0.0,38.0,22.63,98.78,34.68
2005-07-01,0.0,40.1,24.19,75.68,25.89
2005-07-02,0.0,40.09,23.09,79.61,22.83
2005-07-03,0.0,37.67,23.03,88.49,32.85
2005-07-04,1.22,38.28,23.96,79.32,34.21
2005-07-05,0.0,39.91,24.42,83.36,32.42
2005-07-06,0.0,38.49,23.84,87.74,29.53
2005-07-07,0.0,37.0,23.22,88.27,33.32
2005-07-08,0.0,36.99,22.8,80.95,31.5
2005-07-09,0.02,37.77,23.19,66.44,26.29
2005-07-10,19.04,38.22,23.71,66.18,28.75
2005-07-11,3.35,38.71,23.29,76.94,36.07
2005-07-12,0.21,37.17,24.6,96.78,42.55
2005-07-13,0.0,36.04,23.13,86.97,35.88
2005-07-14,0.0,39.39,25.65,70.26,32.63
2005-07-15,45.4,38.98,24.36,91.76,39.57
2005-07-16,0.0,34.44,23.2,98.46,56.7
2005-07-17,0.0,37.09,23.51,98.35,41.3
2005-07-18,0.0,37.56,24.05,81.27,37.07
2005-07-19,1.97,35.88,23.35,96.51,45.7
2005-07-20,0.23,35.32,24.25,95.35,51.96
2005-07-21,5.74,34.23,23.43,99.3,60.31
2005-07-22,0.0,37.77,23.4,99.21,38.55
2005-07-23,0.0,40.34,25.33,76.04,29.49
2005-07-24,9.43,39.26,24.93,91.46,39.75
2005-07-25,0.0,38.66,24.42,93.16,41.79
2005-07-26,0.02,38.65,24.9,86.61,31.02
2005-07-27,0.0,40.23,25.44,71.9,29.33
2005-07-28,0.0,38.75,24.16,87.29,34.33
2005-07-29,0.0,41.36,24.76,83.8,26.5
2005-07-30,0.0,43.81,24.95,90.96,13.41
2005-07-31,17.11,40.11,25.46,83.91,33.36
2005-08-01,0.01,39.53,25.06,85.52,37.87
2005-08-02,0.0,39.46,24.25,77.08,29.53
2005-08-03,0.0,39.91,24.29,71.29,22.89
2005-08-04,0.0,39.43,23.64,73.82,27.04
2005-08-05,0.0,39.83,23.86,74.91,25.4
2005-08-06,0.0,38.55,24.26,72.78,30.83
2005-08-07,0.0,37.66,26.34,65.83,36.4
2005-08-08,0.0,37.54,22.81,79.73,35.75
2005-08-09,0.0,38.09,24.17,79.78,37.7
2005-08-10,29.39,39.49,24.8,76.7,36.58
2005-08-11,21.91,35.54,24.28,97.9,55.1
2005-08-12,0.0,35.04,23.9,98.18,48.21
2005-08-13,0.0,38.35,24.98,84.28,37.08
2005-08-14,0.04,38.29,24.51,85.6,37.07
2005-08-15,25.4,39.58,24.77,88.39,38.34
2005-08-16,3.04,33.78,24.23,99.54,61.24
2005-08-17,1.49,32.95,23.36,99.11,61.29
2005-08-18,0.0,37.83,23.91,95.87,41.07
2005-08-19,0.02,37.09,25.24,96.55,45.3
2005-08-20,0.0,34.16,24.11,98.52,57.95
2005-08-21,3.65,36.11,23.04,99.44,49.99
2005-08-22,0.0,36.19,24.58,96.21,50.08
2005-08-23,0.0,38.86,23.83,89.91,39.25
2005-08-24,0.0,39.05,24.4,91.12,36.27
2005-08-25,0.0,39.53,25.55,87.21,35.84
2005-08-26,0.0,37.43,25.16,88.12,46.06
2005-08-27,0.0,37.21,24.18,84.33,42.11
2005-08-28,0.2,39.28,24.46,84.87,34.66
2005-08-29,1.53,38.65,25.69,83.45,41.36
2005-08-30,0.0,38.3,24.58,89.84,40.84
2005-08-31,2.5,38.9,25.44,70.17,34.99
2005-09-01,0.0,37.91,23.67,92.91,41.96
2005-09-02,0.0,36.12,24.2,92.38,49.93
2005-09-03,0.0,37.22,24.02,95.2,46.46
2005-09-04,3.7,36.71,24.58,90.61,46.89
2005-09-05,0.0,38.96,24.38,91.17,38.32
2005-09-06,0.29,37.9,25.12,95.83,43.75
2005-09-07,4.51,40.57,23.78,97.88,31.44
2005-09-08,0.0,36.18,24.84,98.37,48.86
2005-09-09,3.65,30.7,23.0,98.79,73.53
2005-09-10,0.94,32.33,23.13,99.45,65.04
2005-09-11,0.0,33.27,22.6,100.0,54.44
2005-09-12,0.0,40.6,23.31,99.34,23.43
2005-09-13,0.0,41.25,27.58,72.84,26.36
2005-09-14,0.08,37.18,25.67,79.09,45.44
2005-09-15,0.0,34.8,24.05,97.33,55.39
2005-09-16,0.0,38.12,23.84,98.44,32.08
2005-09-17,0.0,40.95,24.72,80.03,20.57
2005-09-18,0.0,39.23,25.93,84.41,38.22
2005-09-19,0.12,39.52,24.04,91.97,34.53
2005-09-20,0.0,43.03,24.25,88.96,14.52
2005-09-21,0.0,41.52,27.84,49.86,18.55
2005-09-22,0.0,40.56,26.73,75.97,33.2
2005-09-23,0.0,35.72,23.83,99.61,51.09
2005-09-24,0.0,38.87,23.86,88.04,37.23
2005-09-25,0.0,38.95,23.97,90.58,35.04
2005-09-26,0.0,39.32,23.83,86.62,31.81
2005-09-27,0.44,36.31,24.79,89.88,46.42
2005-09-28,14.37,29.89,23.49,99.39,86.11
2005-09-29,0.05,29.31,22.9,99.62,83.22
2005-09-30,0.02,32.36,23.55,99.39,70.07
2005-10-01,0.0,34.27,23.18,98.67,63.47
2005-10-02,0.0,34.88,23.69,92.33,47.11
2005-10-03,0.0,36.74,23.21,98.79,43.72
2005-10-04,0.0,37.79,22.5,91.94,33.44
2005-10-05,0.0,36.72,22.24,99.59,39.23
2005-10-06,0.0,36.67,23.29,98.02,48.35
2005-10-07,0.04,36.94,23.84,98.81,50.24
2005-10-08,0.0,33.43,23.2,98.14,68.19
2005-10-09,0.0,35.18,22.63,98.19,52.96
2005-10-10,0.0,37.42,22.82,97.58,37.61
2005-10-11,0.0,39.98,23.64,98.96,24.95
2005-10-12,0.02,39.52,24.18,91.87,35.56
2005-10-13,0.0,37.91,24.77,98.92,43.1
2005-10-14,0.0,40.73,22.8,98.67,20.18
2005-10-15,0.0,42.22,25.43,72.17,17.78
2005-10-16,0.0,41.85,25.97,49.55,15.39
2005-10-17,0.0,40.77,24.38,46.29,14.8
2005-10-18,0.0,41.42,24.46,44.25,14.75
2005-10-19,0.0,41.22,25.0,44.56,14.82
2005-10-20,0.0,39.24,24.33,68.09,25.93
2005-10-21,0.0,40.94,23.22,84.49,17.91
2005-10-22,0.0,42.8,24.13,66.9,11.16
2005-10-23,0.0,40.85,25.26,57.74,21.91
2005-10-24,0.0,37.57,23.95,97.18,40.73
2005-10-25,0.0,38.95,23.1,94.05,26.16
2005-10-26,0.63,40.3,22.95,98.33,16.34
2005-10-27,0.0,38.72,23.11,92.26,26.77
2005-10-28,0.0,39.83,21.99,93.96,12.79
2005-10-29,0.0,40.88,23.52,64.31,10.03
2005-10-30,0.0,39.89,23.4,33.07,10.19
2005-10-31,0.0,39.45,22.41,34.69,10.02
2005-11-01,0.0,41.09,21.74,34.22,11.29
2005-11-02,0.0,41.22,22.33,41.32,15.51
2005-11-03,0.0,40.81,22.42,67.18,15.35
2005-11-04,0.0,40.68,21.59,38.12,9.91
2005-11-05,0.0,40.12,21.17,35.23,10.58
2005-11-06,0.0,39.75,20.4,36.46,10.96
2005-11-07,0.0,39.51,20.34,36.83,12.32
2005-11-08,0.0,40.91,21.4,33.83,13.73
2005-11-09,0.0,39.36,21.79,29.81,9.78
2005-11-10,0.0,38.96,20.96,31.6,10.17
2005-11-11,0.0,38.34,20.13,31.59,11.63
2005-11-12,0.0,37.56,20.6,27.4,10.46
2005-11-13,0.0,35.13,20.92,31.84,15.92
2005-11-14,0.0,31.33,16.91,82.63,32.4
2005-11-15,0.0,32.06,18.7,73.27,27.19
2005-11-16,0.0,32.7,19.12,68.34,25.12
2005-11-17,0.0,34.43,19.66,78.6,27.7
2005-11-18,0.0,35.23,18.26,77.48,22.82
2005-11-19,0.0,34.22,18.26,86.89,22.97
2005-11-20,0.0,33.69,17.96,86.77,25.74
2005-11-21,0.0,33.98,17.75,92.89,27.79
2005-11-22,0.0,34.05,18.16,91.9,32.24
2005-11-23,0.0,36.08,19.46,93.95,29.7
2005-11-24,0.0,38.49,19.69,87.5,24.38
2005-11-25,0.0,36.57,21.16,73.55,24.36
2005-11-26,0.0,35.59,18.89,63.07,25.05
2005-11-27,0.0,36.83,19.65,54.14,20.87
2005-11-28,0.0,37.86,20.01,60.57,16.29
2005-11-29,0.0,34.92,19.25,67.97,31.24
2005-11-30,0.0,31.82,18.28,98.88,37.67
2005-12-01,0.0,30.12,15.32,56.76,29.65
2005-12-02,0.0,32.49,15.18,54.64,20.29
2005-12-03,0.0,35.66,17.57,43.02,18.26
2005-12-04,0.0,37.28,18.23,42.74,17.54
2005-12-05,0.0,38.67,19.07,40.44,16.44
2005-12-06,0.0,35.85,18.46,40.84,17.93
2005-12-07,0.0,35.07,16.83,59.11,13.76
2005-12-08,0.0,35.16,16.69,62.15,19.0
2005-12-09,0.0,33.99,17.0,95.5,33.42
2005-12-10,0.0,33.53,18.24,83.4,36.49
2005-12-11,0.0,32.01,17.4,87.14,40.61
2005-12-12,0.0,34.98,17.74,72.47,22.63
2005-12-13,0.0,37.25,19.93,51.93,17.78
2005-12-14,0.0,37.18,20.0,39.08,15.6
2005-12-15,0.0,37.1,19.73,36.61,15.54
2005-12-16,0.0,36.33,21.19,36.82,15.56
2005-12-17,0.0,40.2,21.91,33.28,12.82
2005-12-18,0.0,39.92,22.3,34.92,12.41
2005-12-19,0.0,39.9,21.04,30.31,14.72
2005-12-20,0.0,38.58,20.38,40.37,15.51
2005-12-21,0.0,37.89,20.06,47.88,20.28
2005-12-22,0.0,37.03,20.12,42.68,14.18
2005-12-23,0.0,34.82,21.12,45.62,19.75
2005-12-24,0.0,36.22,20.72,47.84,20.24
2005-12-25,0.0,37.76,20.1,36.25,14.06
2005-12-26,0.0,37.58,20.02,33.34,12.82
2005-12-27,0.0,37.68,20.56,31.0,13.37
2005-12-28,0.0,37.59,21.63,33.49,13.09
2005-12-29,0.0,31.91,18.63,58.8,21.74
2005-12-30,0.0,28.64,13.65,63.03,25.02
2005-12-31,0.0,30.2,13.09,52.91,19.73
2006-01-01,0.0,28.37,13.58,61.13,27.26
2006-01-02,0.0,30.25,12.81,53.31,18.03
2006-01-03,0.0,31.17,13.57,50.58,16.02
2006-01-04,0.0,32.12,13.97,41.1,15.44
2006-01-05,0.0,32.05,16.03,38.83,15.1
2006-01-06,0.0,31.39,14.94,34.26,13.03
2006-01-07,0.0,27.43,12.36,27.38,13.26
2006-01-08,0.0,28.42,11.78,47.87,19.23
2006-01-09,0.0,29.91,13.18,61.64,21.99
2006-01-10,0.0,34.28,16.28,40.04,14.02
2006-01-11,0.0,30.34,17.7,58.21,24.2
2006-01-12,0.0,31.97,17.12,38.91,11.46
2006-01-13,0.0,33.15,17.49,33.95,13.58
2006-01-14,0.0,32.12,17.35,70.59,25.38
2006-01-15,0.02,30.8,16.92,43.27,19.08
2006-01-16,0.0,28.93,14.67,31.41,14.66
2006-01-17,0.0,26.84,12.44,46.79,20.9
2006-01-18,0.0,25.96,13.93,58.63,30.26
2006-01-19,0.0,27.43,11.28,55.15,20.1
2006-01-20,0.01,29.71,11.85,44.14,16.48
2006-01-21,0.0,32.77,16.86,28.17,11.6
2006-01-22,0.0,35.21,19.33,20.38,9.5
2006-01-23,0.0,35.85,19.04,33.4,14.6
2006-01-24,0.0,35.88,18.95,31.41,14.38
2006-01-25,0.0,35.35,18.58,35.88,13.73
2006-01-26,0.0,32.44,16.19,52.22,20.85
2006-01-27,0.0,31.86,15.3,67.84,26.48
2006-01-28,0.0,29.57,12.62,98.79,42.24
2006-01-29,0.0,31.14,14.12,98.03,28.14
2006-01-30,0.0,27.92,12.74,45.23,16.83
2006-01-31,0.0,31.94,17.29,32.4,12.22
2006-02-01,0.0,34.52,16.24,31.88,11.19
2006-02-02,0.0,34.6,17.43,38.2,11.03
2006-02-03,0.0,35.93,19.6,23.82,8.12
2006-02-04,0.0,36.05,19.59,29.86,13.45
2006-02-05,0.0,36.89,19.36,30.21,11.82
2006-02-06,0.0,36.08,20.55,26.27,11.96
2006-02-07,0.0,37.4,21.67,22.97,11.32
2006-02-08,0.0,38.77,22.22,33.3,10.38
2006-02-09,0.0,31.97,19.04,94.06,34.8
2006-02-10,0.0,29.29,16.42,98.17,54.49
2006-02-11,0.0,28.97,13.53,99.11,45.39
2006-02-12,0.0,29.57,13.68,99.3,39.58
2006-02-13,0.0,31.88,14.2,98.8,29.81
2006-02-14,0.0,30.32,15.73,73.67,27.91
2006-02-15,0.0,30.97,14.89,51.23,27.76
2006-02-16,0.0,31.93,14.46,79.18,23.72
2006-02-17,0.0,32.43,15.02,60.9,17.34
2006-02-18,0.0,33.7,15.51,45.32,15.14
2006-02-19,0.0,34.35,16.35,42.57,14.76
2006-02-20,0.0,33.74,15.29,52.58,18.97
2006-02-21,0.0,33.35,16.06,50.83,14.73
2006-02-22,0.0,31.81,14.33,51.69,17.25
2006-02-23,0.0,34.14,14.93,52.18,12.21
2006-02-24,0.0,34.63,15.19,36.4,9.34
2006-02-25,0.0,34.54,14.84,35.48,9.87
2006-02-26,0.0,35.79,15.56,38.38,11.56
2006-02-27,0.0,36.32,16.26,30.24,7.38
2006-02-28,0.0,33.65,15.3,94.03,20.51
2006-03-01,0.0,30.74,13.61,97.78,27.21
2006-03-02,0.0,33.43,13.77,98.48,21.37
2006-03-03,0.0,36.28,16.87,63.17,18.4
2006-03-04,0.0,37.1,18.53,39.06,14.45
2006-03-05,0.0,36.14,18.94,38.77,13.71
2006-03-06,0.0,38.72,19.88,39.22,11.36
2006-03-07,0.0,37.22,18.76,37.91,11.01
2006-03-08,0.0,35.56,19.27,25.15,5.54
2006-03-09,0.0,35.48,17.01,17.06,5.42
2006-03-10,0.0,38.44,17.15,18.39,4.54
2006-03-11,0.0,39.72,19.33,13.91,4.21
2006-03-12,0.0,40.85,20.76,14.24,4.28
2006-03-13,0.0,41.33,20.9,14.12,4.23
2006-03-14,0.0,42.11,21.1,16.3,5.23
2006-03-15,0.0,42.27,21.06,25.97,5.15
2006-03-16,0.0,42.15,21.74,25.02,7.36
2006-03-17,0.0,38.82,18.85,58.14,14.29
2006-03-18,0.0,35.64,17.1,68.8,16.92
2006-03-19,0.0,35.09,16.46,95.01,23.96
2006-03-20,0.0,34.76,16.71,94.48,22.01
2006-03-21,0.0,35.94,16.94,73.94,14.72
2006-03-22,0.0,39.27,18.44,49.45,12.8
2006-03-23,0.0,41.54,20.12,29.51,7.9
2006-03-24,0.0,43.61,23.06,24.41,7.03
2006-03-25,0.0,44.96,23.66,19.32,5.4
2006-03-26,0.0,44.62,23.68,19.96,5.81
2006-03-27,0.0,43.2,22.05,25.85,3.99
2006-03-28,0.0,42.53,19.96,46.46,5.6
2006-03-29,0.0,41.43,19.98,55.77,8.49
2006-03-30,0.0,38.26,19.87,58.93,23.12
2006-03-31,0.0,40.85,21.0,58.81,14.45
2006-04-01,0.0,42.31,20.43,54.27,6.36
2006-04-02,0.0,43.29,21.56,26.51,3.86
2006-04-03,0.0,42.27,20.99,37.64,8.44
2006-04-04,0.0,42.93,20.38,62.14,8.29
2006-04-05,0.0,39.78,19.88,72.6,13.33
2006-04-06,0.0,39.34,19.18,77.49,15.33
2006-04-07,0.0,38.51,18.24,89.86,20.25
2006-04-08,0.0,36.3,17.81,95.13,27.51
2006-04-09,0.0,36.49,18.18,95.11,25.62
2006-04-10,0.0,37.57,18.04,93.37,22.6
2006-04-11,0.0,41.43,18.79,90.35,15.3
2006-04-12,0.0,43.9,20.91,81.81,10.45
2006-04-13,0.0,38.99,21.36,66.32,25.8
2006-04-14,0.0,35.42,19.26,87.68,31.6
2006-04-15,0.0,39.5,19.58,84.87,17.4
2006-04-16,0.0,42.34,21.6,66.12,12.49
2006-04-17,0.0,43.1,23.05,45.06,11.51
2006-04-18,0.0,40.93,20.51,60.04,12.8
2006-04-19,0.0,39.75,19.33,76.24,14.14
2006-04-20,0.0,40.04,20.18,72.15,14.99
2006-04-21,0.0,39.29,19.39,75.79,15.37
2006-04-22,0.0,36.14,19.08,85.54,22.87
2006-04-23,0.0,38.35,20.13,75.46,19.98
2006-04-24,0.0,38.56,19.99,71.14,13.18
2006-04-25,0.0,39.79,22.08,36.11,9.28
2006-04-26,0.0,40.35,21.16,42.99,12.79
2006-04-27,0.0,41.18,19.66,74.71,12.95
2006-04-28,0.0,37.07,19.24,77.33,25.87
2006-04-29,0.0,33.76,16.49,97.98,31.31
2006-04-30,0.0,32.35,17.78,85.3,35.66
2006-05-01,0.0,31.6,17.42,93.91,34.87
2006-05-02,0.0,32.29,19.0,83.52,30.29
2006-05-03,0.0,35.35,17.52,97.34,26.6
2006-05-04,0.0,38.71,18.96,86.91,15.88
2006-05-05,0.0,41.98,22.54,54.46,12.2
2006-05-06,0.0,40.34,24.2,32.1,10.55
2006-05-07,0.0,40.51,22.18,50.82,12.15
2006-05-08,0.0,38.68,20.12,70.86,16.87
2006-05-09,0.0,36.03,18.7,80.87,27.76
2006-05-10,0.0,36.46,18.55,83.58,22.88
2006-05-11,0.0,37.91,18.51,88.33,21.15
2006-05-12,0.0,37.18,18.76,87.68,27.38
2006-05-13,0.0,38.64,19.22,85.96,19.64
2006-05-14,0.0,38.09,18.84,82.06,17.22
2006-05-15,0.0,35.95,17.46,94.99,26.9
2006-05-16,0.0,36.67,17.3,97.28,24.38
2006-05-17,0.0,37.01,18.01,93.15,26.33
2006-05-18,0.0,45.41,21.58,77.38,10.46
2006-05-19,0.0,45.24,25.38,48.0,10.87
2006-05-20,0.0,38.23,21.71,84.6,32.64
2006-05-21,0.0,35.65,19.69,93.18,35.23
2006-05-22,0.0,34.95,18.94,94.33,34.71
2006-05-23,0.0,36.73,19.93,76.18,26.25
2006-05-24,0.0,37.79,20.86,85.83,31.17
2006-05-25,0.0,39.63,20.75,86.47,27.91
2006-05-26,0.0,40.06,22.21,69.48,21.23
2006-05-27,0.0,37.86,21.31,65.65,24.0
2006-05-28,0.0,42.12,23.25,54.92,14.51
2006-05-29,0.0,43.81,24.51,56.77,16.46
2006-05-30,0.0,44.56,24.71,57.62,16.22
2006-05-31,0.0,43.96,25.77,50.32,16.71
2006-06-01,0.0,43.53,22.92,65.17,14.24
2006-06-02,0.0,43.49,25.05,52.07,15.55
2006-06-03,0.0,39.46,23.39,74.07,27.23
2006-06-04,0.0,44.63,23.59,67.8,13.68
2006-06-05,0.0,45.75,26.37,50.15,9.66
2006-06-06,0.0,44.17,26.72,44.37,12.05
2006-06-07,0.0,40.4,22.29,77.99,18.64
2006-06-08,0.0,39.86,22.88,73.72,27.89
2006-06-09,0.0,37.73,21.12,91.27,30.8
2006-06-10,0.0,37.07,22.25,83.96,37.3
2006-06-11,0.0,37.47,21.87,89.55,35.95
2006-06-12,0.0,38.51,23.72,80.78,33.37
2006-06-13,0.0,40.32,22.94,78.81,26.22
2006-06-14,5.12,39.42,23.35,74.87,31.34
2006-06-15,0.0,36.34,22.68,88.6,36.02
2006-06-16,0.0,41.26,22.53,79.35,17.46
2006-06-17,0.0,43.09,26.68,54.1,17.34
2006-06-18,0.0,40.49,23.89,70.56,22.94
2006-06-19,0.0,40.39,21.49,83.62,17.37
2006-06-20,0.0,42.4,22.37,76.36,17.14
2006-06-21,0.0,40.01,22.93,84.98,28.1
2006-06-22,0.0,36.63,21.32,98.2,38.06
2006-06-23,0.0,37.37,22.94,91.45,36.13
2006-06-24,0.0,41.9,23.62,86.82,23.87
2006-06-25,0.0,40.11,23.78,89.86,28.98
2006-06-26,0.93,40.37,23.31,95.3,31.93
2006-06-27,0.0,40.9,23.66,99.14,29.52
2006-06-28,0.0,43.03,24.85,75.24,18.53
2006-06-29,0.0,42.62,23.09,88.2,15.79
2006-06-30,0.0,40.65,22.87,90.59,30.07
2006-07-01,0.0,40.3,25.07,74.95,28.96
2006-07-02,0.0,40.67,24.76,85.61,30.65
2006-07-03,0.0,39.18,24.6,87.06,39.23
2006-07-04,0.0,37.56,23.54,93.27,34.72
2006-07-05,0.0,37.23,22.75,82.66,33.75
2006-07-06,0.0,38.08,25.09,72.35,33.2
2006-07-07,0.0,37.87,24.47,74.8,33.31
2006-07-08,0.0,37.14,23.23,78.2,34.59
2006-07-09,0.0,37.43,23.47,74.62,33.76
2006-07-10,0.0,38.59,24.54,70.11,29.21
2006-07-11,0.0,39.62,23.09,80.62,27.55
2006-07-12,0.0,39.4,24.77,76.99,32.66
2006-07-13,0.0,37.17,24.84,84.59,40.04
2006-07-14,0.0,37.78,22.47,90.78,32.72
2006-07-15,2.63,37.27,23.05,76.2,33.36
2006-07-16,0.0,37.86,24.11,82.47,37.16
2006-07-17,0.0,41.11,24.75,77.94,26.41
2006-07-18,0.0,39.62,25.01,84.7,33.09
2006-07-19,0.01,42.56,24.6,89.23,25.86
2006-07-20,21.51,40.6,25.83,84.14,34.14
2006-07-21,18.46,38.75,26.07,93.77,40.16
2006-07-22,1.4,35.38,23.42,99.44,52.2
2006-07-23,0.0,36.78,23.68,96.21,40.88
2006-07-24,0.0,39.36,23.83,87.23,34.0
2006-07-25,0.0,39.08,25.4,89.51,39.51
2006-07-26,0.0,39.63,24.41,96.33,35.1
2006-07-27,8.41,37.91,24.96,93.44,44.26
2006-07-28,11.33,31.98,23.65,99.88,70.87
2006-07-29,1.8,33.87,23.02,99.55,58.0
2006-07-30,0.0,35.81,23.21,99.1,44.65
2006-07-31,0.0,39.33,25.02,89.31,36.57
2006-08-01,0.0,37.99,25.38,90.32,42.7
2006-08-02,0.0,34.39,23.07,88.19,45.14
2006-08-03,0.0,37.79,22.79,87.91,33.97
2006-08-04,0.0,39.29,24.2,84.47,37.41
2006-08-05,0.0,37.02,24.93,88.33,49.08
2006-08-06,4.37,34.95,24.51,96.48,55.2
2006-08-07,18.6,38.79,23.75,98.1,38.62
2006-08-08,0.0,37.94,24.73,94.35,37.83
2006-08-09,0.0,35.25,23.09,81.35,36.97
2006-08-10,0.0,37.11,21.97,84.56,34.98
2006-08-11,5.08,37.67,22.89,82.64,36.12
2006-08-12,8.86,37.35,24.81,80.45,40.09
2006-08-13,0.12,38.18,24.62,88.15,38.25
2006-08-14,0.0,40.62,25.35,80.94,34.69
2006-08-15,4.31,38.24,24.87,92.41,41.4
2006-08-16,0.0,38.81,25.51,94.39,44.28
2006-08-17,0.02,39.08,24.71,94.65,34.26
2006-08-18,8.91,41.43,24.94,82.75,31.62
2006-08-19,0.0,39.04,25.7,85.98,42.18
2006-08-20,0.0,41.64,25.42,89.24,29.49
2006-08-21,0.0,38.51,25.06,93.48,38.83
2006-08-22,0.0,37.73,25.82,90.98,45.19
2006-08-23,0.0,37.09,25.1,85.32,35.78
2006-08-24,11.89,40.57,25.37,79.02,23.6
2006-08-25,0.0,36.88,26.02,90.29,41.91
2006-08-26,0.0,29.75,24.19,98.65,83.96
2006-08-27,0.0,31.91,23.48,98.89,64.42
2006-08-28,0.0,36.21,23.69,95.31,42.63
2006-08-29,0.0,37.38,23.77,92.86,44.27
2006-08-30,16.26,38.68,24.53,92.87,40.52
2006-08-31,1.07,37.16,23.66,96.07,43.0
2006-09-01,0.0,35.55,24.04,97.06,54.16
2006-09-02,0.17,34.05,23.73,98.95,61.79
2006-09-03,0.0,30.91,23.34,99.3,70.94
2006-09-04,0.0,34.61,23.44,99.03,56.1
2006-09-05,0.0,36.82,23.72,98.19,47.77
2006-09-06,0.0,35.97,24.12,98.94,51.33
2006-09-07,9.93,33.58,23.63,99.1,63.34
2006-09-08,0.0,33.15,23.02,99.51,58.14
2006-09-09,0.03,34.42,23.42,98.03,56.93
2006-09-10,0.0,35.2,23.66,98.75,52.15
2006-09-11,0.0,39.18,24.6,87.76,36.13
2006-09-12,5.86,37.01,23.98,90.29,42.3
2006-09-13,9.78,37.14,24.47,99.99,44.25
2006-09-14,2.77,31.87,23.13,99.66,70.56
2006-09-15,2.2,29.72,23.09,99.35,76.45
2006-09-16,0.0,31.75,23.32,99.66,69.24
2006-09-17,0.0,33.53,24.54,99.33,66.82
2006-09-18,0.0,37.23,23.97,98.45,37.26
2006-09-19,3.13,36.6,23.95,97.81,49.47
2006-09-20,0.0,37.49,24.93,95.29,45.31
2006-09-21,0.0,40.4,24.41,93.95,24.82
2006-09-22,0.0,40.69,24.02,84.61,20.1
2006-09-23,0.0,38.97,23.93,84.86,27.64
2006-09-24,0.0,38.38,22.53,85.63,28.3
2006-09-25,0.0,40.19,23.69,84.34,30.33
2006-09-26,1.17,38.94,25.44,87.33,35.6
2006-09-27,0.0,34.38,24.36,99.07,54.26
2006-09-28,0.0,34.91,23.59,99.28,54.01
2006-09-29,0.0,37.6,24.14,98.5,44.45
2006-09-30,0.0,38.89,24.39,96.57,34.78
2006-10-01,0.0,41.35,23.62,99.76,20.1
2006-10-02,0.0,41.35,23.39,92.38,19.09
2006-10-03,4.93,41.54,25.12,83.37,28.74
2006-10-04,0.27,39.01,25.08,97.83,39.68
2006-10-05,0.0,40.85,24.67,99.58,38.45
2006-10-06,0.0,42.69,24.11,92.89,13.74
2006-10-07,0.01,40.16,22.71,71.89,21.36
2006-10-08,0.0,38.78,22.47,87.0,32.81
2006-10-09,0.01,39.74,22.32,96.28,29.77
2006-10-10,0.0,40.44,24.48,98.89,30.77
2006-10-11,0.0,41.85,25.45,89.85,12.56
2006-10-12,0.0,42.03,25.05,55.68,9.12
2006-10-13,0.0,40.25,25.46,87.68,30.33
2006-10-14,2.08,39.9,25.12,98.08,34.42
2006-10-15,0.0,41.92,25.22,90.39,18.75
2006-10-16,0.0,43.21,25.03,79.54,16.08
2006-10-17,0.09,42.3,25.79,68.92,16.53
2006-10-18,0.0,41.37,24.75,75.57,18.39
2006-10-19,0.0,41.54,25.79,56.02,16.36
2006-10-20,0.0,42.97,26.19,44.44,15.24
2006-10-21,0.0,42.89,26.04,44.32,15.83
2006-10-22,0.0,41.08,24.76,59.43,19.87
2006-10-23,0.0,37.2,22.39,88.19,34.32
2006-10-24,0.0,39.45,22.75,80.43,25.54
2006-10-25,0.0,36.55,22.2,84.74,26.49
2006-10-26,0.0,36.08,21.67,80.78,32.92
2006-10-27,0.0,36.33,20.71,97.08,29.37
2006-10-28,0.0,36.89,20.69,97.85,28.69
2006-10-29,0.0,36.89,20.74,92.08,26.66
2006-10-30,0.0,37.56,21.28,84.37,21.36
2006-10-31,0.0,38.4,22.05,95.38,29.68
2006-11-01,0.0,42.33,21.01,97.08,11.71
2006-11-02,0.0,41.13,22.05,32.57,14.65
2006-11-03,0.0,41.06,21.94,45.36,19.8
2006-11-04,0.0,41.91,23.13,51.26,8.85
2006-11-05,0.0,41.68,22.6,28.34,11.09
2006-11-06,0.0,40.87,22.18,41.27,11.62
2006-11-07,0.0,41.78,21.96,31.7,9.21
2006-11-08,0.0,41.5,22.19,33.57,13.0
2006-11-09,0.0,41.3,23.15,41.77,14.85
2006-11-10,0.0,41.76,22.83,44.89,16.53
2006-11-11,0.0,41.93,23.3,47.86,16.14
2006-11-12,0.0,41.03,22.98,36.86,12.94
2006-11-13,0.0,40.13,22.14,40.8,15.3
2006-11-14,0.0,37.15,20.66,38.99,11.23
2006-11-15,0.0,35.37,17.97,31.85,12.32
2006-11-16,0.0,36.15,17.56,35.29,11.98
2006-11-17,0.0,37.67,18.72,33.63,11.6
2006-11-18,0.0,40.4,21.89,42.65,14.39
2006-11-19,0.0,40.28,21.95,54.16,11.25
2006-11-20,0.0,38.62,20.42,31.13,10.19
2006-11-21,0.0,37.87,19.64,29.39,9.38
2006-11-22,0.0,36.52,18.72,31.11,9.87
2006-11-23,0.0,36.04,17.89,32.33,9.63
2006-11-24,0.0,36.37,18.32,31.61,9.79
2006-11-25,0.0,36.17,20.12,36.88,10.84
2006-11-26,0.0,37.24,17.87,34.09,9.97
2006-11-27,0.0,36.41,18.09,31.09,10.19
2006-11-28,0.0,35.98,17.99,36.04,11.51
2006-11-29,0.0,34.81,17.51,35.05,11.13
2006-11-30,0.0,34.49,16.98,33.37,11.41
2006-12-01,0.0,33.89,15.82,38.35,16.04
2006-12-02,0.0,32.2,15.12,40.23,18.77
2006-12-03,0.0,32.37,14.73,46.56,16.48
2006-12-04,0.0,34.85,15.18,37.3,14.46
2006-12-05,0.0,34.85,17.36,27.66,10.78
2006-12-06,0.0,31.45,15.26,36.29,17.98
2006-12-07,0.0,31.08,14.98,46.69,19.68
2006-12-08,0.0,32.45,14.61,46.37,16.14
2006-12-09,0.0,32.16,15.97,38.94,14.88
2006-12-10,0.0,30.34,16.1,38.46,15.84
2006-12-11,0.0,27.02,15.45,48.47,25.86
2006-12-12,0.0,26.86,14.58,64.57,32.22
2006-12-13,0.0,27.68,14.9,61.66,29.83
2006-12-14,0.0,31.83,15.98,52.19,22.89
2006-12-15,0.0,37.0,18.43,41.13,16.73
2006-12-16,0.0,37.86,18.84,37.94,14.21
2006-12-17,0.0,34.55,18.39,40.62,16.49
2006-12-18,0.0,30.75,16.86,33.39,17.26
2006-12-19,0.0,29.92,13.35,46.59,19.67
2006-12-20,0.0,30.01,13.09,54.33,22.85
2006-12-21,0.0,31.17,13.59,51.01,19.51
2006-12-22,0.0,31.96,14.29,47.45,17.14
2006-12-23,0.0,31.57,15.53,41.6,18.34
2006-12-24,0.0,35.87,17.06,39.51,14.46
2006-12-25,0.0,36.4,17.56,37.19,13.44
2006-12-26,0.0,35.53,18.06,33.45,13.86
2006-12-27,0.0,32.17,17.02,33.63,11.05
2006-12-28,0.0,31.88,15.85,21.1,12.19
2006-12-29,0.0,33.7,16.55,29.06,12.0
2006-12-30,0.0,32.52,16.07,30.94,13.13
2006-12-31,0.0,32.29,15.75,27.47,14.42
2007-01-01,0.0,28.63,14.25,44.24,16.23
2007-01-02,0.0,29.4,12.34,45.47,13.21
2007-01-03,0.0,29.82,13.47,29.62,13.88
2007-01-04,0.0,29.11,12.71,49.88,17.22
2007-01-05,0.0,28.68,11.99,43.88,16.19
2007-01-06,0.0,28.67,12.67,37.43,14.17
2007-01-07,0.0,29.58,12.0,40.39,16.09
2007-01-08,0.0,31.38,13.44,34.95,12.78
2007-01-09,0.0,33.63,16.41,28.31,11.25
2007-01-10,0.0,36.73,19.95,25.14,10.79
2007-01-11,0.0,36.19,18.34,25.81,10.51
2007-01-12,0.0,35.72,20.68,23.76,10.67
2007-01-13,0.0,35.15,18.72,23.52,11.7
2007-01-14,0.0,34.17,17.75,23.77,10.27
2007-01-15,0.0,32.33,14.98,30.34,12.47
2007-01-16,0.0,32.59,14.5,31.61,11.3
2007-01-17,0.0,33.73,14.87,34.93,13.32
2007-01-18,0.0,34.26,17.63,31.24,14.1
2007-01-19,0.0,34.37,18.54,25.72,11.73
2007-01-20,0.0,35.85,19.18,28.1,10.43
2007-01-21,0.0,35.41,18.03,28.53,10.2
2007-01-22,0.0,36.8,18.93,26.84,9.98
2007-01-23,0.0,37.75,18.48,32.19,8.84
2007-01-24,0.0,35.24,18.41,36.23,12.31
2007-01-25,0.0,31.75,15.94,87.51,28.26
2007-01-26,0.0,31.09,17.57,60.83,31.16
2007-01-27,0.0,31.18,17.8,66.44,35.09
2007-01-28,0.0,30.52,15.53,99.66,50.8
2007-01-29,0.0,30.56,14.66,98.59,49.47
2007-01-30,0.0,35.61,16.63,87.81,27.48
2007-01-31,0.0,34.36,18.65,53.81,21.89
2007-02-01,0.0,36.92,18.65,52.65,16.58
2007-02-02,0.0,36.0,18.29,63.43,16.05
2007-02-03,0.0,38.44,19.53,43.05,12.43
2007-02-04,0.0,39.98,20.69,45.35,15.91
2007-02-05,0.0,37.03,20.46,37.86,14.77
2007-02-06,0.0,31.14,18.05,76.8,24.75
2007-02-07,0.0,31.32,16.8,79.69,28.84
2007-02-08,0.0,32.53,16.02,68.16,21.85
2007-02-09,0.0,35.6,15.93,56.74,16.62
2007-02-10,0.0,36.01,17.54,43.07,14.76
2007-02-11,0.0,36.85,17.92,46.08,11.35
2007-02-12,0.0,37.19,17.9,32.17,11.5
2007-02-13,0.0,37.63,18.45,26.22,9.41
2007-02-14,0.0,37.38,18.22,25.6,8.91
2007-02-15,0.0,38.52,20.14,19.51,6.94
2007-02-16,0.0,39.2,19.4,21.4,7.3
2007-02-17,0.0,38.44,18.75,23.7,7.45
2007-02-18,0.0,37.43,18.51,28.13,10.49
2007-02-19,0.0,35.35,20.11,33.36,13.4
2007-02-20,0.0,31.57,17.58,34.67,14.79
2007-02-21,0.0,32.98,16.33,51.49,15.0
2007-02-22,0.0,33.07,14.45,36.33,11.97
2007-02-23,0.0,34.24,15.54,32.02,14.58
2007-02-24,0.0,34.96,15.85,40.64,12.63
2007-02-25,0.0,35.04,16.0,34.19,11.04
2007-02-26,0.0,35.57,16.5,32.53,10.37
2007-02-27,0.0,36.02,16.67,29.12,10.63
2007-02-28,0.0,37.55,17.58,26.68,8.91
2007-03-01,0.0,36.89,18.42,24.31,9.93
2007-03-02,0.0,38.64,19.07,26.94,7.87
2007-03-03,0.0,39.48,20.41,21.08,6.51
2007-03-04,0.0,40.32,20.4,17.68,7.22
2007-03-05,0.0,39.94,20.81,17.41,5.98
2007-03-06,0.0,40.23,20.31,18.61,6.35
2007-03-07,0.0,39.96,19.81,18.0,5.76
2007-03-08,0.0,39.83,18.9,18.21,5.01
2007-03-09,0.0,39.96,18.75,21.68,5.24
2007-03-10,0.0,39.8,19.76,26.61,7.26
2007-03-11,0.0,36.7,18.34,29.03,9.68
2007-03-12,0.0,35.87,17.16,35.08,10.21
2007-03-13,0.0,38.15,17.86,31.37,9.81
2007-03-14,0.0,33.17,16.05,77.61,20.91
2007-03-15,0.0,31.55,15.5,97.97,26.05
2007-03-16,0.0,33.57,14.29,97.54,18.11
2007-03-17,0.0,37.09,16.8,61.41,7.08
2007-03-18,0.0,37.04,18.58,36.34,9.77
2007-03-19,0.0,32.56,16.38,89.08,29.2
2007-03-20,0.0,32.13,18.11,73.75,33.24
2007-03-21,0.0,30.39,18.23,77.02,31.09
2007-03-22,0.0,35.72,18.66,67.52,21.33
2007-03-23,0.0,39.3,20.87,46.76,17.49
2007-03-24,0.0,39.69,20.11,52.12,14.21
2007-03-25,0.0,38.03,20.68,63.24,21.83
2007-03-26,0.0,40.4,21.45,52.35,19.16
2007-03-27,0.0,39.21,20.9,49.74,18.08
2007-03-28,0.0,37.37,19.72,57.24,19.2
2007-03-29,0.0,36.11,18.99,36.87,13.29
2007-03-30,0.0,36.44,18.16,44.88,11.8
2007-03-31,0.0,39.65,19.95,34.17,9.49
2007-04-01,0.0,38.82,18.1,73.18,11.88
2007-04-02,0.0,37.17,17.75,71.98,17.66
2007-04-03,0.0,39.67,19.49,58.68,15.81
2007-04-04,0.0,43.23,20.78,54.88,8.2
2007-04-05,0.0,42.53,22.73,30.34,6.55
2007-04-06,0.0,42.06,22.52,28.18,8.61
2007-04-07,0.0,42.47,21.67,31.27,8.64
2007-04-08,0.0,42.35,21.23,55.11,10.32
2007-04-09,0.0,36.27,19.95,74.11,22.99
2007-04-10,0.0,37.44,19.23,83.3,20.52
2007-04-11,0.0,32.94,19.89,76.74,25.07
2007-04-12,0.0,37.39,21.07,53.55,15.07
2007-04-13,0.0,41.33,22.23,41.34,13.91
2007-04-14,0.0,42.23,22.55,29.11,9.77
2007-04-15,0.0,40.92,20.27,62.13,14.19
2007-04-16,0.0,36.62,17.46,93.97,21.92
2007-04-17,0.0,34.63,16.0,98.57,26.39
2007-04-18,0.0,37.92,16.04,98.89,17.85
2007-04-19,0.0,39.1,18.82,71.04,14.89
2007-04-20,0.0,39.02,18.78,73.5,12.56
2007-04-21,0.0,38.39,18.93,75.69,18.33
2007-04-22,0.0,38.73,17.31,94.57,14.82
2007-04-23,0.0,38.44,19.42,60.03,14.4
2007-04-24,0.0,39.02,18.83,79.14,16.59
2007-04-25,0.0,37.05,16.31,98.66,26.02
2007-04-26,0.0,35.57,16.77,99.57,36.13
2007-04-27,0.0,36.66,17.54,99.42,30.57
2007-04-28,0.0,39.26,17.78,93.18,15.11
2007-04-29,0.0,39.44,18.87,71.38,12.91
2007-04-30,0.0,38.96,18.23,78.15,12.01
2007-05-01,0.0,38.67,18.33,91.28,15.32
2007-05-02,0.0,40.58,19.15,84.57,13.73
2007-05-03,0.0,40.34,20.65,63.83,13.69
2007-05-04,0.0,41.71,21.26,56.75,13.92
2007-05-05,0.0,40.71,22.61,44.62,10.53
2007-05-06,0.0,39.88,21.32,39.69,8.51
2007-05-07,0.0,40.87,20.83,36.12,8.49
2007-05-08,0.0,42.99,22.34,28.79,6.26
2007-05-09,0.0,42.39,24.41,28.81,9.28
2007-05-10,0.0,41.24,24.05,27.4,8.65
2007-05-11,0.0,42.3,22.77,24.2,7.1
2007-05-12,0.0,43.62,24.17,27.05,6.92
2007-05-13,0.0,42.57,21.53,53.93,9.42
2007-05-14,0.0,44.18,22.79,42.85,6.19
2007-05-15,0.0,44.12,23.53,32.21,4.68
2007-05-16,0.0,41.84,21.65,61.12,11.74
2007-05-17,0.0,39.39,19.92,75.79,21.67
2007-05-18,0.0,37.37,18.41,89.74,20.48
2007-05-19,0.0,38.71,19.06,74.97,19.5
2007-05-20,0.0,35.69,20.52,80.56,29.93
2007-05-21,0.0,34.45,20.44,85.6,31.7
2007-05-22,0.0,36.68,21.18,88.0,23.1
2007-05-23,0.0,38.19,20.0,80.69,16.83
2007-05-24,0.0,35.42,18.83,84.38,24.11
2007-05-25,0.0,35.8,18.38,96.5,25.34
2007-05-26,0.0,38.46,20.31,87.28,22.13
2007-05-27,0.0,42.18,21.67,68.85,16.15
2007-05-28,0.0,44.55,23.5,63.38,13.15
2007-05-29,0.0,44.82,24.49,54.92,12.35
2007-05-30,0.0,45.36,26.24,36.27,10.99
2007-05-31,0.0,43.16,25.81,38.65,13.74
2007-06-01,0.0,36.91,21.55,70.5,28.42
2007-06-02,0.0,36.15,20.07,81.27,29.98
2007-06-03,0.0,33.62,18.69,89.58,38.3
2007-06-04,0.0,34.43,20.34,77.23,34.7
2007-06-05,0.0,34.48,19.76,95.16,38.26
2007-06-06,0.0,34.62,19.12,92.14,33.43
2007-06-07,0.0,34.4,19.13,82.66,32.14
2007-06-08,0.0,36.75,19.94,86.59,30.25
2007-06-09,0.0,44.07,22.86,73.39,12.74
2007-06-10,0.0,44.02,26.75,44.37,13.08
2007-06-11,0.0,42.48,23.9,64.73,10.3
2007-06-12,0.0,40.69,23.94,48.99,12.86
2007-06-13,0.0,37.79,22.3,73.97,26.14
2007-06-14,0.0,37.72,22.26,77.3,33.3
2007-06-15,0.0,41.06,22.24,75.41,20.6
2007-06-16,0.0,45.86,23.68,65.8,10.23
2007-06-17,0.0,43.62,25.28,60.73,16.97
2007-06-18,0.0,42.53,23.03,78.16,17.15
2007-06-19,0.0,37.28,22.16,82.38,33.41
2007-06-20,0.0,37.71,22.24,82.19,37.06
2007-06-21,0.0,43.18,22.97,85.46,17.78
2007-06-22,0.0,43.92,25.9,59.2,11.97
2007-06-23,0.0,40.54,23.22,68.31,18.48
2007-06-24,0.0,38.41,22.91,81.06,36.95
2007-06-25,0.0,37.09,22.58,91.87,36.72
2007-06-26,0.0,39.46,22.07,97.07,30.75
2007-06-27,0.0,37.2,22.15,91.77,41.47
2007-06-28,0.0,36.87,23.99,89.21,44.51
2007-06-29,0.7,38.96,22.18,91.44,28.08
2007-06-30,0.0,38.27,20.98,91.13,25.99
2007-07-01,0.0,36.4,21.52,87.6,35.97
2007-07-02,0.0,35.81,23.68,75.97,39.24
2007-07-03,0.0,36.37,24.56,77.15,40.57
2007-07-04,0.0,36.56,23.14,88.54,42.86
2007-07-05,0.0,38.16,23.79,90.43,39.4
2007-07-06,0.0,36.22,23.3,84.38,40.64
2007-07-07,0.0,35.38,23.06,78.47,35.42
2007-07-08,0.0,39.58,22.95,81.13,29.63
2007-07-09,0.02,38.89,23.85,87.76,34.63
2007-07-10,0.05,36.48,23.28,95.81,45.15
2007-07-11,0.0,35.84,24.25,84.82,39.85
2007-07-12,0.0,36.82,21.66,97.95,39.32
2007-07-13,0.0,37.07,24.86,77.71,39.53
2007-07-14,0.0,37.58,24.38,83.79,40.09
2007-07-15,0.0,35.06,24.84,74.99,40.68
2007-07-16,0.0,37.09,22.22,92.46,36.03
2007-07-17,0.0,38.8,24.22,93.19,37.55
2007-07-18,0.0,35.81,23.4,97.28,44.13
2007-07-19,0.0,36.19,23.49,87.96,39.73
2007-07-20,0.0,38.0,23.57,84.93,37.35
2007-07-21,0.0,38.01,24.41,85.86,40.24
2007-07-22,0.0,36.63,24.38,96.99,44.85
2007-07-23,0.0,36.55,23.52,97.41,44.58
2007-07-24,0.0,37.36,23.66,84.04,35.97
2007-07-25,0.11,36.59,23.56,84.44,41.95
2007-07-26,0.0,33.85,22.57,89.74,45.07
2007-07-27,0.0,36.2,22.73,85.12,38.74
2007-07-28,0.0,38.19,23.1,92.53,39.06
2007-07-29,4.13,36.15,24.04,95.06,48.35
2007-07-30,0.54,33.25,24.2,98.78,63.45
2007-07-31,0.11,29.48,23.81,99.09,84.02
2007-08-01,36.61,33.61,23.5,98.86,61.65
2007-08-02,41.45,30.87,23.54,99.94,72.84
2007-08-03,0.0,30.51,22.98,99.52,77.35
2007-08-04,0.0,32.97,23.97,99.32,65.95
2007-08-05,0.0,33.23,23.75,98.42,62.71
2007-08-06,0.0,33.27,23.82,97.31,56.76
2007-08-07,0.0,30.95,23.41,95.85,65.17
2007-08-08,0.0,32.69,23.87,95.72,56.22
2007-08-09,0.0,31.88,23.36,95.32,58.22
2007-08-10,0.0,36.88,22.97,94.19,44.67
2007-08-11,0.1,34.99,25.02,89.87,58.52
2007-08-12,0.88,32.26,24.89,97.75,69.58
2007-08-13,0.0,34.4,23.64,98.28,58.99
2007-08-14,1.78,35.66,23.69,98.93,52.87
2007-08-15,0.6,37.43,24.0,91.54,41.43
2007-08-16,0.0,36.56,23.78,96.74,48.78
2007-08-17,0.0,38.31,24.98,94.87,44.07
2007-08-18,0.0,37.13,25.02,97.87,44.22
2007-08-19,0.0,37.18,23.41,90.84,40.77
2007-08-20,0.0,37.56,23.43,77.89,37.06
2007-08-21,0.0,35.34,22.79,90.21,43.58
2007-08-22,0.0,36.81,22.87,83.96,41.09
2007-08-23,2.7,36.34,23.95,91.46,45.37
2007-08-24,0.0,36.38,23.82,90.37,41.14
2007-08-25,0.0,40.22,24.02,77.68,27.2
2007-08-26,2.35,37.88,23.77,88.23,41.15
2007-08-27,0.0,35.87,23.98,95.31,48.01
2007-08-28,11.36,31.93,23.69,99.18,73.0
2007-08-29,0.42,31.96,23.29,99.39,67.96
2007-08-30,0.0,29.73,23.7,98.8,80.91
2007-08-31,0.0,30.33,21.89,98.16,67.28
2007-09-01,10.19,32.25,21.59,98.53,65.3
2007-09-02,0.19,30.45,22.84,99.52,79.22
2007-09-03,0.0,31.32,22.75,99.01,72.11
2007-09-04,0.0,31.59,23.36,98.77,73.51
2007-09-05,0.0,32.96,22.68,99.38,62.81
2007-09-06,6.3,34.69,23.89,96.65,59.64
2007-09-07,5.09,34.66,24.45,98.46,60.52
2007-09-08,4.22,31.9,23.52,99.9,74.28
2007-09-09,0.14,32.93,23.6,99.48,67.43
2007-09-10,0.0,34.09,23.5,99.3,60.07
2007-09-11,0.0,34.58,23.82,98.93,57.36
2007-09-12,0.0,34.89,23.05,95.35,53.61
2007-09-13,0.0,33.49,23.74,98.72,61.68
2007-09-14,0.05,35.73,23.5,98.87,50.86
2007-09-15,0.0,38.27,23.64,98.99,37.84
2007-09-16,0.0,38.98,25.4,85.21,35.64
2007-09-17,0.0,38.12,25.65,89.67,45.52
2007-09-18,0.07,35.61,24.26,97.39,53.04
2007-09-19,0.02,36.26,23.53,99.18,48.14
2007-09-20,0.0,36.97,24.06,97.63,45.16
2007-09-21,0.0,39.49,24.53,94.98,34.47
2007-09-22,0.0,40.41,25.06,79.5,29.81
2007-09-23,0.0,38.65,24.46,83.29,36.83
2007-09-24,0.0,38.84,23.43,94.71,35.39
2007-09-25,0.1,39.78,24.85,81.39,35.49
2007-09-26,0.54,37.46,25.37,86.29,44.88
2007-09-27,0.0,34.45,24.06,98.07,56.03
2007-09-28,0.0,35.63,22.86,87.87,34.74
2007-09-29,0.0,39.1,23.44,82.47,28.73
2007-09-30,0.46,40.57,25.55,74.14,26.76
2007-10-01,0.0,41.31,23.93,90.3,29.87
2007-10-02,0.0,41.76,23.93,94.2,21.23
2007-10-03,0.0,40.66,23.92,92.95,28.63
2007-10-04,0.0,40.36,23.93,88.52,25.95
2007-10-05,0.0,39.02,22.52,97.56,33.83
2007-10-06,0.0,40.61,23.55,88.08,28.15
2007-10-07,0.0,43.19,23.71,82.06,12.02
2007-10-08,0.0,39.51,24.56,75.39,28.36
2007-10-09,0.0,39.07,23.48,98.74,37.15
2007-10-10,0.0,38.7,22.84,98.98,33.9
2007-10-11,0.0,38.13,22.75,97.95,35.62
2007-10-12,0.0,36.78,22.76,98.5,40.6
2007-10-13,0.01,36.33,23.06,90.4,37.6
2007-10-14,0.0,38.7,23.68,71.18,23.67
2007-10-15,0.0,40.82,23.1,84.92,19.31
2007-10-16,0.0,41.3,24.31,53.37,16.18
2007-10-17,0.02,42.34,24.95,53.01,15.13
2007-10-18,0.0,41.57,24.77,42.25,14.99
2007-10-19,0.0,38.98,23.32,57.58,21.82
2007-10-20,0.0,37.1,20.13,98.24,28.37
2007-10-21,0.0,35.09,19.82,95.38,35.49
2007-10-22,0.0,36.61,20.56,97.64,32.39
2007-10-23,0.0,39.19,22.03,86.63,22.56
2007-10-24,0.0,40.67,24.12,75.75,23.46
2007-10-25,0.0,41.34,26.27,59.39,18.28
2007-10-26,0.0,41.4,25.51,48.94,14.94
2007-10-27,0.0,37.69,21.83,63.95,21.29
2007-10-28,0.0,37.38,20.55,81.35,20.52
2007-10-29,0.0,39.22,22.58,53.39,20.11
2007-10-30,0.0,39.24,24.33,45.22,16.28
2007-10-31,0.0,38.85,23.58,41.63,16.03
2007-11-01,0.0,40.43,21.96,50.13,18.05
2007-11-02,0.0,39.25,23.68,53.22,19.61
2007-11-03,0.0,41.22,21.72,71.28,14.81
2007-11-04,0.0,39.88,21.67,76.46,22.16
2007-11-05,0.0,41.34,19.97,86.39,13.29
2007-11-06,0.0,40.87,22.18,37.86,10.14
2007-11-07,0.0,39.51,22.32,34.46,13.57
2007-11-08,0.0,37.51,20.44,36.27,10.25
2007-11-09,0.0,36.32,18.36,28.28,9.75
2007-11-10,0.0,35.15,16.67,39.92,12.15
2007-11-11,0.0,38.12,17.52,38.2,13.37
2007-11-12,0.0,40.18,21.22,40.62,14.93
2007-11-13,0.0,39.27,22.0,57.07,20.03
2007-11-14,0.0,38.9,20.85,54.56,13.9
2007-11-15,0.0,34.28,18.38,91.44,29.06
2007-11-16,0.0,35.89,18.84,82.73,23.94
2007-11-17,0.0,38.39,18.72,67.15,17.1
2007-11-18,0.0,36.71,18.58,91.06,23.91
2007-11-19,0.0,37.35,19.59,86.76,17.17
2007-11-20,0.0,39.78,20.26,46.79,12.26
2007-11-21,0.0,38.63,21.23,33.03,9.96
2007-11-22,0.0,37.82,21.07,40.79,14.67
2007-11-23,0.0,37.51,20.51,75.49,26.79
2007-11-24,0.0,36.31,19.91,74.2,25.77
2007-11-25,0.0,33.23,17.75,56.9,23.63
2007-11-26,0.0,30.62,15.68,53.8,22.21
2007-11-27,0.0,29.58,14.87,54.33,23.23
2007-11-28,0.0,30.26,14.99,58.6,22.71
2007-11-29,0.0,31.54,14.33,55.51,17.86
2007-11-30,0.0,31.97,15.64,42.8,16.4
2007-12-01,0.0,33.05,15.18,57.5,16.08
2007-12-02,0.0,32.99,16.24,42.36,16.93
2007-12-03,0.0,31.75,16.23,32.73,15.51
2007-12-04,0.0,29.35,13.65,39.06,17.41
2007-12-05,0.0,28.11,12.61,44.62,18.6
2007-12-06,0.0,29.1,12.27,39.42,17.18
2007-12-07,0.0,30.58,12.8,52.27,24.41
2007-12-08,0.0,31.8,14.37,62.0,25.0
2007-12-09,0.0,32.03,14.79,56.79,23.51
2007-12-10,0.0,33.93,14.74,54.22,20.56
2007-12-11,0.0,36.33,17.75,46.53,19.82
2007-12-12,0.0,37.58,19.59,54.29,19.25
2007-12-13,0.0,38.54,18.55,67.07,13.32
2007-12-14,0.0,34.64,19.27,35.38,15.47
2007-12-15,0.0,33.34,18.87,31.89,8.78
2007-12-16,0.0,33.39,18.75,24.29,9.82
2007-12-17,0.0,34.0,16.5,38.25,14.48
2007-12-18,0.0,35.47,16.45,41.42,12.27
2007-12-19,0.0,34.63,17.2,51.96,17.14
2007-12-20,0.0,30.95,15.63,86.08,29.93
2007-12-21,0.0,34.42,17.66,63.0,21.44
2007-12-22,0.0,35.97,17.76,57.37,16.73
2007-12-23,0.0,36.52,18.52,45.61,14.18
2007-12-24,0.0,35.18,17.26,44.91,14.62
2007-12-25,0.0,34.39,17.06,45.85,16.44
2007-12-26,0.0,34.37,16.21,52.6,19.13
2007-12-27,0.0,31.23,15.98,43.72,20.47
2007-12-28,0.0,32.05,14.9,46.25,16.23
2007-12-29,0.0,31.22,14.06,46.58,17.99
2007-12-30,0.0,28.38,13.73,48.9,23.77
2007-12-31,0.0,28.08,13.77,38.52,19.64
2008-01-01,0.0,27.46,12.84,41.25,20.45
2008-01-02,0.0,29.45,14.01,45.72,20.39
2008-01-03,0.0,28.47,14.49,31.77,13.89
2008-01-04,0.0,29.82,14.28,29.15,12.12
2008-01-05,0.0,30.12,12.35,57.31,17.74
2008-01-06,0.0,30.65,13.92,75.59,18.17
2008-01-07,0.0,28.4,12.31,42.0,19.77
2008-01-08,0.0,29.1,12.04,48.01,14.94
2008-01-09,0.0,28.64,11.61,40.72,15.77
2008-01-10,0.0,30.22,12.4,60.7,27.38
2008-01-11,0.0,31.4,13.8,64.14,24.61
2008-01-12,0.0,30.99,13.6,56.9,22.37
2008-01-13,0.0,32.36,15.49,52.21,21.21
2008-01-14,0.0,32.79,16.12,53.37,22.7
2008-01-15,0.0,32.21,17.0,49.6,21.65
2008-01-16,0.0,31.77,16.35,35.75,14.05
2008-01-17,0.0,31.39,15.69,32.51,15.77
2008-01-18,0.0,31.98,15.73,35.06,14.09
2008-01-19,0.0,32.33,14.89,32.44,12.75
2008-01-20,0.0,33.42,15.46,31.35,11.26
2008-01-21,0.0,33.63,15.69,29.03,12.41
2008-01-22,0.0,33.18,15.87,28.15,13.09
2008-01-23,0.0,33.6,17.29,31.4,14.47
2008-01-24,0.0,34.08,17.15,29.96,13.21
2008-01-25,0.0,32.63,17.01,32.51,13.98
2008-01-26,0.0,34.11,16.81,29.35,12.75
2008-01-27,0.0,33.59,17.23,32.24,12.81
2008-01-28,0.0,34.28,17.74,29.13,12.81
2008-01-29,0.0,34.43,15.57,33.55,11.59
2008-01-30,0.0,34.36,15.78,30.2,13.04
2008-01-31,0.0,34.12,16.18,30.19,11.95
2008-02-01,0.0,35.38,17.78,26.91,10.19
2008-02-02,0.0,35.91,18.0,24.79,8.6
2008-02-03,0.0,35.0,18.01,27.07,10.19
2008-02-04,0.0,34.74,17.94,27.34,11.22
2008-02-05,0.0,37.06,19.52,36.29,11.13
2008-02-06,0.0,37.98,19.0,35.2,10.29
2008-02-07,0.0,38.33,20.03,46.37,11.51
2008-02-08,0.0,33.89,19.4,73.34,32.17
2008-02-09,0.0,30.16,16.94,89.59,41.06
2008-02-10,0.0,29.29,13.8,99.07,40.29
2008-02-11,0.0,29.64,14.49,97.97,40.3
2008-02-12,0.0,27.85,16.8,99.66,54.17
2008-02-13,0.0,31.08,15.63,100.0,45.51
2008-02-14,0.0,33.78,15.56,97.2,28.19
2008-02-15,0.0,37.61,17.9,74.54,14.05
2008-02-16,0.0,39.89,20.75,44.09,8.59
2008-02-17,0.0,40.42,20.47,28.21,9.13
2008-02-18,0.0,40.77,21.2,22.55,7.74
2008-02-19,0.0,40.07,21.3,28.71,10.73
2008-02-20,0.0,39.69,20.04,32.12,9.94
2008-02-21,0.0,38.45,20.05,31.62,11.22
2008-02-22,0.0,38.63,19.31,28.6,9.27
2008-02-23,0.0,38.28,18.94,34.13,9.14
2008-02-24,0.0,36.28,17.67,67.91,15.34
2008-02-25,0.0,36.07,17.03,91.15,19.17
2008-02-26,0.0,34.82,17.52,52.57,18.8
2008-02-27,0.0,36.31,17.16,54.49,18.1
2008-02-28,0.0,39.3,18.54,38.41,11.03
2008-02-29,0.0,39.52,19.6,28.19,8.3
2008-03-01,0.0,38.98,19.92,26.93,8.4
2008-03-02,0.0,38.66,19.47,30.44,10.31
2008-03-03,0.0,39.72,19.68,30.29,9.53
2008-03-04,0.0,40.85,20.92,28.25,8.27
2008-03-05,0.0,40.77,21.35,29.96,8.14
2008-03-06,0.0,40.51,19.81,49.19,9.92
2008-03-07,0.0,42.17,20.77,35.03,8.83
2008-03-08,0.0,40.99,21.44,34.83,9.97
2008-03-09,0.0,39.31,19.87,55.46,13.88
2008-03-10,0.0,36.71,18.27,63.31,14.23
2008-03-11,0.0,36.45,17.02,86.82,12.1
2008-03-12,0.0,39.47,18.63,40.9,10.2
2008-03-13,0.0,37.95,18.9,56.4,20.5
2008-03-14,0.0,35.51,18.21,99.36,40.93
2008-03-15,0.0,38.57,18.7,98.22,26.62
2008-03-16,0.0,41.51,20.93,81.51,15.77
2008-03-17,0.0,45.55,22.75,56.59,6.12
2008-03-18,0.0,44.02,23.83,29.64,7.33
2008-03-19,0.0,42.08,21.35,45.4,13.77
2008-03-20,0.0,39.38,19.19,75.77,20.24
2008-03-21,0.0,34.72,16.7,96.62,26.99
2008-03-22,0.0,36.55,17.49,76.38,15.52
2008-03-23,0.0,35.69,16.14,75.01,16.29
2008-03-24,0.0,33.85,14.5,96.94,23.96
2008-03-25,0.0,34.58,16.02,93.54,33.17
2008-03-26,0.0,35.06,17.63,93.61,31.7
2008-03-27,0.0,41.62,19.81,76.38,13.82
2008-03-28,0.0,44.56,20.45,71.15,10.14
2008-03-29,0.0,44.95,22.28,60.54,10.7
2008-03-30,0.0,46.16,23.77,52.38,9.47
2008-03-31,0.0,45.85,24.55,33.96,9.01
2008-04-01,0.0,45.45,25.46,29.83,9.01
2008-04-02,0.0,44.99,24.38,36.89,9.55
2008-04-03,0.0,42.07,23.57,48.77,13.91
2008-04-04,0.0,42.31,21.76,61.3,10.72
2008-04-05,0.0,39.28,19.11,89.26,17.92
2008-04-06,0.0,38.42,18.08,97.49,19.1
2008-04-07,0.0,38.31,18.05,92.22,17.77
2008-04-08,0.0,42.12,19.91,68.84,6.93
2008-04-09,0.0,42.39,19.7,74.83,8.94
2008-04-10,0.0,40.49,19.94,71.48,11.61
2008-04-11,0.0,39.53,20.3,76.23,17.26
2008-04-12,0.0,41.96,21.23,56.92,12.28
2008-04-13,0.0,42.72,22.05,39.82,10.62
2008-04-14,0.0,41.65,21.65,43.26,11.93
2008-04-15,0.0,37.32,18.98,80.62,20.45
2008-04-16,0.0,36.91,17.53,90.81,18.8
2008-04-17,0.0,39.39,18.1,89.08,13.82
2008-04-18,0.0,39.53,18.42,90.51,16.03
2008-04-19,0.0,39.61,18.34,95.58,20.36
2008-04-20,0.0,40.22,19.31,85.3,18.24
2008-04-21,0.0,43.47,20.7,70.33,12.87
2008-04-22,0.0,43.06,22.81,46.58,13.15
2008-04-23,0.0,43.47,23.25,42.97,11.38
2008-04-24,0.0,44.63,22.23,52.53,10.71
2008-04-25,0.0,44.86,21.65,55.87,10.23
2008-04-26,0.0,45.42,24.1,40.5,8.01
2008-04-27,0.0,43.5,22.01,45.06,10.52
2008-04-28,0.0,42.69,22.01,48.05,11.33
2008-04-29,0.0,39.39,20.39,59.3,20.5
2008-04-30,0.0,37.17,18.06,80.58,23.44
2008-05-01,0.0,36.92,17.59,94.05,25.02
2008-05-02,0.0,35.89,17.38,97.93,31.9
2008-05-03,0.0,37.59,18.76,86.96,21.44
2008-05-04,0.0,46.2,22.85,62.8,9.5
2008-05-05,0.0,46.13,25.82,45.84,8.76
2008-05-06,0.0,42.77,24.07,48.45,15.13
2008-05-07,0.0,36.85,18.7,91.13,31.49
2008-05-08,0.0,35.96,18.18,95.14,30.93
2008-05-09,0.0,38.28,17.91,96.01,18.44
2008-05-10,0.0,39.48,20.39,78.47,14.26
2008-05-11,0.0,40.79,22.25,49.8,11.85
2008-05-12,0.0,41.71,21.68,48.27,9.64
2008-05-13,0.0,40.92,22.21,36.72,9.12
2008-05-14,0.0,42.63,22.1,47.93,10.33
2008-05-15,0.0,40.47,20.75,64.71,14.64
2008-05-16,0.0,34.52,18.74,88.2,26.97
2008-05-17,0.0,35.33,20.07,77.69,29.16
2008-05-18,0.0,39.98,20.35,91.38,20.57
2008-05-19,0.0,43.09,20.8,81.91,14.97
2008-05-20,0.0,43.45,24.39,46.08,13.43
2008-05-21,0.0,43.08,23.52,48.7,12.96
2008-05-22,0.0,41.81,23.98,57.47,15.3
2008-05-23,0.0,43.15,26.81,34.8,10.18
2008-05-24,0.0,39.78,22.85,50.81,15.48
2008-05-25,0.0,37.92,19.04,87.15,25.1
2008-05-26,0.0,38.78,17.94,97.59,20.33
2008-05-27,0.0,40.27,19.64,94.47,18.37
2008-05-28,0.0,41.87,23.34,51.6,12.56
2008-05-29,0.0,42.5,23.84,34.44,10.76
2008-05-30,0.0,43.4,23.39,49.14,10.65
2008-05-31,0.0,41.03,22.14,66.32,19.87
2008-06-01,0.0,38.88,20.7,91.96,26.02
2008-06-02,0.0,38.65,21.48,83.74,24.6
2008-06-03,0.0,43.27,23.22,72.06,14.33
2008-06-04,0.0,44.41,26.83,37.07,10.81
2008-06-05,0.0,41.51,24.69,55.94,16.78
2008-06-06,0.0,40.47,22.72,73.41,22.41
2008-06-07,0.0,40.49,22.0,73.37,16.72
2008-06-08,0.0,41.3,21.24,81.49,16.45
2008-06-09,0.0,43.1,24.51,51.29,12.41
2008-06-10,0.0,40.53,23.33,56.14,14.28
2008-06-11,0.0,42.29,22.1,67.83,13.13
2008-06-12,0.02,38.91,23.1,75.36,33.67
2008-06-13,0.0,38.77,22.56,97.73,41.78
2008-06-14,0.0,40.96,23.01,94.23,20.53
2008-06-15,0.0,42.15,25.46,59.46,23.08
2008-06-16,0.0,36.66,22.66,96.48,38.59
2008-06-17,0.0,39.26,21.49,85.07,21.28
2008-06-18,0.0,42.95,21.48,96.03,14.12
2008-06-19,0.0,43.14,25.59,59.33,19.99
2008-06-20,0.04,39.06,24.61,72.16,31.3
2008-06-21,0.0,37.54,22.2,93.11,38.65
2008-06-22,0.0,37.59,22.35,84.79,38.55
2008-06-23,0.0,38.48,22.98,98.54,41.33
2008-06-24,0.0,36.37,22.53,98.46,43.58
2008-06-25,0.0,37.7,21.95,92.86,36.6
2008-06-26,0.0,36.61,22.53,91.31,41.61
2008-06-27,1.11,37.03,23.73,87.91,44.61
2008-06-28,3.19,35.3,22.41,98.76,52.9
2008-06-29,0.0,36.48,22.58,98.66,46.32
2008-06-30,4.9,37.9,22.61,98.26,40.94
2008-07-01,0.92,37.75,24.86,76.85,36.33
2008-07-02,0.58,37.63,26.0,76.94,43.39
2008-07-03,4.85,38.36,25.46,88.31,39.85
2008-07-04,0.0,36.96,23.06,97.91,37.32
2008-07-05,0.0,38.43,25.05,73.67,32.01
2008-07-06,0.0,40.24,23.33,85.3,25.04
2008-07-07,0.0,38.38,24.3,85.43,38.05
2008-07-08,0.0,36.39,25.32,81.02,43.35
2008-07-09,0.0,37.69,25.38,73.86,37.02
2008-07-10,0.54,38.71,25.38,72.04,36.9
2008-07-11,0.0,38.74,25.39,81.34,41.85
2008-07-12,0.01,36.91,23.8,96.59,45.61
2008-07-13,0.25,36.93,23.93,91.36,42.28
2008-07-14,0.0,38.48,24.45,80.97,38.24
2008-07-15,0.0,37.89,24.99,88.87,42.2
2008-07-16,0.0,40.9,26.0,77.33,23.05
2008-07-17,0.0,39.27,24.63,81.05,34.12
2008-07-18,0.15,38.18,25.32,88.18,39.23
2008-07-19,0.0,37.68,24.98,95.91,39.65
2008-07-20,7.01,35.78,23.42,98.84,48.89
2008-07-21,1.06,37.11,25.48,81.32,40.44
2008-07-22,0.81,37.65,23.44,98.35,38.87
2008-07-23,9.99,36.56,23.79,96.91,40.56
2008-07-24,0.0,37.69,24.4,87.72,38.66
2008-07-25,0.05,38.11,23.69,90.03,39.88
2008-07-26,0.47,36.52,24.7,95.17,45.29
2008-07-27,0.0,37.13,24.41,98.87,46.42
2008-07-28,0.0,37.06,23.26,86.33,37.12
2008-07-29,1.52,36.18,23.89,84.93,45.34
2008-07-30,0.17,36.25,25.56,84.21,46.47
2008-07-31,0.0,37.31,23.31,98.33,42.27
2008-08-01,0.0,37.14,24.62,93.45,36.21
2008-08-02,0.0,39.45,24.17,76.24,34.33
2008-08-03,0.0,38.69,23.84,87.7,35.79
2008-08-04,0.0,38.04,24.75,89.81,42.13
2008-08-05,0.0,36.93,24.39,96.49,46.65
2008-08-06,0.0,37.9,23.16,96.55,40.18
2008-08-07,3.89,38.11,24.0,90.23,40.66
2008-08-08,0.0,39.39,24.28,90.31,35.62
2008-08-09,0.0,36.92,23.84,91.83,42.84
2008-08-10,0.0,37.19,24.1,85.35,42.41
2008-08-11,0.0,36.59,24.79,89.67,49.21
2008-08-12,0.0,36.39,24.89,96.45,50.52
2008-08-13,0.0,37.62,23.86,86.72,36.42
2008-08-14,18.41,39.22,23.84,76.08,32.32
2008-08-15,0.0,38.14,24.18,82.45,44.04
2008-08-16,0.0,36.24,25.14,97.97,53.23
2008-08-17,0.0,36.42,24.53,98.05,45.62
2008-08-18,0.0,37.09,24.79,89.53,43.26
2008-08-19,0.42,36.43,24.07,97.98,49.16
2008-08-20,1.72,32.38,23.71,99.22,67.04
2008-08-21,0.0,36.36,23.5,98.39,47.34
2008-08-22,0.0,38.36,24.27,91.79,41.2
2008-08-23,0.24,37.38,24.77,96.07,45.61
2008-08-24,2.71,34.06,24.75,99.06,57.96
2008-08-25,1.8,29.57,23.67,98.82,78.66
2008-08-26,1.35,31.64,22.78,98.69,68.09
2008-08-27,2.58,34.12,23.2,99.58,54.76
2008-08-28,0.01,37.59,23.86,93.87,38.76
2008-08-29,0.97,35.84,23.86,94.47,45.36
2008-08-30,21.19,36.9,24.01,91.42,41.87
2008-08-31,0.03,37.81,23.15,97.11,40.11
2008-09-01,0.0,39.84,24.87,88.28,36.42
2008-09-02,15.44,36.14,24.22,99.83,52.63
2008-09-03,1.34,37.15,22.79,99.3,40.74
2008-09-04,0.0,34.39,24.41,98.4,58.37
2008-09-05,9.27,37.98,24.39,98.94,41.79
2008-09-06,1.44,39.83,24.1,92.36,36.91
2008-09-07,0.0,39.61,24.96,84.42,36.61
2008-09-08,0.0,38.04,24.63,97.58,43.62
2008-09-09,0.0,39.64,24.31,90.43,31.18
2008-09-10,0.0,41.44,26.53,78.93,26.61
2008-09-11,0.0,41.55,25.34,91.52,22.8
2008-09-12,0.0,39.39,24.09,75.81,22.06
2008-09-13,0.0,37.88,23.09,87.54,37.81
2008-09-14,0.0,38.53,24.07,94.32,39.43
2008-09-15,0.0,38.3,24.64,85.5,35.94
2008-09-16,0.47,41.13,25.19,85.45,30.96
2008-09-17,11.39,38.82,24.99,88.75,38.2
2008-09-18,0.0,36.31,24.07,98.1,43.31
2008-09-19,0.71,38.42,24.45,95.0,38.59
2008-09-20,0.0,37.19,22.61,95.41,38.06
2008-09-21,0.0,39.03,24.21,78.13,37.44
2008-09-22,0.68,39.85,24.42,87.3,30.91
2008-09-23,0.07,39.48,24.99,84.8,34.37
2008-09-24,0.0,39.8,24.85,85.64,32.03
2008-09-25,2.94,39.04,23.88,89.16,35.89
2008-09-26,0.0,37.97,24.42,89.04,41.18
2008-09-27,0.0,37.61,24.53,98.5,43.43
2008-09-28,0.0,39.71,25.47,86.62,33.95
2008-09-29,0.0,41.74,25.92,82.14,28.5
2008-09-30,0.0,39.82,26.34,85.12,33.93
2008-10-01,7.36,42.4,24.59,99.0,22.2
2008-10-02,1.95,39.42,25.94,84.1,38.12
2008-10-03,0.05,35.94,24.72,99.08,52.1
2008-10-04,0.0,36.31,23.01,98.63,45.52
2008-10-05,0.0,40.29,24.03,98.6,24.55
2008-10-06,0.0,42.97,26.69,59.81,19.41
2008-10-07,0.0,43.37,27.03,66.25,17.88
2008-10-08,0.0,42.91,25.52,78.88,18.93
2008-10-09,0.0,39.13,24.06,99.28,38.82
2008-10-10,0.0,38.32,22.94,99.52,31.33
2008-10-11,0.0,37.58,20.86,78.92,20.46
2008-10-12,0.0,39.18,21.16,70.56,15.55
2008-10-13,0.12,39.27,23.47,77.72,32.77
2008-10-14,0.0,40.51,24.76,88.72,25.17
2008-10-15,0.0,41.29,25.24,53.59,20.84
2008-10-16,0.0,40.31,25.46,67.67,24.31
2008-10-17,0.0,42.24,25.18,80.94,14.92
2008-10-18,0.0,42.92,26.25,42.86,14.05
2008-10-19,0.0,39.87,25.29,55.16,19.86
2008-10-20,0.0,37.31,21.65,85.27,30.6
2008-10-21,0.0,35.18,21.8,92.44,42.72
2008-10-22,0.06,36.11,21.92,97.42,33.63
2008-10-23,0.0,39.12,22.78,91.3,24.89
2008-10-24,0.0,40.25,24.57,75.98,20.78
2008-10-25,0.0,38.61,23.93,40.68,16.8
2008-10-26,0.0,36.48,21.51,46.99,19.83
2008-10-27,0.0,35.33,19.67,81.9,22.93
2008-10-28,0.0,36.1,19.34,79.54,20.04
2008-10-29,0.0,35.08,20.1,88.29,33.5
2008-10-30,0.0,35.44,20.7,98.39,25.34
2008-10-31,0.0,33.65,19.8,40.5,17.87
2008-11-01,0.0,37.53,19.39,45.91,18.67
2008-11-02,0.0,37.38,20.21,56.32,21.64
2008-11-03,0.0,38.36,21.09,67.72,22.47
2008-11-04,0.0,39.84,21.94,55.9,20.18
2008-11-05,0.0,40.37,21.39,48.31,15.58
2008-11-06,0.0,40.62,21.53,39.58,14.8
2008-11-07,0.0,41.39,22.16,42.66,15.31
2008-11-08,0.0,40.53,21.89,51.24,19.44
2008-11-09,0.0,37.78,20.97,38.5,12.69
2008-11-10,0.0,34.53,17.48,30.68,12.28
2008-11-11,0.0,36.1,17.0,41.51,14.72
2008-11-12,0.0,37.56,18.44,42.48,13.07
2008-11-13,0.0,38.64,19.81,41.2,14.25
2008-11-14,0.0,38.85,21.31,37.95,13.19
2008-11-15,0.0,39.95,21.98,35.4,9.69
2008-11-16,0.0,39.52,20.84,24.08,8.73
2008-11-17,0.0,39.6,20.83,25.03,9.49
2008-11-18,0.0,38.64,20.9,23.89,10.13
2008-11-19,0.0,37.73,21.23,33.08,12.53
2008-11-20,0.0,33.77,18.07,73.41,23.03
2008-11-21,0.0,33.84,17.66,54.43,22.67
2008-11-22,0.0,36.51,18.42,55.16,18.6
2008-11-23,0.0,34.51,20.02,47.49,20.51
2008-11-24,0.0,36.65,21.0,44.49,19.34
2008-11-25,0.0,37.18,21.12,45.22,18.57
2008-11-26,0.0,37.92,20.55,58.25,23.94
2008-11-27,0.0,35.83,20.06,53.21,23.21
2008-11-28,0.0,33.78,18.1,57.99,24.71
2008-11-29,0.0,33.61,17.47,51.14,21.15
2008-11-30,0.0,33.97,16.94,52.09,19.8
2008-12-01,0.0,35.6,17.18,46.2,18.31
2008-12-02,0.0,36.6,18.41,38.41,17.07
2008-12-03,0.0,31.0,16.93,51.82,22.24
2008-12-04,0.0,30.98,14.71,50.5,16.67
2008-12-05,0.0,27.79,12.84,25.11,12.0
2008-12-06,0.0,29.68,12.81,26.65,12.43
2008-12-07,0.0,31.49,13.42,38.08,14.36
2008-12-08,0.0,31.71,14.0,31.63,12.74
2008-12-09,0.0,32.22,14.82,29.22,11.09
2008-12-10,0.0,32.19,15.66,29.72,12.62
2008-12-11,0.0,32.31,16.39,57.15,16.78
2008-12-12,0.0,31.88,15.71,52.98,20.91
2008-12-13,0.0,29.48,14.46,59.11,25.58
2008-12-14,0.0,28.81,14.52,63.78,25.84
2008-12-15,0.0,28.49,14.11,50.2,20.18
2008-12-16,0.0,29.46,15.68,73.0,34.03
2008-12-17,0.0,28.42,12.94,76.28,29.05
2008-12-18,0.0,28.84,13.44,56.15,20.55
2008-12-19,0.0,30.8,16.21,28.63,12.43
2008-12-20,0.0,30.64,17.5,42.75,19.85
2008-12-21,0.0,35.0,18.42,46.89,19.48
2008-12-22,0.0,36.09,18.6,35.57,11.58
2008-12-23,0.0,34.18,19.79,39.2,14.97
2008-12-24,0.0,35.78,18.22,32.61,12.0
2008-12-25,0.0,33.53,17.62,51.36,16.7
2008-12-26,0.0,32.51,16.24,69.47,24.44
2008-12-27,0.0,30.95,18.85,72.69,31.09
2008-12-28,0.0,33.56,18.21,50.03,16.11
2008-12-29,0.0,38.42,19.06,36.89,12.42
2008-12-30,0.0,38.34,19.4,32.37,11.9
2008-12-31,0.0,38.48,18.27,32.75,12.99
2009-01-01,0.0,36.45,20.18,30.75,12.66
2009-01-02,0.0,37.27,20.47,30.9,15.79
2009-01-03,0.0,35.66,18.71,41.87,18.63
2009-01-04,0.0,34.59,17.61,38.23,14.61
2009-01-05,0.0,33.77,16.25,40.13,15.52
2009-01-06,0.01,30.07,15.24,57.45,25.0
2009-01-07,0.0,27.56,12.77,72.5,33.22
2009-01-08,0.0,26.8,11.93,69.63,26.79
2009-01-09,0.0,28.05,11.51,62.65,21.6
2009-01-10,0.0,29.14,12.14,51.67,19.36
2009-01-11,0.0,28.54,12.26,83.84,38.7
2009-01-12,0.0,26.35,12.22,67.62,27.15
2009-01-13,0.0,27.18,10.7,62.17,22.13
2009-01-14,0.0,28.09,12.6,54.87,21.77
2009-01-15,0.0,29.15,12.9,41.6,17.86
2009-01-16,0.0,27.58,12.15,39.28,17.74
2009-01-17,0.0,25.63,12.06,64.87,28.69
2009-01-18,0.0,26.13,10.3,72.86,32.99
2009-01-19,0.0,28.32,11.75,78.0,20.45
2009-01-20,0.0,28.3,11.29,52.71,20.53
2009-01-21,0.0,28.43,12.09,88.79,29.51
2009-01-22,0.0,27.46,11.43,57.45,17.34
2009-01-23,0.0,27.78,11.21,34.98,8.15
2009-01-24,0.0,28.31,10.65,21.64,8.33
2009-01-25,0.0,25.39,14.66,35.45,13.78
2009-01-26,0.0,31.33,14.87,63.84,25.24
2009-01-27,0.0,31.77,14.3,86.72,29.78
2009-01-28,0.0,31.19,13.56,70.92,24.18
2009-01-29,0.0,34.15,13.97,68.44,17.69
2009-01-30,0.0,36.08,16.15,52.37,15.38
2009-01-31,0.0,32.53,15.7,33.41,10.6
2009-02-01,0.0,31.68,14.9,35.29,13.43
2009-02-02,0.0,28.97,12.97,92.74,31.13
2009-02-03,0.0,30.24,12.08,99.78,38.04
2009-02-04,0.0,30.77,13.57,97.85,31.32
2009-02-05,0.0,31.95,14.18,96.93,25.23
2009-02-06,0.0,29.09,14.87,96.03,29.47
2009-02-07,0.0,29.55,15.83,82.84,22.29
2009-02-08,0.0,29.87,12.8,54.53,16.8
2009-02-09,0.0,33.15,13.02,53.32,14.45
2009-02-10,0.0,33.97,16.15,31.97,8.83
2009-02-11,0.0,35.73,16.91,20.46,6.5
2009-02-12,0.0,37.06,17.21,21.53,7.47
2009-02-13,0.0,36.18,17.35,58.88,12.51
2009-02-14,0.0,29.42,13.65,99.46,42.46
2009-02-15,0.0,28.31,16.49,88.77,31.84
2009-02-16,0.0,29.62,12.04,99.1,30.05
2009-02-17,0.0,31.68,12.56,94.53,22.25
2009-02-18,0.0,33.99,13.8,87.81,12.7
2009-02-19,0.0,33.21,16.17,34.46,12.5
2009-02-20,0.0,32.83,15.12,49.87,12.76
2009-02-21,0.0,33.54,13.32,91.57,10.51
2009-02-22,0.0,36.65,17.94,51.03,11.33
2009-02-23,0.0,37.13,20.26,44.42,20.5
2009-02-24,0.0,37.3,18.36,73.38,19.05
2009-02-25,0.0,31.21,15.85,92.61,37.27
2009-02-26,0.0,30.16,16.35,76.54,32.16
2009-02-27,0.0,30.16,13.67,97.03,33.69
2009-02-28,0.0,32.93,14.33,96.68,21.49
2009-03-01,0.0,34.78,15.35,64.17,16.25
2009-03-02,0.0,36.02,16.42,49.28,11.28
2009-03-03,0.0,33.5,17.05,68.58,15.32
2009-03-04,0.0,33.26,18.73,46.99,15.95
2009-03-05,0.0,33.31,17.64,39.13,15.83
2009-03-06,0.0,33.9,17.35,43.4,17.18
2009-03-07,0.0,34.55,17.56,54.31,17.79
2009-03-08,0.0,36.48,19.51,63.59,21.26
2009-03-09,0.0,31.99,15.8,96.49,31.33
2009-03-10,0.0,29.74,16.17,86.01,38.39
2009-03-11,0.0,28.63,14.56,98.64,43.78
2009-03-12,0.0,29.36,14.53,98.91,44.08
2009-03-13,0.0,31.24,15.27,95.67,35.21
2009-03-14,0.0,34.29,17.26,83.15,27.14
2009-03-15,0.0,32.6,16.76,95.27,39.2
2009-03-16,0.0,32.77,18.84,86.14,38.31
2009-03-17,0.0,33.74,17.6,81.81,26.98
2009-03-18,0.0,32.29,16.14,92.43,31.68
2009-03-19,0.0,33.34,14.27,99.08,32.65
2009-03-20,0.0,35.21,15.18,98.55,29.1
2009-03-21,0.0,37.16,16.57,98.34,19.82
2009-03-22,0.0,37.2,17.22,95.57,20.22
2009-03-23,0.0,35.9,18.22,81.46,23.47
2009-03-24,0.0,33.94,17.81,88.87,33.16
2009-03-25,0.0,31.76,17.5,89.85,32.09
2009-03-26,0.02,29.86,17.84,88.46,40.53
2009-03-27,0.0,30.86,17.17,94.25,41.0
2009-03-28,0.0,31.56,16.76,86.84,28.34
2009-03-29,0.0,34.07,15.12,98.2,23.56
2009-03-30,0.0,37.05,16.81,79.22,16.08
2009-03-31,0.0,38.4,18.56,48.09,14.87
2009-04-01,0.0,36.63,17.63,70.34,13.16
2009-04-02,0.0,38.68,18.17,62.95,11.34
2009-04-03,0.0,38.46,19.45,36.01,10.96
2009-04-04,0.0,38.89,18.24,56.81,9.55
2009-04-05,0.0,40.54,19.72,40.66,7.89
2009-04-06,0.0,36.37,18.62,64.72,22.11
2009-04-07,0.0,34.02,16.27,91.82,29.0
2009-04-08,0.0,32.65,16.03,97.99,35.34
2009-04-09,0.0,31.38,15.44,99.6,35.51
2009-04-10,0.0,35.03,15.84,99.82,25.79
2009-04-11,0.0,36.47,16.86,77.73,15.26
2009-04-12,0.0,36.17,15.99,88.58,16.2
2009-04-13,0.0,35.86,15.8,97.77,21.96
2009-04-14,0.0,36.84,16.1,92.21,14.85
2009-04-15,0.0,36.6,16.19,85.28,16.9
2009-04-16,0.0,38.3,16.9,92.66,12.21
2009-04-17,0.0,38.8,18.87,55.9,12.61
2009-04-18,0.0,38.09,19.92,33.96,10.12
2009-04-19,0.0,38.64,19.16,32.51,9.55
2009-04-20,0.0,40.2,19.77,53.68,13.11
2009-04-21,0.0,42.22,20.95,55.37,10.76
2009-04-22,0.0,42.04,20.94,57.37,11.07
2009-04-23,0.0,42.51,20.95,58.4,11.91
2009-04-24,0.0,45.18,21.81,53.51,6.71
2009-04-25,0.0,45.5,24.44,39.99,7.55
2009-04-26,0.0,43.49,23.97,29.5,7.08
2009-04-27,0.0,41.72,22.75,41.55,11.11
2009-04-28,0.0,42.36,21.81,44.27,11.51
2009-04-29,0.0,43.07,22.96,43.65,10.35
2009-04-30,0.0,43.96,23.65,28.2,8.4
2009-05-01,0.0,44.76,23.94,22.89,7.33
2009-05-02,0.0,44.03,23.58,31.54,7.8
2009-05-03,0.0,43.72,22.58,42.98,6.31
2009-05-04,0.0,42.37,23.14,45.82,12.42
2009-05-05,0.0,39.25,21.52,44.46,14.02
2009-05-06,0.0,40.36,19.64,72.53,9.67
2009-05-07,0.0,36.61,18.71,83.17,22.85
2009-05-08,0.0,34.82,17.47,91.89,32.67
2009-05-09,0.0,36.42,18.39,93.01,25.72
2009-05-10,0.0,36.35,16.95,98.22,22.92
2009-05-11,0.0,36.88,16.85,93.91,20.9
2009-05-12,0.0,41.4,19.51,75.16,12.59
2009-05-13,0.0,42.24,22.34,54.43,14.44
2009-05-14,0.0,40.86,23.32,59.79,21.57
2009-05-15,0.0,42.11,23.46,67.42,22.77
2009-05-16,0.0,40.4,22.99,56.13,18.56
2009-05-17,0.07,37.21,20.33,73.44,22.94
2009-05-18,0.0,39.89,21.3,69.2,17.82
2009-05-19,0.0,41.23,20.96,75.65,15.25
2009-05-20,0.0,43.4,22.19,67.12,12.02
2009-05-21,0.0,42.23,19.64,87.6,13.05
2009-05-22,0.0,44.05,23.99,56.46,11.82
2009-05-23,0.0,42.67,25.49,47.26,14.27
2009-05-24,0.0,42.18,23.8,44.36,14.46
2009-05-25,0.0,42.5,22.25,51.49,11.28
2009-05-26,0.0,42.31,21.83,55.15,10.71
2009-05-27,0.0,45.21,24.2,52.12,10.07
2009-05-28,0.0,42.46,23.26,53.74,11.96
2009-05-29,0.0,36.56,20.17,71.35,25.65
2009-05-30,0.0,34.87,18.37,91.23,35.82
2009-05-31,0.0,34.62,19.45,88.27,35.47
2009-06-01,0.0,35.57,21.04,80.7,35.88
2009-06-02,0.0,43.3,22.39,78.0,18.17
2009-06-03,0.0,44.24,29.15,45.31,19.28
2009-06-04,0.0,43.87,28.03,44.59,12.64
2009-06-05,0.0,40.54,23.88,50.73,13.99
2009-06-06,0.0,36.06,21.14,86.51,36.35
2009-06-07,0.0,35.67,20.45,86.72,33.86
2009-06-08,0.0,36.63,21.38,85.67,28.85
2009-06-09,0.0,37.8,21.89,85.88,28.1
2009-06-10,0.07,44.07,24.53,66.58,8.76
2009-06-11,0.0,42.95,27.71,33.81,12.06
2009-06-12,0.0,39.02,23.07,69.88,24.58
2009-06-13,0.0,35.8,21.57,83.58,34.67
2009-06-14,0.0,38.65,22.96,75.95,27.77
2009-06-15,0.3,36.45,21.7,95.04,35.49
2009-06-16,0.0,35.48,23.06,85.96,44.08
2009-06-17,0.0,38.28,22.04,96.75,36.64
2009-06-18,0.0,38.31,22.28,93.66,37.28
2009-06-19,0.0,39.35,22.82,93.21,37.52
2009-06-20,0.0,42.42,23.5,97.11,26.72
2009-06-21,0.0,42.07,23.58,98.08,26.3
2009-06-22,0.0,38.83,23.48,97.76,39.73
2009-06-23,4.4,36.28,23.2,97.5,53.85
2009-06-24,0.0,32.03,22.3,97.66,76.18
2009-06-25,0.02,33.83,21.49,96.79,49.6
2009-06-26,0.01,36.9,22.1,98.34,39.74
2009-06-27,0.0,39.12,22.11,97.63,34.34
2009-06-28,0.0,41.76,23.32,97.41,26.73
2009-06-29,0.0,38.56,24.05,97.59,38.69
2009-06-30,0.0,41.47,23.84,92.61,26.72
2009-07-01,0.0,42.05,25.32,74.43,25.94
2009-07-02,0.0,37.67,24.94,91.47,41.55
2009-07-03,0.0,38.29,24.25,81.73,35.73
2009-07-04,1.57,39.92,25.12,75.94,34.33
2009-07-05,1.34,36.2,23.47,93.36,46.14
2009-07-06,0.0,37.5,24.91,83.25,31.18
2009-07-07,0.0,39.2,23.72,83.19,33.63
2009-07-08,0.0,37.61,24.29,85.97,37.84
2009-07-09,0.0,39.46,25.71,78.35,34.15
2009-07-10,0.0,37.49,23.51,96.72,36.92
2009-07-11,0.0,37.55,23.68,88.22,36.22
2009-07-12,2.53,39.64,23.95,89.36,34.84
2009-07-13,0.0,34.96,23.62,98.62,60.07
2009-07-14,0.17,36.35,23.44,97.11,36.16
2009-07-15,0.0,37.83,24.31,79.42,37.01
2009-07-16,0.0,37.97,24.29,90.18,39.65
2009-07-17,0.0,37.43,23.96,96.37,40.01
2009-07-18,0.0,36.66,24.63,83.82,38.56
2009-07-19,0.0,36.32,23.23,97.23,45.75
2009-07-20,3.1,35.69,24.84,96.39,52.01
2009-07-21,14.09,31.27,23.81,98.78,78.07
2009-07-22,0.0,35.8,23.52,98.61,49.78
2009-07-23,0.0,37.48,23.69,93.11,39.72
2009-07-24,0.0,36.6,23.28,96.94,43.54
2009-07-25,0.0,36.07,24.52,89.46,43.55
2009-07-26,0.0,36.14,23.48,96.07,45.99
2009-07-27,2.37,36.84,23.37,95.3,39.25
2009-07-28,46.44,38.11,24.51,88.07,39.61
2009-07-29,0.0,35.46,22.81,98.75,49.68
2009-07-30,0.48,36.4,23.24,99.12,42.36
2009-07-31,0.0,36.33,23.95,87.59,43.85
2009-08-01,0.0,36.82,23.14,95.19,43.66
2009-08-02,0.0,38.58,24.27,84.14,37.47
2009-08-03,0.7,37.7,24.8,81.65,44.93
2009-08-04,0.0,37.4,24.31,94.97,45.29
2009-08-05,0.0,37.11,24.57,84.46,41.14
2009-08-06,15.39,39.61,24.49,80.84,36.65
2009-08-07,0.0,37.04,24.29,90.81,46.7
2009-08-08,0.0,36.09,24.73,99.13,53.25
2009-08-09,0.0,34.51,24.51,98.4,55.63
2009-08-10,0.0,36.56,24.53,98.76,48.58
2009-08-11,31.99,38.1,24.99,97.12,43.97
2009-08-12,0.0,33.13,23.81,99.92,71.31
2009-08-13,0.0,33.86,23.72,99.16,59.62
2009-08-14,0.0,35.41,24.69,97.47,48.57
2009-08-15,0.0,36.8,23.06,95.29,41.42
2009-08-16,0.0,39.23,24.4,87.95,39.26
2009-08-17,0.0,36.24,24.73,97.63,47.93
2009-08-18,0.0,37.37,23.79,93.07,40.64
2009-08-19,0.05,37.35,23.56,90.73,40.66
2009-08-20,0.0,39.56,25.13,84.09,36.74
2009-08-21,0.0,38.84,25.31,83.18,39.99
2009-08-22,1.08,37.52,24.21,90.79,43.84
2009-08-23,4.73,33.66,24.18,99.34,64.43
2009-08-24,25.86,32.14,23.9,99.09,76.91
2009-08-25,0.0,33.09,23.36,99.91,67.23
2009-08-26,7.76,34.84,24.22,96.9,56.92
2009-08-27,29.85,34.64,24.79,98.96,63.29
2009-08-28,29.25,31.42,23.4,99.09,73.7
2009-08-29,0.0,33.69,23.26,98.73,60.17
2009-08-30,0.0,35.43,24.17,98.48,54.73
2009-08-31,0.0,35.59,24.31,99.5,54.11
2009-09-01,0.26,32.59,23.48,99.14,68.59
2009-09-02,0.0,34.6,24.14,98.73,59.69
2009-09-03,0.0,36.1,23.73,98.13,49.52
2009-09-04,8.72,35.44,23.81,98.44,50.57
2009-09-05,0.35,36.46,23.38,97.24,49.15
2009-09-06,0.0,37.55,23.91,88.75,41.61
2009-09-07,0.56,37.44,24.79,96.41,44.49
2009-09-08,9.28,32.77,23.44,99.5,74.0
2009-09-09,0.99,29.59,23.39,99.48,79.76
2009-09-10,0.64,31.21,23.72,98.77,76.59
2009-09-11,0.0,32.22,24.68,99.14,76.24
2009-09-12,0.02,32.36,24.26,98.67,70.15
2009-09-13,6.19,31.43,23.48,99.54,74.86
2009-09-14,2.97,32.71,23.56,99.48,69.52
2009-09-15,0.0,31.39,23.88,99.29,80.89
2009-09-16,0.06,32.46,24.07,98.94,73.0
2009-09-17,3.03,31.59,23.85,98.25,76.03
2009-09-18,0.0,30.46,23.07,98.9,80.1
2009-09-19,0.0,31.88,23.31,98.81,68.82
2009-09-20,0.0,34.19,23.43,98.92,53.5
2009-09-21,1.54,34.03,23.71,99.02,62.84
2009-09-22,0.14,31.14,22.93,99.0,76.66
2009-09-23,0.0,32.22,23.58,99.02,66.5
2009-09-24,0.0,32.81,24.4,96.03,67.17
2009-09-25,0.0,34.39,24.55,98.7,52.17
2009-09-26,6.19,34.63,23.67,99.44,60.24
2009-09-27,0.0,35.15,24.31,98.67,55.82
2009-09-28,0.0,36.74,24.15,97.68,39.91
2009-09-29,0.0,36.43,25.27,65.95,34.16
2009-09-30,0.0,38.04,24.73,66.18,25.41
2009-10-01,0.0,38.02,23.35,86.29,35.03
2009-10-02,0.0,40.14,25.12,82.7,28.88
2009-10-03,0.0,40.58,23.97,97.7,23.08
2009-10-04,0.0,41.04,24.57,80.3,25.25
2009-10-05,0.0,42.5,25.07,70.29,19.06
2009-10-06,0.0,42.77,25.43,54.98,14.82
2009-10-07,0.0,40.24,24.82,83.54,32.5
2009-10-08,0.0,38.72,24.29,98.75,38.76
2009-10-09,0.0,40.13,22.94,99.83,27.29
2009-10-10,0.0,42.11,24.0,88.26,14.05
2009-10-11,0.0,40.57,23.82,61.19,20.37
2009-10-12,0.0,38.77,21.75,97.04,28.14
2009-10-13,0.0,36.76,21.49,97.97,37.05
2009-10-14,0.0,36.19,21.82,99.61,41.18
2009-10-15,0.0,36.7,21.93,95.08,33.42
2009-10-16,0.0,40.0,22.58,87.7,21.91
2009-10-17,0.7,38.98,23.64,82.4,33.56
2009-10-18,0.15,32.42,22.65,98.35,69.1
2009-10-19,0.0,35.42,22.23,98.56,43.5
2009-10-20,0.0,38.36,23.21,85.12,25.39
2009-10-21,0.0,38.49,21.93,88.43,21.88
2009-10-22,0.0,38.72,22.27,71.69,21.12
2009-10-23,0.0,40.27,22.39,76.06,16.26
2009-10-24,0.0,40.99,23.86,46.75,17.4
2009-10-25,0.0,37.24,25.43,84.98,26.51
2009-10-26,0.0,38.45,24.96,84.15,34.76
2009-10-27,0.0,39.47,23.93,93.34,24.08
2009-10-28,0.0,40.87,24.06,82.77,16.34
2009-10-29,0.0,39.86,24.47,37.34,12.34
2009-10-30,0.0,36.98,22.15,33.97,11.67
2009-10-31,0.0,36.98,19.65,32.53,10.78
2009-11-01,0.0,39.33,19.3,47.35,16.81
2009-11-02,0.0,39.26,22.75,55.35,31.26
2009-11-03,0.0,35.15,21.67,98.05,49.67
2009-11-04,0.0,37.35,21.69,98.07,34.41
2009-11-05,0.0,39.6,22.48,70.35,20.88
2009-11-06,0.0,37.48,21.89,50.67,21.67
2009-11-07,0.0,34.84,18.85,73.14,27.7
2009-11-08,0.0,37.13,18.52,81.06,20.24
2009-11-09,0.0,38.81,19.89,57.8,19.11
2009-11-10,0.0,39.74,20.98,46.06,17.17
2009-11-11,0.0,37.9,20.41,71.78,18.68
2009-11-12,0.0,37.07,20.34,84.04,21.79
2009-11-13,0.0,39.25,20.71,88.4,16.9
2009-11-14,0.0,37.59,22.3,52.0,11.99
2009-11-15,0.0,35.93,20.25,28.9,7.59
2009-11-16,0.0,35.93,17.31,31.02,11.0
2009-11-17,0.0,36.5,19.01,34.42,11.59
2009-11-18,0.0,33.53,20.36,58.54,23.26
2009-11-19,0.0,39.57,20.23,61.1,10.26
2009-11-20,0.0,36.25,20.59,29.55,11.05
2009-11-21,0.0,36.3,19.03,30.83,10.06
2009-11-22,0.0,36.37,18.43,26.12,9.69
2009-11-23,0.0,34.55,17.71,35.01,11.99
2009-11-24,0.0,34.93,16.66,37.71,13.76
2009-11-25,0.0,36.74,17.59,45.11,13.33
2009-11-26,0.0,36.23,19.73,37.81,14.41
2009-11-27,0.0,35.77,20.1,33.39,12.39
2009-11-28,0.0,35.35,19.58,35.5,14.27
2009-11-29,0.0,35.21,18.79,38.39,14.2
2009-11-30,0.0,35.34,20.43,34.62,14.36
2009-12-01,0.0,33.56,20.29,37.51,18.73
2009-12-02,0.0,33.94,21.52,41.36,15.35
2009-12-03,0.0,33.85,20.38,43.55,18.24
2009-12-04,0.0,35.85,20.1,39.87,11.69
2009-12-05,0.0,37.92,19.31,41.81,13.17
2009-12-06,0.0,37.59,19.93,38.72,13.51
2009-12-07,0.0,36.0,20.51,33.27,11.82
2009-12-08,0.29,31.6,20.24,66.11,22.28
2009-12-09,0.0,34.62,17.61,74.39,21.96
2009-12-10,0.0,33.3,16.01,39.65,9.15
2009-12-11,0.0,31.98,14.84,32.54,11.5
2009-12-12,0.0,29.67,14.22,37.19,12.71
2009-12-13,0.0,28.88,12.84,94.54,28.96
2009-12-14,0.0,31.5,13.99,97.98,31.77
2009-12-15,0.0,31.22,14.29,99.28,38.7
2009-12-16,0.0,32.61,14.19,98.26,27.03
2009-12-17,0.0,37.58,18.6,67.55,19.71
2009-12-18,0.0,34.33,18.93,82.23,24.01
2009-12-19,0.0,38.42,19.48,60.02,20.24
2009-12-20,0.0,37.58,20.1,79.34,26.3
2009-12-21,0.0,34.58,17.67,92.88,31.83
2009-12-22,0.0,33.88,18.33,78.29,34.41
2009-12-23,0.0,35.52,18.58,68.43,26.1
2009-12-24,0.0,34.22,16.76,93.97,30.71
2009-12-25,0.0,32.59,16.0,90.75,35.66
2009-12-26,0.0,35.58,17.45,85.99,20.27
2009-12-27,0.0,35.74,17.03,45.77,11.66
2009-12-28,0.0,35.51,17.17,38.46,13.99
2009-12-29,0.0,36.28,17.26,60.06,17.04
2009-12-30,0.0,35.8,17.18,49.08,12.83
2009-12-31,0.0,35.89,16.96,40.32,12.47
2010-01-01,0.0,36.77,17.99,33.34,12.72
2010-01-02,0.0,37.59,18.83,36.14,13.2
2010-01-03,0.0,36.43,18.61,30.77,12.4
2010-01-04,0.02,35.34,18.92,30.56,10.59
2010-01-05,0.0,34.77,16.91,27.03,9.17
2010-01-06,0.0,33.08,16.23,33.13,13.06
2010-01-07,0.0,32.78,15.37,59.35,24.22
2010-01-08,0.0,32.58,15.66,69.13,29.51
2010-01-09,0.0,32.74,16.04,83.03,32.41
2010-01-10,0.0,31.8,16.23,55.91,21.62
2010-01-11,0.0,31.95,15.83,40.23,16.06
2010-01-12,0.0,34.19,16.08,36.08,13.12
2010-01-13,0.0,33.17,15.47,38.77,14.34
2010-01-14,0.0,33.32,14.98,30.69,9.23
2010-01-15,0.0,34.19,15.29,28.97,9.12
2010-01-16,0.0,35.87,15.49,37.18,9.38
2010-01-17,0.0,36.14,16.48,26.42,9.41
2010-01-18,0.0,33.94,15.82,18.09,7.37
2010-01-19,0.0,33.89,15.54,26.46,9.52
2010-01-20,0.0,35.02,16.19,29.61,11.83
2010-01-21,0.0,34.45,15.97,25.92,9.59
2010-01-22,0.0,34.72,16.01,24.74,9.54
2010-01-23,0.0,35.23,16.55,25.72,9.1
2010-01-24,0.0,33.37,16.66,22.58,10.86
2010-01-25,0.0,31.41,16.0,52.53,16.78
2010-01-26,0.0,32.31,17.17,38.42,16.41
2010-01-27,0.0,32.49,13.65,41.17,13.81
2010-01-28,0.0,34.14,14.25,43.77,12.08
2010-01-29,0.0,34.98,16.08,60.67,14.23
2010-01-30,0.0,38.1,18.49,41.19,11.3
2010-01-31,0.0,37.5,20.53,40.4,12.5
2010-02-01,0.0,38.48,20.38,44.14,11.99
2010-02-02,0.0,37.64,20.26,62.48,17.7
2010-02-03,0.0,35.2,17.83,90.4,29.26
2010-02-04,0.0,37.54,18.22,80.45,22.29
2010-02-05,0.0,42.03,20.23,57.21,10.98
2010-02-06,0.0,42.23,22.38,28.68,9.05
2010-02-07,0.0,38.14,21.42,27.4,12.25
2010-02-08,0.0,37.85,19.54,35.86,12.58
2010-02-09,0.0,36.92,18.14,38.08,11.7
2010-02-10,0.0,37.71,17.65,49.97,13.52
2010-02-11,0.0,36.71,17.95,46.54,17.23
2010-02-12,0.0,34.4,15.75,89.41,28.76
2010-02-13,0.0,30.12,13.97,99.59,40.61
2010-02-14,0.0,28.94,15.33,99.03,56.17
2010-02-15,0.0,32.04,14.24,98.66,50.24
2010-02-16,0.0,31.97,15.04,99.04,41.1
2010-02-17,0.0,32.99,14.64,98.73,41.87
2010-02-18,0.0,32.47,15.05,99.19,49.02
2010-02-19,0.0,32.35,14.16,97.48,30.29
2010-02-20,0.0,34.47,16.04,78.09,22.19
2010-02-21,0.0,37.0,16.6,84.6,20.2
2010-02-22,0.0,39.22,18.0,70.45,16.96
2010-02-23,0.0,40.6,20.76,43.63,15.36
2010-02-24,0.0,41.5,21.96,38.48,13.11
2010-02-25,0.0,42.51,21.02,38.36,12.95
2010-02-26,0.0,43.22,21.95,42.43,12.12
2010-02-27,0.0,41.14,21.35,45.6,15.52
2010-02-28,0.0,38.09,19.01,82.43,24.95
2010-03-01,0.0,40.54,20.52,84.0,17.76
2010-03-02,0.0,33.15,16.63,96.59,26.81
2010-03-03,0.0,36.5,17.37,91.95,18.99
2010-03-04,0.0,39.45,19.77,60.88,15.87
2010-03-05,0.0,37.13,19.44,73.18,17.72
2010-03-06,0.0,35.75,18.84,77.73,17.15
2010-03-07,0.0,37.22,19.68,50.26,19.82
2010-03-08,0.0,38.17,19.5,54.99,17.42
2010-03-09,0.0,37.94,18.8,49.41,17.04
2010-03-10,0.0,38.99,19.36,61.62,19.52
2010-03-11,0.0,37.96,19.34,57.56,11.53
2010-03-12,0.0,39.89,19.11,35.48,10.48
2010-03-13,0.0,39.26,20.2,47.35,17.25
2010-03-14,0.0,37.21,19.14,44.94,12.51
2010-03-15,0.0,39.21,17.94,60.12,13.35
2010-03-16,0.0,41.02,18.74,59.38,11.89
2010-03-17,0.0,40.06,20.83,25.23,6.73
2010-03-18,0.0,37.37,19.14,22.47,7.44
2010-03-19,0.0,38.14,18.71,29.02,10.08
2010-03-20,0.0,41.72,19.34,35.38,8.45
2010-03-21,0.0,42.53,20.46,50.29,9.93
2010-03-22,0.0,43.48,23.64,40.18,11.91
2010-03-23,0.0,41.57,21.22,59.46,15.7
2010-03-24,0.0,37.9,19.23,86.23,22.81
2010-03-25,0.0,39.13,18.42,87.6,16.81
2010-03-26,0.0,43.15,19.97,69.12,5.27
2010-03-27,0.0,44.76,21.89,39.56,4.29
2010-03-28,0.0,44.51,23.81,16.73,3.57
2010-03-29,0.0,44.63,22.17,17.07,3.88
2010-03-30,0.0,44.87,22.4,23.99,3.97
2010-03-31,0.0,44.35,22.09,35.99,3.91
2010-04-01,0.0,43.18,21.71,32.1,4.76
2010-04-02,0.0,44.16,22.34,35.41,4.68
2010-04-03,0.0,42.02,21.23,49.1,11.48
2010-04-04,0.0,37.72,20.26,68.1,19.4
2010-04-05,0.0,35.98,16.93,97.64,28.67
2010-04-06,0.0,36.01,16.7,99.02,25.79
2010-04-07,0.0,38.75,17.91,91.5,19.1
2010-04-08,0.0,40.85,19.39,75.29,15.49
2010-04-09,0.0,36.99,19.38,77.3,27.18
2010-04-10,0.0,33.91,18.31,96.86,35.21
2010-04-11,0.0,32.81,19.55,88.25,39.96
2010-04-12,0.0,33.38,18.54,79.87,33.79
2010-04-13,0.0,33.7,18.94,83.11,32.69
2010-04-14,0.0,35.26,19.58,79.82,29.04
2010-04-15,0.0,35.31,18.35,95.43,32.59
2010-04-16,0.0,36.75,18.28,88.3,24.68
2010-04-17,0.0,39.13,19.32,82.21,21.54
2010-04-18,0.0,40.87,20.36,76.85,19.22
2010-04-19,0.0,37.1,20.92,72.97,29.96
2010-04-20,0.0,39.78,21.08,72.18,22.49
2010-04-21,0.0,41.96,22.6,66.38,18.89
2010-04-22,0.0,41.94,24.15,77.21,25.06
2010-04-23,0.0,41.3,21.48,76.76,22.13
2010-04-24,0.0,36.34,20.21,81.2,32.81
2010-04-25,0.0,40.94,19.59,92.24,17.37
2010-04-26,0.0,43.23,21.81,76.34,12.88
2010-04-27,0.0,41.22,20.85,77.61,16.87
2010-04-28,0.0,36.81,19.63,95.27,35.24
2010-04-29,0.0,36.36,20.52,97.18,35.41
2010-04-30,0.0,36.53,20.15,99.68,35.79
2010-05-01,0.0,35.02,19.8,98.47,35.32
2010-05-02,0.0,35.13,18.04,99.12,34.44
2010-05-03,0.0,36.72,20.67,78.02,31.38
2010-05-04,0.0,38.2,20.39,85.25,25.65
2010-05-05,0.0,37.94,20.36,79.51,24.33
2010-05-06,0.0,36.77,19.51,85.97,26.05
2010-05-07,0.0,33.67,19.67,88.1,36.81
2010-05-08,0.0,34.81,20.78,80.68,35.48
2010-05-09,0.0,35.47,19.91,85.4,32.86
2010-05-10,0.0,37.65,20.12,87.41,26.82
2010-05-11,0.0,40.37,20.92,89.61,21.59
2010-05-12,0.0,41.75,22.24,64.99,16.64
2010-05-13,0.0,41.18,23.38,63.06,17.13
2010-05-14,0.0,41.97,24.32,53.12,15.27
2010-05-15,0.0,42.5,24.12,41.36,13.63
2010-05-16,0.0,40.58,26.2,44.63,12.7
2010-05-17,0.0,44.22,23.38,61.89,10.24
2010-05-18,0.0,44.25,25.43,45.74,15.07
2010-05-19,0.0,43.66,28.44,29.25,10.29
2010-05-20,0.0,42.71,26.21,33.31,12.94
2010-05-21,0.0,43.25,22.92,58.67,12.78
2010-05-22,0.0,43.17,22.61,60.16,15.81
2010-05-23,0.0,40.32,22.32,74.04,22.74
2010-05-24,0.0,37.84,21.7,82.14,30.24
2010-05-25,0.0,37.95,23.41,70.78,31.27
2010-05-26,0.0,40.95,23.32,72.39,25.73
2010-05-27,0.0,44.53,27.36,48.5,14.85
2010-05-28,0.0,44.43,27.83,39.59,15.13
2010-05-29,0.0,44.02,26.24,35.2,11.27
2010-05-30,0.0,40.77,22.94,64.64,17.43
2010-05-31,0.0,36.01,20.35,91.06,38.76
2010-06-01,0.0,34.6,22.71,76.87,33.55
2010-06-02,0.0,36.15,21.55,76.65,31.19
2010-06-03,0.0,35.45,22.06,79.32,36.46
2010-06-04,0.0,35.12,20.78,88.27,34.36
2010-06-05,0.0,37.07,20.42,90.3,34.2
2010-06-06,0.0,42.1,22.17,82.31,15.72
2010-06-07,0.0,36.71,24.07,77.04,38.43
2010-06-08,0.0,34.73,24.66,88.35,50.16
2010-06-09,0.0,38.25,24.15,83.53,35.55
2010-06-10,0.0,38.48,21.59,96.43,30.12
2010-06-11,0.0,41.62,22.31,81.75,19.42
2010-06-12,0.0,40.7,25.25,79.67,32.59
2010-06-13,0.0,39.41,24.32,88.88,36.31
2010-06-14,0.0,37.52,23.06,86.78,26.56
2010-06-15,0.0,36.37,20.35,91.9,28.47
2010-06-16,0.0,35.83,20.34,96.47,31.15
2010-06-17,0.0,36.66,22.83,71.03,30.56
2010-06-18,0.0,37.35,22.88,81.29,32.54
2010-06-19,0.0,46.08,24.93,80.9,11.89
2010-06-20,0.0,41.69,25.76,78.28,29.68
2010-06-21,0.0,37.27,24.06,96.94,46.24
2010-06-22,0.0,42.82,22.33,84.34,10.83
2010-06-23,2.35,40.71,24.33,63.84,22.61
2010-06-24,0.0,39.69,24.45,82.65,33.23
2010-06-25,0.0,37.24,23.79,97.67,45.0
2010-06-26,0.0,39.22,22.02,97.73,22.67
2010-06-27,0.0,43.92,23.61,77.94,10.06
2010-06-28,0.0,42.06,26.98,69.04,27.92
2010-06-29,12.34,38.87,23.66,98.99,46.6
2010-06-30,0.0,40.56,24.33,93.15,33.69
2010-07-01,0.0,45.35,25.53,68.21,11.74
2010-07-02,0.0,40.49,26.22,71.3,32.91
2010-07-03,0.0,39.04,25.33,87.92,31.12
2010-07-04,0.0,37.2,23.42,79.0,32.23
2010-07-05,0.0,39.72,24.25,82.2,33.76
2010-07-06,0.0,44.1,24.63,81.62,12.07
2010-07-07,0.04,40.63,27.57,53.43,20.32
2010-07-08,45.56,40.08,26.14,87.21,36.56
2010-07-09,0.0,35.45,24.04,99.68,49.45
2010-07-10,0.0,36.48,24.19,83.86,38.42
2010-07-11,0.0,35.7,24.88,75.42,40.74
2010-07-12,23.83,35.81,25.65,91.36,47.87
2010-07-13,0.0,35.64,23.79,99.53,51.57
2010-07-14,0.0,39.23,24.29,97.09,36.11
2010-07-15,0.0,38.73,25.02,95.4,40.69
2010-07-16,0.0,36.09,24.83,85.72,36.46
2010-07-17,0.0,38.84,23.6,83.58,31.74
2010-07-18,0.0,38.44,24.94,85.1,41.61
2010-07-19,0.0,40.13,25.76,92.71,35.56
2010-07-20,0.0,35.98,24.74,94.82,43.85
2010-07-21,0.0,35.14,23.29,89.99,44.34
2010-07-22,0.0,36.09,22.63,99.21,43.0
2010-07-23,0.0,34.23,22.78,98.16,46.19
2010-07-24,0.0,36.85,23.55,89.43,41.45
2010-07-25,0.0,38.16,24.5,88.31,38.44
2010-07-26,0.0,37.59,25.51,88.65,42.72
2010-07-27,0.0,36.94,24.8,91.1,40.76
2010-07-28,0.0,38.22,25.53,67.98,28.75
2010-07-29,0.07,39.3,24.02,78.53,36.07
2010-07-30,0.03,35.62,24.29,92.99,50.33
2010-07-31,0.0,37.82,24.64,95.38,39.67
2010-08-01,0.0,38.04,24.42,90.12,42.28
2010-08-02,11.6,39.56,25.29,87.9,37.85
2010-08-03,11.63,34.92,24.68,97.64,59.89
2010-08-04,0.0,32.17,24.68,98.58,73.15
2010-08-05,0.0,34.87,24.64,96.73,48.77
2010-08-06,0.0,36.56,23.77,93.85,44.7
2010-08-07,0.87,37.17,24.04,90.05,43.53
2010-08-08,0.0,37.54,23.75,90.17,37.51
2010-08-09,10.95,36.63,24.55,78.1,41.16
2010-08-10,0.33,33.0,23.31,99.52,61.85
2010-08-11,0.0,35.72,23.55,90.87,43.85
2010-08-12,0.06,37.33,23.83,84.93,39.8
2010-08-13,1.26,34.31,24.97,85.29,51.05
2010-08-14,0.0,33.07,24.57,98.34,63.01
2010-08-15,3.71,31.05,23.82,99.5,76.95
2010-08-16,11.31,30.25,24.04,99.42,80.56
2010-08-17,0.0,34.13,23.83,99.48,56.9
2010-08-18,14.59,34.45,23.23,99.44,54.82
2010-08-19,0.0,36.12,23.9,93.61,48.91
2010-08-20,0.01,35.86,24.37,98.36,50.17
2010-08-21,0.01,36.74,23.99,99.28,46.51
2010-08-22,0.0,35.84,23.5,96.41,51.64
2010-08-23,0.0,38.02,24.5,91.29,42.15
2010-08-24,2.04,38.31,25.41,94.12,40.03
2010-08-25,14.45,33.57,24.62,99.77,61.76
2010-08-26,0.0,34.05,24.43,98.94,64.28
2010-08-27,0.0,36.16,24.65,94.56,53.45
2010-08-28,0.0,35.68,24.87,98.19,50.1
2010-08-29,0.0,37.73,24.0,97.07,45.72
2010-08-30,0.0,37.83,24.82,94.7,44.89
2010-08-31,0.0,38.01,25.72,88.63,43.04
2010-09-01,0.0,36.19,24.98,96.75,49.59
2010-09-02,16.65,35.9,24.11,97.6,51.36
2010-09-03,0.0,33.64,23.42,99.48,60.44
2010-09-04,11.75,30.2,23.88,99.41,77.23
2010-09-05,13.43,31.11,23.38,99.48,74.31
2010-09-06,33.18,31.3,23.78,99.29,80.5
2010-09-07,49.18,30.15,23.47,99.52,81.23
2010-09-08,5.27,28.67,23.05,99.65,85.96
2010-09-09,0.04,32.3,22.57,99.41,66.84
2010-09-10,0.0,31.87,23.66,99.52,74.14
2010-09-11,0.02,31.06,23.73,99.25,77.76
2010-09-12,0.0,31.76,24.0,98.91,71.78
2010-09-13,0.0,32.98,23.77,99.16,65.29
2010-09-14,0.11,32.21,23.9,99.31,69.72
2010-09-15,0.0,32.82,23.72,99.15,70.5
2010-09-16,3.32,32.28,24.12,99.34,73.34
2010-09-17,3.17,32.02,24.11,99.15,75.18
2010-09-18,23.92,32.4,23.94,99.05,74.23
2010-09-19,0.08,32.0,22.72,99.4,69.64
2010-09-20,0.01,31.86,23.65,99.34,68.62
2010-09-21,0.0,32.96,23.34,99.24,67.56
2010-09-22,0.0,33.98,23.59,98.88,59.25
2010-09-23,11.96,31.42,24.05,98.99,74.25
2010-09-24,0.07,33.6,23.91,98.66,61.63
2010-09-25,0.0,35.02,23.93,97.57,55.81
2010-09-26,0.0,35.79,24.45,95.42,49.96
2010-09-27,0.0,35.88,23.88,95.46,50.3
2010-09-28,0.0,38.18,24.08,95.76,35.6
2010-09-29,0.0,38.24,24.6,94.49,30.17
2010-09-30,0.0,38.41,24.71,65.89,30.14
2010-10-01,0.04,36.95,23.84,93.57,46.52
2010-10-02,0.0,36.59,23.7,99.34,49.59
2010-10-03,0.0,39.13,23.29,98.91,34.0
2010-10-04,0.0,41.29,25.37,78.77,24.22
2010-10-05,0.0,41.74,24.82,79.99,22.26
2010-10-06,0.0,39.88,24.04,85.53,22.32
2010-10-07,0.0,35.91,21.45,94.01,40.37
2010-10-08,0.0,34.48,20.6,98.25,44.39
2010-10-09,0.0,34.77,20.17,97.7,42.91
2010-10-10,0.0,38.14,21.85,97.84,34.47
2010-10-11,0.0,39.88,23.41,99.03,31.06
2010-10-12,0.0,38.69,24.03,92.16,38.4
2010-10-13,0.58,37.58,23.73,97.78,40.0
2010-10-14,0.0,38.53,23.55,97.39,29.88
2010-10-15,0.9,38.99,23.89,97.95,35.41
2010-10-16,0.03,33.22,23.41,98.37,76.7
2010-10-17,34.14,30.37,22.78,99.62,85.74
2010-10-18,0.05,30.91,22.98,99.33,79.27
2010-10-19,0.0,32.22,21.97,98.29,63.8
2010-10-20,0.0,33.01,21.56,98.45,55.87
2010-10-21,0.0,35.39,22.38,98.79,47.22
2010-10-22,0.0,37.83,23.25,99.41,41.09
2010-10-23,0.0,41.17,23.74,99.82,19.61
2010-10-24,0.0,40.55,24.86,55.69,21.61
2010-10-25,0.0,35.89,21.98,57.26,24.6
2010-10-26,0.0,35.84,19.92,70.15,21.2
2010-10-27,0.0,38.81,20.94,55.43,14.75
2010-10-28,0.0,40.28,23.81,42.25,16.07
2010-10-29,0.0,39.05,25.98,69.37,27.85
2010-10-30,0.0,38.76,24.46,61.37,12.4
2010-10-31,0.0,38.33,24.08,30.97,10.41
2010-11-01,0.0,37.09,19.99,30.5,6.88
2010-11-02,0.0,37.58,19.08,43.87,11.08
2010-11-03,0.0,38.71,20.12,58.42,17.57
2010-11-04,0.0,40.7,21.36,48.79,16.01
2010-11-05,0.0,38.62,22.31,42.68,13.61
2010-11-06,0.0,36.3,19.44,40.14,14.5
2010-11-07,0.0,36.31,19.51,46.5,13.84
2010-11-08,0.0,37.21,19.33,50.06,15.29
2010-11-09,0.0,38.51,19.73,60.91,18.33
2010-11-10,0.0,35.14,20.07,94.41,30.5
2010-11-11,0.0,36.29,20.0,87.32,26.93
2010-11-12,0.0,38.1,21.82,57.52,22.35
2010-11-13,0.0,36.37,20.9,57.9,22.76
2010-11-14,0.0,34.41,19.81,63.17,27.06
2010-11-15,0.0,34.4,17.46,98.83,36.74
2010-11-16,0.0,35.68,18.79,94.98,27.04
2010-11-17,0.0,39.03,19.9,81.64,15.99
2010-11-18,0.0,39.2,20.87,36.21,14.33
2010-11-19,0.0,38.07,19.72,36.34,12.46
2010-11-20,0.0,37.41,19.17,33.3,11.11
2010-11-21,0.0,36.81,18.8,35.74,13.45
2010-11-22,0.0,37.87,18.67,37.65,12.68
2010-11-23,0.0,38.19,19.28,42.86,13.96
2010-11-24,0.0,39.14,20.63,41.35,13.85
2010-11-25,0.0,38.53,20.6,38.25,11.83
2010-11-26,0.0,34.82,18.65,69.36,24.4
2010-11-27,0.0,35.07,18.52,79.73,30.7
2010-11-28,0.0,38.17,19.16,72.94,16.59
2010-11-29,0.0,38.19,20.67,65.94,23.97
2010-11-30,0.0,33.26,18.51,98.94,50.93
2010-12-01,0.0,35.3,18.99,97.77,45.44
2010-12-02,0.0,38.4,19.39,91.23,22.63
2010-12-03,0.0,39.07,19.36,91.93,24.19
2010-12-04,0.0,38.74,20.02,72.2,26.56
2010-12-05,0.0,39.18,20.28,72.02,20.64
2010-12-06,0.0,37.99,18.68,79.98,19.94
2010-12-07,0.0,35.79,18.1,98.65,30.39
2010-12-08,0.0,34.95,17.41,98.79,33.87
2010-12-09,0.0,32.61,17.36,97.8,40.26
2010-12-10,0.0,33.65,17.56,98.62,34.58
2010-12-11,0.0,34.83,19.2,66.74,19.67
2010-12-12,0.0,32.68,17.94,97.43,25.81
2010-12-13,0.0,35.14,15.83,95.6,14.87
2010-12-14,0.0,37.23,17.56,42.39,7.6
2010-12-15,0.0,36.69,17.97,32.01,10.13
2010-12-16,0.0,35.73,18.27,75.11,12.72
2010-12-17,0.0,33.65,18.1,62.03,20.79
2010-12-18,0.0,31.68,16.63,96.53,40.12
2010-12-19,0.0,33.44,17.52,97.13,30.23
2010-12-20,0.0,34.92,18.79,69.55,28.46
2010-12-21,0.0,34.66,17.33,97.24,31.29
2010-12-22,0.0,32.13,17.77,95.23,42.69
2010-12-23,0.0,32.59,16.76,71.73,33.23
2010-12-24,0.0,35.21,17.23,66.04,24.56
2010-12-25,0.0,32.75,16.29,73.18,29.31
2010-12-26,0.0,34.13,15.87,56.15,20.27
2010-12-27,0.0,34.63,16.1,52.41,18.66
2010-12-28,0.0,36.3,16.89,47.12,15.7
2010-12-29,0.0,36.42,17.11,48.78,16.15
2010-12-30,0.0,34.07,18.25,41.58,14.83
2010-12-31,0.0,33.56,18.06,32.5,13.52
2011-01-01,0.0,33.23,15.97,36.09,11.83
2011-01-02,0.0,34.02,15.57,32.84,13.75
2011-01-03,0.0,34.3,16.06,37.21,12.83
2011-01-04,0.0,31.8,14.6,35.07,11.61
2011-01-05,0.0,31.52,16.85,28.74,10.83
2011-01-06,0.0,32.67,14.58,34.84,12.74
2011-01-07,0.0,33.3,14.63,37.51,13.39
2011-01-08,0.0,33.68,15.22,35.69,12.54
2011-01-09,0.0,33.69,16.34,35.32,11.94
2011-01-10,0.0,31.83,15.77,29.75,12.12
2011-01-11,0.0,33.13,15.61,30.08,11.02
2011-01-12,0.0,31.75,15.6,27.93,11.0
2011-01-13,0.0,32.38,16.35,28.89,9.38
2011-01-14,0.0,31.57,13.66,39.86,10.55
2011-01-15,0.0,33.22,13.57,40.34,11.01
2011-01-16,0.0,34.77,14.67,36.73,11.97
2011-01-17,0.0,32.27,15.62,45.23,16.12
2011-01-18,0.0,30.32,15.6,52.59,23.01
2011-01-19,0.0,32.14,15.81,50.44,16.29
2011-01-20,0.0,32.2,16.38,37.12,13.98
2011-01-21,0.0,35.52,18.26,36.8,12.28
2011-01-22,0.0,33.12,14.82,87.73,18.42
2011-01-23,0.0,30.19,15.42,67.11,27.14
2011-01-24,0.0,29.99,15.41,92.22,38.91
2011-01-25,0.0,31.2,16.4,94.39,44.82
2011-01-26,0.0,30.8,16.82,97.66,45.71
2011-01-27,0.0,28.48,16.46,96.13,46.79
2011-01-28,0.0,34.07,17.52,73.59,30.77
2011-01-29,0.0,37.29,19.12,66.67,26.56
2011-01-30,0.0,34.95,17.1,81.76,33.05
2011-01-31,0.0,32.08,15.87,97.92,46.78
2011-02-01,0.0,30.55,19.34,97.16,51.78
2011-02-02,0.0,30.86,18.35,88.37,49.03
2011-02-03,0.0,30.25,17.96,78.32,39.35
2011-02-04,0.0,30.47,17.76,43.48,11.74
2011-02-05,0.0,29.76,16.73,28.03,12.04
2011-02-06,0.0,31.02,15.92,32.04,12.76
2011-02-07,0.0,31.31,15.15,34.39,14.74
2011-02-08,0.0,30.85,15.3,33.66,13.16
2011-02-09,0.0,32.3,16.78,36.17,13.88
2011-02-10,0.0,30.07,13.09,48.46,12.31
2011-02-11,0.0,30.59,12.22,70.32,11.48
2011-02-12,0.0,31.92,13.81,36.2,11.89
2011-02-13,0.0,29.95,12.78,32.43,11.08
2011-02-14,0.0,31.51,13.13,57.34,13.65
2011-02-15,0.0,32.2,13.27,33.21,9.4
2011-02-16,0.0,33.44,14.03,57.81,15.4
2011-02-17,0.0,33.92,15.29,57.37,19.26
2011-02-18,0.0,33.61,15.39,66.71,20.38
2011-02-19,0.0,35.32,15.12,50.58,14.15
2011-02-20,0.0,37.66,16.28,41.76,9.61
2011-02-21,0.0,39.1,17.44,31.46,7.8
2011-02-22,0.0,40.2,18.78,26.53,7.47
2011-02-23,0.0,39.02,18.78,25.88,7.65
2011-02-24,0.0,37.87,18.54,23.42,10.44
2011-02-25,0.0,37.38,17.68,32.58,9.86
2011-02-26,0.0,35.44,16.97,33.34,8.54
2011-02-27,0.0,33.13,15.81,24.09,11.55
2011-02-28,0.0,34.43,15.07,35.93,9.42
2011-03-01,0.0,36.74,16.98,27.02,6.22
2011-03-02,0.0,34.24,17.86,34.25,11.06
2011-03-03,0.0,31.83,15.92,45.91,17.23
2011-03-04,0.0,31.68,14.23,57.71,14.18
2011-03-05,0.0,33.91,14.72,64.82,11.95
2011-03-06,0.0,32.76,16.14,75.11,28.3
2011-03-07,0.0,31.91,17.0,85.88,26.64
2011-03-08,0.0,32.1,15.54,95.7,24.15
2011-03-09,0.0,34.61,16.19,75.64,17.02
2011-03-10,0.0,34.28,16.71,83.04,22.41
2011-03-11,0.0,32.78,16.37,83.0,27.59
2011-03-12,0.0,33.15,18.03,90.94,28.58
2011-03-13,0.0,31.98,15.11,97.09,30.57
2011-03-14,0.0,30.29,14.51,97.59,37.36
2011-03-15,0.0,30.23,14.62,93.1,24.04
2011-03-16,0.0,34.56,17.22,47.96,14.96
2011-03-17,0.0,36.54,17.3,43.2,10.97
2011-03-18,0.0,39.86,19.16,32.11,11.35
2011-03-19,0.0,41.06,20.36,34.57,11.31
2011-03-20,0.0,40.17,18.67,61.85,11.46
2011-03-21,0.0,40.33,18.75,66.53,13.66
2011-03-22,0.0,39.28,18.8,71.63,16.73
2011-03-23,0.0,35.22,18.0,73.74,23.54
2011-03-24,0.0,36.48,17.62,75.5,19.01
2011-03-25,0.0,38.81,17.87,79.13,15.59
2011-03-26,0.0,40.06,19.82,54.52,13.68
2011-03-27,0.0,41.62,19.58,64.13,13.13
2011-03-28,0.0,43.03,21.27,49.41,10.43
2011-03-29,0.0,43.37,22.86,33.11,9.5
2011-03-30,0.0,43.78,23.5,29.77,8.86
2011-03-31,0.0,44.53,23.18,41.43,9.64
2011-04-01,0.0,42.99,20.31,67.32,12.08
2011-04-02,0.0,42.97,21.29,64.41,8.87
2011-04-03,0.0,41.89,22.17,36.33,8.53
2011-04-04,0.0,39.52,19.63,67.87,16.06
2011-04-05,0.0,38.77,19.34,52.86,13.01
2011-04-06,0.0,37.25,17.0,74.14,17.09
2011-04-07,0.0,39.5,17.83,67.22,13.23
2011-04-08,0.0,42.08,19.91,61.98,10.42
2011-04-09,0.0,45.05,24.69,38.64,5.86
2011-04-10,0.0,41.96,23.85,21.14,5.43
2011-04-11,0.0,41.95,20.82,27.98,5.69
2011-04-12,0.0,42.43,20.68,46.14,6.66
2011-04-13,0.0,38.51,19.51,67.67,19.28
2011-04-14,0.0,35.99,18.4,75.88,24.94
2011-04-15,0.0,34.43,17.6,90.05,29.93
2011-04-16,0.0,36.71,18.57,78.32,24.33
2011-04-17,0.0,37.52,19.34,76.01,25.6
2011-04-18,0.0,36.28,18.21,91.33,28.47
2011-04-19,0.0,37.22,19.37,86.36,27.65
2011-04-20,0.0,33.86,18.52,89.13,33.3
2011-04-21,0.0,35.41,18.8,87.85,28.07
2011-04-22,0.0,36.4,19.0,92.32,23.07
2011-04-23,0.0,38.18,19.29,63.93,13.9
2011-04-24,0.0,38.65,18.76,65.35,13.83
2011-04-25,0.0,40.5,20.21,48.45,12.66
2011-04-26,0.0,38.56,19.61,71.66,20.48
2011-04-27,0.0,35.23,17.77,91.66,29.44
2011-04-28,0.0,33.53,19.75,85.49,32.47
2011-04-29,0.0,34.66,20.33,72.6,29.77
2011-04-30,0.0,33.14,17.49,96.58,31.43
2011-05-01,0.0,33.07,17.64,83.89,30.82
2011-05-02,0.0,34.95,16.52,98.79,31.43
2011-05-03,0.0,37.35,18.55,94.35,24.99
2011-05-04,0.0,41.02,20.63,73.84,18.49
2011-05-05,0.0,40.54,22.17,62.83,19.89
2011-05-06,0.0,38.64,21.53,71.12,23.54
2011-05-07,0.0,36.23,19.69,88.87,30.89
2011-05-08,0.0,35.51,18.9,95.07,32.91
2011-05-09,0.0,33.89,19.61,90.67,36.59
2011-05-10,0.0,35.22,20.67,74.6,34.97
2011-05-11,0.0,33.94,18.61,87.69,33.31
2011-05-12,0.0,33.3,19.54,82.84,36.01
2011-05-13,0.0,33.96,19.17,84.73,35.27
2011-05-14,0.0,35.21,18.87,91.61,31.51
2011-05-15,0.0,38.9,20.65,83.91,31.67
2011-05-16,0.0,40.47,22.54,79.84,30.71
2011-05-17,0.0,40.75,23.38,82.76,32.03
2011-05-18,0.0,43.02,22.53,83.89,25.19
2011-05-19,0.0,42.07,24.11,67.26,21.73
2011-05-20,0.0,41.91,22.82,56.98,16.08
2011-05-21,0.0,41.42,21.95,69.66,16.97
2011-05-22,0.0,38.68,19.92,94.34,24.19
2011-05-23,0.0,36.12,18.09,99.74,35.98
2011-05-24,0.0,36.57,19.27,98.37,35.33
2011-05-25,0.0,43.04,20.86,91.74,13.78
2011-05-26,0.0,41.82,22.06,71.45,16.34
2011-05-27,0.0,40.26,20.38,89.96,22.07
2011-05-28,0.0,37.67,19.08,97.93,29.7
2011-05-29,0.0,40.55,19.55,98.86,22.53
2011-05-30,0.0,43.15,20.85,91.08,16.39
2011-05-31,0.0,39.28,22.7,80.97,35.03
2011-06-01,0.0,35.05,23.37,92.12,48.41
2011-06-02,0.0,39.65,22.34,88.14,20.44
2011-06-03,0.0,42.36,23.32,66.86,12.12
2011-06-04,0.0,39.67,22.45,69.9,21.68
2011-06-05,0.0,35.41,19.96,97.53,32.84
2011-06-06,0.0,34.35,21.16,85.4,39.55
2011-06-07,0.0,33.09,21.2,89.38,39.85
2011-06-08,0.0,36.29,22.34,77.1,33.6
2011-06-09,0.0,39.4,22.63,83.49,26.88
2011-06-10,0.0,43.68,24.74,65.52,14.67
2011-06-11,0.0,44.05,26.16,55.86,10.73
2011-06-12,0.0,41.83,24.87,64.53,15.05
2011-06-13,0.0,38.39,21.06,83.11,27.97
2011-06-14,0.0,34.82,20.1,97.76,37.82
2011-06-15,0.0,36.36,22.52,87.25,36.16
2011-06-16,0.0,38.25,22.25,90.91,34.49
2011-06-17,0.0,38.81,23.34,86.54,34.44
2011-06-18,0.0,37.7,24.28,75.87,31.68
2011-06-19,0.0,36.5,21.66,94.82,42.05
2011-06-20,0.0,37.78,23.48,86.72,38.31
2011-06-21,1.49,36.52,23.56,93.32,44.72
2011-06-22,0.0,36.21,24.24,91.22,41.23
2011-06-23,0.0,36.23,21.83,98.21,43.56
2011-06-24,0.0,38.76,22.65,99.16,36.01
2011-06-25,0.0,36.54,22.83,97.95,44.81
2011-06-26,0.0,37.47,23.72,92.87,38.78
2011-06-27,0.0,37.67,23.49,90.13,35.81
2011-06-28,0.0,38.18,23.9,84.38,35.75
2011-06-29,0.0,36.86,23.77,86.49,39.85
2011-06-30,0.0,36.53,22.25,97.61,42.74
2011-07-01,0.0,38.96,22.75,94.37,34.24
2011-07-02,16.23,38.97,23.88,93.45,36.07
2011-07-03,0.0,38.11,23.72,91.06,35.82
2011-07-04,0.0,38.94,23.3,83.16,28.6
2011-07-05,0.0,37.25,22.84,86.71,38.79
2011-07-06,0.0,36.39,23.99,80.92,37.03
2011-07-07,0.0,35.71,24.04,76.09,40.13
2011-07-08,0.0,36.97,24.65,77.08,34.53
2011-07-09,0.0,37.39,24.09,82.41,35.34
2011-07-10,0.0,37.33,22.65,84.37,35.61
2011-07-11,0.0,37.24,23.23,88.91,39.04
2011-07-12,0.0,37.34,23.74,82.24,38.93
2011-07-13,2.88,37.22,22.8,92.48,42.59
2011-07-14,0.0,38.84,23.99,90.34,31.01
2011-07-15,0.0,38.71,23.52,88.83,36.84
2011-07-16,33.32,39.94,24.19,93.38,37.06
2011-07-17,0.46,34.45,23.75,99.49,60.15
2011-07-18,0.0,33.98,23.46,98.87,54.69
2011-07-19,0.0,35.07,23.14,97.6,48.35
2011-07-20,0.0,37.7,22.83,99.06,33.75
2011-07-21,0.0,36.58,22.56,95.8,40.04
2011-07-22,0.0,35.29,22.63,88.37,41.36
2011-07-23,0.0,36.87,22.14,75.22,30.22
2011-07-24,0.0,41.24,23.08,87.22,24.55
2011-07-25,0.0,39.73,25.93,71.1,34.97
2011-07-26,0.0,36.49,24.02,95.05,49.87
2011-07-27,0.0,36.11,22.99,93.99,37.78
2011-07-28,0.0,36.19,22.63,80.61,39.4
2011-07-29,0.0,38.69,24.34,86.43,38.67
2011-07-30,0.0,37.07,24.03,94.22,40.35
2011-07-31,0.27,37.7,25.54,82.56,41.29
2011-08-01,0.01,37.21,24.68,84.86,45.63
2011-08-02,8.85,36.56,24.0,94.98,47.49
2011-08-03,0.0,40.11,24.1,92.5,32.63
2011-08-04,0.0,40.97,25.14,76.17,27.26
2011-08-05,0.0,38.72,23.88,92.01,36.35
2011-08-06,0.28,38.74,24.26,86.89,37.44
2011-08-07,12.37,39.24,24.45,86.52,38.55
2011-08-08,0.0,37.22,24.03,92.66,47.14
2011-08-09,3.05,36.96,24.67,92.99,45.18
2011-08-10,0.0,39.18,24.47,91.0,35.53
2011-08-11,0.74,39.43,24.2,83.08,36.04
2011-08-12,0.0,37.83,24.53,83.47,41.65
2011-08-13,0.0,35.84,24.1,87.26,45.65
2011-08-14,0.18,37.75,23.98,92.86,41.29
2011-08-15,0.0,39.02,24.61,89.82,37.08
2011-08-16,9.07,39.41,26.48,87.77,40.47
2011-08-17,9.69,33.22,23.89,99.04,62.57
2011-08-18,15.76,35.3,23.91,94.18,51.05
2011-08-19,0.17,34.89,24.09,98.71,52.99
2011-08-20,1.87,35.93,23.09,99.55,50.55
2011-08-21,0.0,34.83,24.14,97.04,47.17
2011-08-22,0.0,38.49,23.87,83.86,37.6
2011-08-23,0.1,37.25,24.91,92.57,43.5
2011-08-24,13.76,35.08,24.82,97.7,52.93
2011-08-25,29.22,30.88,23.69,99.06,73.84
2011-08-26,0.17,32.17,23.2,99.7,64.37
2011-08-27,0.0,36.41,22.81,92.38,41.96
2011-08-28,0.0,37.29,24.46,89.43,44.18
2011-08-29,0.02,36.68,24.22,96.81,47.91
2011-08-30,0.0,37.46,24.4,97.07,45.33
2011-08-31,0.0,39.11,24.87,91.5,37.94
2011-09-01,0.16,39.32,25.22,89.79,36.72
2011-09-02,0.0,39.04,23.74,90.31,34.21
2011-09-03,0.0,39.11,23.96,87.58,36.31
2011-09-04,0.0,40.56,25.02,87.18,29.05
2011-09-05,0.0,39.5,25.01,82.96,27.2
2011-09-06,0.0,40.84,24.37,80.64,28.22
2011-09-07,0.0,39.38,24.33,83.95,38.0
2011-09-08,0.0,38.3,24.56,89.01,41.92
2011-09-09,0.0,38.03,23.9,94.08,37.99
2011-09-10,0.0,37.92,23.12,87.11,38.83
2011-09-11,0.0,39.28,24.58,97.85,40.83
2011-09-12,0.0,34.1,24.03,98.45,59.35
2011-09-13,0.0,35.16,23.71,95.03,48.65
2011-09-14,0.0,36.39,23.66,91.27,44.93
2011-09-15,0.0,37.05,23.88,85.08,41.06
2011-09-16,0.0,37.97,23.61,79.98,35.64
2011-09-17,0.0,39.53,23.99,82.29,35.09
2011-09-18,0.0,41.04,25.58,80.28,24.77
2011-09-19,0.0,39.63,24.92,81.35,36.61
2011-09-20,0.0,35.13,24.88,98.52,55.16
2011-09-21,0.0,38.56,24.15,98.11,40.23
2011-09-22,0.0,39.87,24.48,93.76,35.77
2011-09-23,0.02,38.51,24.43,92.52,41.75
2011-09-24,1.67,32.25,23.99,99.09,75.97
2011-09-25,0.0,32.74,23.48,98.75,66.6
2011-09-26,0.0,35.34,24.23,96.47,56.2
2011-09-27,0.0,38.04,24.61,94.49,39.55
2011-09-28,0.0,40.89,24.26,93.72,22.5
2011-09-29,21.09,38.4,24.58,81.62,37.99
2011-09-30,0.0,33.96,23.05,97.36,58.79
2011-10-01,0.0,31.19,22.22,98.79,70.76
2011-10-02,0.0,30.25,22.1,98.44,78.42
2011-10-03,0.31,34.8,22.49,98.17,53.61
2011-10-04,0.0,37.69,23.18,98.11,39.05
2011-10-05,0.0,39.89,23.52,99.48,31.61
2011-10-06,0.0,42.08,25.83,78.11,24.6
2011-10-07,0.0,41.31,25.31,81.46,27.81
2011-10-08,0.0,37.85,23.32,93.66,36.98
2011-10-09,0.0,37.56,22.67,98.45,40.54
2011-10-10,0.0,40.48,23.5,91.91,18.23
2011-10-11,0.0,42.12,24.67,50.89,9.99
2011-10-12,0.0,41.87,24.13,35.83,10.75
2011-10-13,0.0,41.25,24.08,52.36,15.71
2011-10-14,0.0,40.22,23.29,75.42,20.48
2011-10-15,0.0,40.7,24.08,84.69,26.23
2011-10-16,0.0,41.05,26.69,58.53,27.37
2011-10-17,0.0,42.45,26.77,65.65,22.24
2011-10-18,0.0,39.67,23.73,98.81,16.41
2011-10-19,0.0,39.27,24.08,32.52,9.24
2011-10-20,0.0,39.0,21.6,29.09,7.79
2011-10-21,0.0,39.29,22.08,35.36,9.65
2011-10-22,0.0,38.85,22.92,48.21,11.96
2011-10-23,0.0,36.39,22.3,57.19,23.91
2011-10-24,0.0,38.05,21.95,68.67,21.24
2011-10-25,0.0,38.19,21.92,85.76,20.69
2011-10-26,0.0,40.33,24.73,51.64,21.53
2011-10-27,0.0,40.49,24.57,60.1,19.76
2011-10-28,0.0,42.14,26.07,57.22,17.5
2011-10-29,0.0,41.19,25.59,52.66,18.97
2011-10-30,0.0,41.1,24.4,47.27,15.94
2011-10-31,0.0,39.94,24.42,38.81,14.97
2011-11-01,0.0,41.91,23.17,44.51,14.24
2011-11-02,0.0,42.17,23.57,40.55,13.26
2011-11-03,0.0,41.53,22.18,52.56,14.45
2011-11-04,0.0,39.46,21.82,63.56,18.82
2011-11-05,0.0,37.46,20.38,59.46,23.95
2011-11-06,0.0,37.17,19.77,58.58,20.21
2011-11-07,0.0,36.04,18.87,47.2,17.12
2011-11-08,0.0,36.36,18.7,42.57,14.91
2011-11-09,0.0,36.59,18.65,45.77,16.3
2011-11-10,0.0,38.24,19.06,47.71,14.22
2011-11-11,0.0,38.82,19.33,67.31,13.64
2011-11-12,0.0,35.91,18.55,97.09,28.16
2011-11-13,0.0,37.99,19.35,82.36,19.18
2011-11-14,0.0,40.79,19.68,80.88,12.45
2011-11-15,0.0,40.26,21.69,39.35,12.02
2011-11-16,0.0,39.5,20.78,36.68,10.81
2011-11-17,0.0,39.56,20.53,41.35,11.89
2011-11-18,0.0,39.23,20.15,46.0,11.68
2011-11-19,0.0,37.99,19.96,45.74,15.35
2011-11-20,0.0,36.03,18.88,53.05,16.83
2011-11-21,0.0,36.49,18.75,45.33,15.78
2011-11-22,0.0,35.03,18.63,55.22,20.84
2011-11-23,0.0,33.64,17.4,57.71,22.11
2011-11-24,0.0,32.72,16.92,57.78,21.99
2011-11-25,0.0,32.51,16.7,51.68,18.44
2011-11-26,0.0,33.1,16.95,46.64,18.21
2011-11-27,0.0,33.96,18.25,41.92,16.75
2011-11-28,0.0,35.36,18.35,38.77,15.25
2011-11-29,0.0,35.55,18.49,38.3,14.07
2011-11-30,0.0,36.5,18.4,42.27,12.63
2011-12-01,0.0,37.61,18.23,38.38,13.18
2011-12-02,0.0,37.15,18.76,37.61,11.02
2011-12-03,0.0,36.76,18.43,32.6,10.96
2011-12-04,0.0,33.34,16.93,35.99,18.12
2011-12-05,0.0,32.98,15.84,58.93,23.54
2011-12-06,0.0,32.61,16.5,50.2,19.26
2011-12-07,0.0,34.02,16.3,42.76,15.62
2011-12-08,0.0,34.14,16.2,43.73,16.52
2011-12-09,0.0,33.78,16.56,37.73,13.04
2011-12-10,0.0,35.65,17.33,33.16,10.99
2011-12-11,0.0,34.36,17.01,28.92,11.19
2011-12-12,0.0,35.52,17.83,27.01,11.29
2011-12-13,0.0,35.06,18.54,26.06,11.21
2011-12-14,0.0,33.19,18.8,26.94,11.55
2011-12-15,0.0,32.39,17.07,29.01,13.67
2011-12-16,0.0,32.18,17.84,30.89,12.22
2011-12-17,0.0,33.62,17.87,27.49,12.01
2011-12-18,0.0,31.72,16.08,31.72,12.77
2011-12-19,0.0,31.72,14.98,32.31,11.75
2011-12-20,0.0,32.53,14.42,37.29,10.05
2011-12-21,0.0,31.23,16.56,27.35,12.64
2011-12-22,0.0,29.06,14.17,27.52,9.82
2011-12-23,0.0,29.23,12.25,27.48,12.64
2011-12-24,0.0,29.07,12.48,34.54,10.64
2011-12-25,0.0,31.24,14.02,34.41,13.24
2011-12-26,0.0,31.79,16.05,37.9,15.95
2011-12-27,0.0,31.73,15.2,43.94,16.26
2011-12-28,0.0,31.53,15.91,38.52,16.4
2011-12-29,0.0,29.25,15.97,34.07,14.97
2011-12-30,0.0,26.94,14.93,32.81,18.68
2011-12-31,0.0,26.52,12.14,45.43,17.76
2012-01-01,0.0,26.25,11.69,36.18,14.71
2012-01-02,0.0,29.27,13.52,40.15,16.0
2012-01-03,0.0,31.62,15.41,29.62,13.02
2012-01-04,0.0,33.52,17.42,24.94,10.12
2012-01-05,0.0,32.56,18.9,24.98,11.99
2012-01-06,0.0,33.06,17.85,33.18,15.84
2012-01-07,0.0,33.44,16.31,33.75,14.6
2012-01-08,0.0,33.98,17.94,29.58,11.0
2012-01-09,0.0,34.67,16.33,21.29,8.74
2012-01-10,0.0,35.37,17.1,25.68,9.76
2012-01-11,0.0,36.59,17.61,28.08,9.86
2012-01-12,0.0,36.97,17.02,30.39,10.96
2012-01-13,0.0,36.62,18.16,28.28,9.28
2012-01-14,0.0,34.47,18.34,21.91,9.11
2012-01-15,0.0,34.17,18.8,21.99,9.33
2012-01-16,0.0,35.73,17.94,18.96,9.55
2012-01-17,0.0,36.29,18.69,26.96,11.37
2012-01-18,0.0,33.06,17.88,43.81,21.06
2012-01-19,0.0,28.78,14.87,58.51,19.12
2012-01-20,0.0,24.33,11.44,62.21,29.4
2012-01-21,0.0,25.01,10.47,63.02,26.46
2012-01-22,0.0,26.66,10.09,55.34,21.27
2012-01-23,0.0,28.66,10.59,56.26,18.57
2012-01-24,0.0,29.54,12.21,45.16,20.34
2012-01-25,0.0,30.12,13.12,44.62,16.8
2012-01-26,0.0,30.07,12.18,40.71,15.08
2012-01-27,0.0,30.18,12.01,40.11,14.56
2012-01-28,0.0,31.7,13.08,39.74,13.46
2012-01-29,0.0,33.43,15.09,43.48,13.66
2012-01-30,0.0,33.32,17.56,34.82,13.58
2012-01-31,0.0,35.69,17.97,36.5,10.93
2012-02-01,0.0,34.54,20.5,31.4,12.1
2012-02-02,0.0,34.96,20.1,39.89,18.51
2012-02-03,0.0,35.89,19.3,45.13,12.75
2012-02-04,0.0,31.92,18.38,40.72,17.32
2012-02-05,0.0,28.23,15.9,40.75,14.82
2012-02-06,0.0,30.76,17.31,33.43,10.46
2012-02-07,0.0,28.47,13.32,16.95,6.86
2012-02-08,0.0,31.33,16.3,24.36,7.84
2012-02-09,0.0,32.77,14.66,26.38,9.72
2012-02-10,0.0,30.53,15.74,46.16,15.14
2012-02-11,0.0,31.04,13.8,45.55,11.63
2012-02-12,0.0,29.34,17.63,27.32,13.62
2012-02-13,0.0,30.69,16.15,27.47,11.12
2012-02-14,0.0,31.94,15.88,27.42,11.82
2012-02-15,0.0,29.95,18.05,31.55,17.21
2012-02-16,0.0,31.76,16.93,43.49,17.32
2012-02-17,0.0,29.69,15.28,72.53,29.91
2012-02-18,0.0,30.63,17.07,62.1,25.8
2012-02-19,0.0,32.49,13.71,87.67,13.61
2012-02-20,0.0,32.58,14.31,41.68,14.78
2012-02-21,0.0,32.4,14.85,33.25,9.89
2012-02-22,0.0,31.21,14.84,27.29,10.8
2012-02-23,0.0,31.41,14.82,25.13,11.37
2012-02-24,0.0,32.3,14.67,24.23,9.54
2012-02-25,0.0,33.9,15.52,21.53,8.0
2012-02-26,0.0,36.47,17.36,19.85,6.21
2012-02-27,0.0,38.82,18.29,22.4,7.77
2012-02-28,0.0,37.18,18.79,32.63,10.33
2012-02-29,0.0,37.75,16.73,57.4,9.86
2012-03-01,0.0,37.64,19.25,26.27,7.75
2012-03-02,0.0,35.17,18.35,21.38,9.24
2012-03-03,0.0,34.5,17.1,19.36,7.21
2012-03-04,0.0,34.58,16.79,20.7,8.02
2012-03-05,0.0,35.56,15.8,29.4,9.54
2012-03-06,0.0,37.7,17.54,27.76,8.89
2012-03-07,0.0,39.39,18.9,25.7,8.01
2012-03-08,0.0,38.55,19.17,21.82,6.45
2012-03-09,0.0,36.38,19.71,26.23,9.91
2012-03-10,0.0,34.76,17.51,18.72,8.04
2012-03-11,0.0,36.5,18.09,20.8,8.52
2012-03-12,0.0,36.25,17.98,23.51,9.22
2012-03-13,0.0,36.73,17.07,24.08,8.19
2012-03-14,0.0,38.33,18.52,25.86,9.04
2012-03-15,0.0,39.56,20.05,22.85,7.41
2012-03-16,0.0,40.05,20.96,21.11,9.11
2012-03-17,0.0,41.2,22.22,22.63,8.27
2012-03-18,0.0,41.96,23.72,26.89,8.93
2012-03-19,0.0,42.96,23.08,31.39,7.58
2012-03-20,0.0,39.06,21.04,51.4,18.28
2012-03-21,0.0,35.17,17.35,82.52,25.99
2012-03-22,0.0,32.27,15.32,98.35,35.96
2012-03-23,0.0,32.67,16.82,78.1,28.66
2012-03-24,0.0,34.09,16.97,87.32,25.76
2012-03-25,0.0,33.2,15.24,97.43,32.0
2012-03-26,0.0,32.56,15.57,99.99,37.29
2012-03-27,1.23,31.41,16.07,93.21,36.85
2012-03-28,1.32,24.06,15.7,99.55,64.57
2012-03-29,0.0,31.29,15.55,99.33,46.45
2012-03-30,0.0,37.11,17.53,94.59,23.45
2012-03-31,0.0,36.03,16.94,96.22,28.76
2012-04-01,0.0,36.47,17.62,92.71,20.0
2012-04-02,0.0,34.84,16.56,95.83,20.98
2012-04-03,0.0,32.55,16.04,96.24,30.5
2012-04-04,0.0,34.31,15.69,95.89,19.08
2012-04-05,0.0,36.11,16.91,79.93,15.97
2012-04-06,0.0,37.32,16.59,89.64,15.08
2012-04-07,0.0,37.67,17.85,86.13,17.45
2012-04-08,0.0,33.46,18.65,76.63,27.13
2012-04-09,0.0,36.11,19.4,67.19,19.27
2012-04-10,0.0,39.41,21.0,59.68,21.75
2012-04-11,0.0,34.64,20.67,87.13,39.93
2012-04-12,0.0,34.86,19.47,94.76,30.2
2012-04-13,0.0,35.8,20.64,49.57,22.07
2012-04-14,0.0,37.4,21.77,42.04,19.12
2012-04-15,0.0,38.78,21.42,40.23,12.83
2012-04-16,0.0,37.1,19.22,37.77,12.29
2012-04-17,0.0,37.08,18.93,58.08,17.92
2012-04-18,0.0,32.25,16.16,93.49,32.11
2012-04-19,0.0,31.85,16.8,69.96,31.55
2012-04-20,0.0,34.94,17.85,75.25,26.82
2012-04-21,0.0,34.97,17.63,79.44,32.65
2012-04-22,0.0,39.3,19.5,72.3,23.24
2012-04-23,0.0,42.42,21.79,61.39,15.97
2012-04-24,0.0,38.91,21.75,60.71,21.77
2012-04-25,0.0,36.45,17.72,93.21,25.1
2012-04-26,0.0,37.11,18.44,82.45,21.66
2012-04-27,0.0,36.5,18.1,79.26,20.93
2012-04-28,0.0,40.98,21.12,69.43,13.67
2012-04-29,0.0,38.99,25.11,50.61,22.14
2012-04-30,0.0,40.3,23.04,74.4,17.85
2012-05-01,0.0,40.32,23.11,45.82,15.34
2012-05-02,0.0,40.46,22.46,45.18,16.45
2012-05-03,0.0,41.24,21.13,68.2,14.56
2012-05-04,0.0,42.35,22.17,53.2,11.79
2012-05-05,0.0,43.37,23.28,42.68,12.88
2012-05-06,0.0,44.03,23.86,40.19,10.08
2012-05-07,0.0,44.77,24.39,33.04,10.39
2012-05-08,0.0,42.91,23.07,49.44,13.04
2012-05-09,0.0,40.09,19.92,75.01,17.77
2012-05-10,0.0,39.04,19.38,89.88,22.94
2012-05-11,0.0,38.03,20.1,85.38,29.72
2012-05-12,0.0,38.43,19.63,86.72,27.0
2012-05-13,0.0,40.55,19.53,86.17,21.69
2012-05-14,0.0,37.35,20.28,82.87,30.98
2012-05-15,0.0,36.12,19.56,96.23,34.16
2012-05-16,0.0,37.48,19.59,93.49,29.06
2012-05-17,0.0,39.8,21.66,78.56,26.53
2012-05-18,0.0,38.68,23.22,75.19,31.92
2012-05-19,0.0,35.71,22.0,87.42,41.72
2012-05-20,0.0,44.39,22.15,83.19,14.21
2012-05-21,0.0,42.8,25.78,39.31,17.39
2012-05-22,0.0,37.11,21.39,83.68,33.85
2012-05-23,0.0,36.57,20.39,78.52,34.31
2012-05-24,0.0,42.55,22.24,76.99,22.53
2012-05-25,0.0,42.36,22.9,81.95,22.51
2012-05-26,0.0,37.64,22.12,83.17,36.74
2012-05-27,0.0,43.24,22.25,76.18,15.69
2012-05-28,0.0,38.04,22.17,56.34,17.51
2012-05-29,0.0,37.52,17.85,93.43,19.8
2012-05-30,0.0,39.07,18.25,96.57,16.91
2012-05-31,0.0,40.93,19.8,71.19,13.92
2012-06-01,0.0,41.29,21.71,72.11,16.07
2012-06-02,0.0,37.32,24.01,69.45,33.05
2012-06-03,0.0,39.8,23.77,70.06,27.31
2012-06-04,0.0,40.86,23.98,81.73,28.31
2012-06-05,0.0,43.12,23.89,67.16,13.09
2012-06-06,0.0,38.71,22.15,76.18,24.73
2012-06-07,0.0,37.88,20.3,88.87,26.91
2012-06-08,0.0,40.58,21.47,83.62,20.72
2012-06-09,0.0,44.48,24.83,66.1,14.23
2012-06-10,0.0,43.19,25.04,65.69,18.85
2012-06-11,0.0,43.19,24.71,59.64,13.17
2012-06-12,0.0,42.08,24.9,66.74,20.51
2012-06-13,0.0,36.72,22.18,91.77,41.43
2012-06-14,0.0,36.75,22.84,91.66,38.53
2012-06-15,0.0,39.0,22.86,87.47,25.54
2012-06-16,0.0,43.63,24.02,64.14,10.36
2012-06-17,0.0,42.1,23.89,79.99,16.61
2012-06-18,0.0,39.94,21.72,93.95,19.65
2012-06-19,0.0,40.69,21.96,82.97,20.14
2012-06-20,0.0,36.04,22.59,76.5,33.73
2012-06-21,0.0,39.59,21.98,90.73,25.09
2012-06-22,0.0,45.09,24.22,74.66,13.52
2012-06-23,0.0,44.38,28.35,58.02,15.55
2012-06-24,1.31,35.99,22.37,97.97,46.74
2012-06-25,0.0,34.76,20.84,97.56,44.51
2012-06-26,0.0,35.76,21.59,82.38,35.48
2012-06-27,0.0,36.84,23.47,79.86,36.9
2012-06-28,0.0,36.87,22.49,97.18,39.82
2012-06-29,0.0,36.47,24.07,93.71,43.05
2012-06-30,0.0,36.78,24.03,90.68,42.75
2012-07-01,0.0,36.02,23.21,86.7,42.07
2012-07-02,0.0,37.05,24.4,84.4,44.73
2012-07-03,0.0,37.22,24.11,86.52,40.86
2012-07-04,0.0,37.38,23.22,89.02,39.93
2012-07-05,0.0,35.14,24.15,87.82,46.41
2012-07-06,0.38,37.55,24.01,82.58,37.65
2012-07-07,0.11,37.88,25.18,75.36,37.23
2012-07-08,3.23,38.09,24.36,87.37,37.17
2012-07-09,0.0,37.59,23.71,84.92,37.15
2012-07-10,0.0,36.74,24.16,79.32,37.94
2012-07-11,0.0,38.24,23.09,88.64,37.03
2012-07-12,3.66,38.15,24.54,92.33,41.51
2012-07-13,0.0,36.4,24.61,92.55,43.98
2012-07-14,0.0,36.36,23.86,83.44,40.31
2012-07-15,0.0,36.82,23.98,84.55,40.74
2012-07-16,3.33,36.99,23.53,88.06,42.45
2012-07-17,0.06,37.05,23.69,84.99,41.17
2012-07-18,0.0,37.79,23.96,89.92,42.35
2012-07-19,0.0,36.12,24.84,86.56,46.93
2012-07-20,4.94,36.41,23.8,93.17,43.0
2012-07-21,13.65,34.16,23.73,89.29,52.71
2012-07-22,0.0,35.54,24.13,98.6,53.51
2012-07-23,7.12,33.75,23.47,99.41,61.68
2012-07-24,0.0,38.18,23.56,93.57,40.82
2012-07-25,0.0,38.1,24.6,94.7,39.49
2012-07-26,0.0,38.12,25.0,97.72,43.22
2012-07-27,0.01,36.93,24.02,93.01,39.7
2012-07-28,0.0,38.73,24.37,82.3,35.29
2012-07-29,0.0,40.37,24.19,96.21,27.14
2012-07-30,0.0,38.52,24.35,91.45,36.08
2012-07-31,0.0,38.78,24.58,87.32,38.34
2012-08-01,0.71,35.85,24.14,89.89,50.26
2012-08-02,0.0,38.3,24.17,88.2,41.79
2012-08-03,0.0,36.7,24.46,92.94,48.31
2012-08-04,0.0,36.47,25.34,92.93,47.5
2012-08-05,0.0,37.35,23.99,89.97,39.14
2012-08-06,0.0,38.6,23.97,90.01,39.28
2012-08-07,2.71,34.72,24.61,96.68,56.55
2012-08-08,0.0,35.89,24.56,94.98,43.45
2012-08-09,0.0,39.22,23.9,80.3,29.89
2012-08-10,14.13,38.12,24.97,80.37,35.04
2012-08-11,5.86,38.13,24.25,92.21,40.23
2012-08-12,9.85,37.1,24.18,96.59,46.51
2012-08-13,2.89,35.7,24.37,98.75,52.87
2012-08-14,0.03,32.59,23.35,99.58,65.68
2012-08-15,0.0,35.61,24.28,99.39,54.96
2012-08-16,3.4,37.42,24.69,97.37,49.69
2012-08-17,12.27,31.42,24.62,98.47,77.2
2012-08-18,0.08,29.23,23.51,99.14,83.87
2012-08-19,0.0,31.39,23.23,99.57,67.66
2012-08-20,0.0,32.93,22.52,99.34,57.72
2012-08-21,0.01,34.02,23.94,97.02,54.38
2012-08-22,0.0,34.94,24.32,94.02,53.75
2012-08-23,0.0,35.39,24.4,98.63,51.09
2012-08-24,0.0,38.0,25.31,89.16,41.06
2012-08-25,1.89,36.01,25.06,97.14,49.69
2012-08-26,0.83,34.17,24.71,98.68,60.5
2012-08-27,0.0,35.78,24.2,99.54,52.03
2012-08-28,0.0,36.86,25.01,94.11,50.79
2012-08-29,0.0,34.21,23.97,98.68,57.17
2012-08-30,0.0,36.42,24.71,91.18,47.38
2012-08-31,0.0,38.16,24.26,94.43,41.43
2012-09-01,13.37,33.43,24.27,99.22,62.84
2012-09-02,0.83,30.18,23.45,99.62,77.77
2012-09-03,4.06,33.6,23.62,99.22,58.31
2012-09-04,0.26,35.25,24.01,99.92,54.44
2012-09-05,0.0,34.65,24.02,99.15,55.47
2012-09-06,0.01,36.99,23.38,92.13,36.26
2012-09-07,4.58,36.21,23.8,91.78,51.66
2012-09-08,0.02,34.4,23.88,99.27,55.8
2012-09-09,0.0,37.48,23.93,99.04,46.05
2012-09-10,0.0,38.28,24.91,96.1,45.51
2012-09-11,0.09,38.21,24.66,99.15,43.56
2012-09-12,0.0,37.47,24.66,93.12,41.93
2012-09-13,0.0,40.18,24.5,87.58,34.23
2012-09-14,0.0,39.27,25.03,88.82,37.7
2012-09-15,0.0,37.21,24.49,89.81,44.63
2012-09-16,0.05,38.32,24.29,90.52,34.29
2012-09-17,0.0,41.36,23.57,90.15,16.44
2012-09-18,0.52,38.73,24.87,74.09,36.3
2012-09-19,0.0,35.28,25.05,95.62,54.15
2012-09-20,0.0,36.1,23.63,97.32,43.9
2012-09-21,8.55,37.26,23.02,94.77,40.66
2012-09-22,3.79,33.22,23.6,99.5,61.01
2012-09-23,0.01,29.07,23.26,99.65,81.32
2012-09-24,0.2,31.7,23.04,99.26,70.31
2012-09-25,5.43,33.57,23.5,99.4,60.98
2012-09-26,0.0,35.11,23.51,99.01,54.31
2012-09-27,9.31,37.16,24.35,98.89,46.22
2012-09-28,0.02,37.22,24.16,89.52,46.46
2012-09-29,0.0,31.88,24.04,99.13,71.42
2012-09-30,0.44,32.93,23.59,98.37,65.21
2012-10-01,0.0,34.14,22.48,99.4,48.4
2012-10-02,0.0,38.16,23.16,96.22,30.51
2012-10-03,6.79,37.35,24.01,98.31,52.67
2012-10-04,0.0,35.45,23.4,98.83,54.55
2012-10-05,0.0,36.01,22.93,99.08,48.58
2012-10-06,0.0,38.31,23.25,99.13,37.41
2012-10-07,0.0,39.39,23.62,98.79,33.11
2012-10-08,0.0,38.16,24.66,91.15,40.98
2012-10-09,0.0,39.06,23.45,98.57,34.35
2012-10-10,2.58,39.0,23.69,95.89,35.07
2012-10-11,0.0,34.2,23.79,97.67,57.72
2012-10-12,0.0,35.44,23.28,97.98,50.45
2012-10-13,0.0,38.52,22.62,98.79,36.26
2012-10-14,0.0,40.01,23.29,98.86,25.91
2012-10-15,0.0,39.22,22.77,99.52,26.67
2012-10-16,0.0,39.07,22.38,100.0,29.08
2012-10-17,0.0,38.35,21.75,99.71,27.22
2012-10-18,0.0,36.47,21.43,98.04,32.64
2012-10-19,0.0,34.92,20.18,97.84,33.34
2012-10-20,0.0,36.64,20.27,96.93,29.48
2012-10-21,0.0,37.05,22.02,86.34,28.95
2012-10-22,0.0,38.61,23.42,92.15,32.75
2012-10-23,0.0,39.91,22.88,97.47,28.44
2012-10-24,0.0,41.48,24.77,81.34,19.83
2012-10-25,0.0,41.44,24.72,63.37,18.04
2012-10-26,0.0,41.61,24.91,51.62,13.55
2012-10-27,0.0,40.42,23.94,51.95,16.65
2012-10-28,0.0,39.22,22.75,63.09,21.13
2012-10-29,0.0,38.07,22.0,63.44,19.23
2012-10-30,0.0,39.61,23.36,69.55,18.82
2012-10-31,0.0,37.49,22.28,98.2,30.61
2012-11-01,0.0,39.13,20.35,89.78,25.73
2012-11-02,0.0,40.28,21.29,96.58,23.01
2012-11-03,0.0,42.12,23.08,68.96,17.13
2012-11-04,0.0,41.46,23.72,54.18,19.44
2012-11-05,0.0,40.09,22.37,83.73,29.6
2012-11-06,0.0,39.97,21.8,97.96,28.64
2012-11-07,0.0,38.82,21.04,93.48,28.81
2012-11-08,0.0,37.52,20.82,90.34,28.12
2012-11-09,0.0,39.1,21.47,74.98,26.52
2012-11-10,0.0,41.61,24.15,65.35,24.17
2012-11-11,0.0,36.28,21.69,50.05,19.76
2012-11-12,0.0,35.91,19.6,56.54,23.08
2012-11-13,0.0,35.65,19.75,61.7,25.18
2012-11-14,0.0,34.23,18.81,53.6,22.12
2012-11-15,0.0,35.64,19.24,58.04,19.11
2012-11-16,0.0,37.56,20.43,67.77,26.22
2012-11-17,0.0,38.5,20.61,77.43,19.95
2012-11-18,0.0,35.88,20.79,60.44,27.85
2012-11-19,0.0,38.4,21.13,64.27,26.07
2012-11-20,0.0,37.43,21.2,56.53,23.98
2012-11-21,0.0,36.22,19.69,85.05,24.78
2012-11-22,0.0,35.08,19.02,79.84,21.73
2012-11-23,0.0,34.1,19.01,65.97,28.35
2012-11-24,0.0,33.26,20.23,72.84,36.42
2012-11-25,0.0,31.91,19.75,98.05,51.88
2012-11-26,0.0,31.53,18.77,98.93,48.98
2012-11-27,0.0,32.04,18.49,95.74,40.44
2012-11-28,0.0,33.52,19.4,79.81,32.33
2012-11-29,0.0,34.48,18.95,94.75,30.98
2012-11-30,0.0,31.64,19.97,58.24,28.29
2012-12-01,0.01,27.15,16.13,92.93,40.45
2012-12-02,0.0,26.32,13.03,94.85,53.66
2012-12-03,0.0,25.6,15.12,78.15,35.91
2012-12-04,0.0,26.24,15.85,46.14,22.53
2012-12-05,0.0,28.72,13.92,31.13,14.31
2012-12-06,0.0,28.78,12.14,37.64,14.52
2012-12-07,0.0,30.64,12.81,34.91,12.77
2012-12-08,0.0,31.92,14.66,29.59,11.67
2012-12-09,0.0,31.49,16.37,35.5,14.0
2012-12-10,0.0,32.61,16.22,35.7,16.42
2012-12-11,0.0,33.61,15.77,36.28,12.97
2012-12-12,0.0,30.0,15.14,78.49,20.53
2012-12-13,0.0,31.33,15.31,77.68,19.32
2012-12-14,0.0,31.45,14.27,43.66,13.98
2012-12-15,0.0,31.84,13.87,28.07,10.06
2012-12-16,0.0,29.19,13.4,29.85,12.01
2012-12-17,0.0,29.83,13.89,33.76,12.07
2012-12-18,0.0,32.63,16.46,32.01,12.68
2012-12-19,0.0,35.46,15.88,29.23,13.14
2012-12-20,0.0,37.1,17.45,35.83,9.97
2012-12-21,0.0,34.29,16.85,35.45,12.98
2012-12-22,0.0,34.14,15.64,43.89,13.52
2012-12-23,0.0,35.98,16.3,36.84,11.63
2012-12-24,0.0,34.81,17.09,36.69,13.92
2012-12-25,0.0,34.62,16.95,38.26,13.89
2012-12-26,0.0,33.92,16.37,36.85,13.89
2012-12-27,0.0,31.61,15.45,44.46,19.23
2012-12-28,0.0,33.93,14.54,50.64,12.35
2012-12-29,0.0,29.5,14.39,44.01,18.68
2012-12-30,0.0,27.72,12.84,44.26,18.55
2012-12-31,0.0,28.47,12.43,47.2,17.65
2013-01-01,0.0,29.15,13.19,34.73,15.74
2013-01-02,0.0,31.09,14.11,31.97,12.93
2013-01-03,0.0,30.63,13.72,28.7,13.1
2013-01-04,0.0,30.7,15.41,29.71,13.14
2013-01-05,0.0,29.03,14.67,36.56,20.18
2013-01-06,0.0,28.28,13.11,48.65,23.4
2013-01-07,0.0,29.47,11.67,58.57,19.22
2013-01-08,0.0,30.37,12.34,46.13,16.97
2013-01-09,0.0,30.45,12.94,45.42,17.85
2013-01-10,0.0,34.05,14.86,42.33,15.27
2013-01-11,0.0,35.14,15.83,36.47,13.26
2013-01-12,0.0,35.91,18.26,28.5,12.33
2013-01-13,0.0,35.32,16.79,35.46,12.35
2013-01-14,0.0,32.89,15.89,31.3,10.62
2013-01-15,0.0,30.87,14.79,20.9,8.3
2013-01-16,0.0,30.97,13.67,22.26,9.44
2013-01-17,0.0,28.93,12.49,26.64,8.25
2013-01-18,0.0,29.81,13.38,21.78,6.28
2013-01-19,0.0,29.97,12.65,22.61,7.16
2013-01-20,0.0,31.76,13.19,41.26,11.52
2013-01-21,0.0,32.61,14.33,79.48,25.03
2013-01-22,0.0,32.28,16.17,64.71,24.42
2013-01-23,0.0,32.21,17.77,51.8,27.59
2013-01-24,0.0,31.39,14.3,58.0,21.28
2013-01-25,0.0,32.86,15.95,46.77,19.84
2013-01-26,0.0,32.86,17.64,32.02,11.75
2013-01-27,0.0,31.81,13.2,67.59,14.26
2013-01-28,0.0,33.28,14.33,45.95,9.3
2013-01-29,0.0,34.19,14.33,28.98,10.62
2013-01-30,0.0,33.27,15.5,27.62,11.09
2013-01-31,0.0,35.64,16.71,33.69,12.0
2013-02-01,0.0,37.44,19.67,25.85,7.08
2013-02-02,0.0,36.33,19.36,26.21,9.84
2013-02-03,0.0,35.4,17.47,31.42,9.42
2013-02-04,0.0,35.48,17.34,28.95,8.28
2013-02-05,0.0,35.98,18.37,22.85,7.69
2013-02-06,0.0,34.95,18.27,19.56,7.16
2013-02-07,0.0,35.83,17.57,18.73,5.71
2013-02-08,0.0,36.95,18.79,18.29,6.46
2013-02-09,0.0,35.53,18.65,28.74,8.9
2013-02-10,0.0,34.48,18.06,58.01,18.39
2013-02-11,0.0,38.7,18.52,67.02,8.53
2013-02-12,0.0,39.22,20.44,28.83,9.53
2013-02-13,0.0,38.34,19.03,27.62,7.76
2013-02-14,0.0,37.33,18.5,25.98,6.96
2013-02-15,0.0,37.45,18.3,32.44,7.45
2013-02-16,0.0,35.52,16.32,86.43,18.52
2013-02-17,0.0,37.56,16.36,74.02,12.15
2013-02-18,0.0,37.71,18.63,29.7,7.4
2013-02-19,0.0,32.86,16.07,40.96,13.58
2013-02-20,0.0,32.88,14.23,75.84,17.28
2013-02-21,0.0,34.06,15.05,48.32,15.24
2013-02-22,0.0,36.13,16.07,51.16,13.79
2013-02-23,0.0,36.32,16.88,33.96,10.13
2013-02-24,0.0,36.59,17.19,30.88,9.76
2013-02-25,0.0,38.03,17.92,37.65,11.48
2013-02-26,0.0,34.4,15.91,69.2,18.88
2013-02-27,0.0,31.0,15.09,85.02,30.14
2013-02-28,0.0,33.09,16.07,94.14,27.35
2013-03-01,0.0,36.18,16.88,77.09,18.66
2013-03-02,0.0,33.49,17.31,85.72,28.94
2013-03-03,0.0,34.29,18.15,71.57,26.25
2013-03-04,0.0,31.61,17.89,89.01,44.01
2013-03-05,0.0,32.82,16.76,98.17,39.24
2013-03-06,0.0,33.74,15.07,97.59,32.16
2013-03-07,0.0,39.73,18.42,75.92,18.13
2013-03-08,0.0,41.89,20.84,54.6,16.68
2013-03-09,0.0,42.39,20.66,65.88,13.87
2013-03-10,0.0,42.23,20.73,64.71,13.16
2013-03-11,0.0,40.85,21.4,49.08,13.98
2013-03-12,0.0,40.86,21.03,40.14,12.26
2013-03-13,0.0,40.97,20.4,35.37,10.09
2013-03-14,0.0,41.26,20.39,34.1,11.44
2013-03-15,0.0,41.38,20.7,43.63,12.36
2013-03-16,0.0,35.4,19.42,73.72,29.33
2013-03-17,0.0,34.94,20.18,66.98,32.46
2013-03-18,0.0,34.09,17.52,98.22,35.31
2013-03-19,0.0,34.14,19.49,71.57,33.33
2013-03-20,0.0,39.89,17.54,98.44,16.98
2013-03-21,0.0,40.92,20.83,59.63,16.48
2013-03-22,0.0,40.02,19.99,83.61,17.67
2013-03-23,0.0,37.92,20.66,79.69,22.26
2013-03-24,0.0,40.92,21.66,52.5,14.03
2013-03-25,0.0,38.43,20.79,36.07,12.05
2013-03-26,0.0,38.1,19.6,42.17,14.79
2013-03-27,0.0,36.05,16.67,91.0,20.12
2013-03-28,0.0,38.96,17.61,76.36,13.11
2013-03-29,0.0,40.89,20.23,41.22,13.44
2013-03-30,0.0,41.72,21.86,32.54,10.15
2013-03-31,0.0,42.01,19.79,47.03,9.36
2013-04-01,0.0,41.58,19.02,60.0,13.05
2013-04-02,0.0,38.48,18.6,71.39,21.76
2013-04-03,0.0,34.51,16.43,97.39,27.64
2013-04-04,0.0,32.98,17.16,93.39,23.04
2013-04-05,0.0,35.61,16.61,67.48,14.6
2013-04-06,0.0,39.73,19.07,44.46,11.03
2013-04-07,0.0,39.55,20.6,41.06,13.01
2013-04-08,0.0,30.93,19.38,78.03,31.78
2013-04-09,0.0,34.86,15.2,95.98,15.28
2013-04-10,0.0,38.03,17.49,67.67,13.14
2013-04-11,0.0,39.38,18.73,75.99,17.81
2013-04-12,0.0,43.14,20.01,76.22,11.89
2013-04-13,0.0,44.07,20.86,61.22,9.86
2013-04-14,0.0,43.6,21.95,43.7,9.22
2013-04-15,0.0,44.25,22.73,41.98,7.02
2013-04-16,0.0,43.85,23.65,31.71,9.1
2013-04-17,0.0,38.47,20.38,64.2,22.21
2013-04-18,0.0,34.97,17.4,98.57,36.27
2013-04-19,0.0,35.12,17.9,99.71,36.08
2013-04-20,0.0,33.65,16.64,99.71,36.71
2013-04-21,0.0,35.26,17.67,92.28,31.39
2013-04-22,0.0,36.13,17.59,97.92,33.56
2013-04-23,0.0,39.39,18.4,89.0,21.91
2013-04-24,0.0,39.05,19.0,85.97,25.32
2013-04-25,0.0,39.35,18.91,90.01,21.87
2013-04-26,0.0,40.01,18.72,88.51,19.88
2013-04-27,0.0,42.17,20.1,69.49,16.77
2013-04-28,0.0,38.9,19.6,78.33,22.76
2013-04-29,0.0,37.51,19.0,89.8,25.0
2013-04-30,0.0,36.65,17.92,88.44,20.05
2013-05-01,0.0,36.87,17.05,95.42,15.06
2013-05-02,0.0,38.33,18.07,78.05,12.87
2013-05-03,0.0,39.08,19.95,47.64,11.56
2013-05-04,0.0,38.92,19.66,48.38,9.71
2013-05-05,0.0,39.85,20.24,50.1,9.07
2013-05-06,0.0,41.54,21.59,34.19,9.05
2013-05-07,0.0,43.41,22.91,31.53,8.86
2013-05-08,0.0,44.33,23.4,42.57,8.52
2013-05-09,0.0,45.04,23.25,52.66,6.09
2013-05-10,0.0,43.29,22.98,60.25,15.65
2013-05-11,0.0,36.57,18.82,95.49,32.33
2013-05-12,0.0,37.93,20.39,94.18,32.02
2013-05-13,0.0,39.01,20.31,84.57,27.13
2013-05-14,0.0,44.01,21.82,74.06,14.23
2013-05-15,0.0,41.12,24.5,46.62,15.81
2013-05-16,0.0,38.48,19.53,81.89,17.41
2013-05-17,0.0,34.28,17.53,97.95,30.79
2013-05-18,0.0,40.74,20.25,81.07,14.83
2013-05-19,0.0,42.12,24.13,50.86,16.24
2013-05-20,0.0,44.13,27.16,35.33,16.68
2013-05-21,0.0,44.24,27.26,35.62,16.94
2013-05-22,0.0,44.8,27.63,41.16,16.38
2013-05-23,0.0,45.84,26.43,46.58,13.71
2013-05-24,0.0,45.94,27.37,41.8,14.95
2013-05-25,0.0,46.02,27.8,41.22,14.25
2013-05-26,0.0,45.23,27.3,43.28,9.02
2013-05-27,0.0,43.81,25.73,40.23,10.1
2013-05-28,0.0,44.24,24.81,47.93,13.73
2013-05-29,0.0,44.4,26.29,33.1,9.72
2013-05-30,0.0,45.02,26.01,36.61,9.12
2013-05-31,0.0,44.3,28.1,32.08,10.16
2013-06-01,0.0,41.61,26.45,46.49,17.91
2013-06-02,0.0,35.86,20.46,83.85,35.18
2013-06-03,0.0,35.98,22.09,76.45,34.42
2013-06-04,0.0,36.37,21.33,73.34,30.96
2013-06-05,0.0,37.34,22.66,77.5,34.44
2013-06-06,0.0,40.62,20.34,96.86,19.54
2013-06-07,0.0,45.52,24.28,66.54,12.27
2013-06-08,0.0,38.21,24.19,69.72,30.23
2013-06-09,0.0,38.05,22.14,86.79,26.84
2013-06-10,0.0,44.85,23.32,70.27,9.73
2013-06-11,0.0,43.9,26.41,40.34,13.96
2013-06-12,0.0,39.43,21.6,92.21,27.35
2013-06-13,0.0,42.31,22.41,80.7,17.25
2013-06-14,0.0,44.33,24.4,64.44,12.37
2013-06-15,0.0,39.35,22.18,82.92,28.55
2013-06-16,0.0,36.92,21.52,85.37,34.62
2013-06-17,0.0,37.62,23.21,79.5,33.97
2013-06-18,0.0,37.41,22.86,84.98,36.77
2013-06-19,0.0,39.24,23.06,83.86,24.41
2013-06-20,0.0,42.61,22.7,72.05,11.74
2013-06-21,0.0,41.25,22.85,72.14,16.44
2013-06-22,0.0,40.47,21.69,82.49,20.24
2013-06-23,0.0,40.63,21.86,88.15,20.22
2013-06-24,0.0,41.91,21.87,80.95,15.59
2013-06-25,0.0,40.3,21.34,89.71,20.85
2013-06-26,0.0,39.43,21.08,93.47,23.24
2013-06-27,0.0,35.48,20.55,88.39,33.51
2013-06-28,0.0,34.41,21.02,78.8,36.64
2013-06-29,0.0,37.96,22.96,72.72,25.94
2013-06-30,0.0,37.57,22.62,83.89,36.52
2013-07-01,0.0,36.99,24.09,86.14,38.85
2013-07-02,0.0,36.12,25.3,75.93,40.41
2013-07-03,0.0,37.71,24.94,75.67,37.8
2013-07-04,0.17,37.44,25.22,74.87,37.53
2013-07-05,0.0,39.0,24.09,82.48,31.89
2013-07-06,0.0,38.45,23.73,91.75,38.04
2013-07-07,0.0,37.66,24.18,85.74,36.81
2013-07-08,0.07,38.7,24.98,72.44,32.16
2013-07-09,0.0,36.85,24.28,69.8,35.26
2013-07-10,0.0,35.57,23.02,81.35,41.93
2013-07-11,0.0,34.69,21.87,90.66,40.97
2013-07-12,0.0,37.92,23.22,79.18,31.6
2013-07-13,0.01,40.82,24.58,81.63,27.43
2013-07-14,3.34,40.01,26.11,74.29,26.85
2013-07-15,0.0,40.64,23.03,92.47,24.69
2013-07-16,0.0,40.43,24.53,81.91,32.53
2013-07-17,0.24,38.49,25.61,96.93,44.81
2013-07-18,0.0,35.15,23.64,97.88,42.25
2013-07-19,0.0,38.32,22.72,86.22,33.72
2013-07-20,6.95,39.33,24.29,90.78,37.31
2013-07-21,5.97,33.87,23.83,99.03,67.84
2013-07-22,0.0,34.81,23.98,98.88,55.79
2013-07-23,0.0,35.49,24.35,95.84,49.34
2013-07-24,0.0,36.9,23.45,98.46,41.63
2013-07-25,0.0,37.91,23.79,89.57,35.45
2013-07-26,0.0,37.24,23.38,93.02,43.13
2013-07-27,0.0,38.16,25.01,94.09,41.51
2013-07-28,0.0,36.82,24.43,97.96,46.97
2013-07-29,0.0,36.49,23.88,88.9,38.5
2013-07-30,0.0,37.32,24.07,90.68,41.85
2013-07-31,0.1,35.9,24.8,93.19,49.57
2013-08-01,0.0,34.19,24.36,98.51,58.05
2013-08-02,12.38,31.94,23.13,99.03,65.67
2013-08-03,0.0,35.56,23.46,99.41,50.18
2013-08-04,0.0,37.81,24.57,94.77,45.1
2013-08-05,0.0,36.48,24.08,84.63,45.42
2013-08-06,2.52,37.97,24.31,89.73,42.96
2013-08-07,0.0,33.1,24.45,98.65,66.59
2013-08-08,0.0,35.98,24.27,98.26,52.55
2013-08-09,0.0,37.8,24.61,89.73,41.67
2013-08-10,7.28,37.42,24.45,94.12,43.23
2013-08-11,7.79,38.56,24.87,91.8,41.42
2013-08-12,4.19,33.47,24.61,99.81,63.18
2013-08-13,0.0,33.85,24.46,98.56,63.22
2013-08-14,1.88,32.77,24.6,98.31,66.01
2013-08-15,0.0,32.83,23.09,99.33,62.15
2013-08-16,0.08,34.19,24.16,98.24,56.12
2013-08-17,0.0,35.92,23.68,91.85,46.32
2013-08-18,0.22,37.92,24.42,87.26,43.02
2013-08-19,7.69,34.35,25.26,85.12,56.67
2013-08-20,0.17,30.78,23.21,98.81,71.02
2013-08-21,0.21,34.97,24.0,99.78,50.48
2013-08-22,0.05,37.78,24.02,97.87,44.37
2013-08-23,0.0,38.92,24.29,89.62,40.68
2013-08-24,0.0,39.51,25.62,87.35,40.03
2013-08-25,0.0,38.85,25.31,87.96,39.42
2013-08-26,0.0,38.35,24.18,92.9,42.68
2013-08-27,0.0,37.53,25.55,87.27,45.57
2013-08-28,0.0,40.49,24.23,85.76,23.19
2013-08-29,3.43,40.66,25.54,68.62,25.03
2013-08-30,0.0,35.63,24.34,94.39,46.76
2013-08-31,0.12,36.73,23.92,94.32,41.62
2013-09-01,0.0,37.32,22.41,96.4,40.81
2013-09-02,0.0,38.23,24.71,93.45,42.07
2013-09-03,3.17,39.3,25.28,93.47,41.69
2013-09-04,17.97,31.28,24.19,98.22,73.61
2013-09-05,0.0,31.0,23.57,99.28,72.08
2013-09-06,24.08,32.28,23.33,98.83,63.87
2013-09-07,0.75,31.79,22.79,97.91,66.99
2013-09-08,2.9,31.8,23.26,98.87,65.95
2013-09-09,0.01,30.39,23.11,99.4,73.38
2013-09-10,4.93,32.65,21.97,99.11,61.54
2013-09-11,0.0,35.12,22.79,98.41,50.27
2013-09-12,0.0,38.61,23.92,96.06,38.2
2013-09-13,0.0,38.77,24.36,95.96,40.78
2013-09-14,0.0,34.09,25.35,98.93,61.84
2013-09-15,2.98,30.31,23.06,99.33,79.26
2013-09-16,0.0,30.77,23.2,99.01,72.41
2013-09-17,0.0,32.9,23.26,98.86,52.2
2013-09-18,0.0,34.86,23.73,90.65,53.55
2013-09-19,11.04,37.65,25.18,95.41,39.13
2013-09-20,0.06,37.49,23.85,98.33,42.04
2013-09-21,0.0,40.13,24.83,81.33,28.59
2013-09-22,0.0,42.4,25.39,76.05,16.3
2013-09-23,0.0,39.59,25.25,93.63,38.01
2013-09-24,0.0,43.0,25.14,91.83,18.04
2013-09-25,0.0,42.48,27.27,59.78,19.17
2013-09-26,0.0,40.05,26.09,87.34,39.02
2013-09-27,0.0,38.56,24.81,83.69,37.98
2013-09-28,0.2,37.77,24.22,87.96,39.74
2013-09-29,0.0,41.18,24.17,87.85,22.27
2013-09-30,0.0,41.43,25.0,86.3,29.11
2013-10-01,0.0,41.7,24.62,99.45,28.03
2013-10-02,0.0,41.41,23.37,99.96,22.2
2013-10-03,0.0,38.74,23.12,92.54,26.41
2013-10-04,0.0,38.37,21.93,95.63,29.78
2013-10-05,0.0,40.96,23.85,96.31,27.76
2013-10-06,0.0,40.86,23.82,97.87,32.94
2013-10-07,0.0,39.18,25.18,94.56,39.33
2013-10-08,0.0,37.84,23.69,98.85,46.16
2013-10-09,0.0,39.54,22.78,98.53,24.18
2013-10-10,0.0,38.06,21.14,94.25,30.43
2013-10-11,0.0,40.69,22.62,93.94,28.83
2013-10-12,2.61,37.94,25.07,91.77,42.84
2013-10-13,0.0,40.8,24.48,97.48,31.43
2013-10-14,0.0,40.35,24.05,94.11,26.74
2013-10-15,0.0,39.84,24.0,89.33,26.68
2013-10-16,0.0,41.8,24.16,85.22,15.53
2013-10-17,0.09,41.74,25.98,60.62,23.65
2013-10-18,0.0,39.91,25.6,80.49,28.96
2013-10-19,0.02,42.6,24.82,80.43,11.81
2013-10-20,0.0,43.11,25.93,40.17,8.78
2013-10-21,0.21,39.76,23.09,91.38,19.33
2013-10-22,0.0,35.61,23.17,98.22,52.21
2013-10-23,0.0,34.36,22.04,98.15,54.56
2013-10-24,0.0,39.59,22.03,99.64,15.89
2013-10-25,0.0,40.69,23.89,41.71,10.99
2013-10-26,0.0,39.9,22.8,68.13,14.38
2013-10-27,0.0,38.28,22.7,78.29,26.26
2013-10-28,0.0,37.19,24.44,87.86,39.12
2013-10-29,0.0,36.41,22.24,85.54,18.98
2013-10-30,0.0,35.5,23.04,56.05,19.25
2013-10-31,0.0,35.27,22.88,64.3,21.33
2013-11-01,0.05,34.55,21.57,57.28,27.07
2013-11-02,0.0,31.59,20.58,89.14,49.29
2013-11-03,0.0,36.35,19.7,89.27,28.22
2013-11-04,0.0,40.11,20.28,58.49,13.81
2013-11-05,0.0,41.06,22.12,37.05,12.0
2013-11-06,0.0,39.97,21.61,33.88,11.26
2013-11-07,0.0,39.5,20.92,31.84,11.02
2013-11-08,0.0,39.38,20.44,36.31,12.16
2013-11-09,0.0,39.98,20.83,38.26,11.38
2013-11-10,0.0,40.12,21.73,41.33,12.63
2013-11-11,0.0,39.5,21.63,38.78,13.58
2013-11-12,0.0,38.5,20.41,43.86,15.38
2013-11-13,0.0,38.82,20.05,51.01,17.81
2013-11-14,0.0,38.67,20.12,53.25,15.37
2013-11-15,0.0,38.95,20.48,40.3,14.83
2013-11-16,0.0,37.56,21.11,41.56,15.02
2013-11-17,0.0,33.83,21.19,56.34,22.94
2013-11-18,0.0,35.39,19.85,80.53,24.47
2013-11-19,0.0,31.32,18.7,54.08,21.68
2013-11-20,0.0,30.7,18.32,46.31,20.3
2013-11-21,0.03,29.59,19.67,52.73,24.4
2013-11-22,0.0,31.3,18.31,56.12,22.66
2013-11-23,0.0,34.49,19.78,50.24,19.12
2013-11-24,0.0,34.11,18.2,68.84,26.95
2013-11-25,0.0,33.41,17.23,74.19,27.0
2013-11-26,0.0,32.55,16.77,98.41,33.33
2013-11-27,0.0,33.39,16.84,95.39,34.01
2013-11-28,0.0,34.01,17.75,98.96,31.04
2013-11-29,0.0,38.54,20.32,57.35,17.64
2013-11-30,0.0,38.3,22.49,43.2,17.21
2013-12-01,0.0,39.77,21.47,42.72,17.24
2013-12-02,0.0,39.91,21.36,57.2,19.88
2013-12-03,0.0,40.33,20.89,66.2,22.32
2013-12-04,0.0,40.2,20.58,65.46,24.28
2013-12-05,0.0,40.61,21.68,66.1,21.09
2013-12-06,0.0,39.63,22.2,46.8,20.47
2013-12-07,0.0,38.03,21.11,49.23,21.53
2013-12-08,0.0,36.94,19.93,45.42,18.97
2013-12-09,0.0,35.66,18.65,40.85,16.46
2013-12-10,0.0,34.43,17.28,48.9,17.54
2013-12-11,0.0,31.57,15.72,38.87,15.24
2013-12-12,0.0,33.7,16.43,49.25,18.46
2013-12-13,0.0,30.39,15.22,94.18,34.38
2013-12-14,0.0,31.35,14.6,83.14,21.93
2013-12-15,0.0,30.44,14.48,73.08,27.04
2013-12-16,0.0,31.08,13.89,83.56,25.01
2013-12-17,0.5,33.51,17.67,50.06,15.02
2013-12-18,0.59,29.66,14.7,99.52,27.74
2013-12-19,0.0,30.39,13.93,67.15,19.13
2013-12-20,0.0,29.18,15.47,50.2,21.59
2013-12-21,0.0,30.35,12.82,45.45,17.73
2013-12-22,0.0,29.63,14.2,68.97,21.16
2013-12-23,0.0,27.67,12.29,52.4,24.2
2013-12-24,0.0,28.38,13.11,50.19,19.98
2013-12-25,0.0,28.08,14.1,46.02,22.54
2013-12-26,0.0,29.14,16.53,42.63,21.98
2013-12-27,0.0,32.7,15.58,43.77,16.96
2013-12-28,0.0,32.52,15.38,62.84,22.07
2013-12-29,0.0,31.54,15.11,84.52,32.66
2013-12-30,0.0,29.09,14.29,87.16,34.85
2013-12-31,0.0,32.56,12.8,91.84,17.08
2014-01-01,0.0,29.95,14.51,60.54,19.46
2014-01-02,0.0,30.47,13.95,51.66,20.59
2014-01-03,0.0,32.04,15.71,49.83,19.9
2014-01-04,0.0,30.59,14.92,42.92,19.28
2014-01-05,0.0,31.8,14.72,41.08,15.34
2014-01-06,0.0,33.93,15.99,38.36,13.38
2014-01-07,0.0,33.12,15.92,39.15,15.05
2014-01-08,0.0,35.0,17.26,37.23,14.04
2014-01-09,0.0,30.09,18.62,80.11,24.45
2014-01-10,0.0,27.68,13.27,97.02,33.47
2014-01-11,0.0,29.02,12.86,88.96,33.93
2014-01-12,0.0,33.15,15.41,68.56,19.95
2014-01-13,0.0,38.87,19.07,43.06,12.92
2014-01-14,0.0,35.5,18.97,38.73,15.07
2014-01-15,0.0,34.07,16.56,40.5,15.04
2014-01-16,0.0,32.82,15.51,52.14,18.06
2014-01-17,0.0,30.7,13.57,99.02,27.08
2014-01-18,0.0,30.11,13.81,87.74,32.54
2014-01-19,0.0,30.63,13.12,78.7,25.13
2014-01-20,0.0,31.78,13.75,61.52,24.97
2014-01-21,0.0,31.23,14.12,69.74,29.13
2014-01-22,0.0,30.84,13.37,78.31,27.57
2014-01-23,0.0,31.71,13.42,66.53,22.55
2014-01-24,0.0,29.43,13.76,78.59,35.31
2014-01-25,0.0,29.73,12.81,67.81,28.64
2014-01-26,0.0,35.74,17.37,54.88,15.86
2014-01-27,0.0,35.73,18.68,38.5,14.12
2014-01-28,0.0,36.16,18.32,27.93,15.03
2014-01-29,0.0,36.94,19.32,40.54,17.5
2014-01-30,0.0,31.86,17.42,53.42,23.9
2014-01-31,0.0,28.53,13.39,53.85,25.16
2014-02-01,0.0,30.39,12.1,65.74,19.36
2014-02-02,0.0,32.34,14.2,52.83,13.58
2014-02-03,0.0,33.07,14.56,45.94,12.24
2014-02-04,0.0,33.43,14.75,54.98,14.62
2014-02-05,0.0,34.57,15.18,51.77,11.68
2014-02-06,0.0,35.97,16.99,29.2,9.42
2014-02-07,0.0,36.59,17.35,27.48,9.42
2014-02-08,0.0,35.85,17.69,25.54,8.52
2014-02-09,0.0,34.86,15.54,28.87,8.02
2014-02-10,0.0,35.04,15.46,31.58,8.68
2014-02-11,0.0,33.0,15.66,48.21,14.93
2014-02-12,0.0,35.21,15.55,58.09,15.09
2014-02-13,0.0,33.11,16.47,32.66,8.21
2014-02-14,0.0,33.91,15.09,21.14,6.92
2014-02-15,0.1,33.67,16.16,55.38,10.28
2014-02-16,0.0,26.06,12.71,94.73,27.62
2014-02-17,0.0,26.86,11.87,68.28,27.58
2014-02-18,0.0,30.17,12.27,73.78,24.3
2014-02-19,0.0,30.77,14.61,61.5,22.34
2014-02-20,0.0,32.58,14.76,53.28,17.24
2014-02-21,0.0,35.17,15.89,43.83,12.85
2014-02-22,0.0,35.17,17.2,35.3,12.19
2014-02-23,0.0,36.27,17.0,33.9,11.02
2014-02-24,0.0,35.04,16.68,32.28,9.34
2014-02-25,0.0,34.36,15.17,29.95,9.3
2014-02-26,0.0,35.17,15.99,33.9,8.15
2014-02-27,0.0,34.78,16.77,23.83,7.83
2014-02-28,0.0,33.24,17.41,24.17,9.08
2014-03-01,0.0,33.24,15.46,27.95,11.16
2014-03-02,0.01,33.62,15.66,32.42,10.0
2014-03-03,0.0,34.81,16.09,25.26,6.66
2014-03-04,0.0,35.69,16.13,40.95,8.57
2014-03-05,0.0,36.17,16.33,56.44,17.27
2014-03-06,0.0,35.14,16.56,74.7,25.18
2014-03-07,0.0,31.33,15.95,93.95,34.0
2014-03-08,0.0,29.92,17.7,85.9,36.17
2014-03-09,0.0,32.55,16.17,83.72,24.39
2014-03-10,0.0,31.9,15.02,98.13,30.51
2014-03-11,0.0,32.31,15.91,98.78,28.67
2014-03-12,0.0,33.76,15.2,96.1,20.06
2014-03-13,0.0,37.87,17.97,59.31,13.58
2014-03-14,0.0,39.43,19.55,35.73,11.27
2014-03-15,0.0,40.41,20.32,30.24,8.91
2014-03-16,0.0,40.94,21.58,23.17,7.13
2014-03-17,0.0,39.6,20.68,26.41,8.28
2014-03-18,0.0,38.15,19.03,26.99,8.79
2014-03-19,0.0,38.26,18.17,30.18,8.69
2014-03-20,0.0,39.25,18.56,28.85,8.24
2014-03-21,0.0,39.31,19.12,23.8,7.44
2014-03-22,0.0,38.77,19.45,24.59,8.43
2014-03-23,0.0,37.03,20.09,32.97,11.72
2014-03-24,0.0,39.05,17.49,63.05,11.08
2014-03-25,0.0,40.96,18.99,46.1,11.7
2014-03-26,0.0,41.04,20.05,38.2,9.27
2014-03-27,0.0,41.83,20.03,31.99,8.05
2014-03-28,0.0,39.41,18.61,61.18,15.83
2014-03-29,0.0,32.13,15.89,86.8,23.45
2014-03-30,0.0,36.13,14.38,92.84,14.86
2014-03-31,0.0,38.3,17.54,65.49,13.62
2014-04-01,0.0,35.22,17.71,77.05,26.4
2014-04-02,0.0,33.95,17.09,92.07,22.02
2014-04-03,0.0,37.03,17.17,94.03,18.84
2014-04-04,0.0,41.04,21.02,48.11,12.38
2014-04-05,0.0,41.91,21.85,40.17,11.68
2014-04-06,0.0,39.14,19.7,48.96,11.12
2014-04-07,0.0,32.46,16.94,74.73,30.64
2014-04-08,0.0,33.89,17.55,74.27,31.75
2014-04-09,0.0,32.88,15.47,99.92,37.15
2014-04-10,0.0,33.26,15.18,91.25,29.49
2014-04-11,0.0,33.74,15.05,99.11,33.8
2014-04-12,0.0,33.56,17.61,96.06,35.16
2014-04-13,0.0,35.34,17.62,94.43,28.35
2014-04-14,0.0,38.61,18.12,90.54,20.85
2014-04-15,0.0,41.03,19.33,76.67,15.51
2014-04-16,0.0,44.54,22.3,51.73,9.32
2014-04-17,0.0,45.17,24.09,46.84,11.21
2014-04-18,0.0,45.89,25.58,33.08,11.25
2014-04-19,0.0,43.67,24.26,36.99,8.45
2014-04-20,0.0,43.31,23.35,33.97,10.37
2014-04-21,0.0,41.83,22.85,48.68,15.46
2014-04-22,0.0,42.71,22.12,45.51,14.4
2014-04-23,0.0,43.69,23.07,41.81,13.45
2014-04-24,0.0,43.99,23.63,37.35,10.2
2014-04-25,0.0,44.68,24.18,32.19,8.84
2014-04-26,0.0,44.6,23.38,25.08,6.54
2014-04-27,0.0,44.65,23.1,23.09,5.48
2014-04-28,0.0,43.91,21.59,47.83,9.06
2014-04-29,0.0,42.58,21.68,46.58,13.33
2014-04-30,0.0,39.18,20.24,67.89,22.85
2014-05-01,0.0,35.83,17.48,95.48,32.18
2014-05-02,0.0,35.33,17.74,92.02,31.18
2014-05-03,0.0,35.22,17.95,94.86,34.91
2014-05-04,0.0,33.3,17.35,99.31,40.77
2014-05-05,0.0,32.72,19.09,86.16,41.61
2014-05-06,0.0,33.14,18.67,82.21,36.49
2014-05-07,0.0,37.23,19.52,84.1,26.71
2014-05-08,0.0,39.09,19.53,86.06,18.47
2014-05-09,0.0,39.76,19.59,95.61,23.85
2014-05-10,0.0,41.6,21.02,85.58,21.07
2014-05-11,0.0,42.42,22.15,64.44,17.95
2014-05-12,0.0,37.23,21.24,75.81,27.92
2014-05-13,0.0,37.0,20.62,85.0,30.45
2014-05-14,0.0,36.81,19.95,97.35,34.3
2014-05-15,0.0,36.37,20.67,84.42,32.12
2014-05-16,0.0,38.45,21.03,79.41,29.77
2014-05-17,0.0,41.0,21.62,79.26,18.55
2014-05-18,0.0,38.2,20.29,83.67,29.79
2014-05-19,0.0,35.47,18.75,96.06,36.03
2014-05-20,0.0,36.07,20.25,87.07,34.02
2014-05-21,0.0,37.79,20.67,78.24,22.87
2014-05-22,0.0,41.37,21.07,69.07,15.16
2014-05-23,0.0,41.71,22.35,63.8,15.55
2014-05-24,0.0,42.06,21.75,68.14,15.02
2014-05-25,0.0,42.9,23.88,47.79,14.97
2014-05-26,0.0,39.94,23.23,50.43,20.14
2014-05-27,0.0,42.32,23.02,68.56,18.44
2014-05-28,0.0,41.74,24.19,60.67,13.72
2014-05-29,0.0,43.2,24.54,27.55,6.62
2014-05-30,0.0,42.99,24.34,39.04,12.34
2014-05-31,0.0,43.71,26.02,47.22,15.19
2014-06-01,0.0,37.3,23.43,70.68,31.69
2014-06-02,0.0,37.44,23.22,65.27,27.63
2014-06-03,0.0,40.64,22.93,68.88,15.87
2014-06-04,0.0,44.02,25.16,51.24,11.72
2014-06-05,0.0,42.57,25.08,53.37,12.75
2014-06-06,0.0,39.95,23.89,73.16,25.31
2014-06-07,0.01,38.89,22.44,78.34,30.41
2014-06-08,0.0,41.5,25.62,65.84,28.38
2014-06-09,0.0,44.66,22.57,76.62,12.01
2014-06-10,0.0,43.94,26.05,56.95,14.5
2014-06-11,0.0,40.55,23.92,71.0,20.73
2014-06-12,0.0,38.33,20.98,87.47,26.53
2014-06-13,0.0,38.5,19.9,88.82,27.92
2014-06-14,0.0,37.65,21.54,81.85,30.9
2014-06-15,0.03,35.65,22.31,81.03,37.97
2014-06-16,0.0,39.86,22.63,80.45,22.14
2014-06-17,0.0,43.41,22.71,72.09,14.11
2014-06-18,0.0,39.47,24.12,61.41,24.29
2014-06-19,0.0,39.47,21.32,85.9,23.99
2014-06-20,0.0,42.33,23.57,68.04,16.92
2014-06-21,0.0,39.86,23.38,87.91,22.24
2014-06-22,0.0,45.17,25.55,61.54,10.58
2014-06-23,0.0,42.89,26.35,74.67,19.32
2014-06-24,0.0,37.94,24.03,87.14,44.55
2014-06-25,0.0,42.83,23.68,80.89,12.59
2014-06-26,0.0,42.43,25.81,40.78,12.46
2014-06-27,0.0,39.42,22.83,72.26,23.15
2014-06-28,0.0,38.25,21.39,98.85,31.51
2014-06-29,0.02,37.79,22.02,97.5,34.77
2014-06-30,0.0,39.38,23.0,88.38,38.25
2014-07-01,0.0,36.73,23.53,93.23,41.21
2014-07-02,0.0,37.41,23.89,89.98,40.32
2014-07-03,3.86,38.58,25.29,81.7,41.23
2014-07-04,8.86,33.53,23.59,99.52,61.19
2014-07-05,0.0,36.08,23.54,98.88,44.49
2014-07-06,0.0,40.91,23.21,85.23,18.36
2014-07-07,0.0,42.71,24.85,76.56,17.7
2014-07-08,0.0,39.79,24.95,60.9,21.59
2014-07-09,0.0,37.23,23.05,84.18,39.45
2014-07-10,3.07,37.91,24.22,89.88,41.04
2014-07-11,0.0,35.9,23.73,93.79,43.19
2014-07-12,0.0,38.3,24.79,76.7,33.04
2014-07-13,0.0,45.14,25.41,80.27,16.16
2014-07-14,0.0,43.76,28.05,53.88,12.06
2014-07-15,0.05,40.28,25.55,66.17,26.71
2014-07-16,8.55,35.76,22.88,87.07,39.27
2014-07-17,0.0,34.52,24.19,65.77,38.69
2014-07-18,0.0,35.87,24.1,74.64,38.61
2014-07-19,0.0,37.66,23.07,82.04,36.98
2014-07-20,0.0,38.51,24.76,77.89,35.04
2014-07-21,0.0,37.53,24.22,86.02,38.81
2014-07-22,0.0,36.38,23.9,81.06,42.79
2014-07-23,0.0,37.37,24.96,84.55,41.17
2014-07-24,0.0,37.11,23.81,89.67,40.26
2014-07-25,1.71,38.25,24.61,75.51,35.71
2014-07-26,0.0,38.38,24.34,87.6,36.81
2014-07-27,0.0,41.86,23.49,83.96,17.19
2014-07-28,0.0,44.37,26.71,53.54,12.73
2014-07-29,0.0,40.51,25.62,73.62,25.4
2014-07-30,0.17,37.07,23.22,93.06,37.63
2014-07-31,0.0,39.11,23.75,78.02,31.73
2014-08-01,0.02,38.48,24.55,75.69,35.68
2014-08-02,0.0,38.08,25.45,72.83,33.75
2014-08-03,0.0,38.32,22.95,80.09,32.01
2014-08-04,4.65,38.02,23.27,76.2,36.8
2014-08-05,0.0,33.93,23.34,88.36,52.7
2014-08-06,5.85,37.17,23.39,86.03,39.71
2014-08-07,0.0,38.42,24.32,78.52,36.88
2014-08-08,0.0,37.89,24.64,87.96,41.66
2014-08-09,0.0,37.85,25.45,79.31,41.29
2014-08-10,17.31,40.53,25.23,78.86,35.13
2014-08-11,1.05,37.28,24.92,87.83,43.13
2014-08-12,0.0,36.39,24.16,94.65,40.64
2014-08-13,0.0,38.46,24.6,70.29,37.55
2014-08-14,9.82,36.65,24.75,88.48,47.61
2014-08-15,0.0,33.51,24.1,97.95,58.32
2014-08-16,0.0,35.6,23.44,97.23,51.3
2014-08-17,0.05,37.37,24.84,93.49,46.77
2014-08-18,1.28,33.7,23.73,96.62,59.65
2014-08-19,18.48,31.41,23.84,99.51,73.59
2014-08-20,0.05,34.2,23.82,99.25,59.31
2014-08-21,0.0,34.92,24.17,98.81,59.28
2014-08-22,0.0,36.95,24.88,95.39,50.57
2014-08-23,18.82,32.8,23.85,99.04,64.74
2014-08-24,0.0,32.22,23.71,98.53,70.67
2014-08-25,0.0,32.97,24.31,98.61,61.74
2014-08-26,0.0,33.45,24.24,96.96,64.67
2014-08-27,6.73,36.04,23.63,94.35,49.27
2014-08-28,0.0,36.69,23.4,90.4,45.48
2014-08-29,0.08,37.32,24.72,92.81,45.55
2014-08-30,0.0,36.88,25.22,95.33,50.04
2014-08-31,0.0,37.48,24.75,93.17,43.94
2014-09-01,0.0,38.32,24.91,93.47,37.34
2014-09-02,0.0,38.09,24.12,84.47,37.1
2014-09-03,0.0,40.1,24.02,89.9,24.78
2014-09-04,0.0,37.27,25.51,83.62,40.42
2014-09-05,0.0,38.69,25.46,84.84,40.35
2014-09-06,0.0,37.67,24.4,97.43,43.2
2014-09-07,0.0,39.69,24.24,93.59,38.65
2014-09-08,0.08,35.7,25.46,98.27,55.83
2014-09-09,4.45,33.64,23.91,98.53,61.82
2014-09-10,4.84,34.56,23.86,98.67,55.55
2014-09-11,0.0,36.44,23.57,91.83,50.38
2014-09-12,4.5,36.15,24.21,97.95,45.75
2014-09-13,0.0,37.73,23.5,98.81,41.85
2014-09-14,0.0,38.65,24.1,91.95,39.46
2014-09-15,0.0,37.09,24.93,91.97,47.69
2014-09-16,0.0,35.13,24.18,96.9,54.96
2014-09-17,0.0,36.76,24.16,95.5,45.94
2014-09-18,6.94,39.63,25.12,90.9,35.95
2014-09-19,0.02,33.17,23.16,97.98,70.17
2014-09-20,0.0,31.34,22.91,97.55,74.21
2014-09-21,0.7,32.39,22.37,98.2,64.9
2014-09-22,0.0,33.79,23.1,98.6,58.01
2014-09-23,0.0,33.58,23.5,97.91,62.46
2014-09-24,0.0,34.86,23.85,98.46,58.34
2014-09-25,0.09,35.19,24.29,97.69,55.57
2014-09-26,0.0,36.44,24.07,97.39,45.34
2014-09-27,0.0,37.78,24.46,95.62,40.37
2014-09-28,0.0,39.37,24.06,94.56,28.51
2014-09-29,0.0,40.37,25.01,89.82,31.63
2014-09-30,0.0,41.16,26.07,83.34,18.03
2014-10-01,0.0,39.8,23.7,47.27,17.59
2014-10-02,0.0,40.08,22.88,85.12,22.42
2014-10-03,1.81,35.44,24.53,96.49,49.74
2014-10-04,0.0,36.24,23.36,97.33,56.85
2014-10-05,1.13,36.74,23.89,97.07,52.6
2014-10-06,0.0,38.93,24.34,97.37,43.92
2014-10-07,0.0,37.73,24.3,97.73,49.0
2014-10-08,6.8,35.59,23.13,97.82,58.72
2014-10-09,0.25,35.57,23.05,98.12,53.49
2014-10-10,0.0,38.52,22.95,96.81,33.89
2014-10-11,0.0,40.68,24.72,86.57,28.25
2014-10-12,0.0,39.83,24.66,87.24,30.42
2014-10-13,0.0,40.02,23.62,97.29,24.43
2014-10-14,0.67,39.5,22.72,99.46,29.8
2014-10-15,1.32,39.88,23.38,91.68,34.21
2014-10-16,0.0,40.32,24.58,81.6,27.74
2014-10-17,0.0,41.96,23.4,88.17,16.12
2014-10-18,0.0,42.55,25.18,52.16,15.07
2014-10-19,0.0,40.2,24.57,69.8,23.91
2014-10-20,0.0,38.88,22.59,94.98,30.53
2014-10-21,0.0,40.3,22.39,91.56,25.66
2014-10-22,0.0,42.5,26.36,57.61,14.21
2014-10-23,0.0,41.86,25.53,41.56,14.21
2014-10-24,0.0,40.04,24.23,68.16,12.11
2014-10-25,0.0,40.38,22.73,37.56,9.16
2014-10-26,0.0,40.79,23.95,67.57,22.69
2014-10-27,0.0,40.75,24.25,92.49,18.47
2014-10-28,0.0,40.24,23.08,65.44,15.75
2014-10-29,0.0,35.25,22.16,85.42,34.16
2014-10-30,0.0,34.36,20.39,94.07,38.63
2014-10-31,0.0,34.39,20.94,90.5,42.82
2014-11-01,0.0,37.32,19.88,97.79,33.21
2014-11-02,0.0,39.21,20.33,95.72,25.71
2014-11-03,0.0,38.77,21.07,88.48,27.0
2014-11-04,0.0,38.99,20.72,89.2,26.77
2014-11-05,0.0,36.45,20.22,95.7,36.59
2014-11-06,0.0,36.81,19.73,85.07,27.03
2014-11-07,0.0,40.45,20.24,75.75,19.24
2014-11-08,0.0,40.68,22.38,54.55,15.29
2014-11-09,0.0,39.6,22.73,51.68,17.47
2014-11-10,0.0,37.35,20.07,64.14,9.74
2014-11-11,0.0,34.82,17.75,65.06,22.6
2014-11-12,0.0,37.12,17.93,55.46,17.61
2014-11-13,0.0,39.01,20.05,46.65,14.81
2014-11-14,0.0,40.22,21.33,38.04,13.01
2014-11-15,0.0,40.2,22.05,34.58,10.46
2014-11-16,0.0,39.15,21.66,34.57,11.71
2014-11-17,0.0,36.39,19.18,70.67,25.61
2014-11-18,0.0,34.46,18.17,97.79,35.05
2014-11-19,0.0,33.66,18.8,92.05,37.74
2014-11-20,0.0,30.79,18.82,97.06,45.21
2014-11-21,0.0,33.5,17.65,98.99,42.13
2014-11-22,0.0,33.03,18.14,98.12,45.99
2014-11-23,0.0,32.87,18.57,96.39,38.08
2014-11-24,0.0,34.58,18.26,82.25,30.14
2014-11-25,0.0,37.0,20.07,62.57,26.75
2014-11-26,0.0,35.32,19.65,60.07,24.56
2014-11-27,0.0,31.86,17.13,67.97,30.05
2014-11-28,0.0,31.55,16.07,71.46,24.96
2014-11-29,0.0,30.68,14.57,98.05,47.73
2014-11-30,0.0,31.21,16.11,98.24,47.68
2014-12-01,0.0,31.58,15.31,96.95,37.38
2014-12-02,1.6,33.71,17.38,85.05,29.05
2014-12-03,0.0,35.06,19.62,62.02,27.87
2014-12-04,0.0,35.88,19.49,61.37,27.85
2014-12-05,0.0,36.18,19.63,55.28,26.06
2014-12-06,0.0,34.3,18.52,51.64,24.94
2014-12-07,0.0,35.72,19.12,47.99,24.53
2014-12-08,0.0,34.38,20.27,49.2,20.62
2014-12-09,0.0,34.84,18.51,41.54,14.67
2014-12-10,0.0,32.62,18.13,28.49,10.49
2014-12-11,0.0,31.22,15.89,24.65,11.21
2014-12-12,0.0,28.43,15.01,33.9,12.11
2014-12-13,0.0,29.75,13.78,39.08,14.41
2014-12-14,0.0,32.26,15.63,33.78,13.64
2014-12-15,0.0,30.33,17.03,33.19,16.98
2014-12-16,0.0,30.53,15.78,51.02,22.03
2014-12-17,0.0,30.73,14.03,63.18,21.74
2014-12-18,0.0,32.24,14.47,51.94,14.68
2014-12-19,0.0,31.21,15.2,30.86,16.37
2014-12-20,0.0,30.79,14.42,46.35,18.62
2014-12-21,0.0,31.85,14.79,40.59,13.58
2014-12-22,0.0,33.84,17.33,37.39,15.02
2014-12-23,0.0,34.72,18.16,38.15,13.9
2014-12-24,0.0,37.97,19.38,33.09,11.53
2014-12-25,0.0,38.27,21.12,29.31,11.62
2014-12-26,0.0,37.21,19.53,28.62,11.63
2014-12-27,0.0,31.63,16.73,37.86,15.65
2014-12-28,0.0,26.94,12.63,42.02,16.9
2014-12-29,0.0,27.22,10.15,39.74,15.56
2014-12-30,0.0,28.4,10.54,37.47,13.03
2014-12-31,0.0,29.85,12.0,35.97,15.31
2015-01-01,0.0,29.28,15.06,36.73,13.01
2015-01-02,0.0,28.32,13.65,24.23,10.04
2015-01-03,0.0,30.39,14.79,29.42,12.07
2015-01-04,0.0,31.36,16.58,26.15,9.24
2015-01-05,0.0,31.46,17.76,23.68,11.21
2015-01-06,0.0,32.38,16.16,25.86,10.41
2015-01-07,0.0,31.06,16.79,22.84,9.01
2015-01-08,0.0,31.33,16.59,24.93,11.43
2015-01-09,0.0,31.9,14.11,42.42,12.88
2015-01-10,0.0,35.8,16.2,32.58,12.66
2015-01-11,0.0,34.79,19.07,26.71,10.28
2015-01-12,0.0,34.09,18.2,27.58,12.91
2015-01-13,0.0,32.35,17.44,34.08,14.59
2015-01-14,0.0,35.03,16.4,34.89,10.35
2015-01-15,0.0,34.68,17.08,27.7,9.01
2015-01-16,0.0,35.13,17.99,25.4,10.24
2015-01-17,0.0,34.38,17.41,31.49,12.22
2015-01-18,0.0,29.87,14.93,57.6,19.26
2015-01-19,0.0,31.41,15.53,34.77,14.54
2015-01-20,0.0,30.46,13.97,50.9,22.37
2015-01-21,0.0,28.55,13.55,67.04,23.66
2015-01-22,0.0,29.25,14.04,48.63,18.15
2015-01-23,0.0,32.25,17.59,37.63,16.02
2015-01-24,0.0,31.42,16.93,32.37,12.8
2015-01-25,0.0,33.47,15.87,33.75,10.58
2015-01-26,0.0,31.9,15.79,28.72,9.65
2015-01-27,0.0,31.15,14.97,20.61,6.77
2015-01-28,0.0,30.77,16.6,17.14,9.0
2015-01-29,0.0,31.49,16.07,22.45,8.86
2015-01-30,0.0,32.22,15.58,23.77,9.27
2015-01-31,0.0,31.55,14.74,32.03,12.5
2015-02-01,0.0,30.02,14.37,39.89,13.95
2015-02-02,0.0,32.45,15.58,79.87,26.17
2015-02-03,0.0,32.56,15.75,92.8,27.12
2015-02-04,0.0,32.02,15.58,63.42,20.37
2015-02-05,0.0,33.04,16.77,56.36,20.42
2015-02-06,0.0,36.21,18.5,41.33,14.63
2015-02-07,0.0,38.87,20.32,38.28,9.17
2015-02-08,0.0,35.58,18.51,56.9,21.29
2015-02-09,0.0,31.41,15.66,86.49,29.28
2015-02-10,0.0,32.17,17.1,82.06,28.84
2015-02-11,0.0,33.21,16.53,77.04,27.06
2015-02-12,0.0,35.66,17.36,69.26,16.0
2015-02-13,0.0,35.58,17.79,53.26,16.19
2015-02-14,0.0,33.14,20.36,41.15,16.21
2015-02-15,0.0,34.63,19.03,40.09,15.5
2015-02-16,0.0,37.24,20.7,31.52,11.77
2015-02-17,0.0,36.67,20.45,31.66,13.8
2015-02-18,0.12,33.93,18.99,49.93,23.01
2015-02-19,0.0,29.91,17.31,64.96,27.36
2015-02-20,0.0,28.01,13.56,67.81,25.84
2015-02-21,0.0,29.42,13.65,68.55,21.24
2015-02-22,0.0,31.24,13.44,52.26,16.33
2015-02-23,0.0,34.74,15.38,39.74,10.68
2015-02-24,0.0,36.92,16.87,36.31,9.08
2015-02-25,0.0,37.17,17.34,29.48,8.81
2015-02-26,0.0,36.56,17.92,32.18,9.86
2015-02-27,0.0,33.25,17.59,28.55,6.17
2015-02-28,0.0,33.43,15.17,22.68,7.96
2015-03-01,0.0,35.07,15.86,27.28,8.18
2015-03-02,0.0,36.16,16.45,27.02,6.83
2015-03-03,0.0,36.16,18.98,33.87,10.28
2015-03-04,0.0,37.99,17.98,26.03,8.0
2015-03-05,0.0,39.15,18.69,34.23,8.46
2015-03-06,0.0,39.3,18.12,48.97,9.94
2015-03-07,0.0,40.77,18.87,51.77,9.94
2015-03-08,0.0,36.21,17.69,82.46,21.12
2015-03-09,0.0,29.84,14.92,98.69,42.27
2015-03-10,0.0,31.4,14.69,97.93,29.95
2015-03-11,0.0,35.02,14.99,90.98,21.91
2015-03-12,0.0,40.19,19.26,46.12,9.08
2015-03-13,0.0,41.05,21.61,29.16,9.69
2015-03-14,0.0,38.59,22.63,22.8,7.18
2015-03-15,0.0,38.25,21.65,19.96,7.11
2015-03-16,0.0,36.98,18.34,43.55,13.19
2015-03-17,0.0,36.93,17.28,70.29,20.47
2015-03-18,0.0,37.47,19.02,59.03,11.53
2015-03-19,0.0,36.22,20.15,48.24,13.08
2015-03-20,0.0,35.21,16.6,50.81,13.56
2015-03-21,0.0,31.51,16.5,82.83,24.69
2015-03-22,0.0,30.81,14.85,96.91,33.22
2015-03-23,0.0,30.02,14.95,98.39,30.48
2015-03-24,0.0,31.52,13.22,98.94,23.7
2015-03-25,0.0,33.64,14.94,75.42,16.32
2015-03-26,0.0,34.94,17.19,42.89,14.0
2015-03-27,0.0,39.69,19.49,40.34,11.14
2015-03-28,0.0,41.52,21.76,30.25,8.76
2015-03-29,0.0,38.22,21.19,24.51,9.35
2015-03-30,0.0,37.36,19.14,32.35,8.37
2015-03-31,0.0,38.72,19.3,30.54,7.18
2015-04-01,0.0,40.62,19.75,23.87,6.17
2015-04-02,0.0,42.29,20.81,26.15,5.47
2015-04-03,0.0,41.71,21.06,34.04,7.96
2015-04-04,0.0,40.16,20.39,55.65,12.91
2015-04-05,0.0,38.88,18.93,76.72,15.45
2015-04-06,0.0,37.94,18.54,70.69,14.47
2015-04-07,0.0,36.81,18.32,70.9,18.63
2015-04-08,0.0,40.58,18.74,68.95,11.22
2015-04-09,0.0,42.18,21.31,53.05,12.51
2015-04-10,0.0,43.38,23.7,43.94,10.83
2015-04-11,0.0,44.68,23.87,33.68,8.59
2015-04-12,0.0,43.85,24.17,33.82,8.51
2015-04-13,0.0,43.59,22.73,59.6,8.92
2015-04-14,0.0,39.97,22.75,50.5,15.64
2015-04-15,0.0,41.56,22.12,63.48,16.15
2015-04-16,0.0,40.89,21.66,56.34,14.44
2015-04-17,0.0,37.69,18.79,80.73,24.02
2015-04-18,0.0,37.75,18.77,77.72,23.19
2015-04-19,0.0,39.06,18.57,82.97,19.4
2015-04-20,0.0,39.56,18.73,75.96,18.86
2015-04-21,0.0,38.76,18.91,79.81,20.16
2015-04-22,0.0,41.35,19.94,71.4,14.82
2015-04-23,0.0,43.5,21.69,52.71,9.71
2015-04-24,0.0,44.59,21.48,59.12,7.43
2015-04-25,0.0,44.58,22.03,52.58,5.96
2015-04-26,0.0,41.89,20.49,57.44,9.42
2015-04-27,0.0,41.01,20.16,68.35,14.58
2015-04-28,0.0,36.47,19.59,77.72,30.54
2015-04-29,0.0,40.37,20.84,79.39,26.1
2015-04-30,0.0,42.05,21.6,66.42,15.35
2015-05-01,0.0,44.57,23.19,46.7,8.62
2015-05-02,0.0,42.39,22.19,52.65,12.1
2015-05-03,0.0,44.01,22.15,49.98,8.9
2015-05-04,0.0,42.96,23.03,45.43,9.35
2015-05-05,0.0,40.44,21.23,56.29,14.6
2015-05-06,0.0,37.54,19.7,90.89,29.95
2015-05-07,0.0,36.69,20.43,93.35,33.05
2015-05-08,0.0,42.54,22.06,80.41,19.55
2015-05-09,0.0,38.47,21.96,69.66,31.41
2015-05-10,0.0,37.17,20.31,94.67,34.85
2015-05-11,0.0,37.05,20.33,97.89,35.54
2015-05-12,0.0,37.67,20.82,83.57,31.29
2015-05-13,0.0,37.57,20.39,88.27,31.77
2015-05-14,0.0,39.66,22.06,78.25,25.99
2015-05-15,0.0,41.75,22.54,73.81,21.57
2015-05-16,0.0,41.55,22.42,72.97,23.82
2015-05-17,0.0,38.44,20.95,94.32,35.23
2015-05-18,0.0,38.32,22.21,90.44,31.44
2015-05-19,0.0,38.87,21.61,86.63,26.35
2015-05-20,0.0,40.91,20.65,85.7,15.53
2015-05-21,0.0,41.89,22.87,57.19,14.18
2015-05-22,0.0,40.84,23.52,43.64,14.79
2015-05-23,0.0,38.8,22.21,59.61,12.24
2015-05-24,0.0,40.07,21.0,71.96,13.27
2015-05-25,0.0,40.17,22.0,51.72,11.09
2015-05-26,0.0,40.74,22.2,51.96,11.09
2015-05-27,0.0,39.65,21.34,60.16,13.93
2015-05-28,0.0,39.64,18.79,95.82,16.57
2015-05-29,0.0,42.91,21.61,71.97,10.73
2015-05-30,0.0,43.96,22.63,67.59,11.7
2015-05-31,0.0,45.9,24.71,56.17,10.48
2015-06-01,0.0,45.83,27.24,47.58,9.21
2015-06-02,0.0,41.28,25.48,32.26,11.49
2015-06-03,0.0,39.08,21.45,69.34,15.96
2015-06-04,0.0,35.38,18.87,97.38,34.87
2015-06-05,0.0,34.36,20.92,84.62,38.82
2015-06-06,0.0,35.13,20.51,83.83,32.78
2015-06-07,0.0,37.27,21.41,82.09,32.95
2015-06-08,0.0,45.38,22.49,78.51,11.12
2015-06-09,0.0,42.24,27.09,49.24,18.96
2015-06-10,0.38,37.3,23.16,97.51,43.99
2015-06-11,0.0,39.34,22.45,80.81,27.84
2015-06-12,0.0,42.03,23.72,74.64,23.33
2015-06-13,0.0,43.79,23.76,71.31,16.69
2015-06-14,0.0,44.34,27.35,47.18,11.25
2015-06-15,0.0,43.09,25.16,68.44,18.78
2015-06-16,0.0,38.89,23.6,86.53,34.58
2015-06-17,0.0,38.14,22.96,96.91,31.97
2015-06-18,0.0,41.43,21.78,88.06,18.2
2015-06-19,0.0,38.8,21.95,90.09,32.9
2015-06-20,0.0,37.65,21.92,96.47,39.7
2015-06-21,0.0,38.56,23.88,90.2,39.37
2015-06-22,0.0,37.74,23.74,97.45,34.67
2015-06-23,0.0,39.81,21.81,98.84,27.38
2015-06-24,0.0,37.68,22.95,89.57,38.12
2015-06-25,0.0,36.93,22.29,98.43,39.14
2015-06-26,0.0,39.16,20.86,99.71,23.85
2015-06-27,0.0,39.22,21.46,98.11,25.59
2015-06-28,0.0,40.48,22.06,98.55,23.5
2015-06-29,0.0,37.86,23.68,95.18,40.8
2015-06-30,0.0,38.29,24.03,96.25,42.49
2015-07-01,0.0,37.55,24.3,88.35,40.25
2015-07-02,0.0,39.12,25.49,74.68,34.89
2015-07-03,0.0,37.93,23.61,90.48,37.06
2015-07-04,0.0,41.36,24.39,78.2,24.63
2015-07-05,0.0,38.0,24.02,92.71,40.18
2015-07-06,0.0,37.8,24.92,83.71,40.63
2015-07-07,0.16,37.1,25.08,72.5,35.85
2015-07-08,0.13,39.48,24.9,75.49,30.84
2015-07-09,6.56,37.91,25.9,76.19,36.77
2015-07-10,0.0,37.1,25.31,80.99,41.06
2015-07-11,0.0,39.16,24.66,87.74,37.45
2015-07-12,0.0,38.68,23.79,97.0,37.88
2015-07-13,0.33,38.57,24.04,90.77,38.85
2015-07-14,0.0,38.3,24.52,88.89,38.93
2015-07-15,0.0,37.63,25.15,77.68,40.07
2015-07-16,0.0,38.74,25.35,81.09,36.12
2015-07-17,0.0,39.99,25.17,83.34,36.09
2015-07-18,0.0,38.79,25.12,92.29,40.05
2015-07-19,0.0,40.59,26.75,75.05,23.04
2015-07-20,0.0,39.21,22.89,90.1,27.47
2015-07-21,0.0,36.91,22.89,79.63,36.22
2015-07-22,0.0,35.47,22.12,93.43,43.05
2015-07-23,0.0,36.68,22.15,96.82,42.47
2015-07-24,0.0,37.89,24.23,93.3,38.48
2015-07-25,0.0,37.32,24.52,85.4,42.74
2015-07-26,0.0,37.61,24.88,86.39,42.54
2015-07-27,0.0,38.08,24.43,89.36,41.99
2015-07-28,0.0,36.11,24.39,96.13,52.62
2015-07-29,2.29,35.18,24.61,96.52,54.01
2015-07-30,0.49,34.81,25.15,97.4,57.17
2015-07-31,0.0,35.7,24.9,97.45,51.49
2015-08-01,29.13,34.77,24.65,97.52,53.38
2015-08-02,0.12,30.79,23.42,99.53,75.23
2015-08-03,0.0,34.86,23.96,98.63,49.41
2015-08-04,0.0,38.45,23.73,89.19,36.34
2015-08-05,0.0,37.36,24.11,84.69,41.86
2015-08-06,0.0,37.36,24.31,89.7,43.3
2015-08-07,0.0,35.51,23.11,95.02,44.66
2015-08-08,11.09,38.34,23.63,93.25,41.55
2015-08-09,23.78,31.98,23.61,98.92,72.45
2015-08-10,0.0,32.43,23.96,98.99,68.0
2015-08-11,0.04,33.81,24.39,98.39,63.07
2015-08-12,0.73,30.66,23.84,98.67,77.18
2015-08-13,0.0,32.4,24.59,98.14,70.62
2015-08-14,0.01,33.8,24.83,97.17,64.69
2015-08-15,2.74,34.42,24.75,97.67,64.5
2015-08-16,0.0,35.18,24.32,97.8,58.26
2015-08-17,10.59,31.15,24.68,99.24,76.82
2015-08-18,0.0,31.39,24.14,99.25,73.2
2015-08-19,15.91,32.56,25.05,98.98,71.54
2015-08-20,16.03,30.11,24.2,99.78,81.49
2015-08-21,0.13,31.72,24.6,98.65,74.84
2015-08-22,4.78,33.41,25.58,98.44,69.05
2015-08-23,0.0,32.06,24.46,98.56,68.26
2015-08-24,0.0,32.85,23.28,98.72,67.49
2015-08-25,0.04,33.41,24.55,97.83,68.41
2015-08-26,0.0,32.53,24.51,96.5,70.52
2015-08-27,0.0,33.36,24.44,98.18,64.19
2015-08-28,0.0,34.06,23.98,96.66,52.51
2015-08-29,0.0,34.93,24.06,91.28,53.01
2015-08-30,0.26,33.94,25.1,97.3,60.08
2015-08-31,10.81,33.51,23.3,98.38,61.49
2015-09-01,0.27,29.28,23.22,99.73,84.16
2015-09-02,0.0,32.19,24.32,99.6,69.64
2015-09-03,0.0,33.53,24.8,99.05,64.78
2015-09-04,2.53,33.32,24.96,98.33,69.41
2015-09-05,0.0,32.36,23.79,98.59,72.07
2015-09-06,1.04,32.63,23.9,98.44,66.4
2015-09-07,7.94,32.68,23.88,99.68,69.93
2015-09-08,0.0,32.2,24.23,98.71,71.69
2015-09-09,0.0,32.28,24.44,98.85,72.48
2015-09-10,0.0,32.41,24.95,98.74,71.16
2015-09-11,18.34,33.48,24.88,98.87,68.49
2015-09-12,0.97,32.72,24.69,99.45,73.05
2015-09-13,0.66,32.0,24.54,98.77,74.53
2015-09-14,0.02,33.82,24.46,99.2,57.83
2015-09-15,0.0,33.34,24.18,98.66,64.89
2015-09-16,0.0,33.62,24.2,98.1,62.59
2015-09-17,0.0,32.33,24.41,98.28,66.16
2015-09-18,0.0,34.28,23.26,93.23,41.73
2015-09-19,0.0,36.46,24.62,83.29,43.81
2015-09-20,0.01,34.66,24.51,97.14,60.23
2015-09-21,1.18,29.95,24.3,98.84,81.67
2015-09-22,0.27,30.63,23.8,99.07,78.62
2015-09-23,0.0,31.75,23.3,98.79,70.49
2015-09-24,0.22,32.03,23.52,99.53,68.82
2015-09-25,0.0,33.43,24.05,99.55,68.39
2015-09-26,1.13,33.1,24.54,98.86,69.64
2015-09-27,0.86,33.01,24.43,98.79,67.81
2015-09-28,0.0,31.78,24.15,98.95,73.57
2015-09-29,23.52,30.92,23.85,99.21,79.29
2015-09-30,1.02,30.85,23.56,99.27,74.61
2015-10-01,0.0,33.19,23.3,98.39,72.11
2015-10-02,0.0,34.09,24.13,98.73,68.81
2015-10-03,0.0,33.94,24.01,97.64,71.71
2015-10-04,0.0,34.06,24.24,98.4,72.91
2015-10-05,0.0,34.82,24.5,98.95,62.95
2015-10-06,0.06,33.74,24.07,98.36,69.94
2015-10-07,0.7,30.74,22.74,98.22,78.97
2015-10-08,0.0,32.62,23.1,97.96,71.66
2015-10-09,0.0,33.35,23.33,97.92,71.15
2015-10-10,0.0,34.28,22.39,96.53,43.49
2015-10-11,0.0,34.78,21.9,96.23,40.92
2015-10-12,0.0,34.95,22.39,97.93,47.24
2015-10-13,0.0,34.83,22.97,97.48,59.86
2015-10-14,0.49,34.48,23.44,96.26,53.96
2015-10-15,3.17,34.29,23.14,98.21,58.05
2015-10-16,0.0,35.18,22.88,98.96,54.55
2015-10-17,0.0,36.82,21.99,96.85,37.79
2015-10-18,0.0,38.18,23.43,93.19,35.0
2015-10-19,0.9,37.86,24.75,86.44,39.2
2015-10-20,0.91,34.91,23.65,96.18,51.87
2015-10-21,0.0,34.03,22.84,97.2,51.56
2015-10-22,0.33,34.36,22.27,96.1,55.85
2015-10-23,0.06,30.44,22.65,97.63,78.18
2015-10-24,0.03,33.13,22.07,97.8,60.59
2015-10-25,0.0,33.99,22.52,95.95,53.9
2015-10-26,0.27,32.62,22.4,95.27,49.93
2015-10-27,0.0,34.05,22.17,95.27,42.06
2015-10-28,0.0,37.65,22.97,93.23,31.84
2015-10-29,0.0,39.2,23.63,92.32,24.08
2015-10-30,0.0,39.74,23.39,83.09,19.77
2015-10-31,0.0,39.02,23.94,94.66,32.6
2015-11-01,0.0,39.84,22.99,92.65,32.47
2015-11-02,0.0,38.62,22.24,96.54,43.76
2015-11-03,0.0,35.97,22.3,95.68,55.05
2015-11-04,0.0,40.94,23.31,95.63,26.19
2015-11-05,0.0,41.59,22.65,73.25,14.02
2015-11-06,0.0,40.91,22.4,57.65,16.8
2015-11-07,0.0,40.64,22.44,64.19,15.33
2015-11-08,0.0,40.32,21.88,62.09,15.95
2015-11-09,0.0,39.24,21.59,57.51,17.11
2015-11-10,0.0,37.87,20.47,53.54,18.07
2015-11-11,0.0,38.22,20.28,51.11,20.19
2015-11-12,0.0,38.97,21.46,71.01,22.52
2015-11-13,0.0,39.78,23.14,47.88,14.39
2015-11-14,0.0,39.62,23.51,42.81,15.31
2015-11-15,0.0,38.85,23.92,66.53,13.1
2015-11-16,0.0,35.64,20.56,31.79,15.6
2015-11-17,0.0,34.78,18.87,47.26,19.06
2015-11-18,0.0,36.3,18.69,48.23,19.18
2015-11-19,0.0,35.33,19.83,44.77,17.67
2015-11-20,0.0,36.17,19.27,43.11,17.13
2015-11-21,0.0,35.81,20.04,42.1,14.96
2015-11-22,0.0,34.95,19.78,39.78,17.13
2015-11-23,0.0,35.51,17.63,46.55,16.34
2015-11-24,0.0,32.91,16.92,57.67,22.07
2015-11-25,0.0,34.43,17.31,51.69,20.41
2015-11-26,0.0,34.59,18.53,46.98,17.5
2015-11-27,0.0,34.64,18.04,44.52,16.99
2015-11-28,0.0,36.31,20.33,38.03,14.67
2015-11-29,0.0,35.12,19.58,26.0,8.76
2015-11-30,0.0,34.09,19.5,23.09,11.01
2015-12-01,0.0,33.53,17.76,26.2,12.23
2015-12-02,0.0,34.87,16.75,42.03,16.16
2015-12-03,0.0,36.43,18.32,42.3,13.04
2015-12-04,0.0,35.85,17.59,44.84,18.8
2015-12-05,0.0,35.28,18.11,44.09,16.31
2015-12-06,0.0,34.45,16.93,41.42,14.52
2015-12-07,0.0,35.37,17.8,41.48,14.12
2015-12-08,0.0,35.32,17.46,44.56,15.77
2015-12-09,0.0,35.02,17.04,39.16,14.76
2015-12-10,0.0,35.35,17.32,40.83,14.34
2015-12-11,0.0,33.89,17.98,37.25,14.59
2015-12-12,0.0,34.5,16.9,35.42,12.68
2015-12-13,0.0,34.36,16.29,35.4,12.5
2015-12-14,0.0,34.94,16.81,35.98,13.22
2015-12-15,0.0,36.78,18.61,36.5,10.47
2015-12-16,0.0,35.28,19.38,31.74,13.77
2015-12-17,0.0,31.15,16.46,38.85,14.66
2015-12-18,0.0,33.59,14.46,41.82,14.1
2015-12-19,0.0,33.41,15.96,37.16,13.17
2015-12-20,0.0,32.16,14.96,39.61,15.76
2015-12-21,0.0,33.62,14.98,43.62,15.37
2015-12-22,0.0,34.91,16.07,41.42,14.82
2015-12-23,0.0,34.88,16.55,40.42,15.26
2015-12-24,0.0,33.95,16.53,36.18,13.63
2015-12-25,0.0,34.27,18.34,31.29,13.17
2015-12-26,0.0,34.91,18.86,29.65,11.74
2015-12-27,0.0,31.38,20.1,46.61,16.67
2015-12-28,0.0,31.4,17.12,68.5,23.82
2015-12-29,0.0,31.77,16.65,39.12,15.91
2015-12-30,0.0,32.36,15.7,42.32,16.82
2015-12-31,0.0,32.59,15.3,47.42,17.09
2016-01-01,0.0,34.55,17.5,40.58,15.25
2016-01-02,0.0,34.6,17.33,40.04,14.57
2016-01-03,0.03,34.2,17.97,34.22,16.44
2016-01-04,0.0,36.08,19.98,30.34,15.04
2016-01-05,0.0,33.9,18.48,57.68,18.95
2016-01-06,0.0,33.14,15.61,94.24,31.25
2016-01-07,0.0,32.77,16.16,80.08,29.45
2016-01-08,0.0,34.07,16.15,76.4,27.89
2016-01-09,0.0,35.6,17.17,78.6,25.66
2016-01-10,0.0,37.14,17.96,68.27,23.18
2016-01-11,0.0,36.86,18.55,55.88,17.29
2016-01-12,0.0,37.05,19.39,37.72,15.27
2016-01-13,0.0,40.16,21.78,29.4,11.35
2016-01-14,0.0,39.58,20.72,29.1,9.28
2016-01-15,0.0,36.76,19.64,29.86,10.09
2016-01-16,0.0,36.94,18.14,28.8,9.87
2016-01-17,0.0,36.61,17.74,33.44,12.38
2016-01-18,0.0,37.22,17.29,37.13,12.78
2016-01-19,0.0,35.98,17.35,36.84,13.98
2016-01-20,0.0,36.75,17.48,32.72,10.76
2016-01-21,0.0,37.34,19.81,24.78,11.08
2016-01-22,0.0,36.31,17.8,27.2,9.17
2016-01-23,0.0,36.79,18.07,27.26,10.85
2016-01-24,0.0,35.65,18.17,27.25,12.52
2016-01-25,0.0,36.47,17.56,31.49,9.73
2016-01-26,0.0,35.93,19.37,26.78,10.63
2016-01-27,0.0,36.57,19.64,24.6,12.01
2016-01-28,0.0,37.08,19.08,44.28,20.05
2016-01-29,0.0,35.46,17.62,51.03,18.94
2016-01-30,0.0,36.0,17.57,44.42,12.17
2016-01-31,0.0,35.72,17.52,31.1,11.81
2016-02-01,0.0,32.82,18.3,30.61,12.31
2016-02-02,0.0,31.32,15.65,36.26,13.38
2016-02-03,0.0,33.4,15.73,34.41,12.49
2016-02-04,0.0,35.24,16.52,30.7,9.11
2016-02-05,0.0,36.32,17.5,26.1,8.41
2016-02-06,0.0,37.32,18.55,27.67,8.71
2016-02-07,0.0,38.44,19.01,25.08,8.29
2016-02-08,0.0,37.02,21.17,21.25,9.46
2016-02-09,0.0,36.01,19.92,22.95,9.94
2016-02-10,0.0,35.93,17.78,30.71,10.53
2016-02-11,0.0,37.48,18.68,29.38,8.91
2016-02-12,0.0,35.56,19.27,26.72,9.56
2016-02-13,0.0,36.3,18.48,42.5,8.83
2016-02-14,0.0,37.36,17.46,34.07,7.64
2016-02-15,0.0,32.98,17.18,44.37,11.74
2016-02-16,0.0,31.48,16.85,51.45,21.77
2016-02-17,0.0,30.86,14.26,48.81,15.2
2016-02-18,0.0,32.73,14.56,33.74,8.63
2016-02-19,0.0,29.81,13.82,34.57,14.1
2016-02-20,0.0,28.14,13.06,62.47,21.19
2016-02-21,0.0,32.17,14.54,47.94,15.99
2016-02-22,0.0,35.13,16.48,37.08,14.0
2016-02-23,0.0,39.56,19.42,30.7,8.98
2016-02-24,0.0,38.44,19.68,29.82,9.88
2016-02-25,0.0,40.42,20.57,27.49,8.07
2016-02-26,0.0,40.93,20.4,25.49,8.83
2016-02-27,0.0,37.29,20.73,23.45,8.16
2016-02-28,0.0,32.81,16.96,48.84,18.74
2016-02-29,0.0,33.17,16.73,63.46,23.92
2016-03-01,0.0,35.06,19.21,55.17,20.56
2016-03-02,0.0,38.69,20.52,41.22,13.4
2016-03-03,0.0,38.51,21.01,22.17,5.72
2016-03-04,0.0,39.62,20.21,20.17,6.05
2016-03-05,0.0,41.76,22.61,16.47,5.33
2016-03-06,0.0,39.05,22.11,26.23,10.89
2016-03-07,0.0,38.62,20.23,54.88,15.78
2016-03-08,0.0,37.23,18.83,50.56,15.79
2016-03-09,0.0,36.95,18.74,44.98,15.8
2016-03-10,0.0,35.97,18.13,64.9,21.12
2016-03-11,0.0,35.6,16.08,90.36,13.68
2016-03-12,0.0,36.36,16.71,57.01,14.26
2016-03-13,0.0,34.25,16.19,76.58,28.38
2016-03-14,0.0,32.63,14.75,99.39,36.83
2016-03-15,0.0,35.35,15.69,98.59,32.38
2016-03-16,0.0,40.38,19.55,83.14,15.86
2016-03-17,0.0,40.71,19.22,60.47,12.57
2016-03-18,0.0,39.99,18.6,56.51,12.16
2016-03-19,0.0,40.32,18.29,61.11,9.11
2016-03-20,0.0,37.54,17.79,77.68,20.19
2016-03-21,0.0,38.15,17.73,87.3,15.54
2016-03-22,0.0,36.31,19.51,43.16,13.95
2016-03-23,0.0,35.24,19.24,33.31,13.82
2016-03-24,0.0,33.9,18.26,37.9,17.62
2016-03-25,0.0,34.19,18.62,43.64,15.78
2016-03-26,0.0,37.38,18.39,33.99,9.86
2016-03-27,0.0,37.79,19.02,24.05,7.67
2016-03-28,0.0,39.66,19.12,22.57,7.22
2016-03-29,0.0,39.49,19.54,34.27,10.08
2016-03-30,0.0,31.96,16.3,87.71,35.29
2016-03-31,0.01,33.02,16.99,87.48,22.51
2016-04-01,0.0,35.12,15.47,98.76,18.74
2016-04-02,0.0,35.68,17.69,77.19,21.64
2016-04-03,0.0,36.04,16.34,93.16,21.06
2016-04-04,0.0,39.6,20.01,60.62,13.86
2016-04-05,0.0,38.57,20.81,44.08,13.05
2016-04-06,0.0,36.1,18.41,82.56,26.01
2016-04-07,0.0,34.92,15.81,98.68,26.11
2016-04-08,0.0,33.83,14.99,99.23,27.79
2016-04-09,0.0,35.02,16.69,95.83,27.29
2016-04-10,0.0,35.35,15.2,98.84,27.89
2016-04-11,0.0,37.47,16.73,97.65,21.89
2016-04-12,0.0,40.18,19.01,73.1,16.96
2016-04-13,0.0,44.43,21.66,54.04,9.14
2016-04-14,0.0,46.13,24.95,37.87,9.66
2016-04-15,0.0,44.8,26.01,35.08,12.73
2016-04-16,0.0,45.11,27.51,41.43,14.62
2016-04-17,0.0,45.33,27.75,41.35,14.3
2016-04-18,0.0,45.94,26.91,38.35,13.93
2016-04-19,0.0,43.9,24.01,52.42,15.69
2016-04-20,0.0,44.83,24.04,55.03,15.78
2016-04-21,0.0,45.93,25.0,44.61,13.34
2016-04-22,0.0,46.69,26.21,38.69,9.67
2016-04-23,0.0,43.67,24.56,42.85,13.37
2016-04-24,0.0,38.39,20.28,78.0,27.07
2016-04-25,0.0,36.27,19.16,97.4,33.27
2016-04-26,0.0,37.57,19.01,94.09,27.75
2016-04-27,0.0,35.9,19.55,82.51,34.91
2016-04-28,0.0,34.54,18.98,90.61,37.13
2016-04-29,0.0,34.82,17.92,91.84,30.89
2016-04-30,0.0,36.87,19.13,79.82,29.47
2016-05-01,0.0,41.55,22.25,65.1,16.65
2016-05-02,0.0,42.55,22.76,57.1,16.1
2016-05-03,0.0,36.63,22.8,66.61,28.18
2016-05-04,0.0,36.49,21.62,65.36,27.04
2016-05-05,0.0,35.85,20.92,67.9,26.61
2016-05-06,0.0,37.83,19.73,83.87,22.04
2016-05-07,0.0,37.33,19.46,88.6,27.04
2016-05-08,0.0,35.18,18.74,95.25,29.37
2016-05-09,0.0,36.34,19.12,87.55,25.54
2016-05-10,0.0,37.37,19.86,86.38,23.58
2016-05-11,0.0,37.99,20.37,83.66,30.06
2016-05-12,0.0,39.03,21.26,82.08,25.36
2016-05-13,0.0,41.18,21.97,69.24,17.42
2016-05-14,0.0,43.52,23.46,53.89,14.77
2016-05-15,0.0,42.47,23.65,46.0,13.95
2016-05-16,0.0,38.68,20.89,72.26,21.44
2016-05-17,0.0,38.2,18.91,89.86,22.79
2016-05-18,0.0,42.43,20.6,77.56,13.88
2016-05-19,0.0,41.83,22.84,52.19,13.13
2016-05-20,0.0,38.91,20.35,69.67,18.73
2016-05-21,0.0,34.87,18.29,95.14,34.26
2016-05-22,0.0,34.69,17.72,93.57,35.56
2016-05-23,0.0,36.53,19.54,85.1,30.47
2016-05-24,0.0,35.43,19.82,80.62,32.84
2016-05-25,0.0,35.82,19.14,83.23,30.27
2016-05-26,0.0,34.84,18.82,94.97,38.72
2016-05-27,0.0,36.21,19.97,93.16,35.73
2016-05-28,0.02,38.25,20.41,87.16,26.58
2016-05-29,0.0,41.7,23.31,69.45,15.12
2016-05-30,0.0,43.62,26.44,32.5,10.98
2016-05-31,0.0,38.79,23.1,62.09,18.79
2016-06-01,0.0,39.04,23.36,71.42,30.43
2016-06-02,0.0,37.75,23.76,68.84,29.44
2016-06-03,0.0,44.13,24.05,60.93,13.12
2016-06-04,0.0,38.4,24.14,65.16,26.35
2016-06-05,0.0,37.74,22.06,74.6,26.19
2016-06-06,0.0,39.09,20.14,91.42,20.93
2016-06-07,0.0,41.39,21.81,74.13,15.83
2016-06-08,0.0,42.6,24.04,62.77,21.68
2016-06-09,0.0,44.04,23.82,62.31,12.29
2016-06-10,0.0,38.37,22.02,85.0,27.21
2016-06-11,0.0,36.38,21.46,77.9,32.53
2016-06-12,0.1,34.68,20.29,95.75,42.99
2016-06-13,0.01,35.65,21.86,91.18,42.27
2016-06-14,0.0,39.82,21.82,83.25,20.56
2016-06-15,0.0,37.8,21.79,78.01,28.5
2016-06-16,0.0,34.45,20.29,98.02,42.92
2016-06-17,0.0,37.64,22.0,96.81,31.95
2016-06-18,0.0,35.73,21.62,88.71,35.29
2016-06-19,0.0,38.13,22.36,84.27,33.48
2016-06-20,0.0,41.13,23.42,86.35,17.72
2016-06-21,0.0,42.25,24.38,55.79,14.84
2016-06-22,0.0,36.38,22.08,90.31,37.55
2016-06-23,0.0,35.56,21.64,89.82,39.86
2016-06-24,0.0,35.86,21.7,90.82,38.66
2016-06-25,0.02,36.85,23.38,84.09,41.54
2016-06-26,0.0,38.33,22.35,93.02,31.54
2016-06-27,0.0,37.56,22.14,97.2,36.26
2016-06-28,0.0,38.74,23.23,96.42,28.08
2016-06-29,0.5,40.04,23.18,80.12,33.19
2016-06-30,4.21,38.31,23.16,91.1,44.17
2016-07-01,0.0,38.2,24.79,78.52,29.28
2016-07-02,0.07,38.64,24.12,80.3,34.85
2016-07-03,0.0,37.07,24.12,93.48,44.46
2016-07-04,0.0,36.76,23.68,83.35,36.53
2016-07-05,0.0,37.93,22.64,88.58,29.88
2016-07-06,0.0,40.73,23.76,75.05,20.75
2016-07-07,0.0,40.61,23.34,81.42,23.81
2016-07-08,0.0,38.95,24.16,75.65,34.8
2016-07-09,0.0,37.26,23.24,85.94,38.81
2016-07-10,0.0,35.25,23.91,82.42,40.8
2016-07-11,0.0,35.22,24.39,69.15,38.95
2016-07-12,0.0,37.24,24.67,73.97,36.92
2016-07-13,0.0,38.62,23.38,86.24,35.38
2016-07-14,5.17,38.24,24.24,90.02,38.02
2016-07-15,0.0,35.28,24.7,82.1,41.29
2016-07-16,0.0,37.77,23.89,76.63,32.55
2016-07-17,0.0,37.31,25.42,70.86,34.66
2016-07-18,0.01,37.08,24.61,84.33,39.91
2016-07-19,0.0,37.77,23.77,96.12,41.6
2016-07-20,13.94,34.71,24.49,95.78,54.95
2016-07-21,8.85,31.3,23.11,98.97,66.62
2016-07-22,0.0,32.46,22.34,98.15,61.04
2016-07-23,0.05,35.21,23.19,97.59,49.95
2016-07-24,0.23,35.46,23.25,97.34,48.35
2016-07-25,2.13,34.12,23.74,97.74,54.67
2016-07-26,13.43,35.61,24.45,99.11,52.97
2016-07-27,0.27,37.39,24.08,99.25,44.59
2016-07-28,0.0,37.13,24.28,97.68,45.6
2016-07-29,0.56,36.52,24.6,97.78,50.2
2016-07-30,13.95,36.05,24.69,98.92,50.25
2016-07-31,0.02,36.74,24.29,98.33,48.99
2016-08-01,0.0,34.78,24.75,96.79,56.77
2016-08-02,0.0,36.63,25.11,92.89,50.4
2016-08-03,0.0,36.89,25.45,95.93,46.42
2016-08-04,0.0,35.11,23.0,90.77,43.36
2016-08-05,0.55,36.79,22.97,90.76,40.06
2016-08-06,0.3,33.11,23.69,98.11,61.08
2016-08-07,0.0,33.86,23.85,97.64,57.34
2016-08-08,0.0,35.92,23.29,93.68,41.71
2016-08-09,0.0,37.14,23.15,88.17,40.05
2016-08-10,0.0,36.42,23.47,91.53,41.22
2016-08-11,0.0,34.11,24.05,84.65,52.35
2016-08-12,0.12,33.35,24.02,97.99,61.58
2016-08-13,1.49,37.34,24.55,97.96,46.97
2016-08-14,0.0,37.17,24.43,94.83,37.27
2016-08-15,0.0,36.8,24.42,91.37,46.57
2016-08-16,20.87,32.18,24.18,98.62,72.6
2016-08-17,6.48,33.54,23.81,98.31,63.07
2016-08-18,0.0,35.7,24.12,96.63,49.53
2016-08-19,0.0,35.78,24.29,96.25,50.63
2016-08-20,0.0,36.93,24.37,91.69,46.12
2016-08-21,0.0,34.8,24.86,97.24,54.05
2016-08-22,1.14,36.22,25.68,97.19,54.29
2016-08-23,0.0,32.94,24.41,97.15,64.42
2016-08-24,0.0,33.92,23.77,97.5,62.47
2016-08-25,0.0,34.68,24.3,97.6,58.03
2016-08-26,0.04,34.06,24.67,97.64,59.61
2016-08-27,0.0,33.29,24.87,97.77,65.49
2016-08-28,0.0,34.49,24.76,97.82,57.6
2016-08-29,0.03,35.88,24.47,96.56,54.14
2016-08-30,0.0,31.24,24.02,97.64,74.2
2016-08-31,20.46,33.87,23.8,99.36,62.8
2016-09-01,0.0,29.67,23.43,99.22,82.4
2016-09-02,0.06,30.93,23.65,98.76,76.1
2016-09-03,18.26,32.52,24.21,99.19,73.75
2016-09-04,0.0,33.13,23.68,98.48,64.64
2016-09-05,9.13,35.31,25.17,95.84,57.27
2016-09-06,0.0,33.28,24.06,98.69,68.24
2016-09-07,0.0,33.18,24.83,98.81,68.16
2016-09-08,0.0,32.74,24.61,98.25,71.48
2016-09-09,0.15,32.98,24.58,98.16,72.79
2016-09-10,8.31,32.62,24.95,98.15,70.88
2016-09-11,2.13,31.97,24.0,98.57,72.07
2016-09-12,20.81,30.17,23.57,99.38,77.72
2016-09-13,0.0,31.64,23.53,98.68,71.77
2016-09-14,1.92,31.95,23.21,98.52,69.32
2016-09-15,0.0,34.12,23.98,98.36,52.6
2016-09-16,0.05,33.02,23.72,98.69,59.65
2016-09-17,0.07,28.71,23.84,97.78,83.91
2016-09-18,3.12,31.7,23.67,98.33,71.66
2016-09-19,0.0,31.85,23.96,98.02,75.85
2016-09-20,0.0,31.59,23.63,96.87,69.53
2016-09-21,0.0,33.17,23.52,98.75,64.5
2016-09-22,0.0,33.2,23.89,97.88,64.51
2016-09-23,0.0,33.44,23.71,98.15,65.3
2016-09-24,0.0,32.18,24.88,98.48,76.12
2016-09-25,0.0,32.68,24.19,97.69,61.4
2016-09-26,0.0,32.93,23.23,91.27,57.45
2016-09-27,0.0,33.62,23.43,98.09,66.76
2016-09-28,9.7,31.45,24.23,98.26,73.98
2016-09-29,0.24,31.7,23.88,98.69,73.64
2016-09-30,0.0,32.55,23.36,98.82,59.57
2016-10-01,0.0,34.28,22.67,98.33,57.99
2016-10-02,0.0,34.92,22.24,97.69,43.3
2016-10-03,0.0,36.13,23.76,93.89,53.24
2016-10-04,0.0,35.67,24.17,96.16,60.85
2016-10-05,0.0,35.1,24.07,97.13,60.8
2016-10-06,0.0,33.87,22.9,97.2,54.72
2016-10-07,0.0,35.66,21.91,97.05,41.4
2016-10-08,0.0,36.7,23.81,93.01,52.31
2016-10-09,0.0,38.87,25.43,95.2,42.33
2016-10-10,0.0,35.09,23.94,98.11,62.6
2016-10-11,0.0,34.58,24.18,97.9,68.03
2016-10-12,0.0,37.78,23.47,98.13,32.77
2016-10-13,0.0,37.14,22.13,62.09,20.85
2016-10-14,0.0,36.59,20.73,75.03,23.67
2016-10-15,0.0,35.8,20.75,98.83,32.25
2016-10-16,0.66,36.69,22.37,95.46,39.82
2016-10-17,0.0,34.29,23.46,95.66,64.93
2016-10-18,0.0,34.45,23.27,94.3,49.29
2016-10-19,0.0,34.19,22.74,91.54,57.83
2016-10-20,0.0,36.28,23.23,96.79,38.96
2016-10-21,0.0,36.63,22.23,84.32,28.5
2016-10-22,0.0,36.54,22.26,96.1,39.17
2016-10-23,0.0,34.82,21.65,96.36,35.76
2016-10-24,0.0,33.14,20.83,96.01,43.37
2016-10-25,0.0,34.4,21.41,93.58,37.13
2016-10-26,0.03,33.03,21.13,94.7,41.75
2016-10-27,0.0,34.31,21.18,92.27,44.18
2016-10-28,0.0,31.67,22.19,92.77,55.95
2016-10-29,0.0,33.35,23.29,91.67,67.5
2016-10-30,0.0,32.74,22.32,95.89,70.98
2016-10-31,0.0,32.03,22.95,98.87,67.27
2016-11-01,0.0,32.89,19.49,96.88,61.47
2016-11-02,0.0,33.35,20.54,95.75,66.85
2016-11-03,0.0,33.73,21.31,96.77,70.05
2016-11-04,0.0,28.93,20.69,97.41,87.39
2016-11-05,0.0,28.24,19.91,96.6,85.27
2016-11-06,0.0,29.66,19.16,95.68,76.26
2016-11-07,0.0,29.57,19.16,91.48,71.11
2016-11-08,0.0,30.42,18.99,89.96,59.79
2016-11-09,0.0,30.53,17.75,90.27,54.84
2016-11-10,0.0,31.38,18.22,88.12,50.98
2016-11-11,0.0,29.02,18.2,92.09,58.12
2016-11-12,0.0,25.36,13.79,87.68,42.0
2016-11-13,0.0,26.94,13.83,84.52,42.81
2016-11-14,0.0,29.0,15.37,87.72,46.14
2016-11-15,0.0,31.21,17.97,88.01,47.67
2016-11-16,0.0,30.91,20.49,87.57,53.51
2016-11-17,0.0,31.57,20.46,89.81,46.84
2016-11-18,0.0,33.17,20.4,87.61,35.87
2016-11-19,0.0,31.86,19.89,72.41,37.17
2016-11-20,0.0,35.88,20.26,69.96,21.23
2016-11-21,0.0,36.42,20.27,74.84,26.05
2016-11-22,0.0,37.02,20.47,74.31,27.69
2016-11-23,0.0,36.52,19.97,81.7,29.81
2016-11-24,0.0,36.31,20.31,89.5,29.65
2016-11-25,0.0,35.54,21.6,70.53,28.93
2016-11-26,0.0,33.6,20.17,82.01,30.07
2016-11-27,0.0,34.79,19.64,57.8,26.14
2016-11-28,0.0,33.78,20.0,74.38,37.64
2016-11-29,0.0,33.47,19.53,76.71,34.38
2016-11-30,0.0,35.26,18.75,82.09,30.45
2016-12-01,0.0,39.78,20.59,74.51,26.28
2016-12-02,0.0,41.42,21.95,53.94,19.2
2016-12-03,0.0,40.79,21.95,51.2,21.02
2016-12-04,0.0,39.74,21.87,51.55,21.42
2016-12-05,0.0,38.84,20.76,60.43,24.91
2016-12-06,0.0,39.85,20.71,60.3,20.78
2016-12-07,0.0,38.77,20.11,54.88,20.75
2016-12-08,0.0,37.89,19.4,61.01,21.77
2016-12-09,0.0,35.78,18.79,59.45,24.26
2016-12-10,0.0,32.7,17.05,64.38,25.51
2016-12-11,0.0,33.06,16.02,60.3,24.21
2016-12-12,0.0,33.58,15.59,59.6,24.37
2016-12-13,0.0,33.11,15.41,59.26,21.02
2016-12-14,0.0,31.35,14.72,53.38,22.8
2016-12-15,0.0,29.56,14.1,57.52,21.72
2016-12-16,0.0,29.26,14.35,47.79,22.16
2016-12-17,0.0,28.4,12.92,81.63,30.97
2016-12-18,0.0,28.35,14.94,74.85,36.03
2016-12-19,0.0,28.66,14.76,67.02,28.35
2016-12-20,0.0,30.49,16.01,57.63,24.71
2016-12-21,0.0,30.8,17.4,50.72,21.18
2016-12-22,0.0,33.06,17.53,45.43,19.56
2016-12-23,0.0,31.05,17.78,40.79,14.91
2016-12-24,0.0,32.86,16.47,40.31,14.84
2016-12-25,0.0,32.94,17.27,35.6,16.19
2016-12-26,0.0,34.79,17.52,43.53,16.55
2016-12-27,0.0,35.23,18.41,40.73,16.47
2016-12-28,0.0,35.2,17.76,42.45,16.74
2016-12-29,0.0,34.9,17.88,39.16,12.77
2016-12-30,0.0,34.19,17.14,36.37,13.61
2016-12-31,0.0,33.31,16.37,40.71,15.67
2017-01-01,0.0,34.76,17.44,44.35,15.8
2017-01-02,0.0,34.68,17.52,43.76,14.96
2017-01-03,0.0,34.83,16.89,38.44,13.53
2017-01-04,0.0,32.16,15.9,33.12,8.98
2017-01-05,0.0,30.91,13.82,34.46,11.24
2017-01-06,0.0,30.48,14.15,31.98,14.12
2017-01-07,0.0,34.18,14.97,36.74,12.93
2017-01-08,0.0,35.59,17.66,39.39,13.49
2017-01-09,0.0,34.56,18.85,28.71,10.55
2017-01-10,0.0,32.91,20.02,28.22,10.53
2017-01-11,0.0,31.17,16.79,30.72,11.69
2017-01-12,0.0,30.87,13.03,48.91,12.01
2017-01-13,0.01,30.45,13.24,40.7,13.16
2017-01-14,0.0,29.88,13.3,47.33,18.21
2017-01-15,0.0,31.9,14.1,42.77,16.52
2017-01-16,0.0,32.75,14.76,42.78,16.15
2017-01-17,0.0,34.46,16.35,40.63,14.64
2017-01-18,0.0,36.09,17.63,35.04,13.83
2017-01-19,0.0,34.52,16.65,35.43,13.33
2017-01-20,0.0,30.45,15.72,35.5,17.4
2017-01-21,0.0,30.42,15.28,56.64,22.77
2017-01-22,0.0,28.87,12.51,45.95,20.56
2017-01-23,0.0,29.39,13.6,71.19,24.2
2017-01-24,0.0,29.2,12.19,48.39,19.58
2017-01-25,0.0,32.01,12.88,46.64,11.78
2017-01-26,0.0,33.37,14.51,33.29,8.67
2017-01-27,0.0,34.2,15.2,25.6,8.22
2017-01-28,0.0,33.85,16.0,26.07,9.65
2017-01-29,0.0,33.95,15.65,22.6,7.18
2017-01-30,0.0,33.87,16.05,21.52,8.55
2017-01-31,0.0,33.4,15.3,29.38,10.77
2017-02-01,0.0,32.06,13.84,45.54,12.97
2017-02-02,0.0,30.48,14.44,59.21,18.41
2017-02-03,0.0,31.77,13.68,45.86,13.06
2017-02-04,0.0,33.27,14.28,41.43,10.88
2017-02-05,0.0,33.36,15.87,35.73,12.05
2017-02-06,0.0,33.74,15.2,31.51,10.37
2017-02-07,0.0,35.14,16.96,27.93,9.17
2017-02-08,0.0,34.17,16.28,28.69,9.25
2017-02-09,0.0,34.19,15.49,29.23,8.49
2017-02-10,0.0,35.4,16.81,30.03,9.61
2017-02-11,0.0,33.32,16.54,38.36,14.37
2017-02-12,0.0,30.2,15.13,81.6,30.31
2017-02-13,0.0,33.18,15.65,92.96,23.07
2017-02-14,0.0,35.98,16.56,81.66,17.66
2017-02-15,0.0,36.1,17.58,72.06,21.94
2017-02-16,0.0,35.22,15.53,87.81,21.29
2017-02-17,0.0,36.51,16.97,79.93,21.25
2017-02-18,0.0,36.36,18.3,68.8,20.97
2017-02-19,0.0,38.34,19.45,64.22,17.1
2017-02-20,0.0,36.1,18.21,66.94,19.07
2017-02-21,0.0,34.48,16.81,77.65,21.92
2017-02-22,0.0,34.39,16.15,72.36,19.14
2017-02-23,0.0,34.25,17.33,43.05,19.22
2017-02-24,0.0,33.89,19.62,45.08,21.31
2017-02-25,0.0,35.41,19.83,47.92,20.77
2017-02-26,0.0,37.05,20.11,49.69,23.0
2017-02-27,0.0,39.98,19.76,49.75,20.04
2017-02-28,0.0,38.69,18.76,60.01,20.22
2017-03-01,0.0,39.52,18.84,58.25,16.54
2017-03-02,0.0,40.4,19.48,62.05,15.75
2017-03-03,0.0,37.77,18.77,78.36,21.5
2017-03-04,0.0,38.09,19.4,58.0,18.68
2017-03-05,0.0,36.02,19.84,42.2,10.72
2017-03-06,0.0,39.12,18.43,41.86,9.3
2017-03-07,0.0,41.77,19.72,32.83,9.26
2017-03-08,0.0,42.73,21.81,30.98,5.84
2017-03-09,0.0,42.39,21.84,23.11,6.05
2017-03-10,0.0,42.97,21.6,23.27,6.99
2017-03-11,0.0,42.61,21.72,26.66,7.57
2017-03-12,0.0,41.97,21.52,27.87,7.77
2017-03-13,0.0,42.47,21.46,22.47,5.8
2017-03-14,0.0,41.93,21.26,24.49,7.98
2017-03-15,0.0,40.87,21.15,41.98,10.93
2017-03-16,0.0,40.37,21.18,41.23,10.15
2017-03-17,0.0,34.55,19.75,70.11,22.51
2017-03-18,0.0,33.31,17.07,93.3,26.95
2017-03-19,0.0,33.87,16.68,83.14,21.67
2017-03-20,0.0,36.52,17.48,84.29,12.48
2017-03-21,0.0,38.86,19.36,41.46,12.73
2017-03-22,0.0,40.46,20.45,40.59,14.07
2017-03-23,0.0,37.4,18.53,69.26,20.54
2017-03-24,0.0,39.53,18.37,74.12,18.16
2017-03-25,0.0,34.43,18.98,86.67,37.24
2017-03-26,0.0,37.46,17.84,93.15,26.05
2017-03-27,0.0,40.71,20.74,67.39,21.84
2017-03-28,0.0,42.65,23.79,54.33,16.39
2017-03-29,0.0,44.58,24.72,42.08,12.41
2017-03-30,0.0,45.84,24.53,47.23,10.71
2017-03-31,0.0,43.93,22.22,58.77,15.48
2017-04-01,0.0,44.56,24.34,49.54,8.44
2017-04-02,0.0,43.82,24.76,28.3,4.39
2017-04-03,0.0,43.25,21.61,20.3,3.51
2017-04-04,0.0,43.69,20.58,35.84,4.98
2017-04-05,0.0,43.47,21.83,49.52,9.18
2017-04-06,0.0,40.01,21.45,35.78,10.14
2017-04-07,0.0,36.42,18.75,56.21,22.8
2017-04-08,0.0,35.07,16.52,81.16,23.11
2017-04-09,0.0,35.7,17.07,84.93,21.95
2017-04-10,0.02,40.96,19.29,71.42,10.47
2017-04-11,0.0,43.15,23.92,36.27,8.95
2017-04-12,0.0,40.89,25.85,31.51,6.83
2017-04-13,0.0,42.82,23.72,20.8,6.28
2017-04-14,0.0,43.07,23.67,26.61,8.1
2017-04-15,0.0,42.87,24.02,26.05,7.74
2017-04-16,0.0,43.4,22.8,23.13,5.16
2017-04-17,0.0,39.9,21.02,47.6,17.21
2017-04-18,0.0,39.06,19.49,76.37,20.78
2017-04-19,0.0,35.41,18.36,90.21,32.92
2017-04-20,0.0,35.65,18.06,93.17,28.51
2017-04-21,0.0,37.38,18.18,92.72,22.98
2017-04-22,0.0,39.78,18.75,84.01,15.4
2017-04-23,0.0,39.37,19.61,69.6,15.59
2017-04-24,0.0,38.71,18.67,80.01,15.81
2017-04-25,0.0,38.85,18.58,87.64,20.02
2017-04-26,0.0,39.65,18.56,79.85,18.45
2017-04-27,0.0,39.85,20.13,68.91,18.08
2017-04-28,0.0,38.24,20.41,77.89,23.81
2017-04-29,0.0,36.62,20.14,72.57,26.76
2017-04-30,0.0,39.12,20.08,84.08,20.45
2017-05-01,0.0,42.44,21.62,64.82,16.1
2017-05-02,0.0,40.88,21.76,69.74,19.89
2017-05-03,0.0,35.46,19.24,88.35,29.05
2017-05-04,0.0,34.9,20.8,72.17,33.66
2017-05-05,0.0,37.07,19.31,88.88,26.67
2017-05-06,0.0,41.46,20.33,83.32,15.65
2017-05-07,0.0,45.52,23.7,61.66,13.24
2017-05-08,0.0,45.67,26.36,46.97,14.83
2017-05-09,0.0,39.57,22.72,82.12,33.93
2017-05-10,0.0,38.72,22.83,81.95,33.31
2017-05-11,0.0,39.77,21.17,88.4,22.65
2017-05-12,0.0,40.47,20.94,81.88,19.32
2017-05-13,0.0,42.47,22.62,62.25,18.55
2017-05-14,0.0,39.93,23.0,70.48,31.66
2017-05-15,0.0,39.34,22.25,78.06,29.14
2017-05-16,0.0,44.44,22.98,65.25,12.67
2017-05-17,0.0,45.29,26.69,46.89,13.84
2017-05-18,0.0,39.69,22.35,78.42,28.66
2017-05-19,0.0,37.32,21.12,85.14,34.27
2017-05-20,0.0,35.97,19.35,96.9,38.44
2017-05-21,0.0,37.65,20.64,89.07,31.67
2017-05-22,0.0,37.4,20.09,94.43,29.38
2017-05-23,0.0,39.81,21.32,94.56,28.23
2017-05-24,0.0,41.63,22.45,85.45,22.65
2017-05-25,0.0,42.78,23.24,63.88,16.88
2017-05-26,0.0,41.07,21.91,68.99,19.46
2017-05-27,0.0,37.86,19.95,96.4,31.0
2017-05-28,0.0,37.09,21.34,89.3,36.6
2017-05-29,0.0,38.66,21.88,88.8,35.57
2017-05-30,0.0,40.44,23.29,80.58,32.17
2017-05-31,0.0,40.0,22.38,85.36,21.78
2017-06-01,0.0,39.72,22.1,83.66,23.14
2017-06-02,0.0,39.22,20.07,95.89,20.98
2017-06-03,0.0,38.91,20.29,95.55,27.02
2017-06-04,0.0,39.18,20.05,97.42,29.21
2017-06-05,0.0,40.16,21.57,97.11,25.55
2017-06-06,0.0,32.85,21.22,96.78,48.14
2017-06-07,0.0,39.16,22.34,80.44,25.87
2017-06-08,0.0,36.14,21.81,96.19,43.58
2017-06-09,0.0,39.68,24.09,79.07,33.21
2017-06-10,0.0,39.58,23.47,92.24,31.27
2017-06-11,0.0,38.18,23.24,79.78,33.37
2017-06-12,0.0,35.76,21.27,96.21,38.7
2017-06-13,0.0,37.98,22.29,87.51,32.68
2017-06-14,0.0,40.22,21.7,86.86,17.58
2017-06-15,0.0,43.12,22.68,82.04,10.56
2017-06-16,0.0,41.06,24.16,70.11,18.96
2017-06-17,0.0,37.12,21.62,94.48,35.8
2017-06-18,0.0,37.26,23.19,81.88,33.07
2017-06-19,0.0,38.59,23.11,80.85,29.14
2017-06-20,0.0,38.37,22.26,90.53,27.73
2017-06-21,0.0,37.78,23.76,87.54,36.94
2017-06-22,0.0,36.95,23.61,95.77,43.47
2017-06-23,0.0,39.79,25.1,95.76,37.56
2017-06-24,0.0,39.59,24.13,90.42,37.14
2017-06-25,0.01,38.72,24.59,95.63,37.91
2017-06-26,40.33,38.64,24.98,95.8,42.6
2017-06-27,0.43,31.55,22.6,99.2,78.43
2017-06-28,0.91,33.81,23.23,98.78,70.71
2017-06-29,0.0,35.02,23.13,97.68,60.81
2017-06-30,0.04,33.98,23.86,96.86,70.34
2017-07-01,0.2,33.94,22.68,97.08,51.61
2017-07-02,0.14,36.78,23.23,86.27,44.17
2017-07-03,0.0,37.99,24.19,91.37,43.45
2017-07-04,0.0,39.77,23.66,88.63,19.73
2017-07-05,0.0,41.49,25.8,69.11,16.29
2017-07-06,0.0,37.35,23.98,80.92,42.09
2017-07-07,0.02,37.8,25.38,86.34,46.92
2017-07-08,0.16,37.26,25.54,96.09,48.93
2017-07-09,0.0,36.0,24.16,96.45,41.23
2017-07-10,0.0,38.42,23.07,94.27,30.31
2017-07-11,0.0,37.84,24.05,85.78,37.16
2017-07-12,0.0,36.77,23.78,88.28,43.58
2017-07-13,0.0,37.56,23.62,92.55,40.36
2017-07-14,0.0,35.98,22.73,87.33,37.06
2017-07-15,0.0,32.98,23.7,84.45,53.28
2017-07-16,0.0,37.34,24.55,90.59,44.58
2017-07-17,0.0,32.62,24.69,96.98,58.88
2017-07-18,0.0,36.97,23.2,92.29,41.09
2017-07-19,0.0,38.49,24.36,85.58,41.4
2017-07-20,0.01,34.36,25.06,96.5,62.94
2017-07-21,0.0,34.69,24.97,96.0,49.43
2017-07-22,0.0,35.74,22.98,88.1,40.72
2017-07-23,0.0,38.47,23.08,84.68,31.52
2017-07-24,0.19,37.95,23.67,80.23,35.02
2017-07-25,0.0,36.82,23.8,89.62,42.24
2017-07-26,0.0,36.93,24.2,87.78,42.7
2017-07-27,0.0,36.78,24.99,81.35,40.35
2017-07-28,0.0,36.78,24.18,87.78,47.7
2017-07-29,11.48,36.91,25.67,94.42,50.36
2017-07-30,2.3,34.68,24.56,98.35,58.63
2017-07-31,0.0,36.61,24.48,97.66,46.1
2017-08-01,0.38,38.57,25.02,95.12,40.11
2017-08-02,0.0,38.37,24.35,79.02,34.77
2017-08-03,0.04,37.98,24.74,73.75,36.06
2017-08-04,0.0,37.25,24.39,85.84,36.61
2017-08-05,0.0,37.03,23.46,82.98,36.95
2017-08-06,0.0,37.3,23.43,83.66,37.33
2017-08-07,0.0,37.43,24.22,84.57,42.22
2017-08-08,18.7,32.74,24.18,96.79,66.36
2017-08-09,0.02,32.53,23.92,98.65,67.31
2017-08-10,0.0,34.41,23.26,97.47,55.1
2017-08-11,0.0,36.36,23.83,93.48,49.7
2017-08-12,14.15,32.98,24.59,98.43,68.92
2017-08-13,0.08,33.35,24.77,98.66,66.77
2017-08-14,0.69,34.65,24.23,98.65,56.83
2017-08-15,0.0,35.69,24.7,97.43,45.32
2017-08-16,0.0,37.38,24.49,84.58,42.77
2017-08-17,0.0,37.74,25.59,95.73,45.28
2017-08-18,0.59,32.91,24.85,97.4,58.51
2017-08-19,12.83,37.32,24.44,86.26,44.34
2017-08-20,0.01,33.99,24.35,99.12,55.47
2017-08-21,0.0,37.3,23.85,98.28,47.75
2017-08-22,0.0,33.88,24.98,97.24,63.69
2017-08-23,0.4,36.29,24.06,95.3,45.3
2017-08-24,0.01,32.53,24.18,98.59,65.47
2017-08-25,0.11,36.74,22.97,98.57,46.78
2017-08-26,46.98,31.87,23.95,98.39,75.19
2017-08-27,4.34,32.47,23.82,99.42,74.12
2017-08-28,1.99,33.2,24.55,97.99,69.34
2017-08-29,0.01,32.82,24.1,97.72,70.12
2017-08-30,0.0,33.54,25.09,97.06,66.68
2017-08-31,0.0,34.8,23.92,96.93,50.17
2017-09-01,0.0,35.33,22.88,92.02,44.84
2017-09-02,0.0,34.73,22.64,87.87,48.81
2017-09-03,0.0,34.44,22.91,91.13,51.34
2017-09-04,3.29,35.21,23.53,93.37,54.18
2017-09-05,10.14,34.13,23.28,98.05,61.86
2017-09-06,0.0,34.3,24.51,98.02,67.04
2017-09-07,2.05,34.08,24.36,98.15,63.06
2017-09-08,0.53,34.91,23.25,97.35,54.28
2017-09-09,0.0,36.33,24.79,90.25,53.22
2017-09-10,0.0,34.38,24.89,95.77,59.8
2017-09-11,0.0,36.61,24.12,94.51,47.18
2017-09-12,0.0,38.25,24.54,88.66,43.6
2017-09-13,0.0,37.63,25.76,79.25,45.06
2017-09-14,0.0,37.26,25.0,91.49,45.54
2017-09-15,0.0,37.51,24.27,91.54,39.75
2017-09-16,0.0,36.96,23.27,92.81,40.83
2017-09-17,0.0,37.08,23.55,89.51,43.64
2017-09-18,9.33,37.72,24.38,99.27,45.88
2017-09-19,0.0,32.65,23.51,99.13,70.1
2017-09-20,0.0,34.24,24.8,97.2,54.77
2017-09-21,0.0,36.98,22.68,86.8,28.71
2017-09-22,0.0,34.6,21.98,64.65,31.99
2017-09-23,0.0,35.22,21.98,89.45,42.66
2017-09-24,30.27,35.3,23.22,87.76,43.57
2017-09-25,0.03,29.24,23.51,99.16,87.56
2017-09-26,0.0,31.04,23.98,98.39,75.06
2017-09-27,0.0,33.79,23.68,98.09,59.58
2017-09-28,0.0,34.41,24.31,96.51,59.5
2017-09-29,0.0,34.16,24.23,98.21,65.15
2017-09-30,0.0,35.04,24.32,97.44,49.81
2017-10-01,0.0,35.17,23.96,96.82,57.05
2017-10-02,0.0,34.45,23.64,96.32,61.31
2017-10-03,0.0,33.45,21.95,96.99,63.14
2017-10-04,0.02,32.21,22.17,97.85,69.09
2017-10-05,0.0,35.03,22.8,97.28,59.58
2017-10-06,0.0,37.6,24.02,96.9,30.87
2017-10-07,0.0,37.51,23.58,75.57,30.89
2017-10-08,0.0,36.63,22.52,95.17,48.12
2017-10-09,0.0,37.29,22.87,98.2,39.56
2017-10-10,0.0,38.9,22.2,92.31,20.24
2017-10-11,0.05,38.13,23.24,75.91,39.58
2017-10-12,0.0,37.63,24.07,91.28,44.71
2017-10-13,0.0,39.03,23.16,99.69,32.1
2017-10-14,0.0,41.01,24.32,83.41,18.91
2017-10-15,0.0,40.64,24.42,83.41,25.62
2017-10-16,0.0,38.22,24.96,94.44,44.44
2017-10-17,0.0,38.63,23.72,95.49,40.29
2017-10-18,0.0,42.41,25.3,77.66,15.91
2017-10-19,0.0,43.18,26.41,49.76,14.71
2017-10-20,0.0,41.92,26.03,66.62,17.86
2017-10-21,0.0,42.44,25.93,64.47,11.93
2017-10-22,0.0,42.18,24.05,37.75,11.75
2017-10-23,0.0,41.78,24.32,38.96,13.63
2017-10-24,0.0,41.05,24.51,56.98,13.09
2017-10-25,0.0,40.15,23.08,37.7,13.5
2017-10-26,0.0,40.88,23.22,45.1,14.57
2017-10-27,0.0,42.04,24.03,51.97,14.38
2017-10-28,0.0,42.71,25.06,53.21,11.21
2017-10-29,0.0,42.02,24.47,39.05,15.44
2017-10-30,0.0,41.07,23.9,65.27,19.62
2017-10-31,0.0,40.61,23.96,60.84,21.8
2017-11-01,0.0,42.24,22.93,63.84,13.92
2017-11-02,0.0,42.34,23.11,35.95,10.98
2017-11-03,0.0,41.62,22.38,37.22,11.83
2017-11-04,0.0,40.43,21.47,35.89,12.11
2017-11-05,0.0,40.16,21.16,47.8,12.59
2017-11-06,0.0,38.6,19.99,80.73,18.52
2017-11-07,0.0,35.18,19.51,98.81,42.08
2017-11-08,0.0,32.92,18.85,98.55,38.81
2017-11-09,0.0,38.77,20.49,80.94,20.78
2017-11-10,0.0,40.71,20.67,89.76,13.56
2017-11-11,0.0,40.83,22.75,49.98,11.63
2017-11-12,0.0,36.9,20.95,33.09,13.44
2017-11-13,0.0,34.5,18.32,31.87,11.63
2017-11-14,0.0,35.0,17.7,38.85,15.53
2017-11-15,0.0,36.2,17.86,37.9,13.5
2017-11-16,0.0,36.61,19.38,35.46,11.59
2017-11-17,0.0,36.39,20.59,28.8,11.25
2017-11-18,0.0,36.4,18.64,32.93,9.91
2017-11-19,0.0,35.71,17.27,31.69,9.07
2017-11-20,0.0,36.18,17.76,30.14,7.79
2017-11-21,0.0,36.3,17.88,30.35,9.16
2017-11-22,0.0,35.24,18.41,62.76,13.76
2017-11-23,0.0,36.89,18.8,41.64,13.63
2017-11-24,0.0,38.55,20.3,51.63,19.15
2017-11-25,0.0,38.8,21.34,65.71,17.33
2017-11-26,0.0,37.5,21.86,34.56,14.42
2017-11-27,0.0,36.85,20.2,45.89,18.7
2017-11-28,0.0,36.24,19.96,43.84,16.66
2017-11-29,0.0,36.96,20.34,42.46,15.49
2017-11-30,0.0,38.01,20.06,40.48,14.53
2017-12-01,0.0,39.49,20.24,38.02,14.24
2017-12-02,0.0,38.02,19.94,36.64,13.66
2017-12-03,0.0,35.57,18.41,64.43,23.87
2017-12-04,0.0,33.82,16.96,49.49,19.52
2017-12-05,0.0,36.48,17.19,47.82,20.09
2017-12-06,0.0,32.77,17.45,36.01,14.83
2017-12-07,0.0,30.63,16.01,43.02,20.39
2017-12-08,0.0,29.96,13.83,55.54,24.05
2017-12-09,0.0,30.27,14.24,61.7,26.36
2017-12-10,0.0,32.32,14.99,58.13,19.08
2017-12-11,0.0,32.72,16.0,43.38,16.71
2017-12-12,0.0,30.66,14.64,50.68,22.31
2017-12-13,0.0,27.75,13.37,71.28,31.77
2017-12-14,0.0,27.55,11.52,64.56,28.2
2017-12-15,0.0,29.71,12.71,57.89,22.56
2017-12-16,0.0,30.34,14.19,60.39,23.47
2017-12-17,0.0,30.17,15.23,50.12,20.52
2017-12-18,0.0,31.1,14.29,75.14,30.73
2017-12-19,0.0,32.0,15.42,73.24,26.77
2017-12-20,0.0,28.7,15.74,55.2,25.16
2017-12-21,0.0,27.84,15.16,42.14,19.55
2017-12-22,0.0,25.41,12.96,37.17,22.16
2017-12-23,0.0,25.41,13.43,46.07,22.92
2017-12-24,0.0,26.73,13.29,35.39,21.03
2017-12-25,0.0,29.22,12.88,43.45,17.42
2017-12-26,0.0,31.28,14.8,37.43,19.11
2017-12-27,0.0,31.61,16.57,43.13,21.76
2017-12-28,0.0,29.81,15.1,39.67,16.0
2017-12-29,0.0,30.06,13.41,28.87,12.75
2017-12-30,0.0,30.97,14.15,28.7,13.98
2017-12-31,0.0,33.52,15.65,35.11,13.42
2018-01-01,0.0,33.45,16.86,32.6,14.32
2018-01-02,0.0,32.94,16.94,36.45,15.75
2018-01-03,0.0,32.22,16.43,29.41,13.65
2018-01-04,0.0,33.42,15.83,33.37,12.78
2018-01-05,0.0,34.09,17.5,31.82,13.18
2018-01-06,0.0,32.98,15.7,33.4,12.28
2018-01-07,0.0,28.87,13.15,59.37,24.35
2018-01-08,0.0,31.03,12.92,64.98,25.03
2018-01-09,0.0,31.25,13.81,65.03,23.79
2018-01-10,0.0,30.76,13.34,61.76,23.09
2018-01-11,0.0,30.8,13.76,49.47,15.53
2018-01-12,0.0,32.33,13.46,32.14,11.89
2018-01-13,0.0,33.8,14.45,34.64,12.2
2018-01-14,0.0,34.26,14.84,36.45,13.53
2018-01-15,0.0,33.8,15.62,36.66,13.02
2018-01-16,0.0,28.72,13.96,64.08,22.51
2018-01-17,0.0,27.04,10.82,64.1,26.38
2018-01-18,0.0,28.47,10.88,64.67,22.19
2018-01-19,0.0,29.77,11.99,56.61,20.69
2018-01-20,0.0,30.74,13.79,64.14,23.85
2018-01-21,0.0,31.8,14.84,47.56,13.79
2018-01-22,0.0,30.72,14.96,40.78,17.08
2018-01-23,0.0,31.39,13.7,39.48,15.33
2018-01-24,0.0,33.77,13.68,37.32,11.11
2018-01-25,0.0,33.51,15.59,29.52,10.11
2018-01-26,0.0,33.11,14.63,30.63,12.38
2018-01-27,0.0,32.56,14.9,39.54,15.21
2018-01-28,0.0,30.62,14.37,53.75,22.73
2018-01-29,0.0,30.76,12.8,53.42,17.93
2018-01-30,0.0,29.68,12.02,59.71,19.13
2018-01-31,0.01,29.95,12.47,39.53,13.44
2018-02-01,0.0,29.55,13.87,44.21,18.47
2018-02-02,0.0,27.99,12.29,55.74,27.75
2018-02-03,0.0,28.39,14.09,58.79,23.83
2018-02-04,0.0,29.53,14.01,59.42,21.81
2018-02-05,0.0,31.46,14.44,45.26,15.87
2018-02-06,0.0,30.27,16.79,41.84,21.85
2018-02-07,0.0,28.0,16.86,38.42,19.69
2018-02-08,0.0,28.41,16.07,47.67,23.31
2018-02-09,0.0,27.83,14.71,55.72,23.85
2018-02-10,0.0,28.46,13.04,48.07,17.68
2018-02-11,0.0,30.06,13.13,37.57,12.47
2018-02-12,0.0,30.97,14.06,31.17,12.51
2018-02-13,0.0,33.26,16.2,36.44,12.06
2018-02-14,0.0,34.37,17.57,20.89,7.37
2018-02-15,0.0,34.59,18.37,22.47,8.42
2018-02-16,0.0,34.4,18.78,46.48,11.78
2018-02-17,0.0,34.04,17.41,82.83,17.3
2018-02-18,0.0,35.79,16.34,76.46,14.18
2018-02-19,0.0,37.21,18.69,58.07,15.75
2018-02-20,0.0,36.79,18.05,55.8,20.52
2018-02-21,0.0,36.03,17.11,74.69,21.96
2018-02-22,0.0,32.85,17.04,70.52,23.66
2018-02-23,0.0,27.23,16.23,92.93,49.27
2018-02-24,0.0,30.33,12.4,97.39,42.6
2018-02-25,0.0,29.96,13.57,96.93,43.07
2018-02-26,0.0,30.58,12.97,98.02,35.23
2018-02-27,0.0,32.51,14.62,97.85,36.26
2018-02-28,0.0,30.98,15.11,95.1,41.06
2018-03-01,0.0,32.41,15.27,93.96,32.71
2018-03-02,0.0,34.28,16.83,95.25,35.82
2018-03-03,0.0,34.72,18.37,77.25,31.28
2018-03-04,0.0,35.25,17.6,82.72,26.66
2018-03-05,0.0,38.76,20.12,54.36,18.34
2018-03-06,0.0,36.45,19.33,43.35,12.86
2018-03-07,0.0,37.62,19.59,41.15,13.08
2018-03-08,0.0,38.33,19.64,49.52,13.38
2018-03-09,0.0,39.58,20.43,37.22,11.18
2018-03-10,0.0,39.54,18.89,47.88,10.21
2018-03-11,0.0,38.32,18.75,55.95,10.59
2018-03-12,0.0,36.83,18.99,44.83,13.18
2018-03-13,0.0,38.73,20.16,33.28,10.51
2018-03-14,0.0,38.12,19.9,30.19,10.1
2018-03-15,0.0,37.85,19.6,49.27,13.59
2018-03-16,0.0,34.58,18.28,68.35,20.46
2018-03-17,0.0,35.82,17.77,64.44,16.46
2018-03-18,0.0,35.93,17.42,39.38,11.63
2018-03-19,0.0,35.91,17.43,34.23,10.62
2018-03-20,0.0,37.65,18.25,55.02,12.74
2018-03-21,0.0,36.23,17.39,41.0,15.24
2018-03-22,0.0,36.97,17.04,43.83,11.24
2018-03-23,0.0,36.17,19.37,27.82,4.88
2018-03-24,0.0,34.43,16.81,20.18,5.84
2018-03-25,0.0,36.54,17.46,18.47,5.26
2018-03-26,0.0,38.08,18.12,45.43,8.74
2018-03-27,0.0,38.38,20.42,55.78,14.22
2018-03-28,0.0,40.4,20.16,58.96,15.7
2018-03-29,0.0,36.42,18.69,75.64,27.93
2018-03-30,0.0,32.72,17.73,83.52,30.64
2018-03-31,0.0,37.66,17.28,79.9,21.79
2018-04-01,0.0,36.52,16.78,72.09,20.69
2018-04-02,0.0,34.41,15.18,97.89,27.78
2018-04-03,0.0,35.78,15.52,95.75,23.93
2018-04-04,0.0,38.08,18.2,76.66,16.88
2018-04-05,0.0,41.55,19.68,61.48,13.65
2018-04-06,0.0,42.67,20.95,59.23,11.28
2018-04-07,0.0,40.63,20.5,58.23,12.73
2018-04-08,0.0,39.59,20.78,44.29,12.22
2018-04-09,0.0,38.9,19.74,61.78,13.41
2018-04-10,0.0,37.11,21.4,39.66,14.26
2018-04-11,0.0,37.9,21.0,32.68,11.25
2018-04-12,0.0,38.01,19.51,43.47,13.37
2018-04-13,0.0,37.71,18.47,66.45,13.34
2018-04-14,0.0,38.2,17.79,63.86,13.97
2018-04-15,0.0,38.77,19.3,50.68,13.63
2018-04-16,0.0,37.83,18.12,67.69,21.86
2018-04-17,0.0,34.68,16.34,86.32,29.5
2018-04-18,0.0,33.88,15.99,96.05,31.3
2018-04-19,0.0,32.4,17.44,92.03,36.52
2018-04-20,0.0,31.5,16.58,98.91,38.81
2018-04-21,0.0,35.95,17.11,93.58,26.01
2018-04-22,0.0,35.33,16.68,90.01,25.54
2018-04-23,0.0,36.11,17.05,89.71,23.04
2018-04-24,0.0,38.41,17.85,88.29,15.8
2018-04-25,0.0,39.29,18.66,64.91,13.21
2018-04-26,0.0,40.26,19.67,58.45,14.22
2018-04-27,0.0,40.82,19.75,68.86,15.45
2018-04-28,0.0,39.53,17.8,90.44,18.77
2018-04-29,0.0,39.53,19.02,68.44,13.93
2018-04-30,0.0,39.57,19.55,53.23,10.0
2018-05-01,0.0,39.56,20.24,38.1,8.83
2018-05-02,0.0,39.84,20.32,43.63,11.24
2018-05-03,0.0,38.52,20.39,38.67,11.03
2018-05-04,0.0,38.29,18.26,55.42,12.42
2018-05-05,0.0,37.03,18.47,80.59,25.39
2018-05-06,0.0,34.92,16.43,95.71,28.27
2018-05-07,0.02,37.65,17.74,86.94,19.03
2018-05-08,0.0,38.9,18.3,83.42,14.72
2018-05-09,0.0,38.76,19.57,56.37,13.42
2018-05-10,0.0,38.92,19.8,59.92,16.1
2018-05-11,0.0,39.74,18.17,85.18,17.28
2018-05-12,0.0,38.04,18.37,81.37,25.09
2018-05-13,0.0,37.81,17.79,82.06,22.45
2018-05-14,0.0,36.67,19.4,72.31,25.67
2018-05-15,0.0,37.31,19.99,74.83,27.31
2018-05-16,0.0,35.73,19.21,76.96,25.38
2018-05-17,0.0,35.63,17.98,87.37,28.95
2018-05-18,0.0,35.33,18.11,91.06,30.4
2018-05-19,0.0,33.98,17.92,93.93,33.54
2018-05-20,0.0,34.74,18.19,94.3,33.14
2018-05-21,0.0,35.78,18.45,94.46,29.33
2018-05-22,0.0,36.87,18.65,83.48,23.76
2018-05-23,0.0,39.36,18.78,79.32,16.4
2018-05-24,0.0,41.27,20.01,74.3,12.89
2018-05-25,0.0,39.36,20.22,75.08,19.17
2018-05-26,0.0,39.17,20.17,76.4,19.88
2018-05-27,0.0,41.47,20.0,73.49,15.27
2018-05-28,0.0,42.92,22.83,48.03,10.48
2018-05-29,0.0,40.53,23.51,41.27,16.27
2018-05-30,0.0,37.95,20.97,77.34,25.85
2018-05-31,0.0,38.36,20.52,81.71,24.77
2018-06-01,0.0,42.77,20.23,80.88,13.75
2018-06-02,0.0,40.44,24.4,57.87,21.77
2018-06-03,0.0,37.74,22.08,72.98,28.8
2018-06-04,0.0,38.1,22.0,65.28,28.15
2018-06-05,0.0,38.19,23.52,64.86,28.28
2018-06-06,0.0,41.83,23.64,62.01,17.81
2018-06-07,0.0,41.61,22.87,70.59,18.2
2018-06-08,0.0,43.51,24.76,56.83,12.32
2018-06-09,0.0,42.47,25.23,46.91,14.1
2018-06-10,0.0,39.77,23.16,67.3,20.03
2018-06-11,0.0,39.97,22.14,74.86,17.47
2018-06-12,0.0,42.39,23.3,61.07,15.8
2018-06-13,0.0,39.96,24.31,62.4,25.23
2018-06-14,0.0,36.89,22.18,74.07,25.65
2018-06-15,0.0,36.56,23.01,66.89,29.71
2018-06-16,0.0,35.93,20.33,93.59,35.17
2018-06-17,0.0,34.51,21.21,84.76,35.63
2018-06-18,0.0,34.63,22.57,68.23,34.33
2018-06-19,0.0,36.86,22.87,70.79,34.62
2018-06-20,0.0,37.98,20.79,89.95,27.53
2018-06-21,0.0,37.18,22.36,79.87,33.18
2018-06-22,0.0,42.67,23.91,71.3,19.26
2018-06-23,0.0,39.07,22.36,83.49,30.72
2018-06-24,0.0,38.4,21.97,83.05,29.72
2018-06-25,0.0,41.6,20.58,85.01,15.81
2018-06-26,0.0,42.1,24.5,67.64,23.07
2018-06-27,15.36,34.79,21.93,99.01,62.46
2018-06-28,0.0,36.47,21.04,98.14,37.61
2018-06-29,0.0,38.47,22.64,73.3,31.07
2018-06-30,0.0,37.68,21.16,88.54,29.82
2018-07-01,0.0,36.99,21.0,80.75,29.77
2018-07-02,0.0,37.9,22.88,76.23,31.95
2018-07-03,0.0,37.16,22.65,83.72,36.58
2018-07-04,0.0,40.02,23.88,81.87,32.9
2018-07-05,0.0,40.56,26.08,70.79,28.56
2018-07-06,0.0,38.24,23.21,84.47,38.07
2018-07-07,0.75,38.89,23.23,97.01,37.08
2018-07-08,0.0,36.1,23.4,95.26,53.71
2018-07-09,0.0,37.78,23.31,96.35,41.92
2018-07-10,0.0,37.4,22.85,95.33,34.96
2018-07-11,0.4,39.82,23.86,75.99,34.62
2018-07-12,0.0,37.87,23.64,89.32,33.58
2018-07-13,0.0,38.52,22.22,94.32,35.32
2018-07-14,0.05,39.8,24.58,88.21,37.27
2018-07-15,0.0,37.07,23.78,87.8,34.71
2018-07-16,0.0,37.31,22.3,86.86,36.77
2018-07-17,0.0,38.11,22.46,95.52,37.57
2018-07-18,29.72,38.92,24.29,94.1,37.82
2018-07-19,1.6,34.26,22.92,99.45,59.32
2018-07-20,0.0,35.73,22.88,97.02,49.3
2018-07-21,0.0,36.09,23.44,84.65,37.01
2018-07-22,0.0,38.76,24.28,72.03,36.32
2018-07-23,0.01,37.54,24.21,89.94,46.15
2018-07-24,0.11,36.2,24.83,92.15,46.87
2018-07-25,0.0,35.46,24.25,82.17,40.53
2018-07-26,0.0,36.17,23.49,74.57,39.35
2018-07-27,0.0,35.82,22.12,90.91,42.97
2018-07-28,11.96,37.38,22.49,97.27,39.33
2018-07-29,0.01,36.75,24.43,76.37,41.41
2018-07-30,0.0,38.37,25.2,83.0,37.04
2018-07-31,0.0,38.7,24.22,87.84,38.2
2018-08-01,0.0,35.29,24.69,90.13,53.24
2018-08-02,0.1,35.74,24.23,96.14,47.12
2018-08-03,0.06,35.66,21.45,88.03,38.71
2018-08-04,0.0,35.88,23.33,78.4,41.51
2018-08-05,0.0,35.57,23.59,85.23,41.35
2018-08-06,0.0,35.33,23.2,79.07,42.76
2018-08-07,0.0,37.18,22.85,89.41,37.13
2018-08-08,0.93,37.83,22.49,94.4,36.29
2018-08-09,0.08,37.96,24.28,82.22,38.02
2018-08-10,0.04,36.26,23.79,85.51,43.63
2018-08-11,0.0,38.98,23.86,79.18,22.29
2018-08-12,0.0,36.38,21.93,84.62,37.13
2018-08-13,0.0,35.87,22.86,81.8,41.58
2018-08-14,0.5,36.39,22.15,84.86,38.62
2018-08-15,0.0,36.69,22.3,85.36,40.4
2018-08-16,0.01,38.85,24.78,73.4,34.92
2018-08-17,0.0,38.45,25.64,76.69,38.93
2018-08-18,0.0,38.85,24.09,84.93,28.35
2018-08-19,0.0,38.25,22.44,81.44,33.54
2018-08-20,0.01,37.24,23.84,77.29,38.76
2018-08-21,0.0,37.18,24.18,84.13,40.2
2018-08-22,9.62,37.72,24.76,83.4,41.98
2018-08-23,32.01,37.46,23.98,87.32,41.34
2018-08-24,0.0,39.38,23.35,84.47,37.53
2018-08-25,0.7,38.92,25.08,85.3,40.41
2018-08-26,0.0,37.99,23.76,93.72,39.06
2018-08-27,5.33,38.92,23.31,87.43,35.63
2018-08-28,17.85,37.13,23.99,82.88,45.85
2018-08-29,0.32,33.37,23.74,98.32,66.44
2018-08-30,0.04,33.6,24.14,98.54,64.03
2018-08-31,0.0,35.17,23.68,97.69,53.14
2018-09-01,8.97,35.44,23.17,99.29,50.18
2018-09-02,0.56,37.04,24.31,94.52,36.78
2018-09-03,0.66,37.61,23.87,82.28,45.43
2018-09-04,0.0,37.23,24.76,96.15,45.82
2018-09-05,21.69,33.61,24.42,97.37,66.27
2018-09-06,7.72,30.18,23.23,99.34,83.75
2018-09-07,0.0,31.54,24.09,98.73,70.91
2018-09-08,0.0,32.49,23.26,97.95,64.13
2018-09-09,1.53,34.48,23.82,96.88,53.45
2018-09-10,0.0,33.98,22.98,98.82,60.21
2018-09-11,3.32,35.91,22.82,98.15,45.87
2018-09-12,4.39,31.18,23.04,98.47,79.5
2018-09-13,0.0,31.46,23.68,98.33,75.1
2018-09-14,7.47,32.33,23.55,99.2,75.1
2018-09-15,0.01,33.1,23.84,98.89,68.86
2018-09-16,0.0,33.71,24.51,96.78,64.64
2018-09-17,0.3,33.61,24.25,96.97,59.94
2018-09-18,0.42,29.77,23.53,98.88,82.02
2018-09-19,0.0,32.49,23.95,98.44,74.11
2018-09-20,0.0,32.13,23.87,96.71,71.74
2018-09-21,0.0,34.47,24.82,94.8,60.31
2018-09-22,0.03,31.44,24.79,96.6,81.54
2018-09-23,0.0,31.57,23.23,98.53,62.32
2018-09-24,0.01,32.17,21.06,91.45,60.91
2018-09-25,0.03,31.91,23.34,97.13,74.19
2018-09-26,0.71,31.23,23.07,97.53,76.47
2018-09-27,0.0,34.12,23.87,97.37,55.54
2018-09-28,36.86,32.76,24.23,95.85,70.99
2018-09-29,0.47,30.2,23.07,98.69,77.94
2018-09-30,0.0,31.02,23.26,97.49,73.07
2018-10-01,0.0,32.36,22.81,97.33,72.68
2018-10-02,0.0,33.73,22.46,96.17,68.25
2018-10-03,0.01,33.68,23.7,97.53,73.65
2018-10-04,0.0,34.01,24.01,96.74,69.93
2018-10-05,0.0,33.56,23.78,97.02,70.11
2018-10-06,0.0,33.85,23.7,96.24,72.56
2018-10-07,0.6,34.85,23.82,96.47,65.16
2018-10-08,0.34,34.77,23.67,96.76,62.1
2018-10-09,0.0,34.3,23.5,96.59,65.76
2018-10-10,0.0,33.41,22.38,97.7,60.35
2018-10-11,0.0,36.33,21.69,98.57,39.55
2018-10-12,0.0,36.69,23.2,94.19,43.0
2018-10-13,0.0,37.43,22.7,91.24,33.83
2018-10-14,0.0,34.76,21.51,99.17,46.59
2018-10-15,0.0,35.65,21.58,97.02,43.82
2018-10-16,1.61,34.02,22.18,97.5,53.09
2018-10-17,0.16,38.26,22.88,97.5,32.52
2018-10-18,0.0,39.76,23.24,74.19,17.48
2018-10-19,0.0,37.46,24.03,54.95,23.95
2018-10-20,0.0,37.77,23.59,66.92,28.33
2018-10-21,0.0,38.67,23.33,87.19,27.27
2018-10-22,0.0,39.44,22.9,82.19,27.62
2018-10-23,0.0,40.41,25.16,71.58,30.56
2018-10-24,0.0,41.46,25.78,80.04,22.46
2018-10-25,0.0,42.05,24.4,71.07,19.85
2018-10-26,0.0,39.92,24.29,74.2,31.77
2018-10-27,0.0,37.05,22.83,95.31,38.02
2018-10-28,0.0,37.04,21.79,96.31,36.65
2018-10-29,0.0,38.14,21.52,97.61,32.84
2018-10-30,0.0,35.96,22.76,83.13,40.92
2018-10-31,0.0,36.24,21.42,72.29,30.36
2018-11-01,0.0,37.6,20.83,87.03,27.56
2018-11-02,0.0,38.66,22.01,65.48,24.3
2018-11-03,0.0,37.85,20.83,55.92,22.48
2018-11-04,0.0,37.45,19.68,72.88,24.79
2018-11-05,0.0,35.57,18.43,97.33,37.14
2018-11-06,0.0,36.94,19.11,96.93,30.99
2018-11-07,0.0,37.82,19.5,94.75,22.21
2018-11-08,0.0,40.95,22.42,59.17,15.04
2018-11-09,0.0,41.21,22.49,47.96,13.98
2018-11-10,0.0,39.73,22.38,50.39,13.72
2018-11-11,0.0,37.94,21.88,47.4,18.6
2018-11-12,0.0,35.28,20.26,65.84,22.53
2018-11-13,0.0,34.89,18.81,63.74,22.58
2018-11-14,0.0,34.96,18.83,61.79,24.44
2018-11-15,0.0,32.11,17.46,65.74,26.2
2018-11-16,0.0,34.35,17.33,78.41,24.04
2018-11-17,0.0,33.1,18.41,89.92,32.87
2018-11-18,0.0,28.22,17.2,97.81,50.13
2018-11-19,0.0,31.66,16.23,98.39,47.14
2018-11-20,0.0,33.26,16.69,95.79,35.83
2018-11-21,0.0,36.35,18.67,72.09,27.01
2018-11-22,0.0,37.02,20.02,69.88,25.4
2018-11-23,0.0,32.48,18.8,85.54,34.72
2018-11-24,0.0,32.46,19.38,66.06,32.2
2018-11-25,0.0,32.53,19.29,51.2,27.96
2018-11-26,0.0,32.7,18.58,51.36,22.43
2018-11-27,0.0,35.42,19.12,48.08,19.4
2018-11-28,0.0,37.63,18.54,51.72,18.71
2018-11-29,0.0,37.17,20.02,43.32,14.82
2018-11-30,0.0,36.11,19.0,41.18,15.87
2018-12-01,0.0,35.34,17.84,39.15,14.14
2018-12-02,0.0,35.55,16.99,34.92,13.4
2018-12-03,0.0,34.39,16.12,36.58,13.89
2018-12-04,0.0,34.98,16.32,39.34,16.51
2018-12-05,0.0,36.43,16.63,38.58,13.99
2018-12-06,0.0,38.96,19.26,36.07,19.36
2018-12-07,0.0,37.25,20.5,26.69,13.01
2018-12-08,0.0,34.41,17.88,39.14,17.37
2018-12-09,0.0,33.94,16.84,41.74,17.27
2018-12-10,0.0,34.17,16.03,41.01,16.0
2018-12-11,0.0,32.72,14.49,46.59,17.16
2018-12-12,0.0,34.38,14.88,43.85,15.61
2018-12-13,0.0,35.32,17.82,39.01,15.16
2018-12-14,0.0,35.62,19.62,32.5,13.56
2018-12-15,0.0,31.38,19.92,32.95,17.97
2018-12-16,0.0,34.8,18.59,35.98,14.05
2018-12-17,0.0,35.43,18.34,37.15,11.16
2018-12-18,0.0,34.78,17.4,34.18,13.69
2018-12-19,0.0,34.82,17.02,35.32,13.05
2018-12-20,0.0,35.85,17.64,33.43,12.6
2018-12-21,0.0,35.03,16.92,32.49,11.53
2018-12-22,0.0,33.51,16.2,29.45,12.36
2018-12-23,0.0,32.28,16.52,33.78,14.58
2018-12-24,0.0,31.88,16.37,33.19,14.48
2018-12-25,0.0,32.6,14.74,40.33,15.18
2018-12-26,0.0,32.33,15.17,38.48,14.36
2018-12-27,0.0,32.24,14.83,41.01,15.67
2018-12-28,0.0,32.21,14.38,43.13,14.78
2018-12-29,0.0,30.84,14.61,41.18,16.3
2018-12-30,0.0,33.59,14.72,37.85,14.68
2018-12-31,0.0,35.78,16.79,38.27,15.8
2019-01-01,0.0,37.59,18.29,39.71,15.86
2019-01-02,0.0,35.03,18.77,34.91,14.99
2019-01-03,0.0,30.3,15.37,35.58,15.44
2019-01-04,0.0,28.98,13.59,36.15,16.22
2019-01-05,0.0,31.96,14.67,35.86,14.44
2019-01-06,0.0,32.01,15.24,35.22,13.15
2019-01-07,0.0,31.59,15.65,33.5,13.29
2019-01-08,0.0,33.45,15.52,36.52,12.63
2019-01-09,0.0,33.79,15.51,34.25,12.22
2019-01-10,0.0,32.79,15.44,33.67,11.64
2019-01-11,0.0,32.61,14.79,33.04,11.52
2019-01-12,0.0,35.19,16.26,28.5,9.88
2019-01-13,0.0,35.75,17.61,27.42,11.28
2019-01-14,0.0,37.33,19.19,25.99,9.98
2019-01-15,0.0,35.25,17.3,35.09,11.0
2019-01-16,0.0,35.51,16.74,52.55,10.65
2019-01-17,0.0,33.17,16.69,27.44,10.22
2019-01-18,0.0,28.52,14.43,44.51,15.82
2019-01-19,0.0,28.14,12.09,61.45,22.63
2019-01-20,0.0,29.49,12.02,46.14,13.89
2019-01-21,0.0,30.03,12.59,39.69,11.71
2019-01-22,0.0,30.15,13.01,73.07,22.47
2019-01-23,0.0,31.99,15.23,59.76,21.34
2019-01-24,0.0,33.67,15.94,46.77,16.34
2019-01-25,0.0,34.85,16.09,52.6,15.72
2019-01-26,0.0,35.6,17.8,35.27,12.92
2019-01-27,0.0,35.8,19.27,33.56,15.43
2019-01-28,0.0,34.31,17.56,44.51,15.16
2019-01-29,0.0,31.18,15.0,64.56,23.26
2019-01-30,0.0,33.81,14.77,51.73,15.15
2019-01-31,0.0,34.19,15.52,40.97,13.08
2019-02-01,0.0,33.44,16.25,45.35,18.48
2019-02-02,0.0,32.7,15.67,53.67,18.7
2019-02-03,0.0,32.13,15.57,67.02,27.07
2019-02-04,0.0,33.31,15.55,59.15,19.37
2019-02-05,0.0,35.89,16.76,51.3,15.92
2019-02-06,0.0,33.93,17.4,26.03,9.73
2019-02-07,0.0,32.9,18.08,18.0,8.48
2019-02-08,0.0,32.56,18.55,17.77,8.2
2019-02-09,0.0,35.34,19.06,19.7,8.69
2019-02-10,0.0,38.98,18.92,21.04,8.8
2019-02-11,0.0,38.26,20.25,22.18,7.22
2019-02-12,0.0,37.72,19.48,16.0,6.4
2019-02-13,0.0,35.85,19.09,18.1,6.72
2019-02-14,0.0,35.61,18.44,19.49,7.44
2019-02-15,0.11,37.61,18.97,21.01,6.85
2019-02-16,0.0,32.74,17.47,35.64,14.45
2019-02-17,0.0,32.64,16.02,64.9,19.19
2019-02-18,0.0,33.87,15.86,70.01,15.35
2019-02-19,0.0,32.18,17.1,53.01,9.99
2019-02-20,0.0,32.6,14.78,49.44,14.1
2019-02-21,0.0,36.91,16.55,33.83,10.95
2019-02-22,0.0,38.03,18.98,25.15,7.54
2019-02-23,0.0,35.82,18.91,22.27,8.03
2019-02-24,0.0,33.69,16.83,28.11,7.83
2019-02-25,0.0,33.07,14.66,23.17,8.19
2019-02-26,0.0,32.45,14.92,27.54,10.58
2019-02-27,0.0,30.67,14.27,24.75,11.08
2019-02-28,0.0,30.91,13.19,35.04,10.16
2019-03-01,0.0,29.85,14.05,33.85,12.56
2019-03-02,0.0,32.32,14.0,41.39,13.43
2019-03-03,0.0,33.96,15.46,38.88,11.27
2019-03-04,0.0,35.15,15.65,29.76,8.4
2019-03-05,0.0,36.9,16.75,30.6,7.35
2019-03-06,0.0,36.94,16.78,31.06,6.5
2019-03-07,0.0,35.98,15.67,59.72,10.45
2019-03-08,0.0,33.94,16.31,49.02,17.09
2019-03-09,0.0,34.37,15.39,61.61,17.39
2019-03-10,0.0,36.78,16.65,45.59,10.38
2019-03-11,0.0,37.45,17.77,32.08,9.39
2019-03-12,0.0,36.72,18.85,29.62,10.22
2019-03-13,0.0,36.59,18.73,28.43,8.29
2019-03-14,0.0,36.37,17.86,28.26,8.37
2019-03-15,0.0,37.59,17.72,25.86,7.09
2019-03-16,0.0,38.89,17.63,30.4,6.31
2019-03-17,0.0,40.2,18.1,39.5,6.43
2019-03-18,0.0,41.64,20.55,26.09,6.21
2019-03-19,0.0,41.51,20.74,21.42,5.69
2019-03-20,0.0,41.82,20.29,29.55,7.31
2019-03-21,0.0,39.36,19.2,56.18,17.45
2019-03-22,0.0,30.47,17.57,96.1,42.81
2019-03-23,0.0,30.43,16.69,97.21,44.87
2019-03-24,0.0,31.09,13.83,98.04,42.6
2019-03-25,0.0,29.63,15.03,97.3,42.75
2019-03-26,0.0,31.51,15.64,96.35,37.21
2019-03-27,0.0,32.69,15.08,96.32,33.77
2019-03-28,0.0,34.27,16.19,96.49,35.85
2019-03-29,0.0,29.67,17.66,94.74,57.85
2019-03-30,0.0,24.87,15.44,94.2,77.63
2019-03-31,0.0,31.58,15.32,95.9,35.63
2019-04-01,0.0,35.38,17.01,82.99,24.76
2019-04-02,0.0,32.08,17.64,91.57,43.84
2019-04-03,0.0,31.12,16.6,93.76,42.29
2019-04-04,0.0,32.12,16.69,92.59,31.74
2019-04-05,0.0,33.15,16.84,87.88,25.44
2019-04-06,0.0,34.45,18.51,77.59,20.21
2019-04-07,0.0,36.28,19.81,52.67,14.75
2019-04-08,0.0,37.06,18.91,55.0,15.16
2019-04-09,0.0,39.09,20.35,39.44,11.6
2019-04-10,0.0,38.63,20.53,40.44,13.63
2019-04-11,0.0,36.87,18.7,70.58,13.31
2019-04-12,0.0,35.72,17.23,57.78,14.42
2019-04-13,0.0,37.36,16.22,83.73,12.83
2019-04-14,0.0,39.65,17.27,69.15,11.07
2019-04-15,0.0,39.38,18.13,66.34,13.65
2019-04-16,0.0,39.79,18.61,75.31,17.35
2019-04-17,0.0,37.57,18.96,78.05,20.44
2019-04-18,0.0,40.11,19.36,71.0,15.02
2019-04-19,0.0,41.31,20.22,69.21,15.26
2019-04-20,0.0,40.13,20.21,65.45,17.73
2019-04-21,0.0,36.58,17.94,86.37,27.1
2019-04-22,0.0,36.37,17.22,95.11,25.33
2019-04-23,0.0,36.85,15.55,97.52,22.23
2019-04-24,0.0,39.65,17.73,86.72,11.62
2019-04-25,0.0,41.17,20.52,52.02,9.84
2019-04-26,0.0,43.21,22.14,44.6,12.71
2019-04-27,0.0,43.85,23.36,46.31,14.61
2019-04-28,0.0,44.2,23.28,52.49,13.91
2019-04-29,0.0,41.42,21.64,59.81,15.45
2019-04-30,0.0,37.71,20.21,63.81,22.97
2019-05-01,0.0,31.84,17.62,89.69,36.91
2019-05-02,0.0,31.61,17.73,82.69,37.43
2019-05-03,0.0,33.18,18.09,81.8,36.96
2019-05-04,0.0,35.51,17.94,88.79,28.33
2019-05-05,0.0,41.82,18.99,87.83,15.16
2019-05-06,0.0,44.39,22.18,55.44,11.0
2019-05-07,0.0,44.88,23.65,44.82,8.65
2019-05-08,0.0,44.34,24.38,42.29,8.56
2019-05-09,0.0,43.34,21.9,58.27,9.38
2019-05-10,0.0,38.71,19.97,69.52,21.0
2019-05-11,0.0,36.39,18.87,88.7,30.6
2019-05-12,0.0,36.39,18.42,96.51,28.5
2019-05-13,0.0,35.94,18.07,97.71,29.98
2019-05-14,0.0,36.3,17.9,96.25,25.29
2019-05-15,0.0,32.78,16.96,98.11,39.76
2019-05-16,0.0,32.9,19.09,88.62,35.82
2019-05-17,0.0,32.95,18.37,85.77,34.51
2019-05-18,0.0,33.59,18.95,83.29,30.3
2019-05-19,0.0,32.93,19.66,77.91,33.46
2019-05-20,0.0,35.91,19.43,85.71,32.88
2019-05-21,0.0,39.49,18.58,92.31,20.16
2019-05-22,0.0,37.95,18.73,84.27,21.68
2019-05-23,0.0,38.05,17.92,95.67,24.68
2019-05-24,0.0,38.2,18.84,92.25,27.43
2019-05-25,0.0,35.79,18.67,94.94,33.68
2019-05-26,0.0,34.6,19.34,96.06,37.05
2019-05-27,0.0,34.83,19.85,93.39,34.62
2019-05-28,0.0,36.18,19.95,85.81,29.09
2019-05-29,0.0,39.29,20.85,74.28,21.9
2019-05-30,0.0,40.7,22.83,71.41,17.12
2019-05-31,0.0,39.59,23.07,65.44,19.39
2019-06-01,0.0,35.28,19.87,80.62,31.76
2019-06-02,0.0,35.28,20.37,76.29,28.74
2019-06-03,0.0,39.55,20.39,73.82,23.37
2019-06-04,0.0,40.98,21.89,70.87,19.18
2019-06-05,0.0,38.91,20.74,82.41,24.94
2019-06-06,0.0,38.62,20.5,84.3,20.67
2019-06-07,0.0,38.07,19.75,89.93,25.3
2019-06-08,0.0,40.39,19.82,86.47,16.73
2019-06-09,0.0,45.63,24.29,46.7,8.54
2019-06-10,0.01,40.09,25.47,59.1,21.06
2019-06-11,0.0,36.93,23.01,87.4,29.89
2019-06-12,0.0,37.02,21.52,80.42,27.75
2019-06-13,0.0,35.73,19.09,95.79,35.11
2019-06-14,0.0,36.35,20.96,87.0,35.71
2019-06-15,0.0,40.65,20.2,93.03,19.0
2019-06-16,0.0,45.83,24.8,57.6,8.37
2019-06-17,0.0,46.23,27.68,43.89,9.76
2019-06-18,0.0,41.2,26.45,48.61,16.96
2019-06-19,0.06,38.72,24.47,64.02,22.59
2019-06-20,0.0,42.36,22.47,75.19,16.52
2019-06-21,0.0,43.09,23.99,68.71,14.77
2019-06-22,0.0,38.77,22.08,78.73,24.61
2019-06-23,0.0,36.12,19.78,93.56,35.41
2019-06-24,0.0,37.33,20.73,89.93,31.08
2019-06-25,0.0,43.24,21.14,82.82,11.27
2019-06-26,0.0,46.03,25.77,51.03,9.16
2019-06-27,0.0,39.97,24.38,74.19,29.42
2019-06-28,0.0,38.84,22.4,86.25,32.23
2019-06-29,0.0,40.16,22.06,84.62,24.48
2019-06-30,0.24,37.14,22.78,76.03,34.92
2019-07-01,0.04,36.9,23.57,76.24,34.85
2019-07-02,0.02,39.04,23.72,76.07,29.6
2019-07-03,0.02,38.51,23.63,76.15,29.83
2019-07-04,0.0,38.05,22.96,77.6,31.96
2019-07-05,0.0,37.41,23.1,81.04,32.52
2019-07-06,0.51,37.49,23.63,69.46,33.52
2019-07-07,0.01,37.58,24.96,75.37,34.57
2019-07-08,0.09,37.25,24.53,74.75,34.48
2019-07-09,0.02,37.5,23.43,74.45,32.94
2019-07-10,0.01,37.09,23.09,77.83,32.83
2019-07-11,0.0,36.91,23.34,79.87,34.35
2019-07-12,0.01,38.56,23.88,71.88,32.01
2019-07-13,0.01,38.3,25.1,73.27,34.41
2019-07-14,0.08,36.93,23.74,83.68,36.55
2019-07-15,0.0,37.28,22.1,85.24,35.21
2019-07-16,0.0,38.2,22.75,86.01,34.64
2019-07-17,0.01,37.52,24.61,81.82,37.92
2019-07-18,0.0,34.72,24.93,78.97,43.54
2019-07-19,0.0,37.44,21.32,95.45,33.33
2019-07-20,0.0,38.13,22.2,81.2,33.59
2019-07-21,0.0,37.77,23.4,88.58,37.46
2019-07-22,0.0,37.73,23.54,89.59,35.72
2019-07-23,0.0,40.91,24.62,78.29,32.81
2019-07-24,0.0,38.75,24.9,92.53,42.66
2019-07-25,6.88,36.1,23.73,96.88,41.08
2019-07-26,0.14,37.83,23.4,77.44,34.82
2019-07-27,0.0,38.73,24.21,81.4,37.78
2019-07-28,0.0,37.68,23.98,93.02,40.56
2019-07-29,0.02,39.31,24.44,86.27,40.19
2019-07-30,0.0,38.12,24.56,92.57,44.72
2019-07-31,0.0,38.93,23.24,95.92,30.39
2019-08-01,0.0,39.09,23.19,80.92,28.23
2019-08-02,0.0,40.35,23.25,79.98,25.33
2019-08-03,0.0,39.82,23.71,77.34,25.88
2019-08-04,0.0,38.23,25.21,69.77,33.44
2019-08-05,0.0,37.47,23.85,86.38,35.82
2019-08-06,0.0,36.43,22.54,79.57,35.54
2019-08-07,0.0,37.35,22.84,78.64,36.44
2019-08-08,0.0,37.44,23.86,81.15,38.18
2019-08-09,0.41,37.7,23.97,85.16,39.33
2019-08-10,0.0,36.91,25.73,75.85,38.08
2019-08-11,0.0,39.34,24.87,79.35,34.24
2019-08-12,0.0,38.23,24.7,84.97,40.91
2019-08-13,0.0,36.51,24.64,88.32,41.2
2019-08-14,0.0,37.93,23.97,76.89,34.78
2019-08-15,0.0,38.48,23.63,80.7,35.64
2019-08-16,0.01,40.0,25.01,84.89,36.76
2019-08-17,0.03,37.17,24.78,94.96,46.23
2019-08-18,9.45,37.4,23.21,97.75,41.32
2019-08-19,31.44,38.39,23.92,88.01,37.21
2019-08-20,0.54,39.22,24.69,78.81,34.2
2019-08-21,0.0,39.06,24.71,84.3,38.45
2019-08-22,12.91,35.94,24.42,89.7,52.6
2019-08-23,0.91,36.52,24.38,94.26,46.19
2019-08-24,0.0,37.14,25.12,92.36,43.03
2019-08-25,0.0,36.71,23.67,91.76,42.52
2019-08-26,0.0,36.9,23.98,96.25,43.85
2019-08-27,0.0,37.75,24.62,95.56,42.41
2019-08-28,0.0,36.09,24.48,92.53,52.17
2019-08-29,0.41,30.05,24.49,98.15,79.08
2019-08-30,2.03,31.47,24.35,99.49,72.81
2019-08-31,0.9,31.61,23.95,98.79,68.88
2019-09-01,0.0,31.06,23.43,98.73,73.08
2019-09-02,0.56,33.88,23.52,99.28,59.02
2019-09-03,21.95,36.25,23.47,99.25,52.21
2019-09-04,0.0,34.78,25.06,97.28,62.61
2019-09-05,0.09,35.34,24.69,98.56,55.73
2019-09-06,0.5,34.4,24.36,98.07,60.28
2019-09-07,0.07,34.78,23.81,98.31,55.71
2019-09-08,0.2,37.3,24.0,94.23,45.73
2019-09-09,0.0,36.92,24.81,88.54,48.14
2019-09-10,0.0,38.3,25.77,90.66,42.2
2019-09-11,0.33,37.88,25.5,94.78,43.81
2019-09-12,0.05,37.21,25.1,97.34,50.62
2019-09-13,1.35,37.89,24.31,92.95,44.01
2019-09-14,0.0,37.84,25.06,83.67,43.29
2019-09-15,5.77,38.64,25.57,92.42,42.92
2019-09-16,0.0,36.52,25.38,93.08,54.19
2019-09-17,6.57,36.68,23.94,96.55,47.62
2019-09-18,0.0,37.01,24.74,94.37,48.7
2019-09-19,0.8,35.08,24.15,96.92,55.69
2019-09-20,1.33,34.18,25.16,97.85,67.79
2019-09-21,13.29,33.08,23.88,99.01,67.63
2019-09-22,0.51,33.88,24.7,97.85,64.59
2019-09-23,0.55,32.26,24.81,97.92,76.66
2019-09-24,1.64,32.76,24.18,97.59,69.14
2019-09-25,0.11,33.04,23.6,93.02,59.42
2019-09-26,0.0,35.1,23.92,90.66,52.88
2019-09-27,0.0,36.06,24.29,91.7,47.93
2019-09-28,0.0,36.55,24.21,92.07,46.99
2019-09-29,0.0,36.71,23.92,93.17,43.88
2019-09-30,0.09,37.17,23.89,91.07,41.9
2019-10-01,0.0,39.14,23.47,95.9,32.34
2019-10-02,0.0,39.43,23.67,98.21,35.71
2019-10-03,1.04,40.49,25.8,88.4,40.05
2019-10-04,0.0,38.95,24.71,96.69,36.1
2019-10-05,1.38,38.44,23.26,91.68,36.72
2019-10-06,4.72,39.27,23.5,96.34,34.69
2019-10-07,0.61,38.75,23.37,96.97,36.21
2019-10-08,0.01,39.49,23.17,93.93,35.58
2019-10-09,16.22,37.49,23.82,99.66,37.86
2019-10-10,4.69,38.97,23.58,98.15,31.7
2019-10-11,0.0,40.19,23.36,93.18,19.68
2019-10-12,0.0,41.23,24.77,44.57,14.59
2019-10-13,0.0,36.43,25.17,95.35,40.21
2019-10-14,2.0,31.39,23.04,97.7,76.98
2019-10-15,7.88,29.39,22.85,98.06,86.49
2019-10-16,0.93,33.26,22.97,96.89,72.06
2019-10-17,0.0,35.32,23.5,96.82,57.23
2019-10-18,0.0,37.11,24.9,98.61,53.34
2019-10-19,0.0,39.39,24.81,98.22,32.04
2019-10-20,0.0,38.27,23.14,76.86,23.69
2019-10-21,0.0,36.8,20.64,91.76,29.67
2019-10-22,0.0,36.55,20.63,98.6,27.98
2019-10-23,0.0,37.35,20.8,68.11,25.49
2019-10-24,0.0,34.67,23.4,95.01,70.13
2019-10-25,0.0,33.79,22.78,98.09,65.26
2019-10-26,0.0,35.49,23.56,97.6,57.1
2019-10-27,0.0,36.92,21.67,94.11,13.39
2019-10-28,0.0,36.49,20.52,48.14,14.02
2019-10-29,0.0,37.14,20.32,47.7,12.57
2019-10-30,0.0,38.21,20.85,42.03,13.35
2019-10-31,0.0,37.37,21.88,45.84,14.78
2019-11-01,0.0,38.19,20.02,46.78,16.57
2019-11-02,0.0,38.7,20.18,45.47,16.06
2019-11-03,0.0,39.67,20.73,41.8,14.13
2019-11-04,0.0,40.0,21.56,42.79,16.01
2019-11-05,0.0,39.83,22.26,52.88,20.83
2019-11-06,0.0,36.68,20.67,66.94,28.82
2019-11-07,0.0,35.19,18.37,70.03,27.44
2019-11-08,0.0,35.11,18.32,69.08,26.9
2019-11-09,0.0,36.0,18.4,74.37,20.96
2019-11-10,0.0,38.13,19.81,60.97,17.77
2019-11-11,0.0,37.1,20.76,37.24,13.62
2019-11-12,0.0,35.76,18.61,41.48,14.64
2019-11-13,0.0,36.6,17.68,46.64,12.44
2019-11-14,0.0,37.64,18.92,38.67,11.67
2019-11-15,0.0,37.63,20.29,54.55,15.6
2019-11-16,0.0,37.77,20.39,59.35,13.63
2019-11-17,0.0,36.73,20.39,55.15,20.58
2019-11-18,0.0,37.22,20.36,48.13,20.54
2019-11-19,0.0,37.57,20.81,50.95,17.11
2019-11-20,0.0,35.96,20.51,31.3,12.05
2019-11-21,0.0,35.9,18.82,38.29,14.18
2019-11-22,0.0,37.11,18.32,51.16,14.53
2019-11-23,0.0,36.12,19.23,46.55,17.43
2019-11-24,0.0,37.2,19.06,47.34,16.96
2019-11-25,0.0,36.46,19.09,62.82,23.39
2019-11-26,0.0,36.42,19.04,76.85,26.69
2019-11-27,0.0,34.22,18.26,91.32,33.02
2019-11-28,0.0,33.77,18.14,89.11,35.89
2019-11-29,0.0,35.08,18.68,86.93,28.75
2019-11-30,0.0,38.13,18.81,76.48,19.57
2019-12-01,0.0,39.69,20.45,58.58,20.15
2019-12-02,0.0,38.91,19.77,57.0,18.28
2019-12-03,0.0,36.72,17.98,77.96,25.72
2019-12-04,0.0,34.4,17.37,60.73,24.42
2019-12-05,0.0,32.48,15.72,80.81,25.33
2019-12-06,0.0,29.77,14.08,95.25,34.97
2019-12-07,0.0,30.98,15.86,68.11,27.43
2019-12-08,0.0,32.2,17.6,57.21,28.83
2019-12-09,0.0,34.65,17.44,59.63,23.12
2019-12-10,0.0,36.1,18.91,45.59,16.77
2019-12-11,0.0,32.79,17.27,43.25,21.1
2019-12-12,0.0,32.18,16.78,41.46,19.06
2019-12-13,0.0,32.87,16.32,41.03,15.76
2019-12-14,0.0,34.34,15.92,37.36,14.18
2019-12-15,0.0,36.87,18.04,39.92,14.01
2019-12-16,0.0,31.93,16.21,67.66,21.79
2019-12-17,0.0,32.4,15.09,65.82,14.87
2019-12-18,0.0,33.21,15.97,62.02,19.3
2019-12-19,0.0,32.31,15.48,54.3,19.72
2019-12-20,0.0,33.86,16.32,44.42,16.28
2019-12-21,0.0,34.03,16.39,36.6,15.6
2019-12-22,0.0,35.58,16.82,44.32,17.53
2019-12-23,0.0,36.49,17.68,42.55,15.42
2019-12-24,0.0,35.5,17.73,44.11,16.31
2019-12-25,0.0,35.07,17.38,40.36,14.25
2019-12-26,0.0,35.01,16.26,38.09,14.0
2019-12-27,0.0,35.04,16.23,38.85,12.27
2019-12-28,0.0,35.56,16.66,36.78,12.37
2019-12-29,0.0,34.33,16.65,37.51,15.02
2019-12-30,0.0,33.28,15.77,37.57,14.42
2019-12-31,0.0,29.69,14.62,37.7,17.59
2020-01-01,0.0,29.76,14.25,44.86,16.4
2020-01-02,0.0,28.56,14.08,35.14,16.28
2020-01-03,0.0,29.09,15.24,33.91,15.0
2020-01-04,0.0,29.54,15.32,32.55,15.78
2020-01-05,0.0,29.09,13.01,40.68,16.26
2020-01-06,0.0,29.09,12.45,43.89,17.21
2020-01-07,0.0,28.2,12.18,40.28,15.48
2020-01-08,0.0,28.11,11.36,41.49,16.28
2020-01-09,0.0,26.94,12.17,35.45,16.74
2020-01-10,0.0,28.09,11.29,44.6,14.98
2020-01-11,0.0,28.92,12.04,38.12,13.43
2020-01-12,0.0,30.45,14.12,33.26,13.07
2020-01-13,0.0,30.39,13.65,31.42,12.97
2020-01-14,0.0,28.89,13.49,44.69,15.05
2020-01-15,0.0,31.4,14.87,34.44,12.24
2020-01-16,0.0,32.97,15.98,31.69,11.1
2020-01-17,0.0,33.09,16.29,32.25,12.23
2020-01-18,0.0,33.41,16.31,33.84,17.07
2020-01-19,0.0,32.23,15.64,39.54,18.41
2020-01-20,0.0,34.39,15.95,47.68,17.35
2020-01-21,0.0,35.8,16.83,44.39,15.82
2020-01-22,0.0,36.08,18.38,38.12,15.97
2020-01-23,0.0,34.05,20.63,46.09,20.15
2020-01-24,0.0,38.8,20.35,52.61,22.87
2020-01-25,0.0,39.83,22.07,45.4,15.15
2020-01-26,0.0,37.77,21.73,41.4,18.58
2020-01-27,0.0,38.31,19.58,43.49,15.14
2020-01-28,0.0,38.88,18.75,35.96,7.12
2020-01-29,0.0,39.05,19.14,29.09,10.27
2020-01-30,0.0,38.1,19.82,39.88,14.97
2020-01-31,0.0,34.85,17.97,35.07,14.17
2020-02-01,0.0,34.78,16.39,35.41,14.58
2020-02-02,0.0,38.91,18.15,35.22,11.57
2020-02-03,0.0,39.31,20.58,36.38,10.41
2020-02-04,0.0,36.6,19.58,31.82,12.31
2020-02-05,0.0,37.13,17.74,33.84,12.3
2020-02-06,0.0,37.32,17.92,30.77,11.14
2020-02-07,0.0,36.9,18.18,30.58,11.32
2020-02-08,0.01,35.94,17.51,31.27,11.05
2020-02-09,0.0,35.53,17.28,34.82,11.53
2020-02-10,0.0,35.44,16.63,27.15,11.12
2020-02-11,0.0,37.24,17.66,29.34,10.54
2020-02-12,0.0,38.05,19.4,44.92,17.09
2020-02-13,0.0,38.21,20.13,41.11,12.02
2020-02-14,0.0,37.93,19.82,32.67,11.09
2020-02-15,0.0,38.19,20.1,37.33,14.24
2020-02-16,0.0,39.59,21.25,28.9,15.01
2020-02-17,0.0,39.81,22.08,36.15,9.52
2020-02-18,0.0,38.9,21.18,23.71,8.32
2020-02-19,0.0,39.33,20.3,25.59,8.39
2020-02-20,0.0,39.78,20.46,30.59,9.13
2020-02-21,0.0,39.51,19.95,40.67,11.62
2020-02-22,0.0,38.18,18.58,66.12,16.7
2020-02-23,0.0,34.94,18.38,85.56,28.55
2020-02-24,0.0,36.76,20.42,81.12,16.18
2020-02-25,0.0,39.47,23.59,39.88,10.29
2020-02-26,0.0,40.5,21.44,26.47,10.32
2020-02-27,0.0,39.21,20.74,23.88,9.11
2020-02-28,0.0,39.32,19.26,26.32,8.83
2020-02-29,0.0,39.07,18.74,31.28,7.81
2020-03-01,0.0,38.69,19.4,21.11,6.39
2020-03-02,0.0,38.75,19.31,24.0,6.85
2020-03-03,0.0,40.48,19.74,26.43,5.95
2020-03-04,0.0,41.65,20.42,23.19,5.68
2020-03-05,0.0,42.74,20.93,22.37,5.6
2020-03-06,0.0,42.7,21.2,23.54,5.79
2020-03-07,0.0,41.83,20.92,33.56,8.74
2020-03-08,0.0,41.82,20.96,37.19,10.33
2020-03-09,0.0,42.4,21.68,34.65,8.02
2020-03-10,0.0,41.38,21.12,37.98,8.04
2020-03-11,0.0,40.46,21.19,23.38,7.14
2020-03-12,0.0,40.74,20.93,20.59,5.5
2020-03-13,0.0,40.38,20.93,22.66,7.71
2020-03-14,0.0,39.25,19.78,39.41,10.01
2020-03-15,0.0,36.18,16.95,86.16,20.12
2020-03-16,0.0,37.22,17.56,75.12,11.45
2020-03-17,0.0,37.56,18.13,46.56,13.85
2020-03-18,0.0,36.77,18.03,69.8,16.71
2020-03-19,0.0,35.99,17.62,80.41,16.64
2020-03-20,0.0,37.03,18.48,42.37,14.65
2020-03-21,0.0,38.36,19.98,36.39,12.82
2020-03-22,0.0,37.21,19.53,54.15,18.2
2020-03-23,0.0,31.68,15.83,94.83,27.37
2020-03-24,0.0,31.55,13.99,95.62,21.74
2020-03-25,0.0,35.38,15.3,76.32,12.59
2020-03-26,0.0,37.2,17.9,59.29,15.04
2020-03-27,0.0,34.33,18.22,87.75,27.68
2020-03-28,0.0,35.9,16.62,93.43,20.39
2020-03-29,0.0,40.25,20.03,70.78,14.29
2020-03-30,0.0,41.55,21.41,48.78,14.43
2020-03-31,0.0,42.67,22.52,44.2,14.76
2020-04-01,0.0,43.44,22.12,71.1,17.03
2020-04-02,0.0,40.43,21.47,74.81,18.7
2020-04-03,0.0,38.23,20.8,59.6,21.42
2020-04-04,0.0,34.76,17.64,90.57,27.0
2020-04-05,0.0,37.74,17.59,96.45,20.38
2020-04-06,0.0,42.91,20.09,86.63,10.89
2020-04-07,0.0,42.58,22.96,36.56,10.97
2020-04-08,0.0,44.0,22.99,39.82,7.96
2020-04-09,0.0,43.73,22.1,46.06,6.76
2020-04-10,0.0,43.62,23.0,32.73,7.18
2020-04-11,0.0,44.29,23.2,44.94,9.03
2020-04-12,0.0,42.49,21.83,67.33,14.2
2020-04-13,0.0,40.0,21.96,64.11,20.1
2020-04-14,0.0,34.53,19.83,89.37,35.15
2020-04-15,0.0,36.78,18.02,91.03,25.04
2020-04-16,0.0,36.35,18.87,83.27,24.05
2020-04-17,0.0,35.63,18.53,85.38,26.41
2020-04-18,0.0,32.39,19.98,80.57,32.29
2020-04-19,0.0,36.72,17.11,97.37,21.81
2020-04-20,0.0,39.76,18.41,82.79,15.05
2020-04-21,0.0,40.18,20.74,48.02,11.42
2020-04-22,0.0,40.26,19.85,59.43,13.43
2020-04-23,0.0,34.76,17.91,85.56,29.48
2020-04-24,0.0,33.4,17.9,89.01,29.42
2020-04-25,0.0,37.75,18.88,93.66,20.86
2020-04-26,0.0,40.03,19.19,87.36,18.84
2020-04-27,0.0,41.53,22.09,62.42,14.26
2020-04-28,0.0,42.83,22.24,56.38,13.75
2020-04-29,0.0,43.88,21.99,56.44,12.34
2020-04-30,0.0,45.05,24.88,44.24,10.81
2020-05-01,0.0,45.43,26.7,33.79,13.18
2020-05-02,0.0,44.1,24.97,32.3,9.78
2020-05-03,0.0,39.81,20.22,69.32,15.41
2020-05-04,0.0,41.66,20.71,78.16,18.13
2020-05-05,0.0,43.48,22.38,59.97,13.35
2020-05-06,0.0,41.53,22.37,53.72,19.17
2020-05-07,0.0,38.88,19.75,84.73,24.3
2020-05-08,0.0,39.41,22.32,69.46,22.38
2020-05-09,0.0,39.93,22.54,64.83,19.53
2020-05-10,0.0,41.91,22.89,59.0,15.84
2020-05-11,0.0,40.78,20.39,76.82,17.06
2020-05-12,0.0,40.96,20.46,80.87,17.7
2020-05-13,0.0,40.86,21.16,77.14,18.04
2020-05-14,0.0,42.04,22.34,61.51,14.98
2020-05-15,0.0,39.26,20.45,81.56,18.41
2020-05-16,0.0,41.41,21.09,70.49,14.86
2020-05-17,0.0,41.94,21.72,57.55,14.51
2020-05-18,0.0,41.27,20.6,68.86,16.31
2020-05-19,0.0,36.0,19.27,81.96,30.57
2020-05-20,0.0,36.39,18.94,93.17,30.39
2020-05-21,0.0,40.0,20.02,75.96,22.71
2020-05-22,0.0,44.53,21.7,72.6,11.66
2020-05-23,0.0,43.82,23.61,57.59,12.63
2020-05-24,0.0,42.53,21.73,60.47,13.43
2020-05-25,0.0,41.27,21.34,66.1,18.74
2020-05-26,0.0,40.08,20.51,75.22,21.07
2020-05-27,0.0,42.66,22.02,69.35,20.02
2020-05-28,0.0,39.9,23.01,67.73,23.42
2020-05-29,0.0,43.41,23.88,56.5,18.86
2020-05-30,0.0,41.28,23.35,64.59,17.9
2020-05-31,0.0,38.0,21.47,76.98,27.38
2020-06-01,0.26,36.51,22.14,75.25,28.91
2020-06-02,0.0,36.91,20.61,81.65,27.6
2020-06-03,0.0,37.64,21.69,77.05,25.07
2020-06-04,0.0,39.77,22.29,77.02,24.11
2020-06-05,0.0,39.84,23.34,73.38,27.65
2020-06-06,0.0,41.11,23.49,77.81,29.76
2020-06-07,0.0,40.88,24.13,84.08,31.0
2020-06-08,0.0,39.55,23.58,89.75,35.2
2020-06-09,0.0,32.12,22.15,95.68,69.47
2020-06-10,0.0,35.75,21.73,95.48,47.97
2020-06-11,0.0,40.49,23.87,92.42,35.68
2020-06-12,0.06,39.12,24.07,90.0,41.61
2020-06-13,0.0,37.94,23.2,96.82,38.76
2020-06-14,0.19,42.76,24.6,77.28,26.29
2020-06-15,0.0,39.78,27.11,86.59,42.24
2020-06-16,0.0,36.86,23.57,94.58,45.46
2020-06-17,0.0,41.38,23.83,91.64,25.18
2020-06-18,0.0,45.51,24.83,81.11,16.95
2020-06-19,0.0,40.65,25.54,83.37,31.07
2020-06-20,0.0,39.59,24.18,91.94,37.05
2020-06-21,0.0,39.79,24.07,96.09,36.26
2020-06-22,0.0,43.44,23.56,81.44,13.98
2020-06-23,0.0,39.23,25.05,80.2,36.94
2020-06-24,0.3,38.96,23.95,95.6,44.67
2020-06-25,0.0,38.45,23.44,81.21,29.88
2020-06-26,0.0,38.14,21.25,93.94,33.4
2020-06-27,0.0,36.74,22.88,91.52,38.66
2020-06-28,0.0,37.13,22.09,97.18,34.72
2020-06-29,0.0,38.82,22.63,90.61,33.38
2020-06-30,0.0,38.04,23.31,96.09,38.97
2020-07-01,4.42,37.74,25.39,73.23,37.63
2020-07-02,0.0,38.71,23.61,82.07,30.37
2020-07-03,0.0,38.22,24.95,70.08,32.97
2020-07-04,0.0,37.35,25.49,76.31,37.3
2020-07-05,0.0,36.95,23.72,85.68,40.55
2020-07-06,0.0,38.01,24.88,85.56,42.4
2020-07-07,0.0,37.1,24.48,95.87,46.66
2020-07-08,0.0,36.73,23.91,86.44,36.36
2020-07-09,0.0,40.56,23.8,85.49,28.1
2020-07-10,0.0,38.17,24.69,91.98,40.7
2020-07-11,0.26,38.37,25.14,90.73,40.85
2020-07-12,14.68,33.2,24.11,98.41,78.36
2020-07-13,36.03,32.8,23.4,98.91,63.59
2020-07-14,0.0,33.31,23.29,99.41,55.42
2020-07-15,0.0,34.67,21.9,93.16,42.75
2020-07-16,16.86,35.88,22.38,88.01,47.45
2020-07-17,9.56,35.49,23.09,93.23,50.75
2020-07-18,0.71,32.3,23.27,96.3,68.45
2020-07-19,0.0,37.18,24.01,93.88,45.12
2020-07-20,15.14,37.12,23.56,92.83,42.78
2020-07-21,1.41,36.31,24.05,95.38,53.64
2020-07-22,0.0,37.77,24.58,98.76,45.03
2020-07-23,0.0,35.92,24.54,96.86,49.52
2020-07-24,0.82,39.11,24.11,96.35,40.61
2020-07-25,0.0,35.93,25.05,97.98,51.41
2020-07-26,0.0,35.42,24.57,96.3,44.13
2020-07-27,0.0,38.45,24.39,88.21,40.28
2020-07-28,1.51,38.16,25.65,91.44,45.01
2020-07-29,49.36,31.63,24.52,97.42,79.47
2020-07-30,3.63,30.0,23.71,99.47,82.33
2020-07-31,0.01,32.11,24.25,99.13,73.61
2020-08-01,0.0,32.29,23.66,98.3,70.53
2020-08-02,0.0,33.1,24.16,97.11,61.71
2020-08-03,0.0,34.24,24.14,97.73,59.52
2020-08-04,0.33,33.83,24.36,96.67,60.37
2020-08-05,0.0,34.35,24.63,98.38,57.36
2020-08-06,0.0,34.65,25.0,97.34,58.03
2020-08-07,0.0,35.92,24.3,97.08,44.47
2020-08-08,0.0,38.29,23.4,81.02,35.99
2020-08-09,0.0,36.37,24.73,84.12,47.33
2020-08-10,0.02,36.73,24.35,90.83,45.21
2020-08-11,0.0,37.53,24.36,89.15,42.73
2020-08-12,2.62,36.17,24.14,92.1,51.75
2020-08-13,1.07,33.5,24.38,98.33,67.59
2020-08-14,0.44,32.07,24.52,98.12,71.78
2020-08-15,11.3,34.25,23.5,96.9,55.74
2020-08-16,0.04,36.31,24.64,90.38,51.38
2020-08-17,0.0,34.41,25.18,96.51,61.78
2020-08-18,0.0,35.08,25.23,96.83,57.36
2020-08-19,0.0,35.41,24.3,93.72,51.28
2020-08-20,12.54,37.22,23.83,94.05,47.88
2020-08-21,0.04,32.04,24.35,99.55,72.84
2020-08-22,0.0,32.65,24.07,97.67,67.72
2020-08-23,0.0,33.16,24.56,97.37,68.27
2020-08-24,0.0,34.69,24.62,98.42,60.93
2020-08-25,21.29,33.51,24.46,98.39,62.31
2020-08-26,42.07,31.3,24.44,99.62,76.24
2020-08-27,0.0,31.07,23.37,99.37,73.83
2020-08-28,0.0,32.18,24.09,99.43,69.64
2020-08-29,0.0,32.37,24.34,99.1,70.51
2020-08-30,0.0,32.85,24.38,98.38,64.65
2020-08-31,0.0,33.96,23.6,97.74,60.71
2020-09-01,23.5,33.83,24.31,98.51,63.25
2020-09-02,2.13,31.0,23.9,99.28,77.75
2020-09-03,0.29,31.94,23.67,99.43,73.89
2020-09-04,0.32,32.44,23.57,99.03,68.46
2020-09-05,26.38,30.54,24.1,98.61,79.4
2020-09-06,1.52,30.8,23.93,99.13,82.16
2020-09-07,0.0,30.2,23.21,99.32,75.88
2020-09-08,7.81,32.35,23.13,98.43,70.04
2020-09-09,23.1,32.4,23.33,99.01,71.16
2020-09-10,0.0,32.71,23.65,99.31,70.54
2020-09-11,0.0,32.35,24.2,98.37,71.98
2020-09-12,0.0,31.73,24.04,98.76,71.73
2020-09-13,10.97,32.56,23.84,98.66,70.46
2020-09-14,0.0,33.1,23.92,99.05,70.33
2020-09-15,0.0,33.58,24.7,99.2,69.93
2020-09-16,0.0,33.3,25.07,97.42,69.18
2020-09-17,0.0,31.78,24.13,97.59,69.51
2020-09-18,0.37,33.12,23.84,98.2,67.56
2020-09-19,24.05,31.65,24.07,99.0,77.55
2020-09-20,0.89,31.72,23.87,99.19,76.41
2020-09-21,0.0,30.66,24.09,98.51,80.15
2020-09-22,0.0,32.01,23.98,98.91,73.44
2020-09-23,0.0,32.44,23.75,98.58,69.24
2020-09-24,11.66,31.83,22.77,98.7,70.42
2020-09-25,0.0,32.7,22.87,98.69,68.81
2020-09-26,0.0,33.46,24.51,99.36,65.69
2020-09-27,0.0,33.06,23.46,98.31,69.1
2020-09-28,0.0,32.37,23.99,98.08,71.25
2020-09-29,0.0,33.94,23.6,96.78,55.26
2020-09-30,0.0,34.83,22.96,92.19,49.15
2020-10-01,0.0,37.13,23.23,96.65,37.39
2020-10-02,0.0,37.79,23.86,96.55,29.7
2020-10-03,0.01,36.79,23.84,76.58,34.21
2020-10-04,0.26,33.98,23.13,97.79,56.59
2020-10-05,5.25,31.53,22.96,98.83,81.05
2020-10-06,0.12,32.21,23.16,99.02,79.49
2020-10-07,0.01,32.66,23.58,97.61,80.68
2020-10-08,0.0,34.89,23.97,96.97,67.52
2020-10-09,0.0,35.25,23.69,98.49,59.07
2020-10-10,0.01,34.68,22.27,98.67,66.14
2020-10-11,0.0,33.91,24.29,97.61,67.74
2020-10-12,3.18,32.32,23.74,98.18,76.9
2020-10-13,0.14,31.14,22.87,98.06,79.41
2020-10-14,0.01,32.3,23.64,97.55,80.68
2020-10-15,0.0,33.48,23.17,98.69,70.56
2020-10-16,0.0,34.05,23.81,98.08,69.89
2020-10-17,0.0,34.12,23.89,98.5,67.1
2020-10-18,0.0,35.4,24.06,98.12,55.02
2020-10-19,0.0,35.79,23.84,94.32,45.19
2020-10-20,0.0,34.51,21.95,76.89,34.03
2020-10-21,0.0,35.11,22.1,75.65,36.36
2020-10-22,0.0,36.25,21.86,86.47,37.11
2020-10-23,0.0,37.83,22.72,89.55,27.25
2020-10-24,0.0,39.66,24.11,65.17,23.64
2020-10-25,0.0,40.31,24.68,69.1,20.28
2020-10-26,0.0,40.2,24.93,62.48,11.66
2020-10-27,0.0,39.85,23.35,50.62,10.48
2020-10-28,0.0,39.68,23.08,47.58,13.3
2020-10-29,0.0,38.26,21.66,48.75,17.1
2020-10-30,0.0,37.37,21.21,47.25,19.42
2020-10-31,0.0,38.74,22.1,61.99,20.49
2020-11-01,0.0,40.03,21.41,55.57,16.28
2020-11-02,0.0,39.86,21.15,45.24,14.27
2020-11-03,0.0,40.6,22.1,43.72,15.03
2020-11-04,0.0,39.9,22.44,69.26,27.47
2020-11-05,0.0,36.9,21.87,98.14,48.16
2020-11-06,0.0,34.45,21.57,97.9,65.16
2020-11-07,0.0,38.19,21.2,95.47,44.88
2020-11-08,0.0,41.41,23.21,92.48,15.65
2020-11-09,0.0,40.06,21.64,39.88,11.92
2020-11-10,0.0,39.95,21.48,50.43,19.44
2020-11-11,0.0,39.45,21.76,58.86,13.92
2020-11-12,0.0,38.83,19.73,48.46,15.18
2020-11-13,0.0,38.39,19.94,36.55,12.3
2020-11-14,0.0,38.1,19.64,39.94,13.9
2020-11-15,0.0,38.05,19.62,40.58,13.85
2020-11-16,0.0,37.44,19.67,40.19,14.08
2020-11-17,0.0,37.89,20.07,46.08,15.15
2020-11-18,0.0,37.88,19.74,46.89,14.49
2020-11-19,0.0,36.65,18.79,44.03,15.58
2020-11-20,0.0,36.96,19.14,46.11,17.39
2020-11-21,0.0,38.44,20.52,45.28,17.52
2020-11-22,0.0,38.55,21.6,43.0,14.85
2020-11-23,0.0,36.59,21.89,36.63,15.36
2020-11-24,0.0,33.49,20.3,44.86,15.32
2020-11-25,0.0,31.29,17.11,36.08,14.86
2020-11-26,0.0,34.02,17.67,41.07,14.91
2020-11-27,0.0,31.22,16.86,53.77,21.96
2020-11-28,0.0,31.32,15.85,72.54,27.48
2020-11-29,0.0,32.73,17.44,58.96,24.74
2020-11-30,0.0,32.4,17.42,95.95,36.03
2020-12-01,0.0,33.35,17.95,94.34,34.9
2020-12-02,0.0,34.12,18.17,93.43,39.04
2020-12-03,0.0,33.7,17.94,96.23,42.71
2020-12-04,0.0,35.5,17.64,95.84,35.29
2020-12-05,0.0,36.19,18.03,89.43,28.44
2020-12-06,0.0,34.15,18.21,61.56,30.72
2020-12-07,0.0,32.48,16.68,61.74,28.55
2020-12-08,0.0,33.3,16.95,57.5,26.58
2020-12-09,0.0,34.52,17.27,55.26,24.05
2020-12-10,0.0,33.67,16.92,46.08,16.84
2020-12-11,0.0,35.11,17.06,35.86,12.27
2020-12-12,0.0,35.59,17.41,34.81,13.99
2020-12-13,0.0,33.77,16.3,34.18,14.77
2020-12-14,0.0,34.11,16.14,34.86,14.03
2020-12-15,0.0,34.79,16.27,44.95,17.67
2020-12-16,0.0,36.08,17.03,52.15,18.81
2020-12-17,0.0,35.69,17.87,55.63,22.37
2020-12-18,0.0,31.55,16.64,58.31,24.78
2020-12-19,0.0,30.69,13.93,62.04,21.67
2020-12-20,0.0,31.05,13.68,49.16,19.75
2020-12-21,0.0,30.3,14.16,50.43,21.41
2020-12-22,0.0,31.46,14.36,48.24,19.46
2020-12-23,0.0,31.61,14.95,55.98,21.97
2020-12-24,0.0,33.65,15.92,49.6,19.54
2020-12-25,0.0,34.19,17.24,50.34,20.04
2020-12-26,0.0,31.89,16.32,93.54,32.61
2020-12-27,0.0,34.81,18.7,65.16,24.74
2020-12-28,0.0,35.8,18.81,68.48,19.62
2020-12-29,0.0,36.1,17.79,75.12,19.42
2020-12-30,0.0,36.88,18.93,80.18,20.02
2020-12-31,0.0,37.24,18.98,64.2,20.71
2021-01-01,0.0,36.01,19.53,57.15,20.17
2021-01-02,0.0,33.38,16.28,65.24,21.39
2021-01-03,0.0,34.9,16.65,61.13,18.05
2021-01-04,0.0,37.11,16.6,53.18,14.34
2021-01-05,0.0,36.39,18.3,51.95,17.54
2021-01-06,0.0,38.39,19.08,54.16,15.92
2021-01-07,0.0,39.28,18.81,58.61,14.0
2021-01-08,0.0,34.26,17.72,85.22,29.41
2021-01-09,0.0,31.23,18.61,87.46,31.17
2021-01-10,0.01,28.51,16.88,59.28,28.59
2021-01-11,0.0,27.1,15.89,54.35,27.49
2021-01-12,0.0,29.55,17.28,53.56,25.93
2021-01-13,0.0,32.48,14.98,45.09,17.55
2021-01-14,0.0,33.97,15.92,48.26,16.48
2021-01-15,0.0,33.49,16.39,49.97,16.62
2021-01-16,0.0,31.07,17.08,43.58,20.77
2021-01-17,0.0,31.22,17.0,40.87,18.07
2021-01-18,0.0,30.58,17.64,41.37,22.98
2021-01-19,0.0,34.43,16.05,51.42,17.18
2021-01-20,0.0,35.39,15.3,50.24,12.98
2021-01-21,0.0,37.2,16.27,48.03,11.23
2021-01-22,0.0,34.65,18.16,33.86,8.44
2021-01-23,0.0,34.61,15.52,45.28,8.63
2021-01-24,0.0,35.28,14.59,44.64,7.98
2021-01-25,0.0,36.73,14.22,42.45,5.83
2021-01-26,0.0,36.94,14.45,43.18,5.36
2021-01-27,0.0,36.62,14.95,41.44,7.52
2021-01-28,0.0,36.35,15.95,42.86,8.45
2021-01-29,0.0,36.72,16.02,45.73,11.44
2021-01-30,0.0,37.51,15.53,47.02,6.46
2021-01-31,0.0,33.76,18.51,43.11,12.47
2021-02-01,0.0,36.07,18.11,44.34,9.88
2021-02-02,0.0,38.31,16.97,47.91,7.07
2021-02-03,0.0,38.7,17.11,46.39,7.91
2021-02-04,0.0,34.62,18.63,63.05,17.12
2021-02-05,0.0,27.61,17.47,82.28,37.47
2021-02-06,0.0,26.82,14.7,85.82,30.97
2021-02-07,0.0,30.24,12.89,69.41,21.53
2021-02-08,0.0,32.13,13.98,62.44,18.45
2021-02-09,0.0,34.11,16.41,48.58,13.69
2021-02-10,0.0,36.35,17.16,49.09,8.88
2021-02-11,0.0,38.51,17.32,38.53,7.51
2021-02-12,0.0,36.43,18.11,41.0,9.71
2021-02-13,0.0,37.73,18.03,37.71,10.0
2021-02-14,0.0,38.36,18.05,40.47,10.5
2021-02-15,0.0,38.01,19.99,38.24,13.48
2021-02-16,0.0,36.89,20.11,46.25,16.1
2021-02-17,0.0,32.21,22.95,38.3,21.8
2021-02-18,0.0,36.3,20.82,49.26,18.23
2021-02-19,0.0,36.09,20.63,50.33,15.31
2021-02-20,0.0,35.49,17.05,59.84,20.6
2021-02-21,0.0,35.9,16.7,55.73,10.7
2021-02-22,0.0,39.5,18.57,45.82,11.96
2021-02-23,0.0,39.95,19.64,50.12,13.47
2021-02-24,0.0,40.19,19.02,49.08,8.15
2021-02-25,0.0,39.12,17.84,51.28,9.22
2021-02-26,0.0,34.19,20.38,36.13,12.21
2021-02-27,0.0,32.61,16.79,44.74,13.45
2021-02-28,0.0,32.4,15.69,46.16,14.71
2021-03-01,0.0,34.75,15.15,55.68,12.67
2021-03-02,0.0,38.43,17.89,40.09,11.01
2021-03-03,0.0,39.86,19.6,43.11,10.88
2021-03-04,0.0,37.91,21.39,36.47,10.88
2021-03-05,0.0,39.83,18.86,52.22,10.5
2021-03-06,0.0,39.44,21.11,35.98,8.14
2021-03-07,0.0,37.24,20.89,43.87,14.91
2021-03-08,0.0,35.33,18.04,45.69,15.16
2021-03-09,0.0,33.9,17.93,49.51,19.67
2021-03-10,0.0,33.47,17.33,54.42,18.12
2021-03-11,0.0,34.67,15.99,45.35,13.41
2021-03-12,0.0,35.86,18.56,44.0,14.44
2021-03-13,0.0,36.64,19.25,43.92,11.48
2021-03-14,0.0,38.78,18.0,47.78,11.01
2021-03-15,0.0,39.56,18.83,43.64,12.69
2021-03-16,0.0,38.88,16.4,69.9,15.15
2021-03-17,0.0,36.42,15.98,77.12,23.21
2021-03-18,0.0,39.51,18.13,69.75,16.1
2021-03-19,0.0,36.8,17.16,77.71,22.31
2021-03-20,0.0,39.36,15.62,72.64,8.8
2021-03-21,0.0,36.69,17.52,64.09,16.34
2021-03-22,0.0,37.13,16.55,71.33,13.49
2021-03-23,0.0,38.05,16.96,71.36,12.1
2021-03-24,0.0,40.89,19.46,60.66,9.65
2021-03-25,0.0,41.26,20.14,57.4,9.33
2021-03-26,0.0,39.27,19.05,77.32,13.05
2021-03-27,0.0,39.66,18.4,79.17,13.23
2021-03-28,0.0,36.69,17.34,84.17,20.38
2021-03-29,0.0,37.77,17.64,84.67,18.86
2021-03-30,0.0,36.21,18.78,77.78,22.35
2021-03-31,0.0,36.6,18.23,75.89,22.5
2021-04-01,0.0,41.1,18.73,75.57,14.7
2021-04-02,0.0,44.19,22.07,56.86,9.55
2021-04-03,0.0,45.83,22.93,45.26,7.93
2021-04-04,0.0,45.62,21.11,61.96,5.57
2021-04-05,0.0,44.46,22.58,47.28,8.06
2021-04-06,0.0,43.68,22.26,41.64,12.44
2021-04-07,0.0,38.63,20.63,48.77,11.99
2021-04-08,0.0,43.64,22.61,47.46,10.96
2021-04-09,0.0,42.95,20.81,61.71,15.61
2021-04-10,0.0,42.87,20.65,67.07,13.98
2021-04-11,0.0,43.98,20.76,67.69,14.61
2021-04-12,0.0,43.56,23.78,41.38,10.64
2021-04-13,0.0,43.06,23.85,38.42,10.58
2021-04-14,0.0,42.18,23.27,37.74,10.99
2021-04-15,0.0,39.3,20.94,71.7,20.35
2021-04-16,0.0,40.09,19.55,83.18,16.54
2021-04-17,0.0,40.11,20.77,64.3,13.86
2021-04-18,0.0,41.39,21.18,56.27,12.33
2021-04-19,0.0,42.02,21.52,62.35,12.68
2021-04-20,0.0,38.63,18.95,73.17,21.02
2021-04-21,0.0,36.13,16.98,94.63,25.39
2021-04-22,0.0,37.93,18.32,87.89,19.93
2021-04-23,0.0,39.82,17.65,89.26,14.01
2021-04-24,0.0,36.58,17.56,87.16,23.1
2021-04-25,0.0,35.38,17.69,92.25,29.25
2021-04-26,0.0,36.78,17.32,75.58,17.95
2021-04-27,0.0,36.36,19.32,77.17,26.23
2021-04-28,0.0,36.88,18.21,93.5,28.03
2021-04-29,0.0,38.16,19.14,78.59,21.97
2021-04-30,0.0,36.95,17.51,84.36,22.59
2021-05-01,0.0,38.4,18.05,89.74,22.27
2021-05-02,0.0,36.21,17.13,89.85,24.64
2021-05-03,0.0,34.48,16.56,95.35,27.25
2021-05-04,0.0,36.38,17.24,89.16,21.62
2021-05-05,0.0,38.44,19.14,76.42,16.92
2021-05-06,0.0,40.13,20.12,71.19,14.14
2021-05-07,0.0,40.31,23.88,74.45,22.23
2021-05-08,0.0,37.59,19.87,75.32,23.04
2021-05-09,0.0,35.59,18.27,90.45,31.0
2021-05-10,0.0,39.45,17.76,94.54,17.38
2021-05-11,0.0,42.7,20.89,71.67,15.1
2021-05-12,0.0,41.33,25.47,43.27,23.02
2021-05-13,0.0,41.9,24.02,46.78,18.18
2021-05-14,0.0,43.72,25.2,47.16,8.44
2021-05-15,0.0,41.68,21.87,67.49,13.45
2021-05-16,0.0,39.23,19.63,84.53,19.65
2021-05-17,0.0,41.08,19.74,82.24,21.32
2021-05-18,0.0,44.09,22.24,70.75,16.31
2021-05-19,0.0,43.94,27.2,42.09,15.63
2021-05-20,0.0,36.74,22.14,75.4,34.55
2021-05-21,0.0,33.83,17.82,97.85,36.28
2021-05-22,0.0,34.25,18.27,93.42,33.11
2021-05-23,0.0,35.39,18.2,93.61,34.33
2021-05-24,0.0,36.97,18.1,94.89,29.22
2021-05-25,0.0,40.75,21.31,76.58,19.72
2021-05-26,0.0,42.58,22.13,70.49,17.85
2021-05-27,0.0,39.3,20.49,74.6,23.35
2021-05-28,0.0,36.9,18.73,84.84,27.55
2021-05-29,0.0,38.58,20.52,81.39,26.69
2021-05-30,0.0,39.71,20.86,81.64,23.98
2021-05-31,0.0,36.2,21.22,90.21,33.55
2021-06-01,0.0,35.69,21.04,85.45,35.63
2021-06-02,0.0,38.41,20.26,92.79,29.01
2021-06-03,0.0,41.48,22.11,77.39,18.77
2021-06-04,0.0,45.09,27.12,53.39,11.83
2021-06-05,0.0,42.37,28.83,43.65,20.31
2021-06-06,0.0,43.29,26.51,46.26,13.55
2021-06-07,0.0,41.3,24.66,59.83,20.17
2021-06-08,0.0,40.53,24.27,69.88,23.96
2021-06-09,0.0,39.85,24.64,75.27,23.3
2021-06-10,0.0,38.98,22.83,77.32,27.8
2021-06-11,0.0,39.08,26.01,73.67,29.96
2021-06-12,0.0,41.91,24.23,79.16,21.49
2021-06-13,0.0,38.29,24.18,74.58,26.96
2021-06-14,0.0,37.65,23.07,83.57,36.61
2021-06-15,0.0,38.65,23.01,93.48,32.37
2021-06-16,0.0,37.41,22.79,84.21,32.66
2021-06-17,0.0,39.36,22.36,83.07,29.6
2021-06-18,0.0,40.3,23.0,87.66,21.35
2021-06-19,0.0,41.46,22.24,88.5,17.28
2021-06-20,0.0,41.64,22.96,73.58,17.31
2021-06-21,0.0,39.47,23.43,67.83,24.56
2021-06-22,0.0,39.96,25.87,61.25,25.86
2021-06-23,0.0,42.97,22.28,90.2,16.81
2021-06-24,0.0,42.99,26.55,52.76,15.87
2021-06-25,22.51,42.0,28.13,60.83,24.76
2021-06-26,0.12,33.06,21.97,94.2,52.93
2021-06-27,0.0,38.85,23.81,89.54,25.15
2021-06-28,0.0,40.94,24.9,79.97,19.92
2021-06-29,0.0,38.25,23.94,82.66,30.3
2021-06-30,0.0,37.53,23.07,79.09,29.21
2021-07-01,0.0,37.65,22.27,85.04,31.36
2021-07-02,0.12,39.64,23.44,77.34,29.27
2021-07-03,0.0,37.74,24.25,78.99,33.17
2021-07-04,0.0,37.08,23.77,79.75,33.97
2021-07-05,0.02,38.73,23.06,82.79,34.93
2021-07-06,0.24,37.74,24.04,90.42,39.86
2021-07-07,0.0,40.47,23.9,88.71,27.34
2021-07-08,0.0,39.32,24.45,78.75,30.04
2021-07-09,0.0,38.65,23.86,83.0,34.07
2021-07-10,0.0,35.99,22.55,87.52,40.12
2021-07-11,0.0,35.89,23.75,78.35,38.57
2021-07-12,0.0,37.92,23.9,78.93,35.63
2021-07-13,0.0,39.25,23.23,93.95,32.86
2021-07-14,0.0,36.13,24.22,82.77,46.12
2021-07-15,0.0,36.7,23.26,91.69,40.7
2021-07-16,0.0,36.87,24.7,82.86,41.23
2021-07-17,0.0,37.51,23.65,86.06,39.88
2021-07-18,0.0,39.39,26.19,72.78,34.58
2021-07-19,0.0,37.54,24.7,82.56,39.52
2021-07-20,0.0,38.77,23.86,90.53,36.23
2021-07-21,0.0,38.46,24.65,82.38,33.3
2021-07-22,0.0,35.36,23.01,92.65,42.3
2021-07-23,0.0,35.03,21.54,87.18,40.09
2021-07-24,0.0,37.35,20.75,93.68,36.71
2021-07-25,0.0,38.77,23.71,89.94,36.56
2021-07-26,0.0,36.82,24.57,87.74,41.26
2021-07-27,0.0,36.58,23.8,87.55,40.16
2021-07-28,0.0,37.62,23.66,85.35,37.84
2021-07-29,0.23,38.17,24.57,84.47,36.26
2021-07-30,0.01,38.3,24.26,86.94,33.94
2021-07-31,0.1,37.44,24.32,84.81,35.89
2021-08-01,0.15,38.84,23.91,84.36,32.65
2021-08-02,27.26,31.9,23.35,96.18,67.98
2021-08-03,0.08,32.18,24.39,94.89,66.54
2021-08-04,5.1,35.65,24.1,96.0,49.56
2021-08-05,0.0,37.88,24.02,87.45,36.43
2021-08-06,0.06,37.36,24.26,83.19,42.1
2021-08-07,3.34,35.89,25.21,87.28,47.35
2021-08-08,3.81,37.09,25.28,91.66,39.93
2021-08-09,0.0,38.21,22.0,90.79,36.29
2021-08-10,0.0,40.23,24.89,85.77,30.39
2021-08-11,0.0,41.34,23.52,91.56,22.62
2021-08-12,0.0,42.08,24.71,91.96,22.79
2021-08-13,0.06,39.96,25.94,76.0,38.12
2021-08-14,28.08,40.31,27.04,79.28,45.2
2021-08-15,0.0,33.36,22.62,97.57,65.37
2021-08-16,0.0,34.74,25.13,92.04,58.72
2021-08-17,15.61,36.45,24.84,92.93,52.95
2021-08-18,5.01,33.32,22.56,96.27,61.44
2021-08-19,13.57,32.96,23.21,94.7,61.82
2021-08-20,0.0,32.32,23.98,96.01,68.33
2021-08-21,0.0,34.41,23.13,95.43,56.4
2021-08-22,0.0,37.95,25.79,90.13,40.05
2021-08-23,3.63,36.7,24.81,93.69,50.81
2021-08-24,0.09,35.0,25.71,90.57,61.13
2021-08-25,0.01,34.5,24.86,93.21,61.34
2021-08-26,0.0,34.75,23.15,93.23,55.45
2021-08-27,38.66,36.45,24.51,92.61,49.72
2021-08-28,0.0,34.12,22.78,95.19,56.31
2021-08-29,15.43,35.87,25.36,91.65,54.53
2021-08-30,0.0,35.36,20.9,96.67,55.07
2021-08-31,0.0,37.6,24.6,97.07,50.53
2021-09-01,0.3,34.89,24.48,92.43,63.11
2021-09-02,0.0,36.73,25.88,92.86,58.52
2021-09-03,0.0,37.02,26.31,93.49,44.67
2021-09-04,0.0,36.65,23.48,92.24,53.18
2021-09-05,0.0,36.6,25.74,88.9,48.86
2021-09-06,0.0,36.91,25.05,93.75,45.39
2021-09-07,0.0,38.85,26.26,90.93,37.44
2021-09-08,0.0,39.23,25.01,90.03,38.73
2021-09-09,0.77,40.39,26.16,87.47,35.91
2021-09-10,0.0,38.07,25.22,89.03,48.52
2021-09-11,1.56,38.12,25.18,93.0,43.56
2021-09-12,0.0,37.08,25.56,92.95,50.33
2021-09-13,0.0,36.96,26.11,90.25,48.22
2021-09-14,0.0,37.42,25.84,86.79,46.72
2021-09-15,25.29,36.5,26.63,93.8,48.66
2021-09-16,0.0,36.47,21.97,97.15,50.95
2021-09-17,21.15,34.27,25.58,96.09,62.37
2021-09-18,2.76,33.59,23.75,97.76,63.74
2021-09-19,8.55,30.53,22.88,97.34,70.9
2021-09-20,0.0,34.49,23.71,94.28,48.63
2021-09-21,0.0,37.59,25.31,84.45,43.52
2021-09-22,0.0,35.35,25.02,88.92,47.46
2021-09-23,1.24,36.01,23.87,93.96,49.35
2021-09-24,0.0,34.82,23.11,93.82,52.85
2021-09-25,0.0,36.31,23.74,94.54,45.87
2021-09-26,0.02,37.04,24.34,95.47,44.9
2021-09-27,0.0,39.34,25.43,92.27,38.67
2021-09-28,0.0,40.1,25.77,89.53,35.03
2021-09-29,0.0,38.02,26.01,89.97,43.86
2021-09-30,0.0,37.45,24.85,94.66,45.94
2021-10-01,0.0,38.19,24.57,91.15,43.52
2021-10-02,7.45,38.37,25.0,94.21,43.01
2021-10-03,0.0,36.41,23.09,93.78,48.81
2021-10-04,0.0,36.73,24.87,90.64,50.85
2021-10-05,0.0,34.49,24.6,92.35,48.9
2021-10-06,0.0,39.51,24.04,93.8,38.61
2021-10-07,0.0,35.92,25.63,91.8,52.88
2021-10-08,0.0,37.5,24.65,92.27,40.71
2021-10-09,0.05,39.3,25.19,83.27,37.3
2021-10-10,0.0,39.28,25.36,82.95,36.31
2021-10-11,0.0,38.93,22.15,95.22,24.08
2021-10-12,0.0,38.69,22.31,99.13,29.34
2021-10-13,0.0,38.35,21.22,100.0,33.76
2021-10-14,0.0,40.59,21.31,99.99,24.62
2021-10-15,0.0,42.13,23.35,88.79,26.9
2021-10-16,0.0,41.37,25.12,75.93,26.99
2021-10-17,0.0,40.85,24.84,83.28,26.91
2021-10-18,0.0,37.68,23.71,100.0,47.55
2021-10-19,0.0,42.89,24.64,89.16,15.34
2021-10-20,0.0,43.44,22.36,58.37,7.05
2021-10-21,0.0,40.3,23.48,68.46,10.03
2021-10-22,0.0,39.38,21.01,46.52,8.05
2021-10-23,2.52,39.72,20.19,44.67,11.59
2021-10-24,0.0,40.08,24.31,62.82,21.7
2021-10-25,0.0,37.04,24.55,85.78,31.96
2021-10-26,0.0,40.86,25.37,64.09,18.73
2021-10-27,0.0,40.05,25.08,57.48,14.0
2021-10-28,0.0,38.34,25.44,60.18,22.86
2021-10-29,0.02,39.37,25.55,72.27,19.49
2021-10-30,0.0,36.5,26.19,56.44,21.85
2021-10-31,0.0,37.99,24.66,60.26,26.67
2021-11-01,0.0,37.66,20.18,39.85,10.34
2021-11-02,0.0,37.51,17.29,42.91,9.11
2021-11-03,0.0,38.65,15.8,46.69,6.69
2021-11-04,0.0,37.03,17.18,18.72,6.19
2021-11-05,0.0,36.05,16.97,27.31,7.96
2021-11-06,0.0,35.9,17.2,33.2,13.94
2021-11-07,0.0,35.71,16.96,35.23,9.1
2021-11-08,0.01,32.65,20.22,39.01,11.55
2021-11-09,0.0,30.82,19.06,63.76,24.29
2021-11-10,0.0,34.42,18.09,70.45,18.01
2021-11-11,0.0,37.06,19.84,50.3,17.17
2021-11-12,0.0,34.93,19.9,63.04,33.74
2021-11-13,0.0,34.26,19.28,73.99,32.56
2021-11-14,0.0,36.43,18.71,78.22,23.35
2021-11-15,0.0,36.72,21.29,55.0,16.84
2021-11-16,0.0,37.33,18.86,77.29,18.72
2021-11-17,0.0,37.79,19.11,69.75,13.98
2021-11-18,0.0,34.39,17.82,69.85,31.56
2021-11-19,0.0,36.3,18.45,60.72,21.42
2021-11-20,0.0,38.94,17.81,65.89,9.86
2021-11-21,0.0,37.43,21.56,39.98,10.43
2021-11-22,0.0,37.25,19.32,42.99,9.79
2021-11-23,0.0,36.65,21.12,31.52,10.91
2021-11-24,0.0,36.82,22.73,29.3,10.27
2021-11-25,0.0,38.22,21.1,36.77,8.44
2021-11-26,0.0,34.47,18.81,69.99,22.61
2021-11-27,0.0,33.21,16.98,81.52,20.99
2021-11-28,0.0,32.56,19.51,63.19,25.74
2021-11-29,0.0,33.18,18.93,61.32,26.17
2021-11-30,0.0,37.9,19.83,52.81,10.73
2021-12-01,0.0,35.88,18.4,49.55,14.86
2021-12-02,0.0,37.25,19.74,43.67,13.21
2021-12-03,0.0,36.45,20.03,46.6,14.49
2021-12-04,0.0,38.29,20.43,46.26,10.82
2021-12-05,0.0,37.34,19.63,46.29,11.63
2021-12-06,0.0,36.63,20.21,44.11,10.35
2021-12-07,0.0,36.02,16.51,44.44,11.33
2021-12-08,0.0,36.95,16.84,44.78,11.38
2021-12-09,0.0,36.57,19.02,39.14,13.04
2021-12-10,0.0,34.79,17.61,43.2,12.9
2021-12-11,0.0,37.56,17.17,45.49,13.05
2021-12-12,0.0,37.06,16.81,48.99,13.16
2021-12-13,0.0,36.57,19.6,45.14,12.02
2021-12-14,0.0,37.99,19.48,48.35,11.3
2021-12-15,0.0,36.17,21.66,37.51,14.67
2021-12-16,0.0,33.66,19.12,71.83,20.8
2021-12-17,0.0,29.79,17.85,74.43,40.74
2021-12-18,0.0,34.86,19.98,69.75,30.24
2021-12-19,0.0,27.83,19.67,78.77,50.7
2021-12-20,0.0,26.53,21.52,68.46,63.77
2021-12-21,0.0,28.48,19.76,70.81,61.88
2021-12-22,0.0,30.17,20.92,69.02,44.04
2021-12-23,0.0,34.42,20.13,75.88,32.26
2021-12-24,0.0,36.31,20.67,48.99,17.78
2021-12-25,0.0,35.75,23.3,59.13,17.47
2021-12-26,0.0,37.07,20.57,59.29,5.26
2021-12-27,0.0,35.79,19.25,58.23,23.07
2021-12-28,0.0,36.78,16.74,59.15,25.2
2021-12-29,0.0,35.78,16.14,65.73,19.59
2021-12-30,0.0,34.18,16.75,46.96,18.55
2021-12-31,0.0,37.08,16.54,55.17,15.73
2022-01-01,0.0,36.69,18.09,49.1,14.62
2022-01-02,0.0,36.29,18.14,50.43,15.23
2022-01-03,0.0,34.93,15.44,56.83,14.89
2022-01-04,0.0,35.46,14.91,53.65,17.11
2022-01-05,0.0,34.29,15.66,44.88,15.68
2022-01-06,0.0,33.47,15.71,51.68,16.41
2022-01-07,0.0,34.15,15.62,54.22,17.24
2022-01-08,0.0,34.01,16.78,49.6,16.17
2022-01-09,0.0,30.32,19.99,56.8,20.88
2022-01-10,0.0,29.58,19.55,54.93,28.78
2022-01-11,0.0,34.42,18.62,49.62,19.55
2022-01-12,0.0,37.52,18.95,53.47,17.43
2022-01-13,0.0,38.3,20.31,57.36,13.22
2022-01-14,0.0,34.18,17.85,82.3,32.71
2022-01-15,0.0,37.56,18.79,82.81,15.05
2022-01-16,0.0,36.59,21.95,53.48,6.66
2022-01-17,0.0,37.06,18.19,72.79,10.57
2022-01-18,0.0,36.8,19.07,31.25,15.63
2022-01-19,0.0,37.62,18.31,55.69,14.01
2022-01-20,0.0,37.78,18.88,47.55,12.84
2022-01-21,0.0,38.91,18.3,47.2,12.56
2022-01-22,0.0,36.83,22.12,43.45,13.88
2022-01-23,0.0,36.56,19.56,40.17,11.65
2022-01-24,0.0,36.33,20.77,37.06,13.77
2022-01-25,0.0,36.97,22.31,31.91,12.06
2022-01-26,0.0,36.95,19.73,42.81,12.87
2022-01-27,0.0,34.1,18.25,73.56,24.23
2022-01-28,0.0,33.1,16.67,82.06,19.94
2022-01-29,0.0,34.35,16.62,82.47,24.02
2022-01-30,0.0,36.29,19.48,51.99,16.71
2022-01-31,0.0,38.93,22.21,39.92,9.76
2022-02-01,0.0,39.76,21.43,37.33,11.0
2022-02-02,0.0,37.83,22.47,37.88,8.97
2022-02-03,0.0,36.7,18.89,48.56,13.22
2022-02-04,0.0,36.53,17.13,43.71,9.96
2022-02-05,0.0,38.54,17.26,46.66,9.44
2022-02-06,0.0,37.79,17.58,42.74,8.51
2022-02-07,0.0,39.69,17.38,46.37,8.23
2022-02-08,0.0,39.5,18.14,42.2,10.55
2022-02-09,0.0,38.46,18.01,47.51,11.1
2022-02-10,0.0,36.8,19.3,36.86,12.81
2022-02-11,0.0,35.07,20.16,37.59,16.8
2022-02-12,0.0,34.53,17.96,44.07,14.76
2022-02-13,0.0,33.93,17.17,54.05,19.09
2022-02-14,0.0,34.39,16.55,49.95,18.04
2022-02-15,0.0,33.61,18.73,40.92,15.71
2022-02-16,0.0,33.87,18.32,40.46,15.36
2022-02-17,0.0,33.45,17.99,48.17,18.75
2022-02-18,0.0,34.01,20.17,41.09,15.29
2022-02-19,0.0,36.23,18.98,43.14,11.27
2022-02-20,0.0,37.61,19.22,40.38,11.47
2022-02-21,0.0,36.59,20.49,41.22,13.67
2022-02-22,0.0,39.4,21.3,49.52,14.12
2022-02-23,0.0,37.91,18.92,77.07,18.46
2022-02-24,0.0,35.81,17.08,89.96,27.48
2022-02-25,0.0,34.24,16.53,96.94,32.9
2022-02-26,0.0,31.85,17.69,94.43,34.05
2022-02-27,0.0,31.43,16.01,91.74,26.17
2022-02-28,0.0,31.16,14.85,87.33,29.31
2022-03-01,0.0,31.78,15.19,92.66,23.81
2022-03-02,0.0,36.1,16.36,79.47,18.07
2022-03-03,0.0,36.3,20.25,50.05,11.39
2022-03-04,0.0,33.92,17.47,48.48,11.72
2022-03-05,0.0,34.04,14.79,47.85,13.87
2022-03-06,0.0,36.83,16.84,46.11,13.3
2022-03-07,0.0,35.09,16.27,55.95,13.16
2022-03-08,0.0,39.04,16.84,57.13,10.51
2022-03-09,0.0,36.49,16.92,52.07,16.68
2022-03-10,0.0,38.76,17.36,52.93,10.63
2022-03-11,0.0,38.82,18.8,39.23,10.45
2022-03-12,0.0,38.94,21.99,35.82,10.39
2022-03-13,0.0,39.82,19.83,37.48,11.19
2022-03-14,0.0,39.08,19.15,57.52,13.22
2022-03-15,0.0,32.82,17.14,83.19,26.46
2022-03-16,0.0,34.56,16.69,66.68,20.84
2022-03-17,0.0,35.3,17.24,58.78,21.87
2022-03-18,0.0,36.72,17.18,60.14,15.85
2022-03-19,0.0,38.06,17.4,59.02,10.58
2022-03-20,0.0,37.15,17.34,73.98,17.71
2022-03-21,0.0,37.6,17.06,80.51,17.85
2022-03-22,0.0,40.38,18.68,66.37,13.02
2022-03-23,0.0,39.36,19.34,66.73,15.12
2022-03-24,0.0,37.15,18.74,62.32,17.68
2022-03-25,0.0,36.43,16.41,83.11,18.85
2022-03-26,0.0,38.24,15.89,79.52,16.52
2022-03-27,0.0,34.05,15.11,94.75,27.03
2022-03-28,0.0,36.38,18.28,73.62,24.46
2022-03-29,0.0,37.95,19.59,80.47,21.01
2022-03-30,0.0,39.23,20.25,76.81,17.57
2022-03-31,0.0,38.91,21.67,60.99,18.4
2022-04-01,0.0,41.58,21.72,41.48,12.52
2022-04-02,0.0,37.55,19.76,66.33,21.55
2022-04-03,0.0,41.03,22.25,67.85,16.65
2022-04-04,0.0,32.6,16.54,88.1,36.31
2022-04-05,0.0,33.33,16.08,89.3,32.65
2022-04-06,0.0,39.77,17.42,89.16,15.5
2022-04-07,0.0,41.99,23.39,37.15,11.13
2022-04-08,0.0,42.43,24.99,36.88,10.99
2022-04-09,0.0,42.11,24.04,38.35,13.23
2022-04-10,0.0,38.42,20.56,67.67,19.61
2022-04-11,0.0,36.65,16.99,95.74,23.27
2022-04-12,0.0,37.19,17.87,91.6,24.9
2022-04-13,0.0,37.96,18.2,92.44,23.06
2022-04-14,0.0,38.9,17.87,87.54,17.02
2022-04-15,0.0,37.67,18.46,85.43,20.58
2022-04-16,0.0,35.53,16.64,94.58,27.3
2022-04-17,0.0,36.17,16.8,91.77,24.7
2022-04-18,0.0,38.29,18.48,82.3,21.9
2022-04-19,0.0,38.53,20.22,73.53,24.3
2022-04-20,0.0,39.85,20.92,77.9,20.68
2022-04-21,0.0,40.84,22.26,59.03,14.91
2022-04-22,0.0,40.6,22.65,49.84,11.3
2022-04-23,0.0,41.87,23.3,42.0,11.84
2022-04-24,0.0,42.15,24.09,39.54,11.55
2022-04-25,0.0,41.65,22.75,54.01,14.06
2022-04-26,0.0,35.87,18.16,88.11,31.07
2022-04-27,0.0,39.37,18.57,82.41,16.18
2022-04-28,0.0,40.75,20.52,61.19,17.02
2022-04-29,0.0,40.6,20.77,60.51,15.26
2022-04-30,0.0,42.27,20.15,65.54,10.13
2022-05-01,0.0,41.92,20.88,64.18,15.53
2022-05-02,0.0,40.07,20.06,69.09,19.74
2022-05-03,0.0,36.32,18.92,80.94,30.18
2022-05-04,0.0,35.52,18.73,89.73,26.51
2022-05-05,0.0,40.98,20.35,73.99,17.55
2022-05-06,0.0,43.37,23.05,57.16,9.3
2022-05-07,0.0,42.46,24.37,53.65,14.57
2022-05-08,0.0,39.18,21.73,65.5,25.5
2022-05-09,0.0,35.39,20.45,85.64,38.31
2022-05-10,0.0,40.59,21.41,83.57,25.14
2022-05-11,0.0,45.02,21.49,87.35,15.93
2022-05-12,0.0,47.32,25.38,48.54,10.26
2022-05-13,0.0,42.45,23.29,72.78,21.99
2022-05-14,0.0,45.19,22.57,81.33,15.62
2022-05-15,0.0,47.5,27.13,43.63,7.87
2022-05-16,0.0,47.72,26.87,45.26,7.81
2022-05-17,0.0,46.92,27.04,52.62,9.11
2022-05-18,0.0,46.42,27.03,39.3,6.07
2022-05-19,0.0,42.52,22.32,55.9,14.48
2022-05-20,0.0,37.99,20.25,80.95,27.44
2022-05-21,0.0,35.59,18.36,98.41,39.2
2022-05-22,0.0,35.75,20.51,91.09,35.38
2022-05-23,0.0,37.52,21.46,84.58,31.41
2022-05-24,0.0,36.02,19.46,90.26,32.81
2022-05-25,0.0,35.66,18.98,97.9,35.04
2022-05-26,0.0,38.11,20.77,91.42,29.11
2022-05-27,0.02,35.33,23.15,87.94,39.59
2022-05-28,0.0,36.68,22.72,88.67,39.21
2022-05-29,0.0,40.63,23.35,79.89,22.57
2022-05-30,0.0,42.23,23.32,67.97,17.96
2022-05-31,0.0,43.35,25.1,59.04,17.41
2022-06-01,0.0,45.54,25.33,68.45,11.67
2022-06-02,0.0,43.33,24.91,71.63,15.6
2022-06-03,0.0,42.14,29.07,39.72,17.71
2022-06-04,0.0,42.75,28.07,57.01,18.07
2022-06-05,0.0,42.79,26.84,51.19,21.14
2022-06-06,0.0,40.29,24.24,68.93,27.65
2022-06-07,0.0,36.97,22.59,85.17,36.27
2022-06-08,0.41,39.51,22.57,88.6,29.46
2022-06-09,0.0,36.1,22.69,90.58,43.07
2022-06-10,0.0,36.6,21.6,85.64,36.52
2022-06-11,0.0,38.37,21.74,88.36,34.75
2022-06-12,0.0,37.29,21.74,88.86,39.06
2022-06-13,0.0,37.05,22.29,87.5,37.51
2022-06-14,0.11,40.15,24.47,75.78,29.05
2022-06-15,0.05,34.3,21.88,90.77,49.34
2022-06-16,0.0,37.38,23.3,83.4,31.87
2022-06-17,0.0,40.67,24.39,76.05,24.85
2022-06-18,9.32,38.8,25.83,90.7,38.88
2022-06-19,0.12,33.85,24.35,93.99,57.07
2022-06-20,0.14,32.32,24.57,92.7,61.45
2022-06-21,0.38,35.79,24.83,92.39,49.89
2022-06-22,0.01,38.48,25.03,87.48,33.68
2022-06-23,0.0,39.45,24.53,83.49,24.33
2022-06-24,0.0,43.99,25.92,84.22,8.03
2022-06-25,0.0,43.51,26.4,75.11,10.26
2022-06-26,0.0,43.74,25.9,70.87,9.26
2022-06-27,0.0,43.37,25.47,73.56,15.13
2022-06-28,0.0,40.99,23.35,79.48,15.26
2022-06-29,0.0,41.75,24.57,85.18,20.05
2022-06-30,0.0,40.0,25.84,82.0,29.75
2022-07-01,0.0,41.7,23.72,87.83,19.64
2022-07-02,0.0,41.59,23.37,89.27,19.11
2022-07-03,0.92,39.73,23.64,82.96,29.93
2022-07-04,0.0,40.18,24.59,80.93,29.58
2022-07-05,0.0,39.9,24.92,80.31,32.9
2022-07-06,0.0,38.11,25.01,89.32,36.77
2022-07-07,0.0,37.19,23.77,87.24,37.6
2022-07-08,3.26,38.2,24.15,87.11,39.92
2022-07-09,0.0,37.45,24.7,85.36,42.31
2022-07-10,0.0,36.37,24.15,86.83,40.29
2022-07-11,0.0,36.5,23.7,91.13,41.29
2022-07-12,0.0,38.06,24.5,79.58,36.2
2022-07-13,0.0,36.25,23.03,90.05,37.86
2022-07-14,0.0,38.57,24.2,78.16,35.19
2022-07-15,0.0,39.1,24.97,74.29,34.56
2022-07-16,0.0,38.07,25.42,77.74,34.0
2022-07-17,0.0,35.43,23.54,86.14,42.44
2022-07-18,0.09,39.2,23.1,92.25,33.05
2022-07-19,8.05,38.44,26.96,85.99,43.35
2022-07-20,0.27,40.08,24.23,85.37,24.01
2022-07-21,0.16,38.38,24.59,89.92,35.19
2022-07-22,7.59,34.59,24.29,95.98,61.21
2022-07-23,0.06,33.55,24.14,95.21,63.55
2022-07-24,23.41,30.01,21.95,97.86,80.84
2022-07-25,0.0,33.91,23.32,96.47,57.95
2022-07-26,0.0,35.7,25.78,92.65,51.62
2022-07-27,0.09,35.15,25.71,91.34,53.01
2022-07-28,0.0,35.62,25.5,87.19,47.49
2022-07-29,0.01,35.68,24.97,88.03,44.56
2022-07-30,0.0,34.5,26.15,93.7,49.75
2022-07-31,3.45,31.13,24.17,95.53,70.27
2022-08-01,0.77,35.2,23.8,94.43,51.09
2022-08-02,0.0,36.06,25.45,90.14,50.75
2022-08-03,0.44,34.94,24.63,92.3,50.2
2022-08-04,0.15,36.83,24.24,93.48,44.7
2022-08-05,0.92,38.02,25.04,89.88,42.44
2022-08-06,12.17,36.13,25.5,91.73,56.87
2022-08-07,0.0,35.28,24.69,93.27,54.67
2022-08-08,0.0,36.25,24.18,88.02,51.27
2022-08-09,0.0,36.83,25.32,90.02,46.85
2022-08-10,0.0,36.47,26.14,90.21,44.71
2022-08-11,0.01,38.08,24.98,89.77,42.3
2022-08-12,6.6,38.76,26.1,88.53,39.26
2022-08-13,1.82,36.39,25.44,94.39,47.9
2022-08-14,0.1,35.87,24.89,92.24,54.66
2022-08-15,0.54,35.66,25.03,92.72,55.78
2022-08-16,0.0,37.03,24.88,93.06,46.72
2022-08-17,2.15,37.39,24.77,89.85,43.75
2022-08-18,7.92,33.06,24.31,95.75,66.29
2022-08-19,35.12,32.21,24.2,96.5,67.3
2022-08-20,4.06,33.37,23.68,94.53,64.13
2022-08-21,0.42,33.04,24.48,94.64,63.05
2022-08-22,0.43,34.34,25.17,90.5,57.08
2022-08-23,0.0,34.31,24.83,91.82,56.31
2022-08-24,0.02,32.91,24.64,88.62,61.59
2022-08-25,20.07,34.42,24.84,92.81,60.55
2022-08-26,0.84,33.25,24.22,93.27,61.58
2022-08-27,0.05,33.56,24.47,94.75,61.44
2022-08-28,0.31,35.69,24.68,91.22,56.96
2022-08-29,5.2,34.93,26.05,92.13,62.21
2022-08-30,4.34,31.82,24.94,95.46,69.43
2022-08-31,0.79,31.42,24.21,96.58,69.81
2022-09-01,18.33,32.04,23.18,96.45,67.06
2022-09-02,1.17,32.0,22.21,96.92,67.18
2022-09-03,2.42,32.51,25.03,95.83,69.29
2022-09-04,1.06,34.16,24.71,96.22,59.22
2022-09-05,0.0,33.93,25.19,94.61,62.76
2022-09-06,0.0,34.56,25.46,92.35,63.42
2022-09-07,0.0,34.21,24.55,92.06,58.56
2022-09-08,0.55,34.32,24.54,91.72,62.12
2022-09-09,9.44,32.88,23.05,97.32,68.28
2022-09-10,0.0,33.67,23.72,95.55,59.88
2022-09-11,0.0,33.77,23.89,94.0,61.23
2022-09-12,0.0,34.73,25.5,96.96,58.0
2022-09-13,11.29,35.39,25.53,94.06,56.18
2022-09-14,0.49,33.63,22.22,97.41,61.62
2022-09-15,0.0,36.78,25.21,95.75,47.65
2022-09-16,0.0,36.5,26.17,90.07,49.4
2022-09-17,0.05,35.95,25.17,86.1,43.96
2022-09-18,0.0,34.78,23.32,94.62,49.44
2022-09-19,0.0,36.63,24.54,94.9,44.7
2022-09-20,0.02,37.54,26.04,91.74,44.77
2022-09-21,0.38,38.86,25.78,92.27,43.76
2022-09-22,7.79,32.83,24.37,98.25,72.6
2022-09-23,1.27,31.48,23.91,98.52,69.53
2022-09-24,0.47,34.13,24.07,96.5,60.47
2022-09-25,0.55,33.22,23.32,94.97,65.74
2022-09-26,2.26,34.19,24.36,96.3,81.59
2022-09-27,0.0,34.77,24.45,95.09,58.63
2022-09-28,0.0,35.55,26.11,93.8,58.88
2022-09-29,0.0,35.4,26.49,94.08,60.18
2022-09-30,0.0,35.53,26.05,93.34,54.88
2022-10-01,0.0,33.56,23.67,93.34,53.96
2022-10-02,0.0,34.88,23.18,90.08,51.81
2022-10-03,0.0,35.21,24.11,91.21,49.29
2022-10-04,0.0,36.95,25.34,89.28,52.33
2022-10-05,0.0,38.71,26.49,88.75,40.4
2022-10-06,0.0,36.94,25.51,91.47,54.11
2022-10-07,2.83,36.72,26.19,92.89,54.44
2022-10-08,0.46,35.06,23.36,90.53,54.6
2022-10-09,0.63,32.45,22.33,95.11,56.42
2022-10-10,0.12,34.92,23.63,95.49,51.45
2022-10-11,0.0,38.4,24.44,93.28,39.65
2022-10-12,0.0,39.28,26.49,90.37,39.82
2022-10-13,10.23,38.12,26.67,91.73,45.24
2022-10-14,0.0,36.83,22.5,89.97,36.74
2022-10-15,0.0,37.36,24.1,95.01,41.23
2022-10-16,0.0,39.0,23.37,91.6,29.83
2022-10-17,0.0,39.02,25.99,89.5,37.8
2022-10-18,0.2,39.6,26.32,88.52,36.28
2022-10-19,0.0,40.77,25.51,91.42,29.46
2022-10-20,0.0,39.55,25.16,95.51,35.81
2022-10-21,0.37,39.51,24.75,95.67,35.04
2022-10-22,0.69,39.94,25.1,87.99,31.83
2022-10-23,0.09,40.27,25.09,94.15,29.74
2022-10-24,0.0,36.91,24.12,88.48,39.59
2022-10-25,0.0,37.56,24.62,88.81,38.11
2022-10-26,0.0,41.64,24.34,96.01,17.56
2022-10-27,0.0,44.38,23.2,48.47,15.49
2022-10-28,0.0,43.07,23.04,64.83,16.01
2022-10-29,0.0,39.6,24.07,76.36,26.94
2022-10-30,0.0,40.45,22.87,88.25,12.61
2022-10-31,0.0,40.8,21.75,75.44,17.07
2022-11-01,0.0,40.73,20.8,65.93,13.41
2022-11-02,0.0,41.01,20.76,55.45,8.75
2022-11-03,0.0,40.43,20.03,53.54,9.49
2022-11-04,0.0,40.36,19.52,55.82,11.4
2022-11-05,0.0,40.02,19.53,52.61,7.88
2022-11-06,0.0,39.23,18.97,52.16,9.96
2022-11-07,0.0,39.5,20.09,64.75,13.27
2022-11-08,0.0,37.08,19.77,83.54,23.04
2022-11-09,0.0,40.09,21.69,83.25,15.54
2022-11-10,0.0,40.64,20.45,75.42,12.9
2022-11-11,0.0,39.05,18.77,78.18,13.03
2022-11-12,0.0,38.5,19.34,57.49,10.89
2022-11-13,0.0,38.6,18.82,61.55,12.65
2022-11-14,0.0,38.1,20.23,66.2,17.29
2022-11-15,0.0,36.69,20.18,86.02,26.37
2022-11-16,0.0,36.65,21.92,88.56,27.8
2022-11-17,0.0,38.85,20.87,87.73,7.36
2022-11-18,0.0,38.82,21.39,52.33,10.51
2022-11-19,0.0,37.44,20.19,61.09,17.3
2022-11-20,0.0,35.66,16.63,81.77,20.25
2022-11-21,0.0,38.34,17.25,70.48,16.6
2022-11-22,0.0,36.87,18.69,54.12,15.7
2022-11-23,0.0,35.74,17.24,54.62,16.79
2022-11-24,0.0,34.3,18.38,51.46,24.3
2022-11-25,0.0,35.64,20.25,51.8,21.4
2022-11-26,0.0,37.65,20.99,52.99,13.24
2022-11-27,0.0,37.44,19.06,56.24,14.54
2022-11-28,0.0,36.57,16.38,58.9,16.68
2022-11-29,0.0,36.77,17.19,59.67,17.78
2022-11-30,0.0,36.42,17.71,57.81,18.06
2022-12-01,0.0,36.3,18.58,57.25,17.53
2022-12-02,0.0,35.37,17.2,89.71,17.92
2022-12-03,0.0,34.33,15.89,88.5,18.82
2022-12-04,0.0,33.41,16.06,91.77,30.25
2022-12-05,0.0,35.05,17.93,84.16,30.28
2022-12-06,0.0,37.8,19.72,80.8,27.28
2022-12-07,0.0,38.21,21.41,79.6,25.63
2022-12-08,0.0,39.16,21.69,82.84,24.68
2022-12-09,0.0,41.28,21.34,73.62,17.28
2022-12-10,0.0,41.13,21.6,58.05,15.39
2022-12-11,0.0,40.52,20.92,64.07,15.63
2022-12-12,0.0,38.4,19.36,57.22,10.74
2022-12-13,0.0,38.95,17.52,54.44,8.32
2022-12-14,0.0,38.96,18.05,54.32,11.26
2022-12-15,0.0,38.53,17.7,55.4,12.33
2022-12-16,0.0,37.85,17.89,70.03,13.1
2022-12-17,0.0,37.56,16.97,65.67,14.93
2022-12-18,0.0,37.35,17.51,56.37,14.21
2022-12-19,0.0,37.57,17.58,50.72,12.46
2022-12-20,0.0,35.68,17.86,43.73,16.58
2022-12-21,0.0,34.71,15.92,53.63,16.64
2022-12-22,0.0,34.73,15.07,53.74,16.26
2022-12-23,0.0,32.31,16.05,47.4,20.62
2022-12-24,0.0,33.68,14.67,54.28,19.46
2022-12-25,0.0,33.79,14.39,57.31,17.55
2022-12-26,0.0,34.49,14.74,53.87,13.87
2022-12-27,0.0,30.5,14.55,87.89,39.21
2022-12-28,0.0,30.87,15.52,91.32,35.89
2022-12-29,0.0,30.86,17.81,92.07,38.0
2022-12-30,0.0,30.78,18.45,69.94,38.33
2022-12-31,0.0,33.52,15.94,95.62,24.07
2023-01-01,0.0,35.33,16.46,70.39,20.16
2023-01-02,0.0,35.24,16.55,63.06,15.26
2023-01-03,0.0,35.54,16.51,55.06,17.41
2023-01-04,0.0,34.18,18.33,50.24,18.95
2023-01-05,0.0,33.48,17.61,51.68,17.35
2023-01-06,0.0,32.9,15.53,54.89,17.54
2023-01-07,0.0,28.91,17.83,53.54,23.85
2023-01-08,0.0,27.64,19.44,60.55,44.74
2023-01-09,0.0,26.31,18.73,73.03,40.95
2023-01-10,0.0,31.62,19.63,55.49,19.95
2023-01-11,0.0,34.62,17.56,51.72,16.94
2023-01-12,0.0,33.88,16.34,50.12,13.8
2023-01-13,0.0,33.05,16.54,49.72,16.62
2023-01-14,0.0,35.77,17.89,49.1,15.55
2023-01-15,0.0,36.34,18.16,48.53,13.89
2023-01-16,0.0,36.14,17.12,51.6,15.11
2023-01-17,0.0,36.94,19.68,50.03,16.82
2023-01-18,0.0,35.3,20.09,46.03,16.11
2023-01-19,0.0,35.12,17.59,57.63,18.98
2023-01-20,0.0,32.56,15.73,72.12,28.41
2023-01-21,0.0,31.52,14.03,94.21,25.79
2023-01-22,0.0,33.23,13.35,95.5,26.13
2023-01-23,0.0,34.65,14.76,71.72,23.26
2023-01-24,0.0,36.3,15.57,70.97,23.37
2023-01-25,0.0,33.07,16.85,98.64,39.93
2023-01-26,0.0,39.18,19.5,90.08,12.91
2023-01-27,0.0,37.27,19.82,49.85,17.81
2023-01-28,0.0,33.63,17.85,53.71,19.46
2023-01-29,0.0,30.64,11.64,55.81,21.52
2023-01-30,0.0,32.25,12.84,75.45,22.49
2023-01-31,0.0,34.19,12.98,68.96,17.32
2023-02-01,0.0,,,,
2023-02-02,0.0,,,,
2023-02-03,0.0,,,,
2023-02-04,0.0,,,,
2023-02-05,0.0,,,,
2023-02-06,0.0,,,,
2023-02-07,0.0,,,,
2023-02-08,0.0,,,,
2023-02-09,0.0,,,,
2023-02-10,0.0,,,,
2023-02-11,0.0,,,,
2023-02-12,0.0,,,,
2023-02-13,0.0,,,,
2023-02-14,0.0,,,,
2023-02-15,0.0,,,,
2023-02-16,0.0,,,,
2023-02-17,0.0,,,,
2023-02-18,0.01,,,,
2023-02-19,0.0,,,,
2023-02-20,0.0,,,,
2023-02-21,0.0,,,,
2023-02-22,0.0,,,,
2023-02-23,0.0,,,,
2023-02-24,0.0,,,,
2023-02-25,0.0,,,,
2023-02-26,0.0,,,,
2023-02-27,0.0,,,,
2023-02-28,0.0,,,,
2023-03-01,0.0,,,,
2023-03-02,0.0,,,,
2023-03-03,0.0,,,,
2023-03-04,0.0,,,,
2023-03-05,0.0,,,,
2023-03-06,0.0,,,,
2023-03-07,0.0,,,,
2023-03-08,0.0,,,,
2023-03-09,0.0,,,,
2023-03-10,0.0,,,,
2023-03-11,0.0,,,,
2023-03-12,0.0,,,,
2023-03-13,0.0,,,,
2023-03-14,0.0,,,,
2023-03-15,0.0,,,,
2023-03-16,0.0,,,,
2023-03-17,0.0,,,,
2023-03-18,0.0,,,,
2023-03-19,0.0,,,,
2023-03-20,0.0,,,,
2023-03-21,0.0,,,,
2023-03-22,0.0,,,,
2023-03-23,0.0,,,,
2023-03-24,0.0,,,,
2023-03-25,0.0,,,,
2023-03-26,0.0,,,,
2023-03-27,0.0,,,,
2023-03-28,0.0,,,,
2023-03-29,0.0,,,,
2023-03-30,0.0,,,,
2023-03-31,0.0,,,,
2023-04-01,0.0,,,,
2023-04-02,0.0,,,,
2023-04-03,0.0,,,,
2023-04-04,0.0,,,,
2023-04-05,0.0,,,,
2023-04-06,0.0,,,,
2023-04-07,0.0,,,,
2023-04-08,0.0,,,,
2023-04-09,0.0,,,,
2023-04-10,0.0,,,,
2023-04-11,0.07,,,,
2023-04-12,0.0,,,,
2023-04-13,0.0,,,,
2023-04-14,0.0,,,,
2023-04-15,0.0,,,,
2023-04-16,0.0,,,,
2023-04-17,0.0,,,,
2023-04-18,0.0,,,,
2023-04-19,0.0,,,,
2023-04-20,0.0,,,,
2023-04-21,0.0,,,,
2023-04-22,0.0,,,,
2023-04-23,0.0,,,,
2023-04-24,0.0,,,,
2023-04-25,0.0,,,,
2023-04-26,0.0,,,,
2023-04-27,0.0,,,,
2023-04-28,0.0,,,,
2023-04-29,0.0,,,,
2023-04-30,0.0,,,,
2023-05-03,0.0,,,,
2023-05-04,0.0,,,,
2023-05-05,0.0,,,,
2023-05-06,0.11,,,,
2023-05-07,0.0,,,,
2023-05-08,0.0,,,,
2023-05-09,0.0,,,,
2023-05-10,0.0,,,,
2023-05-11,0.0,,,,
2023-05-12,0.0,,,,
2023-05-13,0.0,,,,
2023-05-14,0.0,,,,
2023-05-15,0.0,,,,
2023-05-16,0.0,,,,
2023-05-17,0.0,,,,
2023-05-18,0.0,,,,
2023-05-19,0.0,,,,
2023-05-20,0.0,,,,
2023-05-21,0.0,,,,
2023-05-22,0.0,,,,
2023-05-23,0.02,,,,
2023-05-24,0.0,,,,
2023-05-25,0.0,,,,
2023-05-26,0.0,,,,
2023-05-27,0.0,,,,
2023-05-28,0.0,,,,
2023-05-29,0.0,,,,
2023-05-30,0.0,,,,
2023-05-31,0.0,,,,
2023-06-01,0.61,,,,
2023-06-02,0.0,,,,
2023-06-03,0.0,,,,
2023-06-04,0.0,,,,
2023-06-05,0.0,,,,
2023-06-06,0.0,,,,
2023-06-07,0.0,,,,
2023-06-08,0.0,,,,
2023-06-09,0.0,,,,
2023-06-10,0.0,,,,
2023-06-11,0.0,,,,
2023-06-12,0.0,,,,
2023-06-13,0.0,,,,
2023-06-14,0.0,,,,
2023-06-15,0.0,,,,
2023-06-16,0.0,,,,
2023-06-17,0.0,,,,
2023-06-18,0.04,,,,
2023-06-19,0.0,,,,
2023-06-20,0.0,,,,
2023-06-21,0.0,,,,
2023-06-22,0.0,,,,
2023-06-23,0.0,,,,
2023-06-24,0.0,,,,
2023-06-25,0.0,,,,
2023-06-26,0.0,,,,
2023-06-27,0.0,,,,
2023-06-28,0.0,,,,
2023-06-29,0.37,,,,
2023-06-30,0.0,,,,
2023-07-01,1.83,,,,
2023-07-02,0.33,,,,
2023-07-03,3.25,,,,
2023-07-04,0.0,,,,
2023-07-05,0.0,,,,
2023-07-06,0.0,,,,
2023-07-07,19.78,,,,
2023-07-08,0.0,,,,
2023-07-09,0.0,,,,
2023-07-10,3.23,,,,
2023-07-11,0.0,,,,
2023-07-12,0.0,,,,
2023-07-13,0.0,,,,
2023-07-14,0.0,,,,
2023-07-15,0.0,,,,
2023-07-16,0.03,,,,
2023-07-17,0.07,,,,
2023-07-18,0.33,,,,
2023-07-19,4.87,,,,
2023-07-20,25.08,,,,
2023-07-21,0.0,,,,
2023-07-22,0.0,,,,
2023-07-23,0.07,,,,
2023-07-24,19.85,,,,
2023-07-25,0.43,,,,
2023-07-26,8.73,,,,
2023-07-27,0.0,,,,
2023-07-28,0.0,,,,
2023-07-29,0.0,,,,
2023-07-30,11.67,,,,
2023-07-31,1.79,,,,
2023-08-01,0.0,,,,
2023-08-02,0.0,,,,
2023-08-03,0.0,,,,
2023-08-04,0.0,,,,
2023-08-05,0.15,,,,
2023-08-06,0.0,,,,
2023-08-07,0.01,,,,
2023-08-08,0.0,,,,
2023-08-09,0.0,,,,
2023-08-10,0.0,,,,
2023-08-11,0.09,,,,
2023-08-12,21.63,,,,
2023-08-13,0.67,,,,
2023-08-14,0.03,,,,
2023-08-15,34.53,,,,
2023-08-16,24.04,,,,
2023-08-17,1.42,,,,
2023-08-18,0.4,,,,
2023-08-19,7.0,,,,
2023-08-20,1.01,,,,
2023-08-21,0.81,,,,
2023-08-22,0.0,,,,
2023-08-23,0.08,,,,
2023-08-24,1.02,,,,
2023-08-25,0.02,,,,
2023-08-26,0.0,,,,
2023-08-27,0.0,,,,
2023-08-28,18.01,,,,
2023-08-29,1.39,,,,
2023-08-30,8.65,,,,
2023-08-31,3.75,,,,
2023-09-01,8.67,,,,
2023-09-02,0.0,,,,
2023-09-03,0.0,,,,
2023-09-04,4.21,,,,
2023-09-05,0.04,,,,
2023-09-06,0.0,,,,
2023-09-07,26.99,,,,
2023-09-08,0.0,,,,
2023-09-09,1.21,,,,
2023-09-10,0.01,,,,
2023-09-11,18.42,,,,
2023-09-12,1.26,,,,
2023-09-13,0.0,,,,
2023-09-14,0.0,,,,
2023-09-15,0.0,,,,
2023-09-16,0.01,,,,
2023-09-17,1.78,,,,
2023-09-18,0.13,,,,
2023-09-19,0.04,,,,
2023-09-20,0.05,,,,
2023-09-21,0.05,,,,
2023-09-22,0.0,,,,
2023-09-23,0.3,,,,
2023-09-24,2.92,,,,
2023-09-25,0.12,,,,
2023-09-26,0.0,,,,
2023-09-27,0.0,,,,
2023-09-28,0.01,,,,
2023-09-29,0.03,,,,
2023-09-30,0.55,,,,
2023-10-01,0.0,,,,
2023-10-02,0.0,,,,
2023-10-03,0.0,,,,
2023-10-04,0.58,,,,
2023-10-05,12.1,,,,
2023-10-06,0.0,,,,
2023-10-07,0.16,,,,
2023-10-08,0.17,,,,
2023-10-09,0.0,,,,
2023-10-10,0.03,,,,
2023-10-11,0.0,,,,
2023-10-12,0.0,,,,
2023-10-13,10.49,,,,
2023-10-14,0.0,,,,
2023-10-15,0.0,,,,
2023-10-16,0.0,,,,
2023-10-17,0.0,,,,
2023-10-18,0.0,,,,
2023-10-19,0.0,,,,
2023-10-20,0.0,,,,
